Div,Date,HomeTeam,AwayTeam,HomeElo,AwayElo,Form3Home,Form5Home,Form3Away,Form5Away,FTHG,FTAG,FTR,HTHG,HTAG,HTR,HS,AS,HST,AST,HF,AF,HC,AC,HY,AY,HR,AR,B365H,B365D,B365A
D1,2017-01-20,Freiburg,Bayern Munich,1660.65,2007.81,7.0,8.0,9.0,15.0,1.0,2.0,A,1.0,1.0,D,11.0,13.0,3.0,5.0,8.0,7.0,1.0,11.0,2.0,2.0,0.0,0.0,13.0,6.5,1.22
D1,2017-01-21,Augsburg,Hoffenheim,1667.02,1721.74,4.0,6.0,3.0,7.0,0.0,2.0,A,0.0,0.0,D,9.0,13.0,2.0,3.0,18.0,14.0,4.0,4.0,2.0,4.0,0.0,0.0,2.8,3.3,2.6
D1,2017-01-21,Darmstadt,MGladbach,1540.76,1710.69,0.0,0.0,3.0,4.0,0.0,0.0,D,0.0,0.0,D,8.0,14.0,2.0,4.0,12.0,16.0,4.0,6.0,1.0,1.0,0.0,0.0,4.0,3.6,1.91
D1,2017-01-21,RB Leipzig,Ein Frankfurt,1693.42,1713.9,3.0,9.0,4.0,8.0,3.0,0.0,H,2.0,0.0,H,17.0,4.0,7.0,3.0,8.0,15.0,3.0,3.0,1.0,2.0,0.0,1.0,1.62,3.8,6.0
D1,2017-01-21,Schalke 04,Ingolstadt,1728.67,1586.54,1.0,4.0,6.0,7.0,1.0,0.0,H,0.0,0.0,D,15.0,14.0,5.0,3.0,11.0,16.0,7.0,3.0,1.0,0.0,0.0,0.0,1.8,3.6,4.75
D1,2017-01-21,Werder Bremen,Dortmund,1643.56,1875.31,5.0,9.0,3.0,6.0,1.0,2.0,A,0.0,1.0,A,9.0,22.0,5.0,8.0,16.0,12.0,3.0,5.0,3.0,1.0,1.0,0.0,6.0,4.33,1.53
D1,2017-01-21,Wolfsburg,Hamburg,1698.01,1616.85,6.0,7.0,6.0,10.0,1.0,0.0,H,0.0,0.0,D,11.0,11.0,3.0,1.0,15.0,23.0,5.0,3.0,2.0,1.0,0.0,1.0,1.85,3.6,4.33
D1,2017-01-22,Leverkusen,Hertha,1784.06,1707.59,4.0,5.0,3.0,9.0,3.0,1.0,H,2.0,1.0,H,16.0,7.0,9.0,3.0,14.0,15.0,7.0,3.0,0.0,2.0,0.0,0.0,1.67,3.7,5.5
D1,2017-01-22,Mainz,FC Koln,1677.31,1710.89,3.0,3.0,3.0,4.0,0.0,0.0,D,0.0,0.0,D,12.0,9.0,5.0,3.0,12.0,10.0,5.0,5.0,1.0,1.0,0.0,0.0,2.4,3.3,3.0
D1,2017-01-27,Schalke 04,Ein Frankfurt,1728.67,1713.9,4.0,4.0,3.0,5.0,0.0,1.0,A,0.0,1.0,A,12.0,8.0,2.0,1.0,18.0,17.0,3.0,2.0,2.0,1.0,0.0,0.0,1.73,3.6,5.25
D1,2017-01-28,Darmstadt,FC Koln,1540.76,1710.89,1.0,1.0,3.0,4.0,1.0,6.0,A,0.0,3.0,A,10.0,14.0,4.0,7.0,24.0,20.0,3.0,4.0,2.0,4.0,0.0,0.0,3.6,3.3,2.15
D1,2017-01-28,Ingolstadt,Hamburg,1586.54,1616.85,3.0,6.0,3.0,9.0,3.0,1.0,H,2.0,0.0,H,15.0,11.0,7.0,3.0,13.0,18.0,1.0,6.0,0.0,2.0,0.0,0.0,2.2,3.2,3.6
D1,2017-01-28,Leverkusen,MGladbach,1784.06,1710.69,4.0,8.0,1.0,4.0,2.0,3.0,A,2.0,0.0,H,13.0,12.0,4.0,7.0,12.0,8.0,9.0,5.0,0.0,0.0,0.0,0.0,1.85,3.6,4.33
D1,2017-01-28,RB Leipzig,Hoffenheim,1693.42,1721.74,6.0,9.0,5.0,9.0,2.0,1.0,H,1.0,1.0,D,14.0,5.0,5.0,2.0,17.0,16.0,7.0,4.0,3.0,3.0,0.0,1.0,1.73,3.75,4.8
D1,2017-01-28,Werder Bremen,Bayern Munich,1643.56,2007.81,2.0,8.0,9.0,15.0,1.0,2.0,A,0.0,2.0,A,11.0,13.0,4.0,4.0,17.0,16.0,2.0,7.0,4.0,1.0,0.0,0.0,15.0,6.5,1.2
D1,2017-01-28,Wolfsburg,Augsburg,1698.01,1667.02,9.0,9.0,4.0,5.0,1.0,2.0,A,1.0,1.0,D,11.0,12.0,5.0,5.0,13.0,17.0,5.0,6.0,2.0,2.0,0.0,0.0,1.95,3.5,4.0
D1,2017-01-29,Freiburg,Hertha,1660.65,1707.59,4.0,8.0,3.0,6.0,2.0,1.0,H,1.0,0.0,H,11.0,11.0,4.0,2.0,11.0,8.0,6.0,4.0,0.0,2.0,0.0,0.0,2.5,3.25,2.9
D1,2017-01-29,Mainz,Dortmund,1677.31,1875.31,4.0,4.0,5.0,9.0,1.0,1.0,D,0.0,1.0,A,9.0,13.0,1.0,4.0,13.0,13.0,2.0,4.0,2.0,1.0,0.0,0.0,5.25,4.2,1.62
D1,2017-02-03,Hamburg,Leverkusen,1601.84,1779.28,3.0,6.0,4.0,7.0,1.0,0.0,H,0.0,0.0,D,11.0,5.0,3.0,0.0,13.0,23.0,4.0,3.0,0.0,3.0,0.0,0.0,3.1,3.3,2.35
D1,2017-02-04,Bayern Munich,Schalke 04,2011.81,1721.69,9.0,15.0,3.0,4.0,1.0,1.0,D,1.0,1.0,D,12.0,7.0,4.0,3.0,14.0,15.0,8.0,3.0,1.0,1.0,0.0,0.0,1.2,7.5,13.0
D1,2017-02-04,Dortmund,RB Leipzig,1875.13,1712.63,5.0,7.0,6.0,9.0,1.0,0.0,H,1.0,0.0,H,14.0,2.0,4.0,1.0,15.0,17.0,5.0,2.0,1.0,3.0,0.0,0.0,1.67,3.8,5.25
D1,2017-02-04,FC Koln,Wolfsburg,1724.04,1691.56,5.0,7.0,6.0,9.0,1.0,0.0,H,0.0,0.0,D,12.0,12.0,2.0,2.0,14.0,21.0,6.0,6.0,4.0,3.0,0.0,0.0,2.05,3.4,3.75
D1,2017-02-04,Hertha,Ingolstadt,1693.19,1593.29,3.0,3.0,3.0,9.0,1.0,0.0,H,1.0,0.0,H,8.0,13.0,2.0,4.0,15.0,20.0,1.0,3.0,2.0,2.0,0.0,0.0,2.15,3.1,3.8
D1,2017-02-04,Hoffenheim,Mainz,1726.27,1680.44,4.0,6.0,2.0,5.0,4.0,0.0,H,1.0,0.0,H,22.0,13.0,7.0,2.0,14.0,13.0,3.0,6.0,2.0,2.0,0.0,0.0,1.8,3.8,4.33
D1,2017-02-04,MGladbach,Freiburg,1719.24,1666.06,4.0,7.0,6.0,10.0,3.0,0.0,H,0.0,0.0,D,11.0,14.0,3.0,4.0,9.0,10.0,3.0,8.0,1.0,1.0,0.0,0.0,1.73,3.8,4.75
D1,2017-02-05,Augsburg,Werder Bremen,1666.57,1637.99,4.0,7.0,1.0,5.0,3.0,2.0,H,1.0,1.0,D,15.0,19.0,7.0,4.0,13.0,12.0,2.0,4.0,3.0,2.0,0.0,0.0,2.1,3.5,3.5
D1,2017-02-05,Ein Frankfurt,Darmstadt,1712.3,1531.45,6.0,7.0,1.0,1.0,2.0,0.0,H,0.0,0.0,D,15.0,4.0,6.0,0.0,7.0,16.0,8.0,2.0,2.0,4.0,0.0,0.0,1.55,3.8,7.0
D1,2017-02-10,Mainz,Augsburg,1680.44,1666.57,2.0,5.0,6.0,10.0,2.0,0.0,H,1.0,0.0,H,8.0,10.0,4.0,6.0,10.0,15.0,6.0,2.0,1.0,3.0,0.0,0.0,2.1,3.25,3.8
D1,2017-02-11,Darmstadt,Dortmund,1531.45,1875.13,1.0,1.0,7.0,9.0,2.0,1.0,H,1.0,1.0,D,15.0,14.0,7.0,4.0,10.0,20.0,0.0,12.0,2.0,2.0,0.0,0.0,9.0,5.0,1.36
D1,2017-02-11,Ingolstadt,Bayern Munich,1593.29,2011.81,3.0,6.0,7.0,13.0,0.0,2.0,A,0.0,0.0,D,8.0,17.0,0.0,5.0,15.0,14.0,2.0,4.0,2.0,1.0,0.0,0.0,8.5,5.0,1.36
D1,2017-02-11,Leverkusen,Ein Frankfurt,1779.28,1712.3,3.0,4.0,6.0,9.0,3.0,0.0,H,1.0,0.0,H,17.0,9.0,7.0,3.0,10.0,10.0,7.0,6.0,2.0,1.0,0.0,0.0,1.91,3.5,4.2
D1,2017-02-11,RB Leipzig,Hamburg,1712.63,1601.84,6.0,9.0,3.0,6.0,0.0,3.0,A,0.0,2.0,A,15.0,11.0,0.0,5.0,10.0,17.0,3.0,6.0,2.0,2.0,0.0,0.0,1.5,4.2,7.0
D1,2017-02-11,Schalke 04,Hertha,1721.69,1693.19,4.0,5.0,3.0,6.0,2.0,0.0,H,1.0,0.0,H,14.0,5.0,3.0,2.0,20.0,17.0,2.0,2.0,1.0,2.0,0.0,0.0,1.85,3.5,4.5
D1,2017-02-11,Werder Bremen,MGladbach,1637.99,1719.24,0.0,2.0,7.0,7.0,0.0,1.0,A,0.0,1.0,A,16.0,12.0,6.0,3.0,16.0,17.0,9.0,3.0,2.0,2.0,0.0,0.0,2.88,3.5,2.4
D1,2017-02-12,Freiburg,FC Koln,1666.06,1724.04,3.0,7.0,7.0,9.0,2.0,1.0,H,1.0,1.0,D,12.0,12.0,6.0,5.0,17.0,15.0,7.0,1.0,1.0,1.0,0.0,0.0,2.7,3.1,2.8
D1,2017-02-12,Wolfsburg,Hoffenheim,1691.56,1726.27,3.0,9.0,6.0,8.0,2.0,1.0,H,0.0,1.0,A,13.0,14.0,7.0,7.0,16.0,18.0,4.0,5.0,3.0,2.0,0.0,0.0,2.5,3.4,2.8
D1,2017-02-17,Augsburg,Leverkusen,1661.22,1775.49,6.0,7.0,3.0,7.0,1.0,3.0,A,0.0,2.0,A,12.0,20.0,4.0,10.0,12.0,14.0,2.0,4.0,3.0,1.0,0.0,0.0,3.25,3.25,2.25
D1,2017-02-18,Dortmund,Wolfsburg,1856.19,1691.52,4.0,8.0,3.0,9.0,3.0,0.0,H,1.0,0.0,H,24.0,6.0,10.0,3.0,17.0,15.0,9.0,2.0,2.0,1.0,0.0,0.0,1.44,4.5,7.5
D1,2017-02-18,Ein Frankfurt,Ingolstadt,1705.35,1584.9,6.0,9.0,3.0,3.0,0.0,2.0,A,0.0,1.0,A,15.0,14.0,6.0,11.0,16.0,12.0,4.0,5.0,4.0,0.0,1.0,1.0,2.05,3.1,4.2
D1,2017-02-18,Hamburg,Freiburg,1632.25,1663.56,6.0,9.0,6.0,9.0,2.0,2.0,D,1.0,1.0,D,6.0,12.0,4.0,3.0,15.0,9.0,7.0,5.0,3.0,2.0,0.0,0.0,2.05,3.4,3.75
D1,2017-02-18,Hertha,Bayern Munich,1687.54,2004.51,3.0,6.0,7.0,13.0,1.0,1.0,D,1.0,0.0,H,11.0,16.0,2.0,7.0,19.0,10.0,3.0,4.0,2.0,3.0,0.0,0.0,10.0,4.33,1.36
D1,2017-02-18,Hoffenheim,Darmstadt,1727.37,1540.23,3.0,7.0,3.0,4.0,2.0,0.0,H,0.0,0.0,D,14.0,7.0,5.0,4.0,12.0,19.0,4.0,2.0,3.0,4.0,0.0,0.0,1.45,4.5,7.5
D1,2017-02-18,Mainz,Werder Bremen,1677.27,1623.35,4.0,5.0,0.0,1.0,0.0,2.0,A,0.0,2.0,A,13.0,8.0,5.0,4.0,14.0,10.0,7.0,6.0,3.0,4.0,0.0,0.0,1.95,3.5,4.0
D1,2017-02-19,FC Koln,Schalke 04,1719.7,1735.65,6.0,8.0,4.0,7.0,1.0,1.0,D,1.0,1.0,D,9.0,12.0,4.0,4.0,12.0,14.0,5.0,0.0,2.0,3.0,0.0,0.0,2.5,3.1,3.1
D1,2017-02-19,MGladbach,RB Leipzig,1733.41,1686.53,9.0,10.0,3.0,6.0,1.0,2.0,A,0.0,1.0,A,12.0,9.0,3.0,5.0,18.0,17.0,8.0,3.0,4.0,3.0,0.0,0.0,2.6,3.2,2.8
D1,2017-02-24,Wolfsburg,Werder Bremen,1691.52,1623.35,3.0,6.0,3.0,3.0,1.0,2.0,A,1.0,2.0,A,27.0,7.0,6.0,3.0,13.0,15.0,13.0,1.0,1.0,3.0,0.0,0.0,1.91,3.5,4.2
D1,2017-02-25,Bayern Munich,Hamburg,2004.51,1632.25,5.0,11.0,7.0,7.0,8.0,0.0,H,3.0,0.0,H,18.0,5.0,12.0,1.0,16.0,11.0,4.0,4.0,0.0,1.0,0.0,0.0,1.14,8.5,19.0
D1,2017-02-25,Darmstadt,Augsburg,1540.23,1661.22,3.0,4.0,3.0,6.0,1.0,2.0,A,0.0,0.0,D,5.0,18.0,2.0,3.0,17.0,16.0,1.0,1.0,1.0,0.0,0.0,0.0,2.8,3.25,2.6
D1,2017-02-25,Freiburg,Dortmund,1663.56,1856.19,4.0,7.0,6.0,10.0,0.0,3.0,A,0.0,1.0,A,7.0,27.0,3.0,10.0,8.0,10.0,5.0,3.0,1.0,0.0,0.0,0.0,5.75,4.2,1.57
D1,2017-02-25,Hertha,Ein Frankfurt,1687.54,1705.35,4.0,4.0,3.0,6.0,2.0,0.0,H,0.0,0.0,D,6.0,8.0,4.0,2.0,11.0,16.0,3.0,6.0,2.0,2.0,0.0,1.0,2.05,3.2,4.0
D1,2017-02-25,Leverkusen,Mainz,1775.49,1677.27,6.0,9.0,3.0,5.0,0.0,2.0,A,0.0,2.0,A,12.0,11.0,3.0,5.0,20.0,17.0,9.0,8.0,1.0,3.0,0.0,0.0,1.73,3.8,4.75
D1,2017-02-25,RB Leipzig,FC Koln,1686.53,1719.7,3.0,9.0,4.0,8.0,3.0,1.0,H,2.0,0.0,H,13.0,5.0,5.0,1.0,15.0,10.0,3.0,0.0,1.0,4.0,0.0,0.0,1.67,3.75,5.5
D1,2017-02-26,Ingolstadt,MGladbach,1584.9,1733.41,3.0,6.0,6.0,10.0,0.0,2.0,A,0.0,0.0,D,14.0,10.0,3.0,4.0,11.0,14.0,6.0,4.0,2.0,0.0,0.0,0.0,2.7,3.1,2.8
D1,2017-02-26,Schalke 04,Hoffenheim,1735.65,1727.37,5.0,8.0,6.0,9.0,1.0,1.0,D,1.0,0.0,H,7.0,14.0,2.0,4.0,20.0,13.0,6.0,3.0,0.0,2.0,0.0,0.0,2.05,3.4,3.8
D1,2017-03-03,Augsburg,RB Leipzig,1663.79,1712.89,3.0,9.0,6.0,9.0,2.0,2.0,D,1.0,1.0,D,7.0,12.0,2.0,5.0,15.0,15.0,1.0,6.0,4.0,2.0,0.0,0.0,4.2,3.5,1.91
D1,2017-03-04,Dortmund,Leverkusen,1874.71,1764.97,6.0,10.0,6.0,6.0,6.0,2.0,H,2.0,0.0,H,20.0,12.0,12.0,3.0,8.0,20.0,7.0,3.0,0.0,6.0,0.0,0.0,1.5,4.33,6.5
D1,2017-03-04,FC Koln,Bayern Munich,1713.99,2015.06,1.0,7.0,7.0,11.0,0.0,3.0,A,0.0,1.0,A,6.0,20.0,2.0,8.0,11.0,9.0,2.0,9.0,0.0,2.0,0.0,0.0,8.5,4.75,1.4
D1,2017-03-04,Hoffenheim,Ingolstadt,1738.67,1599.32,4.0,7.0,3.0,6.0,5.0,2.0,H,1.0,1.0,D,17.0,8.0,12.0,4.0,19.0,21.0,3.0,6.0,2.0,2.0,0.0,0.0,1.75,3.75,4.75
D1,2017-03-04,Mainz,Wolfsburg,1684.81,1680.94,6.0,7.0,3.0,3.0,1.0,1.0,D,1.0,1.0,D,10.0,7.0,2.0,5.0,15.0,12.0,4.0,6.0,0.0,0.0,0.0,0.0,2.25,3.4,3.2
D1,2017-03-04,MGladbach,Schalke 04,1746.96,1746.18,6.0,12.0,5.0,6.0,4.0,2.0,H,1.0,1.0,D,19.0,7.0,7.0,2.0,6.0,16.0,3.0,2.0,0.0,4.0,0.0,0.0,2.3,3.3,3.2
D1,2017-03-04,Werder Bremen,Darmstadt,1655.32,1535.14,6.0,6.0,3.0,3.0,2.0,0.0,H,0.0,0.0,D,9.0,15.0,4.0,3.0,10.0,17.0,2.0,7.0,1.0,1.0,0.0,0.0,1.67,4.0,5.0
D1,2017-03-05,Ein Frankfurt,Freiburg,1683.85,1662.04,0.0,6.0,4.0,7.0,1.0,2.0,A,1.0,1.0,D,15.0,10.0,3.0,3.0,13.0,14.0,12.0,1.0,2.0,1.0,0.0,0.0,2.1,3.5,3.5
D1,2017-03-05,Hamburg,Hertha,1634.04,1708.33,4.0,7.0,4.0,7.0,1.0,0.0,H,0.0,0.0,D,9.0,8.0,3.0,1.0,14.0,11.0,5.0,2.0,1.0,2.0,0.0,0.0,2.45,3.2,3.0
D1,2017-03-10,Leverkusen,Werder Bremen,1764.97,1655.32,3.0,6.0,9.0,9.0,1.0,1.0,D,1.0,0.0,H,12.0,11.0,7.0,3.0,12.0,12.0,4.0,3.0,0.0,2.0,1.0,0.0,1.5,4.33,6.5
D1,2017-03-11,Bayern Munich,Ein Frankfurt,2015.06,1683.85,7.0,11.0,0.0,3.0,3.0,0.0,H,2.0,0.0,H,16.0,10.0,7.0,4.0,11.0,8.0,3.0,2.0,2.0,3.0,0.0,0.0,1.13,9.0,21.0
D1,2017-03-11,Darmstadt,Mainz,1535.14,1684.81,0.0,3.0,4.0,7.0,2.0,1.0,H,2.0,1.0,H,11.0,13.0,5.0,6.0,16.0,17.0,5.0,11.0,3.0,2.0,1.0,1.0,3.5,3.25,2.2
D1,2017-03-11,Freiburg,Hoffenheim,1662.04,1738.67,4.0,7.0,7.0,10.0,1.0,1.0,D,0.0,0.0,D,6.0,23.0,4.0,7.0,12.0,11.0,6.0,6.0,2.0,2.0,0.0,0.0,3.0,3.4,2.38
D1,2017-03-11,Hertha,Dortmund,1708.33,1874.71,4.0,7.0,9.0,12.0,2.0,1.0,H,1.0,0.0,H,16.0,18.0,4.0,2.0,7.0,15.0,4.0,8.0,2.0,4.0,0.0,0.0,5.25,4.0,1.65
D1,2017-03-11,Ingolstadt,FC Koln,1599.32,1713.99,3.0,3.0,1.0,4.0,2.0,2.0,D,1.0,1.0,D,26.0,7.0,9.0,2.0,13.0,24.0,11.0,0.0,4.0,3.0,0.0,0.0,2.5,3.1,3.1
D1,2017-03-11,RB Leipzig,Wolfsburg,1712.89,1680.94,7.0,7.0,1.0,4.0,0.0,1.0,A,0.0,1.0,A,11.0,15.0,6.0,5.0,16.0,17.0,7.0,3.0,3.0,4.0,0.0,0.0,1.62,3.8,6.0
D1,2017-03-12,Hamburg,MGladbach,1634.04,1746.96,4.0,10.0,6.0,12.0,2.0,1.0,H,1.0,1.0,D,17.0,7.0,6.0,3.0,8.0,18.0,8.0,4.0,1.0,2.0,0.0,0.0,2.75,3.3,2.6
D1,2017-03-12,Schalke 04,Augsburg,1746.18,1663.79,2.0,6.0,4.0,7.0,3.0,0.0,H,3.0,0.0,H,25.0,9.0,7.0,3.0,20.0,10.0,7.0,4.0,3.0,0.0,0.0,0.0,1.75,3.5,5.25
D1,2017-03-17,Dortmund,Ingolstadt,1897.93,1602.14,6.0,9.0,1.0,4.0,1.0,0.0,H,1.0,0.0,H,10.0,14.0,2.0,2.0,12.0,23.0,4.0,2.0,1.0,3.0,0.0,0.0,1.3,5.5,10.5
D1,2017-03-18,Augsburg,Freiburg,1662.38,1680.02,4.0,4.0,4.0,8.0,1.0,1.0,D,1.0,1.0,D,15.0,7.0,3.0,3.0,16.0,21.0,3.0,1.0,2.0,2.0,0.0,0.0,2.4,3.3,3.0
D1,2017-03-18,Ein Frankfurt,Hamburg,1679.14,1659.33,0.0,0.0,6.0,10.0,0.0,0.0,D,0.0,0.0,D,7.0,5.0,1.0,0.0,19.0,24.0,4.0,7.0,1.0,1.0,0.0,0.0,2.2,3.2,3.5
D1,2017-03-18,FC Koln,Hertha,1714.92,1718.99,1.0,2.0,6.0,7.0,4.0,2.0,H,3.0,0.0,H,7.0,8.0,6.0,6.0,12.0,12.0,2.0,9.0,2.0,3.0,0.0,0.0,2.38,3.2,3.2
D1,2017-03-18,Hoffenheim,Leverkusen,1751.98,1760.19,5.0,8.0,1.0,7.0,1.0,0.0,H,0.0,0.0,D,13.0,16.0,4.0,7.0,12.0,14.0,2.0,7.0,1.0,1.0,0.0,0.0,2.15,3.6,3.3
D1,2017-03-18,Werder Bremen,RB Leipzig,1672.47,1710.14,7.0,10.0,4.0,7.0,3.0,0.0,H,1.0,0.0,H,9.0,7.0,4.0,2.0,11.0,18.0,4.0,5.0,2.0,1.0,0.0,0.0,3.5,3.6,2.05
D1,2017-03-18,Wolfsburg,Darmstadt,1700.8,1547.49,4.0,7.0,3.0,6.0,1.0,0.0,H,1.0,0.0,H,18.0,6.0,4.0,1.0,15.0,14.0,6.0,4.0,2.0,3.0,0.0,0.0,1.5,4.0,7.5
D1,2017-03-19,Mainz,Schalke 04,1680.11,1749.85,4.0,7.0,4.0,8.0,0.0,1.0,A,0.0,0.0,D,18.0,9.0,5.0,5.0,10.0,15.0,10.0,4.0,2.0,4.0,0.0,0.0,2.63,3.5,2.63
D1,2017-03-19,MGladbach,Bayern Munich,1757.27,2032.52,6.0,9.0,9.0,13.0,0.0,1.0,A,0.0,0.0,D,14.0,18.0,1.0,6.0,5.0,11.0,5.0,4.0,0.0,2.0,0.0,0.0,8.0,4.75,1.4
D1,2017-03-31,Hertha,Hoffenheim,1718.99,1751.98,3.0,7.0,7.0,11.0,1.0,3.0,A,1.0,1.0,D,5.0,28.0,3.0,8.0,18.0,13.0,0.0,8.0,2.0,1.0,1.0,0.0,2.9,3.1,2.6
D1,2017-04-01,Bayern Munich,Augsburg,2036.07,1661.43,9.0,13.0,2.0,5.0,6.0,0.0,H,2.0,0.0,H,21.0,6.0,8.0,2.0,6.0,9.0,5.0,1.0,0.0,2.0,0.0,0.0,1.1,10.0,26.0
D1,2017-04-01,Ein Frankfurt,MGladbach,1677.15,1743.45,1.0,1.0,3.0,6.0,0.0,0.0,D,0.0,0.0,D,15.0,6.0,4.0,1.0,13.0,12.0,10.0,1.0,4.0,2.0,0.0,1.0,2.5,3.3,2.9
D1,2017-04-01,Freiburg,Werder Bremen,1681.82,1685.23,5.0,6.0,7.0,13.0,2.0,5.0,A,0.0,2.0,A,13.0,11.0,4.0,7.0,9.0,14.0,5.0,5.0,2.0,1.0,0.0,0.0,2.25,3.5,3.2
D1,2017-04-01,Hamburg,FC Koln,1662.17,1724.76,7.0,8.0,4.0,5.0,2.0,1.0,H,1.0,1.0,D,14.0,7.0,4.0,1.0,19.0,13.0,5.0,1.0,2.0,3.0,0.0,0.0,2.38,3.2,3.2
D1,2017-04-01,RB Leipzig,Darmstadt,1698.23,1544.71,1.0,7.0,3.0,3.0,4.0,0.0,H,1.0,0.0,H,25.0,11.0,10.0,1.0,12.0,15.0,10.0,4.0,1.0,2.0,0.0,1.0,1.36,5.0,9.0
D1,2017-04-01,Schalke 04,Dortmund,1769.06,1899.84,6.0,8.0,6.0,12.0,1.0,1.0,D,0.0,0.0,D,9.0,7.0,3.0,2.0,13.0,17.0,9.0,4.0,1.0,2.0,0.0,0.0,3.75,3.6,2.0
D1,2017-04-02,Ingolstadt,Mainz,1601.09,1672.88,1.0,4.0,1.0,4.0,2.0,1.0,H,1.0,0.0,H,12.0,10.0,5.0,1.0,25.0,26.0,4.0,4.0,4.0,3.0,0.0,0.0,2.1,3.3,3.8
D1,2017-04-02,Leverkusen,Wolfsburg,1755.43,1704.44,1.0,4.0,7.0,7.0,3.0,3.0,D,1.0,0.0,H,8.0,18.0,5.0,9.0,18.0,14.0,2.0,10.0,1.0,2.0,0.0,0.0,1.8,3.75,4.5
D1,2017-04-04,Dortmund,Hamburg,1899.84,1662.17,4.0,10.0,7.0,10.0,3.0,0.0,H,1.0,0.0,H,17.0,16.0,10.0,6.0,6.0,12.0,6.0,4.0,1.0,3.0,0.0,0.0,1.29,5.75,10.0
D1,2017-04-04,FC Koln,Ein Frankfurt,1724.76,1677.15,4.0,4.0,2.0,2.0,1.0,0.0,H,0.0,0.0,D,5.0,11.0,1.0,2.0,11.0,20.0,0.0,5.0,0.0,2.0,0.0,0.0,2.35,3.2,3.2
D1,2017-04-04,Hoffenheim,Bayern Munich,1770.76,2036.07,7.0,11.0,9.0,15.0,1.0,0.0,H,1.0,0.0,H,14.0,21.0,4.0,6.0,17.0,12.0,7.0,9.0,0.0,1.0,0.0,0.0,6.0,4.6,1.5
D1,2017-04-04,Werder Bremen,Schalke 04,1685.23,1769.06,7.0,13.0,7.0,8.0,3.0,0.0,H,1.0,0.0,H,11.0,14.0,6.0,3.0,9.0,19.0,4.0,3.0,0.0,2.0,0.0,0.0,3.0,3.5,2.3
D1,2017-04-05,Augsburg,Ingolstadt,1661.43,1601.09,1.0,5.0,4.0,4.0,2.0,3.0,A,0.0,2.0,A,13.0,13.0,5.0,6.0,16.0,13.0,3.0,5.0,3.0,2.0,0.0,0.0,2.7,3.1,2.8
D1,2017-04-05,Darmstadt,Leverkusen,1544.71,1755.43,3.0,3.0,2.0,2.0,0.0,2.0,A,0.0,1.0,A,13.0,14.0,2.0,7.0,11.0,13.0,3.0,8.0,0.0,2.0,0.0,0.0,5.0,3.8,1.7
D1,2017-04-05,Mainz,RB Leipzig,1672.88,1698.23,0.0,4.0,3.0,7.0,2.0,3.0,A,0.0,0.0,D,18.0,15.0,3.0,7.0,16.0,20.0,8.0,3.0,6.0,4.0,1.0,0.0,3.4,3.4,2.15
D1,2017-04-05,MGladbach,Hertha,1743.45,1698.14,1.0,7.0,3.0,6.0,1.0,0.0,H,1.0,0.0,H,22.0,12.0,7.0,2.0,12.0,12.0,8.0,4.0,1.0,1.0,0.0,0.0,1.83,3.5,4.5
D1,2017-04-05,Wolfsburg,Freiburg,1704.44,1681.82,7.0,8.0,2.0,5.0,0.0,1.0,A,0.0,0.0,D,17.0,16.0,4.0,5.0,12.0,16.0,6.0,3.0,0.0,1.0,0.0,0.0,1.73,3.75,5.0
D1,2017-04-07,Ein Frankfurt,Werder Bremen,1677.15,1685.23,2.0,2.0,9.0,13.0,2.0,2.0,D,0.0,2.0,A,16.0,8.0,7.0,4.0,19.0,8.0,4.0,1.0,2.0,2.0,0.0,0.0,2.0,3.5,3.8
D1,2017-04-08,Bayern Munich,Dortmund,2036.07,1899.84,6.0,12.0,7.0,10.0,4.0,1.0,H,2.0,1.0,H,18.0,9.0,6.0,3.0,14.0,10.0,6.0,3.0,2.0,3.0,0.0,0.0,1.62,4.0,5.5
D1,2017-04-08,FC Koln,MGladbach,1724.76,1743.45,6.0,7.0,4.0,7.0,2.0,3.0,A,1.0,1.0,D,9.0,16.0,2.0,7.0,17.0,10.0,5.0,6.0,2.0,2.0,0.0,0.0,2.63,3.2,2.8
D1,2017-04-08,Freiburg,Mainz,1681.82,1672.88,4.0,8.0,0.0,1.0,1.0,0.0,H,0.0,0.0,D,7.0,9.0,3.0,3.0,12.0,14.0,1.0,6.0,0.0,3.0,0.0,0.0,2.38,3.4,3.0
D1,2017-04-08,Hamburg,Hoffenheim,1662.17,1770.76,4.0,10.0,9.0,13.0,2.0,1.0,H,1.0,1.0,D,12.0,12.0,6.0,4.0,22.0,22.0,8.0,4.0,4.0,4.0,0.0,0.0,3.5,3.5,2.1
D1,2017-04-08,RB Leipzig,Leverkusen,1698.23,1755.43,6.0,7.0,4.0,5.0,1.0,0.0,H,0.0,0.0,D,14.0,14.0,5.0,3.0,13.0,12.0,8.0,2.0,0.0,1.0,1.0,0.0,1.91,3.6,4.0
D1,2017-04-08,Schalke 04,Wolfsburg,1769.06,1704.44,4.0,7.0,4.0,8.0,4.0,1.0,H,2.0,0.0,H,12.0,18.0,7.0,1.0,17.0,10.0,5.0,1.0,1.0,2.0,0.0,0.0,2.0,3.5,3.75
D1,2017-04-09,Hertha,Augsburg,1698.14,1661.43,0.0,3.0,1.0,2.0,2.0,0.0,H,2.0,0.0,H,18.0,5.0,8.0,0.0,17.0,20.0,7.0,0.0,1.0,2.0,0.0,0.0,1.75,3.5,5.25
D1,2017-04-09,Ingolstadt,Darmstadt,1601.09,1544.71,6.0,7.0,0.0,3.0,3.0,2.0,H,1.0,2.0,A,23.0,10.0,10.0,5.0,12.0,11.0,5.0,2.0,1.0,0.0,1.0,1.0,1.5,4.0,7.5
D1,2017-04-15,Augsburg,FC Koln,1629.51,1702.51,0.0,1.0,3.0,7.0,2.0,1.0,H,2.0,0.0,H,7.0,12.0,6.0,0.0,19.0,17.0,2.0,8.0,2.0,3.0,2.0,0.0,2.8,3.2,2.55
D1,2017-04-15,Dortmund,Ein Frankfurt,1872.84,1660.22,4.0,7.0,2.0,3.0,3.0,1.0,H,2.0,1.0,H,15.0,9.0,7.0,2.0,12.0,23.0,4.0,1.0,0.0,0.0,0.0,0.0,1.44,4.33,7.0
D1,2017-04-15,Hoffenheim,MGladbach,1763.51,1747.06,6.0,10.0,7.0,7.0,5.0,3.0,H,2.0,2.0,D,16.0,10.0,9.0,4.0,6.0,20.0,5.0,1.0,2.0,4.0,0.0,0.0,2.0,3.5,3.6
D1,2017-04-15,Leverkusen,Bayern Munich,1740.3,2011.53,4.0,5.0,6.0,12.0,0.0,0.0,D,0.0,0.0,D,9.0,21.0,2.0,6.0,9.0,12.0,1.0,4.0,1.0,0.0,1.0,0.0,4.75,4.2,1.62
D1,2017-04-15,Mainz,Hertha,1639.38,1689.72,0.0,0.0,3.0,6.0,1.0,0.0,H,1.0,0.0,H,17.0,6.0,3.0,2.0,10.0,18.0,7.0,3.0,1.0,3.0,0.0,0.0,2.25,3.2,3.3
D1,2017-04-15,RB Leipzig,Freiburg,1710.05,1671.84,9.0,9.0,6.0,8.0,4.0,0.0,H,2.0,0.0,H,13.0,11.0,6.0,2.0,19.0,13.0,6.0,0.0,1.0,2.0,0.0,0.0,1.44,4.33,7.0
D1,2017-04-15,Wolfsburg,Ingolstadt,1677.07,1614.31,1.0,7.0,9.0,10.0,3.0,0.0,H,1.0,0.0,H,9.0,6.0,6.0,3.0,14.0,17.0,2.0,4.0,2.0,3.0,0.0,0.0,2.0,3.3,3.75
D1,2017-04-16,Darmstadt,Schalke 04,1516.78,1743.92,0.0,3.0,4.0,10.0,2.0,1.0,H,1.0,0.0,H,11.0,26.0,5.0,8.0,24.0,14.0,2.0,9.0,5.0,3.0,0.0,1.0,5.75,3.8,1.6
D1,2017-04-16,Werder Bremen,Hamburg,1705.16,1665.17,7.0,11.0,6.0,10.0,2.0,1.0,H,1.0,1.0,D,13.0,6.0,5.0,4.0,13.0,15.0,4.0,3.0,3.0,1.0,0.0,0.0,2.25,3.4,3.1
D1,2017-04-21,FC Koln,Hoffenheim,1702.51,1763.51,3.0,6.0,6.0,12.0,1.0,1.0,D,0.0,0.0,D,12.0,11.0,6.0,6.0,9.0,11.0,6.0,4.0,2.0,0.0,0.0,0.0,3.0,3.4,2.38
D1,2017-04-22,Bayern Munich,Mainz,2011.53,1639.38,4.0,10.0,3.0,3.0,2.0,2.0,D,1.0,2.0,A,19.0,10.0,6.0,5.0,5.0,6.0,14.0,2.0,1.0,1.0,0.0,0.0,1.18,7.0,17.0
D1,2017-04-22,Ein Frankfurt,Augsburg,1660.22,1629.51,1.0,3.0,3.0,4.0,3.0,1.0,H,0.0,1.0,A,20.0,10.0,7.0,4.0,14.0,8.0,4.0,2.0,2.0,1.0,0.0,0.0,1.75,3.6,5.0
D1,2017-04-22,Hamburg,Darmstadt,1665.17,1516.78,3.0,7.0,3.0,3.0,1.0,2.0,A,0.0,0.0,D,13.0,9.0,6.0,4.0,14.0,18.0,9.0,6.0,3.0,2.0,0.0,0.0,1.4,4.75,8.0
D1,2017-04-22,Hertha,Wolfsburg,1689.72,1677.07,3.0,3.0,3.0,7.0,1.0,0.0,H,0.0,0.0,D,14.0,10.0,5.0,2.0,10.0,18.0,5.0,2.0,3.0,5.0,0.0,0.0,2.5,3.3,2.9
D1,2017-04-22,Ingolstadt,Werder Bremen,1614.31,1705.16,6.0,9.0,7.0,13.0,2.0,4.0,A,1.0,1.0,D,15.0,9.0,5.0,5.0,16.0,11.0,9.0,2.0,3.0,2.0,0.0,0.0,2.2,3.5,3.2
D1,2017-04-22,MGladbach,Dortmund,1747.06,1872.84,6.0,7.0,6.0,10.0,2.0,3.0,A,1.0,1.0,D,7.0,12.0,3.0,6.0,8.0,13.0,2.0,4.0,2.0,3.0,0.0,0.0,3.5,3.7,2.05
D1,2017-04-23,Freiburg,Leverkusen,1671.84,1740.3,6.0,7.0,4.0,5.0,2.0,1.0,H,1.0,0.0,H,11.0,11.0,5.0,4.0,7.0,13.0,5.0,5.0,2.0,2.0,0.0,0.0,3.4,3.6,2.1
D1,2017-04-23,Schalke 04,RB Leipzig,1743.92,1710.05,3.0,7.0,9.0,12.0,1.0,1.0,D,0.0,1.0,A,11.0,9.0,1.0,1.0,18.0,21.0,5.0,5.0,3.0,2.0,0.0,0.0,3.0,3.5,2.3
D1,2017-04-28,Leverkusen,Schalke 04,1740.3,1743.92,1.0,5.0,4.0,5.0,1.0,4.0,A,0.0,3.0,A,13.0,12.0,4.0,8.0,15.0,10.0,2.0,3.0,3.0,0.0,0.0,0.0,2.1,3.5,3.5
D1,2017-04-29,Darmstadt,Freiburg,1516.78,1671.84,6.0,6.0,6.0,9.0,3.0,0.0,H,2.0,0.0,H,14.0,9.0,4.0,4.0,16.0,15.0,7.0,6.0,2.0,0.0,0.0,0.0,3.3,3.3,2.25
D1,2017-04-29,Dortmund,FC Koln,1872.84,1702.51,6.0,10.0,1.0,4.0,0.0,0.0,D,0.0,0.0,D,23.0,5.0,4.0,0.0,8.0,13.0,9.0,0.0,2.0,2.0,0.0,0.0,1.29,5.75,10.0
D1,2017-04-29,Mainz,MGladbach,1639.38,1747.06,4.0,4.0,3.0,7.0,1.0,2.0,A,0.0,1.0,A,17.0,13.0,8.0,5.0,9.0,15.0,8.0,3.0,1.0,1.0,0.0,0.0,2.2,3.4,3.3
D1,2017-04-29,RB Leipzig,Ingolstadt,1710.05,1614.31,7.0,13.0,3.0,9.0,0.0,0.0,D,0.0,0.0,D,15.0,6.0,3.0,0.0,14.0,16.0,5.0,3.0,3.0,4.0,0.0,1.0,1.45,4.5,7.0
D1,2017-04-29,Werder Bremen,Hertha,1705.16,1689.72,7.0,13.0,6.0,6.0,2.0,0.0,H,2.0,0.0,H,9.0,10.0,4.0,2.0,9.0,17.0,2.0,2.0,1.0,1.0,0.0,0.0,2.05,3.5,3.6
D1,2017-04-29,Wolfsburg,Bayern Munich,1677.07,2011.53,3.0,4.0,5.0,8.0,0.0,6.0,A,0.0,3.0,A,7.0,17.0,3.0,9.0,12.0,10.0,4.0,4.0,0.0,0.0,1.0,0.0,8.0,4.75,1.4
D1,2017-04-30,Augsburg,Hamburg,1629.51,1665.17,3.0,3.0,3.0,6.0,4.0,0.0,H,2.0,0.0,H,17.0,9.0,9.0,4.0,9.0,16.0,4.0,4.0,1.0,4.0,0.0,0.0,2.5,3.3,2.9
D1,2017-04-30,Hoffenheim,Ein Frankfurt,1763.51,1660.22,4.0,10.0,4.0,5.0,1.0,0.0,H,0.0,0.0,D,8.0,4.0,1.0,2.0,22.0,18.0,3.0,4.0,0.0,3.0,0.0,0.0,1.57,4.0,6.0
D1,2017-05-05,FC Koln,Werder Bremen,1695.55,1722.84,2.0,5.0,9.0,13.0,4.0,3.0,H,3.0,2.0,H,16.0,11.0,9.0,4.0,9.0,10.0,5.0,1.0,0.0,2.0,0.0,0.0,2.55,3.5,2.7
D1,2017-05-06,Bayern Munich,Darmstadt,1992.79,1553.05,5.0,8.0,9.0,9.0,1.0,0.0,H,1.0,0.0,H,23.0,13.0,8.0,3.0,10.0,7.0,13.0,7.0,1.0,1.0,0.0,0.0,1.07,13.0,26.0
D1,2017-05-06,Dortmund,Hoffenheim,1862.6,1770.45,7.0,10.0,7.0,10.0,2.0,1.0,H,1.0,0.0,H,11.0,10.0,4.0,5.0,17.0,11.0,6.0,2.0,4.0,2.0,0.0,0.0,1.5,4.75,5.75
D1,2017-05-06,Ein Frankfurt,Wolfsburg,1656.21,1667.22,3.0,4.0,3.0,3.0,0.0,2.0,A,0.0,0.0,D,7.0,7.0,2.0,3.0,12.0,14.0,2.0,4.0,1.0,2.0,0.0,0.0,2.6,3.4,2.7
D1,2017-05-06,Hertha,RB Leipzig,1675.89,1712.73,3.0,6.0,5.0,11.0,1.0,4.0,A,0.0,1.0,A,6.0,14.0,1.0,8.0,15.0,15.0,3.0,8.0,3.0,3.0,0.0,0.0,3.5,3.5,2.1
D1,2017-05-06,Ingolstadt,Leverkusen,1595.81,1714.7,1.0,7.0,1.0,4.0,1.0,1.0,D,0.0,0.0,D,10.0,12.0,2.0,6.0,13.0,12.0,7.0,6.0,1.0,3.0,0.0,0.0,2.38,3.5,2.9
D1,2017-05-06,MGladbach,Augsburg,1735.18,1637.69,3.0,9.0,6.0,6.0,1.0,1.0,D,0.0,0.0,D,18.0,11.0,5.0,4.0,8.0,15.0,3.0,5.0,2.0,2.0,0.0,0.0,1.73,3.8,4.75
D1,2017-05-07,Freiburg,Schalke 04,1648.17,1742.19,3.0,9.0,4.0,7.0,2.0,0.0,H,2.0,0.0,H,13.0,14.0,5.0,3.0,14.0,13.0,2.0,4.0,0.0,2.0,0.0,0.0,3.3,3.5,2.15
D1,2017-05-07,Hamburg,Mainz,1628.57,1642.39,0.0,3.0,4.0,4.0,0.0,0.0,D,0.0,0.0,D,6.0,13.0,2.0,6.0,16.0,17.0,5.0,3.0,2.0,1.0,0.0,0.0,2.38,3.4,3.0
D1,2017-05-13,Augsburg,Dortmund,1637.69,1862.6,4.0,7.0,7.0,10.0,1.0,1.0,D,1.0,1.0,D,5.0,15.0,3.0,5.0,17.0,7.0,2.0,3.0,2.0,1.0,0.0,0.0,6.0,4.6,1.5
D1,2017-05-13,Darmstadt,Hertha,1553.05,1675.89,6.0,9.0,3.0,6.0,0.0,2.0,A,0.0,2.0,A,11.0,16.0,2.0,5.0,17.0,14.0,4.0,6.0,3.0,0.0,0.0,0.0,3.5,3.4,2.15
D1,2017-05-13,Freiburg,Ingolstadt,1648.17,1595.81,6.0,9.0,2.0,5.0,1.0,1.0,D,1.0,1.0,D,11.0,23.0,4.0,9.0,18.0,27.0,4.0,3.0,2.0,3.0,0.0,0.0,2.38,3.5,2.9
D1,2017-05-13,Leverkusen,FC Koln,1714.7,1695.55,1.0,2.0,5.0,5.0,2.0,2.0,D,0.0,1.0,A,27.0,7.0,9.0,4.0,12.0,12.0,7.0,3.0,0.0,2.0,0.0,0.0,2.1,3.5,3.5
D1,2017-05-13,Mainz,Ein Frankfurt,1642.39,1656.21,2.0,5.0,3.0,4.0,4.0,2.0,H,0.0,1.0,A,21.0,6.0,8.0,4.0,16.0,22.0,7.0,0.0,4.0,4.0,0.0,0.0,1.7,3.8,5.0
D1,2017-05-13,RB Leipzig,Bayern Munich,1712.73,1992.79,5.0,11.0,7.0,11.0,4.0,5.0,A,2.0,1.0,H,11.0,20.0,6.0,9.0,19.0,11.0,2.0,6.0,1.0,5.0,0.0,0.0,3.75,3.7,1.95
D1,2017-05-13,Schalke 04,Hamburg,1742.19,1628.57,4.0,7.0,1.0,4.0,1.0,1.0,D,1.0,0.0,H,12.0,18.0,1.0,4.0,14.0,15.0,5.0,7.0,3.0,1.0,0.0,0.0,2.05,3.75,3.5
D1,2017-05-13,Werder Bremen,Hoffenheim,1722.84,1770.45,6.0,10.0,4.0,7.0,3.0,5.0,A,0.0,3.0,A,16.0,16.0,7.0,9.0,10.0,14.0,10.0,4.0,1.0,1.0,0.0,0.0,2.63,3.6,2.55
D1,2017-05-13,Wolfsburg,MGladbach,1667.22,1735.18,3.0,6.0,4.0,7.0,1.0,1.0,D,0.0,1.0,A,11.0,14.0,6.0,6.0,12.0,12.0,3.0,7.0,3.0,1.0,0.0,0.0,1.95,3.6,4.0
D1,2017-05-20,Bayern Munich,Freiburg,1996.96,1656.65,9.0,11.0,4.0,7.0,4.0,1.0,H,1.0,0.0,H,33.0,19.0,11.0,8.0,10.0,10.0,15.0,7.0,1.0,0.0,0.0,0.0,1.17,8.0,15.0
D1,2017-05-20,Dortmund,Werder Bremen,1862.46,1704.58,5.0,11.0,3.0,9.0,4.0,3.0,H,2.0,1.0,H,28.0,11.0,11.0,5.0,15.0,17.0,9.0,3.0,4.0,3.0,0.0,0.0,1.2,7.5,12.0
D1,2017-05-20,Ein Frankfurt,RB Leipzig,1633.77,1724.91,0.0,3.0,4.0,8.0,2.0,2.0,D,0.0,1.0,A,16.0,7.0,3.0,5.0,12.0,17.0,4.0,3.0,1.0,2.0,0.0,0.0,4.0,3.6,1.91
D1,2017-05-20,FC Koln,Mainz,1704.54,1652.85,5.0,6.0,4.0,8.0,2.0,0.0,H,1.0,0.0,H,16.0,5.0,4.0,0.0,14.0,17.0,7.0,5.0,2.0,1.0,0.0,0.0,1.62,4.0,5.5
D1,2017-05-20,Hamburg,Wolfsburg,1631.58,1680.2,2.0,2.0,4.0,7.0,2.0,1.0,H,1.0,1.0,D,6.0,12.0,3.0,5.0,12.0,18.0,2.0,8.0,4.0,3.0,0.0,0.0,2.6,3.4,2.7
D1,2017-05-20,Hertha,Leverkusen,1670.34,1711.07,3.0,6.0,2.0,3.0,2.0,6.0,A,0.0,3.0,A,14.0,16.0,5.0,11.0,17.0,13.0,3.0,6.0,3.0,1.0,0.0,0.0,2.05,3.4,3.8
D1,2017-05-20,Hoffenheim,Augsburg,1778.04,1646.39,6.0,10.0,5.0,8.0,0.0,0.0,D,0.0,0.0,D,19.0,8.0,9.0,2.0,10.0,13.0,5.0,4.0,2.0,1.0,0.0,0.0,1.36,5.0,8.5
D1,2017-05-20,Ingolstadt,Schalke 04,1600.79,1725.38,3.0,3.0,4.0,5.0,1.0,1.0,D,1.0,1.0,D,18.0,9.0,8.0,3.0,9.0,11.0,6.0,6.0,1.0,1.0,0.0,1.0,2.63,3.5,2.6
D1,2017-05-20,MGladbach,Darmstadt,1731.24,1542.25,5.0,5.0,3.0,9.0,2.0,2.0,D,0.0,0.0,D,18.0,13.0,10.0,4.0,6.0,8.0,5.0,3.0,1.0,0.0,0.0,0.0,1.33,5.5,8.5
D1,2017-08-18,Bayern Munich,Leverkusen,1989.9,1719.54,9.0,13.0,5.0,5.0,3.0,1.0,H,2.0,0.0,H,13.0,19.0,8.0,4.0,13.0,17.0,4.0,5.0,1.0,2.0,0.0,0.0,1.25,6.0,12.0
D1,2017-08-19,Hamburg,Augsburg,1630.11,1642.64,5.0,5.0,3.0,6.0,1.0,0.0,H,1.0,0.0,H,11.0,13.0,5.0,1.0,18.0,16.0,3.0,7.0,4.0,3.0,0.0,0.0,2.1,3.4,3.6
D1,2017-08-19,Hertha,Stuttgart,1643.98,1605.4,3.0,6.0,6.0,12.0,2.0,0.0,H,0.0,0.0,D,10.0,9.0,3.0,2.0,18.0,12.0,5.0,1.0,2.0,1.0,0.0,0.0,2.0,3.4,3.9
D1,2017-08-19,Hoffenheim,Werder Bremen,1763.9,1692.78,4.0,8.0,0.0,6.0,1.0,0.0,H,0.0,0.0,D,14.0,11.0,3.0,2.0,17.0,15.0,6.0,4.0,1.0,3.0,0.0,0.0,1.75,4.0,4.33
D1,2017-08-19,Mainz,Hannover,1636.61,1588.35,4.0,5.0,7.0,11.0,0.0,1.0,A,0.0,0.0,D,14.0,6.0,6.0,2.0,18.0,14.0,13.0,1.0,3.0,5.0,0.0,0.0,2.0,3.4,4.0
D1,2017-08-19,Schalke 04,RB Leipzig,1714.83,1715.31,2.0,6.0,4.0,6.0,2.0,0.0,H,1.0,0.0,H,11.0,12.0,5.0,3.0,22.0,18.0,4.0,5.0,2.0,2.0,0.0,0.0,2.8,3.4,2.5
D1,2017-08-19,Wolfsburg,Dortmund,1671.96,1856.38,4.0,4.0,7.0,11.0,0.0,3.0,A,0.0,2.0,A,9.0,13.0,0.0,5.0,7.0,15.0,3.0,5.0,0.0,0.0,0.0,0.0,3.8,4.0,1.85
D1,2017-08-20,Freiburg,Ein Frankfurt,1619.8,1625.48,4.0,7.0,1.0,4.0,0.0,0.0,D,0.0,0.0,D,7.0,15.0,1.0,2.0,8.0,17.0,3.0,7.0,1.0,2.0,0.0,0.0,2.45,3.25,3.0
D1,2017-08-20,MGladbach,FC Koln,1715.99,1702.9,3.0,6.0,7.0,9.0,1.0,0.0,H,0.0,0.0,D,22.0,13.0,8.0,2.0,12.0,11.0,5.0,3.0,3.0,2.0,0.0,0.0,1.91,3.5,4.1
D1,2017-08-25,FC Koln,Hamburg,1702.9,1630.11,4.0,8.0,7.0,8.0,1.0,3.0,A,0.0,2.0,A,20.0,12.0,6.0,4.0,9.0,9.0,6.0,7.0,2.0,2.0,0.0,1.0,1.95,3.4,4.0
D1,2017-08-26,Augsburg,MGladbach,1642.64,1715.99,2.0,6.0,5.0,9.0,2.0,2.0,D,1.0,2.0,A,24.0,15.0,9.0,3.0,13.0,12.0,10.0,0.0,2.0,2.0,0.0,0.0,3.25,3.4,2.25
D1,2017-08-26,Dortmund,Hertha,1856.38,1643.98,7.0,11.0,6.0,6.0,2.0,0.0,H,1.0,0.0,H,18.0,7.0,8.0,4.0,12.0,9.0,4.0,4.0,1.0,1.0,0.0,0.0,1.36,5.0,7.5
D1,2017-08-26,Ein Frankfurt,Wolfsburg,1625.48,1671.96,2.0,2.0,1.0,4.0,0.0,1.0,A,0.0,1.0,A,12.0,7.0,6.0,3.0,18.0,19.0,7.0,2.0,3.0,1.0,0.0,0.0,2.3,3.25,3.3
D1,2017-08-26,Leverkusen,Hoffenheim,1719.54,1763.9,4.0,5.0,7.0,10.0,2.0,2.0,D,1.0,0.0,H,16.0,6.0,3.0,4.0,16.0,11.0,6.0,1.0,2.0,2.0,0.0,0.0,2.05,3.6,3.6
D1,2017-08-26,Stuttgart,Mainz,1605.4,1636.61,3.0,9.0,3.0,4.0,1.0,0.0,H,0.0,0.0,D,17.0,13.0,4.0,6.0,12.0,18.0,5.0,6.0,2.0,1.0,0.0,0.0,2.3,3.4,3.1
D1,2017-08-26,Werder Bremen,Bayern Munich,1692.78,1989.9,0.0,3.0,9.0,15.0,0.0,2.0,A,0.0,0.0,D,4.0,19.0,1.0,8.0,9.0,10.0,2.0,8.0,1.0,1.0,0.0,0.0,11.0,6.5,1.25
D1,2017-08-27,Hannover,Schalke 04,1588.35,1714.83,7.0,13.0,5.0,8.0,1.0,0.0,H,0.0,0.0,D,11.0,8.0,3.0,1.0,17.0,17.0,2.0,6.0,1.0,2.0,0.0,0.0,3.3,3.4,2.2
D1,2017-08-27,RB Leipzig,Freiburg,1715.31,1619.8,1.0,5.0,2.0,5.0,4.0,1.0,H,0.0,1.0,A,29.0,7.0,11.0,2.0,11.0,13.0,8.0,2.0,2.0,0.0,0.0,1.0,1.36,5.0,8.5
D1,2017-09-08,Hamburg,RB Leipzig,1648.67,1709.66,9.0,11.0,4.0,7.0,0.0,2.0,A,0.0,0.0,D,9.0,19.0,2.0,4.0,14.0,11.0,4.0,14.0,1.0,1.0,0.0,0.0,4.0,3.6,1.91
D1,2017-09-09,Augsburg,FC Koln,1632.3,1676.45,2.0,4.0,3.0,7.0,3.0,0.0,H,2.0,0.0,H,10.0,13.0,4.0,3.0,15.0,13.0,6.0,9.0,0.0,0.0,0.0,0.0,2.38,3.3,3.1
D1,2017-09-09,Freiburg,Dortmund,1606.26,1864.07,1.0,5.0,9.0,13.0,0.0,0.0,D,0.0,0.0,D,5.0,27.0,2.0,3.0,10.0,11.0,0.0,7.0,0.0,0.0,1.0,0.0,7.5,5.0,1.4
D1,2017-09-09,Hoffenheim,Bayern Munich,1752.59,1991.66,5.0,8.0,9.0,15.0,2.0,0.0,H,1.0,0.0,H,6.0,23.0,3.0,6.0,15.0,9.0,2.0,4.0,3.0,1.0,0.0,0.0,7.0,4.5,1.45
D1,2017-09-09,Mainz,Leverkusen,1614.28,1712.2,0.0,4.0,4.0,6.0,3.0,1.0,H,1.0,1.0,D,14.0,13.0,5.0,2.0,16.0,15.0,1.0,3.0,2.0,2.0,0.0,0.0,3.0,3.4,2.38
D1,2017-09-09,MGladbach,Ein Frankfurt,1717.07,1614.11,5.0,7.0,2.0,2.0,0.0,1.0,A,0.0,1.0,A,15.0,12.0,3.0,6.0,17.0,17.0,13.0,5.0,3.0,2.0,0.0,0.0,1.83,3.6,4.5
D1,2017-09-09,Wolfsburg,Hannover,1667.77,1604.89,3.0,7.0,7.0,13.0,1.0,1.0,D,0.0,0.0,D,17.0,7.0,6.0,2.0,13.0,20.0,3.0,1.0,0.0,1.0,0.0,0.0,1.83,3.6,4.5
D1,2017-09-10,Hertha,Werder Bremen,1643.98,1680.08,3.0,6.0,0.0,0.0,1.0,1.0,D,1.0,0.0,H,8.0,10.0,4.0,5.0,9.0,12.0,5.0,7.0,1.0,0.0,0.0,0.0,1.91,3.6,4.0
D1,2017-09-10,Schalke 04,Stuttgart,1709.78,1600.42,4.0,5.0,6.0,9.0,3.0,1.0,H,1.0,1.0,D,12.0,11.0,4.0,2.0,15.0,19.0,2.0,1.0,1.0,1.0,0.0,0.0,1.7,3.75,5.0
D1,2017-09-15,Hannover,Hamburg,1601.36,1630.04,7.0,11.0,6.0,10.0,2.0,0.0,H,0.0,0.0,D,17.0,12.0,4.0,3.0,17.0,16.0,4.0,7.0,1.0,0.0,0.0,0.0,1.95,3.5,4.0
D1,2017-09-16,Bayern Munich,Mainz,1969.1,1619.87,6.0,12.0,3.0,6.0,4.0,0.0,H,2.0,0.0,H,28.0,11.0,14.0,4.0,9.0,5.0,10.0,5.0,2.0,2.0,0.0,0.0,1.13,10.0,19.0
D1,2017-09-16,Ein Frankfurt,Augsburg,1619.38,1638.28,4.0,5.0,4.0,6.0,1.0,2.0,A,0.0,1.0,A,23.0,11.0,8.0,3.0,13.0,13.0,4.0,4.0,2.0,3.0,0.0,0.0,1.85,3.5,4.5
D1,2017-09-16,RB Leipzig,MGladbach,1715.29,1697.76,6.0,7.0,4.0,6.0,2.0,2.0,D,2.0,1.0,H,10.0,10.0,3.0,3.0,13.0,12.0,3.0,2.0,1.0,1.0,1.0,0.0,1.67,3.8,5.5
D1,2017-09-16,Stuttgart,Wolfsburg,1587.81,1657.24,3.0,6.0,4.0,5.0,1.0,0.0,H,1.0,0.0,H,8.0,8.0,4.0,1.0,14.0,19.0,2.0,3.0,2.0,3.0,0.0,0.0,2.3,3.5,3.0
D1,2017-09-16,Werder Bremen,Schalke 04,1673.86,1708.34,1.0,1.0,6.0,8.0,1.0,2.0,A,1.0,1.0,D,16.0,11.0,2.0,4.0,15.0,17.0,6.0,5.0,2.0,2.0,0.0,0.0,2.8,3.5,2.5
D1,2017-09-17,Dortmund,FC Koln,1845.47,1653.29,7.0,11.0,0.0,4.0,5.0,0.0,H,2.0,0.0,H,22.0,6.0,8.0,2.0,11.0,12.0,8.0,5.0,0.0,3.0,0.0,0.0,1.22,6.0,13.0
D1,2017-09-17,Hoffenheim,Hertha,1747.58,1637.78,7.0,11.0,4.0,7.0,1.0,1.0,D,1.0,0.0,H,8.0,9.0,2.0,4.0,15.0,20.0,5.0,2.0,2.0,2.0,0.0,0.0,1.67,3.8,5.5
D1,2017-09-17,Leverkusen,Freiburg,1692.55,1604.3,1.0,5.0,2.0,3.0,4.0,0.0,H,3.0,0.0,H,22.0,4.0,9.0,1.0,4.0,13.0,5.0,4.0,0.0,2.0,0.0,0.0,1.45,4.5,7.0
D1,2017-09-19,Augsburg,RB Leipzig,1638.28,1715.29,7.0,8.0,7.0,8.0,1.0,0.0,H,1.0,0.0,H,11.0,14.0,4.0,3.0,15.0,17.0,3.0,2.0,2.0,2.0,0.0,0.0,3.5,3.5,2.1
D1,2017-09-19,MGladbach,Stuttgart,1697.76,1587.81,2.0,6.0,6.0,9.0,2.0,0.0,H,0.0,0.0,D,9.0,11.0,3.0,4.0,9.0,8.0,4.0,1.0,0.0,1.0,0.0,0.0,1.7,3.8,5.0
D1,2017-09-19,Schalke 04,Bayern Munich,1708.34,1969.1,6.0,10.0,6.0,12.0,0.0,3.0,A,0.0,2.0,A,11.0,12.0,4.0,8.0,13.0,11.0,2.0,6.0,1.0,1.0,0.0,0.0,7.0,4.75,1.44
D1,2017-09-19,Wolfsburg,Werder Bremen,1657.24,1673.86,4.0,4.0,1.0,1.0,1.0,1.0,D,1.0,0.0,H,13.0,11.0,4.0,4.0,10.0,18.0,3.0,4.0,1.0,2.0,0.0,0.0,2.05,3.5,3.6
D1,2017-09-20,FC Koln,Ein Frankfurt,1653.29,1619.38,0.0,3.0,3.0,5.0,0.0,1.0,A,0.0,1.0,A,17.0,8.0,8.0,4.0,20.0,20.0,4.0,5.0,2.0,1.0,0.0,0.0,2.88,3.1,2.63
D1,2017-09-20,Freiburg,Hannover,1604.3,1601.36,1.0,2.0,7.0,11.0,1.0,1.0,D,0.0,0.0,D,23.0,14.0,5.0,3.0,17.0,19.0,5.0,3.0,2.0,4.0,0.0,0.0,2.8,3.25,2.6
D1,2017-09-20,Hamburg,Dortmund,1630.04,1845.47,3.0,9.0,7.0,13.0,0.0,3.0,A,0.0,1.0,A,6.0,17.0,2.0,7.0,15.0,14.0,4.0,3.0,3.0,0.0,0.0,0.0,7.0,4.75,1.44
D1,2017-09-20,Hertha,Leverkusen,1637.78,1692.55,2.0,5.0,4.0,7.0,2.0,1.0,H,2.0,0.0,H,5.0,12.0,3.0,5.0,12.0,25.0,3.0,6.0,1.0,2.0,0.0,0.0,3.3,3.4,2.2
D1,2017-09-20,Mainz,Hoffenheim,1619.87,1747.58,3.0,3.0,5.0,9.0,2.0,3.0,A,2.0,2.0,D,20.0,18.0,6.0,6.0,9.0,13.0,5.0,11.0,3.0,3.0,0.0,0.0,2.7,3.4,2.6
D1,2017-09-22,Bayern Munich,Wolfsburg,1969.1,1657.24,6.0,12.0,2.0,5.0,2.0,2.0,D,2.0,0.0,H,19.0,8.0,3.0,3.0,9.0,11.0,7.0,3.0,1.0,2.0,0.0,0.0,1.14,8.5,19.0
D1,2017-09-23,Dortmund,MGladbach,1845.47,1697.76,7.0,13.0,4.0,8.0,6.0,1.0,H,3.0,0.0,H,18.0,8.0,9.0,5.0,2.0,6.0,7.0,0.0,0.0,1.0,0.0,0.0,1.44,4.75,7.0
D1,2017-09-23,Hoffenheim,Schalke 04,1747.58,1708.34,7.0,11.0,6.0,9.0,2.0,0.0,H,1.0,0.0,H,12.0,17.0,6.0,3.0,16.0,15.0,0.0,5.0,3.0,2.0,0.0,0.0,2.2,3.5,3.25
D1,2017-09-23,Mainz,Hertha,1619.87,1637.78,3.0,3.0,5.0,8.0,1.0,0.0,H,0.0,0.0,D,8.0,4.0,3.0,1.0,22.0,22.0,4.0,1.0,3.0,3.0,0.0,1.0,2.2,3.3,3.4
D1,2017-09-23,RB Leipzig,Ein Frankfurt,1715.29,1619.38,4.0,7.0,6.0,7.0,2.0,1.0,H,1.0,0.0,H,17.0,9.0,5.0,3.0,9.0,16.0,2.0,4.0,1.0,2.0,0.0,0.0,1.7,3.8,5.0
D1,2017-09-23,Stuttgart,Augsburg,1587.81,1638.28,3.0,6.0,9.0,10.0,0.0,0.0,D,0.0,0.0,D,15.0,9.0,2.0,2.0,7.0,14.0,5.0,3.0,1.0,2.0,0.0,0.0,2.1,3.4,3.6
D1,2017-09-23,Werder Bremen,Freiburg,1673.86,1604.3,2.0,2.0,2.0,3.0,0.0,0.0,D,0.0,0.0,D,17.0,13.0,6.0,6.0,15.0,9.0,4.0,5.0,2.0,1.0,0.0,0.0,1.7,4.0,4.75
D1,2017-09-24,Hannover,FC Koln,1601.36,1653.29,5.0,11.0,0.0,0.0,0.0,0.0,D,0.0,0.0,D,14.0,6.0,1.0,1.0,17.0,17.0,6.0,7.0,4.0,2.0,0.0,0.0,1.95,3.6,3.8
D1,2017-09-24,Leverkusen,Hamburg,1692.55,1630.04,3.0,4.0,0.0,6.0,3.0,0.0,H,2.0,0.0,H,17.0,12.0,6.0,2.0,17.0,18.0,6.0,3.0,2.0,2.0,0.0,0.0,1.36,5.0,8.5
D1,2017-09-29,Schalke 04,Leverkusen,1708.34,1692.55,3.0,6.0,6.0,7.0,1.0,1.0,D,1.0,0.0,H,14.0,10.0,5.0,6.0,19.0,16.0,7.0,4.0,2.0,3.0,0.0,0.0,2.3,3.4,3.1
D1,2017-09-30,Augsburg,Dortmund,1638.28,1845.47,7.0,11.0,9.0,13.0,1.0,2.0,A,1.0,2.0,A,10.0,14.0,5.0,8.0,23.0,12.0,5.0,5.0,4.0,1.0,0.0,0.0,7.5,4.5,1.44
D1,2017-09-30,Ein Frankfurt,Stuttgart,1619.38,1587.81,3.0,6.0,4.0,7.0,2.0,1.0,H,1.0,0.0,H,10.0,13.0,6.0,5.0,10.0,17.0,3.0,6.0,1.0,1.0,1.0,0.0,1.95,3.5,4.0
D1,2017-09-30,Hamburg,Werder Bremen,1630.04,1673.86,0.0,3.0,2.0,3.0,0.0,0.0,D,0.0,0.0,D,17.0,8.0,6.0,3.0,13.0,27.0,6.0,7.0,1.0,3.0,0.0,0.0,2.7,3.2,2.75
D1,2017-09-30,MGladbach,Hannover,1697.76,1601.36,4.0,5.0,5.0,9.0,2.0,1.0,H,0.0,0.0,D,23.0,15.0,8.0,2.0,12.0,13.0,8.0,7.0,1.0,1.0,0.0,0.0,1.73,3.6,5.25
D1,2017-09-30,Wolfsburg,Mainz,1657.24,1619.87,2.0,6.0,3.0,6.0,1.0,1.0,D,0.0,0.0,D,6.0,10.0,2.0,3.0,7.0,13.0,5.0,6.0,4.0,4.0,1.0,0.0,2.1,3.4,3.6
D1,2017-10-01,FC Koln,RB Leipzig,1604.96,1681.2,1.0,1.0,4.0,10.0,1.0,2.0,A,0.0,1.0,A,16.0,23.0,6.0,10.0,9.0,13.0,9.0,7.0,0.0,2.0,0.0,0.0,3.8,3.5,2.0
D1,2017-10-01,Freiburg,Hoffenheim,1577.06,1726.0,2.0,3.0,7.0,11.0,3.0,2.0,H,2.0,1.0,H,15.0,15.0,6.0,6.0,13.0,17.0,9.0,7.0,2.0,3.0,0.0,0.0,3.6,3.5,2.05
D1,2017-10-01,Hertha,Bayern Munich,1611.23,1936.3,4.0,5.0,7.0,10.0,2.0,2.0,D,0.0,1.0,A,10.0,15.0,5.0,5.0,14.0,11.0,1.0,9.0,0.0,2.0,0.0,0.0,8.5,5.0,1.36
D1,2017-10-13,Stuttgart,FC Koln,1563.87,1604.96,1.0,4.0,1.0,1.0,2.0,1.0,H,1.0,0.0,H,22.0,17.0,7.0,3.0,12.0,13.0,5.0,4.0,2.0,3.0,0.0,0.0,1.83,3.6,4.33
D1,2017-10-14,Bayern Munich,Freiburg,1936.3,1577.06,5.0,8.0,5.0,6.0,5.0,0.0,H,2.0,0.0,H,22.0,6.0,10.0,2.0,5.0,7.0,9.0,1.0,0.0,0.0,0.0,0.0,1.08,13.0,21.0
D1,2017-10-14,Dortmund,RB Leipzig,1841.91,1681.2,9.0,13.0,6.0,10.0,2.0,3.0,A,1.0,2.0,A,15.0,7.0,8.0,6.0,16.0,19.0,3.0,2.0,2.0,5.0,1.0,1.0,1.5,4.5,6.5
D1,2017-10-14,Hannover,Ein Frankfurt,1586.43,1601.18,2.0,6.0,6.0,9.0,1.0,2.0,A,1.0,1.0,D,10.0,12.0,2.0,4.0,15.0,16.0,6.0,5.0,3.0,3.0,0.0,0.0,2.38,3.2,3.1
D1,2017-10-14,Hertha,Schalke 04,1611.23,1680.33,4.0,6.0,1.0,7.0,0.0,2.0,A,0.0,0.0,D,2.0,10.0,0.0,6.0,12.0,20.0,1.0,5.0,1.0,2.0,1.0,0.0,2.5,3.3,2.9
D1,2017-10-14,Hoffenheim,Augsburg,1726.0,1630.24,6.0,10.0,4.0,10.0,2.0,2.0,D,0.0,0.0,D,22.0,13.0,7.0,5.0,5.0,11.0,6.0,3.0,1.0,0.0,0.0,0.0,1.8,3.75,4.5
D1,2017-10-14,Mainz,Hamburg,1601.01,1584.28,4.0,7.0,1.0,1.0,3.0,2.0,H,1.0,1.0,D,14.0,9.0,4.0,2.0,14.0,17.0,4.0,2.0,1.0,1.0,0.0,0.0,1.7,3.75,5.25
D1,2017-10-15,Leverkusen,Wolfsburg,1682.57,1632.43,4.0,7.0,3.0,4.0,2.0,2.0,D,1.0,1.0,D,17.0,11.0,10.0,4.0,16.0,13.0,11.0,2.0,2.0,2.0,0.0,0.0,1.53,4.33,6.0
D1,2017-10-15,Werder Bremen,MGladbach,1642.43,1682.3,3.0,4.0,6.0,7.0,0.0,2.0,A,0.0,2.0,A,18.0,16.0,5.0,8.0,11.0,10.0,5.0,5.0,1.0,0.0,0.0,0.0,2.63,3.5,2.6
D1,2017-10-20,Schalke 04,Mainz,1691.74,1607.07,4.0,7.0,7.0,7.0,2.0,0.0,H,1.0,0.0,H,14.0,4.0,5.0,2.0,17.0,15.0,5.0,1.0,3.0,0.0,0.0,0.0,1.8,3.7,4.5
D1,2017-10-21,Augsburg,Hannover,1634.23,1577.07,2.0,8.0,1.0,5.0,1.0,2.0,A,1.0,0.0,H,15.0,11.0,5.0,6.0,11.0,9.0,11.0,2.0,1.0,2.0,0.0,0.0,2.04,3.5,3.6
D1,2017-10-21,Ein Frankfurt,Dortmund,1610.54,1828.96,6.0,9.0,6.0,12.0,2.0,2.0,D,0.0,1.0,A,14.0,20.0,7.0,7.0,14.0,10.0,4.0,4.0,2.0,3.0,0.0,0.0,5.0,3.75,1.72
D1,2017-10-21,Hamburg,Bayern Munich,1578.22,1932.42,1.0,1.0,5.0,11.0,0.0,1.0,A,0.0,0.0,D,7.0,21.0,3.0,4.0,9.0,9.0,7.0,7.0,1.0,2.0,1.0,0.0,19.0,7.0,1.16
D1,2017-10-21,MGladbach,Leverkusen,1682.3,1682.57,6.0,10.0,5.0,8.0,1.0,5.0,A,1.0,0.0,H,19.0,13.0,3.0,6.0,12.0,11.0,4.0,4.0,3.0,0.0,0.0,0.0,2.45,3.39,2.87
D1,2017-10-21,RB Leipzig,Stuttgart,1701.8,1571.07,9.0,10.0,4.0,7.0,1.0,0.0,H,1.0,0.0,H,15.0,11.0,3.0,2.0,10.0,18.0,3.0,5.0,0.0,1.0,0.0,0.0,1.53,4.0,7.0
D1,2017-10-22,FC Koln,Werder Bremen,1590.11,1642.43,1.0,1.0,2.0,3.0,0.0,0.0,D,0.0,0.0,D,18.0,13.0,8.0,2.0,16.0,20.0,3.0,6.0,3.0,3.0,0.0,0.0,2.39,3.29,3.0
D1,2017-10-22,Freiburg,Hertha,1584.63,1606.22,4.0,5.0,1.0,5.0,1.0,1.0,D,0.0,0.0,D,20.0,11.0,8.0,3.0,20.0,15.0,6.0,1.0,4.0,3.0,0.0,0.0,2.54,3.29,2.79
D1,2017-10-22,Wolfsburg,Hoffenheim,1632.43,1711.9,3.0,4.0,4.0,8.0,1.0,1.0,D,0.0,0.0,D,14.0,14.0,6.0,5.0,12.0,24.0,8.0,4.0,1.0,3.0,0.0,0.0,2.5,3.39,2.79
D1,2017-10-27,Mainz,Ein Frankfurt,1607.07,1610.54,4.0,7.0,7.0,10.0,1.0,1.0,D,0.0,1.0,A,7.0,8.0,3.0,3.0,15.0,21.0,5.0,5.0,0.0,2.0,0.0,0.0,2.79,3.2,2.54
D1,2017-10-28,Bayern Munich,RB Leipzig,1932.42,1701.8,7.0,11.0,9.0,12.0,2.0,0.0,H,2.0,0.0,H,23.0,3.0,7.0,1.0,7.0,9.0,11.0,1.0,1.0,0.0,0.0,1.0,1.33,5.5,8.5
D1,2017-10-28,Hannover,Dortmund,1577.07,1828.96,3.0,5.0,4.0,10.0,4.0,2.0,H,2.0,1.0,H,13.0,10.0,7.0,4.0,17.0,9.0,5.0,6.0,2.0,0.0,0.0,1.0,5.5,4.2,1.57
D1,2017-10-28,Hertha,Hamburg,1606.22,1578.22,2.0,5.0,1.0,1.0,2.0,1.0,H,1.0,0.0,H,8.0,12.0,3.0,4.0,14.0,13.0,9.0,11.0,0.0,0.0,0.0,0.0,1.9,3.39,4.33
D1,2017-10-28,Hoffenheim,MGladbach,1711.9,1682.3,2.0,8.0,6.0,9.0,1.0,3.0,A,1.0,0.0,H,16.0,16.0,5.0,6.0,14.0,13.0,5.0,5.0,2.0,1.0,0.0,0.0,2.04,3.6,3.5
D1,2017-10-28,Leverkusen,FC Koln,1682.57,1590.11,5.0,8.0,1.0,2.0,2.0,1.0,H,0.0,1.0,A,17.0,9.0,5.0,2.0,14.0,13.0,8.0,10.0,3.0,2.0,0.0,0.0,1.33,5.25,9.0
D1,2017-10-28,Schalke 04,Wolfsburg,1691.74,1632.43,7.0,7.0,3.0,5.0,1.0,1.0,D,1.0,0.0,H,14.0,7.0,7.0,2.0,18.0,12.0,4.0,2.0,0.0,0.0,0.0,0.0,1.75,3.6,5.0
D1,2017-10-29,Stuttgart,Freiburg,1571.07,1584.63,3.0,4.0,4.0,6.0,3.0,0.0,H,2.0,0.0,H,18.0,6.0,6.0,0.0,13.0,10.0,6.0,0.0,3.0,0.0,0.0,1.0,1.83,3.5,4.5
D1,2017-10-29,Werder Bremen,Augsburg,1642.43,1634.23,2.0,4.0,1.0,5.0,0.0,3.0,A,0.0,2.0,A,16.0,18.0,3.0,6.0,15.0,11.0,7.0,3.0,2.0,0.0,0.0,0.0,2.29,3.29,3.2
D1,2017-11-03,Ein Frankfurt,Werder Bremen,1615.03,1613.8,5.0,8.0,1.0,3.0,2.0,1.0,H,1.0,1.0,D,16.0,13.0,5.0,7.0,11.0,13.0,7.0,8.0,0.0,0.0,0.0,0.0,1.75,3.75,4.75
D1,2017-11-04,Augsburg,Leverkusen,1638.27,1701.61,4.0,5.0,7.0,11.0,1.0,1.0,D,0.0,0.0,D,14.0,11.0,4.0,3.0,13.0,15.0,6.0,3.0,3.0,2.0,0.0,0.0,3.5,3.6,2.04
D1,2017-11-04,Dortmund,Bayern Munich,1802.83,1941.77,1.0,7.0,9.0,11.0,1.0,3.0,A,0.0,2.0,A,15.0,10.0,4.0,5.0,12.0,16.0,4.0,3.0,2.0,2.0,0.0,0.0,3.29,3.79,2.04
D1,2017-11-04,Freiburg,Schalke 04,1570.67,1694.15,1.0,5.0,7.0,8.0,0.0,1.0,A,0.0,0.0,D,13.0,8.0,2.0,3.0,14.0,12.0,6.0,1.0,1.0,1.0,0.0,0.0,3.79,3.29,2.04
D1,2017-11-04,Hamburg,Stuttgart,1569.11,1578.34,0.0,1.0,6.0,7.0,3.0,1.0,H,1.0,0.0,H,21.0,3.0,12.0,2.0,14.0,10.0,11.0,3.0,2.0,2.0,0.0,1.0,2.45,3.39,2.87
D1,2017-11-04,MGladbach,Mainz,1688.57,1598.22,6.0,9.0,4.0,8.0,1.0,1.0,D,0.0,1.0,A,10.0,20.0,3.0,7.0,5.0,14.0,9.0,9.0,1.0,0.0,0.0,0.0,1.61,4.0,5.5
D1,2017-11-04,RB Leipzig,Hannover,1708.11,1604.86,6.0,12.0,6.0,7.0,2.0,1.0,H,0.0,0.0,D,18.0,12.0,6.0,4.0,11.0,16.0,2.0,3.0,1.0,4.0,0.0,0.0,1.44,4.5,7.5
D1,2017-11-05,FC Koln,Hoffenheim,1576.22,1700.44,1.0,2.0,2.0,5.0,0.0,3.0,A,0.0,1.0,A,12.0,22.0,4.0,8.0,17.0,14.0,7.0,6.0,0.0,0.0,0.0,0.0,2.87,3.39,2.45
D1,2017-11-05,Wolfsburg,Hertha,1638.47,1604.76,3.0,5.0,4.0,5.0,3.0,3.0,D,2.0,1.0,H,20.0,10.0,8.0,6.0,14.0,19.0,4.0,2.0,1.0,1.0,0.0,0.0,2.0,3.39,4.0
D1,2017-11-17,Stuttgart,Dortmund,1568.71,1787.91,3.0,6.0,1.0,4.0,2.0,1.0,H,1.0,1.0,D,9.0,13.0,4.0,7.0,16.0,12.0,5.0,4.0,2.0,0.0,0.0,0.0,4.2,3.89,1.8
D1,2017-11-18,Bayern Munich,Augsburg,1949.49,1638.24,9.0,13.0,4.0,5.0,3.0,0.0,H,2.0,0.0,H,16.0,8.0,6.0,3.0,13.0,16.0,6.0,3.0,0.0,3.0,0.0,0.0,1.16,8.0,15.0
D1,2017-11-18,Hertha,MGladbach,1613.0,1684.35,5.0,6.0,4.0,10.0,2.0,4.0,A,1.0,3.0,A,16.0,8.0,8.0,5.0,15.0,12.0,8.0,2.0,2.0,1.0,0.0,0.0,2.89,3.25,2.5
D1,2017-11-18,Hoffenheim,Ein Frankfurt,1711.93,1621.32,4.0,5.0,5.0,11.0,1.0,1.0,D,0.0,1.0,A,13.0,5.0,6.0,3.0,14.0,19.0,4.0,3.0,0.0,2.0,0.0,0.0,2.2,3.39,3.39
D1,2017-11-18,Leverkusen,RB Leipzig,1701.28,1705.72,7.0,9.0,6.0,12.0,2.0,2.0,D,1.0,1.0,D,13.0,12.0,3.0,3.0,14.0,13.0,2.0,1.0,5.0,2.0,1.0,0.0,2.29,3.5,3.0
D1,2017-11-18,Mainz,FC Koln,1602.07,1571.36,2.0,6.0,1.0,1.0,1.0,0.0,H,1.0,0.0,H,12.0,11.0,3.0,0.0,12.0,15.0,0.0,3.0,0.0,2.0,1.0,0.0,2.04,3.39,3.79
D1,2017-11-18,Wolfsburg,Freiburg,1635.85,1564.11,3.0,5.0,1.0,4.0,3.0,1.0,H,2.0,0.0,H,15.0,12.0,7.0,7.0,8.0,8.0,1.0,3.0,1.0,2.0,0.0,0.0,1.61,3.75,6.0
D1,2017-11-19,Schalke 04,Hamburg,1700.35,1578.39,7.0,11.0,3.0,4.0,2.0,0.0,H,1.0,0.0,H,12.0,7.0,4.0,1.0,16.0,19.0,7.0,6.0,3.0,3.0,0.0,0.0,1.57,3.79,6.5
D1,2017-11-19,Werder Bremen,Hannover,1607.15,1600.32,1.0,2.0,6.0,6.0,4.0,0.0,H,1.0,0.0,H,16.0,13.0,7.0,7.0,14.0,16.0,3.0,2.0,0.0,1.0,0.0,0.0,2.2,3.39,3.29
D1,2017-11-24,Hannover,Stuttgart,1600.32,1568.71,3.0,6.0,6.0,9.0,1.0,1.0,D,0.0,1.0,A,15.0,13.0,4.0,4.0,14.0,16.0,4.0,5.0,1.0,5.0,0.0,0.0,2.29,3.39,3.1
D1,2017-11-25,Augsburg,Wolfsburg,1638.24,1635.85,4.0,5.0,5.0,7.0,2.0,1.0,H,0.0,1.0,A,23.0,4.0,8.0,3.0,7.0,12.0,6.0,1.0,1.0,2.0,0.0,1.0,2.37,3.29,3.1
D1,2017-11-25,Dortmund,Schalke 04,1787.91,1700.35,0.0,1.0,7.0,13.0,4.0,4.0,D,4.0,0.0,H,11.0,12.0,6.0,7.0,17.0,19.0,3.0,5.0,5.0,5.0,1.0,0.0,1.72,4.2,4.33
D1,2017-11-25,Ein Frankfurt,Leverkusen,1621.32,1701.28,5.0,9.0,5.0,9.0,0.0,1.0,A,0.0,0.0,D,12.0,13.0,3.0,4.0,18.0,14.0,9.0,2.0,4.0,3.0,0.0,0.0,2.62,3.5,2.62
D1,2017-11-25,Freiburg,Mainz,1564.11,1602.07,0.0,1.0,5.0,8.0,2.0,1.0,H,0.0,0.0,D,15.0,17.0,5.0,5.0,16.0,15.0,2.0,5.0,3.0,2.0,0.0,0.0,2.75,3.29,2.6
D1,2017-11-25,MGladbach,Bayern Munich,1684.35,1949.49,7.0,10.0,9.0,15.0,2.0,1.0,H,2.0,0.0,H,6.0,21.0,2.0,7.0,12.0,9.0,2.0,5.0,1.0,1.0,0.0,0.0,5.75,4.75,1.5
D1,2017-11-25,RB Leipzig,Werder Bremen,1705.72,1607.15,4.0,10.0,3.0,4.0,2.0,0.0,H,1.0,0.0,H,14.0,9.0,6.0,3.0,9.0,10.0,8.0,8.0,0.0,1.0,0.0,0.0,1.5,4.33,6.5
D1,2017-11-26,FC Koln,Hertha,1571.36,1613.0,0.0,1.0,4.0,5.0,0.0,2.0,A,0.0,1.0,A,15.0,10.0,2.0,7.0,15.0,8.0,3.0,4.0,2.0,0.0,0.0,0.0,2.5,3.2,3.0
D1,2017-11-26,Hamburg,Hoffenheim,1578.39,1711.93,3.0,3.0,4.0,6.0,3.0,0.0,H,1.0,0.0,H,18.0,13.0,7.0,2.0,16.0,23.0,7.0,8.0,0.0,3.0,0.0,0.0,2.79,3.39,2.5
D1,2017-12-01,Freiburg,Hamburg,1570.01,1594.55,3.0,4.0,6.0,6.0,0.0,0.0,D,0.0,0.0,D,20.0,10.0,2.0,3.0,13.0,19.0,7.0,5.0,2.0,3.0,0.0,0.0,2.5,3.25,2.89
D1,2017-12-02,Bayern Munich,Hannover,1946.88,1590.87,6.0,12.0,1.0,7.0,3.0,1.0,H,1.0,1.0,D,29.0,8.0,12.0,4.0,12.0,8.0,9.0,3.0,2.0,2.0,0.0,0.0,1.14,9.0,17.0
D1,2017-12-02,Hoffenheim,RB Leipzig,1683.71,1740.08,4.0,5.0,7.0,10.0,4.0,0.0,H,1.0,0.0,H,10.0,11.0,8.0,5.0,14.0,10.0,0.0,7.0,2.0,0.0,0.0,0.0,3.29,3.6,2.1
D1,2017-12-02,Leverkusen,Dortmund,1712.43,1771.47,5.0,11.0,1.0,2.0,1.0,1.0,D,1.0,0.0,H,15.0,9.0,9.0,3.0,8.0,19.0,7.0,4.0,1.0,3.0,1.0,0.0,2.25,3.6,3.0
D1,2017-12-02,Mainz,Augsburg,1605.3,1647.61,4.0,5.0,4.0,7.0,1.0,3.0,A,0.0,2.0,A,16.0,10.0,5.0,4.0,17.0,13.0,4.0,3.0,4.0,1.0,0.0,0.0,2.6,3.25,2.79
D1,2017-12-02,Schalke 04,FC Koln,1714.41,1570.75,7.0,11.0,0.0,1.0,2.0,2.0,D,1.0,0.0,H,23.0,7.0,10.0,4.0,14.0,18.0,7.0,4.0,0.0,2.0,0.0,1.0,1.44,4.33,8.0
D1,2017-12-02,Werder Bremen,Stuttgart,1619.37,1587.6,3.0,4.0,4.0,7.0,1.0,0.0,H,1.0,0.0,H,15.0,12.0,6.0,4.0,13.0,17.0,5.0,8.0,2.0,1.0,0.0,0.0,2.29,3.39,3.1
D1,2017-12-03,Hertha,Ein Frankfurt,1616.86,1622.94,4.0,8.0,4.0,6.0,1.0,2.0,A,1.0,1.0,D,15.0,7.0,5.0,5.0,15.0,13.0,4.0,2.0,1.0,3.0,0.0,0.0,2.7,3.25,2.7
D1,2017-12-03,Wolfsburg,MGladbach,1641.3,1713.1,4.0,6.0,7.0,10.0,3.0,0.0,H,2.0,0.0,H,13.0,16.0,6.0,9.0,7.0,15.0,6.0,5.0,0.0,2.0,0.0,0.0,2.62,3.39,2.62
D1,2017-12-08,Stuttgart,Leverkusen,1587.6,1712.43,4.0,7.0,5.0,9.0,0.0,2.0,A,0.0,1.0,A,9.0,18.0,5.0,4.0,12.0,12.0,8.0,5.0,1.0,1.0,0.0,0.0,3.2,3.5,2.25
D1,2017-12-09,Dortmund,Werder Bremen,1771.47,1619.37,2.0,2.0,6.0,6.0,1.0,2.0,A,0.0,1.0,A,11.0,9.0,5.0,4.0,8.0,6.0,4.0,2.0,0.0,0.0,0.0,0.0,1.39,5.25,7.0
D1,2017-12-09,Ein Frankfurt,Bayern Munich,1622.94,1946.88,4.0,8.0,6.0,12.0,0.0,1.0,A,0.0,1.0,A,12.0,6.0,3.0,1.0,16.0,12.0,5.0,5.0,2.0,3.0,0.0,0.0,7.0,4.75,1.44
D1,2017-12-09,Hamburg,Wolfsburg,1594.55,1641.3,4.0,7.0,6.0,8.0,0.0,0.0,D,0.0,0.0,D,12.0,3.0,3.0,0.0,15.0,12.0,6.0,2.0,2.0,2.0,0.0,0.0,2.5,3.29,2.87
D1,2017-12-09,MGladbach,Schalke 04,1713.1,1714.41,6.0,10.0,5.0,9.0,1.0,1.0,D,1.0,0.0,H,13.0,13.0,5.0,6.0,12.0,7.0,8.0,10.0,1.0,2.0,0.0,0.0,2.25,3.39,3.2
D1,2017-12-09,RB Leipzig,Mainz,1740.08,1605.3,4.0,7.0,3.0,5.0,2.0,2.0,D,2.0,1.0,H,12.0,13.0,7.0,9.0,16.0,17.0,6.0,4.0,2.0,3.0,0.0,0.0,1.39,4.75,8.0
D1,2017-12-10,Augsburg,Hertha,1647.61,1616.86,6.0,10.0,3.0,7.0,1.0,1.0,D,0.0,0.0,D,15.0,8.0,3.0,4.0,11.0,9.0,11.0,3.0,2.0,2.0,0.0,0.0,1.95,3.29,4.0
D1,2017-12-10,FC Koln,Freiburg,1570.75,1570.01,1.0,1.0,4.0,4.0,3.0,4.0,A,3.0,1.0,H,6.0,25.0,3.0,11.0,20.0,14.0,4.0,9.0,3.0,3.0,0.0,0.0,2.25,3.25,3.2
D1,2017-12-10,Hannover,Hoffenheim,1590.87,1683.71,1.0,4.0,4.0,7.0,2.0,0.0,H,0.0,0.0,D,12.0,9.0,3.0,5.0,12.0,15.0,2.0,1.0,2.0,5.0,0.0,0.0,2.7,3.39,2.5
D1,2017-12-12,Freiburg,MGladbach,1570.01,1713.1,7.0,7.0,4.0,8.0,1.0,0.0,H,1.0,0.0,H,24.0,5.0,5.0,3.0,7.0,12.0,5.0,3.0,0.0,2.0,0.0,0.0,3.39,3.39,2.14
D1,2017-12-12,Hamburg,Ein Frankfurt,1594.55,1622.94,5.0,8.0,3.0,7.0,1.0,2.0,A,1.0,2.0,A,21.0,10.0,6.0,6.0,6.0,26.0,9.0,3.0,0.0,4.0,0.0,0.0,2.6,3.2,2.79
D1,2017-12-12,Mainz,Dortmund,1605.3,1771.47,1.0,5.0,2.0,2.0,0.0,2.0,A,0.0,0.0,D,13.0,15.0,0.0,6.0,14.0,6.0,2.0,6.0,0.0,0.0,0.0,0.0,5.0,4.0,1.61
D1,2017-12-12,Wolfsburg,RB Leipzig,1641.3,1740.08,4.0,8.0,4.0,8.0,1.0,1.0,D,1.0,0.0,H,13.0,14.0,5.0,5.0,8.0,16.0,6.0,9.0,2.0,4.0,0.0,1.0,3.0,3.6,2.29
D1,2017-12-13,Bayern Munich,FC Koln,1946.88,1570.75,6.0,12.0,1.0,1.0,1.0,0.0,H,0.0,0.0,D,26.0,7.0,8.0,1.0,7.0,12.0,13.0,1.0,0.0,0.0,0.0,0.0,1.08,12.0,26.0
D1,2017-12-13,Hertha,Hannover,1616.86,1590.87,4.0,5.0,4.0,4.0,3.0,1.0,H,2.0,0.0,H,15.0,20.0,9.0,6.0,10.0,12.0,5.0,8.0,2.0,3.0,0.0,0.0,2.0,3.29,4.0
D1,2017-12-13,Hoffenheim,Stuttgart,1683.71,1587.6,3.0,7.0,1.0,4.0,1.0,0.0,H,0.0,0.0,D,11.0,9.0,3.0,3.0,12.0,15.0,0.0,3.0,1.0,1.0,0.0,0.0,1.9,3.6,4.0
D1,2017-12-13,Leverkusen,Werder Bremen,1712.43,1619.37,7.0,9.0,6.0,9.0,1.0,0.0,H,1.0,0.0,H,15.0,6.0,7.0,2.0,10.0,24.0,5.0,1.0,0.0,3.0,0.0,0.0,1.44,4.75,7.0
D1,2017-12-13,Schalke 04,Augsburg,1714.41,1647.61,3.0,9.0,7.0,8.0,3.0,2.0,H,1.0,0.0,H,8.0,15.0,5.0,7.0,11.0,17.0,2.0,3.0,3.0,2.0,0.0,0.0,1.83,3.6,4.5
D1,2017-12-15,MGladbach,Hamburg,1680.6,1579.41,1.0,7.0,2.0,5.0,3.0,1.0,H,1.0,0.0,H,13.0,8.0,5.0,3.0,7.0,16.0,9.0,4.0,0.0,3.0,0.0,0.0,1.8,3.6,4.5
D1,2017-12-16,Augsburg,Freiburg,1643.64,1580.57,4.0,7.0,7.0,10.0,3.0,3.0,D,1.0,1.0,D,17.0,9.0,8.0,6.0,6.0,14.0,11.0,4.0,1.0,3.0,0.0,0.0,1.75,3.6,5.0
D1,2017-12-16,Dortmund,Hoffenheim,1757.63,1677.0,4.0,5.0,6.0,7.0,2.0,1.0,H,0.0,1.0,A,18.0,12.0,3.0,5.0,7.0,13.0,6.0,4.0,0.0,0.0,0.0,0.0,1.5,4.33,6.5
D1,2017-12-16,Ein Frankfurt,Schalke 04,1631.23,1708.58,6.0,7.0,5.0,9.0,2.0,2.0,D,1.0,0.0,H,6.0,15.0,2.0,5.0,21.0,20.0,4.0,6.0,4.0,2.0,0.0,0.0,2.5,3.1,3.1
D1,2017-12-16,FC Koln,Wolfsburg,1553.01,1648.08,1.0,1.0,5.0,8.0,1.0,0.0,H,0.0,0.0,D,18.0,8.0,7.0,5.0,8.0,13.0,5.0,4.0,2.0,1.0,0.0,0.0,3.6,3.5,2.04
D1,2017-12-16,Stuttgart,Bayern Munich,1561.96,1951.29,0.0,4.0,9.0,12.0,0.0,1.0,A,0.0,0.0,D,10.0,17.0,4.0,7.0,18.0,14.0,9.0,7.0,2.0,2.0,0.0,0.0,10.0,5.0,1.33
D1,2017-12-16,Werder Bremen,Mainz,1625.74,1583.26,6.0,9.0,1.0,4.0,2.0,2.0,D,2.0,0.0,H,14.0,9.0,7.0,3.0,13.0,22.0,8.0,5.0,2.0,3.0,0.0,0.0,1.95,3.5,4.0
D1,2017-12-17,Hannover,Leverkusen,1585.72,1718.19,3.0,4.0,7.0,11.0,4.0,4.0,D,3.0,2.0,H,18.0,20.0,7.0,10.0,9.0,16.0,6.0,5.0,0.0,1.0,0.0,0.0,4.33,3.79,1.8
D1,2017-12-17,RB Leipzig,Hertha,1701.89,1606.86,2.0,6.0,4.0,7.0,2.0,3.0,A,0.0,2.0,A,22.0,7.0,7.0,5.0,13.0,11.0,6.0,1.0,1.0,3.0,0.0,1.0,1.57,3.79,6.0
D1,2018-01-12,Leverkusen,Bayern Munich,1716.16,1952.97,7.0,11.0,9.0,12.0,1.0,3.0,A,0.0,1.0,A,12.0,16.0,1.0,6.0,11.0,11.0,6.0,6.0,2.0,2.0,0.0,0.0,4.2,3.79,1.83
D1,2018-01-13,Augsburg,Hamburg,1640.25,1573.45,2.0,8.0,1.0,5.0,1.0,0.0,H,1.0,0.0,H,15.0,9.0,5.0,6.0,5.0,12.0,6.0,4.0,1.0,1.0,0.0,0.0,1.95,3.39,4.2
D1,2018-01-13,Ein Frankfurt,Freiburg,1631.74,1583.96,4.0,7.0,7.0,11.0,1.0,1.0,D,1.0,0.0,H,15.0,2.0,4.0,1.0,14.0,18.0,9.0,2.0,0.0,0.0,0.0,0.0,1.85,3.5,4.5
D1,2018-01-13,Hannover,Mainz,1587.76,1586.12,4.0,5.0,2.0,2.0,3.0,2.0,H,2.0,2.0,D,25.0,11.0,9.0,5.0,13.0,16.0,8.0,8.0,0.0,2.0,0.0,0.0,2.2,3.39,3.29
D1,2018-01-13,RB Leipzig,Schalke 04,1690.03,1708.07,2.0,5.0,5.0,7.0,3.0,1.0,H,1.0,0.0,H,15.0,10.0,9.0,6.0,16.0,19.0,4.0,4.0,2.0,2.0,0.0,0.0,2.1,3.39,3.6
D1,2018-01-13,Stuttgart,Hertha,1560.28,1618.72,0.0,1.0,7.0,10.0,1.0,0.0,H,0.0,0.0,D,7.0,10.0,2.0,1.0,8.0,9.0,4.0,4.0,1.0,0.0,0.0,0.0,2.14,3.29,3.6
D1,2018-01-13,Werder Bremen,Hoffenheim,1622.88,1672.46,4.0,7.0,3.0,6.0,1.0,1.0,D,0.0,1.0,A,16.0,11.0,3.0,2.0,14.0,18.0,6.0,8.0,1.0,3.0,0.0,0.0,2.6,3.39,2.75
D1,2018-01-14,Dortmund,Wolfsburg,1762.16,1638.99,6.0,8.0,2.0,5.0,0.0,0.0,D,0.0,0.0,D,19.0,10.0,1.0,4.0,10.0,11.0,6.0,7.0,1.0,1.0,0.0,0.0,1.39,5.0,7.5
D1,2018-01-14,FC Koln,MGladbach,1562.11,1686.56,3.0,4.0,4.0,7.0,2.0,1.0,H,1.0,0.0,H,11.0,16.0,3.0,6.0,17.0,14.0,3.0,3.0,2.0,3.0,0.0,0.0,3.29,3.5,2.14
D1,2018-01-19,Hertha,Dortmund,1610.81,1757.25,6.0,7.0,7.0,8.0,1.0,1.0,D,0.0,0.0,D,9.0,11.0,2.0,4.0,15.0,11.0,3.0,5.0,3.0,1.0,0.0,0.0,3.29,3.39,2.2
D1,2018-01-20,Freiburg,RB Leipzig,1587.01,1699.57,5.0,9.0,4.0,5.0,2.0,1.0,H,0.0,0.0,D,9.0,12.0,4.0,3.0,12.0,12.0,6.0,6.0,0.0,0.0,0.0,0.0,3.5,3.5,2.1
D1,2018-01-20,Hamburg,FC Koln,1568.43,1571.71,0.0,2.0,6.0,7.0,0.0,2.0,A,0.0,1.0,A,13.0,9.0,3.0,2.0,21.0,13.0,9.0,3.0,3.0,3.0,0.0,0.0,2.2,3.29,3.39
D1,2018-01-20,Hoffenheim,Leverkusen,1672.81,1710.75,4.0,7.0,4.0,8.0,1.0,4.0,A,0.0,1.0,A,13.0,13.0,3.0,6.0,18.0,16.0,4.0,1.0,2.0,1.0,0.0,0.0,2.87,3.6,2.37
D1,2018-01-20,Mainz,Stuttgart,1579.7,1568.19,1.0,2.0,3.0,3.0,3.0,2.0,H,1.0,1.0,D,21.0,8.0,12.0,5.0,9.0,8.0,7.0,3.0,2.0,4.0,0.0,0.0,2.6,3.2,2.87
D1,2018-01-20,MGladbach,Augsburg,1676.96,1645.27,3.0,4.0,4.0,8.0,2.0,0.0,H,1.0,0.0,H,16.0,16.0,6.0,3.0,9.0,11.0,8.0,5.0,0.0,1.0,0.0,0.0,2.1,3.6,3.39
D1,2018-01-20,Wolfsburg,Ein Frankfurt,1643.9,1628.69,2.0,6.0,5.0,8.0,1.0,3.0,A,0.0,2.0,A,13.0,18.0,4.0,6.0,12.0,19.0,4.0,3.0,4.0,2.0,1.0,0.0,2.2,3.2,3.6
D1,2018-01-21,Bayern Munich,Werder Bremen,1958.37,1622.54,9.0,15.0,2.0,8.0,4.0,2.0,H,1.0,1.0,D,15.0,10.0,7.0,4.0,7.0,20.0,4.0,7.0,0.0,2.0,0.0,0.0,1.12,10.0,17.0
D1,2018-01-21,Schalke 04,Hannover,1698.54,1594.18,4.0,6.0,4.0,7.0,1.0,1.0,D,1.0,0.0,H,5.0,11.0,2.0,4.0,19.0,13.0,1.0,2.0,2.0,1.0,0.0,0.0,1.57,3.79,6.5
D1,2018-01-26,Ein Frankfurt,MGladbach,1628.69,1676.96,5.0,8.0,6.0,7.0,2.0,0.0,H,1.0,0.0,H,9.0,14.0,2.0,2.0,14.0,14.0,4.0,4.0,5.0,2.0,0.0,0.0,2.45,3.39,2.89
D1,2018-01-27,Bayern Munich,Hoffenheim,1958.37,1672.81,9.0,15.0,1.0,4.0,5.0,2.0,H,2.0,2.0,D,22.0,6.0,11.0,4.0,8.0,19.0,3.0,4.0,0.0,2.0,0.0,0.0,1.19,7.0,13.0
D1,2018-01-27,Dortmund,Freiburg,1757.25,1587.01,5.0,8.0,5.0,11.0,2.0,2.0,D,1.0,1.0,D,12.0,4.0,4.0,3.0,11.0,12.0,5.0,2.0,1.0,0.0,0.0,0.0,1.39,5.0,7.5
D1,2018-01-27,FC Koln,Augsburg,1571.71,1645.27,9.0,9.0,4.0,5.0,1.0,1.0,D,1.0,0.0,H,12.0,11.0,5.0,3.0,12.0,16.0,6.0,6.0,3.0,3.0,0.0,0.0,2.79,3.25,2.6
D1,2018-01-27,RB Leipzig,Hamburg,1699.57,1568.43,3.0,5.0,0.0,1.0,1.0,1.0,D,1.0,1.0,D,14.0,8.0,5.0,2.0,14.0,19.0,3.0,3.0,0.0,2.0,0.0,0.0,1.5,4.2,7.0
D1,2018-01-27,Stuttgart,Schalke 04,1568.19,1698.54,3.0,3.0,2.0,6.0,0.0,2.0,A,0.0,2.0,A,11.0,18.0,2.0,7.0,15.0,11.0,4.0,6.0,2.0,1.0,0.0,0.0,2.89,3.25,2.5
D1,2018-01-27,Werder Bremen,Hertha,1622.54,1610.81,2.0,5.0,4.0,8.0,0.0,0.0,D,0.0,0.0,D,18.0,5.0,7.0,2.0,13.0,20.0,2.0,2.0,3.0,2.0,0.0,0.0,2.2,3.39,3.29
D1,2018-01-28,Hannover,Wolfsburg,1594.18,1643.9,5.0,8.0,1.0,3.0,0.0,1.0,A,0.0,0.0,D,15.0,7.0,3.0,2.0,15.0,15.0,7.0,0.0,2.0,3.0,0.0,0.0,2.29,3.39,3.1
D1,2018-01-28,Leverkusen,Mainz,1710.75,1579.7,4.0,10.0,4.0,5.0,2.0,0.0,H,0.0,0.0,D,12.0,4.0,3.0,1.0,10.0,14.0,13.0,0.0,1.0,2.0,0.0,0.0,1.39,5.0,7.5
D1,2018-02-02,FC Koln,Dortmund,1584.97,1749.32,7.0,10.0,3.0,9.0,2.0,3.0,A,0.0,1.0,A,16.0,17.0,5.0,7.0,13.0,16.0,5.0,2.0,2.0,1.0,0.0,0.0,5.0,3.79,1.7
D1,2018-02-03,Freiburg,Leverkusen,1601.78,1730.22,5.0,9.0,6.0,10.0,0.0,0.0,D,0.0,0.0,D,11.0,15.0,5.0,3.0,19.0,11.0,2.0,4.0,7.0,1.0,0.0,0.0,4.0,3.79,1.85
D1,2018-02-03,Hertha,Hoffenheim,1615.1,1655.71,2.0,8.0,1.0,4.0,1.0,1.0,D,0.0,1.0,A,6.0,17.0,3.0,4.0,13.0,13.0,0.0,5.0,0.0,2.0,0.0,0.0,2.62,3.29,2.75
D1,2018-02-03,Mainz,Bayern Munich,1580.87,1962.5,3.0,4.0,9.0,15.0,0.0,2.0,A,0.0,2.0,A,16.0,13.0,4.0,6.0,10.0,15.0,3.0,5.0,0.0,3.0,0.0,0.0,10.0,5.25,1.3
D1,2018-02-03,MGladbach,RB Leipzig,1674.38,1685.28,3.0,6.0,4.0,5.0,0.0,1.0,A,0.0,0.0,D,10.0,16.0,3.0,6.0,13.0,10.0,1.0,7.0,2.0,2.0,0.0,0.0,2.5,3.39,2.79
D1,2018-02-03,Schalke 04,Werder Bremen,1702.78,1618.94,4.0,8.0,2.0,3.0,1.0,2.0,A,1.0,0.0,H,15.0,12.0,6.0,7.0,15.0,16.0,3.0,2.0,3.0,1.0,1.0,0.0,1.75,3.79,4.75
D1,2018-02-03,Wolfsburg,Stuttgart,1638.37,1553.44,4.0,5.0,3.0,3.0,1.0,1.0,D,1.0,0.0,H,15.0,13.0,5.0,2.0,12.0,10.0,3.0,6.0,0.0,2.0,0.0,0.0,2.25,3.29,3.29
D1,2018-02-04,Augsburg,Ein Frankfurt,1637.57,1653.49,4.0,5.0,7.0,11.0,3.0,0.0,H,1.0,0.0,H,15.0,8.0,7.0,2.0,12.0,11.0,1.0,2.0,1.0,1.0,0.0,0.0,2.35,3.29,3.1
D1,2018-02-04,Hamburg,Hannover,1560.03,1589.91,1.0,1.0,4.0,5.0,1.0,1.0,D,0.0,1.0,A,16.0,14.0,3.0,7.0,14.0,18.0,8.0,3.0,2.0,1.0,1.0,0.0,2.25,3.29,3.29
D1,2018-02-09,RB Leipzig,Augsburg,1685.28,1637.57,4.0,7.0,4.0,8.0,2.0,0.0,H,1.0,0.0,H,23.0,12.0,9.0,2.0,12.0,17.0,6.0,7.0,0.0,2.0,0.0,0.0,1.7,3.79,5.0
D1,2018-02-10,Bayern Munich,Schalke 04,1962.5,1702.78,9.0,15.0,4.0,5.0,2.0,1.0,H,2.0,1.0,H,13.0,9.0,5.0,3.0,15.0,15.0,4.0,3.0,2.0,2.0,0.0,0.0,1.28,6.0,9.5
D1,2018-02-10,Dortmund,Hamburg,1749.32,1560.03,5.0,9.0,2.0,2.0,2.0,0.0,H,0.0,0.0,D,10.0,8.0,3.0,2.0,13.0,12.0,2.0,4.0,0.0,1.0,0.0,0.0,1.33,5.25,9.0
D1,2018-02-10,Ein Frankfurt,FC Koln,1653.49,1584.97,6.0,8.0,4.0,10.0,4.0,2.0,H,1.0,0.0,H,13.0,8.0,8.0,4.0,19.0,18.0,4.0,1.0,2.0,1.0,0.0,0.0,1.9,3.5,4.2
D1,2018-02-10,Hannover,Freiburg,1589.91,1601.78,2.0,6.0,5.0,7.0,2.0,1.0,H,1.0,0.0,H,13.0,12.0,6.0,4.0,13.0,7.0,3.0,4.0,0.0,2.0,0.0,0.0,2.1,3.5,3.5
D1,2018-02-10,Hoffenheim,Mainz,1655.71,1580.87,1.0,2.0,3.0,4.0,4.0,2.0,H,1.0,1.0,D,24.0,6.0,9.0,2.0,13.0,19.0,5.0,2.0,4.0,3.0,0.0,0.0,1.61,4.0,5.25
D1,2018-02-10,Leverkusen,Hertha,1730.22,1615.1,7.0,8.0,3.0,6.0,0.0,2.0,A,0.0,1.0,A,15.0,9.0,6.0,4.0,18.0,16.0,9.0,4.0,2.0,2.0,0.0,0.0,1.53,4.33,6.0
D1,2018-02-11,Stuttgart,MGladbach,1553.44,1674.38,1.0,4.0,3.0,6.0,1.0,0.0,H,1.0,0.0,H,7.0,12.0,2.0,4.0,11.0,11.0,1.0,8.0,1.0,0.0,0.0,0.0,2.5,3.39,2.79
D1,2018-02-11,Werder Bremen,Wolfsburg,1618.94,1638.37,4.0,6.0,4.0,5.0,3.0,1.0,H,2.0,0.0,H,12.0,13.0,5.0,5.0,16.0,11.0,6.0,8.0,1.0,5.0,0.0,0.0,2.14,3.39,3.39
D1,2018-02-16,Hertha,Mainz,1632.06,1571.74,5.0,6.0,0.0,3.0,0.0,2.0,A,0.0,1.0,A,9.0,13.0,1.0,7.0,15.0,16.0,6.0,4.0,0.0,3.0,0.0,0.0,2.0,3.39,4.0
D1,2018-02-17,FC Koln,Hannover,1572.25,1597.45,1.0,7.0,4.0,8.0,1.0,1.0,D,1.0,1.0,D,5.0,15.0,1.0,7.0,15.0,18.0,5.0,4.0,2.0,3.0,0.0,0.0,2.29,3.39,3.1
D1,2018-02-17,Freiburg,Werder Bremen,1597.03,1639.59,2.0,6.0,7.0,8.0,1.0,0.0,H,1.0,0.0,H,7.0,9.0,3.0,3.0,13.0,16.0,0.0,5.0,2.0,2.0,0.0,0.0,2.5,3.29,2.89
D1,2018-02-17,Hamburg,Leverkusen,1555.55,1710.76,2.0,2.0,4.0,7.0,1.0,2.0,A,0.0,1.0,A,11.0,16.0,3.0,5.0,15.0,9.0,4.0,3.0,2.0,2.0,0.0,0.0,3.79,3.5,2.0
D1,2018-02-17,Schalke 04,Hoffenheim,1689.64,1662.87,3.0,4.0,4.0,5.0,2.0,1.0,H,2.0,0.0,H,9.0,12.0,6.0,4.0,18.0,18.0,4.0,3.0,2.0,6.0,0.0,0.0,2.1,3.5,3.5
D1,2018-02-17,Wolfsburg,Bayern Munich,1625.26,1966.67,4.0,5.0,9.0,15.0,1.0,2.0,A,1.0,0.0,H,3.0,18.0,1.0,5.0,14.0,15.0,4.0,8.0,4.0,3.0,0.0,0.0,8.5,5.0,1.36
D1,2018-02-18,Augsburg,Stuttgart,1641.82,1566.52,4.0,7.0,4.0,7.0,0.0,1.0,A,0.0,1.0,A,8.0,16.0,2.0,6.0,16.0,16.0,4.0,7.0,4.0,1.0,0.0,0.0,2.04,3.39,3.75
D1,2018-02-18,MGladbach,Dortmund,1656.14,1758.32,0.0,3.0,7.0,9.0,0.0,1.0,A,0.0,1.0,A,28.0,8.0,11.0,2.0,15.0,16.0,6.0,5.0,3.0,3.0,0.0,0.0,3.0,3.6,2.29
D1,2018-02-19,Ein Frankfurt,RB Leipzig,1648.86,1702.15,6.0,10.0,7.0,10.0,2.0,1.0,H,2.0,1.0,H,12.0,10.0,3.0,2.0,18.0,13.0,7.0,5.0,6.0,2.0,0.0,0.0,2.5,3.39,2.79
D1,2018-02-23,Mainz,Wolfsburg,1571.74,1625.26,3.0,6.0,1.0,4.0,1.0,1.0,D,1.0,1.0,D,13.0,8.0,4.0,2.0,12.0,13.0,2.0,3.0,0.0,0.0,0.0,0.0,2.14,3.39,3.5
D1,2018-02-24,Bayern Munich,Hertha,1966.67,1632.06,9.0,15.0,4.0,6.0,0.0,0.0,D,0.0,0.0,D,19.0,5.0,6.0,3.0,11.0,12.0,9.0,2.0,0.0,0.0,0.0,0.0,1.16,7.5,17.0
D1,2018-02-24,Hannover,MGladbach,1597.45,1656.14,5.0,6.0,0.0,3.0,0.0,1.0,A,0.0,0.0,D,20.0,15.0,5.0,4.0,14.0,11.0,10.0,6.0,2.0,1.0,0.0,0.0,2.62,3.39,2.7
D1,2018-02-24,Hoffenheim,Freiburg,1662.87,1597.03,4.0,4.0,4.0,8.0,1.0,1.0,D,0.0,0.0,D,12.0,7.0,4.0,3.0,12.0,19.0,4.0,2.0,1.0,1.0,0.0,0.0,1.66,4.2,4.75
D1,2018-02-24,Stuttgart,Ein Frankfurt,1566.52,1648.86,7.0,7.0,6.0,12.0,1.0,0.0,H,1.0,0.0,H,13.0,7.0,5.0,0.0,16.0,15.0,4.0,3.0,2.0,2.0,0.0,0.0,2.37,3.2,3.25
D1,2018-02-24,Werder Bremen,Hamburg,1639.59,1555.55,6.0,7.0,1.0,2.0,1.0,0.0,H,0.0,0.0,D,14.0,6.0,3.0,1.0,16.0,15.0,11.0,2.0,1.0,1.0,0.0,0.0,1.83,3.6,4.5
D1,2018-02-25,Leverkusen,Schalke 04,1710.76,1689.64,4.0,10.0,3.0,7.0,0.0,2.0,A,0.0,1.0,A,9.0,10.0,5.0,6.0,15.0,18.0,7.0,3.0,4.0,4.0,1.0,0.0,1.9,3.6,4.0
D1,2018-02-25,RB Leipzig,FC Koln,1702.15,1572.25,6.0,7.0,1.0,5.0,1.0,2.0,A,1.0,0.0,H,15.0,14.0,3.0,5.0,12.0,10.0,3.0,7.0,1.0,1.0,0.0,0.0,1.55,4.0,6.5
D1,2018-02-26,Dortmund,Augsburg,1758.32,1641.82,9.0,11.0,3.0,4.0,1.0,1.0,D,1.0,0.0,H,9.0,13.0,2.0,6.0,8.0,15.0,3.0,3.0,0.0,3.0,0.0,0.0,1.44,4.5,7.0
D1,2018-03-02,MGladbach,Werder Bremen,1666.75,1646.03,3.0,3.0,6.0,10.0,2.0,2.0,D,2.0,0.0,H,10.0,17.0,5.0,6.0,13.0,20.0,5.0,6.0,2.0,3.0,0.0,0.0,1.95,3.5,4.0
D1,2018-03-03,Augsburg,Hoffenheim,1644.77,1663.06,1.0,5.0,4.0,5.0,0.0,2.0,A,0.0,1.0,A,8.0,17.0,2.0,6.0,11.0,18.0,8.0,5.0,0.0,2.0,0.0,0.0,2.89,3.39,2.45
D1,2018-03-03,Ein Frankfurt,Hannover,1657.75,1599.34,6.0,9.0,4.0,5.0,1.0,0.0,H,1.0,0.0,H,13.0,7.0,7.0,2.0,21.0,16.0,5.0,1.0,3.0,2.0,0.0,0.0,1.75,3.6,5.0
D1,2018-03-03,Hamburg,Mainz,1554.43,1596.08,0.0,2.0,4.0,4.0,0.0,0.0,D,0.0,0.0,D,18.0,5.0,6.0,2.0,15.0,14.0,11.0,1.0,4.0,5.0,0.0,1.0,2.25,3.29,3.39
D1,2018-03-03,RB Leipzig,Dortmund,1703.39,1778.38,3.0,7.0,7.0,11.0,1.0,1.0,D,1.0,1.0,D,11.0,4.0,3.0,2.0,15.0,12.0,2.0,3.0,0.0,4.0,0.0,0.0,2.39,3.5,2.87
D1,2018-03-03,Schalke 04,Hertha,1718.71,1633.55,6.0,9.0,4.0,6.0,1.0,0.0,H,1.0,0.0,H,7.0,11.0,4.0,3.0,16.0,16.0,2.0,6.0,0.0,1.0,0.0,0.0,1.66,3.6,6.0
D1,2018-03-03,Wolfsburg,Leverkusen,1632.8,1711.26,1.0,5.0,3.0,7.0,1.0,2.0,A,0.0,1.0,A,7.0,17.0,2.0,4.0,28.0,9.0,3.0,2.0,7.0,1.0,1.0,0.0,3.29,3.39,2.2
D1,2018-03-04,FC Koln,Stuttgart,1593.01,1595.72,4.0,5.0,9.0,10.0,2.0,3.0,A,1.0,2.0,A,12.0,9.0,4.0,4.0,13.0,13.0,3.0,3.0,1.0,3.0,0.0,0.0,2.45,3.25,3.0
D1,2018-03-04,Freiburg,Bayern Munich,1616.6,1973.92,4.0,6.0,7.0,13.0,0.0,4.0,A,0.0,2.0,A,5.0,17.0,1.0,4.0,8.0,8.0,4.0,5.0,1.0,0.0,0.0,0.0,10.0,5.5,1.3
D1,2018-03-09,Mainz,Schalke 04,1596.08,1718.71,5.0,5.0,9.0,9.0,0.0,1.0,A,0.0,0.0,D,16.0,6.0,4.0,2.0,12.0,17.0,5.0,6.0,2.0,2.0,0.0,0.0,3.6,3.29,2.1
D1,2018-03-10,Bayern Munich,Hamburg,1973.92,1554.43,7.0,13.0,1.0,2.0,6.0,0.0,H,3.0,0.0,H,18.0,1.0,7.0,0.0,4.0,9.0,11.0,1.0,1.0,2.0,0.0,0.0,1.12,9.0,21.0
D1,2018-03-10,Hannover,Augsburg,1599.34,1644.77,1.0,5.0,1.0,4.0,1.0,3.0,A,1.0,2.0,A,17.0,17.0,5.0,8.0,13.0,16.0,3.0,6.0,2.0,2.0,0.0,0.0,2.14,3.39,3.39
D1,2018-03-10,Hertha,Freiburg,1633.55,1616.6,1.0,5.0,4.0,5.0,0.0,0.0,D,0.0,0.0,D,12.0,5.0,4.0,0.0,7.0,14.0,5.0,4.0,1.0,0.0,0.0,0.0,2.1,3.25,3.79
D1,2018-03-10,Hoffenheim,Wolfsburg,1663.06,1632.8,4.0,8.0,1.0,2.0,3.0,0.0,H,1.0,0.0,H,17.0,6.0,6.0,1.0,7.0,7.0,11.0,4.0,1.0,1.0,0.0,0.0,1.66,4.0,5.0
D1,2018-03-10,Leverkusen,MGladbach,1711.26,1666.75,6.0,7.0,4.0,4.0,2.0,0.0,H,1.0,0.0,H,17.0,9.0,7.0,2.0,12.0,15.0,3.0,5.0,0.0,3.0,0.0,0.0,1.7,3.89,5.0
D1,2018-03-11,Dortmund,Ein Frankfurt,1778.38,1657.75,5.0,11.0,6.0,9.0,3.0,2.0,H,1.0,0.0,H,13.0,10.0,4.0,3.0,17.0,10.0,5.0,8.0,3.0,3.0,0.0,0.0,1.75,3.6,5.0
D1,2018-03-11,Stuttgart,RB Leipzig,1595.72,1703.39,9.0,13.0,1.0,7.0,0.0,0.0,D,0.0,0.0,D,12.0,8.0,2.0,3.0,16.0,12.0,3.0,5.0,0.0,2.0,0.0,0.0,2.62,3.39,2.62
D1,2018-03-12,Werder Bremen,FC Koln,1646.03,1593.01,4.0,10.0,4.0,4.0,3.0,1.0,H,1.0,0.0,H,13.0,8.0,6.0,2.0,14.0,12.0,7.0,3.0,0.0,3.0,0.0,0.0,1.83,3.75,4.2
D1,2018-03-16,Freiburg,Stuttgart,1612.89,1604.63,2.0,5.0,7.0,13.0,1.0,2.0,A,0.0,1.0,A,7.0,10.0,2.0,5.0,10.0,9.0,1.0,3.0,2.0,1.0,0.0,0.0,2.62,3.2,2.79
D1,2018-03-17,Augsburg,Werder Bremen,1642.37,1653.69,4.0,4.0,7.0,10.0,1.0,3.0,A,0.0,2.0,A,15.0,20.0,6.0,12.0,13.0,15.0,8.0,7.0,2.0,1.0,0.0,0.0,2.5,3.1,3.1
D1,2018-03-17,Ein Frankfurt,Mainz,1657.06,1588.57,3.0,9.0,2.0,5.0,3.0,0.0,H,3.0,0.0,H,15.0,13.0,6.0,1.0,9.0,9.0,4.0,6.0,0.0,1.0,0.0,0.0,1.61,3.79,6.0
D1,2018-03-17,Hamburg,Hertha,1550.31,1625.01,1.0,1.0,2.0,5.0,1.0,2.0,A,1.0,0.0,H,9.0,16.0,3.0,9.0,12.0,14.0,1.0,6.0,1.0,3.0,0.0,0.0,2.54,3.0,3.0
D1,2018-03-17,MGladbach,Hoffenheim,1655.29,1683.33,4.0,4.0,7.0,10.0,3.0,3.0,D,1.0,1.0,D,23.0,13.0,7.0,6.0,11.0,15.0,9.0,3.0,0.0,1.0,0.0,0.0,2.75,3.39,2.54
D1,2018-03-17,Wolfsburg,Schalke 04,1614.26,1727.81,1.0,1.0,9.0,12.0,0.0,1.0,A,0.0,0.0,D,17.0,10.0,3.0,2.0,12.0,18.0,5.0,2.0,0.0,1.0,0.0,0.0,3.5,3.25,2.2
D1,2018-03-18,Dortmund,Hannover,1769.7,1580.14,5.0,11.0,0.0,4.0,1.0,0.0,H,1.0,0.0,H,25.0,8.0,9.0,4.0,14.0,10.0,12.0,2.0,2.0,1.0,0.0,0.0,1.44,4.75,7.0
D1,2018-03-18,FC Koln,Leverkusen,1574.65,1724.34,3.0,4.0,6.0,9.0,2.0,0.0,H,1.0,0.0,H,7.0,10.0,3.0,3.0,15.0,7.0,2.0,2.0,3.0,1.0,0.0,1.0,5.0,3.75,1.72
D1,2018-03-18,RB Leipzig,Bayern Munich,1704.77,1979.3,2.0,5.0,7.0,13.0,2.0,1.0,H,1.0,1.0,D,16.0,9.0,6.0,2.0,16.0,14.0,3.0,6.0,3.0,4.0,0.0,0.0,5.0,4.33,1.6
D1,2018-03-31,Bayern Munich,Dortmund,1979.3,1769.7,6.0,10.0,7.0,11.0,6.0,0.0,H,5.0,0.0,H,17.0,9.0,9.0,3.0,4.0,7.0,2.0,1.0,1.0,1.0,0.0,0.0,1.36,5.0,8.0
D1,2018-03-31,Hannover,RB Leipzig,1580.14,1704.77,0.0,1.0,5.0,5.0,2.0,3.0,A,0.0,1.0,A,13.0,15.0,3.0,5.0,16.0,16.0,6.0,3.0,3.0,4.0,0.0,0.0,3.89,3.6,1.95
D1,2018-03-31,Hertha,Wolfsburg,1625.01,1614.26,4.0,5.0,0.0,1.0,0.0,0.0,D,0.0,0.0,D,9.0,9.0,2.0,1.0,15.0,12.0,4.0,5.0,1.0,3.0,0.0,1.0,2.04,3.29,3.6
D1,2018-03-31,Hoffenheim,FC Koln,1683.33,1574.65,7.0,8.0,3.0,7.0,6.0,0.0,H,1.0,0.0,H,18.0,4.0,11.0,1.0,13.0,10.0,4.0,8.0,1.0,0.0,0.0,0.0,1.53,4.5,5.75
D1,2018-03-31,Leverkusen,Augsburg,1724.34,1642.37,6.0,9.0,3.0,4.0,0.0,0.0,D,0.0,0.0,D,18.0,7.0,2.0,2.0,4.0,10.0,5.0,1.0,0.0,2.0,0.0,0.0,1.44,4.5,6.5
D1,2018-03-31,Schalke 04,Freiburg,1727.81,1612.89,9.0,15.0,1.0,5.0,2.0,0.0,H,0.0,0.0,D,16.0,6.0,7.0,0.0,19.0,16.0,2.0,2.0,2.0,2.0,0.0,1.0,1.55,3.79,6.5
D1,2018-03-31,Stuttgart,Hamburg,1604.63,1550.31,7.0,13.0,1.0,1.0,1.0,1.0,D,1.0,1.0,D,11.0,8.0,4.0,6.0,15.0,12.0,3.0,7.0,1.0,1.0,0.0,0.0,1.72,3.6,4.75
D1,2018-04-01,Mainz,MGladbach,1582.39,1656.92,1.0,5.0,2.0,5.0,0.0,0.0,D,0.0,0.0,D,14.0,11.0,5.0,2.0,14.0,8.0,7.0,6.0,0.0,1.0,0.0,0.0,2.45,3.39,2.75
D1,2018-04-01,Werder Bremen,Ein Frankfurt,1669.21,1668.32,7.0,10.0,6.0,9.0,2.0,1.0,H,1.0,0.0,H,11.0,11.0,6.0,6.0,16.0,9.0,6.0,3.0,2.0,0.0,0.0,0.0,2.37,3.25,3.0
D1,2018-04-06,Hannover,Werder Bremen,1574.23,1669.21,0.0,0.0,9.0,13.0,2.0,1.0,H,2.0,0.0,H,10.0,14.0,6.0,4.0,16.0,20.0,4.0,2.0,1.0,2.0,0.0,0.0,2.89,3.5,2.37
D1,2018-04-07,Augsburg,Bayern Munich,1635.77,1975.1,4.0,5.0,6.0,10.0,1.0,4.0,A,1.0,2.0,A,7.0,12.0,1.0,7.0,19.0,8.0,1.0,6.0,3.0,1.0,0.0,0.0,6.5,4.33,1.5
D1,2018-04-07,FC Koln,Mainz,1581.08,1582.39,3.0,6.0,1.0,3.0,1.0,1.0,D,1.0,0.0,H,15.0,12.0,8.0,4.0,13.0,19.0,8.0,3.0,4.0,5.0,0.0,1.0,2.0,3.5,3.75
D1,2018-04-07,Freiburg,Wolfsburg,1600.61,1612.5,1.0,2.0,1.0,2.0,0.0,2.0,A,0.0,1.0,A,13.0,11.0,1.0,2.0,16.0,14.0,9.0,3.0,0.0,1.0,0.0,0.0,2.5,3.1,3.1
D1,2018-04-07,Hamburg,Schalke 04,1548.73,1742.24,1.0,2.0,9.0,15.0,3.0,2.0,H,1.0,1.0,D,18.0,7.0,7.0,4.0,16.0,15.0,8.0,1.0,2.0,2.0,0.0,0.0,4.33,3.39,1.9
D1,2018-04-07,MGladbach,Hertha,1656.92,1632.87,2.0,6.0,5.0,6.0,2.0,1.0,H,0.0,1.0,A,10.0,13.0,3.0,6.0,13.0,20.0,4.0,5.0,1.0,2.0,0.0,0.0,1.7,3.5,5.75
D1,2018-04-08,Dortmund,Stuttgart,1767.49,1613.15,6.0,8.0,5.0,11.0,3.0,0.0,H,1.0,0.0,H,18.0,12.0,12.0,6.0,12.0,15.0,5.0,7.0,1.0,4.0,0.0,0.0,1.61,4.0,5.5
D1,2018-04-08,Ein Frankfurt,Hoffenheim,1668.32,1697.26,3.0,6.0,7.0,11.0,1.0,1.0,D,0.0,0.0,D,15.0,10.0,5.0,3.0,13.0,8.0,8.0,3.0,0.0,2.0,0.0,0.0,2.39,3.39,3.0
D1,2018-04-09,RB Leipzig,Leverkusen,1734.8,1708.64,7.0,8.0,4.0,7.0,1.0,4.0,A,1.0,1.0,D,19.0,13.0,4.0,7.0,8.0,7.0,8.0,9.0,0.0,0.0,0.0,0.0,2.29,3.5,3.0
D1,2018-04-13,Wolfsburg,Augsburg,1612.5,1635.77,4.0,4.0,1.0,4.0,0.0,0.0,D,0.0,0.0,D,17.0,9.0,4.0,2.0,18.0,17.0,7.0,5.0,2.0,4.0,1.0,1.0,2.14,3.29,3.6
D1,2018-04-14,Bayern Munich,MGladbach,1975.1,1656.92,6.0,12.0,5.0,6.0,5.0,1.0,H,2.0,1.0,H,20.0,4.0,11.0,1.0,9.0,9.0,6.0,0.0,2.0,1.0,0.0,0.0,1.33,5.75,8.0
D1,2018-04-14,Hertha,FC Koln,1632.87,1581.08,4.0,5.0,4.0,4.0,2.0,1.0,H,0.0,1.0,A,13.0,13.0,6.0,2.0,13.0,11.0,6.0,8.0,1.0,3.0,0.0,0.0,1.95,3.6,3.79
D1,2018-04-14,Hoffenheim,Hamburg,1697.26,1548.73,5.0,11.0,4.0,5.0,2.0,0.0,H,2.0,0.0,H,21.0,13.0,6.0,5.0,8.0,10.0,7.0,8.0,1.0,2.0,0.0,0.0,1.5,4.33,6.5
D1,2018-04-14,Leverkusen,Ein Frankfurt,1708.64,1668.32,4.0,10.0,4.0,7.0,4.0,1.0,H,1.0,1.0,D,11.0,7.0,6.0,1.0,15.0,8.0,2.0,2.0,3.0,4.0,0.0,0.0,1.8,3.79,4.33
D1,2018-04-14,Stuttgart,Hannover,1613.15,1574.23,4.0,8.0,3.0,3.0,1.0,1.0,D,0.0,0.0,D,12.0,9.0,5.0,3.0,12.0,11.0,10.0,4.0,1.0,2.0,0.0,0.0,1.9,3.6,4.0
D1,2018-04-15,Schalke 04,Dortmund,1726.42,1768.87,6.0,12.0,6.0,10.0,2.0,0.0,H,0.0,0.0,D,12.0,12.0,3.0,5.0,8.0,9.0,4.0,6.0,1.0,1.0,0.0,0.0,2.54,3.39,2.7
D1,2018-04-15,Werder Bremen,RB Leipzig,1662.44,1697.89,6.0,10.0,6.0,8.0,1.0,1.0,D,1.0,0.0,H,16.0,10.0,6.0,4.0,17.0,13.0,5.0,2.0,2.0,1.0,0.0,0.0,2.79,3.5,2.45
D1,2018-04-16,Mainz,Freiburg,1580.35,1583.27,2.0,3.0,0.0,1.0,2.0,0.0,H,1.0,0.0,H,14.0,11.0,3.0,0.0,16.0,10.0,4.0,4.0,1.0,2.0,0.0,0.0,2.29,3.29,3.2
D1,2018-04-20,MGladbach,Wolfsburg,1655.7,1620.06,4.0,5.0,5.0,5.0,3.0,0.0,H,3.0,0.0,H,16.0,7.0,6.0,2.0,18.0,16.0,8.0,5.0,0.0,2.0,0.0,0.0,1.8,3.79,4.5
D1,2018-04-21,Dortmund,Leverkusen,1768.87,1731.25,3.0,9.0,7.0,10.0,4.0,0.0,H,1.0,0.0,H,17.0,10.0,9.0,2.0,11.0,14.0,7.0,6.0,0.0,0.0,0.0,0.0,2.29,3.5,3.0
D1,2018-04-21,Ein Frankfurt,Hertha,1648.2,1628.23,1.0,4.0,4.0,8.0,0.0,3.0,A,0.0,0.0,D,13.0,4.0,3.0,3.0,9.0,16.0,5.0,0.0,1.0,1.0,1.0,0.0,1.95,3.39,4.2
D1,2018-04-21,Hamburg,Freiburg,1551.26,1583.27,4.0,4.0,0.0,1.0,1.0,0.0,H,0.0,0.0,D,11.0,11.0,5.0,4.0,12.0,15.0,10.0,4.0,3.0,3.0,0.0,1.0,2.04,3.39,3.75
D1,2018-04-21,Hannover,Bayern Munich,1581.5,1979.96,4.0,4.0,9.0,12.0,0.0,3.0,A,0.0,0.0,D,6.0,14.0,2.0,8.0,11.0,19.0,2.0,7.0,1.0,0.0,0.0,0.0,6.25,4.59,1.44
D1,2018-04-21,RB Leipzig,Hoffenheim,1697.89,1698.85,4.0,8.0,7.0,11.0,2.0,5.0,A,0.0,3.0,A,14.0,12.0,8.0,7.0,7.0,20.0,8.0,4.0,0.0,2.0,1.0,0.0,2.04,3.75,3.39
D1,2018-04-21,Stuttgart,Werder Bremen,1601.15,1662.44,2.0,6.0,4.0,10.0,2.0,0.0,H,1.0,0.0,H,11.0,9.0,5.0,3.0,8.0,18.0,3.0,5.0,1.0,2.0,0.0,0.0,2.39,3.29,3.0
D1,2018-04-22,Augsburg,Mainz,1629.26,1580.35,2.0,5.0,5.0,5.0,2.0,0.0,H,1.0,0.0,H,15.0,7.0,6.0,3.0,16.0,18.0,4.0,5.0,4.0,1.0,0.0,0.0,2.2,3.29,3.39
D1,2018-04-22,FC Koln,Schalke 04,1569.75,1726.42,1.0,4.0,6.0,12.0,2.0,2.0,D,1.0,2.0,A,11.0,21.0,3.0,7.0,9.0,22.0,5.0,7.0,0.0,0.0,0.0,0.0,3.75,3.5,2.0
D1,2018-04-27,Hoffenheim,Hannover,1698.85,1581.5,7.0,11.0,4.0,4.0,3.0,1.0,H,1.0,1.0,D,16.0,13.0,6.0,4.0,21.0,11.0,7.0,4.0,3.0,1.0,0.0,0.0,1.28,6.0,9.5
D1,2018-04-28,Bayern Munich,Ein Frankfurt,1979.96,1648.2,9.0,12.0,1.0,4.0,4.0,1.0,H,1.0,0.0,H,12.0,12.0,6.0,3.0,6.0,9.0,1.0,2.0,0.0,0.0,0.0,0.0,1.6,4.33,5.25
D1,2018-04-28,Freiburg,FC Koln,1583.27,1569.75,0.0,0.0,2.0,5.0,3.0,2.0,H,1.0,0.0,H,12.0,13.0,6.0,3.0,16.0,13.0,2.0,5.0,2.0,4.0,0.0,0.0,2.1,3.39,3.6
D1,2018-04-28,Hertha,Augsburg,1628.23,1629.26,6.0,10.0,4.0,5.0,2.0,2.0,D,0.0,1.0,A,8.0,12.0,5.0,3.0,9.0,14.0,6.0,3.0,0.0,2.0,0.0,1.0,2.04,3.25,3.79
D1,2018-04-28,Leverkusen,Stuttgart,1731.25,1601.15,6.0,7.0,4.0,8.0,0.0,1.0,A,0.0,0.0,D,24.0,4.0,7.0,1.0,13.0,12.0,6.0,2.0,2.0,0.0,0.0,0.0,1.39,4.75,8.0
D1,2018-04-28,Schalke 04,MGladbach,1726.42,1655.7,4.0,10.0,6.0,8.0,1.0,1.0,D,1.0,1.0,D,10.0,10.0,4.0,4.0,11.0,11.0,1.0,1.0,2.0,4.0,1.0,0.0,1.85,3.6,4.2
D1,2018-04-28,Wolfsburg,Hamburg,1620.06,1551.26,4.0,5.0,6.0,7.0,1.0,3.0,A,0.0,2.0,A,10.0,14.0,1.0,5.0,14.0,17.0,2.0,6.0,3.0,2.0,0.0,0.0,2.2,3.39,3.29
D1,2018-04-29,Mainz,RB Leipzig,1580.35,1697.89,4.0,5.0,1.0,7.0,3.0,0.0,H,1.0,0.0,H,16.0,6.0,9.0,1.0,24.0,9.0,7.0,8.0,2.0,4.0,0.0,1.0,3.75,3.39,2.04
D1,2018-04-29,Werder Bremen,Dortmund,1662.44,1768.87,1.0,7.0,6.0,9.0,1.0,1.0,D,1.0,1.0,D,19.0,17.0,6.0,6.0,8.0,9.0,7.0,5.0,1.0,2.0,0.0,0.0,3.79,3.75,1.9
D1,2018-05-05,Augsburg,Schalke 04,1636.23,1727.56,5.0,6.0,5.0,8.0,1.0,2.0,A,1.0,2.0,A,12.0,15.0,5.0,7.0,13.0,9.0,4.0,4.0,2.0,3.0,0.0,0.0,3.6,3.29,2.1
D1,2018-05-05,Dortmund,Mainz,1765.02,1594.43,4.0,7.0,6.0,8.0,1.0,2.0,A,1.0,2.0,A,12.0,7.0,4.0,5.0,16.0,17.0,4.0,2.0,3.0,3.0,0.0,0.0,1.3,5.5,10.0
D1,2018-05-05,Ein Frankfurt,Hamburg,1625.64,1571.26,0.0,1.0,6.0,10.0,3.0,0.0,H,1.0,0.0,H,14.0,14.0,10.0,4.0,14.0,5.0,3.0,7.0,2.0,0.0,0.0,0.0,1.95,3.5,4.0
D1,2018-05-05,FC Koln,Bayern Munich,1563.15,1972.92,1.0,2.0,9.0,15.0,1.0,3.0,A,1.0,0.0,H,10.0,16.0,3.0,9.0,11.0,8.0,4.0,7.0,1.0,0.0,0.0,0.0,11.0,6.5,1.25
D1,2018-05-05,Hannover,Hertha,1570.73,1640.87,1.0,4.0,7.0,8.0,3.0,1.0,H,3.0,0.0,H,11.0,16.0,5.0,2.0,11.0,15.0,4.0,6.0,2.0,4.0,0.0,0.0,2.7,3.39,2.62
D1,2018-05-05,MGladbach,Freiburg,1666.28,1570.57,4.0,8.0,3.0,3.0,3.0,1.0,H,1.0,0.0,H,18.0,18.0,5.0,6.0,6.0,8.0,7.0,3.0,0.0,3.0,0.0,0.0,1.8,3.6,4.75
D1,2018-05-05,RB Leipzig,Wolfsburg,1663.82,1591.1,1.0,4.0,1.0,5.0,4.0,1.0,H,2.0,0.0,H,13.0,10.0,7.0,5.0,11.0,10.0,2.0,5.0,0.0,1.0,0.0,0.0,1.61,4.0,5.5
D1,2018-05-05,Stuttgart,Hoffenheim,1621.73,1716.82,7.0,8.0,9.0,13.0,2.0,0.0,H,1.0,0.0,H,5.0,21.0,2.0,7.0,15.0,10.0,1.0,9.0,6.0,1.0,1.0,0.0,3.1,3.75,2.14
D1,2018-05-05,Werder Bremen,Leverkusen,1649.21,1704.54,2.0,5.0,3.0,7.0,0.0,0.0,D,0.0,0.0,D,3.0,9.0,0.0,1.0,14.0,18.0,3.0,1.0,3.0,5.0,0.0,0.0,3.79,4.0,1.85
D1,2018-05-12,Bayern Munich,Stuttgart,1972.92,1621.73,9.0,15.0,9.0,10.0,1.0,4.0,A,1.0,2.0,A,18.0,7.0,8.0,7.0,10.0,8.0,10.0,0.0,1.0,0.0,0.0,0.0,1.16,8.0,15.0
D1,2018-05-12,Freiburg,Augsburg,1570.57,1636.23,3.0,3.0,4.0,5.0,2.0,0.0,H,0.0,0.0,D,12.0,5.0,3.0,2.0,13.0,17.0,5.0,4.0,1.0,2.0,0.0,0.0,1.95,3.39,4.0
D1,2018-05-12,Hamburg,MGladbach,1571.26,1666.28,6.0,9.0,7.0,10.0,2.0,1.0,H,1.0,1.0,D,17.0,8.0,8.0,3.0,10.0,7.0,8.0,3.0,3.0,1.0,1.0,0.0,2.29,3.5,3.0
D1,2018-05-12,Hertha,RB Leipzig,1640.87,1663.82,4.0,7.0,3.0,4.0,2.0,6.0,A,1.0,3.0,A,8.0,17.0,4.0,10.0,12.0,11.0,3.0,6.0,1.0,1.0,0.0,0.0,4.2,3.75,1.85
D1,2018-05-12,Hoffenheim,Dortmund,1716.82,1765.02,6.0,10.0,4.0,7.0,3.0,1.0,H,1.0,0.0,H,12.0,10.0,8.0,4.0,4.0,7.0,2.0,3.0,0.0,0.0,0.0,0.0,2.2,3.79,3.0
D1,2018-05-12,Leverkusen,Hannover,1704.54,1570.73,1.0,7.0,3.0,7.0,3.0,2.0,H,2.0,0.0,H,27.0,11.0,8.0,4.0,9.0,11.0,5.0,2.0,2.0,2.0,0.0,0.0,1.19,7.0,13.0
D1,2018-05-12,Mainz,Werder Bremen,1594.43,1649.21,6.0,10.0,2.0,3.0,1.0,2.0,A,1.0,1.0,D,13.0,14.0,1.0,3.0,10.0,6.0,3.0,7.0,0.0,1.0,0.0,0.0,2.29,3.6,3.0
D1,2018-05-12,Schalke 04,Ein Frankfurt,1727.56,1625.64,5.0,8.0,3.0,4.0,1.0,0.0,H,1.0,0.0,H,11.0,6.0,5.0,2.0,10.0,12.0,4.0,3.0,0.0,2.0,0.0,0.0,2.29,3.5,3.0
D1,2018-05-12,Wolfsburg,FC Koln,1591.1,1563.15,0.0,4.0,1.0,2.0,4.0,1.0,H,1.0,1.0,D,16.0,6.0,8.0,1.0,12.0,17.0,5.0,10.0,2.0,3.0,0.0,0.0,1.64,4.0,5.25
D1,2018-08-24,Bayern Munich,Hoffenheim,1948.64,1716.56,6.0,12.0,6.0,12.0,3.0,1.0,H,1.0,0.0,H,16.0,8.0,5.0,5.0,2.0,21.0,7.0,2.0,1.0,4.0,0.0,0.0,1.2,7.5,12.0
D1,2018-08-25,Fortuna Dusseldorf,Augsburg,1476.39,1619.23,7.0,10.0,1.0,5.0,1.0,2.0,A,1.0,0.0,H,9.0,14.0,5.0,7.0,11.0,10.0,7.0,5.0,1.0,0.0,0.0,0.0,2.37,3.25,3.0
D1,2018-08-25,Freiburg,Ein Frankfurt,1577.85,1632.43,6.0,6.0,3.0,3.0,0.0,2.0,A,0.0,1.0,A,22.0,10.0,6.0,2.0,7.0,12.0,6.0,4.0,1.0,2.0,0.0,0.0,2.3,3.3,3.25
D1,2018-08-25,Hertha,Nurnberg,1613.99,1504.93,1.0,7.0,6.0,10.0,1.0,0.0,H,1.0,0.0,H,10.0,12.0,3.0,3.0,13.0,10.0,8.0,4.0,2.0,2.0,0.0,0.0,2.04,3.4,3.75
D1,2018-08-25,MGladbach,Leverkusen,1664.81,1710.25,4.0,7.0,4.0,7.0,2.0,0.0,H,0.0,0.0,D,17.0,13.0,7.0,3.0,10.0,10.0,9.0,5.0,1.0,2.0,0.0,0.0,2.8,3.5,2.45
D1,2018-08-25,Werder Bremen,Hannover,1659.27,1580.63,5.0,6.0,3.0,4.0,1.0,1.0,D,0.0,0.0,D,15.0,13.0,3.0,4.0,5.0,6.0,4.0,3.0,0.0,0.0,0.0,0.0,1.85,3.6,4.0
D1,2018-08-25,Wolfsburg,Schalke 04,1604.88,1740.85,3.0,4.0,7.0,11.0,2.0,1.0,H,1.0,0.0,H,11.0,9.0,7.0,4.0,16.0,11.0,7.0,2.0,5.0,3.0,0.0,1.0,3.1,3.3,2.37
D1,2018-08-26,Dortmund,RB Leipzig,1743.07,1695.99,1.0,4.0,6.0,7.0,4.0,1.0,H,3.0,1.0,H,10.0,10.0,5.0,7.0,8.0,11.0,7.0,9.0,2.0,2.0,0.0,0.0,1.72,3.8,4.75
D1,2018-08-26,Mainz,Stuttgart,1601.02,1664.26,6.0,9.0,9.0,13.0,1.0,0.0,H,0.0,0.0,D,8.0,12.0,3.0,3.0,15.0,6.0,6.0,3.0,1.0,2.0,0.0,0.0,2.7,3.25,2.7
D1,2018-08-31,Hannover,Dortmund,1580.63,1743.07,4.0,4.0,3.0,7.0,0.0,0.0,D,0.0,0.0,D,7.0,8.0,0.0,3.0,11.0,5.0,4.0,1.0,0.0,0.0,0.0,0.0,5.5,4.33,1.57
D1,2018-09-01,Augsburg,MGladbach,1626.56,1676.93,3.0,7.0,6.0,10.0,1.0,1.0,D,1.0,0.0,H,18.0,7.0,7.0,2.0,12.0,12.0,9.0,4.0,1.0,2.0,0.0,0.0,2.62,3.4,2.7
D1,2018-09-01,Ein Frankfurt,Werder Bremen,1645.55,1656.93,6.0,6.0,5.0,6.0,1.0,2.0,A,0.0,1.0,A,5.0,11.0,1.0,6.0,6.0,11.0,8.0,3.0,1.0,2.0,1.0,0.0,2.4,3.5,2.9
D1,2018-09-01,Hoffenheim,Freiburg,1715.09,1567.66,3.0,9.0,3.0,6.0,3.0,1.0,H,0.0,1.0,A,20.0,9.0,7.0,4.0,13.0,14.0,6.0,4.0,1.0,2.0,0.0,0.0,1.55,4.0,6.5
D1,2018-09-01,Leverkusen,Wolfsburg,1701.08,1616.5,4.0,4.0,6.0,6.0,1.0,3.0,A,1.0,1.0,D,16.0,12.0,3.0,5.0,13.0,13.0,5.0,3.0,3.0,3.0,0.0,0.0,1.61,4.33,5.0
D1,2018-09-01,Nurnberg,Mainz,1502.37,1610.65,3.0,9.0,6.0,9.0,1.0,1.0,D,0.0,1.0,A,19.0,6.0,4.0,1.0,10.0,11.0,5.0,1.0,2.0,2.0,0.0,0.0,2.37,3.3,3.1
D1,2018-09-01,Stuttgart,Bayern Munich,1657.56,1953.04,6.0,12.0,6.0,12.0,0.0,3.0,A,0.0,1.0,A,4.0,20.0,0.0,6.0,3.0,5.0,0.0,12.0,0.0,0.0,0.0,0.0,11.0,5.5,1.28
D1,2018-09-02,RB Leipzig,Fortuna Dusseldorf,1692.56,1472.0,6.0,6.0,4.0,10.0,1.0,1.0,D,0.0,0.0,D,23.0,14.0,7.0,8.0,11.0,15.0,3.0,3.0,1.0,4.0,0.0,0.0,1.4,4.75,8.0
D1,2018-09-02,Schalke 04,Hertha,1732.17,1619.48,6.0,8.0,3.0,7.0,0.0,2.0,A,0.0,1.0,A,16.0,5.0,4.0,3.0,16.0,15.0,9.0,0.0,1.0,1.0,1.0,0.0,1.75,3.6,5.0
D1,2018-09-14,Dortmund,Ein Frankfurt,1750.68,1645.55,4.0,5.0,3.0,6.0,3.0,1.0,H,1.0,0.0,H,10.0,5.0,6.0,2.0,11.0,11.0,7.0,1.0,0.0,1.0,0.0,0.0,1.4,5.0,7.5
D1,2018-09-15,Bayern Munich,Leverkusen,1958.09,1684.45,6.0,12.0,3.0,4.0,3.0,1.0,H,2.0,1.0,H,18.0,3.0,5.0,1.0,4.0,12.0,9.0,1.0,0.0,1.0,0.0,1.0,1.2,7.0,13.0
D1,2018-09-15,Fortuna Dusseldorf,Hoffenheim,1478.7,1719.66,4.0,8.0,6.0,9.0,2.0,1.0,H,1.0,0.0,H,8.0,18.0,4.0,5.0,10.0,19.0,0.0,9.0,1.0,2.0,0.0,0.0,4.0,3.6,1.9
D1,2018-09-15,Mainz,Augsburg,1609.36,1626.19,4.0,10.0,4.0,5.0,2.0,1.0,H,0.0,0.0,D,22.0,13.0,7.0,4.0,9.0,16.0,5.0,4.0,1.0,2.0,0.0,0.0,2.54,3.25,2.87
D1,2018-09-15,MGladbach,Schalke 04,1677.29,1714.47,4.0,8.0,3.0,7.0,2.0,1.0,H,1.0,0.0,H,15.0,15.0,4.0,6.0,5.0,12.0,6.0,6.0,0.0,4.0,0.0,0.0,2.37,3.4,3.0
D1,2018-09-15,RB Leipzig,Hannover,1685.86,1588.84,4.0,7.0,2.0,5.0,3.0,2.0,H,2.0,1.0,H,15.0,16.0,6.0,8.0,12.0,12.0,4.0,12.0,4.0,4.0,0.0,0.0,1.53,4.33,5.5
D1,2018-09-15,Wolfsburg,Hertha,1633.13,1637.18,9.0,9.0,6.0,7.0,2.0,2.0,D,0.0,0.0,D,15.0,9.0,6.0,5.0,10.0,13.0,7.0,2.0,1.0,2.0,0.0,0.0,2.1,3.25,3.75
D1,2018-09-16,Freiburg,Stuttgart,1563.09,1652.52,3.0,6.0,3.0,9.0,3.0,3.0,D,1.0,1.0,D,12.0,11.0,5.0,6.0,13.0,11.0,5.0,8.0,3.0,4.0,1.0,0.0,2.62,3.25,2.75
D1,2018-09-16,Werder Bremen,Nurnberg,1666.24,1503.66,7.0,9.0,1.0,7.0,1.0,1.0,D,1.0,0.0,H,14.0,11.0,2.0,2.0,17.0,5.0,4.0,7.0,2.0,0.0,0.0,0.0,1.66,4.0,5.0
D1,2018-09-21,Stuttgart,Fortuna Dusseldorf,1652.52,1478.7,1.0,7.0,4.0,8.0,0.0,0.0,D,0.0,0.0,D,10.0,19.0,1.0,7.0,8.0,19.0,2.0,9.0,0.0,2.0,0.0,0.0,1.72,3.6,5.25
D1,2018-09-22,Augsburg,Werder Bremen,1626.19,1666.24,4.0,4.0,5.0,9.0,2.0,3.0,A,1.0,2.0,A,21.0,12.0,7.0,7.0,10.0,11.0,7.0,4.0,2.0,2.0,0.0,0.0,2.5,3.25,2.9
D1,2018-09-22,Hertha,MGladbach,1637.18,1677.29,7.0,7.0,7.0,10.0,4.0,2.0,H,2.0,1.0,H,16.0,17.0,7.0,4.0,9.0,13.0,8.0,7.0,2.0,2.0,0.0,0.0,2.37,3.3,3.1
D1,2018-09-22,Hoffenheim,Dortmund,1719.66,1756.25,3.0,6.0,7.0,7.0,1.0,1.0,D,1.0,0.0,H,17.0,8.0,5.0,2.0,12.0,10.0,4.0,4.0,2.0,1.0,0.0,1.0,2.62,3.75,2.4
D1,2018-09-22,Nurnberg,Hannover,1503.66,1588.84,2.0,5.0,2.0,5.0,2.0,0.0,H,0.0,0.0,D,14.0,9.0,6.0,3.0,16.0,7.0,9.0,3.0,3.0,1.0,0.0,1.0,2.5,3.25,2.9
D1,2018-09-22,Schalke 04,Bayern Munich,1714.47,1958.09,0.0,6.0,9.0,12.0,0.0,2.0,A,0.0,1.0,A,10.0,14.0,2.0,7.0,12.0,11.0,0.0,8.0,2.0,1.0,0.0,0.0,8.0,4.5,1.4
D1,2018-09-22,Wolfsburg,Freiburg,1633.13,1563.09,7.0,10.0,1.0,4.0,1.0,3.0,A,0.0,2.0,A,17.0,12.0,9.0,8.0,12.0,17.0,7.0,7.0,0.0,3.0,0.0,0.0,1.72,3.6,5.25
D1,2018-09-23,Ein Frankfurt,RB Leipzig,1630.67,1685.86,3.0,6.0,4.0,10.0,1.0,1.0,D,1.0,0.0,H,8.0,9.0,5.0,2.0,14.0,8.0,4.0,2.0,1.0,1.0,0.0,0.0,2.9,3.4,2.35
D1,2018-09-23,Leverkusen,Mainz,1684.45,1609.36,0.0,4.0,7.0,10.0,1.0,0.0,H,0.0,0.0,D,18.0,12.0,5.0,5.0,12.0,13.0,7.0,4.0,2.0,2.0,0.0,0.0,1.57,4.33,5.5
D1,2018-09-25,Bayern Munich,Augsburg,1958.09,1626.19,9.0,12.0,1.0,4.0,1.0,1.0,D,0.0,0.0,D,16.0,12.0,8.0,4.0,6.0,15.0,8.0,4.0,3.0,2.0,0.0,0.0,1.1,10.0,23.0
D1,2018-09-25,Freiburg,Schalke 04,1563.09,1714.47,4.0,7.0,0.0,3.0,1.0,0.0,H,0.0,0.0,D,15.0,15.0,4.0,3.0,12.0,11.0,3.0,3.0,2.0,4.0,0.0,0.0,3.5,3.2,2.14
D1,2018-09-25,Hannover,Hoffenheim,1588.84,1719.66,1.0,2.0,4.0,7.0,1.0,3.0,A,0.0,1.0,A,17.0,17.0,8.0,9.0,12.0,13.0,8.0,5.0,2.0,2.0,0.0,0.0,3.5,3.6,2.04
D1,2018-09-25,Werder Bremen,Hertha,1666.24,1637.18,7.0,11.0,7.0,10.0,3.0,1.0,H,2.0,0.0,H,14.0,12.0,6.0,2.0,13.0,9.0,2.0,3.0,1.0,3.0,0.0,0.0,2.0,3.5,3.8
D1,2018-09-26,Dortmund,Nurnberg,1756.25,1503.66,5.0,8.0,5.0,5.0,7.0,0.0,H,2.0,0.0,H,19.0,4.0,10.0,1.0,6.0,10.0,4.0,5.0,0.0,2.0,0.0,0.0,1.3,5.5,10.0
D1,2018-09-26,Fortuna Dusseldorf,Leverkusen,1478.7,1684.45,5.0,8.0,3.0,6.0,1.0,2.0,A,0.0,0.0,D,16.0,6.0,4.0,3.0,6.0,12.0,7.0,5.0,2.0,2.0,0.0,0.0,3.75,3.75,1.95
D1,2018-09-26,Mainz,Wolfsburg,1609.36,1633.13,4.0,7.0,4.0,10.0,0.0,0.0,D,0.0,0.0,D,11.0,12.0,2.0,4.0,13.0,15.0,5.0,11.0,1.0,2.0,0.0,0.0,2.6,3.25,2.8
D1,2018-09-26,MGladbach,Ein Frankfurt,1677.29,1630.67,4.0,7.0,1.0,4.0,3.0,1.0,H,0.0,0.0,D,21.0,12.0,9.0,2.0,7.0,11.0,9.0,6.0,0.0,0.0,0.0,0.0,1.75,3.8,4.75
D1,2018-09-26,RB Leipzig,Stuttgart,1685.86,1652.52,5.0,8.0,2.0,5.0,2.0,0.0,H,1.0,0.0,H,18.0,9.0,8.0,0.0,11.0,8.0,4.0,2.0,2.0,3.0,0.0,0.0,1.72,3.8,4.75
D1,2018-09-28,Hertha,Bayern Munich,1637.18,1958.09,4.0,10.0,7.0,13.0,2.0,0.0,H,2.0,0.0,H,6.0,25.0,4.0,5.0,14.0,10.0,1.0,14.0,3.0,1.0,0.0,0.0,10.0,5.75,1.28
D1,2018-09-29,Hoffenheim,RB Leipzig,1719.66,1685.86,4.0,7.0,7.0,8.0,1.0,2.0,A,0.0,0.0,D,13.0,18.0,6.0,7.0,4.0,14.0,4.0,8.0,1.0,3.0,0.0,0.0,2.04,3.75,3.4
D1,2018-09-29,Leverkusen,Dortmund,1684.45,1756.25,6.0,6.0,7.0,11.0,2.0,4.0,A,2.0,0.0,H,14.0,16.0,6.0,10.0,11.0,12.0,6.0,8.0,1.0,1.0,0.0,0.0,2.8,3.5,2.4
D1,2018-09-29,Nurnberg,Fortuna Dusseldorf,1503.66,1478.7,4.0,5.0,4.0,5.0,3.0,0.0,H,1.0,0.0,H,10.0,13.0,6.0,4.0,10.0,9.0,4.0,4.0,0.0,2.0,0.0,0.0,2.14,3.4,3.4
D1,2018-09-29,Schalke 04,Mainz,1714.47,1609.36,0.0,0.0,4.0,8.0,1.0,0.0,H,1.0,0.0,H,15.0,15.0,2.0,5.0,22.0,21.0,4.0,5.0,2.0,2.0,0.0,0.0,1.64,3.75,5.5
D1,2018-09-29,Stuttgart,Werder Bremen,1652.52,1666.24,2.0,2.0,7.0,11.0,2.0,1.0,H,1.0,0.0,H,18.0,14.0,5.0,3.0,15.0,14.0,6.0,8.0,3.0,4.0,0.0,1.0,2.7,3.25,2.7
D1,2018-09-29,Wolfsburg,MGladbach,1633.13,1677.29,2.0,8.0,6.0,10.0,2.0,2.0,D,1.0,1.0,D,13.0,10.0,3.0,3.0,6.0,14.0,6.0,3.0,2.0,2.0,0.0,0.0,2.3,3.4,3.1
D1,2018-09-30,Augsburg,Freiburg,1626.19,1563.09,1.0,5.0,7.0,7.0,4.0,1.0,H,2.0,0.0,H,21.0,13.0,10.0,6.0,12.0,8.0,5.0,3.0,0.0,1.0,0.0,0.0,1.9,3.4,4.33
D1,2018-09-30,Ein Frankfurt,Hannover,1630.67,1588.84,1.0,4.0,0.0,2.0,4.0,1.0,H,2.0,0.0,H,15.0,4.0,7.0,1.0,16.0,11.0,3.0,4.0,1.0,2.0,0.0,0.0,1.9,3.6,4.0
D1,2018-10-05,Werder Bremen,Wolfsburg,1680.02,1627.21,6.0,10.0,2.0,6.0,2.0,0.0,H,1.0,0.0,H,15.0,10.0,5.0,4.0,12.0,13.0,7.0,5.0,1.0,2.0,0.0,0.0,1.95,3.5,4.0
D1,2018-10-06,Bayern Munich,MGladbach,1954.46,1691.96,4.0,10.0,4.0,8.0,0.0,3.0,A,0.0,2.0,A,14.0,7.0,3.0,3.0,7.0,4.0,1.0,3.0,2.0,2.0,0.0,0.0,1.2,7.0,13.0
D1,2018-10-06,Dortmund,Augsburg,1789.63,1639.25,7.0,11.0,4.0,5.0,4.0,3.0,H,0.0,1.0,A,20.0,12.0,8.0,6.0,5.0,29.0,9.0,6.0,1.0,7.0,0.0,0.0,1.44,4.75,7.0
D1,2018-10-06,Fortuna Dusseldorf,Schalke 04,1491.89,1705.8,1.0,5.0,3.0,3.0,0.0,2.0,A,0.0,0.0,D,9.0,15.0,3.0,5.0,17.0,15.0,4.0,6.0,3.0,1.0,0.0,0.0,3.6,3.4,2.1
D1,2018-10-06,Hannover,Stuttgart,1565.67,1655.42,0.0,1.0,4.0,5.0,3.0,1.0,H,2.0,0.0,H,15.0,11.0,6.0,5.0,16.0,11.0,5.0,7.0,1.0,2.0,0.0,0.0,2.5,3.3,2.87
D1,2018-10-06,Mainz,Hertha,1615.12,1671.04,1.0,5.0,6.0,10.0,0.0,0.0,D,0.0,0.0,D,23.0,11.0,3.0,1.0,12.0,9.0,5.0,6.0,0.0,2.0,0.0,0.0,2.7,3.2,2.7
D1,2018-10-07,Freiburg,Leverkusen,1589.38,1697.67,6.0,7.0,6.0,6.0,0.0,0.0,D,0.0,0.0,D,7.0,14.0,1.0,0.0,11.0,12.0,3.0,4.0,3.0,1.0,0.0,0.0,3.4,3.4,2.14
D1,2018-10-07,Hoffenheim,Ein Frankfurt,1719.38,1653.61,4.0,7.0,4.0,4.0,1.0,2.0,A,0.0,1.0,A,20.0,6.0,4.0,4.0,15.0,16.0,6.0,0.0,2.0,4.0,0.0,1.0,1.72,3.8,4.75
D1,2018-10-07,RB Leipzig,Nurnberg,1709.44,1536.24,7.0,11.0,6.0,8.0,6.0,0.0,H,4.0,0.0,H,18.0,3.0,8.0,0.0,11.0,12.0,6.0,1.0,0.0,1.0,0.0,1.0,1.44,4.75,7.0
D1,2018-10-19,Ein Frankfurt,Fortuna Dusseldorf,1689.25,1496.35,6.0,7.0,0.0,4.0,7.0,1.0,H,3.0,0.0,H,21.0,10.0,13.0,5.0,13.0,12.0,5.0,1.0,0.0,2.0,0.0,0.0,1.61,3.8,5.75
D1,2018-10-20,Augsburg,RB Leipzig,1646.4,1734.92,4.0,4.0,9.0,13.0,0.0,0.0,D,0.0,0.0,D,6.0,15.0,0.0,3.0,20.0,24.0,2.0,2.0,2.0,5.0,0.0,0.0,3.0,3.5,2.3
D1,2018-10-20,Leverkusen,Hannover,1709.8,1588.64,4.0,7.0,3.0,3.0,2.0,2.0,D,1.0,1.0,D,19.0,9.0,7.0,7.0,14.0,18.0,9.0,5.0,1.0,5.0,0.0,1.0,1.5,4.33,6.5
D1,2018-10-20,Nurnberg,Hoffenheim,1539.85,1714.71,3.0,7.0,3.0,4.0,1.0,3.0,A,1.0,0.0,H,7.0,20.0,2.0,12.0,8.0,9.0,1.0,7.0,4.0,2.0,0.0,0.0,3.75,3.8,1.9
D1,2018-10-20,Schalke 04,Werder Bremen,1730.76,1697.8,6.0,6.0,6.0,10.0,0.0,2.0,A,0.0,1.0,A,14.0,8.0,4.0,3.0,13.0,9.0,3.0,1.0,1.0,4.0,0.0,0.0,2.04,3.4,3.75
D1,2018-10-20,Stuttgart,Dortmund,1653.09,1809.71,3.0,5.0,9.0,13.0,0.0,4.0,A,0.0,3.0,A,13.0,12.0,5.0,4.0,7.0,5.0,10.0,2.0,0.0,0.0,0.0,0.0,4.2,3.75,1.83
D1,2018-10-20,Wolfsburg,Bayern Munich,1630.08,1931.41,2.0,3.0,1.0,7.0,1.0,3.0,A,0.0,1.0,A,8.0,13.0,1.0,11.0,9.0,12.0,2.0,9.0,2.0,4.0,0.0,1.0,8.5,5.0,1.36
D1,2018-10-21,Hertha,Freiburg,1681.45,1601.22,4.0,8.0,4.0,8.0,1.0,1.0,D,1.0,1.0,D,13.0,8.0,5.0,3.0,12.0,14.0,8.0,3.0,2.0,0.0,0.0,0.0,1.85,3.6,4.33
D1,2018-10-21,MGladbach,Mainz,1728.3,1625.34,7.0,10.0,2.0,5.0,4.0,0.0,H,1.0,0.0,H,16.0,13.0,8.0,4.0,4.0,10.0,4.0,6.0,0.0,2.0,0.0,0.0,1.61,4.33,5.0
D1,2018-10-26,Freiburg,MGladbach,1601.22,1728.3,2.0,8.0,7.0,10.0,3.0,1.0,H,1.0,1.0,D,13.0,11.0,7.0,2.0,9.0,12.0,3.0,10.0,1.0,1.0,0.0,0.0,3.5,3.6,2.0
D1,2018-10-27,Dortmund,Hertha,1809.71,1681.45,9.0,13.0,5.0,8.0,2.0,2.0,D,1.0,1.0,D,19.0,10.0,5.0,4.0,7.0,15.0,8.0,2.0,2.0,3.0,0.0,0.0,1.4,4.75,8.0
D1,2018-10-27,Fortuna Dusseldorf,Wolfsburg,1496.35,1630.08,0.0,1.0,1.0,2.0,0.0,3.0,A,0.0,1.0,A,8.0,18.0,1.0,6.0,12.0,11.0,4.0,9.0,3.0,6.0,0.0,0.0,3.0,3.4,2.37
D1,2018-10-27,Hannover,Augsburg,1588.64,1646.4,4.0,4.0,4.0,5.0,1.0,2.0,A,0.0,1.0,A,17.0,9.0,4.0,4.0,15.0,16.0,5.0,4.0,2.0,3.0,0.0,0.0,2.6,3.3,2.75
D1,2018-10-27,Hoffenheim,Stuttgart,1714.71,1653.09,3.0,7.0,3.0,4.0,4.0,0.0,H,0.0,0.0,D,22.0,6.0,10.0,0.0,11.0,9.0,6.0,3.0,1.0,1.0,0.0,1.0,1.57,4.33,5.5
D1,2018-10-27,Mainz,Bayern Munich,1625.34,1931.41,1.0,2.0,3.0,7.0,1.0,2.0,A,0.0,1.0,A,6.0,21.0,1.0,5.0,13.0,6.0,2.0,7.0,3.0,1.0,0.0,0.0,11.0,6.5,1.25
D1,2018-10-28,Nurnberg,Ein Frankfurt,1539.85,1689.25,3.0,6.0,9.0,10.0,1.0,1.0,D,0.0,0.0,D,10.0,10.0,3.0,2.0,11.0,13.0,8.0,6.0,2.0,3.0,0.0,0.0,3.3,3.5,2.14
D1,2018-10-28,RB Leipzig,Schalke 04,1734.92,1730.76,7.0,11.0,6.0,6.0,0.0,0.0,D,0.0,0.0,D,15.0,6.0,2.0,0.0,11.0,13.0,7.0,4.0,3.0,2.0,0.0,0.0,1.75,3.6,4.75
D1,2018-10-28,Werder Bremen,Leverkusen,1697.8,1709.8,6.0,12.0,2.0,8.0,2.0,6.0,A,0.0,3.0,A,14.0,17.0,6.0,10.0,9.0,8.0,6.0,6.0,2.0,2.0,0.0,0.0,2.3,3.4,3.1
D1,2018-11-02,Stuttgart,Ein Frankfurt,1637.95,1701.35,0.0,3.0,7.0,10.0,0.0,3.0,A,0.0,2.0,A,10.0,15.0,0.0,7.0,4.0,10.0,1.0,3.0,1.0,2.0,0.0,0.0,3.0,3.5,2.3
D1,2018-11-03,Augsburg,Nurnberg,1660.64,1541.26,4.0,8.0,1.0,4.0,2.0,2.0,D,1.0,0.0,H,17.0,13.0,4.0,5.0,16.0,11.0,6.0,6.0,3.0,3.0,0.0,0.0,1.6,3.8,6.0
D1,2018-11-03,Bayern Munich,Freiburg,1947.7,1624.48,6.0,7.0,5.0,8.0,1.0,1.0,D,0.0,0.0,D,24.0,10.0,6.0,1.0,9.0,8.0,14.0,2.0,1.0,1.0,0.0,0.0,1.11,10.0,21.0
D1,2018-11-03,Hertha,RB Leipzig,1688.54,1741.18,3.0,6.0,5.0,11.0,0.0,3.0,A,0.0,1.0,A,12.0,25.0,5.0,11.0,6.0,11.0,3.0,7.0,2.0,1.0,0.0,0.0,3.2,3.4,2.25
D1,2018-11-03,Leverkusen,Hoffenheim,1718.48,1734.47,5.0,8.0,6.0,9.0,1.0,4.0,A,1.0,2.0,A,21.0,10.0,9.0,4.0,6.0,17.0,6.0,7.0,0.0,2.0,0.0,0.0,2.1,4.0,3.1
D1,2018-11-03,Schalke 04,Hannover,1723.39,1590.58,4.0,7.0,4.0,4.0,3.0,1.0,H,0.0,0.0,D,16.0,20.0,6.0,6.0,10.0,10.0,7.0,7.0,2.0,3.0,0.0,0.0,1.61,3.8,6.0
D1,2018-11-03,Wolfsburg,Dortmund,1641.64,1837.08,3.0,5.0,7.0,13.0,0.0,1.0,A,0.0,1.0,A,13.0,12.0,3.0,1.0,6.0,9.0,6.0,14.0,0.0,2.0,0.0,0.0,3.8,3.8,1.9
D1,2018-11-04,Mainz,Werder Bremen,1619.5,1698.49,1.0,2.0,6.0,9.0,2.0,1.0,H,1.0,0.0,H,13.0,14.0,6.0,4.0,7.0,8.0,3.0,6.0,0.0,2.0,0.0,0.0,3.0,3.4,2.37
D1,2018-11-04,MGladbach,Fortuna Dusseldorf,1727.95,1484.8,6.0,10.0,0.0,0.0,3.0,0.0,H,0.0,0.0,D,21.0,13.0,7.0,6.0,15.0,8.0,10.0,4.0,1.0,2.0,0.0,0.0,1.36,4.75,8.0
D1,2018-11-09,Hannover,Wolfsburg,1590.58,1641.64,1.0,4.0,3.0,4.0,2.0,1.0,H,1.0,0.0,H,10.0,19.0,4.0,9.0,14.0,8.0,3.0,5.0,4.0,2.0,0.0,0.0,2.9,3.3,2.37
D1,2018-11-10,Dortmund,Bayern Munich,1837.08,1947.7,7.0,13.0,7.0,7.0,3.0,2.0,H,0.0,1.0,A,11.0,9.0,5.0,3.0,4.0,8.0,0.0,6.0,3.0,3.0,0.0,0.0,3.1,3.8,2.1
D1,2018-11-10,Fortuna Dusseldorf,Hertha,1484.8,1688.54,0.0,0.0,2.0,6.0,4.0,1.0,H,0.0,0.0,D,20.0,11.0,9.0,5.0,15.0,15.0,2.0,6.0,1.0,3.0,0.0,1.0,3.6,3.4,2.1
D1,2018-11-10,Freiburg,Mainz,1624.48,1619.5,5.0,6.0,3.0,4.0,1.0,3.0,A,0.0,2.0,A,15.0,12.0,4.0,9.0,19.0,10.0,3.0,4.0,1.0,2.0,0.0,0.0,2.0,3.4,3.75
D1,2018-11-10,Hoffenheim,Augsburg,1734.47,1660.64,9.0,9.0,5.0,8.0,2.0,1.0,H,0.0,0.0,D,18.0,22.0,7.0,7.0,14.0,6.0,6.0,6.0,1.0,1.0,0.0,0.0,1.61,4.33,5.0
D1,2018-11-10,Nurnberg,Stuttgart,1541.26,1637.95,2.0,5.0,0.0,3.0,0.0,2.0,A,0.0,0.0,D,10.0,13.0,3.0,4.0,14.0,10.0,3.0,9.0,1.0,0.0,0.0,0.0,2.4,3.25,3.1
D1,2018-11-10,Werder Bremen,MGladbach,1698.49,1727.95,3.0,6.0,6.0,10.0,1.0,3.0,A,0.0,1.0,A,20.0,16.0,5.0,6.0,7.0,2.0,9.0,5.0,0.0,0.0,0.0,0.0,2.4,3.5,2.75
D1,2018-11-11,Ein Frankfurt,Schalke 04,1701.35,1723.39,7.0,13.0,4.0,10.0,3.0,0.0,H,0.0,0.0,D,14.0,5.0,4.0,1.0,7.0,13.0,10.0,4.0,0.0,2.0,0.0,0.0,2.2,3.3,3.4
D1,2018-11-11,RB Leipzig,Leverkusen,1741.18,1718.48,5.0,11.0,4.0,5.0,3.0,0.0,H,1.0,0.0,H,14.0,7.0,7.0,2.0,12.0,12.0,4.0,3.0,0.0,1.0,0.0,0.0,1.8,4.0,4.0
D1,2018-11-23,Leverkusen,Stuttgart,1695.71,1634.66,3.0,5.0,3.0,3.0,2.0,0.0,H,0.0,0.0,D,17.0,10.0,4.0,2.0,13.0,8.0,6.0,9.0,3.0,3.0,0.0,0.0,1.5,4.5,6.0
D1,2018-11-24,Augsburg,Ein Frankfurt,1651.37,1732.03,4.0,5.0,7.0,13.0,1.0,3.0,A,0.0,1.0,A,25.0,15.0,10.0,7.0,3.0,12.0,8.0,5.0,1.0,2.0,0.0,0.0,2.62,3.5,2.62
D1,2018-11-24,Bayern Munich,Fortuna Dusseldorf,1931.67,1501.26,4.0,7.0,3.0,3.0,3.0,3.0,D,2.0,1.0,H,17.0,9.0,5.0,5.0,4.0,7.0,9.0,2.0,0.0,1.0,0.0,0.0,1.08,11.0,26.0
D1,2018-11-24,Hertha,Hoffenheim,1654.29,1755.83,1.0,3.0,9.0,12.0,3.0,3.0,D,1.0,2.0,A,23.0,13.0,8.0,6.0,9.0,13.0,8.0,5.0,1.0,2.0,0.0,0.0,3.4,3.75,2.04
D1,2018-11-24,Mainz,Dortmund,1641.44,1844.65,6.0,7.0,7.0,13.0,1.0,2.0,A,0.0,0.0,D,15.0,11.0,7.0,7.0,9.0,11.0,6.0,5.0,2.0,1.0,0.0,0.0,5.5,4.0,1.6
D1,2018-11-24,Schalke 04,Nurnberg,1720.54,1535.34,4.0,7.0,2.0,2.0,5.0,2.0,H,2.0,1.0,H,20.0,12.0,10.0,6.0,7.0,12.0,7.0,2.0,1.0,2.0,0.0,1.0,1.53,4.0,7.0
D1,2018-11-24,Wolfsburg,RB Leipzig,1628.87,1754.14,3.0,3.0,7.0,11.0,1.0,0.0,H,0.0,0.0,D,5.0,10.0,3.0,4.0,10.0,13.0,2.0,9.0,1.0,2.0,0.0,0.0,3.5,3.5,2.1
D1,2018-11-25,Freiburg,Werder Bremen,1618.85,1677.94,4.0,6.0,0.0,6.0,1.0,1.0,D,1.0,0.0,H,23.0,19.0,9.0,8.0,6.0,10.0,6.0,3.0,0.0,2.0,0.0,0.0,2.87,3.3,2.5
D1,2018-11-25,MGladbach,Hannover,1742.77,1593.01,6.0,12.0,3.0,7.0,4.0,1.0,H,2.0,1.0,H,20.0,5.0,6.0,3.0,8.0,10.0,5.0,5.0,1.0,1.0,0.0,0.0,1.44,4.5,7.0
D1,2018-11-30,Fortuna Dusseldorf,Mainz,1501.26,1641.44,4.0,4.0,6.0,6.0,0.0,1.0,A,0.0,0.0,D,20.0,15.0,7.0,3.0,8.0,7.0,12.0,5.0,1.0,1.0,0.0,0.0,2.7,3.3,2.6
D1,2018-12-01,Dortmund,Freiburg,1834.23,1611.55,9.0,13.0,2.0,6.0,2.0,0.0,H,1.0,0.0,H,11.0,5.0,4.0,1.0,6.0,11.0,2.0,3.0,1.0,1.0,0.0,0.0,1.28,5.5,11.0
D1,2018-12-01,Hannover,Hertha,1579.7,1648.19,3.0,4.0,1.0,3.0,0.0,2.0,A,0.0,1.0,A,10.0,14.0,2.0,8.0,9.0,14.0,3.0,6.0,2.0,3.0,0.0,0.0,2.7,3.4,2.6
D1,2018-12-01,Hoffenheim,Schalke 04,1736.47,1711.8,7.0,13.0,6.0,7.0,1.0,1.0,D,0.0,0.0,D,20.0,13.0,7.0,5.0,11.0,13.0,4.0,10.0,3.0,3.0,0.0,0.0,1.8,3.8,4.33
D1,2018-12-01,Stuttgart,Augsburg,1619.88,1633.61,3.0,3.0,1.0,5.0,1.0,0.0,H,1.0,0.0,H,13.0,17.0,3.0,4.0,11.0,10.0,3.0,8.0,4.0,2.0,0.0,0.0,2.6,3.3,2.75
D1,2018-12-01,Werder Bremen,Bayern Munich,1670.32,1919.52,1.0,4.0,2.0,8.0,1.0,2.0,A,1.0,1.0,D,9.0,16.0,3.0,5.0,13.0,8.0,3.0,10.0,3.0,2.0,1.0,0.0,7.0,5.25,1.4
D1,2018-12-02,Ein Frankfurt,Wolfsburg,1743.53,1631.3,9.0,13.0,3.0,6.0,1.0,2.0,A,0.0,1.0,A,13.0,10.0,2.0,3.0,10.0,9.0,9.0,3.0,3.0,7.0,0.0,0.0,1.8,4.0,4.1
D1,2018-12-02,RB Leipzig,MGladbach,1731.86,1741.16,6.0,8.0,9.0,12.0,2.0,0.0,H,2.0,0.0,H,14.0,7.0,6.0,4.0,9.0,9.0,5.0,4.0,2.0,2.0,0.0,0.0,1.9,3.75,3.75
D1,2018-12-03,Nurnberg,Leverkusen,1522.92,1689.51,1.0,2.0,3.0,7.0,1.0,1.0,D,0.0,1.0,A,11.0,20.0,4.0,6.0,14.0,10.0,3.0,6.0,3.0,2.0,0.0,0.0,4.2,4.0,1.8
D1,2018-12-07,Werder Bremen,Fortuna Dusseldorf,1670.32,1496.57,1.0,1.0,4.0,4.0,3.0,1.0,H,1.0,1.0,D,22.0,12.0,9.0,3.0,13.0,18.0,6.0,4.0,3.0,4.0,0.0,0.0,1.72,4.0,4.5
D1,2018-12-08,Bayern Munich,Nurnberg,1919.52,1522.92,4.0,8.0,1.0,3.0,3.0,0.0,H,2.0,0.0,H,20.0,4.0,8.0,1.0,9.0,6.0,11.0,1.0,1.0,0.0,0.0,0.0,1.08,11.0,34.0
D1,2018-12-08,Freiburg,RB Leipzig,1611.55,1731.86,1.0,5.0,6.0,10.0,3.0,0.0,H,2.0,0.0,H,12.0,15.0,9.0,4.0,9.0,16.0,3.0,12.0,1.0,2.0,0.0,0.0,4.0,4.0,1.83
D1,2018-12-08,Hertha,Ein Frankfurt,1648.19,1743.53,4.0,5.0,6.0,10.0,1.0,0.0,H,1.0,0.0,H,7.0,18.0,4.0,4.0,15.0,14.0,5.0,9.0,1.0,0.0,0.0,0.0,2.45,3.3,2.9
D1,2018-12-08,Leverkusen,Augsburg,1689.51,1633.61,4.0,7.0,0.0,4.0,1.0,0.0,H,0.0,0.0,D,21.0,13.0,7.0,1.0,11.0,17.0,4.0,2.0,1.0,2.0,0.0,0.0,1.66,4.0,5.0
D1,2018-12-08,Schalke 04,Dortmund,1711.8,1834.23,4.0,8.0,9.0,13.0,1.0,2.0,A,0.0,1.0,A,6.0,10.0,3.0,3.0,12.0,9.0,3.0,1.0,4.0,3.0,0.0,0.0,3.3,3.4,2.2
D1,2018-12-08,Wolfsburg,Hoffenheim,1631.3,1736.47,6.0,9.0,5.0,11.0,2.0,2.0,D,2.0,1.0,H,10.0,19.0,3.0,6.0,9.0,9.0,6.0,4.0,1.0,2.0,0.0,0.0,3.0,3.6,2.3
D1,2018-12-09,Mainz,Hannover,1635.71,1579.7,6.0,9.0,3.0,3.0,1.0,1.0,D,0.0,1.0,A,28.0,11.0,5.0,3.0,12.0,9.0,9.0,1.0,4.0,3.0,0.0,1.0,1.9,3.6,4.0
D1,2018-12-09,MGladbach,Stuttgart,1741.16,1619.88,6.0,9.0,6.0,6.0,3.0,0.0,H,0.0,0.0,D,23.0,7.0,7.0,2.0,7.0,12.0,7.0,4.0,2.0,4.0,0.0,1.0,1.44,4.33,7.0
D1,2018-12-14,Nurnberg,Wolfsburg,1522.92,1631.3,1.0,2.0,7.0,7.0,0.0,2.0,A,0.0,0.0,D,11.0,10.0,0.0,4.0,13.0,13.0,6.0,3.0,2.0,1.0,0.0,0.0,3.6,3.5,2.04
D1,2018-12-15,Augsburg,Schalke 04,1628.94,1719.29,0.0,1.0,4.0,7.0,1.0,1.0,D,1.0,0.0,H,17.0,15.0,9.0,5.0,17.0,8.0,6.0,7.0,2.0,1.0,0.0,0.0,2.5,3.25,2.9
D1,2018-12-15,Dortmund,Werder Bremen,1857.67,1678.84,9.0,15.0,4.0,4.0,2.0,1.0,H,2.0,1.0,H,16.0,9.0,9.0,5.0,11.0,14.0,4.0,10.0,1.0,4.0,0.0,0.0,1.36,5.25,8.0
D1,2018-12-15,Fortuna Dusseldorf,Freiburg,1499.83,1633.51,1.0,4.0,4.0,5.0,2.0,0.0,H,0.0,0.0,D,20.0,6.0,8.0,2.0,13.0,9.0,4.0,1.0,2.0,1.0,0.0,0.0,2.75,3.3,2.6
D1,2018-12-15,Hannover,Bayern Munich,1579.95,1930.44,1.0,4.0,7.0,8.0,0.0,4.0,A,0.0,2.0,A,3.0,32.0,0.0,14.0,9.0,5.0,0.0,14.0,1.0,0.0,0.0,0.0,11.0,7.0,1.22
D1,2018-12-15,Hoffenheim,MGladbach,1739.27,1746.75,3.0,9.0,6.0,12.0,0.0,0.0,D,0.0,0.0,D,27.0,5.0,6.0,1.0,9.0,10.0,6.0,2.0,0.0,2.0,0.0,0.0,1.9,4.0,3.6
D1,2018-12-15,Stuttgart,Hertha,1627.0,1675.1,3.0,6.0,7.0,7.0,2.0,1.0,H,0.0,1.0,A,9.0,15.0,4.0,3.0,11.0,13.0,5.0,5.0,1.0,3.0,0.0,0.0,2.7,3.4,2.62
D1,2018-12-16,Ein Frankfurt,Leverkusen,1740.49,1711.89,3.0,9.0,7.0,7.0,2.0,1.0,H,1.0,0.0,H,17.0,12.0,7.0,6.0,9.0,8.0,10.0,7.0,6.0,2.0,0.0,0.0,2.4,3.5,2.87
D1,2018-12-16,RB Leipzig,Mainz,1724.06,1640.03,3.0,9.0,4.0,10.0,4.0,1.0,H,2.0,1.0,H,17.0,11.0,7.0,5.0,9.0,13.0,6.0,2.0,3.0,3.0,0.0,0.0,1.4,4.75,7.5
D1,2018-12-18,Fortuna Dusseldorf,Dortmund,1499.83,1857.67,3.0,7.0,9.0,15.0,2.0,1.0,H,1.0,0.0,H,8.0,11.0,3.0,3.0,8.0,13.0,2.0,2.0,1.0,2.0,0.0,0.0,7.0,4.5,1.44
D1,2018-12-18,Hertha,Augsburg,1675.1,1628.94,6.0,7.0,1.0,1.0,2.0,2.0,D,2.0,2.0,D,17.0,8.0,7.0,2.0,17.0,13.0,3.0,2.0,1.0,0.0,0.0,0.0,2.3,3.4,3.1
D1,2018-12-18,MGladbach,Nurnberg,1746.75,1523.55,4.0,10.0,1.0,1.0,2.0,0.0,H,0.0,0.0,D,17.0,7.0,7.0,2.0,5.0,19.0,6.0,7.0,2.0,3.0,0.0,0.0,1.36,5.5,7.0
D1,2018-12-18,Wolfsburg,Stuttgart,1661.0,1627.0,7.0,10.0,6.0,9.0,2.0,0.0,H,2.0,0.0,H,16.0,11.0,5.0,1.0,10.0,17.0,4.0,8.0,1.0,2.0,0.0,0.0,1.66,3.75,5.5
D1,2018-12-19,Bayern Munich,RB Leipzig,1930.44,1724.06,9.0,10.0,6.0,9.0,1.0,0.0,H,0.0,0.0,D,10.0,8.0,4.0,2.0,9.0,20.0,5.0,5.0,2.0,2.0,1.0,1.0,1.36,5.25,8.0
D1,2018-12-19,Freiburg,Hannover,1633.51,1579.95,3.0,4.0,1.0,4.0,1.0,1.0,D,1.0,1.0,D,14.0,18.0,7.0,3.0,13.0,14.0,5.0,2.0,0.0,2.0,0.0,0.0,1.85,3.6,4.0
D1,2018-12-19,Mainz,Ein Frankfurt,1640.03,1740.49,4.0,7.0,3.0,9.0,2.0,2.0,D,2.0,2.0,D,17.0,12.0,6.0,4.0,13.0,15.0,3.0,2.0,3.0,3.0,0.0,0.0,3.2,3.5,2.2
D1,2018-12-19,Schalke 04,Leverkusen,1719.29,1711.89,2.0,5.0,4.0,7.0,1.0,2.0,A,1.0,2.0,A,18.0,8.0,4.0,5.0,14.0,19.0,7.0,1.0,4.0,4.0,0.0,0.0,2.4,3.5,2.9
D1,2018-12-19,Werder Bremen,Hoffenheim,1678.84,1739.27,3.0,4.0,3.0,7.0,1.0,1.0,D,0.0,1.0,A,26.0,14.0,5.0,4.0,7.0,13.0,6.0,3.0,0.0,1.0,0.0,0.0,3.1,4.2,2.04
D1,2018-12-21,Dortmund,MGladbach,1857.67,1746.75,6.0,12.0,7.0,10.0,2.0,1.0,H,1.0,1.0,D,12.0,3.0,4.0,2.0,5.0,12.0,4.0,2.0,0.0,1.0,0.0,0.0,1.5,4.5,5.75
D1,2018-12-22,Ein Frankfurt,Bayern Munich,1740.49,1930.44,4.0,7.0,9.0,13.0,0.0,3.0,A,0.0,1.0,A,10.0,9.0,3.0,7.0,9.0,4.0,3.0,4.0,2.0,1.0,0.0,0.0,5.75,4.75,1.5
D1,2018-12-22,Hannover,Fortuna Dusseldorf,1579.95,1499.83,2.0,2.0,6.0,7.0,0.0,1.0,A,0.0,0.0,D,17.0,13.0,3.0,6.0,14.0,19.0,4.0,6.0,2.0,3.0,0.0,0.0,2.2,3.4,3.3
D1,2018-12-22,Leverkusen,Hertha,1711.89,1675.1,6.0,10.0,4.0,8.0,3.0,1.0,H,2.0,1.0,H,15.0,13.0,7.0,8.0,3.0,12.0,4.0,5.0,0.0,1.0,0.0,0.0,1.72,4.0,4.5
D1,2018-12-22,Nurnberg,Freiburg,1523.55,1633.51,0.0,1.0,4.0,5.0,0.0,1.0,A,0.0,1.0,A,16.0,7.0,3.0,3.0,16.0,16.0,12.0,3.0,2.0,3.0,0.0,0.0,2.62,3.3,2.7
D1,2018-12-22,RB Leipzig,Werder Bremen,1724.06,1678.84,3.0,6.0,4.0,5.0,3.0,2.0,H,2.0,0.0,H,11.0,15.0,5.0,6.0,15.0,9.0,4.0,4.0,2.0,0.0,0.0,0.0,1.44,4.5,7.0
D1,2018-12-22,Stuttgart,Schalke 04,1627.0,1719.29,3.0,6.0,1.0,5.0,1.0,3.0,A,0.0,1.0,A,17.0,15.0,5.0,6.0,9.0,17.0,2.0,5.0,3.0,5.0,0.0,0.0,3.2,3.3,2.3
D1,2018-12-23,Augsburg,Wolfsburg,1628.94,1661.0,2.0,2.0,7.0,13.0,2.0,3.0,A,0.0,2.0,A,10.0,16.0,4.0,5.0,12.0,11.0,3.0,4.0,2.0,3.0,0.0,0.0,2.6,3.3,2.75
D1,2018-12-23,Hoffenheim,Mainz,1739.27,1640.03,3.0,5.0,2.0,5.0,1.0,1.0,D,1.0,1.0,D,28.0,12.0,7.0,5.0,11.0,10.0,9.0,2.0,1.0,0.0,0.0,0.0,1.44,4.5,6.5
D1,2019-01-18,Hoffenheim,Bayern Munich,1733.7,1944.79,3.0,5.0,9.0,15.0,1.0,3.0,A,0.0,2.0,A,13.0,21.0,5.0,9.0,13.0,9.0,2.0,6.0,3.0,2.0,0.0,0.0,6.0,5.0,1.44
D1,2019-01-19,Augsburg,Fortuna Dusseldorf,1624.24,1539.47,2.0,2.0,9.0,9.0,1.0,2.0,A,0.0,1.0,A,13.0,11.0,6.0,3.0,13.0,9.0,5.0,3.0,3.0,1.0,0.0,0.0,1.9,3.6,4.0
D1,2019-01-19,Ein Frankfurt,Freiburg,1736.74,1623.2,4.0,4.0,4.0,7.0,3.0,1.0,H,3.0,0.0,H,9.0,21.0,4.0,7.0,13.0,8.0,5.0,5.0,2.0,1.0,0.0,0.0,1.65,4.0,5.25
D1,2019-01-19,Hannover,Werder Bremen,1568.08,1670.85,1.0,2.0,1.0,4.0,0.0,1.0,A,0.0,1.0,A,10.0,23.0,1.0,13.0,17.0,19.0,7.0,8.0,3.0,1.0,0.0,0.0,3.25,3.6,2.15
D1,2019-01-19,Leverkusen,MGladbach,1723.15,1746.73,6.0,10.0,4.0,7.0,0.0,1.0,A,0.0,1.0,A,22.0,7.0,10.0,3.0,9.0,14.0,10.0,3.0,1.0,2.0,0.0,0.0,2.0,3.7,3.6
D1,2019-01-19,RB Leipzig,Dortmund,1735.19,1850.55,6.0,9.0,6.0,12.0,0.0,1.0,A,0.0,1.0,A,12.0,8.0,5.0,4.0,12.0,9.0,6.0,7.0,3.0,2.0,0.0,0.0,2.5,3.5,2.75
D1,2019-01-19,Stuttgart,Mainz,1616.07,1637.56,3.0,6.0,2.0,6.0,2.0,3.0,A,0.0,2.0,A,28.0,14.0,8.0,4.0,9.0,16.0,13.0,8.0,2.0,2.0,0.0,0.0,2.4,3.3,2.9
D1,2019-01-20,Nurnberg,Hertha,1513.45,1656.84,0.0,1.0,1.0,7.0,1.0,3.0,A,1.0,1.0,D,14.0,16.0,3.0,8.0,13.0,9.0,4.0,4.0,2.0,1.0,0.0,0.0,3.5,3.4,2.1
D1,2019-01-20,Schalke 04,Wolfsburg,1718.94,1678.07,4.0,5.0,9.0,13.0,2.0,1.0,H,1.0,1.0,D,20.0,12.0,5.0,5.0,11.0,5.0,4.0,6.0,1.0,0.0,0.0,0.0,2.2,3.3,3.4
D1,2019-01-25,Hertha,Schalke 04,1656.84,1718.94,4.0,7.0,6.0,7.0,2.0,2.0,D,2.0,2.0,D,11.0,14.0,4.0,7.0,15.0,10.0,3.0,6.0,2.0,1.0,0.0,0.0,2.5,3.25,2.87
D1,2019-01-26,Dortmund,Hannover,1850.55,1568.08,6.0,12.0,1.0,2.0,5.0,1.0,H,1.0,0.0,H,18.0,11.0,9.0,3.0,7.0,10.0,6.0,3.0,1.0,1.0,0.0,0.0,1.16,7.5,15.0
D1,2019-01-26,Freiburg,Hoffenheim,1623.2,1733.7,4.0,7.0,2.0,4.0,2.0,4.0,A,1.0,1.0,D,20.0,16.0,8.0,11.0,17.0,14.0,6.0,1.0,0.0,2.0,0.0,0.0,3.5,4.0,1.95
D1,2019-01-26,Mainz,Nurnberg,1637.56,1513.45,5.0,6.0,0.0,0.0,2.0,1.0,H,1.0,1.0,D,20.0,8.0,4.0,3.0,12.0,16.0,5.0,5.0,3.0,1.0,0.0,0.0,1.66,3.8,5.25
D1,2019-01-26,MGladbach,Augsburg,1746.73,1624.24,6.0,10.0,1.0,2.0,2.0,0.0,H,0.0,0.0,D,14.0,4.0,6.0,1.0,9.0,15.0,4.0,0.0,2.0,4.0,0.0,0.0,1.66,4.0,5.0
D1,2019-01-26,Werder Bremen,Ein Frankfurt,1670.85,1736.74,4.0,7.0,4.0,7.0,2.0,2.0,D,1.0,1.0,D,18.0,8.0,9.0,4.0,11.0,10.0,8.0,3.0,4.0,2.0,0.0,0.0,2.55,3.5,2.7
D1,2019-01-26,Wolfsburg,Leverkusen,1678.07,1723.15,6.0,10.0,6.0,9.0,0.0,3.0,A,0.0,1.0,A,10.0,23.0,4.0,14.0,10.0,14.0,5.0,6.0,5.0,3.0,0.0,0.0,2.62,3.5,2.6
D1,2019-01-27,Bayern Munich,Stuttgart,1944.79,1616.07,9.0,15.0,0.0,3.0,4.0,1.0,H,1.0,1.0,D,19.0,7.0,6.0,2.0,9.0,9.0,8.0,1.0,1.0,1.0,0.0,0.0,1.08,13.0,21.0
D1,2019-01-27,Fortuna Dusseldorf,RB Leipzig,1539.47,1735.19,9.0,12.0,3.0,6.0,0.0,4.0,A,0.0,3.0,A,10.0,12.0,0.0,9.0,11.0,11.0,8.0,2.0,1.0,0.0,0.0,0.0,4.0,3.6,1.9
D1,2019-02-01,Hannover,RB Leipzig,1558.25,1738.43,0.0,1.0,6.0,9.0,0.0,3.0,A,0.0,1.0,A,5.0,19.0,1.0,8.0,14.0,17.0,0.0,7.0,2.0,2.0,0.0,0.0,5.5,4.33,1.53
D1,2019-02-02,Ein Frankfurt,Dortmund,1742.1,1859.97,4.0,8.0,9.0,12.0,1.0,1.0,D,1.0,1.0,D,12.0,13.0,7.0,4.0,15.0,6.0,6.0,4.0,2.0,2.0,0.0,0.0,3.3,3.6,2.15
D1,2019-02-02,Hertha,Wolfsburg,1665.01,1658.04,4.0,5.0,3.0,9.0,0.0,1.0,A,0.0,0.0,D,11.0,8.0,4.0,4.0,19.0,12.0,3.0,7.0,3.0,1.0,0.0,0.0,2.3,3.3,3.25
D1,2019-02-02,Hoffenheim,Fortuna Dusseldorf,1736.96,1541.45,4.0,6.0,6.0,12.0,1.0,1.0,D,1.0,0.0,H,12.0,8.0,4.0,6.0,22.0,12.0,5.0,5.0,3.0,4.0,0.0,0.0,1.44,4.5,6.5
D1,2019-02-02,Leverkusen,Bayern Munich,1728.81,1952.62,6.0,9.0,9.0,15.0,3.0,1.0,H,0.0,1.0,A,11.0,17.0,4.0,6.0,13.0,13.0,7.0,4.0,3.0,2.0,0.0,0.0,5.5,4.5,1.55
D1,2019-02-02,Nurnberg,Werder Bremen,1501.93,1677.96,0.0,0.0,4.0,5.0,1.0,1.0,D,0.0,0.0,D,11.0,10.0,2.0,3.0,17.0,17.0,3.0,7.0,4.0,1.0,0.0,0.0,3.75,3.6,2.0
D1,2019-02-02,Schalke 04,MGladbach,1724.5,1760.33,7.0,8.0,6.0,10.0,0.0,2.0,A,0.0,0.0,D,9.0,16.0,1.0,9.0,9.0,8.0,1.0,6.0,1.0,2.0,1.0,0.0,2.4,3.4,3.0
D1,2019-02-03,Augsburg,Mainz,1607.67,1650.07,0.0,2.0,7.0,8.0,3.0,0.0,H,2.0,0.0,H,19.0,6.0,8.0,0.0,18.0,10.0,7.0,3.0,0.0,1.0,0.0,0.0,2.1,3.5,3.4
D1,2019-02-03,Stuttgart,Freiburg,1605.1,1608.41,0.0,3.0,3.0,4.0,2.0,2.0,D,0.0,1.0,A,17.0,16.0,4.0,4.0,8.0,9.0,7.0,8.0,5.0,0.0,1.0,0.0,2.15,3.4,3.4
D1,2019-02-08,Mainz,Leverkusen,1650.07,1728.81,6.0,8.0,6.0,12.0,1.0,5.0,A,1.0,4.0,A,15.0,18.0,2.0,7.0,13.0,5.0,4.0,4.0,3.0,1.0,0.0,0.0,3.8,3.8,1.9
D1,2019-02-09,Bayern Munich,Schalke 04,1952.62,1724.5,6.0,12.0,4.0,7.0,3.0,1.0,H,2.0,1.0,H,17.0,7.0,4.0,5.0,8.0,9.0,7.0,2.0,1.0,2.0,0.0,0.0,1.2,7.0,13.0
D1,2019-02-09,Dortmund,Hoffenheim,1859.97,1736.96,7.0,10.0,4.0,6.0,3.0,3.0,D,2.0,0.0,H,16.0,14.0,7.0,6.0,7.0,14.0,7.0,8.0,0.0,3.0,0.0,0.0,1.66,4.2,4.75
D1,2019-02-09,Freiburg,Wolfsburg,1608.41,1658.04,1.0,5.0,3.0,9.0,3.0,3.0,D,1.0,1.0,D,10.0,15.0,4.0,4.0,15.0,10.0,9.0,2.0,3.0,2.0,0.0,0.0,2.87,3.4,2.45
D1,2019-02-09,Hannover,Nurnberg,1558.25,1501.93,0.0,1.0,1.0,1.0,2.0,0.0,H,1.0,0.0,H,18.0,9.0,8.0,1.0,16.0,16.0,4.0,4.0,2.0,2.0,0.0,1.0,2.2,3.4,3.25
D1,2019-02-09,MGladbach,Hertha,1760.33,1665.01,9.0,12.0,4.0,5.0,0.0,3.0,A,0.0,1.0,A,13.0,11.0,4.0,4.0,7.0,11.0,5.0,5.0,0.0,2.0,0.0,0.0,1.57,4.2,5.5
D1,2019-02-09,RB Leipzig,Ein Frankfurt,1738.43,1742.1,6.0,9.0,5.0,6.0,0.0,0.0,D,0.0,0.0,D,14.0,6.0,1.0,2.0,9.0,10.0,7.0,4.0,4.0,2.0,0.0,0.0,1.83,4.0,4.0
D1,2019-02-10,Fortuna Dusseldorf,Stuttgart,1541.45,1605.1,4.0,10.0,1.0,1.0,3.0,0.0,H,1.0,0.0,H,15.0,15.0,6.0,2.0,18.0,8.0,5.0,4.0,3.0,4.0,0.0,1.0,2.1,3.5,3.5
D1,2019-02-10,Werder Bremen,Augsburg,1677.96,1607.67,5.0,6.0,3.0,4.0,4.0,0.0,H,3.0,0.0,H,11.0,13.0,5.0,3.0,5.0,12.0,3.0,2.0,0.0,1.0,0.0,0.0,1.72,3.8,4.5
D1,2019-02-15,Augsburg,Bayern Munich,1608.23,1936.74,3.0,3.0,6.0,12.0,2.0,3.0,A,2.0,2.0,D,8.0,17.0,2.0,8.0,13.0,12.0,1.0,9.0,1.0,2.0,0.0,0.0,15.0,6.0,1.2
D1,2019-02-16,Hertha,Werder Bremen,1674.66,1683.01,4.0,7.0,5.0,8.0,1.0,1.0,D,1.0,0.0,H,11.0,8.0,2.0,2.0,16.0,11.0,4.0,3.0,3.0,3.0,0.0,0.0,2.4,3.5,2.9
D1,2019-02-16,Hoffenheim,Hannover,1733.42,1555.69,5.0,6.0,3.0,3.0,3.0,0.0,H,2.0,0.0,H,26.0,5.0,11.0,1.0,15.0,6.0,10.0,6.0,0.0,1.0,0.0,0.0,1.3,6.0,8.5
D1,2019-02-16,Schalke 04,Freiburg,1707.1,1607.68,1.0,7.0,2.0,5.0,0.0,0.0,D,0.0,0.0,D,15.0,12.0,2.0,3.0,10.0,13.0,4.0,9.0,0.0,4.0,1.0,1.0,1.7,3.75,5.25
D1,2019-02-16,Stuttgart,RB Leipzig,1587.39,1742.81,1.0,1.0,7.0,10.0,1.0,3.0,A,1.0,1.0,D,7.0,7.0,3.0,4.0,18.0,11.0,5.0,4.0,1.0,1.0,0.0,0.0,5.25,4.0,1.65
D1,2019-02-16,Wolfsburg,Mainz,1665.08,1621.04,4.0,7.0,3.0,7.0,3.0,0.0,H,1.0,0.0,H,16.0,12.0,6.0,4.0,6.0,11.0,4.0,7.0,1.0,1.0,0.0,0.0,1.72,4.0,4.5
D1,2019-02-17,Ein Frankfurt,MGladbach,1748.12,1748.62,3.0,6.0,6.0,9.0,1.0,1.0,D,1.0,0.0,H,12.0,14.0,3.0,5.0,12.0,8.0,8.0,7.0,3.0,1.0,0.0,0.0,2.3,3.6,3.0
D1,2019-02-17,Leverkusen,Fortuna Dusseldorf,1757.21,1559.37,9.0,12.0,4.0,10.0,2.0,0.0,H,1.0,0.0,H,13.0,3.0,7.0,0.0,6.0,11.0,5.0,4.0,1.0,3.0,0.0,0.0,1.44,4.75,6.5
D1,2019-02-18,Nurnberg,Dortmund,1495.3,1839.19,1.0,1.0,5.0,11.0,0.0,0.0,D,0.0,0.0,D,7.0,17.0,2.0,6.0,8.0,9.0,3.0,11.0,1.0,1.0,0.0,0.0,7.5,5.0,1.4
D1,2019-02-22,Werder Bremen,Stuttgart,1683.01,1587.39,5.0,9.0,1.0,1.0,1.0,1.0,D,1.0,1.0,D,15.0,8.0,4.0,3.0,7.0,9.0,4.0,2.0,1.0,3.0,0.0,0.0,1.53,4.33,5.75
D1,2019-02-23,Bayern Munich,Hertha,1936.74,1674.66,6.0,12.0,4.0,8.0,1.0,0.0,H,0.0,0.0,D,12.0,9.0,4.0,2.0,12.0,6.0,11.0,3.0,2.0,0.0,0.0,1.0,1.18,7.0,17.0
D1,2019-02-23,Fortuna Dusseldorf,Nurnberg,1559.37,1495.3,4.0,7.0,2.0,2.0,2.0,1.0,H,0.0,1.0,A,19.0,5.0,7.0,2.0,14.0,7.0,7.0,3.0,3.0,4.0,0.0,1.0,1.72,3.75,5.0
D1,2019-02-23,Freiburg,Augsburg,1607.68,1608.23,3.0,3.0,3.0,3.0,5.0,1.0,H,3.0,0.0,H,19.0,14.0,11.0,4.0,13.0,16.0,8.0,1.0,0.0,3.0,0.0,1.0,2.15,3.5,3.3
D1,2019-02-23,Mainz,Schalke 04,1621.04,1707.1,0.0,6.0,1.0,5.0,3.0,0.0,H,1.0,0.0,H,21.0,10.0,6.0,3.0,10.0,15.0,1.0,3.0,4.0,2.0,0.0,0.0,2.8,3.4,2.5
D1,2019-02-23,MGladbach,Wolfsburg,1748.62,1665.08,4.0,10.0,7.0,7.0,0.0,3.0,A,0.0,1.0,A,15.0,5.0,5.0,3.0,14.0,11.0,12.0,1.0,2.0,1.0,0.0,0.0,1.75,3.8,4.75
D1,2019-02-24,Dortmund,Leverkusen,1839.19,1757.21,3.0,9.0,9.0,12.0,3.0,2.0,H,2.0,1.0,H,9.0,13.0,4.0,4.0,10.0,9.0,3.0,8.0,1.0,2.0,0.0,0.0,1.8,4.2,4.0
D1,2019-02-24,Hannover,Ein Frankfurt,1555.69,1748.12,3.0,3.0,3.0,7.0,0.0,3.0,A,0.0,0.0,D,11.0,14.0,3.0,8.0,11.0,12.0,3.0,5.0,1.0,1.0,0.0,0.0,4.75,3.75,1.75
D1,2019-02-25,RB Leipzig,Hoffenheim,1742.81,1733.42,7.0,10.0,5.0,8.0,1.0,1.0,D,0.0,1.0,A,15.0,7.0,4.0,4.0,16.0,21.0,6.0,4.0,0.0,1.0,0.0,0.0,1.8,4.0,4.0
D1,2019-03-01,Augsburg,Dortmund,1593.73,1837.98,0.0,3.0,5.0,9.0,2.0,1.0,H,1.0,0.0,H,9.0,18.0,4.0,8.0,15.0,11.0,1.0,4.0,1.0,2.0,0.0,0.0,5.75,4.5,1.53
D1,2019-03-02,Ein Frankfurt,Hoffenheim,1768.85,1741.24,5.0,7.0,5.0,9.0,3.0,2.0,H,1.0,1.0,D,18.0,20.0,10.0,7.0,8.0,16.0,4.0,3.0,0.0,3.0,0.0,1.0,2.37,3.75,2.8
D1,2019-03-02,Hertha,Mainz,1672.5,1627.93,4.0,5.0,3.0,6.0,2.0,1.0,H,0.0,0.0,D,11.0,13.0,4.0,1.0,13.0,10.0,4.0,1.0,0.0,2.0,0.0,0.0,1.85,3.6,4.33
D1,2019-03-02,Leverkusen,Freiburg,1746.09,1625.93,6.0,12.0,5.0,6.0,2.0,0.0,H,1.0,0.0,H,17.0,8.0,5.0,3.0,11.0,7.0,7.0,2.0,0.0,0.0,0.0,0.0,1.44,4.5,7.5
D1,2019-03-02,MGladbach,Bayern Munich,1731.59,1943.78,1.0,7.0,9.0,12.0,1.0,5.0,A,1.0,2.0,A,11.0,19.0,2.0,14.0,6.0,11.0,1.0,9.0,2.0,2.0,0.0,0.0,5.5,4.5,1.57
D1,2019-03-02,Nurnberg,RB Leipzig,1497.69,1749.5,1.0,2.0,5.0,11.0,0.0,1.0,A,0.0,1.0,A,7.0,12.0,1.0,5.0,8.0,17.0,5.0,8.0,2.0,3.0,0.0,0.0,6.5,4.33,1.5
D1,2019-03-02,Schalke 04,Fortuna Dusseldorf,1686.15,1562.06,1.0,2.0,6.0,7.0,0.0,4.0,A,0.0,1.0,A,7.0,13.0,2.0,5.0,16.0,16.0,1.0,1.0,4.0,2.0,0.0,0.0,1.83,3.75,4.2
D1,2019-03-03,Stuttgart,Hannover,1584.96,1544.41,1.0,2.0,3.0,3.0,5.0,1.0,H,3.0,0.0,H,14.0,3.0,8.0,1.0,15.0,16.0,7.0,0.0,2.0,2.0,0.0,0.0,1.72,4.0,4.5
D1,2019-03-03,Wolfsburg,Werder Bremen,1695.34,1681.04,7.0,10.0,5.0,7.0,1.0,1.0,D,0.0,0.0,D,13.0,12.0,5.0,3.0,8.0,22.0,6.0,4.0,0.0,2.0,0.0,0.0,2.15,3.5,3.3
D1,2019-03-08,Werder Bremen,Schalke 04,1681.04,1686.15,3.0,7.0,1.0,1.0,4.0,2.0,H,1.0,1.0,D,20.0,14.0,7.0,8.0,17.0,10.0,4.0,5.0,2.0,1.0,0.0,0.0,2.05,3.5,3.6
D1,2019-03-09,Bayern Munich,Wolfsburg,1943.78,1695.34,9.0,12.0,7.0,11.0,6.0,0.0,H,2.0,0.0,H,22.0,4.0,12.0,1.0,9.0,6.0,7.0,2.0,0.0,1.0,0.0,0.0,1.25,6.5,10.0
D1,2019-03-09,Dortmund,Stuttgart,1837.98,1584.96,4.0,6.0,4.0,5.0,3.0,1.0,H,0.0,0.0,D,18.0,7.0,8.0,1.0,6.0,10.0,7.0,1.0,3.0,3.0,0.0,0.0,1.28,5.5,11.0
D1,2019-03-09,Freiburg,Hertha,1625.93,1672.5,4.0,6.0,4.0,7.0,2.0,1.0,H,1.0,0.0,H,10.0,16.0,4.0,6.0,10.0,14.0,3.0,6.0,1.0,3.0,0.0,0.0,2.55,3.25,2.87
D1,2019-03-09,Mainz,MGladbach,1627.93,1731.59,3.0,3.0,1.0,4.0,0.0,1.0,A,0.0,0.0,D,15.0,11.0,2.0,4.0,12.0,4.0,2.0,6.0,2.0,0.0,0.0,0.0,3.3,3.4,2.2
D1,2019-03-09,RB Leipzig,Augsburg,1749.5,1593.73,7.0,11.0,3.0,6.0,0.0,0.0,D,0.0,0.0,D,17.0,5.0,4.0,3.0,13.0,9.0,7.0,4.0,1.0,1.0,0.0,0.0,1.36,5.0,8.5
D1,2019-03-10,Hannover,Leverkusen,1544.41,1746.09,0.0,3.0,6.0,12.0,2.0,3.0,A,0.0,2.0,A,11.0,15.0,5.0,5.0,14.0,15.0,6.0,6.0,3.0,1.0,0.0,0.0,8.5,5.75,1.3
D1,2019-03-10,Hoffenheim,Nurnberg,1741.24,1497.69,4.0,6.0,1.0,2.0,2.0,1.0,H,1.0,0.0,H,18.0,11.0,6.0,5.0,10.0,7.0,8.0,3.0,3.0,2.0,0.0,0.0,1.25,5.75,12.0
D1,2019-03-11,Fortuna Dusseldorf,Ein Frankfurt,1562.06,1768.85,6.0,10.0,7.0,9.0,0.0,3.0,A,0.0,0.0,D,7.0,15.0,3.0,6.0,9.0,14.0,1.0,5.0,1.0,2.0,0.0,0.0,2.75,3.4,2.55
D1,2019-03-15,MGladbach,Freiburg,1725.67,1624.18,3.0,4.0,6.0,8.0,1.0,1.0,D,1.0,1.0,D,13.0,10.0,2.0,2.0,10.0,13.0,10.0,6.0,0.0,3.0,0.0,0.0,1.53,3.9,6.25
D1,2019-03-16,Augsburg,Hannover,1607.1,1524.39,4.0,4.0,0.0,3.0,3.0,1.0,H,0.0,1.0,A,22.0,13.0,10.0,4.0,11.0,10.0,2.0,3.0,1.0,4.0,0.0,0.0,1.61,4.33,5.0
D1,2019-03-16,Hertha,Dortmund,1665.57,1819.63,3.0,7.0,6.0,8.0,2.0,3.0,A,2.0,1.0,H,7.0,25.0,4.0,8.0,10.0,5.0,4.0,10.0,3.0,3.0,2.0,0.0,4.2,3.75,1.85
D1,2019-03-16,Schalke 04,RB Leipzig,1646.45,1743.34,0.0,1.0,5.0,9.0,0.0,1.0,A,0.0,1.0,A,14.0,15.0,3.0,4.0,12.0,16.0,0.0,6.0,1.0,1.0,0.0,0.0,3.75,3.6,2.0
D1,2019-03-16,Stuttgart,Hoffenheim,1588.88,1733.0,4.0,4.0,4.0,8.0,1.0,1.0,D,0.0,1.0,A,13.0,21.0,2.0,8.0,10.0,15.0,4.0,9.0,4.0,2.0,0.0,0.0,3.7,4.0,1.85
D1,2019-03-16,Wolfsburg,Fortuna Dusseldorf,1684.38,1574.38,4.0,8.0,6.0,9.0,5.0,2.0,H,1.0,1.0,D,19.0,18.0,10.0,6.0,15.0,9.0,7.0,5.0,1.0,1.0,0.0,0.0,1.75,3.75,4.75
D1,2019-03-17,Bayern Munich,Mainz,1935.49,1611.09,9.0,15.0,3.0,3.0,6.0,0.0,H,3.0,0.0,H,22.0,7.0,11.0,1.0,7.0,5.0,13.0,2.0,1.0,0.0,0.0,0.0,1.12,9.0,17.0
D1,2019-03-17,Ein Frankfurt,Nurnberg,1788.05,1487.79,9.0,11.0,0.0,1.0,1.0,0.0,H,1.0,0.0,H,24.0,9.0,4.0,3.0,4.0,13.0,8.0,3.0,0.0,2.0,0.0,0.0,1.4,5.0,7.5
D1,2019-03-17,Leverkusen,Werder Bremen,1751.1,1687.2,6.0,12.0,5.0,9.0,1.0,3.0,A,0.0,2.0,A,15.0,10.0,2.0,5.0,8.0,11.0,10.0,3.0,3.0,2.0,0.0,0.0,1.6,4.2,5.25
D1,2019-03-29,Hoffenheim,Leverkusen,1733.0,1751.1,4.0,8.0,6.0,9.0,4.0,1.0,H,1.0,1.0,D,13.0,18.0,5.0,6.0,8.0,6.0,4.0,7.0,2.0,2.0,0.0,0.0,2.37,3.8,2.7
D1,2019-03-30,Dortmund,Wolfsburg,1819.63,1684.38,6.0,10.0,4.0,10.0,2.0,0.0,H,0.0,0.0,D,11.0,7.0,5.0,3.0,11.0,13.0,5.0,4.0,0.0,3.0,0.0,0.0,1.5,4.33,6.5
D1,2019-03-30,Fortuna Dusseldorf,MGladbach,1574.38,1725.67,3.0,6.0,4.0,5.0,3.0,1.0,H,3.0,0.0,H,8.0,13.0,4.0,6.0,14.0,13.0,1.0,2.0,2.0,3.0,0.0,0.0,3.0,3.5,2.3
D1,2019-03-30,Freiburg,Bayern Munich,1624.18,1935.49,4.0,8.0,9.0,15.0,1.0,1.0,D,1.0,1.0,D,12.0,26.0,5.0,8.0,8.0,9.0,1.0,7.0,3.0,1.0,0.0,0.0,12.0,6.5,1.22
D1,2019-03-30,Nurnberg,Augsburg,1487.79,1607.1,0.0,1.0,7.0,7.0,3.0,0.0,H,0.0,0.0,D,12.0,14.0,4.0,3.0,8.0,12.0,4.0,4.0,1.0,3.0,0.0,0.0,2.87,3.3,2.5
D1,2019-03-30,RB Leipzig,Hertha,1743.34,1665.57,7.0,11.0,3.0,4.0,5.0,0.0,H,2.0,0.0,H,21.0,6.0,9.0,0.0,7.0,6.0,6.0,3.0,1.0,1.0,0.0,0.0,1.5,4.33,6.5
D1,2019-03-30,Werder Bremen,Mainz,1687.2,1611.09,7.0,9.0,0.0,3.0,3.0,1.0,H,2.0,0.0,H,8.0,12.0,4.0,5.0,11.0,9.0,7.0,8.0,0.0,1.0,0.0,0.0,1.61,4.33,5.0
D1,2019-03-31,Ein Frankfurt,Stuttgart,1788.05,1588.88,9.0,13.0,4.0,5.0,3.0,0.0,H,1.0,0.0,H,11.0,10.0,5.0,3.0,13.0,10.0,5.0,5.0,2.0,1.0,0.0,0.0,1.44,5.0,6.5
D1,2019-03-31,Hannover,Schalke 04,1524.39,1646.45,0.0,0.0,0.0,1.0,0.0,1.0,A,0.0,1.0,A,15.0,6.0,3.0,3.0,16.0,17.0,8.0,2.0,1.0,1.0,0.0,0.0,4.5,3.6,1.8
D1,2019-04-05,Mainz,Freiburg,1601.47,1634.61,0.0,3.0,5.0,8.0,5.0,0.0,H,3.0,0.0,H,9.0,17.0,5.0,5.0,17.0,7.0,2.0,7.0,3.0,1.0,0.0,0.0,2.2,3.3,3.4
D1,2019-04-06,Bayern Munich,Dortmund,1932.45,1830.22,7.0,13.0,9.0,12.0,5.0,0.0,H,4.0,0.0,H,22.0,5.0,10.0,1.0,9.0,12.0,11.0,1.0,1.0,2.0,0.0,0.0,1.53,4.75,5.25
D1,2019-04-06,Hertha,Fortuna Dusseldorf,1649.78,1581.94,0.0,3.0,3.0,9.0,1.0,2.0,A,1.0,1.0,D,13.0,13.0,3.0,7.0,18.0,11.0,2.0,6.0,2.0,1.0,0.0,0.0,1.9,3.6,4.0
D1,2019-04-06,Leverkusen,RB Leipzig,1724.41,1760.63,3.0,6.0,7.0,11.0,2.0,4.0,A,2.0,1.0,H,11.0,8.0,4.0,4.0,10.0,12.0,6.0,2.0,2.0,1.0,0.0,0.0,2.3,3.75,2.9
D1,2019-04-06,Schalke 04,Ein Frankfurt,1645.89,1794.1,3.0,3.0,9.0,15.0,1.0,2.0,A,1.0,1.0,D,6.0,16.0,4.0,5.0,16.0,8.0,3.0,6.0,5.0,1.0,1.0,0.0,3.3,3.5,2.15
D1,2019-04-06,Stuttgart,Nurnberg,1586.95,1503.65,1.0,5.0,3.0,3.0,1.0,1.0,D,0.0,1.0,A,14.0,19.0,4.0,6.0,8.0,11.0,12.0,5.0,1.0,3.0,0.0,0.0,1.8,3.75,4.5
D1,2019-04-06,Wolfsburg,Hannover,1686.47,1511.27,3.0,7.0,0.0,0.0,3.0,1.0,H,1.0,1.0,D,13.0,11.0,5.0,4.0,9.0,11.0,9.0,2.0,1.0,2.0,0.0,0.0,1.33,5.5,8.5
D1,2019-04-07,Augsburg,Hoffenheim,1596.51,1741.78,4.0,7.0,7.0,8.0,0.0,4.0,A,0.0,1.0,A,8.0,18.0,0.0,9.0,9.0,10.0,4.0,3.0,1.0,1.0,0.0,0.0,3.6,4.33,1.83
D1,2019-04-07,MGladbach,Werder Bremen,1706.69,1708.9,4.0,4.0,9.0,11.0,1.0,1.0,D,0.0,0.0,D,15.0,12.0,3.0,6.0,7.0,6.0,7.0,1.0,2.0,2.0,0.0,0.0,2.05,3.6,3.4
D1,2019-04-12,Nurnberg,Schalke 04,1503.65,1645.89,4.0,4.0,3.0,3.0,1.0,1.0,D,0.0,0.0,D,17.0,16.0,6.0,2.0,12.0,13.0,11.0,9.0,1.0,2.0,0.0,0.0,3.4,3.25,2.25
D1,2019-04-13,Dortmund,Mainz,1830.22,1601.47,6.0,9.0,3.0,3.0,2.0,1.0,H,2.0,0.0,H,11.0,17.0,7.0,9.0,10.0,6.0,4.0,4.0,0.0,1.0,0.0,0.0,1.3,5.75,9.5
D1,2019-04-13,Hannover,MGladbach,1511.27,1706.69,0.0,0.0,2.0,5.0,0.0,1.0,A,0.0,0.0,D,12.0,18.0,5.0,9.0,10.0,8.0,3.0,12.0,0.0,0.0,0.0,0.0,5.25,4.33,1.6
D1,2019-04-13,RB Leipzig,Wolfsburg,1760.63,1686.47,9.0,13.0,6.0,7.0,2.0,0.0,H,2.0,0.0,H,21.0,6.0,10.0,2.0,19.0,12.0,9.0,3.0,1.0,1.0,0.0,0.0,1.57,4.2,5.75
D1,2019-04-13,Stuttgart,Leverkusen,1586.95,1724.41,2.0,5.0,0.0,6.0,0.0,1.0,A,0.0,0.0,D,13.0,18.0,5.0,5.0,13.0,11.0,7.0,6.0,1.0,0.0,1.0,0.0,4.2,4.2,1.75
D1,2019-04-13,Werder Bremen,Freiburg,1708.9,1634.61,7.0,11.0,2.0,5.0,2.0,1.0,H,0.0,0.0,D,17.0,9.0,7.0,5.0,18.0,7.0,7.0,3.0,1.0,3.0,0.0,0.0,1.6,4.0,5.75
D1,2019-04-14,Ein Frankfurt,Augsburg,1794.1,1596.51,9.0,15.0,3.0,7.0,1.0,3.0,A,1.0,2.0,A,17.0,18.0,4.0,6.0,17.0,9.0,8.0,2.0,3.0,1.0,1.0,0.0,1.45,4.5,6.5
D1,2019-04-14,Fortuna Dusseldorf,Bayern Munich,1581.94,1932.45,6.0,9.0,7.0,13.0,1.0,4.0,A,0.0,2.0,A,7.0,21.0,2.0,10.0,11.0,8.0,2.0,6.0,1.0,0.0,0.0,0.0,12.0,7.5,1.18
D1,2019-04-14,Hoffenheim,Hertha,1741.78,1649.78,7.0,10.0,0.0,3.0,2.0,0.0,H,1.0,0.0,H,30.0,5.0,7.0,2.0,8.0,16.0,9.0,3.0,1.0,0.0,0.0,0.0,1.4,5.0,6.5
D1,2019-04-20,Augsburg,Stuttgart,1602.31,1574.26,3.0,7.0,1.0,2.0,6.0,0.0,H,3.0,0.0,H,24.0,14.0,13.0,4.0,13.0,6.0,9.0,4.0,0.0,0.0,0.0,0.0,2.05,3.5,3.6
D1,2019-04-20,Bayern Munich,Werder Bremen,1942.26,1711.92,7.0,13.0,7.0,13.0,1.0,0.0,H,0.0,0.0,D,28.0,3.0,7.0,0.0,10.0,12.0,14.0,3.0,0.0,2.0,0.0,1.0,1.14,8.0,19.0
D1,2019-04-20,Leverkusen,Nurnberg,1715.4,1506.72,3.0,6.0,5.0,5.0,2.0,0.0,H,0.0,0.0,D,20.0,5.0,9.0,1.0,11.0,7.0,11.0,1.0,0.0,0.0,0.0,0.0,1.3,5.75,9.5
D1,2019-04-20,Mainz,Fortuna Dusseldorf,1612.53,1586.62,3.0,3.0,6.0,6.0,3.0,1.0,H,1.0,1.0,D,21.0,17.0,5.0,7.0,10.0,14.0,3.0,7.0,0.0,3.0,0.0,0.0,2.1,3.6,3.4
D1,2019-04-20,MGladbach,RB Leipzig,1706.62,1776.28,4.0,8.0,9.0,13.0,1.0,2.0,A,0.0,1.0,A,14.0,14.0,4.0,4.0,13.0,14.0,2.0,4.0,0.0,2.0,0.0,0.0,3.0,3.75,2.25
D1,2019-04-20,Schalke 04,Hoffenheim,1634.98,1755.43,4.0,4.0,9.0,13.0,2.0,5.0,A,0.0,2.0,A,15.0,11.0,5.0,6.0,13.0,15.0,6.0,1.0,2.0,3.0,0.0,0.0,3.6,4.0,1.9
D1,2019-04-21,Freiburg,Dortmund,1610.47,1820.43,1.0,5.0,6.0,12.0,0.0,4.0,A,0.0,1.0,A,9.0,10.0,2.0,6.0,10.0,6.0,5.0,3.0,2.0,0.0,0.0,0.0,6.0,4.33,1.53
D1,2019-04-21,Hertha,Hannover,1630.02,1499.67,0.0,0.0,0.0,0.0,0.0,0.0,D,0.0,0.0,D,16.0,13.0,3.0,5.0,13.0,9.0,5.0,8.0,4.0,1.0,0.0,0.0,1.53,4.33,6.0
D1,2019-04-22,Wolfsburg,Ein Frankfurt,1680.85,1767.99,3.0,6.0,6.0,12.0,1.0,1.0,D,0.0,0.0,D,21.0,12.0,8.0,3.0,10.0,8.0,13.0,6.0,2.0,3.0,0.0,0.0,2.55,3.6,2.55
D1,2019-04-26,Augsburg,Leverkusen,1602.31,1715.4,6.0,9.0,6.0,6.0,1.0,4.0,A,1.0,1.0,D,8.0,13.0,2.0,7.0,11.0,8.0,3.0,3.0,1.0,0.0,0.0,0.0,4.5,4.33,1.66
D1,2019-04-27,Dortmund,Schalke 04,1820.43,1634.98,6.0,12.0,1.0,4.0,2.0,4.0,A,1.0,2.0,A,8.0,8.0,2.0,4.0,9.0,18.0,2.0,4.0,0.0,6.0,2.0,0.0,1.3,5.5,9.0
D1,2019-04-27,Ein Frankfurt,Hertha,1767.99,1630.02,4.0,10.0,1.0,1.0,0.0,0.0,D,0.0,0.0,D,10.0,10.0,4.0,3.0,13.0,15.0,2.0,4.0,0.0,5.0,0.0,1.0,1.4,4.75,7.0
D1,2019-04-27,Fortuna Dusseldorf,Werder Bremen,1586.62,1711.92,3.0,6.0,4.0,10.0,4.0,1.0,H,2.0,1.0,H,13.0,18.0,6.0,9.0,10.0,13.0,4.0,9.0,1.0,3.0,0.0,0.0,3.2,3.4,2.2
D1,2019-04-27,Hannover,Mainz,1499.67,1612.53,1.0,1.0,6.0,6.0,1.0,0.0,H,0.0,0.0,D,7.0,23.0,3.0,4.0,10.0,14.0,4.0,7.0,2.0,1.0,0.0,0.0,3.0,3.4,2.3
D1,2019-04-27,RB Leipzig,Freiburg,1776.28,1610.47,9.0,15.0,0.0,2.0,2.0,1.0,H,1.0,0.0,H,15.0,14.0,4.0,8.0,15.0,15.0,5.0,4.0,3.0,5.0,0.0,0.0,1.25,5.5,12.0
D1,2019-04-27,Stuttgart,MGladbach,1574.26,1706.62,1.0,2.0,4.0,5.0,1.0,0.0,H,0.0,0.0,D,13.0,17.0,6.0,4.0,18.0,8.0,2.0,7.0,2.0,1.0,0.0,0.0,3.5,3.5,2.05
D1,2019-04-28,Hoffenheim,Wolfsburg,1755.43,1680.85,9.0,13.0,4.0,7.0,1.0,4.0,A,1.0,1.0,D,19.0,22.0,7.0,10.0,13.0,9.0,9.0,3.0,2.0,2.0,0.0,0.0,1.45,4.75,6.0
D1,2019-04-28,Nurnberg,Bayern Munich,1506.72,1942.26,2.0,5.0,9.0,13.0,1.0,1.0,D,0.0,0.0,D,9.0,18.0,4.0,6.0,11.0,8.0,5.0,5.0,1.0,2.0,0.0,0.0,15.0,8.0,1.14
D1,2019-05-03,Mainz,RB Leipzig,1617.02,1792.38,3.0,6.0,9.0,15.0,3.0,3.0,D,1.0,2.0,A,14.0,15.0,6.0,5.0,14.0,12.0,6.0,4.0,1.0,1.0,0.0,0.0,4.5,4.2,1.7
D1,2019-05-04,Bayern Munich,Hannover,1942.12,1519.94,7.0,11.0,4.0,4.0,3.0,1.0,H,2.0,0.0,H,27.0,2.0,14.0,1.0,9.0,5.0,11.0,0.0,0.0,3.0,0.0,1.0,1.03,21.0,34.0
D1,2019-05-04,Hertha,Stuttgart,1636.33,1575.69,2.0,2.0,3.0,4.0,3.0,1.0,H,2.0,0.0,H,11.0,14.0,6.0,1.0,13.0,17.0,2.0,5.0,1.0,1.0,0.0,0.0,2.2,3.6,3.1
D1,2019-05-04,MGladbach,Hoffenheim,1694.59,1752.23,3.0,4.0,6.0,12.0,2.0,2.0,D,0.0,1.0,A,10.0,26.0,5.0,9.0,10.0,18.0,2.0,7.0,2.0,4.0,0.0,0.0,2.7,4.0,2.3
D1,2019-05-04,Werder Bremen,Dortmund,1698.04,1814.68,3.0,7.0,6.0,9.0,2.0,2.0,D,0.0,2.0,A,14.0,21.0,4.0,8.0,17.0,7.0,4.0,8.0,2.0,1.0,0.0,0.0,3.25,3.75,2.05
D1,2019-05-04,Wolfsburg,Nurnberg,1707.68,1517.0,4.0,7.0,2.0,6.0,2.0,0.0,H,1.0,0.0,H,10.0,12.0,4.0,3.0,8.0,12.0,4.0,5.0,0.0,0.0,0.0,0.0,1.57,4.33,5.5
D1,2019-05-05,Freiburg,Fortuna Dusseldorf,1605.08,1601.32,0.0,1.0,3.0,9.0,1.0,1.0,D,1.0,1.0,D,9.0,16.0,3.0,3.0,12.0,11.0,5.0,4.0,2.0,3.0,1.0,0.0,2.1,3.75,3.2
D1,2019-05-05,Leverkusen,Ein Frankfurt,1736.19,1783.92,9.0,9.0,2.0,8.0,6.0,1.0,H,6.0,1.0,H,17.0,4.0,11.0,2.0,3.0,11.0,1.0,4.0,0.0,3.0,0.0,0.0,1.61,4.5,5.0
D1,2019-05-05,Schalke 04,Augsburg,1649.71,1611.09,4.0,7.0,6.0,6.0,0.0,0.0,D,0.0,0.0,D,14.0,7.0,3.0,3.0,4.0,7.0,7.0,4.0,1.0,0.0,0.0,0.0,1.8,3.8,4.33
D1,2019-05-11,Augsburg,Hertha,1611.09,1636.33,4.0,7.0,5.0,5.0,3.0,4.0,A,1.0,0.0,H,5.0,24.0,3.0,8.0,11.0,4.0,1.0,9.0,0.0,1.0,0.0,0.0,2.4,3.6,2.8
D1,2019-05-11,Dortmund,Fortuna Dusseldorf,1814.68,1601.32,4.0,7.0,4.0,7.0,3.0,2.0,H,1.0,0.0,H,15.0,8.0,5.0,3.0,11.0,12.0,2.0,4.0,1.0,0.0,0.0,1.0,1.3,6.0,8.5
D1,2019-05-11,Hannover,Freiburg,1519.94,1605.08,4.0,4.0,1.0,1.0,3.0,0.0,H,1.0,0.0,H,18.0,5.0,6.0,1.0,15.0,12.0,5.0,3.0,0.0,2.0,0.0,0.0,2.62,3.75,2.5
D1,2019-05-11,Hoffenheim,Werder Bremen,1752.23,1698.04,4.0,10.0,1.0,5.0,0.0,1.0,A,0.0,1.0,A,19.0,11.0,3.0,6.0,16.0,10.0,1.0,4.0,3.0,4.0,0.0,0.0,1.44,5.25,6.0
D1,2019-05-11,Leverkusen,Schalke 04,1736.19,1649.71,9.0,12.0,4.0,5.0,1.0,1.0,D,1.0,0.0,H,18.0,8.0,5.0,3.0,10.0,10.0,4.0,4.0,2.0,1.0,0.0,0.0,1.33,5.75,8.0
D1,2019-05-11,Nurnberg,MGladbach,1517.0,1694.59,1.0,3.0,1.0,5.0,0.0,4.0,A,0.0,0.0,D,12.0,16.0,2.0,5.0,4.0,14.0,1.0,5.0,0.0,2.0,0.0,0.0,3.8,4.0,1.85
D1,2019-05-11,RB Leipzig,Bayern Munich,1792.38,1942.12,7.0,13.0,7.0,13.0,0.0,0.0,D,0.0,0.0,D,10.0,11.0,3.0,5.0,11.0,9.0,1.0,6.0,0.0,2.0,0.0,0.0,5.0,4.0,1.66
D1,2019-05-11,Stuttgart,Wolfsburg,1575.69,1707.68,3.0,4.0,7.0,10.0,3.0,0.0,H,1.0,0.0,H,11.0,8.0,4.0,2.0,14.0,10.0,4.0,3.0,1.0,2.0,0.0,0.0,3.2,3.5,2.2
D1,2019-05-12,Ein Frankfurt,Mainz,1783.92,1617.02,2.0,5.0,4.0,7.0,0.0,2.0,A,0.0,0.0,D,13.0,15.0,4.0,4.0,10.0,20.0,9.0,6.0,1.0,1.0,0.0,0.0,1.6,4.2,5.25
D1,2019-05-18,Bayern Munich,Ein Frankfurt,1941.83,1754.33,5.0,11.0,1.0,2.0,5.0,1.0,H,1.0,0.0,H,23.0,6.0,14.0,2.0,7.0,13.0,5.0,3.0,2.0,2.0,0.0,0.0,1.25,6.5,10.0
D1,2019-05-18,Fortuna Dusseldorf,Hannover,1602.11,1535.63,4.0,4.0,6.0,7.0,2.0,1.0,H,0.0,0.0,D,15.0,14.0,7.0,3.0,13.0,9.0,2.0,7.0,2.0,1.0,0.0,0.0,1.55,4.2,6.0
D1,2019-05-18,Freiburg,Nurnberg,1589.61,1504.86,1.0,1.0,1.0,2.0,5.0,1.0,H,2.0,0.0,H,18.0,14.0,8.0,5.0,15.0,9.0,4.0,2.0,2.0,1.0,0.0,0.0,1.75,4.0,4.33
D1,2019-05-18,Hertha,Leverkusen,1653.75,1750.41,7.0,8.0,7.0,13.0,1.0,5.0,A,1.0,2.0,A,9.0,13.0,4.0,8.0,10.0,14.0,4.0,3.0,1.0,1.0,0.0,0.0,7.0,4.5,1.44
D1,2019-05-18,Mainz,Hoffenheim,1640.17,1743.08,4.0,7.0,1.0,7.0,4.0,2.0,H,0.0,2.0,A,22.0,19.0,12.0,7.0,17.0,9.0,8.0,5.0,2.0,4.0,0.0,1.0,4.2,4.75,1.65
D1,2019-05-18,MGladbach,Dortmund,1705.84,1816.87,4.0,7.0,4.0,10.0,0.0,2.0,A,0.0,1.0,A,7.0,12.0,0.0,3.0,8.0,6.0,2.0,2.0,1.0,1.0,0.0,0.0,2.9,4.0,2.2
D1,2019-05-18,Schalke 04,Stuttgart,1652.85,1587.65,5.0,6.0,6.0,6.0,0.0,0.0,D,0.0,0.0,D,12.0,16.0,3.0,8.0,10.0,8.0,7.0,5.0,0.0,1.0,0.0,0.0,1.61,4.2,5.25
D1,2019-05-18,Werder Bremen,RB Leipzig,1711.82,1793.32,4.0,7.0,5.0,11.0,2.0,1.0,H,1.0,0.0,H,6.0,10.0,3.0,3.0,16.0,12.0,3.0,9.0,2.0,2.0,0.0,0.0,2.5,4.0,2.5
D1,2019-05-18,Wolfsburg,Augsburg,1695.18,1606.63,6.0,7.0,1.0,7.0,8.0,1.0,H,3.0,0.0,H,18.0,12.0,10.0,4.0,5.0,11.0,6.0,5.0,0.0,2.0,0.0,0.0,1.4,4.75,8.0
D1,2019-08-16,Bayern Munich,Hertha,1947.87,1640.55,7.0,11.0,6.0,8.0,2.0,2.0,D,1.0,2.0,A,17.0,6.0,7.0,3.0,6.0,17.0,12.0,0.0,3.0,3.0,0.0,0.0,1.18,7.55,15.04
D1,2019-08-17,Dortmund,Augsburg,1826.48,1594.92,7.0,10.0,1.0,4.0,5.0,1.0,H,1.0,1.0,D,23.0,5.0,10.0,1.0,8.0,6.0,10.0,0.0,0.0,0.0,0.0,0.0,1.22,6.62,13.38
D1,2019-08-17,Freiburg,Mainz,1599.53,1653.58,4.0,4.0,7.0,10.0,3.0,0.0,H,0.0,0.0,D,19.0,19.0,8.0,5.0,6.0,15.0,5.0,5.0,1.0,3.0,0.0,0.0,2.2,3.37,3.36
D1,2019-08-17,Leverkusen,Paderborn,1764.54,1502.54,7.0,13.0,3.0,9.0,3.0,2.0,H,2.0,2.0,D,13.0,11.0,4.0,6.0,8.0,9.0,6.0,6.0,2.0,0.0,0.0,0.0,1.28,5.97,10.27
D1,2019-08-17,Werder Bremen,Fortuna Dusseldorf,1720.96,1607.65,7.0,7.0,4.0,7.0,1.0,3.0,A,0.0,1.0,A,23.0,12.0,10.0,7.0,8.0,13.0,14.0,5.0,0.0,2.0,0.0,0.0,1.74,3.93,4.57
D1,2019-08-17,Wolfsburg,FC Koln,1707.82,1571.9,6.0,10.0,4.0,4.0,2.0,1.0,H,1.0,0.0,H,14.0,11.0,5.0,2.0,14.0,18.0,2.0,6.0,1.0,3.0,0.0,0.0,1.91,3.74,3.91
D1,2019-08-17,MGladbach,Schalke 04,1697.17,1650.02,4.0,4.0,3.0,6.0,0.0,0.0,D,0.0,0.0,D,16.0,8.0,4.0,1.0,8.0,10.0,8.0,3.0,3.0,2.0,0.0,0.0,2.06,3.49,3.6
D1,2019-08-18,Ein Frankfurt,Hoffenheim,1750.56,1730.6,0.0,2.0,1.0,4.0,1.0,0.0,H,1.0,0.0,H,17.0,10.0,8.0,1.0,16.0,9.0,10.0,5.0,3.0,1.0,0.0,0.0,2.32,3.65,2.92
D1,2019-08-18,Union Berlin,RB Leipzig,1541.01,1785.12,4.0,8.0,2.0,8.0,0.0,4.0,A,0.0,3.0,A,13.0,14.0,2.0,8.0,14.0,5.0,3.0,6.0,1.0,0.0,0.0,0.0,4.63,4.02,1.72
D1,2019-08-23,FC Koln,Dortmund,1571.9,1826.48,1.0,4.0,9.0,10.0,1.0,3.0,A,1.0,0.0,H,13.0,14.0,1.0,6.0,11.0,10.0,7.0,8.0,2.0,1.0,0.0,0.0,6.18,4.74,1.48
D1,2019-08-24,Augsburg,Union Berlin,1594.92,1541.01,0.0,1.0,4.0,7.0,1.0,1.0,D,0.0,0.0,D,12.0,13.0,4.0,1.0,16.0,19.0,3.0,4.0,3.0,1.0,0.0,1.0,2.24,3.32,3.31
D1,2019-08-24,Fortuna Dusseldorf,Leverkusen,1607.65,1764.54,6.0,10.0,7.0,13.0,1.0,3.0,A,0.0,3.0,A,11.0,11.0,6.0,7.0,14.0,10.0,1.0,5.0,3.0,2.0,0.0,0.0,4.36,4.2,1.72
D1,2019-08-24,Hoffenheim,Werder Bremen,1730.6,1720.96,0.0,1.0,6.0,7.0,3.0,2.0,H,0.0,1.0,A,10.0,18.0,3.0,6.0,13.0,15.0,3.0,6.0,2.0,5.0,0.0,1.0,1.88,3.92,3.83
D1,2019-08-24,Mainz,MGladbach,1653.58,1697.17,6.0,7.0,4.0,5.0,1.0,3.0,A,1.0,1.0,D,21.0,15.0,4.0,6.0,12.0,14.0,3.0,5.0,2.0,2.0,0.0,0.0,2.86,3.42,2.46
D1,2019-08-24,Paderborn,Freiburg,1502.54,1599.53,3.0,6.0,6.0,7.0,1.0,3.0,A,1.0,2.0,A,15.0,9.0,2.0,4.0,20.0,6.0,9.0,5.0,3.0,1.0,0.0,0.0,2.38,3.6,2.84
D1,2019-08-24,Schalke 04,Bayern Munich,1650.02,1947.87,3.0,7.0,5.0,9.0,0.0,3.0,A,0.0,1.0,A,9.0,10.0,2.0,6.0,11.0,10.0,3.0,4.0,0.0,0.0,0.0,0.0,8.12,4.93,1.38
D1,2019-08-25,RB Leipzig,Ein Frankfurt,1785.12,1750.56,4.0,8.0,3.0,4.0,2.0,1.0,H,1.0,0.0,H,13.0,11.0,5.0,5.0,10.0,13.0,4.0,1.0,2.0,3.0,0.0,0.0,1.49,4.63,6.06
D1,2019-08-25,Hertha,Wolfsburg,1640.55,1707.82,4.0,8.0,6.0,12.0,0.0,3.0,A,0.0,1.0,A,8.0,9.0,2.0,4.0,15.0,11.0,2.0,5.0,1.0,0.0,0.0,0.0,2.42,3.46,2.87
D1,2019-08-30,MGladbach,RB Leipzig,1697.17,1785.12,4.0,8.0,6.0,8.0,1.0,3.0,A,0.0,1.0,A,11.0,14.0,3.0,6.0,17.0,19.0,9.0,5.0,3.0,2.0,0.0,0.0,3.28,3.76,2.11
D1,2019-08-31,Bayern Munich,Mainz,1947.87,1653.58,7.0,11.0,3.0,7.0,6.0,1.0,H,2.0,1.0,H,19.0,7.0,10.0,4.0,16.0,12.0,10.0,1.0,3.0,3.0,0.0,0.0,1.09,11.05,28.84
D1,2019-08-31,Freiburg,FC Koln,1599.53,1571.9,9.0,10.0,1.0,4.0,1.0,2.0,A,1.0,0.0,H,14.0,9.0,1.0,3.0,6.0,15.0,5.0,6.0,0.0,2.0,0.0,0.0,2.45,3.45,2.87
D1,2019-08-31,Leverkusen,Hoffenheim,1764.54,1730.6,9.0,13.0,3.0,4.0,0.0,0.0,D,0.0,0.0,D,20.0,6.0,2.0,1.0,7.0,11.0,19.0,0.0,2.0,2.0,0.0,0.0,1.55,4.88,5.08
D1,2019-08-31,Schalke 04,Hertha,1650.02,1640.55,2.0,4.0,1.0,7.0,3.0,0.0,H,1.0,0.0,H,9.0,9.0,2.0,3.0,13.0,9.0,5.0,3.0,1.0,1.0,0.0,0.0,2.12,3.45,3.51
D1,2019-08-31,Wolfsburg,Paderborn,1707.82,1502.54,9.0,12.0,0.0,3.0,1.0,1.0,D,0.0,1.0,A,15.0,7.0,5.0,3.0,8.0,12.0,8.0,3.0,0.0,3.0,0.0,0.0,1.46,4.85,6.46
D1,2019-08-31,Union Berlin,Dortmund,1541.01,1826.48,2.0,5.0,9.0,13.0,3.0,1.0,H,1.0,1.0,D,15.0,13.0,7.0,2.0,13.0,2.0,7.0,4.0,0.0,0.0,0.0,0.0,8.99,5.56,1.32
D1,2019-09-01,Werder Bremen,Augsburg,1699.92,1589.33,3.0,7.0,1.0,2.0,3.0,2.0,H,2.0,1.0,H,15.0,12.0,5.0,6.0,9.0,11.0,4.0,2.0,1.0,4.0,0.0,1.0,1.7,4.03,4.77
D1,2019-09-01,Ein Frankfurt,Fortuna Dusseldorf,1758.02,1618.63,3.0,3.0,6.0,7.0,2.0,1.0,H,0.0,1.0,A,15.0,14.0,8.0,4.0,13.0,15.0,4.0,1.0,2.0,4.0,0.0,0.0,1.69,4.08,4.77
D1,2019-09-13,Fortuna Dusseldorf,Wolfsburg,1618.63,1719.71,3.0,6.0,7.0,10.0,1.0,1.0,D,1.0,1.0,D,12.0,15.0,3.0,6.0,7.0,14.0,3.0,8.0,0.0,2.0,0.0,0.0,3.03,3.62,2.28
D1,2019-09-14,Augsburg,Ein Frankfurt,1589.33,1758.02,1.0,1.0,6.0,6.0,2.0,1.0,H,2.0,0.0,H,9.0,23.0,6.0,3.0,8.0,8.0,2.0,11.0,2.0,1.0,0.0,0.0,3.48,3.69,2.05
D1,2019-09-14,Dortmund,Leverkusen,1817.74,1773.42,6.0,12.0,7.0,11.0,4.0,0.0,H,1.0,0.0,H,11.0,22.0,9.0,12.0,9.0,11.0,3.0,3.0,0.0,3.0,0.0,0.0,1.82,4.01,4.04
D1,2019-09-14,FC Koln,MGladbach,1576.44,1697.68,3.0,4.0,4.0,7.0,0.0,1.0,A,0.0,1.0,A,14.0,15.0,7.0,4.0,22.0,17.0,4.0,7.0,2.0,2.0,0.0,0.0,2.57,3.53,2.66
D1,2019-09-14,Mainz,Hertha,1627.19,1625.79,0.0,6.0,1.0,4.0,2.0,1.0,H,1.0,0.0,H,14.0,16.0,5.0,8.0,16.0,11.0,6.0,3.0,2.0,2.0,0.0,0.0,2.38,3.44,2.98
D1,2019-09-14,Union Berlin,Werder Bremen,1558.18,1699.92,4.0,8.0,3.0,9.0,1.0,2.0,A,1.0,1.0,D,12.0,16.0,5.0,7.0,23.0,10.0,7.0,4.0,3.0,4.0,1.0,1.0,2.79,3.5,2.48
D1,2019-09-14,RB Leipzig,Bayern Munich,1809.72,1950.15,9.0,10.0,7.0,11.0,1.0,1.0,D,1.0,1.0,D,12.0,14.0,6.0,7.0,11.0,4.0,3.0,6.0,4.0,2.0,0.0,0.0,3.78,4.04,1.87
D1,2019-09-15,Hoffenheim,Freiburg,1735.02,1613.6,4.0,4.0,6.0,9.0,0.0,3.0,A,0.0,2.0,A,22.0,16.0,5.0,8.0,10.0,6.0,12.0,4.0,0.0,2.0,0.0,0.0,1.69,4.2,4.6
D1,2019-09-15,Paderborn,Schalke 04,1500.19,1660.75,1.0,4.0,4.0,6.0,1.0,5.0,A,1.0,1.0,D,9.0,18.0,1.0,11.0,17.0,12.0,3.0,5.0,2.0,1.0,0.0,0.0,3.04,3.64,2.26
D1,2019-09-20,Schalke 04,Mainz,1660.75,1633.74,6.0,8.0,3.0,6.0,2.0,1.0,H,1.0,0.0,H,19.0,14.0,6.0,3.0,7.0,15.0,5.0,5.0,1.0,1.0,0.0,0.0,1.66,4.07,5.11
D1,2019-09-21,Bayern Munich,FC Koln,1947.75,1570.23,7.0,11.0,3.0,4.0,4.0,0.0,H,1.0,0.0,H,24.0,16.0,5.0,2.0,15.0,20.0,12.0,4.0,4.0,0.0,0.0,1.0,1.12,9.25,21.04
D1,2019-09-21,Freiburg,Augsburg,1613.6,1596.36,6.0,12.0,4.0,4.0,1.0,1.0,D,1.0,1.0,D,17.0,12.0,5.0,2.0,13.0,13.0,7.0,4.0,1.0,1.0,0.0,0.0,1.9,3.77,3.92
D1,2019-09-21,Hertha,Paderborn,1619.24,1500.19,0.0,1.0,1.0,1.0,2.0,1.0,H,1.0,0.0,H,6.0,17.0,4.0,8.0,13.0,15.0,1.0,8.0,4.0,4.0,0.0,0.0,1.73,4.02,4.54
D1,2019-09-21,Leverkusen,Union Berlin,1762.76,1552.61,4.0,10.0,4.0,5.0,2.0,0.0,H,2.0,0.0,H,20.0,4.0,7.0,0.0,10.0,10.0,8.0,1.0,0.0,1.0,0.0,1.0,1.36,5.31,7.82
D1,2019-09-21,Werder Bremen,RB Leipzig,1709.58,1812.11,6.0,9.0,7.0,10.0,0.0,3.0,A,0.0,2.0,A,11.0,14.0,1.0,7.0,11.0,13.0,4.0,7.0,0.0,3.0,0.0,1.0,4.19,4.25,1.75
D1,2019-09-22,MGladbach,Fortuna Dusseldorf,1703.89,1616.45,6.0,7.0,1.0,7.0,2.0,1.0,H,0.0,1.0,A,23.0,18.0,11.0,4.0,14.0,11.0,10.0,4.0,2.0,3.0,0.0,0.0,1.69,4.09,4.77
D1,2019-09-22,Ein Frankfurt,Dortmund,1750.54,1828.41,3.0,6.0,6.0,12.0,2.0,2.0,D,1.0,1.0,D,17.0,15.0,3.0,7.0,18.0,10.0,5.0,8.0,2.0,2.0,0.0,0.0,4.29,4.22,1.74
D1,2019-09-23,Wolfsburg,Hoffenheim,1718.27,1735.02,5.0,11.0,4.0,4.0,1.0,1.0,D,1.0,1.0,D,12.0,11.0,4.0,5.0,11.0,18.0,4.0,6.0,2.0,4.0,0.0,0.0,1.95,3.81,3.7
D1,2019-09-27,Union Berlin,Ein Frankfurt,1552.61,1750.54,3.0,4.0,4.0,7.0,1.0,2.0,A,0.0,0.0,D,12.0,14.0,5.0,6.0,11.0,12.0,4.0,5.0,1.0,1.0,0.0,0.0,2.99,3.64,2.3
D1,2019-09-28,Augsburg,Leverkusen,1596.36,1762.76,4.0,5.0,4.0,10.0,0.0,3.0,A,0.0,1.0,A,8.0,11.0,1.0,5.0,16.0,9.0,1.0,3.0,4.0,0.0,0.0,0.0,4.71,4.52,1.63
D1,2019-09-28,Hoffenheim,MGladbach,1735.02,1703.89,2.0,5.0,6.0,10.0,0.0,3.0,A,0.0,1.0,A,17.0,11.0,4.0,5.0,10.0,11.0,2.0,5.0,2.0,2.0,0.0,0.0,2.43,3.61,2.79
D1,2019-09-28,Mainz,Wolfsburg,1633.74,1718.27,3.0,3.0,3.0,9.0,0.0,1.0,A,0.0,1.0,A,15.0,4.0,5.0,3.0,9.0,15.0,10.0,1.0,2.0,3.0,0.0,0.0,2.89,3.52,2.4
D1,2019-09-28,Paderborn,Bayern Munich,1500.19,1947.75,1.0,1.0,7.0,11.0,2.0,3.0,A,0.0,1.0,A,10.0,18.0,5.0,6.0,7.0,6.0,11.0,5.0,1.0,1.0,0.0,0.0,15.89,9.07,1.14
D1,2019-09-28,RB Leipzig,Schalke 04,1812.11,1660.75,7.0,13.0,9.0,10.0,1.0,3.0,A,0.0,2.0,A,17.0,13.0,6.0,8.0,13.0,11.0,8.0,4.0,1.0,1.0,0.0,0.0,1.56,4.41,5.57
D1,2019-09-28,Dortmund,Werder Bremen,1828.41,1709.58,4.0,10.0,6.0,6.0,2.0,2.0,D,2.0,1.0,H,19.0,11.0,7.0,5.0,8.0,10.0,9.0,2.0,1.0,0.0,0.0,0.0,1.27,6.3,10.09
D1,2019-09-29,Fortuna Dusseldorf,Freiburg,1616.45,1613.6,1.0,4.0,4.0,10.0,1.0,2.0,A,1.0,1.0,D,17.0,9.0,7.0,3.0,9.0,9.0,5.0,1.0,2.0,2.0,0.0,0.0,2.44,3.58,2.78
D1,2019-09-29,FC Koln,Hertha,1570.23,1619.24,3.0,3.0,3.0,4.0,0.0,4.0,A,0.0,1.0,A,8.0,10.0,3.0,6.0,11.0,13.0,8.0,4.0,1.0,0.0,1.0,0.0,2.15,3.66,3.23
D1,2019-10-04,Hertha,Fortuna Dusseldorf,1625.52,1589.9,6.0,6.0,1.0,1.0,3.0,1.0,H,2.0,1.0,H,16.0,9.0,3.0,3.0,17.0,18.0,9.0,2.0,3.0,3.0,0.0,0.0,1.68,4.09,4.88
D1,2019-10-05,Bayern Munich,Hoffenheim,1940.52,1684.99,7.0,13.0,1.0,5.0,1.0,2.0,A,0.0,0.0,D,20.0,8.0,4.0,5.0,8.0,12.0,9.0,3.0,2.0,0.0,0.0,0.0,1.11,10.03,23.32
D1,2019-10-05,Freiburg,Dortmund,1627.96,1811.96,7.0,10.0,5.0,8.0,2.0,2.0,D,0.0,1.0,A,6.0,8.0,1.0,4.0,10.0,8.0,3.0,11.0,0.0,3.0,0.0,0.0,5.3,4.32,1.59
D1,2019-10-05,Leverkusen,RB Leipzig,1749.73,1802.02,6.0,10.0,4.0,10.0,1.0,1.0,D,0.0,0.0,D,11.0,11.0,8.0,5.0,11.0,12.0,4.0,0.0,2.0,2.0,0.0,0.0,2.33,3.73,2.86
D1,2019-10-05,Paderborn,Mainz,1472.17,1608.24,0.0,1.0,3.0,3.0,1.0,2.0,A,1.0,2.0,A,16.0,18.0,7.0,7.0,8.0,18.0,7.0,10.0,1.0,4.0,0.0,0.0,2.49,3.75,2.64
D1,2019-10-05,Schalke 04,FC Koln,1682.82,1540.34,9.0,12.0,0.0,3.0,1.0,1.0,D,0.0,0.0,D,15.0,9.0,3.0,5.0,15.0,15.0,6.0,4.0,4.0,4.0,0.0,0.0,1.64,4.15,5.08
D1,2019-10-06,MGladbach,Augsburg,1685.45,1577.1,9.0,12.0,4.0,5.0,5.0,1.0,H,4.0,0.0,H,13.0,13.0,9.0,3.0,9.0,9.0,2.0,7.0,1.0,2.0,0.0,0.0,1.53,4.53,5.75
D1,2019-10-06,Wolfsburg,Union Berlin,1713.07,1531.48,5.0,9.0,0.0,4.0,1.0,0.0,H,0.0,0.0,D,13.0,14.0,4.0,3.0,17.0,15.0,5.0,4.0,2.0,2.0,0.0,0.0,1.67,3.89,5.22
D1,2019-10-06,Ein Frankfurt,Werder Bremen,1731.4,1690.51,4.0,7.0,4.0,7.0,2.0,2.0,D,0.0,1.0,A,24.0,11.0,7.0,5.0,12.0,8.0,10.0,1.0,2.0,1.0,0.0,0.0,2.17,3.65,3.18
D1,2019-10-18,Ein Frankfurt,Leverkusen,1736.41,1746.15,5.0,8.0,7.0,8.0,3.0,0.0,H,2.0,0.0,H,10.0,19.0,5.0,10.0,11.0,12.0,4.0,1.0,1.0,1.0,0.0,0.0,2.85,3.79,2.32
D1,2019-10-19,Augsburg,Bayern Munich,1570.88,1947.2,1.0,4.0,6.0,10.0,2.0,2.0,D,1.0,1.0,D,9.0,24.0,7.0,9.0,10.0,6.0,3.0,7.0,3.0,3.0,0.0,0.0,16.44,8.18,1.16
D1,2019-10-19,Fortuna Dusseldorf,Mainz,1584.21,1616.3,0.0,1.0,3.0,6.0,1.0,0.0,H,0.0,0.0,D,20.0,7.0,4.0,1.0,10.0,17.0,8.0,1.0,2.0,4.0,0.0,1.0,2.57,3.55,2.65
D1,2019-10-19,RB Leipzig,Wolfsburg,1787.05,1717.97,4.0,8.0,7.0,9.0,1.0,1.0,D,0.0,0.0,D,13.0,14.0,5.0,6.0,10.0,9.0,3.0,3.0,1.0,3.0,0.0,0.0,1.54,4.35,5.9
D1,2019-10-19,Union Berlin,Freiburg,1530.94,1634.4,0.0,3.0,5.0,8.0,2.0,0.0,H,1.0,0.0,H,18.0,12.0,5.0,4.0,21.0,13.0,3.0,4.0,3.0,0.0,0.0,0.0,2.58,3.45,2.69
D1,2019-10-19,Werder Bremen,Hertha,1695.59,1636.22,2.0,8.0,9.0,9.0,1.0,1.0,D,1.0,0.0,H,15.0,11.0,5.0,2.0,8.0,11.0,7.0,5.0,1.0,1.0,0.0,0.0,2.14,3.68,3.25
D1,2019-10-19,Dortmund,MGladbach,1819.41,1694.99,3.0,6.0,9.0,12.0,1.0,0.0,H,0.0,0.0,D,20.0,13.0,7.0,3.0,13.0,15.0,10.0,8.0,1.0,2.0,0.0,0.0,1.47,4.83,6.25
D1,2019-10-20,FC Koln,Paderborn,1547.83,1469.11,1.0,4.0,0.0,1.0,3.0,0.0,H,1.0,0.0,H,16.0,9.0,6.0,1.0,6.0,7.0,6.0,9.0,0.0,0.0,0.0,0.0,1.68,4.36,4.5
D1,2019-10-20,Hoffenheim,Schalke 04,1702.36,1680.32,4.0,5.0,7.0,13.0,2.0,0.0,H,0.0,0.0,D,9.0,11.0,3.0,1.0,12.0,14.0,3.0,8.0,2.0,2.0,0.0,0.0,2.69,3.52,2.55
D1,2019-10-25,Mainz,FC Koln,1616.3,1547.83,3.0,6.0,4.0,4.0,3.0,1.0,H,1.0,1.0,D,18.0,16.0,6.0,8.0,20.0,9.0,5.0,10.0,2.0,2.0,0.0,0.0,2.55,3.54,2.7
D1,2019-10-26,Bayern Munich,Union Berlin,1947.2,1530.94,4.0,8.0,3.0,3.0,2.0,1.0,H,1.0,0.0,H,21.0,6.0,10.0,4.0,9.0,15.0,8.0,2.0,0.0,1.0,0.0,0.0,1.11,10.24,20.85
D1,2019-10-26,Freiburg,RB Leipzig,1634.4,1787.05,4.0,8.0,2.0,6.0,2.0,1.0,H,1.0,0.0,H,14.0,25.0,3.0,6.0,10.0,9.0,5.0,4.0,3.0,1.0,0.0,0.0,3.96,3.74,1.9
D1,2019-10-26,Hertha,Hoffenheim,1636.22,1702.36,7.0,10.0,6.0,7.0,2.0,3.0,A,0.0,2.0,A,13.0,17.0,4.0,8.0,17.0,12.0,4.0,4.0,3.0,3.0,1.0,0.0,2.1,3.66,3.37
D1,2019-10-26,Paderborn,Fortuna Dusseldorf,1469.11,1584.21,0.0,0.0,3.0,4.0,2.0,0.0,H,1.0,0.0,H,14.0,18.0,6.0,4.0,21.0,17.0,4.0,7.0,5.0,4.0,0.0,0.0,2.38,3.85,2.73
D1,2019-10-26,Schalke 04,Dortmund,1680.32,1819.41,4.0,10.0,5.0,9.0,0.0,0.0,D,0.0,0.0,D,13.0,8.0,3.0,3.0,8.0,7.0,8.0,2.0,3.0,2.0,0.0,0.0,3.07,3.51,2.29
D1,2019-10-26,Leverkusen,Werder Bremen,1746.15,1695.59,4.0,7.0,3.0,6.0,2.0,2.0,D,1.0,1.0,D,21.0,10.0,4.0,3.0,12.0,13.0,10.0,1.0,2.0,1.0,0.0,0.0,1.62,4.29,5.1
D1,2019-10-27,Wolfsburg,Augsburg,1717.97,1570.88,7.0,9.0,1.0,5.0,0.0,0.0,D,0.0,0.0,D,14.0,10.0,3.0,5.0,12.0,13.0,5.0,3.0,0.0,0.0,0.0,0.0,1.59,4.19,5.6
D1,2019-10-27,MGladbach,Ein Frankfurt,1694.99,1736.41,6.0,12.0,7.0,8.0,4.0,2.0,H,2.0,0.0,H,12.0,15.0,7.0,3.0,12.0,11.0,5.0,6.0,1.0,1.0,0.0,0.0,1.91,3.93,3.69
D1,2019-11-01,Hoffenheim,Paderborn,1717.94,1474.61,9.0,10.0,3.0,3.0,3.0,0.0,H,3.0,0.0,H,12.0,9.0,7.0,2.0,7.0,12.0,4.0,4.0,0.0,1.0,0.0,0.0,1.44,4.94,6.59
D1,2019-11-02,Dortmund,Wolfsburg,1809.28,1714.44,5.0,7.0,5.0,9.0,3.0,0.0,H,0.0,0.0,D,17.0,12.0,8.0,3.0,12.0,18.0,7.0,2.0,1.0,3.0,0.0,0.0,1.53,4.25,6.31
D1,2019-11-02,Ein Frankfurt,Bayern Munich,1739.74,1944.49,4.0,8.0,4.0,10.0,5.0,1.0,H,2.0,1.0,H,17.0,7.0,11.0,3.0,12.0,7.0,3.0,0.0,1.0,2.0,0.0,1.0,6.7,5.19,1.42
D1,2019-11-02,Leverkusen,MGladbach,1727.86,1705.63,2.0,8.0,6.0,12.0,1.0,2.0,A,1.0,2.0,A,23.0,11.0,6.0,6.0,13.0,8.0,13.0,0.0,2.0,1.0,1.0,0.0,2.0,3.82,3.5
D1,2019-11-02,RB Leipzig,Mainz,1776.71,1616.04,2.0,5.0,6.0,6.0,8.0,0.0,H,5.0,0.0,H,19.0,10.0,12.0,2.0,10.0,7.0,3.0,4.0,0.0,1.0,0.0,0.0,1.35,5.32,8.32
D1,2019-11-02,Werder Bremen,Freiburg,1694.76,1631.68,3.0,4.0,4.0,8.0,2.0,2.0,D,1.0,1.0,D,20.0,13.0,10.0,3.0,17.0,9.0,5.0,0.0,3.0,4.0,0.0,1.0,1.95,3.73,3.74
D1,2019-11-02,Union Berlin,Hertha,1543.14,1631.59,3.0,3.0,4.0,10.0,1.0,0.0,H,0.0,0.0,D,16.0,8.0,6.0,3.0,14.0,9.0,1.0,4.0,1.0,1.0,0.0,0.0,2.81,3.34,2.53
D1,2019-11-03,Fortuna Dusseldorf,FC Koln,1577.28,1548.13,3.0,3.0,4.0,4.0,2.0,0.0,H,1.0,0.0,H,9.0,8.0,3.0,1.0,10.0,20.0,3.0,4.0,1.0,3.0,0.0,0.0,2.72,3.63,2.46
D1,2019-11-03,Augsburg,Schalke 04,1582.98,1673.84,2.0,3.0,2.0,8.0,2.0,3.0,A,1.0,1.0,D,12.0,11.0,4.0,3.0,12.0,10.0,1.0,6.0,3.0,5.0,0.0,0.0,3.75,3.79,1.93
D1,2019-11-08,FC Koln,Hoffenheim,1548.13,1717.94,3.0,4.0,9.0,12.0,1.0,2.0,A,1.0,0.0,H,11.0,15.0,3.0,5.0,21.0,14.0,5.0,7.0,4.0,3.0,0.0,0.0,2.58,3.59,2.64
D1,2019-11-09,Hertha,RB Leipzig,1631.59,1776.71,1.0,7.0,4.0,5.0,2.0,4.0,A,1.0,2.0,A,7.0,10.0,3.0,7.0,12.0,12.0,0.0,5.0,2.0,1.0,0.0,0.0,4.06,3.88,1.84
D1,2019-11-09,Mainz,Union Berlin,1616.04,1543.14,3.0,6.0,6.0,6.0,2.0,3.0,A,0.0,2.0,A,18.0,14.0,5.0,4.0,15.0,15.0,3.0,2.0,1.0,4.0,0.0,0.0,2.2,3.39,3.36
D1,2019-11-09,Paderborn,Augsburg,1474.61,1582.98,3.0,3.0,2.0,2.0,0.0,1.0,A,0.0,1.0,A,12.0,13.0,4.0,5.0,15.0,12.0,5.0,7.0,1.0,3.0,0.0,0.0,2.59,3.75,2.54
D1,2019-11-09,Schalke 04,Fortuna Dusseldorf,1673.84,1577.28,4.0,8.0,6.0,6.0,3.0,3.0,D,1.0,0.0,H,12.0,9.0,5.0,5.0,9.0,15.0,2.0,4.0,2.0,4.0,0.0,0.0,1.52,4.31,6.29
D1,2019-11-09,Bayern Munich,Dortmund,1944.49,1809.28,4.0,7.0,7.0,9.0,4.0,0.0,H,1.0,0.0,H,17.0,2.0,5.0,0.0,11.0,12.0,2.0,1.0,2.0,1.0,0.0,0.0,1.56,4.57,5.32
D1,2019-11-10,MGladbach,Werder Bremen,1705.63,1694.76,6.0,12.0,3.0,5.0,3.0,1.0,H,2.0,0.0,H,17.0,16.0,7.0,7.0,17.0,11.0,3.0,8.0,5.0,4.0,1.0,0.0,1.73,4.12,4.35
D1,2019-11-10,Wolfsburg,Leverkusen,1714.44,1727.86,2.0,8.0,1.0,5.0,0.0,2.0,A,0.0,1.0,A,9.0,9.0,1.0,4.0,8.0,9.0,9.0,0.0,2.0,2.0,0.0,0.0,2.96,3.47,2.36
D1,2019-11-10,Freiburg,Ein Frankfurt,1631.68,1739.74,4.0,8.0,6.0,10.0,1.0,0.0,H,0.0,0.0,D,13.0,17.0,7.0,6.0,7.0,13.0,8.0,10.0,1.0,3.0,1.0,2.0,2.74,3.54,2.48
D1,2019-11-22,Dortmund,Paderborn,1816.38,1467.01,4.0,8.0,3.0,3.0,3.0,3.0,D,0.0,3.0,A,18.0,10.0,7.0,4.0,8.0,7.0,10.0,2.0,3.0,1.0,0.0,0.0,1.15,8.57,16.15
D1,2019-11-23,Ein Frankfurt,Wolfsburg,1745.46,1679.57,3.0,7.0,1.0,5.0,0.0,2.0,A,0.0,1.0,A,17.0,9.0,9.0,6.0,13.0,22.0,12.0,1.0,3.0,5.0,0.0,1.0,2.02,3.67,3.55
D1,2019-11-23,Fortuna Dusseldorf,Bayern Munich,1591.95,1934.68,4.0,7.0,6.0,7.0,0.0,4.0,A,0.0,3.0,A,12.0,18.0,1.0,5.0,8.0,6.0,8.0,6.0,1.0,1.0,0.0,0.0,13.56,7.57,1.19
D1,2019-11-23,Leverkusen,Freiburg,1742.56,1646.84,4.0,5.0,7.0,8.0,1.0,1.0,D,1.0,1.0,D,27.0,7.0,9.0,2.0,9.0,14.0,13.0,3.0,0.0,3.0,0.0,0.0,1.5,4.57,6.15
D1,2019-11-23,Union Berlin,MGladbach,1565.48,1732.71,6.0,9.0,9.0,12.0,2.0,0.0,H,1.0,0.0,H,11.0,12.0,6.0,2.0,12.0,7.0,2.0,6.0,1.0,1.0,0.0,0.0,3.4,3.63,2.09
D1,2019-11-23,Werder Bremen,Schalke 04,1685.97,1679.26,2.0,4.0,5.0,6.0,1.0,2.0,A,0.0,1.0,A,16.0,10.0,5.0,5.0,12.0,15.0,1.0,3.0,3.0,2.0,0.0,0.0,2.45,3.62,2.74
D1,2019-11-23,RB Leipzig,FC Koln,1805.88,1537.8,6.0,8.0,0.0,4.0,4.0,1.0,H,3.0,1.0,H,20.0,6.0,8.0,1.0,9.0,15.0,13.0,3.0,0.0,3.0,0.0,0.0,1.35,5.46,8.08
D1,2019-11-24,Augsburg,Hertha,1584.94,1617.98,4.0,5.0,0.0,4.0,4.0,0.0,H,2.0,0.0,H,14.0,5.0,5.0,1.0,8.0,18.0,3.0,3.0,0.0,2.0,0.0,1.0,2.59,3.53,2.61
D1,2019-11-24,Hoffenheim,Mainz,1728.56,1598.36,9.0,15.0,3.0,6.0,1.0,5.0,A,0.0,1.0,A,22.0,11.0,8.0,5.0,10.0,13.0,14.0,3.0,1.0,3.0,0.0,1.0,1.66,4.07,4.88
D1,2019-11-29,Schalke 04,Union Berlin,1679.26,1565.48,7.0,8.0,9.0,12.0,2.0,1.0,H,1.0,1.0,D,17.0,17.0,8.0,7.0,12.0,13.0,7.0,4.0,1.0,4.0,0.0,0.0,1.71,3.87,4.93
D1,2019-11-30,FC Koln,Augsburg,1537.8,1584.94,0.0,3.0,6.0,8.0,1.0,1.0,D,0.0,1.0,A,13.0,11.0,6.0,4.0,15.0,17.0,4.0,8.0,8.0,3.0,1.0,1.0,1.92,3.76,3.82
D1,2019-11-30,Hertha,Dortmund,1617.98,1816.38,0.0,1.0,4.0,8.0,1.0,2.0,A,1.0,2.0,A,13.0,7.0,3.0,5.0,13.0,8.0,2.0,2.0,3.0,2.0,0.0,1.0,4.1,3.9,1.83
D1,2019-11-30,Hoffenheim,Fortuna Dusseldorf,1728.56,1591.95,6.0,12.0,4.0,7.0,1.0,1.0,D,1.0,0.0,H,12.0,11.0,6.0,3.0,11.0,16.0,2.0,5.0,2.0,4.0,0.0,0.0,1.7,3.97,4.79
D1,2019-11-30,Paderborn,RB Leipzig,1467.01,1805.88,1.0,4.0,9.0,10.0,2.0,3.0,A,0.0,3.0,A,8.0,18.0,4.0,6.0,10.0,13.0,6.0,6.0,3.0,3.0,0.0,0.0,7.46,5.46,1.37
D1,2019-11-30,Bayern Munich,Leverkusen,1934.68,1742.56,6.0,10.0,4.0,5.0,1.0,2.0,A,1.0,2.0,A,24.0,11.0,11.0,7.0,9.0,16.0,8.0,2.0,1.0,3.0,0.0,1.0,1.29,6.04,9.37
D1,2019-12-01,MGladbach,Freiburg,1733.92,1661.99,6.0,9.0,5.0,8.0,4.0,2.0,H,1.0,1.0,D,22.0,13.0,13.0,5.0,13.0,15.0,2.0,3.0,3.0,2.0,0.0,0.0,1.56,4.41,5.44
D1,2019-12-01,Wolfsburg,Werder Bremen,1711.28,1687.46,3.0,5.0,1.0,3.0,2.0,3.0,A,1.0,2.0,A,19.0,10.0,6.0,3.0,14.0,14.0,9.0,3.0,1.0,4.0,0.0,0.0,2.17,3.64,3.17
D1,2019-12-02,Mainz,Ein Frankfurt,1634.14,1753.05,3.0,6.0,3.0,6.0,2.0,1.0,H,0.0,1.0,A,18.0,14.0,8.0,4.0,13.0,10.0,8.0,6.0,1.0,2.0,0.0,1.0,2.81,3.59,2.4
D1,2019-12-06,Ein Frankfurt,Hertha,1753.05,1610.03,0.0,3.0,0.0,0.0,2.0,2.0,D,0.0,1.0,A,25.0,9.0,6.0,3.0,11.0,15.0,16.0,1.0,3.0,4.0,0.0,0.0,1.83,3.91,4.11
D1,2019-12-07,Augsburg,Mainz,1610.26,1634.14,7.0,8.0,6.0,9.0,2.0,1.0,H,1.0,1.0,D,18.0,12.0,5.0,3.0,13.0,14.0,8.0,2.0,2.0,2.0,0.0,0.0,2.28,3.62,2.99
D1,2019-12-07,Dortmund,Fortuna Dusseldorf,1819.46,1603.35,4.0,8.0,2.0,5.0,5.0,0.0,H,1.0,0.0,H,23.0,2.0,10.0,0.0,8.0,10.0,6.0,0.0,0.0,3.0,0.0,0.0,1.3,5.75,9.24
D1,2019-12-07,Freiburg,Wolfsburg,1661.99,1711.28,4.0,8.0,3.0,4.0,1.0,0.0,H,0.0,0.0,D,10.0,10.0,3.0,0.0,13.0,20.0,2.0,7.0,0.0,2.0,0.0,0.0,2.88,3.36,2.46
D1,2019-12-07,MGladbach,Bayern Munich,1733.92,1944.5,6.0,12.0,6.0,9.0,2.0,1.0,H,0.0,0.0,D,7.0,17.0,3.0,5.0,12.0,17.0,2.0,5.0,3.0,5.0,0.0,1.0,5.24,4.61,1.56
D1,2019-12-07,RB Leipzig,Hoffenheim,1819.01,1710.19,9.0,12.0,4.0,10.0,3.0,1.0,H,1.0,0.0,H,25.0,11.0,14.0,1.0,14.0,5.0,8.0,6.0,3.0,1.0,0.0,0.0,1.44,4.98,6.48
D1,2019-12-07,Leverkusen,Schalke 04,1772.43,1704.04,7.0,8.0,7.0,11.0,2.0,1.0,H,1.0,0.0,H,19.0,5.0,9.0,3.0,11.0,11.0,9.0,0.0,2.0,2.0,0.0,0.0,1.94,3.66,3.85
D1,2019-12-08,Union Berlin,FC Koln,1587.53,1546.04,6.0,9.0,1.0,1.0,2.0,0.0,H,1.0,0.0,H,11.0,14.0,5.0,4.0,21.0,19.0,3.0,5.0,1.0,3.0,0.0,0.0,2.18,3.47,3.29
D1,2019-12-08,Werder Bremen,Paderborn,1687.46,1484.0,3.0,5.0,1.0,4.0,0.0,1.0,A,0.0,0.0,D,12.0,18.0,3.0,5.0,10.0,13.0,13.0,6.0,1.0,4.0,0.0,0.0,1.53,4.63,5.49
D1,2019-12-13,Hoffenheim,Augsburg,1710.19,1610.26,1.0,7.0,7.0,10.0,2.0,4.0,A,1.0,1.0,D,19.0,6.0,8.0,4.0,10.0,7.0,11.0,1.0,1.0,0.0,0.0,0.0,1.84,3.98,4.02
D1,2019-12-14,Bayern Munich,Werder Bremen,1944.5,1687.46,3.0,6.0,3.0,4.0,6.0,1.0,H,2.0,1.0,H,29.0,11.0,14.0,2.0,13.0,12.0,8.0,2.0,2.0,2.0,0.0,0.0,1.15,8.74,16.7
D1,2019-12-14,FC Koln,Leverkusen,1546.04,1772.43,1.0,1.0,7.0,10.0,2.0,0.0,H,0.0,0.0,D,13.0,6.0,5.0,2.0,12.0,9.0,3.0,4.0,2.0,3.0,0.0,2.0,4.13,3.9,1.83
D1,2019-12-14,Hertha,Freiburg,1610.03,1661.99,1.0,1.0,4.0,8.0,1.0,0.0,H,0.0,0.0,D,14.0,15.0,4.0,2.0,9.0,5.0,4.0,7.0,2.0,0.0,0.0,0.0,2.03,3.63,3.59
D1,2019-12-14,Mainz,Dortmund,1634.14,1819.46,6.0,6.0,7.0,10.0,0.0,4.0,A,0.0,1.0,A,9.0,18.0,0.0,7.0,8.0,10.0,3.0,5.0,1.0,0.0,0.0,0.0,4.95,4.19,1.65
D1,2019-12-14,Paderborn,Union Berlin,1484.0,1587.53,4.0,4.0,6.0,12.0,1.0,1.0,D,1.0,1.0,D,14.0,15.0,3.0,2.0,19.0,16.0,2.0,3.0,2.0,4.0,0.0,0.0,2.8,3.58,2.43
D1,2019-12-14,Fortuna Dusseldorf,RB Leipzig,1603.35,1819.01,1.0,5.0,9.0,15.0,0.0,3.0,A,0.0,1.0,A,4.0,21.0,1.0,7.0,11.0,7.0,3.0,9.0,2.0,1.0,0.0,0.0,6.52,4.93,1.44
D1,2019-12-15,Wolfsburg,MGladbach,1689.43,1730.11,3.0,3.0,6.0,12.0,2.0,1.0,H,1.0,1.0,D,17.0,6.0,7.0,5.0,20.0,15.0,5.0,2.0,3.0,3.0,0.0,0.0,2.6,3.41,2.68
D1,2019-12-15,Schalke 04,Ein Frankfurt,1690.52,1715.84,6.0,10.0,1.0,4.0,1.0,0.0,H,0.0,0.0,D,11.0,17.0,5.0,3.0,15.0,12.0,7.0,6.0,1.0,4.0,1.0,0.0,1.96,3.79,3.61
D1,2019-12-17,Werder Bremen,Mainz,1670.9,1618.83,3.0,3.0,3.0,6.0,0.0,5.0,A,0.0,4.0,A,15.0,19.0,5.0,8.0,13.0,13.0,8.0,5.0,2.0,2.0,0.0,0.0,1.82,4.0,4.08
D1,2019-12-17,Augsburg,Fortuna Dusseldorf,1625.16,1582.82,7.0,13.0,1.0,2.0,3.0,0.0,H,1.0,0.0,H,12.0,6.0,7.0,2.0,10.0,15.0,4.0,2.0,3.0,4.0,0.0,0.0,1.78,4.04,4.21
D1,2019-12-17,Dortmund,RB Leipzig,1828.52,1821.58,9.0,10.0,9.0,15.0,3.0,3.0,D,2.0,0.0,H,14.0,12.0,6.0,8.0,9.0,5.0,12.0,3.0,0.0,0.0,0.0,0.0,2.19,3.76,3.11
D1,2019-12-17,Union Berlin,Hoffenheim,1585.66,1679.9,4.0,10.0,1.0,4.0,0.0,2.0,A,0.0,0.0,D,16.0,7.0,2.0,4.0,16.0,13.0,6.0,1.0,2.0,6.0,0.0,0.0,2.44,3.48,2.86
D1,2019-12-18,Leverkusen,Hertha,1742.37,1614.3,6.0,10.0,4.0,4.0,0.0,1.0,A,0.0,0.0,D,17.0,10.0,7.0,5.0,12.0,16.0,5.0,4.0,2.0,3.0,0.0,0.0,1.54,4.33,5.97
D1,2019-12-18,Ein Frankfurt,FC Koln,1715.84,1546.62,1.0,1.0,4.0,4.0,2.0,4.0,A,2.0,1.0,H,17.0,21.0,6.0,9.0,12.0,10.0,7.0,10.0,2.0,4.0,0.0,0.0,1.75,3.85,4.59
D1,2019-12-18,Freiburg,Bayern Munich,1646.6,1934.63,3.0,7.0,3.0,9.0,1.0,3.0,A,0.0,1.0,A,15.0,22.0,5.0,10.0,5.0,8.0,6.0,8.0,0.0,3.0,0.0,0.0,11.08,6.88,1.23
D1,2019-12-18,MGladbach,Paderborn,1730.11,1490.61,6.0,9.0,4.0,5.0,2.0,0.0,H,0.0,0.0,D,17.0,12.0,6.0,2.0,6.0,14.0,8.0,4.0,2.0,3.0,0.0,0.0,1.3,5.89,8.74
D1,2019-12-18,Wolfsburg,Schalke 04,1689.43,1690.52,3.0,6.0,6.0,10.0,1.0,1.0,D,0.0,0.0,D,29.0,8.0,11.0,2.0,13.0,11.0,12.0,5.0,1.0,1.0,0.0,0.0,2.38,3.33,3.04
D1,2019-12-20,Hoffenheim,Dortmund,1679.9,1828.52,3.0,4.0,7.0,11.0,2.0,1.0,H,0.0,1.0,A,11.0,12.0,3.0,5.0,8.0,12.0,0.0,8.0,0.0,1.0,0.0,0.0,3.76,3.94,1.9
D1,2019-12-21,Bayern Munich,Wolfsburg,1934.63,1689.43,6.0,9.0,4.0,7.0,2.0,0.0,H,0.0,0.0,D,18.0,10.0,8.0,3.0,7.0,7.0,12.0,6.0,2.0,2.0,0.0,0.0,1.16,7.96,16.49
D1,2019-12-21,FC Koln,Werder Bremen,1546.62,1670.9,6.0,7.0,0.0,3.0,1.0,0.0,H,1.0,0.0,H,7.0,6.0,1.0,1.0,11.0,18.0,1.0,7.0,1.0,4.0,0.0,0.0,2.08,3.74,3.32
D1,2019-12-21,Mainz,Leverkusen,1618.83,1742.37,3.0,9.0,3.0,7.0,0.0,1.0,A,0.0,0.0,D,17.0,14.0,2.0,4.0,8.0,8.0,6.0,6.0,0.0,2.0,0.0,1.0,3.86,3.99,1.86
D1,2019-12-21,RB Leipzig,Augsburg,1821.58,1625.16,7.0,13.0,9.0,13.0,3.0,1.0,H,0.0,1.0,A,22.0,6.0,7.0,2.0,7.0,9.0,10.0,4.0,1.0,3.0,0.0,0.0,1.26,6.17,10.65
D1,2019-12-21,Schalke 04,Freiburg,1690.52,1646.6,4.0,10.0,3.0,4.0,2.0,2.0,D,1.0,0.0,H,19.0,19.0,6.0,7.0,9.0,12.0,7.0,5.0,1.0,1.0,0.0,0.0,1.68,3.91,5.06
D1,2019-12-21,Hertha,MGladbach,1614.3,1730.11,7.0,7.0,6.0,9.0,0.0,0.0,D,0.0,0.0,D,8.0,11.0,0.0,5.0,11.0,11.0,1.0,7.0,2.0,2.0,0.0,0.0,3.1,3.6,2.22
D1,2019-12-22,Fortuna Dusseldorf,Union Berlin,1582.82,1585.66,0.0,1.0,4.0,7.0,2.0,1.0,H,1.0,0.0,H,22.0,17.0,8.0,6.0,8.0,18.0,7.0,5.0,2.0,4.0,0.0,0.0,2.77,3.28,2.6
D1,2019-12-22,Paderborn,Ein Frankfurt,1490.61,1715.84,4.0,5.0,1.0,1.0,2.0,1.0,H,2.0,0.0,H,19.0,20.0,5.0,5.0,11.0,11.0,3.0,8.0,3.0,2.0,0.0,0.0,3.47,3.88,1.99
D1,2020-01-17,Schalke 04,MGladbach,1696.18,1724.25,5.0,8.0,4.0,10.0,2.0,0.0,H,0.0,0.0,D,13.0,14.0,7.0,5.0,13.0,17.0,8.0,8.0,3.0,4.0,0.0,0.0,2.68,3.49,2.57
D1,2020-01-18,Augsburg,Dortmund,1630.67,1816.71,6.0,10.0,4.0,10.0,3.0,5.0,A,1.0,0.0,H,13.0,17.0,5.0,8.0,4.0,5.0,2.0,6.0,0.0,1.0,0.0,0.0,4.73,4.29,1.65
D1,2020-01-18,FC Koln,Wolfsburg,1573.56,1692.55,9.0,10.0,4.0,4.0,3.0,1.0,H,2.0,0.0,H,12.0,17.0,7.0,8.0,11.0,18.0,8.0,5.0,3.0,3.0,0.0,0.0,2.77,3.32,2.57
D1,2020-01-18,Fortuna Dusseldorf,Werder Bremen,1580.12,1638.37,3.0,4.0,0.0,3.0,0.0,1.0,A,0.0,0.0,D,17.0,13.0,2.0,4.0,16.0,12.0,6.0,4.0,4.0,5.0,0.0,1.0,2.71,3.53,2.5
D1,2020-01-18,Hoffenheim,Ein Frankfurt,1699.74,1678.72,6.0,7.0,0.0,1.0,1.0,2.0,A,0.0,1.0,A,12.0,13.0,5.0,3.0,10.0,13.0,8.0,6.0,2.0,2.0,0.0,0.0,2.37,3.68,2.81
D1,2020-01-18,Mainz,Freiburg,1635.79,1645.67,3.0,6.0,1.0,4.0,1.0,2.0,A,0.0,2.0,A,24.0,13.0,8.0,5.0,15.0,10.0,7.0,5.0,4.0,2.0,0.0,0.0,2.21,3.48,3.21
D1,2020-01-18,RB Leipzig,Union Berlin,1827.23,1569.16,7.0,13.0,1.0,4.0,3.0,1.0,H,0.0,1.0,A,19.0,15.0,8.0,5.0,6.0,18.0,4.0,4.0,1.0,3.0,0.0,0.0,1.28,5.89,10.31
D1,2020-01-19,Hertha,Bayern Munich,1627.97,1941.56,7.0,8.0,9.0,9.0,0.0,4.0,A,0.0,0.0,D,6.0,20.0,1.0,10.0,7.0,14.0,0.0,4.0,3.0,1.0,0.0,0.0,8.48,5.43,1.34
D1,2020-01-19,Paderborn,Leverkusen,1499.15,1737.0,4.0,7.0,3.0,9.0,1.0,4.0,A,0.0,3.0,A,13.0,12.0,7.0,7.0,8.0,12.0,6.0,4.0,4.0,1.0,0.0,0.0,4.84,4.42,1.62
D1,2020-01-24,Dortmund,FC Koln,1816.71,1573.56,4.0,10.0,9.0,12.0,5.0,1.0,H,2.0,0.0,H,14.0,11.0,9.0,5.0,6.0,7.0,1.0,3.0,1.0,1.0,0.0,0.0,1.28,6.22,9.42
D1,2020-01-25,Ein Frankfurt,RB Leipzig,1678.72,1827.23,3.0,4.0,7.0,13.0,2.0,0.0,H,0.0,0.0,D,7.0,22.0,5.0,4.0,8.0,10.0,4.0,6.0,1.0,2.0,0.0,0.0,4.04,4.21,1.77
D1,2020-01-25,Freiburg,Paderborn,1645.67,1499.15,4.0,7.0,3.0,7.0,0.0,2.0,A,0.0,0.0,D,19.0,15.0,5.0,3.0,11.0,7.0,6.0,6.0,4.0,4.0,0.0,1.0,1.76,4.01,4.3
D1,2020-01-25,MGladbach,Mainz,1724.25,1635.79,4.0,7.0,3.0,3.0,3.0,1.0,H,1.0,1.0,D,15.0,12.0,5.0,9.0,7.0,14.0,6.0,3.0,2.0,3.0,0.0,0.0,1.53,4.53,5.8
D1,2020-01-25,Union Berlin,Augsburg,1569.16,1630.67,0.0,4.0,3.0,9.0,2.0,0.0,H,0.0,0.0,D,12.0,25.0,3.0,7.0,18.0,9.0,4.0,5.0,4.0,1.0,0.0,0.0,2.12,3.53,3.4
D1,2020-01-25,Wolfsburg,Hertha,1692.55,1627.97,1.0,4.0,4.0,8.0,1.0,2.0,A,0.0,0.0,D,20.0,9.0,7.0,4.0,8.0,8.0,9.0,4.0,0.0,1.0,0.0,0.0,1.77,3.8,4.56
D1,2020-01-25,Bayern Munich,Schalke 04,1941.56,1696.18,9.0,12.0,5.0,8.0,5.0,0.0,H,2.0,0.0,H,24.0,7.0,14.0,1.0,3.0,4.0,9.0,2.0,0.0,0.0,0.0,0.0,1.17,7.84,14.64
D1,2020-01-26,Werder Bremen,Hoffenheim,1638.37,1699.74,3.0,3.0,6.0,6.0,0.0,3.0,A,0.0,0.0,D,16.0,9.0,3.0,4.0,14.0,15.0,7.0,4.0,2.0,2.0,0.0,0.0,2.41,3.62,2.77
D1,2020-01-26,Leverkusen,Fortuna Dusseldorf,1737.0,1580.12,6.0,9.0,3.0,3.0,3.0,0.0,H,1.0,0.0,H,25.0,12.0,11.0,3.0,11.0,10.0,8.0,5.0,0.0,3.0,0.0,0.0,1.38,5.15,7.45
D1,2020-01-31,Hertha,Schalke 04,1627.97,1696.18,4.0,10.0,4.0,8.0,0.0,0.0,D,0.0,0.0,D,9.0,13.0,0.0,5.0,9.0,9.0,3.0,7.0,1.0,1.0,0.0,0.0,2.71,3.34,2.64
D1,2020-02-01,Augsburg,Werder Bremen,1612.74,1632.11,0.0,6.0,3.0,3.0,2.0,1.0,H,0.0,1.0,A,14.0,7.0,4.0,1.0,8.0,17.0,5.0,3.0,2.0,5.0,0.0,0.0,2.07,3.71,3.37
D1,2020-02-01,Dortmund,Union Berlin,1827.4,1577.83,6.0,10.0,3.0,4.0,5.0,0.0,H,2.0,0.0,H,13.0,5.0,7.0,0.0,7.0,8.0,5.0,3.0,0.0,1.0,0.0,0.0,1.24,6.36,11.2
D1,2020-02-01,Fortuna Dusseldorf,Ein Frankfurt,1567.23,1702.96,3.0,3.0,6.0,6.0,1.0,1.0,D,0.0,0.0,D,8.0,6.0,1.0,4.0,6.0,12.0,4.0,4.0,2.0,1.0,0.0,0.0,3.35,3.71,2.08
D1,2020-02-01,Hoffenheim,Leverkusen,1703.82,1748.51,6.0,9.0,9.0,9.0,2.0,1.0,H,1.0,1.0,D,14.0,22.0,6.0,11.0,8.0,10.0,4.0,10.0,3.0,3.0,0.0,1.0,3.24,3.75,2.11
D1,2020-02-01,Mainz,Bayern Munich,1620.18,1951.21,0.0,3.0,9.0,15.0,1.0,3.0,A,1.0,3.0,A,8.0,13.0,3.0,5.0,12.0,9.0,6.0,4.0,3.0,1.0,0.0,0.0,13.65,7.43,1.19
D1,2020-02-01,RB Leipzig,MGladbach,1815.59,1720.46,6.0,10.0,4.0,7.0,2.0,2.0,D,0.0,2.0,A,18.0,7.0,8.0,4.0,12.0,13.0,4.0,4.0,1.0,6.0,0.0,1.0,1.53,4.57,5.64
D1,2020-02-02,FC Koln,Freiburg,1582.94,1636.49,6.0,12.0,4.0,4.0,4.0,0.0,H,1.0,0.0,H,24.0,9.0,9.0,2.0,13.0,9.0,10.0,6.0,3.0,1.0,0.0,0.0,2.05,3.6,3.48
D1,2020-02-02,Paderborn,Wolfsburg,1511.14,1668.09,6.0,7.0,0.0,4.0,2.0,4.0,A,1.0,2.0,A,10.0,9.0,7.0,5.0,15.0,17.0,3.0,7.0,3.0,3.0,1.0,0.0,3.79,3.96,1.87
D1,2020-02-07,Ein Frankfurt,Augsburg,1702.96,1612.74,7.0,7.0,3.0,6.0,5.0,0.0,H,1.0,0.0,H,13.0,8.0,9.0,5.0,7.0,5.0,1.0,4.0,1.0,0.0,0.0,0.0,1.93,3.63,3.93
D1,2020-02-08,Freiburg,Hoffenheim,1636.49,1703.82,3.0,4.0,6.0,12.0,1.0,0.0,H,1.0,0.0,H,12.0,21.0,6.0,6.0,10.0,13.0,5.0,10.0,3.0,3.0,0.0,0.0,2.55,3.53,2.67
D1,2020-02-08,Hertha,Mainz,1634.14,1620.18,4.0,8.0,0.0,3.0,1.0,3.0,A,0.0,1.0,A,13.0,10.0,3.0,3.0,13.0,16.0,10.0,1.0,4.0,1.0,1.0,0.0,2.03,3.6,3.58
D1,2020-02-08,Schalke 04,Paderborn,1701.54,1511.14,4.0,6.0,3.0,6.0,1.0,1.0,D,0.0,0.0,D,15.0,15.0,4.0,4.0,6.0,8.0,11.0,10.0,2.0,3.0,0.0,0.0,1.5,4.47,6.24
D1,2020-02-08,Werder Bremen,Union Berlin,1632.11,1577.83,3.0,3.0,3.0,3.0,0.0,2.0,A,0.0,0.0,D,14.0,11.0,3.0,5.0,7.0,16.0,5.0,5.0,4.0,3.0,0.0,0.0,2.08,3.57,3.48
D1,2020-02-08,Wolfsburg,Fortuna Dusseldorf,1668.09,1567.23,3.0,4.0,1.0,4.0,1.0,1.0,D,0.0,1.0,A,9.0,10.0,5.0,2.0,10.0,14.0,3.0,5.0,0.0,1.0,1.0,0.0,1.56,4.18,5.96
D1,2020-02-08,Leverkusen,Dortmund,1748.51,1827.4,6.0,9.0,9.0,10.0,4.0,3.0,H,2.0,2.0,D,9.0,12.0,5.0,6.0,9.0,10.0,3.0,7.0,2.0,1.0,0.0,0.0,3.05,3.84,2.16
D1,2020-02-09,Bayern Munich,RB Leipzig,1951.21,1815.59,9.0,15.0,4.0,8.0,0.0,0.0,D,0.0,0.0,D,10.0,8.0,3.0,1.0,8.0,12.0,11.0,3.0,2.0,2.0,0.0,0.0,1.42,5.28,6.4
D1,2020-02-14,Dortmund,Ein Frankfurt,1827.4,1702.96,6.0,9.0,7.0,10.0,4.0,0.0,H,1.0,0.0,H,17.0,1.0,7.0,0.0,7.0,3.0,5.0,0.0,0.0,1.0,0.0,0.0,1.43,5.06,6.56
D1,2020-02-15,Augsburg,Freiburg,1609.31,1629.55,3.0,3.0,3.0,7.0,1.0,1.0,D,1.0,0.0,H,10.0,20.0,3.0,5.0,19.0,5.0,0.0,3.0,4.0,1.0,0.0,0.0,2.04,3.61,3.55
D1,2020-02-15,Hoffenheim,Wolfsburg,1702.55,1671.35,6.0,9.0,4.0,4.0,2.0,3.0,A,1.0,1.0,D,14.0,15.0,6.0,6.0,7.0,12.0,4.0,4.0,2.0,2.0,0.0,0.0,2.48,3.43,2.82
D1,2020-02-15,Paderborn,Hertha,1509.74,1620.06,4.0,7.0,4.0,5.0,1.0,2.0,A,0.0,1.0,A,20.0,17.0,4.0,6.0,14.0,12.0,5.0,8.0,2.0,2.0,0.0,0.0,2.73,3.5,2.51
D1,2020-02-15,RB Leipzig,Werder Bremen,1816.62,1609.96,2.0,8.0,0.0,3.0,3.0,0.0,H,2.0,0.0,H,10.0,8.0,3.0,1.0,10.0,12.0,8.0,1.0,1.0,1.0,0.0,0.0,1.25,6.32,10.73
D1,2020-02-15,Union Berlin,Leverkusen,1588.88,1749.76,6.0,6.0,6.0,12.0,2.0,3.0,A,1.0,1.0,D,20.0,12.0,7.0,5.0,9.0,12.0,6.0,4.0,2.0,2.0,0.0,0.0,3.81,3.7,1.94
D1,2020-02-15,Fortuna Dusseldorf,MGladbach,1573.83,1724.63,2.0,5.0,4.0,8.0,1.0,4.0,A,1.0,1.0,D,9.0,17.0,4.0,6.0,10.0,10.0,2.0,5.0,2.0,2.0,0.0,0.0,4.0,3.88,1.85
D1,2020-02-16,FC Koln,Bayern Munich,1598.63,1949.23,6.0,12.0,7.0,13.0,1.0,4.0,A,0.0,3.0,A,13.0,26.0,6.0,8.0,12.0,10.0,1.0,6.0,1.0,3.0,0.0,0.0,11.82,6.95,1.22
D1,2020-02-16,Mainz,Schalke 04,1631.05,1695.25,3.0,3.0,2.0,6.0,0.0,0.0,D,0.0,0.0,D,15.0,8.0,5.0,3.0,7.0,11.0,3.0,6.0,2.0,2.0,0.0,0.0,2.84,3.41,2.46
D1,2020-02-21,Bayern Munich,Paderborn,1949.23,1509.74,7.0,13.0,1.0,4.0,3.0,2.0,H,1.0,1.0,D,18.0,5.0,9.0,4.0,3.0,9.0,11.0,1.0,1.0,3.0,0.0,0.0,1.06,14.01,32.25
D1,2020-02-22,Freiburg,Fortuna Dusseldorf,1629.55,1573.83,4.0,7.0,2.0,2.0,0.0,2.0,A,0.0,1.0,A,15.0,9.0,4.0,4.0,13.0,10.0,7.0,4.0,1.0,4.0,0.0,0.0,1.93,3.7,3.87
D1,2020-02-22,Hertha,FC Koln,1620.06,1598.63,4.0,7.0,3.0,9.0,0.0,5.0,A,0.0,3.0,A,9.0,17.0,1.0,11.0,12.0,10.0,5.0,3.0,2.0,2.0,0.0,0.0,2.43,3.38,2.93
D1,2020-02-22,MGladbach,Hoffenheim,1724.63,1702.55,7.0,8.0,3.0,6.0,1.0,1.0,D,1.0,0.0,H,17.0,22.0,10.0,4.0,8.0,8.0,8.0,8.0,4.0,4.0,0.0,0.0,1.64,4.21,4.94
D1,2020-02-22,Werder Bremen,Dortmund,1609.96,1830.87,0.0,3.0,6.0,12.0,0.0,2.0,A,0.0,0.0,D,8.0,12.0,2.0,6.0,13.0,8.0,2.0,6.0,0.0,0.0,0.0,0.0,6.44,5.38,1.41
D1,2020-02-22,Schalke 04,RB Leipzig,1695.25,1816.62,3.0,6.0,5.0,8.0,0.0,5.0,A,0.0,1.0,A,3.0,22.0,2.0,8.0,10.0,7.0,2.0,5.0,2.0,3.0,0.0,0.0,4.13,4.0,1.79
D1,2020-02-23,Leverkusen,Augsburg,1749.76,1609.31,6.0,12.0,4.0,4.0,2.0,0.0,H,1.0,0.0,H,9.0,8.0,4.0,3.0,8.0,12.0,2.0,3.0,2.0,4.0,0.0,0.0,1.47,4.62,6.52
D1,2020-02-23,Wolfsburg,Mainz,1671.35,1631.05,7.0,7.0,4.0,4.0,4.0,0.0,H,2.0,0.0,H,16.0,13.0,6.0,3.0,10.0,12.0,4.0,14.0,0.0,2.0,0.0,0.0,1.8,3.75,4.41
D1,2020-02-24,Ein Frankfurt,Union Berlin,1703.12,1588.88,4.0,10.0,3.0,6.0,1.0,2.0,A,0.0,0.0,D,21.0,11.0,3.0,7.0,10.0,15.0,14.0,6.0,3.0,4.0,0.0,0.0,1.9,3.63,3.99
D1,2020-02-28,Fortuna Dusseldorf,Hertha,1573.83,1620.06,4.0,5.0,3.0,7.0,3.0,3.0,D,3.0,0.0,H,14.0,16.0,5.0,7.0,11.0,11.0,3.0,5.0,2.0,2.0,0.0,0.0,2.37,3.37,3.05
D1,2020-02-29,Augsburg,MGladbach,1609.31,1724.63,1.0,4.0,5.0,8.0,2.0,3.0,A,0.0,0.0,D,8.0,15.0,3.0,7.0,11.0,6.0,5.0,3.0,3.0,2.0,0.0,0.0,3.45,3.76,2.03
D1,2020-02-29,Dortmund,Freiburg,1830.87,1629.55,6.0,12.0,4.0,4.0,1.0,0.0,H,1.0,0.0,H,16.0,13.0,2.0,4.0,5.0,9.0,6.0,4.0,1.0,0.0,0.0,0.0,1.2,7.01,13.41
D1,2020-02-29,Hoffenheim,Bayern Munich,1702.55,1949.23,1.0,7.0,7.0,13.0,0.0,6.0,A,0.0,4.0,A,4.0,25.0,1.0,11.0,3.0,7.0,1.0,7.0,0.0,0.0,0.0,0.0,6.85,5.41,1.39
D1,2020-02-29,Mainz,Paderborn,1631.05,1509.74,4.0,4.0,1.0,4.0,2.0,0.0,H,2.0,0.0,H,8.0,9.0,3.0,4.0,5.0,15.0,5.0,8.0,1.0,3.0,0.0,0.0,1.84,3.95,3.96
D1,2020-02-29,FC Koln,Schalke 04,1598.63,1695.25,6.0,9.0,2.0,3.0,3.0,0.0,H,2.0,0.0,H,11.0,7.0,6.0,1.0,7.0,8.0,4.0,2.0,1.0,2.0,0.0,0.0,2.22,3.51,3.19
D1,2020-03-01,Union Berlin,Wolfsburg,1622.43,1732.29,6.0,9.0,7.0,10.0,2.0,2.0,D,1.0,0.0,H,6.0,14.0,3.0,3.0,8.0,13.0,1.0,6.0,1.0,2.0,0.0,0.0,2.67,3.22,2.72
D1,2020-03-01,RB Leipzig,Leverkusen,1869.31,1807.64,7.0,8.0,9.0,12.0,1.0,1.0,D,1.0,1.0,D,9.0,14.0,2.0,6.0,4.0,12.0,8.0,5.0,0.0,3.0,0.0,0.0,1.48,4.82,5.96
D1,2020-03-06,Paderborn,FC Koln,1523.17,1658.99,0.0,1.0,6.0,9.0,1.0,2.0,A,0.0,2.0,A,16.0,15.0,2.0,3.0,8.0,12.0,5.0,9.0,3.0,4.0,0.0,0.0,3.19,3.82,2.12
D1,2020-03-07,Freiburg,Union Berlin,1639.0,1622.43,1.0,4.0,4.0,7.0,3.0,1.0,H,1.0,0.0,H,9.0,14.0,4.0,4.0,5.0,20.0,7.0,2.0,2.0,3.0,0.0,1.0,2.33,3.39,3.1
D1,2020-03-07,Hertha,Werder Bremen,1630.96,1626.9,4.0,5.0,0.0,0.0,2.0,2.0,D,1.0,2.0,A,19.0,7.0,5.0,3.0,16.0,5.0,3.0,1.0,3.0,3.0,0.0,0.0,2.16,3.46,3.39
D1,2020-03-07,Leverkusen,Ein Frankfurt,1807.64,1738.9,7.0,10.0,3.0,7.0,4.0,0.0,H,2.0,0.0,H,14.0,9.0,5.0,3.0,10.0,12.0,1.0,3.0,1.0,0.0,0.0,0.0,1.65,4.24,4.84
D1,2020-03-07,Schalke 04,Hoffenheim,1693.47,1714.27,1.0,3.0,1.0,4.0,1.0,1.0,D,1.0,0.0,H,14.0,4.0,4.0,1.0,8.0,12.0,4.0,5.0,0.0,1.0,0.0,0.0,2.28,3.53,3.08
D1,2020-03-07,Wolfsburg,RB Leipzig,1732.29,1869.31,7.0,11.0,7.0,9.0,0.0,0.0,D,0.0,0.0,D,16.0,15.0,4.0,4.0,11.0,14.0,4.0,4.0,2.0,3.0,0.0,0.0,3.85,3.73,1.92
D1,2020-03-07,MGladbach,Dortmund,1763.59,1869.21,7.0,11.0,9.0,12.0,1.0,2.0,A,0.0,1.0,A,10.0,10.0,3.0,4.0,8.0,9.0,3.0,3.0,5.0,5.0,0.0,0.0,3.07,3.8,2.18
D1,2020-03-08,Bayern Munich,Augsburg,1995.95,1624.13,9.0,13.0,1.0,4.0,2.0,0.0,H,0.0,0.0,D,17.0,8.0,6.0,2.0,4.0,7.0,9.0,4.0,1.0,0.0,0.0,0.0,1.09,11.11,25.02
D1,2020-03-08,Mainz,Fortuna Dusseldorf,1652.47,1605.67,4.0,7.0,4.0,6.0,1.0,1.0,D,0.0,0.0,D,3.0,20.0,1.0,5.0,17.0,10.0,1.0,8.0,3.0,1.0,1.0,0.0,1.89,3.86,3.82
D1,2020-03-11,MGladbach,FC Koln,1763.59,1658.99,4.0,8.0,9.0,12.0,2.0,1.0,H,1.0,0.0,H,12.0,16.0,5.0,3.0,14.0,14.0,6.0,3.0,1.0,2.0,0.0,0.0,1.78,4.03,4.16
D1,2020-05-16,Augsburg,Wolfsburg,1613.63,1715.34,0.0,1.0,5.0,9.0,1.0,2.0,A,0.0,1.0,A,8.0,17.0,3.0,5.0,8.0,11.0,3.0,1.0,1.0,3.0,0.0,0.0,3.41,3.44,2.16
D1,2020-05-16,Dortmund,Schalke 04,1853.26,1683.61,9.0,12.0,1.0,3.0,4.0,0.0,H,2.0,0.0,H,11.0,10.0,4.0,3.0,9.0,8.0,4.0,2.0,2.0,2.0,0.0,0.0,1.52,4.48,6.05
D1,2020-05-16,Fortuna Dusseldorf,Paderborn,1599.21,1508.49,5.0,6.0,0.0,1.0,0.0,0.0,D,0.0,0.0,D,10.0,7.0,1.0,1.0,15.0,16.0,2.0,0.0,2.0,2.0,0.0,0.0,2.17,3.57,3.26
D1,2020-05-16,Hoffenheim,Hertha,1705.88,1620.39,2.0,2.0,2.0,5.0,0.0,3.0,A,0.0,0.0,D,21.0,12.0,5.0,5.0,9.0,16.0,7.0,5.0,2.0,3.0,0.0,0.0,2.18,3.52,3.26
D1,2020-05-16,RB Leipzig,Freiburg,1866.29,1639.08,5.0,9.0,3.0,7.0,1.0,1.0,D,0.0,1.0,A,23.0,7.0,9.0,2.0,11.0,8.0,8.0,4.0,0.0,1.0,0.0,0.0,1.32,5.49,9.49
D1,2020-05-16,Ein Frankfurt,MGladbach,1697.55,1752.6,0.0,4.0,6.0,10.0,1.0,3.0,A,0.0,2.0,A,12.0,15.0,4.0,8.0,19.0,10.0,5.0,1.0,5.0,1.0,0.0,0.0,2.89,3.51,2.4
D1,2020-05-17,FC Koln,Mainz,1650.91,1640.68,6.0,9.0,4.0,8.0,2.0,2.0,D,1.0,0.0,H,16.0,11.0,6.0,5.0,20.0,15.0,5.0,7.0,4.0,2.0,0.0,0.0,1.87,3.84,3.96
D1,2020-05-17,Union Berlin,Bayern Munich,1605.86,1988.2,4.0,7.0,9.0,13.0,0.0,2.0,A,0.0,1.0,A,10.0,14.0,2.0,3.0,13.0,10.0,4.0,9.0,2.0,1.0,0.0,0.0,14.63,6.86,1.2
D1,2020-05-18,Werder Bremen,Leverkusen,1619.22,1816.16,1.0,1.0,7.0,13.0,1.0,4.0,A,1.0,2.0,A,9.0,13.0,1.0,6.0,15.0,14.0,2.0,9.0,2.0,1.0,0.0,0.0,4.72,3.96,1.71
D1,2020-05-22,Hertha,Union Berlin,1620.39,1605.86,5.0,8.0,1.0,4.0,4.0,0.0,H,0.0,0.0,D,14.0,7.0,8.0,0.0,12.0,12.0,4.0,6.0,2.0,1.0,0.0,0.0,2.36,3.37,3.09
D1,2020-05-23,Freiburg,Werder Bremen,1639.08,1619.22,4.0,5.0,1.0,1.0,0.0,1.0,A,0.0,1.0,A,15.0,11.0,8.0,3.0,12.0,18.0,7.0,2.0,0.0,3.0,0.0,1.0,2.19,3.65,3.17
D1,2020-05-23,MGladbach,Leverkusen,1752.6,1816.16,6.0,10.0,7.0,13.0,1.0,3.0,A,0.0,1.0,A,16.0,13.0,6.0,7.0,16.0,16.0,6.0,3.0,1.0,1.0,0.0,0.0,2.39,3.74,2.75
D1,2020-05-23,Paderborn,Hoffenheim,1508.49,1705.88,1.0,1.0,1.0,2.0,1.0,1.0,D,1.0,1.0,D,13.0,18.0,3.0,7.0,14.0,13.0,2.0,8.0,3.0,0.0,0.0,0.0,3.19,3.77,2.13
D1,2020-05-23,Wolfsburg,Dortmund,1715.34,1853.26,5.0,11.0,9.0,15.0,0.0,2.0,A,0.0,1.0,A,8.0,6.0,1.0,2.0,11.0,10.0,2.0,2.0,4.0,2.0,1.0,0.0,4.43,3.91,1.76
D1,2020-05-23,Bayern Munich,Ein Frankfurt,1988.2,1697.55,9.0,15.0,0.0,3.0,5.0,2.0,H,2.0,0.0,H,23.0,11.0,10.0,4.0,10.0,7.0,7.0,2.0,0.0,1.0,0.0,0.0,1.15,8.7,16.22
D1,2020-05-24,Schalke 04,Augsburg,1683.61,1613.63,1.0,2.0,0.0,1.0,0.0,3.0,A,0.0,1.0,A,12.0,9.0,2.0,7.0,14.0,11.0,3.0,2.0,0.0,2.0,0.0,0.0,2.06,3.49,3.6
D1,2020-05-24,Mainz,RB Leipzig,1640.68,1866.29,5.0,6.0,3.0,9.0,0.0,5.0,A,0.0,3.0,A,4.0,21.0,1.0,9.0,13.0,11.0,5.0,4.0,3.0,3.0,0.0,0.0,6.5,4.98,1.44
D1,2020-05-24,FC Koln,Fortuna Dusseldorf,1650.91,1599.21,4.0,10.0,3.0,6.0,2.0,2.0,D,0.0,1.0,A,16.0,10.0,6.0,5.0,19.0,17.0,6.0,2.0,0.0,1.0,0.0,0.0,1.79,4.03,4.19
D1,2020-05-26,Dortmund,Bayern Munich,1853.26,1988.2,9.0,15.0,9.0,15.0,0.0,1.0,A,0.0,1.0,A,13.0,13.0,5.0,6.0,9.0,15.0,4.0,3.0,2.0,2.0,0.0,0.0,3.63,4.17,1.89
D1,2020-05-26,Ein Frankfurt,Freiburg,1697.55,1639.08,0.0,0.0,4.0,4.0,3.0,3.0,D,1.0,1.0,D,35.0,10.0,16.0,5.0,14.0,9.0,9.0,2.0,4.0,1.0,0.0,0.0,2.04,3.59,3.64
D1,2020-05-26,Leverkusen,Wolfsburg,1816.16,1715.34,9.0,13.0,4.0,8.0,1.0,4.0,A,0.0,1.0,A,10.0,14.0,2.0,9.0,10.0,16.0,12.0,6.0,3.0,3.0,0.0,0.0,1.73,4.09,4.53
D1,2020-05-26,Werder Bremen,MGladbach,1619.22,1752.6,4.0,4.0,6.0,9.0,0.0,0.0,D,0.0,0.0,D,12.0,8.0,7.0,4.0,14.0,11.0,8.0,5.0,2.0,1.0,0.0,0.0,4.46,4.04,1.74
D1,2020-05-27,RB Leipzig,Hertha,1866.29,1620.39,5.0,9.0,7.0,8.0,2.0,2.0,D,1.0,1.0,D,11.0,13.0,5.0,4.0,12.0,19.0,4.0,7.0,2.0,3.0,1.0,0.0,1.35,5.49,8.07
D1,2020-05-27,Augsburg,Paderborn,1613.63,1508.49,3.0,3.0,2.0,2.0,0.0,0.0,D,0.0,0.0,D,12.0,15.0,3.0,3.0,7.0,14.0,6.0,6.0,1.0,1.0,0.0,0.0,1.95,3.71,3.77
D1,2020-05-27,Fortuna Dusseldorf,Schalke 04,1599.21,1683.61,3.0,7.0,1.0,1.0,2.0,1.0,H,0.0,0.0,D,13.0,7.0,8.0,2.0,10.0,13.0,7.0,2.0,3.0,2.0,0.0,0.0,2.67,3.29,2.7
D1,2020-05-27,Hoffenheim,FC Koln,1705.88,1650.91,2.0,3.0,2.0,8.0,3.0,1.0,H,1.0,0.0,H,8.0,15.0,6.0,5.0,12.0,8.0,0.0,10.0,6.0,1.0,1.0,1.0,2.46,3.65,2.72
D1,2020-05-27,Union Berlin,Mainz,1605.86,1640.68,0.0,4.0,2.0,5.0,1.0,1.0,D,1.0,1.0,D,9.0,10.0,4.0,2.0,17.0,18.0,6.0,6.0,4.0,2.0,1.0,0.0,2.27,3.48,3.1
D1,2020-05-29,Freiburg,Leverkusen,1639.08,1816.16,2.0,5.0,6.0,10.0,0.0,1.0,A,0.0,0.0,D,9.0,7.0,1.0,1.0,8.0,13.0,6.0,6.0,0.0,2.0,0.0,0.0,4.68,4.14,1.7
D1,2020-05-30,Hertha,Augsburg,1620.39,1613.63,7.0,9.0,4.0,4.0,2.0,0.0,H,1.0,0.0,H,12.0,8.0,6.0,2.0,19.0,7.0,7.0,8.0,3.0,3.0,0.0,0.0,1.91,3.79,3.83
D1,2020-05-30,Mainz,Hoffenheim,1640.68,1705.88,2.0,6.0,4.0,5.0,0.0,1.0,A,0.0,1.0,A,18.0,13.0,2.0,6.0,18.0,14.0,10.0,7.0,4.0,3.0,0.0,0.0,2.79,3.71,2.38
D1,2020-05-30,Schalke 04,Werder Bremen,1683.61,1619.22,0.0,1.0,4.0,5.0,0.0,1.0,A,0.0,1.0,A,12.0,6.0,1.0,2.0,19.0,16.0,4.0,8.0,5.0,3.0,0.0,0.0,2.47,3.37,2.88
D1,2020-05-30,Wolfsburg,Ein Frankfurt,1715.34,1697.55,6.0,8.0,1.0,1.0,1.0,2.0,A,0.0,1.0,A,19.0,6.0,4.0,3.0,18.0,16.0,4.0,3.0,4.0,6.0,0.0,1.0,1.96,3.75,3.67
D1,2020-05-30,Bayern Munich,Fortuna Dusseldorf,1988.2,1599.21,9.0,15.0,5.0,7.0,5.0,0.0,H,3.0,0.0,H,23.0,7.0,8.0,2.0,9.0,10.0,7.0,2.0,0.0,2.0,0.0,0.0,1.07,12.43,30.41
D1,2020-05-31,MGladbach,Union Berlin,1752.6,1605.86,4.0,7.0,1.0,2.0,4.0,1.0,H,2.0,0.0,H,16.0,13.0,10.0,5.0,13.0,9.0,4.0,3.0,3.0,2.0,0.0,0.0,1.52,4.33,6.28
D1,2020-05-31,Paderborn,Dortmund,1508.49,1853.26,3.0,3.0,6.0,12.0,1.0,6.0,A,0.0,0.0,D,10.0,16.0,1.0,11.0,4.0,6.0,2.0,8.0,2.0,3.0,0.0,0.0,8.5,5.49,1.33
D1,2020-06-01,FC Koln,RB Leipzig,1638.23,1862.16,2.0,5.0,5.0,7.0,2.0,4.0,A,1.0,2.0,A,7.0,19.0,5.0,8.0,16.0,7.0,4.0,7.0,2.0,1.0,0.0,0.0,5.54,4.61,1.54
D1,2020-06-03,Werder Bremen,Ein Frankfurt,1634.0,1691.86,7.0,8.0,4.0,4.0,0.0,3.0,A,0.0,0.0,D,11.0,12.0,3.0,4.0,14.0,21.0,5.0,6.0,2.0,1.0,0.0,0.0,2.78,3.4,2.53
D1,2020-06-05,Freiburg,MGladbach,1633.56,1756.52,1.0,5.0,4.0,10.0,1.0,0.0,H,0.0,0.0,D,16.0,18.0,6.0,4.0,14.0,14.0,3.0,10.0,4.0,3.0,0.0,1.0,4.42,4.01,1.76
D1,2020-06-06,Ein Frankfurt,Mainz,1691.86,1626.23,7.0,7.0,1.0,3.0,0.0,2.0,A,0.0,1.0,A,10.0,17.0,0.0,5.0,17.0,15.0,7.0,5.0,3.0,3.0,0.0,0.0,2.05,3.65,3.51
D1,2020-06-06,Fortuna Dusseldorf,Hoffenheim,1604.69,1698.55,4.0,6.0,7.0,8.0,2.0,2.0,D,1.0,1.0,D,23.0,8.0,4.0,5.0,12.0,15.0,7.0,1.0,4.0,4.0,0.0,1.0,2.77,3.55,2.46
D1,2020-06-06,Leverkusen,Bayern Munich,1817.99,2000.82,6.0,12.0,9.0,15.0,2.0,4.0,A,1.0,3.0,A,10.0,16.0,6.0,10.0,14.0,4.0,6.0,4.0,3.0,3.0,0.0,0.0,5.86,4.95,1.48
D1,2020-06-06,RB Leipzig,Paderborn,1862.16,1515.57,7.0,9.0,2.0,3.0,1.0,1.0,D,1.0,0.0,H,12.0,17.0,5.0,5.0,11.0,14.0,7.0,9.0,2.0,4.0,1.0,0.0,1.14,8.88,17.59
D1,2020-06-06,Dortmund,Hertha,1866.03,1666.02,6.0,12.0,7.0,11.0,1.0,0.0,H,0.0,0.0,D,12.0,5.0,3.0,2.0,7.0,11.0,6.0,0.0,0.0,2.0,0.0,0.0,1.37,5.32,7.68
D1,2020-06-07,Werder Bremen,Wolfsburg,1634.0,1724.5,4.0,7.0,3.0,7.0,0.0,1.0,A,0.0,0.0,D,14.0,18.0,4.0,3.0,17.0,13.0,5.0,4.0,3.0,3.0,0.0,0.0,3.66,3.52,2.04
D1,2020-06-07,Union Berlin,Schalke 04,1585.89,1640.12,1.0,1.0,0.0,1.0,1.0,1.0,D,1.0,1.0,D,12.0,5.0,6.0,1.0,19.0,13.0,9.0,4.0,3.0,1.0,0.0,0.0,2.46,3.2,3.01
D1,2020-06-07,Augsburg,FC Koln,1613.64,1638.23,4.0,4.0,1.0,2.0,1.0,1.0,D,0.0,0.0,D,18.0,9.0,5.0,2.0,13.0,21.0,9.0,2.0,1.0,3.0,0.0,0.0,2.77,3.51,2.47
D1,2020-06-12,Hoffenheim,RB Leipzig,1698.55,1862.16,7.0,8.0,5.0,9.0,0.0,2.0,A,0.0,2.0,A,22.0,14.0,7.0,7.0,15.0,18.0,9.0,1.0,2.0,2.0,0.0,0.0,6.41,5.21,1.43
D1,2020-06-13,FC Koln,Union Berlin,1638.23,1585.89,1.0,3.0,2.0,2.0,1.0,2.0,A,0.0,1.0,A,10.0,7.0,6.0,5.0,18.0,17.0,4.0,6.0,3.0,0.0,0.0,0.0,2.04,3.46,3.7
D1,2020-06-13,Fortuna Dusseldorf,Dortmund,1604.69,1866.03,4.0,6.0,6.0,12.0,0.0,1.0,A,0.0,0.0,D,6.0,5.0,4.0,3.0,6.0,15.0,6.0,1.0,1.0,3.0,0.0,0.0,7.91,5.34,1.36
D1,2020-06-13,Hertha,Ein Frankfurt,1666.02,1691.86,4.0,10.0,6.0,7.0,1.0,4.0,A,1.0,0.0,H,4.0,18.0,3.0,7.0,14.0,7.0,1.0,5.0,2.0,2.0,1.0,0.0,2.09,3.69,3.33
D1,2020-06-13,Paderborn,Werder Bremen,1515.57,1634.0,2.0,4.0,3.0,7.0,1.0,5.0,A,0.0,3.0,A,20.0,11.0,8.0,8.0,17.0,18.0,11.0,2.0,6.0,3.0,0.0,0.0,3.12,3.7,2.19
D1,2020-06-13,Wolfsburg,Freiburg,1724.5,1633.56,6.0,9.0,4.0,5.0,2.0,2.0,D,2.0,1.0,H,22.0,10.0,7.0,6.0,17.0,11.0,6.0,5.0,0.0,1.0,0.0,0.0,1.71,3.96,4.77
D1,2020-06-13,Bayern Munich,MGladbach,2000.82,1756.52,9.0,15.0,4.0,7.0,2.0,1.0,H,1.0,1.0,D,11.0,9.0,6.0,2.0,13.0,10.0,3.0,1.0,0.0,2.0,0.0,0.0,1.37,5.39,7.48
D1,2020-06-14,Mainz,Augsburg,1626.23,1613.64,4.0,5.0,2.0,5.0,0.0,1.0,A,0.0,1.0,A,18.0,9.0,4.0,3.0,8.0,14.0,9.0,5.0,2.0,4.0,0.0,0.0,2.31,3.45,3.06
D1,2020-06-14,Schalke 04,Leverkusen,1640.12,1817.99,1.0,1.0,3.0,9.0,1.0,1.0,D,0.0,0.0,D,7.0,15.0,4.0,5.0,14.0,7.0,1.0,9.0,4.0,1.0,0.0,0.0,5.79,4.36,1.55
D1,2020-06-16,MGladbach,Wolfsburg,1744.36,1727.43,3.0,4.0,4.0,7.0,3.0,0.0,H,2.0,0.0,H,11.0,12.0,3.0,2.0,15.0,17.0,5.0,3.0,1.0,4.0,0.0,0.0,2.13,3.61,3.32
D1,2020-06-16,Freiburg,Hertha,1647.2,1648.94,4.0,5.0,3.0,7.0,2.0,1.0,H,0.0,0.0,D,17.0,12.0,6.0,5.0,6.0,16.0,5.0,5.0,0.0,2.0,0.0,0.0,2.68,3.56,2.53
D1,2020-06-16,Union Berlin,Paderborn,1596.43,1510.42,4.0,5.0,1.0,3.0,1.0,0.0,H,1.0,0.0,H,14.0,10.0,6.0,2.0,17.0,16.0,1.0,5.0,0.0,0.0,0.0,0.0,1.67,4.06,4.95
D1,2020-06-16,Werder Bremen,Bayern Munich,1628.04,2009.1,3.0,7.0,9.0,15.0,0.0,1.0,A,0.0,1.0,A,6.0,13.0,1.0,4.0,9.0,13.0,0.0,10.0,2.0,3.0,0.0,1.0,13.52,7.27,1.2
D1,2020-06-17,Ein Frankfurt,Schalke 04,1703.65,1643.47,6.0,10.0,2.0,2.0,2.0,1.0,H,1.0,0.0,H,14.0,8.0,4.0,5.0,9.0,16.0,5.0,3.0,3.0,5.0,0.0,1.0,1.73,4.04,4.5
D1,2020-06-17,Augsburg,Hoffenheim,1622.54,1690.27,4.0,8.0,4.0,8.0,1.0,3.0,A,0.0,0.0,D,12.0,17.0,5.0,5.0,10.0,14.0,6.0,4.0,2.0,1.0,0.0,0.0,2.71,3.65,2.46
D1,2020-06-17,Dortmund,Mainz,1871.69,1632.13,9.0,12.0,3.0,4.0,0.0,2.0,A,0.0,1.0,A,15.0,10.0,5.0,6.0,14.0,13.0,7.0,1.0,6.0,3.0,0.0,0.0,1.26,6.25,10.55
D1,2020-06-17,Leverkusen,FC Koln,1807.95,1623.54,4.0,7.0,1.0,2.0,3.0,1.0,H,2.0,0.0,H,13.0,7.0,6.0,1.0,12.0,16.0,7.0,3.0,2.0,2.0,0.0,0.0,1.47,4.68,6.42
D1,2020-06-17,RB Leipzig,Fortuna Dusseldorf,1865.98,1603.22,7.0,11.0,1.0,5.0,2.0,2.0,D,0.0,0.0,D,14.0,12.0,5.0,2.0,7.0,7.0,5.0,2.0,1.0,0.0,0.0,0.0,1.22,6.6,12.55
D1,2020-06-20,Bayern Munich,Freiburg,2009.1,1647.2,9.0,15.0,7.0,8.0,3.0,1.0,H,3.0,1.0,H,23.0,11.0,8.0,3.0,13.0,8.0,8.0,2.0,0.0,0.0,0.0,0.0,1.26,6.51,9.83
D1,2020-06-20,FC Koln,Ein Frankfurt,1623.54,1703.65,1.0,1.0,6.0,12.0,1.0,1.0,D,1.0,0.0,H,4.0,9.0,2.0,2.0,8.0,15.0,5.0,9.0,1.0,2.0,0.0,0.0,2.7,3.75,2.43
D1,2020-06-20,Fortuna Dusseldorf,Augsburg,1603.22,1622.54,2.0,5.0,4.0,5.0,1.0,1.0,D,1.0,1.0,D,8.0,11.0,4.0,3.0,14.0,12.0,5.0,3.0,1.0,0.0,0.0,0.0,1.93,3.72,3.85
D1,2020-06-20,Hertha,Leverkusen,1648.94,1807.95,0.0,4.0,4.0,7.0,2.0,0.0,H,1.0,0.0,H,13.0,12.0,5.0,2.0,14.0,15.0,5.0,4.0,4.0,3.0,0.0,0.0,4.99,4.24,1.63
D1,2020-06-20,Hoffenheim,Union Berlin,1690.27,1596.43,4.0,10.0,7.0,8.0,4.0,0.0,H,3.0,0.0,H,15.0,5.0,8.0,1.0,10.0,15.0,6.0,4.0,1.0,3.0,0.0,0.0,1.61,4.2,5.33
D1,2020-06-20,Mainz,Werder Bremen,1632.13,1628.04,6.0,7.0,3.0,6.0,3.0,1.0,H,2.0,0.0,H,21.0,19.0,12.0,6.0,12.0,15.0,7.0,8.0,2.0,3.0,0.0,0.0,2.55,3.55,2.66
D1,2020-06-20,Paderborn,MGladbach,1510.42,1744.36,1.0,2.0,3.0,7.0,1.0,3.0,A,0.0,1.0,A,11.0,22.0,1.0,10.0,11.0,13.0,3.0,5.0,4.0,2.0,1.0,0.0,9.86,6.06,1.28
D1,2020-06-20,RB Leipzig,Dortmund,1865.98,1871.69,5.0,9.0,6.0,9.0,0.0,2.0,A,0.0,1.0,A,16.0,11.0,5.0,7.0,13.0,7.0,4.0,1.0,3.0,3.0,0.0,0.0,2.32,3.67,2.9
D1,2020-06-20,Schalke 04,Wolfsburg,1643.47,1727.43,2.0,2.0,4.0,7.0,1.0,4.0,A,0.0,1.0,A,10.0,10.0,3.0,5.0,12.0,16.0,2.0,4.0,4.0,3.0,0.0,0.0,5.12,4.06,1.65
D1,2020-06-27,Augsburg,RB Leipzig,1622.54,1865.98,4.0,5.0,4.0,8.0,1.0,2.0,A,0.0,1.0,A,5.0,14.0,1.0,5.0,11.0,10.0,2.0,8.0,4.0,1.0,0.0,0.0,7.02,5.21,1.4
D1,2020-06-27,Dortmund,Hoffenheim,1871.69,1690.27,6.0,12.0,6.0,10.0,0.0,4.0,A,0.0,2.0,A,7.0,15.0,4.0,7.0,7.0,5.0,2.0,5.0,1.0,0.0,0.0,0.0,1.73,4.43,4.08
D1,2020-06-27,Ein Frankfurt,Paderborn,1703.65,1510.42,7.0,10.0,0.0,1.0,3.0,2.0,H,2.0,0.0,H,12.0,16.0,4.0,5.0,13.0,3.0,6.0,2.0,0.0,1.0,0.0,0.0,1.32,5.77,8.43
D1,2020-06-27,Freiburg,Schalke 04,1647.2,1643.47,4.0,7.0,1.0,2.0,4.0,0.0,H,2.0,0.0,H,15.0,21.0,8.0,5.0,14.0,5.0,1.0,5.0,1.0,0.0,0.0,0.0,1.82,3.95,4.1
D1,2020-06-27,Leverkusen,Mainz,1807.95,1632.13,4.0,7.0,6.0,9.0,1.0,0.0,H,1.0,0.0,H,13.0,6.0,2.0,1.0,10.0,10.0,11.0,4.0,1.0,1.0,0.0,0.0,1.26,6.54,9.77
D1,2020-06-27,MGladbach,Hertha,1744.36,1648.94,6.0,9.0,3.0,6.0,2.0,1.0,H,1.0,0.0,H,22.0,4.0,8.0,2.0,7.0,15.0,3.0,3.0,1.0,2.0,0.0,0.0,1.35,5.46,8.02
D1,2020-06-27,Union Berlin,Fortuna Dusseldorf,1596.43,1603.22,6.0,7.0,2.0,3.0,3.0,0.0,H,1.0,0.0,H,11.0,25.0,7.0,4.0,15.0,6.0,6.0,10.0,0.0,1.0,0.0,0.0,3.86,3.58,1.97
D1,2020-06-27,Werder Bremen,FC Koln,1628.04,1623.54,3.0,3.0,1.0,2.0,6.0,1.0,H,3.0,0.0,H,18.0,6.0,9.0,2.0,22.0,16.0,7.0,5.0,1.0,2.0,0.0,0.0,1.62,4.36,4.93
D1,2020-06-27,Wolfsburg,Bayern Munich,1727.43,2009.1,4.0,7.0,9.0,15.0,0.0,4.0,A,0.0,2.0,A,11.0,17.0,4.0,11.0,13.0,9.0,3.0,6.0,3.0,0.0,1.0,0.0,4.32,4.47,1.69
D1,2020-09-18,Bayern Munich,Schalke 04,2044.85,1613.71,9.0,15.0,0.0,2.0,8.0,0.0,H,3.0,0.0,H,22.0,5.0,12.0,1.0,11.0,12.0,9.0,2.0,1.0,2.0,0.0,0.0,1.09,11.59,24.69
D1,2020-09-19,Ein Frankfurt,Bielefeld,1705.24,1600.31,7.0,10.0,7.0,11.0,1.0,1.0,D,0.0,0.0,D,18.0,14.0,6.0,4.0,14.0,13.0,14.0,3.0,2.0,2.0,0.0,0.0,1.65,4.19,4.91
D1,2020-09-19,FC Koln,Hoffenheim,1606.16,1735.55,1.0,2.0,9.0,10.0,2.0,3.0,A,1.0,2.0,A,13.0,13.0,6.0,7.0,12.0,13.0,1.0,6.0,0.0,0.0,0.0,0.0,2.6,3.6,2.59
D1,2020-09-19,Stuttgart,Freiburg,1571.67,1666.21,6.0,7.0,6.0,10.0,2.0,3.0,A,0.0,2.0,A,22.0,7.0,7.0,6.0,12.0,16.0,7.0,2.0,2.0,2.0,0.0,0.0,2.26,3.48,3.16
D1,2020-09-19,Union Berlin,Augsburg,1605.82,1610.94,6.0,10.0,1.0,5.0,1.0,3.0,A,0.0,1.0,A,13.0,9.0,3.0,5.0,9.0,9.0,8.0,1.0,2.0,0.0,0.0,0.0,2.34,3.25,3.19
D1,2020-09-19,Werder Bremen,Hertha,1638.29,1654.16,3.0,6.0,3.0,3.0,1.0,4.0,A,0.0,2.0,A,17.0,13.0,7.0,6.0,13.0,17.0,7.0,4.0,2.0,0.0,0.0,0.0,2.62,3.48,2.64
D1,2020-09-19,Dortmund,MGladbach,1840.03,1765.77,3.0,9.0,9.0,9.0,3.0,0.0,H,1.0,0.0,H,9.0,8.0,4.0,2.0,10.0,9.0,1.0,3.0,1.0,1.0,0.0,0.0,1.63,4.36,4.91
D1,2020-09-20,RB Leipzig,Mainz,1849.34,1658.16,4.0,8.0,6.0,9.0,3.0,1.0,H,2.0,0.0,H,23.0,8.0,10.0,1.0,5.0,11.0,7.0,5.0,1.0,2.0,0.0,0.0,1.37,5.48,7.5
D1,2020-09-20,Wolfsburg,Leverkusen,1713.19,1794.74,3.0,7.0,6.0,7.0,0.0,0.0,D,0.0,0.0,D,9.0,6.0,1.0,2.0,13.0,12.0,4.0,4.0,1.0,2.0,0.0,0.0,2.89,3.44,2.43
D1,2020-09-25,Hertha,Ein Frankfurt,1654.16,1705.24,6.0,6.0,5.0,11.0,1.0,3.0,A,0.0,2.0,A,12.0,10.0,6.0,3.0,13.0,16.0,4.0,3.0,3.0,4.0,0.0,0.0,2.28,3.75,2.96
D1,2020-09-26,Augsburg,Dortmund,1610.94,1840.03,4.0,7.0,6.0,9.0,2.0,0.0,H,1.0,0.0,H,6.0,16.0,4.0,7.0,7.0,8.0,3.0,11.0,3.0,4.0,0.0,0.0,6.99,4.82,1.43
D1,2020-09-26,Bielefeld,FC Koln,1600.31,1606.16,5.0,11.0,1.0,1.0,1.0,0.0,H,0.0,0.0,D,7.0,12.0,3.0,2.0,12.0,15.0,4.0,7.0,3.0,3.0,0.0,0.0,2.71,3.52,2.53
D1,2020-09-26,Leverkusen,RB Leipzig,1794.74,1849.34,4.0,8.0,6.0,10.0,1.0,1.0,D,1.0,1.0,D,11.0,7.0,4.0,2.0,16.0,10.0,4.0,1.0,1.0,3.0,0.0,0.0,3.03,3.65,2.25
D1,2020-09-26,Mainz,Stuttgart,1658.16,1571.67,3.0,6.0,3.0,6.0,1.0,4.0,A,1.0,1.0,D,11.0,15.0,3.0,7.0,10.0,17.0,3.0,9.0,2.0,4.0,1.0,1.0,2.42,3.53,2.84
D1,2020-09-26,MGladbach,Union Berlin,1765.77,1605.82,6.0,9.0,3.0,9.0,1.0,1.0,D,0.0,0.0,D,14.0,15.0,5.0,2.0,11.0,15.0,7.0,5.0,1.0,2.0,0.0,0.0,1.44,4.61,7.3
D1,2020-09-26,Schalke 04,Werder Bremen,1613.71,1638.29,0.0,1.0,3.0,6.0,1.0,3.0,A,0.0,2.0,A,17.0,17.0,4.0,8.0,20.0,14.0,8.0,3.0,7.0,2.0,1.0,0.0,2.55,3.44,2.74
D1,2020-09-27,Hoffenheim,Bayern Munich,1735.55,2044.85,9.0,12.0,9.0,15.0,4.0,1.0,H,2.0,1.0,H,17.0,14.0,8.0,2.0,15.0,11.0,3.0,5.0,3.0,2.0,0.0,0.0,10.51,6.93,1.23
D1,2020-09-27,Freiburg,Wolfsburg,1666.21,1713.19,6.0,10.0,4.0,5.0,1.0,1.0,D,1.0,1.0,D,21.0,8.0,7.0,2.0,10.0,13.0,9.0,1.0,0.0,3.0,0.0,0.0,3.06,3.45,2.3
D1,2020-10-02,Union Berlin,Mainz,1600.69,1636.86,4.0,7.0,0.0,6.0,4.0,0.0,H,1.0,0.0,H,13.0,5.0,7.0,0.0,13.0,11.0,4.0,2.0,1.0,4.0,0.0,0.0,2.14,3.56,3.37
D1,2020-10-03,Dortmund,Freiburg,1833.35,1675.09,3.0,6.0,7.0,10.0,4.0,0.0,H,1.0,0.0,H,16.0,6.0,7.0,2.0,8.0,12.0,3.0,2.0,1.0,1.0,0.0,0.0,1.3,5.85,9.31
D1,2020-10-03,Ein Frankfurt,Hoffenheim,1714.69,1767.0,7.0,11.0,9.0,15.0,2.0,1.0,H,0.0,1.0,A,16.0,11.0,6.0,4.0,12.0,8.0,5.0,7.0,2.0,3.0,0.0,0.0,2.38,3.62,2.84
D1,2020-10-03,FC Koln,MGladbach,1595.94,1753.59,0.0,1.0,4.0,10.0,1.0,3.0,A,0.0,2.0,A,8.0,17.0,3.0,11.0,16.0,12.0,4.0,10.0,3.0,3.0,0.0,0.0,3.89,3.86,1.88
D1,2020-10-03,Stuttgart,Leverkusen,1586.2,1796.17,3.0,9.0,5.0,8.0,1.0,1.0,D,0.0,1.0,A,11.0,15.0,2.0,7.0,8.0,17.0,7.0,12.0,3.0,2.0,0.0,0.0,3.7,3.93,1.91
D1,2020-10-03,Werder Bremen,Bielefeld,1637.75,1613.03,6.0,6.0,7.0,11.0,1.0,0.0,H,1.0,0.0,H,7.0,10.0,2.0,5.0,12.0,16.0,2.0,1.0,2.0,2.0,0.0,0.0,2.14,3.56,3.3
D1,2020-10-03,RB Leipzig,Schalke 04,1854.92,1601.46,7.0,8.0,0.0,0.0,4.0,0.0,H,3.0,0.0,H,21.0,4.0,7.0,1.0,13.0,10.0,8.0,1.0,1.0,3.0,0.0,0.0,1.26,6.14,10.84
D1,2020-10-04,Wolfsburg,Augsburg,1721.85,1642.96,2.0,5.0,6.0,7.0,0.0,0.0,D,0.0,0.0,D,17.0,9.0,6.0,1.0,7.0,13.0,12.0,2.0,0.0,1.0,0.0,0.0,2.02,3.56,3.66
D1,2020-10-04,Bayern Munich,Hertha,2024.97,1659.49,6.0,12.0,3.0,6.0,4.0,3.0,H,1.0,0.0,H,22.0,9.0,9.0,5.0,13.0,19.0,6.0,1.0,3.0,3.0,0.0,0.0,1.16,8.27,15.23
D1,2020-10-17,Augsburg,RB Leipzig,1642.75,1855.87,7.0,8.0,7.0,10.0,0.0,2.0,A,0.0,1.0,A,6.0,15.0,2.0,6.0,9.0,13.0,5.0,8.0,0.0,1.0,0.0,0.0,5.76,4.52,1.53
D1,2020-10-17,Freiburg,Werder Bremen,1664.83,1640.77,4.0,7.0,6.0,9.0,1.0,1.0,D,1.0,1.0,D,19.0,14.0,4.0,4.0,10.0,14.0,4.0,4.0,3.0,3.0,0.0,0.0,2.26,3.51,3.12
D1,2020-10-17,Hertha,Stuttgart,1655.11,1587.44,3.0,6.0,4.0,7.0,0.0,2.0,A,0.0,1.0,A,16.0,7.0,4.0,2.0,14.0,10.0,6.0,4.0,2.0,2.0,0.0,0.0,2.06,3.81,3.33
D1,2020-10-17,Hoffenheim,Dortmund,1755.53,1836.98,6.0,12.0,6.0,9.0,0.0,1.0,A,0.0,0.0,D,8.0,15.0,3.0,5.0,13.0,11.0,4.0,6.0,1.0,1.0,0.0,0.0,4.03,4.32,1.76
D1,2020-10-17,Mainz,Leverkusen,1617.45,1788.31,0.0,3.0,3.0,6.0,0.0,1.0,A,0.0,1.0,A,5.0,9.0,0.0,4.0,12.0,6.0,6.0,2.0,3.0,1.0,0.0,0.0,5.13,4.35,1.61
D1,2020-10-17,Bielefeld,Bayern Munich,1603.38,2022.72,4.0,8.0,6.0,12.0,1.0,4.0,A,0.0,3.0,A,11.0,16.0,5.0,10.0,6.0,6.0,6.0,10.0,1.0,0.0,0.0,1.0,13.73,7.73,1.19
D1,2020-10-17,MGladbach,Wolfsburg,1757.16,1705.96,4.0,10.0,3.0,6.0,1.0,1.0,D,0.0,0.0,D,13.0,14.0,2.0,5.0,14.0,13.0,5.0,4.0,2.0,2.0,0.0,0.0,1.86,3.85,4.01
D1,2020-10-18,FC Koln,Ein Frankfurt,1585.75,1719.53,0.0,1.0,7.0,11.0,1.0,1.0,D,0.0,1.0,A,9.0,16.0,5.0,4.0,19.0,18.0,2.0,8.0,3.0,2.0,0.0,0.0,3.16,3.78,2.13
D1,2020-10-18,Schalke 04,Union Berlin,1593.88,1613.47,0.0,0.0,4.0,7.0,1.0,1.0,D,0.0,0.0,D,8.0,13.0,4.0,7.0,7.0,13.0,5.0,7.0,3.0,1.0,0.0,0.0,2.82,3.23,2.59
D1,2020-10-23,Stuttgart,FC Koln,1587.44,1585.75,7.0,7.0,1.0,1.0,1.0,1.0,D,1.0,1.0,D,9.0,14.0,4.0,4.0,11.0,13.0,3.0,5.0,2.0,5.0,0.0,0.0,1.92,3.91,3.75
D1,2020-10-24,Bayern Munich,Ein Frankfurt,2022.72,1719.53,6.0,12.0,7.0,11.0,5.0,0.0,H,2.0,0.0,H,20.0,9.0,10.0,2.0,11.0,12.0,10.0,2.0,3.0,0.0,0.0,0.0,1.22,7.26,11.2
D1,2020-10-24,Mainz,MGladbach,1617.45,1757.16,0.0,0.0,5.0,8.0,2.0,3.0,A,2.0,1.0,H,15.0,21.0,7.0,12.0,18.0,11.0,3.0,7.0,5.0,3.0,0.0,0.0,4.82,4.15,1.67
D1,2020-10-24,RB Leipzig,Hertha,1855.87,1655.11,7.0,13.0,0.0,3.0,2.0,1.0,H,1.0,1.0,D,29.0,11.0,8.0,3.0,10.0,20.0,7.0,3.0,1.0,4.0,0.0,1.0,1.47,4.78,6.34
D1,2020-10-24,Union Berlin,Freiburg,1613.47,1664.83,5.0,8.0,2.0,8.0,1.0,1.0,D,1.0,1.0,D,22.0,8.0,7.0,4.0,9.0,14.0,4.0,2.0,1.0,4.0,0.0,0.0,2.27,3.41,3.16
D1,2020-10-24,Dortmund,Schalke 04,1836.98,1593.88,6.0,9.0,1.0,1.0,3.0,0.0,H,0.0,0.0,D,17.0,3.0,7.0,0.0,5.0,15.0,7.0,2.0,0.0,1.0,0.0,0.0,1.21,6.84,13.27
D1,2020-10-25,Wolfsburg,Bielefeld,1705.96,1603.38,3.0,4.0,3.0,7.0,2.0,1.0,H,2.0,0.0,H,14.0,8.0,4.0,1.0,12.0,10.0,4.0,3.0,2.0,1.0,0.0,0.0,1.69,3.89,5.06
D1,2020-10-25,Werder Bremen,Hoffenheim,1640.77,1755.53,7.0,10.0,3.0,9.0,1.0,1.0,D,1.0,1.0,D,5.0,15.0,2.0,6.0,10.0,20.0,1.0,4.0,2.0,2.0,0.0,0.0,3.0,3.72,2.25
D1,2020-10-26,Leverkusen,Augsburg,1788.31,1642.75,5.0,9.0,4.0,7.0,3.0,1.0,H,1.0,0.0,H,15.0,7.0,7.0,3.0,14.0,8.0,3.0,3.0,1.0,2.0,0.0,0.0,1.64,4.18,5.07
D1,2020-10-30,Schalke 04,Stuttgart,1593.88,1587.44,1.0,1.0,5.0,8.0,1.0,1.0,D,1.0,0.0,H,9.0,19.0,2.0,5.0,11.0,14.0,3.0,4.0,2.0,2.0,0.0,0.0,3.15,3.61,2.23
D1,2020-10-31,Augsburg,Mainz,1642.75,1617.45,1.0,7.0,0.0,0.0,3.0,1.0,H,1.0,0.0,H,14.0,8.0,7.0,4.0,12.0,10.0,4.0,1.0,5.0,1.0,0.0,0.0,2.03,3.62,3.61
D1,2020-10-31,Bielefeld,Dortmund,1603.38,1836.98,0.0,4.0,9.0,12.0,0.0,2.0,A,0.0,0.0,D,5.0,21.0,2.0,10.0,12.0,13.0,0.0,12.0,1.0,1.0,0.0,0.0,7.49,4.96,1.4
D1,2020-10-31,Ein Frankfurt,Werder Bremen,1719.53,1640.77,4.0,8.0,5.0,8.0,1.0,1.0,D,0.0,0.0,D,14.0,9.0,5.0,4.0,12.0,14.0,5.0,3.0,1.0,3.0,0.0,0.0,1.75,4.11,4.32
D1,2020-10-31,FC Koln,Bayern Munich,1585.75,2022.72,2.0,2.0,9.0,12.0,1.0,2.0,A,0.0,2.0,A,9.0,7.0,2.0,5.0,12.0,13.0,5.0,1.0,1.0,2.0,0.0,0.0,13.96,8.08,1.18
D1,2020-10-31,MGladbach,RB Leipzig,1757.16,1855.87,7.0,8.0,9.0,13.0,1.0,0.0,H,0.0,0.0,D,5.0,15.0,4.0,3.0,13.0,17.0,2.0,4.0,2.0,4.0,0.0,0.0,2.96,3.63,2.31
D1,2020-11-01,Freiburg,Leverkusen,1663.0,1792.74,2.0,6.0,7.0,9.0,2.0,4.0,A,1.0,2.0,A,8.0,18.0,5.0,7.0,10.0,11.0,4.0,6.0,2.0,2.0,0.0,0.0,3.71,3.57,2.0
D1,2020-11-01,Hertha,Wolfsburg,1637.72,1713.33,0.0,3.0,5.0,7.0,1.0,1.0,D,1.0,1.0,D,18.0,11.0,5.0,4.0,8.0,15.0,8.0,6.0,3.0,1.0,0.0,0.0,2.64,3.47,2.62
D1,2020-11-02,Hoffenheim,Union Berlin,1759.61,1614.52,1.0,7.0,5.0,6.0,1.0,3.0,A,0.0,0.0,D,10.0,9.0,5.0,6.0,19.0,13.0,3.0,6.0,1.0,2.0,1.0,0.0,1.86,3.87,4.03
D1,2020-11-06,Werder Bremen,FC Koln,1648.02,1589.21,3.0,9.0,2.0,2.0,1.0,1.0,D,0.0,0.0,D,18.0,8.0,4.0,1.0,20.0,20.0,1.0,3.0,2.0,2.0,0.0,0.0,2.44,3.5,2.87
D1,2020-11-07,Augsburg,Hertha,1641.51,1637.72,3.0,7.0,1.0,1.0,0.0,3.0,A,0.0,1.0,A,10.0,12.0,2.0,6.0,12.0,10.0,2.0,6.0,3.0,0.0,0.0,0.0,2.91,3.54,2.37
D1,2020-11-07,Mainz,Schalke 04,1598.93,1588.67,0.0,0.0,2.0,2.0,2.0,2.0,D,2.0,1.0,H,14.0,22.0,7.0,3.0,19.0,13.0,4.0,9.0,1.0,1.0,0.0,0.0,2.21,3.48,3.24
D1,2020-11-07,RB Leipzig,Freiburg,1841.79,1663.0,6.0,10.0,2.0,3.0,3.0,0.0,H,1.0,0.0,H,15.0,8.0,7.0,3.0,14.0,14.0,3.0,4.0,2.0,3.0,0.0,0.0,1.35,5.24,8.71
D1,2020-11-07,Stuttgart,Ein Frankfurt,1602.22,1710.83,5.0,9.0,2.0,8.0,2.0,2.0,D,2.0,0.0,H,16.0,15.0,5.0,8.0,14.0,16.0,10.0,8.0,2.0,4.0,0.0,0.0,2.67,3.66,2.5
D1,2020-11-07,Union Berlin,Bielefeld,1614.52,1592.14,5.0,9.0,0.0,3.0,5.0,0.0,H,3.0,0.0,H,9.0,5.0,8.0,1.0,17.0,9.0,5.0,1.0,0.0,1.0,0.0,0.0,1.84,3.69,4.31
D1,2020-11-07,Dortmund,Bayern Munich,1843.93,2037.99,9.0,12.0,9.0,12.0,2.0,3.0,A,1.0,1.0,D,15.0,16.0,5.0,8.0,15.0,7.0,4.0,3.0,2.0,2.0,0.0,0.0,3.89,4.19,1.82
D1,2020-11-08,Wolfsburg,Hoffenheim,1713.33,1759.61,5.0,7.0,1.0,4.0,2.0,1.0,H,2.0,0.0,H,14.0,17.0,8.0,5.0,15.0,14.0,3.0,7.0,1.0,3.0,0.0,0.0,2.12,3.69,3.29
D1,2020-11-08,Leverkusen,MGladbach,1792.74,1775.87,9.0,11.0,7.0,11.0,4.0,3.0,H,2.0,2.0,D,15.0,15.0,5.0,6.0,15.0,12.0,6.0,2.0,4.0,2.0,0.0,0.0,2.36,3.56,2.92
D1,2020-11-21,Bayern Munich,Werder Bremen,2066.39,1662.69,9.0,15.0,3.0,7.0,1.0,1.0,D,0.0,1.0,A,15.0,9.0,3.0,4.0,10.0,10.0,7.0,3.0,1.0,3.0,0.0,0.0,1.11,10.28,19.29
D1,2020-11-21,Bielefeld,Leverkusen,1596.68,1827.76,0.0,0.0,9.0,13.0,1.0,2.0,A,0.0,1.0,A,1.0,10.0,1.0,4.0,6.0,10.0,0.0,10.0,0.0,1.0,0.0,0.0,5.77,4.34,1.55
D1,2020-11-21,Hoffenheim,Stuttgart,1754.48,1621.6,1.0,1.0,3.0,7.0,3.0,3.0,D,1.0,2.0,A,13.0,20.0,8.0,9.0,15.0,18.0,3.0,4.0,3.0,2.0,0.0,0.0,2.36,3.85,2.74
D1,2020-11-21,MGladbach,Augsburg,1810.12,1643.18,6.0,10.0,3.0,4.0,1.0,1.0,D,1.0,0.0,H,15.0,10.0,6.0,5.0,7.0,12.0,2.0,1.0,1.0,4.0,0.0,1.0,1.5,4.65,6.08
D1,2020-11-21,Schalke 04,Wolfsburg,1607.78,1737.76,2.0,3.0,7.0,9.0,0.0,2.0,A,0.0,2.0,A,13.0,19.0,6.0,8.0,12.0,11.0,6.0,4.0,0.0,1.0,0.0,0.0,3.77,3.58,1.99
D1,2020-11-21,Ein Frankfurt,RB Leipzig,1726.55,1871.94,2.0,6.0,6.0,12.0,1.0,1.0,D,1.0,0.0,H,8.0,10.0,3.0,3.0,18.0,12.0,5.0,6.0,3.0,2.0,0.0,0.0,3.76,3.91,1.91
D1,2020-11-21,Hertha,Dortmund,1672.01,1865.64,4.0,4.0,6.0,12.0,2.0,5.0,A,1.0,0.0,H,9.0,15.0,3.0,8.0,12.0,17.0,4.0,3.0,1.0,1.0,0.0,0.0,4.87,4.31,1.64
D1,2020-11-22,Freiburg,Mainz,1667.52,1614.92,1.0,2.0,1.0,1.0,1.0,3.0,A,0.0,3.0,A,19.0,22.0,6.0,8.0,6.0,12.0,9.0,4.0,0.0,1.0,0.0,0.0,2.09,3.58,3.45
D1,2020-11-22,FC Koln,Union Berlin,1609.64,1662.94,2.0,3.0,7.0,11.0,1.0,2.0,A,1.0,1.0,D,10.0,10.0,4.0,3.0,12.0,15.0,5.0,4.0,1.0,2.0,0.0,0.0,2.72,3.35,2.62
D1,2020-11-27,Wolfsburg,Werder Bremen,1737.76,1662.69,7.0,11.0,3.0,5.0,5.0,3.0,H,3.0,2.0,H,12.0,5.0,6.0,4.0,12.0,12.0,0.0,5.0,2.0,3.0,0.0,1.0,1.89,3.64,4.14
D1,2020-11-28,Augsburg,Freiburg,1643.18,1667.52,4.0,4.0,0.0,2.0,1.0,1.0,D,0.0,0.0,D,10.0,10.0,2.0,5.0,15.0,8.0,4.0,1.0,3.0,1.0,0.0,0.0,2.42,3.43,2.91
D1,2020-11-28,Dortmund,FC Koln,1865.64,1609.64,6.0,12.0,1.0,3.0,1.0,2.0,A,0.0,1.0,A,14.0,7.0,4.0,5.0,11.0,10.0,6.0,2.0,1.0,2.0,0.0,0.0,1.23,6.57,11.94
D1,2020-11-28,RB Leipzig,Bielefeld,1871.94,1596.68,4.0,10.0,0.0,0.0,2.0,1.0,H,1.0,0.0,H,15.0,13.0,7.0,3.0,13.0,15.0,6.0,7.0,2.0,2.0,0.0,0.0,1.22,6.73,13.07
D1,2020-11-28,Stuttgart,Bayern Munich,1621.6,2066.39,3.0,7.0,7.0,13.0,1.0,3.0,A,1.0,2.0,A,15.0,14.0,4.0,6.0,11.0,13.0,4.0,3.0,0.0,0.0,0.0,0.0,8.66,6.25,1.3
D1,2020-11-28,Union Berlin,Ein Frankfurt,1662.94,1726.55,9.0,11.0,3.0,4.0,3.0,3.0,D,2.0,2.0,D,15.0,12.0,7.0,5.0,12.0,16.0,4.0,5.0,2.0,3.0,0.0,0.0,2.51,3.52,2.73
D1,2020-11-28,MGladbach,Schalke 04,1810.12,1607.78,4.0,8.0,2.0,3.0,4.0,1.0,H,2.0,1.0,H,19.0,13.0,9.0,2.0,8.0,14.0,5.0,4.0,2.0,3.0,0.0,0.0,1.35,5.3,8.36
D1,2020-11-29,Leverkusen,Hertha,1827.76,1672.01,9.0,15.0,4.0,4.0,0.0,0.0,D,0.0,0.0,D,14.0,5.0,2.0,3.0,16.0,19.0,6.0,1.0,2.0,1.0,0.0,0.0,1.78,3.87,4.34
D1,2020-11-29,Mainz,Hoffenheim,1614.92,1754.48,4.0,4.0,1.0,2.0,1.0,1.0,D,1.0,0.0,H,10.0,9.0,4.0,5.0,16.0,10.0,11.0,5.0,0.0,0.0,0.0,1.0,3.28,3.78,2.08
D1,2020-12-04,Hertha,Union Berlin,1674.76,1675.78,4.0,5.0,7.0,11.0,3.0,1.0,H,0.0,1.0,A,10.0,4.0,7.0,1.0,15.0,9.0,9.0,2.0,1.0,3.0,0.0,1.0,2.6,3.36,2.76
D1,2020-12-05,Bielefeld,Mainz,1595.98,1636.81,0.0,0.0,5.0,5.0,2.0,1.0,H,2.0,0.0,H,11.0,15.0,5.0,5.0,16.0,18.0,2.0,3.0,3.0,2.0,0.0,0.0,2.83,3.46,2.47
D1,2020-12-05,Ein Frankfurt,Dortmund,1733.64,1866.96,3.0,4.0,3.0,9.0,1.0,1.0,D,1.0,0.0,H,9.0,16.0,1.0,5.0,14.0,6.0,6.0,5.0,6.0,1.0,0.0,0.0,3.58,4.0,1.93
D1,2020-12-05,FC Koln,Wolfsburg,1621.84,1758.13,4.0,5.0,9.0,13.0,2.0,2.0,D,2.0,1.0,H,6.0,16.0,3.0,6.0,12.0,11.0,3.0,8.0,0.0,1.0,0.0,0.0,3.55,3.52,2.07
D1,2020-12-05,Freiburg,MGladbach,1658.64,1823.7,1.0,2.0,4.0,10.0,2.0,2.0,D,1.0,1.0,D,22.0,11.0,7.0,4.0,12.0,19.0,5.0,5.0,1.0,2.0,0.0,0.0,3.67,3.7,1.98
D1,2020-12-05,Bayern Munich,RB Leipzig,2066.01,1869.82,7.0,13.0,7.0,10.0,3.0,3.0,D,2.0,2.0,D,10.0,8.0,6.0,4.0,5.0,8.0,10.0,2.0,0.0,1.0,0.0,0.0,1.41,5.27,6.77
D1,2020-12-06,Werder Bremen,Stuttgart,1668.57,1629.49,2.0,4.0,2.0,4.0,1.0,2.0,A,0.0,1.0,A,14.0,11.0,4.0,7.0,10.0,15.0,2.0,4.0,4.0,4.0,0.0,0.0,2.73,3.56,2.48
D1,2020-12-06,Schalke 04,Leverkusen,1599.91,1832.1,1.0,2.0,7.0,13.0,0.0,3.0,A,0.0,1.0,A,13.0,24.0,4.0,9.0,17.0,11.0,2.0,8.0,2.0,3.0,0.0,0.0,6.11,4.42,1.52
D1,2020-12-07,Hoffenheim,Augsburg,1755.71,1652.39,2.0,3.0,2.0,5.0,3.0,1.0,H,1.0,1.0,D,10.0,13.0,7.0,3.0,15.0,9.0,4.0,3.0,0.0,1.0,0.0,0.0,1.84,3.92,3.97
D1,2020-12-11,Wolfsburg,Ein Frankfurt,1758.13,1733.64,7.0,11.0,3.0,5.0,2.0,1.0,H,0.0,0.0,D,16.0,7.0,8.0,4.0,10.0,12.0,8.0,1.0,5.0,2.0,0.0,0.0,2.34,3.62,2.91
D1,2020-12-12,Dortmund,Stuttgart,1866.96,1629.49,4.0,7.0,4.0,6.0,1.0,5.0,A,1.0,1.0,D,12.0,18.0,4.0,10.0,11.0,13.0,8.0,2.0,2.0,3.0,0.0,0.0,1.51,4.62,5.92
D1,2020-12-12,Freiburg,Bielefeld,1658.64,1595.98,2.0,2.0,3.0,3.0,2.0,0.0,H,0.0,0.0,D,16.0,5.0,7.0,1.0,16.0,13.0,5.0,4.0,3.0,0.0,0.0,0.0,1.79,3.86,4.33
D1,2020-12-12,Mainz,FC Koln,1636.81,1621.84,4.0,5.0,4.0,5.0,0.0,1.0,A,0.0,0.0,D,15.0,9.0,4.0,6.0,15.0,11.0,5.0,3.0,4.0,4.0,0.0,1.0,2.43,3.56,2.82
D1,2020-12-12,MGladbach,Hertha,1823.7,1674.76,5.0,8.0,4.0,8.0,1.0,1.0,D,0.0,0.0,D,17.0,9.0,4.0,3.0,9.0,18.0,13.0,2.0,3.0,2.0,0.0,0.0,1.92,3.77,3.81
D1,2020-12-12,RB Leipzig,Werder Bremen,1869.82,1668.57,5.0,8.0,1.0,3.0,2.0,0.0,H,2.0,0.0,H,15.0,7.0,7.0,2.0,17.0,12.0,1.0,6.0,3.0,1.0,0.0,0.0,1.36,5.24,8.4
D1,2020-12-12,Union Berlin,Bayern Munich,1675.78,2066.01,4.0,10.0,5.0,11.0,1.0,1.0,D,1.0,0.0,H,13.0,15.0,6.0,5.0,17.0,8.0,4.0,7.0,3.0,2.0,0.0,0.0,8.51,6.28,1.3
D1,2020-12-13,Augsburg,Schalke 04,1652.39,1599.91,2.0,5.0,0.0,2.0,2.0,2.0,D,1.0,0.0,H,8.0,15.0,4.0,4.0,17.0,13.0,2.0,3.0,3.0,4.0,1.0,0.0,1.92,3.6,3.98
D1,2020-12-13,Leverkusen,Hoffenheim,1832.1,1755.71,7.0,13.0,5.0,5.0,4.0,1.0,H,2.0,0.0,H,13.0,11.0,8.0,4.0,12.0,13.0,6.0,5.0,3.0,6.0,0.0,2.0,1.78,4.2,4.01
D1,2020-12-15,Ein Frankfurt,MGladbach,1730.43,1800.79,2.0,4.0,5.0,6.0,3.0,3.0,D,3.0,1.0,H,11.0,8.0,4.0,4.0,18.0,15.0,4.0,5.0,6.0,4.0,1.0,0.0,2.68,3.7,2.48
D1,2020-12-15,Hertha,Mainz,1689.67,1620.73,5.0,8.0,1.0,5.0,0.0,0.0,D,0.0,0.0,D,9.0,5.0,0.0,0.0,17.0,11.0,5.0,4.0,3.0,1.0,0.0,0.0,1.76,3.88,4.55
D1,2020-12-15,Stuttgart,Union Berlin,1668.22,1674.37,6.0,8.0,2.0,8.0,2.0,2.0,D,0.0,1.0,A,13.0,15.0,6.0,6.0,15.0,14.0,2.0,3.0,3.0,3.0,0.0,0.0,2.14,3.52,3.37
D1,2020-12-15,Werder Bremen,Dortmund,1655.96,1836.79,0.0,2.0,1.0,4.0,1.0,2.0,A,1.0,1.0,D,7.0,15.0,3.0,9.0,10.0,13.0,4.0,4.0,3.0,2.0,0.0,0.0,5.95,4.68,1.5
D1,2020-12-16,Schalke 04,Freiburg,1597.18,1670.69,1.0,2.0,5.0,5.0,0.0,2.0,A,0.0,0.0,D,10.0,11.0,2.0,5.0,15.0,9.0,2.0,3.0,2.0,1.0,0.0,0.0,3.01,3.48,2.33
D1,2020-12-16,Bayern Munich,Wolfsburg,2051.12,1762.75,5.0,9.0,7.0,13.0,2.0,1.0,H,1.0,1.0,D,13.0,17.0,2.0,7.0,14.0,16.0,7.0,7.0,3.0,1.0,0.0,0.0,1.34,5.56,8.15
D1,2020-12-16,Bielefeld,Augsburg,1596.89,1644.28,3.0,3.0,2.0,3.0,0.0,1.0,A,0.0,0.0,D,12.0,8.0,2.0,2.0,14.0,15.0,1.0,3.0,1.0,2.0,0.0,0.0,2.87,3.18,2.58
D1,2020-12-16,FC Koln,Leverkusen,1634.18,1857.93,7.0,8.0,7.0,13.0,0.0,4.0,A,0.0,2.0,A,7.0,14.0,1.0,7.0,12.0,12.0,2.0,6.0,1.0,1.0,0.0,0.0,4.95,4.02,1.67
D1,2020-12-16,Hoffenheim,RB Leipzig,1756.45,1888.95,4.0,5.0,7.0,11.0,0.0,1.0,A,0.0,0.0,D,7.0,4.0,3.0,3.0,16.0,14.0,5.0,5.0,2.0,0.0,0.0,0.0,4.54,4.44,1.65
D1,2020-12-18,Union Berlin,Dortmund,1674.37,1836.79,2.0,6.0,4.0,7.0,2.0,1.0,H,0.0,0.0,D,12.0,16.0,5.0,4.0,9.0,7.0,8.0,6.0,1.0,1.0,0.0,0.0,4.81,3.95,1.7
D1,2020-12-19,Augsburg,Ein Frankfurt,1644.28,1730.43,4.0,6.0,2.0,4.0,0.0,2.0,A,0.0,0.0,D,15.0,15.0,4.0,6.0,9.0,10.0,2.0,4.0,1.0,4.0,0.0,0.0,3.7,3.7,1.97
D1,2020-12-19,Mainz,Werder Bremen,1620.73,1655.96,1.0,5.0,0.0,1.0,0.0,1.0,A,0.0,0.0,D,9.0,13.0,1.0,7.0,15.0,11.0,2.0,5.0,2.0,2.0,0.0,0.0,2.47,3.3,2.94
D1,2020-12-19,MGladbach,Hoffenheim,1800.79,1756.45,3.0,7.0,3.0,5.0,1.0,2.0,A,1.0,0.0,H,15.0,14.0,5.0,5.0,13.0,22.0,3.0,3.0,1.0,3.0,1.0,0.0,1.89,4.06,3.69
D1,2020-12-19,RB Leipzig,FC Koln,1888.95,1634.18,7.0,11.0,4.0,7.0,0.0,0.0,D,0.0,0.0,D,14.0,4.0,6.0,1.0,11.0,8.0,8.0,2.0,1.0,0.0,0.0,0.0,1.31,5.57,9.69
D1,2020-12-19,Schalke 04,Bielefeld,1597.18,1596.89,1.0,1.0,3.0,3.0,0.0,1.0,A,0.0,0.0,D,11.0,8.0,5.0,3.0,17.0,19.0,1.0,6.0,6.0,5.0,0.0,0.0,2.23,3.35,3.32
D1,2020-12-19,Leverkusen,Bayern Munich,1857.93,2051.12,9.0,13.0,5.0,9.0,1.0,2.0,A,1.0,1.0,D,8.0,14.0,3.0,3.0,13.0,6.0,5.0,7.0,1.0,1.0,0.0,0.0,3.87,4.08,1.84
D1,2020-12-20,Freiburg,Hertha,1670.69,1689.67,7.0,8.0,5.0,6.0,4.0,1.0,H,1.0,0.0,H,17.0,10.0,9.0,3.0,9.0,16.0,7.0,3.0,0.0,0.0,0.0,0.0,2.6,3.42,2.69
D1,2020-12-20,Wolfsburg,Stuttgart,1762.75,1668.22,4.0,10.0,7.0,8.0,1.0,0.0,H,0.0,0.0,D,13.0,9.0,4.0,1.0,15.0,7.0,4.0,6.0,2.0,3.0,0.0,0.0,2.26,3.63,3.01
D1,2021-01-02,Bielefeld,MGladbach,1598.17,1789.73,3.0,6.0,2.0,6.0,0.0,1.0,A,0.0,0.0,D,7.0,22.0,0.0,7.0,8.0,7.0,3.0,14.0,2.0,1.0,0.0,0.0,5.62,4.17,1.59
D1,2021-01-02,Ein Frankfurt,Leverkusen,1741.05,1860.71,4.0,6.0,6.0,10.0,2.0,1.0,H,1.0,1.0,D,10.0,10.0,4.0,2.0,9.0,6.0,2.0,7.0,0.0,0.0,0.0,0.0,3.26,3.79,2.09
D1,2021-01-02,FC Koln,Augsburg,1634.32,1642.27,4.0,8.0,4.0,5.0,0.0,1.0,A,0.0,0.0,D,12.0,11.0,2.0,4.0,20.0,12.0,8.0,3.0,2.0,3.0,0.0,0.0,2.35,3.29,3.14
D1,2021-01-02,Hoffenheim,Freiburg,1761.14,1693.3,3.0,7.0,9.0,11.0,1.0,3.0,A,0.0,3.0,A,13.0,7.0,6.0,4.0,14.0,22.0,8.0,3.0,2.0,2.0,0.0,0.0,2.04,3.75,3.41
D1,2021-01-02,Werder Bremen,Union Berlin,1659.72,1686.47,3.0,3.0,5.0,6.0,0.0,2.0,A,0.0,2.0,A,10.0,9.0,2.0,2.0,15.0,14.0,6.0,5.0,2.0,4.0,0.0,0.0,2.9,3.29,2.51
D1,2021-01-02,Hertha,Schalke 04,1674.07,1578.56,2.0,6.0,1.0,1.0,3.0,0.0,H,1.0,0.0,H,20.0,10.0,10.0,4.0,11.0,18.0,9.0,5.0,2.0,2.0,0.0,0.0,1.72,3.87,4.75
D1,2021-01-02,Stuttgart,RB Leipzig,1662.49,1887.24,4.0,7.0,7.0,11.0,0.0,1.0,A,0.0,0.0,D,10.0,22.0,1.0,9.0,10.0,10.0,3.0,6.0,2.0,1.0,0.0,0.0,3.9,4.0,1.85
D1,2021-01-03,Dortmund,Wolfsburg,1829.75,1765.95,3.0,4.0,6.0,10.0,2.0,0.0,H,0.0,0.0,D,14.0,22.0,7.0,5.0,9.0,12.0,10.0,5.0,3.0,1.0,0.0,0.0,1.58,4.29,5.4
D1,2021-01-03,Bayern Munich,Mainz,2056.98,1615.48,7.0,11.0,1.0,2.0,5.0,2.0,H,0.0,2.0,A,19.0,12.0,12.0,7.0,11.0,9.0,10.0,2.0,2.0,1.0,0.0,0.0,1.11,10.17,21.74
D1,2021-01-08,MGladbach,Bayern Munich,1789.73,2056.98,4.0,6.0,9.0,11.0,3.0,2.0,H,2.0,2.0,D,8.0,15.0,4.0,4.0,9.0,11.0,3.0,8.0,1.0,1.0,0.0,0.0,4.93,4.76,1.59
D1,2021-01-09,Freiburg,FC Koln,1693.3,1634.32,9.0,13.0,1.0,5.0,5.0,0.0,H,2.0,0.0,H,12.0,5.0,6.0,2.0,14.0,10.0,1.0,3.0,0.0,0.0,0.0,0.0,1.94,3.6,3.95
D1,2021-01-09,Leverkusen,Werder Bremen,1860.71,1659.72,3.0,9.0,3.0,3.0,1.0,1.0,D,0.0,0.0,D,12.0,3.0,3.0,1.0,22.0,13.0,3.0,1.0,2.0,2.0,0.0,0.0,1.47,4.59,6.74
D1,2021-01-09,Mainz,Ein Frankfurt,1615.48,1741.05,1.0,1.0,7.0,8.0,0.0,2.0,A,0.0,1.0,A,8.0,15.0,0.0,7.0,17.0,15.0,3.0,7.0,2.0,1.0,0.0,0.0,3.51,3.92,1.97
D1,2021-01-09,Schalke 04,Hoffenheim,1578.56,1761.14,0.0,1.0,3.0,6.0,4.0,0.0,H,1.0,0.0,H,12.0,18.0,5.0,5.0,14.0,13.0,5.0,4.0,2.0,4.0,0.0,0.0,4.44,4.1,1.73
D1,2021-01-09,Union Berlin,Wolfsburg,1686.47,1765.95,7.0,8.0,3.0,7.0,2.0,2.0,D,1.0,1.0,D,13.0,11.0,6.0,5.0,16.0,13.0,5.0,3.0,3.0,1.0,0.0,1.0,2.95,3.31,2.48
D1,2021-01-09,RB Leipzig,Dortmund,1887.24,1829.75,7.0,11.0,6.0,7.0,1.0,3.0,A,0.0,0.0,D,12.0,15.0,4.0,7.0,8.0,12.0,3.0,3.0,0.0,2.0,0.0,0.0,2.3,3.51,3.05
D1,2021-01-10,Augsburg,Stuttgart,1642.27,1662.49,6.0,7.0,1.0,7.0,1.0,4.0,A,0.0,2.0,A,14.0,27.0,4.0,11.0,7.0,12.0,4.0,11.0,3.0,2.0,1.0,0.0,3.3,3.51,2.18
D1,2021-01-10,Bielefeld,Hertha,1598.17,1674.07,3.0,6.0,4.0,8.0,1.0,0.0,H,0.0,0.0,D,12.0,10.0,2.0,6.0,8.0,18.0,8.0,3.0,1.0,1.0,0.0,0.0,4.1,3.58,1.91
D1,2021-01-15,Union Berlin,Leverkusen,1698.55,1844.69,7.0,9.0,1.0,7.0,1.0,0.0,H,0.0,0.0,D,10.0,12.0,2.0,4.0,9.0,10.0,2.0,3.0,1.0,2.0,0.0,0.0,3.25,3.44,2.24
D1,2021-01-16,Dortmund,Mainz,1852.13,1606.76,6.0,9.0,0.0,1.0,1.0,1.0,D,0.0,0.0,D,17.0,8.0,7.0,3.0,10.0,19.0,1.0,2.0,1.0,2.0,0.0,0.0,1.2,7.2,13.63
D1,2021-01-16,FC Koln,Hertha,1614.52,1673.28,1.0,4.0,3.0,5.0,0.0,0.0,D,0.0,0.0,D,8.0,14.0,2.0,3.0,13.0,19.0,5.0,4.0,2.0,3.0,0.0,0.0,3.29,3.25,2.29
D1,2021-01-16,Hoffenheim,Bielefeld,1723.34,1603.52,3.0,3.0,6.0,6.0,0.0,0.0,D,0.0,0.0,D,11.0,8.0,5.0,2.0,9.0,21.0,5.0,3.0,1.0,1.0,0.0,0.0,1.71,3.88,4.92
D1,2021-01-16,Werder Bremen,Augsburg,1654.32,1635.85,4.0,4.0,3.0,7.0,2.0,0.0,H,0.0,0.0,D,10.0,6.0,5.0,2.0,10.0,18.0,4.0,4.0,0.0,1.0,0.0,0.0,2.2,3.3,3.44
D1,2021-01-16,Wolfsburg,RB Leipzig,1757.17,1876.31,4.0,7.0,4.0,10.0,2.0,2.0,D,2.0,1.0,H,8.0,13.0,2.0,9.0,16.0,9.0,6.0,6.0,4.0,3.0,0.0,0.0,3.51,3.6,2.06
D1,2021-01-16,Stuttgart,MGladbach,1673.84,1807.28,3.0,7.0,6.0,8.0,2.0,2.0,D,0.0,1.0,A,19.0,8.0,7.0,5.0,11.0,20.0,5.0,2.0,2.0,3.0,0.0,0.0,2.88,3.77,2.31
D1,2021-01-17,Bayern Munich,Freiburg,2044.8,1719.41,6.0,10.0,9.0,15.0,2.0,1.0,H,1.0,0.0,H,25.0,8.0,9.0,3.0,4.0,14.0,14.0,3.0,1.0,2.0,0.0,0.0,1.23,6.92,10.74
D1,2021-01-17,Ein Frankfurt,Schalke 04,1758.62,1593.01,9.0,10.0,3.0,4.0,3.0,1.0,H,1.0,1.0,D,20.0,5.0,11.0,1.0,8.0,10.0,8.0,2.0,0.0,1.0,0.0,0.0,1.52,4.47,6.1
D1,2021-01-19,MGladbach,Werder Bremen,1807.28,1654.32,7.0,8.0,4.0,7.0,1.0,0.0,H,0.0,0.0,D,11.0,11.0,6.0,2.0,15.0,11.0,7.0,5.0,2.0,2.0,0.0,0.0,1.6,4.15,5.55
D1,2021-01-19,Hertha,Hoffenheim,1673.28,1723.34,4.0,5.0,1.0,4.0,0.0,3.0,A,0.0,1.0,A,13.0,11.0,2.0,6.0,16.0,16.0,3.0,2.0,1.0,1.0,0.0,0.0,2.31,3.49,3.06
D1,2021-01-19,Leverkusen,Dortmund,1844.69,1852.13,1.0,4.0,7.0,10.0,2.0,1.0,H,1.0,0.0,H,23.0,15.0,13.0,3.0,13.0,8.0,6.0,5.0,2.0,2.0,0.0,0.0,3.11,3.75,2.19
D1,2021-01-19,Mainz,Wolfsburg,1606.76,1757.17,1.0,2.0,2.0,5.0,0.0,2.0,A,0.0,0.0,D,8.0,8.0,0.0,2.0,17.0,15.0,2.0,5.0,1.0,2.0,0.0,0.0,4.03,3.83,1.86
D1,2021-01-20,Schalke 04,FC Koln,1593.01,1614.52,3.0,3.0,1.0,2.0,1.0,2.0,A,0.0,1.0,A,15.0,12.0,8.0,4.0,7.0,11.0,5.0,8.0,2.0,1.0,0.0,0.0,2.62,3.25,2.79
D1,2021-01-20,Augsburg,Bayern Munich,1635.85,2044.8,3.0,6.0,6.0,12.0,0.0,1.0,A,0.0,1.0,A,9.0,17.0,0.0,4.0,15.0,11.0,5.0,7.0,2.0,0.0,0.0,0.0,12.19,7.08,1.21
D1,2021-01-20,Bielefeld,Stuttgart,1603.52,1673.84,4.0,7.0,4.0,5.0,3.0,0.0,H,1.0,0.0,H,9.0,11.0,3.0,3.0,9.0,9.0,2.0,6.0,1.0,0.0,0.0,0.0,4.32,3.77,1.82
D1,2021-01-20,Freiburg,Ein Frankfurt,1719.41,1758.62,6.0,12.0,9.0,13.0,2.0,2.0,D,1.0,1.0,D,11.0,17.0,4.0,4.0,10.0,15.0,4.0,5.0,3.0,3.0,0.0,0.0,2.87,3.47,2.43
D1,2021-01-20,RB Leipzig,Union Berlin,1876.31,1698.55,4.0,8.0,7.0,11.0,1.0,0.0,H,0.0,0.0,D,15.0,4.0,5.0,1.0,6.0,11.0,5.0,1.0,1.0,1.0,0.0,0.0,1.51,4.2,6.87
D1,2021-01-22,MGladbach,Dortmund,1807.28,1852.13,7.0,10.0,4.0,7.0,4.0,2.0,H,2.0,2.0,D,10.0,16.0,7.0,7.0,9.0,9.0,3.0,7.0,1.0,0.0,0.0,0.0,3.26,3.74,2.11
D1,2021-01-23,Augsburg,Union Berlin,1635.85,1698.55,0.0,3.0,4.0,10.0,2.0,1.0,H,1.0,1.0,D,8.0,9.0,4.0,5.0,13.0,21.0,2.0,3.0,3.0,1.0,0.0,0.0,3.61,3.38,2.11
D1,2021-01-23,Bielefeld,Ein Frankfurt,1603.52,1758.62,7.0,10.0,7.0,13.0,1.0,5.0,A,1.0,3.0,A,8.0,15.0,4.0,8.0,14.0,22.0,0.0,8.0,2.0,2.0,0.0,0.0,4.5,3.78,1.78
D1,2021-01-23,Freiburg,Stuttgart,1719.41,1673.84,4.0,10.0,4.0,4.0,2.0,1.0,H,2.0,1.0,H,9.0,27.0,4.0,11.0,20.0,12.0,3.0,5.0,2.0,0.0,0.0,0.0,2.64,3.71,2.51
D1,2021-01-23,Leverkusen,Wolfsburg,1844.69,1757.17,4.0,4.0,5.0,8.0,0.0,1.0,A,0.0,1.0,A,10.0,8.0,4.0,4.0,13.0,7.0,6.0,2.0,1.0,1.0,0.0,0.0,2.07,3.63,3.47
D1,2021-01-23,Mainz,RB Leipzig,1606.76,1876.31,1.0,1.0,4.0,8.0,3.0,2.0,H,2.0,2.0,D,10.0,12.0,4.0,5.0,13.0,16.0,3.0,9.0,2.0,4.0,0.0,0.0,7.57,4.81,1.41
D1,2021-01-23,Hertha,Werder Bremen,1673.28,1654.32,1.0,4.0,4.0,7.0,1.0,4.0,A,1.0,2.0,A,18.0,7.0,10.0,5.0,16.0,12.0,7.0,1.0,2.0,3.0,0.0,0.0,2.15,3.4,3.47
D1,2021-01-24,Schalke 04,Bayern Munich,1593.01,2044.8,3.0,3.0,6.0,12.0,0.0,4.0,A,0.0,1.0,A,14.0,32.0,4.0,14.0,5.0,9.0,3.0,7.0,1.0,1.0,0.0,0.0,13.48,7.92,1.18
D1,2021-01-24,Hoffenheim,FC Koln,1723.34,1614.52,4.0,7.0,4.0,5.0,3.0,0.0,H,2.0,0.0,H,13.0,13.0,4.0,4.0,8.0,13.0,6.0,9.0,2.0,3.0,0.0,0.0,1.82,3.61,4.48
D1,2021-01-29,Stuttgart,Mainz,1673.84,1606.76,1.0,4.0,4.0,4.0,2.0,0.0,H,0.0,0.0,D,9.0,10.0,3.0,2.0,9.0,20.0,2.0,4.0,1.0,4.0,0.0,0.0,1.68,4.11,4.84
D1,2021-01-30,Bayern Munich,Hoffenheim,2044.8,1723.34,9.0,12.0,7.0,7.0,4.0,1.0,H,2.0,1.0,H,15.0,15.0,9.0,5.0,10.0,8.0,10.0,4.0,1.0,0.0,0.0,0.0,1.24,7.03,10.22
D1,2021-01-30,Dortmund,Augsburg,1852.13,1635.85,1.0,7.0,3.0,6.0,3.0,1.0,H,1.0,1.0,D,14.0,5.0,5.0,1.0,12.0,11.0,10.0,1.0,0.0,1.0,0.0,0.0,1.26,6.34,10.8
D1,2021-01-30,Ein Frankfurt,Hertha,1758.62,1673.28,7.0,13.0,1.0,4.0,3.0,1.0,H,0.0,0.0,D,17.0,11.0,8.0,4.0,17.0,14.0,4.0,7.0,1.0,4.0,0.0,0.0,1.79,3.82,4.4
D1,2021-01-30,Union Berlin,MGladbach,1698.55,1807.28,3.0,7.0,7.0,13.0,1.0,1.0,D,1.0,0.0,H,13.0,12.0,3.0,4.0,12.0,13.0,2.0,9.0,1.0,3.0,0.0,0.0,3.28,3.38,2.24
D1,2021-01-30,Werder Bremen,Schalke 04,1654.32,1593.01,6.0,7.0,0.0,3.0,1.0,1.0,D,0.0,1.0,A,15.0,6.0,6.0,1.0,11.0,20.0,6.0,1.0,0.0,4.0,0.0,0.0,1.95,3.54,3.98
D1,2021-01-30,RB Leipzig,Leverkusen,1876.31,1844.69,4.0,7.0,3.0,4.0,1.0,0.0,H,0.0,0.0,D,16.0,8.0,2.0,4.0,11.0,15.0,6.0,6.0,2.0,2.0,0.0,0.0,1.93,3.6,4.0
D1,2021-01-31,FC Koln,Bielefeld,1614.52,1603.52,4.0,4.0,4.0,7.0,3.0,1.0,H,2.0,0.0,H,14.0,9.0,7.0,3.0,15.0,17.0,3.0,5.0,2.0,1.0,0.0,0.0,2.27,3.21,3.39
D1,2021-01-31,Wolfsburg,Freiburg,1757.17,1719.41,7.0,8.0,4.0,10.0,3.0,0.0,H,2.0,0.0,H,12.0,9.0,6.0,2.0,13.0,10.0,5.0,10.0,0.0,0.0,0.0,0.0,1.85,3.74,4.13
D1,2021-02-05,Hertha,Bayern Munich,1638.5,2051.82,0.0,1.0,9.0,12.0,0.0,1.0,A,0.0,1.0,A,11.0,17.0,7.0,7.0,12.0,15.0,3.0,11.0,2.0,1.0,0.0,0.0,7.09,5.57,1.38
D1,2021-02-06,Augsburg,Wolfsburg,1630.36,1787.45,3.0,3.0,9.0,11.0,0.0,2.0,A,0.0,1.0,A,9.0,17.0,1.0,9.0,10.0,15.0,7.0,4.0,2.0,0.0,0.0,0.0,4.58,3.58,1.82
D1,2021-02-06,Freiburg,Dortmund,1714.1,1831.23,4.0,7.0,3.0,7.0,2.0,1.0,H,0.0,0.0,D,6.0,16.0,3.0,5.0,12.0,12.0,1.0,1.0,1.0,2.0,0.0,0.0,5.15,4.27,1.61
D1,2021-02-06,Leverkusen,Stuttgart,1824.18,1664.2,3.0,4.0,3.0,7.0,5.0,2.0,H,2.0,0.0,H,25.0,14.0,11.0,7.0,12.0,9.0,4.0,4.0,0.0,0.0,0.0,0.0,1.99,3.78,3.6
D1,2021-02-06,Mainz,Union Berlin,1611.12,1699.15,3.0,4.0,1.0,5.0,1.0,0.0,H,1.0,0.0,H,9.0,10.0,5.0,3.0,12.0,11.0,3.0,1.0,2.0,5.0,0.0,1.0,3.21,3.37,2.28
D1,2021-02-06,Schalke 04,RB Leipzig,1581.81,1869.77,1.0,4.0,6.0,7.0,0.0,3.0,A,0.0,1.0,A,3.0,24.0,1.0,10.0,14.0,16.0,1.0,7.0,2.0,1.0,0.0,0.0,9.24,5.39,1.33
D1,2021-02-06,MGladbach,FC Koln,1817.05,1625.39,7.0,11.0,6.0,7.0,1.0,2.0,A,1.0,1.0,D,10.0,7.0,2.0,3.0,17.0,11.0,4.0,1.0,4.0,2.0,0.0,0.0,1.47,4.5,6.78
D1,2021-02-07,Hoffenheim,Ein Frankfurt,1737.35,1779.56,6.0,7.0,7.0,13.0,1.0,3.0,A,0.0,1.0,A,8.0,9.0,2.0,5.0,15.0,12.0,4.0,7.0,0.0,3.0,0.0,0.0,2.95,3.81,2.24
D1,2021-02-12,RB Leipzig,Augsburg,1869.77,1630.36,6.0,10.0,3.0,3.0,2.0,1.0,H,2.0,0.0,H,16.0,4.0,6.0,2.0,23.0,15.0,3.0,4.0,3.0,5.0,0.0,0.0,1.26,5.97,11.32
D1,2021-02-13,Dortmund,Hoffenheim,1831.23,1737.35,3.0,4.0,3.0,7.0,2.0,2.0,D,1.0,1.0,D,6.0,12.0,3.0,6.0,21.0,16.0,1.0,7.0,3.0,7.0,0.0,0.0,1.49,4.71,6.07
D1,2021-02-13,Leverkusen,Mainz,1824.18,1611.12,3.0,6.0,6.0,7.0,2.0,2.0,D,1.0,0.0,H,11.0,19.0,5.0,6.0,13.0,17.0,2.0,2.0,5.0,1.0,0.0,0.0,1.45,4.68,6.7
D1,2021-02-13,Stuttgart,Hertha,1664.2,1638.5,3.0,4.0,0.0,1.0,1.0,1.0,D,1.0,0.0,H,11.0,11.0,3.0,3.0,21.0,17.0,1.0,5.0,2.0,2.0,0.0,0.0,2.25,3.55,3.09
D1,2021-02-13,Werder Bremen,Freiburg,1671.44,1714.1,4.0,8.0,6.0,7.0,0.0,0.0,D,0.0,0.0,D,12.0,8.0,4.0,2.0,4.0,20.0,4.0,1.0,0.0,2.0,0.0,0.0,2.87,3.3,2.51
D1,2021-02-13,Union Berlin,Schalke 04,1699.15,1581.81,1.0,4.0,1.0,1.0,0.0,0.0,D,0.0,0.0,D,19.0,6.0,3.0,1.0,14.0,15.0,1.0,6.0,3.0,2.0,0.0,0.0,1.78,3.63,4.7
D1,2021-02-14,Ein Frankfurt,FC Koln,1779.56,1625.39,9.0,13.0,6.0,10.0,2.0,0.0,H,0.0,0.0,D,17.0,6.0,7.0,1.0,14.0,4.0,7.0,2.0,3.0,1.0,0.0,0.0,1.48,4.47,6.53
D1,2021-02-14,Wolfsburg,MGladbach,1787.45,1817.05,9.0,13.0,4.0,8.0,0.0,0.0,D,0.0,0.0,D,18.0,12.0,6.0,4.0,10.0,11.0,9.0,6.0,1.0,3.0,0.0,0.0,2.48,3.48,2.8
D1,2021-02-15,Bayern Munich,Bielefeld,2053.09,1602.89,9.0,15.0,3.0,7.0,3.0,3.0,D,0.0,2.0,A,19.0,7.0,11.0,3.0,7.0,13.0,5.0,2.0,1.0,1.0,0.0,0.0,1.16,8.3,15.56
D1,2021-02-19,Bielefeld,Wolfsburg,1602.89,1793.8,1.0,5.0,7.0,13.0,0.0,3.0,A,0.0,1.0,A,7.0,11.0,2.0,6.0,10.0,14.0,3.0,8.0,0.0,2.0,0.0,0.0,5.27,3.81,1.68
D1,2021-02-20,Ein Frankfurt,Bayern Munich,1795.46,2053.09,9.0,13.0,7.0,13.0,2.0,1.0,H,2.0,0.0,H,12.0,22.0,6.0,6.0,12.0,7.0,6.0,10.0,2.0,1.0,0.0,0.0,3.95,4.3,1.78
D1,2021-02-20,FC Koln,Stuttgart,1633.47,1656.63,6.0,9.0,4.0,4.0,0.0,1.0,A,0.0,0.0,D,9.0,9.0,0.0,3.0,15.0,10.0,0.0,6.0,2.0,1.0,0.0,0.0,3.44,3.59,2.08
D1,2021-02-20,Freiburg,Union Berlin,1723.59,1685.78,4.0,8.0,2.0,2.0,0.0,1.0,A,0.0,0.0,D,9.0,15.0,1.0,4.0,15.0,14.0,2.0,4.0,2.0,2.0,0.0,0.0,2.46,3.14,3.09
D1,2021-02-20,MGladbach,Mainz,1804.65,1626.54,2.0,8.0,4.0,7.0,1.0,2.0,A,1.0,1.0,D,12.0,8.0,3.0,6.0,10.0,16.0,4.0,4.0,1.0,1.0,0.0,0.0,1.66,3.96,5.12
D1,2021-02-20,Schalke 04,Dortmund,1581.17,1817.68,2.0,2.0,4.0,4.0,0.0,4.0,A,0.0,2.0,A,13.0,9.0,2.0,6.0,9.0,13.0,4.0,2.0,2.0,2.0,0.0,0.0,9.24,5.5,1.32
D1,2021-02-21,Augsburg,Leverkusen,1621.05,1824.0,0.0,3.0,4.0,7.0,1.0,1.0,D,1.0,0.0,H,6.0,10.0,3.0,3.0,16.0,13.0,1.0,4.0,2.0,4.0,0.0,0.0,5.2,3.94,1.66
D1,2021-02-21,Hertha,RB Leipzig,1638.89,1876.66,1.0,1.0,9.0,12.0,0.0,3.0,A,0.0,1.0,A,8.0,14.0,4.0,7.0,10.0,8.0,3.0,4.0,1.0,1.0,0.0,0.0,5.0,3.96,1.68
D1,2021-02-21,Hoffenheim,Werder Bremen,1730.16,1671.89,1.0,7.0,5.0,8.0,4.0,0.0,H,2.0,0.0,H,12.0,3.0,6.0,1.0,16.0,12.0,6.0,3.0,2.0,2.0,0.0,0.0,2.09,3.63,3.39
D1,2021-02-26,Werder Bremen,Ein Frankfurt,1671.89,1795.46,2.0,5.0,9.0,15.0,2.0,1.0,H,0.0,1.0,A,9.0,13.0,5.0,4.0,9.0,15.0,2.0,8.0,4.0,3.0,0.0,0.0,4.43,3.76,1.8
D1,2021-02-27,Bayern Munich,FC Koln,2053.09,1633.47,4.0,10.0,3.0,6.0,5.0,1.0,H,2.0,0.0,H,15.0,6.0,7.0,3.0,7.0,9.0,4.0,4.0,2.0,1.0,0.0,0.0,1.18,7.57,14.09
D1,2021-02-27,Dortmund,Bielefeld,1817.68,1602.89,4.0,7.0,1.0,4.0,3.0,0.0,H,0.0,0.0,D,20.0,8.0,9.0,2.0,12.0,16.0,5.0,2.0,0.0,3.0,0.0,0.0,1.2,6.83,14.26
D1,2021-02-27,Stuttgart,Schalke 04,1656.63,1581.17,4.0,7.0,1.0,2.0,5.0,1.0,H,3.0,1.0,H,19.0,11.0,10.0,5.0,15.0,18.0,11.0,9.0,2.0,3.0,0.0,0.0,1.5,4.57,6.2
D1,2021-02-27,Wolfsburg,Hertha,1793.8,1638.89,7.0,13.0,1.0,1.0,2.0,0.0,H,1.0,0.0,H,11.0,7.0,2.0,2.0,15.0,14.0,3.0,5.0,5.0,0.0,1.0,0.0,1.73,3.93,4.65
D1,2021-02-27,RB Leipzig,MGladbach,1876.66,1804.65,9.0,12.0,1.0,5.0,3.0,2.0,H,0.0,2.0,A,21.0,5.0,11.0,2.0,20.0,15.0,3.0,4.0,2.0,2.0,0.0,0.0,1.63,4.19,5.12
D1,2021-02-28,Union Berlin,Hoffenheim,1685.78,1730.16,4.0,5.0,4.0,7.0,1.0,1.0,D,1.0,1.0,D,4.0,15.0,1.0,4.0,13.0,12.0,3.0,4.0,0.0,2.0,0.0,0.0,2.37,3.38,3.01
D1,2021-02-28,Mainz,Augsburg,1626.54,1621.05,7.0,10.0,1.0,4.0,0.0,1.0,A,0.0,1.0,A,10.0,8.0,5.0,3.0,9.0,7.0,5.0,3.0,1.0,2.0,0.0,0.0,2.08,3.54,3.49
D1,2021-02-28,Leverkusen,Freiburg,1824.0,1723.59,5.0,5.0,4.0,7.0,1.0,2.0,A,0.0,0.0,D,21.0,6.0,5.0,3.0,12.0,11.0,8.0,3.0,2.0,3.0,0.0,0.0,1.84,3.61,4.37
D1,2021-03-05,Schalke 04,Mainz,1545.65,1610.85,1.0,2.0,4.0,7.0,0.0,0.0,D,0.0,0.0,D,2.0,19.0,2.0,2.0,10.0,16.0,2.0,6.0,2.0,2.0,0.0,0.0,3.47,3.54,2.11
D1,2021-03-06,Ein Frankfurt,Stuttgart,1778.33,1655.34,6.0,12.0,7.0,10.0,1.0,1.0,D,0.0,0.0,D,19.0,8.0,8.0,1.0,15.0,17.0,13.0,4.0,2.0,3.0,0.0,0.0,1.93,3.79,3.79
D1,2021-03-06,Freiburg,RB Leipzig,1705.15,1857.11,4.0,7.0,9.0,15.0,0.0,3.0,A,0.0,1.0,A,5.0,13.0,1.0,8.0,10.0,13.0,1.0,2.0,1.0,1.0,0.0,0.0,5.04,3.98,1.67
D1,2021-03-06,Hertha,Augsburg,1608.59,1615.6,1.0,1.0,4.0,4.0,2.0,1.0,H,0.0,1.0,A,17.0,7.0,7.0,4.0,15.0,13.0,6.0,1.0,2.0,3.0,0.0,0.0,1.97,3.47,3.98
D1,2021-03-06,Hoffenheim,Wolfsburg,1694.97,1787.13,5.0,5.0,7.0,13.0,2.0,1.0,H,2.0,1.0,H,9.0,17.0,4.0,5.0,13.0,15.0,2.0,6.0,2.0,4.0,0.0,1.0,2.94,3.48,2.38
D1,2021-03-06,MGladbach,Leverkusen,1763.79,1760.14,1.0,2.0,2.0,5.0,0.0,1.0,A,0.0,0.0,D,7.0,13.0,3.0,5.0,6.0,10.0,7.0,8.0,0.0,2.0,0.0,0.0,2.61,3.48,2.65
D1,2021-03-06,Bayern Munich,Dortmund,2016.97,1819.57,4.0,10.0,7.0,10.0,4.0,2.0,H,2.0,2.0,D,25.0,4.0,9.0,3.0,8.0,13.0,6.0,0.0,1.0,1.0,0.0,0.0,1.65,4.38,4.69
D1,2021-03-07,FC Koln,Werder Bremen,1604.28,1652.28,0.0,6.0,4.0,8.0,1.0,1.0,D,0.0,0.0,D,16.0,11.0,4.0,5.0,13.0,10.0,9.0,3.0,2.0,0.0,0.0,0.0,2.91,3.1,2.62
D1,2021-03-07,Bielefeld,Union Berlin,1580.47,1675.81,1.0,1.0,5.0,6.0,0.0,0.0,D,0.0,0.0,D,5.0,7.0,3.0,3.0,9.0,5.0,3.0,3.0,0.0,0.0,0.0,0.0,3.96,3.38,2.0
D1,2021-03-10,Bielefeld,Werder Bremen,1580.47,1652.28,1.0,2.0,4.0,6.0,0.0,2.0,A,0.0,0.0,D,22.0,5.0,7.0,2.0,12.0,9.0,9.0,0.0,0.0,2.0,1.0,0.0,3.31,3.19,2.3
D1,2021-03-12,Augsburg,MGladbach,1615.6,1763.79,4.0,4.0,0.0,1.0,3.0,1.0,H,0.0,0.0,D,10.0,28.0,3.0,7.0,6.0,10.0,1.0,10.0,0.0,0.0,0.0,0.0,4.19,3.73,1.86
D1,2021-03-13,Mainz,Freiburg,1610.85,1705.15,4.0,8.0,3.0,7.0,1.0,0.0,H,0.0,0.0,D,10.0,13.0,7.0,3.0,25.0,15.0,0.0,4.0,1.0,3.0,0.0,0.0,2.64,3.32,2.72
D1,2021-03-13,Union Berlin,FC Koln,1675.81,1604.28,5.0,6.0,1.0,4.0,2.0,1.0,H,0.0,1.0,A,13.0,9.0,8.0,5.0,20.0,13.0,6.0,6.0,2.0,3.0,0.0,0.0,1.96,3.35,4.17
D1,2021-03-13,Werder Bremen,Bayern Munich,1652.28,2016.97,7.0,8.0,6.0,10.0,1.0,3.0,A,0.0,2.0,A,9.0,22.0,4.0,6.0,5.0,9.0,3.0,8.0,1.0,0.0,0.0,0.0,10.28,6.41,1.26
D1,2021-03-13,Wolfsburg,Schalke 04,1787.13,1545.65,6.0,10.0,1.0,2.0,5.0,0.0,H,1.0,0.0,H,16.0,7.0,7.0,2.0,12.0,8.0,3.0,8.0,0.0,1.0,0.0,0.0,1.35,5.02,9.39
D1,2021-03-13,Dortmund,Hertha,1819.57,1608.59,6.0,7.0,3.0,4.0,2.0,0.0,H,0.0,0.0,D,14.0,4.0,4.0,0.0,6.0,11.0,7.0,0.0,1.0,1.0,0.0,1.0,1.5,4.58,6.15
D1,2021-03-14,Leverkusen,Bielefeld,1760.14,1580.47,4.0,8.0,1.0,2.0,1.0,2.0,A,0.0,1.0,A,20.0,10.0,8.0,5.0,16.0,9.0,9.0,5.0,2.0,1.0,0.0,0.0,1.38,4.98,8.18
D1,2021-03-14,RB Leipzig,Ein Frankfurt,1857.11,1778.33,9.0,15.0,4.0,10.0,1.0,1.0,D,0.0,0.0,D,14.0,5.0,8.0,2.0,14.0,21.0,4.0,3.0,2.0,3.0,0.0,0.0,1.81,3.79,4.28
D1,2021-03-14,Stuttgart,Hoffenheim,1655.34,1694.97,7.0,8.0,7.0,8.0,2.0,0.0,H,1.0,0.0,H,7.0,16.0,4.0,5.0,14.0,9.0,4.0,4.0,0.0,2.0,0.0,0.0,2.46,3.72,2.68
D1,2021-03-19,Bielefeld,RB Leipzig,1583.3,1852.9,4.0,4.0,7.0,13.0,0.0,1.0,A,0.0,0.0,D,5.0,20.0,0.0,8.0,10.0,12.0,1.0,7.0,2.0,1.0,0.0,0.0,8.83,4.95,1.37
D1,2021-03-20,Bayern Munich,Stuttgart,2021.33,1669.02,9.0,10.0,7.0,11.0,4.0,0.0,H,4.0,0.0,H,15.0,12.0,7.0,4.0,10.0,12.0,1.0,3.0,1.0,2.0,1.0,0.0,1.23,6.95,10.48
D1,2021-03-20,Ein Frankfurt,Union Berlin,1775.46,1677.53,2.0,8.0,5.0,9.0,5.0,2.0,H,4.0,2.0,H,9.0,24.0,5.0,8.0,9.0,10.0,2.0,4.0,1.0,2.0,0.0,0.0,1.86,3.72,4.09
D1,2021-03-20,FC Koln,Dortmund,1597.23,1819.22,1.0,1.0,6.0,10.0,2.0,2.0,D,1.0,1.0,D,10.0,13.0,2.0,4.0,4.0,12.0,5.0,2.0,1.0,1.0,0.0,0.0,6.99,4.8,1.43
D1,2021-03-20,Werder Bremen,Wolfsburg,1657.91,1781.24,4.0,7.0,6.0,10.0,1.0,2.0,A,1.0,2.0,A,11.0,16.0,4.0,5.0,15.0,15.0,3.0,9.0,3.0,1.0,0.0,0.0,4.29,3.61,1.85
D1,2021-03-20,Schalke 04,MGladbach,1538.89,1737.57,1.0,2.0,0.0,1.0,0.0,3.0,A,0.0,1.0,A,4.0,21.0,1.0,7.0,8.0,8.0,2.0,7.0,1.0,2.0,0.0,0.0,6.85,4.6,1.46
D1,2021-03-21,Hoffenheim,Mainz,1691.03,1617.47,4.0,8.0,4.0,8.0,1.0,2.0,A,1.0,2.0,A,8.0,16.0,2.0,7.0,14.0,12.0,2.0,9.0,0.0,0.0,0.0,0.0,1.92,3.71,3.88
D1,2021-03-21,Hertha,Leverkusen,1609.85,1753.6,3.0,4.0,3.0,5.0,3.0,0.0,H,3.0,0.0,H,13.0,9.0,10.0,1.0,10.0,20.0,4.0,8.0,0.0,2.0,0.0,0.0,3.5,3.51,2.08
D1,2021-03-21,Freiburg,Augsburg,1684.93,1621.66,3.0,4.0,6.0,7.0,2.0,0.0,H,0.0,0.0,D,10.0,19.0,3.0,8.0,21.0,13.0,3.0,5.0,7.0,2.0,0.0,0.0,1.96,3.55,3.89
D1,2021-04-03,Augsburg,Hoffenheim,1613.86,1680.01,3.0,7.0,3.0,7.0,2.0,1.0,H,2.0,0.0,H,7.0,16.0,2.0,6.0,7.0,11.0,2.0,10.0,1.0,1.0,0.0,0.0,3.66,3.72,1.97
D1,2021-04-03,Dortmund,Ein Frankfurt,1814.26,1783.41,4.0,10.0,5.0,8.0,1.0,2.0,A,1.0,1.0,D,20.0,15.0,7.0,3.0,9.0,12.0,10.0,2.0,0.0,3.0,0.0,0.0,1.79,3.99,4.2
D1,2021-04-03,Leverkusen,Schalke 04,1735.13,1531.48,3.0,4.0,1.0,1.0,2.0,1.0,H,1.0,0.0,H,6.0,4.0,2.0,2.0,13.0,9.0,5.0,4.0,1.0,0.0,0.0,0.0,1.23,6.48,12.45
D1,2021-04-03,Mainz,Bielefeld,1628.2,1580.15,7.0,10.0,3.0,4.0,1.0,1.0,D,0.0,0.0,D,12.0,9.0,5.0,2.0,27.0,10.0,2.0,3.0,4.0,1.0,0.0,0.0,1.8,3.64,4.62
D1,2021-04-03,Wolfsburg,FC Koln,1786.93,1601.89,6.0,12.0,2.0,2.0,1.0,0.0,H,0.0,0.0,D,13.0,10.0,6.0,1.0,18.0,11.0,5.0,4.0,2.0,1.0,0.0,0.0,1.53,4.2,6.25
D1,2021-04-03,RB Leipzig,Bayern Munich,1855.74,2023.55,7.0,13.0,9.0,12.0,0.0,1.0,A,0.0,1.0,A,13.0,9.0,3.0,5.0,13.0,9.0,8.0,4.0,3.0,2.0,0.0,0.0,2.78,3.68,2.41
D1,2021-04-03,MGladbach,Freiburg,1744.19,1692.43,3.0,3.0,3.0,6.0,2.0,1.0,H,0.0,1.0,A,19.0,7.0,5.0,4.0,11.0,14.0,0.0,3.0,1.0,3.0,0.0,0.0,1.81,3.92,4.16
D1,2021-04-04,Stuttgart,Werder Bremen,1666.53,1651.92,4.0,10.0,3.0,7.0,1.0,0.0,H,0.0,0.0,D,14.0,9.0,3.0,2.0,8.0,8.0,6.0,0.0,1.0,2.0,0.0,0.0,1.94,3.61,3.88
D1,2021-04-04,Union Berlin,Hertha,1669.27,1628.02,4.0,8.0,6.0,6.0,1.0,1.0,D,1.0,1.0,D,11.0,4.0,3.0,1.0,13.0,12.0,2.0,3.0,2.0,4.0,0.0,0.0,2.51,3.22,2.93
D1,2021-04-09,Bielefeld,Freiburg,1580.15,1692.43,4.0,5.0,3.0,6.0,1.0,0.0,H,0.0,0.0,D,14.0,10.0,4.0,2.0,8.0,10.0,4.0,2.0,3.0,2.0,0.0,0.0,2.94,3.2,2.55
D1,2021-04-10,Bayern Munich,Union Berlin,2023.55,1669.27,9.0,15.0,4.0,6.0,1.0,1.0,D,0.0,0.0,D,14.0,6.0,2.0,2.0,10.0,12.0,8.0,1.0,2.0,0.0,0.0,0.0,1.47,4.68,6.49
D1,2021-04-10,Ein Frankfurt,Wolfsburg,1783.41,1786.93,7.0,8.0,9.0,12.0,4.0,3.0,H,2.0,1.0,H,9.0,20.0,5.0,7.0,11.0,13.0,3.0,7.0,3.0,2.0,0.0,0.0,2.41,3.43,2.94
D1,2021-04-10,Hertha,MGladbach,1628.02,1744.19,4.0,7.0,6.0,6.0,2.0,2.0,D,1.0,2.0,A,24.0,7.0,8.0,4.0,12.0,17.0,11.0,3.0,2.0,1.0,0.0,1.0,3.15,3.5,2.26
D1,2021-04-10,Werder Bremen,RB Leipzig,1651.92,1855.74,0.0,4.0,4.0,10.0,1.0,4.0,A,0.0,3.0,A,11.0,8.0,2.0,4.0,13.0,10.0,2.0,2.0,0.0,0.0,0.0,0.0,7.52,4.79,1.42
D1,2021-04-10,Stuttgart,Dortmund,1666.53,1814.26,6.0,10.0,4.0,7.0,2.0,3.0,A,1.0,0.0,H,13.0,18.0,3.0,7.0,13.0,11.0,3.0,8.0,4.0,2.0,0.0,0.0,3.9,4.0,1.86
D1,2021-04-11,Schalke 04,Augsburg,1531.48,1613.86,0.0,1.0,6.0,9.0,1.0,0.0,H,1.0,0.0,H,7.0,13.0,2.0,4.0,10.0,14.0,4.0,6.0,0.0,2.0,0.0,0.0,3.22,3.34,2.29
D1,2021-04-11,FC Koln,Mainz,1601.89,1628.2,1.0,2.0,7.0,8.0,2.0,3.0,A,1.0,1.0,D,22.0,9.0,4.0,6.0,14.0,14.0,2.0,5.0,2.0,1.0,0.0,0.0,3.03,3.26,2.44
D1,2021-04-12,Hoffenheim,Leverkusen,1680.01,1735.13,0.0,4.0,3.0,6.0,0.0,0.0,D,0.0,0.0,D,2.0,7.0,0.0,5.0,14.0,12.0,1.0,1.0,1.0,1.0,0.0,0.0,2.87,3.57,2.38
D1,2021-04-16,RB Leipzig,Hoffenheim,1852.72,1666.8,6.0,10.0,1.0,4.0,0.0,0.0,D,0.0,0.0,D,14.0,6.0,2.0,0.0,14.0,13.0,4.0,1.0,0.0,2.0,0.0,0.0,1.4,5.03,7.77
D1,2021-04-17,Augsburg,Bielefeld,1607.62,1586.92,3.0,6.0,4.0,7.0,0.0,0.0,D,0.0,0.0,D,9.0,8.0,3.0,1.0,10.0,9.0,7.0,3.0,4.0,1.0,0.0,0.0,2.49,3.21,2.98
D1,2021-04-17,Freiburg,Schalke 04,1671.68,1532.78,3.0,3.0,3.0,4.0,4.0,0.0,H,2.0,0.0,H,13.0,4.0,8.0,2.0,15.0,12.0,3.0,4.0,2.0,1.0,0.0,0.0,1.69,3.94,4.94
D1,2021-04-17,MGladbach,Ein Frankfurt,1742.2,1794.55,7.0,7.0,9.0,11.0,4.0,0.0,H,1.0,0.0,H,19.0,16.0,4.0,5.0,11.0,10.0,7.0,8.0,2.0,4.0,0.0,0.0,2.54,3.71,2.61
D1,2021-04-17,Union Berlin,Stuttgart,1669.66,1662.21,2.0,6.0,3.0,7.0,2.0,1.0,H,2.0,0.0,H,9.0,9.0,4.0,2.0,15.0,12.0,4.0,4.0,2.0,3.0,0.0,0.0,2.3,3.4,3.15
D1,2021-04-17,Wolfsburg,Bayern Munich,1777.75,2002.22,6.0,9.0,7.0,13.0,2.0,3.0,A,1.0,3.0,A,7.0,14.0,3.0,9.0,16.0,8.0,6.0,5.0,2.0,1.0,0.0,0.0,3.8,3.88,1.9
D1,2021-04-17,Leverkusen,FC Koln,1731.65,1585.04,4.0,7.0,1.0,2.0,3.0,0.0,H,1.0,0.0,H,8.0,14.0,5.0,2.0,12.0,12.0,2.0,3.0,1.0,1.0,0.0,0.0,1.64,3.91,5.55
D1,2021-04-18,Dortmund,Werder Bremen,1800.98,1632.8,4.0,7.0,0.0,3.0,4.0,1.0,H,3.0,1.0,H,19.0,10.0,9.0,3.0,8.0,14.0,7.0,4.0,1.0,4.0,0.0,0.0,1.39,5.05,7.65
D1,2021-04-20,FC Koln,RB Leipzig,1585.04,1852.72,0.0,1.0,4.0,8.0,2.0,1.0,H,0.0,0.0,D,5.0,23.0,3.0,6.0,9.0,16.0,0.0,8.0,2.0,3.0,0.0,0.0,7.68,4.75,1.42
D1,2021-04-20,Bayern Munich,Leverkusen,2002.22,1731.65,7.0,13.0,7.0,7.0,2.0,0.0,H,2.0,0.0,H,26.0,6.0,9.0,3.0,6.0,14.0,7.0,3.0,0.0,0.0,0.0,0.0,1.45,4.96,6.48
D1,2021-04-20,Bielefeld,Schalke 04,1586.92,1532.78,5.0,8.0,3.0,3.0,1.0,0.0,H,0.0,0.0,D,10.0,3.0,5.0,0.0,14.0,12.0,4.0,2.0,3.0,5.0,0.0,1.0,1.75,3.65,5.0
D1,2021-04-20,Ein Frankfurt,Augsburg,1794.55,1607.62,6.0,10.0,4.0,7.0,2.0,0.0,H,1.0,0.0,H,12.0,14.0,4.0,4.0,18.0,8.0,7.0,5.0,3.0,1.0,0.0,0.0,1.44,4.86,7.0
D1,2021-04-21,Dortmund,Union Berlin,1800.98,1669.66,6.0,10.0,5.0,8.0,2.0,0.0,H,1.0,0.0,H,21.0,6.0,11.0,2.0,12.0,10.0,4.0,3.0,2.0,1.0,0.0,0.0,1.54,4.42,5.95
D1,2021-04-21,Hoffenheim,MGladbach,1666.8,1742.2,2.0,2.0,7.0,10.0,3.0,2.0,H,0.0,2.0,A,19.0,5.0,6.0,3.0,9.0,5.0,5.0,4.0,3.0,0.0,0.0,0.0,3.08,3.69,2.21
D1,2021-04-21,Stuttgart,Wolfsburg,1662.21,1777.75,3.0,6.0,3.0,9.0,1.0,3.0,A,0.0,2.0,A,11.0,13.0,4.0,4.0,12.0,11.0,4.0,1.0,3.0,0.0,0.0,0.0,3.36,3.78,2.06
D1,2021-04-21,Werder Bremen,Mainz,1632.8,1628.68,0.0,0.0,7.0,11.0,0.0,1.0,A,0.0,1.0,A,18.0,13.0,4.0,5.0,7.0,13.0,10.0,4.0,1.0,2.0,0.0,0.0,3.09,3.29,2.38
D1,2021-04-23,Augsburg,FC Koln,1607.62,1585.04,1.0,4.0,3.0,4.0,2.0,3.0,A,0.0,3.0,A,13.0,14.0,5.0,6.0,17.0,13.0,6.0,3.0,2.0,3.0,0.0,0.0,2.91,3.26,2.54
D1,2021-04-24,Freiburg,Hoffenheim,1671.68,1666.8,3.0,6.0,5.0,5.0,1.0,1.0,D,0.0,1.0,A,15.0,16.0,7.0,4.0,10.0,12.0,6.0,5.0,1.0,2.0,0.0,0.0,2.76,3.51,2.5
D1,2021-04-24,Mainz,Bayern Munich,1628.68,2002.22,7.0,13.0,7.0,13.0,2.0,1.0,H,2.0,0.0,H,8.0,17.0,4.0,4.0,12.0,15.0,2.0,3.0,3.0,4.0,0.0,0.0,8.74,5.81,1.32
D1,2021-04-24,Union Berlin,Werder Bremen,1669.66,1632.8,4.0,5.0,0.0,0.0,3.0,1.0,H,0.0,0.0,D,17.0,9.0,6.0,5.0,10.0,8.0,11.0,2.0,0.0,0.0,0.0,0.0,1.91,3.48,4.24
D1,2021-04-24,Wolfsburg,Dortmund,1777.75,1800.98,3.0,9.0,9.0,10.0,0.0,2.0,A,0.0,1.0,A,21.0,8.0,2.0,4.0,10.0,12.0,10.0,2.0,1.0,3.0,0.0,1.0,3.12,3.93,2.12
D1,2021-04-24,Leverkusen,Ein Frankfurt,1731.65,1794.55,4.0,7.0,6.0,12.0,3.0,1.0,H,0.0,0.0,D,18.0,12.0,10.0,4.0,9.0,8.0,5.0,6.0,1.0,1.0,0.0,0.0,2.28,3.76,2.92
D1,2021-04-25,RB Leipzig,Stuttgart,1852.72,1662.21,4.0,7.0,0.0,3.0,2.0,0.0,H,0.0,0.0,D,24.0,2.0,11.0,0.0,19.0,8.0,10.0,1.0,2.0,0.0,0.0,1.0,1.39,5.14,7.52
D1,2021-04-25,MGladbach,Bielefeld,1742.2,1586.92,4.0,10.0,7.0,8.0,5.0,0.0,H,3.0,0.0,H,20.0,10.0,12.0,5.0,11.0,8.0,4.0,1.0,1.0,1.0,0.0,0.0,1.62,3.87,5.88
D1,2021-05-03,Mainz,Hertha,1652.92,1627.13,9.0,13.0,5.0,8.0,1.0,1.0,D,1.0,1.0,D,16.0,7.0,9.0,5.0,18.0,13.0,6.0,4.0,2.0,3.0,0.0,0.0,2.41,3.49,2.89
D1,2021-05-06,Hertha,Freiburg,1627.13,1678.53,3.0,6.0,4.0,7.0,3.0,0.0,H,2.0,0.0,H,13.0,15.0,6.0,4.0,10.0,13.0,4.0,6.0,4.0,3.0,0.0,0.0,2.03,3.61,3.62
D1,2021-05-07,Stuttgart,Augsburg,1642.74,1592.06,0.0,3.0,1.0,4.0,2.0,1.0,H,1.0,0.0,H,14.0,20.0,6.0,9.0,14.0,12.0,2.0,12.0,0.0,0.0,0.0,0.0,2.24,3.46,3.25
D1,2021-05-08,Dortmund,RB Leipzig,1823.85,1837.65,9.0,12.0,4.0,7.0,3.0,2.0,H,1.0,0.0,H,15.0,14.0,4.0,7.0,8.0,13.0,7.0,7.0,1.0,1.0,0.0,0.0,2.19,3.68,3.18
D1,2021-05-08,Hoffenheim,Schalke 04,1682.71,1519.36,5.0,6.0,3.0,3.0,4.0,2.0,H,0.0,2.0,A,20.0,6.0,12.0,3.0,11.0,12.0,9.0,3.0,1.0,2.0,0.0,0.0,1.22,6.72,12.63
D1,2021-05-08,Werder Bremen,Leverkusen,1609.98,1746.84,0.0,0.0,6.0,10.0,0.0,0.0,D,0.0,0.0,D,13.0,14.0,2.0,4.0,9.0,14.0,4.0,6.0,3.0,2.0,1.0,0.0,4.32,3.8,1.81
D1,2021-05-08,Wolfsburg,Union Berlin,1770.91,1679.0,3.0,6.0,6.0,8.0,3.0,0.0,H,1.0,0.0,H,17.0,9.0,8.0,1.0,9.0,9.0,4.0,3.0,1.0,0.0,0.0,0.0,1.78,3.75,4.64
D1,2021-05-08,Bayern Munich,MGladbach,1993.34,1757.5,6.0,10.0,6.0,10.0,6.0,0.0,H,4.0,0.0,H,22.0,14.0,7.0,2.0,3.0,9.0,5.0,3.0,0.0,2.0,1.0,0.0,1.37,5.48,7.64
D1,2021-05-09,FC Koln,Freiburg,1601.64,1678.53,6.0,6.0,4.0,4.0,1.0,4.0,A,0.0,2.0,A,18.0,11.0,2.0,6.0,15.0,16.0,3.0,2.0,2.0,2.0,0.0,0.0,2.05,3.69,3.49
D1,2021-05-09,Ein Frankfurt,Mainz,1771.11,1652.92,3.0,9.0,7.0,11.0,1.0,1.0,D,0.0,1.0,A,14.0,6.0,4.0,3.0,10.0,14.0,8.0,2.0,2.0,0.0,0.0,0.0,1.83,4.06,3.96
D1,2021-05-09,Hertha,Bielefeld,1627.13,1586.13,5.0,9.0,4.0,8.0,0.0,0.0,D,0.0,0.0,D,11.0,12.0,4.0,5.0,13.0,9.0,4.0,3.0,3.0,4.0,0.0,0.0,1.89,3.66,4.09
D1,2021-05-12,Schalke 04,Hertha,1519.36,1627.13,0.0,3.0,5.0,7.0,1.0,2.0,A,1.0,1.0,D,12.0,18.0,1.0,6.0,9.0,11.0,1.0,7.0,3.0,5.0,0.0,1.0,7.0,4.67,1.45
D1,2021-05-15,Augsburg,Werder Bremen,1586.53,1612.49,0.0,1.0,1.0,1.0,2.0,0.0,H,0.0,0.0,D,15.0,16.0,7.0,5.0,12.0,17.0,5.0,5.0,3.0,3.0,1.0,1.0,2.59,3.16,2.92
D1,2021-05-15,Bielefeld,Hoffenheim,1589.07,1687.34,4.0,8.0,7.0,9.0,1.0,1.0,D,1.0,1.0,D,17.0,7.0,6.0,3.0,5.0,8.0,10.0,4.0,1.0,2.0,0.0,0.0,2.68,3.67,2.5
D1,2021-05-15,Freiburg,Bayern Munich,1677.45,1998.63,4.0,7.0,6.0,10.0,2.0,2.0,D,1.0,1.0,D,13.0,16.0,4.0,6.0,10.0,13.0,4.0,8.0,1.0,2.0,0.0,0.0,8.6,5.82,1.32
D1,2021-05-15,Hertha,FC Koln,1646.28,1588.6,7.0,9.0,6.0,6.0,0.0,0.0,D,0.0,0.0,D,1.0,11.0,1.0,3.0,11.0,12.0,1.0,5.0,2.0,2.0,0.0,0.0,2.59,3.28,2.83
D1,2021-05-15,Leverkusen,Union Berlin,1744.33,1670.9,4.0,8.0,3.0,7.0,1.0,1.0,D,1.0,0.0,H,9.0,15.0,4.0,6.0,9.0,16.0,4.0,5.0,2.0,2.0,0.0,0.0,1.88,3.71,4.12
D1,2021-05-15,MGladbach,Stuttgart,1752.21,1648.26,3.0,7.0,3.0,3.0,1.0,2.0,A,1.0,0.0,H,9.0,11.0,4.0,7.0,14.0,14.0,2.0,1.0,2.0,4.0,0.0,0.0,1.64,4.56,4.6
D1,2021-05-15,Schalke 04,Ein Frankfurt,1508.78,1766.61,0.0,3.0,4.0,7.0,4.0,3.0,H,1.0,1.0,D,11.0,24.0,6.0,9.0,9.0,11.0,1.0,13.0,0.0,2.0,0.0,0.0,12.16,6.92,1.22
D1,2021-05-16,Mainz,Dortmund,1655.4,1830.88,5.0,11.0,9.0,15.0,1.0,3.0,A,0.0,2.0,A,9.0,13.0,5.0,4.0,9.0,11.0,4.0,2.0,0.0,0.0,0.0,0.0,6.61,5.02,1.44
D1,2021-05-16,RB Leipzig,Wolfsburg,1830.62,1779.01,3.0,7.0,6.0,6.0,2.0,2.0,D,0.0,2.0,A,14.0,12.0,4.0,4.0,13.0,15.0,11.0,3.0,3.0,3.0,0.0,0.0,2.21,3.44,3.3
D1,2021-05-22,Bayern Munich,Augsburg,1998.63,1586.53,4.0,10.0,3.0,4.0,5.0,2.0,H,4.0,0.0,H,24.0,9.0,13.0,5.0,6.0,9.0,10.0,2.0,1.0,1.0,0.0,0.0,1.13,9.9,18.62
D1,2021-05-22,Dortmund,Leverkusen,1830.88,1744.33,9.0,15.0,5.0,8.0,3.0,1.0,H,1.0,0.0,H,10.0,16.0,4.0,7.0,6.0,8.0,3.0,6.0,0.0,0.0,0.0,0.0,1.55,4.63,5.45
D1,2021-05-22,Ein Frankfurt,Freiburg,1766.61,1677.45,1.0,4.0,4.0,8.0,3.0,1.0,H,0.0,0.0,D,18.0,11.0,11.0,6.0,7.0,10.0,8.0,1.0,1.0,0.0,0.0,0.0,2.07,4.23,3.07
D1,2021-05-22,FC Koln,Schalke 04,1588.6,1508.78,4.0,7.0,3.0,3.0,1.0,0.0,H,0.0,0.0,D,20.0,7.0,10.0,1.0,14.0,12.0,8.0,4.0,1.0,2.0,0.0,0.0,1.35,5.57,8.01
D1,2021-05-22,Hoffenheim,Hertha,1687.34,1646.28,5.0,9.0,5.0,9.0,2.0,1.0,H,0.0,1.0,A,21.0,9.0,5.0,5.0,8.0,5.0,4.0,3.0,0.0,0.0,0.0,0.0,1.94,3.99,3.6
D1,2021-05-22,Stuttgart,Bielefeld,1648.26,1589.07,6.0,6.0,2.0,6.0,0.0,2.0,A,0.0,0.0,D,11.0,11.0,0.0,3.0,12.0,11.0,3.0,6.0,1.0,0.0,0.0,0.0,2.4,3.89,2.7
D1,2021-05-22,Union Berlin,RB Leipzig,1670.9,1830.62,4.0,7.0,4.0,5.0,2.0,1.0,H,0.0,0.0,D,11.0,17.0,5.0,7.0,15.0,10.0,7.0,3.0,2.0,1.0,0.0,0.0,2.97,3.89,2.22
D1,2021-05-22,Werder Bremen,MGladbach,1612.49,1752.21,1.0,1.0,3.0,6.0,2.0,4.0,A,0.0,1.0,A,16.0,15.0,8.0,8.0,19.0,12.0,3.0,5.0,1.0,2.0,0.0,0.0,2.67,3.92,2.42
D1,2021-05-22,Wolfsburg,Mainz,1779.01,1655.4,4.0,7.0,2.0,8.0,2.0,3.0,A,0.0,1.0,A,16.0,14.0,5.0,8.0,12.0,19.0,7.0,7.0,3.0,3.0,0.0,0.0,1.66,4.3,4.81
D1,2021-08-13,MGladbach,Bayern Munich,1748.46,1993.57,3.0,6.0,7.0,10.0,1.0,1.0,D,1.0,1.0,D,11.0,20.0,5.0,10.0,7.0,4.0,3.0,8.0,2.0,0.0,0.0,0.0,4.54,4.32,1.7
D1,2021-08-14,Augsburg,Hoffenheim,1595.59,1691.55,3.0,3.0,7.0,11.0,0.0,4.0,A,0.0,1.0,A,7.0,15.0,0.0,8.0,8.0,9.0,6.0,5.0,1.0,2.0,0.0,0.0,3.19,3.68,2.17
D1,2021-08-14,Bielefeld,Freiburg,1606.24,1676.97,5.0,8.0,4.0,5.0,0.0,0.0,D,0.0,0.0,D,10.0,14.0,4.0,6.0,13.0,10.0,4.0,9.0,3.0,4.0,0.0,0.0,2.92,3.27,2.52
D1,2021-08-14,Stuttgart,Greuther Furth,1644.2,1555.51,6.0,6.0,7.0,10.0,5.0,1.0,H,2.0,0.0,H,30.0,8.0,15.0,4.0,11.0,8.0,9.0,2.0,0.0,1.0,0.0,0.0,1.86,3.9,3.98
D1,2021-08-14,Union Berlin,Leverkusen,1685.0,1734.74,4.0,7.0,2.0,5.0,1.0,1.0,D,1.0,1.0,D,8.0,16.0,5.0,4.0,13.0,5.0,1.0,6.0,0.0,1.0,0.0,0.0,2.79,3.36,2.57
D1,2021-08-14,Wolfsburg,Bochum,1769.32,1563.64,4.0,7.0,7.0,10.0,1.0,0.0,H,1.0,0.0,H,21.0,7.0,9.0,1.0,9.0,7.0,5.0,2.0,0.0,2.0,0.0,1.0,1.57,4.37,5.63
D1,2021-08-14,Dortmund,Ein Frankfurt,1843.86,1760.57,9.0,15.0,4.0,7.0,5.0,2.0,H,3.0,1.0,H,12.0,12.0,7.0,3.0,5.0,14.0,7.0,3.0,0.0,0.0,0.0,0.0,1.44,5.17,6.49
D1,2021-08-15,Mainz,RB Leipzig,1661.16,1817.06,4.0,8.0,1.0,4.0,1.0,0.0,H,1.0,0.0,H,7.0,15.0,2.0,2.0,10.0,8.0,5.0,11.0,1.0,2.0,0.0,0.0,8.07,5.44,1.35
D1,2021-08-15,FC Koln,Hertha,1596.57,1637.68,4.0,10.0,4.0,8.0,3.0,1.0,H,1.0,1.0,D,15.0,11.0,5.0,5.0,18.0,14.0,4.0,5.0,4.0,2.0,0.0,0.0,2.57,3.34,2.8
D1,2021-08-20,RB Leipzig,Stuttgart,1817.06,1653.51,1.0,4.0,6.0,9.0,4.0,0.0,H,1.0,0.0,H,26.0,11.0,11.0,5.0,10.0,11.0,6.0,2.0,0.0,3.0,0.0,0.0,1.42,4.98,7.24
D1,2021-08-21,Bochum,Mainz,1561.02,1661.16,4.0,7.0,6.0,8.0,2.0,0.0,H,1.0,0.0,H,9.0,16.0,5.0,3.0,15.0,19.0,2.0,7.0,4.0,3.0,0.0,0.0,2.66,3.51,2.6
D1,2021-08-21,Ein Frankfurt,Augsburg,1752.49,1582.18,3.0,4.0,3.0,3.0,0.0,0.0,D,0.0,0.0,D,20.0,4.0,5.0,0.0,8.0,10.0,6.0,1.0,3.0,3.0,0.0,0.0,1.61,4.38,5.1
D1,2021-08-21,Freiburg,Dortmund,1676.26,1851.93,2.0,5.0,9.0,15.0,2.0,1.0,H,1.0,0.0,H,8.0,19.0,4.0,2.0,14.0,14.0,0.0,10.0,1.0,4.0,0.0,0.0,5.5,4.59,1.55
D1,2021-08-21,Greuther Furth,Bielefeld,1546.2,1606.96,6.0,10.0,5.0,6.0,1.0,1.0,D,0.0,1.0,A,20.0,9.0,5.0,2.0,12.0,15.0,5.0,0.0,4.0,2.0,0.0,1.0,2.57,3.39,2.77
D1,2021-08-21,Hertha,Wolfsburg,1637.68,1771.95,1.0,5.0,4.0,7.0,1.0,2.0,A,0.0,0.0,D,12.0,12.0,4.0,3.0,12.0,21.0,4.0,4.0,1.0,2.0,0.0,0.0,3.06,3.44,2.33
D1,2021-08-21,Leverkusen,MGladbach,1734.63,1753.66,2.0,6.0,4.0,7.0,4.0,0.0,H,2.0,0.0,H,13.0,11.0,6.0,6.0,9.0,11.0,7.0,3.0,4.0,2.0,0.0,0.0,2.32,3.62,2.95
D1,2021-08-22,Hoffenheim,Union Berlin,1704.97,1685.11,7.0,11.0,5.0,8.0,2.0,2.0,D,2.0,1.0,H,7.0,11.0,3.0,8.0,8.0,11.0,6.0,5.0,1.0,3.0,0.0,1.0,2.06,3.58,3.58
D1,2021-08-22,Bayern Munich,FC Koln,1988.37,1596.57,5.0,8.0,7.0,10.0,3.0,2.0,H,0.0,0.0,D,18.0,10.0,6.0,3.0,14.0,10.0,3.0,4.0,1.0,1.0,0.0,0.0,1.13,9.35,19.76
D1,2021-08-27,Dortmund,Hoffenheim,1851.93,1704.97,6.0,12.0,7.0,11.0,3.0,2.0,H,0.0,0.0,D,23.0,9.0,13.0,5.0,9.0,12.0,4.0,7.0,2.0,3.0,0.0,0.0,1.44,5.23,6.51
D1,2021-08-28,Augsburg,Leverkusen,1582.18,1734.63,1.0,4.0,4.0,6.0,1.0,4.0,A,1.0,2.0,A,13.0,13.0,4.0,5.0,12.0,10.0,4.0,4.0,0.0,1.0,0.0,0.0,4.75,3.87,1.74
D1,2021-08-28,Bielefeld,Ein Frankfurt,1606.96,1752.49,5.0,7.0,4.0,5.0,1.0,1.0,D,0.0,1.0,A,14.0,12.0,5.0,3.0,13.0,17.0,4.0,4.0,0.0,3.0,0.0,0.0,3.41,3.63,2.11
D1,2021-08-28,FC Koln,Bochum,1596.57,1561.02,6.0,7.0,6.0,10.0,2.0,1.0,H,0.0,0.0,D,21.0,10.0,5.0,1.0,11.0,21.0,5.0,5.0,2.0,1.0,0.0,0.0,1.88,3.73,4.11
D1,2021-08-28,Mainz,Greuther Furth,1661.16,1546.2,6.0,7.0,4.0,8.0,3.0,0.0,H,2.0,0.0,H,17.0,8.0,9.0,1.0,21.0,14.0,7.0,4.0,2.0,2.0,0.0,0.0,1.71,3.97,4.9
D1,2021-08-28,Stuttgart,Freiburg,1653.51,1676.26,3.0,9.0,4.0,8.0,2.0,3.0,A,2.0,3.0,A,17.0,14.0,7.0,7.0,10.0,14.0,8.0,5.0,2.0,1.0,0.0,0.0,2.23,3.53,3.22
D1,2021-08-28,Bayern Munich,Hertha,1988.37,1637.68,7.0,11.0,0.0,4.0,5.0,0.0,H,2.0,0.0,H,17.0,8.0,6.0,3.0,4.0,5.0,8.0,3.0,0.0,0.0,0.0,0.0,1.18,7.96,14.67
D1,2021-08-29,Union Berlin,MGladbach,1685.11,1753.66,5.0,6.0,4.0,4.0,2.0,1.0,H,2.0,0.0,H,12.0,18.0,4.0,5.0,15.0,6.0,4.0,8.0,2.0,0.0,0.0,0.0,2.58,3.3,2.82
D1,2021-08-29,Wolfsburg,RB Leipzig,1771.95,1817.06,6.0,10.0,3.0,4.0,1.0,0.0,H,0.0,0.0,D,8.0,12.0,2.0,2.0,13.0,18.0,7.0,7.0,4.0,2.0,0.0,0.0,3.46,3.55,2.11
D1,2021-09-11,Freiburg,FC Koln,1696.18,1613.18,7.0,8.0,6.0,10.0,1.0,1.0,D,0.0,1.0,A,10.0,15.0,3.0,5.0,14.0,12.0,4.0,2.0,1.0,3.0,0.0,1.0,2.14,3.7,3.25
D1,2021-09-11,Greuther Furth,Wolfsburg,1539.86,1785.54,1.0,7.0,9.0,10.0,0.0,2.0,A,0.0,1.0,A,7.0,10.0,3.0,4.0,17.0,15.0,3.0,5.0,2.0,3.0,0.0,0.0,5.52,4.29,1.59
D1,2021-09-11,Hoffenheim,Mainz,1699.96,1666.32,4.0,8.0,6.0,9.0,0.0,2.0,A,0.0,1.0,A,12.0,11.0,0.0,4.0,15.0,16.0,4.0,5.0,2.0,1.0,0.0,0.0,2.03,3.8,3.46
D1,2021-09-11,Leverkusen,Dortmund,1758.31,1844.78,7.0,8.0,6.0,12.0,3.0,4.0,A,2.0,1.0,H,11.0,15.0,5.0,7.0,10.0,11.0,4.0,3.0,4.0,3.0,0.0,0.0,3.11,3.84,2.17
D1,2021-09-11,Union Berlin,Augsburg,1697.08,1579.3,5.0,9.0,1.0,4.0,0.0,0.0,D,0.0,0.0,D,15.0,13.0,6.0,6.0,10.0,12.0,6.0,4.0,1.0,2.0,0.0,0.0,1.73,3.94,4.69
D1,2021-09-11,RB Leipzig,Bayern Munich,1805.98,1992.09,3.0,4.0,7.0,11.0,1.0,4.0,A,0.0,1.0,A,10.0,18.0,4.0,6.0,9.0,13.0,2.0,6.0,0.0,0.0,0.0,0.0,2.99,3.87,2.22
D1,2021-09-12,Ein Frankfurt,Stuttgart,1744.88,1638.95,2.0,5.0,3.0,6.0,1.0,1.0,D,0.0,0.0,D,18.0,9.0,5.0,3.0,13.0,12.0,6.0,6.0,1.0,4.0,0.0,1.0,2.05,3.76,3.44
D1,2021-09-12,Bochum,Hertha,1569.21,1619.2,3.0,7.0,0.0,1.0,1.0,3.0,A,0.0,2.0,A,19.0,5.0,5.0,4.0,9.0,17.0,7.0,2.0,0.0,3.0,0.0,0.0,2.78,3.35,2.58
D1,2021-09-12,MGladbach,Bielefeld,1732.02,1609.67,1.0,4.0,3.0,7.0,3.0,1.0,H,1.0,1.0,D,17.0,18.0,4.0,7.0,10.0,18.0,3.0,4.0,1.0,1.0,0.0,0.0,1.46,4.68,6.86
D1,2021-09-17,Hertha,Greuther Furth,1635.09,1539.47,3.0,3.0,1.0,4.0,2.0,1.0,H,0.0,0.0,D,15.0,10.0,3.0,3.0,12.0,13.0,9.0,4.0,1.0,2.0,0.0,0.0,1.81,3.75,4.51
D1,2021-09-18,Augsburg,MGladbach,1588.48,1742.26,2.0,2.0,3.0,7.0,1.0,0.0,H,0.0,0.0,D,8.0,11.0,1.0,1.0,13.0,9.0,2.0,6.0,1.0,2.0,0.0,0.0,4.1,3.9,1.84
D1,2021-09-18,Bayern Munich,Bochum,2017.75,1562.56,9.0,13.0,3.0,6.0,7.0,0.0,H,4.0,0.0,H,22.0,5.0,15.0,1.0,5.0,9.0,2.0,2.0,1.0,1.0,0.0,0.0,1.07,13.19,31.99
D1,2021-09-18,Bielefeld,Hoffenheim,1608.66,1690.07,2.0,6.0,1.0,7.0,0.0,0.0,D,0.0,0.0,D,9.0,16.0,2.0,3.0,16.0,3.0,5.0,6.0,2.0,1.0,0.0,0.0,3.55,3.57,2.08
D1,2021-09-18,Mainz,Freiburg,1685.46,1697.06,6.0,12.0,7.0,8.0,0.0,0.0,D,0.0,0.0,D,10.0,7.0,3.0,2.0,18.0,16.0,4.0,4.0,2.0,1.0,0.0,0.0,2.07,3.58,3.53
D1,2021-09-18,FC Koln,RB Leipzig,1621.53,1802.54,4.0,10.0,3.0,3.0,1.0,1.0,D,0.0,0.0,D,14.0,18.0,6.0,9.0,12.0,6.0,4.0,10.0,3.0,1.0,0.0,0.0,4.37,3.95,1.78
D1,2021-09-19,Stuttgart,Leverkusen,1647.79,1755.94,1.0,4.0,6.0,7.0,1.0,3.0,A,1.0,2.0,A,18.0,7.0,8.0,4.0,11.0,11.0,2.0,6.0,2.0,3.0,0.0,1.0,3.18,3.73,2.16
D1,2021-09-19,Dortmund,Union Berlin,1856.39,1697.13,6.0,12.0,5.0,9.0,4.0,2.0,H,2.0,0.0,H,13.0,9.0,4.0,6.0,10.0,12.0,3.0,6.0,2.0,3.0,0.0,0.0,1.37,5.25,8.07
D1,2021-09-19,Wolfsburg,Ein Frankfurt,1795.23,1745.28,9.0,12.0,3.0,6.0,1.0,1.0,D,0.0,1.0,A,15.0,6.0,6.0,2.0,14.0,18.0,7.0,4.0,2.0,6.0,0.0,0.0,1.84,3.77,4.23
D1,2021-09-24,Greuther Furth,Bayern Munich,1539.47,2017.75,0.0,1.0,9.0,13.0,1.0,3.0,A,0.0,2.0,A,11.0,12.0,6.0,4.0,18.0,13.0,6.0,3.0,4.0,1.0,0.0,1.0,22.54,12.09,1.1
D1,2021-09-25,Ein Frankfurt,FC Koln,1745.28,1621.53,3.0,4.0,5.0,8.0,1.0,1.0,D,1.0,1.0,D,10.0,15.0,3.0,2.0,11.0,19.0,7.0,6.0,2.0,3.0,0.0,0.0,2.04,3.8,3.46
D1,2021-09-25,Hoffenheim,Wolfsburg,1690.07,1795.23,1.0,5.0,7.0,13.0,3.0,1.0,H,1.0,1.0,D,11.0,13.0,3.0,2.0,13.0,9.0,5.0,2.0,2.0,2.0,0.0,0.0,2.84,3.48,2.48
D1,2021-09-25,Leverkusen,Mainz,1755.94,1685.46,6.0,10.0,7.0,10.0,1.0,0.0,H,0.0,0.0,D,16.0,14.0,9.0,5.0,11.0,12.0,6.0,3.0,4.0,3.0,0.0,0.0,1.75,4.0,4.46
D1,2021-09-25,RB Leipzig,Hertha,1802.54,1635.09,1.0,4.0,6.0,6.0,6.0,0.0,H,3.0,0.0,H,18.0,5.0,11.0,3.0,8.0,19.0,2.0,1.0,1.0,3.0,0.0,0.0,1.35,5.27,8.85
D1,2021-09-25,Union Berlin,Bielefeld,1697.13,1608.66,4.0,6.0,2.0,4.0,1.0,0.0,H,0.0,0.0,D,17.0,9.0,4.0,2.0,9.0,5.0,5.0,4.0,1.0,0.0,0.0,0.0,1.72,3.73,5.13
D1,2021-09-25,MGladbach,Dortmund,1742.26,1856.39,3.0,4.0,9.0,12.0,1.0,0.0,H,1.0,0.0,H,14.0,8.0,3.0,0.0,17.0,15.0,5.0,1.0,4.0,4.0,0.0,1.0,4.09,4.26,1.77
D1,2021-09-26,Bochum,Stuttgart,1562.56,1647.79,0.0,3.0,1.0,4.0,0.0,0.0,D,0.0,0.0,D,14.0,8.0,4.0,3.0,15.0,12.0,7.0,2.0,2.0,5.0,0.0,0.0,3.03,3.53,2.32
D1,2021-09-26,Freiburg,Augsburg,1697.06,1588.48,5.0,9.0,4.0,5.0,3.0,0.0,H,3.0,0.0,H,19.0,8.0,9.0,2.0,11.0,13.0,6.0,3.0,0.0,1.0,0.0,0.0,1.9,3.55,4.25
D1,2021-10-01,FC Koln,Greuther Furth,1627.47,1531.84,3.0,6.0,0.0,1.0,3.0,1.0,H,0.0,1.0,A,18.0,7.0,8.0,3.0,16.0,18.0,8.0,1.0,1.0,1.0,0.0,0.0,1.46,4.83,6.76
D1,2021-10-02,Dortmund,Augsburg,1855.14,1589.29,6.0,9.0,4.0,5.0,2.0,1.0,H,1.0,1.0,D,17.0,5.0,3.0,3.0,9.0,16.0,7.0,3.0,1.0,3.0,0.0,0.0,1.23,6.62,12.16
D1,2021-10-02,Hertha,Freiburg,1629.22,1704.03,6.0,6.0,5.0,11.0,1.0,2.0,A,0.0,1.0,A,12.0,9.0,3.0,4.0,17.0,15.0,4.0,9.0,3.0,0.0,0.0,0.0,2.88,3.35,2.51
D1,2021-10-02,Stuttgart,Hoffenheim,1636.04,1700.41,2.0,2.0,4.0,5.0,3.0,1.0,H,1.0,0.0,H,12.0,13.0,6.0,4.0,14.0,12.0,9.0,4.0,0.0,1.0,0.0,0.0,2.66,3.83,2.46
D1,2021-10-02,Wolfsburg,MGladbach,1777.27,1739.55,4.0,10.0,6.0,6.0,1.0,3.0,A,1.0,2.0,A,10.0,19.0,5.0,11.0,17.0,10.0,4.0,6.0,7.0,3.0,1.0,0.0,2.18,3.52,3.31
D1,2021-10-02,RB Leipzig,Bochum,1787.7,1559.88,4.0,7.0,1.0,4.0,3.0,0.0,H,0.0,0.0,D,15.0,9.0,9.0,2.0,10.0,16.0,2.0,3.0,1.0,1.0,0.0,0.0,1.22,6.84,13.05
D1,2021-10-03,Mainz,Union Berlin,1677.54,1690.57,4.0,7.0,4.0,8.0,1.0,2.0,A,1.0,0.0,H,11.0,15.0,4.0,3.0,15.0,6.0,2.0,5.0,2.0,4.0,1.0,0.0,2.09,3.35,3.71
D1,2021-10-03,Bayern Munich,Ein Frankfurt,2020.85,1740.18,9.0,15.0,3.0,5.0,1.0,2.0,A,1.0,1.0,D,21.0,5.0,11.0,3.0,6.0,8.0,10.0,1.0,2.0,1.0,0.0,0.0,1.17,8.35,14.57
D1,2021-10-03,Bielefeld,Leverkusen,1602.4,1778.29,1.0,3.0,6.0,12.0,0.0,4.0,A,0.0,2.0,A,10.0,19.0,3.0,7.0,13.0,7.0,2.0,4.0,4.0,1.0,0.0,0.0,5.05,3.95,1.69
D1,2021-10-15,Hoffenheim,FC Koln,1688.84,1633.79,4.0,4.0,5.0,9.0,5.0,0.0,H,1.0,0.0,H,14.0,10.0,8.0,0.0,13.0,7.0,3.0,3.0,1.0,1.0,0.0,0.0,2.08,3.81,3.32
D1,2021-10-16,Dortmund,Mainz,1856.99,1668.52,6.0,12.0,1.0,7.0,3.0,1.0,H,1.0,0.0,H,11.0,5.0,5.0,2.0,7.0,12.0,6.0,2.0,2.0,4.0,0.0,0.0,1.42,4.94,7.19
D1,2021-10-16,Ein Frankfurt,Hertha,1755.27,1621.83,5.0,7.0,3.0,6.0,1.0,2.0,A,0.0,1.0,A,13.0,12.0,5.0,6.0,17.0,16.0,7.0,4.0,1.0,2.0,0.0,0.0,1.75,3.86,4.67
D1,2021-10-16,Freiburg,RB Leipzig,1711.41,1791.65,7.0,11.0,7.0,7.0,1.0,1.0,D,0.0,1.0,A,15.0,13.0,2.0,4.0,10.0,17.0,8.0,5.0,0.0,4.0,0.0,0.0,3.94,3.76,1.9
D1,2021-10-16,Greuther Furth,Bochum,1525.52,1555.93,0.0,0.0,1.0,1.0,0.0,1.0,A,0.0,0.0,D,12.0,9.0,3.0,2.0,16.0,16.0,4.0,3.0,2.0,4.0,0.0,0.0,2.43,3.44,2.9
D1,2021-10-16,Union Berlin,Wolfsburg,1699.59,1762.73,6.0,10.0,1.0,7.0,2.0,0.0,H,0.0,0.0,D,6.0,13.0,3.0,4.0,7.0,16.0,3.0,3.0,3.0,1.0,0.0,0.0,2.73,3.19,2.73
D1,2021-10-16,MGladbach,Stuttgart,1754.1,1647.61,6.0,9.0,4.0,5.0,1.0,1.0,D,1.0,1.0,D,31.0,5.0,8.0,2.0,14.0,21.0,9.0,1.0,3.0,3.0,0.0,0.0,1.52,4.65,5.75
D1,2021-10-17,Leverkusen,Bayern Munich,1788.03,2005.76,9.0,12.0,6.0,12.0,1.0,5.0,A,0.0,5.0,A,7.0,27.0,4.0,11.0,9.0,9.0,4.0,7.0,0.0,0.0,0.0,0.0,4.88,4.57,1.61
D1,2021-10-17,Augsburg,Bielefeld,1587.44,1592.66,3.0,4.0,1.0,2.0,1.0,1.0,D,1.0,0.0,H,14.0,10.0,6.0,3.0,8.0,15.0,9.0,5.0,3.0,1.0,0.0,0.0,2.3,3.21,3.32
D1,2021-10-22,Mainz,Augsburg,1668.52,1587.44,0.0,4.0,1.0,5.0,4.0,1.0,H,3.0,0.0,H,19.0,6.0,8.0,2.0,9.0,11.0,6.0,2.0,1.0,3.0,0.0,0.0,1.66,3.79,5.64
D1,2021-10-23,Bayern Munich,Hoffenheim,2005.76,1688.84,6.0,12.0,6.0,7.0,4.0,0.0,H,2.0,0.0,H,15.0,9.0,7.0,2.0,4.0,18.0,4.0,2.0,0.0,4.0,0.0,0.0,1.17,8.31,14.03
D1,2021-10-23,Bielefeld,Dortmund,1592.66,1856.99,1.0,2.0,6.0,12.0,1.0,3.0,A,0.0,2.0,A,13.0,14.0,6.0,7.0,13.0,9.0,7.0,2.0,1.0,0.0,0.0,0.0,6.35,4.5,1.5
D1,2021-10-23,RB Leipzig,Greuther Furth,1791.65,1525.52,7.0,8.0,0.0,0.0,4.0,1.0,H,0.0,1.0,A,13.0,8.0,5.0,4.0,15.0,12.0,3.0,4.0,2.0,0.0,0.0,0.0,1.14,8.8,19.29
D1,2021-10-23,Wolfsburg,Freiburg,1762.73,1711.41,0.0,4.0,7.0,9.0,0.0,2.0,A,0.0,1.0,A,17.0,11.0,4.0,4.0,17.0,15.0,7.0,1.0,3.0,0.0,0.0,0.0,2.18,3.3,3.52
D1,2021-10-23,Hertha,MGladbach,1621.83,1754.1,3.0,9.0,7.0,10.0,1.0,0.0,H,1.0,0.0,H,10.0,10.0,4.0,1.0,11.0,21.0,2.0,6.0,2.0,2.0,0.0,0.0,3.72,3.63,1.99
D1,2021-10-24,FC Koln,Leverkusen,1633.79,1788.03,4.0,6.0,6.0,9.0,2.0,2.0,D,0.0,2.0,A,17.0,9.0,5.0,6.0,10.0,15.0,6.0,6.0,1.0,3.0,0.0,0.0,3.2,3.89,2.09
D1,2021-10-24,Stuttgart,Union Berlin,1647.61,1699.59,5.0,6.0,9.0,10.0,1.0,1.0,D,0.0,1.0,A,8.0,11.0,2.0,3.0,16.0,13.0,1.0,2.0,3.0,1.0,1.0,0.0,2.48,3.45,2.82
D1,2021-10-24,Bochum,Ein Frankfurt,1555.93,1755.27,4.0,4.0,4.0,6.0,2.0,0.0,H,1.0,0.0,H,19.0,14.0,7.0,6.0,9.0,11.0,4.0,7.0,0.0,2.0,0.0,0.0,3.13,3.54,2.24
D1,2021-10-29,Hoffenheim,Hertha,1688.84,1621.83,3.0,7.0,6.0,9.0,2.0,0.0,H,2.0,0.0,H,14.0,5.0,3.0,2.0,15.0,9.0,9.0,4.0,2.0,1.0,0.0,1.0,1.72,3.96,4.74
D1,2021-10-30,Bielefeld,Mainz,1592.66,1668.52,1.0,2.0,3.0,4.0,1.0,2.0,A,1.0,1.0,D,15.0,16.0,7.0,6.0,16.0,9.0,6.0,6.0,2.0,3.0,0.0,0.0,3.67,3.35,2.1
D1,2021-10-30,Dortmund,FC Koln,1856.99,1633.79,9.0,12.0,4.0,6.0,2.0,0.0,H,1.0,0.0,H,7.0,19.0,4.0,6.0,10.0,11.0,4.0,3.0,2.0,3.0,0.0,0.0,1.48,4.87,5.94
D1,2021-10-30,Freiburg,Greuther Furth,1711.41,1525.52,7.0,11.0,0.0,0.0,3.0,1.0,H,2.0,0.0,H,12.0,8.0,5.0,4.0,10.0,13.0,5.0,2.0,0.0,2.0,0.0,0.0,1.39,4.94,7.83
D1,2021-10-30,Leverkusen,Wolfsburg,1788.03,1762.73,4.0,10.0,0.0,1.0,0.0,2.0,A,0.0,0.0,D,12.0,13.0,1.0,8.0,11.0,15.0,10.0,2.0,3.0,2.0,0.0,1.0,1.95,3.62,3.88
D1,2021-10-30,Union Berlin,Bayern Munich,1699.59,2005.76,7.0,10.0,6.0,12.0,2.0,5.0,A,1.0,3.0,A,9.0,14.0,6.0,6.0,9.0,7.0,6.0,1.0,1.0,1.0,0.0,0.0,8.73,5.69,1.32
D1,2021-10-30,Ein Frankfurt,RB Leipzig,1755.27,1791.65,3.0,5.0,7.0,11.0,1.0,1.0,D,0.0,1.0,A,12.0,15.0,3.0,7.0,11.0,9.0,5.0,5.0,1.0,1.0,0.0,0.0,4.01,4.03,1.82
D1,2021-10-31,Augsburg,Stuttgart,1587.44,1647.61,1.0,4.0,5.0,6.0,4.0,1.0,H,1.0,1.0,D,20.0,12.0,12.0,3.0,15.0,12.0,7.0,5.0,3.0,4.0,0.0,0.0,2.94,3.26,2.49
D1,2021-10-31,MGladbach,Bochum,1754.1,1555.93,4.0,7.0,6.0,7.0,2.0,1.0,H,2.0,0.0,H,14.0,11.0,5.0,4.0,7.0,15.0,9.0,1.0,1.0,1.0,0.0,0.0,1.36,5.12,8.37
D1,2021-11-05,Mainz,MGladbach,1674.43,1737.23,6.0,6.0,4.0,10.0,1.0,1.0,D,0.0,1.0,A,19.0,11.0,8.0,5.0,15.0,8.0,9.0,1.0,3.0,3.0,0.0,0.0,2.68,3.52,2.59
D1,2021-11-06,Bayern Munich,Freiburg,2022.18,1723.93,9.0,12.0,7.0,13.0,2.0,1.0,H,1.0,0.0,H,29.0,14.0,11.0,4.0,5.0,13.0,6.0,4.0,0.0,0.0,0.0,0.0,1.18,7.94,14.45
D1,2021-11-06,Bochum,Hoffenheim,1570.76,1699.42,6.0,7.0,6.0,9.0,2.0,0.0,H,0.0,0.0,D,14.0,9.0,4.0,1.0,7.0,20.0,2.0,4.0,1.0,5.0,0.0,0.0,3.66,3.79,1.97
D1,2021-11-06,Stuttgart,Bielefeld,1630.64,1575.55,2.0,6.0,1.0,1.0,0.0,1.0,A,0.0,1.0,A,9.0,15.0,4.0,2.0,11.0,11.0,8.0,4.0,0.0,3.0,0.0,0.0,1.89,3.64,4.16
D1,2021-11-06,Wolfsburg,Augsburg,1737.73,1586.12,3.0,3.0,4.0,4.0,1.0,0.0,H,1.0,0.0,H,9.0,13.0,4.0,3.0,14.0,13.0,0.0,8.0,2.0,3.0,0.0,0.0,1.54,4.24,6.25
D1,2021-11-06,RB Leipzig,Dortmund,1783.77,1849.65,5.0,11.0,9.0,12.0,2.0,1.0,H,1.0,0.0,H,15.0,9.0,7.0,3.0,12.0,18.0,5.0,6.0,3.0,5.0,0.0,0.0,1.99,3.81,3.58
D1,2021-11-07,Hertha,Leverkusen,1630.07,1757.36,6.0,6.0,1.0,7.0,1.0,1.0,D,1.0,0.0,H,15.0,8.0,5.0,3.0,13.0,13.0,5.0,6.0,1.0,3.0,0.0,0.0,3.53,3.59,2.06
D1,2021-11-07,FC Koln,Union Berlin,1615.58,1690.24,1.0,5.0,4.0,10.0,2.0,2.0,D,1.0,2.0,A,16.0,9.0,5.0,3.0,8.0,19.0,5.0,2.0,2.0,2.0,0.0,0.0,2.11,3.55,3.44
D1,2021-11-07,Greuther Furth,Ein Frankfurt,1504.22,1728.52,0.0,0.0,1.0,5.0,1.0,2.0,A,0.0,0.0,D,20.0,14.0,2.0,4.0,12.0,17.0,6.0,3.0,4.0,1.0,0.0,0.0,3.72,3.76,1.96
D1,2021-11-19,Augsburg,Bayern Munich,1586.23,2030.24,3.0,4.0,9.0,12.0,2.0,1.0,H,2.0,1.0,H,6.0,18.0,3.0,4.0,18.0,9.0,1.0,10.0,2.0,1.0,0.0,0.0,14.62,7.65,1.19
D1,2021-11-20,Bielefeld,Wolfsburg,1589.77,1751.92,3.0,4.0,6.0,6.0,2.0,2.0,D,1.0,0.0,H,10.0,13.0,3.0,5.0,15.0,9.0,6.0,5.0,4.0,1.0,0.0,0.0,4.02,3.47,1.97
D1,2021-11-20,Dortmund,Stuttgart,1832.06,1623.37,6.0,12.0,1.0,5.0,2.0,1.0,H,0.0,0.0,D,20.0,12.0,4.0,4.0,11.0,14.0,2.0,3.0,0.0,2.0,0.0,0.0,1.35,5.44,8.55
D1,2021-11-20,Hoffenheim,RB Leipzig,1688.69,1796.97,3.0,6.0,7.0,11.0,2.0,0.0,H,1.0,0.0,H,24.0,4.0,8.0,0.0,17.0,18.0,7.0,2.0,2.0,2.0,0.0,0.0,4.04,4.2,1.79
D1,2021-11-20,Leverkusen,Bochum,1770.51,1588.44,2.0,5.0,6.0,9.0,1.0,0.0,H,1.0,0.0,H,11.0,19.0,5.0,7.0,10.0,13.0,7.0,7.0,3.0,2.0,0.0,0.0,1.4,5.04,7.77
D1,2021-11-20,MGladbach,Greuther Furth,1740.3,1504.06,4.0,8.0,0.0,0.0,4.0,0.0,H,3.0,0.0,H,19.0,4.0,11.0,2.0,11.0,13.0,7.0,7.0,1.0,3.0,0.0,0.0,1.31,5.56,9.98
D1,2021-11-20,Union Berlin,Hertha,1683.13,1636.11,2.0,8.0,4.0,7.0,2.0,0.0,H,2.0,0.0,H,16.0,6.0,5.0,3.0,17.0,13.0,7.0,6.0,1.0,1.0,0.0,0.0,2.0,3.44,3.97
D1,2021-11-21,Freiburg,Ein Frankfurt,1725.88,1744.75,6.0,10.0,4.0,7.0,0.0,2.0,A,0.0,2.0,A,20.0,13.0,6.0,7.0,10.0,16.0,10.0,4.0,0.0,4.0,0.0,0.0,2.02,3.6,3.63
D1,2021-11-21,Mainz,FC Koln,1678.32,1619.52,7.0,7.0,2.0,5.0,1.0,1.0,D,1.0,0.0,H,11.0,12.0,2.0,6.0,18.0,7.0,5.0,7.0,2.0,1.0,0.0,0.0,2.14,3.56,3.36
D1,2021-11-26,Stuttgart,Mainz,1623.37,1678.32,0.0,2.0,5.0,8.0,2.0,1.0,H,1.0,1.0,D,8.0,18.0,3.0,5.0,7.0,17.0,5.0,6.0,2.0,2.0,0.0,0.0,2.89,3.27,2.54
D1,2021-11-27,Bochum,Freiburg,1588.44,1725.88,3.0,9.0,3.0,7.0,2.0,1.0,H,0.0,0.0,D,13.0,22.0,5.0,11.0,12.0,13.0,4.0,7.0,2.0,1.0,0.0,0.0,3.26,3.28,2.3
D1,2021-11-27,FC Koln,MGladbach,1619.52,1740.3,2.0,3.0,7.0,8.0,4.0,1.0,H,0.0,0.0,D,15.0,15.0,9.0,5.0,15.0,11.0,4.0,4.0,1.0,3.0,0.0,0.0,2.84,3.6,2.4
D1,2021-11-27,Greuther Furth,Hoffenheim,1504.06,1688.69,0.0,0.0,6.0,9.0,3.0,6.0,A,1.0,2.0,A,14.0,20.0,7.0,11.0,17.0,17.0,4.0,10.0,1.0,0.0,0.0,0.0,4.8,4.3,1.65
D1,2021-11-27,Hertha,Augsburg,1636.11,1586.23,1.0,7.0,6.0,7.0,1.0,1.0,D,1.0,0.0,H,10.0,20.0,4.0,7.0,11.0,14.0,5.0,6.0,2.0,3.0,0.0,0.0,2.16,3.23,3.7
D1,2021-11-27,Wolfsburg,Dortmund,1751.92,1832.06,7.0,7.0,6.0,12.0,1.0,3.0,A,1.0,1.0,D,15.0,16.0,7.0,8.0,9.0,11.0,7.0,7.0,4.0,1.0,0.0,0.0,2.92,3.49,2.4
D1,2021-11-27,Bayern Munich,Bielefeld,2030.24,1589.77,6.0,12.0,4.0,5.0,1.0,0.0,H,0.0,0.0,D,23.0,8.0,9.0,0.0,8.0,13.0,13.0,4.0,1.0,1.0,0.0,0.0,1.09,11.5,28.43
D1,2021-11-28,Ein Frankfurt,Union Berlin,1744.75,1683.13,7.0,7.0,4.0,8.0,2.0,1.0,H,1.0,0.0,H,17.0,7.0,4.0,4.0,4.0,7.0,7.0,2.0,0.0,4.0,0.0,0.0,2.34,3.48,2.99
D1,2021-11-28,RB Leipzig,Leverkusen,1796.97,1770.51,4.0,8.0,4.0,5.0,1.0,3.0,A,0.0,2.0,A,14.0,11.0,3.0,4.0,10.0,9.0,7.0,2.0,1.0,3.0,0.0,0.0,1.83,3.96,4.03
D1,2021-12-03,Union Berlin,RB Leipzig,1689.55,1780.44,4.0,5.0,3.0,7.0,2.0,1.0,H,1.0,1.0,D,14.0,11.0,5.0,2.0,12.0,8.0,5.0,7.0,1.0,1.0,0.0,0.0,3.52,3.53,2.11
D1,2021-12-04,Augsburg,Bochum,1603.37,1594.17,4.0,7.0,6.0,9.0,2.0,3.0,A,0.0,3.0,A,16.0,12.0,7.0,6.0,9.0,6.0,13.0,6.0,0.0,2.0,0.0,0.0,2.35,3.33,3.14
D1,2021-12-04,Bielefeld,FC Koln,1590.81,1637.9,4.0,4.0,5.0,6.0,1.0,1.0,D,0.0,1.0,A,18.0,9.0,5.0,3.0,14.0,10.0,7.0,1.0,1.0,1.0,0.0,0.0,3.39,3.48,2.17
D1,2021-12-04,Hoffenheim,Ein Frankfurt,1707.96,1753.93,6.0,9.0,9.0,10.0,3.0,2.0,H,2.0,1.0,H,8.0,17.0,4.0,2.0,9.0,12.0,4.0,6.0,2.0,2.0,0.0,0.0,1.9,3.94,3.8
D1,2021-12-04,Leverkusen,Greuther Furth,1788.42,1490.91,7.0,8.0,0.0,0.0,7.0,1.0,H,3.0,1.0,H,13.0,8.0,8.0,3.0,13.0,8.0,4.0,3.0,0.0,1.0,0.0,0.0,1.24,6.68,11.59
D1,2021-12-04,Mainz,Wolfsburg,1665.8,1730.75,2.0,8.0,4.0,7.0,3.0,0.0,H,2.0,0.0,H,12.0,16.0,5.0,0.0,18.0,10.0,6.0,5.0,1.0,1.0,0.0,0.0,2.53,3.27,2.92
D1,2021-12-04,Dortmund,Bayern Munich,1831.57,2015.32,6.0,12.0,6.0,12.0,2.0,3.0,A,1.0,2.0,A,11.0,16.0,4.0,6.0,10.0,10.0,4.0,6.0,2.0,2.0,0.0,0.0,3.91,4.32,1.81
D1,2021-12-05,Stuttgart,Hertha,1627.6,1624.63,3.0,4.0,2.0,5.0,2.0,2.0,D,2.0,1.0,H,10.0,15.0,3.0,8.0,9.0,16.0,7.0,5.0,0.0,1.0,0.0,0.0,2.27,3.36,3.28
D1,2021-12-05,MGladbach,Freiburg,1726.64,1702.05,4.0,7.0,0.0,6.0,0.0,6.0,A,0.0,6.0,A,19.0,15.0,3.0,8.0,12.0,15.0,3.0,3.0,2.0,1.0,0.0,0.0,1.86,3.75,4.15
D1,2021-12-10,FC Koln,Augsburg,1637.9,1603.37,5.0,6.0,4.0,7.0,0.0,2.0,A,0.0,0.0,D,14.0,12.0,4.0,4.0,12.0,15.0,9.0,4.0,2.0,4.0,0.0,0.0,1.69,3.98,4.98
D1,2021-12-11,Bayern Munich,Mainz,2015.32,1665.8,6.0,12.0,4.0,8.0,2.0,1.0,H,0.0,1.0,A,21.0,9.0,7.0,4.0,9.0,10.0,7.0,2.0,3.0,3.0,0.0,0.0,1.23,7.04,11.59
D1,2021-12-11,Bochum,Dortmund,1594.17,1831.57,6.0,9.0,6.0,9.0,1.0,1.0,D,1.0,0.0,H,4.0,23.0,3.0,8.0,8.0,18.0,0.0,15.0,0.0,3.0,0.0,0.0,5.98,4.72,1.5
D1,2021-12-11,Freiburg,Hoffenheim,1702.05,1707.96,3.0,6.0,9.0,12.0,1.0,2.0,A,1.0,1.0,D,14.0,14.0,6.0,8.0,13.0,9.0,6.0,7.0,4.0,3.0,0.0,0.0,2.41,3.54,2.89
D1,2021-12-11,Hertha,Bielefeld,1624.63,1590.81,2.0,3.0,2.0,5.0,2.0,0.0,H,0.0,0.0,D,18.0,9.0,9.0,1.0,10.0,15.0,6.0,4.0,1.0,1.0,0.0,0.0,2.05,3.3,3.95
D1,2021-12-11,RB Leipzig,MGladbach,1780.44,1726.64,0.0,4.0,3.0,7.0,4.0,1.0,H,2.0,0.0,H,19.0,12.0,10.0,4.0,20.0,15.0,6.0,0.0,3.0,2.0,0.0,0.0,1.75,4.19,4.32
D1,2021-12-11,Wolfsburg,Stuttgart,1730.75,1627.6,1.0,7.0,4.0,4.0,0.0,2.0,A,0.0,1.0,A,19.0,12.0,3.0,3.0,17.0,9.0,5.0,3.0,2.0,2.0,0.0,0.0,1.85,3.68,4.32
D1,2021-12-12,Greuther Furth,Union Berlin,1490.91,1689.55,0.0,0.0,6.0,7.0,1.0,0.0,H,0.0,0.0,D,5.0,14.0,3.0,4.0,12.0,6.0,3.0,7.0,3.0,0.0,0.0,0.0,4.68,3.97,1.72
D1,2021-12-12,Ein Frankfurt,Leverkusen,1753.93,1788.42,6.0,10.0,9.0,10.0,5.0,2.0,H,2.0,2.0,D,15.0,11.0,7.0,4.0,11.0,11.0,7.0,4.0,0.0,3.0,0.0,0.0,3.25,3.76,2.12
D1,2021-12-14,Stuttgart,Bayern Munich,1627.6,2015.32,7.0,7.0,9.0,12.0,0.0,5.0,A,0.0,1.0,A,13.0,25.0,1.0,12.0,7.0,7.0,1.0,3.0,1.0,1.0,0.0,0.0,9.55,6.36,1.29
D1,2021-12-14,Bielefeld,Bochum,1590.81,1594.17,1.0,5.0,7.0,10.0,2.0,0.0,H,0.0,0.0,D,13.0,5.0,4.0,3.0,13.0,9.0,6.0,2.0,2.0,2.0,0.0,0.0,2.33,3.4,3.14
D1,2021-12-14,Mainz,Hertha,1665.8,1624.63,3.0,5.0,5.0,6.0,4.0,0.0,H,2.0,0.0,H,21.0,7.0,11.0,1.0,10.0,14.0,4.0,1.0,0.0,2.0,0.0,0.0,1.95,3.52,4.12
D1,2021-12-14,Wolfsburg,FC Koln,1730.75,1637.9,0.0,4.0,4.0,6.0,2.0,3.0,A,1.0,1.0,D,19.0,19.0,5.0,6.0,18.0,9.0,9.0,5.0,3.0,2.0,0.0,0.0,2.18,3.49,3.36
D1,2021-12-15,MGladbach,Ein Frankfurt,1689.19,1750.4,0.0,4.0,6.0,12.0,2.0,3.0,A,1.0,1.0,D,19.0,12.0,8.0,5.0,8.0,19.0,7.0,1.0,2.0,5.0,0.0,1.0,2.02,3.71,3.58
D1,2021-12-15,Augsburg,RB Leipzig,1603.87,1787.04,4.0,7.0,3.0,6.0,1.0,1.0,D,0.0,1.0,A,9.0,13.0,2.0,4.0,14.0,7.0,6.0,8.0,2.0,0.0,0.0,0.0,6.38,4.7,1.48
D1,2021-12-15,Dortmund,Greuther Furth,1819.99,1494.35,4.0,7.0,3.0,3.0,3.0,0.0,H,1.0,0.0,H,12.0,7.0,5.0,1.0,10.0,10.0,5.0,8.0,2.0,2.0,0.0,0.0,1.12,9.8,21.42
D1,2021-12-15,Leverkusen,Hoffenheim,1761.05,1720.65,6.0,10.0,9.0,12.0,2.0,2.0,D,1.0,0.0,H,17.0,14.0,9.0,6.0,12.0,4.0,6.0,3.0,5.0,3.0,1.0,0.0,1.85,4.08,3.88
D1,2021-12-15,Union Berlin,Freiburg,1679.03,1712.4,3.0,7.0,3.0,3.0,0.0,0.0,D,0.0,0.0,D,18.0,8.0,5.0,2.0,10.0,12.0,4.0,3.0,1.0,1.0,0.0,0.0,2.47,3.3,2.98
D1,2021-12-17,Bayern Munich,Wolfsburg,2024.19,1671.18,9.0,12.0,0.0,1.0,4.0,0.0,H,1.0,0.0,H,24.0,7.0,9.0,2.0,10.0,4.0,5.0,3.0,0.0,0.0,0.0,0.0,1.2,7.54,13.18
D1,2021-12-18,Bochum,Union Berlin,1593.36,1679.03,4.0,7.0,4.0,7.0,0.0,1.0,A,0.0,1.0,A,13.0,9.0,3.0,3.0,13.0,9.0,1.0,5.0,2.0,0.0,0.0,0.0,3.02,3.31,2.43
D1,2021-12-18,Ein Frankfurt,Mainz,1750.4,1685.31,6.0,12.0,6.0,7.0,1.0,0.0,H,1.0,0.0,H,13.0,11.0,4.0,5.0,11.0,9.0,8.0,6.0,0.0,1.0,0.0,0.0,2.33,3.51,3.03
D1,2021-12-18,Greuther Furth,Augsburg,1494.35,1603.87,3.0,3.0,4.0,8.0,0.0,0.0,D,0.0,0.0,D,4.0,14.0,1.0,5.0,8.0,13.0,6.0,5.0,2.0,3.0,0.0,0.0,2.93,3.47,2.41
D1,2021-12-18,Hoffenheim,MGladbach,1720.65,1689.19,7.0,13.0,0.0,3.0,1.0,1.0,D,0.0,1.0,A,21.0,11.0,8.0,5.0,6.0,9.0,15.0,3.0,2.0,2.0,0.0,0.0,2.04,3.97,3.31
D1,2021-12-18,RB Leipzig,Bielefeld,1787.04,1588.05,4.0,4.0,4.0,5.0,0.0,2.0,A,0.0,0.0,D,15.0,4.0,4.0,4.0,6.0,16.0,10.0,1.0,0.0,2.0,0.0,1.0,1.22,6.59,13.97
D1,2021-12-18,Hertha,Dortmund,1618.7,1819.99,4.0,5.0,4.0,10.0,3.0,2.0,H,0.0,1.0,A,14.0,9.0,5.0,3.0,4.0,19.0,1.0,5.0,0.0,1.0,0.0,0.0,5.21,4.39,1.6
D1,2021-12-19,Freiburg,Leverkusen,1712.4,1761.05,4.0,4.0,4.0,10.0,2.0,1.0,H,1.0,1.0,D,14.0,6.0,6.0,4.0,6.0,8.0,4.0,8.0,2.0,3.0,0.0,0.0,2.69,3.61,2.53
D1,2021-12-19,FC Koln,Stuttgart,1629.34,1633.62,4.0,8.0,4.0,7.0,1.0,0.0,H,0.0,0.0,D,8.0,6.0,2.0,2.0,17.0,13.0,2.0,1.0,3.0,1.0,0.0,0.0,1.97,3.88,3.57
D1,2022-01-07,Bayern Munich,MGladbach,2026.33,1684.31,9.0,15.0,1.0,1.0,1.0,2.0,A,1.0,2.0,A,19.0,9.0,8.0,3.0,18.0,11.0,6.0,6.0,0.0,1.0,0.0,0.0,1.36,5.85,7.39
D1,2022-01-08,Freiburg,Bielefeld,1720.85,1607.85,4.0,7.0,6.0,7.0,2.0,2.0,D,1.0,0.0,H,18.0,15.0,6.0,5.0,6.0,5.0,7.0,12.0,2.0,1.0,0.0,0.0,1.63,4.01,5.47
D1,2022-01-08,Greuther Furth,Stuttgart,1493.91,1627.04,4.0,4.0,3.0,7.0,0.0,0.0,D,0.0,0.0,D,10.0,18.0,3.0,3.0,8.0,12.0,1.0,5.0,0.0,1.0,0.0,0.0,3.65,3.64,2.01
D1,2022-01-08,Hoffenheim,Augsburg,1720.62,1605.69,5.0,11.0,5.0,6.0,3.0,1.0,H,2.0,1.0,H,12.0,9.0,5.0,4.0,17.0,8.0,2.0,4.0,1.0,0.0,0.0,0.0,1.57,4.4,5.49
D1,2022-01-08,Leverkusen,Union Berlin,1750.54,1685.72,1.0,7.0,4.0,7.0,2.0,2.0,D,1.0,1.0,D,17.0,17.0,8.0,7.0,8.0,11.0,11.0,5.0,1.0,2.0,0.0,0.0,1.84,3.77,4.2
D1,2022-01-08,RB Leipzig,Mainz,1763.75,1680.48,4.0,4.0,3.0,6.0,4.0,1.0,H,1.0,0.0,H,16.0,2.0,8.0,1.0,6.0,10.0,6.0,1.0,0.0,2.0,0.0,1.0,1.79,3.87,4.42
D1,2022-01-08,Ein Frankfurt,Dortmund,1762.87,1810.59,9.0,12.0,4.0,7.0,2.0,3.0,A,2.0,0.0,H,12.0,21.0,5.0,8.0,14.0,6.0,4.0,11.0,3.0,2.0,0.0,0.0,3.55,3.95,1.97
D1,2022-01-09,Hertha,FC Koln,1630.21,1635.93,6.0,8.0,6.0,10.0,1.0,3.0,A,0.0,2.0,A,10.0,14.0,5.0,8.0,9.0,16.0,10.0,4.0,3.0,1.0,0.0,0.0,2.75,3.48,2.52
D1,2022-01-09,Bochum,Wolfsburg,1586.01,1669.05,1.0,7.0,0.0,0.0,1.0,0.0,H,0.0,0.0,D,12.0,12.0,3.0,4.0,15.0,18.0,4.0,2.0,1.0,2.0,0.0,0.0,3.45,3.52,2.12
D1,2022-01-14,Dortmund,Freiburg,1810.59,1720.85,6.0,7.0,5.0,8.0,5.0,1.0,H,3.0,0.0,H,20.0,4.0,8.0,4.0,8.0,8.0,9.0,2.0,2.0,0.0,0.0,0.0,1.46,4.96,6.29
D1,2022-01-15,FC Koln,Bayern Munich,1649.02,2010.4,9.0,10.0,6.0,12.0,0.0,4.0,A,0.0,2.0,A,11.0,19.0,3.0,9.0,6.0,10.0,5.0,12.0,1.0,0.0,0.0,0.0,7.7,5.77,1.35
D1,2022-01-15,Mainz,Bochum,1672.35,1594.78,3.0,6.0,3.0,7.0,1.0,0.0,H,0.0,0.0,D,20.0,12.0,5.0,3.0,19.0,14.0,7.0,3.0,3.0,3.0,0.0,0.0,1.69,3.71,5.46
D1,2022-01-15,Stuttgart,RB Leipzig,1624.77,1771.88,1.0,5.0,4.0,7.0,0.0,2.0,A,0.0,1.0,A,16.0,7.0,10.0,3.0,12.0,13.0,5.0,1.0,3.0,1.0,0.0,0.0,5.4,4.36,1.58
D1,2022-01-15,Union Berlin,Hoffenheim,1688.99,1726.29,5.0,8.0,5.0,11.0,2.0,1.0,H,1.0,1.0,D,6.0,12.0,3.0,5.0,10.0,11.0,0.0,8.0,0.0,3.0,0.0,0.0,2.85,3.49,2.45
D1,2022-01-15,Wolfsburg,Hertha,1660.28,1617.11,0.0,0.0,3.0,7.0,0.0,0.0,D,0.0,0.0,D,7.0,6.0,3.0,2.0,12.0,12.0,3.0,2.0,1.0,1.0,0.0,0.0,1.98,3.52,3.88
D1,2022-01-15,MGladbach,Leverkusen,1700.24,1747.28,4.0,4.0,2.0,5.0,1.0,2.0,A,0.0,0.0,D,16.0,29.0,6.0,13.0,8.0,18.0,5.0,7.0,2.0,3.0,0.0,0.0,2.61,3.85,2.48
D1,2022-01-16,Augsburg,Ein Frankfurt,1600.02,1754.93,2.0,5.0,6.0,9.0,1.0,1.0,D,1.0,1.0,D,12.0,14.0,5.0,4.0,12.0,14.0,4.0,3.0,3.0,3.0,0.0,0.0,3.46,3.53,2.11
D1,2022-01-16,Bielefeld,Greuther Furth,1612.29,1496.18,7.0,8.0,2.0,5.0,2.0,2.0,D,1.0,1.0,D,13.0,6.0,5.0,3.0,16.0,6.0,3.0,5.0,4.0,1.0,0.0,0.0,1.98,3.46,3.96
D1,2022-01-21,Ein Frankfurt,Bielefeld,1754.93,1612.29,4.0,10.0,5.0,8.0,0.0,2.0,A,0.0,2.0,A,17.0,8.0,7.0,5.0,7.0,10.0,10.0,1.0,4.0,2.0,0.0,0.0,1.78,3.64,4.79
D1,2022-01-22,Freiburg,Stuttgart,1708.0,1624.77,4.0,5.0,1.0,4.0,2.0,0.0,H,1.0,0.0,H,16.0,7.0,4.0,1.0,12.0,7.0,6.0,3.0,1.0,1.0,0.0,0.0,1.97,3.5,3.96
D1,2022-01-22,Greuther Furth,Mainz,1496.18,1672.35,3.0,6.0,3.0,6.0,2.0,1.0,H,1.0,0.0,H,11.0,16.0,7.0,4.0,12.0,15.0,7.0,8.0,1.0,1.0,0.0,0.0,4.7,3.6,1.81
D1,2022-01-22,Hoffenheim,Dortmund,1726.29,1826.93,4.0,8.0,6.0,10.0,2.0,3.0,A,1.0,1.0,D,14.0,3.0,2.0,2.0,14.0,7.0,7.0,3.0,2.0,2.0,0.0,0.0,3.03,4.06,2.13
D1,2022-01-22,Leverkusen,Augsburg,1747.28,1600.02,4.0,5.0,2.0,6.0,5.0,1.0,H,2.0,0.0,H,22.0,14.0,12.0,5.0,8.0,7.0,9.0,5.0,1.0,2.0,0.0,0.0,1.44,4.65,7.26
D1,2022-01-22,MGladbach,Union Berlin,1700.24,1688.99,4.0,4.0,7.0,8.0,1.0,2.0,A,1.0,1.0,D,12.0,6.0,5.0,3.0,11.0,19.0,4.0,1.0,1.0,2.0,0.0,0.0,2.26,3.42,3.23
D1,2022-01-22,Bochum,FC Koln,1594.78,1649.02,3.0,4.0,6.0,9.0,2.0,2.0,D,1.0,2.0,A,17.0,7.0,7.0,3.0,11.0,12.0,1.0,5.0,0.0,3.0,0.0,0.0,3.26,3.44,2.24
D1,2022-01-23,RB Leipzig,Wolfsburg,1771.88,1660.28,6.0,10.0,1.0,1.0,2.0,0.0,H,0.0,0.0,D,12.0,9.0,4.0,3.0,17.0,16.0,4.0,3.0,5.0,1.0,0.0,0.0,1.53,4.31,6.26
D1,2022-01-23,Hertha,Bayern Munich,1617.11,2010.4,4.0,7.0,6.0,12.0,1.0,4.0,A,0.0,2.0,A,5.0,29.0,2.0,20.0,9.0,9.0,4.0,9.0,1.0,0.0,0.0,0.0,11.06,6.92,1.23
D1,2022-02-04,Hertha,Bochum,1617.19,1590.11,1.0,4.0,4.0,4.0,1.0,1.0,D,1.0,0.0,H,13.0,9.0,2.0,4.0,14.0,22.0,4.0,7.0,3.0,1.0,0.0,0.0,2.19,3.45,3.38
D1,2022-02-05,Augsburg,Union Berlin,1596.08,1705.78,1.0,3.0,7.0,11.0,2.0,0.0,H,1.0,0.0,H,14.0,14.0,9.0,4.0,8.0,16.0,4.0,6.0,0.0,2.0,0.0,0.0,2.78,3.31,2.62
D1,2022-02-05,Bielefeld,MGladbach,1626.14,1683.02,5.0,11.0,3.0,4.0,1.0,1.0,D,1.0,1.0,D,10.0,22.0,5.0,4.0,15.0,10.0,5.0,11.0,3.0,3.0,0.0,0.0,3.4,3.48,2.16
D1,2022-02-05,FC Koln,Freiburg,1645.19,1714.49,4.0,10.0,4.0,8.0,1.0,0.0,H,1.0,0.0,H,14.0,18.0,3.0,2.0,14.0,16.0,8.0,8.0,2.0,2.0,0.0,0.0,2.4,3.52,2.91
D1,2022-02-05,Mainz,Hoffenheim,1665.94,1712.47,3.0,6.0,3.0,5.0,2.0,0.0,H,0.0,0.0,D,9.0,12.0,4.0,2.0,12.0,13.0,5.0,3.0,0.0,2.0,0.0,0.0,2.66,3.41,2.69
D1,2022-02-05,Stuttgart,Ein Frankfurt,1610.55,1733.7,1.0,1.0,1.0,7.0,2.0,3.0,A,1.0,1.0,D,15.0,15.0,6.0,6.0,7.0,12.0,3.0,14.0,0.0,0.0,0.0,0.0,2.68,3.54,2.58
D1,2022-02-05,Bayern Munich,RB Leipzig,2016.65,1785.27,6.0,12.0,9.0,10.0,3.0,2.0,H,2.0,1.0,H,25.0,13.0,8.0,7.0,11.0,12.0,2.0,0.0,1.0,3.0,0.0,0.0,1.41,5.37,6.78
D1,2022-02-06,Dortmund,Leverkusen,1833.16,1762.13,9.0,12.0,7.0,8.0,2.0,5.0,A,1.0,3.0,A,14.0,10.0,6.0,7.0,8.0,10.0,7.0,6.0,1.0,1.0,0.0,0.0,1.93,4.05,3.6
D1,2022-02-06,Wolfsburg,Greuther Furth,1651.92,1511.93,1.0,1.0,5.0,6.0,4.0,1.0,H,1.0,1.0,D,11.0,8.0,6.0,4.0,11.0,13.0,2.0,3.0,1.0,2.0,0.0,0.0,1.58,4.06,5.92
D1,2022-02-11,RB Leipzig,FC Koln,1785.27,1645.19,6.0,9.0,4.0,10.0,3.0,1.0,H,1.0,0.0,H,6.0,9.0,4.0,2.0,6.0,11.0,5.0,6.0,1.0,2.0,0.0,0.0,1.45,4.92,6.88
D1,2022-02-12,Freiburg,Mainz,1714.49,1665.94,3.0,7.0,6.0,6.0,1.0,1.0,D,0.0,1.0,A,16.0,20.0,5.0,5.0,14.0,15.0,7.0,3.0,0.0,2.0,0.0,0.0,2.15,3.45,3.46
D1,2022-02-12,Greuther Furth,Hertha,1511.93,1617.19,4.0,6.0,2.0,5.0,2.0,1.0,H,1.0,0.0,H,19.0,24.0,10.0,8.0,11.0,12.0,8.0,8.0,2.0,4.0,0.0,0.0,2.98,3.36,2.43
D1,2022-02-12,MGladbach,Augsburg,1683.02,1596.08,1.0,5.0,4.0,5.0,3.0,2.0,H,1.0,0.0,H,14.0,14.0,5.0,8.0,8.0,12.0,3.0,2.0,2.0,2.0,0.0,0.0,1.68,4.19,4.78
D1,2022-02-12,Bochum,Bayern Munich,1590.11,2016.65,2.0,5.0,9.0,12.0,4.0,2.0,H,4.0,1.0,H,12.0,22.0,7.0,4.0,13.0,7.0,4.0,9.0,2.0,1.0,0.0,0.0,11.91,7.28,1.22
D1,2022-02-12,Ein Frankfurt,Wolfsburg,1733.7,1651.92,4.0,7.0,4.0,4.0,0.0,2.0,A,0.0,1.0,A,16.0,11.0,2.0,3.0,12.0,9.0,10.0,1.0,1.0,2.0,0.0,0.0,2.23,3.44,3.28
D1,2022-02-12,Leverkusen,Stuttgart,1762.13,1610.55,9.0,10.0,0.0,1.0,4.0,2.0,H,1.0,0.0,H,20.0,8.0,6.0,5.0,10.0,6.0,10.0,0.0,3.0,2.0,0.0,0.0,1.42,5.04,7.02
D1,2022-02-13,Union Berlin,Dortmund,1705.78,1833.16,6.0,10.0,6.0,9.0,0.0,3.0,A,0.0,2.0,A,12.0,10.0,2.0,6.0,20.0,9.0,2.0,5.0,4.0,1.0,0.0,0.0,3.9,3.9,1.88
D1,2022-02-13,Hoffenheim,Bielefeld,1712.47,1626.14,0.0,4.0,5.0,9.0,2.0,0.0,H,1.0,0.0,H,25.0,8.0,9.0,4.0,12.0,12.0,13.0,3.0,2.0,0.0,0.0,0.0,1.52,4.41,6.14
D1,2022-02-18,Mainz,Leverkusen,1679.35,1785.03,4.0,7.0,9.0,13.0,3.0,2.0,H,0.0,1.0,A,17.0,8.0,5.0,6.0,15.0,13.0,6.0,2.0,2.0,2.0,0.0,0.0,3.25,3.66,2.19
D1,2022-02-19,Augsburg,Freiburg,1604.76,1703.94,3.0,4.0,4.0,5.0,1.0,2.0,A,1.0,2.0,A,18.0,15.0,4.0,5.0,11.0,8.0,11.0,4.0,1.0,1.0,0.0,0.0,3.1,3.37,2.36
D1,2022-02-19,Bielefeld,Union Berlin,1619.26,1681.84,4.0,6.0,3.0,7.0,1.0,0.0,H,0.0,0.0,D,11.0,11.0,3.0,4.0,6.0,15.0,6.0,4.0,0.0,2.0,0.0,0.0,3.06,3.24,2.46
D1,2022-02-19,Stuttgart,Bochum,1600.41,1615.07,0.0,1.0,5.0,8.0,1.0,1.0,D,0.0,0.0,D,15.0,13.0,7.0,5.0,7.0,17.0,6.0,0.0,0.0,4.0,0.0,0.0,2.22,3.45,3.32
D1,2022-02-19,Wolfsburg,Hoffenheim,1673.92,1708.33,6.0,7.0,3.0,6.0,1.0,2.0,A,1.0,0.0,H,14.0,10.0,6.0,4.0,10.0,17.0,5.0,2.0,1.0,2.0,0.0,0.0,2.73,3.5,2.57
D1,2022-02-19,FC Koln,Ein Frankfurt,1648.22,1723.84,4.0,7.0,3.0,4.0,1.0,0.0,H,0.0,0.0,D,13.0,10.0,8.0,2.0,9.0,16.0,5.0,6.0,1.0,2.0,0.0,0.0,2.28,3.66,3.02
D1,2022-02-20,Bayern Munich,Greuther Furth,1996.04,1515.21,6.0,9.0,6.0,8.0,4.0,1.0,H,0.0,1.0,A,22.0,8.0,8.0,3.0,15.0,17.0,6.0,4.0,2.0,1.0,0.0,0.0,1.07,13.12,30.35
D1,2022-02-20,Dortmund,MGladbach,1824.73,1687.79,6.0,12.0,4.0,7.0,6.0,0.0,H,2.0,0.0,H,16.0,8.0,10.0,5.0,17.0,11.0,5.0,5.0,2.0,1.0,0.0,0.0,1.63,4.42,4.97
D1,2022-02-20,Hertha,RB Leipzig,1605.5,1788.48,1.0,2.0,6.0,12.0,1.0,6.0,A,0.0,1.0,A,8.0,16.0,4.0,10.0,10.0,8.0,3.0,10.0,2.0,3.0,1.0,0.0,6.15,4.29,1.55
D1,2022-02-25,Hoffenheim,Stuttgart,1708.33,1600.41,6.0,6.0,1.0,1.0,2.0,1.0,H,0.0,0.0,D,19.0,13.0,7.0,4.0,14.0,13.0,9.0,3.0,3.0,2.0,0.0,0.0,1.53,4.59,5.88
D1,2022-02-26,Freiburg,Hertha,1703.94,1605.5,4.0,7.0,1.0,2.0,3.0,0.0,H,1.0,0.0,H,16.0,17.0,5.0,2.0,13.0,10.0,6.0,6.0,1.0,2.0,0.0,0.0,1.57,4.3,5.79
D1,2022-02-26,Greuther Furth,FC Koln,1515.21,1648.22,3.0,7.0,6.0,7.0,1.0,1.0,D,0.0,0.0,D,13.0,17.0,5.0,5.0,15.0,13.0,7.0,11.0,1.0,2.0,0.0,0.0,3.56,3.68,2.05
D1,2022-02-26,Leverkusen,Bielefeld,1785.03,1619.26,6.0,12.0,4.0,8.0,3.0,0.0,H,1.0,0.0,H,21.0,8.0,9.0,3.0,8.0,10.0,6.0,3.0,0.0,1.0,0.0,0.0,1.37,5.18,8.62
D1,2022-02-26,MGladbach,Wolfsburg,1687.79,1673.92,4.0,4.0,6.0,7.0,2.0,2.0,D,1.0,2.0,A,23.0,6.0,11.0,3.0,12.0,14.0,7.0,4.0,2.0,4.0,0.0,1.0,2.07,3.53,3.62
D1,2022-02-26,Union Berlin,Mainz,1681.84,1679.35,0.0,6.0,7.0,10.0,3.0,1.0,H,1.0,0.0,H,7.0,14.0,3.0,1.0,13.0,18.0,2.0,6.0,4.0,4.0,0.0,1.0,2.66,3.22,2.81
D1,2022-02-26,Ein Frankfurt,Bayern Munich,1723.84,1996.04,3.0,4.0,6.0,12.0,0.0,1.0,A,0.0,0.0,D,7.0,20.0,2.0,9.0,16.0,3.0,2.0,8.0,1.0,2.0,0.0,0.0,6.35,5.09,1.45
D1,2022-02-27,Bochum,RB Leipzig,1615.07,1788.48,5.0,6.0,6.0,12.0,0.0,1.0,A,0.0,0.0,D,13.0,6.0,2.0,1.0,15.0,9.0,5.0,0.0,1.0,1.0,0.0,0.0,5.17,4.09,1.65
D1,2022-02-27,Augsburg,Dortmund,1604.76,1824.73,3.0,4.0,6.0,12.0,1.0,1.0,D,0.0,1.0,A,8.0,11.0,3.0,7.0,15.0,8.0,5.0,5.0,2.0,1.0,0.0,0.0,5.36,4.23,1.62
D1,2022-03-04,Bielefeld,Augsburg,1617.43,1598.24,3.0,7.0,1.0,4.0,0.0,1.0,A,0.0,0.0,D,6.0,7.0,1.0,1.0,12.0,10.0,6.0,1.0,3.0,5.0,0.0,0.0,2.57,3.23,2.93
D1,2022-03-05,Bayern Munich,Leverkusen,1995.64,1777.64,6.0,12.0,6.0,12.0,1.0,1.0,D,1.0,1.0,D,20.0,9.0,6.0,2.0,10.0,14.0,7.0,2.0,1.0,2.0,0.0,0.0,1.4,5.62,6.64
D1,2022-03-05,Bochum,Greuther Furth,1607.51,1512.84,4.0,6.0,4.0,7.0,2.0,1.0,H,1.0,0.0,H,15.0,9.0,9.0,2.0,16.0,14.0,3.0,6.0,2.0,4.0,0.0,0.0,1.79,3.72,4.69
D1,2022-03-05,Hertha,Ein Frankfurt,1583.66,1708.39,0.0,1.0,0.0,3.0,1.0,4.0,A,0.0,1.0,A,10.0,12.0,4.0,6.0,10.0,16.0,3.0,8.0,2.0,2.0,0.0,0.0,3.3,3.54,2.19
D1,2022-03-05,RB Leipzig,Freiburg,1810.94,1713.74,9.0,12.0,7.0,10.0,1.0,1.0,D,0.0,1.0,A,14.0,4.0,5.0,3.0,8.0,15.0,4.0,1.0,1.0,0.0,0.0,0.0,1.63,4.25,5.27
D1,2022-03-05,Wolfsburg,Union Berlin,1663.07,1679.41,4.0,7.0,3.0,6.0,1.0,0.0,H,1.0,0.0,H,9.0,17.0,3.0,5.0,12.0,15.0,6.0,10.0,0.0,1.0,0.0,0.0,2.23,3.3,3.44
D1,2022-03-05,Stuttgart,MGladbach,1591.25,1672.57,1.0,1.0,4.0,5.0,3.0,2.0,H,1.0,2.0,A,18.0,9.0,7.0,3.0,7.0,10.0,5.0,2.0,1.0,2.0,0.0,0.0,3.17,3.65,2.2
D1,2022-03-06,FC Koln,Hoffenheim,1649.9,1716.56,4.0,8.0,9.0,9.0,0.0,1.0,A,0.0,0.0,D,10.0,13.0,3.0,3.0,9.0,12.0,4.0,1.0,1.0,4.0,0.0,0.0,2.7,3.52,2.57
D1,2022-03-12,Freiburg,Wolfsburg,1713.74,1663.07,7.0,8.0,4.0,10.0,3.0,2.0,H,2.0,0.0,H,16.0,11.0,8.0,5.0,11.0,9.0,7.0,5.0,2.0,0.0,0.0,0.0,2.1,3.52,3.52
D1,2022-03-12,Hoffenheim,Bayern Munich,1716.56,1995.64,9.0,12.0,7.0,10.0,1.0,1.0,D,1.0,1.0,D,9.0,18.0,6.0,8.0,12.0,9.0,3.0,8.0,4.0,1.0,0.0,0.0,4.83,4.99,1.58
D1,2022-03-12,Union Berlin,Stuttgart,1679.41,1591.25,3.0,3.0,4.0,4.0,1.0,1.0,D,1.0,0.0,H,11.0,11.0,3.0,3.0,25.0,12.0,3.0,3.0,3.0,2.0,0.0,0.0,2.12,3.48,3.54
D1,2022-03-12,MGladbach,Hertha,1672.57,1583.66,1.0,5.0,0.0,1.0,2.0,0.0,H,1.0,0.0,H,12.0,12.0,5.0,3.0,7.0,17.0,3.0,6.0,3.0,0.0,0.0,0.0,1.58,4.51,5.21
D1,2022-03-13,Leverkusen,FC Koln,1777.64,1649.9,4.0,10.0,4.0,7.0,0.0,1.0,A,0.0,0.0,D,15.0,6.0,3.0,3.0,13.0,19.0,7.0,0.0,2.0,2.0,0.0,0.0,1.62,4.39,5.06
D1,2022-03-13,Dortmund,Bielefeld,1801.21,1617.43,7.0,10.0,3.0,4.0,1.0,0.0,H,1.0,0.0,H,20.0,11.0,3.0,4.0,6.0,10.0,4.0,5.0,1.0,1.0,0.0,0.0,1.27,6.09,10.71
D1,2022-03-13,Ein Frankfurt,Bochum,1708.39,1607.51,3.0,6.0,4.0,8.0,2.0,1.0,H,0.0,1.0,A,14.0,8.0,3.0,4.0,10.0,15.0,9.0,3.0,3.0,4.0,0.0,0.0,1.89,3.59,4.24
D1,2022-03-13,Greuther Furth,RB Leipzig,1512.84,1810.94,1.0,4.0,7.0,10.0,1.0,6.0,A,1.0,4.0,A,7.0,12.0,1.0,7.0,9.0,8.0,0.0,2.0,2.0,0.0,0.0,0.0,8.43,5.37,1.35
D1,2022-03-16,Mainz,Dortmund,1677.79,1807.48,4.0,7.0,7.0,10.0,0.0,1.0,A,0.0,0.0,D,10.0,11.0,1.0,4.0,18.0,10.0,5.0,5.0,3.0,4.0,0.0,0.0,4.06,3.84,1.87
D1,2022-03-18,Bochum,MGladbach,1611.47,1673.63,3.0,7.0,4.0,7.0,0.0,2.0,A,0.0,0.0,D,15.0,8.0,7.0,5.0,12.0,10.0,7.0,3.0,2.0,1.0,0.0,0.0,2.9,3.58,2.41
D1,2022-03-19,Greuther Furth,Freiburg,1505.93,1726.72,1.0,4.0,7.0,11.0,0.0,0.0,D,0.0,0.0,D,8.0,13.0,1.0,3.0,15.0,9.0,1.0,11.0,1.0,0.0,0.0,0.0,4.76,4.06,1.71
D1,2022-03-19,Hertha,Hoffenheim,1570.63,1733.04,0.0,0.0,7.0,13.0,3.0,0.0,H,1.0,0.0,H,13.0,8.0,6.0,0.0,10.0,13.0,1.0,6.0,2.0,1.0,0.0,0.0,4.36,4.22,1.74
D1,2022-03-19,Mainz,Bielefeld,1677.79,1608.27,3.0,7.0,0.0,3.0,4.0,0.0,H,1.0,0.0,H,14.0,6.0,6.0,0.0,10.0,14.0,6.0,1.0,1.0,0.0,0.0,0.0,1.64,3.76,6.08
D1,2022-03-19,Stuttgart,Augsburg,1606.88,1611.57,4.0,5.0,4.0,7.0,3.0,2.0,H,1.0,2.0,A,24.0,10.0,9.0,4.0,13.0,17.0,8.0,0.0,2.0,3.0,0.0,0.0,2.05,3.55,3.67
D1,2022-03-19,Bayern Munich,Union Berlin,1992.7,1672.29,5.0,8.0,4.0,4.0,4.0,0.0,H,3.0,0.0,H,16.0,9.0,7.0,4.0,8.0,7.0,3.0,2.0,2.0,1.0,0.0,0.0,1.18,7.84,15.23
D1,2022-03-20,RB Leipzig,Ein Frankfurt,1816.36,1733.89,7.0,13.0,6.0,6.0,0.0,0.0,D,0.0,0.0,D,14.0,5.0,7.0,0.0,6.0,21.0,3.0,2.0,1.0,5.0,0.0,0.0,1.42,4.94,7.28
D1,2022-03-20,Wolfsburg,Leverkusen,1668.22,1771.77,4.0,7.0,4.0,7.0,0.0,2.0,A,0.0,0.0,D,18.0,17.0,4.0,7.0,6.0,13.0,7.0,7.0,2.0,3.0,0.0,0.0,3.01,3.53,2.35
D1,2022-03-20,FC Koln,Dortmund,1658.57,1807.48,4.0,7.0,7.0,13.0,1.0,1.0,D,1.0,1.0,D,10.0,9.0,1.0,3.0,13.0,16.0,7.0,5.0,2.0,3.0,0.0,0.0,3.44,3.87,2.02
D1,2022-04-01,Union Berlin,FC Koln,1666.92,1659.01,1.0,4.0,4.0,8.0,1.0,0.0,H,0.0,0.0,D,13.0,6.0,5.0,1.0,17.0,11.0,2.0,4.0,3.0,3.0,0.0,0.0,2.33,3.25,3.32
D1,2022-04-02,Bielefeld,Stuttgart,1594.8,1611.29,0.0,3.0,7.0,8.0,1.0,1.0,D,0.0,1.0,A,10.0,14.0,4.0,4.0,13.0,12.0,6.0,2.0,1.0,5.0,0.0,0.0,3.15,3.33,2.35
D1,2022-04-02,Ein Frankfurt,Greuther Furth,1737.83,1508.06,7.0,7.0,1.0,2.0,0.0,0.0,D,0.0,0.0,D,20.0,4.0,6.0,2.0,10.0,14.0,9.0,0.0,1.0,0.0,0.0,0.0,1.45,4.81,6.94
D1,2022-04-02,Freiburg,Bayern Munich,1719.51,1993.0,5.0,11.0,5.0,11.0,1.0,4.0,A,0.0,0.0,D,8.0,21.0,3.0,11.0,13.0,6.0,1.0,6.0,1.0,1.0,0.0,0.0,5.66,4.82,1.52
D1,2022-04-02,Hoffenheim,Bochum,1711.42,1598.36,4.0,10.0,3.0,4.0,1.0,2.0,A,0.0,1.0,A,14.0,20.0,7.0,6.0,9.0,11.0,5.0,6.0,3.0,2.0,0.0,0.0,1.51,4.56,6.23
D1,2022-04-02,Leverkusen,Hertha,1768.34,1587.19,4.0,7.0,3.0,3.0,2.0,1.0,H,2.0,1.0,H,18.0,7.0,7.0,4.0,13.0,11.0,3.0,3.0,0.0,1.0,0.0,0.0,1.42,5.07,6.96
D1,2022-04-02,Dortmund,RB Leipzig,1807.63,1810.31,7.0,11.0,5.0,11.0,1.0,4.0,A,0.0,2.0,A,10.0,11.0,2.0,5.0,7.0,10.0,7.0,5.0,3.0,1.0,0.0,0.0,2.44,3.74,2.74
D1,2022-04-03,Augsburg,Wolfsburg,1602.1,1656.07,4.0,4.0,3.0,4.0,3.0,0.0,H,1.0,0.0,H,13.0,17.0,5.0,5.0,15.0,11.0,3.0,5.0,1.0,0.0,0.0,0.0,2.97,3.29,2.49
D1,2022-04-03,MGladbach,Mainz,1681.66,1680.53,6.0,7.0,3.0,7.0,1.0,1.0,D,1.0,0.0,H,17.0,22.0,8.0,10.0,13.0,20.0,3.0,7.0,2.0,1.0,0.0,0.0,2.28,3.56,3.1
D1,2022-04-06,Augsburg,Mainz,1602.1,1680.53,6.0,7.0,4.0,7.0,2.0,1.0,H,1.0,0.0,H,14.0,17.0,4.0,3.0,16.0,18.0,5.0,7.0,3.0,2.0,0.0,0.0,3.34,3.3,2.27
D1,2022-04-08,Stuttgart,Dortmund,1611.29,1807.63,5.0,8.0,4.0,8.0,0.0,2.0,A,0.0,1.0,A,13.0,10.0,2.0,4.0,8.0,6.0,4.0,5.0,2.0,1.0,0.0,0.0,3.97,3.98,1.86
D1,2022-04-09,Bayern Munich,Augsburg,1993.0,1602.1,7.0,11.0,6.0,10.0,1.0,0.0,H,0.0,0.0,D,13.0,6.0,4.0,1.0,10.0,22.0,3.0,3.0,1.0,2.0,0.0,0.0,1.12,9.91,19.97
D1,2022-04-09,FC Koln,Mainz,1659.01,1680.53,4.0,5.0,4.0,4.0,3.0,2.0,H,0.0,1.0,A,13.0,9.0,5.0,6.0,19.0,23.0,8.0,5.0,2.0,2.0,0.0,0.0,2.5,3.38,2.9
D1,2022-04-09,Greuther Furth,MGladbach,1508.06,1681.66,2.0,3.0,7.0,8.0,0.0,2.0,A,0.0,2.0,A,10.0,18.0,1.0,7.0,12.0,8.0,3.0,5.0,1.0,0.0,0.0,0.0,4.77,4.11,1.7
D1,2022-04-09,Wolfsburg,Bielefeld,1656.07,1594.8,0.0,4.0,1.0,1.0,4.0,0.0,H,2.0,0.0,H,11.0,6.0,6.0,3.0,11.0,13.0,3.0,2.0,0.0,1.0,0.0,0.0,1.67,3.88,5.3
D1,2022-04-09,Hertha,Union Berlin,1587.19,1666.92,3.0,3.0,4.0,7.0,1.0,4.0,A,0.0,1.0,A,12.0,17.0,3.0,13.0,11.0,11.0,2.0,8.0,4.0,0.0,0.0,0.0,2.88,3.23,2.59
D1,2022-04-10,Bochum,Leverkusen,1598.36,1768.34,3.0,6.0,6.0,10.0,0.0,0.0,D,0.0,0.0,D,11.0,9.0,2.0,2.0,10.0,9.0,2.0,3.0,0.0,0.0,0.0,0.0,4.11,4.08,1.81
D1,2022-04-10,Ein Frankfurt,Freiburg,1737.83,1719.51,5.0,8.0,4.0,8.0,1.0,2.0,A,0.0,1.0,A,17.0,12.0,5.0,4.0,13.0,9.0,2.0,4.0,1.0,2.0,0.0,0.0,2.46,3.39,2.93
D1,2022-04-10,RB Leipzig,Hoffenheim,1810.31,1711.42,7.0,11.0,1.0,7.0,3.0,0.0,H,3.0,0.0,H,11.0,4.0,4.0,0.0,11.0,15.0,2.0,1.0,1.0,2.0,0.0,0.0,1.5,4.79,5.99
D1,2022-04-16,Augsburg,Hertha,1627.98,1576.17,6.0,9.0,3.0,3.0,0.0,1.0,A,0.0,0.0,D,13.0,11.0,2.0,1.0,14.0,17.0,1.0,7.0,4.0,4.0,0.0,0.0,1.93,3.61,4.03
D1,2022-04-16,Dortmund,Wolfsburg,1802.5,1657.23,4.0,10.0,3.0,6.0,6.0,1.0,H,5.0,0.0,H,12.0,9.0,8.0,4.0,14.0,9.0,4.0,6.0,0.0,2.0,0.0,0.0,1.53,4.5,5.99
D1,2022-04-16,Freiburg,Bochum,1728.23,1617.57,4.0,8.0,4.0,7.0,3.0,0.0,H,2.0,0.0,H,14.0,10.0,8.0,2.0,8.0,10.0,3.0,4.0,0.0,0.0,0.0,1.0,1.68,4.02,5.07
D1,2022-04-16,Mainz,Stuttgart,1670.25,1609.88,1.0,4.0,4.0,8.0,0.0,0.0,D,0.0,0.0,D,9.0,6.0,0.0,3.0,17.0,12.0,5.0,3.0,0.0,1.0,0.0,0.0,2.01,3.56,3.78
D1,2022-04-16,MGladbach,FC Koln,1691.35,1663.77,7.0,10.0,4.0,7.0,1.0,3.0,A,0.0,3.0,A,18.0,17.0,4.0,6.0,15.0,19.0,5.0,5.0,3.0,2.0,0.0,0.0,2.0,3.78,3.57
D1,2022-04-17,Bielefeld,Bayern Munich,1586.62,1985.89,1.0,1.0,9.0,11.0,0.0,3.0,A,0.0,2.0,A,8.0,24.0,3.0,9.0,11.0,11.0,5.0,4.0,1.0,2.0,0.0,0.0,14.25,7.55,1.19
D1,2022-04-17,Hoffenheim,Greuther Furth,1696.92,1511.9,0.0,4.0,2.0,2.0,0.0,0.0,D,0.0,0.0,D,16.0,7.0,3.0,1.0,19.0,15.0,10.0,1.0,3.0,3.0,0.0,0.0,1.27,6.29,10.51
D1,2022-04-17,Union Berlin,Ein Frankfurt,1689.87,1743.89,6.0,7.0,2.0,8.0,2.0,0.0,H,2.0,0.0,H,14.0,10.0,4.0,3.0,10.0,8.0,4.0,3.0,2.0,1.0,0.0,0.0,2.16,3.42,3.46
D1,2022-04-17,Leverkusen,RB Leipzig,1772.27,1848.18,7.0,8.0,7.0,11.0,0.0,1.0,A,0.0,0.0,D,12.0,4.0,4.0,1.0,18.0,7.0,7.0,1.0,2.0,1.0,0.0,0.0,2.97,3.67,2.31
D1,2022-04-22,Wolfsburg,Mainz,1657.23,1670.25,3.0,3.0,1.0,5.0,5.0,0.0,H,5.0,0.0,H,15.0,5.0,7.0,3.0,10.0,10.0,2.0,3.0,0.0,2.0,0.0,1.0,2.35,3.4,3.14
D1,2022-04-23,Ein Frankfurt,Hoffenheim,1743.89,1696.92,1.0,5.0,1.0,2.0,2.0,2.0,D,1.0,1.0,D,17.0,11.0,7.0,4.0,10.0,9.0,9.0,7.0,1.0,3.0,0.0,0.0,2.53,3.7,2.67
D1,2022-04-23,FC Koln,Bielefeld,1663.77,1586.62,6.0,10.0,1.0,1.0,3.0,1.0,H,2.0,1.0,H,19.0,16.0,6.0,4.0,7.0,15.0,5.0,10.0,2.0,3.0,0.0,0.0,1.54,4.36,6.27
D1,2022-04-23,Freiburg,MGladbach,1728.23,1691.35,6.0,10.0,4.0,10.0,3.0,3.0,D,0.0,2.0,A,19.0,7.0,8.0,4.0,12.0,12.0,8.0,0.0,1.0,4.0,0.0,0.0,1.85,3.91,4.06
D1,2022-04-23,Greuther Furth,Leverkusen,1511.9,1772.27,2.0,3.0,4.0,7.0,1.0,4.0,A,1.0,2.0,A,9.0,10.0,4.0,5.0,4.0,13.0,6.0,3.0,0.0,0.0,0.0,0.0,8.5,5.33,1.36
D1,2022-04-23,RB Leipzig,Union Berlin,1848.18,1689.87,9.0,13.0,9.0,10.0,1.0,2.0,A,0.0,0.0,D,5.0,12.0,1.0,4.0,13.0,9.0,2.0,5.0,2.0,2.0,0.0,0.0,1.54,4.17,6.62
D1,2022-04-23,Bayern Munich,Dortmund,1985.89,1802.5,9.0,13.0,6.0,10.0,3.0,1.0,H,2.0,0.0,H,13.0,7.0,6.0,3.0,9.0,11.0,3.0,1.0,0.0,1.0,0.0,0.0,1.38,5.65,7.12
D1,2022-04-24,Bochum,Augsburg,1617.57,1627.98,4.0,4.0,3.0,6.0,0.0,2.0,A,0.0,2.0,A,18.0,12.0,3.0,4.0,10.0,17.0,10.0,4.0,1.0,3.0,0.0,0.0,2.28,3.27,3.38
D1,2022-04-24,Hertha,Stuttgart,1576.17,1609.88,3.0,6.0,2.0,6.0,2.0,0.0,H,1.0,0.0,H,7.0,12.0,2.0,5.0,10.0,8.0,4.0,6.0,1.0,1.0,0.0,0.0,3.03,3.34,2.42
D1,2022-04-29,Union Berlin,Greuther Furth,1689.87,1511.9,9.0,12.0,1.0,3.0,1.0,1.0,D,0.0,1.0,A,6.0,7.0,3.0,2.0,14.0,14.0,2.0,4.0,2.0,2.0,0.0,0.0,1.27,5.71,13.47
D1,2022-04-30,Augsburg,FC Koln,1627.98,1663.77,3.0,9.0,9.0,10.0,1.0,4.0,A,0.0,2.0,A,14.0,18.0,5.0,8.0,14.0,14.0,5.0,7.0,2.0,4.0,0.0,0.0,2.82,3.44,2.51
D1,2022-04-30,Bielefeld,Hertha,1586.62,1576.17,0.0,1.0,6.0,9.0,1.0,1.0,D,0.0,0.0,D,6.0,9.0,1.0,5.0,14.0,14.0,2.0,6.0,3.0,1.0,0.0,0.0,2.65,3.27,2.79
D1,2022-04-30,Dortmund,Bochum,1802.5,1617.57,6.0,7.0,1.0,4.0,3.0,4.0,A,2.0,2.0,D,19.0,12.0,10.0,5.0,14.0,18.0,10.0,3.0,4.0,3.0,0.0,0.0,1.36,5.4,8.01
D1,2022-04-30,Mainz,Bayern Munich,1670.25,1985.89,1.0,2.0,9.0,15.0,3.0,1.0,H,2.0,1.0,H,24.0,4.0,7.0,1.0,11.0,11.0,7.0,8.0,0.0,4.0,0.0,0.0,5.58,4.79,1.53
D1,2022-04-30,Stuttgart,Wolfsburg,1609.88,1657.23,1.0,5.0,6.0,6.0,1.0,1.0,D,0.0,1.0,A,18.0,15.0,5.0,5.0,9.0,11.0,7.0,9.0,3.0,2.0,0.0,0.0,2.05,3.65,3.58
D1,2022-04-30,Hoffenheim,Freiburg,1696.92,1728.23,2.0,2.0,7.0,8.0,3.0,4.0,A,1.0,1.0,D,17.0,9.0,7.0,5.0,12.0,6.0,4.0,5.0,1.0,0.0,0.0,0.0,2.48,3.55,2.8
D1,2022-05-02,Leverkusen,Ein Frankfurt,1774.4,1742.01,4.0,10.0,1.0,3.0,2.0,0.0,H,1.0,0.0,H,11.0,9.0,3.0,4.0,5.0,8.0,4.0,4.0,0.0,0.0,0.0,0.0,1.42,5.12,6.88
D1,2022-05-02,MGladbach,RB Leipzig,1683.74,1847.33,4.0,8.0,6.0,10.0,3.0,1.0,H,2.0,1.0,H,9.0,10.0,6.0,7.0,11.0,20.0,3.0,8.0,4.0,2.0,1.0,0.0,4.18,4.1,1.79
D1,2022-05-06,Bochum,Bielefeld,1614.46,1580.17,3.0,7.0,1.0,2.0,2.0,1.0,H,1.0,1.0,D,16.0,14.0,9.0,5.0,9.0,12.0,6.0,2.0,0.0,0.0,0.0,0.0,2.19,3.59,3.27
D1,2022-05-07,FC Koln,Wolfsburg,1701.09,1668.54,9.0,12.0,4.0,7.0,0.0,1.0,A,0.0,1.0,A,17.0,5.0,9.0,3.0,12.0,12.0,9.0,2.0,0.0,2.0,0.0,0.0,1.62,4.48,5.0
D1,2022-05-07,Freiburg,Union Berlin,1744.09,1711.79,7.0,10.0,7.0,13.0,1.0,4.0,A,0.0,3.0,A,18.0,13.0,4.0,5.0,12.0,14.0,4.0,6.0,1.0,2.0,0.0,0.0,1.95,3.71,3.86
D1,2022-05-07,Greuther Furth,Dortmund,1521.47,1795.93,2.0,3.0,3.0,6.0,1.0,3.0,A,0.0,1.0,A,8.0,8.0,3.0,4.0,15.0,10.0,5.0,2.0,1.0,1.0,0.0,0.0,9.0,5.93,1.31
D1,2022-05-07,Hoffenheim,Leverkusen,1688.89,1774.4,2.0,2.0,6.0,10.0,2.0,4.0,A,2.0,1.0,H,12.0,15.0,5.0,8.0,14.0,10.0,6.0,7.0,1.0,0.0,0.0,0.0,3.25,4.05,2.06
D1,2022-05-07,Hertha,Mainz,1601.54,1675.26,7.0,7.0,4.0,4.0,1.0,2.0,A,1.0,1.0,D,10.0,13.0,1.0,6.0,19.0,18.0,3.0,8.0,3.0,1.0,0.0,0.0,2.49,3.47,2.84
D1,2022-05-08,Ein Frankfurt,MGladbach,1742.01,1683.74,1.0,2.0,4.0,8.0,1.0,1.0,D,0.0,1.0,A,18.0,11.0,4.0,7.0,6.0,7.0,9.0,1.0,1.0,0.0,0.0,0.0,2.34,3.92,2.79
D1,2022-05-08,Bayern Munich,Stuttgart,1975.23,1606.45,6.0,12.0,2.0,3.0,2.0,2.0,D,2.0,1.0,H,25.0,15.0,8.0,5.0,10.0,8.0,7.0,4.0,2.0,3.0,1.0,0.0,1.25,6.82,10.75
D1,2022-05-08,RB Leipzig,Augsburg,1847.33,1620.3,3.0,9.0,3.0,6.0,4.0,0.0,H,1.0,0.0,H,14.0,6.0,8.0,1.0,8.0,16.0,5.0,1.0,1.0,2.0,0.0,0.0,1.26,6.32,11.32
D1,2022-05-14,Augsburg,Greuther Furth,1620.3,1521.47,3.0,3.0,1.0,2.0,2.0,1.0,H,1.0,1.0,D,8.0,6.0,3.0,3.0,21.0,20.0,3.0,5.0,2.0,3.0,0.0,0.0,1.58,4.72,5.09
D1,2022-05-14,Bielefeld,RB Leipzig,1580.17,1847.33,1.0,1.0,3.0,9.0,1.0,1.0,D,0.0,0.0,D,8.0,18.0,4.0,9.0,11.0,8.0,2.0,6.0,1.0,1.0,0.0,0.0,11.03,6.61,1.25
D1,2022-05-14,Dortmund,Hertha,1795.93,1601.54,3.0,9.0,4.0,7.0,2.0,1.0,H,0.0,1.0,A,9.0,4.0,3.0,1.0,11.0,16.0,3.0,1.0,0.0,2.0,0.0,0.0,1.52,4.98,5.49
D1,2022-05-14,Leverkusen,Freiburg,1774.4,1744.09,9.0,10.0,4.0,10.0,2.0,1.0,H,0.0,0.0,D,11.0,13.0,5.0,2.0,6.0,12.0,6.0,9.0,2.0,3.0,0.0,0.0,2.4,4.0,2.66
D1,2022-05-14,Mainz,Ein Frankfurt,1675.26,1742.01,6.0,7.0,2.0,2.0,2.0,2.0,D,1.0,2.0,A,13.0,13.0,4.0,4.0,7.0,11.0,5.0,3.0,2.0,0.0,0.0,0.0,1.69,4.41,4.5
D1,2022-05-14,MGladbach,Hoffenheim,1683.74,1688.89,5.0,8.0,1.0,2.0,5.0,1.0,H,3.0,1.0,H,19.0,10.0,9.0,2.0,8.0,12.0,6.0,2.0,1.0,2.0,0.0,0.0,2.04,4.4,3.08
D1,2022-05-14,Stuttgart,FC Koln,1606.45,1701.09,2.0,3.0,6.0,12.0,2.0,1.0,H,1.0,0.0,H,24.0,16.0,12.0,3.0,15.0,10.0,8.0,10.0,1.0,4.0,0.0,0.0,2.22,4.07,2.9
D1,2022-05-14,Union Berlin,Bochum,1711.79,1614.46,7.0,13.0,6.0,7.0,3.0,2.0,H,2.0,0.0,H,17.0,5.0,11.0,3.0,12.0,7.0,1.0,3.0,3.0,2.0,0.0,0.0,1.41,5.13,7.32
D1,2022-05-14,Wolfsburg,Bayern Munich,1668.54,1975.23,7.0,10.0,4.0,10.0,2.0,2.0,D,1.0,2.0,A,10.0,25.0,2.0,10.0,5.0,10.0,2.0,12.0,1.0,2.0,0.0,0.0,4.97,5.11,1.55
D1,2022-08-05,Ein Frankfurt,Bayern Munich,1737.03,1957.97,2.0,3.0,2.0,8.0,1.0,6.0,A,0.0,5.0,A,8.0,23.0,2.0,10.0,10.0,11.0,5.0,6.0,2.0,0.0,0.0,0.0,5.82,4.96,1.49
D1,2022-08-06,Augsburg,Freiburg,1616.25,1718.67,3.0,6.0,3.0,7.0,0.0,4.0,A,0.0,0.0,D,10.0,19.0,2.0,7.0,13.0,13.0,5.0,8.0,0.0,0.0,0.0,0.0,3.39,3.51,2.15
D1,2022-08-06,Bochum,Mainz,1613.3,1680.2,6.0,6.0,7.0,8.0,1.0,2.0,A,1.0,1.0,D,16.0,13.0,3.0,6.0,11.0,16.0,3.0,5.0,2.0,3.0,0.0,0.0,3.23,3.42,2.26
D1,2022-08-06,MGladbach,Hoffenheim,1711.59,1664.12,7.0,8.0,0.0,2.0,3.0,1.0,H,1.0,1.0,D,18.0,2.0,8.0,1.0,18.0,12.0,4.0,2.0,1.0,4.0,0.0,1.0,2.14,4.04,3.05
D1,2022-08-06,Union Berlin,Hertha,1730.74,1598.68,7.0,13.0,1.0,7.0,3.0,1.0,H,1.0,0.0,H,18.0,9.0,8.0,3.0,23.0,17.0,5.0,4.0,2.0,3.0,0.0,0.0,1.77,3.73,4.7
D1,2022-08-06,Wolfsburg,Werder Bremen,1681.74,1596.97,5.0,8.0,6.0,10.0,2.0,2.0,D,1.0,2.0,A,13.0,10.0,3.0,5.0,11.0,14.0,2.0,5.0,2.0,2.0,0.0,0.0,1.88,3.74,4.06
D1,2022-08-06,Dortmund,Leverkusen,1799.7,1794.64,6.0,9.0,9.0,12.0,1.0,0.0,H,1.0,0.0,H,13.0,8.0,4.0,3.0,14.0,13.0,3.0,3.0,2.0,4.0,0.0,1.0,2.06,4.12,3.19
D1,2022-08-07,Stuttgart,RB Leipzig,1620.82,1811.47,5.0,6.0,4.0,7.0,1.0,1.0,D,1.0,1.0,D,11.0,27.0,2.0,9.0,14.0,9.0,1.0,9.0,2.0,1.0,0.0,0.0,4.35,3.92,1.79
D1,2022-08-07,FC Koln,Schalke 04,1679.38,1578.8,3.0,9.0,9.0,12.0,3.0,1.0,H,0.0,0.0,D,30.0,6.0,10.0,2.0,8.0,10.0,9.0,1.0,0.0,1.0,0.0,1.0,1.73,4.14,4.48
D1,2022-08-12,Freiburg,Dortmund,1718.67,1799.7,3.0,7.0,9.0,9.0,1.0,3.0,A,1.0,0.0,H,16.0,16.0,7.0,7.0,16.0,10.0,9.0,2.0,1.0,3.0,0.0,0.0,3.06,3.74,2.25
D1,2022-08-13,Hertha,Ein Frankfurt,1598.68,1737.03,0.0,4.0,2.0,3.0,1.0,1.0,D,1.0,0.0,H,11.0,11.0,5.0,1.0,11.0,11.0,4.0,5.0,3.0,1.0,0.0,0.0,3.05,3.52,2.32
D1,2022-08-13,Hoffenheim,Bochum,1664.12,1613.3,0.0,1.0,3.0,6.0,3.0,2.0,H,2.0,2.0,D,24.0,11.0,13.0,5.0,13.0,10.0,8.0,2.0,1.0,1.0,0.0,0.0,1.58,4.47,5.38
D1,2022-08-13,Leverkusen,Augsburg,1794.64,1616.25,6.0,12.0,3.0,6.0,1.0,2.0,A,1.0,1.0,D,23.0,6.0,10.0,4.0,7.0,16.0,7.0,3.0,1.0,6.0,0.0,0.0,1.33,5.63,9.07
D1,2022-08-13,RB Leipzig,FC Koln,1811.47,1679.38,5.0,5.0,3.0,9.0,2.0,2.0,D,1.0,1.0,D,9.0,12.0,5.0,3.0,8.0,18.0,2.0,7.0,1.0,4.0,1.0,0.0,1.44,4.85,7.05
D1,2022-08-13,Werder Bremen,Stuttgart,1596.97,1620.82,7.0,10.0,5.0,6.0,2.0,2.0,D,1.0,1.0,D,5.0,14.0,3.0,7.0,6.0,10.0,2.0,5.0,4.0,2.0,0.0,0.0,2.33,3.59,2.99
D1,2022-08-13,Schalke 04,MGladbach,1578.8,1711.59,6.0,9.0,7.0,11.0,2.0,2.0,D,1.0,0.0,H,14.0,14.0,5.0,9.0,12.0,8.0,2.0,7.0,4.0,2.0,0.0,0.0,3.12,3.75,2.21
D1,2022-08-14,Mainz,Union Berlin,1680.2,1730.74,7.0,10.0,9.0,13.0,0.0,0.0,D,0.0,0.0,D,10.0,10.0,5.0,2.0,9.0,14.0,4.0,4.0,1.0,0.0,0.0,0.0,2.26,3.25,3.42
D1,2022-08-14,Bayern Munich,Wolfsburg,1957.97,1681.74,5.0,8.0,5.0,9.0,2.0,0.0,H,2.0,0.0,H,24.0,7.0,8.0,1.0,7.0,10.0,8.0,4.0,2.0,1.0,0.0,0.0,1.15,9.11,16.45
D1,2022-08-19,MGladbach,Hertha,1716.38,1595.72,7.0,11.0,1.0,2.0,1.0,0.0,H,1.0,0.0,H,11.0,18.0,6.0,5.0,7.0,11.0,5.0,5.0,1.0,2.0,0.0,1.0,1.52,4.69,5.83
D1,2022-08-20,Augsburg,Mainz,1616.56,1687.81,6.0,6.0,5.0,11.0,1.0,2.0,A,1.0,1.0,D,6.0,14.0,2.0,7.0,13.0,19.0,3.0,3.0,2.0,2.0,0.0,0.0,3.52,3.52,2.11
D1,2022-08-20,Dortmund,Werder Bremen,1816.11,1599.96,9.0,12.0,5.0,8.0,2.0,3.0,A,1.0,0.0,H,5.0,14.0,3.0,7.0,13.0,9.0,3.0,5.0,4.0,1.0,0.0,0.0,1.39,5.36,7.39
D1,2022-08-20,Leverkusen,Hoffenheim,1774.9,1661.93,3.0,9.0,3.0,3.0,0.0,3.0,A,0.0,2.0,A,14.0,10.0,3.0,5.0,15.0,18.0,3.0,1.0,1.0,4.0,0.0,0.0,1.69,4.34,4.51
D1,2022-08-20,Stuttgart,Freiburg,1625.34,1721.7,5.0,7.0,3.0,6.0,0.0,1.0,A,0.0,1.0,A,18.0,9.0,5.0,3.0,8.0,12.0,3.0,1.0,4.0,2.0,0.0,0.0,2.64,3.56,2.61
D1,2022-08-20,Wolfsburg,Schalke 04,1675.8,1575.49,2.0,6.0,4.0,10.0,0.0,0.0,D,0.0,0.0,D,16.0,9.0,6.0,2.0,13.0,10.0,12.0,4.0,1.0,3.0,0.0,0.0,1.85,3.86,4.1
D1,2022-08-20,Union Berlin,RB Leipzig,1736.14,1803.08,7.0,11.0,3.0,6.0,2.0,1.0,H,2.0,0.0,H,9.0,16.0,4.0,2.0,14.0,8.0,1.0,13.0,2.0,1.0,0.0,0.0,3.54,3.56,2.1
D1,2022-08-21,Ein Frankfurt,FC Koln,1725.97,1690.0,2.0,3.0,4.0,7.0,1.0,1.0,D,0.0,0.0,D,10.0,6.0,3.0,2.0,15.0,11.0,5.0,9.0,0.0,1.0,0.0,0.0,2.04,3.73,3.49
D1,2022-08-21,Bochum,Bayern Munich,1600.35,1968.84,0.0,6.0,7.0,8.0,0.0,7.0,A,0.0,4.0,A,13.0,22.0,7.0,12.0,10.0,6.0,5.0,5.0,1.0,0.0,0.0,0.0,13.38,8.0,1.19
D1,2022-08-26,Freiburg,Bochum,1721.7,1600.35,6.0,6.0,0.0,3.0,1.0,0.0,H,0.0,0.0,D,28.0,15.0,12.0,5.0,15.0,13.0,2.0,5.0,2.0,2.0,0.0,0.0,1.51,4.66,6.13
D1,2022-08-27,Hertha,Dortmund,1595.72,1816.11,1.0,1.0,6.0,12.0,0.0,1.0,A,0.0,1.0,A,12.0,24.0,3.0,7.0,8.0,9.0,6.0,10.0,1.0,0.0,0.0,0.0,4.44,4.45,1.69
D1,2022-08-27,Hoffenheim,Augsburg,1661.93,1616.56,6.0,6.0,3.0,6.0,1.0,0.0,H,1.0,0.0,H,24.0,12.0,6.0,1.0,14.0,9.0,4.0,6.0,1.0,1.0,0.0,0.0,1.47,4.86,6.43
D1,2022-08-27,Mainz,Leverkusen,1687.81,1774.9,7.0,11.0,0.0,6.0,0.0,3.0,A,0.0,3.0,A,17.0,7.0,3.0,5.0,10.0,12.0,3.0,4.0,1.0,6.0,0.0,2.0,2.72,3.74,2.45
D1,2022-08-27,RB Leipzig,Wolfsburg,1803.08,1675.8,2.0,6.0,2.0,6.0,2.0,0.0,H,1.0,0.0,H,16.0,9.0,7.0,4.0,20.0,15.0,8.0,4.0,3.0,3.0,0.0,0.0,1.49,4.6,6.46
D1,2022-08-27,Schalke 04,Union Berlin,1575.49,1736.14,2.0,8.0,7.0,13.0,1.0,6.0,A,1.0,3.0,A,12.0,12.0,4.0,7.0,9.0,11.0,8.0,2.0,1.0,0.0,0.0,0.0,3.08,3.44,2.34
D1,2022-08-27,Bayern Munich,MGladbach,1968.84,1716.38,9.0,11.0,7.0,11.0,1.0,1.0,D,0.0,1.0,A,35.0,5.0,20.0,3.0,14.0,7.0,14.0,1.0,4.0,2.0,0.0,0.0,1.19,8.16,12.66
D1,2022-08-28,FC Koln,Stuttgart,1690.0,1625.34,5.0,5.0,2.0,6.0,0.0,0.0,D,0.0,0.0,D,6.0,13.0,2.0,5.0,14.0,12.0,6.0,8.0,2.0,2.0,0.0,1.0,2.1,3.69,3.38
D1,2022-08-28,Werder Bremen,Ein Frankfurt,1599.96,1725.97,5.0,11.0,2.0,4.0,3.0,4.0,A,2.0,3.0,A,10.0,12.0,4.0,7.0,17.0,17.0,5.0,7.0,1.0,3.0,0.0,0.0,2.51,3.58,2.74
D1,2022-09-02,Dortmund,Hoffenheim,1806.69,1688.0,6.0,12.0,9.0,9.0,1.0,0.0,H,1.0,0.0,H,16.0,7.0,5.0,2.0,14.0,15.0,5.0,8.0,3.0,4.0,0.0,0.0,1.66,4.54,4.59
D1,2022-09-03,Bochum,Werder Bremen,1592.57,1608.3,0.0,0.0,4.0,8.0,0.0,2.0,A,0.0,0.0,D,19.0,16.0,6.0,6.0,15.0,10.0,7.0,3.0,2.0,2.0,0.0,0.0,2.92,3.65,2.35
D1,2022-09-03,Leverkusen,Freiburg,1768.06,1732.8,3.0,6.0,6.0,9.0,2.0,3.0,A,1.0,0.0,H,15.0,5.0,6.0,3.0,15.0,10.0,8.0,4.0,2.0,2.0,0.0,0.0,1.92,3.88,3.81
D1,2022-09-03,Stuttgart,Schalke 04,1622.42,1569.18,2.0,6.0,2.0,5.0,1.0,1.0,D,1.0,1.0,D,13.0,13.0,3.0,4.0,11.0,10.0,5.0,7.0,4.0,2.0,1.0,0.0,1.78,4.01,4.32
D1,2022-09-03,Union Berlin,Bayern Munich,1756.06,1966.93,7.0,13.0,7.0,11.0,1.0,1.0,D,1.0,1.0,D,10.0,21.0,3.0,6.0,19.0,7.0,5.0,7.0,1.0,2.0,0.0,0.0,7.43,5.54,1.38
D1,2022-09-03,Wolfsburg,FC Koln,1666.65,1691.32,1.0,3.0,3.0,6.0,2.0,4.0,A,1.0,3.0,A,9.0,18.0,3.0,5.0,13.0,14.0,5.0,4.0,2.0,1.0,0.0,0.0,2.12,3.52,3.49
D1,2022-09-03,Ein Frankfurt,RB Leipzig,1730.24,1800.84,5.0,6.0,4.0,6.0,4.0,0.0,H,2.0,0.0,H,14.0,5.0,9.0,0.0,14.0,10.0,4.0,3.0,1.0,1.0,0.0,0.0,3.56,3.74,2.03
D1,2022-09-04,Augsburg,Hertha,1604.61,1588.46,3.0,6.0,1.0,1.0,0.0,2.0,A,0.0,0.0,D,8.0,16.0,2.0,6.0,12.0,15.0,5.0,1.0,2.0,1.0,0.0,0.0,2.54,3.37,2.84
D1,2022-09-04,MGladbach,Mainz,1727.77,1682.74,5.0,11.0,4.0,8.0,0.0,1.0,A,0.0,0.0,D,13.0,12.0,3.0,5.0,8.0,15.0,4.0,8.0,1.0,4.0,1.0,0.0,2.23,3.7,3.08
D1,2022-09-09,Werder Bremen,Augsburg,1608.3,1604.61,6.0,8.0,0.0,3.0,0.0,1.0,A,0.0,0.0,D,11.0,14.0,6.0,5.0,12.0,12.0,3.0,7.0,4.0,5.0,0.0,0.0,1.54,4.58,5.7
D1,2022-09-10,Bayern Munich,Stuttgart,1966.93,1622.42,5.0,11.0,2.0,4.0,2.0,2.0,D,1.0,0.0,H,18.0,8.0,7.0,3.0,11.0,9.0,3.0,0.0,2.0,5.0,0.0,0.0,1.16,8.66,16.09
D1,2022-09-10,Ein Frankfurt,Wolfsburg,1730.24,1666.65,7.0,8.0,1.0,2.0,0.0,1.0,A,0.0,0.0,D,11.0,6.0,0.0,3.0,16.0,13.0,10.0,5.0,2.0,4.0,0.0,0.0,2.04,3.63,3.6
D1,2022-09-10,Hertha,Leverkusen,1588.46,1768.06,3.0,4.0,3.0,3.0,2.0,2.0,D,0.0,0.0,D,17.0,11.0,6.0,5.0,15.0,16.0,3.0,5.0,3.0,1.0,0.0,0.0,3.64,4.0,1.93
D1,2022-09-10,Hoffenheim,Mainz,1688.0,1682.74,6.0,9.0,6.0,10.0,4.0,1.0,H,0.0,0.0,D,21.0,10.0,9.0,2.0,9.0,13.0,7.0,5.0,3.0,2.0,0.0,1.0,2.3,3.61,3.01
D1,2022-09-10,RB Leipzig,Dortmund,1800.84,1806.69,3.0,5.0,6.0,12.0,3.0,0.0,H,2.0,0.0,H,14.0,4.0,5.0,0.0,12.0,6.0,5.0,8.0,2.0,1.0,0.0,0.0,2.37,3.84,2.79
D1,2022-09-10,Schalke 04,Bochum,1569.18,1592.57,2.0,3.0,0.0,0.0,3.0,1.0,H,1.0,0.0,H,20.0,9.0,8.0,2.0,12.0,16.0,3.0,8.0,2.0,3.0,0.0,0.0,2.04,3.67,3.56
D1,2022-09-11,FC Koln,Union Berlin,1691.32,1756.06,5.0,9.0,7.0,11.0,0.0,1.0,A,0.0,1.0,A,7.0,12.0,2.0,3.0,15.0,12.0,7.0,8.0,4.0,1.0,1.0,0.0,2.45,3.45,2.9
D1,2022-09-11,Freiburg,MGladbach,1732.8,1727.77,9.0,12.0,4.0,8.0,0.0,0.0,D,0.0,0.0,D,13.0,14.0,8.0,5.0,13.0,6.0,7.0,6.0,1.0,1.0,0.0,0.0,2.05,3.71,3.51
D1,2022-09-16,Mainz,Hertha,1673.63,1598.25,3.0,7.0,4.0,5.0,1.0,1.0,D,0.0,1.0,A,12.0,4.0,2.0,2.0,12.0,10.0,4.0,3.0,3.0,5.0,0.0,0.0,1.76,3.98,4.49
D1,2022-09-17,Augsburg,Bayern Munich,1594.06,1964.85,3.0,6.0,3.0,9.0,1.0,0.0,H,0.0,0.0,D,9.0,21.0,4.0,7.0,16.0,9.0,2.0,8.0,3.0,1.0,0.0,0.0,15.37,8.69,1.16
D1,2022-09-17,Dortmund,Schalke 04,1791.14,1575.28,6.0,9.0,4.0,6.0,1.0,0.0,H,0.0,0.0,D,19.0,3.0,7.0,0.0,12.0,14.0,11.0,2.0,3.0,2.0,0.0,0.0,1.39,5.39,7.41
D1,2022-09-17,Leverkusen,Werder Bremen,1753.78,1604.17,4.0,4.0,3.0,7.0,1.0,1.0,D,0.0,0.0,D,19.0,19.0,7.0,7.0,5.0,14.0,9.0,6.0,2.0,3.0,0.0,0.0,1.65,4.45,4.74
D1,2022-09-17,Stuttgart,Ein Frankfurt,1621.15,1724.68,3.0,4.0,6.0,8.0,1.0,3.0,A,0.0,1.0,A,15.0,13.0,2.0,8.0,9.0,11.0,7.0,4.0,2.0,0.0,0.0,0.0,2.33,3.58,2.99
D1,2022-09-17,MGladbach,RB Leipzig,1712.82,1765.11,2.0,6.0,6.0,7.0,3.0,0.0,H,2.0,0.0,H,21.0,13.0,10.0,6.0,14.0,14.0,8.0,3.0,2.0,2.0,0.0,0.0,3.05,3.69,2.26
D1,2022-09-18,Union Berlin,Wolfsburg,1747.2,1658.78,7.0,11.0,3.0,4.0,2.0,0.0,H,0.0,0.0,D,16.0,5.0,4.0,0.0,18.0,6.0,4.0,1.0,0.0,0.0,0.0,0.0,2.02,3.52,3.79
D1,2022-09-18,Bochum,FC Koln,1563.49,1689.21,0.0,0.0,4.0,6.0,1.0,1.0,D,1.0,0.0,H,7.0,18.0,0.0,3.0,12.0,8.0,4.0,8.0,0.0,1.0,0.0,0.0,3.08,3.67,2.25
D1,2022-09-18,Hoffenheim,Freiburg,1689.79,1736.53,6.0,12.0,7.0,10.0,0.0,0.0,D,0.0,0.0,D,10.0,14.0,3.0,4.0,15.0,9.0,5.0,3.0,1.0,2.0,0.0,0.0,2.17,3.75,3.14
D1,2022-09-30,Bayern Munich,Leverkusen,1964.85,1753.78,2.0,6.0,2.0,5.0,4.0,0.0,H,3.0,0.0,H,20.0,10.0,10.0,5.0,10.0,6.0,6.0,2.0,0.0,0.0,0.0,0.0,1.37,5.79,7.18
D1,2022-10-01,Ein Frankfurt,Union Berlin,1734.89,1747.66,6.0,10.0,7.0,13.0,2.0,0.0,H,2.0,0.0,H,14.0,14.0,4.0,5.0,4.0,11.0,4.0,7.0,3.0,4.0,1.0,0.0,2.27,3.44,3.21
D1,2022-10-01,FC Koln,Dortmund,1691.55,1794.92,4.0,6.0,6.0,9.0,3.0,2.0,H,0.0,1.0,A,20.0,21.0,16.0,13.0,14.0,10.0,7.0,11.0,4.0,3.0,0.0,0.0,3.28,3.84,2.09
D1,2022-10-01,Freiburg,Mainz,1745.68,1671.72,5.0,11.0,4.0,7.0,2.0,1.0,H,2.0,0.0,H,13.0,17.0,6.0,7.0,9.0,15.0,5.0,5.0,2.0,4.0,0.0,0.0,2.1,3.57,3.48
D1,2022-10-01,RB Leipzig,Bochum,1752.14,1567.21,3.0,6.0,1.0,1.0,4.0,0.0,H,2.0,0.0,H,17.0,2.0,9.0,1.0,8.0,8.0,7.0,2.0,0.0,2.0,0.0,0.0,1.24,6.62,11.29
D1,2022-10-01,Wolfsburg,Stuttgart,1652.8,1613.48,3.0,4.0,2.0,3.0,3.0,2.0,H,2.0,2.0,D,20.0,15.0,7.0,7.0,16.0,14.0,8.0,5.0,3.0,5.0,0.0,0.0,2.38,3.47,2.99
D1,2022-10-01,Werder Bremen,MGladbach,1610.38,1728.31,4.0,7.0,4.0,8.0,5.0,1.0,H,4.0,0.0,H,14.0,13.0,9.0,9.0,8.0,8.0,4.0,5.0,0.0,1.0,0.0,0.0,2.58,3.76,2.56
D1,2022-10-02,Hertha,Hoffenheim,1602.69,1691.42,5.0,5.0,4.0,10.0,1.0,1.0,D,1.0,1.0,D,13.0,16.0,5.0,4.0,5.0,15.0,2.0,6.0,2.0,1.0,0.0,0.0,2.82,3.73,2.37
D1,2022-10-02,Schalke 04,Augsburg,1574.03,1610.52,4.0,5.0,6.0,6.0,2.0,3.0,A,1.0,2.0,A,16.0,11.0,5.0,5.0,11.0,10.0,8.0,4.0,2.0,6.0,0.0,1.0,1.98,3.66,3.76
D1,2022-10-07,Hoffenheim,Werder Bremen,1691.42,1610.38,5.0,8.0,4.0,7.0,1.0,2.0,A,1.0,1.0,D,16.0,8.0,6.0,3.0,12.0,18.0,3.0,3.0,3.0,3.0,0.0,0.0,2.03,3.91,3.42
D1,2022-10-08,Augsburg,Wolfsburg,1610.52,1652.8,9.0,9.0,6.0,6.0,1.0,1.0,D,0.0,1.0,A,18.0,12.0,5.0,7.0,19.0,11.0,11.0,5.0,5.0,3.0,0.0,0.0,2.96,3.42,2.43
D1,2022-10-08,Bochum,Ein Frankfurt,1567.21,1734.89,1.0,1.0,6.0,12.0,3.0,0.0,H,0.0,0.0,D,11.0,11.0,6.0,2.0,12.0,10.0,9.0,4.0,2.0,1.0,0.0,0.0,3.87,3.89,1.9
D1,2022-10-08,Leverkusen,Schalke 04,1744.75,1574.03,2.0,5.0,3.0,4.0,4.0,0.0,H,2.0,0.0,H,13.0,2.0,7.0,1.0,9.0,17.0,3.0,3.0,1.0,1.0,0.0,0.0,1.46,4.91,6.53
D1,2022-10-08,Mainz,RB Leipzig,1671.72,1752.14,1.0,4.0,6.0,9.0,1.0,1.0,D,1.0,0.0,H,9.0,12.0,3.0,3.0,12.0,12.0,4.0,2.0,1.0,1.0,0.0,0.0,3.03,3.58,2.32
D1,2022-10-08,Dortmund,Bayern Munich,1794.92,1956.28,3.0,9.0,4.0,6.0,2.0,2.0,D,0.0,1.0,A,13.0,9.0,6.0,3.0,8.0,11.0,7.0,4.0,3.0,6.0,0.0,1.0,4.41,4.7,1.66
D1,2022-10-09,MGladbach,FC Koln,1728.31,1691.55,4.0,5.0,4.0,8.0,5.0,2.0,H,2.0,1.0,H,13.0,5.0,6.0,3.0,8.0,14.0,7.0,4.0,2.0,3.0,0.0,1.0,2.0,3.89,3.51
D1,2022-10-09,Hertha,Freiburg,1602.69,1745.68,3.0,6.0,5.0,11.0,2.0,2.0,D,1.0,1.0,D,11.0,10.0,3.0,4.0,14.0,13.0,4.0,2.0,2.0,1.0,0.0,0.0,3.06,3.47,2.34
D1,2022-10-09,Stuttgart,Union Berlin,1613.48,1747.66,1.0,3.0,6.0,10.0,0.0,1.0,A,0.0,0.0,D,9.0,7.0,3.0,4.0,12.0,10.0,2.0,5.0,3.0,3.0,1.0,0.0,2.61,3.23,2.87
D1,2022-10-14,Schalke 04,Hoffenheim,1574.03,1691.42,0.0,4.0,2.0,5.0,0.0,3.0,A,0.0,2.0,A,14.0,18.0,2.0,7.0,12.0,8.0,4.0,5.0,2.0,2.0,0.0,0.0,3.66,3.77,1.99
D1,2022-10-15,Ein Frankfurt,Leverkusen,1724.22,1730.19,6.0,9.0,4.0,5.0,5.0,1.0,H,1.0,0.0,H,20.0,5.0,11.0,2.0,10.0,9.0,7.0,1.0,0.0,4.0,0.0,1.0,2.75,3.64,2.48
D1,2022-10-15,Stuttgart,Bochum,1602.3,1581.49,0.0,2.0,4.0,4.0,4.0,1.0,H,2.0,1.0,H,16.0,14.0,7.0,4.0,6.0,17.0,3.0,3.0,0.0,3.0,0.0,0.0,1.65,4.04,5.24
D1,2022-10-15,Werder Bremen,Mainz,1641.48,1668.53,7.0,10.0,2.0,5.0,0.0,2.0,A,0.0,1.0,A,14.0,11.0,4.0,5.0,3.0,11.0,3.0,3.0,1.0,2.0,0.0,0.0,2.36,3.6,2.94
D1,2022-10-15,Wolfsburg,MGladbach,1659.46,1719.62,4.0,7.0,6.0,7.0,2.0,2.0,D,1.0,1.0,D,16.0,10.0,4.0,5.0,13.0,11.0,7.0,6.0,3.0,3.0,0.0,0.0,2.64,3.62,2.6
D1,2022-10-15,RB Leipzig,Hertha,1770.51,1607.26,4.0,7.0,3.0,7.0,3.0,2.0,H,3.0,0.0,H,14.0,16.0,5.0,5.0,17.0,9.0,8.0,4.0,2.0,3.0,0.0,0.0,1.41,5.02,7.36
D1,2022-10-16,FC Koln,Augsburg,1663.91,1619.3,4.0,7.0,7.0,10.0,3.0,2.0,H,0.0,1.0,A,14.0,7.0,6.0,3.0,11.0,15.0,5.0,3.0,2.0,4.0,0.0,0.0,1.69,4.17,4.72
D1,2022-10-16,Union Berlin,Dortmund,1748.81,1801.83,6.0,10.0,4.0,7.0,2.0,0.0,H,2.0,0.0,H,14.0,13.0,5.0,6.0,15.0,5.0,5.0,8.0,1.0,2.0,0.0,0.0,2.98,3.48,2.39
D1,2022-10-16,Bayern Munich,Freiburg,1959.34,1763.78,4.0,6.0,5.0,9.0,5.0,0.0,H,2.0,0.0,H,18.0,6.0,8.0,0.0,8.0,9.0,5.0,5.0,0.0,2.0,0.0,0.0,1.27,6.32,10.47
D1,2022-10-21,Mainz,FC Koln,1668.53,1663.91,4.0,5.0,6.0,7.0,5.0,0.0,H,3.0,0.0,H,15.0,6.0,7.0,2.0,13.0,14.0,5.0,4.0,1.0,5.0,0.0,1.0,2.18,3.53,3.36
D1,2022-10-22,Augsburg,RB Leipzig,1619.3,1770.51,4.0,10.0,7.0,10.0,3.0,3.0,D,1.0,0.0,H,11.0,19.0,3.0,8.0,15.0,11.0,3.0,6.0,7.0,1.0,1.0,0.0,5.45,4.43,1.58
D1,2022-10-22,Dortmund,Stuttgart,1801.83,1602.3,1.0,4.0,3.0,4.0,5.0,0.0,H,3.0,0.0,H,19.0,10.0,10.0,1.0,7.0,8.0,9.0,2.0,1.0,0.0,0.0,0.0,1.55,4.48,5.84
D1,2022-10-22,Freiburg,Werder Bremen,1763.78,1641.48,4.0,6.0,6.0,7.0,2.0,0.0,H,0.0,0.0,D,25.0,10.0,7.0,2.0,14.0,12.0,6.0,2.0,2.0,2.0,0.0,1.0,1.93,3.81,3.84
D1,2022-10-22,Hoffenheim,Bayern Munich,1690.49,1959.34,4.0,8.0,7.0,8.0,0.0,2.0,A,0.0,2.0,A,7.0,23.0,3.0,10.0,12.0,8.0,7.0,5.0,3.0,2.0,0.0,0.0,5.77,4.97,1.5
D1,2022-10-22,Leverkusen,Wolfsburg,1730.19,1659.46,3.0,5.0,5.0,8.0,2.0,2.0,D,1.0,1.0,D,13.0,9.0,5.0,3.0,19.0,5.0,3.0,3.0,3.0,1.0,0.0,0.0,1.72,4.23,4.5
D1,2022-10-22,MGladbach,Ein Frankfurt,1719.62,1724.22,4.0,8.0,6.0,9.0,1.0,3.0,A,0.0,3.0,A,8.0,16.0,3.0,5.0,9.0,20.0,3.0,2.0,3.0,2.0,0.0,0.0,2.34,3.78,2.87
D1,2022-10-23,Bochum,Union Berlin,1581.49,1748.81,3.0,4.0,6.0,12.0,2.0,1.0,H,1.0,0.0,H,8.0,6.0,5.0,3.0,14.0,10.0,3.0,7.0,1.0,3.0,0.0,0.0,4.27,3.47,1.93
D1,2022-10-23,Hertha,Schalke 04,1607.26,1549.66,2.0,4.0,0.0,3.0,2.0,1.0,H,0.0,0.0,D,11.0,9.0,4.0,2.0,14.0,14.0,5.0,6.0,5.0,1.0,0.0,0.0,1.76,3.89,4.59
D1,2022-10-28,Werder Bremen,Hertha,1641.48,1607.26,3.0,7.0,4.0,6.0,1.0,0.0,H,0.0,0.0,D,15.0,9.0,4.0,1.0,14.0,11.0,4.0,5.0,2.0,3.0,0.0,0.0,2.05,3.83,3.4
D1,2022-10-29,Bayern Munich,Mainz,1959.34,1668.53,7.0,10.0,7.0,8.0,6.0,2.0,H,3.0,1.0,H,25.0,13.0,12.0,5.0,10.0,11.0,8.0,5.0,1.0,1.0,0.0,0.0,1.25,6.74,10.46
D1,2022-10-29,RB Leipzig,Leverkusen,1770.51,1730.19,5.0,8.0,4.0,5.0,2.0,0.0,H,1.0,0.0,H,10.0,4.0,6.0,1.0,9.0,7.0,3.0,3.0,3.0,3.0,0.0,0.0,1.81,4.02,4.16
D1,2022-10-29,Stuttgart,Augsburg,1602.3,1619.3,3.0,3.0,2.0,8.0,2.0,1.0,H,1.0,1.0,D,31.0,12.0,8.0,6.0,7.0,12.0,10.0,3.0,1.0,2.0,0.0,0.0,1.82,3.88,4.25
D1,2022-10-29,Wolfsburg,Bochum,1659.46,1581.49,3.0,6.0,6.0,7.0,4.0,0.0,H,2.0,0.0,H,22.0,10.0,7.0,3.0,7.0,17.0,7.0,2.0,1.0,1.0,0.0,0.0,1.69,4.11,4.76
D1,2022-10-29,Ein Frankfurt,Dortmund,1724.22,1801.83,6.0,12.0,4.0,7.0,1.0,2.0,A,1.0,1.0,D,20.0,8.0,8.0,2.0,15.0,11.0,4.0,3.0,5.0,5.0,0.0,0.0,2.81,3.67,2.4
D1,2022-10-30,Union Berlin,MGladbach,1748.81,1719.62,6.0,9.0,4.0,7.0,2.0,1.0,H,0.0,1.0,A,14.0,7.0,5.0,3.0,17.0,6.0,6.0,5.0,3.0,2.0,0.0,0.0,2.07,3.48,3.67
D1,2022-10-30,Schalke 04,Freiburg,1549.66,1763.78,0.0,0.0,4.0,8.0,0.0,2.0,A,0.0,1.0,A,12.0,19.0,3.0,9.0,20.0,7.0,4.0,8.0,3.0,2.0,0.0,0.0,3.94,3.73,1.91
D1,2022-10-30,FC Koln,Hoffenheim,1663.91,1690.49,3.0,7.0,3.0,5.0,1.0,1.0,D,1.0,1.0,D,11.0,9.0,3.0,4.0,11.0,10.0,5.0,4.0,1.0,2.0,0.0,1.0,2.88,3.58,2.4
D1,2022-11-04,MGladbach,Stuttgart,1715.03,1626.8,1.0,4.0,6.0,6.0,3.0,1.0,H,2.0,1.0,H,11.0,13.0,6.0,4.0,13.0,16.0,3.0,5.0,2.0,1.0,0.0,0.0,2.21,3.76,3.1
D1,2022-11-05,Augsburg,Ein Frankfurt,1623.38,1760.99,1.0,5.0,6.0,9.0,1.0,2.0,A,1.0,1.0,D,9.0,12.0,5.0,7.0,17.0,15.0,3.0,6.0,0.0,1.0,0.0,0.0,4.4,4.1,1.75
D1,2022-11-05,Dortmund,Bochum,1823.34,1586.29,6.0,7.0,3.0,6.0,3.0,0.0,H,3.0,0.0,H,6.0,7.0,3.0,1.0,7.0,14.0,2.0,5.0,1.0,1.0,0.0,0.0,1.24,6.56,11.75
D1,2022-11-05,Hertha,Bayern Munich,1616.52,1999.01,3.0,5.0,9.0,13.0,2.0,3.0,A,2.0,3.0,A,7.0,14.0,5.0,4.0,13.0,9.0,2.0,7.0,0.0,0.0,0.0,0.0,10.21,6.56,1.26
D1,2022-11-05,Hoffenheim,RB Leipzig,1700.58,1803.4,4.0,5.0,7.0,11.0,1.0,3.0,A,0.0,1.0,A,11.0,17.0,3.0,8.0,9.0,9.0,6.0,3.0,4.0,2.0,0.0,0.0,2.98,3.67,2.3
D1,2022-11-05,Mainz,Wolfsburg,1705.32,1685.69,6.0,7.0,5.0,9.0,0.0,3.0,A,0.0,1.0,A,16.0,10.0,3.0,3.0,15.0,6.0,9.0,4.0,1.0,1.0,0.0,0.0,2.05,3.64,3.57
D1,2022-11-05,Werder Bremen,Schalke 04,1643.7,1552.03,3.0,9.0,0.0,0.0,2.0,1.0,H,1.0,0.0,H,11.0,19.0,5.0,3.0,11.0,12.0,3.0,3.0,3.0,2.0,0.0,0.0,1.64,4.35,4.91
D1,2022-11-06,Leverkusen,Union Berlin,1725.01,1772.34,1.0,4.0,6.0,9.0,5.0,0.0,H,0.0,0.0,D,11.0,6.0,8.0,1.0,11.0,17.0,1.0,5.0,1.0,4.0,0.0,0.0,2.15,3.48,3.43
D1,2022-11-06,Freiburg,FC Koln,1774.95,1671.81,6.0,10.0,4.0,7.0,2.0,0.0,H,0.0,0.0,D,13.0,6.0,5.0,2.0,9.0,10.0,5.0,3.0,0.0,1.0,0.0,0.0,1.71,4.0,4.79
D1,2022-11-08,Wolfsburg,Dortmund,1685.69,1823.34,7.0,9.0,9.0,10.0,2.0,0.0,H,1.0,0.0,H,15.0,20.0,8.0,6.0,10.0,12.0,6.0,9.0,4.0,2.0,0.0,0.0,3.11,3.58,2.26
D1,2022-11-08,Bayern Munich,Werder Bremen,1999.01,1643.7,9.0,13.0,6.0,9.0,6.0,1.0,H,4.0,1.0,H,21.0,4.0,10.0,1.0,9.0,8.0,8.0,4.0,0.0,0.0,0.0,0.0,1.15,8.88,16.29
D1,2022-11-08,Bochum,MGladbach,1586.29,1715.03,3.0,6.0,3.0,7.0,2.0,1.0,H,2.0,0.0,H,13.0,8.0,4.0,2.0,11.0,14.0,6.0,3.0,1.0,3.0,0.0,0.0,3.25,3.6,2.2
D1,2022-11-08,Stuttgart,Hertha,1626.8,1616.52,3.0,6.0,3.0,4.0,2.0,1.0,H,1.0,1.0,D,16.0,11.0,7.0,4.0,9.0,15.0,8.0,5.0,3.0,2.0,0.0,0.0,1.96,3.71,3.8
D1,2022-11-09,FC Koln,Leverkusen,1671.81,1725.01,1.0,4.0,4.0,7.0,1.0,2.0,A,1.0,0.0,H,17.0,10.0,7.0,3.0,9.0,7.0,6.0,1.0,1.0,2.0,0.0,0.0,3.13,3.64,2.23
D1,2022-11-09,Ein Frankfurt,Hoffenheim,1760.99,1700.58,6.0,9.0,1.0,4.0,4.0,2.0,H,3.0,1.0,H,15.0,12.0,8.0,3.0,9.0,22.0,4.0,5.0,0.0,3.0,0.0,0.0,1.93,3.85,3.78
D1,2022-11-09,RB Leipzig,Freiburg,1803.4,1774.95,7.0,11.0,9.0,10.0,3.0,1.0,H,0.0,0.0,D,18.0,4.0,8.0,2.0,9.0,21.0,6.0,2.0,1.0,4.0,0.0,0.0,1.76,4.06,4.37
D1,2022-11-09,Schalke 04,Mainz,1552.03,1705.32,0.0,0.0,3.0,7.0,1.0,0.0,H,1.0,0.0,H,13.0,11.0,4.0,1.0,16.0,17.0,1.0,6.0,3.0,1.0,0.0,0.0,3.42,3.72,2.08
D1,2022-11-09,Union Berlin,Augsburg,1772.34,1623.38,3.0,9.0,1.0,2.0,2.0,2.0,D,2.0,2.0,D,18.0,7.0,6.0,2.0,7.0,10.0,6.0,3.0,1.0,4.0,0.0,0.0,1.56,4.18,6.2
D1,2022-11-11,MGladbach,Dortmund,1715.03,1823.34,3.0,4.0,6.0,9.0,4.0,2.0,H,3.0,2.0,H,11.0,20.0,6.0,10.0,12.0,12.0,2.0,9.0,1.0,2.0,0.0,0.0,3.24,3.82,2.14
D1,2022-11-12,Augsburg,Bochum,1623.38,1586.29,1.0,2.0,3.0,6.0,0.0,1.0,A,0.0,0.0,D,19.0,11.0,5.0,4.0,12.0,9.0,6.0,2.0,1.0,1.0,0.0,0.0,2.18,3.55,3.25
D1,2022-11-12,Hertha,FC Koln,1616.52,1671.81,0.0,3.0,1.0,4.0,2.0,0.0,H,1.0,0.0,H,17.0,10.0,8.0,2.0,15.0,10.0,10.0,5.0,3.0,1.0,0.0,0.0,2.25,3.64,3.09
D1,2022-11-12,Hoffenheim,Wolfsburg,1700.58,1685.69,1.0,4.0,9.0,11.0,1.0,2.0,A,1.0,1.0,D,22.0,6.0,8.0,3.0,15.0,11.0,7.0,1.0,0.0,3.0,0.0,0.0,2.23,3.71,3.09
D1,2022-11-12,Leverkusen,Stuttgart,1725.01,1626.8,6.0,7.0,6.0,9.0,2.0,0.0,H,1.0,0.0,H,11.0,7.0,3.0,1.0,11.0,10.0,4.0,2.0,2.0,3.0,0.0,0.0,1.72,4.14,4.54
D1,2022-11-12,Werder Bremen,RB Leipzig,1643.7,1803.4,6.0,6.0,9.0,13.0,1.0,2.0,A,0.0,1.0,A,7.0,14.0,5.0,3.0,14.0,8.0,0.0,4.0,1.0,2.0,0.0,0.0,3.64,4.02,1.93
D1,2022-11-12,Schalke 04,Bayern Munich,1552.03,1999.01,3.0,3.0,9.0,15.0,0.0,2.0,A,0.0,1.0,A,6.0,22.0,2.0,6.0,7.0,4.0,4.0,5.0,0.0,0.0,0.0,0.0,15.62,8.42,1.16
D1,2022-11-13,Mainz,Ein Frankfurt,1705.32,1760.99,0.0,6.0,6.0,12.0,1.0,1.0,D,1.0,0.0,H,19.0,10.0,6.0,3.0,12.0,8.0,5.0,2.0,2.0,2.0,0.0,0.0,2.78,3.61,2.46
D1,2022-11-13,Freiburg,Union Berlin,1774.95,1772.34,6.0,9.0,4.0,7.0,4.0,1.0,H,4.0,0.0,H,7.0,4.0,5.0,2.0,13.0,9.0,2.0,1.0,0.0,1.0,0.0,1.0,2.04,3.31,4.02
D1,2023-01-20,RB Leipzig,Bayern Munich,1841.72,2014.21,9.0,13.0,9.0,15.0,1.0,1.0,D,0.0,1.0,A,10.0,7.0,3.0,2.0,17.0,12.0,3.0,2.0,2.0,3.0,0.0,0.0,3.82,4.13,1.87
D1,2023-01-21,Bochum,Hertha,1607.93,1624.57,6.0,9.0,3.0,6.0,3.0,1.0,H,2.0,0.0,H,10.0,10.0,3.0,2.0,13.0,13.0,1.0,6.0,1.0,1.0,0.0,0.0,2.39,3.55,2.91
D1,2023-01-21,Ein Frankfurt,Schalke 04,1785.82,1561.36,7.0,10.0,3.0,3.0,3.0,0.0,H,1.0,0.0,H,11.0,18.0,3.0,4.0,14.0,10.0,5.0,4.0,2.0,3.0,0.0,0.0,1.38,5.27,7.97
D1,2023-01-21,Stuttgart,Mainz,1626.74,1684.75,3.0,6.0,1.0,4.0,1.0,1.0,D,1.0,1.0,D,16.0,12.0,4.0,2.0,15.0,17.0,3.0,5.0,1.0,3.0,0.0,0.0,2.41,3.54,2.9
D1,2023-01-21,Union Berlin,Hoffenheim,1748.52,1681.81,1.0,4.0,0.0,1.0,3.0,1.0,H,0.0,1.0,A,23.0,10.0,5.0,5.0,11.0,13.0,9.0,4.0,2.0,1.0,0.0,0.0,2.24,3.42,3.28
D1,2023-01-21,Wolfsburg,Freiburg,1729.85,1785.18,9.0,13.0,6.0,12.0,6.0,0.0,H,3.0,0.0,H,13.0,9.0,11.0,1.0,11.0,12.0,0.0,5.0,1.0,2.0,0.0,0.0,2.54,3.44,2.8
D1,2023-01-21,FC Koln,Werder Bremen,1649.37,1646.22,0.0,1.0,3.0,6.0,7.0,1.0,H,5.0,1.0,H,15.0,4.0,7.0,2.0,10.0,14.0,2.0,2.0,0.0,0.0,0.0,0.0,2.23,3.79,3.03
D1,2023-01-22,Dortmund,Augsburg,1801.28,1617.87,3.0,9.0,1.0,2.0,4.0,3.0,H,2.0,2.0,D,27.0,14.0,10.0,4.0,6.0,9.0,7.0,3.0,1.0,4.0,0.0,0.0,1.32,5.87,8.48
D1,2023-01-22,MGladbach,Leverkusen,1728.92,1758.0,6.0,6.0,9.0,10.0,2.0,3.0,A,0.0,2.0,A,15.0,13.0,8.0,5.0,12.0,14.0,2.0,3.0,3.0,2.0,0.0,0.0,2.71,3.87,2.4
D1,2023-01-24,Schalke 04,RB Leipzig,1561.36,1841.72,3.0,3.0,7.0,13.0,1.0,6.0,A,0.0,4.0,A,9.0,21.0,1.0,14.0,16.0,13.0,1.0,6.0,1.0,1.0,0.0,0.0,5.74,4.37,1.57
D1,2023-01-24,Bayern Munich,FC Koln,2014.21,1649.37,7.0,13.0,3.0,4.0,1.0,1.0,D,0.0,1.0,A,22.0,2.0,7.0,1.0,7.0,10.0,9.0,4.0,0.0,1.0,0.0,0.0,1.22,7.4,11.61
D1,2023-01-24,Hertha,Wolfsburg,1624.57,1729.85,3.0,3.0,9.0,15.0,0.0,5.0,A,0.0,3.0,A,8.0,15.0,2.0,7.0,20.0,13.0,6.0,4.0,2.0,0.0,0.0,0.0,3.05,3.45,2.36
D1,2023-01-24,Hoffenheim,Stuttgart,1681.81,1626.74,0.0,1.0,4.0,7.0,2.0,2.0,D,1.0,1.0,D,13.0,8.0,5.0,4.0,12.0,4.0,6.0,4.0,1.0,3.0,0.0,1.0,2.15,3.62,3.33
D1,2023-01-25,Mainz,Dortmund,1684.75,1801.28,2.0,2.0,3.0,9.0,1.0,2.0,A,1.0,1.0,D,12.0,12.0,4.0,6.0,15.0,7.0,2.0,3.0,2.0,0.0,0.0,0.0,2.91,3.69,2.34
D1,2023-01-25,Augsburg,MGladbach,1617.87,1728.92,1.0,1.0,3.0,6.0,1.0,0.0,H,0.0,0.0,D,14.0,7.0,4.0,2.0,15.0,15.0,3.0,2.0,1.0,2.0,0.0,0.0,3.04,3.56,2.31
D1,2023-01-25,Freiburg,Ein Frankfurt,1785.18,1785.82,3.0,9.0,7.0,10.0,1.0,1.0,D,0.0,1.0,A,12.0,4.0,5.0,2.0,15.0,15.0,4.0,3.0,3.0,3.0,0.0,0.0,2.55,3.52,2.74
D1,2023-01-25,Leverkusen,Bochum,1758.0,1607.93,9.0,12.0,9.0,9.0,2.0,0.0,H,1.0,0.0,H,11.0,9.0,4.0,2.0,15.0,14.0,3.0,4.0,2.0,4.0,0.0,0.0,1.44,4.87,7.06
D1,2023-01-25,Werder Bremen,Union Berlin,1646.22,1748.52,0.0,6.0,4.0,7.0,1.0,2.0,A,1.0,1.0,D,8.0,11.0,3.0,5.0,11.0,17.0,5.0,7.0,0.0,0.0,0.0,0.0,2.84,3.28,2.59
D1,2023-01-27,RB Leipzig,Stuttgart,1841.72,1626.74,7.0,13.0,2.0,5.0,2.0,1.0,H,1.0,0.0,H,9.0,10.0,4.0,3.0,8.0,6.0,3.0,6.0,0.0,0.0,0.0,0.0,1.34,5.44,9.28
D1,2023-01-28,Freiburg,Augsburg,1785.18,1617.87,4.0,7.0,3.0,4.0,3.0,1.0,H,2.0,1.0,H,15.0,16.0,9.0,4.0,14.0,9.0,3.0,7.0,3.0,3.0,0.0,0.0,1.51,4.52,6.25
D1,2023-01-28,Hertha,Union Berlin,1624.57,1748.52,3.0,3.0,6.0,7.0,0.0,2.0,A,0.0,1.0,A,10.0,7.0,3.0,3.0,12.0,13.0,3.0,2.0,1.0,2.0,0.0,0.0,3.59,3.3,2.18
D1,2023-01-28,Hoffenheim,MGladbach,1681.81,1728.92,1.0,1.0,3.0,6.0,1.0,4.0,A,0.0,2.0,A,15.0,10.0,5.0,5.0,23.0,10.0,4.0,3.0,2.0,1.0,0.0,0.0,2.05,3.93,3.33
D1,2023-01-28,Mainz,Bochum,1684.75,1607.93,2.0,2.0,6.0,9.0,5.0,2.0,H,3.0,0.0,H,14.0,14.0,7.0,4.0,17.0,11.0,3.0,2.0,0.0,1.0,0.0,0.0,1.71,3.99,4.82
D1,2023-01-28,Werder Bremen,Wolfsburg,1646.22,1729.85,0.0,3.0,9.0,15.0,2.0,1.0,H,1.0,0.0,H,14.0,7.0,5.0,3.0,16.0,12.0,2.0,6.0,3.0,3.0,0.0,0.0,3.26,3.65,2.17
D1,2023-01-28,Bayern Munich,Ein Frankfurt,2014.21,1785.82,5.0,11.0,5.0,11.0,1.0,1.0,D,1.0,0.0,H,14.0,7.0,6.0,1.0,6.0,4.0,7.0,6.0,3.0,1.0,0.0,0.0,1.33,6.14,7.93
D1,2023-01-29,Schalke 04,FC Koln,1561.36,1649.37,0.0,3.0,4.0,4.0,0.0,0.0,D,0.0,0.0,D,15.0,7.0,2.0,0.0,13.0,16.0,7.0,7.0,3.0,4.0,0.0,0.0,3.73,3.73,1.98
D1,2023-01-29,Leverkusen,Dortmund,1758.0,1801.28,9.0,15.0,6.0,9.0,0.0,2.0,A,0.0,1.0,A,20.0,6.0,7.0,2.0,13.0,20.0,8.0,4.0,2.0,4.0,0.0,0.0,2.44,3.81,2.71
D1,2023-02-03,Augsburg,Leverkusen,1619.36,1759.48,3.0,4.0,6.0,12.0,1.0,0.0,H,0.0,0.0,D,10.0,12.0,5.0,4.0,14.0,8.0,2.0,1.0,3.0,2.0,0.0,0.0,4.11,3.92,1.84
D1,2023-02-04,Bochum,Hoffenheim,1604.4,1657.18,3.0,9.0,1.0,1.0,5.0,2.0,H,3.0,0.0,H,17.0,10.0,11.0,4.0,13.0,15.0,6.0,6.0,2.0,3.0,0.0,0.0,2.77,3.59,2.5
D1,2023-02-04,Dortmund,Freiburg,1822.08,1769.52,9.0,9.0,4.0,7.0,5.0,1.0,H,1.0,1.0,D,24.0,6.0,8.0,3.0,13.0,14.0,14.0,0.0,3.0,4.0,0.0,1.0,1.68,4.17,4.83
D1,2023-02-04,Ein Frankfurt,Hertha,1797.17,1593.41,5.0,9.0,0.0,3.0,3.0,0.0,H,2.0,0.0,H,10.0,13.0,4.0,3.0,12.0,10.0,7.0,1.0,1.0,2.0,0.0,0.0,1.49,4.62,6.45
D1,2023-02-04,FC Koln,RB Leipzig,1671.42,1853.7,5.0,5.0,7.0,13.0,0.0,0.0,D,0.0,0.0,D,9.0,7.0,0.0,2.0,10.0,15.0,5.0,1.0,3.0,4.0,0.0,0.0,3.95,3.76,1.92
D1,2023-02-04,Union Berlin,Mainz,1769.71,1687.2,9.0,10.0,4.0,5.0,2.0,1.0,H,1.0,0.0,H,9.0,9.0,5.0,2.0,12.0,10.0,5.0,5.0,1.0,1.0,0.0,0.0,1.98,3.41,4.1
D1,2023-02-04,MGladbach,Schalke 04,1725.62,1552.84,3.0,6.0,1.0,4.0,0.0,0.0,D,0.0,0.0,D,17.0,18.0,4.0,5.0,9.0,15.0,9.0,5.0,2.0,3.0,0.0,0.0,1.54,4.61,5.66
D1,2023-02-05,Stuttgart,Werder Bremen,1627.54,1634.29,2.0,5.0,3.0,3.0,0.0,2.0,A,0.0,0.0,D,16.0,9.0,5.0,4.0,8.0,17.0,8.0,4.0,2.0,5.0,0.0,0.0,2.06,3.71,3.45
D1,2023-02-05,Wolfsburg,Bayern Munich,1752.98,1996.24,6.0,12.0,3.0,9.0,2.0,4.0,A,1.0,3.0,A,19.0,9.0,5.0,4.0,10.0,9.0,7.0,4.0,2.0,6.0,0.0,1.0,5.05,4.61,1.59
D1,2023-02-10,Schalke 04,Wolfsburg,1552.84,1752.98,2.0,2.0,3.0,9.0,0.0,0.0,D,0.0,0.0,D,17.0,8.0,5.0,2.0,10.0,20.0,9.0,3.0,1.0,4.0,0.0,0.0,3.8,3.69,1.97
D1,2023-02-11,Bayern Munich,Bochum,1996.24,1604.4,5.0,9.0,3.0,9.0,3.0,0.0,H,1.0,0.0,H,25.0,7.0,12.0,1.0,10.0,12.0,6.0,3.0,1.0,1.0,0.0,0.0,1.13,9.68,17.97
D1,2023-02-11,Freiburg,Stuttgart,1769.52,1627.54,4.0,7.0,1.0,2.0,2.0,1.0,H,0.0,1.0,A,9.0,14.0,5.0,3.0,13.0,10.0,4.0,3.0,3.0,3.0,0.0,0.0,1.84,3.72,4.3
D1,2023-02-11,Hoffenheim,Leverkusen,1657.18,1759.48,1.0,1.0,3.0,9.0,1.0,3.0,A,0.0,1.0,A,11.0,12.0,6.0,5.0,15.0,9.0,5.0,8.0,3.0,1.0,0.0,0.0,2.94,3.68,2.32
D1,2023-02-11,Mainz,Augsburg,1687.2,1619.36,3.0,5.0,6.0,6.0,3.0,1.0,H,2.0,1.0,H,13.0,11.0,7.0,3.0,12.0,6.0,4.0,12.0,1.0,1.0,0.0,0.0,1.83,3.84,4.24
D1,2023-02-11,Werder Bremen,Dortmund,1634.29,1822.08,6.0,6.0,9.0,12.0,0.0,2.0,A,0.0,0.0,D,8.0,17.0,3.0,9.0,7.0,7.0,3.0,7.0,1.0,0.0,0.0,0.0,3.98,4.2,1.81
D1,2023-02-11,RB Leipzig,Union Berlin,1853.7,1769.71,7.0,11.0,9.0,12.0,1.0,2.0,A,1.0,0.0,H,9.0,6.0,1.0,5.0,15.0,13.0,3.0,4.0,4.0,4.0,0.0,0.0,1.74,3.71,5.12
D1,2023-02-12,Hertha,MGladbach,1593.41,1725.62,0.0,3.0,4.0,7.0,4.0,1.0,H,1.0,1.0,D,17.0,7.0,7.0,3.0,12.0,11.0,4.0,6.0,1.0,1.0,0.0,0.0,2.82,3.59,2.44
D1,2023-02-12,FC Koln,Ein Frankfurt,1671.42,1797.17,3.0,6.0,5.0,9.0,3.0,0.0,H,0.0,0.0,D,9.0,7.0,4.0,1.0,15.0,11.0,3.0,9.0,3.0,2.0,0.0,0.0,2.7,3.56,2.55
D1,2023-02-17,Augsburg,Hoffenheim,1623.21,1635.36,3.0,6.0,0.0,1.0,1.0,0.0,H,0.0,0.0,D,16.0,8.0,3.0,2.0,13.0,14.0,6.0,1.0,3.0,3.0,0.0,0.0,2.67,3.58,2.58
D1,2023-02-18,Bochum,Freiburg,1617.68,1763.73,3.0,6.0,6.0,7.0,0.0,2.0,A,0.0,1.0,A,15.0,15.0,6.0,5.0,15.0,10.0,5.0,5.0,4.0,2.0,1.0,0.0,3.09,3.52,2.29
D1,2023-02-18,MGladbach,Bayern Munich,1704.02,2007.55,4.0,4.0,7.0,9.0,3.0,2.0,H,1.0,1.0,D,17.0,13.0,7.0,4.0,9.0,9.0,4.0,0.0,0.0,1.0,0.0,1.0,6.97,5.69,1.39
D1,2023-02-18,Stuttgart,FC Koln,1612.2,1692.92,0.0,2.0,5.0,9.0,3.0,0.0,H,1.0,0.0,H,18.0,11.0,7.0,4.0,10.0,12.0,3.0,6.0,3.0,4.0,0.0,0.0,2.43,3.47,2.92
D1,2023-02-18,Wolfsburg,RB Leipzig,1745.39,1839.89,1.0,7.0,4.0,8.0,0.0,3.0,A,0.0,1.0,A,7.0,17.0,2.0,5.0,16.0,15.0,2.0,5.0,1.0,1.0,0.0,0.0,3.26,3.6,2.18
D1,2023-02-18,Ein Frankfurt,Werder Bremen,1785.89,1642.03,4.0,8.0,6.0,6.0,2.0,0.0,H,1.0,0.0,H,11.0,3.0,6.0,0.0,15.0,9.0,5.0,2.0,1.0,1.0,0.0,0.0,1.61,4.39,5.09
D1,2023-02-19,Union Berlin,Schalke 04,1787.06,1563.38,9.0,15.0,3.0,3.0,0.0,0.0,D,0.0,0.0,D,9.0,6.0,4.0,2.0,13.0,19.0,6.0,4.0,2.0,1.0,0.0,0.0,1.6,3.89,6.21
D1,2023-02-19,Dortmund,Hertha,1840.11,1607.14,9.0,15.0,3.0,3.0,4.0,1.0,H,2.0,0.0,H,12.0,15.0,5.0,8.0,8.0,15.0,3.0,4.0,1.0,2.0,0.0,0.0,1.33,5.66,8.49
D1,2023-02-19,Leverkusen,Mainz,1759.89,1691.11,3.0,9.0,6.0,7.0,2.0,3.0,A,1.0,2.0,A,17.0,12.0,7.0,7.0,14.0,19.0,4.0,5.0,5.0,5.0,1.0,0.0,1.83,3.92,4.13
D1,2023-02-24,Mainz,MGladbach,1691.11,1704.02,6.0,9.0,4.0,7.0,4.0,0.0,H,1.0,0.0,H,14.0,8.0,8.0,2.0,17.0,6.0,3.0,3.0,2.0,3.0,0.0,0.0,2.15,3.67,3.3
D1,2023-02-25,FC Koln,Wolfsburg,1692.92,1745.39,4.0,6.0,1.0,4.0,0.0,2.0,A,0.0,1.0,A,11.0,6.0,5.0,4.0,9.0,16.0,10.0,2.0,1.0,2.0,0.0,0.0,2.38,3.49,2.97
D1,2023-02-25,Hertha,Augsburg,1607.14,1623.21,3.0,3.0,6.0,9.0,2.0,0.0,H,0.0,0.0,D,11.0,9.0,3.0,2.0,16.0,19.0,1.0,6.0,1.0,3.0,0.0,0.0,2.15,3.63,3.3
D1,2023-02-25,Hoffenheim,Dortmund,1635.36,1840.11,0.0,1.0,9.0,15.0,0.0,1.0,A,0.0,1.0,A,13.0,23.0,4.0,11.0,11.0,7.0,12.0,11.0,3.0,1.0,0.0,0.0,4.15,4.22,1.77
D1,2023-02-25,RB Leipzig,Ein Frankfurt,1839.89,1785.89,4.0,10.0,6.0,8.0,2.0,1.0,H,2.0,0.0,H,10.0,8.0,5.0,4.0,11.0,11.0,2.0,6.0,2.0,3.0,0.0,0.0,1.71,4.12,4.66
D1,2023-02-25,Werder Bremen,Bochum,1642.03,1617.68,3.0,6.0,3.0,3.0,3.0,0.0,H,2.0,0.0,H,12.0,9.0,6.0,2.0,16.0,16.0,2.0,0.0,3.0,2.0,0.0,0.0,2.02,3.71,3.6
D1,2023-02-25,Schalke 04,Stuttgart,1563.38,1612.2,3.0,4.0,3.0,4.0,2.0,1.0,H,2.0,0.0,H,11.0,17.0,6.0,5.0,12.0,13.0,6.0,9.0,2.0,2.0,0.0,0.0,2.99,3.37,2.43
D1,2023-02-26,Freiburg,Leverkusen,1763.73,1759.89,6.0,10.0,3.0,6.0,1.0,1.0,D,1.0,0.0,H,9.0,16.0,4.0,4.0,14.0,13.0,1.0,3.0,2.0,1.0,0.0,0.0,2.2,3.59,3.22
D1,2023-02-26,Bayern Munich,Union Berlin,2007.55,1787.06,6.0,8.0,7.0,13.0,3.0,0.0,H,3.0,0.0,H,19.0,4.0,10.0,1.0,8.0,9.0,10.0,4.0,1.0,1.0,0.0,0.0,1.33,5.51,9.21
D1,2023-03-03,Dortmund,RB Leipzig,1856.03,1860.9,9.0,15.0,6.0,10.0,2.0,1.0,H,2.0,0.0,H,8.0,14.0,3.0,6.0,8.0,20.0,4.0,6.0,2.0,5.0,0.0,0.0,2.22,3.68,3.14
D1,2023-03-04,Augsburg,Werder Bremen,1623.95,1651.34,3.0,6.0,3.0,9.0,2.0,1.0,H,1.0,1.0,D,9.0,17.0,5.0,8.0,10.0,9.0,3.0,7.0,2.0,2.0,0.0,0.0,2.34,3.58,2.97
D1,2023-03-04,Bochum,Schalke 04,1604.02,1582.28,0.0,3.0,5.0,7.0,0.0,2.0,A,0.0,1.0,A,6.0,9.0,4.0,5.0,17.0,11.0,4.0,4.0,2.0,1.0,0.0,0.0,2.39,3.45,2.97
D1,2023-03-04,Mainz,Hoffenheim,1719.73,1628.9,9.0,12.0,0.0,0.0,1.0,0.0,H,1.0,0.0,H,16.0,15.0,6.0,4.0,12.0,15.0,11.0,3.0,1.0,4.0,0.0,0.0,1.93,3.77,3.84
D1,2023-03-04,MGladbach,Freiburg,1708.37,1773.52,3.0,7.0,7.0,10.0,0.0,0.0,D,0.0,0.0,D,10.0,8.0,4.0,3.0,11.0,15.0,6.0,5.0,5.0,2.0,1.0,0.0,2.47,3.55,2.8
D1,2023-03-04,Union Berlin,FC Koln,1794.62,1670.72,4.0,10.0,3.0,5.0,0.0,0.0,D,0.0,0.0,D,8.0,12.0,2.0,4.0,9.0,10.0,5.0,4.0,1.0,0.0,0.0,0.0,1.93,3.38,4.35
D1,2023-03-04,Stuttgart,Bayern Munich,1623.18,2002.51,3.0,3.0,6.0,10.0,1.0,2.0,A,0.0,1.0,A,11.0,13.0,4.0,6.0,6.0,12.0,3.0,6.0,0.0,0.0,0.0,0.0,6.53,5.03,1.45
D1,2023-03-05,Leverkusen,Hertha,1755.71,1617.89,4.0,4.0,6.0,6.0,4.0,1.0,H,2.0,0.0,H,18.0,7.0,9.0,2.0,11.0,14.0,9.0,2.0,1.0,2.0,0.0,0.0,1.55,4.38,5.81
D1,2023-03-05,Wolfsburg,Ein Frankfurt,1749.1,1784.14,4.0,4.0,3.0,7.0,2.0,2.0,D,2.0,2.0,D,13.0,10.0,8.0,2.0,11.0,16.0,4.0,5.0,3.0,3.0,0.0,0.0,2.46,3.51,2.82
D1,2023-03-10,FC Koln,Bochum,1670.72,1604.02,1.0,5.0,0.0,3.0,0.0,2.0,A,0.0,1.0,A,11.0,9.0,5.0,3.0,9.0,14.0,10.0,1.0,2.0,2.0,0.0,0.0,1.76,3.78,4.73
D1,2023-03-11,Bayern Munich,Augsburg,2002.51,1623.95,6.0,12.0,6.0,9.0,5.0,3.0,H,4.0,1.0,H,24.0,13.0,9.0,6.0,8.0,10.0,8.0,5.0,2.0,1.0,0.0,0.0,1.13,9.53,17.4
D1,2023-03-11,Ein Frankfurt,Stuttgart,1784.14,1623.18,4.0,7.0,3.0,3.0,1.0,1.0,D,0.0,0.0,D,10.0,9.0,1.0,5.0,16.0,11.0,3.0,2.0,4.0,1.0,0.0,0.0,1.84,3.81,4.19
D1,2023-03-11,Hertha,Mainz,1617.89,1719.73,3.0,6.0,9.0,12.0,1.0,1.0,D,1.0,0.0,H,9.0,6.0,4.0,3.0,10.0,15.0,7.0,8.0,2.0,1.0,0.0,0.0,2.89,3.45,2.45
D1,2023-03-11,RB Leipzig,MGladbach,1860.9,1708.37,6.0,7.0,4.0,5.0,3.0,0.0,H,0.0,0.0,D,14.0,7.0,9.0,3.0,9.0,9.0,11.0,0.0,1.0,0.0,0.0,0.0,1.42,5.03,6.95
D1,2023-03-11,Schalke 04,Dortmund,1582.28,1856.03,7.0,9.0,9.0,15.0,2.0,2.0,D,0.0,1.0,A,10.0,20.0,5.0,8.0,16.0,8.0,3.0,6.0,1.0,1.0,0.0,0.0,4.53,4.09,1.73
D1,2023-03-12,Freiburg,Hoffenheim,1773.52,1628.9,5.0,8.0,0.0,0.0,2.0,1.0,H,1.0,0.0,H,9.0,12.0,3.0,1.0,11.0,25.0,2.0,2.0,2.0,5.0,0.0,1.0,1.94,3.66,3.9
D1,2023-03-12,Werder Bremen,Leverkusen,1651.34,1755.71,3.0,6.0,4.0,7.0,2.0,3.0,A,1.0,1.0,D,12.0,13.0,6.0,5.0,12.0,12.0,2.0,3.0,2.0,1.0,0.0,0.0,3.25,3.76,2.12
D1,2023-03-12,Wolfsburg,Union Berlin,1749.1,1794.62,4.0,5.0,2.0,8.0,1.0,1.0,D,0.0,0.0,D,15.0,11.0,6.0,2.0,11.0,14.0,3.0,5.0,1.0,4.0,0.0,0.0,2.26,3.23,3.41
D1,2023-03-17,MGladbach,Werder Bremen,1695.12,1630.1,1.0,4.0,3.0,3.0,2.0,2.0,D,0.0,0.0,D,21.0,6.0,9.0,3.0,9.0,12.0,6.0,5.0,1.0,1.0,0.0,0.0,1.81,3.96,4.18
D1,2023-03-18,Augsburg,Schalke 04,1622.01,1593.83,3.0,6.0,7.0,9.0,1.0,1.0,D,0.0,0.0,D,9.0,13.0,3.0,5.0,11.0,14.0,9.0,6.0,4.0,4.0,1.0,0.0,2.32,3.42,3.09
D1,2023-03-18,Bochum,RB Leipzig,1598.71,1843.06,3.0,3.0,6.0,9.0,1.0,0.0,H,0.0,0.0,D,8.0,21.0,2.0,8.0,10.0,8.0,2.0,7.0,2.0,3.0,0.0,0.0,5.71,4.37,1.56
D1,2023-03-18,Hoffenheim,Hertha,1613.7,1605.73,0.0,0.0,4.0,7.0,3.0,1.0,H,2.0,0.0,H,15.0,11.0,7.0,5.0,10.0,11.0,8.0,9.0,0.0,3.0,1.0,0.0,2.08,3.58,3.49
D1,2023-03-18,Stuttgart,Wolfsburg,1619.35,1739.84,1.0,4.0,5.0,6.0,0.0,1.0,A,0.0,0.0,D,12.0,9.0,2.0,3.0,10.0,8.0,3.0,8.0,1.0,0.0,0.0,0.0,2.42,3.41,2.93
D1,2023-03-18,Dortmund,FC Koln,1835.31,1651.18,7.0,13.0,1.0,4.0,6.0,1.0,H,4.0,1.0,H,11.0,11.0,8.0,5.0,7.0,10.0,1.0,6.0,1.0,0.0,0.0,0.0,1.46,4.81,6.62
D1,2023-03-19,Union Berlin,Ein Frankfurt,1779.81,1771.51,2.0,6.0,2.0,5.0,2.0,0.0,H,0.0,0.0,D,14.0,19.0,3.0,4.0,19.0,15.0,3.0,7.0,3.0,2.0,0.0,0.0,2.41,3.19,3.15
D1,2023-03-19,Leverkusen,Bayern Munich,1762.37,2002.51,7.0,10.0,9.0,12.0,2.0,1.0,H,0.0,1.0,A,12.0,11.0,6.0,6.0,10.0,11.0,5.0,3.0,2.0,3.0,0.0,0.0,4.88,4.75,1.59
D1,2023-03-19,Mainz,Freiburg,1714.75,1765.18,7.0,13.0,5.0,11.0,1.0,1.0,D,0.0,0.0,D,10.0,11.0,6.0,5.0,18.0,10.0,3.0,5.0,2.0,3.0,0.0,0.0,2.16,3.48,3.4
D1,2023-03-31,Ein Frankfurt,Bochum,1771.51,1598.71,2.0,5.0,6.0,6.0,1.0,1.0,D,1.0,1.0,D,18.0,8.0,7.0,2.0,14.0,13.0,15.0,2.0,3.0,2.0,0.0,0.0,1.51,4.44,6.33
D1,2023-04-01,Freiburg,Hertha,1741.2,1584.36,5.0,9.0,1.0,4.0,1.0,1.0,D,0.0,0.0,D,16.0,10.0,8.0,3.0,7.0,11.0,2.0,2.0,1.0,1.0,0.0,0.0,1.66,3.93,5.29
D1,2023-04-01,RB Leipzig,Mainz,1817.89,1701.22,3.0,9.0,5.0,11.0,0.0,3.0,A,0.0,1.0,A,12.0,19.0,3.0,7.0,13.0,20.0,3.0,4.0,3.0,3.0,0.0,0.0,1.53,4.5,5.94
D1,2023-04-01,Schalke 04,Leverkusen,1583.66,1764.01,5.0,9.0,9.0,10.0,0.0,3.0,A,0.0,0.0,D,12.0,18.0,3.0,10.0,20.0,13.0,7.0,5.0,2.0,1.0,0.0,0.0,3.95,3.7,1.92
D1,2023-04-01,Union Berlin,Stuttgart,1750.5,1600.11,5.0,6.0,1.0,4.0,3.0,0.0,H,0.0,0.0,D,13.0,17.0,5.0,8.0,11.0,12.0,3.0,5.0,1.0,1.0,0.0,0.0,2.07,3.29,3.91
D1,2023-04-01,Wolfsburg,Augsburg,1733.61,1606.71,5.0,8.0,4.0,7.0,2.0,2.0,D,0.0,2.0,A,23.0,5.0,5.0,2.0,9.0,15.0,4.0,7.0,3.0,2.0,0.0,0.0,1.63,4.18,5.22
D1,2023-04-01,Bayern Munich,Dortmund,1977.7,1828.53,6.0,9.0,7.0,13.0,4.0,2.0,H,3.0,0.0,H,16.0,10.0,9.0,4.0,11.0,7.0,6.0,2.0,1.0,1.0,0.0,0.0,1.49,5.11,5.64
D1,2023-04-02,FC Koln,MGladbach,1632.48,1678.85,1.0,1.0,2.0,5.0,0.0,0.0,D,0.0,0.0,D,12.0,8.0,5.0,2.0,18.0,8.0,11.0,1.0,3.0,3.0,0.0,0.0,2.21,3.64,3.14
D1,2023-04-02,Werder Bremen,Hoffenheim,1620.88,1609.59,1.0,4.0,3.0,3.0,1.0,2.0,A,0.0,0.0,D,12.0,8.0,5.0,2.0,11.0,16.0,1.0,6.0,3.0,4.0,0.0,0.0,2.33,3.65,2.94
D1,2023-04-08,Augsburg,FC Koln,1606.71,1632.48,2.0,5.0,1.0,2.0,1.0,3.0,A,1.0,2.0,A,13.0,11.0,1.0,5.0,5.0,11.0,6.0,1.0,3.0,4.0,0.0,0.0,2.8,3.46,2.51
D1,2023-04-08,Dortmund,Union Berlin,1828.53,1750.5,4.0,10.0,7.0,8.0,2.0,1.0,H,1.0,0.0,H,14.0,7.0,6.0,2.0,8.0,11.0,8.0,0.0,5.0,2.0,0.0,0.0,1.6,4.11,5.73
D1,2023-04-08,Freiburg,Bayern Munich,1741.2,1977.7,5.0,7.0,6.0,12.0,0.0,1.0,A,0.0,0.0,D,10.0,23.0,2.0,8.0,10.0,14.0,2.0,6.0,2.0,2.0,0.0,0.0,6.43,4.91,1.46
D1,2023-04-08,Leverkusen,Ein Frankfurt,1764.01,1740.18,9.0,13.0,2.0,3.0,3.0,1.0,H,2.0,0.0,H,13.0,9.0,8.0,3.0,9.0,13.0,2.0,5.0,1.0,5.0,0.0,0.0,1.85,3.95,3.99
D1,2023-04-08,Mainz,Werder Bremen,1701.22,1620.88,5.0,11.0,1.0,4.0,2.0,2.0,D,0.0,0.0,D,16.0,9.0,10.0,4.0,11.0,22.0,1.0,2.0,1.0,5.0,0.0,0.0,1.73,4.01,4.65
D1,2023-04-08,Hertha,RB Leipzig,1584.36,1817.89,2.0,5.0,3.0,6.0,0.0,1.0,A,0.0,1.0,A,11.0,18.0,1.0,6.0,12.0,13.0,4.0,4.0,4.0,3.0,0.0,0.0,5.35,4.11,1.62
D1,2023-04-09,MGladbach,Wolfsburg,1678.85,1733.61,2.0,3.0,5.0,9.0,2.0,0.0,H,1.0,0.0,H,13.0,9.0,6.0,2.0,12.0,11.0,5.0,8.0,0.0,1.0,0.0,0.0,2.38,3.65,2.85
D1,2023-04-09,Bochum,Stuttgart,1603.87,1600.11,7.0,7.0,1.0,1.0,2.0,3.0,A,0.0,1.0,A,11.0,14.0,5.0,7.0,12.0,8.0,7.0,4.0,3.0,3.0,0.0,0.0,3.02,3.44,2.36
D1,2023-04-09,Hoffenheim,Schalke 04,1609.59,1583.66,6.0,6.0,2.0,8.0,2.0,0.0,H,1.0,0.0,H,15.0,10.0,4.0,3.0,14.0,13.0,9.0,8.0,3.0,0.0,0.0,0.0,1.94,3.8,3.76
D1,2023-04-14,Schalke 04,Hertha,1583.66,1584.36,1.0,5.0,1.0,2.0,5.0,2.0,H,2.0,1.0,H,14.0,11.0,7.0,5.0,12.0,19.0,7.0,8.0,2.0,3.0,0.0,0.0,2.36,3.3,3.18
D1,2023-04-15,Bayern Munich,Hoffenheim,1972.86,1622.83,6.0,12.0,9.0,9.0,1.0,1.0,D,1.0,0.0,H,22.0,4.0,7.0,3.0,7.0,10.0,13.0,4.0,2.0,1.0,0.0,0.0,1.21,7.72,11.57
D1,2023-04-15,FC Koln,Mainz,1641.09,1714.47,4.0,5.0,5.0,9.0,1.0,1.0,D,0.0,1.0,A,12.0,5.0,4.0,1.0,10.0,15.0,3.0,3.0,3.0,2.0,0.0,0.0,2.63,3.37,2.74
D1,2023-04-15,RB Leipzig,Augsburg,1796.73,1594.88,3.0,6.0,2.0,5.0,3.0,2.0,H,3.0,1.0,H,13.0,14.0,6.0,3.0,8.0,11.0,3.0,5.0,2.0,3.0,0.0,0.0,1.25,6.47,11.07
D1,2023-04-15,Stuttgart,Dortmund,1600.34,1825.11,3.0,4.0,6.0,10.0,3.0,3.0,D,0.0,2.0,A,12.0,15.0,5.0,6.0,7.0,14.0,5.0,7.0,5.0,3.0,1.0,0.0,3.52,3.83,2.01
D1,2023-04-15,Ein Frankfurt,MGladbach,1728.52,1686.14,1.0,3.0,5.0,6.0,1.0,1.0,D,0.0,1.0,A,16.0,4.0,5.0,2.0,16.0,5.0,10.0,2.0,1.0,2.0,0.0,0.0,1.75,4.13,4.38
D1,2023-04-16,Werder Bremen,Freiburg,1611.97,1728.0,2.0,2.0,2.0,6.0,1.0,2.0,A,0.0,0.0,D,13.0,6.0,5.0,3.0,13.0,12.0,5.0,2.0,2.0,3.0,0.0,0.0,2.7,3.52,2.58
D1,2023-04-16,Union Berlin,Bochum,1747.5,1590.2,6.0,8.0,4.0,7.0,1.0,1.0,D,1.0,0.0,H,10.0,14.0,2.0,8.0,10.0,7.0,5.0,7.0,2.0,1.0,1.0,0.0,1.62,3.91,5.95
D1,2023-04-16,Wolfsburg,Leverkusen,1714.03,1773.78,4.0,6.0,9.0,15.0,0.0,0.0,D,0.0,0.0,D,11.0,13.0,3.0,4.0,10.0,17.0,2.0,6.0,0.0,5.0,0.0,0.0,2.81,3.62,2.45
D1,2023-04-21,Augsburg,Stuttgart,1594.88,1600.34,1.0,2.0,4.0,5.0,1.0,1.0,D,1.0,0.0,H,4.0,6.0,1.0,3.0,17.0,12.0,1.0,3.0,5.0,3.0,0.0,0.0,3.27,3.68,2.15
D1,2023-04-22,Bochum,Wolfsburg,1590.2,1714.03,2.0,8.0,2.0,6.0,1.0,5.0,A,0.0,3.0,A,23.0,15.0,6.0,7.0,11.0,8.0,10.0,3.0,3.0,3.0,0.0,0.0,3.02,3.55,2.33
D1,2023-04-22,Hertha,Werder Bremen,1569.72,1611.97,1.0,2.0,1.0,2.0,2.0,4.0,A,0.0,2.0,A,13.0,11.0,5.0,4.0,11.0,12.0,8.0,4.0,2.0,2.0,0.0,0.0,2.3,3.5,3.1
D1,2023-04-22,Hoffenheim,FC Koln,1622.83,1641.09,7.0,10.0,5.0,5.0,1.0,3.0,A,0.0,2.0,A,11.0,14.0,4.0,7.0,11.0,11.0,2.0,5.0,1.0,2.0,0.0,0.0,2.22,3.58,3.21
D1,2023-04-22,Mainz,Bayern Munich,1714.47,1972.86,5.0,7.0,7.0,10.0,3.0,1.0,H,0.0,1.0,A,13.0,11.0,4.0,2.0,14.0,6.0,2.0,7.0,2.0,0.0,0.0,0.0,5.31,4.57,1.57
D1,2023-04-22,Dortmund,Ein Frankfurt,1825.11,1728.52,4.0,8.0,2.0,3.0,4.0,0.0,H,3.0,0.0,H,14.0,9.0,7.0,2.0,10.0,13.0,5.0,2.0,2.0,3.0,0.0,0.0,1.62,4.5,4.97
D1,2023-04-23,Freiburg,Schalke 04,1728.0,1575.56,4.0,8.0,3.0,5.0,4.0,0.0,H,2.0,0.0,H,25.0,10.0,12.0,4.0,9.0,10.0,6.0,5.0,1.0,2.0,0.0,0.0,1.8,3.68,4.67
D1,2023-04-23,Leverkusen,RB Leipzig,1773.78,1796.73,7.0,13.0,6.0,9.0,2.0,0.0,H,1.0,0.0,H,8.0,26.0,6.0,8.0,10.0,9.0,0.0,9.0,3.0,5.0,0.0,1.0,2.54,3.63,2.67
D1,2023-04-23,MGladbach,Union Berlin,1686.14,1747.5,5.0,6.0,4.0,8.0,0.0,1.0,A,0.0,0.0,D,8.0,14.0,4.0,4.0,10.0,12.0,2.0,2.0,3.0,2.0,0.0,0.0,2.39,3.33,3.09
D1,2023-04-28,Bochum,Dortmund,1590.2,1825.11,1.0,5.0,7.0,10.0,1.0,1.0,D,1.0,1.0,D,10.0,21.0,4.0,6.0,13.0,9.0,4.0,11.0,1.0,2.0,0.0,0.0,6.42,5.14,1.45
D1,2023-04-29,Ein Frankfurt,Augsburg,1728.52,1594.88,1.0,2.0,1.0,3.0,1.0,1.0,D,1.0,0.0,H,7.0,9.0,1.0,3.0,6.0,11.0,5.0,7.0,2.0,2.0,0.0,0.0,1.56,4.48,5.64
D1,2023-04-29,FC Koln,Freiburg,1641.09,1728.0,7.0,8.0,6.0,8.0,0.0,1.0,A,0.0,0.0,D,21.0,12.0,8.0,6.0,15.0,7.0,9.0,6.0,1.0,1.0,0.0,0.0,2.44,3.31,3.02
D1,2023-04-29,RB Leipzig,Hoffenheim,1796.73,1622.83,6.0,6.0,4.0,10.0,1.0,0.0,H,1.0,0.0,H,16.0,5.0,2.0,2.0,9.0,14.0,7.0,1.0,0.0,2.0,0.0,0.0,1.42,5.05,7.02
D1,2023-04-29,Stuttgart,MGladbach,1600.34,1686.14,5.0,5.0,4.0,6.0,2.0,1.0,H,1.0,0.0,H,18.0,9.0,5.0,4.0,11.0,14.0,5.0,8.0,2.0,2.0,0.0,1.0,1.84,3.94,4.07
D1,2023-04-29,Union Berlin,Leverkusen,1747.5,1773.78,4.0,10.0,7.0,13.0,0.0,0.0,D,0.0,0.0,D,7.0,8.0,1.0,2.0,9.0,8.0,6.0,4.0,1.0,1.0,0.0,0.0,2.91,3.37,2.5
D1,2023-04-29,Schalke 04,Werder Bremen,1575.56,1611.97,3.0,4.0,4.0,5.0,2.0,1.0,H,0.0,1.0,A,21.0,11.0,10.0,1.0,9.0,17.0,11.0,3.0,4.0,3.0,0.0,0.0,2.28,3.56,3.09
D1,2023-04-30,Bayern Munich,Hertha,1972.86,1569.72,4.0,7.0,0.0,1.0,2.0,0.0,H,0.0,0.0,D,25.0,2.0,9.0,1.0,5.0,8.0,18.0,1.0,2.0,0.0,0.0,0.0,1.12,10.09,20.09
D1,2023-04-30,Wolfsburg,Mainz,1714.03,1714.47,4.0,8.0,5.0,9.0,3.0,0.0,H,3.0,0.0,H,10.0,10.0,4.0,2.0,6.0,10.0,3.0,5.0,1.0,3.0,0.0,0.0,2.3,3.53,3.08
D1,2023-05-05,Leverkusen,FC Koln,1800.53,1650.6,5.0,11.0,4.0,8.0,1.0,2.0,A,1.0,2.0,A,14.0,7.0,4.0,5.0,8.0,13.0,9.0,2.0,1.0,6.0,0.0,0.0,1.69,4.04,4.97
D1,2023-05-05,Mainz,Schalke 04,1724.35,1580.37,4.0,8.0,6.0,6.0,2.0,3.0,A,0.0,1.0,A,9.0,15.0,4.0,10.0,12.0,10.0,7.0,6.0,4.0,1.0,0.0,0.0,1.65,4.1,5.3
D1,2023-05-06,Augsburg,Union Berlin,1599.5,1753.31,2.0,3.0,5.0,8.0,1.0,0.0,H,0.0,0.0,D,11.0,12.0,3.0,4.0,10.0,14.0,3.0,7.0,2.0,2.0,0.0,0.0,3.41,3.27,2.26
D1,2023-05-06,Freiburg,RB Leipzig,1751.82,1796.25,9.0,10.0,6.0,9.0,0.0,1.0,A,0.0,0.0,D,5.0,13.0,2.0,6.0,9.0,11.0,3.0,3.0,2.0,4.0,0.0,0.0,3.97,3.68,1.93
D1,2023-05-06,Hertha,Stuttgart,1559.76,1617.94,0.0,1.0,5.0,8.0,2.0,1.0,H,2.0,1.0,H,7.0,16.0,3.0,4.0,9.0,19.0,3.0,5.0,4.0,1.0,0.0,0.0,3.1,3.53,2.29
D1,2023-05-06,Hoffenheim,Ein Frankfurt,1618.75,1716.0,1.0,7.0,2.0,3.0,3.0,1.0,H,3.0,0.0,H,8.0,19.0,5.0,6.0,17.0,14.0,1.0,11.0,2.0,4.0,1.0,0.0,2.35,3.65,2.93
D1,2023-05-06,MGladbach,Bochum,1675.98,1591.06,1.0,5.0,2.0,3.0,2.0,0.0,H,1.0,0.0,H,25.0,14.0,9.0,3.0,7.0,13.0,11.0,3.0,2.0,1.0,0.0,0.0,1.9,3.94,3.82
D1,2023-05-06,Werder Bremen,Bayern Munich,1613.78,1949.08,3.0,4.0,4.0,10.0,1.0,2.0,A,0.0,0.0,D,12.0,12.0,2.0,4.0,14.0,11.0,1.0,11.0,2.0,1.0,0.0,0.0,8.13,6.11,1.32
D1,2023-05-07,Dortmund,Wolfsburg,1827.62,1741.73,5.0,8.0,7.0,8.0,6.0,0.0,H,3.0,0.0,H,20.0,10.0,10.0,3.0,11.0,14.0,10.0,6.0,0.0,1.0,0.0,0.0,1.51,4.97,5.67
D1,2023-05-12,FC Koln,Hertha,1650.6,1559.76,6.0,10.0,3.0,3.0,5.0,2.0,H,3.0,2.0,H,28.0,9.0,15.0,3.0,11.0,14.0,12.0,3.0,2.0,7.0,0.0,0.0,1.9,3.74,4.07
D1,2023-05-13,Bayern Munich,Schalke 04,1949.08,1580.37,6.0,10.0,6.0,9.0,6.0,0.0,H,2.0,0.0,H,23.0,8.0,14.0,0.0,10.0,10.0,4.0,3.0,0.0,3.0,0.0,0.0,1.12,10.0,18.74
D1,2023-05-13,Bochum,Augsburg,1591.06,1599.5,1.0,2.0,5.0,5.0,3.0,2.0,H,1.0,1.0,D,15.0,12.0,8.0,2.0,13.0,16.0,7.0,7.0,3.0,2.0,0.0,0.0,2.16,3.58,3.32
D1,2023-05-13,Ein Frankfurt,Mainz,1716.0,1724.35,1.0,2.0,3.0,5.0,3.0,0.0,H,2.0,0.0,H,17.0,10.0,7.0,4.0,4.0,10.0,5.0,1.0,1.0,3.0,0.0,0.0,2.12,3.7,3.34
D1,2023-05-13,Union Berlin,Freiburg,1753.31,1751.82,4.0,5.0,6.0,9.0,4.0,2.0,H,3.0,0.0,H,10.0,13.0,4.0,8.0,18.0,13.0,1.0,7.0,3.0,1.0,0.0,0.0,2.19,3.18,3.68
D1,2023-05-13,Wolfsburg,Hoffenheim,1741.73,1618.75,6.0,7.0,3.0,7.0,2.0,1.0,H,1.0,0.0,H,8.0,10.0,3.0,2.0,17.0,12.0,3.0,7.0,2.0,2.0,0.0,0.0,1.93,3.94,3.68
D1,2023-05-13,Dortmund,MGladbach,1827.62,1675.98,7.0,11.0,3.0,7.0,5.0,2.0,H,4.0,0.0,H,33.0,13.0,13.0,8.0,10.0,12.0,10.0,4.0,0.0,2.0,0.0,0.0,1.25,7.03,10.12
D1,2023-05-14,Stuttgart,Leverkusen,1617.94,1800.53,4.0,8.0,4.0,8.0,1.0,1.0,D,0.0,0.0,D,9.0,12.0,1.0,3.0,7.0,14.0,7.0,3.0,3.0,4.0,0.0,0.0,2.48,3.59,2.76
D1,2023-05-14,RB Leipzig,Werder Bremen,1796.25,1613.78,6.0,12.0,3.0,4.0,2.0,1.0,H,0.0,0.0,D,20.0,6.0,7.0,2.0,12.0,20.0,3.0,2.0,2.0,5.0,0.0,0.0,1.25,6.59,10.7
D1,2023-05-19,Freiburg,Wolfsburg,1732.84,1734.17,3.0,9.0,6.0,10.0,2.0,0.0,H,0.0,0.0,D,16.0,9.0,7.0,2.0,15.0,16.0,4.0,4.0,1.0,3.0,1.0,0.0,2.03,3.79,3.55
D1,2023-05-20,Hertha,Bochum,1559.31,1590.63,3.0,3.0,4.0,5.0,1.0,1.0,D,0.0,0.0,D,14.0,17.0,4.0,6.0,7.0,10.0,9.0,5.0,1.0,1.0,0.0,0.0,2.25,3.76,3.04
D1,2023-05-20,Hoffenheim,Union Berlin,1626.02,1750.73,3.0,4.0,4.0,8.0,4.0,2.0,H,2.0,1.0,H,10.0,20.0,5.0,4.0,15.0,15.0,1.0,5.0,4.0,5.0,0.0,0.0,2.53,3.47,2.8
D1,2023-05-20,Schalke 04,Ein Frankfurt,1589.76,1713.46,6.0,9.0,4.0,5.0,2.0,2.0,D,1.0,1.0,D,11.0,6.0,4.0,3.0,11.0,16.0,8.0,3.0,3.0,4.0,0.0,0.0,2.92,3.78,2.31
D1,2023-05-20,Werder Bremen,FC Koln,1607.74,1669.58,0.0,3.0,6.0,10.0,1.0,1.0,D,0.0,1.0,A,13.0,13.0,6.0,4.0,10.0,9.0,4.0,9.0,4.0,2.0,0.0,0.0,2.58,3.75,2.6
D1,2023-05-20,Bayern Munich,RB Leipzig,1952.53,1806.03,9.0,10.0,9.0,12.0,1.0,3.0,A,1.0,0.0,H,17.0,16.0,4.0,8.0,8.0,11.0,7.0,2.0,1.0,1.0,0.0,0.0,1.52,4.98,5.65
D1,2023-05-21,Mainz,Stuttgart,1698.82,1611.68,0.0,4.0,4.0,6.0,1.0,4.0,A,1.0,1.0,D,9.0,8.0,6.0,6.0,18.0,11.0,6.0,3.0,3.0,1.0,0.0,0.0,2.51,3.63,2.73
D1,2023-05-21,Augsburg,Dortmund,1601.79,1841.74,4.0,5.0,7.0,11.0,0.0,3.0,A,0.0,0.0,D,4.0,28.0,1.0,10.0,12.0,9.0,3.0,8.0,3.0,3.0,1.0,0.0,6.74,5.53,1.4
D1,2023-05-21,Leverkusen,MGladbach,1779.39,1675.72,2.0,6.0,3.0,4.0,2.0,2.0,D,2.0,0.0,H,13.0,9.0,6.0,5.0,12.0,15.0,2.0,3.0,3.0,3.0,1.0,0.0,1.47,5.04,6.06
D1,2023-05-27,Bochum,Leverkusen,1590.63,1779.39,4.0,5.0,2.0,6.0,3.0,0.0,H,2.0,0.0,H,10.0,11.0,5.0,2.0,12.0,12.0,2.0,5.0,5.0,5.0,0.0,1.0,3.29,4.05,2.03
D1,2023-05-27,Dortmund,Mainz,1841.74,1698.82,9.0,13.0,0.0,3.0,2.0,2.0,D,0.0,2.0,A,30.0,10.0,12.0,4.0,5.0,14.0,6.0,3.0,1.0,1.0,0.0,0.0,1.15,9.23,15.14
D1,2023-05-27,Ein Frankfurt,Freiburg,1713.46,1732.84,4.0,5.0,3.0,9.0,2.0,1.0,H,0.0,1.0,A,14.0,13.0,8.0,7.0,13.0,10.0,3.0,6.0,4.0,2.0,0.0,0.0,2.38,3.81,2.77
D1,2023-05-27,FC Koln,Bayern Munich,1669.58,1952.53,7.0,10.0,6.0,9.0,1.0,2.0,A,0.0,1.0,A,9.0,11.0,3.0,3.0,11.0,8.0,7.0,3.0,3.0,0.0,0.0,0.0,7.94,6.14,1.32
D1,2023-05-27,MGladbach,Augsburg,1675.72,1601.79,4.0,4.0,3.0,5.0,2.0,0.0,H,2.0,0.0,H,17.0,9.0,7.0,3.0,5.0,19.0,4.0,4.0,0.0,1.0,0.0,1.0,2.18,3.88,3.07
D1,2023-05-27,RB Leipzig,Schalke 04,1806.03,1589.76,9.0,12.0,4.0,7.0,4.0,2.0,H,2.0,1.0,H,19.0,16.0,12.0,4.0,13.0,11.0,4.0,5.0,2.0,2.0,0.0,0.0,1.61,4.66,4.75
D1,2023-05-27,Stuttgart,Hoffenheim,1611.68,1626.02,4.0,8.0,6.0,6.0,1.0,1.0,D,0.0,0.0,D,19.0,8.0,4.0,2.0,12.0,10.0,9.0,2.0,0.0,0.0,0.0,0.0,1.59,4.62,5.01
D1,2023-05-27,Union Berlin,Werder Bremen,1750.73,1607.74,3.0,7.0,1.0,4.0,1.0,0.0,H,0.0,0.0,D,16.0,7.0,4.0,4.0,9.0,10.0,15.0,1.0,1.0,3.0,0.0,0.0,1.44,4.77,7.05
D1,2023-05-27,Wolfsburg,Hertha,1734.17,1559.31,3.0,9.0,4.0,4.0,1.0,2.0,A,1.0,0.0,H,19.0,9.0,9.0,5.0,9.0,18.0,7.0,3.0,1.0,5.0,0.0,0.0,1.34,5.7,8.18
D1,2023-08-18,Werder Bremen,Bayern Munich,1602.03,1935.63,1.0,1.0,6.0,12.0,0.0,4.0,A,0.0,1.0,A,6.0,25.0,1.0,10.0,16.0,11.0,0.0,6.0,2.0,1.0,0.0,0.0,8.5,6.09,1.32
D1,2023-08-19,Augsburg,MGladbach,1587.16,1684.28,0.0,4.0,4.0,7.0,4.0,4.0,D,3.0,3.0,D,20.0,9.0,8.0,6.0,9.0,14.0,8.0,7.0,1.0,2.0,0.0,0.0,2.72,3.69,2.47
D1,2023-08-19,Hoffenheim,Freiburg,1639.18,1732.67,4.0,7.0,3.0,6.0,1.0,2.0,A,0.0,2.0,A,24.0,17.0,5.0,8.0,9.0,9.0,4.0,2.0,0.0,1.0,0.0,0.0,2.35,3.63,2.94
D1,2023-08-19,Leverkusen,RB Leipzig,1748.23,1825.38,2.0,3.0,9.0,15.0,3.0,2.0,H,2.0,1.0,H,11.0,13.0,7.0,6.0,13.0,10.0,4.0,5.0,1.0,2.0,0.0,0.0,2.47,3.62,2.78
D1,2023-08-19,Stuttgart,Bochum,1628.82,1608.66,5.0,8.0,7.0,8.0,5.0,0.0,H,2.0,0.0,H,19.0,4.0,9.0,1.0,5.0,12.0,7.0,0.0,1.0,1.0,0.0,0.0,1.69,4.17,4.69
D1,2023-08-19,Wolfsburg,Heidenheim,1710.01,1568.46,3.0,6.0,6.0,10.0,2.0,0.0,H,2.0,0.0,H,18.0,13.0,8.0,1.0,10.0,9.0,1.0,7.0,3.0,0.0,0.0,0.0,1.62,4.31,5.19
D1,2023-08-19,Dortmund,FC Koln,1840.54,1664.45,7.0,11.0,4.0,7.0,1.0,0.0,H,0.0,0.0,D,12.0,11.0,2.0,4.0,13.0,11.0,6.0,3.0,1.0,0.0,0.0,0.0,1.4,5.21,7.24
D1,2023-08-20,Union Berlin,Mainz,1738.94,1682.04,6.0,7.0,1.0,1.0,4.0,1.0,H,2.0,0.0,H,12.0,9.0,7.0,3.0,15.0,16.0,3.0,1.0,1.0,5.0,0.0,0.0,2.01,3.45,3.92
D1,2023-08-20,Ein Frankfurt,Darmstadt,1717.05,1552.38,7.0,8.0,3.0,6.0,1.0,0.0,H,1.0,0.0,H,10.0,11.0,4.0,2.0,9.0,14.0,7.0,3.0,2.0,3.0,0.0,0.0,1.39,5.12,7.82
D1,2023-08-25,RB Leipzig,Stuttgart,1825.38,1628.82,6.0,12.0,7.0,8.0,5.0,1.0,H,0.0,1.0,A,20.0,8.0,11.0,3.0,12.0,10.0,4.0,4.0,1.0,1.0,0.0,0.0,1.51,4.71,6.09
D1,2023-08-26,Bochum,Dortmund,1608.66,1840.54,4.0,7.0,7.0,13.0,1.0,1.0,D,1.0,0.0,H,17.0,13.0,6.0,3.0,21.0,7.0,5.0,4.0,2.0,1.0,0.0,0.0,6.72,5.29,1.42
D1,2023-08-26,Darmstadt,Union Berlin,1552.38,1738.94,3.0,3.0,6.0,9.0,1.0,4.0,A,1.0,3.0,A,18.0,12.0,6.0,6.0,15.0,12.0,3.0,5.0,2.0,2.0,0.0,1.0,3.88,3.44,2.03
D1,2023-08-26,FC Koln,Wolfsburg,1664.45,1710.01,1.0,7.0,3.0,6.0,1.0,2.0,A,0.0,0.0,D,14.0,9.0,2.0,6.0,6.0,10.0,6.0,1.0,1.0,5.0,0.0,0.0,2.36,3.56,2.98
D1,2023-08-26,Freiburg,Werder Bremen,1732.67,1602.03,6.0,6.0,1.0,1.0,1.0,0.0,H,0.0,0.0,D,23.0,16.0,6.0,2.0,9.0,8.0,5.0,5.0,2.0,2.0,0.0,0.0,1.71,4.06,4.75
D1,2023-08-26,Heidenheim,Hoffenheim,1568.46,1639.18,6.0,7.0,4.0,7.0,2.0,3.0,A,1.0,0.0,H,19.0,16.0,9.0,6.0,13.0,9.0,10.0,6.0,1.0,5.0,0.0,0.0,2.98,3.73,2.3
D1,2023-08-26,MGladbach,Leverkusen,1684.28,1748.23,5.0,8.0,4.0,5.0,0.0,3.0,A,0.0,2.0,A,13.0,24.0,2.0,10.0,7.0,8.0,5.0,8.0,2.0,3.0,0.0,0.0,3.68,4.1,1.91
D1,2023-08-27,Mainz,Ein Frankfurt,1682.04,1717.05,1.0,1.0,7.0,10.0,1.0,1.0,D,1.0,0.0,H,13.0,8.0,7.0,2.0,23.0,12.0,5.0,4.0,3.0,4.0,0.0,1.0,2.43,3.63,2.83
D1,2023-08-27,Bayern Munich,Augsburg,1935.63,1587.16,6.0,12.0,1.0,4.0,3.0,1.0,H,2.0,0.0,H,19.0,11.0,6.0,2.0,13.0,8.0,10.0,4.0,1.0,2.0,0.0,0.0,1.08,12.99,24.71
D1,2023-09-01,Dortmund,Heidenheim,1839.04,1556.53,5.0,11.0,3.0,6.0,2.0,2.0,D,2.0,0.0,H,20.0,15.0,9.0,6.0,9.0,22.0,3.0,6.0,3.0,3.0,0.0,0.0,1.25,6.82,10.4
D1,2023-09-02,Augsburg,Bochum,1587.17,1601.25,1.0,1.0,4.0,8.0,2.0,2.0,D,1.0,1.0,D,11.0,22.0,3.0,9.0,15.0,13.0,3.0,5.0,2.0,2.0,0.0,0.0,2.03,3.7,3.56
D1,2023-09-02,Hoffenheim,Wolfsburg,1640.42,1723.69,4.0,7.0,6.0,9.0,3.0,1.0,H,1.0,1.0,D,11.0,14.0,5.0,7.0,12.0,15.0,3.0,3.0,2.0,2.0,0.0,0.0,2.47,3.77,2.67
D1,2023-09-02,Leverkusen,Darmstadt,1770.34,1541.73,6.0,8.0,0.0,3.0,5.0,1.0,H,1.0,1.0,D,24.0,5.0,13.0,1.0,8.0,11.0,4.0,2.0,3.0,2.0,0.0,0.0,1.2,7.3,13.64
D1,2023-09-02,Stuttgart,Freiburg,1636.78,1743.83,4.0,8.0,6.0,9.0,5.0,0.0,H,3.0,0.0,H,13.0,11.0,6.0,5.0,9.0,10.0,2.0,4.0,1.0,1.0,0.0,0.0,2.18,3.68,3.2
D1,2023-09-02,Werder Bremen,Mainz,1594.6,1673.41,0.0,1.0,2.0,2.0,4.0,0.0,H,1.0,0.0,H,12.0,12.0,6.0,3.0,18.0,14.0,1.0,7.0,2.0,2.0,0.0,0.0,2.7,3.57,2.55
D1,2023-09-02,MGladbach,Bayern Munich,1670.76,1942.47,4.0,5.0,9.0,12.0,1.0,2.0,A,1.0,0.0,H,8.0,25.0,3.0,9.0,5.0,20.0,1.0,15.0,0.0,2.0,0.0,0.0,8.28,6.34,1.31
D1,2023-09-03,Ein Frankfurt,FC Koln,1722.86,1653.97,7.0,11.0,0.0,4.0,1.0,1.0,D,0.0,1.0,A,12.0,6.0,4.0,2.0,10.0,10.0,8.0,1.0,1.0,3.0,0.0,0.0,2.13,3.49,3.49
D1,2023-09-03,Union Berlin,RB Leipzig,1756.63,1823.25,9.0,12.0,6.0,12.0,0.0,3.0,A,0.0,0.0,D,4.0,15.0,1.0,8.0,16.0,9.0,3.0,7.0,3.0,1.0,1.0,0.0,3.22,3.45,2.26
D1,2023-09-15,Bayern Munich,Leverkusen,1945.68,1774.58,9.0,12.0,9.0,10.0,2.0,2.0,D,1.0,1.0,D,15.0,12.0,9.0,5.0,6.0,6.0,7.0,4.0,0.0,3.0,0.0,0.0,1.62,4.66,4.76
D1,2023-09-16,FC Koln,Hoffenheim,1657.79,1652.23,1.0,2.0,6.0,10.0,1.0,3.0,A,0.0,2.0,A,17.0,17.0,7.0,5.0,15.0,14.0,13.0,4.0,4.0,4.0,1.0,0.0,2.22,3.78,3.05
D1,2023-09-16,Freiburg,Dortmund,1723.42,1831.42,6.0,9.0,5.0,9.0,2.0,4.0,A,2.0,1.0,H,14.0,14.0,4.0,6.0,12.0,16.0,6.0,8.0,2.0,3.0,1.0,0.0,3.16,3.84,2.15
D1,2023-09-16,Mainz,Stuttgart,1656.89,1657.18,1.0,2.0,6.0,10.0,1.0,3.0,A,0.0,0.0,D,15.0,16.0,3.0,6.0,12.0,9.0,6.0,4.0,1.0,2.0,0.0,0.0,2.55,3.65,2.66
D1,2023-09-16,RB Leipzig,Augsburg,1837.46,1585.71,6.0,12.0,2.0,2.0,3.0,0.0,H,3.0,0.0,H,9.0,16.0,6.0,4.0,16.0,12.0,1.0,6.0,0.0,0.0,0.0,0.0,1.23,6.98,11.49
D1,2023-09-16,Wolfsburg,Union Berlin,1711.89,1742.42,6.0,6.0,6.0,9.0,2.0,1.0,H,2.0,1.0,H,8.0,17.0,3.0,5.0,6.0,8.0,3.0,7.0,1.0,0.0,0.0,0.0,2.26,3.47,3.22
D1,2023-09-16,Bochum,Ein Frankfurt,1602.71,1719.04,2.0,6.0,5.0,9.0,1.0,1.0,D,0.0,0.0,D,24.0,8.0,10.0,6.0,13.0,14.0,8.0,2.0,3.0,2.0,0.0,0.0,2.93,3.63,2.35
D1,2023-09-17,Heidenheim,Werder Bremen,1564.14,1611.12,1.0,7.0,3.0,4.0,4.0,2.0,H,2.0,0.0,H,19.0,11.0,4.0,4.0,21.0,9.0,10.0,1.0,1.0,1.0,0.0,0.0,2.35,3.79,2.83
D1,2023-09-17,Darmstadt,MGladbach,1537.49,1667.54,0.0,3.0,1.0,5.0,3.0,3.0,D,3.0,0.0,H,15.0,21.0,8.0,10.0,12.0,8.0,6.0,6.0,1.0,1.0,1.0,0.0,2.96,3.61,2.34
D1,2023-09-22,Stuttgart,Darmstadt,1657.18,1537.49,6.0,10.0,1.0,1.0,3.0,1.0,H,2.0,1.0,H,18.0,3.0,11.0,0.0,7.0,12.0,5.0,4.0,1.0,6.0,0.0,0.0,1.38,5.14,7.89
D1,2023-09-23,Augsburg,Mainz,1585.71,1656.89,1.0,2.0,1.0,2.0,2.0,1.0,H,2.0,1.0,H,6.0,13.0,3.0,3.0,16.0,14.0,3.0,4.0,2.0,3.0,1.0,0.0,2.59,3.63,2.62
D1,2023-09-23,Bayern Munich,Bochum,1945.68,1602.71,7.0,13.0,3.0,6.0,7.0,0.0,H,4.0,0.0,H,26.0,4.0,16.0,1.0,8.0,10.0,8.0,1.0,0.0,1.0,0.0,0.0,1.1,11.34,20.92
D1,2023-09-23,Dortmund,Wolfsburg,1831.42,1711.89,5.0,9.0,6.0,9.0,1.0,0.0,H,0.0,0.0,D,18.0,8.0,4.0,2.0,9.0,14.0,5.0,3.0,0.0,1.0,0.0,0.0,1.69,4.39,4.46
D1,2023-09-23,MGladbach,RB Leipzig,1667.54,1837.46,1.0,5.0,9.0,12.0,0.0,1.0,A,0.0,0.0,D,13.0,8.0,1.0,4.0,14.0,7.0,11.0,6.0,1.0,1.0,0.0,0.0,5.07,4.69,1.58
D1,2023-09-23,Union Berlin,Hoffenheim,1742.42,1652.23,3.0,9.0,9.0,10.0,0.0,2.0,A,0.0,2.0,A,22.0,11.0,6.0,4.0,11.0,13.0,11.0,6.0,1.0,3.0,0.0,0.0,2.12,3.67,3.36
D1,2023-09-23,Werder Bremen,FC Koln,1611.12,1657.79,3.0,3.0,1.0,1.0,2.0,1.0,H,1.0,1.0,D,17.0,13.0,6.0,5.0,18.0,16.0,9.0,8.0,2.0,1.0,0.0,0.0,2.54,3.62,2.68
D1,2023-09-24,Leverkusen,Heidenheim,1774.58,1564.14,7.0,10.0,4.0,7.0,4.0,1.0,H,1.0,0.0,H,20.0,1.0,10.0,1.0,9.0,10.0,7.0,2.0,1.0,1.0,0.0,0.0,1.23,6.98,11.42
D1,2023-09-24,Ein Frankfurt,Freiburg,1719.04,1723.42,3.0,9.0,3.0,6.0,0.0,0.0,D,0.0,0.0,D,13.0,9.0,5.0,2.0,12.0,5.0,7.0,3.0,4.0,2.0,0.0,0.0,2.09,3.63,3.44
D1,2023-09-29,Hoffenheim,Dortmund,1652.23,1831.42,9.0,12.0,7.0,11.0,1.0,3.0,A,1.0,2.0,A,15.0,6.0,5.0,5.0,14.0,16.0,4.0,3.0,3.0,4.0,0.0,1.0,3.11,4.13,2.11
D1,2023-09-30,Bochum,MGladbach,1602.71,1667.54,2.0,3.0,1.0,2.0,1.0,3.0,A,0.0,3.0,A,23.0,25.0,5.0,9.0,12.0,12.0,5.0,10.0,2.0,3.0,0.0,0.0,2.33,3.79,2.88
D1,2023-09-30,FC Koln,Stuttgart,1657.79,1657.18,1.0,1.0,9.0,12.0,0.0,2.0,A,0.0,0.0,D,14.0,18.0,5.0,4.0,16.0,8.0,8.0,4.0,2.0,1.0,0.0,0.0,2.85,3.65,2.42
D1,2023-09-30,Heidenheim,Union Berlin,1564.14,1742.42,4.0,4.0,0.0,6.0,1.0,0.0,H,0.0,0.0,D,9.0,19.0,4.0,8.0,11.0,14.0,5.0,7.0,1.0,2.0,0.0,0.0,3.07,3.65,2.27
D1,2023-09-30,Mainz,Leverkusen,1656.89,1774.58,0.0,1.0,7.0,13.0,0.0,3.0,A,0.0,1.0,A,10.0,6.0,3.0,3.0,13.0,11.0,3.0,1.0,4.0,1.0,0.0,0.0,5.65,4.64,1.54
D1,2023-09-30,Wolfsburg,Ein Frankfurt,1711.89,1719.04,3.0,9.0,3.0,7.0,2.0,0.0,H,1.0,0.0,H,19.0,7.0,7.0,3.0,11.0,18.0,7.0,4.0,1.0,6.0,0.0,1.0,2.11,3.55,3.51
D1,2023-09-30,RB Leipzig,Bayern Munich,1837.46,1945.68,9.0,12.0,7.0,13.0,2.0,2.0,D,2.0,0.0,H,7.0,11.0,2.0,5.0,10.0,11.0,5.0,1.0,2.0,5.0,0.0,0.0,3.56,4.21,1.93
D1,2023-10-01,Darmstadt,Werder Bremen,1537.23,1610.64,1.0,1.0,6.0,6.0,4.0,2.0,H,2.0,0.0,H,14.0,10.0,5.0,7.0,19.0,19.0,2.0,4.0,3.0,2.0,0.0,0.0,2.8,3.7,2.42
D1,2023-10-01,Freiburg,Augsburg,1725.19,1592.97,1.0,7.0,4.0,5.0,2.0,0.0,H,1.0,0.0,H,7.0,13.0,3.0,4.0,13.0,17.0,2.0,3.0,2.0,2.0,0.0,0.0,1.72,4.13,4.59
D1,2023-10-06,MGladbach,Mainz,1675.1,1628.32,4.0,4.0,0.0,1.0,2.0,2.0,D,1.0,1.0,D,20.0,13.0,9.0,7.0,9.0,9.0,10.0,3.0,3.0,1.0,0.0,0.0,2.06,3.87,3.42
D1,2023-10-07,Augsburg,Darmstadt,1592.97,1537.23,3.0,4.0,4.0,4.0,1.0,2.0,A,0.0,0.0,D,17.0,17.0,3.0,5.0,13.0,12.0,4.0,4.0,4.0,2.0,0.0,0.0,1.9,3.87,3.95
D1,2023-10-07,Dortmund,Union Berlin,1845.56,1709.28,9.0,11.0,0.0,3.0,4.0,2.0,H,1.0,2.0,A,12.0,12.0,7.0,6.0,7.0,15.0,4.0,6.0,1.0,1.0,0.0,0.0,1.61,4.38,5.31
D1,2023-10-07,RB Leipzig,Bochum,1855.61,1592.35,7.0,13.0,1.0,3.0,0.0,0.0,D,0.0,0.0,D,18.0,9.0,5.0,2.0,10.0,13.0,9.0,1.0,2.0,4.0,0.0,0.0,1.24,6.81,11.15
D1,2023-10-07,Stuttgart,Wolfsburg,1690.84,1726.87,9.0,12.0,6.0,9.0,3.0,1.0,H,0.0,1.0,A,13.0,12.0,7.0,5.0,13.0,14.0,5.0,6.0,1.0,3.0,0.0,0.0,2.0,3.76,3.64
D1,2023-10-07,Werder Bremen,Hoffenheim,1610.64,1677.14,3.0,6.0,6.0,12.0,2.0,3.0,A,1.0,2.0,A,13.0,11.0,3.0,4.0,15.0,6.0,4.0,4.0,5.0,4.0,0.0,0.0,2.75,3.9,2.38
D1,2023-10-08,Leverkusen,FC Koln,1799.64,1626.9,7.0,13.0,0.0,1.0,3.0,0.0,H,2.0,0.0,H,21.0,7.0,10.0,3.0,9.0,7.0,11.0,4.0,3.0,0.0,0.0,0.0,1.34,5.58,8.69
D1,2023-10-08,Bayern Munich,Freiburg,1948.58,1725.19,5.0,11.0,4.0,7.0,3.0,0.0,H,2.0,0.0,H,21.0,2.0,5.0,0.0,7.0,8.0,7.0,1.0,1.0,0.0,0.0,0.0,1.16,8.73,15.05
D1,2023-10-08,Ein Frankfurt,Heidenheim,1710.36,1583.33,2.0,4.0,6.0,7.0,2.0,0.0,H,1.0,0.0,H,12.0,7.0,6.0,2.0,14.0,10.0,3.0,6.0,2.0,3.0,0.0,0.0,1.73,4.07,4.63
D1,2023-10-20,Dortmund,Werder Bremen,1837.65,1581.18,9.0,13.0,3.0,6.0,1.0,0.0,H,0.0,0.0,D,22.0,6.0,5.0,1.0,5.0,10.0,10.0,4.0,1.0,5.0,0.0,0.0,1.3,6.52,8.74
D1,2023-10-21,Darmstadt,RB Leipzig,1548.87,1831.13,6.0,7.0,5.0,11.0,1.0,3.0,A,1.0,2.0,A,16.0,10.0,3.0,7.0,16.0,12.0,6.0,0.0,6.0,3.0,0.0,0.0,6.54,4.92,1.46
D1,2023-10-21,Freiburg,Bochum,1707.81,1589.2,4.0,4.0,1.0,3.0,2.0,1.0,H,2.0,1.0,H,15.0,13.0,5.0,5.0,11.0,16.0,5.0,2.0,3.0,4.0,0.0,0.0,1.73,3.98,4.69
D1,2023-10-21,Hoffenheim,Ein Frankfurt,1674.22,1694.99,6.0,12.0,4.0,6.0,1.0,3.0,A,1.0,3.0,A,14.0,13.0,5.0,5.0,7.0,7.0,6.0,3.0,3.0,0.0,0.0,0.0,2.12,3.67,3.37
D1,2023-10-21,Union Berlin,Stuttgart,1683.17,1690.37,0.0,0.0,9.0,15.0,0.0,3.0,A,0.0,1.0,A,10.0,10.0,2.0,5.0,12.0,12.0,4.0,2.0,2.0,1.0,0.0,0.0,2.54,3.54,2.75
D1,2023-10-21,Wolfsburg,Leverkusen,1706.31,1797.82,3.0,6.0,9.0,13.0,1.0,2.0,A,1.0,1.0,D,18.0,13.0,7.0,6.0,15.0,14.0,4.0,3.0,3.0,5.0,0.0,0.0,4.47,4.12,1.75
D1,2023-10-21,Mainz,Bayern Munich,1621.07,1944.26,1.0,1.0,7.0,11.0,1.0,3.0,A,1.0,2.0,A,14.0,12.0,3.0,5.0,12.0,10.0,2.0,7.0,3.0,2.0,0.0,0.0,9.77,6.53,1.28
D1,2023-10-22,FC Koln,MGladbach,1611.71,1661.32,0.0,1.0,4.0,5.0,3.0,1.0,H,1.0,0.0,H,21.0,5.0,8.0,2.0,13.0,10.0,8.0,3.0,0.0,2.0,0.0,1.0,2.38,3.72,2.86
D1,2023-10-22,Heidenheim,Augsburg,1567.59,1566.8,3.0,7.0,3.0,4.0,2.0,5.0,A,2.0,3.0,A,16.0,9.0,5.0,6.0,11.0,11.0,6.0,5.0,3.0,2.0,0.0,0.0,2.4,3.62,2.87
D1,2023-10-27,Bochum,Mainz,1589.2,1621.07,1.0,2.0,1.0,1.0,2.0,2.0,D,1.0,0.0,H,10.0,10.0,4.0,4.0,14.0,21.0,5.0,4.0,3.0,3.0,0.0,0.0,2.72,3.54,2.56
D1,2023-10-28,Augsburg,Wolfsburg,1566.8,1706.31,3.0,6.0,3.0,6.0,3.0,2.0,H,1.0,2.0,A,9.0,13.0,5.0,6.0,19.0,14.0,5.0,5.0,6.0,4.0,1.0,0.0,2.87,3.63,2.4
D1,2023-10-28,Bayern Munich,Darmstadt,1944.26,1548.87,7.0,11.0,6.0,7.0,8.0,0.0,H,0.0,0.0,D,28.0,10.0,16.0,4.0,15.0,13.0,7.0,1.0,1.0,2.0,1.0,2.0,1.07,14.36,28.45
D1,2023-10-28,MGladbach,Heidenheim,1661.32,1567.59,4.0,5.0,3.0,6.0,2.0,1.0,H,1.0,1.0,D,11.0,8.0,6.0,3.0,5.0,18.0,6.0,4.0,0.0,3.0,0.0,0.0,1.8,4.17,4.09
D1,2023-10-28,Stuttgart,Hoffenheim,1690.37,1674.22,9.0,15.0,3.0,9.0,2.0,3.0,A,0.0,2.0,A,23.0,7.0,10.0,5.0,13.0,11.0,6.0,0.0,2.0,1.0,0.0,0.0,1.86,4.14,3.82
D1,2023-10-28,Werder Bremen,Union Berlin,1581.18,1683.17,0.0,3.0,0.0,0.0,2.0,0.0,H,1.0,0.0,H,9.0,7.0,3.0,2.0,12.0,14.0,3.0,3.0,1.0,4.0,0.0,1.0,2.68,3.54,2.61
D1,2023-10-28,RB Leipzig,FC Koln,1831.13,1611.71,5.0,11.0,3.0,3.0,6.0,0.0,H,4.0,0.0,H,24.0,6.0,13.0,1.0,8.0,13.0,11.0,1.0,2.0,4.0,0.0,1.0,1.44,4.97,7.1
D1,2023-10-29,Ein Frankfurt,Dortmund,1694.99,1837.65,6.0,8.0,9.0,15.0,3.0,3.0,D,2.0,1.0,H,11.0,14.0,7.0,4.0,11.0,10.0,0.0,4.0,3.0,2.0,0.0,0.0,3.24,3.69,2.17
D1,2023-10-29,Leverkusen,Freiburg,1797.82,1707.81,9.0,13.0,6.0,7.0,2.0,1.0,H,1.0,0.0,H,19.0,10.0,4.0,4.0,9.0,10.0,11.0,4.0,0.0,2.0,0.0,0.0,1.29,6.01,10.41
D1,2023-11-03,Darmstadt,Bochum,1550.28,1592.43,3.0,6.0,2.0,2.0,1.0,2.0,A,1.0,1.0,D,15.0,9.0,4.0,4.0,7.0,16.0,11.0,2.0,2.0,5.0,1.0,0.0,2.38,3.62,2.91
D1,2023-11-04,FC Koln,Augsburg,1624.66,1600.6,3.0,3.0,6.0,9.0,1.0,1.0,D,1.0,1.0,D,28.0,18.0,12.0,3.0,10.0,10.0,10.0,2.0,1.0,4.0,0.0,0.0,2.35,3.72,2.89
D1,2023-11-04,Freiburg,MGladbach,1717.88,1662.66,3.0,7.0,4.0,7.0,3.0,3.0,D,1.0,3.0,A,15.0,10.0,8.0,5.0,7.0,10.0,8.0,2.0,2.0,2.0,0.0,0.0,2.1,3.85,3.28
D1,2023-11-04,Hoffenheim,Leverkusen,1679.75,1821.38,6.0,9.0,9.0,15.0,2.0,3.0,A,0.0,2.0,A,12.0,10.0,7.0,4.0,6.0,10.0,4.0,3.0,3.0,2.0,0.0,0.0,4.85,4.82,1.59
D1,2023-11-04,Mainz,RB Leipzig,1626.39,1851.35,2.0,2.0,7.0,11.0,2.0,0.0,H,0.0,0.0,D,10.0,10.0,3.0,2.0,13.0,9.0,2.0,7.0,3.0,1.0,0.0,0.0,5.23,4.44,1.6
D1,2023-11-04,Union Berlin,Ein Frankfurt,1658.03,1719.77,0.0,0.0,7.0,8.0,0.0,3.0,A,0.0,2.0,A,10.0,4.0,3.0,3.0,13.0,8.0,9.0,1.0,0.0,1.0,0.0,0.0,2.56,3.25,2.92
D1,2023-11-04,Dortmund,Bayern Munich,1856.54,1963.99,7.0,13.0,9.0,13.0,0.0,4.0,A,0.0,2.0,A,15.0,14.0,1.0,8.0,14.0,6.0,3.0,2.0,3.0,2.0,0.0,0.0,3.81,4.39,1.82
D1,2023-11-05,Wolfsburg,Werder Bremen,1697.66,1599.18,0.0,3.0,3.0,6.0,2.0,2.0,D,1.0,1.0,D,15.0,13.0,5.0,4.0,14.0,17.0,5.0,2.0,4.0,1.0,1.0,0.0,1.73,4.3,4.32
D1,2023-11-05,Heidenheim,Stuttgart,1554.83,1704.15,0.0,3.0,6.0,12.0,2.0,0.0,H,0.0,0.0,D,19.0,14.0,2.0,2.0,7.0,13.0,9.0,6.0,2.0,2.0,0.0,0.0,4.6,4.38,1.68
D1,2023-11-10,MGladbach,Wolfsburg,1662.66,1697.66,4.0,8.0,1.0,4.0,4.0,0.0,H,2.0,0.0,H,16.0,12.0,8.0,4.0,7.0,12.0,8.0,5.0,1.0,3.0,0.0,0.0,2.38,3.76,2.82
D1,2023-11-11,Augsburg,Hoffenheim,1600.6,1679.75,7.0,7.0,3.0,6.0,1.0,1.0,D,0.0,1.0,A,11.0,12.0,6.0,6.0,9.0,11.0,3.0,5.0,1.0,2.0,0.0,0.0,2.6,3.8,2.53
D1,2023-11-11,Bayern Munich,Heidenheim,1963.99,1554.83,9.0,13.0,3.0,6.0,4.0,2.0,H,2.0,0.0,H,18.0,7.0,8.0,2.0,8.0,8.0,7.0,2.0,1.0,0.0,0.0,0.0,1.06,15.98,30.37
D1,2023-11-11,Darmstadt,Mainz,1550.28,1626.39,0.0,6.0,4.0,5.0,0.0,0.0,D,0.0,0.0,D,9.0,9.0,3.0,0.0,20.0,15.0,0.0,5.0,3.0,3.0,0.0,0.0,2.99,3.67,2.31
D1,2023-11-11,Stuttgart,Dortmund,1704.15,1856.54,3.0,9.0,4.0,10.0,2.0,1.0,H,1.0,1.0,D,22.0,5.0,10.0,1.0,13.0,16.0,6.0,1.0,2.0,3.0,0.0,0.0,2.59,3.79,2.56
D1,2023-11-11,Bochum,FC Koln,1592.43,1624.66,4.0,5.0,4.0,4.0,1.0,1.0,D,1.0,0.0,H,25.0,10.0,9.0,6.0,14.0,19.0,3.0,3.0,4.0,1.0,0.0,0.0,2.45,3.62,2.82
D1,2023-11-12,Leverkusen,Union Berlin,1821.38,1658.03,9.0,15.0,0.0,0.0,4.0,0.0,H,1.0,0.0,H,19.0,2.0,10.0,2.0,8.0,5.0,10.0,1.0,0.0,1.0,0.0,0.0,1.28,6.03,10.54
D1,2023-11-12,Werder Bremen,Ein Frankfurt,1599.18,1719.77,4.0,4.0,7.0,10.0,2.0,2.0,D,1.0,0.0,H,14.0,14.0,5.0,3.0,3.0,10.0,3.0,7.0,1.0,3.0,0.0,0.0,3.0,3.58,2.34
D1,2023-11-12,RB Leipzig,Freiburg,1851.35,1717.88,6.0,8.0,4.0,7.0,3.0,1.0,H,1.0,1.0,D,15.0,9.0,6.0,3.0,10.0,12.0,7.0,3.0,2.0,0.0,0.0,0.0,1.45,4.88,6.67
D1,2023-11-24,FC Koln,Bayern Munich,1633.08,1989.7,2.0,5.0,9.0,15.0,0.0,1.0,A,0.0,1.0,A,6.0,19.0,2.0,5.0,6.0,4.0,3.0,12.0,0.0,1.0,0.0,0.0,10.51,6.77,1.26
D1,2023-11-25,Dortmund,MGladbach,1852.62,1689.66,1.0,7.0,7.0,8.0,4.0,2.0,H,3.0,2.0,H,20.0,10.0,13.0,3.0,11.0,11.0,5.0,4.0,1.0,2.0,0.0,0.0,1.48,5.23,5.77
D1,2023-11-25,Freiburg,Darmstadt,1720.77,1552.36,1.0,4.0,1.0,4.0,1.0,1.0,D,1.0,1.0,D,16.0,7.0,3.0,1.0,15.0,15.0,11.0,2.0,2.0,0.0,0.0,0.0,1.58,4.37,5.6
D1,2023-11-25,Union Berlin,Augsburg,1655.1,1613.1,0.0,0.0,5.0,8.0,1.0,1.0,D,0.0,1.0,A,16.0,11.0,6.0,2.0,10.0,15.0,3.0,4.0,2.0,2.0,0.0,0.0,2.01,3.63,3.76
D1,2023-11-25,Werder Bremen,Leverkusen,1615.2,1846.45,5.0,5.0,9.0,15.0,0.0,3.0,A,0.0,2.0,A,2.0,13.0,1.0,4.0,15.0,4.0,1.0,6.0,3.0,1.0,0.0,0.0,6.24,5.13,1.46
D1,2023-11-25,Wolfsburg,RB Leipzig,1689.18,1852.87,1.0,1.0,6.0,10.0,2.0,1.0,H,1.0,0.0,H,10.0,26.0,4.0,10.0,18.0,11.0,1.0,12.0,4.0,2.0,0.0,0.0,3.77,3.94,1.92
D1,2023-11-25,Ein Frankfurt,Stuttgart,1743.45,1710.07,5.0,11.0,3.0,9.0,1.0,2.0,A,1.0,2.0,A,14.0,11.0,1.0,5.0,14.0,8.0,4.0,2.0,0.0,1.0,0.0,0.0,2.62,3.67,2.6
D1,2023-11-26,Heidenheim,Bochum,1577.84,1609.63,3.0,3.0,5.0,6.0,0.0,0.0,D,0.0,0.0,D,9.0,9.0,3.0,2.0,14.0,7.0,6.0,5.0,4.0,3.0,0.0,0.0,2.22,3.76,3.07
D1,2023-11-26,Hoffenheim,Mainz,1683.45,1651.89,4.0,7.0,5.0,6.0,1.0,1.0,D,0.0,1.0,A,15.0,15.0,6.0,6.0,9.0,14.0,4.0,5.0,4.0,4.0,0.0,0.0,1.85,4.04,3.94
D1,2023-12-01,Darmstadt,FC Koln,1558.64,1631.36,2.0,2.0,2.0,5.0,0.0,1.0,A,0.0,0.0,D,11.0,11.0,1.0,6.0,12.0,12.0,1.0,6.0,1.0,3.0,0.0,0.0,2.68,3.51,2.63
D1,2023-12-02,Bochum,Wolfsburg,1611.0,1700.03,5.0,6.0,4.0,4.0,3.0,1.0,H,2.0,1.0,H,19.0,15.0,9.0,6.0,14.0,13.0,6.0,6.0,6.0,2.0,0.0,0.0,2.66,3.65,2.58
D1,2023-12-02,MGladbach,Hoffenheim,1686.06,1681.07,4.0,7.0,2.0,5.0,2.0,1.0,H,0.0,0.0,D,9.0,17.0,3.0,5.0,12.0,14.0,6.0,3.0,2.0,2.0,0.0,0.0,2.25,4.07,2.85
D1,2023-12-02,RB Leipzig,Heidenheim,1840.77,1577.21,3.0,9.0,4.0,4.0,2.0,1.0,H,2.0,1.0,H,23.0,7.0,8.0,1.0,13.0,16.0,5.0,3.0,2.0,2.0,0.0,0.0,1.24,7.01,10.83
D1,2023-12-02,Stuttgart,Werder Bremen,1721.09,1608.69,6.0,9.0,2.0,5.0,2.0,0.0,H,1.0,0.0,H,17.0,11.0,6.0,3.0,7.0,9.0,6.0,7.0,1.0,0.0,0.0,0.0,1.41,5.18,7.35
D1,2023-12-03,Mainz,Freiburg,1655.02,1722.87,5.0,6.0,2.0,5.0,0.0,1.0,A,0.0,0.0,D,19.0,13.0,6.0,5.0,16.0,11.0,14.0,3.0,1.0,1.0,0.0,0.0,2.29,3.53,3.12
D1,2023-12-03,Leverkusen,Dortmund,1855.63,1870.36,9.0,15.0,3.0,7.0,1.0,1.0,D,0.0,1.0,A,22.0,6.0,6.0,2.0,12.0,12.0,16.0,1.0,3.0,2.0,0.0,0.0,1.67,4.5,4.57
D1,2023-12-03,Augsburg,Ein Frankfurt,1616.51,1719.33,3.0,9.0,4.0,8.0,2.0,1.0,H,1.0,0.0,H,9.0,12.0,4.0,6.0,9.0,10.0,2.0,4.0,1.0,1.0,0.0,0.0,2.68,3.58,2.59
D1,2023-12-08,Hoffenheim,Bochum,1681.07,1611.0,2.0,5.0,5.0,9.0,3.0,1.0,H,2.0,0.0,H,18.0,22.0,7.0,5.0,18.0,11.0,4.0,5.0,3.0,2.0,0.0,0.0,1.72,4.25,4.44
D1,2023-12-09,Ein Frankfurt,Bayern Munich,1719.33,1983.59,1.0,5.0,9.0,15.0,5.0,1.0,H,3.0,1.0,H,14.0,17.0,6.0,6.0,8.0,7.0,1.0,9.0,1.0,2.0,0.0,0.0,8.81,5.82,1.32
D1,2023-12-09,Heidenheim,Darmstadt,1577.21,1558.64,1.0,4.0,2.0,2.0,3.0,2.0,H,1.0,0.0,H,16.0,20.0,7.0,7.0,17.0,13.0,8.0,3.0,2.0,2.0,0.0,0.0,2.08,3.66,3.48
D1,2023-12-09,Union Berlin,MGladbach,1654.97,1686.06,1.0,1.0,6.0,10.0,3.0,1.0,H,1.0,0.0,H,16.0,13.0,6.0,4.0,9.0,8.0,6.0,7.0,1.0,3.0,0.0,0.0,2.15,3.66,3.29
D1,2023-12-09,Werder Bremen,Augsburg,1608.69,1616.51,1.0,5.0,5.0,9.0,2.0,0.0,H,1.0,0.0,H,12.0,11.0,5.0,1.0,13.0,9.0,5.0,2.0,1.0,2.0,0.0,0.0,2.42,3.71,2.77
D1,2023-12-09,Wolfsburg,Freiburg,1700.03,1722.87,3.0,4.0,4.0,5.0,0.0,1.0,A,0.0,0.0,D,10.0,4.0,3.0,1.0,11.0,16.0,5.0,3.0,1.0,4.0,0.0,0.0,2.27,3.68,3.03
D1,2023-12-09,Dortmund,RB Leipzig,1870.36,1840.77,4.0,5.0,6.0,9.0,2.0,3.0,A,1.0,1.0,D,18.0,24.0,6.0,8.0,6.0,11.0,6.0,6.0,1.0,3.0,1.0,0.0,2.55,3.89,2.54
D1,2023-12-10,Stuttgart,Leverkusen,1721.09,1855.63,9.0,9.0,7.0,13.0,1.0,1.0,D,1.0,0.0,H,22.0,20.0,12.0,6.0,8.0,7.0,8.0,8.0,1.0,1.0,0.0,0.0,2.88,3.78,2.32
D1,2023-12-10,FC Koln,Mainz,1631.36,1655.02,4.0,5.0,2.0,6.0,0.0,0.0,D,0.0,0.0,D,7.0,13.0,3.0,5.0,10.0,10.0,1.0,7.0,2.0,4.0,0.0,0.0,2.39,3.49,2.97
D1,2023-12-15,MGladbach,Werder Bremen,1674.09,1605.2,3.0,7.0,3.0,5.0,2.0,2.0,D,1.0,1.0,D,15.0,10.0,4.0,5.0,10.0,12.0,4.0,3.0,4.0,2.0,0.0,0.0,2.0,3.96,3.48
D1,2023-12-16,Augsburg,Dortmund,1608.13,1851.9,4.0,6.0,4.0,4.0,1.0,1.0,D,1.0,1.0,D,20.0,24.0,4.0,6.0,13.0,4.0,4.0,7.0,2.0,1.0,0.0,0.0,3.5,4.2,1.93
D1,2023-12-16,Bochum,Union Berlin,1608.28,1654.23,4.0,8.0,4.0,4.0,3.0,0.0,H,1.0,0.0,H,21.0,10.0,7.0,2.0,12.0,13.0,6.0,4.0,2.0,2.0,0.0,0.0,2.68,3.46,2.64
D1,2023-12-16,Darmstadt,Wolfsburg,1537.49,1671.61,1.0,2.0,3.0,4.0,0.0,1.0,A,0.0,0.0,D,14.0,11.0,4.0,3.0,16.0,10.0,7.0,7.0,2.0,0.0,0.0,1.0,3.21,3.62,2.21
D1,2023-12-16,Mainz,Heidenheim,1641.03,1573.35,2.0,6.0,4.0,7.0,0.0,1.0,A,0.0,1.0,A,16.0,5.0,4.0,2.0,9.0,20.0,8.0,1.0,3.0,3.0,0.0,0.0,1.68,4.22,4.77
D1,2023-12-16,RB Leipzig,Hoffenheim,1847.08,1674.37,6.0,9.0,4.0,5.0,3.0,1.0,H,1.0,1.0,D,23.0,10.0,11.0,4.0,11.0,9.0,9.0,2.0,3.0,2.0,0.0,0.0,1.45,5.21,6.14
D1,2023-12-17,Freiburg,FC Koln,1724.15,1629.68,7.0,8.0,4.0,6.0,2.0,0.0,H,0.0,0.0,D,23.0,7.0,7.0,1.0,13.0,10.0,5.0,2.0,1.0,4.0,0.0,1.0,1.83,3.77,4.36
D1,2023-12-17,Leverkusen,Ein Frankfurt,1847.01,1706.78,5.0,11.0,3.0,7.0,3.0,0.0,H,1.0,0.0,H,14.0,4.0,6.0,2.0,4.0,13.0,5.0,5.0,1.0,1.0,0.0,0.0,1.35,5.48,8.06
D1,2023-12-17,Bayern Munich,Stuttgart,1955.94,1720.34,6.0,12.0,7.0,10.0,3.0,0.0,H,1.0,0.0,H,17.0,5.0,8.0,2.0,7.0,8.0,6.0,2.0,0.0,3.0,0.0,0.0,1.46,5.29,6.01
D1,2023-12-19,Werder Bremen,RB Leipzig,1605.2,1847.08,4.0,5.0,9.0,12.0,1.0,1.0,D,0.0,0.0,D,11.0,18.0,3.0,9.0,15.0,9.0,1.0,4.0,4.0,2.0,0.0,0.0,5.06,4.62,1.6
D1,2023-12-19,Dortmund,Mainz,1851.9,1641.03,2.0,5.0,1.0,3.0,1.0,1.0,D,1.0,1.0,D,21.0,11.0,8.0,6.0,11.0,14.0,6.0,1.0,0.0,4.0,0.0,0.0,1.54,4.84,5.46
D1,2023-12-19,Hoffenheim,Darmstadt,1674.37,1537.49,3.0,5.0,0.0,2.0,3.0,3.0,D,2.0,1.0,H,13.0,14.0,4.0,3.0,9.0,15.0,8.0,3.0,2.0,4.0,0.0,0.0,1.45,4.97,6.55
D1,2023-12-20,Union Berlin,FC Koln,1654.23,1629.68,4.0,4.0,4.0,5.0,2.0,0.0,H,0.0,0.0,D,12.0,15.0,8.0,7.0,10.0,7.0,4.0,5.0,0.0,0.0,0.0,0.0,1.95,3.58,4.02
D1,2023-12-20,Ein Frankfurt,MGladbach,1706.78,1674.09,3.0,4.0,4.0,7.0,2.0,1.0,H,0.0,1.0,A,15.0,7.0,7.0,2.0,11.0,14.0,8.0,2.0,1.0,6.0,0.0,1.0,1.87,3.97,3.91
D1,2023-12-20,Heidenheim,Freiburg,1573.35,1724.15,6.0,7.0,9.0,10.0,3.0,2.0,H,0.0,1.0,A,14.0,10.0,3.0,4.0,20.0,12.0,7.0,4.0,3.0,4.0,0.0,0.0,2.85,3.59,2.43
D1,2023-12-20,Leverkusen,Bochum,1847.01,1608.28,5.0,11.0,6.0,8.0,4.0,0.0,H,3.0,0.0,H,15.0,6.0,8.0,1.0,7.0,12.0,4.0,3.0,0.0,2.0,0.0,0.0,1.19,7.95,13.9
D1,2023-12-20,Stuttgart,Augsburg,1720.34,1608.13,4.0,10.0,4.0,6.0,3.0,0.0,H,2.0,0.0,H,17.0,6.0,7.0,5.0,8.0,14.0,4.0,4.0,0.0,4.0,0.0,0.0,1.37,5.34,7.83
D1,2023-12-20,Wolfsburg,Bayern Munich,1671.61,1955.94,3.0,6.0,6.0,12.0,1.0,2.0,A,1.0,2.0,A,5.0,20.0,4.0,7.0,14.0,12.0,0.0,6.0,4.0,2.0,0.0,0.0,7.57,5.63,1.36
D1,2024-01-12,Bayern Munich,Hoffenheim,1962.54,1665.17,6.0,12.0,4.0,5.0,3.0,0.0,H,1.0,0.0,H,27.0,12.0,12.0,4.0,8.0,6.0,11.0,2.0,1.0,3.0,0.0,1.0,1.15,9.39,15.67
D1,2024-01-13,Augsburg,Leverkusen,1605.97,1856.9,1.0,5.0,7.0,11.0,0.0,1.0,A,0.0,0.0,D,2.0,25.0,0.0,6.0,11.0,4.0,0.0,12.0,3.0,1.0,0.0,0.0,5.67,4.63,1.54
D1,2024-01-13,FC Koln,Heidenheim,1615.33,1594.82,1.0,4.0,9.0,10.0,1.0,1.0,D,1.0,0.0,H,13.0,10.0,6.0,2.0,12.0,11.0,9.0,6.0,2.0,1.0,0.0,0.0,2.08,3.71,3.45
D1,2024-01-13,Freiburg,Union Berlin,1720.07,1649.7,6.0,10.0,6.0,7.0,0.0,0.0,D,0.0,0.0,D,14.0,8.0,4.0,4.0,7.0,9.0,4.0,3.0,0.0,2.0,0.0,0.0,2.09,3.58,3.52
D1,2024-01-13,Mainz,Wolfsburg,1636.33,1674.63,2.0,3.0,3.0,6.0,1.0,1.0,D,0.0,1.0,A,12.0,9.0,4.0,4.0,21.0,16.0,7.0,3.0,3.0,4.0,0.0,0.0,2.22,3.49,3.3
D1,2024-01-13,RB Leipzig,Ein Frankfurt,1846.3,1706.44,7.0,10.0,6.0,6.0,0.0,1.0,A,0.0,1.0,A,26.0,5.0,7.0,1.0,7.0,16.0,15.0,4.0,0.0,2.0,0.0,0.0,1.44,4.98,6.88
D1,2024-01-13,Darmstadt,Dortmund,1536.66,1840.45,1.0,2.0,2.0,6.0,0.0,3.0,A,0.0,1.0,A,10.0,17.0,2.0,8.0,10.0,13.0,3.0,4.0,1.0,3.0,0.0,0.0,5.44,4.74,1.54
D1,2024-01-14,Bochum,Werder Bremen,1617.08,1613.56,3.0,7.0,5.0,5.0,1.0,1.0,D,0.0,0.0,D,13.0,15.0,4.0,4.0,14.0,14.0,3.0,4.0,6.0,5.0,0.0,0.0,2.19,3.72,3.15
D1,2024-01-14,MGladbach,Stuttgart,1664.96,1723.72,1.0,4.0,4.0,10.0,3.0,1.0,H,2.0,0.0,H,8.0,14.0,4.0,2.0,7.0,11.0,0.0,3.0,3.0,3.0,0.0,0.0,3.6,4.05,1.93
D1,2024-01-20,Bochum,Stuttgart,1615.08,1712.92,4.0,7.0,3.0,7.0,1.0,0.0,H,0.0,0.0,D,6.0,17.0,1.0,4.0,16.0,16.0,1.0,7.0,5.0,3.0,0.0,0.0,3.65,3.87,1.97
D1,2024-01-20,Darmstadt,Ein Frankfurt,1531.83,1719.47,1.0,1.0,6.0,9.0,2.0,2.0,D,0.0,1.0,A,13.0,7.0,3.0,4.0,11.0,7.0,4.0,1.0,1.0,1.0,0.0,0.0,3.82,3.7,1.96
D1,2024-01-20,FC Koln,Dortmund,1612.8,1845.28,1.0,5.0,5.0,6.0,0.0,4.0,A,0.0,1.0,A,16.0,11.0,5.0,7.0,16.0,7.0,13.0,4.0,2.0,2.0,0.0,0.0,4.32,4.22,1.75
D1,2024-01-20,Freiburg,Hoffenheim,1716.25,1662.83,4.0,10.0,1.0,4.0,3.0,2.0,H,1.0,0.0,H,16.0,16.0,8.0,4.0,18.0,10.0,2.0,2.0,3.0,3.0,1.0,0.0,2.05,3.84,3.42
D1,2024-01-20,Heidenheim,Wolfsburg,1597.35,1675.52,7.0,10.0,4.0,4.0,1.0,1.0,D,1.0,1.0,D,12.0,12.0,3.0,3.0,11.0,10.0,4.0,2.0,0.0,1.0,0.0,0.0,2.71,3.55,2.56
D1,2024-01-20,RB Leipzig,Leverkusen,1833.27,1860.62,4.0,10.0,9.0,11.0,2.0,3.0,A,1.0,0.0,H,11.0,18.0,6.0,5.0,11.0,11.0,1.0,9.0,2.0,3.0,0.0,0.0,2.44,3.75,2.74
D1,2024-01-21,Bayern Munich,Werder Bremen,1964.89,1615.56,9.0,12.0,3.0,6.0,0.0,1.0,A,0.0,0.0,D,21.0,8.0,6.0,3.0,12.0,7.0,10.0,2.0,2.0,1.0,0.0,0.0,1.09,11.9,24.26
D1,2024-01-21,MGladbach,Augsburg,1675.76,1602.25,4.0,7.0,1.0,4.0,1.0,2.0,A,1.0,0.0,H,18.0,15.0,4.0,7.0,10.0,20.0,5.0,7.0,1.0,2.0,0.0,0.0,1.92,3.97,3.67
D1,2024-01-24,Bayern Munich,Union Berlin,1964.89,1653.52,6.0,9.0,4.0,8.0,1.0,0.0,H,0.0,0.0,D,24.0,4.0,10.0,1.0,5.0,9.0,12.0,1.0,2.0,4.0,0.0,0.0,1.16,8.09,17.3
D1,2024-01-26,Ein Frankfurt,Mainz,1719.47,1635.45,7.0,10.0,2.0,3.0,1.0,0.0,H,0.0,0.0,D,13.0,7.0,4.0,0.0,10.0,12.0,2.0,1.0,2.0,1.0,0.0,0.0,2.14,3.46,3.52
D1,2024-01-27,Augsburg,Bayern Munich,1602.25,1964.89,3.0,4.0,6.0,12.0,2.0,3.0,A,0.0,2.0,A,14.0,13.0,7.0,4.0,12.0,11.0,4.0,5.0,2.0,6.0,0.0,0.0,9.05,6.01,1.31
D1,2024-01-27,Hoffenheim,Heidenheim,1662.83,1597.35,1.0,4.0,5.0,11.0,1.0,1.0,D,1.0,1.0,D,20.0,15.0,8.0,3.0,11.0,13.0,9.0,5.0,4.0,0.0,0.0,0.0,1.7,4.28,4.55
D1,2024-01-27,Stuttgart,RB Leipzig,1712.92,1833.27,3.0,4.0,1.0,7.0,5.0,2.0,H,2.0,1.0,H,19.0,4.0,11.0,2.0,9.0,11.0,9.0,3.0,1.0,4.0,0.0,0.0,2.71,3.77,2.45
D1,2024-01-27,Werder Bremen,Freiburg,1615.56,1716.25,5.0,9.0,4.0,10.0,3.0,1.0,H,1.0,1.0,D,14.0,7.0,4.0,4.0,14.0,10.0,5.0,5.0,2.0,1.0,0.0,0.0,2.45,3.55,2.83
D1,2024-01-27,Wolfsburg,FC Koln,1675.52,1612.8,2.0,5.0,1.0,2.0,1.0,1.0,D,1.0,1.0,D,12.0,6.0,5.0,2.0,17.0,12.0,6.0,3.0,5.0,3.0,0.0,0.0,1.84,3.79,4.28
D1,2024-01-27,Leverkusen,MGladbach,1860.62,1675.76,9.0,13.0,3.0,4.0,0.0,0.0,D,0.0,0.0,D,28.0,4.0,8.0,3.0,15.0,6.0,8.0,2.0,3.0,1.0,0.0,0.0,1.28,6.31,9.71
D1,2024-01-28,Union Berlin,Darmstadt,1653.52,1531.83,4.0,7.0,2.0,2.0,1.0,0.0,H,0.0,0.0,D,19.0,15.0,6.0,1.0,13.0,9.0,4.0,3.0,3.0,2.0,0.0,0.0,1.63,4.01,5.58
D1,2024-01-28,Dortmund,Bochum,1845.28,1615.08,7.0,8.0,4.0,7.0,3.0,1.0,H,1.0,1.0,D,15.0,10.0,6.0,4.0,10.0,16.0,8.0,4.0,1.0,3.0,0.0,0.0,1.37,5.56,7.43
D1,2024-02-02,Heidenheim,Dortmund,1601.17,1856.2,3.0,9.0,9.0,11.0,0.0,0.0,D,0.0,0.0,D,11.0,13.0,0.0,5.0,7.0,7.0,4.0,6.0,0.0,2.0,0.0,0.0,3.94,4.32,1.81
D1,2024-02-03,Bayern Munich,MGladbach,1952.44,1670.81,6.0,12.0,4.0,5.0,3.0,1.0,H,1.0,1.0,D,21.0,11.0,6.0,4.0,11.0,9.0,6.0,5.0,0.0,1.0,0.0,0.0,1.15,8.9,16.45
D1,2024-02-03,Bochum,Augsburg,1620.99,1611.36,4.0,7.0,3.0,4.0,1.0,1.0,D,1.0,0.0,H,9.0,12.0,4.0,6.0,17.0,14.0,3.0,5.0,3.0,1.0,0.0,0.0,2.18,3.62,3.25
D1,2024-02-03,Darmstadt,Leverkusen,1531.42,1863.05,1.0,2.0,7.0,13.0,0.0,2.0,A,0.0,1.0,A,8.0,18.0,6.0,7.0,14.0,8.0,4.0,3.0,2.0,2.0,0.0,0.0,9.56,6.21,1.29
D1,2024-02-03,Freiburg,Stuttgart,1709.17,1720.01,4.0,7.0,3.0,6.0,1.0,3.0,A,1.0,2.0,A,7.0,17.0,4.0,9.0,10.0,7.0,1.0,6.0,4.0,2.0,1.0,0.0,3.12,3.71,2.21
D1,2024-02-03,Mainz,Werder Bremen,1630.95,1643.95,2.0,3.0,7.0,9.0,0.0,1.0,A,0.0,1.0,A,20.0,6.0,5.0,1.0,22.0,16.0,11.0,1.0,4.0,3.0,0.0,0.0,2.1,3.53,3.53
D1,2024-02-03,FC Koln,Ein Frankfurt,1608.52,1720.62,2.0,2.0,7.0,10.0,2.0,0.0,H,0.0,0.0,D,14.0,11.0,4.0,4.0,8.0,13.0,7.0,7.0,1.0,4.0,0.0,2.0,3.23,3.46,2.26
D1,2024-02-04,Wolfsburg,Hoffenheim,1671.44,1654.34,3.0,6.0,1.0,2.0,2.0,2.0,D,0.0,1.0,A,14.0,17.0,8.0,7.0,12.0,16.0,7.0,2.0,2.0,3.0,0.0,0.0,2.12,3.8,3.24
D1,2024-02-04,RB Leipzig,Union Berlin,1808.41,1655.79,0.0,4.0,4.0,7.0,2.0,0.0,H,1.0,0.0,H,16.0,10.0,6.0,2.0,13.0,11.0,5.0,4.0,1.0,2.0,0.0,1.0,1.4,5.0,7.76
D1,2024-02-07,Mainz,Union Berlin,1630.95,1655.79,1.0,2.0,3.0,7.0,1.0,1.0,D,1.0,1.0,D,16.0,15.0,7.0,4.0,14.0,15.0,8.0,3.0,2.0,4.0,0.0,0.0,2.18,3.31,3.56
D1,2024-02-09,Dortmund,Freiburg,1856.2,1709.17,7.0,11.0,3.0,4.0,3.0,0.0,H,2.0,0.0,H,17.0,6.0,8.0,3.0,13.0,7.0,5.0,3.0,2.0,0.0,0.0,0.0,1.46,4.95,6.37
D1,2024-02-10,Augsburg,RB Leipzig,1611.36,1808.41,4.0,4.0,3.0,4.0,2.0,2.0,D,1.0,1.0,D,11.0,9.0,4.0,6.0,15.0,10.0,1.0,3.0,5.0,1.0,0.0,0.0,4.21,4.23,1.76
D1,2024-02-10,Ein Frankfurt,Bochum,1720.62,1620.99,4.0,10.0,4.0,5.0,1.0,1.0,D,1.0,1.0,D,8.0,14.0,2.0,5.0,6.0,12.0,8.0,3.0,2.0,2.0,0.0,0.0,1.76,3.85,4.67
D1,2024-02-10,MGladbach,Darmstadt,1670.81,1531.42,1.0,4.0,1.0,2.0,0.0,0.0,D,0.0,0.0,D,22.0,10.0,8.0,1.0,11.0,15.0,7.0,2.0,0.0,5.0,0.0,0.0,1.6,4.32,5.37
D1,2024-02-10,Union Berlin,Wolfsburg,1655.79,1671.44,4.0,5.0,3.0,4.0,1.0,0.0,H,1.0,0.0,H,7.0,15.0,2.0,5.0,12.0,9.0,6.0,10.0,1.0,2.0,0.0,0.0,2.3,3.37,3.21
D1,2024-02-10,Werder Bremen,Heidenheim,1643.95,1601.17,9.0,11.0,3.0,7.0,1.0,2.0,A,1.0,2.0,A,14.0,10.0,3.0,3.0,10.0,13.0,5.0,10.0,1.0,2.0,0.0,0.0,1.85,3.81,4.17
D1,2024-02-10,Leverkusen,Bayern Munich,1863.05,1952.44,7.0,13.0,9.0,12.0,3.0,0.0,H,1.0,0.0,H,14.0,8.0,8.0,1.0,13.0,13.0,4.0,6.0,3.0,2.0,0.0,0.0,2.63,3.84,2.48
D1,2024-02-11,Stuttgart,Mainz,1720.01,1630.95,6.0,9.0,1.0,3.0,3.0,1.0,H,2.0,0.0,H,10.0,16.0,7.0,6.0,7.0,9.0,4.0,5.0,1.0,1.0,0.0,0.0,1.44,4.7,7.27
D1,2024-02-11,Hoffenheim,FC Koln,1654.34,1608.52,2.0,3.0,4.0,5.0,1.0,1.0,D,0.0,0.0,D,10.0,5.0,4.0,1.0,12.0,13.0,10.0,3.0,3.0,4.0,0.0,0.0,1.83,3.96,4.08
D1,2024-02-16,FC Koln,Werder Bremen,1622.02,1640.11,5.0,6.0,6.0,10.0,0.0,1.0,A,0.0,0.0,D,10.0,13.0,2.0,4.0,16.0,11.0,5.0,3.0,4.0,4.0,0.0,0.0,2.5,3.4,2.88
D1,2024-02-17,Darmstadt,Stuttgart,1530.86,1736.34,1.0,2.0,9.0,9.0,1.0,2.0,A,0.0,1.0,A,21.0,13.0,9.0,4.0,15.0,14.0,5.0,3.0,4.0,5.0,0.0,1.0,6.89,4.77,1.45
D1,2024-02-17,Heidenheim,Leverkusen,1614.53,1878.68,5.0,7.0,7.0,13.0,1.0,2.0,A,0.0,1.0,A,6.0,17.0,3.0,4.0,15.0,5.0,4.0,5.0,2.0,1.0,0.0,0.0,8.33,5.58,1.35
D1,2024-02-17,Hoffenheim,Union Berlin,1651.38,1656.84,3.0,3.0,4.0,7.0,0.0,1.0,A,0.0,0.0,D,16.0,10.0,4.0,3.0,10.0,7.0,6.0,2.0,3.0,4.0,1.0,1.0,2.04,3.7,3.54
D1,2024-02-17,Mainz,Augsburg,1612.57,1614.76,1.0,2.0,2.0,5.0,1.0,0.0,H,1.0,0.0,H,19.0,10.0,4.0,4.0,8.0,16.0,7.0,7.0,3.0,2.0,0.0,1.0,2.02,3.61,3.68
D1,2024-02-17,Wolfsburg,Dortmund,1659.84,1854.05,2.0,4.0,7.0,13.0,1.0,1.0,D,0.0,1.0,A,9.0,12.0,4.0,5.0,18.0,5.0,5.0,3.0,3.0,1.0,0.0,0.0,3.22,3.82,2.13
D1,2024-02-17,RB Leipzig,MGladbach,1803.68,1660.88,4.0,4.0,2.0,5.0,2.0,0.0,H,1.0,0.0,H,16.0,13.0,9.0,0.0,12.0,13.0,8.0,4.0,1.0,5.0,0.0,0.0,1.38,5.55,7.2
D1,2024-02-18,Freiburg,Ein Frankfurt,1688.15,1700.96,0.0,4.0,4.0,8.0,3.0,3.0,D,2.0,2.0,D,13.0,10.0,8.0,6.0,8.0,10.0,6.0,1.0,0.0,0.0,0.0,0.0,2.32,3.4,3.13
D1,2024-02-18,Bochum,Bayern Munich,1620.58,1933.4,2.0,6.0,6.0,9.0,3.0,2.0,H,2.0,1.0,H,14.0,26.0,5.0,10.0,12.0,10.0,4.0,9.0,2.0,4.0,0.0,1.0,8.25,5.75,1.33
D1,2024-02-23,Leverkusen,Mainz,1878.68,1612.57,9.0,13.0,4.0,4.0,2.0,1.0,H,1.0,1.0,D,18.0,13.0,7.0,4.0,14.0,16.0,11.0,2.0,3.0,5.0,0.0,1.0,1.26,6.22,11.85
D1,2024-02-24,MGladbach,Bochum,1660.88,1620.58,1.0,2.0,5.0,8.0,5.0,2.0,H,2.0,0.0,H,22.0,15.0,6.0,5.0,13.0,13.0,5.0,6.0,2.0,4.0,0.0,0.0,2.01,3.83,3.52
D1,2024-02-24,Stuttgart,FC Koln,1736.34,1622.02,9.0,12.0,4.0,5.0,1.0,1.0,D,0.0,0.0,D,13.0,12.0,5.0,6.0,11.0,13.0,9.0,4.0,1.0,0.0,0.0,0.0,1.32,5.63,9.5
D1,2024-02-24,Union Berlin,Heidenheim,1656.84,1614.53,7.0,10.0,4.0,6.0,2.0,2.0,D,2.0,1.0,H,12.0,9.0,3.0,4.0,9.0,12.0,4.0,2.0,2.0,1.0,0.0,0.0,2.01,3.52,3.82
D1,2024-02-24,Werder Bremen,Darmstadt,1640.11,1530.86,6.0,12.0,1.0,2.0,1.0,1.0,D,1.0,1.0,D,13.0,11.0,4.0,3.0,10.0,13.0,4.0,6.0,3.0,4.0,0.0,0.0,1.68,4.04,5.03
D1,2024-02-24,Bayern Munich,RB Leipzig,1933.4,1803.68,3.0,9.0,7.0,7.0,2.0,1.0,H,0.0,0.0,D,16.0,11.0,4.0,5.0,11.0,10.0,6.0,4.0,3.0,3.0,0.0,0.0,1.69,4.41,4.46
D1,2024-02-25,Ein Frankfurt,Wolfsburg,1700.96,1659.84,2.0,6.0,2.0,4.0,2.0,2.0,D,1.0,2.0,A,12.0,14.0,5.0,8.0,9.0,7.0,5.0,3.0,2.0,1.0,0.0,0.0,2.25,3.47,3.22
D1,2024-02-25,Dortmund,Hoffenheim,1854.05,1651.38,5.0,11.0,2.0,3.0,2.0,3.0,A,2.0,1.0,H,19.0,7.0,7.0,5.0,7.0,10.0,10.0,3.0,2.0,3.0,0.0,0.0,1.51,5.0,5.42
D1,2024-02-25,Augsburg,Freiburg,1614.76,1688.15,2.0,5.0,1.0,4.0,2.0,1.0,H,0.0,1.0,A,21.0,5.0,8.0,1.0,16.0,11.0,10.0,2.0,3.0,1.0,0.0,0.0,2.28,3.6,3.05
D1,2024-03-01,Freiburg,Bayern Munich,1693.16,1925.15,1.0,1.0,3.0,9.0,2.0,2.0,D,1.0,1.0,D,17.0,21.0,5.0,9.0,11.0,7.0,3.0,6.0,1.0,2.0,0.0,0.0,5.97,4.78,1.5
D1,2024-03-02,Bochum,RB Leipzig,1626.47,1806.18,4.0,5.0,4.0,7.0,1.0,4.0,A,1.0,1.0,D,15.0,10.0,4.0,4.0,13.0,10.0,2.0,5.0,3.0,2.0,1.0,0.0,4.76,4.4,1.65
D1,2024-03-02,Darmstadt,Augsburg,1533.1,1618.76,2.0,2.0,4.0,5.0,0.0,6.0,A,0.0,5.0,A,10.0,21.0,5.0,6.0,4.0,12.0,3.0,6.0,2.0,0.0,0.0,0.0,2.85,3.44,2.48
D1,2024-03-02,Heidenheim,Ein Frankfurt,1616.25,1691.7,4.0,6.0,3.0,6.0,1.0,2.0,A,0.0,1.0,A,16.0,11.0,3.0,6.0,6.0,10.0,7.0,3.0,1.0,4.0,0.0,0.0,2.8,3.39,2.56
D1,2024-03-02,Mainz,MGladbach,1619.0,1668.01,3.0,4.0,4.0,5.0,1.0,1.0,D,1.0,0.0,H,21.0,14.0,5.0,5.0,12.0,15.0,12.0,6.0,5.0,1.0,1.0,0.0,1.97,3.76,3.71
D1,2024-03-02,Union Berlin,Dortmund,1664.92,1840.24,7.0,8.0,4.0,8.0,0.0,2.0,A,0.0,1.0,A,13.0,12.0,5.0,7.0,11.0,8.0,8.0,7.0,2.0,1.0,0.0,0.0,3.44,3.6,2.11
D1,2024-03-02,Wolfsburg,Stuttgart,1667.88,1737.63,2.0,4.0,7.0,13.0,2.0,3.0,A,0.0,1.0,A,12.0,7.0,2.0,3.0,20.0,12.0,5.0,4.0,3.0,2.0,0.0,0.0,3.26,3.58,2.19
D1,2024-03-03,FC Koln,Leverkusen,1619.56,1885.77,2.0,6.0,9.0,13.0,0.0,2.0,A,0.0,1.0,A,6.0,17.0,0.0,6.0,10.0,9.0,1.0,9.0,2.0,2.0,1.0,0.0,8.43,5.02,1.38
D1,2024-03-03,Hoffenheim,Werder Bremen,1657.79,1646.31,4.0,6.0,4.0,10.0,2.0,1.0,H,2.0,0.0,H,14.0,18.0,7.0,8.0,11.0,10.0,3.0,3.0,5.0,1.0,1.0,0.0,1.95,3.92,3.62
D1,2024-03-08,Stuttgart,Union Berlin,1737.63,1664.92,7.0,13.0,4.0,8.0,2.0,0.0,H,1.0,0.0,H,14.0,10.0,5.0,4.0,7.0,14.0,4.0,3.0,1.0,2.0,0.0,1.0,1.48,4.53,6.92
D1,2024-03-09,Augsburg,Heidenheim,1618.76,1616.25,6.0,8.0,1.0,5.0,1.0,0.0,H,1.0,0.0,H,8.0,6.0,4.0,1.0,14.0,20.0,5.0,2.0,1.0,3.0,0.0,0.0,1.89,3.92,3.87
D1,2024-03-09,Bayern Munich,Mainz,1925.15,1619.0,4.0,7.0,4.0,5.0,8.0,1.0,H,3.0,1.0,H,25.0,13.0,12.0,3.0,8.0,7.0,6.0,7.0,1.0,1.0,0.0,0.0,1.23,6.88,11.56
D1,2024-03-09,MGladbach,FC Koln,1668.01,1619.56,4.0,5.0,1.0,5.0,3.0,3.0,D,1.0,1.0,D,16.0,12.0,5.0,5.0,15.0,15.0,8.0,3.0,3.0,4.0,0.0,0.0,1.85,3.82,4.18
D1,2024-03-09,RB Leipzig,Darmstadt,1806.18,1533.1,6.0,10.0,1.0,2.0,2.0,0.0,H,1.0,0.0,H,28.0,9.0,8.0,4.0,3.0,14.0,8.0,4.0,0.0,3.0,0.0,0.0,1.15,8.73,17.28
D1,2024-03-09,Werder Bremen,Dortmund,1646.31,1840.24,4.0,7.0,4.0,8.0,1.0,2.0,A,0.0,2.0,A,15.0,13.0,5.0,6.0,6.0,8.0,10.0,4.0,1.0,2.0,0.0,1.0,3.77,4.08,1.88
D1,2024-03-10,Bochum,Freiburg,1626.47,1693.16,3.0,5.0,2.0,2.0,1.0,2.0,A,0.0,1.0,A,18.0,9.0,6.0,5.0,11.0,11.0,12.0,5.0,3.0,7.0,0.0,0.0,2.27,3.61,3.06
D1,2024-03-10,Ein Frankfurt,Hoffenheim,1691.7,1657.79,5.0,6.0,6.0,8.0,3.0,1.0,H,1.0,1.0,D,17.0,6.0,7.0,2.0,11.0,10.0,5.0,1.0,2.0,3.0,0.0,2.0,2.06,3.87,3.35
D1,2024-03-10,Leverkusen,Wolfsburg,1885.77,1667.88,9.0,15.0,2.0,3.0,2.0,0.0,H,1.0,0.0,H,19.0,2.0,7.0,1.0,6.0,7.0,9.0,2.0,1.0,3.0,0.0,1.0,1.32,5.66,8.97
D1,2024-03-15,FC Koln,RB Leipzig,1619.62,1817.92,2.0,3.0,6.0,10.0,1.0,5.0,A,1.0,1.0,D,9.0,23.0,2.0,7.0,11.0,12.0,3.0,6.0,2.0,2.0,0.0,0.0,6.54,4.72,1.48
D1,2024-03-16,Darmstadt,Bayern Munich,1514.14,1936.07,1.0,2.0,7.0,7.0,2.0,5.0,A,1.0,2.0,A,7.0,26.0,3.0,6.0,9.0,6.0,2.0,9.0,1.0,0.0,0.0,0.0,16.6,9.19,1.14
D1,2024-03-16,Heidenheim,MGladbach,1604.48,1667.08,1.0,4.0,5.0,6.0,1.0,1.0,D,0.0,1.0,A,16.0,6.0,5.0,2.0,16.0,8.0,10.0,4.0,1.0,3.0,0.0,0.0,2.45,3.64,2.78
D1,2024-03-16,Mainz,Bochum,1616.57,1611.68,1.0,4.0,0.0,4.0,2.0,0.0,H,1.0,0.0,H,13.0,11.0,4.0,4.0,15.0,15.0,7.0,6.0,4.0,3.0,0.0,0.0,1.78,3.88,4.47
D1,2024-03-16,Union Berlin,Werder Bremen,1652.81,1637.69,1.0,7.0,1.0,4.0,2.0,1.0,H,0.0,0.0,D,11.0,10.0,5.0,2.0,16.0,16.0,4.0,3.0,3.0,5.0,0.0,0.0,2.03,3.56,3.7
D1,2024-03-16,Wolfsburg,Augsburg,1658.57,1644.78,1.0,2.0,9.0,10.0,1.0,3.0,A,1.0,1.0,D,15.0,14.0,4.0,5.0,12.0,19.0,8.0,6.0,1.0,3.0,1.0,0.0,2.09,3.64,3.44
D1,2024-03-16,Hoffenheim,Stuttgart,1657.81,1753.57,6.0,7.0,7.0,13.0,0.0,3.0,A,0.0,2.0,A,8.0,25.0,1.0,12.0,8.0,12.0,5.0,6.0,1.0,0.0,0.0,0.0,3.75,4.15,1.87
D1,2024-03-17,Freiburg,Leverkusen,1691.91,1896.93,4.0,5.0,9.0,15.0,2.0,3.0,A,1.0,2.0,A,9.0,18.0,3.0,7.0,13.0,6.0,2.0,8.0,1.0,0.0,0.0,0.0,5.69,4.35,1.56
D1,2024-03-17,Dortmund,Ein Frankfurt,1863.6,1708.95,6.0,10.0,7.0,9.0,3.0,1.0,H,1.0,1.0,D,16.0,8.0,6.0,6.0,5.0,9.0,8.0,3.0,1.0,2.0,0.0,0.0,1.62,4.43,4.92
D1,2024-03-30,Ein Frankfurt,Union Berlin,1708.95,1652.81,6.0,8.0,3.0,7.0,0.0,0.0,D,0.0,0.0,D,18.0,10.0,4.0,2.0,8.0,14.0,6.0,2.0,3.0,1.0,0.0,0.0,2.04,3.44,3.81
D1,2024-03-30,Leverkusen,Hoffenheim,1896.93,1657.81,9.0,15.0,3.0,6.0,2.0,1.0,H,0.0,1.0,A,36.0,6.0,12.0,2.0,9.0,8.0,9.0,2.0,0.0,1.0,0.0,0.0,1.22,7.36,11.77
D1,2024-03-30,MGladbach,Freiburg,1667.08,1691.91,3.0,6.0,4.0,5.0,0.0,3.0,A,0.0,1.0,A,18.0,13.0,4.0,8.0,11.0,7.0,14.0,1.0,1.0,0.0,0.0,0.0,2.23,3.68,3.11
D1,2024-03-30,RB Leipzig,Mainz,1817.92,1616.57,9.0,12.0,4.0,7.0,0.0,0.0,D,0.0,0.0,D,23.0,8.0,10.0,2.0,10.0,15.0,12.0,2.0,2.0,5.0,0.0,0.0,1.38,5.3,7.65
D1,2024-03-30,Werder Bremen,Wolfsburg,1637.69,1658.57,0.0,4.0,0.0,2.0,0.0,2.0,A,0.0,1.0,A,6.0,15.0,1.0,5.0,13.0,15.0,3.0,6.0,4.0,4.0,1.0,1.0,2.84,3.56,2.43
D1,2024-03-30,Bayern Munich,Dortmund,1936.07,1863.6,7.0,10.0,9.0,10.0,0.0,2.0,A,0.0,1.0,A,16.0,11.0,3.0,5.0,7.0,7.0,7.0,4.0,0.0,0.0,0.0,0.0,1.4,5.71,6.47
D1,2024-03-31,Augsburg,FC Koln,1644.78,1619.62,9.0,12.0,1.0,2.0,1.0,1.0,D,1.0,1.0,D,24.0,12.0,6.0,2.0,9.0,13.0,12.0,6.0,0.0,3.0,0.0,0.0,1.79,3.87,4.42
D1,2024-03-31,Stuttgart,Heidenheim,1753.57,1604.48,9.0,13.0,1.0,2.0,3.0,3.0,D,1.0,0.0,H,20.0,6.0,6.0,3.0,5.0,9.0,6.0,7.0,1.0,0.0,0.0,1.0,1.27,6.35,10.32
D1,2024-03-31,Bochum,Darmstadt,1611.68,1514.14,0.0,3.0,0.0,1.0,2.0,2.0,D,1.0,0.0,H,20.0,13.0,7.0,3.0,7.0,15.0,6.0,5.0,2.0,2.0,0.0,0.0,1.65,4.18,5.06
D1,2024-04-05,Ein Frankfurt,Werder Bremen,1701.48,1618.35,4.0,8.0,0.0,1.0,1.0,1.0,D,0.0,0.0,D,19.0,10.0,5.0,7.0,10.0,14.0,9.0,0.0,3.0,2.0,1.0,1.0,1.79,3.9,4.44
D1,2024-04-06,FC Koln,Bochum,1613.22,1598.64,2.0,3.0,1.0,1.0,2.0,1.0,H,0.0,0.0,D,17.0,8.0,6.0,2.0,16.0,13.0,9.0,4.0,3.0,3.0,0.0,0.0,2.3,3.59,3.05
D1,2024-04-06,Freiburg,RB Leipzig,1703.04,1820.92,6.0,7.0,7.0,10.0,1.0,4.0,A,0.0,3.0,A,15.0,15.0,4.0,6.0,7.0,12.0,8.0,4.0,3.0,4.0,0.0,0.0,4.63,4.27,1.69
D1,2024-04-06,Heidenheim,Bayern Munich,1610.1,1922.68,2.0,3.0,6.0,10.0,3.0,2.0,H,0.0,2.0,A,9.0,15.0,4.0,8.0,9.0,8.0,3.0,3.0,2.0,0.0,0.0,0.0,7.21,5.88,1.36
D1,2024-04-06,Mainz,Darmstadt,1631.95,1515.77,4.0,5.0,1.0,2.0,4.0,0.0,H,1.0,0.0,H,18.0,14.0,9.0,2.0,16.0,9.0,5.0,1.0,2.0,3.0,0.0,0.0,1.42,4.87,7.63
D1,2024-04-06,Union Berlin,Leverkusen,1661.98,1903.19,4.0,5.0,9.0,15.0,0.0,1.0,A,0.0,1.0,A,8.0,19.0,1.0,8.0,10.0,14.0,7.0,10.0,3.0,2.0,1.0,0.0,6.02,4.28,1.56
D1,2024-04-06,Dortmund,Stuttgart,1883.89,1759.98,9.0,12.0,7.0,11.0,0.0,1.0,A,0.0,0.0,D,14.0,10.0,7.0,2.0,8.0,8.0,8.0,3.0,2.0,4.0,0.0,0.0,2.27,3.99,2.85
D1,2024-04-07,Hoffenheim,Augsburg,1643.97,1655.84,0.0,6.0,7.0,13.0,3.0,1.0,H,2.0,0.0,H,17.0,14.0,6.0,7.0,8.0,14.0,11.0,6.0,3.0,1.0,0.0,0.0,2.25,3.93,2.91
D1,2024-04-07,Wolfsburg,MGladbach,1657.68,1651.5,3.0,4.0,2.0,6.0,1.0,3.0,A,1.0,0.0,H,13.0,10.0,4.0,6.0,9.0,12.0,4.0,4.0,2.0,2.0,0.0,0.0,1.9,3.88,3.86
D1,2024-04-12,Augsburg,Union Berlin,1655.84,1661.98,4.0,10.0,4.0,4.0,2.0,0.0,H,0.0,0.0,D,12.0,17.0,4.0,4.0,15.0,14.0,5.0,4.0,1.0,1.0,0.0,0.0,2.13,3.48,3.51
D1,2024-04-13,Bayern Munich,FC Koln,1922.68,1613.22,3.0,7.0,4.0,5.0,2.0,0.0,H,0.0,0.0,D,17.0,11.0,7.0,5.0,3.0,15.0,5.0,5.0,0.0,3.0,0.0,0.0,1.2,7.74,12.41
D1,2024-04-13,Bochum,Heidenheim,1598.64,1610.1,1.0,1.0,5.0,5.0,1.0,1.0,D,0.0,0.0,D,24.0,10.0,5.0,3.0,12.0,22.0,6.0,2.0,4.0,1.0,0.0,0.0,2.1,3.72,3.38
D1,2024-04-13,Mainz,Hoffenheim,1631.95,1643.97,7.0,8.0,3.0,6.0,4.0,1.0,H,0.0,1.0,A,23.0,5.0,8.0,1.0,12.0,14.0,9.0,3.0,0.0,2.0,0.0,0.0,1.99,3.93,3.52
D1,2024-04-13,MGladbach,Dortmund,1651.5,1883.89,4.0,6.0,6.0,12.0,1.0,2.0,A,1.0,2.0,A,16.0,12.0,5.0,4.0,13.0,11.0,2.0,4.0,1.0,4.0,0.0,1.0,3.26,4.1,2.03
D1,2024-04-13,RB Leipzig,Wolfsburg,1820.92,1657.68,7.0,13.0,3.0,3.0,3.0,0.0,H,1.0,0.0,H,15.0,10.0,6.0,3.0,12.0,7.0,6.0,4.0,2.0,4.0,0.0,0.0,1.36,5.47,7.77
D1,2024-04-13,Stuttgart,Ein Frankfurt,1759.98,1701.48,7.0,13.0,2.0,8.0,3.0,0.0,H,3.0,0.0,H,9.0,10.0,6.0,3.0,4.0,15.0,4.0,5.0,1.0,3.0,0.0,0.0,1.52,4.65,5.86
D1,2024-04-14,Darmstadt,Freiburg,1515.77,1703.04,1.0,1.0,3.0,7.0,0.0,1.0,A,0.0,1.0,A,16.0,9.0,4.0,3.0,6.0,12.0,2.0,2.0,0.0,1.0,0.0,0.0,3.96,3.92,1.86
D1,2024-04-14,Leverkusen,Werder Bremen,1903.19,1618.35,9.0,15.0,1.0,1.0,5.0,0.0,H,1.0,0.0,H,19.0,7.0,10.0,3.0,10.0,4.0,7.0,0.0,2.0,1.0,0.0,0.0,1.2,7.2,13.63
D1,2024-04-19,Ein Frankfurt,Augsburg,1691.07,1657.69,2.0,5.0,4.0,10.0,3.0,1.0,H,0.0,1.0,A,12.0,6.0,7.0,1.0,2.0,19.0,6.0,5.0,3.0,3.0,0.0,0.0,2.05,3.77,3.48
D1,2024-04-20,FC Koln,Darmstadt,1618.86,1504.58,4.0,5.0,1.0,1.0,0.0,2.0,A,0.0,0.0,D,18.0,12.0,4.0,6.0,10.0,13.0,4.0,3.0,0.0,1.0,0.0,0.0,1.5,4.57,6.35
D1,2024-04-20,Heidenheim,RB Leipzig,1626.31,1838.1,5.0,6.0,7.0,13.0,1.0,2.0,A,0.0,1.0,A,9.0,11.0,5.0,4.0,14.0,7.0,2.0,6.0,3.0,1.0,0.0,0.0,6.24,5.1,1.46
D1,2024-04-20,Hoffenheim,MGladbach,1643.33,1662.1,3.0,3.0,3.0,5.0,4.0,3.0,H,1.0,1.0,D,27.0,13.0,9.0,7.0,6.0,11.0,6.0,5.0,1.0,3.0,0.0,0.0,2.12,4.02,3.09
D1,2024-04-20,Wolfsburg,Bochum,1641.17,1593.16,3.0,3.0,2.0,2.0,1.0,0.0,H,1.0,0.0,H,10.0,9.0,5.0,1.0,11.0,16.0,5.0,8.0,4.0,3.0,0.0,0.0,1.79,3.98,4.32
D1,2024-04-20,Union Berlin,Bayern Munich,1649.93,1915.84,1.0,4.0,3.0,9.0,1.0,5.0,A,0.0,2.0,A,15.0,18.0,4.0,9.0,5.0,4.0,5.0,3.0,0.0,0.0,0.0,0.0,4.94,4.51,1.62
D1,2024-04-21,Werder Bremen,Stuttgart,1620.28,1782.14,1.0,1.0,7.0,13.0,2.0,1.0,H,1.0,0.0,H,9.0,14.0,2.0,5.0,11.0,10.0,1.0,7.0,3.0,3.0,0.0,0.0,4.99,4.54,1.6
D1,2024-04-21,Dortmund,Leverkusen,1873.96,1916.91,6.0,12.0,9.0,15.0,1.0,1.0,D,0.0,0.0,D,9.0,13.0,2.0,5.0,14.0,11.0,2.0,6.0,4.0,3.0,0.0,0.0,2.55,3.84,2.55
D1,2024-04-21,Freiburg,Mainz,1698.46,1653.21,6.0,9.0,7.0,10.0,1.0,1.0,D,1.0,1.0,D,7.0,17.0,3.0,4.0,17.0,15.0,2.0,4.0,3.0,4.0,0.0,0.0,2.58,3.56,2.67
D1,2024-04-26,Bochum,Hoffenheim,1593.16,1643.33,1.0,2.0,6.0,6.0,3.0,2.0,H,2.0,0.0,H,35.0,12.0,13.0,4.0,13.0,10.0,10.0,4.0,1.0,1.0,0.0,0.0,2.21,3.92,2.99
D1,2024-04-27,Augsburg,Werder Bremen,1657.69,1620.28,3.0,7.0,4.0,4.0,0.0,3.0,A,0.0,0.0,D,14.0,16.0,1.0,8.0,18.0,8.0,6.0,4.0,1.0,2.0,0.0,0.0,1.81,4.09,4.05
D1,2024-04-27,Bayern Munich,Ein Frankfurt,1915.84,1691.07,6.0,9.0,4.0,5.0,2.0,1.0,H,1.0,1.0,D,19.0,10.0,9.0,3.0,11.0,7.0,4.0,2.0,0.0,3.0,0.0,0.0,1.41,5.4,6.67
D1,2024-04-27,Freiburg,Wolfsburg,1698.46,1641.17,4.0,7.0,3.0,6.0,1.0,2.0,A,1.0,0.0,H,16.0,13.0,3.0,5.0,12.0,7.0,3.0,6.0,4.0,2.0,1.0,0.0,2.33,3.56,3.0
D1,2024-04-27,RB Leipzig,Dortmund,1838.1,1873.96,9.0,13.0,4.0,10.0,4.0,1.0,H,2.0,1.0,H,21.0,12.0,7.0,5.0,11.0,7.0,5.0,8.0,1.0,2.0,0.0,0.0,1.68,4.41,4.51
D1,2024-04-27,Leverkusen,Stuttgart,1916.91,1782.14,7.0,13.0,6.0,10.0,2.0,2.0,D,0.0,0.0,D,14.0,11.0,6.0,4.0,10.0,19.0,5.0,2.0,4.0,3.0,0.0,0.0,1.75,4.22,4.27
D1,2024-04-28,MGladbach,Union Berlin,1662.1,1649.93,3.0,4.0,0.0,4.0,0.0,0.0,D,0.0,0.0,D,13.0,14.0,4.0,7.0,3.0,13.0,3.0,4.0,2.0,2.0,0.0,0.0,2.33,3.46,3.07
D1,2024-04-28,Mainz,FC Koln,1653.21,1618.86,7.0,11.0,3.0,4.0,1.0,1.0,D,1.0,0.0,H,16.0,16.0,4.0,6.0,17.0,13.0,6.0,6.0,4.0,4.0,1.0,0.0,1.54,4.34,6.02
D1,2024-04-28,Darmstadt,Heidenheim,1504.58,1626.31,3.0,4.0,4.0,6.0,0.0,1.0,A,0.0,0.0,D,12.0,19.0,4.0,6.0,14.0,12.0,3.0,8.0,2.0,1.0,0.0,0.0,3.33,3.71,2.11
D1,2024-05-03,Hoffenheim,RB Leipzig,1648.88,1862.26,3.0,6.0,9.0,13.0,1.0,1.0,D,0.0,1.0,A,18.0,8.0,8.0,5.0,6.0,8.0,4.0,4.0,1.0,3.0,0.0,1.0,5.4,5.19,1.51
D1,2024-05-04,Dortmund,Augsburg,1879.29,1639.28,4.0,7.0,3.0,4.0,5.0,1.0,H,4.0,1.0,H,21.0,20.0,10.0,4.0,4.0,11.0,6.0,9.0,0.0,1.0,0.0,0.0,1.85,4.32,3.69
D1,2024-05-04,Stuttgart,Bayern Munich,1783.54,1937.83,4.0,8.0,9.0,9.0,3.0,1.0,H,1.0,1.0,D,24.0,10.0,11.0,3.0,10.0,8.0,3.0,1.0,1.0,2.0,0.0,0.0,2.13,4.04,3.07
D1,2024-05-04,Werder Bremen,MGladbach,1654.93,1660.27,6.0,7.0,1.0,4.0,2.0,2.0,D,1.0,1.0,D,17.0,17.0,6.0,7.0,6.0,7.0,7.0,2.0,0.0,0.0,0.0,0.0,2.3,3.75,2.91
D1,2024-05-04,Wolfsburg,Darmstadt,1664.02,1522.18,6.0,9.0,3.0,4.0,3.0,0.0,H,2.0,0.0,H,18.0,6.0,6.0,1.0,11.0,13.0,9.0,2.0,0.0,3.0,0.0,0.0,1.39,5.15,7.64
D1,2024-05-04,FC Koln,Freiburg,1611.08,1691.6,1.0,5.0,4.0,7.0,0.0,0.0,D,0.0,0.0,D,20.0,4.0,7.0,0.0,10.0,9.0,7.0,1.0,1.0,1.0,0.0,0.0,2.36,3.64,2.9
D1,2024-05-05,Union Berlin,Bochum,1652.08,1602.64,1.0,2.0,4.0,5.0,3.0,4.0,A,0.0,3.0,A,12.0,17.0,6.0,5.0,13.0,16.0,6.0,4.0,0.0,1.0,0.0,0.0,1.97,3.47,4.02
D1,2024-05-05,Ein Frankfurt,Leverkusen,1703.7,1921.0,3.0,5.0,5.0,11.0,1.0,5.0,A,1.0,2.0,A,16.0,10.0,5.0,6.0,10.0,4.0,10.0,5.0,0.0,0.0,0.0,0.0,3.16,3.59,2.23
D1,2024-05-05,Heidenheim,Mainz,1635.6,1659.82,4.0,8.0,5.0,9.0,1.0,1.0,D,0.0,1.0,A,16.0,10.0,6.0,4.0,8.0,8.0,6.0,3.0,2.0,3.0,0.0,0.0,2.99,3.58,2.33
D1,2024-05-10,Augsburg,Stuttgart,1639.28,1783.54,0.0,3.0,4.0,10.0,0.0,1.0,A,0.0,0.0,D,9.0,19.0,1.0,7.0,15.0,9.0,5.0,5.0,4.0,2.0,0.0,0.0,3.88,4.34,1.81
D1,2024-05-11,FC Koln,Union Berlin,1611.08,1652.08,2.0,5.0,1.0,1.0,3.0,2.0,H,1.0,2.0,A,18.0,14.0,5.0,6.0,15.0,16.0,6.0,8.0,3.0,2.0,0.0,0.0,2.8,3.38,2.57
D1,2024-05-11,Freiburg,Heidenheim,1691.6,1635.6,2.0,5.0,4.0,8.0,1.0,1.0,D,1.0,1.0,D,19.0,9.0,3.0,3.0,9.0,11.0,2.0,4.0,1.0,1.0,0.0,0.0,1.73,4.06,4.59
D1,2024-05-11,MGladbach,Ein Frankfurt,1660.27,1703.7,2.0,5.0,3.0,4.0,1.0,1.0,D,1.0,1.0,D,6.0,16.0,3.0,1.0,9.0,10.0,2.0,8.0,1.0,0.0,0.0,0.0,2.51,3.71,2.66
D1,2024-05-11,RB Leipzig,Werder Bremen,1862.26,1654.93,7.0,13.0,7.0,8.0,1.0,1.0,D,0.0,1.0,A,13.0,10.0,5.0,1.0,12.0,6.0,4.0,3.0,1.0,0.0,0.0,0.0,1.29,6.54,8.64
D1,2024-05-11,Mainz,Dortmund,1659.82,1879.29,3.0,9.0,4.0,7.0,3.0,0.0,H,3.0,0.0,H,14.0,10.0,6.0,2.0,14.0,11.0,4.0,2.0,2.0,2.0,0.0,0.0,2.21,3.9,2.98
D1,2024-05-12,Darmstadt,Hoffenheim,1522.18,1648.88,3.0,3.0,4.0,7.0,0.0,6.0,A,0.0,5.0,A,9.0,12.0,1.0,7.0,9.0,3.0,2.0,3.0,3.0,0.0,0.0,0.0,4.66,4.62,1.64
D1,2024-05-12,Bayern Munich,Wolfsburg,1937.83,1664.02,6.0,9.0,9.0,9.0,2.0,0.0,H,2.0,0.0,H,5.0,5.0,3.0,2.0,7.0,8.0,4.0,0.0,0.0,2.0,0.0,0.0,1.35,5.89,7.55
D1,2024-05-12,Bochum,Leverkusen,1602.64,1921.0,6.0,7.0,5.0,11.0,0.0,5.0,A,0.0,2.0,A,2.0,28.0,0.0,10.0,5.0,10.0,2.0,6.0,2.0,1.0,1.0,0.0,4.34,4.32,1.72
D1,2024-05-18,Dortmund,Darmstadt,1882.78,1507.82,3.0,7.0,0.0,3.0,4.0,0.0,H,2.0,0.0,H,21.0,7.0,10.0,1.0,4.0,10.0,7.0,3.0,0.0,3.0,0.0,0.0,1.16,8.99,14.24
D1,2024-05-18,Ein Frankfurt,RB Leipzig,1702.25,1857.54,1.0,4.0,5.0,11.0,2.0,2.0,D,0.0,1.0,A,19.0,9.0,6.0,5.0,10.0,11.0,8.0,3.0,2.0,2.0,0.0,0.0,2.76,3.79,2.4
D1,2024-05-18,Heidenheim,FC Koln,1643.72,1625.35,5.0,6.0,5.0,5.0,4.0,1.0,H,3.0,0.0,H,13.0,19.0,7.0,9.0,9.0,20.0,5.0,12.0,1.0,3.0,0.0,0.0,2.35,3.97,2.74
D1,2024-05-18,Hoffenheim,Bayern Munich,1673.32,1925.9,4.0,7.0,6.0,12.0,4.0,2.0,H,1.0,2.0,A,17.0,12.0,9.0,4.0,7.0,9.0,6.0,5.0,3.0,1.0,0.0,0.0,3.0,4.43,2.06
D1,2024-05-18,Leverkusen,Augsburg,1949.09,1635.88,7.0,11.0,0.0,3.0,2.0,1.0,H,2.0,0.0,H,19.0,8.0,8.0,2.0,6.0,7.0,5.0,4.0,0.0,1.0,0.0,0.0,1.29,6.59,8.71
D1,2024-05-18,Stuttgart,MGladbach,1809.55,1667.0,7.0,10.0,3.0,3.0,4.0,0.0,H,2.0,0.0,H,21.0,13.0,11.0,5.0,4.0,9.0,8.0,4.0,1.0,2.0,0.0,0.0,1.28,6.63,8.97
D1,2024-05-18,Union Berlin,Freiburg,1639.61,1693.67,1.0,1.0,2.0,6.0,2.0,1.0,H,0.0,0.0,D,14.0,11.0,5.0,5.0,14.0,9.0,3.0,7.0,7.0,4.0,0.0,0.0,2.13,3.47,3.51
D1,2024-05-18,Werder Bremen,Bochum,1665.83,1614.08,5.0,8.0,6.0,7.0,4.0,1.0,H,1.0,0.0,H,25.0,26.0,12.0,8.0,12.0,12.0,8.0,8.0,1.0,1.0,0.0,0.0,2.38,3.67,2.86
D1,2024-05-18,Wolfsburg,Mainz,1673.3,1688.53,6.0,9.0,5.0,9.0,1.0,3.0,A,1.0,1.0,D,12.0,12.0,4.0,6.0,13.0,15.0,1.0,3.0,2.0,3.0,0.0,0.0,3.23,3.58,2.21
D1,2024-08-23,MGladbach,Leverkusen,1652.19,1925.04,2.0,3.0,9.0,11.0,2.0,3.0,A,0.0,2.0,A,14.0,25.0,7.0,9.0,11.0,7.0,2.0,4.0,1.0,0.0,0.0,0.0,5.16,4.53,1.58
D1,2024-08-24,Augsburg,Werder Bremen,1626.44,1666.81,0.0,0.0,5.0,11.0,2.0,2.0,D,2.0,1.0,H,10.0,12.0,3.0,6.0,11.0,10.0,4.0,2.0,3.0,1.0,0.0,0.0,2.28,3.56,3.07
D1,2024-08-24,Freiburg,Stuttgart,1677.57,1808.24,2.0,3.0,9.0,10.0,3.0,1.0,H,1.0,1.0,D,15.0,9.0,4.0,2.0,7.0,10.0,6.0,3.0,2.0,1.0,0.0,0.0,3.5,3.7,2.06
D1,2024-08-24,Hoffenheim,Holstein Kiel,1683.04,1573.52,7.0,10.0,7.0,10.0,3.0,2.0,H,2.0,0.0,H,20.0,15.0,8.0,6.0,8.0,14.0,8.0,6.0,2.0,3.0,0.0,1.0,1.65,4.33,4.85
D1,2024-08-24,Mainz,Union Berlin,1693.45,1639.59,7.0,9.0,3.0,4.0,1.0,1.0,D,0.0,0.0,D,15.0,15.0,3.0,4.0,9.0,15.0,8.0,9.0,1.0,3.0,0.0,0.0,2.05,3.3,4.01
D1,2024-08-24,RB Leipzig,Bochum,1846.69,1596.98,3.0,9.0,3.0,6.0,1.0,0.0,H,0.0,0.0,D,12.0,10.0,3.0,4.0,9.0,17.0,9.0,3.0,1.0,3.0,1.0,0.0,1.25,6.58,10.53
D1,2024-08-24,Dortmund,Ein Frankfurt,1869.19,1696.99,6.0,7.0,2.0,5.0,2.0,0.0,H,0.0,0.0,D,17.0,7.0,5.0,2.0,6.0,3.0,7.0,7.0,0.0,1.0,0.0,0.0,1.71,4.31,4.39
D1,2024-08-25,Wolfsburg,Bayern Munich,1652.27,1900.07,3.0,9.0,3.0,9.0,2.0,3.0,A,0.0,1.0,A,11.0,14.0,2.0,8.0,13.0,11.0,1.0,7.0,2.0,3.0,0.0,0.0,6.32,4.93,1.46
D1,2024-08-25,St Pauli,Heidenheim,1598.64,1646.4,6.0,12.0,5.0,8.0,0.0,2.0,A,0.0,0.0,D,11.0,6.0,3.0,3.0,10.0,15.0,4.0,2.0,2.0,3.0,0.0,0.0,2.12,3.5,3.46
D1,2024-08-30,Union Berlin,St Pauli,1639.59,1598.64,4.0,5.0,6.0,9.0,1.0,0.0,H,1.0,0.0,H,10.0,8.0,5.0,2.0,10.0,11.0,5.0,4.0,3.0,1.0,0.0,0.0,1.94,3.5,4.15
D1,2024-08-31,Bochum,MGladbach,1596.98,1652.19,0.0,6.0,1.0,3.0,0.0,2.0,A,0.0,0.0,D,16.0,15.0,4.0,6.0,9.0,10.0,3.0,4.0,1.0,0.0,0.0,0.0,2.62,3.69,2.56
D1,2024-08-31,Ein Frankfurt,Hoffenheim,1696.99,1683.04,2.0,2.0,9.0,10.0,3.0,1.0,H,2.0,0.0,H,17.0,10.0,7.0,3.0,10.0,10.0,1.0,4.0,0.0,3.0,0.0,0.0,1.81,4.1,4.01
D1,2024-08-31,Holstein Kiel,Wolfsburg,1573.52,1652.27,4.0,7.0,0.0,6.0,0.0,2.0,A,0.0,2.0,A,12.0,12.0,5.0,4.0,17.0,14.0,1.0,7.0,4.0,7.0,0.0,0.0,3.2,3.69,2.18
D1,2024-08-31,Stuttgart,Mainz,1808.24,1693.45,6.0,10.0,7.0,9.0,3.0,3.0,D,2.0,1.0,H,28.0,9.0,13.0,7.0,6.0,12.0,11.0,2.0,4.0,2.0,0.0,0.0,1.65,4.24,5.02
D1,2024-08-31,Werder Bremen,Dortmund,1666.81,1869.19,5.0,9.0,6.0,9.0,0.0,0.0,D,0.0,0.0,D,5.0,9.0,1.0,4.0,11.0,16.0,5.0,6.0,2.0,7.0,0.0,1.0,3.94,4.12,1.82
D1,2024-08-31,Leverkusen,RB Leipzig,1925.04,1846.69,9.0,13.0,5.0,9.0,2.0,3.0,A,2.0,1.0,H,27.0,10.0,10.0,4.0,7.0,8.0,18.0,2.0,3.0,1.0,0.0,0.0,1.8,4.14,4.05
D1,2024-09-01,Heidenheim,Augsburg,1662.52,1626.92,7.0,11.0,1.0,1.0,4.0,0.0,H,2.0,0.0,H,17.0,15.0,9.0,1.0,15.0,11.0,5.0,6.0,0.0,3.0,0.0,0.0,2.4,3.49,2.94
D1,2024-09-01,Bayern Munich,Freiburg,1904.78,1692.27,6.0,9.0,4.0,5.0,2.0,0.0,H,1.0,0.0,H,11.0,8.0,4.0,4.0,13.0,12.0,2.0,4.0,1.0,0.0,0.0,0.0,1.21,7.74,11.63
D1,2024-09-13,Dortmund,Heidenheim,1870.38,1662.52,7.0,10.0,9.0,11.0,4.0,2.0,H,3.0,1.0,H,13.0,11.0,7.0,4.0,13.0,18.0,8.0,1.0,2.0,2.0,0.0,0.0,1.39,5.26,7.6
D1,2024-09-14,Freiburg,Bochum,1692.27,1584.68,3.0,5.0,0.0,3.0,2.0,1.0,H,0.0,1.0,A,27.0,13.0,9.0,2.0,5.0,16.0,5.0,6.0,0.0,3.0,0.0,0.0,1.71,4.06,4.72
D1,2024-09-14,Hoffenheim,Leverkusen,1679.07,1917.84,6.0,10.0,6.0,12.0,1.0,4.0,A,1.0,2.0,A,14.0,20.0,5.0,8.0,9.0,10.0,4.0,12.0,2.0,2.0,0.0,0.0,5.78,4.94,1.5
D1,2024-09-14,MGladbach,Stuttgart,1661.61,1791.27,3.0,5.0,4.0,10.0,1.0,3.0,A,1.0,1.0,D,15.0,12.0,7.0,7.0,14.0,12.0,6.0,2.0,2.0,2.0,0.0,0.0,2.81,3.94,2.31
D1,2024-09-14,RB Leipzig,Union Berlin,1861.05,1649.06,7.0,9.0,7.0,7.0,0.0,0.0,D,0.0,0.0,D,16.0,11.0,3.0,3.0,9.0,19.0,6.0,5.0,2.0,3.0,0.0,0.0,1.48,4.68,6.68
D1,2024-09-14,Wolfsburg,Ein Frankfurt,1660.19,1702.81,3.0,6.0,4.0,5.0,1.0,2.0,A,0.0,1.0,A,17.0,15.0,4.0,7.0,7.0,18.0,5.0,4.0,1.0,2.0,0.0,0.0,2.69,3.53,2.58
D1,2024-09-14,Holstein Kiel,Bayern Munich,1560.27,1904.78,3.0,7.0,6.0,9.0,1.0,6.0,A,0.0,4.0,A,5.0,23.0,1.0,13.0,12.0,11.0,2.0,10.0,0.0,1.0,0.0,0.0,11.32,7.34,1.23
D1,2024-09-15,Augsburg,St Pauli,1615.73,1582.58,1.0,1.0,3.0,6.0,3.0,1.0,H,0.0,0.0,D,18.0,12.0,10.0,3.0,12.0,10.0,7.0,7.0,4.0,3.0,0.0,0.0,2.09,3.62,3.47
D1,2024-09-15,Mainz,Werder Bremen,1695.74,1672.42,5.0,9.0,5.0,7.0,1.0,2.0,A,1.0,1.0,D,11.0,11.0,5.0,5.0,12.0,7.0,10.0,4.0,3.0,1.0,0.0,1.0,2.04,3.66,3.57
D1,2024-09-20,Augsburg,Mainz,1615.73,1695.74,4.0,4.0,2.0,8.0,2.0,3.0,A,1.0,2.0,A,30.0,5.0,9.0,3.0,7.0,12.0,14.0,1.0,3.0,5.0,1.0,1.0,2.42,3.54,2.9
D1,2024-09-21,Bochum,Holstein Kiel,1580.6,1555.67,0.0,0.0,0.0,4.0,2.0,2.0,D,2.0,1.0,H,14.0,13.0,3.0,4.0,20.0,9.0,2.0,5.0,4.0,1.0,0.0,0.0,1.98,3.73,3.68
D1,2024-09-21,Heidenheim,Freiburg,1670.02,1693.01,6.0,10.0,6.0,7.0,0.0,3.0,A,0.0,0.0,D,7.0,14.0,2.0,5.0,6.0,7.0,3.0,9.0,1.0,1.0,0.0,0.0,2.72,3.46,2.59
D1,2024-09-21,Union Berlin,Hoffenheim,1655.58,1672.75,5.0,8.0,3.0,9.0,2.0,1.0,H,2.0,0.0,H,12.0,6.0,2.0,3.0,17.0,18.0,5.0,5.0,3.0,3.0,0.0,0.0,2.03,3.68,3.58
D1,2024-09-21,Werder Bremen,Bayern Munich,1672.42,1912.72,5.0,9.0,9.0,12.0,0.0,5.0,A,0.0,2.0,A,0.0,25.0,0.0,7.0,4.0,13.0,1.0,4.0,0.0,3.0,0.0,0.0,7.74,5.57,1.36
D1,2024-09-21,Ein Frankfurt,MGladbach,1711.3,1653.2,6.0,8.0,3.0,4.0,2.0,0.0,H,1.0,0.0,H,14.0,22.0,4.0,7.0,10.0,12.0,8.0,5.0,1.0,1.0,0.0,0.0,1.78,4.13,4.18
D1,2024-09-22,Leverkusen,Wolfsburg,1924.16,1651.71,6.0,12.0,3.0,3.0,4.0,3.0,H,2.0,3.0,A,20.0,8.0,7.0,4.0,6.0,14.0,6.0,2.0,4.0,5.0,0.0,1.0,1.3,5.83,9.28
D1,2024-09-22,Stuttgart,Dortmund,1799.68,1874.08,4.0,10.0,7.0,10.0,5.0,1.0,H,2.0,0.0,H,16.0,6.0,9.0,3.0,10.0,6.0,6.0,4.0,1.0,3.0,0.0,0.0,2.31,3.82,2.86
D1,2024-09-22,St Pauli,RB Leipzig,1582.58,1854.54,0.0,6.0,7.0,9.0,0.0,0.0,D,0.0,0.0,D,15.0,10.0,4.0,5.0,6.0,9.0,3.0,1.0,2.0,1.0,0.0,0.0,5.11,4.15,1.64
D1,2024-09-27,Dortmund,Bochum,1874.08,1580.6,4.0,10.0,1.0,1.0,4.0,2.0,H,1.0,2.0,A,23.0,10.0,8.0,6.0,12.0,9.0,11.0,0.0,2.0,0.0,0.0,0.0,1.24,6.99,10.74
D1,2024-09-28,Freiburg,St Pauli,1693.01,1582.58,6.0,9.0,1.0,4.0,0.0,3.0,A,0.0,2.0,A,6.0,10.0,2.0,4.0,7.0,18.0,4.0,2.0,3.0,3.0,0.0,0.0,1.63,4.08,5.44
D1,2024-09-28,Mainz,Heidenheim,1695.74,1670.02,4.0,8.0,3.0,9.0,0.0,2.0,A,0.0,1.0,A,7.0,14.0,2.0,7.0,10.0,10.0,7.0,6.0,4.0,4.0,1.0,1.0,1.85,3.8,4.2
D1,2024-09-28,MGladbach,Union Berlin,1653.2,1655.58,3.0,3.0,7.0,11.0,1.0,0.0,H,0.0,0.0,D,8.0,9.0,3.0,3.0,10.0,12.0,2.0,4.0,3.0,1.0,0.0,0.0,2.12,3.54,3.47
D1,2024-09-28,RB Leipzig,Augsburg,1854.54,1615.73,5.0,9.0,3.0,4.0,4.0,0.0,H,2.0,0.0,H,14.0,7.0,7.0,1.0,9.0,13.0,8.0,5.0,1.0,2.0,0.0,0.0,1.42,5.22,6.88
D1,2024-09-28,Wolfsburg,Stuttgart,1651.71,1799.68,3.0,3.0,7.0,10.0,2.0,2.0,D,1.0,1.0,D,5.0,17.0,2.0,5.0,20.0,10.0,1.0,3.0,5.0,2.0,0.0,1.0,3.22,3.89,2.1
D1,2024-09-28,Bayern Munich,Leverkusen,1912.72,1924.16,9.0,12.0,6.0,12.0,1.0,1.0,D,1.0,1.0,D,18.0,3.0,3.0,3.0,11.0,15.0,6.0,1.0,1.0,3.0,0.0,0.0,1.73,4.41,4.22
D1,2024-09-29,Holstein Kiel,Ein Frankfurt,1555.67,1711.3,1.0,4.0,9.0,10.0,2.0,4.0,A,1.0,1.0,D,10.0,18.0,5.0,10.0,12.0,13.0,4.0,9.0,1.0,3.0,0.0,0.0,4.41,4.24,1.72
D1,2024-09-29,Hoffenheim,Werder Bremen,1672.75,1672.42,0.0,6.0,4.0,8.0,3.0,4.0,A,3.0,3.0,D,10.0,18.0,5.0,10.0,12.0,19.0,2.0,6.0,3.0,3.0,1.0,0.0,2.36,3.8,2.8
D1,2024-10-04,Augsburg,MGladbach,1614.8,1656.37,3.0,4.0,3.0,6.0,2.0,1.0,H,1.0,0.0,H,13.0,11.0,5.0,5.0,13.0,15.0,6.0,5.0,2.0,4.0,0.0,0.0,2.43,3.75,2.75
D1,2024-10-05,Bochum,Wolfsburg,1579.44,1656.46,1.0,1.0,1.0,4.0,1.0,3.0,A,0.0,2.0,A,17.0,15.0,5.0,5.0,11.0,12.0,7.0,6.0,1.0,2.0,0.0,0.0,3.03,3.75,2.24
D1,2024-10-05,Leverkusen,Holstein Kiel,1940.88,1553.77,7.0,10.0,1.0,1.0,2.0,2.0,D,2.0,1.0,H,24.0,8.0,7.0,4.0,5.0,9.0,12.0,3.0,2.0,2.0,0.0,0.0,1.09,12.54,25.37
D1,2024-10-05,Union Berlin,Dortmund,1658.86,1872.05,4.0,8.0,6.0,10.0,2.0,1.0,H,2.0,0.0,H,13.0,9.0,5.0,5.0,15.0,17.0,3.0,3.0,4.0,4.0,0.0,0.0,3.37,3.53,2.16
D1,2024-10-05,Werder Bremen,Freiburg,1686.42,1689.77,6.0,8.0,6.0,9.0,0.0,1.0,A,0.0,0.0,D,11.0,13.0,3.0,3.0,7.0,9.0,7.0,5.0,1.0,2.0,0.0,0.0,2.61,3.63,2.61
D1,2024-10-05,St Pauli,Mainz,1605.21,1682.1,4.0,4.0,3.0,5.0,0.0,3.0,A,0.0,2.0,A,17.0,8.0,4.0,4.0,12.0,16.0,2.0,2.0,0.0,3.0,0.0,0.0,2.44,3.42,2.93
D1,2024-10-06,Heidenheim,RB Leipzig,1672.9,1850.53,3.0,9.0,5.0,11.0,0.0,1.0,A,0.0,0.0,D,15.0,12.0,4.0,2.0,12.0,13.0,3.0,2.0,2.0,2.0,0.0,0.0,4.64,4.23,1.69
D1,2024-10-06,Ein Frankfurt,Bayern Munich,1724.32,1925.75,9.0,12.0,7.0,13.0,3.0,3.0,D,2.0,2.0,D,5.0,22.0,4.0,13.0,10.0,6.0,0.0,11.0,1.0,1.0,0.0,0.0,5.51,4.85,1.52
D1,2024-10-06,Stuttgart,Hoffenheim,1814.59,1660.88,7.0,8.0,0.0,3.0,1.0,1.0,D,0.0,1.0,A,18.0,7.0,7.0,5.0,10.0,7.0,10.0,5.0,1.0,4.0,0.0,0.0,1.31,6.32,8.07
D1,2024-10-18,Dortmund,St Pauli,1864.24,1591.98,3.0,7.0,4.0,4.0,2.0,1.0,H,1.0,0.0,H,20.0,10.0,7.0,3.0,8.0,7.0,7.0,1.0,2.0,1.0,0.0,0.0,1.31,5.72,9.79
D1,2024-10-19,Freiburg,Augsburg,1698.25,1621.83,6.0,9.0,3.0,6.0,3.0,1.0,H,3.0,0.0,H,15.0,9.0,6.0,3.0,11.0,7.0,5.0,4.0,1.0,1.0,0.0,0.0,1.74,3.91,4.75
D1,2024-10-19,Hoffenheim,Bochum,1669.96,1568.7,1.0,1.0,1.0,1.0,3.0,1.0,H,1.0,0.0,H,12.0,13.0,7.0,4.0,10.0,12.0,4.0,2.0,1.0,1.0,0.0,0.0,1.7,4.44,4.38
D1,2024-10-19,Leverkusen,Ein Frankfurt,1935.1,1734.64,5.0,8.0,7.0,13.0,2.0,1.0,H,1.0,1.0,D,27.0,9.0,9.0,2.0,9.0,5.0,8.0,3.0,2.0,1.0,0.0,0.0,1.45,5.04,6.32
D1,2024-10-19,Mainz,RB Leipzig,1693.99,1844.11,6.0,7.0,7.0,11.0,0.0,2.0,A,0.0,2.0,A,16.0,11.0,2.0,5.0,12.0,15.0,5.0,3.0,1.0,3.0,0.0,0.0,4.04,3.83,1.88
D1,2024-10-19,MGladbach,Heidenheim,1648.02,1669.02,3.0,6.0,3.0,6.0,3.0,2.0,H,1.0,1.0,D,20.0,19.0,10.0,6.0,15.0,9.0,6.0,3.0,3.0,3.0,0.0,0.0,1.85,3.8,4.21
D1,2024-10-19,Bayern Munich,Stuttgart,1912.3,1804.37,5.0,11.0,5.0,9.0,4.0,0.0,H,0.0,0.0,D,22.0,4.0,10.0,1.0,6.0,10.0,7.0,3.0,0.0,2.0,0.0,0.0,1.35,5.77,7.7
D1,2024-10-20,Holstein Kiel,Union Berlin,1561.62,1670.61,2.0,2.0,6.0,10.0,0.0,2.0,A,0.0,1.0,A,12.0,14.0,5.0,4.0,8.0,11.0,7.0,3.0,2.0,1.0,0.0,0.0,3.44,3.42,2.16
D1,2024-10-20,Wolfsburg,Werder Bremen,1665.87,1676.62,4.0,7.0,3.0,7.0,2.0,4.0,A,1.0,1.0,D,14.0,15.0,6.0,7.0,15.0,9.0,4.0,4.0,1.0,1.0,1.0,0.0,2.07,3.66,3.44
D1,2024-10-25,Mainz,MGladbach,1693.99,1648.02,3.0,6.0,6.0,6.0,1.0,1.0,D,0.0,0.0,D,23.0,9.0,6.0,5.0,16.0,16.0,2.0,4.0,3.0,2.0,0.0,0.0,2.35,3.76,2.86
D1,2024-10-26,Augsburg,Dortmund,1621.83,1864.24,3.0,6.0,6.0,9.0,2.0,1.0,H,1.0,1.0,D,12.0,11.0,4.0,4.0,13.0,10.0,3.0,5.0,3.0,3.0,0.0,1.0,3.73,3.96,1.91
D1,2024-10-26,RB Leipzig,Freiburg,1844.11,1698.25,9.0,11.0,6.0,12.0,3.0,1.0,H,0.0,1.0,A,12.0,15.0,9.0,5.0,9.0,7.0,3.0,3.0,3.0,2.0,0.0,0.0,1.73,4.12,4.52
D1,2024-10-26,St Pauli,Wolfsburg,1591.98,1665.87,3.0,4.0,4.0,4.0,0.0,0.0,D,0.0,0.0,D,14.0,10.0,5.0,4.0,9.0,12.0,7.0,6.0,0.0,3.0,0.0,0.0,2.61,3.46,2.68
D1,2024-10-26,Stuttgart,Holstein Kiel,1804.37,1561.62,2.0,8.0,1.0,2.0,2.0,1.0,H,1.0,0.0,H,16.0,9.0,6.0,3.0,6.0,17.0,9.0,5.0,3.0,6.0,1.0,1.0,1.23,7.14,10.95
D1,2024-10-26,Werder Bremen,Leverkusen,1676.62,1935.1,6.0,9.0,5.0,11.0,2.0,2.0,D,0.0,1.0,A,13.0,15.0,8.0,6.0,9.0,11.0,3.0,5.0,1.0,1.0,0.0,0.0,5.64,4.9,1.51
D1,2024-10-27,Bochum,Bayern Munich,1568.7,1912.3,0.0,1.0,5.0,11.0,0.0,5.0,A,0.0,2.0,A,6.0,17.0,2.0,9.0,15.0,6.0,2.0,5.0,1.0,1.0,0.0,0.0,14.44,9.35,1.15
D1,2024-10-27,Union Berlin,Ein Frankfurt,1670.61,1734.64,6.0,10.0,4.0,10.0,1.0,1.0,D,0.0,1.0,A,13.0,17.0,4.0,5.0,13.0,7.0,4.0,5.0,5.0,3.0,0.0,1.0,2.58,3.37,2.76
D1,2024-10-27,Heidenheim,Hoffenheim,1669.02,1669.96,3.0,3.0,4.0,4.0,0.0,0.0,D,0.0,0.0,D,17.0,12.0,3.0,4.0,12.0,16.0,7.0,3.0,1.0,2.0,0.0,0.0,2.29,3.65,2.98
D1,2024-11-01,Leverkusen,Stuttgart,1923.26,1804.45,5.0,9.0,4.0,8.0,0.0,0.0,D,0.0,0.0,D,19.0,4.0,5.0,1.0,13.0,14.0,10.0,2.0,3.0,4.0,0.0,0.0,1.56,4.8,5.16
D1,2024-11-02,Bayern Munich,Union Berlin,1908.25,1674.53,7.0,11.0,7.0,10.0,3.0,0.0,H,2.0,0.0,H,16.0,8.0,7.0,1.0,2.0,9.0,7.0,4.0,0.0,2.0,0.0,0.0,1.17,7.97,15.38
D1,2024-11-02,Ein Frankfurt,Bochum,1726.86,1553.04,2.0,8.0,0.0,1.0,7.0,2.0,H,4.0,1.0,H,18.0,11.0,9.0,8.0,6.0,15.0,5.0,2.0,1.0,2.0,0.0,0.0,1.33,5.88,8.06
D1,2024-11-02,Hoffenheim,St Pauli,1666.82,1585.14,5.0,5.0,1.0,5.0,0.0,2.0,A,0.0,1.0,A,12.0,7.0,6.0,3.0,10.0,10.0,7.0,2.0,0.0,2.0,0.0,0.0,1.88,3.91,3.9
D1,2024-11-02,Holstein Kiel,Heidenheim,1545.0,1660.11,1.0,2.0,1.0,4.0,1.0,0.0,H,1.0,0.0,H,11.0,17.0,6.0,4.0,16.0,14.0,5.0,6.0,4.0,5.0,0.0,0.0,2.79,3.49,2.51
D1,2024-11-02,Wolfsburg,Augsburg,1647.22,1622.08,4.0,5.0,6.0,6.0,1.0,1.0,D,0.0,1.0,A,18.0,3.0,6.0,1.0,7.0,14.0,8.0,1.0,1.0,3.0,0.0,0.0,2.01,3.83,3.53
D1,2024-11-02,Dortmund,RB Leipzig,1841.71,1843.91,3.0,6.0,9.0,13.0,2.0,1.0,H,1.0,1.0,D,19.0,7.0,7.0,3.0,11.0,12.0,4.0,0.0,3.0,4.0,0.0,0.0,2.25,3.77,3.03
D1,2024-11-03,Freiburg,Mainz,1694.6,1678.66,6.0,9.0,4.0,7.0,0.0,0.0,D,0.0,0.0,D,10.0,9.0,2.0,2.0,9.0,12.0,8.0,4.0,1.0,2.0,0.0,0.0,1.7,3.95,4.84
D1,2024-11-03,MGladbach,Werder Bremen,1652.03,1689.08,4.0,7.0,4.0,7.0,4.0,1.0,H,3.0,0.0,H,16.0,15.0,8.0,5.0,12.0,10.0,7.0,7.0,1.0,4.0,0.0,1.0,2.1,3.87,3.18
D1,2024-11-08,Union Berlin,Freiburg,1674.53,1694.6,4.0,7.0,4.0,7.0,0.0,0.0,D,0.0,0.0,D,12.0,14.0,6.0,4.0,11.0,8.0,4.0,1.0,2.0,0.0,0.0,0.0,2.52,3.18,3.04
D1,2024-11-09,Bochum,Leverkusen,1553.04,1923.26,0.0,0.0,5.0,7.0,1.0,1.0,D,0.0,1.0,A,15.0,11.0,3.0,3.0,10.0,9.0,6.0,4.0,0.0,1.0,0.0,0.0,10.15,6.68,1.26
D1,2024-11-09,Mainz,Dortmund,1678.66,1841.71,2.0,5.0,6.0,9.0,3.0,1.0,H,2.0,1.0,H,13.0,2.0,9.0,1.0,17.0,5.0,8.0,0.0,3.0,1.0,0.0,1.0,3.46,3.74,2.06
D1,2024-11-09,St Pauli,Bayern Munich,1585.14,1908.25,4.0,7.0,9.0,11.0,0.0,1.0,A,0.0,1.0,A,3.0,13.0,0.0,6.0,10.0,7.0,5.0,10.0,2.0,2.0,0.0,0.0,11.42,6.92,1.23
D1,2024-11-09,Werder Bremen,Holstein Kiel,1689.08,1545.0,4.0,7.0,3.0,4.0,2.0,1.0,H,1.0,0.0,H,16.0,12.0,5.0,5.0,10.0,19.0,6.0,3.0,3.0,2.0,0.0,0.0,1.64,4.3,4.93
D1,2024-11-09,RB Leipzig,MGladbach,1843.91,1652.03,6.0,12.0,7.0,10.0,0.0,0.0,D,0.0,0.0,D,11.0,14.0,4.0,4.0,14.0,7.0,8.0,4.0,2.0,2.0,0.0,0.0,1.59,4.59,5.08
D1,2024-11-10,Augsburg,Hoffenheim,1622.08,1666.82,4.0,7.0,4.0,5.0,0.0,0.0,D,0.0,0.0,D,16.0,11.0,4.0,2.0,16.0,7.0,10.0,6.0,2.0,3.0,0.0,0.0,2.1,3.79,3.25
D1,2024-11-10,Stuttgart,Ein Frankfurt,1804.45,1726.86,4.0,6.0,4.0,8.0,2.0,3.0,A,0.0,1.0,A,22.0,8.0,11.0,5.0,10.0,15.0,8.0,3.0,2.0,3.0,0.0,0.0,1.91,4.04,3.65
D1,2024-11-10,Heidenheim,Wolfsburg,1660.11,1647.22,1.0,4.0,2.0,6.0,1.0,3.0,A,0.0,2.0,A,19.0,13.0,4.0,6.0,9.0,23.0,5.0,5.0,1.0,6.0,0.0,0.0,2.83,3.33,2.54
D1,2024-11-22,Bayern Munich,Augsburg,1912.21,1617.74,9.0,13.0,5.0,8.0,3.0,0.0,H,0.0,0.0,D,33.0,2.0,14.0,1.0,9.0,9.0,8.0,0.0,0.0,2.0,0.0,1.0,1.12,10.21,19.53
D1,2024-11-23,Dortmund,Freiburg,1828.54,1687.78,3.0,6.0,2.0,8.0,4.0,0.0,H,2.0,0.0,H,19.0,7.0,7.0,3.0,11.0,4.0,7.0,0.0,1.0,2.0,0.0,2.0,1.68,4.2,4.73
D1,2024-11-23,Hoffenheim,RB Leipzig,1646.15,1812.09,2.0,6.0,4.0,10.0,4.0,3.0,H,1.0,2.0,A,20.0,14.0,7.0,6.0,14.0,12.0,4.0,3.0,2.0,1.0,0.0,0.0,3.39,3.66,2.1
D1,2024-11-23,Leverkusen,Heidenheim,1896.3,1637.09,3.0,7.0,1.0,1.0,5.0,2.0,H,2.0,2.0,D,20.0,6.0,10.0,3.0,8.0,11.0,6.0,0.0,0.0,0.0,0.0,0.0,1.19,7.63,13.79
D1,2024-11-23,Stuttgart,Bochum,1781.3,1547.71,4.0,5.0,1.0,1.0,2.0,0.0,H,0.0,0.0,D,15.0,9.0,5.0,2.0,7.0,16.0,7.0,4.0,2.0,3.0,0.0,0.0,1.31,6.11,8.33
D1,2024-11-23,Wolfsburg,Union Berlin,1653.07,1664.13,5.0,8.0,2.0,8.0,1.0,0.0,H,0.0,0.0,D,10.0,11.0,5.0,4.0,7.0,15.0,8.0,5.0,1.0,2.0,0.0,0.0,2.32,3.3,3.24
D1,2024-11-23,Ein Frankfurt,Werder Bremen,1745.12,1674.11,7.0,8.0,4.0,7.0,1.0,0.0,H,1.0,0.0,H,15.0,8.0,5.0,1.0,15.0,9.0,5.0,6.0,2.0,2.0,0.0,0.0,1.71,4.25,4.46
D1,2024-11-24,Holstein Kiel,Mainz,1544.9,1690.33,3.0,4.0,5.0,8.0,0.0,3.0,A,0.0,2.0,A,7.0,18.0,2.0,7.0,11.0,7.0,2.0,6.0,1.0,0.0,0.0,0.0,3.07,3.49,2.3
D1,2024-11-24,MGladbach,St Pauli,1664.78,1592.78,5.0,8.0,4.0,4.0,2.0,0.0,H,2.0,0.0,H,15.0,15.0,4.0,3.0,7.0,8.0,5.0,4.0,1.0,0.0,0.0,0.0,1.81,3.77,4.34
D1,2024-11-29,St Pauli,Holstein Kiel,1592.78,1544.9,3.0,4.0,3.0,3.0,3.0,1.0,H,1.0,0.0,H,11.0,10.0,4.0,3.0,10.0,11.0,4.0,4.0,2.0,5.0,0.0,0.0,1.71,3.79,5.11
D1,2024-11-30,Augsburg,Bochum,1617.74,1547.71,2.0,5.0,1.0,1.0,1.0,0.0,H,1.0,0.0,H,16.0,7.0,4.0,1.0,8.0,22.0,6.0,1.0,3.0,3.0,0.0,0.0,1.73,3.96,4.69
D1,2024-11-30,Freiburg,MGladbach,1687.78,1664.78,2.0,5.0,7.0,11.0,3.0,1.0,H,1.0,0.0,H,17.0,15.0,7.0,4.0,5.0,14.0,4.0,6.0,1.0,1.0,0.0,0.0,2.0,3.75,3.59
D1,2024-11-30,RB Leipzig,Wolfsburg,1812.09,1653.07,1.0,7.0,7.0,8.0,1.0,5.0,A,0.0,3.0,A,9.0,13.0,4.0,8.0,11.0,6.0,7.0,3.0,2.0,1.0,0.0,0.0,1.69,4.12,4.75
D1,2024-11-30,Union Berlin,Leverkusen,1664.13,1896.3,1.0,5.0,5.0,9.0,1.0,2.0,A,1.0,1.0,D,8.0,8.0,2.0,3.0,18.0,11.0,1.0,3.0,4.0,2.0,0.0,0.0,4.65,3.83,1.76
D1,2024-11-30,Werder Bremen,Stuttgart,1674.11,1781.3,3.0,7.0,4.0,7.0,2.0,2.0,D,1.0,1.0,D,20.0,10.0,6.0,4.0,8.0,13.0,11.0,2.0,1.0,1.0,0.0,0.0,3.0,3.75,2.25
D1,2024-11-30,Dortmund,Bayern Munich,1828.54,1912.21,6.0,9.0,9.0,15.0,1.0,1.0,D,1.0,0.0,H,7.0,14.0,2.0,5.0,11.0,7.0,2.0,3.0,2.0,2.0,0.0,0.0,4.54,4.32,1.69
D1,2024-12-01,Mainz,Hoffenheim,1692.69,1639.14,7.0,8.0,4.0,8.0,2.0,0.0,H,2.0,0.0,H,18.0,10.0,8.0,2.0,13.0,12.0,8.0,3.0,1.0,3.0,0.0,0.0,2.08,3.61,3.45
D1,2024-12-01,Heidenheim,Ein Frankfurt,1620.4,1748.56,0.0,1.0,9.0,10.0,0.0,4.0,A,0.0,1.0,A,8.0,14.0,1.0,8.0,7.0,9.0,6.0,5.0,0.0,2.0,0.0,0.0,3.73,3.69,1.97
D1,2024-12-06,Stuttgart,Union Berlin,1753.37,1646.29,4.0,8.0,1.0,2.0,3.0,2.0,H,0.0,1.0,A,7.0,14.0,5.0,3.0,14.0,19.0,1.0,6.0,1.0,6.0,0.0,0.0,1.83,3.58,4.64
D1,2024-12-07,Bayern Munich,Heidenheim,1912.29,1620.4,7.0,13.0,0.0,1.0,4.0,2.0,H,1.0,0.0,H,21.0,2.0,10.0,2.0,4.0,5.0,8.0,0.0,1.0,0.0,0.0,0.0,1.09,12.51,23.3
D1,2024-12-07,Bochum,Werder Bremen,1532.41,1663.28,1.0,1.0,4.0,5.0,0.0,1.0,A,0.0,0.0,D,12.0,9.0,2.0,1.0,12.0,10.0,9.0,5.0,1.0,1.0,0.0,0.0,3.14,3.62,2.23
D1,2024-12-07,Ein Frankfurt,Augsburg,1748.56,1612.91,9.0,13.0,4.0,8.0,2.0,2.0,D,0.0,0.0,D,16.0,8.0,4.0,3.0,17.0,9.0,4.0,0.0,2.0,2.0,0.0,0.0,1.55,4.36,5.89
D1,2024-12-07,Holstein Kiel,RB Leipzig,1520.45,1766.22,0.0,3.0,1.0,4.0,0.0,2.0,A,0.0,1.0,A,17.0,9.0,5.0,5.0,11.0,13.0,6.0,1.0,4.0,3.0,0.0,0.0,5.36,4.37,1.59
D1,2024-12-07,Leverkusen,St Pauli,1898.46,1586.29,7.0,9.0,3.0,7.0,2.0,1.0,H,2.0,0.0,H,6.0,12.0,2.0,4.0,8.0,10.0,7.0,4.0,1.0,3.0,0.0,0.0,1.24,6.57,11.8
D1,2024-12-07,MGladbach,Dortmund,1655.56,1835.77,4.0,8.0,4.0,7.0,1.0,1.0,D,0.0,0.0,D,9.0,16.0,3.0,3.0,16.0,11.0,7.0,4.0,3.0,2.0,1.0,0.0,3.23,3.89,2.1
D1,2024-12-08,Wolfsburg,Mainz,1678.34,1692.69,9.0,11.0,9.0,11.0,4.0,3.0,H,1.0,2.0,A,10.0,12.0,5.0,5.0,10.0,15.0,3.0,5.0,3.0,4.0,0.0,0.0,2.15,3.42,3.46
D1,2024-12-08,Hoffenheim,Freiburg,1639.14,1682.63,4.0,5.0,4.0,5.0,1.0,1.0,D,0.0,0.0,D,15.0,11.0,5.0,4.0,10.0,5.0,6.0,1.0,1.0,1.0,0.0,0.0,2.71,3.47,2.54
D1,2024-12-13,Freiburg,Wolfsburg,1682.63,1678.34,4.0,6.0,9.0,13.0,3.0,2.0,H,1.0,0.0,H,18.0,20.0,9.0,5.0,11.0,3.0,5.0,6.0,4.0,1.0,0.0,0.0,2.22,3.41,3.3
D1,2024-12-14,Augsburg,Leverkusen,1612.91,1898.46,4.0,6.0,9.0,11.0,0.0,2.0,A,0.0,2.0,A,8.0,14.0,4.0,3.0,12.0,5.0,4.0,9.0,3.0,0.0,0.0,0.0,5.47,4.2,1.59
D1,2024-12-14,Mainz,Bayern Munich,1692.69,1912.29,6.0,10.0,7.0,13.0,2.0,1.0,H,1.0,0.0,H,8.0,13.0,4.0,1.0,21.0,12.0,3.0,2.0,3.0,2.0,0.0,0.0,6.54,4.69,1.47
D1,2024-12-14,MGladbach,Holstein Kiel,1655.56,1520.45,4.0,8.0,0.0,3.0,4.0,1.0,H,3.0,1.0,H,15.0,11.0,6.0,3.0,10.0,14.0,5.0,2.0,1.0,1.0,0.0,0.0,1.44,4.89,6.63
D1,2024-12-14,Union Berlin,Bochum,1646.29,1532.41,0.0,1.0,0.0,1.0,1.0,1.0,D,1.0,1.0,D,22.0,13.0,4.0,3.0,11.0,9.0,7.0,6.0,2.0,2.0,0.0,1.0,1.59,3.94,6.09
D1,2024-12-14,St Pauli,Werder Bremen,1586.29,1663.28,3.0,6.0,4.0,7.0,0.0,2.0,A,0.0,1.0,A,15.0,8.0,4.0,4.0,10.0,9.0,4.0,5.0,2.0,3.0,0.0,0.0,2.64,3.4,2.66
D1,2024-12-15,Heidenheim,Stuttgart,1584.23,1752.47,0.0,0.0,7.0,8.0,1.0,3.0,A,1.0,2.0,A,9.0,18.0,2.0,7.0,25.0,13.0,9.0,6.0,4.0,3.0,0.0,0.0,4.09,3.89,1.82
D1,2024-12-15,Dortmund,Hoffenheim,1815.27,1617.26,5.0,8.0,4.0,5.0,1.0,1.0,D,0.0,0.0,D,6.0,12.0,2.0,1.0,9.0,10.0,3.0,9.0,5.0,2.0,0.0,0.0,1.44,5.01,6.34
D1,2024-12-15,RB Leipzig,Ein Frankfurt,1753.0,1740.61,3.0,4.0,7.0,13.0,2.0,1.0,H,1.0,1.0,D,19.0,16.0,9.0,3.0,15.0,10.0,6.0,7.0,1.0,3.0,0.0,0.0,2.1,3.86,3.18
D1,2024-12-20,Bayern Munich,RB Leipzig,1898.07,1753.0,4.0,10.0,6.0,7.0,5.0,1.0,H,3.0,1.0,H,22.0,4.0,9.0,1.0,9.0,10.0,8.0,1.0,5.0,2.0,0.0,0.0,1.22,7.04,11.46
D1,2024-12-21,Ein Frankfurt,Mainz,1740.61,1696.92,4.0,10.0,6.0,12.0,1.0,3.0,A,0.0,2.0,A,34.0,9.0,9.0,3.0,10.0,10.0,17.0,2.0,1.0,1.0,0.0,1.0,1.84,3.95,3.97
D1,2024-12-21,Hoffenheim,MGladbach,1617.26,1656.9,2.0,6.0,4.0,8.0,1.0,2.0,A,0.0,1.0,A,18.0,5.0,8.0,3.0,14.0,6.0,8.0,4.0,0.0,0.0,0.0,0.0,2.35,3.69,2.85
D1,2024-12-21,Holstein Kiel,Augsburg,1501.03,1605.5,0.0,0.0,4.0,5.0,5.0,1.0,H,4.0,1.0,H,8.0,17.0,6.0,4.0,11.0,13.0,3.0,8.0,0.0,4.0,0.0,0.0,3.05,3.31,2.4
D1,2024-12-21,Stuttgart,St Pauli,1752.47,1566.36,7.0,10.0,3.0,3.0,0.0,1.0,A,0.0,1.0,A,25.0,11.0,5.0,5.0,10.0,11.0,9.0,1.0,2.0,2.0,0.0,0.0,1.47,4.64,6.51
D1,2024-12-21,Werder Bremen,Union Berlin,1670.16,1629.0,7.0,10.0,1.0,2.0,4.0,1.0,H,3.0,1.0,H,11.0,16.0,6.0,4.0,9.0,12.0,4.0,9.0,2.0,2.0,0.0,0.0,2.1,3.37,3.64
D1,2024-12-21,Leverkusen,Freiburg,1903.22,1680.74,9.0,13.0,7.0,8.0,5.0,1.0,H,1.0,0.0,H,20.0,8.0,12.0,2.0,8.0,9.0,4.0,2.0,1.0,2.0,0.0,0.0,1.38,5.03,8.04
D1,2024-12-22,Bochum,Heidenheim,1522.53,1584.23,1.0,2.0,0.0,0.0,2.0,0.0,H,2.0,0.0,H,14.0,10.0,4.0,2.0,18.0,15.0,5.0,2.0,2.0,7.0,0.0,0.0,2.32,3.52,2.98
D1,2024-12-22,Wolfsburg,Dortmund,1670.33,1815.27,6.0,12.0,3.0,6.0,1.0,3.0,A,0.0,3.0,A,14.0,12.0,5.0,4.0,8.0,8.0,10.0,4.0,3.0,2.0,0.0,1.0,3.05,3.67,2.23
D1,2025-01-10,Dortmund,Leverkusen,1815.07,1906.35,5.0,9.0,9.0,15.0,2.0,3.0,A,1.0,3.0,A,12.0,7.0,5.0,5.0,8.0,6.0,6.0,1.0,1.0,2.0,0.0,0.0,2.82,3.55,2.43
D1,2025-01-11,Freiburg,Holstein Kiel,1673.99,1517.86,4.0,7.0,3.0,3.0,3.0,2.0,H,2.0,0.0,H,14.0,14.0,5.0,7.0,9.0,12.0,7.0,1.0,2.0,3.0,0.0,0.0,1.39,4.98,7.58
D1,2025-01-11,Heidenheim,Union Berlin,1558.4,1616.83,0.0,0.0,1.0,1.0,2.0,0.0,H,1.0,0.0,H,16.0,10.0,9.0,6.0,8.0,10.0,5.0,4.0,0.0,1.0,0.0,1.0,3.17,3.26,2.34
D1,2025-01-11,Hoffenheim,Wolfsburg,1613.28,1660.86,2.0,5.0,3.0,9.0,0.0,1.0,A,0.0,1.0,A,15.0,12.0,2.0,3.0,15.0,14.0,4.0,8.0,1.0,2.0,0.0,0.0,2.43,3.45,2.87
D1,2025-01-11,Mainz,Bochum,1709.3,1532.22,6.0,12.0,4.0,4.0,2.0,0.0,H,1.0,0.0,H,10.0,11.0,5.0,2.0,6.0,16.0,5.0,6.0,0.0,2.0,0.0,0.0,1.56,4.28,5.76
D1,2025-01-11,St Pauli,Ein Frankfurt,1578.02,1718.17,3.0,6.0,1.0,7.0,0.0,1.0,A,0.0,1.0,A,18.0,14.0,4.0,6.0,8.0,7.0,3.0,3.0,0.0,3.0,0.0,0.0,3.57,3.47,2.08
D1,2025-01-11,M'gladbach,Bayern Munich,1663.32,1903.54,0.0,0.0,6.0,10.0,0.0,1.0,A,0.0,0.0,D,5.0,23.0,0.0,10.0,10.0,7.0,4.0,10.0,3.0,1.0,0.0,0.0,6.8,5.23,1.4
D1,2025-01-12,RB Leipzig,Werder Bremen,1750.37,1678.71,6.0,6.0,9.0,10.0,4.0,2.0,H,2.0,1.0,H,18.0,7.0,7.0,2.0,7.0,12.0,4.0,1.0,1.0,1.0,0.0,0.0,1.75,4.11,4.22
D1,2025-01-12,Augsburg,Stuttgart,1585.06,1743.98,1.0,4.0,6.0,10.0,0.0,1.0,A,0.0,0.0,D,8.0,13.0,2.0,5.0,11.0,14.0,3.0,9.0,5.0,1.0,0.0,0.0,3.61,3.65,1.99
D1,2025-01-14,Holstein Kiel,Dortmund,1517.86,1815.07,3.0,3.0,4.0,6.0,4.0,2.0,H,3.0,0.0,H,11.0,16.0,7.0,4.0,13.0,11.0,1.0,9.0,2.0,2.0,1.0,0.0,5.41,4.64,1.55
D1,2025-01-14,Ein Frankfurt,Freiburg,1718.17,1673.99,3.0,7.0,6.0,10.0,4.0,1.0,H,1.0,1.0,D,23.0,7.0,8.0,5.0,8.0,11.0,8.0,1.0,1.0,1.0,0.0,0.0,1.71,4.12,4.53
D1,2025-01-14,Leverkusen,Mainz,1906.35,1709.3,9.0,15.0,9.0,12.0,1.0,0.0,H,0.0,0.0,D,20.0,7.0,9.0,4.0,4.0,14.0,8.0,4.0,2.0,3.0,0.0,0.0,1.37,5.12,8.38
D1,2025-01-14,Wolfsburg,M'gladbach,1660.86,1663.32,3.0,9.0,0.0,0.0,5.0,1.0,H,1.0,0.0,H,16.0,9.0,5.0,5.0,10.0,7.0,4.0,7.0,1.0,0.0,0.0,0.0,1.96,3.8,3.69
D1,2025-01-15,Bochum,St Pauli,1527.85,1572.48,4.0,4.0,3.0,6.0,1.0,0.0,H,0.0,0.0,D,13.0,12.0,5.0,1.0,7.0,15.0,6.0,7.0,1.0,3.0,0.0,1.0,2.59,3.27,2.81
D1,2025-01-15,Bayern Munich,Hoffenheim,1906.89,1605.47,6.0,10.0,1.0,2.0,5.0,0.0,H,3.0,0.0,H,25.0,5.0,10.0,2.0,8.0,10.0,13.0,1.0,1.0,1.0,0.0,0.0,1.12,10.12,18.51
D1,2025-01-15,Stuttgart,RB Leipzig,1748.97,1757.58,6.0,10.0,6.0,9.0,2.0,1.0,H,0.0,1.0,A,14.0,6.0,6.0,3.0,10.0,19.0,5.0,0.0,2.0,7.0,0.0,2.0,2.01,3.78,3.47
D1,2025-01-15,Union Berlin,Augsburg,1604.69,1580.07,1.0,1.0,0.0,4.0,0.0,2.0,A,0.0,2.0,A,13.0,11.0,2.0,5.0,15.0,9.0,7.0,4.0,1.0,2.0,0.0,0.0,1.84,3.51,4.55
D1,2025-01-15,Werder Bremen,Heidenheim,1671.5,1570.54,6.0,10.0,3.0,3.0,3.0,3.0,D,1.0,1.0,D,12.0,14.0,5.0,5.0,10.0,15.0,4.0,2.0,5.0,3.0,0.0,0.0,1.63,4.26,4.92
D1,2025-01-17,Ein Frankfurt,Dortmund,1733.56,1788.9,6.0,7.0,3.0,5.0,2.0,0.0,H,1.0,0.0,H,13.0,12.0,5.0,3.0,8.0,6.0,5.0,7.0,0.0,2.0,0.0,0.0,2.56,3.59,2.65
D1,2025-01-18,Bayern Munich,Wolfsburg,1906.89,1681.71,9.0,12.0,6.0,9.0,3.0,2.0,H,2.0,1.0,H,25.0,7.0,10.0,3.0,10.0,9.0,6.0,2.0,2.0,3.0,0.0,0.0,1.17,8.34,14.42
D1,2025-01-18,Bochum,RB Leipzig,1527.85,1757.58,6.0,7.0,3.0,9.0,3.0,3.0,D,0.0,3.0,A,14.0,11.0,3.0,3.0,14.0,7.0,6.0,3.0,4.0,0.0,0.0,0.0,3.63,3.7,1.99
D1,2025-01-18,Heidenheim,St Pauli,1570.54,1572.48,4.0,4.0,3.0,3.0,0.0,2.0,A,0.0,1.0,A,8.0,7.0,1.0,4.0,11.0,17.0,4.0,4.0,1.0,2.0,0.0,0.0,2.42,3.47,2.87
D1,2025-01-18,Holstein Kiel,Hoffenheim,1533.96,1605.47,6.0,6.0,0.0,2.0,1.0,3.0,A,0.0,2.0,A,12.0,11.0,3.0,6.0,13.0,14.0,4.0,3.0,2.0,1.0,0.0,0.0,2.9,3.6,2.35
D1,2025-01-18,Stuttgart,Freiburg,1748.97,1667.52,6.0,12.0,3.0,7.0,4.0,0.0,H,3.0,0.0,H,12.0,4.0,7.0,0.0,8.0,12.0,4.0,1.0,5.0,3.0,0.0,0.0,1.66,4.33,4.71
D1,2025-01-18,Leverkusen,M'gladbach,1915.81,1646.91,9.0,15.0,0.0,0.0,3.0,1.0,H,1.0,0.0,H,10.0,7.0,5.0,4.0,12.0,10.0,7.0,6.0,0.0,2.0,0.0,0.0,1.27,6.22,10.05
D1,2025-01-19,Union Berlin,Mainz,1604.69,1710.89,0.0,1.0,6.0,9.0,2.0,1.0,H,2.0,1.0,H,12.0,9.0,4.0,1.0,12.0,10.0,2.0,2.0,2.0,2.0,0.0,0.0,2.58,3.18,2.88
D1,2025-01-19,Werder Bremen,Augsburg,1671.5,1580.07,4.0,10.0,3.0,4.0,0.0,2.0,A,0.0,2.0,A,20.0,9.0,2.0,4.0,8.0,14.0,6.0,2.0,1.0,2.0,0.0,0.0,1.86,3.72,4.09
D1,2025-01-24,Wolfsburg,Holstein Kiel,1681.71,1533.96,6.0,6.0,3.0,6.0,2.0,2.0,D,0.0,1.0,A,22.0,5.0,5.0,2.0,9.0,10.0,10.0,3.0,2.0,4.0,0.0,0.0,1.43,4.96,6.99
D1,2025-01-25,Augsburg,Heidenheim,1580.07,1570.54,6.0,6.0,4.0,4.0,2.0,1.0,H,1.0,0.0,H,11.0,11.0,7.0,6.0,8.0,9.0,6.0,4.0,1.0,0.0,0.0,0.0,1.9,3.62,4.05
D1,2025-01-25,Dortmund,Werder Bremen,1788.9,1671.5,0.0,4.0,1.0,7.0,2.0,2.0,D,1.0,0.0,H,8.0,13.0,4.0,4.0,11.0,15.0,5.0,5.0,1.0,4.0,1.0,0.0,1.62,4.39,4.9
D1,2025-01-25,Freiburg,Bayern Munich,1667.52,1906.89,3.0,6.0,9.0,12.0,1.0,2.0,A,0.0,1.0,A,7.0,7.0,2.0,3.0,15.0,9.0,2.0,4.0,4.0,2.0,0.0,0.0,8.55,5.6,1.32
D1,2025-01-25,Mainz,Stuttgart,1710.89,1748.97,3.0,9.0,9.0,12.0,2.0,0.0,H,1.0,0.0,H,11.0,10.0,4.0,5.0,12.0,8.0,9.0,2.0,4.0,3.0,0.0,0.0,2.84,3.5,2.44
D1,2025-01-25,RB Leipzig,Leverkusen,1757.58,1915.81,4.0,7.0,9.0,15.0,2.0,2.0,D,1.0,2.0,A,8.0,13.0,4.0,7.0,12.0,6.0,7.0,3.0,0.0,0.0,0.0,0.0,3.7,3.95,1.91
D1,2025-01-25,M'gladbach,Bochum,1646.91,1527.85,0.0,0.0,4.0,8.0,3.0,0.0,H,1.0,0.0,H,16.0,10.0,6.0,4.0,6.0,15.0,8.0,7.0,1.0,3.0,0.0,0.0,1.72,4.08,4.49
D1,2025-01-26,Hoffenheim,Ein Frankfurt,1605.47,1733.56,3.0,4.0,9.0,9.0,2.0,2.0,D,0.0,1.0,A,24.0,12.0,8.0,7.0,16.0,8.0,9.0,3.0,3.0,0.0,0.0,0.0,3.08,3.59,2.24
D1,2025-01-26,St Pauli,Union Berlin,1572.48,1604.69,3.0,6.0,3.0,4.0,3.0,0.0,H,1.0,0.0,H,16.0,14.0,5.0,2.0,6.0,15.0,5.0,7.0,0.0,3.0,0.0,0.0,2.5,3.14,3.01
D1,2025-01-31,Werder Bremen,Mainz,1671.5,1710.89,2.0,5.0,3.0,9.0,1.0,0.0,H,1.0,0.0,H,12.0,13.0,5.0,2.0,14.0,13.0,3.0,8.0,8.0,4.0,3.0,0.0,2.31,3.4,3.13
D1,2025-02-01,Bayern Munich,Holstein Kiel,1888.25,1518.42,9.0,15.0,4.0,7.0,4.0,3.0,H,2.0,0.0,H,29.0,10.0,12.0,6.0,7.0,10.0,12.0,1.0,1.0,1.0,0.0,0.0,1.05,16.44,38.04
D1,2025-02-01,Bochum,Freiburg,1522.36,1644.23,4.0,7.0,0.0,3.0,0.0,1.0,A,0.0,1.0,A,22.0,13.0,4.0,5.0,15.0,10.0,9.0,7.0,3.0,2.0,0.0,0.0,2.81,3.38,2.51
D1,2025-02-01,Heidenheim,Dortmund,1544.79,1759.67,1.0,4.0,1.0,4.0,1.0,2.0,A,0.0,1.0,A,11.0,16.0,5.0,5.0,11.0,9.0,4.0,5.0,0.0,0.0,0.0,0.0,4.3,4.01,1.76
D1,2025-02-01,St Pauli,Augsburg,1580.63,1604.79,6.0,9.0,9.0,9.0,1.0,1.0,D,1.0,0.0,H,5.0,2.0,1.0,1.0,16.0,18.0,3.0,1.0,1.0,3.0,0.0,0.0,2.35,3.2,3.23
D1,2025-02-01,Stuttgart,M'gladbach,1734.96,1641.11,6.0,9.0,3.0,4.0,1.0,2.0,A,0.0,1.0,A,10.0,12.0,3.0,6.0,11.0,11.0,2.0,0.0,2.0,2.0,0.0,0.0,1.57,4.62,5.05
D1,2025-02-01,Union Berlin,RB Leipzig,1576.89,1736.57,3.0,3.0,2.0,5.0,0.0,0.0,D,0.0,0.0,D,21.0,6.0,6.0,2.0,5.0,12.0,4.0,5.0,3.0,2.0,0.0,0.0,3.12,3.49,2.26
D1,2025-02-02,Ein Frankfurt,Wolfsburg,1727.56,1663.62,7.0,10.0,4.0,7.0,1.0,1.0,D,0.0,0.0,D,16.0,11.0,4.0,2.0,8.0,8.0,9.0,1.0,1.0,3.0,0.0,0.0,1.96,3.82,3.59
D1,2025-02-02,Leverkusen,Hoffenheim,1899.17,1610.05,7.0,13.0,4.0,4.0,3.0,1.0,H,2.0,0.0,H,9.0,16.0,5.0,7.0,14.0,7.0,3.0,3.0,4.0,3.0,1.0,0.0,1.23,6.86,10.7
D1,2025-02-07,Bayern Munich,Werder Bremen,1888.25,1654.0,9.0,15.0,4.0,5.0,3.0,0.0,H,0.0,0.0,D,21.0,2.0,12.0,0.0,9.0,8.0,5.0,2.0,1.0,3.0,0.0,0.0,1.1,11.87,21.03
D1,2025-02-08,Dortmund,Stuttgart,1759.67,1734.96,4.0,4.0,3.0,9.0,1.0,2.0,A,0.0,0.0,D,16.0,4.0,5.0,2.0,13.0,14.0,9.0,4.0,5.0,2.0,1.0,0.0,1.89,3.92,3.84
D1,2025-02-08,Freiburg,Heidenheim,1644.23,1544.79,3.0,6.0,0.0,4.0,1.0,0.0,H,1.0,0.0,H,9.0,11.0,3.0,5.0,11.0,8.0,6.0,3.0,3.0,1.0,0.0,0.0,1.73,3.93,4.65
D1,2025-02-08,Hoffenheim,Union Berlin,1610.05,1576.89,4.0,4.0,4.0,4.0,0.0,4.0,A,0.0,1.0,A,16.0,22.0,4.0,7.0,9.0,16.0,8.0,4.0,2.0,1.0,0.0,0.0,2.22,3.57,3.18
D1,2025-02-08,Mainz,Augsburg,1694.22,1604.79,3.0,6.0,7.0,10.0,0.0,0.0,D,0.0,0.0,D,9.0,9.0,5.0,2.0,12.0,9.0,1.0,3.0,3.0,3.0,0.0,0.0,1.77,3.66,4.78
D1,2025-02-08,Wolfsburg,Leverkusen,1663.62,1899.17,2.0,8.0,7.0,13.0,0.0,0.0,D,0.0,0.0,D,13.0,15.0,8.0,1.0,7.0,8.0,3.0,9.0,2.0,3.0,0.0,0.0,4.21,3.83,1.83
D1,2025-02-08,M'gladbach,Ein Frankfurt,1641.11,1727.56,6.0,6.0,5.0,11.0,1.0,1.0,D,1.0,1.0,D,8.0,15.0,3.0,7.0,10.0,9.0,6.0,1.0,3.0,3.0,0.0,0.0,2.59,3.64,2.59
D1,2025-02-09,Holstein Kiel,Bochum,1518.42,1522.36,1.0,4.0,1.0,4.0,2.0,2.0,D,1.0,2.0,A,10.0,21.0,3.0,6.0,11.0,17.0,3.0,5.0,2.0,2.0,0.0,0.0,2.29,3.54,3.04
D1,2025-02-09,RB Leipzig,St Pauli,1736.57,1580.63,3.0,6.0,7.0,7.0,2.0,0.0,H,2.0,0.0,H,11.0,7.0,6.0,4.0,12.0,8.0,5.0,4.0,2.0,2.0,1.0,0.0,1.57,4.31,5.56
D1,2025-02-14,Augsburg,RB Leipzig,1604.79,1736.57,5.0,11.0,5.0,6.0,0.0,0.0,D,0.0,0.0,D,11.0,14.0,2.0,4.0,12.0,12.0,8.0,9.0,2.0,1.0,0.0,0.0,2.97,3.39,2.43
D1,2025-02-15,Bochum,Dortmund,1526.87,1781.31,1.0,5.0,4.0,4.0,2.0,0.0,H,2.0,0.0,H,18.0,17.0,9.0,2.0,12.0,4.0,2.0,8.0,1.0,0.0,0.0,0.0,4.83,4.21,1.66
D1,2025-02-15,St Pauli,Freiburg,1584.15,1663.73,4.0,7.0,6.0,6.0,0.0,1.0,A,0.0,0.0,D,5.0,6.0,1.0,4.0,10.0,10.0,2.0,6.0,1.0,0.0,0.0,0.0,2.56,3.21,2.92
D1,2025-02-15,Stuttgart,Wolfsburg,1743.08,1680.94,3.0,9.0,3.0,6.0,1.0,2.0,A,0.0,0.0,D,10.0,7.0,4.0,3.0,10.0,15.0,7.0,5.0,3.0,4.0,0.0,0.0,1.75,4.19,4.25
D1,2025-02-15,Union Berlin,M'gladbach,1609.16,1662.45,4.0,7.0,7.0,7.0,1.0,2.0,A,0.0,2.0,A,18.0,9.0,3.0,5.0,9.0,8.0,4.0,5.0,0.0,1.0,0.0,0.0,2.27,3.54,3.11
D1,2025-02-15,Leverkusen,Bayern Munich,1905.83,1904.63,5.0,11.0,9.0,15.0,0.0,0.0,D,0.0,0.0,D,15.0,2.0,3.0,0.0,16.0,13.0,6.0,0.0,2.0,3.0,0.0,0.0,3.01,3.66,2.26
D1,2025-02-16,Werder Bremen,Hoffenheim,1659.49,1597.13,4.0,5.0,1.0,4.0,1.0,3.0,A,1.0,2.0,A,14.0,16.0,1.0,7.0,14.0,12.0,6.0,4.0,2.0,3.0,0.0,0.0,1.89,3.96,3.74
D1,2025-02-16,Ein Frankfurt,Holstein Kiel,1733.02,1525.5,3.0,9.0,2.0,5.0,3.0,1.0,H,2.0,0.0,H,20.0,10.0,9.0,4.0,16.0,10.0,4.0,6.0,2.0,0.0,0.0,0.0,1.33,5.69,8.17
D1,2025-02-16,Heidenheim,Mainz,1554.88,1699.79,0.0,1.0,4.0,4.0,0.0,2.0,A,0.0,1.0,A,12.0,6.0,3.0,5.0,9.0,16.0,8.0,4.0,1.0,3.0,0.0,0.0,3.56,3.51,2.07
D1,2025-02-21,Freiburg,Werder Bremen,1663.73,1659.49,9.0,9.0,3.0,4.0,5.0,0.0,H,2.0,0.0,H,13.0,9.0,8.0,3.0,14.0,8.0,3.0,7.0,3.0,0.0,0.0,0.0,2.06,3.48,3.74
D1,2025-02-22,Holstein Kiel,Leverkusen,1525.5,1905.83,1.0,2.0,5.0,9.0,0.0,2.0,A,0.0,2.0,A,4.0,18.0,3.0,8.0,11.0,10.0,5.0,11.0,4.0,1.0,0.0,0.0,10.53,6.57,1.25
D1,2025-02-22,Mainz,St Pauli,1699.79,1584.15,4.0,7.0,1.0,7.0,2.0,0.0,H,0.0,0.0,D,10.0,12.0,5.0,0.0,9.0,10.0,6.0,5.0,3.0,3.0,0.0,0.0,1.8,3.57,4.73
D1,2025-02-22,M'gladbach,Augsburg,1662.45,1621.0,7.0,10.0,3.0,9.0,0.0,3.0,A,0.0,0.0,D,8.0,17.0,5.0,4.0,10.0,9.0,2.0,4.0,3.0,2.0,1.0,0.0,1.84,3.79,4.19
D1,2025-02-22,Wolfsburg,Bochum,1680.94,1526.87,5.0,6.0,4.0,5.0,1.0,1.0,D,0.0,0.0,D,13.0,11.0,6.0,5.0,8.0,15.0,3.0,5.0,2.0,3.0,0.0,0.0,1.55,4.42,5.7
D1,2025-02-22,Dortmund,Union Berlin,1781.31,1609.16,3.0,4.0,4.0,7.0,6.0,0.0,H,2.0,0.0,H,24.0,6.0,8.0,1.0,10.0,11.0,5.0,3.0,2.0,2.0,0.0,0.0,1.55,4.46,5.59
D1,2025-02-23,RB Leipzig,Heidenheim,1745.34,1554.88,5.0,7.0,0.0,0.0,2.0,2.0,D,1.0,2.0,A,17.0,4.0,6.0,2.0,15.0,15.0,7.0,4.0,3.0,3.0,0.0,0.0,1.35,5.37,7.98
D1,2025-02-23,Bayern Munich,Ein Frankfurt,1904.63,1733.02,7.0,13.0,5.0,9.0,4.0,0.0,H,1.0,0.0,H,19.0,7.0,12.0,2.0,8.0,7.0,4.0,1.0,1.0,1.0,0.0,0.0,1.3,6.33,8.27
D1,2025-02-23,Hoffenheim,Stuttgart,1597.13,1743.08,3.0,7.0,3.0,6.0,1.0,1.0,D,0.0,1.0,A,9.0,14.0,2.0,7.0,8.0,10.0,4.0,8.0,0.0,0.0,0.0,0.0,3.5,3.92,1.96
