Div,Date,HomeTeam,AwayTeam,HomeElo,AwayElo,Form3Home,Form5Home,Form3Away,Form5Away,FTHG,FTAG,FTR,HTHG,HTAG,HTR,HS,AS,HST,AST,HF,AF,HC,AC,HY,AY,HR,AR,B365H,B365D,B365A
F1,2017-01-13,Lille,St Etienne,1612.99,1660.9,4.0,10.0,4.0,5.0,1.0,1.0,D,0.0,1.0,A,22.0,8.0,8.0,3.0,14.0,14.0,6.0,4.0,0.0,3.0,0.0,0.0,2.05,3.1,4.2
F1,2017-01-14,Angers,Bordeaux,1537.24,1591.76,0.0,1.0,1.0,2.0,1.0,1.0,D,1.0,1.0,D,7.0,9.0,3.0,0.0,15.0,16.0,2.0,3.0,4.0,3.0,0.0,0.0,2.8,3.0,2.75
F1,2017-01-14,Lorient,Guingamp,1521.94,1615.67,3.0,7.0,4.0,7.0,3.0,1.0,H,0.0,1.0,A,16.0,12.0,5.0,7.0,12.0,14.0,3.0,6.0,2.0,3.0,0.0,0.0,2.45,3.2,3.0
F1,2017-01-14,Montpellier,Dijon,1614.49,1535.98,3.0,6.0,3.0,5.0,1.0,1.0,D,0.0,1.0,A,24.0,6.0,3.0,2.0,8.0,12.0,14.0,5.0,0.0,0.0,0.0,0.0,1.8,3.5,4.75
F1,2017-01-14,Nancy,Bastia,1570.32,1569.39,5.0,8.0,6.0,7.0,1.0,0.0,H,0.0,0.0,D,15.0,11.0,4.0,2.0,10.0,13.0,6.0,5.0,2.0,0.0,0.0,1.0,1.95,3.1,4.75
F1,2017-01-14,Rennes,Paris SG,1598.43,1851.86,1.0,4.0,4.0,7.0,0.0,1.0,A,0.0,1.0,A,12.0,9.0,1.0,4.0,15.0,7.0,5.0,2.0,0.0,2.0,0.0,0.0,7.0,4.0,1.53
F1,2017-01-14,Toulouse,Nantes,1588.52,1541.21,4.0,7.0,6.0,7.0,0.0,1.0,A,0.0,1.0,A,15.0,8.0,4.0,1.0,11.0,17.0,7.0,3.0,1.0,3.0,0.0,0.0,2.05,3.1,4.1
F1,2017-01-15,Caen,Lyon,1553.32,1732.15,4.0,5.0,9.0,12.0,3.0,2.0,H,2.0,2.0,D,12.0,16.0,5.0,5.0,26.0,21.0,7.0,5.0,3.0,3.0,0.0,0.0,4.75,3.75,1.75
F1,2017-01-15,Marseille,Monaco,1657.53,1779.36,9.0,13.0,6.0,10.0,1.0,4.0,A,1.0,3.0,A,8.0,14.0,3.0,9.0,7.0,7.0,11.0,6.0,1.0,1.0,0.0,0.0,3.0,3.3,2.4
F1,2017-01-15,Nice,Metz,1712.95,1506.68,5.0,11.0,1.0,2.0,0.0,0.0,D,0.0,0.0,D,12.0,15.0,2.0,3.0,16.0,13.0,3.0,4.0,2.0,1.0,0.0,0.0,1.5,4.2,7.0
F1,2017-01-18,Nantes,Caen,1552.55,1553.32,9.0,9.0,6.0,7.0,1.0,0.0,H,0.0,0.0,D,16.0,9.0,6.0,3.0,12.0,9.0,5.0,4.0,2.0,2.0,0.0,0.0,2.0,3.4,4.0
F1,2017-01-20,Bastia,Nice,1563.03,1712.95,3.0,6.0,5.0,9.0,1.0,1.0,D,1.0,1.0,D,11.0,17.0,2.0,5.0,16.0,9.0,0.0,4.0,1.0,0.0,1.0,0.0,3.0,3.1,2.55
F1,2017-01-21,Bordeaux,Toulouse,1592.24,1577.18,2.0,2.0,1.0,4.0,1.0,0.0,H,1.0,0.0,H,22.0,8.0,10.0,6.0,18.0,16.0,6.0,4.0,2.0,1.0,0.0,1.0,2.1,3.25,3.8
F1,2017-01-21,Dijon,Lille,1540.04,1612.26,4.0,5.0,2.0,8.0,0.0,0.0,D,0.0,0.0,D,19.0,11.0,4.0,3.0,17.0,19.0,10.0,7.0,2.0,2.0,0.0,0.0,3.0,3.1,2.55
F1,2017-01-21,Guingamp,Rennes,1603.55,1594.66,4.0,7.0,1.0,4.0,1.0,1.0,D,1.0,0.0,H,15.0,7.0,4.0,3.0,11.0,16.0,4.0,1.0,2.0,2.0,0.0,1.0,2.3,3.1,3.4
F1,2017-01-21,Metz,Montpellier,1506.68,1610.43,2.0,2.0,4.0,7.0,2.0,0.0,H,2.0,0.0,H,6.0,15.0,4.0,4.0,18.0,10.0,4.0,8.0,1.0,2.0,0.0,0.0,3.1,3.2,2.4
F1,2017-01-21,Nantes,Paris SG,1552.55,1855.63,9.0,12.0,6.0,7.0,0.0,2.0,A,0.0,1.0,A,7.0,15.0,0.0,5.0,15.0,11.0,6.0,5.0,2.0,1.0,0.0,0.0,10.0,4.33,1.4
F1,2017-01-22,Lyon,Marseille,1732.15,1657.53,6.0,12.0,6.0,12.0,3.0,1.0,H,1.0,0.0,H,19.0,11.0,8.0,4.0,14.0,18.0,6.0,8.0,1.0,2.0,0.0,0.0,1.73,3.75,5.0
F1,2017-01-22,Monaco,Lorient,1779.36,1534.06,6.0,12.0,6.0,7.0,4.0,0.0,H,3.0,0.0,H,16.0,6.0,7.0,3.0,7.0,12.0,3.0,6.0,1.0,1.0,0.0,0.0,1.33,5.0,10.0
F1,2017-01-22,St Etienne,Angers,1661.63,1536.76,2.0,5.0,1.0,2.0,2.0,1.0,H,0.0,1.0,A,12.0,16.0,4.0,5.0,8.0,8.0,6.0,3.0,2.0,3.0,0.0,0.0,1.85,3.4,4.75
F1,2017-01-27,Marseille,Montpellier,1657.53,1610.43,3.0,9.0,1.0,4.0,5.0,1.0,H,3.0,0.0,H,17.0,19.0,9.0,9.0,12.0,7.0,7.0,5.0,1.0,1.0,0.0,1.0,1.67,3.75,5.5
F1,2017-01-28,Angers,Metz,1536.76,1506.68,1.0,1.0,5.0,5.0,2.0,1.0,H,2.0,1.0,H,19.0,3.0,10.0,0.0,9.0,8.0,10.0,1.0,0.0,0.0,0.0,2.0,2.0,3.2,4.2
F1,2017-01-28,Bastia,Caen,1563.03,1553.32,1.0,7.0,3.0,7.0,1.0,1.0,D,1.0,1.0,D,11.0,18.0,3.0,5.0,11.0,14.0,4.0,9.0,2.0,2.0,0.0,0.0,2.25,3.1,3.5
F1,2017-01-28,Lorient,Dijon,1534.06,1540.04,3.0,6.0,5.0,5.0,2.0,3.0,A,0.0,1.0,A,15.0,5.0,6.0,4.0,13.0,11.0,2.0,2.0,4.0,3.0,0.0,0.0,2.05,3.5,3.6
F1,2017-01-28,Lyon,Lille,1732.15,1612.26,6.0,12.0,3.0,6.0,1.0,2.0,A,0.0,1.0,A,13.0,9.0,6.0,4.0,18.0,15.0,4.0,1.0,1.0,3.0,0.0,0.0,1.45,4.33,7.5
F1,2017-01-28,Nancy,Bordeaux,1576.68,1592.24,5.0,8.0,5.0,5.0,0.0,2.0,A,0.0,0.0,D,11.0,9.0,1.0,3.0,11.0,9.0,6.0,8.0,0.0,2.0,0.0,0.0,2.63,3.0,3.0
F1,2017-01-28,Rennes,Nantes,1594.66,1552.55,2.0,2.0,6.0,12.0,1.0,1.0,D,0.0,1.0,A,7.0,10.0,1.0,3.0,10.0,15.0,3.0,2.0,3.0,1.0,0.0,0.0,2.2,3.1,3.6
F1,2017-01-29,Nice,Guingamp,1712.95,1603.55,3.0,7.0,2.0,5.0,3.0,1.0,H,2.0,0.0,H,9.0,13.0,4.0,4.0,14.0,21.0,3.0,7.0,3.0,3.0,0.0,0.0,1.95,3.4,4.2
F1,2017-01-29,Paris SG,Monaco,1855.63,1779.36,9.0,10.0,9.0,12.0,1.0,1.0,D,0.0,0.0,D,11.0,14.0,4.0,7.0,13.0,11.0,4.0,13.0,0.0,1.0,0.0,0.0,1.67,4.0,5.0
F1,2017-01-29,Toulouse,St Etienne,1577.18,1661.63,0.0,4.0,5.0,8.0,0.0,3.0,A,0.0,1.0,A,13.0,20.0,3.0,6.0,17.0,21.0,3.0,3.0,2.0,4.0,1.0,0.0,2.3,3.0,3.6
F1,2017-02-03,Metz,Marseille,1519.46,1650.08,4.0,5.0,3.0,9.0,1.0,0.0,H,0.0,0.0,D,9.0,11.0,3.0,2.0,12.0,15.0,0.0,7.0,1.0,3.0,0.0,0.0,4.33,3.6,1.85
F1,2017-02-04,Bordeaux,Rennes,1611.47,1593.77,7.0,8.0,2.0,3.0,1.0,1.0,D,0.0,0.0,D,9.0,17.0,2.0,5.0,11.0,8.0,1.0,7.0,1.0,1.0,0.0,0.0,1.91,3.4,4.33
F1,2017-02-04,Dijon,Paris SG,1549.48,1856.37,5.0,8.0,7.0,10.0,1.0,3.0,A,1.0,1.0,D,7.0,21.0,1.0,8.0,12.0,5.0,2.0,9.0,1.0,2.0,0.0,0.0,11.0,5.5,1.3
F1,2017-02-04,Guingamp,Caen,1595.52,1559.59,1.0,5.0,4.0,7.0,0.0,1.0,A,0.0,0.0,D,13.0,10.0,4.0,2.0,11.0,13.0,9.0,1.0,1.0,2.0,0.0,0.0,1.95,3.5,4.0
F1,2017-02-04,Lille,Lorient,1624.9,1521.28,5.0,6.0,3.0,6.0,0.0,1.0,A,0.0,0.0,D,15.0,12.0,3.0,5.0,16.0,17.0,5.0,3.0,1.0,1.0,0.0,0.0,1.73,3.8,4.75
F1,2017-02-04,Monaco,Nice,1798.02,1710.06,7.0,10.0,5.0,9.0,3.0,0.0,H,0.0,0.0,D,14.0,11.0,7.0,1.0,21.0,11.0,4.0,4.0,1.0,1.0,0.0,0.0,1.53,4.0,6.5
F1,2017-02-04,Montpellier,Bastia,1587.58,1562.8,1.0,4.0,2.0,5.0,2.0,1.0,H,1.0,1.0,D,13.0,15.0,5.0,2.0,10.0,17.0,2.0,4.0,3.0,1.0,0.0,1.0,1.8,3.6,4.5
F1,2017-02-05,Nantes,Nancy,1557.89,1563.36,4.0,10.0,4.0,8.0,0.0,2.0,A,0.0,0.0,D,14.0,8.0,3.0,3.0,14.0,12.0,9.0,5.0,2.0,1.0,1.0,1.0,2.05,3.1,4.2
F1,2017-02-05,St Etienne,Lyon,1678.62,1715.27,7.0,8.0,3.0,9.0,2.0,0.0,H,2.0,0.0,H,13.0,12.0,6.0,4.0,17.0,19.0,8.0,3.0,2.0,2.0,1.0,2.0,3.6,3.4,2.1
F1,2017-02-05,Toulouse,Angers,1558.09,1539.1,0.0,1.0,4.0,4.0,4.0,0.0,H,0.0,0.0,D,15.0,12.0,8.0,3.0,16.0,12.0,4.0,5.0,2.0,4.0,0.0,0.0,2.1,3.2,3.8
F1,2017-02-07,Caen,Bordeaux,1559.59,1611.47,4.0,7.0,7.0,9.0,0.0,4.0,A,0.0,2.0,A,4.0,13.0,1.0,4.0,18.0,8.0,3.0,2.0,1.0,1.0,0.0,0.0,2.5,3.2,3.0
F1,2017-02-07,Montpellier,Monaco,1587.58,1798.02,3.0,4.0,7.0,13.0,1.0,2.0,A,0.0,2.0,A,11.0,11.0,2.0,5.0,15.0,13.0,6.0,3.0,1.0,1.0,0.0,1.0,4.6,3.8,1.75
F1,2017-02-07,Paris SG,Lille,1856.37,1624.9,7.0,13.0,4.0,6.0,2.0,1.0,H,0.0,0.0,D,20.0,4.0,7.0,3.0,9.0,11.0,9.0,1.0,1.0,3.0,0.0,0.0,1.2,6.5,15.0
F1,2017-02-08,Angers,Rennes,1539.1,1593.77,3.0,4.0,3.0,4.0,0.0,0.0,D,0.0,0.0,D,12.0,9.0,2.0,3.0,20.0,12.0,6.0,9.0,2.0,1.0,0.0,1.0,2.5,3.0,3.2
F1,2017-02-08,Lorient,Toulouse,1521.28,1558.09,3.0,6.0,3.0,3.0,1.0,1.0,D,0.0,1.0,A,10.0,12.0,5.0,4.0,7.0,9.0,9.0,4.0,2.0,2.0,0.0,0.0,2.3,3.2,3.3
F1,2017-02-08,Lyon,Nancy,1715.27,1563.36,3.0,6.0,6.0,8.0,4.0,0.0,H,2.0,0.0,H,18.0,7.0,6.0,2.0,15.0,6.0,8.0,3.0,1.0,1.0,0.0,0.0,1.4,4.75,8.0
F1,2017-02-08,Marseille,Guingamp,1650.08,1595.52,3.0,6.0,1.0,2.0,2.0,0.0,H,1.0,0.0,H,20.0,6.0,5.0,1.0,18.0,6.0,4.0,4.0,2.0,1.0,0.0,0.0,1.7,3.75,5.25
F1,2017-02-08,Metz,Dijon,1519.46,1549.48,6.0,8.0,4.0,8.0,2.0,1.0,H,0.0,0.0,D,13.0,12.0,3.0,5.0,14.0,11.0,3.0,1.0,1.0,2.0,0.0,1.0,2.5,3.2,3.0
F1,2017-02-08,Nice,St Etienne,1710.06,1678.62,4.0,6.0,9.0,11.0,1.0,0.0,H,1.0,0.0,H,14.0,10.0,5.0,2.0,7.0,16.0,2.0,6.0,1.0,3.0,0.0,0.0,2.05,3.4,3.8
F1,2017-02-10,Bordeaux,Paris SG,1611.47,1856.37,7.0,11.0,7.0,13.0,0.0,3.0,A,0.0,2.0,A,14.0,8.0,4.0,5.0,8.0,7.0,3.0,2.0,0.0,1.0,0.0,0.0,5.5,4.0,1.62
F1,2017-02-11,Dijon,Caen,1549.48,1559.59,3.0,5.0,4.0,7.0,2.0,0.0,H,1.0,0.0,H,8.0,11.0,3.0,5.0,17.0,13.0,2.0,5.0,1.0,0.0,0.0,0.0,2.38,3.3,3.1
F1,2017-02-11,Guingamp,Lyon,1595.52,1715.27,0.0,1.0,3.0,6.0,2.0,1.0,H,2.0,1.0,H,7.0,14.0,2.0,5.0,19.0,13.0,1.0,11.0,2.0,2.0,0.0,0.0,3.7,3.6,2.0
F1,2017-02-11,Lille,Angers,1624.9,1539.1,3.0,5.0,4.0,5.0,1.0,2.0,A,1.0,1.0,D,16.0,14.0,3.0,5.0,14.0,14.0,4.0,3.0,1.0,2.0,1.0,0.0,1.91,3.2,4.75
F1,2017-02-11,Monaco,Metz,1798.02,1519.46,7.0,13.0,6.0,10.0,5.0,0.0,H,3.0,0.0,H,26.0,5.0,13.0,1.0,7.0,11.0,8.0,3.0,1.0,3.0,0.0,0.0,1.22,6.5,13.0
F1,2017-02-11,Nancy,Montpellier,1563.36,1587.58,3.0,7.0,3.0,4.0,0.0,3.0,A,0.0,2.0,A,14.0,10.0,3.0,5.0,11.0,13.0,5.0,2.0,3.0,2.0,0.0,0.0,2.5,3.1,3.1
F1,2017-02-11,Toulouse,Bastia,1558.09,1562.8,4.0,4.0,2.0,2.0,4.0,1.0,H,2.0,0.0,H,18.0,12.0,7.0,4.0,13.0,12.0,7.0,3.0,3.0,1.0,0.0,2.0,1.83,3.3,5.0
F1,2017-02-12,Nantes,Marseille,1557.89,1650.08,1.0,7.0,6.0,6.0,3.0,2.0,H,2.0,0.0,H,15.0,11.0,7.0,3.0,14.0,9.0,8.0,7.0,1.0,1.0,0.0,0.0,3.25,3.1,2.38
F1,2017-02-12,Rennes,Nice,1593.77,1710.06,3.0,4.0,6.0,8.0,2.0,2.0,D,2.0,0.0,H,14.0,6.0,6.0,3.0,14.0,14.0,6.0,0.0,1.0,2.0,0.0,0.0,2.63,3.1,2.88
F1,2017-02-12,St Etienne,Lorient,1678.62,1521.28,6.0,10.0,4.0,7.0,4.0,0.0,H,2.0,0.0,H,11.0,5.0,5.0,2.0,13.0,10.0,4.0,2.0,0.0,0.0,0.0,0.0,1.91,3.5,4.2
F1,2017-02-17,Bastia,Monaco,1556.35,1823.07,1.0,2.0,9.0,13.0,1.0,1.0,D,1.0,0.0,H,9.0,16.0,3.0,4.0,14.0,10.0,3.0,8.0,2.0,0.0,0.0,0.0,7.0,4.2,1.5
F1,2017-02-18,Angers,Nancy,1549.21,1563.4,4.0,7.0,3.0,6.0,1.0,0.0,H,1.0,0.0,H,14.0,8.0,5.0,1.0,9.0,8.0,7.0,3.0,0.0,1.0,0.0,0.0,2.05,3.1,4.2
F1,2017-02-18,Caen,Lille,1553.61,1607.86,3.0,4.0,0.0,4.0,0.0,1.0,A,0.0,0.0,D,15.0,7.0,3.0,3.0,12.0,8.0,3.0,3.0,1.0,1.0,0.0,1.0,2.5,3.0,3.2
F1,2017-02-18,Lorient,Nice,1536.28,1717.42,4.0,4.0,4.0,8.0,0.0,1.0,A,0.0,1.0,A,16.0,5.0,5.0,4.0,14.0,15.0,5.0,1.0,3.0,2.0,0.0,1.0,2.9,3.25,2.5
F1,2017-02-18,Marseille,Rennes,1648.29,1607.12,3.0,6.0,3.0,5.0,2.0,0.0,H,0.0,0.0,D,11.0,8.0,5.0,1.0,11.0,1.0,3.0,5.0,1.0,0.0,0.0,0.0,1.67,3.75,5.5
F1,2017-02-18,Metz,Nantes,1542.15,1562.92,6.0,9.0,4.0,7.0,1.0,1.0,D,0.0,0.0,D,10.0,9.0,1.0,4.0,9.0,20.0,4.0,8.0,1.0,4.0,0.0,0.0,3.25,3.0,2.45
F1,2017-02-19,Bordeaux,Guingamp,1629.24,1596.78,4.0,10.0,3.0,4.0,3.0,0.0,H,2.0,0.0,H,21.0,14.0,7.0,4.0,14.0,17.0,5.0,6.0,2.0,2.0,0.0,1.0,1.91,3.5,4.2
F1,2017-02-19,Lyon,Dijon,1712.36,1557.75,3.0,6.0,3.0,7.0,4.0,2.0,H,1.0,1.0,D,33.0,8.0,13.0,3.0,10.0,14.0,9.0,2.0,1.0,4.0,0.0,0.0,1.36,4.75,9.5
F1,2017-02-19,Montpellier,St Etienne,1615.0,1698.97,6.0,6.0,6.0,12.0,2.0,1.0,H,0.0,1.0,A,17.0,7.0,4.0,4.0,6.0,13.0,4.0,5.0,1.0,0.0,0.0,1.0,2.25,3.2,3.4
F1,2017-02-19,Paris SG,Toulouse,1905.34,1591.18,9.0,13.0,7.0,7.0,0.0,0.0,D,0.0,0.0,D,14.0,3.0,3.0,1.0,11.0,16.0,7.0,2.0,1.0,3.0,0.0,0.0,1.2,6.5,15.0
F1,2017-02-21,Caen,Nancy,1553.61,1563.4,0.0,4.0,0.0,3.0,1.0,0.0,H,1.0,0.0,H,15.0,6.0,6.0,2.0,16.0,13.0,5.0,6.0,3.0,2.0,0.0,1.0,2.15,3.2,3.75
F1,2017-02-24,Nantes,Dijon,1562.92,1557.75,4.0,5.0,3.0,6.0,3.0,1.0,H,1.0,1.0,D,20.0,9.0,6.0,3.0,19.0,13.0,3.0,1.0,3.0,2.0,0.0,1.0,1.73,3.6,5.25
F1,2017-02-24,Nice,Montpellier,1717.42,1615.0,7.0,10.0,6.0,9.0,2.0,1.0,H,0.0,1.0,A,12.0,11.0,4.0,1.0,10.0,10.0,1.0,3.0,2.0,0.0,0.0,0.0,2.05,3.3,3.8
F1,2017-02-25,Angers,Bastia,1549.21,1556.35,7.0,10.0,1.0,3.0,3.0,0.0,H,1.0,0.0,H,24.0,12.0,15.0,3.0,12.0,6.0,5.0,7.0,2.0,0.0,0.0,1.0,1.85,3.2,5.0
F1,2017-02-25,Guingamp,Monaco,1596.78,1823.07,3.0,3.0,7.0,11.0,1.0,2.0,A,0.0,1.0,A,5.0,14.0,2.0,5.0,16.0,14.0,4.0,4.0,3.0,2.0,0.0,0.0,5.0,3.75,1.73
F1,2017-02-25,Lille,Bordeaux,1607.86,1629.24,3.0,6.0,6.0,10.0,2.0,3.0,A,0.0,1.0,A,7.0,14.0,2.0,9.0,14.0,12.0,3.0,3.0,4.0,2.0,2.0,0.0,2.4,3.1,3.25
F1,2017-02-25,Nancy,Toulouse,1563.4,1591.18,0.0,3.0,5.0,8.0,0.0,0.0,D,0.0,0.0,D,9.0,10.0,2.0,4.0,12.0,20.0,5.0,6.0,2.0,3.0,0.0,0.0,2.7,3.0,2.88
F1,2017-02-25,Rennes,Lorient,1607.12,1536.28,2.0,4.0,1.0,4.0,1.0,0.0,H,1.0,0.0,H,14.0,6.0,9.0,2.0,10.0,19.0,2.0,3.0,0.0,3.0,0.0,0.0,2.05,3.4,3.75
F1,2017-02-26,Lyon,Metz,1712.36,1542.15,6.0,6.0,4.0,7.0,5.0,0.0,H,1.0,0.0,H,27.0,9.0,7.0,2.0,10.0,7.0,10.0,1.0,1.0,3.0,0.0,0.0,1.22,7.0,12.0
F1,2017-02-26,Marseille,Paris SG,1648.29,1905.34,6.0,9.0,7.0,11.0,1.0,5.0,A,0.0,2.0,A,9.0,17.0,0.0,11.0,9.0,6.0,4.0,7.0,1.0,1.0,0.0,0.0,5.5,3.75,1.67
F1,2017-02-26,St Etienne,Caen,1698.97,1553.61,3.0,9.0,3.0,6.0,0.0,1.0,A,0.0,1.0,A,11.0,10.0,1.0,3.0,10.0,12.0,5.0,2.0,0.0,2.0,0.0,0.0,1.75,3.4,5.25
F1,2017-03-01,Bastia,Nantes,1546.66,1569.43,1.0,2.0,7.0,8.0,2.0,2.0,D,0.0,0.0,D,6.0,13.0,2.0,3.0,7.0,9.0,3.0,7.0,3.0,1.0,1.0,0.0,3.3,2.9,2.5
F1,2017-03-03,Bordeaux,Lyon,1644.65,1728.71,6.0,10.0,6.0,9.0,1.0,1.0,D,1.0,0.0,H,16.0,13.0,4.0,2.0,21.0,17.0,5.0,4.0,5.0,4.0,0.0,0.0,3.2,3.4,2.25
F1,2017-03-04,Bastia,St Etienne,1546.66,1661.9,2.0,2.0,3.0,6.0,0.0,0.0,D,0.0,0.0,D,5.0,11.0,1.0,2.0,8.0,15.0,4.0,4.0,1.0,1.0,1.0,1.0,3.3,3.1,2.38
F1,2017-03-04,Caen,Angers,1561.17,1563.71,6.0,6.0,9.0,10.0,2.0,3.0,A,1.0,2.0,A,16.0,9.0,3.0,4.0,11.0,9.0,4.0,3.0,1.0,2.0,0.0,0.0,2.38,3.1,3.3
F1,2017-03-04,Dijon,Nice,1541.77,1723.19,3.0,3.0,7.0,10.0,0.0,1.0,A,0.0,0.0,D,13.0,11.0,2.0,5.0,13.0,7.0,6.0,4.0,2.0,1.0,0.0,0.0,3.25,3.4,2.2
F1,2017-03-04,Metz,Rennes,1531.55,1600.81,1.0,7.0,4.0,6.0,1.0,1.0,D,1.0,0.0,H,10.0,17.0,4.0,8.0,11.0,17.0,3.0,4.0,3.0,3.0,0.0,0.0,3.2,3.0,2.5
F1,2017-03-04,Montpellier,Guingamp,1615.72,1579.61,6.0,9.0,3.0,3.0,1.0,1.0,D,0.0,0.0,D,11.0,6.0,2.0,3.0,9.0,9.0,9.0,7.0,1.0,0.0,0.0,0.0,2.0,3.5,3.8
F1,2017-03-04,Paris SG,Nancy,1901.9,1546.03,7.0,13.0,1.0,1.0,1.0,0.0,H,0.0,0.0,D,23.0,10.0,7.0,3.0,13.0,18.0,13.0,2.0,2.0,3.0,0.0,0.0,1.14,8.0,21.0
F1,2017-03-05,Lorient,Marseille,1522.9,1644.16,0.0,4.0,3.0,6.0,1.0,4.0,A,0.0,2.0,A,11.0,15.0,4.0,7.0,12.0,13.0,5.0,8.0,2.0,1.0,0.0,0.0,3.1,3.4,2.25
F1,2017-03-05,Monaco,Nantes,1811.65,1569.43,7.0,13.0,5.0,8.0,4.0,0.0,H,3.0,0.0,H,13.0,10.0,7.0,3.0,10.0,16.0,5.0,7.0,2.0,2.0,0.0,0.0,1.4,5.0,7.5
F1,2017-03-05,Toulouse,Lille,1596.5,1603.45,5.0,9.0,3.0,3.0,1.0,1.0,D,1.0,0.0,H,10.0,14.0,5.0,5.0,16.0,21.0,3.0,3.0,2.0,2.0,0.0,0.0,2.05,3.3,4.0
F1,2017-03-10,Marseille,Angers,1644.16,1563.71,6.0,9.0,9.0,13.0,3.0,0.0,H,2.0,0.0,H,11.0,14.0,4.0,7.0,11.0,10.0,2.0,4.0,1.0,0.0,0.0,0.0,1.67,3.75,5.5
F1,2017-03-10,Nice,Caen,1723.19,1561.17,9.0,13.0,6.0,6.0,2.0,2.0,D,0.0,1.0,A,14.0,6.0,4.0,2.0,13.0,12.0,6.0,0.0,2.0,1.0,0.0,0.0,1.67,3.6,5.75
F1,2017-03-11,Guingamp,Bastia,1579.61,1546.66,1.0,4.0,2.0,3.0,5.0,0.0,H,0.0,0.0,D,21.0,2.0,8.0,1.0,10.0,13.0,5.0,8.0,0.0,2.0,0.0,1.0,1.73,3.6,5.25
F1,2017-03-11,Monaco,Bordeaux,1811.65,1644.65,7.0,13.0,7.0,10.0,2.0,1.0,H,0.0,0.0,D,11.0,9.0,6.0,2.0,9.0,11.0,10.0,3.0,1.0,3.0,0.0,0.0,1.45,4.5,7.5
F1,2017-03-11,Montpellier,Nantes,1615.72,1569.43,4.0,7.0,4.0,8.0,2.0,3.0,A,1.0,1.0,D,14.0,14.0,8.0,7.0,6.0,17.0,3.0,5.0,0.0,3.0,0.0,0.0,2.1,3.25,3.8
F1,2017-03-11,Nancy,Lille,1546.03,1603.45,1.0,1.0,4.0,4.0,1.0,2.0,A,1.0,0.0,H,16.0,10.0,3.0,6.0,11.0,13.0,5.0,4.0,4.0,2.0,0.0,0.0,2.6,3.1,2.9
F1,2017-03-11,Rennes,Dijon,1600.81,1541.77,4.0,6.0,0.0,3.0,1.0,1.0,D,0.0,1.0,A,14.0,11.0,4.0,8.0,10.0,11.0,1.0,4.0,2.0,1.0,0.0,0.0,1.8,3.5,4.75
F1,2017-03-12,Lorient,Paris SG,1522.9,1901.9,0.0,1.0,7.0,13.0,1.0,2.0,A,0.0,1.0,A,6.0,12.0,2.0,6.0,9.0,7.0,3.0,9.0,2.0,1.0,0.0,0.0,9.5,5.25,1.33
F1,2017-03-12,Lyon,Toulouse,1728.71,1596.5,7.0,10.0,3.0,7.0,4.0,0.0,H,1.0,0.0,H,12.0,10.0,7.0,4.0,10.0,12.0,4.0,3.0,1.0,2.0,0.0,0.0,1.44,4.5,7.5
F1,2017-03-12,St Etienne,Metz,1661.9,1531.55,1.0,4.0,2.0,5.0,2.0,2.0,D,0.0,1.0,A,14.0,12.0,7.0,6.0,14.0,20.0,4.0,3.0,0.0,1.0,0.0,0.0,1.62,3.8,6.0
F1,2017-03-17,Lille,Marseille,1606.04,1655.65,4.0,7.0,6.0,9.0,0.0,0.0,D,0.0,0.0,D,9.0,7.0,2.0,4.0,18.0,7.0,7.0,8.0,1.0,4.0,0.0,0.0,3.1,3.2,2.38
F1,2017-03-17,Metz,Bastia,1529.0,1526.53,2.0,3.0,2.0,3.0,1.0,0.0,H,0.0,0.0,D,9.0,6.0,2.0,0.0,12.0,12.0,4.0,4.0,2.0,2.0,0.0,0.0,1.8,3.4,4.75
F1,2017-03-18,Angers,Guingamp,1557.87,1587.08,6.0,12.0,4.0,7.0,3.0,0.0,H,0.0,0.0,D,15.0,10.0,5.0,1.0,11.0,6.0,8.0,3.0,2.0,1.0,0.0,0.0,2.2,3.1,3.6
F1,2017-03-18,Bordeaux,Montpellier,1634.46,1593.78,4.0,7.0,1.0,7.0,5.0,1.0,H,3.0,0.0,H,13.0,13.0,7.0,4.0,7.0,9.0,5.0,8.0,0.0,0.0,0.0,1.0,2.0,3.5,3.8
F1,2017-03-18,Nancy,Lorient,1528.64,1501.59,1.0,1.0,0.0,0.0,2.0,3.0,A,2.0,0.0,H,14.0,7.0,7.0,5.0,16.0,7.0,8.0,3.0,1.0,2.0,0.0,0.0,2.15,3.3,3.6
F1,2017-03-18,Nantes,Nice,1570.42,1714.57,4.0,8.0,7.0,11.0,1.0,1.0,D,1.0,1.0,D,18.0,5.0,5.0,2.0,7.0,12.0,5.0,4.0,3.0,1.0,0.0,0.0,2.4,3.1,3.25
F1,2017-03-18,Toulouse,Rennes,1580.63,1589.34,2.0,6.0,5.0,6.0,0.0,0.0,D,0.0,0.0,D,6.0,17.0,0.0,3.0,14.0,14.0,5.0,9.0,1.0,2.0,1.0,0.0,2.2,3.0,3.75
F1,2017-03-19,Caen,Monaco,1549.75,1810.56,4.0,7.0,9.0,13.0,0.0,3.0,A,0.0,1.0,A,5.0,16.0,1.0,7.0,8.0,14.0,2.0,7.0,1.0,0.0,0.0,0.0,5.25,3.8,1.67
F1,2017-03-19,Dijon,St Etienne,1532.49,1647.57,1.0,4.0,2.0,5.0,0.0,1.0,A,0.0,0.0,D,17.0,16.0,0.0,4.0,13.0,9.0,3.0,6.0,2.0,1.0,0.0,0.0,3.0,3.1,2.55
F1,2017-03-19,Paris SG,Lyon,1865.68,1737.63,9.0,13.0,7.0,10.0,2.0,1.0,H,2.0,1.0,H,12.0,11.0,4.0,2.0,11.0,8.0,8.0,10.0,2.0,1.0,0.0,0.0,1.44,4.75,6.75
F1,2017-03-31,Guingamp,Nancy,1587.08,1528.64,4.0,4.0,0.0,1.0,1.0,0.0,H,0.0,0.0,D,17.0,4.0,3.0,1.0,14.0,9.0,12.0,1.0,1.0,2.0,0.0,1.0,1.8,3.6,4.75
F1,2017-04-01,Bastia,Lille,1527.62,1612.7,1.0,2.0,5.0,8.0,0.0,1.0,A,0.0,0.0,D,14.0,9.0,2.0,3.0,9.0,15.0,5.0,0.0,1.0,1.0,0.0,0.0,3.4,3.0,2.38
F1,2017-04-01,Marseille,Dijon,1663.59,1532.78,7.0,10.0,1.0,1.0,1.0,1.0,D,0.0,1.0,A,19.0,8.0,5.0,5.0,9.0,17.0,4.0,3.0,2.0,4.0,0.0,0.0,1.4,4.75,8.0
F1,2017-04-02,Lorient,Caen,1519.61,1551.5,3.0,3.0,1.0,7.0,1.0,0.0,H,1.0,0.0,H,13.0,16.0,2.0,3.0,8.0,9.0,8.0,3.0,1.0,1.0,1.0,1.0,2.2,3.4,3.3
F1,2017-04-02,Montpellier,Toulouse,1590.57,1586.2,1.0,4.0,2.0,4.0,0.0,1.0,A,0.0,1.0,A,18.0,9.0,2.0,4.0,9.0,9.0,5.0,8.0,2.0,2.0,0.0,0.0,2.1,3.4,3.6
F1,2017-04-02,Nantes,Angers,1579.84,1577.34,4.0,8.0,6.0,12.0,2.0,1.0,H,0.0,0.0,D,13.0,18.0,3.0,3.0,9.0,9.0,4.0,3.0,1.0,1.0,0.0,1.0,2.15,3.3,3.6
F1,2017-04-02,Nice,Bordeaux,1719.75,1652.27,5.0,11.0,4.0,10.0,2.0,1.0,H,2.0,1.0,H,10.0,18.0,4.0,4.0,15.0,14.0,3.0,6.0,2.0,1.0,0.0,0.0,2.25,3.3,3.3
F1,2017-04-02,Rennes,Lyon,1598.37,1745.33,3.0,6.0,4.0,10.0,1.0,1.0,D,0.0,0.0,D,7.0,20.0,2.0,6.0,8.0,17.0,4.0,8.0,1.0,1.0,1.0,0.0,4.2,3.75,1.85
F1,2017-04-05,Metz,Lyon,1542.51,1745.33,5.0,6.0,4.0,8.0,0.0,3.0,A,0.0,0.0,D,15.0,18.0,3.0,6.0,11.0,15.0,7.0,6.0,3.0,1.0,0.0,0.0,6.0,4.0,1.57
F1,2017-04-07,Lille,Nice,1612.7,1719.75,7.0,8.0,5.0,11.0,1.0,2.0,A,1.0,2.0,A,11.0,12.0,3.0,7.0,22.0,13.0,5.0,3.0,1.0,1.0,0.0,0.0,2.63,3.0,3.0
F1,2017-04-08,Angers,Monaco,1577.34,1839.29,3.0,9.0,9.0,13.0,0.0,1.0,A,0.0,0.0,D,16.0,11.0,4.0,6.0,13.0,15.0,4.0,6.0,2.0,1.0,0.0,0.0,4.8,3.8,1.73
F1,2017-04-08,Bordeaux,Metz,1652.27,1542.51,3.0,7.0,4.0,5.0,3.0,0.0,H,1.0,0.0,H,17.0,9.0,6.0,5.0,8.0,14.0,4.0,2.0,2.0,2.0,0.0,1.0,1.45,4.2,8.0
F1,2017-04-08,Caen,Montpellier,1551.5,1590.57,1.0,4.0,0.0,1.0,0.0,2.0,A,0.0,0.0,D,14.0,15.0,4.0,6.0,15.0,12.0,2.0,5.0,4.0,3.0,0.0,0.0,2.38,3.25,3.1
F1,2017-04-08,Dijon,Bastia,1532.78,1527.62,2.0,2.0,0.0,2.0,1.0,2.0,A,1.0,1.0,D,14.0,13.0,6.0,7.0,14.0,11.0,8.0,2.0,2.0,0.0,0.0,0.0,1.95,3.3,4.2
F1,2017-04-08,Lyon,Lorient,1745.33,1519.61,4.0,8.0,6.0,6.0,1.0,4.0,A,1.0,1.0,D,16.0,14.0,5.0,6.0,13.0,10.0,5.0,4.0,3.0,1.0,0.0,0.0,1.29,6.0,9.5
F1,2017-04-08,Nancy,Rennes,1520.08,1598.37,0.0,1.0,3.0,7.0,3.0,0.0,H,1.0,0.0,H,14.0,9.0,5.0,5.0,12.0,18.0,4.0,4.0,2.0,1.0,0.0,0.0,2.8,3.0,2.8
F1,2017-04-09,Paris SG,Guingamp,1876.56,1587.34,9.0,13.0,6.0,7.0,4.0,0.0,H,0.0,0.0,D,17.0,12.0,7.0,4.0,12.0,12.0,7.0,4.0,1.0,2.0,0.0,0.0,1.14,8.0,19.0
F1,2017-04-09,St Etienne,Nantes,1661.89,1579.84,5.0,5.0,7.0,8.0,1.0,1.0,D,0.0,1.0,A,11.0,10.0,4.0,3.0,12.0,11.0,8.0,2.0,3.0,2.0,0.0,0.0,2.05,3.2,4.0
F1,2017-04-09,Toulouse,Marseille,1586.2,1663.59,4.0,6.0,5.0,8.0,0.0,0.0,D,0.0,0.0,D,11.0,15.0,4.0,3.0,16.0,12.0,7.0,7.0,2.0,2.0,0.0,0.0,3.0,3.2,2.5
F1,2017-04-14,Angers,Paris SG,1577.34,1876.56,3.0,6.0,9.0,15.0,0.0,2.0,A,0.0,1.0,A,17.0,10.0,4.0,2.0,13.0,12.0,5.0,1.0,2.0,1.0,0.0,0.0,11.0,5.5,1.3
F1,2017-04-15,Guingamp,Toulouse,1589.54,1601.12,3.0,7.0,5.0,6.0,2.0,1.0,H,0.0,0.0,D,20.0,9.0,8.0,2.0,11.0,19.0,11.0,2.0,3.0,2.0,0.0,0.0,2.1,3.3,3.5
F1,2017-04-15,Metz,Caen,1533.02,1537.57,3.0,5.0,0.0,1.0,2.0,2.0,D,0.0,0.0,D,8.0,13.0,2.0,3.0,12.0,7.0,1.0,2.0,1.0,1.0,0.0,0.0,2.38,3.25,3.0
F1,2017-04-15,Monaco,Dijon,1859.67,1532.86,9.0,15.0,1.0,2.0,2.0,1.0,H,0.0,1.0,A,20.0,8.0,7.0,4.0,11.0,14.0,15.0,4.0,1.0,3.0,0.0,0.0,1.22,6.5,11.0
F1,2017-04-15,Montpellier,Lorient,1598.46,1557.11,3.0,4.0,9.0,9.0,2.0,0.0,H,2.0,0.0,H,10.0,11.0,5.0,3.0,5.0,7.0,3.0,8.0,1.0,2.0,0.0,0.0,1.91,3.5,4.0
F1,2017-04-15,Nice,Nancy,1737.17,1540.2,7.0,11.0,3.0,3.0,3.0,1.0,H,1.0,1.0,D,14.0,8.0,4.0,3.0,8.0,16.0,1.0,7.0,1.0,2.0,0.0,0.0,1.65,3.6,5.5
F1,2017-04-15,Rennes,Lille,1591.11,1618.53,2.0,4.0,4.0,8.0,2.0,0.0,H,2.0,0.0,H,10.0,22.0,3.0,5.0,11.0,10.0,1.0,10.0,1.0,2.0,0.0,0.0,2.3,3.1,3.25
F1,2017-04-16,Bastia,Lyon,1535.47,1733.66,3.0,4.0,4.0,7.0,0.0,3.0,A,,,,,,,,,,,,,,,,5.5,4.0,1.57
F1,2017-04-16,Marseille,St Etienne,1663.75,1663.35,3.0,9.0,5.0,6.0,4.0,0.0,H,2.0,0.0,H,12.0,7.0,7.0,3.0,14.0,16.0,3.0,3.0,1.0,2.0,0.0,0.0,1.8,3.5,4.5
F1,2017-04-16,Nantes,Bordeaux,1595.44,1659.38,5.0,8.0,6.0,7.0,0.0,1.0,A,0.0,0.0,D,10.0,12.0,0.0,5.0,15.0,13.0,6.0,3.0,1.0,3.0,0.0,0.0,2.5,3.2,2.88
F1,2017-04-18,Metz,Paris SG,1533.02,1888.8,1.0,5.0,9.0,15.0,2.0,3.0,A,0.0,2.0,A,6.0,18.0,2.0,6.0,13.0,11.0,1.0,8.0,1.0,1.0,0.0,0.0,17.0,7.5,1.17
F1,2017-04-21,Nancy,Marseille,1540.2,1663.75,3.0,3.0,5.0,9.0,0.0,0.0,D,0.0,0.0,D,9.0,18.0,2.0,3.0,9.0,10.0,3.0,7.0,0.0,2.0,0.0,0.0,3.75,3.4,2.05
F1,2017-04-22,Bordeaux,Bastia,1659.38,1535.47,6.0,9.0,3.0,3.0,2.0,0.0,H,0.0,0.0,D,14.0,13.0,6.0,1.0,12.0,16.0,5.0,7.0,2.0,2.0,0.0,1.0,1.36,5.25,8.0
F1,2017-04-22,Caen,Nantes,1537.57,1595.44,1.0,2.0,4.0,8.0,0.0,2.0,A,0.0,2.0,A,13.0,16.0,2.0,8.0,11.0,10.0,8.0,2.0,1.0,1.0,0.0,0.0,2.5,3.25,2.9
F1,2017-04-22,Dijon,Angers,1532.86,1568.84,1.0,2.0,0.0,3.0,3.0,2.0,H,3.0,0.0,H,15.0,9.0,6.0,5.0,11.0,13.0,4.0,5.0,2.0,2.0,0.0,0.0,2.2,3.3,3.4
F1,2017-04-22,Lille,Guingamp,1618.53,1589.54,3.0,7.0,6.0,9.0,3.0,0.0,H,2.0,0.0,H,25.0,10.0,9.0,7.0,14.0,11.0,4.0,8.0,0.0,2.0,0.0,0.0,1.95,3.5,4.0
F1,2017-04-22,Lorient,Metz,1557.11,1533.02,6.0,9.0,1.0,4.0,5.0,1.0,H,1.0,1.0,D,19.0,7.0,9.0,3.0,12.0,10.0,8.0,4.0,1.0,1.0,0.0,0.0,1.73,4.0,4.5
F1,2017-04-22,Paris SG,Montpellier,1888.8,1598.46,9.0,15.0,6.0,6.0,2.0,0.0,H,1.0,0.0,H,19.0,15.0,9.0,4.0,10.0,5.0,6.0,6.0,1.0,0.0,0.0,0.0,1.17,8.0,15.0
F1,2017-04-23,Lyon,Monaco,1733.66,1859.67,6.0,7.0,9.0,15.0,1.0,2.0,A,0.0,2.0,A,8.0,14.0,3.0,6.0,14.0,12.0,7.0,6.0,2.0,1.0,0.0,0.0,2.6,3.6,2.6
F1,2017-04-23,St Etienne,Rennes,1663.35,1591.11,4.0,6.0,4.0,6.0,1.0,1.0,D,1.0,1.0,D,7.0,7.0,2.0,2.0,11.0,14.0,6.0,4.0,1.0,3.0,0.0,0.0,2.1,3.1,4.0
F1,2017-04-23,Toulouse,Nice,1601.12,1737.17,4.0,5.0,9.0,11.0,1.0,1.0,D,0.0,0.0,D,4.0,14.0,3.0,3.0,20.0,11.0,6.0,5.0,3.0,5.0,0.0,0.0,2.6,3.2,2.88
F1,2017-04-28,Angers,Lyon,1568.84,1733.66,0.0,3.0,3.0,7.0,1.0,2.0,A,0.0,2.0,A,23.0,8.0,7.0,3.0,14.0,11.0,8.0,8.0,2.0,3.0,1.0,0.0,3.3,3.4,2.2
F1,2017-04-29,Bastia,Rennes,1535.47,1591.11,3.0,3.0,4.0,6.0,1.0,0.0,H,0.0,0.0,D,4.0,12.0,3.0,4.0,12.0,17.0,2.0,7.0,1.0,1.0,0.0,0.0,3.6,3.2,2.2
F1,2017-04-29,Guingamp,St Etienne,1589.54,1663.35,3.0,6.0,2.0,6.0,0.0,2.0,A,0.0,0.0,D,12.0,11.0,4.0,8.0,10.0,11.0,2.0,3.0,0.0,0.0,0.0,0.0,2.4,3.1,3.2
F1,2017-04-29,Metz,Nancy,1533.02,1540.2,1.0,1.0,4.0,4.0,2.0,1.0,H,1.0,1.0,D,12.0,8.0,7.0,4.0,17.0,17.0,8.0,5.0,2.0,3.0,0.0,0.0,2.63,3.1,2.9
F1,2017-04-29,Monaco,Toulouse,1859.67,1601.12,9.0,15.0,2.0,6.0,3.0,1.0,H,0.0,0.0,D,28.0,7.0,11.0,3.0,8.0,15.0,11.0,2.0,1.0,4.0,0.0,0.0,1.22,6.5,13.0
F1,2017-04-29,Montpellier,Lille,1598.46,1618.53,6.0,6.0,3.0,7.0,0.0,3.0,A,0.0,1.0,A,18.0,11.0,7.0,5.0,7.0,14.0,8.0,3.0,1.0,2.0,0.0,0.0,2.15,3.3,3.6
F1,2017-04-29,Nantes,Lorient,1595.44,1557.11,4.0,8.0,6.0,12.0,1.0,0.0,H,0.0,0.0,D,15.0,4.0,7.0,0.0,10.0,10.0,5.0,6.0,0.0,2.0,0.0,0.0,2.05,3.4,3.75
F1,2017-04-30,Caen,Marseille,1537.57,1663.75,1.0,1.0,5.0,7.0,1.0,5.0,A,1.0,3.0,A,14.0,13.0,5.0,8.0,4.0,11.0,11.0,2.0,2.0,4.0,0.0,0.0,3.6,3.4,2.1
F1,2017-04-30,Dijon,Bordeaux,1532.86,1659.38,3.0,4.0,9.0,12.0,0.0,0.0,D,0.0,0.0,D,16.0,13.0,6.0,1.0,11.0,13.0,5.0,7.0,0.0,1.0,0.0,0.0,3.4,3.4,2.2
F1,2017-04-30,Nice,Paris SG,1737.17,1888.8,7.0,11.0,9.0,15.0,3.0,1.0,H,1.0,0.0,H,6.0,16.0,3.0,5.0,11.0,15.0,2.0,8.0,2.0,3.0,0.0,2.0,6.0,4.33,1.53
F1,2017-05-05,St Etienne,Bordeaux,1660.93,1672.82,4.0,8.0,7.0,10.0,2.0,2.0,D,1.0,1.0,D,15.0,11.0,5.0,5.0,14.0,11.0,7.0,7.0,1.0,2.0,0.0,1.0,2.7,3.1,2.8
F1,2017-05-06,Guingamp,Dijon,1575.62,1542.75,3.0,6.0,4.0,5.0,4.0,0.0,H,1.0,0.0,H,14.0,20.0,8.0,5.0,13.0,12.0,9.0,15.0,0.0,0.0,0.0,0.0,2.15,3.4,3.4
F1,2017-05-06,Lille,Metz,1637.35,1526.53,6.0,9.0,3.0,4.0,0.0,2.0,A,0.0,1.0,A,12.0,7.0,0.0,3.0,14.0,9.0,11.0,2.0,1.0,0.0,0.0,0.0,1.67,4.0,5.0
F1,2017-05-06,Lorient,Angers,1557.72,1557.9,3.0,9.0,0.0,0.0,1.0,1.0,D,0.0,0.0,D,6.0,9.0,3.0,4.0,11.0,8.0,2.0,7.0,1.0,0.0,0.0,0.0,2.25,3.4,3.25
F1,2017-05-06,Nancy,Monaco,1533.73,1879.56,1.0,4.0,9.0,15.0,0.0,3.0,A,0.0,2.0,A,6.0,18.0,2.0,8.0,8.0,7.0,5.0,5.0,1.0,1.0,0.0,0.0,7.0,4.5,1.45
F1,2017-05-06,Paris SG,Bastia,1880.57,1543.22,6.0,12.0,3.0,6.0,5.0,0.0,H,2.0,0.0,H,27.0,6.0,12.0,0.0,11.0,3.0,11.0,4.0,1.0,2.0,0.0,0.0,1.13,9.0,21.0
F1,2017-05-06,Toulouse,Caen,1596.35,1517.22,1.0,5.0,1.0,1.0,0.0,1.0,A,0.0,0.0,D,9.0,11.0,5.0,4.0,10.0,9.0,5.0,5.0,3.0,2.0,0.0,0.0,2.2,3.3,3.4
F1,2017-05-07,Lyon,Nantes,1729.38,1606.77,6.0,9.0,6.0,10.0,3.0,2.0,H,0.0,1.0,A,16.0,5.0,7.0,2.0,10.0,20.0,9.0,5.0,0.0,1.0,0.0,0.0,1.67,4.0,5.0
F1,2017-05-07,Marseille,Nice,1688.63,1755.07,7.0,9.0,7.0,13.0,2.0,1.0,H,1.0,0.0,H,18.0,17.0,7.0,5.0,15.0,8.0,4.0,5.0,5.0,1.0,0.0,0.0,1.95,3.5,3.75
F1,2017-05-07,Rennes,Montpellier,1598.23,1589.34,4.0,5.0,3.0,6.0,1.0,0.0,H,0.0,0.0,D,10.0,6.0,4.0,1.0,13.0,9.0,2.0,6.0,3.0,2.0,0.0,0.0,2.3,3.25,3.1
F1,2017-05-14,Bastia,Lorient,1543.22,1557.72,3.0,6.0,4.0,7.0,2.0,0.0,H,0.0,0.0,D,11.0,9.0,6.0,1.0,14.0,11.0,5.0,9.0,3.0,2.0,0.0,0.0,3.2,3.2,2.3
F1,2017-05-14,Bordeaux,Marseille,1672.82,1688.63,5.0,11.0,7.0,11.0,1.0,1.0,D,1.0,0.0,H,11.0,14.0,5.0,3.0,18.0,14.0,3.0,4.0,1.0,2.0,0.0,0.0,2.45,3.4,2.88
F1,2017-05-14,Caen,Rennes,1517.22,1598.23,3.0,4.0,4.0,7.0,0.0,1.0,A,0.0,0.0,D,10.0,10.0,2.0,7.0,7.0,9.0,11.0,1.0,2.0,1.0,0.0,0.0,1.8,3.6,4.6
F1,2017-05-14,Dijon,Nancy,1542.75,1533.73,4.0,4.0,1.0,4.0,2.0,0.0,H,0.0,0.0,D,20.0,9.0,5.0,2.0,17.0,17.0,4.0,6.0,2.0,2.0,0.0,0.0,2.0,3.5,3.75
F1,2017-05-14,Metz,Toulouse,1526.53,1596.35,6.0,7.0,1.0,2.0,1.0,1.0,D,0.0,1.0,A,14.0,17.0,6.0,6.0,16.0,13.0,6.0,3.0,0.0,0.0,0.0,0.0,2.6,3.25,2.8
F1,2017-05-14,Monaco,Lille,1879.56,1637.35,9.0,15.0,6.0,6.0,4.0,0.0,H,2.0,0.0,H,11.0,14.0,3.0,4.0,17.0,10.0,6.0,7.0,1.0,2.0,0.0,0.0,1.17,8.0,15.0
F1,2017-05-14,Montpellier,Lyon,1589.34,1729.38,0.0,6.0,6.0,9.0,1.0,3.0,A,1.0,2.0,A,15.0,14.0,4.0,6.0,16.0,10.0,4.0,1.0,3.0,1.0,0.0,0.0,3.1,3.6,2.25
F1,2017-05-14,Nantes,Guingamp,1606.77,1575.62,6.0,7.0,3.0,6.0,4.0,1.0,H,1.0,0.0,H,14.0,8.0,5.0,2.0,6.0,10.0,9.0,6.0,2.0,4.0,0.0,0.0,2.05,3.5,3.6
F1,2017-05-14,Nice,Angers,1755.07,1557.9,4.0,10.0,1.0,1.0,0.0,2.0,A,0.0,1.0,A,12.0,14.0,5.0,6.0,11.0,6.0,7.0,4.0,1.0,1.0,0.0,0.0,1.73,3.6,5.25
F1,2017-05-14,St Etienne,Paris SG,1660.93,1880.57,5.0,6.0,6.0,12.0,0.0,5.0,A,0.0,2.0,A,9.0,21.0,2.0,11.0,9.0,5.0,5.0,8.0,1.0,1.0,0.0,0.0,9.0,5.0,1.33
F1,2017-05-17,Monaco,St Etienne,1867.22,1641.85,9.0,15.0,4.0,5.0,2.0,0.0,H,1.0,0.0,H,14.0,5.0,5.0,3.0,6.0,9.0,10.0,4.0,1.0,1.0,0.0,0.0,1.2,7.0,13.0
F1,2017-05-20,Angers,Montpellier,1571.69,1566.99,4.0,4.0,0.0,3.0,2.0,0.0,H,0.0,0.0,D,18.0,12.0,5.0,5.0,6.0,10.0,6.0,4.0,0.0,2.0,0.0,0.0,2.1,3.5,3.5
F1,2017-05-20,Guingamp,Metz,1568.25,1535.7,3.0,6.0,7.0,7.0,1.0,0.0,H,1.0,0.0,H,21.0,8.0,6.0,0.0,14.0,15.0,7.0,3.0,0.0,2.0,0.0,0.0,1.6,4.2,5.5
F1,2017-05-20,Lille,Nantes,1607.79,1605.35,3.0,6.0,6.0,9.0,3.0,0.0,H,1.0,0.0,H,17.0,9.0,6.0,2.0,5.0,13.0,2.0,10.0,0.0,2.0,0.0,1.0,2.5,3.3,2.9
F1,2017-05-20,Lorient,Bordeaux,1538.27,1665.37,1.0,4.0,3.0,9.0,1.0,1.0,D,0.0,1.0,A,9.0,10.0,4.0,4.0,12.0,12.0,7.0,3.0,2.0,2.0,0.0,0.0,2.5,3.5,2.75
F1,2017-05-20,Lyon,Nice,1724.43,1719.04,9.0,12.0,3.0,7.0,3.0,3.0,D,1.0,1.0,D,15.0,14.0,4.0,7.0,14.0,11.0,8.0,2.0,0.0,1.0,0.0,0.0,1.53,4.75,5.25
F1,2017-05-20,Marseille,Bastia,1689.94,1542.23,7.0,11.0,6.0,6.0,1.0,0.0,H,0.0,0.0,D,12.0,4.0,3.0,0.0,17.0,20.0,6.0,1.0,3.0,2.0,0.0,0.0,1.29,5.5,11.0
F1,2017-05-20,Nancy,St Etienne,1512.42,1641.85,0.0,1.0,1.0,5.0,3.0,1.0,H,1.0,0.0,H,14.0,8.0,5.0,2.0,14.0,10.0,7.0,5.0,2.0,0.0,0.0,0.0,2.05,3.5,3.6
F1,2017-05-20,Paris SG,Caen,1884.8,1513.29,6.0,12.0,3.0,4.0,1.0,1.0,D,1.0,0.0,H,18.0,16.0,5.0,6.0,11.0,8.0,8.0,5.0,0.0,1.0,0.0,0.0,1.18,7.5,13.0
F1,2017-05-20,Rennes,Monaco,1604.24,1867.22,6.0,10.0,9.0,15.0,2.0,3.0,A,0.0,1.0,A,18.0,23.0,5.0,12.0,9.0,12.0,3.0,5.0,0.0,0.0,0.0,0.0,3.5,3.6,2.05
F1,2017-05-20,Toulouse,Dijon,1577.25,1532.8,1.0,2.0,4.0,7.0,0.0,0.0,D,0.0,0.0,D,16.0,8.0,2.0,5.0,11.0,16.0,8.0,4.0,1.0,2.0,0.0,0.0,2.5,3.4,2.8
F1,2017-08-04,Monaco,Toulouse,1873.8,1574.27,9.0,15.0,2.0,3.0,3.0,2.0,H,1.0,1.0,D,17.0,6.0,7.0,3.0,12.0,23.0,8.0,2.0,1.0,3.0,0.0,0.0,1.3,5.5,10.0
F1,2017-08-05,Lyon,Strasbourg,1722.5,1478.36,7.0,10.0,5.0,11.0,4.0,0.0,H,1.0,0.0,H,12.0,7.0,7.0,1.0,11.0,16.0,3.0,4.0,2.0,3.0,0.0,0.0,1.36,5.0,8.5
F1,2017-08-05,Metz,Guingamp,1530.12,1573.86,4.0,7.0,6.0,6.0,1.0,3.0,A,1.0,1.0,D,6.0,13.0,4.0,5.0,9.0,13.0,3.0,3.0,1.0,2.0,0.0,0.0,2.8,3.2,2.63
F1,2017-08-05,Montpellier,Caen,1558.04,1521.79,0.0,0.0,4.0,4.0,1.0,0.0,H,0.0,0.0,D,10.0,8.0,2.0,1.0,9.0,11.0,9.0,3.0,2.0,1.0,0.0,0.0,1.91,3.5,4.2
F1,2017-08-05,Paris SG,Amiens,1876.33,1469.58,7.0,10.0,9.0,15.0,2.0,0.0,H,1.0,0.0,H,16.0,7.0,5.0,1.0,9.0,12.0,8.0,3.0,0.0,1.0,0.0,0.0,1.11,9.0,25.0
F1,2017-08-05,St Etienne,Nice,1624.6,1717.76,0.0,4.0,1.0,5.0,1.0,0.0,H,1.0,0.0,H,8.0,6.0,3.0,2.0,11.0,8.0,2.0,7.0,2.0,1.0,0.0,0.0,2.2,3.2,3.5
F1,2017-08-05,Troyes,Rennes,1500.6,1600.87,9.0,13.0,6.0,7.0,1.0,1.0,D,0.0,0.0,D,11.0,16.0,4.0,4.0,13.0,8.0,6.0,7.0,1.0,0.0,0.0,0.0,2.6,3.1,2.9
F1,2017-08-06,Angers,Bordeaux,1580.68,1663.12,7.0,7.0,3.0,7.0,2.0,2.0,D,1.0,1.0,D,9.0,7.0,5.0,4.0,16.0,15.0,0.0,5.0,3.0,2.0,0.0,0.0,2.5,3.1,3.1
F1,2017-08-06,Lille,Nantes,1619.2,1593.97,3.0,9.0,3.0,9.0,3.0,0.0,H,0.0,0.0,D,14.0,9.0,5.0,4.0,11.0,17.0,15.0,3.0,2.0,3.0,0.0,0.0,2.0,3.2,4.1
F1,2017-08-06,Marseille,Dijon,1697.09,1535.81,7.0,11.0,4.0,8.0,3.0,0.0,H,0.0,0.0,D,18.0,12.0,5.0,1.0,7.0,10.0,7.0,3.0,1.0,0.0,0.0,0.0,1.4,4.75,8.0
F1,2017-08-11,Nice,Troyes,1717.76,1500.6,1.0,4.0,7.0,13.0,1.0,2.0,A,0.0,0.0,D,20.0,10.0,6.0,4.0,11.0,8.0,10.0,4.0,2.0,3.0,0.0,0.0,1.53,4.0,7.0
F1,2017-08-11,Rennes,Lyon,1600.87,1722.5,4.0,7.0,7.0,13.0,1.0,2.0,A,0.0,0.0,D,17.0,17.0,5.0,8.0,9.0,16.0,14.0,2.0,1.0,3.0,0.0,0.0,3.6,3.5,2.0
F1,2017-08-12,Amiens,Angers,1469.58,1580.68,6.0,12.0,7.0,8.0,0.0,2.0,A,0.0,1.0,A,10.0,12.0,1.0,6.0,8.0,18.0,5.0,5.0,3.0,2.0,0.0,0.0,2.9,3.1,2.63
F1,2017-08-12,Bordeaux,Metz,1663.12,1530.12,3.0,5.0,1.0,7.0,2.0,0.0,H,1.0,0.0,H,12.0,6.0,5.0,1.0,17.0,10.0,5.0,1.0,1.0,2.0,0.0,0.0,1.44,4.2,8.5
F1,2017-08-12,Caen,St Etienne,1521.79,1624.6,1.0,4.0,3.0,4.0,0.0,1.0,A,0.0,0.0,D,10.0,6.0,4.0,4.0,12.0,15.0,8.0,2.0,1.0,1.0,0.0,0.0,3.0,3.1,2.5
F1,2017-08-12,Nantes,Marseille,1593.97,1697.09,3.0,6.0,7.0,13.0,0.0,1.0,A,0.0,0.0,D,14.0,13.0,3.0,10.0,13.0,12.0,6.0,9.0,1.0,3.0,0.0,0.0,3.5,3.4,2.15
F1,2017-08-12,Toulouse,Montpellier,1574.27,1558.04,2.0,2.0,3.0,3.0,1.0,0.0,H,1.0,0.0,H,8.0,14.0,4.0,1.0,25.0,12.0,5.0,3.0,4.0,3.0,0.0,0.0,2.2,3.2,3.5
F1,2017-08-13,Dijon,Monaco,1535.81,1873.8,4.0,5.0,9.0,15.0,1.0,4.0,A,1.0,3.0,A,15.0,16.0,3.0,6.0,10.0,12.0,6.0,10.0,0.0,2.0,0.0,0.0,7.0,4.2,1.5
F1,2017-08-13,Guingamp,Paris SG,1573.86,1876.33,6.0,9.0,7.0,10.0,0.0,3.0,A,0.0,0.0,D,4.0,21.0,0.0,8.0,9.0,13.0,4.0,6.0,2.0,2.0,0.0,0.0,15.0,6.0,1.22
F1,2017-08-13,Strasbourg,Lille,1478.36,1619.2,4.0,8.0,6.0,9.0,3.0,0.0,H,0.0,0.0,D,22.0,12.0,9.0,2.0,8.0,13.0,7.0,5.0,1.0,2.0,0.0,1.0,3.75,3.3,2.1
F1,2017-08-18,Metz,Monaco,1512.05,1878.02,0.0,4.0,9.0,15.0,0.0,1.0,A,0.0,0.0,D,9.0,22.0,5.0,5.0,17.0,16.0,6.0,6.0,2.0,1.0,0.0,0.0,10.0,5.0,1.3
F1,2017-08-19,Lyon,Bordeaux,1731.75,1651.08,7.0,13.0,5.0,7.0,3.0,3.0,D,2.0,1.0,H,8.0,16.0,5.0,6.0,20.0,16.0,0.0,8.0,2.0,2.0,1.0,0.0,1.57,4.33,5.5
F1,2017-08-19,Montpellier,Strasbourg,1556.36,1491.53,3.0,3.0,6.0,8.0,1.0,1.0,D,0.0,1.0,A,16.0,7.0,5.0,1.0,6.0,18.0,9.0,2.0,2.0,3.0,0.0,0.0,1.85,3.5,4.5
F1,2017-08-19,Nice,Guingamp,1704.69,1579.76,1.0,1.0,6.0,9.0,2.0,0.0,H,1.0,0.0,H,14.0,13.0,8.0,1.0,12.0,15.0,4.0,5.0,2.0,2.0,0.0,0.0,2.0,3.3,4.0
F1,2017-08-19,Rennes,Dijon,1592.42,1525.86,1.0,7.0,1.0,4.0,2.0,2.0,D,1.0,0.0,H,14.0,12.0,7.0,4.0,9.0,13.0,7.0,0.0,2.0,4.0,0.0,0.0,1.6,3.9,6.0
F1,2017-08-19,St Etienne,Amiens,1639.63,1457.93,6.0,6.0,3.0,9.0,3.0,0.0,H,2.0,0.0,H,13.0,16.0,5.0,1.0,11.0,12.0,3.0,11.0,2.0,2.0,0.0,0.0,1.53,4.0,7.0
F1,2017-08-19,Troyes,Nantes,1515.29,1576.1,7.0,13.0,0.0,3.0,0.0,1.0,A,0.0,0.0,D,8.0,11.0,1.0,4.0,7.0,8.0,2.0,10.0,1.0,0.0,0.0,1.0,2.5,3.1,3.1
F1,2017-08-20,Lille,Caen,1610.68,1508.59,6.0,6.0,1.0,4.0,0.0,2.0,A,0.0,1.0,A,15.0,11.0,4.0,3.0,9.0,12.0,5.0,3.0,2.0,2.0,0.0,0.0,1.6,3.8,6.0
F1,2017-08-20,Marseille,Angers,1709.91,1589.39,9.0,13.0,7.0,11.0,1.0,1.0,D,1.0,0.0,H,12.0,11.0,2.0,4.0,20.0,7.0,11.0,2.0,3.0,2.0,1.0,0.0,1.6,3.9,5.75
F1,2017-08-20,Paris SG,Toulouse,1881.48,1578.1,7.0,13.0,4.0,5.0,6.0,2.0,H,2.0,1.0,H,24.0,7.0,15.0,1.0,8.0,19.0,7.0,1.0,0.0,4.0,1.0,0.0,1.08,11.0,34.0
F1,2017-08-25,Paris SG,St Etienne,1881.48,1639.63,9.0,13.0,9.0,9.0,3.0,0.0,H,1.0,0.0,H,14.0,12.0,4.0,2.0,20.0,12.0,8.0,3.0,2.0,3.0,0.0,0.0,1.08,11.0,29.0
F1,2017-08-26,Amiens,Nice,1457.93,1704.69,0.0,6.0,3.0,4.0,3.0,0.0,H,2.0,0.0,H,12.0,12.0,4.0,3.0,14.0,7.0,3.0,4.0,3.0,3.0,0.0,0.0,3.3,3.2,2.3
F1,2017-08-26,Bordeaux,Troyes,1651.08,1515.29,5.0,7.0,4.0,10.0,2.0,1.0,H,1.0,0.0,H,12.0,5.0,8.0,2.0,9.0,17.0,4.0,4.0,0.0,1.0,0.0,0.0,1.44,4.5,7.5
F1,2017-08-26,Caen,Metz,1508.59,1512.05,3.0,4.0,0.0,1.0,1.0,0.0,H,0.0,0.0,D,16.0,9.0,4.0,2.0,11.0,16.0,9.0,3.0,2.0,2.0,0.0,0.0,1.85,3.4,4.75
F1,2017-08-26,Dijon,Montpellier,1525.86,1556.36,1.0,5.0,4.0,4.0,2.0,1.0,H,1.0,0.0,H,7.0,11.0,2.0,2.0,18.0,14.0,2.0,4.0,2.0,2.0,0.0,0.0,2.55,3.2,2.88
F1,2017-08-26,Nantes,Lyon,1576.1,1731.75,3.0,6.0,7.0,11.0,0.0,0.0,D,0.0,0.0,D,6.0,16.0,2.0,3.0,13.0,11.0,1.0,8.0,1.0,1.0,0.0,0.0,3.6,3.4,2.1
F1,2017-08-26,Toulouse,Rennes,1578.1,1592.42,3.0,5.0,2.0,5.0,3.0,2.0,H,1.0,1.0,D,11.0,14.0,7.0,3.0,19.0,22.0,3.0,4.0,4.0,3.0,0.0,1.0,2.3,3.1,3.4
F1,2017-08-27,Angers,Lille,1589.39,1610.68,5.0,11.0,3.0,6.0,1.0,1.0,D,0.0,0.0,D,11.0,13.0,2.0,3.0,10.0,10.0,7.0,1.0,2.0,5.0,0.0,0.0,2.25,3.1,3.5
F1,2017-08-27,Guingamp,Strasbourg,1579.76,1491.53,3.0,6.0,4.0,8.0,2.0,0.0,H,0.0,0.0,D,14.0,15.0,6.0,3.0,12.0,14.0,2.0,7.0,1.0,2.0,0.0,0.0,1.91,3.4,4.33
F1,2017-08-27,Monaco,Marseille,1878.02,1709.91,9.0,15.0,7.0,11.0,6.0,1.0,H,4.0,0.0,H,14.0,10.0,8.0,3.0,11.0,14.0,1.0,1.0,2.0,3.0,0.0,0.0,1.62,4.0,5.5
F1,2017-09-08,Lille,Bordeaux,1592.52,1655.77,1.0,7.0,7.0,9.0,0.0,0.0,D,0.0,0.0,D,8.0,17.0,2.0,1.0,11.0,13.0,5.0,3.0,2.0,4.0,1.0,0.0,3.0,3.3,2.45
F1,2017-09-08,Metz,Paris SG,1501.55,1885.53,0.0,0.0,9.0,13.0,1.0,5.0,A,1.0,1.0,D,8.0,23.0,1.0,12.0,10.0,8.0,6.0,7.0,0.0,1.0,1.0,0.0,19.0,10.0,1.13
F1,2017-09-09,Caen,Dijon,1529.52,1533.76,6.0,7.0,4.0,5.0,2.0,1.0,H,1.0,1.0,D,12.0,9.0,3.0,4.0,19.0,17.0,8.0,3.0,1.0,2.0,1.0,0.0,2.05,3.2,4.0
F1,2017-09-09,Montpellier,Nantes,1543.35,1584.02,1.0,4.0,4.0,4.0,0.0,1.0,A,0.0,0.0,D,11.0,12.0,3.0,4.0,7.0,12.0,8.0,3.0,1.0,2.0,1.0,0.0,2.15,3.2,3.8
F1,2017-09-09,Nice,Monaco,1677.12,1883.64,3.0,4.0,9.0,15.0,4.0,0.0,H,2.0,0.0,H,9.0,11.0,5.0,1.0,19.0,14.0,2.0,11.0,2.0,2.0,0.0,0.0,4.75,3.6,1.8
F1,2017-09-09,Strasbourg,Amiens,1486.02,1472.56,4.0,7.0,3.0,6.0,0.0,1.0,A,0.0,1.0,A,10.0,8.0,3.0,3.0,22.0,14.0,6.0,0.0,1.0,3.0,1.0,0.0,2.0,3.2,4.2
F1,2017-09-09,Troyes,Toulouse,1501.22,1579.48,3.0,7.0,6.0,7.0,0.0,0.0,D,0.0,0.0,D,11.0,7.0,3.0,0.0,12.0,13.0,4.0,1.0,2.0,3.0,0.0,0.0,2.88,3.2,2.6
F1,2017-09-10,Lyon,Guingamp,1722.93,1578.21,5.0,9.0,3.0,9.0,2.0,1.0,H,1.0,0.0,H,12.0,13.0,4.0,6.0,16.0,16.0,3.0,6.0,2.0,2.0,0.0,0.0,1.4,4.75,8.5
F1,2017-09-10,Marseille,Rennes,1697.63,1579.39,4.0,10.0,1.0,2.0,1.0,3.0,A,0.0,2.0,A,10.0,17.0,4.0,4.0,18.0,14.0,5.0,2.0,6.0,1.0,0.0,0.0,1.67,4.0,5.0
F1,2017-09-10,St Etienne,Angers,1638.39,1589.74,6.0,9.0,5.0,9.0,1.0,1.0,D,1.0,1.0,D,8.0,15.0,4.0,6.0,9.0,19.0,1.0,3.0,3.0,2.0,1.0,1.0,2.15,3.2,3.75
F1,2017-09-15,Toulouse,Bordeaux,1585.2,1661.99,4.0,7.0,5.0,9.0,0.0,1.0,A,0.0,0.0,D,16.0,14.0,5.0,4.0,17.0,10.0,3.0,9.0,3.0,1.0,0.0,0.0,2.9,3.1,2.5
F1,2017-09-16,Dijon,St Etienne,1533.38,1641.4,4.0,4.0,4.0,10.0,0.0,1.0,A,0.0,0.0,D,18.0,16.0,7.0,6.0,13.0,14.0,1.0,4.0,3.0,3.0,0.0,0.0,3.0,3.2,2.5
F1,2017-09-16,Guingamp,Lille,1581.08,1598.59,3.0,6.0,2.0,5.0,1.0,0.0,H,0.0,0.0,D,20.0,10.0,4.0,5.0,8.0,17.0,8.0,8.0,1.0,1.0,0.0,0.0,2.15,3.3,3.5
F1,2017-09-16,Monaco,Strasbourg,1865.57,1482.35,6.0,12.0,1.0,4.0,3.0,0.0,H,1.0,0.0,H,14.0,10.0,5.0,1.0,13.0,12.0,5.0,5.0,2.0,2.0,0.0,0.0,1.18,7.5,15.0
F1,2017-09-16,Nantes,Caen,1598.79,1542.18,7.0,7.0,9.0,9.0,1.0,0.0,H,0.0,0.0,D,8.0,8.0,4.0,1.0,12.0,12.0,4.0,3.0,0.0,2.0,0.0,0.0,1.95,3.25,4.33
F1,2017-09-16,Troyes,Montpellier,1507.78,1540.87,1.0,5.0,1.0,4.0,0.0,1.0,A,0.0,1.0,A,7.0,9.0,0.0,3.0,19.0,10.0,2.0,6.0,3.0,3.0,1.0,0.0,2.8,3.2,2.7
F1,2017-09-17,Amiens,Marseille,1488.52,1687.66,6.0,6.0,1.0,7.0,0.0,2.0,A,0.0,0.0,D,8.0,22.0,3.0,6.0,11.0,15.0,6.0,3.0,2.0,3.0,0.0,0.0,4.0,3.2,2.05
F1,2017-09-17,Angers,Metz,1599.02,1504.12,3.0,7.0,0.0,0.0,0.0,1.0,A,0.0,0.0,D,18.0,10.0,5.0,5.0,14.0,14.0,4.0,5.0,1.0,3.0,0.0,0.0,1.5,4.0,7.5
F1,2017-09-17,Paris SG,Lyon,1904.09,1728.57,9.0,15.0,5.0,11.0,2.0,0.0,H,0.0,0.0,D,14.0,12.0,5.0,5.0,11.0,13.0,9.0,4.0,3.0,2.0,0.0,0.0,1.17,7.5,17.0
F1,2017-09-17,Rennes,Nice,1603.31,1717.21,4.0,5.0,6.0,6.0,0.0,1.0,A,0.0,0.0,D,17.0,6.0,4.0,3.0,17.0,17.0,6.0,5.0,1.0,5.0,0.0,0.0,2.3,3.2,3.3
F1,2017-09-22,Lille,Monaco,1598.59,1865.57,2.0,2.0,6.0,12.0,0.0,4.0,A,0.0,2.0,A,11.0,12.0,2.0,7.0,18.0,14.0,1.0,1.0,1.0,2.0,0.0,0.0,4.75,3.8,1.7
F1,2017-09-22,Nice,Angers,1717.21,1599.02,6.0,9.0,2.0,6.0,2.0,2.0,D,1.0,2.0,A,17.0,15.0,3.0,6.0,13.0,18.0,8.0,1.0,4.0,2.0,0.0,0.0,1.8,3.5,4.5
F1,2017-09-23,Bordeaux,Guingamp,1661.99,1581.08,7.0,11.0,6.0,6.0,3.0,1.0,H,1.0,0.0,H,21.0,10.0,8.0,4.0,14.0,14.0,5.0,2.0,4.0,2.0,0.0,0.0,1.73,3.5,5.5
F1,2017-09-23,Caen,Amiens,1542.18,1488.52,6.0,9.0,6.0,6.0,1.0,0.0,H,0.0,0.0,D,17.0,2.0,4.0,0.0,14.0,19.0,7.0,3.0,1.0,2.0,0.0,0.0,1.85,3.3,4.75
F1,2017-09-23,Lyon,Dijon,1728.57,1533.38,4.0,8.0,3.0,4.0,3.0,3.0,D,1.0,1.0,D,20.0,11.0,6.0,6.0,17.0,19.0,8.0,1.0,1.0,5.0,0.0,0.0,1.29,5.75,10.0
F1,2017-09-23,Metz,Troyes,1504.12,1507.78,3.0,3.0,1.0,4.0,0.0,1.0,A,0.0,0.0,D,15.0,9.0,7.0,2.0,11.0,12.0,5.0,4.0,3.0,3.0,0.0,1.0,2.0,3.3,4.0
F1,2017-09-23,Montpellier,Paris SG,1540.87,1904.09,3.0,4.0,9.0,15.0,0.0,0.0,D,0.0,0.0,D,5.0,10.0,2.0,1.0,15.0,13.0,2.0,11.0,2.0,2.0,0.0,0.0,17.0,7.5,1.17
F1,2017-09-24,Marseille,Toulouse,1687.66,1585.2,3.0,7.0,4.0,7.0,2.0,0.0,H,1.0,0.0,H,22.0,8.0,6.0,1.0,11.0,10.0,12.0,5.0,2.0,0.0,0.0,0.0,1.53,4.2,6.5
F1,2017-09-24,St Etienne,Rennes,1641.4,1603.31,4.0,10.0,3.0,4.0,2.0,2.0,D,1.0,1.0,D,9.0,9.0,4.0,4.0,11.0,14.0,9.0,5.0,3.0,3.0,1.0,0.0,2.05,3.2,4.0
F1,2017-09-24,Strasbourg,Nantes,1482.35,1598.79,0.0,4.0,7.0,10.0,1.0,2.0,A,1.0,2.0,A,21.0,12.0,6.0,5.0,7.0,5.0,12.0,3.0,1.0,1.0,0.0,0.0,2.55,3.0,3.1
F1,2017-09-29,Monaco,Montpellier,1865.57,1540.87,6.0,12.0,4.0,5.0,1.0,1.0,D,1.0,0.0,H,8.0,15.0,1.0,3.0,19.0,12.0,3.0,4.0,3.0,1.0,0.0,0.0,1.36,5.0,8.5
F1,2017-09-30,Dijon,Strasbourg,1533.38,1482.35,1.0,5.0,0.0,1.0,1.0,1.0,D,0.0,0.0,D,13.0,7.0,6.0,1.0,10.0,17.0,7.0,4.0,0.0,2.0,1.0,0.0,2.05,3.2,4.0
F1,2017-09-30,Guingamp,Toulouse,1581.08,1585.2,3.0,6.0,1.0,4.0,1.0,1.0,D,1.0,1.0,D,6.0,11.0,4.0,2.0,17.0,18.0,6.0,4.0,1.0,2.0,0.0,0.0,1.91,3.4,4.33
F1,2017-09-30,Nantes,Metz,1598.79,1504.12,9.0,13.0,3.0,3.0,1.0,0.0,H,1.0,0.0,H,15.0,9.0,6.0,1.0,14.0,9.0,4.0,4.0,2.0,4.0,0.0,1.0,1.67,3.5,6.0
F1,2017-09-30,Paris SG,Bordeaux,1904.09,1661.99,7.0,13.0,7.0,11.0,6.0,2.0,H,5.0,1.0,H,11.0,17.0,9.0,6.0,10.0,18.0,1.0,5.0,1.0,2.0,0.0,0.0,1.14,9.0,15.0
F1,2017-09-30,Rennes,Caen,1603.31,1542.18,4.0,5.0,6.0,12.0,0.0,1.0,A,0.0,1.0,A,9.0,10.0,2.0,3.0,14.0,25.0,8.0,3.0,4.0,1.0,0.0,0.0,1.91,3.25,4.5
F1,2017-10-01,Angers,Lyon,1586.14,1710.16,2.0,4.0,4.0,6.0,3.0,3.0,D,1.0,3.0,A,15.0,13.0,4.0,6.0,12.0,14.0,9.0,4.0,2.0,3.0,0.0,1.0,3.25,3.25,2.3
F1,2017-10-01,Nice,Marseille,1715.67,1688.19,7.0,10.0,6.0,7.0,2.0,4.0,A,2.0,3.0,A,19.0,17.0,10.0,9.0,14.0,16.0,9.0,5.0,2.0,3.0,0.0,1.0,2.38,3.4,3.0
F1,2017-10-01,Troyes,St Etienne,1502.81,1639.39,4.0,4.0,5.0,8.0,2.0,1.0,H,1.0,0.0,H,11.0,14.0,7.0,4.0,7.0,17.0,5.0,8.0,3.0,1.0,1.0,1.0,3.3,3.2,2.3
F1,2017-10-13,Lyon,Monaco,1710.16,1836.82,2.0,6.0,7.0,10.0,3.0,2.0,H,2.0,2.0,D,22.0,14.0,7.0,7.0,9.0,15.0,7.0,5.0,4.0,1.0,0.0,0.0,2.1,3.75,3.3
F1,2017-10-14,Caen,Angers,1547.59,1586.14,6.0,12.0,2.0,4.0,0.0,2.0,A,0.0,0.0,D,22.0,12.0,5.0,4.0,12.0,18.0,4.0,4.0,1.0,4.0,0.0,0.0,2.5,3.1,3.1
F1,2017-10-14,Dijon,Paris SG,1523.29,1911.46,2.0,5.0,7.0,13.0,1.0,2.0,A,0.0,0.0,D,15.0,18.0,5.0,8.0,10.0,13.0,5.0,9.0,3.0,4.0,0.0,0.0,21.0,9.0,1.13
F1,2017-10-14,Guingamp,Rennes,1573.3,1582.33,4.0,7.0,1.0,4.0,2.0,0.0,H,0.0,0.0,D,16.0,11.0,9.0,0.0,19.0,15.0,6.0,5.0,3.0,6.0,0.0,1.0,2.15,3.3,3.5
F1,2017-10-14,Lille,Troyes,1586.16,1502.81,1.0,2.0,6.0,7.0,2.0,2.0,D,1.0,1.0,D,16.0,10.0,6.0,2.0,16.0,12.0,3.0,1.0,1.0,2.0,1.0,0.0,1.55,3.8,6.5
F1,2017-10-14,St Etienne,Metz,1639.39,1496.28,4.0,5.0,3.0,3.0,3.0,1.0,H,0.0,1.0,A,20.0,10.0,5.0,2.0,10.0,16.0,12.0,5.0,2.0,1.0,0.0,0.0,1.53,4.0,7.0
F1,2017-10-14,Toulouse,Amiens,1567.95,1463.54,1.0,5.0,3.0,6.0,1.0,0.0,H,1.0,0.0,H,16.0,7.0,6.0,2.0,14.0,21.0,3.0,0.0,1.0,5.0,0.0,1.0,1.73,3.5,5.0
F1,2017-10-15,Bordeaux,Nantes,1666.2,1608.75,6.0,10.0,9.0,13.0,1.0,1.0,D,0.0,1.0,A,18.0,14.0,3.0,4.0,13.0,15.0,6.0,2.0,3.0,2.0,0.0,0.0,1.67,3.5,6.0
F1,2017-10-15,Montpellier,Nice,1558.4,1701.08,5.0,5.0,4.0,7.0,2.0,0.0,H,0.0,0.0,D,14.0,15.0,4.0,8.0,14.0,15.0,4.0,7.0,3.0,1.0,0.0,0.0,2.4,3.2,3.1
F1,2017-10-15,Strasbourg,Marseille,1471.77,1702.77,1.0,1.0,9.0,9.0,3.0,3.0,D,1.0,1.0,D,19.0,20.0,9.0,7.0,14.0,9.0,4.0,4.0,3.0,3.0,0.0,0.0,4.2,3.4,1.91
F1,2017-10-20,St Etienne,Montpellier,1634.38,1558.4,4.0,8.0,5.0,8.0,0.0,1.0,A,0.0,1.0,A,21.0,15.0,4.0,4.0,25.0,17.0,6.0,2.0,2.0,3.0,0.0,0.0,2.14,3.25,3.6
F1,2017-10-21,Amiens,Bordeaux,1459.38,1666.2,0.0,6.0,4.0,8.0,1.0,0.0,H,0.0,0.0,D,13.0,14.0,4.0,4.0,12.0,13.0,4.0,3.0,3.0,1.0,0.0,0.0,5.5,3.79,1.64
F1,2017-10-21,Angers,Toulouse,1600.2,1572.11,5.0,6.0,4.0,5.0,0.0,1.0,A,0.0,1.0,A,14.0,3.0,4.0,1.0,11.0,16.0,4.0,2.0,2.0,4.0,0.0,0.0,2.0,3.39,4.0
F1,2017-10-21,Metz,Dijon,1491.11,1521.58,0.0,3.0,2.0,2.0,1.0,2.0,A,1.0,1.0,D,15.0,8.0,5.0,6.0,11.0,15.0,2.0,5.0,1.0,2.0,1.0,0.0,2.75,3.29,2.62
F1,2017-10-21,Monaco,Caen,1827.39,1535.3,4.0,7.0,6.0,9.0,2.0,0.0,H,1.0,0.0,H,15.0,8.0,6.0,1.0,12.0,17.0,7.0,7.0,3.0,2.0,0.0,0.0,1.33,5.0,10.0
F1,2017-10-21,Nantes,Guingamp,1608.75,1582.66,7.0,13.0,4.0,7.0,2.0,1.0,H,1.0,0.0,H,9.0,10.0,3.0,4.0,13.0,12.0,3.0,6.0,3.0,1.0,0.0,0.0,2.1,3.29,3.75
F1,2017-10-21,Rennes,Lille,1572.96,1582.41,1.0,4.0,1.0,3.0,1.0,0.0,H,1.0,0.0,H,9.0,7.0,6.0,1.0,13.0,17.0,2.0,6.0,1.0,2.0,0.0,1.0,2.14,3.29,3.5
F1,2017-10-22,Marseille,Paris SG,1702.77,1913.17,7.0,10.0,7.0,13.0,2.0,2.0,D,1.0,1.0,D,11.0,7.0,3.0,3.0,18.0,14.0,3.0,4.0,4.0,3.0,0.0,1.0,6.5,5.0,1.44
F1,2017-10-22,Nice,Strasbourg,1701.08,1471.77,1.0,7.0,2.0,2.0,1.0,2.0,A,0.0,1.0,A,14.0,15.0,9.0,6.0,5.0,5.0,9.0,1.0,0.0,1.0,0.0,1.0,1.57,4.0,6.0
F1,2017-10-22,Troyes,Lyon,1516.75,1717.83,7.0,8.0,5.0,8.0,0.0,5.0,A,0.0,1.0,A,9.0,14.0,3.0,10.0,12.0,13.0,4.0,3.0,2.0,2.0,1.0,0.0,5.0,4.0,1.66
F1,2017-10-27,Paris SG,Nice,1913.17,1701.08,7.0,11.0,0.0,4.0,3.0,0.0,H,2.0,0.0,H,16.0,8.0,8.0,1.0,10.0,9.0,8.0,2.0,0.0,0.0,0.0,0.0,1.14,9.0,17.0
F1,2017-10-28,Bordeaux,Monaco,1666.2,1827.39,1.0,7.0,4.0,10.0,0.0,2.0,A,0.0,0.0,D,12.0,12.0,4.0,5.0,22.0,12.0,6.0,2.0,2.0,0.0,0.0,0.0,2.5,3.39,2.79
F1,2017-10-28,Caen,Troyes,1535.3,1516.75,3.0,6.0,4.0,7.0,1.0,0.0,H,1.0,0.0,H,16.0,8.0,3.0,3.0,12.0,13.0,6.0,6.0,1.0,3.0,0.0,0.0,1.66,3.6,5.75
F1,2017-10-28,Dijon,Nantes,1521.58,1608.75,4.0,5.0,7.0,13.0,1.0,0.0,H,1.0,0.0,H,6.0,10.0,1.0,0.0,15.0,19.0,1.0,5.0,3.0,2.0,0.0,0.0,2.6,3.1,2.89
F1,2017-10-28,Guingamp,Amiens,1582.66,1459.38,4.0,7.0,3.0,6.0,1.0,1.0,D,1.0,1.0,D,12.0,7.0,4.0,2.0,16.0,20.0,5.0,5.0,1.0,5.0,0.0,1.0,1.66,3.5,6.0
F1,2017-10-28,Montpellier,Rennes,1558.4,1572.96,7.0,11.0,3.0,4.0,0.0,1.0,A,0.0,0.0,D,9.0,7.0,4.0,2.0,15.0,17.0,4.0,1.0,4.0,2.0,0.0,0.0,2.04,3.1,4.09
F1,2017-10-28,Strasbourg,Angers,1471.77,1600.2,5.0,5.0,4.0,5.0,2.0,2.0,D,1.0,0.0,H,14.0,5.0,6.0,2.0,10.0,12.0,4.0,2.0,3.0,2.0,0.0,0.0,2.7,3.1,2.79
F1,2017-10-29,Lille,Marseille,1582.41,1702.77,1.0,2.0,5.0,11.0,0.0,1.0,A,0.0,1.0,A,18.0,10.0,7.0,3.0,18.0,17.0,11.0,4.0,2.0,3.0,0.0,0.0,3.39,3.25,2.25
F1,2017-10-29,Lyon,Metz,1717.83,1491.11,7.0,8.0,0.0,3.0,2.0,0.0,H,2.0,0.0,H,12.0,7.0,4.0,4.0,13.0,17.0,3.0,2.0,0.0,3.0,0.0,0.0,1.18,7.5,15.0
F1,2017-10-29,Toulouse,St Etienne,1572.11,1634.38,7.0,7.0,3.0,7.0,0.0,0.0,D,0.0,0.0,D,11.0,4.0,4.0,2.0,16.0,19.0,7.0,1.0,2.0,3.0,0.0,0.0,2.2,3.1,3.6
F1,2017-11-03,Rennes,Bordeaux,1588.74,1643.0,6.0,7.0,1.0,4.0,1.0,0.0,H,1.0,0.0,H,6.0,6.0,2.0,0.0,14.0,26.0,8.0,0.0,2.0,5.0,0.0,0.0,3.25,3.25,2.29
F1,2017-11-04,Angers,Paris SG,1587.97,1921.5,4.0,6.0,7.0,11.0,0.0,5.0,A,0.0,3.0,A,9.0,15.0,3.0,7.0,8.0,13.0,2.0,4.0,1.0,3.0,0.0,0.0,15.0,7.0,1.19
F1,2017-11-04,Monaco,Guingamp,1823.55,1571.73,6.0,10.0,4.0,5.0,6.0,0.0,H,4.0,0.0,H,18.0,12.0,9.0,3.0,17.0,9.0,4.0,1.0,1.0,1.0,0.0,0.0,1.44,4.75,7.0
F1,2017-11-04,Montpellier,Amiens,1573.95,1474.96,6.0,8.0,4.0,4.0,1.0,1.0,D,0.0,0.0,D,10.0,12.0,3.0,1.0,11.0,12.0,3.0,2.0,2.0,1.0,0.0,0.0,1.75,3.39,5.5
F1,2017-11-04,Nantes,Toulouse,1608.51,1581.41,4.0,10.0,7.0,8.0,2.0,1.0,H,1.0,0.0,H,11.0,10.0,6.0,3.0,20.0,16.0,9.0,4.0,2.0,4.0,0.0,0.0,2.0,3.1,4.33
F1,2017-11-04,Troyes,Strasbourg,1500.67,1490.76,1.0,7.0,5.0,6.0,3.0,0.0,H,0.0,0.0,D,13.0,10.0,6.0,2.0,18.0,8.0,4.0,1.0,3.0,1.0,0.0,1.0,2.75,3.29,2.62
F1,2017-11-05,Marseille,Caen,1710.54,1538.27,5.0,11.0,3.0,9.0,5.0,0.0,H,1.0,0.0,H,28.0,11.0,11.0,3.0,5.0,9.0,13.0,6.0,0.0,0.0,0.0,0.0,1.53,4.0,7.0
F1,2017-11-05,Metz,Lille,1479.07,1568.57,0.0,0.0,1.0,1.0,0.0,3.0,A,0.0,1.0,A,19.0,14.0,5.0,7.0,13.0,19.0,9.0,0.0,3.0,2.0,0.0,0.0,3.29,3.2,2.29
F1,2017-11-05,Nice,Dijon,1657.1,1538.67,0.0,1.0,6.0,8.0,1.0,0.0,H,1.0,0.0,H,11.0,13.0,4.0,4.0,14.0,9.0,6.0,4.0,1.0,1.0,1.0,0.0,1.72,3.6,5.25
F1,2017-11-05,St Etienne,Lyon,1622.92,1740.43,4.0,5.0,9.0,11.0,0.0,5.0,A,0.0,2.0,A,13.0,13.0,2.0,10.0,22.0,17.0,5.0,1.0,1.0,2.0,1.0,0.0,4.2,3.39,1.95
F1,2017-11-17,Amiens,Monaco,1477.25,1825.7,5.0,5.0,9.0,10.0,1.0,1.0,D,1.0,0.0,H,10.0,15.0,2.0,4.0,15.0,15.0,4.0,4.0,2.0,3.0,0.0,0.0,5.25,3.79,1.66
F1,2017-11-17,Lille,St Etienne,1579.53,1606.34,3.0,4.0,1.0,4.0,3.0,1.0,H,1.0,1.0,D,12.0,8.0,5.0,3.0,10.0,16.0,8.0,10.0,2.0,3.0,0.0,0.0,2.1,3.25,3.75
F1,2017-11-18,Dijon,Troyes,1532.71,1509.1,6.0,7.0,3.0,7.0,3.0,1.0,H,1.0,1.0,D,15.0,11.0,8.0,4.0,13.0,12.0,4.0,4.0,1.0,1.0,0.0,0.0,1.9,3.39,4.33
F1,2017-11-18,Guingamp,Angers,1565.13,1580.52,1.0,5.0,1.0,5.0,1.0,1.0,D,1.0,1.0,D,9.0,10.0,2.0,2.0,15.0,18.0,1.0,7.0,4.0,4.0,1.0,0.0,2.29,3.2,3.29
F1,2017-11-18,Paris SG,Nantes,1924.8,1612.42,7.0,13.0,6.0,10.0,4.0,1.0,H,2.0,0.0,H,23.0,8.0,10.0,1.0,9.0,17.0,9.0,2.0,2.0,3.0,0.0,0.0,1.11,10.0,21.0
F1,2017-11-18,Strasbourg,Rennes,1478.17,1594.48,4.0,6.0,9.0,9.0,2.0,1.0,H,1.0,0.0,H,11.0,13.0,5.0,4.0,18.0,8.0,6.0,7.0,1.0,0.0,0.0,1.0,2.29,3.2,3.29
F1,2017-11-18,Toulouse,Metz,1573.35,1463.96,4.0,8.0,0.0,0.0,0.0,0.0,D,0.0,0.0,D,21.0,12.0,3.0,5.0,16.0,11.0,9.0,4.0,2.0,3.0,0.0,1.0,1.72,3.6,5.25
F1,2017-11-19,Bordeaux,Marseille,1633.11,1704.6,0.0,1.0,7.0,11.0,1.0,1.0,D,1.0,0.0,H,9.0,14.0,3.0,3.0,16.0,14.0,3.0,6.0,4.0,2.0,0.0,0.0,2.29,3.39,3.1
F1,2017-11-19,Caen,Nice,1529.22,1655.97,3.0,6.0,3.0,3.0,1.0,1.0,D,0.0,1.0,A,18.0,12.0,4.0,7.0,10.0,11.0,12.0,3.0,2.0,3.0,0.0,0.0,2.6,3.1,2.89
F1,2017-11-19,Lyon,Montpellier,1761.18,1567.52,9.0,13.0,4.0,8.0,0.0,0.0,D,0.0,0.0,D,15.0,15.0,3.0,2.0,11.0,9.0,9.0,6.0,2.0,1.0,0.0,0.0,1.39,4.5,9.0
F1,2017-11-20,Amiens,Lille,1477.25,1579.53,3.0,6.0,6.0,7.0,3.0,0.0,H,1.0,0.0,H,8.0,12.0,4.0,1.0,12.0,10.0,4.0,6.0,3.0,2.0,0.0,0.0,2.7,3.1,2.7
F1,2017-11-24,St Etienne,Strasbourg,1606.34,1478.17,1.0,4.0,4.0,8.0,2.0,2.0,D,1.0,1.0,D,12.0,10.0,6.0,4.0,14.0,10.0,7.0,4.0,4.0,2.0,0.0,0.0,2.0,3.5,3.75
F1,2017-11-25,Caen,Bordeaux,1529.22,1633.11,4.0,4.0,1.0,2.0,1.0,0.0,H,1.0,0.0,H,12.0,10.0,2.0,2.0,13.0,14.0,4.0,8.0,2.0,3.0,0.0,0.0,3.39,3.1,2.29
F1,2017-11-25,Dijon,Toulouse,1532.71,1573.35,6.0,9.0,2.0,8.0,3.0,1.0,H,1.0,0.0,H,13.0,12.0,5.0,4.0,11.0,16.0,6.0,2.0,3.0,2.0,0.0,0.0,2.25,3.2,3.39
F1,2017-11-25,Metz,Amiens,1463.96,1477.25,1.0,1.0,5.0,9.0,0.0,2.0,A,0.0,1.0,A,21.0,11.0,6.0,2.0,17.0,8.0,8.0,1.0,1.0,0.0,0.0,0.0,2.37,3.2,3.2
F1,2017-11-25,Montpellier,Lille,1567.52,1579.53,2.0,8.0,6.0,6.0,3.0,0.0,H,3.0,0.0,H,18.0,10.0,6.0,4.0,13.0,14.0,6.0,7.0,1.0,6.0,0.0,0.0,2.14,3.2,3.7
F1,2017-11-25,Rennes,Nantes,1594.48,1612.42,6.0,9.0,3.0,7.0,2.0,1.0,H,0.0,0.0,D,15.0,10.0,5.0,1.0,17.0,14.0,8.0,2.0,3.0,6.0,0.0,1.0,2.39,3.1,3.2
F1,2017-11-25,Troyes,Angers,1509.1,1580.52,3.0,4.0,2.0,5.0,3.0,0.0,H,2.0,0.0,H,9.0,7.0,3.0,3.0,15.0,15.0,4.0,3.0,2.0,4.0,0.0,0.0,3.2,3.2,2.37
F1,2017-11-26,Marseille,Guingamp,1704.6,1565.13,7.0,9.0,2.0,5.0,1.0,0.0,H,1.0,0.0,H,21.0,4.0,7.0,1.0,11.0,13.0,6.0,2.0,2.0,2.0,0.0,0.0,1.5,4.33,6.5
F1,2017-11-26,Monaco,Paris SG,1825.7,1924.8,7.0,10.0,9.0,13.0,1.0,2.0,A,0.0,1.0,A,8.0,18.0,2.0,5.0,17.0,13.0,1.0,4.0,3.0,4.0,0.0,0.0,5.25,4.75,1.53
F1,2017-11-26,Nice,Lyon,1655.97,1761.18,4.0,4.0,7.0,13.0,0.0,5.0,A,0.0,4.0,A,10.0,11.0,3.0,7.0,19.0,13.0,2.0,2.0,5.0,3.0,1.0,0.0,3.29,3.39,2.2
F1,2017-11-28,Amiens,Dijon,1477.25,1532.71,7.0,9.0,6.0,12.0,2.0,1.0,H,1.0,1.0,D,8.0,16.0,5.0,6.0,5.0,14.0,3.0,6.0,0.0,3.0,0.0,0.0,2.37,3.1,3.25
F1,2017-11-28,Bordeaux,St Etienne,1633.11,1606.34,1.0,1.0,1.0,2.0,3.0,0.0,H,2.0,0.0,H,12.0,11.0,6.0,5.0,12.0,19.0,2.0,6.0,1.0,2.0,0.0,0.0,1.83,3.39,4.75
F1,2017-11-28,Strasbourg,Caen,1478.17,1529.22,4.0,8.0,4.0,7.0,0.0,0.0,D,0.0,0.0,D,6.0,15.0,3.0,1.0,13.0,13.0,2.0,3.0,1.0,2.0,0.0,0.0,1.95,3.25,4.2
F1,2017-11-29,Angers,Rennes,1580.52,1594.48,1.0,2.0,6.0,12.0,1.0,2.0,A,1.0,0.0,H,10.0,8.0,4.0,3.0,9.0,11.0,7.0,4.0,0.0,1.0,0.0,0.0,2.1,3.2,3.79
F1,2017-11-29,Guingamp,Montpellier,1565.13,1567.52,1.0,2.0,5.0,8.0,0.0,0.0,D,0.0,0.0,D,10.0,6.0,1.0,4.0,15.0,21.0,8.0,3.0,1.0,3.0,0.0,0.0,2.39,3.1,3.25
F1,2017-11-29,Lyon,Lille,1761.18,1579.53,7.0,13.0,3.0,6.0,1.0,2.0,A,1.0,2.0,A,21.0,7.0,5.0,3.0,8.0,13.0,4.0,2.0,0.0,1.0,0.0,0.0,1.33,5.0,10.0
F1,2017-11-29,Metz,Marseille,1463.96,1704.6,1.0,1.0,7.0,11.0,0.0,3.0,A,0.0,2.0,A,9.0,21.0,4.0,8.0,13.0,8.0,0.0,9.0,1.0,0.0,0.0,0.0,6.5,4.33,1.5
F1,2017-11-29,Nantes,Monaco,1612.42,1825.7,3.0,6.0,4.0,10.0,1.0,0.0,H,0.0,0.0,D,16.0,9.0,5.0,1.0,9.0,12.0,11.0,5.0,0.0,0.0,0.0,0.0,3.75,3.39,2.04
F1,2017-11-29,Paris SG,Troyes,1924.8,1509.1,9.0,13.0,6.0,6.0,2.0,0.0,H,0.0,0.0,D,19.0,6.0,6.0,3.0,14.0,16.0,11.0,1.0,0.0,1.0,0.0,0.0,1.04,17.0,34.0
F1,2017-11-29,Toulouse,Nice,1573.35,1655.97,1.0,5.0,4.0,4.0,1.0,2.0,A,1.0,0.0,H,14.0,8.0,3.0,4.0,16.0,12.0,6.0,4.0,3.0,4.0,1.0,1.0,2.62,3.0,2.89
F1,2017-12-01,Dijon,Bordeaux,1537.41,1627.64,6.0,9.0,4.0,4.0,3.0,2.0,H,1.0,2.0,A,17.0,14.0,5.0,6.0,15.0,14.0,6.0,4.0,2.0,2.0,0.0,0.0,3.1,3.1,2.5
F1,2017-12-02,Lille,Toulouse,1570.98,1544.75,3.0,9.0,1.0,2.0,1.0,0.0,H,0.0,0.0,D,10.0,10.0,3.0,3.0,17.0,18.0,3.0,6.0,2.0,3.0,0.0,0.0,2.04,3.29,3.89
F1,2017-12-02,Monaco,Angers,1773.33,1551.68,1.0,7.0,1.0,2.0,1.0,0.0,H,1.0,0.0,H,5.0,8.0,3.0,3.0,13.0,19.0,5.0,3.0,3.0,3.0,0.0,0.0,1.39,4.75,8.0
F1,2017-12-02,Nice,Metz,1642.51,1442.8,4.0,7.0,1.0,1.0,3.0,1.0,H,1.0,1.0,D,15.0,13.0,7.0,5.0,10.0,17.0,1.0,5.0,0.0,2.0,0.0,0.0,1.44,4.0,8.5
F1,2017-12-02,Rennes,Amiens,1595.14,1513.64,6.0,12.0,9.0,11.0,2.0,0.0,H,0.0,0.0,D,25.0,6.0,5.0,2.0,10.0,7.0,16.0,0.0,1.0,5.0,0.0,0.0,2.0,3.0,4.75
F1,2017-12-02,Strasbourg,Paris SG,1485.24,1931.02,5.0,6.0,9.0,15.0,2.0,1.0,H,1.0,1.0,D,5.0,29.0,2.0,5.0,20.0,5.0,0.0,13.0,4.0,3.0,0.0,0.0,15.0,8.0,1.16
F1,2017-12-02,Troyes,Guingamp,1508.29,1552.73,3.0,6.0,2.0,3.0,0.0,1.0,A,0.0,1.0,A,14.0,11.0,3.0,5.0,13.0,9.0,5.0,3.0,2.0,2.0,1.0,1.0,2.62,3.1,2.89
F1,2017-12-03,Caen,Lyon,1534.35,1753.17,5.0,8.0,4.0,10.0,1.0,2.0,A,0.0,1.0,A,19.0,11.0,4.0,4.0,18.0,15.0,9.0,4.0,1.0,3.0,0.0,0.0,4.33,3.6,1.85
F1,2017-12-03,Montpellier,Marseille,1580.03,1703.96,5.0,6.0,7.0,13.0,1.0,1.0,D,1.0,1.0,D,13.0,6.0,4.0,2.0,9.0,23.0,1.0,3.0,4.0,2.0,0.0,0.0,3.39,3.29,2.2
F1,2017-12-03,St Etienne,Nantes,1575.37,1607.75,1.0,2.0,3.0,6.0,1.0,1.0,D,1.0,0.0,H,13.0,22.0,4.0,6.0,18.0,10.0,5.0,9.0,4.0,1.0,0.0,0.0,2.29,3.0,3.6
F1,2017-12-08,Bordeaux,Strasbourg,1627.64,1485.24,3.0,4.0,5.0,8.0,0.0,3.0,A,0.0,2.0,A,12.0,10.0,2.0,4.0,14.0,10.0,10.0,5.0,3.0,1.0,0.0,0.0,1.64,3.75,5.75
F1,2017-12-09,Angers,Montpellier,1551.68,1580.03,0.0,1.0,5.0,7.0,1.0,1.0,D,0.0,0.0,D,13.0,10.0,4.0,6.0,15.0,10.0,5.0,4.0,3.0,2.0,0.0,0.0,2.39,3.1,3.25
F1,2017-12-09,Guingamp,Dijon,1552.73,1537.41,4.0,5.0,6.0,9.0,4.0,0.0,H,2.0,0.0,H,17.0,8.0,9.0,1.0,5.0,7.0,18.0,2.0,0.0,0.0,0.0,1.0,2.1,3.29,3.75
F1,2017-12-09,Metz,Rennes,1442.8,1595.14,0.0,1.0,9.0,12.0,1.0,1.0,D,1.0,0.0,H,13.0,5.0,6.0,4.0,14.0,11.0,5.0,6.0,3.0,3.0,0.0,0.0,3.7,3.0,2.25
F1,2017-12-09,Monaco,Troyes,1773.33,1508.29,3.0,7.0,3.0,6.0,3.0,2.0,H,0.0,1.0,A,19.0,5.0,6.0,3.0,14.0,22.0,16.0,1.0,4.0,5.0,0.0,0.0,1.3,5.5,10.0
F1,2017-12-09,Paris SG,Lille,1931.02,1570.98,6.0,12.0,6.0,9.0,3.0,1.0,H,1.0,0.0,H,14.0,7.0,5.0,2.0,14.0,19.0,5.0,4.0,2.0,2.0,0.0,0.0,1.12,9.0,21.0
F1,2017-12-09,Toulouse,Caen,1544.75,1534.35,0.0,1.0,4.0,5.0,2.0,0.0,H,0.0,0.0,D,10.0,11.0,3.0,3.0,15.0,10.0,4.0,5.0,1.0,2.0,0.0,0.0,2.25,2.89,3.79
F1,2017-12-10,Amiens,Lyon,1513.64,1753.17,6.0,10.0,6.0,10.0,1.0,2.0,A,1.0,0.0,H,14.0,12.0,6.0,3.0,11.0,15.0,2.0,2.0,1.0,2.0,0.0,0.0,5.5,4.0,1.61
F1,2017-12-10,Marseille,St Etienne,1703.96,1575.37,7.0,11.0,2.0,2.0,3.0,0.0,H,1.0,0.0,H,18.0,5.0,7.0,1.0,13.0,10.0,7.0,2.0,1.0,2.0,0.0,1.0,1.5,4.2,7.0
F1,2017-12-10,Nantes,Nice,1607.75,1642.51,4.0,7.0,6.0,10.0,1.0,2.0,A,1.0,1.0,D,22.0,12.0,4.0,5.0,13.0,12.0,5.0,3.0,1.0,4.0,0.0,0.0,2.1,3.1,3.89
F1,2017-12-15,St Etienne,Monaco,1555.3,1754.19,1.0,2.0,6.0,7.0,0.0,4.0,A,0.0,2.0,A,5.0,22.0,3.0,9.0,11.0,11.0,4.0,4.0,1.0,0.0,1.0,0.0,4.75,3.75,1.75
F1,2017-12-16,Caen,Guingamp,1508.61,1560.45,1.0,5.0,7.0,8.0,0.0,0.0,D,0.0,0.0,D,11.0,8.0,2.0,5.0,20.0,13.0,5.0,4.0,2.0,4.0,0.0,0.0,2.14,3.25,3.6
F1,2017-12-16,Dijon,Lille,1521.64,1562.52,3.0,9.0,6.0,6.0,3.0,0.0,H,3.0,0.0,H,13.0,9.0,8.0,5.0,14.0,9.0,3.0,4.0,1.0,1.0,0.0,0.0,2.25,3.2,3.39
F1,2017-12-16,Montpellier,Metz,1569.94,1429.34,3.0,7.0,1.0,2.0,1.0,3.0,A,1.0,1.0,D,9.0,6.0,3.0,4.0,10.0,21.0,3.0,2.0,1.0,2.0,0.0,0.0,1.44,4.2,8.0
F1,2017-12-16,Rennes,Paris SG,1586.28,1897.19,7.0,10.0,6.0,12.0,1.0,4.0,A,0.0,2.0,A,14.0,21.0,2.0,10.0,16.0,10.0,4.0,11.0,4.0,3.0,1.0,1.0,11.0,7.0,1.22
F1,2017-12-16,Strasbourg,Toulouse,1510.29,1535.01,7.0,11.0,3.0,4.0,2.0,1.0,H,1.0,1.0,D,9.0,11.0,5.0,3.0,17.0,15.0,5.0,5.0,2.0,4.0,0.0,0.0,2.1,3.2,3.7
F1,2017-12-16,Troyes,Amiens,1485.45,1490.76,0.0,3.0,3.0,9.0,1.0,0.0,H,0.0,0.0,D,19.0,11.0,7.0,3.0,18.0,14.0,9.0,0.0,4.0,2.0,0.0,0.0,2.29,3.1,3.39
F1,2017-12-17,Lyon,Marseille,1742.99,1694.03,6.0,10.0,7.0,11.0,2.0,0.0,H,1.0,0.0,H,8.0,19.0,5.0,5.0,10.0,19.0,5.0,10.0,0.0,2.0,0.0,0.0,2.04,3.6,3.5
F1,2017-12-17,Nantes,Angers,1587.0,1535.87,4.0,4.0,1.0,2.0,1.0,0.0,H,1.0,0.0,H,10.0,7.0,4.0,0.0,9.0,15.0,3.0,6.0,3.0,2.0,1.0,0.0,2.04,3.2,4.0
F1,2017-12-17,Nice,Bordeaux,1632.43,1584.75,9.0,10.0,3.0,4.0,1.0,0.0,H,1.0,0.0,H,11.0,10.0,3.0,1.0,10.0,15.0,2.0,4.0,1.0,2.0,0.0,0.0,2.29,3.25,3.2
F1,2017-12-20,Amiens,Nantes,1490.76,1587.0,0.0,6.0,4.0,7.0,0.0,1.0,A,0.0,0.0,D,12.0,14.0,5.0,5.0,17.0,13.0,5.0,2.0,3.0,2.0,0.0,0.0,2.79,3.1,2.7
F1,2017-12-20,Angers,Dijon,1535.87,1521.64,1.0,1.0,6.0,9.0,2.0,1.0,H,1.0,1.0,D,24.0,16.0,11.0,3.0,16.0,18.0,7.0,3.0,3.0,4.0,0.0,1.0,2.14,3.25,3.6
F1,2017-12-20,Bordeaux,Montpellier,1584.75,1569.94,0.0,3.0,2.0,6.0,0.0,2.0,A,0.0,0.0,D,8.0,14.0,1.0,6.0,14.0,13.0,4.0,2.0,3.0,3.0,0.0,0.0,2.1,3.2,3.79
F1,2017-12-20,Guingamp,St Etienne,1560.45,1555.3,7.0,8.0,1.0,2.0,2.0,1.0,H,0.0,0.0,D,27.0,3.0,6.0,3.0,13.0,13.0,10.0,0.0,3.0,2.0,0.0,1.0,1.9,3.25,4.5
F1,2017-12-20,Lille,Nice,1562.52,1632.43,3.0,6.0,9.0,12.0,1.0,1.0,D,0.0,1.0,A,5.0,8.0,1.0,3.0,18.0,11.0,3.0,4.0,2.0,4.0,0.0,0.0,2.54,3.2,2.89
F1,2017-12-20,Marseille,Troyes,1694.03,1485.45,4.0,10.0,3.0,6.0,3.0,1.0,H,1.0,1.0,D,20.0,8.0,8.0,3.0,11.0,13.0,8.0,2.0,1.0,0.0,0.0,0.0,1.3,5.5,10.0
F1,2017-12-20,Metz,Strasbourg,1429.34,1510.29,4.0,4.0,9.0,11.0,3.0,0.0,H,0.0,0.0,D,26.0,7.0,9.0,2.0,17.0,13.0,10.0,8.0,4.0,1.0,0.0,0.0,3.0,3.29,2.45
F1,2017-12-20,Monaco,Rennes,1754.19,1586.28,9.0,9.0,4.0,10.0,2.0,1.0,H,1.0,0.0,H,14.0,8.0,4.0,2.0,21.0,19.0,8.0,1.0,3.0,2.0,0.0,0.0,1.39,4.75,8.0
F1,2017-12-20,Paris SG,Caen,1897.19,1508.61,6.0,12.0,1.0,5.0,3.0,1.0,H,1.0,0.0,H,21.0,9.0,7.0,4.0,7.0,12.0,5.0,6.0,2.0,2.0,0.0,0.0,1.07,12.0,29.0
F1,2017-12-20,Toulouse,Lyon,1535.01,1742.99,3.0,3.0,9.0,12.0,1.0,2.0,A,0.0,1.0,A,17.0,14.0,5.0,10.0,16.0,11.0,8.0,4.0,3.0,2.0,0.0,0.0,4.33,3.79,1.8
F1,2018-01-12,Strasbourg,Guingamp,1503.46,1566.9,6.0,10.0,7.0,11.0,0.0,2.0,A,0.0,2.0,A,14.0,10.0,3.0,5.0,14.0,14.0,7.0,7.0,1.0,2.0,0.0,0.0,2.5,3.25,2.87
F1,2018-01-13,Caen,Lille,1506.99,1550.41,1.0,2.0,1.0,7.0,0.0,1.0,A,0.0,1.0,A,15.0,12.0,7.0,5.0,15.0,11.0,5.0,3.0,3.0,3.0,1.0,1.0,2.6,2.89,3.1
F1,2018-01-13,Dijon,Metz,1527.9,1461.65,3.0,6.0,7.0,7.0,1.0,1.0,D,1.0,0.0,H,12.0,12.0,7.0,6.0,10.0,15.0,6.0,7.0,2.0,2.0,1.0,0.0,1.85,3.5,4.33
F1,2018-01-13,Montpellier,Monaco,1566.56,1766.54,4.0,6.0,9.0,12.0,0.0,0.0,D,0.0,0.0,D,16.0,13.0,4.0,6.0,15.0,10.0,10.0,6.0,5.0,1.0,0.0,0.0,3.5,3.25,2.2
F1,2018-01-13,Nice,Amiens,1637.18,1477.04,7.0,13.0,0.0,3.0,1.0,0.0,H,0.0,0.0,D,20.0,9.0,7.0,3.0,10.0,13.0,7.0,1.0,1.0,0.0,0.0,0.0,1.6,3.6,6.5
F1,2018-01-13,Rennes,Marseille,1578.88,1690.35,1.0,7.0,6.0,10.0,0.0,3.0,A,0.0,2.0,A,13.0,18.0,3.0,5.0,8.0,18.0,3.0,2.0,1.0,2.0,0.0,0.0,4.0,3.29,2.0
F1,2018-01-13,Troyes,Bordeaux,1488.36,1564.28,3.0,3.0,0.0,3.0,0.0,1.0,A,0.0,1.0,A,8.0,10.0,3.0,4.0,15.0,13.0,2.0,2.0,4.0,0.0,0.0,0.0,3.25,3.1,2.37
F1,2018-01-14,Lyon,Angers,1754.54,1536.9,9.0,12.0,4.0,4.0,1.0,1.0,D,0.0,1.0,A,19.0,9.0,7.0,2.0,11.0,18.0,12.0,1.0,2.0,4.0,0.0,1.0,1.44,4.5,7.5
F1,2018-01-14,Nantes,Paris SG,1599.57,1903.1,6.0,10.0,9.0,12.0,0.0,1.0,A,0.0,1.0,A,13.0,20.0,3.0,3.0,17.0,11.0,2.0,5.0,3.0,2.0,1.0,0.0,12.0,6.0,1.25
F1,2018-01-14,St Etienne,Toulouse,1539.62,1523.83,0.0,1.0,3.0,3.0,2.0,0.0,H,1.0,0.0,H,11.0,19.0,5.0,8.0,14.0,22.0,4.0,10.0,1.0,3.0,0.0,0.0,2.1,3.0,4.0
F1,2018-01-16,Bordeaux,Caen,1572.01,1498.18,3.0,3.0,1.0,1.0,0.0,2.0,A,0.0,0.0,D,13.0,10.0,5.0,3.0,13.0,12.0,7.0,2.0,3.0,5.0,1.0,0.0,1.8,3.39,5.0
F1,2018-01-16,Marseille,Strasbourg,1702.47,1491.87,6.0,10.0,3.0,9.0,2.0,0.0,H,0.0,0.0,D,15.0,4.0,7.0,2.0,6.0,15.0,7.0,4.0,2.0,3.0,0.0,0.0,1.28,5.5,11.0
F1,2018-01-16,Monaco,Nice,1762.91,1640.26,7.0,13.0,7.0,13.0,2.0,2.0,D,1.0,0.0,H,6.0,9.0,3.0,5.0,10.0,12.0,6.0,3.0,4.0,4.0,0.0,0.0,1.7,3.79,5.0
F1,2018-01-17,Amiens,Montpellier,1473.95,1570.19,0.0,0.0,4.0,6.0,1.0,1.0,D,0.0,1.0,A,13.0,16.0,3.0,5.0,10.0,6.0,2.0,3.0,2.0,1.0,0.0,0.0,3.75,3.0,2.25
F1,2018-01-17,Angers,Troyes,1543.64,1480.63,4.0,5.0,3.0,3.0,3.0,1.0,H,1.0,0.0,H,12.0,8.0,5.0,2.0,15.0,17.0,8.0,2.0,0.0,5.0,0.0,0.0,1.8,3.5,4.75
F1,2018-01-17,Guingamp,Lyon,1578.49,1747.8,7.0,13.0,7.0,13.0,0.0,2.0,A,0.0,1.0,A,8.0,21.0,3.0,13.0,20.0,16.0,3.0,11.0,2.0,2.0,0.0,0.0,3.39,3.29,2.2
F1,2018-01-17,Lille,Rennes,1559.22,1566.75,4.0,7.0,0.0,4.0,1.0,2.0,A,1.0,0.0,H,11.0,22.0,3.0,12.0,15.0,4.0,2.0,9.0,1.0,0.0,0.0,0.0,2.14,3.29,3.6
F1,2018-01-17,Metz,St Etienne,1465.33,1548.24,7.0,8.0,3.0,4.0,3.0,0.0,H,2.0,0.0,H,19.0,7.0,12.0,4.0,14.0,11.0,6.0,3.0,1.0,4.0,0.0,1.0,2.5,3.2,3.0
F1,2018-01-17,Paris SG,Dijon,1905.95,1524.23,9.0,12.0,4.0,7.0,8.0,0.0,H,4.0,0.0,H,23.0,6.0,14.0,1.0,8.0,16.0,9.0,4.0,0.0,1.0,0.0,0.0,1.07,13.0,25.0
F1,2018-01-17,Toulouse,Nantes,1515.21,1596.71,0.0,3.0,6.0,7.0,1.0,1.0,D,0.0,1.0,A,15.0,11.0,3.0,2.0,17.0,16.0,3.0,2.0,2.0,4.0,0.0,0.0,2.6,3.0,3.0
F1,2018-01-19,Caen,Marseille,1498.18,1702.47,3.0,4.0,9.0,12.0,0.0,2.0,A,0.0,0.0,D,5.0,12.0,2.0,4.0,18.0,15.0,1.0,4.0,2.0,3.0,0.0,0.0,4.75,3.6,1.75
F1,2018-01-20,Amiens,Guingamp,1473.95,1578.49,1.0,1.0,6.0,10.0,3.0,1.0,H,1.0,1.0,D,13.0,6.0,6.0,1.0,9.0,11.0,7.0,3.0,0.0,2.0,0.0,0.0,3.1,3.1,2.45
F1,2018-01-20,Montpellier,Toulouse,1570.19,1515.21,5.0,6.0,1.0,4.0,2.0,1.0,H,1.0,1.0,D,22.0,9.0,5.0,3.0,18.0,13.0,5.0,4.0,1.0,4.0,0.0,1.0,1.72,3.39,5.75
F1,2018-01-20,Nantes,Bordeaux,1596.71,1572.01,4.0,7.0,3.0,3.0,0.0,1.0,A,0.0,1.0,A,14.0,9.0,4.0,3.0,19.0,11.0,3.0,5.0,1.0,2.0,0.0,0.0,1.9,3.29,4.5
F1,2018-01-20,Rennes,Angers,1566.75,1543.64,3.0,4.0,7.0,8.0,1.0,0.0,H,0.0,0.0,D,9.0,9.0,2.0,3.0,13.0,17.0,5.0,4.0,3.0,5.0,0.0,1.0,2.1,3.1,3.89
F1,2018-01-20,Strasbourg,Dijon,1491.87,1524.23,0.0,6.0,1.0,4.0,3.0,2.0,H,2.0,2.0,D,16.0,12.0,9.0,5.0,17.0,22.0,5.0,1.0,1.0,1.0,0.0,0.0,2.0,3.29,4.0
F1,2018-01-20,Troyes,Lille,1480.63,1559.22,0.0,3.0,4.0,4.0,1.0,0.0,H,1.0,0.0,H,7.0,9.0,2.0,1.0,13.0,10.0,5.0,6.0,0.0,2.0,0.0,0.0,2.7,3.0,2.89
F1,2018-01-21,Lyon,Paris SG,1747.8,1905.95,7.0,13.0,9.0,15.0,2.0,1.0,H,1.0,1.0,D,11.0,11.0,6.0,3.0,16.0,11.0,3.0,7.0,2.0,3.0,0.0,1.0,7.5,5.0,1.39
F1,2018-01-21,Monaco,Metz,1762.91,1465.33,5.0,11.0,7.0,11.0,3.0,1.0,H,1.0,0.0,H,13.0,3.0,6.0,2.0,11.0,15.0,6.0,3.0,1.0,1.0,0.0,1.0,1.33,5.25,8.5
F1,2018-01-21,Nice,St Etienne,1640.26,1548.24,5.0,11.0,3.0,3.0,1.0,0.0,H,1.0,0.0,H,7.0,9.0,2.0,2.0,15.0,23.0,4.0,4.0,3.0,1.0,0.0,0.0,1.57,3.79,6.5
F1,2018-01-26,Dijon,Rennes,1524.23,1566.75,1.0,4.0,6.0,6.0,2.0,1.0,H,1.0,1.0,D,14.0,13.0,4.0,4.0,10.0,17.0,3.0,5.0,3.0,2.0,0.0,0.0,2.54,3.39,2.75
F1,2018-01-27,Angers,Amiens,1543.64,1473.95,4.0,7.0,4.0,4.0,1.0,0.0,H,1.0,0.0,H,16.0,3.0,7.0,0.0,14.0,19.0,5.0,4.0,1.0,3.0,0.0,0.0,1.85,3.29,4.75
F1,2018-01-27,Guingamp,Nantes,1578.49,1596.71,3.0,7.0,1.0,7.0,0.0,3.0,A,0.0,0.0,D,6.0,13.0,0.0,5.0,9.0,17.0,3.0,9.0,2.0,3.0,0.0,0.0,2.39,3.1,3.25
F1,2018-01-27,Metz,Nice,1465.33,1640.26,4.0,10.0,7.0,11.0,2.0,1.0,H,0.0,0.0,D,15.0,13.0,5.0,5.0,26.0,19.0,4.0,2.0,4.0,5.0,0.0,1.0,3.39,3.25,2.25
F1,2018-01-27,Paris SG,Montpellier,1905.95,1570.19,6.0,12.0,5.0,8.0,4.0,0.0,H,2.0,0.0,H,11.0,16.0,7.0,3.0,16.0,11.0,2.0,10.0,1.0,2.0,0.0,0.0,1.14,8.5,17.0
F1,2018-01-27,St Etienne,Caen,1548.24,1498.18,3.0,3.0,3.0,4.0,2.0,1.0,H,1.0,1.0,D,12.0,14.0,4.0,3.0,12.0,17.0,3.0,8.0,2.0,1.0,0.0,0.0,2.04,3.29,3.79
F1,2018-01-27,Toulouse,Troyes,1515.21,1480.63,1.0,1.0,3.0,6.0,1.0,0.0,H,1.0,0.0,H,20.0,1.0,7.0,0.0,11.0,15.0,6.0,2.0,1.0,4.0,0.0,1.0,2.0,3.2,4.2
F1,2018-01-28,Bordeaux,Lyon,1572.01,1747.8,6.0,6.0,7.0,13.0,3.0,1.0,H,3.0,1.0,H,9.0,9.0,4.0,4.0,17.0,12.0,2.0,1.0,3.0,3.0,1.0,0.0,3.6,3.5,2.04
F1,2018-01-28,Lille,Strasbourg,1559.22,1491.87,3.0,4.0,3.0,6.0,2.0,1.0,H,0.0,0.0,D,8.0,11.0,5.0,2.0,5.0,11.0,6.0,2.0,1.0,1.0,0.0,0.0,2.14,3.29,3.5
F1,2018-01-28,Marseille,Monaco,1702.47,1762.91,9.0,12.0,5.0,11.0,2.0,2.0,D,1.0,1.0,D,17.0,9.0,6.0,3.0,20.0,15.0,5.0,7.0,3.0,2.0,0.0,0.0,1.95,3.6,3.79
F1,2018-02-02,Marseille,Metz,1712.24,1488.71,7.0,13.0,6.0,10.0,6.0,3.0,H,3.0,0.0,H,18.0,18.0,10.0,8.0,9.0,17.0,3.0,5.0,1.0,0.0,0.0,0.0,1.25,6.0,12.0
F1,2018-02-03,Amiens,St Etienne,1482.44,1535.3,4.0,4.0,3.0,6.0,0.0,2.0,A,0.0,0.0,D,8.0,16.0,0.0,8.0,10.0,16.0,3.0,4.0,2.0,1.0,0.0,0.0,2.5,3.1,3.1
F1,2018-02-03,Lille,Paris SG,1546.5,1900.86,3.0,7.0,6.0,12.0,0.0,3.0,A,0.0,1.0,A,10.0,19.0,3.0,9.0,11.0,4.0,3.0,9.0,1.0,1.0,0.0,0.0,17.0,7.5,1.16
F1,2018-02-03,Montpellier,Angers,1572.18,1550.03,4.0,8.0,6.0,10.0,2.0,1.0,H,1.0,1.0,D,8.0,8.0,3.0,2.0,10.0,10.0,5.0,1.0,0.0,2.0,0.0,0.0,2.0,3.1,4.33
F1,2018-02-03,Nice,Toulouse,1638.54,1516.1,4.0,8.0,4.0,4.0,0.0,1.0,A,0.0,0.0,D,14.0,6.0,2.0,1.0,14.0,13.0,11.0,1.0,2.0,2.0,0.0,0.0,1.95,3.39,4.2
F1,2018-02-03,Strasbourg,Bordeaux,1490.24,1582.64,3.0,3.0,6.0,9.0,0.0,2.0,A,0.0,1.0,A,9.0,7.0,0.0,4.0,13.0,15.0,7.0,2.0,1.0,4.0,0.0,0.0,3.2,3.0,2.5
F1,2018-02-04,Caen,Nantes,1501.58,1601.13,3.0,3.0,4.0,7.0,3.0,2.0,H,1.0,1.0,D,16.0,14.0,7.0,4.0,11.0,9.0,6.0,4.0,1.0,2.0,0.0,0.0,2.79,2.89,2.87
F1,2018-02-04,Monaco,Lyon,1760.8,1749.24,5.0,9.0,6.0,10.0,3.0,2.0,H,2.0,2.0,D,12.0,13.0,7.0,4.0,18.0,15.0,3.0,7.0,3.0,3.0,1.0,0.0,2.29,3.5,3.0
F1,2018-02-04,Rennes,Guingamp,1574.29,1542.21,6.0,6.0,0.0,6.0,0.0,1.0,A,0.0,0.0,D,13.0,11.0,5.0,4.0,20.0,12.0,4.0,4.0,2.0,4.0,0.0,0.0,2.0,3.29,4.0
F1,2018-02-09,St Etienne,Marseille,1535.3,1712.24,6.0,9.0,7.0,13.0,2.0,2.0,D,1.0,2.0,A,7.0,12.0,3.0,4.0,12.0,12.0,2.0,7.0,0.0,0.0,0.0,0.0,4.33,3.6,1.85
F1,2018-02-10,Angers,Monaco,1550.03,1760.8,3.0,7.0,7.0,9.0,0.0,4.0,A,0.0,2.0,A,11.0,10.0,1.0,6.0,11.0,6.0,4.0,3.0,1.0,0.0,0.0,0.0,3.2,3.29,2.29
F1,2018-02-10,Bordeaux,Amiens,1582.64,1482.44,9.0,12.0,3.0,4.0,3.0,2.0,H,2.0,0.0,H,14.0,19.0,4.0,6.0,11.0,13.0,7.0,11.0,0.0,1.0,0.0,0.0,1.5,4.0,7.5
F1,2018-02-10,Dijon,Nice,1522.79,1638.54,3.0,4.0,3.0,7.0,3.0,2.0,H,0.0,0.0,D,11.0,14.0,3.0,5.0,14.0,14.0,4.0,8.0,2.0,3.0,0.0,0.0,2.7,3.29,2.62
F1,2018-02-10,Guingamp,Caen,1542.21,1501.58,3.0,6.0,3.0,6.0,0.0,0.0,D,0.0,0.0,D,6.0,12.0,1.0,2.0,12.0,17.0,1.0,7.0,1.0,2.0,0.0,0.0,2.1,3.29,3.75
F1,2018-02-10,Metz,Montpellier,1488.71,1572.18,3.0,7.0,6.0,8.0,0.0,1.0,A,0.0,1.0,A,12.0,16.0,5.0,8.0,15.0,11.0,11.0,6.0,2.0,1.0,0.0,0.0,3.29,3.1,2.37
F1,2018-02-10,Toulouse,Paris SG,1516.1,1900.86,6.0,7.0,6.0,12.0,0.0,1.0,A,0.0,0.0,D,3.0,21.0,1.0,6.0,20.0,13.0,0.0,10.0,4.0,2.0,0.0,0.0,17.0,7.0,1.18
F1,2018-02-11,Lyon,Rennes,1749.24,1574.29,3.0,7.0,3.0,6.0,0.0,2.0,A,0.0,1.0,A,19.0,6.0,6.0,3.0,16.0,8.0,10.0,1.0,2.0,1.0,0.0,0.0,1.5,4.33,6.5
F1,2018-02-11,Nantes,Lille,1601.13,1546.5,3.0,4.0,3.0,6.0,2.0,2.0,D,1.0,0.0,H,20.0,7.0,6.0,4.0,9.0,11.0,5.0,7.0,0.0,1.0,0.0,0.0,1.85,3.39,4.75
F1,2018-02-11,Strasbourg,Troyes,1490.24,1476.22,3.0,3.0,3.0,3.0,2.0,1.0,H,0.0,0.0,D,12.0,12.0,2.0,4.0,9.0,14.0,4.0,6.0,2.0,2.0,0.0,0.0,1.95,3.39,4.2
F1,2018-02-16,Monaco,Dijon,1772.91,1529.74,7.0,11.0,6.0,7.0,4.0,0.0,H,1.0,0.0,H,14.0,7.0,5.0,4.0,11.0,13.0,5.0,5.0,2.0,1.0,0.0,0.0,1.28,5.75,10.0
F1,2018-02-17,Amiens,Toulouse,1464.46,1524.71,0.0,4.0,6.0,7.0,0.0,0.0,D,0.0,0.0,D,6.0,12.0,1.0,5.0,11.0,15.0,2.0,6.0,1.0,0.0,1.0,0.0,2.7,3.0,2.87
F1,2018-02-17,Angers,St Etienne,1533.61,1548.19,3.0,6.0,7.0,7.0,0.0,1.0,A,0.0,0.0,D,19.0,10.0,4.0,3.0,14.0,14.0,10.0,5.0,1.0,2.0,0.0,0.0,2.5,3.2,3.0
F1,2018-02-17,Caen,Rennes,1511.71,1580.76,4.0,7.0,3.0,9.0,2.0,2.0,D,1.0,2.0,A,18.0,11.0,6.0,5.0,4.0,8.0,12.0,11.0,2.0,0.0,0.0,0.0,2.45,3.1,3.1
F1,2018-02-17,Montpellier,Guingamp,1583.39,1547.78,6.0,10.0,4.0,4.0,1.0,1.0,D,0.0,1.0,A,19.0,4.0,5.0,1.0,8.0,15.0,4.0,2.0,1.0,1.0,0.0,0.0,1.8,3.39,5.0
F1,2018-02-17,Paris SG,Strasbourg,1898.72,1483.99,9.0,12.0,3.0,6.0,5.0,2.0,H,3.0,1.0,H,20.0,12.0,11.0,2.0,9.0,15.0,4.0,6.0,2.0,3.0,0.0,0.0,1.08,11.0,34.0
F1,2018-02-17,Troyes,Metz,1467.89,1475.53,3.0,3.0,3.0,6.0,1.0,0.0,H,0.0,0.0,D,18.0,10.0,9.0,4.0,9.0,9.0,10.0,4.0,1.0,2.0,0.0,0.0,2.2,3.2,3.5
F1,2018-02-18,Lille,Lyon,1543.78,1722.07,4.0,4.0,0.0,6.0,2.0,2.0,D,0.0,2.0,A,14.0,13.0,5.0,5.0,12.0,9.0,7.0,3.0,0.0,4.0,0.0,0.0,4.0,3.5,1.95
F1,2018-02-18,Marseille,Bordeaux,1710.97,1594.75,5.0,11.0,9.0,12.0,1.0,0.0,H,1.0,0.0,H,12.0,5.0,8.0,1.0,11.0,12.0,7.0,4.0,2.0,2.0,0.0,0.0,1.61,4.0,5.5
F1,2018-02-18,Nice,Nantes,1614.81,1586.65,0.0,4.0,4.0,5.0,1.0,1.0,D,1.0,1.0,D,12.0,9.0,4.0,3.0,13.0,9.0,14.0,4.0,2.0,0.0,0.0,0.0,2.25,3.1,3.5
F1,2018-02-20,Troyes,Dijon,1467.89,1529.74,3.0,6.0,6.0,6.0,0.0,0.0,D,0.0,0.0,D,9.0,7.0,3.0,1.0,15.0,12.0,8.0,6.0,2.0,1.0,0.0,0.0,2.39,3.29,3.0
F1,2018-02-23,Strasbourg,Montpellier,1483.99,1583.39,3.0,6.0,7.0,10.0,0.0,0.0,D,0.0,0.0,D,11.0,8.0,3.0,2.0,17.0,11.0,4.0,3.0,2.0,3.0,0.0,0.0,3.2,3.0,2.39
F1,2018-02-24,Dijon,Caen,1529.74,1511.71,4.0,7.0,5.0,5.0,2.0,0.0,H,1.0,0.0,H,13.0,13.0,3.0,2.0,6.0,16.0,5.0,8.0,1.0,4.0,0.0,0.0,2.2,3.29,3.39
F1,2018-02-24,Guingamp,Metz,1547.78,1475.53,5.0,5.0,0.0,3.0,2.0,2.0,D,1.0,1.0,D,17.0,5.0,8.0,2.0,15.0,16.0,5.0,5.0,3.0,4.0,0.0,0.0,2.0,3.5,3.79
F1,2018-02-24,Lille,Angers,1543.78,1533.61,2.0,5.0,0.0,3.0,1.0,2.0,A,0.0,0.0,D,14.0,14.0,3.0,9.0,12.0,11.0,4.0,5.0,0.0,2.0,0.0,0.0,2.2,3.2,3.5
F1,2018-02-24,Nantes,Amiens,1586.65,1464.46,2.0,5.0,1.0,4.0,0.0,1.0,A,0.0,1.0,A,27.0,8.0,4.0,1.0,10.0,16.0,8.0,6.0,2.0,2.0,0.0,0.0,1.66,3.6,5.75
F1,2018-02-24,Rennes,Troyes,1580.76,1467.89,4.0,7.0,4.0,7.0,2.0,0.0,H,0.0,0.0,D,11.0,8.0,6.0,0.0,9.0,11.0,5.0,5.0,3.0,1.0,0.0,1.0,1.72,3.6,5.25
F1,2018-02-24,Toulouse,Monaco,1524.71,1772.91,4.0,7.0,9.0,13.0,3.0,3.0,D,1.0,1.0,D,9.0,9.0,6.0,5.0,13.0,15.0,6.0,6.0,1.0,3.0,0.0,0.0,4.33,3.5,1.85
F1,2018-02-25,Bordeaux,Nice,1594.75,1614.81,6.0,12.0,1.0,4.0,0.0,0.0,D,0.0,0.0,D,23.0,3.0,6.0,0.0,17.0,17.0,6.0,0.0,2.0,2.0,0.0,0.0,2.1,3.29,3.7
F1,2018-02-25,Lyon,St Etienne,1722.07,1548.19,1.0,4.0,7.0,10.0,1.0,1.0,D,1.0,0.0,H,9.0,8.0,5.0,2.0,9.0,23.0,3.0,7.0,1.0,3.0,0.0,0.0,1.44,4.5,7.0
F1,2018-02-25,Paris SG,Marseille,1898.72,1710.97,9.0,12.0,7.0,11.0,3.0,0.0,H,2.0,0.0,H,10.0,15.0,3.0,6.0,21.0,18.0,3.0,6.0,6.0,5.0,0.0,0.0,1.25,6.5,10.0
F1,2018-03-02,Monaco,Bordeaux,1777.85,1595.66,7.0,11.0,4.0,10.0,2.0,1.0,H,1.0,1.0,D,18.0,6.0,5.0,1.0,9.0,13.0,7.0,3.0,0.0,1.0,0.0,0.0,1.61,4.0,5.75
F1,2018-03-02,Nice,Lille,1608.77,1542.93,2.0,2.0,2.0,5.0,2.0,1.0,H,1.0,0.0,H,23.0,12.0,10.0,5.0,9.0,12.0,8.0,4.0,3.0,1.0,0.0,0.0,1.72,3.5,5.5
F1,2018-03-03,Amiens,Rennes,1483.13,1592.57,4.0,4.0,7.0,7.0,0.0,2.0,A,0.0,1.0,A,14.0,18.0,3.0,5.0,19.0,16.0,6.0,3.0,2.0,3.0,0.0,0.0,3.25,3.1,2.39
F1,2018-03-03,Angers,Guingamp,1540.68,1552.77,3.0,6.0,3.0,6.0,3.0,0.0,H,1.0,0.0,H,15.0,12.0,6.0,3.0,14.0,8.0,6.0,3.0,1.0,1.0,0.0,0.0,2.04,3.2,4.0
F1,2018-03-03,Metz,Toulouse,1479.07,1535.91,1.0,4.0,2.0,8.0,1.0,1.0,D,1.0,0.0,H,12.0,18.0,1.0,4.0,7.0,14.0,4.0,9.0,0.0,4.0,1.0,0.0,2.62,3.1,2.87
F1,2018-03-03,St Etienne,Dijon,1569.81,1540.98,5.0,11.0,4.0,10.0,2.0,2.0,D,1.0,1.0,D,13.0,9.0,7.0,5.0,10.0,15.0,8.0,6.0,0.0,4.0,0.0,0.0,1.72,3.6,5.25
F1,2018-03-03,Troyes,Paris SG,1474.38,1910.87,4.0,4.0,9.0,15.0,0.0,2.0,A,0.0,0.0,D,10.0,20.0,2.0,13.0,7.0,6.0,2.0,4.0,3.0,1.0,0.0,0.0,9.5,5.75,1.28
F1,2018-03-04,Caen,Strasbourg,1509.39,1489.9,2.0,5.0,4.0,4.0,2.0,0.0,H,1.0,0.0,H,7.0,11.0,4.0,2.0,14.0,12.0,5.0,3.0,4.0,2.0,0.0,0.0,2.14,3.29,3.6
F1,2018-03-04,Marseille,Nantes,1723.91,1582.42,4.0,8.0,2.0,5.0,1.0,1.0,D,0.0,1.0,A,22.0,9.0,5.0,3.0,7.0,19.0,8.0,4.0,3.0,4.0,0.0,1.0,1.53,4.0,7.0
F1,2018-03-04,Montpellier,Lyon,1585.69,1738.91,5.0,8.0,2.0,2.0,1.0,1.0,D,1.0,0.0,H,10.0,19.0,5.0,4.0,15.0,6.0,4.0,4.0,2.0,2.0,0.0,0.0,2.89,3.2,2.54
F1,2018-03-09,Strasbourg,Monaco,1489.9,1777.85,1.0,4.0,7.0,13.0,1.0,3.0,A,1.0,3.0,A,29.0,10.0,5.0,4.0,13.0,14.0,5.0,3.0,0.0,1.0,0.0,0.0,5.5,3.75,1.66
F1,2018-03-10,Bordeaux,Angers,1595.66,1540.68,1.0,7.0,6.0,6.0,0.0,0.0,D,0.0,0.0,D,12.0,9.0,2.0,0.0,10.0,6.0,3.0,2.0,0.0,0.0,0.0,0.0,1.85,3.39,4.75
F1,2018-03-10,Dijon,Amiens,1540.98,1483.13,5.0,8.0,4.0,4.0,1.0,1.0,D,0.0,1.0,A,10.0,10.0,3.0,4.0,12.0,13.0,5.0,1.0,3.0,0.0,0.0,0.0,1.85,3.39,4.75
F1,2018-03-10,Lille,Montpellier,1542.93,1585.69,1.0,2.0,3.0,9.0,1.0,1.0,D,1.0,0.0,H,5.0,13.0,2.0,4.0,17.0,12.0,3.0,6.0,2.0,2.0,0.0,0.0,3.1,3.0,2.54
F1,2018-03-10,Nantes,Troyes,1582.42,1474.38,2.0,3.0,1.0,4.0,1.0,0.0,H,0.0,0.0,D,19.0,8.0,3.0,0.0,6.0,6.0,5.0,3.0,0.0,1.0,0.0,0.0,1.66,3.5,6.0
F1,2018-03-10,Paris SG,Metz,1910.87,1479.07,9.0,15.0,2.0,2.0,5.0,0.0,H,4.0,0.0,H,18.0,6.0,10.0,3.0,10.0,10.0,9.0,2.0,0.0,1.0,0.0,0.0,1.08,12.0,23.0
F1,2018-03-10,Rennes,St Etienne,1592.57,1569.81,7.0,10.0,5.0,9.0,1.0,1.0,D,0.0,1.0,A,18.0,9.0,7.0,3.0,16.0,14.0,8.0,4.0,0.0,4.0,0.0,0.0,2.25,3.2,3.39
F1,2018-03-11,Guingamp,Nice,1552.77,1608.77,2.0,6.0,5.0,5.0,2.0,5.0,A,1.0,1.0,D,12.0,17.0,6.0,5.0,24.0,8.0,6.0,5.0,3.0,1.0,0.0,0.0,2.79,3.1,2.7
F1,2018-03-11,Lyon,Caen,1738.91,1509.39,3.0,3.0,4.0,8.0,1.0,0.0,H,0.0,0.0,D,20.0,6.0,4.0,1.0,3.0,8.0,4.0,2.0,1.0,1.0,0.0,0.0,1.44,4.75,7.0
F1,2018-03-11,Toulouse,Marseille,1535.91,1723.91,3.0,6.0,4.0,8.0,1.0,2.0,A,1.0,1.0,D,9.0,23.0,4.0,9.0,16.0,19.0,3.0,7.0,2.0,3.0,0.0,0.0,4.0,3.29,2.0
F1,2018-03-14,Paris SG,Angers,1910.87,1540.68,9.0,15.0,7.0,7.0,2.0,1.0,H,2.0,0.0,H,14.0,20.0,7.0,8.0,7.0,11.0,7.0,8.0,1.0,2.0,1.0,0.0,1.07,13.0,25.0
F1,2018-03-16,Monaco,Lille,1789.15,1542.24,7.0,13.0,1.0,3.0,2.0,1.0,H,1.0,1.0,D,10.0,14.0,4.0,5.0,13.0,10.0,4.0,2.0,2.0,0.0,0.0,0.0,1.28,5.75,10.0
F1,2018-03-17,Amiens,Troyes,1481.69,1473.3,4.0,5.0,0.0,4.0,1.0,1.0,D,1.0,0.0,H,8.0,11.0,1.0,5.0,13.0,11.0,4.0,4.0,1.0,1.0,0.0,0.0,2.14,3.2,3.75
F1,2018-03-17,Angers,Caen,1558.99,1520.47,4.0,7.0,3.0,5.0,3.0,0.0,H,2.0,0.0,H,13.0,8.0,6.0,2.0,11.0,9.0,1.0,4.0,1.0,2.0,0.0,0.0,1.85,3.2,4.75
F1,2018-03-17,Bordeaux,Rennes,1594.8,1604.38,2.0,5.0,7.0,11.0,0.0,2.0,A,0.0,0.0,D,9.0,6.0,2.0,3.0,13.0,8.0,4.0,2.0,2.0,1.0,0.0,0.0,2.0,3.2,4.2
F1,2018-03-17,Montpellier,Dijon,1593.34,1544.62,3.0,7.0,5.0,6.0,2.0,2.0,D,0.0,1.0,A,18.0,10.0,11.0,7.0,16.0,13.0,4.0,5.0,1.0,4.0,0.0,0.0,1.61,3.6,6.5
F1,2018-03-17,Toulouse,Strasbourg,1535.86,1482.29,2.0,3.0,1.0,4.0,2.0,2.0,D,0.0,0.0,D,11.0,12.0,6.0,4.0,12.0,11.0,6.0,2.0,2.0,1.0,0.0,0.0,2.04,3.2,4.0
F1,2018-03-18,Marseille,Lyon,1738.24,1752.28,4.0,8.0,5.0,6.0,2.0,3.0,A,1.0,1.0,D,10.0,11.0,5.0,6.0,12.0,14.0,2.0,4.0,2.0,3.0,0.0,0.0,2.0,3.6,3.75
F1,2018-03-18,Metz,Nantes,1482.21,1596.43,2.0,2.0,4.0,6.0,1.0,1.0,D,1.0,1.0,D,8.0,15.0,4.0,4.0,7.0,10.0,3.0,4.0,2.0,0.0,0.0,0.0,3.6,3.0,2.25
F1,2018-03-18,Nice,Paris SG,1631.98,1914.17,7.0,8.0,9.0,15.0,1.0,2.0,A,1.0,1.0,D,14.0,19.0,4.0,7.0,8.0,12.0,5.0,4.0,0.0,1.0,0.0,0.0,10.0,5.25,1.33
F1,2018-03-18,St Etienne,Guingamp,1574.73,1532.33,3.0,7.0,1.0,3.0,2.0,0.0,H,1.0,0.0,H,16.0,9.0,6.0,3.0,16.0,12.0,7.0,5.0,2.0,3.0,0.0,0.0,1.72,3.5,5.5
F1,2018-03-31,Dijon,Marseille,1544.62,1738.24,3.0,7.0,4.0,7.0,1.0,3.0,A,0.0,1.0,A,12.0,11.0,2.0,5.0,11.0,15.0,6.0,6.0,2.0,3.0,1.0,0.0,4.75,3.79,1.7
F1,2018-04-01,Caen,Montpellier,1507.66,1587.59,3.0,4.0,3.0,5.0,1.0,3.0,A,0.0,2.0,A,8.0,9.0,5.0,6.0,22.0,11.0,4.0,4.0,2.0,2.0,0.0,0.0,2.89,3.1,2.5
F1,2018-04-01,Guingamp,Bordeaux,1521.6,1578.75,0.0,2.0,1.0,2.0,2.0,1.0,H,0.0,0.0,D,14.0,15.0,6.0,6.0,12.0,14.0,5.0,5.0,1.0,2.0,0.0,0.0,2.87,3.2,2.5
F1,2018-04-01,Lille,Amiens,1537.52,1477.03,1.0,2.0,2.0,6.0,0.0,1.0,A,0.0,0.0,D,15.0,10.0,3.0,2.0,9.0,15.0,3.0,3.0,0.0,2.0,0.0,0.0,2.04,3.29,3.6
F1,2018-04-01,Lyon,Toulouse,1742.25,1529.98,7.0,9.0,2.0,4.0,2.0,0.0,H,2.0,0.0,H,20.0,10.0,5.0,6.0,14.0,9.0,8.0,3.0,1.0,1.0,0.0,0.0,1.36,4.59,9.0
F1,2018-04-01,Nantes,St Etienne,1592.1,1579.97,5.0,6.0,5.0,9.0,0.0,3.0,A,0.0,1.0,A,20.0,15.0,4.0,8.0,16.0,12.0,6.0,4.0,3.0,0.0,0.0,0.0,2.25,3.1,3.39
F1,2018-04-01,Strasbourg,Metz,1482.67,1481.05,1.0,2.0,2.0,3.0,2.0,2.0,D,1.0,1.0,D,18.0,11.0,5.0,5.0,16.0,23.0,5.0,1.0,5.0,4.0,1.0,1.0,1.85,3.5,4.2
F1,2018-04-01,Troyes,Nice,1472.47,1626.25,1.0,2.0,6.0,8.0,0.0,2.0,A,0.0,1.0,A,11.0,15.0,3.0,6.0,16.0,5.0,8.0,5.0,1.0,0.0,0.0,0.0,3.29,3.25,2.2
F1,2018-04-04,Rennes,Monaco,1614.95,1788.38,7.0,11.0,9.0,13.0,1.0,1.0,D,1.0,1.0,D,20.0,8.0,7.0,2.0,28.0,17.0,8.0,1.0,0.0,2.0,0.0,0.0,3.39,3.39,2.14
F1,2018-04-06,St Etienne,Paris SG,1579.97,1914.41,7.0,9.0,9.0,15.0,1.0,1.0,D,1.0,0.0,H,16.0,8.0,5.0,2.0,5.0,16.0,11.0,3.0,1.0,4.0,0.0,1.0,9.0,5.5,1.33
F1,2018-04-07,Amiens,Caen,1477.03,1507.66,5.0,8.0,0.0,3.0,3.0,0.0,H,2.0,0.0,H,11.0,14.0,4.0,7.0,14.0,14.0,7.0,4.0,3.0,1.0,0.0,0.0,2.37,3.0,3.39
F1,2018-04-07,Angers,Strasbourg,1566.3,1482.67,4.0,10.0,2.0,3.0,1.0,1.0,D,1.0,0.0,H,3.0,11.0,2.0,5.0,10.0,17.0,2.0,9.0,1.0,1.0,0.0,0.0,1.85,3.6,4.33
F1,2018-04-07,Bordeaux,Lille,1578.75,1537.52,1.0,2.0,1.0,1.0,2.0,1.0,H,2.0,1.0,H,15.0,7.0,6.0,1.0,14.0,12.0,7.0,2.0,1.0,3.0,0.0,1.0,1.72,3.5,5.5
F1,2018-04-07,Guingamp,Troyes,1521.6,1472.47,3.0,4.0,1.0,1.0,4.0,0.0,H,1.0,0.0,H,15.0,8.0,10.0,4.0,11.0,12.0,9.0,10.0,1.0,1.0,0.0,0.0,1.85,3.5,4.5
F1,2018-04-07,Monaco,Nantes,1788.38,1592.1,7.0,11.0,4.0,5.0,2.0,1.0,H,2.0,1.0,H,6.0,10.0,3.0,4.0,12.0,11.0,7.0,5.0,4.0,3.0,0.0,0.0,1.5,4.33,6.5
F1,2018-04-07,Toulouse,Dijon,1529.98,1538.24,1.0,3.0,2.0,6.0,0.0,1.0,A,0.0,1.0,A,20.0,8.0,5.0,3.0,15.0,15.0,10.0,3.0,2.0,1.0,0.0,0.0,1.9,3.39,4.33
F1,2018-04-08,Marseille,Montpellier,1741.78,1587.59,6.0,7.0,5.0,7.0,0.0,0.0,D,0.0,0.0,D,12.0,6.0,3.0,2.0,14.0,12.0,6.0,2.0,2.0,1.0,0.0,0.0,1.6,4.0,5.75
F1,2018-04-08,Metz,Lyon,1481.05,1742.25,2.0,4.0,9.0,11.0,0.0,5.0,A,0.0,2.0,A,10.0,14.0,5.0,6.0,18.0,7.0,4.0,3.0,2.0,0.0,0.0,0.0,6.5,4.33,1.5
F1,2018-04-08,Nice,Rennes,1626.25,1614.95,6.0,10.0,5.0,11.0,1.0,1.0,D,1.0,1.0,D,10.0,9.0,2.0,3.0,7.0,12.0,5.0,2.0,4.0,4.0,0.0,0.0,1.9,3.39,4.33
F1,2018-04-13,Angers,Nice,1566.3,1626.25,4.0,8.0,4.0,10.0,1.0,1.0,D,0.0,0.0,D,12.0,15.0,3.0,7.0,14.0,5.0,4.0,8.0,1.0,3.0,0.0,0.0,2.39,3.2,3.1
F1,2018-04-14,Lille,Guingamp,1537.52,1521.6,0.0,1.0,6.0,6.0,2.0,2.0,D,0.0,0.0,D,10.0,6.0,3.0,3.0,15.0,15.0,2.0,3.0,2.0,1.0,0.0,0.0,2.37,3.29,3.1
F1,2018-04-14,Lyon,Amiens,1742.25,1477.03,9.0,13.0,7.0,8.0,3.0,0.0,H,1.0,0.0,H,25.0,5.0,8.0,2.0,9.0,11.0,7.0,5.0,0.0,0.0,0.0,0.0,1.22,6.5,13.0
F1,2018-04-14,Nantes,Dijon,1592.1,1538.24,1.0,5.0,4.0,6.0,1.0,1.0,D,1.0,0.0,H,15.0,12.0,2.0,4.0,14.0,9.0,6.0,4.0,0.0,0.0,0.0,0.0,1.7,3.6,5.5
F1,2018-04-14,Rennes,Metz,1614.95,1481.05,5.0,9.0,2.0,3.0,1.0,2.0,A,1.0,0.0,H,14.0,7.0,3.0,6.0,6.0,17.0,7.0,3.0,1.0,4.0,0.0,0.0,1.44,4.5,7.5
F1,2018-04-14,Strasbourg,St Etienne,1482.67,1579.97,3.0,3.0,7.0,9.0,0.0,1.0,A,0.0,0.0,D,16.0,5.0,6.0,1.0,11.0,10.0,10.0,1.0,3.0,1.0,0.0,0.0,3.2,3.29,2.29
F1,2018-04-15,Montpellier,Bordeaux,1608.75,1581.71,5.0,7.0,3.0,4.0,1.0,3.0,A,0.0,1.0,A,19.0,9.0,5.0,4.0,9.0,8.0,6.0,2.0,3.0,2.0,0.0,0.0,2.04,3.29,3.79
F1,2018-04-15,Paris SG,Monaco,1913.38,1792.93,7.0,13.0,7.0,13.0,7.0,1.0,H,4.0,1.0,H,12.0,11.0,7.0,2.0,8.0,8.0,4.0,2.0,1.0,3.0,0.0,0.0,1.28,5.75,10.0
F1,2018-04-15,Troyes,Marseille,1459.56,1756.85,1.0,1.0,4.0,8.0,2.0,3.0,A,1.0,1.0,D,12.0,21.0,7.0,9.0,15.0,8.0,5.0,8.0,2.0,2.0,0.0,0.0,5.5,4.0,1.61
F1,2018-04-20,Dijon,Lyon,1555.04,1761.76,4.0,6.0,9.0,15.0,2.0,5.0,A,1.0,1.0,D,17.0,17.0,5.0,11.0,11.0,12.0,9.0,5.0,1.0,2.0,0.0,0.0,7.5,5.0,1.39
F1,2018-04-20,Nantes,Rennes,1575.61,1612.86,1.0,5.0,2.0,6.0,1.0,1.0,D,1.0,0.0,H,13.0,18.0,7.0,9.0,17.0,12.0,5.0,8.0,6.0,2.0,1.0,0.0,2.25,3.2,3.39
F1,2018-04-21,Amiens,Strasbourg,1502.31,1483.77,6.0,8.0,2.0,3.0,3.0,1.0,H,1.0,0.0,H,7.0,15.0,5.0,2.0,20.0,11.0,2.0,6.0,4.0,2.0,0.0,0.0,2.6,3.1,3.0
F1,2018-04-21,Guingamp,Monaco,1546.46,1792.93,7.0,7.0,4.0,10.0,3.0,1.0,H,2.0,0.0,H,24.0,4.0,12.0,1.0,13.0,17.0,10.0,1.0,0.0,2.0,0.0,1.0,4.0,3.6,1.85
F1,2018-04-21,Marseille,Lille,1756.85,1524.8,7.0,10.0,1.0,2.0,5.0,1.0,H,4.0,0.0,H,19.0,14.0,8.0,3.0,9.0,8.0,3.0,6.0,0.0,1.0,0.0,0.0,1.33,5.0,10.0
F1,2018-04-21,Metz,Caen,1493.63,1490.36,4.0,5.0,0.0,3.0,1.0,1.0,D,0.0,0.0,D,15.0,5.0,3.0,4.0,9.0,11.0,7.0,2.0,2.0,1.0,0.0,0.0,2.29,3.2,3.29
F1,2018-04-21,Toulouse,Angers,1522.69,1568.22,1.0,2.0,5.0,6.0,2.0,0.0,H,1.0,0.0,H,14.0,7.0,8.0,0.0,11.0,11.0,6.0,2.0,1.0,2.0,0.0,0.0,2.29,3.0,3.5
F1,2018-04-22,Bordeaux,Paris SG,1581.71,1913.38,6.0,7.0,7.0,13.0,0.0,1.0,A,0.0,0.0,D,21.0,10.0,8.0,2.0,15.0,8.0,8.0,5.0,0.0,1.0,0.0,0.0,6.5,4.33,1.5
F1,2018-04-22,Nice,Montpellier,1637.04,1608.75,5.0,8.0,4.0,6.0,1.0,0.0,H,0.0,0.0,D,16.0,5.0,4.0,2.0,10.0,13.0,3.0,3.0,0.0,0.0,0.0,0.0,2.04,3.29,3.79
F1,2018-04-22,St Etienne,Troyes,1615.27,1459.56,7.0,11.0,0.0,1.0,2.0,1.0,H,0.0,1.0,A,18.0,6.0,6.0,3.0,5.0,21.0,7.0,2.0,0.0,2.0,0.0,0.0,1.5,4.0,7.5
F1,2018-04-25,Caen,Toulouse,1490.36,1522.69,1.0,1.0,3.0,4.0,0.0,0.0,D,0.0,0.0,D,9.0,5.0,0.0,2.0,9.0,11.0,1.0,2.0,2.0,1.0,0.0,0.0,2.6,2.87,3.2
F1,2018-04-27,Montpellier,St Etienne,1608.75,1615.27,1.0,5.0,7.0,13.0,0.0,1.0,A,0.0,1.0,A,25.0,7.0,5.0,5.0,9.0,7.0,9.0,1.0,0.0,2.0,0.0,0.0,2.39,3.1,3.1
F1,2018-04-28,Bordeaux,Dijon,1581.71,1555.04,6.0,6.0,4.0,5.0,3.0,1.0,H,1.0,0.0,H,10.0,10.0,4.0,3.0,14.0,12.0,4.0,4.0,1.0,0.0,0.0,0.0,1.5,4.2,7.0
F1,2018-04-28,Lille,Metz,1524.8,1493.63,1.0,1.0,4.0,6.0,3.0,1.0,H,2.0,0.0,H,15.0,14.0,9.0,4.0,11.0,12.0,3.0,5.0,0.0,2.0,0.0,0.0,1.83,3.6,4.5
F1,2018-04-28,Lyon,Nantes,1761.76,1575.61,9.0,15.0,2.0,3.0,2.0,0.0,H,1.0,0.0,H,25.0,12.0,11.0,4.0,7.0,14.0,6.0,4.0,1.0,1.0,0.0,0.0,1.28,5.75,10.0
F1,2018-04-28,Monaco,Amiens,1792.93,1502.31,3.0,7.0,6.0,10.0,0.0,0.0,D,0.0,0.0,D,16.0,7.0,1.0,1.0,9.0,13.0,6.0,6.0,1.0,2.0,1.0,1.0,1.18,7.0,17.0
F1,2018-04-28,Strasbourg,Nice,1483.77,1637.04,1.0,3.0,5.0,8.0,1.0,1.0,D,1.0,0.0,H,9.0,11.0,2.0,7.0,18.0,13.0,3.0,8.0,2.0,4.0,0.0,0.0,3.5,3.25,2.25
F1,2018-04-28,Troyes,Caen,1459.56,1490.36,0.0,1.0,2.0,2.0,3.0,1.0,H,2.0,1.0,H,5.0,13.0,3.0,2.0,8.0,16.0,4.0,5.0,1.0,2.0,0.0,0.0,2.2,3.1,3.6
F1,2018-04-29,Angers,Marseille,1568.22,1756.85,2.0,5.0,7.0,10.0,1.0,1.0,D,0.0,1.0,A,14.0,13.0,6.0,5.0,9.0,9.0,4.0,9.0,1.0,3.0,0.0,0.0,4.2,3.6,1.83
F1,2018-04-29,Paris SG,Guingamp,1913.38,1546.46,7.0,13.0,7.0,10.0,2.0,2.0,D,0.0,1.0,A,14.0,22.0,3.0,5.0,11.0,9.0,7.0,7.0,2.0,0.0,0.0,0.0,1.08,11.0,26.0
F1,2018-04-29,Rennes,Toulouse,1612.86,1522.69,2.0,6.0,4.0,5.0,2.0,1.0,H,1.0,1.0,D,6.0,12.0,3.0,2.0,11.0,14.0,2.0,7.0,2.0,1.0,1.0,0.0,1.9,3.5,4.2
F1,2018-05-04,Amiens,Paris SG,1522.2,1920.55,4.0,10.0,7.0,11.0,2.0,2.0,D,0.0,1.0,A,12.0,23.0,5.0,8.0,14.0,10.0,3.0,13.0,2.0,0.0,0.0,0.0,9.0,6.0,1.3
F1,2018-05-06,Caen,Monaco,1484.5,1762.61,2.0,2.0,1.0,5.0,1.0,2.0,A,1.0,1.0,D,16.0,17.0,5.0,4.0,14.0,16.0,6.0,8.0,1.0,2.0,1.0,0.0,4.2,3.75,1.83
F1,2018-05-06,Dijon,Guingamp,1544.0,1576.3,1.0,4.0,5.0,11.0,3.0,1.0,H,1.0,0.0,H,19.0,4.0,9.0,1.0,10.0,9.0,4.0,3.0,1.0,1.0,0.0,0.0,2.7,3.29,2.62
F1,2018-05-06,Lyon,Troyes,1776.51,1468.1,9.0,15.0,3.0,3.0,3.0,0.0,H,2.0,0.0,H,17.0,13.0,5.0,4.0,9.0,9.0,6.0,8.0,2.0,2.0,0.0,0.0,1.14,8.5,19.0
F1,2018-05-06,Marseille,Nice,1774.23,1643.53,7.0,11.0,5.0,9.0,2.0,1.0,H,1.0,1.0,D,18.0,11.0,8.0,2.0,18.0,12.0,9.0,4.0,1.0,1.0,0.0,0.0,1.7,3.79,5.0
F1,2018-05-06,Metz,Angers,1487.49,1564.86,4.0,5.0,2.0,6.0,1.0,2.0,A,1.0,0.0,H,8.0,17.0,4.0,4.0,12.0,11.0,2.0,7.0,1.0,0.0,0.0,0.0,2.75,3.2,2.7
F1,2018-05-06,Nantes,Montpellier,1575.21,1583.62,2.0,2.0,0.0,4.0,0.0,2.0,A,0.0,0.0,D,11.0,12.0,2.0,7.0,14.0,8.0,7.0,3.0,0.0,3.0,0.0,0.0,2.29,3.2,3.29
F1,2018-05-06,Rennes,Strasbourg,1622.06,1481.79,4.0,6.0,1.0,3.0,2.0,1.0,H,1.0,0.0,H,14.0,7.0,2.0,3.0,10.0,11.0,5.0,5.0,1.0,1.0,0.0,0.0,1.75,3.75,4.75
F1,2018-05-06,St Etienne,Bordeaux,1631.35,1605.28,9.0,13.0,6.0,9.0,1.0,3.0,A,1.0,2.0,A,16.0,11.0,3.0,5.0,12.0,12.0,5.0,2.0,2.0,3.0,0.0,0.0,2.0,3.29,4.0
F1,2018-05-06,Toulouse,Lille,1533.53,1532.55,4.0,4.0,4.0,4.0,2.0,3.0,A,2.0,1.0,H,6.0,17.0,4.0,8.0,14.0,16.0,1.0,3.0,4.0,2.0,1.0,0.0,2.14,3.29,3.5
F1,2018-05-11,Guingamp,Marseille,1576.3,1774.23,4.0,8.0,7.0,11.0,3.0,3.0,D,1.0,2.0,A,22.0,16.0,7.0,5.0,20.0,15.0,6.0,11.0,2.0,0.0,0.0,1.0,5.25,4.33,1.6
F1,2018-05-12,Amiens,Metz,1522.2,1487.49,5.0,8.0,1.0,4.0,2.0,0.0,H,1.0,0.0,H,9.0,13.0,2.0,1.0,14.0,15.0,3.0,8.0,1.0,2.0,0.0,0.0,1.8,3.6,4.5
F1,2018-05-12,Angers,Nantes,1564.86,1575.21,4.0,6.0,1.0,2.0,0.0,2.0,A,0.0,0.0,D,14.0,12.0,2.0,2.0,7.0,11.0,5.0,4.0,0.0,1.0,0.0,0.0,2.29,3.25,3.25
F1,2018-05-12,Bordeaux,Toulouse,1605.28,1533.53,6.0,12.0,1.0,4.0,4.0,2.0,H,1.0,1.0,D,15.0,10.0,6.0,4.0,8.0,20.0,6.0,6.0,1.0,3.0,0.0,0.0,1.83,3.6,4.5
F1,2018-05-12,Lille,Dijon,1532.55,1544.0,6.0,7.0,3.0,7.0,2.0,1.0,H,2.0,1.0,H,13.0,12.0,3.0,7.0,8.0,11.0,4.0,4.0,0.0,2.0,0.0,0.0,1.5,4.0,7.5
F1,2018-05-12,Monaco,St Etienne,1762.61,1631.35,4.0,7.0,6.0,10.0,1.0,0.0,H,0.0,0.0,D,18.0,11.0,5.0,3.0,14.0,11.0,6.0,5.0,1.0,1.0,1.0,0.0,1.61,4.33,5.0
F1,2018-05-12,Montpellier,Troyes,1583.62,1468.1,3.0,4.0,3.0,3.0,1.0,1.0,D,0.0,1.0,A,22.0,9.0,3.0,2.0,10.0,9.0,11.0,1.0,0.0,0.0,0.0,0.0,1.75,3.6,5.0
F1,2018-05-12,Nice,Caen,1643.53,1484.5,4.0,6.0,1.0,2.0,4.0,1.0,H,3.0,0.0,H,21.0,12.0,8.0,5.0,10.0,18.0,4.0,7.0,0.0,1.0,0.0,1.0,1.6,3.79,6.0
F1,2018-05-12,Paris SG,Rennes,1920.55,1622.06,5.0,9.0,7.0,8.0,0.0,2.0,A,0.0,0.0,D,14.0,10.0,5.0,2.0,12.0,12.0,7.0,7.0,1.0,0.0,0.0,0.0,1.25,6.5,10.0
F1,2018-05-12,Strasbourg,Lyon,1481.79,1776.51,1.0,2.0,9.0,15.0,3.0,2.0,H,1.0,0.0,H,9.0,8.0,4.0,3.0,25.0,20.0,2.0,1.0,5.0,1.0,0.0,0.0,6.5,4.5,1.5
F1,2018-05-19,Caen,Paris SG,1475.85,1891.21,0.0,2.0,2.0,8.0,0.0,0.0,D,0.0,0.0,D,11.0,7.0,6.0,2.0,15.0,18.0,2.0,3.0,3.0,1.0,0.0,0.0,5.0,3.75,1.72
F1,2018-05-19,Dijon,Angers,1547.41,1558.39,3.0,4.0,4.0,5.0,2.0,1.0,H,1.0,0.0,H,7.0,16.0,1.0,8.0,17.0,7.0,1.0,9.0,1.0,2.0,0.0,0.0,2.25,3.7,3.0
F1,2018-05-19,Lyon,Nice,1765.34,1645.5,6.0,12.0,4.0,8.0,3.0,2.0,H,0.0,1.0,A,23.0,11.0,8.0,4.0,15.0,13.0,8.0,7.0,3.0,3.0,0.0,0.0,1.44,4.75,6.5
F1,2018-05-19,Marseille,Amiens,1773.86,1537.37,5.0,11.0,5.0,8.0,2.0,1.0,H,2.0,1.0,H,27.0,5.0,11.0,2.0,12.0,12.0,7.0,3.0,0.0,0.0,0.0,0.0,1.22,6.5,13.0
F1,2018-05-19,Metz,Bordeaux,1472.31,1626.26,0.0,4.0,9.0,12.0,0.0,4.0,A,0.0,3.0,A,7.0,15.0,0.0,7.0,11.0,16.0,4.0,6.0,3.0,0.0,0.0,1.0,7.5,4.5,1.44
F1,2018-05-19,Nantes,Strasbourg,1575.86,1491.92,3.0,5.0,4.0,4.0,1.0,0.0,H,1.0,0.0,H,9.0,10.0,2.0,2.0,6.0,12.0,2.0,7.0,0.0,0.0,0.0,0.0,1.85,3.6,4.33
F1,2018-05-19,Rennes,Montpellier,1647.44,1592.11,9.0,10.0,4.0,4.0,1.0,1.0,D,1.0,1.0,D,9.0,9.0,1.0,6.0,10.0,12.0,8.0,4.0,0.0,1.0,0.0,1.0,1.9,3.5,4.2
F1,2018-05-19,St Etienne,Lille,1613.37,1548.89,3.0,9.0,9.0,10.0,5.0,0.0,H,3.0,0.0,H,14.0,11.0,7.0,3.0,6.0,5.0,7.0,4.0,1.0,0.0,0.0,0.0,1.55,4.2,6.0
F1,2018-05-19,Toulouse,Guingamp,1517.7,1570.45,0.0,4.0,2.0,6.0,2.0,1.0,H,0.0,0.0,D,17.0,13.0,7.0,6.0,9.0,14.0,9.0,5.0,3.0,2.0,0.0,0.0,1.57,4.2,5.75
F1,2018-05-19,Troyes,Monaco,1470.8,1769.05,4.0,4.0,7.0,7.0,0.0,3.0,A,0.0,1.0,A,12.0,21.0,4.0,14.0,14.0,13.0,6.0,2.0,1.0,1.0,0.0,0.0,5.75,4.2,1.57
F1,2018-08-10,Marseille,Toulouse,1765.61,1539.02,7.0,11.0,3.0,4.0,4.0,0.0,H,1.0,0.0,H,23.0,5.0,10.0,1.0,7.0,20.0,5.0,1.0,1.0,3.0,0.0,0.0,1.4,4.5,8.0
F1,2018-08-11,Angers,Nimes,1549.09,1538.27,3.0,4.0,5.0,9.0,3.0,4.0,A,1.0,1.0,D,21.0,14.0,7.0,5.0,20.0,12.0,5.0,1.0,2.0,2.0,0.0,1.0,2.3,3.2,3.3
F1,2018-08-11,Lille,Rennes,1534.81,1641.55,6.0,9.0,7.0,11.0,3.0,1.0,H,1.0,1.0,D,15.0,8.0,6.0,2.0,12.0,13.0,2.0,6.0,1.0,0.0,0.0,0.0,2.5,3.1,3.1
F1,2018-08-11,Montpellier,Dijon,1592.74,1551.46,5.0,5.0,6.0,6.0,1.0,2.0,A,1.0,0.0,H,16.0,9.0,7.0,4.0,15.0,21.0,4.0,2.0,2.0,2.0,0.0,0.0,1.72,3.5,5.5
F1,2018-08-11,Nantes,Monaco,1577.85,1771.27,6.0,7.0,9.0,10.0,1.0,3.0,A,0.0,0.0,D,16.0,11.0,4.0,6.0,8.0,15.0,7.0,2.0,1.0,0.0,0.0,0.0,3.2,3.25,2.3
F1,2018-08-11,Nice,Reims,1639.15,1580.23,3.0,7.0,4.0,10.0,0.0,1.0,A,0.0,1.0,A,19.0,5.0,1.0,3.0,13.0,14.0,10.0,2.0,1.0,2.0,0.0,0.0,1.85,3.5,4.5
F1,2018-08-11,St Etienne,Guingamp,1622.2,1559.98,3.0,9.0,1.0,5.0,2.0,1.0,H,1.0,0.0,H,11.0,11.0,6.0,5.0,14.0,11.0,6.0,9.0,3.0,1.0,0.0,0.0,1.8,3.5,4.75
F1,2018-08-12,Bordeaux,Strasbourg,1635.47,1484.67,9.0,12.0,3.0,4.0,0.0,2.0,A,0.0,0.0,D,5.0,17.0,2.0,6.0,6.0,12.0,3.0,10.0,1.0,0.0,1.0,0.0,1.7,3.6,5.0
F1,2018-08-12,Lyon,Amiens,1766.44,1532.55,6.0,12.0,4.0,8.0,2.0,0.0,H,1.0,0.0,H,15.0,10.0,7.0,1.0,9.0,17.0,10.0,1.0,0.0,2.0,0.0,0.0,1.2,7.0,13.0
F1,2018-08-12,Paris SG,Caen,1880.9,1480.91,2.0,6.0,1.0,2.0,3.0,0.0,H,2.0,0.0,H,11.0,5.0,8.0,1.0,13.0,7.0,6.0,3.0,1.0,0.0,0.0,0.0,1.08,12.0,23.0
F1,2018-08-17,Reims,Lyon,1592.89,1771.15,7.0,10.0,6.0,12.0,1.0,0.0,H,1.0,0.0,H,7.0,19.0,2.0,5.0,11.0,10.0,0.0,4.0,2.0,0.0,0.0,0.0,4.75,4.0,1.7
F1,2018-08-18,Amiens,Montpellier,1530.96,1583.75,3.0,5.0,2.0,5.0,1.0,2.0,A,0.0,0.0,D,11.0,7.0,2.0,3.0,15.0,15.0,6.0,2.0,1.0,3.0,0.0,0.0,3.2,3.0,2.5
F1,2018-08-18,Caen,Nice,1480.98,1629.6,1.0,1.0,3.0,4.0,1.0,1.0,D,0.0,0.0,D,13.0,16.0,4.0,5.0,22.0,11.0,5.0,10.0,2.0,2.0,0.0,0.0,2.75,3.1,2.75
F1,2018-08-18,Dijon,Nantes,1563.57,1572.88,6.0,9.0,6.0,6.0,2.0,0.0,H,1.0,0.0,H,14.0,7.0,7.0,0.0,18.0,13.0,3.0,4.0,0.0,1.0,0.0,1.0,2.6,3.25,2.8
F1,2018-08-18,Guingamp,Paris SG,1556.27,1883.95,1.0,2.0,4.0,6.0,1.0,3.0,A,1.0,0.0,H,11.0,17.0,3.0,7.0,15.0,16.0,4.0,7.0,0.0,1.0,0.0,0.0,13.0,7.0,1.2
F1,2018-08-18,Monaco,Lille,1779.37,1549.78,9.0,13.0,6.0,12.0,0.0,0.0,D,0.0,0.0,D,10.0,13.0,1.0,4.0,10.0,14.0,8.0,4.0,0.0,0.0,0.0,0.0,1.5,4.33,6.5
F1,2018-08-18,Rennes,Angers,1629.7,1541.1,4.0,10.0,0.0,4.0,1.0,0.0,H,0.0,0.0,D,5.0,7.0,2.0,0.0,8.0,11.0,3.0,0.0,1.0,2.0,0.0,0.0,1.9,3.3,4.5
F1,2018-08-19,Nimes,Marseille,1549.38,1771.7,7.0,11.0,7.0,11.0,3.0,1.0,H,1.0,0.0,H,14.0,10.0,7.0,5.0,11.0,11.0,6.0,7.0,3.0,1.0,0.0,0.0,4.75,3.8,1.72
F1,2018-08-19,Strasbourg,St Etienne,1504.44,1629.03,6.0,7.0,6.0,9.0,1.0,1.0,D,0.0,0.0,D,11.0,9.0,5.0,2.0,11.0,7.0,7.0,2.0,1.0,2.0,0.0,1.0,2.6,3.2,2.8
F1,2018-08-19,Toulouse,Bordeaux,1536.06,1622.97,3.0,3.0,6.0,12.0,2.0,1.0,H,1.0,0.0,H,13.0,15.0,5.0,8.0,10.0,11.0,1.0,2.0,1.0,1.0,0.0,0.0,2.6,3.1,2.9
F1,2018-08-24,Lyon,Strasbourg,1771.15,1504.44,6.0,9.0,4.0,7.0,2.0,0.0,H,1.0,0.0,H,22.0,9.0,10.0,1.0,13.0,13.0,5.0,4.0,1.0,2.0,0.0,0.0,1.28,5.75,11.0
F1,2018-08-25,Amiens,Reims,1530.96,1592.89,0.0,4.0,7.0,10.0,4.0,1.0,H,1.0,0.0,H,14.0,7.0,8.0,3.0,18.0,17.0,4.0,2.0,1.0,1.0,0.0,1.0,2.6,3.25,2.8
F1,2018-08-25,Montpellier,St Etienne,1583.75,1629.03,4.0,8.0,7.0,7.0,0.0,0.0,D,0.0,0.0,D,14.0,9.0,1.0,2.0,12.0,14.0,6.0,3.0,3.0,0.0,0.0,0.0,2.4,3.1,3.2
F1,2018-08-25,Nantes,Caen,1572.88,1480.98,3.0,6.0,2.0,2.0,1.0,1.0,D,0.0,1.0,A,16.0,3.0,3.0,2.0,16.0,16.0,3.0,1.0,2.0,3.0,0.0,1.0,1.95,3.25,4.33
F1,2018-08-25,Nice,Dijon,1629.6,1563.57,1.0,4.0,9.0,12.0,0.0,4.0,A,0.0,0.0,D,16.0,9.0,3.0,5.0,11.0,19.0,5.0,3.0,2.0,3.0,0.0,0.0,1.9,3.4,4.33
F1,2018-08-25,Paris SG,Angers,1883.95,1541.1,7.0,8.0,0.0,3.0,3.0,1.0,H,1.0,1.0,D,13.0,11.0,5.0,6.0,10.0,2.0,9.0,1.0,2.0,0.0,0.0,0.0,1.07,13.0,26.0
F1,2018-08-25,Toulouse,Nimes,1536.06,1549.38,6.0,6.0,7.0,11.0,1.0,0.0,H,0.0,0.0,D,10.0,9.0,5.0,0.0,17.0,21.0,3.0,3.0,1.0,3.0,0.0,0.0,2.3,3.2,3.3
F1,2018-08-26,Bordeaux,Monaco,1622.97,1779.37,3.0,9.0,7.0,13.0,2.0,1.0,H,0.0,0.0,D,14.0,15.0,6.0,5.0,10.0,14.0,5.0,8.0,1.0,2.0,0.0,0.0,3.1,3.3,2.37
F1,2018-08-26,Lille,Guingamp,1549.78,1556.27,4.0,10.0,0.0,1.0,3.0,0.0,H,2.0,0.0,H,13.0,13.0,7.0,4.0,13.0,13.0,4.0,4.0,2.0,1.0,0.0,1.0,2.0,3.4,3.9
F1,2018-08-26,Marseille,Rennes,1771.7,1629.7,6.0,10.0,4.0,10.0,2.0,2.0,D,0.0,2.0,A,8.0,7.0,3.0,2.0,16.0,15.0,8.0,4.0,1.0,1.0,0.0,0.0,1.5,4.33,6.5
F1,2018-08-31,Lyon,Nice,1771.15,1629.6,6.0,9.0,1.0,4.0,0.0,1.0,A,0.0,0.0,D,29.0,8.0,9.0,1.0,6.0,14.0,10.0,5.0,0.0,2.0,0.0,0.0,1.33,5.25,9.5
F1,2018-09-01,Angers,Lille,1540.12,1572.97,0.0,0.0,7.0,10.0,1.0,0.0,H,0.0,0.0,D,6.0,17.0,3.0,4.0,14.0,8.0,4.0,5.0,0.0,1.0,1.0,0.0,2.45,3.25,3.0
F1,2018-09-01,Dijon,Caen,1600.55,1492.77,9.0,12.0,2.0,3.0,0.0,2.0,A,0.0,1.0,A,15.0,9.0,2.0,4.0,11.0,13.0,9.0,5.0,0.0,3.0,0.0,0.0,1.9,3.4,4.33
F1,2018-09-01,Guingamp,Toulouse,1547.26,1557.41,0.0,1.0,6.0,9.0,1.0,2.0,A,1.0,2.0,A,23.0,5.0,5.0,4.0,12.0,13.0,11.0,4.0,3.0,2.0,0.0,1.0,2.04,3.4,3.75
F1,2018-09-01,Nimes,Paris SG,1564.72,1894.09,6.0,10.0,9.0,10.0,2.0,4.0,A,0.0,2.0,A,14.0,7.0,6.0,5.0,12.0,11.0,3.0,4.0,1.0,3.0,1.0,1.0,11.0,7.0,1.22
F1,2018-09-01,Reims,Montpellier,1594.16,1596.66,6.0,10.0,4.0,6.0,0.0,1.0,A,0.0,0.0,D,21.0,9.0,6.0,3.0,11.0,11.0,5.0,5.0,0.0,0.0,0.0,0.0,2.6,3.1,2.9
F1,2018-09-01,Strasbourg,Nantes,1509.12,1564.74,4.0,7.0,1.0,7.0,2.0,3.0,A,1.0,2.0,A,10.0,14.0,5.0,5.0,12.0,12.0,1.0,3.0,1.0,2.0,0.0,0.0,2.3,3.1,3.4
F1,2018-09-02,Monaco,Marseille,1767.66,1755.34,4.0,10.0,4.0,8.0,2.0,3.0,A,0.0,1.0,A,8.0,15.0,4.0,5.0,11.0,16.0,1.0,5.0,1.0,1.0,0.0,0.0,2.8,3.3,2.54
F1,2018-09-02,Rennes,Bordeaux,1644.55,1643.78,4.0,8.0,3.0,9.0,2.0,0.0,H,2.0,0.0,H,16.0,8.0,8.0,1.0,12.0,14.0,6.0,5.0,0.0,3.0,0.0,0.0,2.1,3.3,3.75
F1,2018-09-02,St Etienne,Amiens,1633.07,1543.41,5.0,8.0,3.0,6.0,0.0,0.0,D,0.0,0.0,D,19.0,9.0,5.0,2.0,11.0,12.0,14.0,1.0,3.0,2.0,0.0,0.0,1.61,3.75,6.0
F1,2018-09-14,Nice,Rennes,1623.36,1644.55,4.0,4.0,7.0,8.0,2.0,1.0,H,0.0,0.0,D,13.0,10.0,4.0,3.0,10.0,19.0,3.0,2.0,4.0,1.0,0.0,0.0,2.5,3.25,2.8
F1,2018-09-14,Paris SG,St Etienne,1894.09,1633.07,9.0,13.0,3.0,9.0,4.0,0.0,H,1.0,0.0,H,16.0,11.0,9.0,2.0,12.0,13.0,7.0,4.0,1.0,1.0,0.0,0.0,1.25,6.0,11.0
F1,2018-09-15,Amiens,Lille,1547.42,1565.61,4.0,4.0,4.0,7.0,2.0,3.0,A,0.0,1.0,A,8.0,18.0,4.0,9.0,12.0,21.0,3.0,3.0,1.0,2.0,0.0,0.0,3.4,3.1,2.3
F1,2018-09-15,Caen,Lyon,1510.2,1754.84,5.0,6.0,3.0,9.0,2.0,2.0,D,0.0,1.0,A,18.0,17.0,4.0,6.0,15.0,13.0,2.0,4.0,1.0,2.0,2.0,0.0,5.5,3.75,1.64
F1,2018-09-15,Dijon,Angers,1583.13,1547.48,6.0,12.0,3.0,3.0,1.0,3.0,A,1.0,3.0,A,11.0,13.0,3.0,6.0,11.0,13.0,4.0,6.0,2.0,2.0,0.0,0.0,2.14,3.4,3.4
F1,2018-09-15,Montpellier,Strasbourg,1606.21,1500.86,7.0,8.0,1.0,4.0,1.0,1.0,D,0.0,0.0,D,10.0,7.0,3.0,1.0,15.0,14.0,5.0,5.0,1.0,2.0,0.0,0.0,1.95,3.4,4.2
F1,2018-09-15,Toulouse,Monaco,1566.76,1758.17,9.0,12.0,1.0,7.0,1.0,1.0,D,0.0,0.0,D,13.0,12.0,6.0,2.0,17.0,17.0,6.0,3.0,2.0,3.0,0.0,0.0,3.0,3.3,2.4
F1,2018-09-16,Bordeaux,Nimes,1634.44,1561.43,3.0,6.0,3.0,7.0,3.0,3.0,D,1.0,2.0,A,15.0,14.0,4.0,5.0,12.0,9.0,8.0,3.0,2.0,0.0,0.0,0.0,1.83,3.4,4.5
F1,2018-09-16,Marseille,Guingamp,1764.83,1537.91,4.0,10.0,0.0,0.0,4.0,0.0,H,0.0,0.0,D,17.0,2.0,6.0,0.0,7.0,9.0,8.0,1.0,1.0,1.0,0.0,0.0,1.28,5.75,10.0
F1,2018-09-16,Nantes,Reims,1573.0,1584.6,4.0,7.0,3.0,7.0,0.0,0.0,D,0.0,0.0,D,12.0,7.0,6.0,0.0,13.0,12.0,7.0,7.0,3.0,4.0,0.0,0.0,1.9,3.25,4.33
F1,2018-09-21,Monaco,Nimes,1758.17,1561.43,1.0,5.0,1.0,7.0,1.0,1.0,D,1.0,1.0,D,15.0,9.0,4.0,2.0,15.0,15.0,5.0,5.0,1.0,2.0,0.0,0.0,1.75,4.0,4.33
F1,2018-09-22,Angers,Toulouse,1547.48,1566.76,6.0,6.0,7.0,10.0,0.0,0.0,D,0.0,0.0,D,16.0,7.0,4.0,0.0,14.0,14.0,4.0,4.0,1.0,2.0,0.0,0.0,2.14,3.2,3.6
F1,2018-09-22,Lille,Nantes,1565.61,1573.0,6.0,10.0,5.0,5.0,2.0,1.0,H,1.0,0.0,H,11.0,11.0,8.0,4.0,15.0,12.0,4.0,1.0,3.0,4.0,0.0,0.0,1.85,3.5,4.5
F1,2018-09-22,Montpellier,Nice,1606.21,1630.72,5.0,8.0,6.0,7.0,1.0,0.0,H,1.0,0.0,H,12.0,9.0,5.0,2.0,14.0,11.0,6.0,5.0,3.0,2.0,0.0,0.0,2.2,3.0,3.75
F1,2018-09-22,Reims,Dijon,1584.6,1583.13,1.0,7.0,3.0,9.0,0.0,0.0,D,0.0,0.0,D,11.0,6.0,2.0,0.0,15.0,14.0,9.0,3.0,1.0,1.0,0.0,0.0,2.04,3.3,3.8
F1,2018-09-22,St Etienne,Caen,1625.46,1510.2,2.0,6.0,5.0,6.0,2.0,1.0,H,0.0,1.0,A,23.0,9.0,7.0,2.0,3.0,20.0,9.0,6.0,2.0,3.0,0.0,0.0,1.64,3.5,6.5
F1,2018-09-22,Strasbourg,Amiens,1500.86,1547.42,1.0,5.0,4.0,4.0,3.0,1.0,H,0.0,1.0,A,13.0,8.0,6.0,3.0,16.0,13.0,1.0,1.0,1.0,4.0,0.0,0.0,1.8,3.3,5.25
F1,2018-09-23,Guingamp,Bordeaux,1537.91,1634.44,0.0,0.0,4.0,4.0,1.0,3.0,A,0.0,0.0,D,18.0,11.0,5.0,6.0,14.0,17.0,6.0,4.0,1.0,4.0,0.0,0.0,2.25,3.1,3.5
F1,2018-09-23,Lyon,Marseille,1754.84,1764.83,4.0,7.0,7.0,10.0,4.0,2.0,H,1.0,1.0,D,17.0,9.0,5.0,3.0,7.0,12.0,3.0,7.0,1.0,2.0,0.0,1.0,1.95,3.5,3.8
F1,2018-09-23,Rennes,Paris SG,1646.53,1900.98,4.0,7.0,9.0,15.0,1.0,3.0,A,1.0,1.0,D,14.0,15.0,4.0,6.0,11.0,17.0,9.0,4.0,2.0,3.0,0.0,0.0,7.5,4.5,1.4
F1,2018-09-25,Monaco,Angers,1758.17,1547.48,2.0,3.0,7.0,7.0,0.0,1.0,A,0.0,1.0,A,7.0,6.0,0.0,3.0,13.0,12.0,5.0,4.0,1.0,2.0,0.0,0.0,1.75,3.8,4.75
F1,2018-09-25,Nantes,Nice,1573.0,1630.72,4.0,5.0,6.0,7.0,1.0,2.0,A,0.0,1.0,A,10.0,12.0,3.0,5.0,12.0,15.0,8.0,8.0,1.0,2.0,0.0,0.0,2.4,3.2,3.1
F1,2018-09-25,Toulouse,St Etienne,1566.76,1625.46,5.0,11.0,4.0,6.0,2.0,3.0,A,0.0,1.0,A,20.0,14.0,6.0,8.0,13.0,14.0,4.0,2.0,1.0,2.0,0.0,0.0,2.6,3.0,3.0
F1,2018-09-26,Amiens,Rennes,1547.42,1646.53,1.0,4.0,3.0,7.0,2.0,1.0,H,0.0,0.0,D,12.0,15.0,3.0,2.0,11.0,18.0,9.0,6.0,0.0,2.0,0.0,1.0,3.25,3.1,2.4
F1,2018-09-26,Bordeaux,Lille,1634.44,1565.61,4.0,7.0,6.0,10.0,1.0,0.0,H,1.0,0.0,H,7.0,15.0,3.0,6.0,13.0,19.0,3.0,4.0,1.0,3.0,0.0,1.0,2.45,3.2,3.0
F1,2018-09-26,Caen,Montpellier,1510.2,1606.21,4.0,6.0,7.0,11.0,2.0,2.0,D,1.0,1.0,D,11.0,16.0,3.0,6.0,10.0,14.0,4.0,6.0,2.0,2.0,0.0,1.0,3.0,3.0,2.6
F1,2018-09-26,Dijon,Lyon,1583.13,1754.84,1.0,7.0,4.0,7.0,0.0,3.0,A,0.0,3.0,A,30.0,16.0,6.0,5.0,12.0,11.0,8.0,2.0,2.0,2.0,1.0,1.0,5.75,4.2,1.57
F1,2018-09-26,Marseille,Strasbourg,1764.83,1500.86,6.0,7.0,4.0,5.0,3.0,2.0,H,2.0,1.0,H,13.0,9.0,5.0,5.0,12.0,13.0,3.0,2.0,3.0,3.0,1.0,0.0,1.44,4.5,7.5
F1,2018-09-26,Nimes,Guingamp,1561.43,1537.91,2.0,5.0,0.0,0.0,0.0,0.0,D,0.0,0.0,D,7.0,9.0,2.0,3.0,11.0,12.0,4.0,3.0,3.0,3.0,0.0,0.0,1.95,3.6,3.8
F1,2018-09-26,Paris SG,Reims,1900.98,1584.6,9.0,15.0,2.0,5.0,4.0,1.0,H,3.0,1.0,H,15.0,9.0,7.0,3.0,12.0,13.0,8.0,4.0,0.0,1.0,0.0,0.0,1.12,9.0,21.0
F1,2018-09-28,St Etienne,Monaco,1625.46,1758.17,6.0,8.0,2.0,2.0,2.0,0.0,H,1.0,0.0,H,16.0,20.0,5.0,7.0,8.0,9.0,6.0,3.0,0.0,1.0,0.0,0.0,1.95,3.4,4.0
F1,2018-09-29,Angers,Guingamp,1547.48,1537.91,7.0,10.0,1.0,1.0,0.0,1.0,A,0.0,1.0,A,11.0,11.0,4.0,5.0,15.0,13.0,1.0,4.0,3.0,3.0,0.0,0.0,2.14,3.2,3.7
F1,2018-09-29,Caen,Amiens,1510.2,1547.42,2.0,6.0,3.0,7.0,1.0,0.0,H,1.0,0.0,H,12.0,7.0,4.0,2.0,15.0,11.0,7.0,4.0,2.0,2.0,0.0,1.0,2.14,3.25,3.6
F1,2018-09-29,Lyon,Nantes,1754.84,1573.0,7.0,10.0,1.0,5.0,1.0,1.0,D,1.0,0.0,H,20.0,19.0,7.0,4.0,15.0,12.0,10.0,10.0,3.0,4.0,0.0,0.0,1.3,5.75,9.5
F1,2018-09-29,Nice,Paris SG,1630.72,1900.98,6.0,9.0,9.0,15.0,0.0,3.0,A,0.0,1.0,A,9.0,21.0,1.0,8.0,13.0,12.0,3.0,7.0,3.0,2.0,1.0,0.0,7.5,5.5,1.36
F1,2018-09-29,Reims,Bordeaux,1584.6,1634.44,2.0,2.0,7.0,10.0,0.0,0.0,D,0.0,0.0,D,9.0,7.0,0.0,3.0,16.0,23.0,7.0,1.0,2.0,3.0,0.0,0.0,2.3,3.25,3.25
F1,2018-09-29,Strasbourg,Dijon,1500.86,1583.13,4.0,4.0,1.0,4.0,3.0,0.0,H,1.0,0.0,H,7.0,14.0,5.0,1.0,11.0,17.0,0.0,5.0,1.0,3.0,0.0,0.0,1.95,3.5,4.0
F1,2018-09-30,Lille,Marseille,1565.61,1764.83,6.0,9.0,6.0,10.0,3.0,0.0,H,0.0,0.0,D,16.0,8.0,4.0,3.0,8.0,14.0,5.0,2.0,1.0,3.0,0.0,0.0,3.1,3.4,2.3
F1,2018-09-30,Montpellier,Nimes,1606.21,1561.43,5.0,9.0,3.0,3.0,3.0,0.0,H,2.0,0.0,H,19.0,11.0,6.0,3.0,15.0,18.0,4.0,1.0,2.0,3.0,0.0,0.0,1.85,3.6,4.33
F1,2018-09-30,Rennes,Toulouse,1646.53,1566.76,0.0,4.0,2.0,8.0,1.0,1.0,D,0.0,0.0,D,22.0,5.0,7.0,2.0,17.0,14.0,7.0,3.0,1.0,4.0,0.0,1.0,1.95,3.5,4.0
F1,2018-10-05,Toulouse,Nice,1561.71,1620.69,2.0,6.0,3.0,9.0,1.0,1.0,D,0.0,1.0,A,13.0,11.0,2.0,2.0,17.0,14.0,3.0,2.0,1.0,2.0,0.0,0.0,2.37,3.3,3.1
F1,2018-10-06,Amiens,Dijon,1524.86,1544.36,3.0,4.0,1.0,1.0,1.0,0.0,H,1.0,0.0,H,8.0,10.0,2.0,3.0,19.0,18.0,6.0,2.0,0.0,0.0,0.0,0.0,2.4,3.25,3.1
F1,2018-10-06,Angers,Strasbourg,1558.19,1521.5,4.0,10.0,6.0,7.0,2.0,2.0,D,0.0,2.0,A,24.0,9.0,6.0,4.0,11.0,13.0,6.0,1.0,1.0,5.0,0.0,0.0,2.37,3.1,3.3
F1,2018-10-06,Guingamp,Montpellier,1531.97,1612.36,4.0,4.0,7.0,11.0,1.0,1.0,D,0.0,1.0,A,7.0,11.0,2.0,5.0,11.0,17.0,3.0,4.0,0.0,3.0,1.0,1.0,2.8,3.1,2.7
F1,2018-10-06,Lille,St Etienne,1589.54,1645.23,6.0,9.0,9.0,10.0,3.0,1.0,H,1.0,1.0,D,12.0,6.0,5.0,2.0,8.0,10.0,1.0,4.0,2.0,1.0,0.0,0.0,2.0,3.4,3.9
F1,2018-10-06,Nimes,Reims,1553.03,1576.1,2.0,3.0,2.0,3.0,0.0,0.0,D,0.0,0.0,D,17.0,9.0,5.0,2.0,13.0,11.0,9.0,1.0,1.0,1.0,0.0,0.0,2.3,3.3,3.2
F1,2018-10-07,Bordeaux,Nantes,1634.01,1558.22,7.0,8.0,1.0,5.0,3.0,0.0,H,3.0,0.0,H,16.0,12.0,7.0,2.0,19.0,15.0,4.0,6.0,1.0,1.0,0.0,0.0,2.25,3.2,3.4
F1,2018-10-07,Marseille,Caen,1725.11,1513.86,3.0,9.0,4.0,8.0,2.0,0.0,H,2.0,0.0,H,17.0,7.0,6.0,2.0,14.0,14.0,4.0,2.0,3.0,5.0,0.0,0.0,1.33,5.25,9.0
F1,2018-10-07,Monaco,Rennes,1710.27,1625.0,1.0,2.0,1.0,4.0,1.0,2.0,A,0.0,1.0,A,8.0,11.0,2.0,4.0,18.0,16.0,2.0,3.0,5.0,1.0,1.0,0.0,2.0,3.5,3.75
F1,2018-10-07,Paris SG,Lyon,1904.0,1769.11,9.0,15.0,7.0,8.0,5.0,0.0,H,1.0,0.0,H,14.0,16.0,8.0,6.0,11.0,16.0,2.0,10.0,2.0,4.0,1.0,1.0,1.33,5.5,8.5
F1,2018-10-19,Lyon,Nimes,1746.5,1539.62,4.0,8.0,2.0,4.0,2.0,0.0,H,1.0,0.0,H,13.0,23.0,5.0,6.0,10.0,11.0,7.0,7.0,1.0,2.0,0.0,0.0,1.3,5.5,9.5
F1,2018-10-20,Caen,Guingamp,1498.05,1520.2,4.0,5.0,5.0,5.0,0.0,0.0,D,0.0,0.0,D,4.0,7.0,2.0,2.0,17.0,5.0,3.0,2.0,0.0,0.0,0.0,0.0,2.1,3.25,3.75
F1,2018-10-20,Dijon,Lille,1525.07,1588.55,0.0,1.0,6.0,12.0,1.0,2.0,A,0.0,2.0,A,17.0,8.0,7.0,3.0,20.0,13.0,10.0,5.0,2.0,2.0,0.0,0.0,3.3,3.5,2.14
F1,2018-10-20,Nantes,Toulouse,1536.86,1549.29,1.0,2.0,2.0,4.0,4.0,0.0,H,2.0,0.0,H,18.0,5.0,9.0,2.0,12.0,13.0,4.0,3.0,3.0,1.0,0.0,0.0,2.0,3.3,4.0
F1,2018-10-20,Paris SG,Amiens,1902.85,1519.41,9.0,15.0,6.0,6.0,5.0,0.0,H,2.0,0.0,H,16.0,8.0,8.0,2.0,12.0,10.0,10.0,5.0,0.0,0.0,0.0,0.0,1.08,11.0,26.0
F1,2018-10-20,Reims,Angers,1564.79,1543.12,2.0,4.0,4.0,8.0,1.0,1.0,D,0.0,1.0,A,12.0,16.0,5.0,6.0,13.0,7.0,8.0,6.0,1.0,0.0,0.0,0.0,2.25,3.1,3.5
F1,2018-10-20,Strasbourg,Monaco,1511.84,1679.47,4.0,8.0,0.0,2.0,2.0,1.0,H,1.0,0.0,H,8.0,12.0,5.0,5.0,13.0,11.0,4.0,6.0,2.0,3.0,0.0,1.0,2.7,3.25,2.7
F1,2018-10-21,Montpellier,Bordeaux,1599.4,1618.1,5.0,9.0,7.0,11.0,2.0,0.0,H,1.0,0.0,H,13.0,12.0,4.0,3.0,13.0,11.0,2.0,3.0,2.0,3.0,0.0,0.0,2.14,3.25,3.6
F1,2018-10-21,Nice,Marseille,1608.37,1713.29,4.0,7.0,6.0,9.0,0.0,1.0,A,0.0,1.0,A,14.0,9.0,3.0,1.0,12.0,9.0,5.0,7.0,3.0,1.0,0.0,0.0,3.5,3.5,2.04
F1,2018-10-21,St Etienne,Rennes,1621.49,1611.94,6.0,9.0,4.0,4.0,1.0,1.0,D,1.0,1.0,D,8.0,15.0,2.0,5.0,13.0,11.0,2.0,4.0,1.0,1.0,0.0,0.0,2.14,3.2,3.75
F1,2018-10-26,Nimes,St Etienne,1539.62,1621.49,1.0,3.0,4.0,10.0,1.0,1.0,D,0.0,1.0,A,13.0,13.0,6.0,5.0,6.0,15.0,7.0,4.0,1.0,3.0,0.0,0.0,2.62,3.3,2.7
F1,2018-10-27,Amiens,Nantes,1519.41,1536.86,3.0,6.0,4.0,4.0,1.0,2.0,A,0.0,1.0,A,18.0,12.0,8.0,5.0,16.0,10.0,10.0,2.0,1.0,2.0,0.0,0.0,3.0,3.2,2.5
F1,2018-10-27,Angers,Lyon,1543.12,1746.5,2.0,6.0,4.0,10.0,1.0,2.0,A,0.0,0.0,D,14.0,9.0,4.0,5.0,9.0,10.0,7.0,0.0,2.0,5.0,1.0,0.0,3.8,3.6,1.95
F1,2018-10-27,Guingamp,Strasbourg,1520.2,1511.84,5.0,6.0,7.0,10.0,1.0,1.0,D,1.0,0.0,H,10.0,12.0,4.0,5.0,10.0,14.0,6.0,5.0,1.0,1.0,0.0,0.0,2.37,3.2,3.2
F1,2018-10-27,Lille,Caen,1588.55,1498.05,9.0,12.0,4.0,5.0,1.0,0.0,H,0.0,0.0,D,11.0,5.0,4.0,1.0,13.0,20.0,9.0,4.0,0.0,2.0,0.0,0.0,1.5,4.0,7.5
F1,2018-10-27,Monaco,Dijon,1679.47,1525.07,0.0,1.0,0.0,1.0,2.0,2.0,D,1.0,1.0,D,12.0,11.0,5.0,3.0,15.0,14.0,6.0,4.0,2.0,3.0,0.0,0.0,1.66,4.0,5.0
F1,2018-10-27,Toulouse,Montpellier,1549.29,1599.4,2.0,3.0,7.0,11.0,0.0,3.0,A,0.0,2.0,A,15.0,22.0,4.0,8.0,13.0,13.0,5.0,7.0,2.0,1.0,0.0,0.0,2.8,3.1,2.7
F1,2018-10-28,Bordeaux,Nice,1618.1,1608.37,4.0,10.0,1.0,4.0,0.0,1.0,A,0.0,0.0,D,23.0,13.0,7.0,2.0,13.0,13.0,5.0,2.0,2.0,3.0,0.0,0.0,2.3,3.3,3.25
F1,2018-10-28,Marseille,Paris SG,1713.29,1902.85,6.0,9.0,9.0,15.0,0.0,2.0,A,0.0,0.0,D,12.0,11.0,2.0,5.0,8.0,11.0,5.0,7.0,4.0,2.0,0.0,0.0,6.0,5.0,1.44
F1,2018-10-28,Rennes,Reims,1611.94,1564.79,5.0,5.0,3.0,4.0,0.0,2.0,A,0.0,1.0,A,11.0,6.0,5.0,3.0,16.0,17.0,11.0,2.0,3.0,2.0,0.0,0.0,1.7,3.4,5.75
F1,2018-11-02,Paris SG,Lille,1898.37,1591.52,9.0,15.0,9.0,12.0,2.0,1.0,H,0.0,0.0,D,19.0,6.0,5.0,2.0,16.0,12.0,8.0,0.0,2.0,3.0,0.0,0.0,1.16,8.0,15.0
F1,2018-11-03,Caen,Rennes,1483.27,1580.25,1.0,5.0,4.0,5.0,1.0,2.0,A,0.0,0.0,D,12.0,22.0,3.0,10.0,13.0,11.0,2.0,4.0,1.0,2.0,0.0,0.0,3.5,3.25,2.2
F1,2018-11-03,Dijon,Nimes,1513.38,1527.56,1.0,1.0,2.0,3.0,0.0,4.0,A,0.0,2.0,A,23.0,11.0,7.0,6.0,12.0,13.0,7.0,3.0,1.0,0.0,0.0,0.0,2.14,3.4,3.4
F1,2018-11-03,Lyon,Bordeaux,1747.05,1586.28,6.0,10.0,3.0,7.0,1.0,1.0,D,1.0,0.0,H,6.0,17.0,2.0,3.0,18.0,16.0,5.0,5.0,1.0,1.0,0.0,0.0,1.44,4.75,7.0
F1,2018-11-03,Nice,Amiens,1601.74,1499.38,4.0,7.0,3.0,6.0,1.0,0.0,H,1.0,0.0,H,7.0,13.0,4.0,7.0,8.0,9.0,1.0,4.0,1.0,0.0,0.0,0.0,1.72,3.6,5.25
F1,2018-11-03,Reims,Monaco,1568.5,1655.46,5.0,6.0,1.0,1.0,1.0,0.0,H,1.0,0.0,H,8.0,5.0,4.0,1.0,12.0,16.0,2.0,4.0,0.0,3.0,1.0,1.0,2.5,3.3,2.87
F1,2018-11-03,Strasbourg,Toulouse,1514.67,1512.8,5.0,8.0,1.0,2.0,1.0,1.0,D,0.0,0.0,D,18.0,5.0,2.0,2.0,8.0,4.0,10.0,3.0,2.0,1.0,0.0,0.0,1.85,3.6,4.33
F1,2018-11-04,Montpellier,Marseille,1613.37,1691.69,7.0,11.0,6.0,9.0,3.0,0.0,H,0.0,0.0,D,14.0,11.0,6.0,2.0,12.0,14.0,2.0,6.0,0.0,3.0,0.0,0.0,3.0,3.2,2.5
F1,2018-11-04,Nantes,Guingamp,1550.19,1510.41,6.0,7.0,3.0,7.0,5.0,0.0,H,1.0,0.0,H,19.0,4.0,10.0,0.0,10.0,13.0,8.0,5.0,0.0,2.0,0.0,0.0,1.83,3.5,4.5
F1,2018-11-04,St Etienne,Angers,1609.6,1531.78,2.0,8.0,2.0,5.0,4.0,3.0,H,2.0,2.0,D,18.0,10.0,9.0,6.0,8.0,10.0,9.0,5.0,1.0,1.0,0.0,0.0,1.95,3.3,4.2
F1,2018-11-09,Lille,Strasbourg,1591.52,1514.67,6.0,12.0,5.0,9.0,0.0,0.0,D,0.0,0.0,D,22.0,4.0,8.0,1.0,9.0,14.0,7.0,0.0,0.0,2.0,0.0,0.0,1.72,3.75,5.0
F1,2018-11-10,Angers,Montpellier,1531.78,1613.37,1.0,2.0,9.0,13.0,1.0,0.0,H,0.0,0.0,D,10.0,10.0,3.0,3.0,16.0,13.0,5.0,3.0,1.0,2.0,0.0,0.0,3.0,3.1,2.6
F1,2018-11-10,Guingamp,Lyon,1510.41,1747.05,2.0,6.0,7.0,8.0,2.0,4.0,A,1.0,0.0,H,9.0,19.0,2.0,6.0,13.0,18.0,6.0,0.0,1.0,2.0,0.0,0.0,5.0,4.0,1.66
F1,2018-11-10,Nimes,Nice,1527.56,1601.74,4.0,5.0,6.0,7.0,0.0,1.0,A,0.0,0.0,D,8.0,13.0,3.0,8.0,11.0,16.0,4.0,6.0,4.0,5.0,2.0,0.0,2.3,3.25,3.25
F1,2018-11-10,St Etienne,Reims,1609.6,1568.5,5.0,8.0,7.0,9.0,2.0,0.0,H,2.0,0.0,H,14.0,14.0,5.0,3.0,10.0,21.0,5.0,6.0,3.0,1.0,0.0,0.0,1.8,3.5,4.75
F1,2018-11-10,Toulouse,Amiens,1512.8,1499.38,1.0,3.0,0.0,3.0,0.0,1.0,A,0.0,1.0,A,23.0,7.0,6.0,2.0,11.0,15.0,7.0,3.0,3.0,1.0,0.0,0.0,2.14,3.2,3.6
F1,2018-11-11,Bordeaux,Caen,1586.28,1483.27,1.0,5.0,1.0,4.0,0.0,0.0,D,0.0,0.0,D,16.0,9.0,6.0,1.0,12.0,14.0,3.0,6.0,4.0,3.0,0.0,0.0,1.85,3.5,4.5
F1,2018-11-11,Marseille,Dijon,1691.69,1513.38,3.0,6.0,1.0,1.0,2.0,0.0,H,1.0,0.0,H,16.0,9.0,3.0,3.0,9.0,17.0,10.0,4.0,0.0,2.0,0.0,0.0,1.33,4.75,11.0
F1,2018-11-11,Monaco,Paris SG,1655.46,1898.37,1.0,1.0,9.0,15.0,0.0,4.0,A,0.0,2.0,A,15.0,14.0,2.0,9.0,15.0,10.0,6.0,9.0,0.0,0.0,0.0,0.0,11.0,6.5,1.25
F1,2018-11-11,Rennes,Nantes,1580.25,1550.19,4.0,8.0,9.0,10.0,1.0,1.0,D,1.0,1.0,D,14.0,7.0,4.0,3.0,15.0,17.0,8.0,4.0,4.0,3.0,0.0,0.0,2.14,3.3,3.6
F1,2018-11-23,Lyon,St Etienne,1733.56,1612.47,7.0,10.0,7.0,8.0,1.0,0.0,H,0.0,0.0,D,13.0,16.0,1.0,3.0,10.0,16.0,6.0,8.0,1.0,2.0,1.0,0.0,1.57,4.2,5.75
F1,2018-11-24,Caen,Monaco,1470.07,1608.1,1.0,2.0,1.0,1.0,0.0,1.0,A,0.0,0.0,D,9.0,10.0,1.0,4.0,16.0,20.0,7.0,4.0,2.0,3.0,0.0,0.0,3.25,3.25,2.3
F1,2018-11-24,Dijon,Bordeaux,1481.04,1577.95,1.0,1.0,2.0,5.0,0.0,0.0,D,0.0,0.0,D,14.0,11.0,4.0,0.0,18.0,12.0,6.0,6.0,2.0,1.0,0.0,0.0,2.87,3.25,2.54
F1,2018-11-24,Nantes,Angers,1554.75,1525.46,7.0,10.0,3.0,5.0,1.0,1.0,D,0.0,1.0,A,24.0,7.0,8.0,1.0,13.0,12.0,8.0,2.0,2.0,3.0,0.0,0.0,2.0,3.2,4.2
F1,2018-11-24,Paris SG,Toulouse,1897.11,1493.8,9.0,15.0,1.0,2.0,1.0,0.0,H,1.0,0.0,H,9.0,11.0,2.0,3.0,12.0,9.0,7.0,6.0,0.0,0.0,0.0,0.0,1.14,9.0,15.0
F1,2018-11-24,Reims,Guingamp,1558.39,1481.53,6.0,8.0,1.0,3.0,2.0,1.0,H,1.0,0.0,H,10.0,6.0,3.0,4.0,12.0,10.0,5.0,2.0,1.0,4.0,0.0,0.0,2.0,3.2,4.2
F1,2018-11-24,Strasbourg,Nimes,1505.97,1526.76,3.0,7.0,4.0,5.0,0.0,1.0,A,0.0,0.0,D,12.0,14.0,4.0,3.0,12.0,8.0,7.0,8.0,3.0,1.0,1.0,0.0,2.1,3.4,3.6
F1,2018-11-25,Amiens,Marseille,1494.09,1666.28,3.0,6.0,3.0,9.0,1.0,3.0,A,1.0,1.0,D,9.0,21.0,3.0,9.0,14.0,11.0,5.0,8.0,2.0,2.0,0.0,0.0,4.6,3.75,1.75
F1,2018-11-25,Montpellier,Rennes,1608.6,1569.2,6.0,10.0,4.0,8.0,2.0,2.0,D,1.0,1.0,D,15.0,16.0,4.0,7.0,13.0,16.0,2.0,5.0,3.0,1.0,0.0,0.0,2.3,3.0,3.6
F1,2018-11-25,Nice,Lille,1603.24,1575.89,9.0,10.0,4.0,10.0,2.0,0.0,H,1.0,0.0,H,11.0,9.0,4.0,2.0,10.0,18.0,4.0,12.0,1.0,4.0,0.0,0.0,2.6,3.1,3.0
F1,2018-11-30,St Etienne,Nantes,1612.47,1554.75,6.0,8.0,5.0,11.0,3.0,0.0,H,0.0,0.0,D,16.0,7.0,4.0,1.0,16.0,17.0,8.0,1.0,1.0,2.0,0.0,0.0,2.04,3.4,3.75
F1,2018-12-01,Angers,Caen,1534.13,1470.66,4.0,5.0,1.0,2.0,1.0,1.0,D,0.0,0.0,D,11.0,8.0,4.0,3.0,15.0,8.0,6.0,2.0,1.0,2.0,0.0,0.0,1.72,3.75,5.0
F1,2018-12-01,Guingamp,Nice,1482.9,1618.26,0.0,2.0,9.0,12.0,0.0,0.0,D,0.0,0.0,D,12.0,10.0,2.0,1.0,6.0,11.0,4.0,1.0,1.0,1.0,0.0,0.0,2.7,3.2,2.75
F1,2018-12-01,Lille,Lyon,1573.61,1748.43,1.0,7.0,7.0,13.0,2.0,2.0,D,2.0,0.0,H,13.0,18.0,6.0,5.0,14.0,8.0,4.0,6.0,2.0,1.0,0.0,0.0,2.75,3.3,2.6
F1,2018-12-01,Monaco,Montpellier,1618.57,1612.41,3.0,4.0,4.0,10.0,1.0,2.0,A,1.0,0.0,H,13.0,15.0,2.0,3.0,6.0,20.0,4.0,3.0,0.0,0.0,0.0,0.0,2.54,3.3,2.8
F1,2018-12-01,Nimes,Amiens,1541.76,1493.36,6.0,7.0,3.0,3.0,3.0,0.0,H,1.0,0.0,H,13.0,9.0,7.0,2.0,10.0,12.0,5.0,2.0,1.0,4.0,0.0,0.0,1.9,3.6,4.2
F1,2018-12-02,Bordeaux,Paris SG,1591.76,1910.58,3.0,3.0,9.0,15.0,2.0,2.0,D,0.0,1.0,A,18.0,9.0,4.0,2.0,12.0,12.0,4.0,4.0,1.0,2.0,0.0,0.0,10.0,5.5,1.28
F1,2018-12-02,Marseille,Reims,1671.07,1569.76,6.0,9.0,6.0,10.0,0.0,0.0,D,0.0,0.0,D,16.0,12.0,5.0,4.0,16.0,12.0,13.0,1.0,2.0,1.0,0.0,0.0,1.4,4.75,7.5
F1,2018-12-02,Rennes,Strasbourg,1586.68,1503.71,5.0,6.0,2.0,6.0,1.0,4.0,A,1.0,2.0,A,12.0,14.0,2.0,8.0,8.0,10.0,10.0,3.0,3.0,1.0,0.0,0.0,1.7,3.75,5.0
F1,2018-12-02,Toulouse,Dijon,1499.34,1488.68,1.0,1.0,1.0,2.0,2.0,2.0,D,0.0,1.0,A,12.0,14.0,3.0,5.0,12.0,17.0,2.0,5.0,1.0,3.0,1.0,0.0,2.0,3.4,3.75
F1,2018-12-04,Amiens,Monaco,1493.36,1618.57,3.0,3.0,3.0,4.0,0.0,2.0,A,0.0,1.0,A,15.0,6.0,2.0,4.0,21.0,17.0,5.0,2.0,2.0,3.0,1.0,0.0,2.9,3.3,2.45
F1,2018-12-04,Montpellier,Lille,1612.41,1573.61,4.0,10.0,2.0,5.0,0.0,1.0,A,0.0,1.0,A,16.0,13.0,4.0,6.0,15.0,10.0,8.0,8.0,2.0,2.0,0.0,0.0,2.1,3.2,3.75
F1,2018-12-04,Nice,Angers,1618.26,1534.13,7.0,13.0,5.0,5.0,0.0,0.0,D,0.0,0.0,D,16.0,8.0,5.0,2.0,10.0,17.0,7.0,2.0,3.0,1.0,0.0,1.0,2.0,3.2,4.2
F1,2018-12-05,Bordeaux,St Etienne,1591.76,1624.47,3.0,4.0,6.0,10.0,3.0,2.0,H,1.0,1.0,D,13.0,14.0,5.0,4.0,13.0,12.0,3.0,7.0,2.0,3.0,0.0,0.0,2.5,3.1,3.1
F1,2018-12-05,Caen,Nimes,1470.66,1541.76,2.0,2.0,6.0,10.0,1.0,2.0,A,0.0,1.0,A,11.0,23.0,3.0,7.0,19.0,14.0,0.0,6.0,1.0,3.0,0.0,0.0,2.8,3.1,2.75
F1,2018-12-05,Dijon,Guingamp,1488.68,1482.9,2.0,3.0,1.0,2.0,2.0,1.0,H,1.0,0.0,H,9.0,21.0,3.0,9.0,19.0,17.0,2.0,9.0,6.0,1.0,1.0,0.0,2.25,3.25,3.4
F1,2018-12-05,Lyon,Rennes,1748.43,1586.68,7.0,11.0,2.0,5.0,0.0,2.0,A,0.0,2.0,A,15.0,10.0,8.0,2.0,14.0,12.0,5.0,2.0,1.0,0.0,0.0,0.0,1.53,4.2,6.5
F1,2018-12-05,Nantes,Marseille,1549.28,1671.07,2.0,8.0,7.0,7.0,3.0,2.0,H,2.0,2.0,D,11.0,8.0,4.0,3.0,16.0,11.0,8.0,7.0,0.0,1.0,0.0,0.0,3.1,3.3,2.35
F1,2018-12-05,Reims,Toulouse,1569.76,1499.34,4.0,10.0,1.0,2.0,0.0,1.0,A,0.0,1.0,A,22.0,7.0,7.0,3.0,15.0,22.0,10.0,3.0,3.0,6.0,0.0,1.0,1.95,3.2,4.5
F1,2018-12-05,Strasbourg,Paris SG,1503.71,1910.58,4.0,6.0,7.0,13.0,1.0,1.0,D,1.0,0.0,H,4.0,20.0,2.0,5.0,12.0,14.0,3.0,11.0,2.0,3.0,0.0,0.0,8.0,5.75,1.33
F1,2018-12-08,Guingamp,Amiens,1482.9,1493.36,1.0,1.0,0.0,3.0,1.0,2.0,A,0.0,0.0,D,16.0,11.0,2.0,3.0,16.0,15.0,12.0,0.0,1.0,4.0,1.0,0.0,2.0,3.2,4.2
F1,2018-12-08,Rennes,Dijon,1586.68,1488.68,4.0,8.0,5.0,5.0,2.0,0.0,H,0.0,0.0,D,21.0,7.0,10.0,3.0,10.0,16.0,8.0,4.0,1.0,2.0,0.0,0.0,1.57,3.8,6.5
F1,2018-12-09,Lille,Reims,1573.61,1569.76,4.0,5.0,4.0,7.0,1.0,1.0,D,0.0,0.0,D,12.0,8.0,3.0,3.0,14.0,24.0,5.0,4.0,1.0,3.0,0.0,0.0,1.8,3.4,5.0
F1,2018-12-09,Strasbourg,Caen,1503.71,1470.66,4.0,6.0,1.0,2.0,2.0,2.0,D,2.0,1.0,H,10.0,5.0,4.0,3.0,11.0,13.0,8.0,4.0,1.0,1.0,0.0,0.0,1.75,3.5,5.25
F1,2018-12-15,Reims,Strasbourg,1565.67,1528.82,2.0,5.0,5.0,6.0,2.0,1.0,H,1.0,0.0,H,12.0,5.0,5.0,3.0,19.0,16.0,6.0,3.0,1.0,1.0,0.0,0.0,2.25,3.1,3.5
F1,2018-12-16,Lyon,Monaco,1730.92,1612.25,4.0,8.0,6.0,6.0,3.0,0.0,H,2.0,0.0,H,21.0,4.0,11.0,1.0,14.0,9.0,7.0,1.0,1.0,2.0,0.0,1.0,1.44,4.75,7.0
F1,2018-12-16,Nice,St Etienne,1613.29,1618.06,5.0,11.0,3.0,9.0,1.0,1.0,D,0.0,0.0,D,23.0,11.0,7.0,4.0,6.0,20.0,7.0,6.0,2.0,3.0,1.0,1.0,2.25,3.1,3.5
F1,2018-12-16,Nimes,Lille,1560.0,1586.7,9.0,12.0,5.0,6.0,2.0,3.0,A,0.0,2.0,A,17.0,7.0,6.0,6.0,21.0,12.0,6.0,2.0,3.0,3.0,0.0,1.0,2.5,3.0,3.2
F1,2018-12-18,Caen,Toulouse,1470.76,1510.16,2.0,3.0,4.0,5.0,2.0,1.0,H,1.0,1.0,D,13.0,7.0,7.0,2.0,15.0,27.0,2.0,3.0,2.0,2.0,0.0,0.0,2.5,3.1,3.1
F1,2018-12-22,Angers,Marseille,1535.76,1639.84,3.0,6.0,4.0,7.0,1.0,1.0,D,1.0,0.0,H,15.0,14.0,4.0,2.0,9.0,14.0,6.0,4.0,1.0,3.0,0.0,0.0,3.75,3.4,2.04
F1,2018-12-22,Lille,Toulouse,1586.7,1510.16,7.0,8.0,4.0,4.0,1.0,2.0,A,1.0,0.0,H,17.0,6.0,5.0,3.0,11.0,18.0,6.0,7.0,3.0,4.0,0.0,0.0,1.72,3.5,5.5
F1,2018-12-22,Monaco,Guingamp,1612.25,1470.46,3.0,6.0,1.0,1.0,0.0,2.0,A,0.0,0.0,D,5.0,9.0,2.0,3.0,19.0,15.0,8.0,6.0,2.0,4.0,0.0,0.0,1.9,3.5,4.33
F1,2018-12-22,Montpellier,Lyon,1612.25,1730.92,4.0,7.0,4.0,10.0,1.0,1.0,D,0.0,0.0,D,13.0,10.0,4.0,3.0,20.0,11.0,6.0,2.0,2.0,1.0,0.0,0.0,3.3,3.3,2.25
F1,2018-12-22,Paris SG,Nantes,1906.56,1560.22,5.0,11.0,4.0,8.0,1.0,0.0,H,0.0,0.0,D,23.0,11.0,3.0,2.0,7.0,11.0,9.0,1.0,2.0,0.0,0.0,0.0,1.14,9.0,15.0
F1,2018-12-22,Reims,Caen,1565.67,1470.76,4.0,8.0,4.0,5.0,2.0,2.0,D,1.0,2.0,A,19.0,7.0,11.0,2.0,9.0,16.0,10.0,2.0,3.0,3.0,0.0,0.0,1.8,3.5,4.75
F1,2018-12-22,Rennes,Nimes,1599.28,1560.0,6.0,8.0,6.0,9.0,4.0,0.0,H,2.0,0.0,H,13.0,18.0,7.0,6.0,11.0,13.0,2.0,7.0,1.0,2.0,0.0,0.0,1.83,3.5,4.5
F1,2018-12-22,St Etienne,Dijon,1618.06,1491.37,4.0,7.0,4.0,5.0,3.0,0.0,H,1.0,0.0,H,18.0,7.0,9.0,2.0,13.0,17.0,5.0,3.0,4.0,3.0,0.0,0.0,1.53,4.33,6.0
F1,2018-12-22,Strasbourg,Nice,1528.82,1613.29,2.0,5.0,3.0,9.0,2.0,0.0,H,2.0,0.0,H,11.0,9.0,5.0,4.0,15.0,12.0,2.0,4.0,2.0,0.0,0.0,0.0,2.37,3.2,3.1
F1,2018-12-23,Bordeaux,Amiens,1616.78,1485.64,5.0,7.0,3.0,6.0,1.0,1.0,D,1.0,0.0,H,9.0,8.0,4.0,4.0,10.0,10.0,6.0,6.0,0.0,2.0,0.0,0.0,1.61,3.75,6.0
F1,2019-01-08,Amiens,Angers,1490.4,1537.35,4.0,4.0,3.0,7.0,0.0,0.0,D,0.0,0.0,D,21.0,7.0,5.0,2.0,13.0,7.0,4.0,7.0,0.0,1.0,0.0,0.0,3.2,3.0,2.4
F1,2019-01-08,Nantes,Montpellier,1559.02,1614.43,3.0,5.0,4.0,5.0,2.0,0.0,H,0.0,0.0,D,16.0,9.0,5.0,2.0,17.0,9.0,4.0,3.0,1.0,2.0,0.0,1.0,2.6,3.1,2.9
F1,2019-01-11,Caen,Lille,1482.61,1583.53,5.0,6.0,4.0,8.0,1.0,3.0,A,0.0,2.0,A,9.0,12.0,3.0,7.0,14.0,18.0,4.0,2.0,3.0,1.0,0.0,1.0,3.8,3.25,2.1
F1,2019-01-11,Lyon,Reims,1735.56,1567.74,4.0,8.0,5.0,6.0,1.0,1.0,D,0.0,1.0,A,15.0,9.0,5.0,5.0,14.0,7.0,8.0,0.0,0.0,1.0,0.0,0.0,1.45,4.5,7.5
F1,2019-01-12,Amiens,Paris SG,1490.4,1907.76,5.0,5.0,5.0,11.0,0.0,3.0,A,0.0,0.0,D,4.0,20.0,1.0,9.0,16.0,16.0,1.0,8.0,3.0,0.0,1.0,0.0,17.0,7.5,1.16
F1,2019-01-12,Guingamp,St Etienne,1488.03,1626.1,3.0,4.0,4.0,7.0,0.0,1.0,A,0.0,1.0,A,11.0,4.0,2.0,2.0,10.0,12.0,9.0,4.0,0.0,1.0,0.0,0.0,2.87,3.2,2.5
F1,2019-01-12,Nice,Bordeaux,1599.08,1612.01,2.0,6.0,5.0,7.0,1.0,0.0,H,1.0,0.0,H,9.0,18.0,3.0,4.0,17.0,17.0,5.0,5.0,2.0,3.0,0.0,0.0,2.2,3.2,3.6
F1,2019-01-13,Dijon,Montpellier,1484.63,1614.43,3.0,5.0,1.0,5.0,1.0,1.0,D,0.0,0.0,D,13.0,13.0,7.0,6.0,21.0,14.0,3.0,7.0,2.0,0.0,0.0,0.0,3.25,3.3,2.3
F1,2019-01-13,Marseille,Monaco,1638.25,1587.86,2.0,8.0,3.0,6.0,1.0,1.0,D,1.0,1.0,D,14.0,8.0,3.0,3.0,12.0,10.0,6.0,3.0,2.0,1.0,0.0,0.0,1.57,4.0,6.0
F1,2019-01-13,Nantes,Rennes,1559.02,1610.59,6.0,7.0,9.0,10.0,0.0,1.0,A,0.0,1.0,A,24.0,6.0,3.0,1.0,13.0,16.0,4.0,3.0,5.0,3.0,0.0,0.0,2.55,3.3,2.8
F1,2019-01-13,Toulouse,Strasbourg,1513.9,1535.8,6.0,7.0,4.0,8.0,1.0,2.0,A,1.0,1.0,D,17.0,12.0,4.0,5.0,9.0,8.0,7.0,4.0,1.0,1.0,0.0,0.0,2.5,3.2,3.0
F1,2019-01-15,Angers,Bordeaux,1537.39,1604.8,3.0,5.0,4.0,6.0,1.0,2.0,A,0.0,1.0,A,19.0,9.0,8.0,4.0,10.0,9.0,9.0,7.0,1.0,0.0,0.0,0.0,2.5,3.0,3.0
F1,2019-01-16,Guingamp,Rennes,1482.35,1618.96,3.0,4.0,9.0,12.0,2.0,1.0,H,1.0,0.0,H,7.0,17.0,2.0,3.0,10.0,14.0,7.0,4.0,2.0,3.0,0.0,0.0,2.87,3.2,2.55
F1,2019-01-16,Monaco,Nice,1590.6,1606.3,1.0,4.0,4.0,6.0,1.0,1.0,D,0.0,1.0,A,13.0,6.0,5.0,2.0,13.0,9.0,10.0,2.0,2.0,2.0,0.0,1.0,2.3,3.2,3.3
F1,2019-01-16,Nimes,Nantes,1540.14,1562.52,3.0,9.0,3.0,6.0,1.0,0.0,H,0.0,0.0,D,10.0,11.0,2.0,3.0,13.0,11.0,5.0,4.0,0.0,0.0,0.0,0.0,2.37,3.25,3.1
F1,2019-01-16,St Etienne,Marseille,1631.78,1635.51,7.0,10.0,2.0,6.0,2.0,1.0,H,0.0,1.0,A,11.0,15.0,5.0,4.0,13.0,14.0,4.0,2.0,0.0,0.0,0.0,0.0,2.25,3.5,3.1
F1,2019-01-16,Toulouse,Lyon,1505.24,1730.01,3.0,7.0,5.0,6.0,2.0,2.0,D,1.0,0.0,H,6.0,22.0,4.0,5.0,12.0,10.0,4.0,10.0,4.0,3.0,0.0,0.0,5.25,3.75,1.66
F1,2019-01-18,Lille,Amiens,1593.19,1488.01,6.0,10.0,2.0,5.0,2.0,1.0,H,1.0,1.0,D,17.0,2.0,3.0,1.0,8.0,18.0,4.0,3.0,0.0,3.0,0.0,0.0,1.65,3.6,5.75
F1,2019-01-19,Monaco,Strasbourg,1590.6,1544.46,2.0,5.0,6.0,8.0,1.0,5.0,A,1.0,2.0,A,9.0,16.0,5.0,6.0,13.0,9.0,3.0,7.0,4.0,2.0,1.0,1.0,1.9,3.5,4.0
F1,2019-01-19,Nimes,Toulouse,1540.14,1505.24,3.0,9.0,4.0,7.0,0.0,1.0,A,0.0,1.0,A,18.0,11.0,6.0,4.0,17.0,13.0,8.0,2.0,3.0,1.0,0.0,0.0,1.95,3.6,3.8
F1,2019-01-19,Paris SG,Guingamp,1910.11,1482.35,7.0,11.0,6.0,6.0,9.0,0.0,H,3.0,0.0,H,26.0,2.0,12.0,0.0,11.0,7.0,8.0,1.0,1.0,0.0,0.0,0.0,1.1,10.0,26.0
F1,2019-01-19,Reims,Nice,1573.29,1606.3,5.0,6.0,4.0,6.0,1.0,1.0,D,1.0,0.0,H,10.0,9.0,2.0,5.0,16.0,10.0,2.0,7.0,0.0,3.0,0.0,0.0,2.25,3.0,3.7
F1,2019-01-20,Angers,Nantes,1537.39,1562.52,2.0,4.0,3.0,6.0,1.0,0.0,H,0.0,0.0,D,4.0,13.0,3.0,4.0,9.0,20.0,3.0,6.0,2.0,3.0,0.0,0.0,2.45,3.1,3.1
F1,2019-01-20,Bordeaux,Dijon,1604.8,1486.63,4.0,8.0,1.0,5.0,1.0,0.0,H,0.0,0.0,D,13.0,10.0,5.0,3.0,12.0,13.0,2.0,2.0,3.0,3.0,0.0,1.0,1.66,3.6,5.75
F1,2019-01-20,Caen,Marseille,1472.95,1635.51,4.0,5.0,2.0,3.0,0.0,1.0,A,0.0,0.0,D,9.0,9.0,4.0,1.0,19.0,16.0,5.0,4.0,6.0,3.0,1.0,0.0,4.33,3.6,1.85
F1,2019-01-20,Rennes,Montpellier,1618.96,1600.56,6.0,12.0,2.0,5.0,0.0,0.0,D,0.0,0.0,D,16.0,13.0,1.0,3.0,13.0,18.0,6.0,0.0,2.0,2.0,0.0,0.0,2.05,3.4,3.8
F1,2019-01-20,St Etienne,Lyon,1631.78,1730.01,9.0,10.0,3.0,6.0,1.0,2.0,A,1.0,0.0,H,15.0,23.0,9.0,7.0,18.0,7.0,4.0,4.0,2.0,2.0,0.0,0.0,3.1,3.5,2.25
F1,2019-01-23,Nimes,Angers,1540.14,1537.39,3.0,6.0,4.0,6.0,3.0,1.0,H,2.0,0.0,H,15.0,11.0,6.0,4.0,12.0,9.0,9.0,2.0,1.0,2.0,0.0,0.0,2.05,3.4,3.8
F1,2019-01-25,Marseille,Lille,1635.51,1593.19,4.0,5.0,6.0,10.0,1.0,2.0,A,0.0,1.0,A,15.0,9.0,5.0,3.0,14.0,7.0,9.0,6.0,5.0,3.0,1.0,0.0,2.3,3.25,3.2
F1,2019-01-26,Dijon,Monaco,1486.63,1590.6,1.0,4.0,2.0,2.0,2.0,0.0,H,1.0,0.0,H,13.0,18.0,7.0,5.0,15.0,9.0,3.0,5.0,3.0,2.0,0.0,1.0,2.9,3.3,2.37
F1,2019-01-26,Guingamp,Reims,1482.35,1573.29,3.0,6.0,3.0,7.0,0.0,1.0,A,0.0,1.0,A,6.0,7.0,2.0,3.0,12.0,13.0,4.0,4.0,1.0,2.0,1.0,0.0,2.5,3.1,3.1
F1,2019-01-26,Nice,Nimes,1606.3,1540.14,5.0,6.0,6.0,6.0,2.0,0.0,H,1.0,0.0,H,15.0,14.0,7.0,7.0,10.0,13.0,6.0,4.0,1.0,3.0,0.0,0.0,2.1,3.2,3.75
F1,2019-01-26,Strasbourg,Bordeaux,1544.46,1604.8,9.0,10.0,6.0,10.0,1.0,0.0,H,0.0,0.0,D,10.0,11.0,5.0,1.0,19.0,18.0,5.0,4.0,2.0,2.0,0.0,0.0,2.4,3.2,3.1
F1,2019-01-27,Amiens,Lyon,1488.01,1730.01,1.0,5.0,5.0,9.0,0.0,1.0,A,0.0,0.0,D,12.0,18.0,2.0,11.0,17.0,15.0,3.0,4.0,1.0,3.0,0.0,0.0,6.5,4.2,1.53
F1,2019-01-27,Montpellier,Caen,1600.56,1472.95,2.0,3.0,1.0,5.0,2.0,0.0,H,0.0,0.0,D,11.0,9.0,6.0,1.0,15.0,17.0,4.0,3.0,1.0,1.0,0.0,0.0,1.72,3.5,5.5
F1,2019-01-27,Paris SG,Rennes,1910.11,1618.96,9.0,11.0,4.0,10.0,4.0,1.0,H,1.0,1.0,D,16.0,10.0,7.0,3.0,8.0,7.0,2.0,1.0,1.0,2.0,0.0,0.0,1.22,6.5,12.0
F1,2019-01-27,Toulouse,Angers,1505.24,1537.39,4.0,7.0,3.0,5.0,0.0,0.0,D,0.0,0.0,D,14.0,13.0,4.0,3.0,13.0,11.0,4.0,5.0,1.0,1.0,0.0,0.0,2.2,3.2,3.5
F1,2019-01-30,Nantes,St Etienne,1562.52,1631.78,0.0,3.0,6.0,10.0,1.0,1.0,D,0.0,0.0,D,13.0,10.0,3.0,4.0,12.0,12.0,7.0,6.0,2.0,1.0,1.0,1.0,2.75,3.1,2.75
F1,2019-02-01,Lille,Nice,1607.77,1615.36,9.0,12.0,5.0,8.0,4.0,0.0,H,2.0,0.0,H,15.0,5.0,7.0,2.0,16.0,7.0,4.0,1.0,2.0,0.0,0.0,1.0,1.8,3.6,4.75
F1,2019-02-02,Angers,Dijon,1528.91,1495.34,4.0,5.0,4.0,4.0,1.0,0.0,H,1.0,0.0,H,12.0,7.0,5.0,2.0,14.0,11.0,4.0,8.0,0.0,0.0,0.0,0.0,2.0,3.3,4.0
F1,2019-02-02,Monaco,Toulouse,1556.01,1519.13,1.0,2.0,5.0,8.0,2.0,1.0,H,1.0,1.0,D,13.0,10.0,3.0,3.0,11.0,16.0,6.0,5.0,2.0,3.0,0.0,0.0,1.72,3.6,5.25
F1,2019-02-02,Reims,Marseille,1580.0,1623.83,5.0,9.0,3.0,5.0,2.0,1.0,H,1.0,0.0,H,9.0,13.0,4.0,5.0,11.0,15.0,6.0,5.0,3.0,0.0,0.0,0.0,2.7,3.25,2.7
F1,2019-02-02,Rennes,Amiens,1604.42,1480.09,1.0,7.0,0.0,2.0,1.0,0.0,H,0.0,0.0,D,15.0,8.0,4.0,1.0,11.0,12.0,7.0,4.0,1.0,3.0,0.0,0.0,1.6,3.75,6.5
F1,2019-02-03,Lyon,Paris SG,1735.67,1915.05,7.0,9.0,9.0,13.0,2.0,1.0,H,1.0,1.0,D,14.0,16.0,10.0,9.0,10.0,12.0,6.0,8.0,1.0,2.0,0.0,0.0,3.8,3.8,1.85
F1,2019-02-03,Nimes,Montpellier,1539.19,1607.7,3.0,6.0,5.0,6.0,1.0,1.0,D,1.0,0.0,H,12.0,11.0,5.0,4.0,20.0,23.0,5.0,3.0,2.0,1.0,0.0,0.0,2.6,3.1,2.9
F1,2019-02-05,Marseille,Bordeaux,1623.83,1608.2,3.0,4.0,6.0,7.0,1.0,0.0,H,1.0,0.0,H,24.0,6.0,7.0,1.0,18.0,13.0,4.0,2.0,3.0,2.0,0.0,1.0,2.25,3.2,3.4
F1,2019-02-08,Dijon,Marseille,1495.34,1623.83,3.0,4.0,3.0,6.0,1.0,2.0,A,1.0,0.0,H,10.0,18.0,4.0,8.0,11.0,11.0,3.0,12.0,3.0,3.0,0.0,0.0,4.33,3.5,1.85
F1,2019-02-09,Amiens,Caen,1480.09,1462.1,0.0,1.0,0.0,4.0,1.0,0.0,H,0.0,0.0,D,10.0,11.0,1.0,4.0,12.0,14.0,4.0,2.0,0.0,0.0,0.0,0.0,2.1,3.1,4.0
F1,2019-02-09,Paris SG,Bordeaux,1915.05,1608.2,6.0,12.0,3.0,6.0,1.0,0.0,H,1.0,0.0,H,10.0,8.0,3.0,3.0,14.0,21.0,4.0,8.0,3.0,3.0,0.0,0.0,1.25,6.5,11.0
F1,2019-02-09,Strasbourg,Angers,1573.65,1528.91,9.0,12.0,4.0,7.0,1.0,2.0,A,0.0,1.0,A,16.0,8.0,7.0,3.0,14.0,13.0,5.0,3.0,2.0,3.0,0.0,0.0,2.05,3.2,4.0
F1,2019-02-10,Guingamp,Lille,1483.29,1607.77,3.0,6.0,9.0,12.0,0.0,2.0,A,0.0,0.0,D,7.0,9.0,1.0,3.0,15.0,11.0,7.0,4.0,2.0,1.0,0.0,0.0,3.4,3.3,2.2
F1,2019-02-10,Montpellier,Monaco,1607.7,1556.01,5.0,6.0,3.0,5.0,2.0,2.0,D,0.0,1.0,A,12.0,10.0,3.0,5.0,16.0,20.0,5.0,3.0,1.0,6.0,0.0,1.0,2.45,3.1,3.1
F1,2019-02-10,Nantes,Nimes,1548.46,1539.19,1.0,4.0,4.0,7.0,2.0,4.0,A,2.0,0.0,H,15.0,13.0,4.0,4.0,10.0,11.0,9.0,4.0,1.0,2.0,0.0,0.0,1.9,3.3,4.2
F1,2019-02-10,Nice,Lyon,1615.36,1735.67,4.0,8.0,9.0,11.0,1.0,0.0,H,0.0,0.0,D,11.0,23.0,4.0,5.0,7.0,13.0,4.0,14.0,2.0,2.0,0.0,0.0,4.75,4.0,1.7
F1,2019-02-10,Rennes,St Etienne,1604.42,1630.64,4.0,7.0,4.0,10.0,3.0,0.0,H,1.0,0.0,H,15.0,15.0,5.0,3.0,7.0,8.0,6.0,8.0,0.0,4.0,0.0,1.0,2.15,3.4,3.4
F1,2019-02-10,Toulouse,Reims,1519.13,1580.0,4.0,5.0,7.0,9.0,1.0,1.0,D,0.0,0.0,D,9.0,9.0,3.0,3.0,18.0,13.0,3.0,3.0,2.0,4.0,0.0,0.0,2.75,3.0,2.8
F1,2019-02-13,Caen,Nantes,1462.1,1548.46,0.0,1.0,1.0,1.0,0.0,1.0,A,0.0,0.0,D,14.0,13.0,1.0,4.0,17.0,11.0,4.0,8.0,4.0,3.0,0.0,1.0,3.0,3.1,2.5
F1,2019-02-13,St Etienne,Strasbourg,1630.64,1573.65,1.0,7.0,6.0,12.0,2.0,1.0,H,2.0,0.0,H,11.0,9.0,6.0,2.0,11.0,28.0,3.0,4.0,0.0,5.0,0.0,0.0,1.95,3.3,4.0
F1,2019-02-15,Lyon,Guingamp,1739.58,1478.49,6.0,10.0,0.0,3.0,2.0,1.0,H,2.0,1.0,H,18.0,14.0,9.0,3.0,5.0,10.0,7.0,2.0,2.0,1.0,0.0,0.0,1.3,5.25,10.0
F1,2019-02-15,Nimes,Dijon,1556.35,1486.75,4.0,7.0,3.0,4.0,2.0,0.0,H,1.0,0.0,H,14.0,12.0,6.0,2.0,10.0,17.0,5.0,4.0,2.0,5.0,0.0,1.0,1.75,3.8,4.5
F1,2019-02-16,Angers,Nice,1548.64,1614.97,7.0,10.0,6.0,8.0,3.0,0.0,H,1.0,0.0,H,12.0,13.0,4.0,4.0,12.0,8.0,8.0,5.0,0.0,2.0,0.0,0.0,2.4,3.0,3.3
F1,2019-02-16,Marseille,Amiens,1631.48,1485.88,6.0,9.0,3.0,3.0,2.0,0.0,H,2.0,0.0,H,16.0,10.0,5.0,2.0,15.0,15.0,3.0,6.0,1.0,0.0,0.0,0.0,1.4,4.5,9.0
F1,2019-02-16,Monaco,Nantes,1567.84,1545.68,4.0,5.0,4.0,4.0,1.0,0.0,H,1.0,0.0,H,11.0,6.0,6.0,2.0,13.0,22.0,2.0,3.0,4.0,2.0,0.0,0.0,1.8,3.6,4.5
F1,2019-02-17,Bordeaux,Toulouse,1603.33,1517.16,0.0,6.0,2.0,6.0,2.0,1.0,H,1.0,0.0,H,8.0,20.0,4.0,5.0,14.0,20.0,7.0,5.0,2.0,2.0,0.0,0.0,1.83,3.5,4.75
F1,2019-02-17,Caen,Strasbourg,1451.29,1560.97,0.0,0.0,3.0,9.0,0.0,0.0,D,0.0,0.0,D,11.0,15.0,2.0,3.0,6.0,13.0,8.0,6.0,0.0,3.0,0.0,0.0,3.5,3.1,2.3
F1,2019-02-17,Lille,Montpellier,1633.11,1607.76,9.0,15.0,5.0,7.0,0.0,0.0,D,0.0,0.0,D,12.0,8.0,3.0,2.0,10.0,12.0,1.0,4.0,3.0,3.0,0.0,0.0,1.85,3.3,4.75
F1,2019-02-17,Reims,Rennes,1590.48,1621.27,7.0,9.0,6.0,7.0,2.0,0.0,H,1.0,0.0,H,7.0,10.0,4.0,1.0,13.0,10.0,2.0,4.0,1.0,1.0,0.0,0.0,2.5,3.1,3.1
F1,2019-02-17,St Etienne,Paris SG,1626.57,1920.84,4.0,7.0,6.0,12.0,0.0,1.0,A,0.0,0.0,D,11.0,11.0,2.0,3.0,8.0,18.0,4.0,5.0,1.0,5.0,0.0,0.0,5.25,4.33,1.6
F1,2019-02-20,Bordeaux,Guingamp,1603.33,1478.49,3.0,6.0,0.0,3.0,0.0,0.0,D,0.0,0.0,D,11.0,13.0,4.0,1.0,7.0,12.0,8.0,7.0,2.0,2.0,0.0,0.0,1.9,3.4,4.33
F1,2019-02-20,Paris SG,Montpellier,1920.84,1607.76,6.0,12.0,3.0,7.0,5.0,1.0,H,2.0,1.0,H,18.0,15.0,9.0,7.0,11.0,11.0,8.0,3.0,2.0,1.0,0.0,0.0,1.25,6.0,12.0
F1,2019-02-22,Dijon,St Etienne,1486.75,1626.57,0.0,3.0,3.0,4.0,0.0,1.0,A,0.0,0.0,D,11.0,16.0,2.0,6.0,13.0,7.0,4.0,5.0,0.0,0.0,0.0,0.0,3.5,3.3,2.15
F1,2019-02-22,Strasbourg,Lille,1560.97,1633.11,1.0,7.0,7.0,13.0,1.0,1.0,D,0.0,1.0,A,9.0,15.0,2.0,5.0,16.0,13.0,6.0,2.0,1.0,1.0,0.0,0.0,2.75,3.1,2.7
F1,2019-02-23,Amiens,Nice,1485.88,1614.97,3.0,3.0,3.0,7.0,1.0,0.0,H,1.0,0.0,H,11.0,7.0,4.0,0.0,13.0,15.0,4.0,4.0,0.0,2.0,0.0,0.0,2.7,2.9,3.0
F1,2019-02-23,Guingamp,Angers,1478.49,1548.64,1.0,1.0,9.0,10.0,1.0,0.0,H,0.0,0.0,D,8.0,8.0,3.0,1.0,11.0,12.0,6.0,2.0,2.0,2.0,0.0,0.0,2.5,3.2,3.0
F1,2019-02-23,Paris SG,Nimes,1920.84,1556.35,9.0,12.0,7.0,10.0,3.0,0.0,H,1.0,0.0,H,21.0,8.0,7.0,3.0,15.0,10.0,9.0,7.0,3.0,0.0,0.0,0.0,1.25,6.5,11.0
F1,2019-02-24,Monaco,Lyon,1567.84,1739.58,7.0,7.0,6.0,12.0,2.0,0.0,H,2.0,0.0,H,11.0,9.0,5.0,3.0,20.0,18.0,3.0,6.0,3.0,1.0,0.0,0.0,3.4,3.5,2.1
F1,2019-02-24,Montpellier,Reims,1607.76,1590.48,2.0,6.0,7.0,11.0,2.0,4.0,A,1.0,1.0,D,19.0,15.0,4.0,8.0,13.0,12.0,5.0,2.0,0.0,1.0,0.0,0.0,2.2,3.2,3.5
F1,2019-02-24,Nantes,Bordeaux,1545.68,1603.33,3.0,4.0,4.0,4.0,1.0,0.0,H,0.0,0.0,D,19.0,7.0,8.0,2.0,12.0,14.0,11.0,1.0,2.0,2.0,0.0,0.0,1.95,3.4,4.2
F1,2019-02-24,Rennes,Marseille,1621.27,1631.48,6.0,7.0,9.0,9.0,1.0,1.0,D,1.0,0.0,H,16.0,9.0,3.0,2.0,14.0,15.0,7.0,2.0,4.0,3.0,0.0,1.0,2.9,3.3,2.45
F1,2019-02-24,Toulouse,Caen,1517.16,1451.29,1.0,5.0,1.0,1.0,1.0,1.0,D,0.0,1.0,A,12.0,13.0,8.0,4.0,14.0,15.0,6.0,2.0,2.0,3.0,0.0,1.0,1.85,3.5,4.5
F1,2019-03-02,Angers,Monaco,1564.41,1598.78,6.0,10.0,7.0,10.0,2.0,2.0,D,2.0,0.0,H,13.0,12.0,4.0,5.0,8.0,15.0,2.0,3.0,2.0,3.0,0.0,0.0,3.3,3.3,2.25
F1,2019-03-02,Caen,Paris SG,1465.71,1937.76,2.0,2.0,9.0,12.0,1.0,2.0,A,0.0,0.0,D,7.0,25.0,2.0,7.0,13.0,13.0,2.0,8.0,2.0,1.0,0.0,0.0,12.0,6.0,1.22
F1,2019-03-02,Reims,Amiens,1624.49,1500.27,7.0,13.0,6.0,6.0,2.0,2.0,D,0.0,2.0,A,10.0,8.0,4.0,2.0,11.0,11.0,6.0,3.0,1.0,1.0,0.0,0.0,1.75,3.4,5.25
F1,2019-03-03,Guingamp,Nantes,1499.88,1557.39,4.0,4.0,6.0,7.0,0.0,0.0,D,0.0,0.0,D,7.0,9.0,1.0,3.0,19.0,13.0,3.0,1.0,1.0,2.0,0.0,0.0,2.8,3.0,2.8
F1,2019-03-03,Lille,Dijon,1639.92,1483.46,5.0,11.0,0.0,3.0,1.0,0.0,H,0.0,0.0,D,14.0,6.0,1.0,1.0,9.0,15.0,9.0,5.0,0.0,1.0,0.0,0.0,1.53,3.8,7.5
F1,2019-03-03,Lyon,Toulouse,1737.09,1518.57,3.0,9.0,2.0,3.0,5.0,1.0,H,3.0,1.0,H,21.0,5.0,10.0,2.0,12.0,14.0,8.0,1.0,0.0,2.0,0.0,1.0,1.28,5.5,10.0
F1,2019-03-03,Marseille,St Etienne,1647.75,1639.04,7.0,10.0,6.0,7.0,2.0,0.0,H,2.0,0.0,H,12.0,7.0,7.0,2.0,8.0,22.0,3.0,5.0,2.0,2.0,0.0,0.0,1.75,3.75,4.5
F1,2019-03-03,Nice,Strasbourg,1599.49,1569.42,3.0,6.0,2.0,5.0,1.0,0.0,H,1.0,0.0,H,9.0,10.0,2.0,1.0,4.0,14.0,5.0,3.0,0.0,0.0,1.0,1.0,2.3,2.9,3.6
F1,2019-03-05,Bordeaux,Montpellier,1604.52,1602.87,4.0,4.0,1.0,3.0,1.0,2.0,A,1.0,1.0,D,15.0,8.0,4.0,5.0,14.0,15.0,12.0,2.0,1.0,1.0,0.0,0.0,2.5,2.9,3.3
F1,2019-03-09,Amiens,Nimes,1500.27,1571.36,4.0,7.0,6.0,7.0,2.0,1.0,H,0.0,0.0,D,21.0,14.0,6.0,2.0,15.0,15.0,4.0,5.0,2.0,1.0,1.0,0.0,2.45,3.2,3.1
F1,2019-03-09,Dijon,Reims,1483.46,1624.49,0.0,0.0,7.0,11.0,1.0,1.0,D,1.0,1.0,D,5.0,26.0,1.0,5.0,18.0,14.0,4.0,6.0,1.0,1.0,1.0,0.0,3.1,3.1,2.45
F1,2019-03-09,Monaco,Bordeaux,1598.78,1604.52,7.0,11.0,1.0,4.0,1.0,1.0,D,0.0,0.0,D,16.0,9.0,9.0,3.0,12.0,12.0,4.0,3.0,5.0,2.0,0.0,0.0,1.61,4.0,5.25
F1,2019-03-09,Strasbourg,Lyon,1569.42,1737.09,2.0,2.0,6.0,9.0,2.0,2.0,D,0.0,1.0,A,17.0,21.0,7.0,8.0,17.0,12.0,5.0,6.0,1.0,2.0,0.0,0.0,4.75,3.8,1.75
F1,2019-03-10,Marseille,Nice,1647.75,1599.49,7.0,13.0,3.0,6.0,1.0,0.0,H,0.0,0.0,D,12.0,6.0,6.0,1.0,17.0,16.0,9.0,0.0,2.0,1.0,0.0,0.0,1.5,4.5,6.0
F1,2019-03-10,Montpellier,Angers,1602.87,1564.41,3.0,5.0,4.0,10.0,2.0,2.0,D,2.0,0.0,H,8.0,12.0,4.0,6.0,12.0,10.0,5.0,8.0,3.0,0.0,0.0,1.0,2.1,3.1,4.0
F1,2019-03-10,Rennes,Caen,1643.83,1465.71,4.0,7.0,2.0,2.0,3.0,1.0,H,1.0,1.0,D,11.0,6.0,6.0,1.0,11.0,16.0,5.0,4.0,2.0,4.0,0.0,1.0,1.61,3.6,6.5
F1,2019-03-10,St Etienne,Lille,1639.04,1639.92,3.0,6.0,5.0,11.0,0.0,1.0,A,0.0,0.0,D,7.0,14.0,1.0,8.0,10.0,12.0,9.0,4.0,4.0,3.0,2.0,0.0,2.45,3.3,3.0
F1,2019-03-10,Toulouse,Guingamp,1518.57,1499.88,1.0,2.0,5.0,5.0,1.0,0.0,H,1.0,0.0,H,19.0,4.0,4.0,0.0,12.0,15.0,8.0,2.0,1.0,2.0,0.0,1.0,2.15,3.2,3.5
F1,2019-03-12,Dijon,Paris SG,1483.46,1937.76,1.0,1.0,9.0,15.0,0.0,4.0,A,0.0,2.0,A,9.0,16.0,2.0,7.0,16.0,5.0,3.0,5.0,2.0,1.0,0.0,0.0,13.0,7.0,1.2
F1,2019-03-15,Lille,Monaco,1642.42,1587.69,7.0,11.0,5.0,9.0,0.0,1.0,A,0.0,0.0,D,12.0,12.0,3.0,8.0,14.0,18.0,5.0,3.0,3.0,2.0,0.0,0.0,2.1,3.2,3.8
F1,2019-03-15,Nice,Toulouse,1589.98,1510.08,3.0,6.0,4.0,5.0,1.0,1.0,D,1.0,0.0,H,10.0,18.0,2.0,3.0,8.0,20.0,2.0,6.0,0.0,2.0,0.0,0.0,2.05,3.1,4.0
F1,2019-03-16,Angers,Amiens,1556.68,1503.41,2.0,8.0,7.0,10.0,0.0,0.0,D,0.0,0.0,D,11.0,8.0,3.0,4.0,14.0,18.0,2.0,1.0,1.0,4.0,0.0,0.0,2.1,3.1,4.0
F1,2019-03-16,Caen,St Etienne,1450.7,1610.62,1.0,2.0,3.0,6.0,0.0,5.0,A,0.0,3.0,A,2.0,13.0,1.0,7.0,18.0,12.0,0.0,8.0,0.0,0.0,0.0,0.0,3.7,3.1,2.2
F1,2019-03-16,Guingamp,Dijon,1483.57,1470.02,4.0,5.0,1.0,1.0,1.0,0.0,H,0.0,0.0,D,14.0,12.0,2.0,4.0,8.0,9.0,6.0,4.0,0.0,2.0,0.0,0.0,2.1,3.1,4.0
F1,2019-03-16,Nimes,Strasbourg,1552.94,1556.84,3.0,7.0,2.0,3.0,2.0,2.0,D,0.0,1.0,A,15.0,6.0,4.0,2.0,11.0,17.0,7.0,1.0,4.0,5.0,0.0,0.0,2.37,3.2,3.2
F1,2019-03-17,Bordeaux,Rennes,1586.54,1635.25,1.0,5.0,4.0,10.0,1.0,1.0,D,0.0,0.0,D,14.0,10.0,4.0,3.0,13.0,11.0,3.0,9.0,2.0,3.0,0.0,0.0,2.62,3.0,2.9
F1,2019-03-17,Lyon,Montpellier,1724.34,1599.55,4.0,7.0,4.0,5.0,3.0,2.0,H,1.0,1.0,D,23.0,10.0,13.0,4.0,7.0,11.0,8.0,6.0,1.0,2.0,0.0,0.0,1.4,4.33,8.5
F1,2019-03-17,Paris SG,Marseille,1910.0,1652.33,9.0,15.0,7.0,13.0,3.0,1.0,H,1.0,0.0,H,8.0,3.0,6.0,2.0,11.0,19.0,7.0,3.0,4.0,3.0,0.0,1.0,1.28,6.0,9.5
F1,2019-03-17,Reims,Nantes,1607.3,1547.29,5.0,9.0,4.0,7.0,1.0,0.0,H,0.0,0.0,D,10.0,7.0,2.0,1.0,8.0,16.0,7.0,3.0,4.0,3.0,0.0,1.0,2.15,3.0,4.0
F1,2019-03-29,Rennes,Lyon,1635.25,1724.34,5.0,8.0,7.0,10.0,0.0,1.0,A,0.0,0.0,D,12.0,18.0,2.0,5.0,13.0,19.0,2.0,6.0,2.0,3.0,0.0,0.0,4.0,3.6,1.9
F1,2019-03-30,Marseille,Angers,1652.33,1556.68,6.0,10.0,3.0,6.0,2.0,2.0,D,2.0,1.0,H,11.0,14.0,5.0,4.0,18.0,10.0,3.0,7.0,4.0,1.0,1.0,0.0,1.53,3.75,7.5
F1,2019-03-31,Amiens,Bordeaux,1503.41,1586.54,5.0,8.0,2.0,3.0,0.0,0.0,D,0.0,0.0,D,12.0,5.0,3.0,0.0,8.0,21.0,7.0,1.0,1.0,3.0,0.0,0.0,2.5,3.1,3.1
F1,2019-03-31,Dijon,Nice,1470.02,1589.98,1.0,1.0,4.0,4.0,0.0,1.0,A,0.0,0.0,D,14.0,12.0,1.0,6.0,17.0,11.0,8.0,5.0,3.0,1.0,1.0,0.0,2.4,3.1,3.2
F1,2019-03-31,Monaco,Caen,1587.69,1450.7,5.0,11.0,0.0,2.0,0.0,1.0,A,0.0,1.0,A,24.0,7.0,6.0,2.0,12.0,14.0,13.0,0.0,1.0,2.0,0.0,0.0,1.36,4.75,9.5
F1,2019-03-31,Nantes,Lille,1547.29,1642.42,4.0,7.0,6.0,8.0,2.0,3.0,A,0.0,0.0,D,8.0,10.0,2.0,3.0,15.0,21.0,3.0,6.0,2.0,3.0,0.0,0.0,3.0,3.1,2.55
F1,2019-03-31,Toulouse,Paris SG,1510.08,1910.0,4.0,5.0,9.0,15.0,0.0,1.0,A,0.0,0.0,D,9.0,10.0,3.0,4.0,13.0,14.0,6.0,6.0,2.0,1.0,0.0,0.0,10.0,6.5,1.25
F1,2019-04-01,St Etienne,Nimes,1622.96,1551.52,3.0,6.0,1.0,7.0,2.0,1.0,H,1.0,1.0,D,14.0,15.0,9.0,6.0,7.0,8.0,5.0,7.0,3.0,4.0,0.0,0.0,1.75,3.75,4.75
F1,2019-04-03,Montpellier,Guingamp,1595.66,1489.96,4.0,4.0,4.0,8.0,2.0,0.0,H,1.0,0.0,H,17.0,8.0,7.0,3.0,12.0,7.0,5.0,8.0,0.0,2.0,0.0,0.0,1.75,3.4,5.25
F1,2019-04-03,Strasbourg,Reims,1558.26,1612.72,2.0,4.0,5.0,11.0,4.0,0.0,H,1.0,0.0,H,13.0,10.0,9.0,3.0,15.0,13.0,4.0,9.0,2.0,3.0,1.0,0.0,2.62,3.1,2.9
F1,2019-04-05,Bordeaux,Marseille,1585.62,1645.65,3.0,3.0,4.0,8.0,2.0,0.0,H,1.0,0.0,H,7.0,20.0,7.0,5.0,16.0,13.0,1.0,11.0,2.0,3.0,1.0,0.0,3.6,3.4,2.1
F1,2019-04-06,Amiens,St Etienne,1507.2,1622.96,5.0,9.0,6.0,9.0,2.0,2.0,D,1.0,1.0,D,5.0,26.0,4.0,6.0,10.0,13.0,1.0,7.0,2.0,2.0,1.0,0.0,3.0,3.1,2.55
F1,2019-04-06,Angers,Rennes,1557.73,1628.39,3.0,4.0,4.0,5.0,3.0,3.0,D,0.0,1.0,A,17.0,7.0,9.0,5.0,11.0,13.0,4.0,2.0,3.0,4.0,0.0,0.0,2.7,3.2,2.7
F1,2019-04-06,Guingamp,Monaco,1489.96,1585.47,3.0,7.0,4.0,8.0,1.0,1.0,D,1.0,0.0,H,11.0,18.0,2.0,5.0,17.0,14.0,3.0,9.0,4.0,5.0,0.0,0.0,3.75,3.4,2.05
F1,2019-04-06,Lyon,Dijon,1735.21,1457.32,7.0,10.0,0.0,1.0,1.0,3.0,A,1.0,2.0,A,27.0,8.0,6.0,4.0,14.0,17.0,8.0,3.0,1.0,2.0,0.0,0.0,1.22,7.0,11.0
F1,2019-04-06,Nimes,Caen,1551.52,1451.51,1.0,4.0,3.0,4.0,2.0,0.0,H,0.0,0.0,D,12.0,5.0,7.0,1.0,19.0,16.0,4.0,2.0,1.0,4.0,0.0,0.0,1.65,3.8,5.5
F1,2019-04-07,Nice,Montpellier,1592.56,1595.66,4.0,7.0,4.0,7.0,1.0,0.0,H,1.0,0.0,H,15.0,16.0,5.0,4.0,11.0,14.0,6.0,3.0,1.0,1.0,0.0,0.0,2.62,3.0,3.0
F1,2019-04-07,Paris SG,Strasbourg,1914.19,1558.26,9.0,15.0,5.0,6.0,2.0,2.0,D,1.0,2.0,A,21.0,9.0,6.0,4.0,7.0,10.0,10.0,5.0,0.0,2.0,0.0,0.0,1.1,11.0,21.0
F1,2019-04-07,Reims,Lille,1612.72,1638.72,4.0,8.0,6.0,10.0,1.0,1.0,D,0.0,0.0,D,10.0,11.0,3.0,4.0,15.0,12.0,6.0,4.0,2.0,2.0,0.0,0.0,2.9,3.1,2.62
F1,2019-04-07,Toulouse,Nantes,1512.27,1534.64,4.0,5.0,1.0,4.0,1.0,0.0,H,0.0,0.0,D,14.0,19.0,5.0,1.0,19.0,11.0,4.0,5.0,3.0,1.0,0.0,1.0,2.4,3.1,3.2
F1,2019-04-09,Nimes,Rennes,1551.52,1628.39,4.0,4.0,2.0,6.0,3.0,1.0,H,1.0,1.0,D,19.0,8.0,8.0,3.0,10.0,12.0,5.0,3.0,2.0,2.0,1.0,1.0,2.7,3.25,2.7
F1,2019-04-12,Dijon,Amiens,1457.32,1507.2,3.0,4.0,3.0,7.0,0.0,0.0,D,0.0,0.0,D,18.0,4.0,5.0,1.0,13.0,11.0,8.0,1.0,3.0,3.0,0.0,1.0,2.3,3.1,3.4
F1,2019-04-12,Nantes,Lyon,1534.64,1735.21,0.0,4.0,6.0,10.0,2.0,1.0,H,1.0,1.0,D,14.0,11.0,5.0,4.0,9.0,11.0,6.0,7.0,2.0,1.0,0.0,0.0,3.75,4.0,1.83
F1,2019-04-13,Caen,Angers,1451.51,1557.73,3.0,3.0,3.0,5.0,0.0,1.0,A,0.0,0.0,D,8.0,13.0,2.0,5.0,14.0,13.0,1.0,3.0,4.0,1.0,0.0,0.0,3.1,3.0,2.55
F1,2019-04-13,Marseille,Nimes,1645.65,1551.52,1.0,7.0,6.0,7.0,2.0,1.0,H,0.0,0.0,D,14.0,8.0,4.0,3.0,11.0,15.0,4.0,6.0,1.0,2.0,0.0,0.0,1.57,4.33,5.5
F1,2019-04-13,Monaco,Reims,1585.47,1612.72,4.0,6.0,4.0,6.0,0.0,0.0,D,0.0,0.0,D,27.0,10.0,6.0,3.0,12.0,13.0,18.0,3.0,2.0,0.0,0.0,0.0,1.9,3.4,4.0
F1,2019-04-13,Strasbourg,Guingamp,1558.26,1489.96,5.0,6.0,4.0,5.0,3.0,3.0,D,1.0,1.0,D,11.0,15.0,6.0,5.0,12.0,14.0,1.0,4.0,1.0,2.0,0.0,0.0,2.0,3.25,4.2
F1,2019-04-14,Lille,Paris SG,1638.72,1914.19,4.0,10.0,7.0,13.0,5.0,1.0,H,1.0,1.0,D,15.0,10.0,6.0,5.0,10.0,11.0,2.0,2.0,1.0,3.0,0.0,1.0,4.33,4.0,1.72
F1,2019-04-14,Montpellier,Toulouse,1595.66,1512.27,3.0,7.0,4.0,7.0,2.0,1.0,H,0.0,0.0,D,16.0,6.0,5.0,2.0,12.0,16.0,4.0,3.0,2.0,1.0,0.0,0.0,1.85,3.4,4.75
F1,2019-04-14,Rennes,Nice,1628.39,1592.56,1.0,5.0,7.0,10.0,0.0,0.0,D,0.0,0.0,D,14.0,7.0,7.0,2.0,13.0,8.0,4.0,2.0,2.0,1.0,0.0,0.0,1.8,3.6,4.5
F1,2019-04-14,St Etienne,Bordeaux,1622.96,1585.62,7.0,7.0,5.0,6.0,3.0,0.0,H,0.0,0.0,D,14.0,5.0,6.0,1.0,13.0,13.0,8.0,4.0,2.0,0.0,0.0,0.0,1.72,3.6,5.25
F1,2019-04-17,Nantes,Paris SG,1538.75,1879.62,3.0,4.0,4.0,10.0,3.0,2.0,H,2.0,1.0,H,15.0,9.0,8.0,6.0,13.0,14.0,4.0,4.0,1.0,3.0,0.0,0.0,4.5,4.2,1.7
F1,2019-04-19,Dijon,Rennes,1478.17,1613.77,4.0,4.0,2.0,3.0,3.0,2.0,H,1.0,0.0,H,12.0,10.0,10.0,4.0,17.0,19.0,6.0,6.0,2.0,3.0,0.0,0.0,2.87,3.3,2.5
F1,2019-04-19,Lyon,Angers,1702.18,1564.9,3.0,7.0,5.0,7.0,2.0,1.0,H,2.0,0.0,H,24.0,11.0,11.0,3.0,9.0,5.0,7.0,7.0,0.0,2.0,0.0,0.0,1.3,5.5,10.0
F1,2019-04-20,Guingamp,Marseille,1489.17,1638.98,2.0,5.0,4.0,7.0,1.0,3.0,A,0.0,2.0,A,9.0,15.0,3.0,6.0,16.0,13.0,3.0,5.0,2.0,3.0,0.0,0.0,4.0,3.6,1.9
F1,2019-04-20,Nice,Caen,1601.53,1438.39,7.0,8.0,3.0,3.0,0.0,1.0,A,0.0,0.0,D,21.0,7.0,8.0,2.0,7.0,15.0,11.0,4.0,2.0,3.0,0.0,0.0,1.83,3.3,5.0
F1,2019-04-20,Nimes,Bordeaux,1560.07,1586.67,6.0,7.0,4.0,6.0,2.0,1.0,H,1.0,1.0,D,8.0,11.0,2.0,2.0,14.0,22.0,3.0,6.0,0.0,4.0,0.0,0.0,2.15,3.4,3.4
F1,2019-04-20,Strasbourg,Montpellier,1578.62,1599.97,5.0,7.0,6.0,7.0,1.0,3.0,A,1.0,2.0,A,6.0,20.0,1.0,7.0,16.0,12.0,3.0,5.0,2.0,2.0,0.0,0.0,2.6,3.1,3.0
F1,2019-04-21,Nantes,Amiens,1538.75,1509.8,6.0,6.0,3.0,7.0,3.0,2.0,H,0.0,0.0,D,10.0,8.0,4.0,4.0,14.0,12.0,4.0,1.0,2.0,3.0,0.0,0.0,1.95,3.25,4.33
F1,2019-04-21,Paris SG,Monaco,1879.62,1582.92,1.0,7.0,2.0,6.0,3.0,1.0,H,2.0,0.0,H,10.0,15.0,5.0,4.0,13.0,9.0,3.0,4.0,0.0,1.0,0.0,0.0,1.5,4.5,6.5
F1,2019-04-21,Reims,St Etienne,1597.29,1636.74,2.0,6.0,7.0,10.0,0.0,2.0,A,0.0,1.0,A,8.0,14.0,1.0,3.0,16.0,7.0,1.0,6.0,3.0,0.0,0.0,0.0,2.5,3.1,3.1
F1,2019-04-21,Toulouse,Lille,1514.57,1665.45,3.0,7.0,7.0,10.0,0.0,0.0,D,0.0,0.0,D,10.0,16.0,2.0,4.0,16.0,18.0,2.0,3.0,2.0,3.0,0.0,0.0,3.75,3.1,2.15
F1,2019-04-26,Bordeaux,Lyon,1586.67,1702.18,3.0,5.0,3.0,9.0,2.0,3.0,A,2.0,1.0,H,10.0,18.0,2.0,5.0,15.0,11.0,2.0,3.0,3.0,3.0,1.0,0.0,5.25,3.75,1.7
F1,2019-04-28,Amiens,Strasbourg,1509.8,1578.62,2.0,4.0,2.0,6.0,0.0,0.0,D,0.0,0.0,D,8.0,7.0,1.0,1.0,12.0,21.0,3.0,1.0,1.0,3.0,0.0,0.0,2.1,3.1,3.75
F1,2019-04-28,Angers,Reims,1564.9,1597.29,4.0,6.0,2.0,5.0,1.0,1.0,D,0.0,0.0,D,10.0,5.0,5.0,4.0,6.0,16.0,4.0,0.0,0.0,3.0,0.0,0.0,2.5,3.1,2.9
F1,2019-04-28,Caen,Dijon,1438.39,1478.17,3.0,6.0,7.0,7.0,1.0,0.0,H,0.0,0.0,D,14.0,12.0,2.0,3.0,17.0,19.0,5.0,3.0,1.0,4.0,0.0,0.0,2.8,3.1,2.62
F1,2019-04-28,Lille,Nimes,1665.45,1560.07,5.0,8.0,6.0,9.0,5.0,0.0,H,0.0,0.0,D,14.0,8.0,8.0,3.0,8.0,14.0,1.0,4.0,1.0,2.0,0.0,0.0,1.5,4.0,6.5
F1,2019-04-28,Marseille,Nantes,1638.98,1538.75,6.0,7.0,9.0,9.0,1.0,2.0,A,1.0,1.0,D,17.0,14.0,2.0,6.0,13.0,14.0,7.0,4.0,4.0,1.0,0.0,0.0,1.5,3.8,7.5
F1,2019-04-28,Nice,Guingamp,1601.53,1489.17,4.0,8.0,2.0,5.0,3.0,0.0,H,1.0,0.0,H,15.0,14.0,5.0,3.0,12.0,19.0,2.0,4.0,4.0,3.0,0.0,0.0,2.0,3.2,4.0
F1,2019-04-28,St Etienne,Toulouse,1636.74,1514.57,7.0,13.0,4.0,5.0,2.0,0.0,H,2.0,0.0,H,14.0,12.0,7.0,3.0,17.0,15.0,5.0,6.0,1.0,2.0,0.0,0.0,1.5,4.0,6.5
F1,2019-04-30,Montpellier,Paris SG,1599.97,1879.62,6.0,9.0,3.0,7.0,3.0,2.0,H,1.0,1.0,D,15.0,8.0,9.0,3.0,17.0,15.0,9.0,3.0,3.0,4.0,0.0,0.0,4.33,3.6,1.83
F1,2019-05-01,Rennes,Monaco,1603.52,1580.59,1.0,2.0,2.0,5.0,2.0,2.0,D,2.0,0.0,H,10.0,16.0,4.0,5.0,13.0,12.0,5.0,9.0,2.0,2.0,0.0,0.0,3.5,3.3,2.15
F1,2019-05-03,Strasbourg,Marseille,1565.84,1635.29,2.0,6.0,6.0,7.0,1.0,1.0,D,0.0,0.0,D,7.0,13.0,4.0,2.0,12.0,15.0,0.0,4.0,1.0,2.0,0.0,0.0,3.8,3.5,2.0
F1,2019-05-04,Bordeaux,Angers,1573.29,1560.52,0.0,4.0,4.0,6.0,0.0,1.0,A,0.0,1.0,A,10.0,9.0,2.0,1.0,17.0,14.0,5.0,1.0,2.0,0.0,0.0,0.0,2.25,3.1,3.5
F1,2019-05-04,Guingamp,Caen,1473.55,1459.71,1.0,2.0,6.0,9.0,0.0,0.0,D,0.0,0.0,D,10.0,1.0,1.0,0.0,24.0,14.0,5.0,0.0,1.0,4.0,0.0,0.0,1.9,3.3,4.5
F1,2019-05-04,Paris SG,Nice,1854.44,1595.8,3.0,4.0,4.0,10.0,1.0,1.0,D,0.0,0.0,D,17.0,8.0,5.0,2.0,15.0,14.0,9.0,1.0,2.0,3.0,0.0,0.0,1.25,6.0,11.0
F1,2019-05-04,Reims,Nimes,1586.03,1557.12,2.0,3.0,3.0,9.0,0.0,3.0,A,0.0,2.0,A,8.0,15.0,2.0,5.0,17.0,7.0,3.0,5.0,3.0,2.0,0.0,0.0,1.95,3.5,4.0
F1,2019-05-05,Lyon,Lille,1711.89,1672.94,6.0,9.0,7.0,11.0,2.0,2.0,D,1.0,0.0,H,20.0,13.0,8.0,6.0,13.0,18.0,5.0,4.0,0.0,2.0,0.0,0.0,1.66,4.0,5.0
F1,2019-05-05,Monaco,St Etienne,1580.59,1654.28,2.0,3.0,9.0,13.0,2.0,3.0,A,1.0,0.0,H,13.0,8.0,5.0,3.0,12.0,16.0,2.0,8.0,3.0,5.0,0.0,0.0,2.4,3.5,2.87
F1,2019-05-05,Montpellier,Amiens,1625.34,1504.31,9.0,12.0,2.0,4.0,1.0,1.0,D,0.0,0.0,D,13.0,4.0,4.0,1.0,14.0,22.0,5.0,0.0,1.0,2.0,0.0,0.0,1.72,3.75,5.0
F1,2019-05-05,Nantes,Dijon,1570.73,1480.6,9.0,12.0,4.0,7.0,3.0,0.0,H,0.0,0.0,D,22.0,8.0,5.0,3.0,9.0,13.0,3.0,2.0,0.0,2.0,0.0,1.0,1.9,3.5,4.2
F1,2019-05-05,Toulouse,Rennes,1511.78,1603.52,1.0,4.0,2.0,3.0,2.0,2.0,D,1.0,1.0,D,19.0,11.0,4.0,3.0,20.0,15.0,6.0,6.0,3.0,3.0,0.0,0.0,2.3,3.3,3.25
F1,2019-05-10,St Etienne,Montpellier,1654.28,1625.34,9.0,13.0,7.0,10.0,0.0,1.0,A,0.0,0.0,D,16.0,11.0,5.0,4.0,11.0,18.0,11.0,1.0,3.0,4.0,1.0,1.0,1.75,3.8,4.75
F1,2019-05-11,Amiens,Toulouse,1504.31,1511.78,2.0,4.0,2.0,5.0,0.0,0.0,D,0.0,0.0,D,19.0,7.0,3.0,2.0,13.0,21.0,3.0,3.0,2.0,4.0,0.0,0.0,2.3,3.2,3.3
F1,2019-05-11,Angers,Paris SG,1560.52,1854.44,4.0,8.0,4.0,4.0,1.0,2.0,A,0.0,1.0,A,14.0,9.0,4.0,4.0,27.0,18.0,2.0,3.0,0.0,0.0,0.0,1.0,6.0,4.33,1.53
F1,2019-05-11,Caen,Reims,1459.71,1586.03,7.0,7.0,1.0,3.0,3.0,2.0,H,3.0,1.0,H,14.0,15.0,10.0,4.0,7.0,19.0,4.0,9.0,1.0,2.0,0.0,0.0,2.4,3.1,3.1
F1,2019-05-11,Dijon,Strasbourg,1480.6,1565.84,3.0,7.0,2.0,4.0,2.0,1.0,H,1.0,0.0,H,13.0,17.0,6.0,8.0,12.0,13.0,2.0,7.0,1.0,1.0,0.0,0.0,2.05,3.5,3.6
F1,2019-05-11,Nice,Nantes,1595.8,1570.73,4.0,8.0,9.0,15.0,1.0,1.0,D,0.0,1.0,A,8.0,13.0,2.0,3.0,13.0,13.0,4.0,1.0,2.0,3.0,0.0,0.0,2.5,3.1,3.1
F1,2019-05-11,Nimes,Monaco,1557.12,1580.59,6.0,9.0,1.0,3.0,1.0,0.0,H,1.0,0.0,H,12.0,12.0,4.0,5.0,19.0,19.0,5.0,9.0,1.0,4.0,0.0,0.0,3.4,3.8,2.05
F1,2019-05-12,Lille,Bordeaux,1672.94,1573.29,5.0,9.0,0.0,3.0,1.0,0.0,H,1.0,0.0,H,6.0,5.0,4.0,1.0,6.0,12.0,3.0,4.0,2.0,4.0,0.0,1.0,1.4,4.75,8.0
F1,2019-05-12,Marseille,Lyon,1635.29,1711.89,4.0,7.0,7.0,7.0,0.0,3.0,A,0.0,1.0,A,17.0,15.0,6.0,5.0,16.0,11.0,4.0,1.0,3.0,1.0,1.0,0.0,3.0,3.8,2.2
F1,2019-05-12,Rennes,Guingamp,1603.52,1473.55,2.0,3.0,1.0,3.0,1.0,1.0,D,1.0,0.0,H,7.0,23.0,4.0,9.0,12.0,12.0,6.0,8.0,3.0,1.0,1.0,0.0,1.95,3.5,4.0
F1,2019-05-18,Bordeaux,Reims,1559.2,1558.69,0.0,0.0,1.0,2.0,0.0,1.0,A,0.0,1.0,A,13.0,9.0,4.0,2.0,11.0,15.0,10.0,0.0,0.0,1.0,0.0,0.0,2.37,3.1,3.3
F1,2019-05-18,Guingamp,Nimes,1476.38,1581.31,2.0,3.0,6.0,9.0,2.0,2.0,D,2.0,0.0,H,18.0,21.0,9.0,4.0,17.0,12.0,5.0,5.0,2.0,2.0,0.0,0.0,2.8,3.4,2.5
F1,2019-05-18,Lille,Angers,1679.79,1567.32,7.0,11.0,4.0,7.0,5.0,0.0,H,2.0,0.0,H,18.0,13.0,12.0,3.0,13.0,12.0,3.0,6.0,1.0,3.0,0.0,0.0,1.53,4.0,7.0
F1,2019-05-18,Lyon,Caen,1721.78,1471.42,7.0,10.0,7.0,10.0,4.0,0.0,H,0.0,0.0,D,16.0,7.0,8.0,2.0,10.0,11.0,4.0,4.0,3.0,1.0,0.0,0.0,1.2,7.0,13.0
F1,2019-05-18,Monaco,Amiens,1568.61,1507.63,1.0,2.0,3.0,4.0,2.0,0.0,H,1.0,0.0,H,10.0,9.0,3.0,3.0,22.0,13.0,4.0,5.0,5.0,2.0,0.0,0.0,1.61,3.8,6.0
F1,2019-05-18,Montpellier,Nantes,1631.36,1581.05,7.0,13.0,7.0,13.0,1.0,1.0,D,0.0,1.0,A,16.0,10.0,2.0,2.0,13.0,11.0,4.0,3.0,0.0,3.0,0.0,0.0,1.8,3.8,4.33
F1,2019-05-18,Paris SG,Dijon,1850.25,1481.51,4.0,7.0,3.0,7.0,4.0,0.0,H,3.0,0.0,H,17.0,13.0,7.0,3.0,13.0,4.0,2.0,5.0,1.0,1.0,0.0,0.0,1.3,5.5,10.0
F1,2019-05-18,St Etienne,Nice,1651.11,1600.9,6.0,12.0,5.0,6.0,3.0,0.0,H,1.0,0.0,H,11.0,19.0,5.0,5.0,17.0,14.0,2.0,9.0,0.0,3.0,0.0,0.0,1.57,4.0,6.0
F1,2019-05-18,Strasbourg,Rennes,1557.15,1595.57,2.0,3.0,3.0,4.0,0.0,2.0,A,0.0,1.0,A,19.0,11.0,6.0,6.0,10.0,14.0,11.0,1.0,1.0,2.0,0.0,0.0,2.3,3.3,3.25
F1,2019-05-18,Toulouse,Marseille,1514.16,1622.38,2.0,3.0,1.0,7.0,2.0,5.0,A,1.0,1.0,D,19.0,21.0,5.0,8.0,4.0,11.0,5.0,9.0,1.0,2.0,0.0,0.0,3.4,3.3,2.2
F1,2019-05-24,Amiens,Guingamp,1507.63,1476.38,2.0,3.0,3.0,3.0,2.0,1.0,H,1.0,0.0,H,19.0,16.0,9.0,4.0,7.0,15.0,3.0,3.0,0.0,0.0,0.0,0.0,1.53,4.0,6.5
F1,2019-05-24,Angers,St Etienne,1567.32,1651.11,3.0,4.0,6.0,12.0,1.0,1.0,D,0.0,0.0,D,14.0,15.0,5.0,4.0,12.0,4.0,7.0,8.0,1.0,1.0,0.0,0.0,2.62,3.4,2.62
F1,2019-05-24,Caen,Bordeaux,1471.42,1559.2,4.0,10.0,0.0,0.0,0.0,1.0,A,0.0,1.0,A,14.0,12.0,1.0,5.0,21.0,22.0,6.0,3.0,1.0,1.0,0.0,0.0,1.72,3.6,5.25
F1,2019-05-24,Dijon,Toulouse,1481.51,1514.16,3.0,6.0,2.0,3.0,2.0,1.0,H,0.0,1.0,A,12.0,13.0,6.0,3.0,9.0,11.0,4.0,5.0,2.0,2.0,0.0,0.0,1.5,4.5,6.0
F1,2019-05-24,Marseille,Montpellier,1622.38,1631.36,4.0,7.0,5.0,11.0,1.0,0.0,H,0.0,0.0,D,10.0,14.0,3.0,4.0,12.0,9.0,7.0,13.0,2.0,0.0,1.0,0.0,1.85,4.2,3.75
F1,2019-05-24,Nantes,Strasbourg,1581.05,1557.15,5.0,11.0,1.0,2.0,0.0,1.0,A,0.0,0.0,D,21.0,5.0,1.0,1.0,7.0,8.0,4.0,4.0,2.0,1.0,0.0,0.0,1.65,3.8,5.5
F1,2019-05-24,Nice,Monaco,1600.9,1568.61,2.0,5.0,3.0,4.0,2.0,0.0,H,1.0,0.0,H,8.0,11.0,2.0,4.0,13.0,10.0,3.0,4.0,2.0,3.0,0.0,0.0,3.1,3.5,2.25
F1,2019-05-24,Nimes,Lyon,1581.31,1721.78,7.0,10.0,7.0,13.0,2.0,3.0,A,2.0,1.0,H,17.0,19.0,8.0,8.0,8.0,8.0,11.0,9.0,1.0,1.0,0.0,0.0,3.4,3.8,2.0
F1,2019-05-24,Reims,Paris SG,1558.69,1850.25,3.0,4.0,7.0,10.0,3.0,1.0,H,1.0,0.0,H,10.0,13.0,6.0,2.0,14.0,8.0,4.0,5.0,2.0,1.0,0.0,0.0,6.5,5.0,1.45
F1,2019-05-24,Rennes,Lille,1595.57,1679.79,5.0,6.0,7.0,11.0,3.0,1.0,H,1.0,1.0,D,13.0,14.0,8.0,7.0,10.0,10.0,4.0,7.0,1.0,2.0,0.0,1.0,2.62,3.6,2.5
F1,2019-08-09,Monaco,Lyon,1568.05,1732.29,3.0,4.0,9.0,13.0,0.0,3.0,A,0.0,2.0,A,7.0,13.0,1.0,3.0,10.0,17.0,2.0,5.0,2.0,2.0,1.0,0.0,2.89,3.4,2.43
F1,2019-08-10,Marseille,Reims,1641.53,1588.55,6.0,7.0,6.0,7.0,0.0,2.0,A,0.0,0.0,D,10.0,8.0,2.0,5.0,18.0,8.0,5.0,3.0,1.0,0.0,0.0,0.0,1.65,3.71,5.67
F1,2019-08-10,Angers,Bordeaux,1560.27,1558.13,1.0,5.0,3.0,3.0,3.0,1.0,H,3.0,1.0,H,14.0,8.0,4.0,3.0,11.0,15.0,4.0,3.0,2.0,1.0,0.0,0.0,2.35,3.14,3.24
F1,2019-08-10,Brest,Toulouse,1512.06,1496.29,3.0,9.0,1.0,2.0,1.0,1.0,D,1.0,0.0,H,16.0,13.0,5.0,3.0,11.0,14.0,4.0,7.0,0.0,0.0,0.0,0.0,2.38,3.23,3.09
F1,2019-08-10,Dijon,St Etienne,1501.6,1660.48,6.0,6.0,4.0,10.0,1.0,2.0,A,1.0,2.0,A,15.0,12.0,7.0,4.0,17.0,10.0,12.0,5.0,0.0,2.0,0.0,0.0,3.57,3.34,2.11
F1,2019-08-10,Montpellier,Rennes,1622.95,1620.76,4.0,8.0,7.0,9.0,0.0,1.0,A,0.0,1.0,A,24.0,9.0,5.0,3.0,20.0,19.0,7.0,1.0,3.0,3.0,0.0,1.0,2.3,3.18,3.3
F1,2019-08-10,Nice,Amiens,1601.3,1507.33,4.0,8.0,4.0,6.0,2.0,1.0,H,1.0,0.0,H,17.0,8.0,6.0,2.0,10.0,8.0,7.0,3.0,3.0,4.0,0.0,1.0,2.18,2.98,3.87
F1,2019-08-11,Lille,Nantes,1677.87,1574.44,6.0,10.0,2.0,8.0,2.0,1.0,H,1.0,0.0,H,13.0,13.0,3.0,3.0,13.0,17.0,5.0,11.0,2.0,4.0,0.0,0.0,1.95,3.19,4.43
F1,2019-08-11,Strasbourg,Metz,1559.67,1526.82,3.0,5.0,6.0,10.0,1.0,1.0,D,1.0,0.0,H,13.0,7.0,2.0,3.0,6.0,12.0,3.0,4.0,0.0,1.0,0.0,0.0,2.05,3.23,3.9
F1,2019-08-11,Paris SG,Nimes,1833.99,1575.42,6.0,7.0,4.0,7.0,3.0,0.0,H,1.0,0.0,H,12.0,5.0,5.0,1.0,17.0,8.0,2.0,6.0,2.0,0.0,0.0,0.0,1.1,9.77,23.32
F1,2019-08-16,Lyon,Angers,1741.41,1570.31,9.0,13.0,4.0,7.0,6.0,0.0,H,3.0,0.0,H,11.0,10.0,9.0,3.0,7.0,14.0,2.0,5.0,1.0,2.0,0.0,0.0,1.5,4.45,6.4
F1,2019-08-17,Nantes,Marseille,1570.34,1626.52,1.0,5.0,6.0,7.0,0.0,0.0,D,0.0,0.0,D,13.0,9.0,6.0,2.0,16.0,18.0,7.0,3.0,0.0,3.0,0.0,0.0,2.58,3.16,2.88
F1,2019-08-17,Amiens,Lille,1502.93,1682.67,3.0,5.0,6.0,10.0,1.0,0.0,H,0.0,0.0,D,8.0,10.0,3.0,1.0,13.0,7.0,3.0,10.0,1.0,1.0,0.0,1.0,3.25,3.09,2.38
F1,2019-08-17,Bordeaux,Montpellier,1548.79,1613.86,3.0,3.0,1.0,5.0,1.0,1.0,D,0.0,1.0,A,13.0,10.0,4.0,4.0,15.0,21.0,3.0,5.0,2.0,1.0,0.0,0.0,2.7,2.98,2.9
F1,2019-08-17,Metz,Monaco,1529.56,1559.63,4.0,10.0,3.0,3.0,3.0,0.0,H,1.0,0.0,H,18.0,12.0,10.0,6.0,16.0,7.0,6.0,4.0,1.0,2.0,0.0,1.0,2.98,3.1,2.55
F1,2019-08-17,Nimes,Nice,1572.55,1606.4,1.0,7.0,6.0,8.0,1.0,2.0,A,1.0,2.0,A,18.0,6.0,5.0,3.0,21.0,12.0,2.0,1.0,5.0,5.0,2.0,1.0,2.16,3.33,3.46
F1,2019-08-17,Toulouse,Dijon,1498.58,1496.58,1.0,3.0,3.0,6.0,1.0,0.0,H,0.0,0.0,D,18.0,18.0,7.0,5.0,11.0,5.0,7.0,5.0,2.0,0.0,0.0,0.0,2.0,3.42,3.87
F1,2019-08-18,St Etienne,Brest,1666.19,1510.47,7.0,10.0,4.0,7.0,1.0,1.0,D,0.0,1.0,A,19.0,9.0,5.0,4.0,16.0,8.0,4.0,2.0,1.0,2.0,0.0,0.0,1.63,3.9,5.49
F1,2019-08-18,Reims,Strasbourg,1604.27,1558.54,9.0,9.0,4.0,5.0,0.0,0.0,D,0.0,0.0,D,11.0,4.0,1.0,1.0,18.0,19.0,2.0,4.0,2.0,0.0,0.0,0.0,2.04,3.22,4.0
F1,2019-08-18,Rennes,Paris SG,1630.55,1837.56,9.0,11.0,6.0,10.0,2.0,1.0,H,1.0,1.0,D,11.0,9.0,4.0,2.0,15.0,19.0,4.0,7.0,1.0,5.0,0.0,0.0,7.83,5.35,1.36
F1,2019-08-24,Amiens,Nantes,1502.93,1570.34,6.0,7.0,1.0,3.0,1.0,2.0,A,0.0,0.0,D,3.0,25.0,1.0,6.0,9.0,13.0,2.0,5.0,1.0,1.0,1.0,0.0,2.7,3.0,2.86
F1,2019-08-24,Angers,Metz,1570.31,1529.56,4.0,4.0,7.0,10.0,3.0,0.0,H,2.0,0.0,H,15.0,4.0,5.0,2.0,15.0,8.0,2.0,1.0,1.0,2.0,0.0,0.0,2.12,3.18,3.78
F1,2019-08-24,Brest,Reims,1510.47,1604.27,2.0,5.0,7.0,10.0,1.0,0.0,H,0.0,0.0,D,8.0,10.0,4.0,2.0,18.0,14.0,6.0,5.0,1.0,1.0,0.0,0.0,2.67,3.05,2.85
F1,2019-08-24,Dijon,Bordeaux,1496.58,1548.79,3.0,6.0,4.0,4.0,0.0,2.0,A,0.0,1.0,A,10.0,10.0,1.0,3.0,12.0,18.0,3.0,7.0,0.0,2.0,0.0,0.0,2.64,3.21,2.76
F1,2019-08-25,Monaco,Nimes,1559.63,1572.55,0.0,3.0,0.0,4.0,2.0,2.0,D,2.0,0.0,H,16.0,14.0,6.0,4.0,14.0,17.0,6.0,7.0,2.0,1.0,1.0,0.0,1.62,4.0,5.42
F1,2019-08-25,Strasbourg,Rennes,1558.54,1630.55,5.0,5.0,9.0,13.0,0.0,2.0,A,0.0,1.0,A,19.0,7.0,3.0,4.0,13.0,13.0,6.0,0.0,4.0,2.0,1.0,0.0,2.67,3.1,2.81
F1,2019-08-25,Paris SG,Toulouse,1837.56,1498.58,3.0,9.0,4.0,5.0,4.0,0.0,H,0.0,0.0,D,21.0,3.0,11.0,0.0,8.0,13.0,12.0,1.0,0.0,1.0,0.0,0.0,1.1,10.12,22.7
F1,2019-08-27,Montpellier,Lyon,1613.86,1741.41,1.0,5.0,9.0,15.0,1.0,0.0,H,1.0,0.0,H,19.0,14.0,5.0,4.0,14.0,11.0,8.0,2.0,2.0,4.0,0.0,1.0,3.56,3.47,2.07
F1,2019-08-28,Lille,St Etienne,1682.67,1666.19,3.0,9.0,5.0,8.0,3.0,0.0,H,1.0,0.0,H,16.0,9.0,7.0,4.0,9.0,12.0,3.0,3.0,0.0,0.0,0.0,0.0,2.24,3.35,3.25
F1,2019-08-28,Nice,Marseille,1606.4,1626.52,9.0,10.0,4.0,7.0,1.0,2.0,A,0.0,1.0,A,12.0,12.0,3.0,5.0,7.0,13.0,4.0,3.0,1.0,1.0,0.0,0.0,3.0,3.22,2.44
F1,2019-08-30,Metz,Paris SG,1529.56,1837.56,4.0,7.0,6.0,9.0,0.0,2.0,A,0.0,2.0,A,7.0,10.0,2.0,4.0,11.0,13.0,4.0,7.0,1.0,0.0,0.0,0.0,7.6,4.65,1.43
F1,2019-08-31,Lyon,Bordeaux,1741.41,1548.79,6.0,12.0,4.0,7.0,1.0,1.0,D,1.0,0.0,H,10.0,18.0,3.0,6.0,12.0,14.0,4.0,5.0,4.0,3.0,1.0,0.0,1.39,4.88,8.01
F1,2019-08-31,Angers,Dijon,1570.31,1496.58,6.0,7.0,0.0,3.0,2.0,0.0,H,0.0,0.0,D,12.0,5.0,3.0,2.0,11.0,17.0,5.0,3.0,0.0,2.0,0.0,0.0,1.71,3.74,5.04
F1,2019-08-31,Nantes,Montpellier,1570.34,1613.86,4.0,5.0,4.0,5.0,1.0,0.0,H,0.0,0.0,D,14.0,8.0,7.0,1.0,14.0,12.0,6.0,2.0,2.0,2.0,0.0,0.0,2.23,3.1,3.57
F1,2019-08-31,Nimes,Brest,1572.55,1510.47,1.0,2.0,5.0,8.0,3.0,0.0,H,2.0,0.0,H,21.0,7.0,8.0,3.0,11.0,17.0,8.0,2.0,3.0,4.0,0.0,0.0,2.08,3.32,3.71
F1,2019-08-31,Toulouse,Amiens,1498.58,1502.93,4.0,4.0,3.0,6.0,2.0,0.0,H,0.0,0.0,D,13.0,10.0,4.0,1.0,15.0,8.0,4.0,3.0,0.0,1.0,0.0,0.0,2.14,3.15,3.75
F1,2019-09-01,Reims,Lille,1590.93,1680.74,4.0,10.0,6.0,9.0,2.0,0.0,H,0.0,0.0,D,12.0,11.0,5.0,3.0,19.0,15.0,5.0,1.0,3.0,2.0,0.0,1.0,2.88,2.98,2.71
F1,2019-09-01,Rennes,Nice,1651.17,1604.09,9.0,15.0,6.0,9.0,1.0,2.0,A,1.0,0.0,H,11.0,11.0,3.0,7.0,13.0,13.0,8.0,6.0,2.0,3.0,0.0,0.0,1.71,3.56,5.42
F1,2019-09-01,Strasbourg,Monaco,1544.68,1543.95,2.0,5.0,1.0,4.0,2.0,2.0,D,1.0,2.0,A,14.0,16.0,5.0,6.0,14.0,17.0,6.0,4.0,4.0,3.0,0.0,0.0,2.64,3.21,2.77
F1,2019-09-01,Marseille,St Etienne,1633.87,1647.91,4.0,10.0,4.0,8.0,1.0,0.0,H,1.0,0.0,H,9.0,12.0,2.0,3.0,16.0,7.0,5.0,6.0,5.0,2.0,0.0,0.0,1.99,3.5,3.82
F1,2019-09-13,Lille,Angers,1680.74,1578.31,3.0,6.0,6.0,10.0,2.0,1.0,H,1.0,0.0,H,13.0,8.0,4.0,4.0,3.0,16.0,4.0,4.0,1.0,2.0,0.0,0.0,1.96,3.3,4.27
F1,2019-09-13,Amiens,Lyon,1494.79,1731.34,3.0,6.0,4.0,10.0,2.0,2.0,D,1.0,2.0,A,11.0,12.0,2.0,6.0,12.0,14.0,4.0,1.0,3.0,2.0,0.0,0.0,5.07,3.74,1.71
F1,2019-09-14,Paris SG,Strasbourg,1830.73,1544.68,6.0,9.0,2.0,6.0,1.0,0.0,H,0.0,0.0,D,16.0,6.0,7.0,3.0,12.0,12.0,5.0,2.0,2.0,2.0,0.0,0.0,1.2,7.14,13.3
F1,2019-09-14,Bordeaux,Metz,1564.61,1526.21,5.0,8.0,3.0,7.0,2.0,0.0,H,2.0,0.0,H,15.0,15.0,6.0,3.0,18.0,15.0,4.0,6.0,2.0,2.0,0.0,0.0,1.85,3.37,4.71
F1,2019-09-14,Brest,Rennes,1513.31,1651.17,4.0,5.0,6.0,12.0,0.0,0.0,D,0.0,0.0,D,10.0,9.0,2.0,2.0,10.0,12.0,2.0,4.0,2.0,2.0,0.0,0.0,3.2,3.21,2.34
F1,2019-09-14,Dijon,Nimes,1470.46,1573.23,0.0,3.0,4.0,4.0,0.0,0.0,D,0.0,0.0,D,16.0,7.0,2.0,3.0,14.0,11.0,6.0,0.0,3.0,1.0,0.0,0.0,2.72,3.35,2.6
F1,2019-09-14,Montpellier,Nice,1613.95,1604.09,4.0,4.0,6.0,12.0,2.0,1.0,H,1.0,1.0,D,17.0,13.0,8.0,5.0,17.0,11.0,8.0,1.0,2.0,2.0,0.0,0.0,1.94,3.28,4.37
F1,2019-09-15,Nantes,Reims,1585.0,1603.7,7.0,7.0,4.0,10.0,1.0,0.0,H,0.0,0.0,D,8.0,9.0,4.0,1.0,18.0,15.0,7.0,5.0,1.0,3.0,0.0,0.0,2.16,3.0,3.91
F1,2019-09-15,St Etienne,Toulouse,1640.98,1510.81,1.0,5.0,6.0,7.0,2.0,2.0,D,1.0,2.0,A,14.0,10.0,4.0,7.0,15.0,13.0,9.0,7.0,3.0,0.0,0.0,0.0,1.65,3.93,5.21
F1,2019-09-15,Monaco,Marseille,1545.52,1640.8,2.0,2.0,7.0,10.0,3.0,4.0,A,2.0,2.0,D,12.0,13.0,8.0,6.0,9.0,14.0,6.0,4.0,3.0,3.0,0.0,0.0,2.41,3.53,2.83
F1,2019-09-20,Strasbourg,Nantes,1541.5,1585.0,1.0,3.0,9.0,10.0,2.0,1.0,H,0.0,1.0,A,17.0,10.0,5.0,3.0,11.0,16.0,9.0,2.0,2.0,2.0,0.0,0.0,2.56,3.02,3.05
F1,2019-09-21,Marseille,Montpellier,1640.8,1620.86,9.0,10.0,6.0,7.0,1.0,1.0,D,0.0,1.0,A,24.0,3.0,5.0,2.0,11.0,17.0,15.0,1.0,4.0,3.0,2.0,1.0,1.98,3.27,4.14
F1,2019-09-21,Bordeaux,Brest,1572.95,1515.42,7.0,8.0,4.0,6.0,2.0,2.0,D,1.0,2.0,A,18.0,13.0,5.0,3.0,9.0,11.0,5.0,9.0,4.0,3.0,0.0,0.0,1.77,3.48,5.03
F1,2019-09-21,Metz,Amiens,1517.87,1499.62,0.0,4.0,1.0,4.0,1.0,2.0,A,0.0,1.0,A,13.0,9.0,4.0,5.0,13.0,12.0,4.0,6.0,1.0,1.0,0.0,0.0,2.09,3.08,4.04
F1,2019-09-21,Nice,Dijon,1608.09,1471.89,3.0,9.0,1.0,1.0,2.0,1.0,H,1.0,1.0,D,16.0,13.0,6.0,7.0,7.0,13.0,6.0,3.0,2.0,3.0,0.0,0.0,1.75,3.64,4.91
F1,2019-09-21,Nimes,Toulouse,1571.79,1510.81,5.0,5.0,4.0,8.0,1.0,0.0,H,1.0,0.0,H,19.0,9.0,4.0,2.0,14.0,11.0,5.0,7.0,1.0,3.0,0.0,1.0,2.03,3.45,3.73
F1,2019-09-21,Reims,Monaco,1603.7,1545.52,3.0,7.0,2.0,2.0,0.0,0.0,D,0.0,0.0,D,16.0,12.0,4.0,4.0,16.0,10.0,6.0,3.0,0.0,2.0,0.0,0.0,2.6,3.18,2.84
F1,2019-09-22,Rennes,Lille,1638.16,1672.62,4.0,10.0,6.0,9.0,1.0,1.0,D,0.0,0.0,D,11.0,15.0,3.0,6.0,14.0,11.0,4.0,8.0,2.0,1.0,0.0,0.0,2.51,3.09,3.03
F1,2019-09-22,Angers,St Etienne,1573.66,1640.98,6.0,9.0,1.0,5.0,4.0,1.0,H,0.0,1.0,A,14.0,6.0,5.0,2.0,13.0,12.0,5.0,4.0,1.0,1.0,0.0,0.0,2.16,3.28,3.55
F1,2019-09-22,Lyon,Paris SG,1726.51,1832.35,2.0,8.0,9.0,12.0,0.0,1.0,A,0.0,0.0,D,12.0,21.0,0.0,7.0,8.0,6.0,2.0,11.0,1.0,1.0,0.0,0.0,3.79,4.06,1.85
F1,2019-09-24,Dijon,Marseille,1471.89,1640.8,1.0,1.0,7.0,11.0,0.0,0.0,D,0.0,0.0,D,18.0,9.0,6.0,2.0,9.0,14.0,8.0,3.0,3.0,3.0,0.0,0.0,3.61,3.4,2.09
F1,2019-09-24,Monaco,Nice,1545.52,1608.09,2.0,3.0,6.0,9.0,3.0,1.0,H,1.0,0.0,H,17.0,10.0,5.0,3.0,10.0,14.0,5.0,7.0,2.0,3.0,0.0,0.0,1.98,3.54,3.83
F1,2019-09-25,Amiens,Bordeaux,1499.62,1572.95,4.0,7.0,5.0,9.0,1.0,3.0,A,1.0,2.0,A,11.0,15.0,3.0,6.0,15.0,13.0,3.0,3.0,2.0,2.0,0.0,0.0,2.51,3.0,3.12
F1,2019-09-25,Brest,Lyon,1515.42,1726.51,2.0,6.0,2.0,5.0,2.0,2.0,D,1.0,1.0,D,13.0,11.0,5.0,5.0,9.0,10.0,2.0,6.0,0.0,0.0,0.0,0.0,4.57,3.86,1.74
F1,2019-09-25,Lille,Strasbourg,1672.62,1541.5,4.0,7.0,4.0,5.0,2.0,0.0,H,1.0,0.0,H,12.0,5.0,5.0,1.0,7.0,12.0,4.0,2.0,0.0,1.0,0.0,0.0,1.81,3.45,4.75
F1,2019-09-25,Montpellier,Nimes,1620.86,1571.79,4.0,8.0,7.0,8.0,1.0,0.0,H,1.0,0.0,H,12.0,15.0,4.0,3.0,14.0,19.0,4.0,8.0,3.0,4.0,0.0,0.0,1.89,3.52,4.18
F1,2019-09-25,Nantes,Rennes,1585.0,1638.16,6.0,10.0,2.0,8.0,1.0,0.0,H,0.0,0.0,D,8.0,6.0,2.0,2.0,16.0,17.0,2.0,4.0,2.0,4.0,0.0,0.0,2.29,3.13,3.38
F1,2019-09-25,St Etienne,Metz,1640.98,1517.87,1.0,2.0,0.0,3.0,0.0,1.0,A,0.0,1.0,A,15.0,12.0,3.0,1.0,12.0,12.0,8.0,5.0,4.0,2.0,0.0,0.0,1.79,3.59,4.67
F1,2019-09-25,Toulouse,Angers,1510.81,1573.66,4.0,7.0,6.0,9.0,0.0,2.0,A,0.0,0.0,D,6.0,22.0,1.0,6.0,15.0,12.0,5.0,11.0,1.0,0.0,0.0,0.0,2.68,3.21,2.73
F1,2019-09-25,Paris SG,Reims,1832.35,1603.7,9.0,12.0,4.0,5.0,0.0,2.0,A,0.0,1.0,A,12.0,13.0,3.0,2.0,10.0,11.0,6.0,6.0,1.0,2.0,0.0,0.0,1.16,7.76,16.93
F1,2019-09-28,Lyon,Nantes,1726.51,1585.0,2.0,3.0,6.0,12.0,0.0,1.0,A,0.0,0.0,D,14.0,11.0,7.0,2.0,10.0,10.0,7.0,8.0,2.0,2.0,0.0,0.0,1.56,4.0,6.21
F1,2019-09-28,Bordeaux,Paris SG,1572.95,1832.35,7.0,11.0,6.0,12.0,0.0,1.0,A,0.0,0.0,D,4.0,21.0,1.0,7.0,10.0,13.0,0.0,9.0,0.0,3.0,0.0,0.0,5.96,4.57,1.51
F1,2019-09-28,Angers,Amiens,1573.66,1499.62,6.0,12.0,4.0,4.0,1.0,1.0,D,0.0,1.0,A,23.0,8.0,6.0,4.0,10.0,13.0,10.0,2.0,1.0,0.0,0.0,0.0,1.73,3.46,5.48
F1,2019-09-28,Metz,Toulouse,1517.87,1510.81,3.0,3.0,1.0,4.0,2.0,2.0,D,1.0,0.0,H,13.0,15.0,3.0,6.0,10.0,17.0,3.0,6.0,1.0,1.0,0.0,0.0,2.12,3.25,3.69
F1,2019-09-28,Monaco,Brest,1545.52,1515.42,4.0,6.0,3.0,6.0,4.0,1.0,H,1.0,0.0,H,21.0,5.0,13.0,1.0,7.0,15.0,7.0,1.0,1.0,2.0,0.0,0.0,1.51,4.32,6.34
F1,2019-09-28,Nice,Lille,1608.09,1672.62,3.0,6.0,7.0,10.0,1.0,1.0,D,1.0,1.0,D,12.0,11.0,5.0,6.0,8.0,14.0,6.0,5.0,2.0,2.0,0.0,0.0,2.88,3.19,2.55
F1,2019-09-28,Reims,Dijon,1603.7,1471.89,4.0,7.0,2.0,2.0,1.0,2.0,A,1.0,1.0,D,18.0,11.0,2.0,4.0,8.0,21.0,5.0,4.0,1.0,2.0,0.0,0.0,1.77,3.42,5.2
F1,2019-09-29,Strasbourg,Montpellier,1541.5,1620.86,3.0,4.0,7.0,10.0,1.0,0.0,H,1.0,0.0,H,8.0,11.0,3.0,3.0,18.0,13.0,1.0,6.0,4.0,2.0,0.0,0.0,2.47,3.07,3.12
F1,2019-09-29,Nimes,St Etienne,1571.79,1640.98,4.0,8.0,1.0,1.0,0.0,1.0,A,0.0,0.0,D,22.0,6.0,8.0,4.0,12.0,15.0,13.0,5.0,1.0,4.0,0.0,1.0,2.32,3.39,3.07
F1,2019-09-29,Marseille,Rennes,1640.8,1638.16,5.0,11.0,2.0,5.0,1.0,1.0,D,0.0,1.0,A,17.0,12.0,5.0,2.0,18.0,13.0,7.0,4.0,4.0,0.0,0.0,0.0,1.97,3.46,3.94
F1,2019-10-04,Amiens,Marseille,1499.73,1637.61,4.0,5.0,3.0,9.0,3.0,1.0,H,2.0,1.0,H,11.0,13.0,5.0,4.0,16.0,15.0,3.0,7.0,1.0,3.0,0.0,0.0,3.3,3.23,2.3
F1,2019-10-05,Paris SG,Angers,1829.33,1591.84,6.0,12.0,7.0,10.0,4.0,0.0,H,2.0,0.0,H,15.0,10.0,8.0,2.0,12.0,11.0,6.0,1.0,3.0,1.0,0.0,0.0,1.2,7.2,13.01
F1,2019-10-05,Brest,Metz,1509.61,1515.44,2.0,3.0,4.0,4.0,2.0,0.0,H,2.0,0.0,H,7.0,12.0,3.0,4.0,12.0,15.0,2.0,9.0,2.0,1.0,0.0,0.0,2.46,3.24,2.97
F1,2019-10-05,Dijon,Strasbourg,1481.85,1550.41,4.0,5.0,6.0,7.0,1.0,0.0,H,1.0,0.0,H,8.0,15.0,3.0,2.0,7.0,14.0,6.0,7.0,3.0,3.0,0.0,0.0,2.7,3.09,2.79
F1,2019-10-05,Montpellier,Monaco,1617.03,1561.55,4.0,7.0,7.0,8.0,3.0,1.0,H,2.0,0.0,H,17.0,14.0,10.0,4.0,18.0,11.0,6.0,8.0,1.0,2.0,0.0,1.0,2.89,3.28,2.49
F1,2019-10-05,Nantes,Nice,1601.91,1597.91,6.0,12.0,4.0,7.0,1.0,0.0,H,0.0,0.0,D,14.0,6.0,5.0,2.0,14.0,7.0,6.0,1.0,1.0,2.0,0.0,0.0,2.0,3.37,3.93
F1,2019-10-05,Toulouse,Bordeaux,1499.11,1575.13,1.0,5.0,4.0,8.0,1.0,3.0,A,0.0,2.0,A,15.0,10.0,4.0,4.0,16.0,16.0,5.0,4.0,4.0,2.0,0.0,0.0,2.55,3.11,2.95
F1,2019-10-06,Lille,Nimes,1671.09,1560.63,5.0,8.0,3.0,7.0,2.0,2.0,D,1.0,1.0,D,18.0,14.0,7.0,4.0,19.0,10.0,8.0,6.0,3.0,1.0,0.0,0.0,1.64,3.9,5.41
F1,2019-10-06,Rennes,Reims,1625.8,1598.91,2.0,3.0,4.0,7.0,0.0,1.0,A,0.0,0.0,D,18.0,13.0,3.0,7.0,13.0,19.0,5.0,3.0,1.0,3.0,0.0,0.0,2.16,3.18,3.66
F1,2019-10-06,St Etienne,Lyon,1608.57,1698.32,3.0,4.0,1.0,3.0,1.0,0.0,H,0.0,0.0,D,6.0,6.0,4.0,2.0,13.0,18.0,5.0,1.0,1.0,2.0,0.0,0.0,3.35,3.67,2.08
F1,2019-10-18,Nice,Paris SG,1595.44,1841.95,1.0,4.0,6.0,12.0,1.0,4.0,A,0.0,2.0,A,10.0,24.0,2.0,10.0,12.0,15.0,1.0,13.0,3.0,2.0,2.0,0.0,7.68,4.57,1.43
F1,2019-10-19,Lyon,Dijon,1711.01,1494.73,1.0,2.0,7.0,8.0,0.0,0.0,D,0.0,0.0,D,24.0,6.0,10.0,1.0,12.0,11.0,8.0,1.0,0.0,0.0,0.0,0.0,1.36,5.26,8.23
F1,2019-10-19,Angers,Brest,1591.91,1523.71,4.0,7.0,4.0,6.0,0.0,1.0,A,0.0,0.0,D,29.0,6.0,6.0,1.0,10.0,11.0,13.0,3.0,1.0,0.0,0.0,0.0,1.63,3.69,6.03
F1,2019-10-19,Metz,Nantes,1510.02,1613.06,4.0,4.0,9.0,12.0,1.0,0.0,H,0.0,0.0,D,10.0,9.0,2.0,2.0,16.0,13.0,3.0,3.0,2.0,1.0,0.0,1.0,2.73,3.03,2.83
F1,2019-10-19,Nimes,Amiens,1569.26,1518.75,1.0,5.0,4.0,8.0,1.0,1.0,D,1.0,0.0,H,11.0,13.0,3.0,5.0,11.0,15.0,1.0,11.0,2.0,4.0,0.0,0.0,2.04,3.34,3.85
F1,2019-10-19,Reims,Montpellier,1613.31,1629.04,6.0,7.0,6.0,10.0,1.0,0.0,H,1.0,0.0,H,12.0,9.0,5.0,0.0,19.0,11.0,4.0,8.0,2.0,0.0,0.0,0.0,2.2,2.97,3.85
F1,2019-10-19,Toulouse,Lille,1492.78,1665.67,1.0,2.0,5.0,9.0,2.0,1.0,H,0.0,0.0,D,17.0,9.0,6.0,2.0,15.0,11.0,3.0,4.0,2.0,4.0,0.0,0.0,3.47,3.31,2.18
F1,2019-10-20,Bordeaux,St Etienne,1590.14,1622.88,6.0,10.0,6.0,7.0,0.0,1.0,A,0.0,0.0,D,12.0,6.0,6.0,3.0,7.0,18.0,8.0,5.0,0.0,3.0,0.0,0.0,2.28,3.23,3.31
F1,2019-10-20,Monaco,Rennes,1558.22,1614.68,6.0,7.0,1.0,3.0,3.0,2.0,H,1.0,1.0,D,14.0,10.0,5.0,3.0,15.0,15.0,3.0,3.0,2.0,3.0,0.0,0.0,1.81,3.72,4.42
F1,2019-10-20,Marseille,Strasbourg,1627.28,1546.21,2.0,6.0,3.0,6.0,2.0,0.0,H,1.0,0.0,H,11.0,10.0,6.0,2.0,13.0,15.0,5.0,7.0,3.0,2.0,0.0,0.0,1.85,3.44,4.6
F1,2019-10-25,Nantes,Monaco,1613.06,1558.22,6.0,9.0,6.0,10.0,0.0,1.0,A,0.0,1.0,A,15.0,7.0,4.0,2.0,9.0,13.0,5.0,3.0,2.0,2.0,0.0,0.0,2.91,3.21,2.56
F1,2019-10-26,Lille,Bordeaux,1665.67,1590.14,2.0,6.0,3.0,7.0,3.0,0.0,H,1.0,0.0,H,11.0,5.0,3.0,1.0,17.0,18.0,3.0,3.0,0.0,2.0,0.0,0.0,1.81,3.59,4.54
F1,2019-10-26,Brest,Dijon,1523.71,1494.73,6.0,8.0,7.0,8.0,2.0,0.0,H,0.0,0.0,D,15.0,14.0,7.0,5.0,10.0,8.0,9.0,5.0,0.0,0.0,1.0,0.0,2.34,3.19,3.21
F1,2019-10-26,Lyon,Metz,1711.01,1510.02,1.0,2.0,4.0,7.0,2.0,0.0,H,2.0,0.0,H,18.0,16.0,7.0,3.0,12.0,9.0,7.0,2.0,1.0,2.0,0.0,0.0,1.44,4.47,7.55
F1,2019-10-26,Montpellier,Angers,1629.04,1591.91,3.0,7.0,1.0,7.0,0.0,0.0,D,0.0,0.0,D,14.0,13.0,3.0,6.0,14.0,12.0,5.0,2.0,2.0,3.0,0.0,0.0,2.26,3.12,3.45
F1,2019-10-26,Reims,Nimes,1613.31,1569.26,6.0,10.0,2.0,5.0,0.0,0.0,D,0.0,0.0,D,10.0,7.0,3.0,1.0,15.0,13.0,4.0,6.0,3.0,1.0,0.0,0.0,1.84,3.38,4.69
F1,2019-10-26,Strasbourg,Nice,1546.21,1595.44,3.0,6.0,1.0,4.0,1.0,0.0,H,1.0,0.0,H,20.0,9.0,6.0,5.0,22.0,12.0,4.0,7.0,1.0,3.0,0.0,1.0,1.98,3.24,4.23
F1,2019-10-27,Rennes,Toulouse,1614.68,1492.78,1.0,2.0,4.0,4.0,3.0,2.0,H,2.0,1.0,H,14.0,15.0,6.0,5.0,18.0,20.0,7.0,5.0,1.0,2.0,0.0,0.0,1.96,3.28,4.23
F1,2019-10-27,St Etienne,Amiens,1622.88,1518.75,9.0,9.0,5.0,8.0,2.0,2.0,D,1.0,0.0,H,15.0,11.0,1.0,5.0,17.0,17.0,5.0,4.0,2.0,3.0,0.0,0.0,1.86,3.51,4.38
F1,2019-10-27,Paris SG,Marseille,1841.95,1627.28,9.0,12.0,4.0,6.0,4.0,0.0,H,4.0,0.0,H,11.0,5.0,7.0,1.0,10.0,6.0,5.0,3.0,2.0,1.0,0.0,0.0,1.23,6.56,11.49
F1,2019-11-01,Dijon,Paris SG,1490.72,1865.22,4.0,8.0,9.0,12.0,2.0,1.0,H,1.0,1.0,D,10.0,20.0,6.0,4.0,12.0,9.0,3.0,6.0,3.0,2.0,0.0,0.0,13.83,7.15,1.2
F1,2019-11-02,Marseille,Lille,1627.6,1663.32,3.0,5.0,4.0,8.0,2.0,1.0,H,0.0,0.0,D,11.0,6.0,1.0,2.0,13.0,15.0,4.0,4.0,1.0,3.0,0.0,0.0,2.26,3.26,3.33
F1,2019-11-02,Amiens,Brest,1523.72,1541.33,5.0,6.0,9.0,10.0,1.0,0.0,H,1.0,0.0,H,6.0,14.0,2.0,3.0,12.0,11.0,3.0,9.0,3.0,1.0,0.0,0.0,1.76,3.76,4.64
F1,2019-11-02,Angers,Strasbourg,1581.28,1545.59,1.0,5.0,3.0,6.0,1.0,0.0,H,1.0,0.0,H,9.0,8.0,5.0,3.0,13.0,20.0,4.0,8.0,1.0,1.0,0.0,0.0,2.06,3.13,4.08
F1,2019-11-02,Metz,Montpellier,1513.33,1617.26,3.0,7.0,4.0,7.0,2.0,2.0,D,1.0,0.0,H,11.0,12.0,4.0,4.0,12.0,19.0,5.0,3.0,1.0,2.0,0.0,0.0,2.7,3.08,2.81
F1,2019-11-02,Toulouse,Lyon,1497.37,1702.26,3.0,4.0,4.0,5.0,2.0,3.0,A,1.0,1.0,D,12.0,21.0,5.0,8.0,10.0,4.0,5.0,5.0,3.0,0.0,0.0,0.0,4.42,3.77,1.79
F1,2019-11-03,Bordeaux,Nantes,1570.62,1591.06,3.0,6.0,3.0,9.0,2.0,0.0,H,1.0,0.0,H,10.0,9.0,7.0,2.0,18.0,17.0,6.0,9.0,4.0,3.0,0.0,0.0,2.33,3.02,3.46
F1,2019-11-03,Nice,Reims,1578.98,1615.69,0.0,1.0,7.0,10.0,2.0,0.0,H,2.0,0.0,H,12.0,11.0,6.0,3.0,11.0,17.0,5.0,4.0,1.0,3.0,0.0,1.0,2.63,3.05,2.9
F1,2019-11-03,St Etienne,Monaco,1619.1,1574.77,7.0,10.0,6.0,12.0,1.0,0.0,H,0.0,0.0,D,12.0,11.0,5.0,2.0,13.0,10.0,2.0,1.0,1.0,1.0,0.0,1.0,2.83,3.49,2.43
F1,2019-11-08,Nice,Bordeaux,1578.98,1570.62,3.0,4.0,3.0,6.0,1.0,1.0,D,1.0,0.0,H,10.0,10.0,5.0,4.0,13.0,16.0,3.0,4.0,2.0,2.0,0.0,0.0,2.43,3.07,3.2
F1,2019-11-09,Brest,Paris SG,1541.33,1865.22,6.0,9.0,6.0,12.0,1.0,2.0,A,0.0,1.0,A,17.0,18.0,4.0,8.0,10.0,13.0,5.0,4.0,1.0,2.0,0.0,0.0,12.04,6.87,1.22
F1,2019-11-09,Lille,Metz,1663.32,1513.33,3.0,5.0,4.0,5.0,0.0,0.0,D,0.0,0.0,D,13.0,4.0,5.0,1.0,16.0,13.0,9.0,1.0,2.0,2.0,0.0,0.0,1.59,3.94,5.98
F1,2019-11-09,Monaco,Dijon,1574.77,1490.72,6.0,9.0,4.0,10.0,1.0,0.0,H,1.0,0.0,H,18.0,15.0,7.0,3.0,11.0,8.0,6.0,9.0,2.0,0.0,0.0,0.0,1.41,4.78,7.43
F1,2019-11-09,Reims,Angers,1615.69,1581.28,4.0,7.0,4.0,5.0,0.0,0.0,D,0.0,0.0,D,9.0,13.0,2.0,2.0,14.0,11.0,2.0,12.0,1.0,3.0,0.0,1.0,2.29,3.0,3.56
F1,2019-11-09,Strasbourg,Nimes,1545.59,1567.29,3.0,6.0,3.0,3.0,4.0,1.0,H,2.0,0.0,H,20.0,10.0,10.0,4.0,13.0,9.0,2.0,2.0,2.0,2.0,0.0,1.0,1.89,3.36,4.46
F1,2019-11-10,Rennes,Amiens,1597.92,1523.72,3.0,4.0,5.0,9.0,3.0,1.0,H,1.0,1.0,D,22.0,13.0,11.0,6.0,12.0,17.0,5.0,3.0,3.0,4.0,0.0,0.0,2.14,3.27,3.59
F1,2019-11-10,Montpellier,Toulouse,1617.26,1497.37,2.0,5.0,3.0,4.0,3.0,0.0,H,1.0,0.0,H,8.0,6.0,3.0,2.0,19.0,17.0,1.0,3.0,2.0,2.0,0.0,0.0,1.78,3.55,4.77
F1,2019-11-10,Nantes,St Etienne,1591.06,1619.1,0.0,6.0,7.0,13.0,2.0,3.0,A,2.0,2.0,D,9.0,11.0,6.0,4.0,6.0,9.0,3.0,3.0,1.0,0.0,0.0,0.0,2.12,3.16,3.81
F1,2019-11-10,Marseille,Lyon,1627.6,1702.26,6.0,7.0,7.0,7.0,2.0,1.0,H,2.0,0.0,H,10.0,11.0,4.0,4.0,14.0,9.0,6.0,7.0,3.0,0.0,1.0,0.0,2.62,3.39,2.65
F1,2019-11-22,Paris SG,Lille,1855.25,1644.95,6.0,12.0,4.0,5.0,2.0,0.0,H,2.0,0.0,H,11.0,13.0,4.0,8.0,13.0,11.0,6.0,5.0,2.0,0.0,0.0,0.0,1.27,5.92,10.59
F1,2019-11-23,Lyon,Nice,1709.3,1588.21,6.0,7.0,4.0,4.0,2.0,1.0,H,2.0,0.0,H,9.0,17.0,4.0,7.0,13.0,13.0,3.0,6.0,2.0,4.0,1.0,1.0,1.45,4.48,7.03
F1,2019-11-23,Amiens,Strasbourg,1523.21,1552.27,4.0,8.0,6.0,6.0,0.0,4.0,A,0.0,1.0,A,5.0,17.0,0.0,9.0,7.0,8.0,3.0,7.0,2.0,1.0,1.0,0.0,2.47,3.02,3.15
F1,2019-11-23,Angers,Nimes,1589.03,1554.48,5.0,5.0,2.0,3.0,1.0,0.0,H,0.0,0.0,D,21.0,10.0,7.0,2.0,12.0,6.0,3.0,2.0,2.0,1.0,0.0,0.0,1.7,3.68,5.2
F1,2019-11-23,Brest,Nantes,1531.55,1572.02,3.0,9.0,0.0,3.0,1.0,1.0,D,0.0,1.0,A,13.0,11.0,4.0,4.0,8.0,11.0,6.0,5.0,2.0,1.0,0.0,0.0,2.88,3.11,2.59
F1,2019-11-23,Dijon,Rennes,1500.69,1598.28,3.0,7.0,6.0,7.0,2.0,1.0,H,0.0,0.0,D,16.0,11.0,6.0,4.0,18.0,15.0,4.0,4.0,1.0,2.0,0.0,0.0,2.85,3.27,2.52
F1,2019-11-23,Metz,Reims,1519.64,1602.42,2.0,5.0,2.0,8.0,1.0,1.0,D,0.0,1.0,A,9.0,18.0,2.0,6.0,14.0,13.0,6.0,5.0,2.0,2.0,0.0,1.0,2.8,2.9,2.84
F1,2019-11-24,Bordeaux,Monaco,1582.72,1574.27,4.0,7.0,6.0,9.0,2.0,1.0,H,1.0,1.0,D,17.0,11.0,6.0,3.0,16.0,20.0,5.0,12.0,3.0,5.0,0.0,1.0,3.28,3.48,2.17
F1,2019-11-24,St Etienne,Montpellier,1630.93,1622.62,7.0,13.0,5.0,8.0,0.0,0.0,D,0.0,0.0,D,9.0,8.0,2.0,2.0,18.0,19.0,1.0,5.0,3.0,3.0,0.0,0.0,2.33,3.21,3.19
F1,2019-11-24,Toulouse,Marseille,1485.97,1643.7,0.0,3.0,6.0,9.0,0.0,2.0,A,0.0,0.0,D,10.0,14.0,3.0,7.0,16.0,13.0,1.0,7.0,3.0,3.0,1.0,0.0,3.17,3.42,2.23
F1,2019-11-29,Marseille,Brest,1643.7,1531.55,9.0,12.0,1.0,7.0,2.0,1.0,H,0.0,0.0,D,34.0,4.0,10.0,1.0,11.0,14.0,8.0,0.0,0.0,2.0,0.0,0.0,1.41,4.6,8.21
F1,2019-11-30,Strasbourg,Lyon,1552.27,1709.3,6.0,9.0,6.0,10.0,1.0,2.0,A,1.0,1.0,D,9.0,8.0,2.0,4.0,12.0,11.0,3.0,1.0,3.0,1.0,0.0,0.0,2.76,3.23,2.62
F1,2019-11-30,Lille,Dijon,1644.95,1500.69,1.0,4.0,6.0,7.0,1.0,0.0,H,1.0,0.0,H,19.0,8.0,5.0,0.0,16.0,16.0,11.0,3.0,2.0,1.0,0.0,0.0,1.51,4.12,6.82
F1,2019-11-30,Montpellier,Amiens,1622.62,1523.21,5.0,6.0,3.0,5.0,4.0,2.0,H,1.0,1.0,D,20.0,6.0,10.0,2.0,13.0,15.0,4.0,2.0,1.0,2.0,0.0,1.0,1.78,3.46,4.85
F1,2019-11-30,Nice,Angers,1588.21,1589.03,4.0,4.0,7.0,8.0,3.0,1.0,H,1.0,1.0,D,10.0,10.0,7.0,4.0,10.0,13.0,0.0,7.0,2.0,1.0,0.0,0.0,2.59,3.03,2.95
F1,2019-11-30,Nimes,Metz,1554.48,1519.64,1.0,3.0,3.0,6.0,1.0,1.0,D,0.0,1.0,A,14.0,10.0,3.0,4.0,12.0,19.0,6.0,2.0,1.0,6.0,0.0,0.0,2.01,3.3,3.95
F1,2019-11-30,Reims,Bordeaux,1602.42,1582.72,2.0,6.0,7.0,7.0,1.0,1.0,D,0.0,1.0,A,19.0,5.0,6.0,1.0,14.0,14.0,15.0,2.0,2.0,1.0,1.0,0.0,2.04,3.09,4.19
F1,2019-12-01,Nantes,Toulouse,1564.48,1470.58,1.0,1.0,0.0,3.0,2.0,1.0,H,1.0,0.0,H,21.0,7.0,8.0,3.0,15.0,15.0,10.0,4.0,1.0,3.0,0.0,1.0,1.8,3.49,4.75
F1,2019-12-01,Rennes,St Etienne,1574.73,1619.34,6.0,6.0,7.0,11.0,2.0,1.0,H,1.0,1.0,D,14.0,5.0,5.0,1.0,15.0,11.0,6.0,1.0,1.0,3.0,0.0,0.0,1.98,3.34,4.03
F1,2019-12-03,Angers,Marseille,1577.03,1647.35,4.0,8.0,9.0,12.0,0.0,2.0,A,0.0,2.0,A,9.0,10.0,2.0,4.0,11.0,11.0,3.0,1.0,1.0,1.0,0.0,0.0,2.92,3.24,2.51
F1,2019-12-03,Bordeaux,Nimes,1583.29,1538.46,5.0,8.0,1.0,3.0,6.0,0.0,H,2.0,0.0,H,12.0,7.0,8.0,1.0,14.0,13.0,0.0,6.0,2.0,1.0,0.0,0.0,1.92,3.34,4.38
F1,2019-12-03,Brest,Strasbourg,1519.39,1555.88,1.0,4.0,6.0,9.0,5.0,0.0,H,2.0,0.0,H,11.0,9.0,8.0,3.0,9.0,11.0,3.0,7.0,2.0,1.0,0.0,0.0,3.4,3.18,2.27
F1,2019-12-03,Lyon,Lille,1701.75,1631.91,6.0,12.0,4.0,7.0,0.0,1.0,A,0.0,0.0,D,11.0,8.0,3.0,2.0,13.0,9.0,9.0,1.0,1.0,2.0,0.0,0.0,2.0,3.49,3.81
F1,2019-12-04,Dijon,Montpellier,1498.24,1622.34,3.0,6.0,7.0,9.0,2.0,2.0,D,1.0,2.0,A,18.0,18.0,2.0,6.0,15.0,20.0,12.0,6.0,3.0,3.0,0.0,0.0,3.08,3.08,2.47
F1,2019-12-04,Metz,Rennes,1514.99,1574.73,3.0,4.0,6.0,9.0,0.0,1.0,A,0.0,1.0,A,20.0,12.0,4.0,2.0,13.0,8.0,8.0,8.0,2.0,0.0,0.0,0.0,3.01,3.06,2.54
F1,2019-12-04,St Etienne,Nice,1619.34,1586.3,4.0,8.0,4.0,7.0,4.0,1.0,H,3.0,1.0,H,15.0,16.0,7.0,4.0,15.0,11.0,8.0,5.0,2.0,3.0,0.0,0.0,2.36,3.29,3.07
F1,2019-12-04,Toulouse,Monaco,1470.58,1559.86,0.0,0.0,3.0,9.0,1.0,2.0,A,1.0,1.0,D,14.0,18.0,3.0,7.0,18.0,10.0,2.0,6.0,0.0,1.0,0.0,0.0,3.86,3.8,1.88
F1,2019-12-04,Paris SG,Nantes,1853.05,1564.48,6.0,12.0,4.0,4.0,2.0,0.0,H,0.0,0.0,D,10.0,11.0,6.0,4.0,11.0,14.0,5.0,9.0,1.0,2.0,0.0,0.0,1.15,7.69,18.03
F1,2019-12-06,Lille,Brest,1631.91,1519.39,6.0,7.0,4.0,4.0,1.0,0.0,H,1.0,0.0,H,16.0,6.0,10.0,0.0,10.0,9.0,7.0,3.0,0.0,1.0,0.0,0.0,1.37,4.87,8.67
F1,2019-12-06,Nimes,Lyon,1538.46,1701.75,1.0,2.0,6.0,9.0,0.0,4.0,A,0.0,1.0,A,6.0,22.0,2.0,8.0,10.0,15.0,1.0,5.0,2.0,2.0,2.0,0.0,4.41,4.0,1.75
F1,2019-12-07,Montpellier,Paris SG,1622.34,1853.05,5.0,9.0,9.0,12.0,1.0,3.0,A,1.0,0.0,H,6.0,14.0,1.0,5.0,17.0,18.0,4.0,4.0,5.0,3.0,1.0,0.0,6.57,4.55,1.47
F1,2019-12-07,Monaco,Amiens,1559.86,1492.13,6.0,9.0,0.0,4.0,3.0,0.0,H,0.0,0.0,D,20.0,5.0,8.0,2.0,10.0,8.0,8.0,1.0,0.0,0.0,0.0,0.0,1.45,4.63,6.82
F1,2019-12-07,Nice,Metz,1586.3,1514.99,3.0,7.0,2.0,4.0,4.0,1.0,H,2.0,0.0,H,14.0,18.0,5.0,3.0,8.0,13.0,2.0,4.0,0.0,2.0,0.0,0.0,1.79,3.51,4.79
F1,2019-12-07,Rennes,Angers,1574.73,1577.03,6.0,12.0,3.0,7.0,2.0,1.0,H,1.0,0.0,H,8.0,12.0,3.0,1.0,15.0,12.0,4.0,4.0,3.0,1.0,0.0,0.0,2.11,3.21,3.75
F1,2019-12-07,Strasbourg,Toulouse,1555.88,1470.58,3.0,6.0,0.0,0.0,4.0,2.0,H,2.0,1.0,H,18.0,14.0,7.0,9.0,10.0,7.0,3.0,5.0,0.0,1.0,0.0,0.0,1.7,3.87,4.89
F1,2019-12-08,Reims,St Etienne,1591.78,1619.34,3.0,4.0,4.0,10.0,3.0,1.0,H,1.0,0.0,H,10.0,11.0,3.0,4.0,10.0,14.0,1.0,2.0,2.0,2.0,0.0,0.0,1.99,3.26,4.1
F1,2019-12-08,Nantes,Dijon,1564.48,1498.24,4.0,4.0,4.0,7.0,1.0,0.0,H,0.0,0.0,D,17.0,5.0,6.0,1.0,12.0,14.0,9.0,1.0,1.0,2.0,0.0,0.0,1.8,3.67,4.48
F1,2019-12-08,Marseille,Bordeaux,1647.35,1583.29,9.0,15.0,7.0,11.0,3.0,1.0,H,0.0,1.0,A,25.0,3.0,6.0,2.0,10.0,9.0,7.0,0.0,2.0,1.0,0.0,0.0,1.61,4.1,5.37
F1,2019-12-13,Lille,Montpellier,1631.91,1622.34,9.0,10.0,4.0,8.0,2.0,1.0,H,1.0,0.0,H,14.0,10.0,9.0,4.0,13.0,15.0,4.0,5.0,3.0,1.0,0.0,0.0,1.76,3.56,5.03
F1,2019-12-14,Metz,Marseille,1514.99,1647.35,1.0,3.0,9.0,15.0,1.0,1.0,D,1.0,0.0,H,6.0,16.0,3.0,5.0,15.0,13.0,1.0,7.0,4.0,1.0,0.0,0.0,4.53,3.68,1.79
F1,2019-12-14,Amiens,Dijon,1492.13,1498.24,0.0,3.0,1.0,4.0,1.0,1.0,D,1.0,1.0,D,6.0,10.0,2.0,5.0,15.0,8.0,5.0,3.0,1.0,3.0,0.0,0.0,2.03,3.33,3.88
F1,2019-12-14,Angers,Monaco,1577.03,1559.86,0.0,4.0,6.0,9.0,0.0,0.0,D,0.0,0.0,D,10.0,7.0,5.0,2.0,16.0,15.0,7.0,6.0,4.0,3.0,0.0,0.0,3.15,3.44,2.26
F1,2019-12-14,Brest,Nice,1519.39,1586.3,3.0,4.0,6.0,7.0,0.0,0.0,D,0.0,0.0,D,16.0,15.0,4.0,7.0,13.0,11.0,5.0,6.0,3.0,2.0,0.0,0.0,2.66,3.29,2.68
F1,2019-12-14,Nimes,Nantes,1538.46,1564.48,1.0,1.0,6.0,7.0,0.0,1.0,A,0.0,1.0,A,16.0,10.0,4.0,5.0,17.0,21.0,9.0,3.0,0.0,3.0,0.0,0.0,3.28,3.16,2.32
F1,2019-12-14,Toulouse,Reims,1470.58,1591.78,0.0,0.0,5.0,6.0,0.0,1.0,A,0.0,1.0,A,9.0,10.0,5.0,4.0,17.0,14.0,4.0,8.0,0.0,2.0,0.0,0.0,3.19,3.17,2.37
F1,2019-12-15,Bordeaux,Strasbourg,1593.71,1549.97,4.0,8.0,3.0,9.0,0.0,1.0,A,0.0,1.0,A,13.0,7.0,3.0,4.0,12.0,13.0,5.0,7.0,3.0,2.0,0.0,0.0,2.25,3.17,3.41
F1,2019-12-15,Lyon,Rennes,1706.36,1614.07,6.0,9.0,9.0,12.0,0.0,1.0,A,0.0,0.0,D,10.0,12.0,3.0,6.0,20.0,15.0,5.0,7.0,3.0,3.0,0.0,0.0,1.69,3.84,4.99
F1,2019-12-15,St Etienne,Paris SG,1611.04,1867.95,3.0,7.0,9.0,12.0,0.0,4.0,A,0.0,2.0,A,11.0,21.0,2.0,13.0,4.0,9.0,5.0,2.0,1.0,1.0,1.0,0.0,7.59,5.15,1.37
F1,2019-12-21,Dijon,Metz,1500.58,1505.43,2.0,5.0,1.0,3.0,2.0,2.0,D,2.0,1.0,H,19.0,9.0,5.0,3.0,13.0,10.0,3.0,5.0,2.0,3.0,0.0,1.0,2.12,3.18,3.76
F1,2019-12-21,Marseille,Nimes,1666.66,1510.57,7.0,13.0,0.0,1.0,3.0,1.0,H,0.0,0.0,D,19.0,12.0,9.0,5.0,12.0,8.0,7.0,4.0,3.0,2.0,0.0,0.0,1.28,5.69,10.19
F1,2019-12-21,Monaco,Lille,1580.84,1655.15,7.0,10.0,9.0,12.0,5.0,1.0,H,2.0,1.0,H,15.0,9.0,6.0,4.0,10.0,15.0,5.0,6.0,5.0,1.0,1.0,0.0,2.1,3.52,3.4
F1,2019-12-21,Montpellier,Brest,1613.26,1535.86,1.0,5.0,4.0,5.0,4.0,0.0,H,2.0,0.0,H,17.0,17.0,6.0,4.0,12.0,15.0,3.0,2.0,1.0,1.0,0.0,0.0,1.56,3.91,6.36
F1,2019-12-21,Nantes,Angers,1584.23,1563.06,6.0,10.0,1.0,4.0,1.0,2.0,A,1.0,0.0,H,9.0,13.0,1.0,7.0,15.0,6.0,5.0,4.0,1.0,0.0,0.0,0.0,2.12,3.09,3.86
F1,2019-12-21,Nice,Toulouse,1589.2,1450.42,4.0,7.0,0.0,0.0,3.0,0.0,H,3.0,0.0,H,15.0,8.0,5.0,0.0,9.0,18.0,12.0,4.0,1.0,4.0,0.0,0.0,1.67,4.01,4.84
F1,2019-12-21,Paris SG,Amiens,1867.95,1486.31,9.0,15.0,1.0,1.0,4.0,1.0,H,1.0,0.0,H,22.0,8.0,10.0,3.0,16.0,10.0,7.0,3.0,0.0,1.0,0.0,0.0,1.07,11.65,28.83
F1,2019-12-21,Reims,Lyon,1612.3,1706.36,7.0,9.0,3.0,9.0,1.0,1.0,D,1.0,1.0,D,12.0,15.0,3.0,4.0,11.0,16.0,4.0,4.0,2.0,3.0,0.0,0.0,2.82,3.02,2.71
F1,2019-12-21,Rennes,Bordeaux,1614.07,1593.71,9.0,12.0,3.0,7.0,1.0,0.0,H,0.0,0.0,D,12.0,13.0,5.0,2.0,11.0,13.0,2.0,8.0,0.0,3.0,0.0,0.0,2.03,3.27,3.93
F1,2019-12-21,Strasbourg,St Etienne,1549.97,1611.04,6.0,9.0,3.0,4.0,2.0,1.0,H,1.0,0.0,H,5.0,6.0,3.0,1.0,16.0,13.0,2.0,7.0,3.0,2.0,0.0,0.0,2.08,3.26,3.76
F1,2020-01-10,Rennes,Marseille,1631.42,1671.17,9.0,15.0,7.0,13.0,0.0,1.0,A,0.0,0.0,D,9.0,10.0,2.0,4.0,15.0,17.0,4.0,1.0,2.0,5.0,0.0,0.0,2.62,3.09,2.89
F1,2020-01-11,Bordeaux,Lyon,1577.29,1693.91,0.0,4.0,4.0,7.0,1.0,2.0,A,1.0,0.0,H,5.0,22.0,2.0,6.0,12.0,12.0,5.0,4.0,1.0,3.0,0.0,0.0,3.3,3.25,2.26
F1,2020-01-11,Amiens,Montpellier,1484.79,1622.99,1.0,1.0,3.0,7.0,1.0,2.0,A,1.0,0.0,H,7.0,11.0,3.0,4.0,18.0,13.0,4.0,1.0,2.0,1.0,0.0,0.0,3.51,3.16,2.21
F1,2020-01-11,Angers,Nice,1573.35,1595.49,4.0,4.0,7.0,10.0,1.0,1.0,D,1.0,1.0,D,16.0,8.0,9.0,2.0,11.0,12.0,7.0,2.0,1.0,3.0,0.0,0.0,1.96,3.45,3.95
F1,2020-01-11,Metz,Strasbourg,1506.94,1568.45,2.0,3.0,9.0,9.0,1.0,0.0,H,0.0,0.0,D,9.0,14.0,4.0,3.0,12.0,16.0,1.0,6.0,1.0,2.0,0.0,0.0,3.0,2.98,2.59
F1,2020-01-11,Nimes,Reims,1506.06,1613.0,0.0,1.0,7.0,9.0,2.0,0.0,H,1.0,0.0,H,13.0,6.0,4.0,2.0,17.0,26.0,5.0,3.0,1.0,5.0,0.0,1.0,3.33,3.04,2.36
F1,2020-01-11,Toulouse,Brest,1444.14,1526.13,0.0,0.0,1.0,4.0,2.0,5.0,A,2.0,1.0,H,12.0,15.0,5.0,9.0,19.0,10.0,5.0,6.0,1.0,0.0,0.0,0.0,2.23,3.36,3.26
F1,2020-01-12,St Etienne,Nantes,1596.46,1573.94,0.0,3.0,6.0,9.0,0.0,2.0,A,0.0,1.0,A,10.0,11.0,1.0,4.0,14.0,10.0,2.0,1.0,2.0,1.0,0.0,0.0,2.53,3.02,3.04
F1,2020-01-12,Dijon,Lille,1499.07,1638.27,2.0,3.0,6.0,12.0,1.0,0.0,H,0.0,0.0,D,15.0,12.0,7.0,6.0,11.0,20.0,2.0,7.0,2.0,4.0,1.0,1.0,4.04,3.36,1.97
F1,2020-01-12,Paris SG,Monaco,1876.39,1597.71,9.0,15.0,7.0,10.0,3.0,3.0,D,3.0,2.0,H,13.0,16.0,6.0,6.0,6.0,9.0,7.0,7.0,0.0,3.0,0.0,0.0,1.21,7.23,11.02
F1,2020-01-15,Amiens,Reims,1478.71,1599.71,1.0,1.0,4.0,8.0,1.0,1.0,D,0.0,1.0,A,6.0,6.0,3.0,1.0,26.0,16.0,2.0,1.0,1.0,3.0,0.0,0.0,2.78,2.93,2.82
F1,2020-01-15,Nimes,Rennes,1519.36,1622.91,3.0,3.0,6.0,12.0,0.0,1.0,A,0.0,0.0,D,6.0,8.0,1.0,2.0,23.0,20.0,3.0,2.0,1.0,3.0,0.0,0.0,3.23,3.16,2.33
F1,2020-01-15,Monaco,Paris SG,1605.21,1868.89,5.0,11.0,7.0,13.0,1.0,4.0,A,0.0,2.0,A,13.0,17.0,4.0,12.0,9.0,14.0,3.0,5.0,2.0,3.0,0.0,0.0,5.7,5.0,1.47
F1,2020-01-24,Nice,Rennes,1596.56,1622.91,5.0,8.0,6.0,12.0,1.0,1.0,D,0.0,0.0,D,23.0,21.0,4.0,5.0,13.0,14.0,9.0,8.0,0.0,1.0,0.0,0.0,2.66,3.04,2.89
F1,2020-01-25,Marseille,Angers,1679.68,1572.28,7.0,13.0,5.0,5.0,0.0,0.0,D,0.0,0.0,D,9.0,4.0,2.0,0.0,17.0,13.0,4.0,2.0,1.0,2.0,0.0,0.0,1.79,3.69,4.46
F1,2020-01-25,Brest,Amiens,1539.05,1478.71,4.0,7.0,1.0,2.0,2.0,1.0,H,0.0,0.0,D,10.0,8.0,3.0,3.0,13.0,17.0,2.0,7.0,2.0,4.0,0.0,0.0,2.09,3.37,3.59
F1,2020-01-25,Monaco,Strasbourg,1605.21,1560.31,4.0,8.0,6.0,9.0,1.0,3.0,A,0.0,1.0,A,12.0,11.0,3.0,7.0,8.0,9.0,5.0,5.0,1.0,0.0,0.0,0.0,1.61,4.1,5.33
F1,2020-01-25,Montpellier,Dijon,1629.07,1509.29,6.0,7.0,5.0,6.0,2.0,1.0,H,0.0,0.0,D,16.0,6.0,5.0,2.0,16.0,15.0,3.0,1.0,2.0,2.0,0.0,1.0,1.64,3.78,5.62
F1,2020-01-25,Reims,Metz,1599.71,1515.08,2.0,8.0,5.0,5.0,0.0,1.0,A,0.0,1.0,A,16.0,7.0,2.0,4.0,11.0,9.0,11.0,1.0,1.0,1.0,0.0,0.0,1.92,3.1,4.79
F1,2020-01-25,St Etienne,Nimes,1581.9,1519.36,0.0,3.0,3.0,3.0,2.0,1.0,H,2.0,1.0,H,13.0,12.0,6.0,4.0,19.0,16.0,6.0,5.0,3.0,2.0,0.0,0.0,1.77,3.62,4.73
F1,2020-01-26,Lyon,Toulouse,1700.54,1431.21,4.0,7.0,0.0,0.0,3.0,0.0,H,1.0,0.0,H,13.0,10.0,5.0,4.0,8.0,5.0,8.0,2.0,0.0,1.0,0.0,0.0,1.29,5.76,9.7
F1,2020-01-26,Nantes,Bordeaux,1588.5,1570.66,6.0,9.0,0.0,3.0,0.0,1.0,A,0.0,0.0,D,7.0,11.0,0.0,2.0,11.0,14.0,0.0,2.0,3.0,2.0,1.0,0.0,1.91,3.25,4.53
F1,2020-01-26,Lille,Paris SG,1628.05,1868.89,3.0,9.0,7.0,13.0,0.0,2.0,A,0.0,1.0,A,9.0,12.0,2.0,5.0,20.0,10.0,6.0,3.0,3.0,1.0,0.0,0.0,6.41,4.81,1.45
F1,2020-01-31,Rennes,Nantes,1622.91,1588.5,4.0,10.0,3.0,9.0,3.0,2.0,H,0.0,0.0,D,13.0,8.0,9.0,5.0,13.0,17.0,5.0,5.0,5.0,4.0,0.0,0.0,2.01,3.12,4.3
F1,2020-02-01,Paris SG,Montpellier,1879.57,1633.04,7.0,13.0,9.0,9.0,5.0,0.0,H,3.0,0.0,H,20.0,6.0,9.0,2.0,16.0,16.0,12.0,2.0,4.0,4.0,0.0,2.0,1.14,8.09,19.4
F1,2020-02-01,Amiens,Toulouse,1475.25,1428.16,1.0,2.0,0.0,0.0,0.0,0.0,D,0.0,0.0,D,9.0,12.0,4.0,1.0,14.0,15.0,8.0,4.0,3.0,2.0,0.0,0.0,2.02,3.35,3.84
F1,2020-02-01,Angers,Reims,1576.72,1586.07,5.0,6.0,1.0,5.0,1.0,4.0,A,1.0,1.0,D,15.0,12.0,4.0,4.0,15.0,13.0,2.0,4.0,1.0,2.0,0.0,0.0,2.14,2.97,4.01
F1,2020-02-01,Dijon,Brest,1505.31,1544.29,4.0,5.0,6.0,7.0,3.0,0.0,H,2.0,0.0,H,12.0,19.0,5.0,4.0,9.0,17.0,6.0,6.0,0.0,1.0,0.0,0.0,2.06,3.45,3.58
F1,2020-02-01,Nimes,Monaco,1507.56,1584.75,3.0,3.0,1.0,5.0,3.0,1.0,H,1.0,1.0,D,22.0,6.0,8.0,4.0,13.0,10.0,7.0,1.0,4.0,3.0,0.0,2.0,4.46,4.04,1.72
F1,2020-02-01,Strasbourg,Lille,1575.17,1622.98,6.0,12.0,0.0,6.0,1.0,2.0,A,1.0,0.0,H,13.0,9.0,3.0,4.0,12.0,22.0,3.0,7.0,1.0,4.0,0.0,0.0,2.65,2.97,2.94
F1,2020-02-02,Nice,Lyon,1595.85,1703.6,5.0,9.0,7.0,10.0,2.0,1.0,H,1.0,1.0,D,12.0,14.0,7.0,7.0,17.0,9.0,4.0,10.0,3.0,2.0,1.0,1.0,3.41,3.52,2.1
F1,2020-02-02,Metz,St Etienne,1526.95,1586.82,7.0,8.0,3.0,3.0,3.0,1.0,H,1.0,0.0,H,10.0,17.0,6.0,7.0,11.0,18.0,3.0,8.0,0.0,2.0,0.0,0.0,2.63,2.96,2.98
F1,2020-02-02,Bordeaux,Marseille,1580.85,1675.23,3.0,3.0,7.0,11.0,0.0,0.0,D,0.0,0.0,D,12.0,16.0,3.0,4.0,10.0,14.0,3.0,10.0,2.0,2.0,0.0,0.0,3.32,3.19,2.28
F1,2020-02-04,Lille,Rennes,1622.98,1636.0,3.0,6.0,7.0,10.0,1.0,0.0,H,1.0,0.0,H,14.0,11.0,3.0,4.0,15.0,16.0,5.0,2.0,3.0,1.0,0.0,0.0,2.06,3.31,3.79
F1,2020-02-04,Monaco,Angers,1584.75,1576.72,0.0,4.0,2.0,6.0,1.0,0.0,H,1.0,0.0,H,6.0,16.0,3.0,4.0,13.0,8.0,1.0,8.0,2.0,2.0,0.0,0.0,1.99,3.46,3.84
F1,2020-02-04,Nantes,Paris SG,1572.8,1879.57,3.0,6.0,9.0,13.0,1.0,2.0,A,0.0,1.0,A,15.0,19.0,5.0,7.0,9.0,21.0,4.0,7.0,2.0,4.0,0.0,0.0,8.86,5.36,1.33
F1,2020-02-05,Brest,Bordeaux,1544.29,1580.85,6.0,7.0,4.0,4.0,1.0,1.0,D,0.0,1.0,A,17.0,13.0,3.0,5.0,14.0,5.0,8.0,5.0,2.0,0.0,1.0,0.0,2.51,3.2,2.91
F1,2020-02-05,Lyon,Amiens,1703.6,1475.25,6.0,7.0,2.0,2.0,0.0,0.0,D,0.0,0.0,D,10.0,7.0,3.0,2.0,8.0,14.0,5.0,3.0,1.0,2.0,0.0,0.0,1.32,5.13,9.65
F1,2020-02-05,Montpellier,Metz,1633.04,1526.95,6.0,9.0,9.0,11.0,1.0,1.0,D,1.0,0.0,H,12.0,18.0,7.0,8.0,13.0,16.0,6.0,8.0,2.0,1.0,0.0,0.0,1.73,3.33,5.68
F1,2020-02-05,Nimes,Dijon,1507.56,1505.31,3.0,6.0,6.0,8.0,2.0,0.0,H,2.0,0.0,H,11.0,10.0,5.0,3.0,17.0,27.0,2.0,2.0,0.0,3.0,0.0,0.0,2.31,3.22,3.21
F1,2020-02-05,Reims,Nice,1586.07,1595.85,4.0,5.0,5.0,9.0,1.0,1.0,D,0.0,0.0,D,15.0,5.0,4.0,4.0,11.0,7.0,9.0,6.0,2.0,0.0,0.0,0.0,2.16,3.1,3.72
F1,2020-02-05,Toulouse,Strasbourg,1428.16,1575.17,1.0,1.0,3.0,9.0,0.0,1.0,A,0.0,0.0,D,12.0,15.0,1.0,6.0,7.0,10.0,5.0,2.0,1.0,2.0,0.0,0.0,3.35,3.08,2.32
F1,2020-02-05,St Etienne,Marseille,1586.82,1675.23,3.0,3.0,5.0,9.0,0.0,2.0,A,0.0,1.0,A,11.0,5.0,3.0,3.0,8.0,11.0,6.0,2.0,2.0,4.0,0.0,0.0,2.99,3.22,2.44
F1,2020-02-07,Angers,Lille,1576.72,1622.98,1.0,5.0,6.0,6.0,0.0,2.0,A,0.0,1.0,A,9.0,12.0,1.0,4.0,10.0,15.0,6.0,2.0,4.0,3.0,0.0,0.0,2.89,3.03,2.66
F1,2020-02-08,Marseille,Toulouse,1675.23,1428.16,5.0,11.0,1.0,1.0,1.0,0.0,H,0.0,0.0,D,12.0,10.0,3.0,3.0,6.0,8.0,5.0,5.0,1.0,2.0,0.0,0.0,1.32,5.21,9.75
F1,2020-02-08,Amiens,Monaco,1475.25,1584.75,2.0,3.0,3.0,4.0,1.0,2.0,A,1.0,0.0,H,8.0,12.0,1.0,6.0,14.0,17.0,3.0,9.0,1.0,3.0,0.0,0.0,3.78,3.53,1.97
F1,2020-02-08,Dijon,Nantes,1505.31,1572.8,3.0,7.0,0.0,3.0,3.0,3.0,D,2.0,2.0,D,17.0,8.0,4.0,2.0,8.0,11.0,9.0,4.0,2.0,2.0,0.0,0.0,2.6,3.13,2.87
F1,2020-02-08,Metz,Bordeaux,1526.95,1580.85,7.0,11.0,5.0,5.0,1.0,2.0,A,1.0,0.0,H,11.0,15.0,4.0,5.0,5.0,11.0,5.0,13.0,2.0,2.0,1.0,0.0,2.57,3.03,2.98
F1,2020-02-08,Nice,Nimes,1595.85,1507.56,5.0,9.0,6.0,9.0,1.0,3.0,A,1.0,1.0,D,6.0,10.0,3.0,5.0,8.0,13.0,1.0,7.0,2.0,4.0,1.0,0.0,1.94,3.5,3.96
F1,2020-02-08,Rennes,Brest,1636.0,1544.29,4.0,7.0,4.0,7.0,0.0,0.0,D,0.0,0.0,D,17.0,8.0,2.0,3.0,7.0,14.0,6.0,0.0,2.0,4.0,0.0,0.0,1.55,4.13,5.98
F1,2020-02-09,Montpellier,St Etienne,1633.04,1586.82,4.0,10.0,3.0,3.0,1.0,0.0,H,1.0,0.0,H,8.0,17.0,3.0,5.0,16.0,15.0,3.0,6.0,1.0,3.0,1.0,0.0,2.15,3.17,3.66
F1,2020-02-09,Strasbourg,Reims,1575.17,1586.07,6.0,9.0,4.0,5.0,3.0,0.0,H,0.0,0.0,D,12.0,5.0,5.0,0.0,13.0,12.0,9.0,8.0,1.0,2.0,0.0,0.0,2.21,2.95,3.83
F1,2020-02-09,Paris SG,Lyon,1879.57,1703.6,9.0,13.0,4.0,8.0,4.0,2.0,H,2.0,0.0,H,16.0,7.0,5.0,2.0,11.0,14.0,6.0,3.0,1.0,2.0,0.0,0.0,1.27,6.25,9.49
F1,2020-02-14,Monaco,Montpellier,1584.75,1633.04,6.0,6.0,4.0,10.0,1.0,0.0,H,0.0,0.0,D,16.0,13.0,2.0,2.0,13.0,8.0,2.0,4.0,1.0,2.0,0.0,0.0,1.77,3.64,4.68
F1,2020-02-15,Amiens,Paris SG,1472.15,1890.39,2.0,3.0,9.0,15.0,4.0,4.0,D,3.0,1.0,H,11.0,15.0,5.0,10.0,21.0,10.0,2.0,6.0,3.0,2.0,0.0,0.0,8.31,5.68,1.32
F1,2020-02-15,Bordeaux,Dijon,1590.69,1509.42,5.0,8.0,4.0,7.0,2.0,2.0,D,1.0,1.0,D,11.0,6.0,2.0,3.0,12.0,10.0,13.0,1.0,1.0,1.0,0.0,0.0,1.83,3.37,4.72
F1,2020-02-15,Nantes,Metz,1569.95,1533.97,1.0,4.0,4.0,10.0,0.0,0.0,D,0.0,0.0,D,18.0,7.0,7.0,2.0,14.0,11.0,11.0,6.0,0.0,1.0,0.0,1.0,1.91,3.23,4.51
F1,2020-02-15,Nimes,Angers,1545.03,1543.57,9.0,9.0,0.0,2.0,1.0,0.0,H,0.0,0.0,D,11.0,10.0,2.0,0.0,7.0,16.0,7.0,5.0,1.0,2.0,0.0,1.0,2.73,3.08,2.76
F1,2020-02-15,Toulouse,Nice,1423.16,1590.64,1.0,1.0,4.0,6.0,0.0,2.0,A,0.0,1.0,A,19.0,14.0,5.0,4.0,14.0,9.0,7.0,5.0,2.0,0.0,2.0,0.0,2.47,3.43,2.79
F1,2020-02-16,Lyon,Strasbourg,1683.86,1585.85,1.0,7.0,6.0,9.0,1.0,1.0,D,1.0,1.0,D,5.0,7.0,2.0,1.0,17.0,14.0,3.0,2.0,3.0,1.0,0.0,0.0,1.71,3.61,5.28
F1,2020-02-16,Brest,St Etienne,1535.02,1560.04,2.0,8.0,0.0,3.0,3.0,2.0,H,3.0,0.0,H,10.0,11.0,3.0,4.0,11.0,11.0,0.0,5.0,2.0,3.0,0.0,0.0,2.77,3.2,2.62
F1,2020-02-16,Reims,Rennes,1588.07,1625.12,4.0,5.0,4.0,8.0,1.0,0.0,H,0.0,0.0,D,11.0,4.0,3.0,2.0,14.0,17.0,7.0,2.0,1.0,1.0,0.0,0.0,2.67,2.9,2.99
F1,2020-02-16,Lille,Marseille,1648.4,1685.81,9.0,9.0,7.0,11.0,1.0,2.0,A,0.0,0.0,D,13.0,5.0,3.0,2.0,16.0,12.0,4.0,5.0,0.0,5.0,0.0,0.0,2.21,3.23,3.43
F1,2020-02-21,Nice,Brest,1590.64,1535.02,4.0,8.0,5.0,8.0,2.0,2.0,D,2.0,1.0,H,19.0,9.0,6.0,3.0,7.0,4.0,9.0,3.0,3.0,0.0,0.0,0.0,1.96,3.63,3.74
F1,2020-02-21,Metz,Lyon,1533.97,1683.86,2.0,8.0,2.0,5.0,0.0,2.0,A,0.0,1.0,A,7.0,12.0,0.0,6.0,8.0,14.0,5.0,4.0,2.0,1.0,1.0,0.0,4.31,3.39,1.91
F1,2020-02-22,Marseille,Nantes,1685.81,1569.95,9.0,11.0,2.0,2.0,1.0,3.0,A,1.0,1.0,D,16.0,8.0,5.0,4.0,15.0,17.0,4.0,1.0,1.0,3.0,0.0,0.0,1.75,3.48,5.11
F1,2020-02-22,Angers,Montpellier,1543.57,1622.1,0.0,1.0,4.0,7.0,1.0,0.0,H,0.0,0.0,D,12.0,10.0,8.0,2.0,16.0,16.0,6.0,8.0,4.0,2.0,0.0,0.0,2.46,3.03,3.15
F1,2020-02-22,Dijon,Monaco,1509.42,1593.72,2.0,5.0,9.0,9.0,1.0,1.0,D,0.0,0.0,D,12.0,17.0,2.0,6.0,16.0,13.0,2.0,3.0,2.0,0.0,0.0,0.0,3.76,3.54,1.98
F1,2020-02-22,Lille,Toulouse,1648.4,1423.16,6.0,9.0,0.0,1.0,3.0,0.0,H,2.0,0.0,H,18.0,7.0,9.0,1.0,12.0,20.0,5.0,0.0,1.0,3.0,0.0,0.0,1.37,4.71,8.73
F1,2020-02-22,Strasbourg,Amiens,1585.85,1472.15,7.0,10.0,2.0,3.0,0.0,0.0,D,0.0,0.0,D,15.0,3.0,3.0,1.0,18.0,23.0,5.0,5.0,2.0,6.0,0.0,0.0,1.73,3.57,5.09
F1,2020-02-23,St Etienne,Reims,1560.04,1588.07,0.0,3.0,4.0,7.0,1.0,1.0,D,0.0,0.0,D,7.0,12.0,4.0,2.0,14.0,5.0,8.0,6.0,1.0,1.0,0.0,0.0,2.27,3.05,3.49
F1,2020-02-23,Rennes,Nimes,1625.12,1545.03,1.0,5.0,9.0,12.0,2.0,1.0,H,1.0,1.0,D,26.0,9.0,8.0,2.0,11.0,5.0,10.0,1.0,0.0,1.0,0.0,1.0,1.69,3.54,5.59
F1,2020-02-23,Paris SG,Bordeaux,1890.39,1590.69,7.0,13.0,5.0,9.0,4.0,3.0,H,2.0,2.0,D,23.0,12.0,9.0,7.0,13.0,15.0,10.0,7.0,5.0,2.0,1.0,0.0,1.13,8.43,18.52
F1,2020-02-28,Nimes,Marseille,1545.03,1685.81,6.0,12.0,6.0,10.0,2.0,3.0,A,1.0,2.0,A,16.0,13.0,6.0,4.0,15.0,14.0,8.0,9.0,4.0,3.0,0.0,0.0,3.31,3.26,2.26
F1,2020-02-29,Paris SG,Dijon,1890.39,1509.42,7.0,13.0,3.0,6.0,4.0,0.0,H,1.0,0.0,H,23.0,9.0,11.0,3.0,7.0,3.0,8.0,0.0,1.0,0.0,0.0,0.0,1.13,9.12,17.52
F1,2020-02-29,Amiens,Metz,1472.15,1533.97,2.0,4.0,1.0,5.0,0.0,1.0,A,0.0,1.0,A,12.0,13.0,5.0,6.0,17.0,10.0,6.0,3.0,2.0,1.0,0.0,0.0,2.09,3.14,3.9
F1,2020-02-29,Brest,Angers,1535.02,1543.57,5.0,6.0,3.0,3.0,0.0,1.0,A,0.0,1.0,A,16.0,6.0,4.0,2.0,12.0,9.0,12.0,0.0,3.0,1.0,0.0,0.0,2.6,3.2,2.8
F1,2020-02-29,Monaco,Reims,1593.72,1588.07,7.0,10.0,4.0,8.0,1.0,1.0,D,1.0,0.0,H,19.0,16.0,7.0,8.0,20.0,13.0,3.0,2.0,2.0,3.0,0.0,0.0,1.68,3.77,5.16
F1,2020-02-29,Montpellier,Strasbourg,1622.1,1585.85,3.0,4.0,5.0,8.0,3.0,0.0,H,0.0,0.0,D,23.0,15.0,11.0,7.0,8.0,15.0,5.0,7.0,1.0,2.0,0.0,0.0,2.29,3.1,3.39
F1,2020-02-29,Toulouse,Rennes,1423.16,1625.12,0.0,1.0,4.0,7.0,0.0,2.0,A,0.0,1.0,A,15.0,11.0,2.0,4.0,13.0,12.0,9.0,3.0,3.0,1.0,0.0,0.0,3.52,3.46,2.08
F1,2020-03-01,Nantes,Lille,1586.06,1645.04,5.0,5.0,6.0,12.0,0.0,1.0,A,0.0,0.0,D,6.0,15.0,3.0,5.0,13.0,13.0,3.0,12.0,4.0,3.0,0.0,0.0,2.97,3.03,2.59
F1,2020-03-01,Bordeaux,Nice,1586.31,1595.98,4.0,6.0,4.0,8.0,1.0,1.0,D,1.0,0.0,H,12.0,9.0,4.0,4.0,19.0,12.0,10.0,3.0,3.0,3.0,0.0,0.0,1.94,3.51,3.97
F1,2020-03-01,Lyon,St Etienne,1695.76,1553.56,4.0,5.0,1.0,1.0,2.0,0.0,H,1.0,0.0,H,16.0,8.0,9.0,4.0,14.0,14.0,5.0,4.0,4.0,4.0,0.0,0.0,1.65,3.91,5.23
F1,2020-03-06,Marseille,Amiens,1683.47,1476.95,6.0,12.0,2.0,3.0,2.0,2.0,D,1.0,0.0,H,13.0,12.0,6.0,3.0,13.0,17.0,4.0,4.0,2.0,2.0,0.0,0.0,1.57,3.99,6.13
F1,2020-03-07,Angers,Nantes,1556.43,1586.06,6.0,6.0,4.0,5.0,2.0,0.0,H,0.0,0.0,D,7.0,15.0,3.0,4.0,9.0,6.0,4.0,6.0,0.0,3.0,0.0,0.0,2.38,3.06,3.28
F1,2020-03-07,Dijon,Toulouse,1512.87,1406.62,2.0,3.0,0.0,0.0,2.0,1.0,H,1.0,1.0,D,15.0,6.0,3.0,2.0,14.0,17.0,5.0,1.0,2.0,2.0,0.0,0.0,1.87,3.58,4.24
F1,2020-03-07,Metz,Nimes,1537.74,1541.51,4.0,5.0,3.0,9.0,2.0,1.0,H,1.0,0.0,H,14.0,16.0,5.0,7.0,9.0,11.0,8.0,6.0,0.0,0.0,0.0,0.0,2.41,3.08,3.2
F1,2020-03-07,Nice,Monaco,1595.98,1592.52,5.0,6.0,5.0,11.0,2.0,1.0,H,0.0,1.0,A,12.0,14.0,5.0,4.0,11.0,15.0,6.0,3.0,1.0,4.0,0.0,1.0,3.33,3.65,2.09
F1,2020-03-07,Reims,Brest,1598.33,1536.9,5.0,6.0,4.0,6.0,1.0,0.0,H,1.0,0.0,H,12.0,12.0,3.0,4.0,7.0,13.0,5.0,5.0,3.0,2.0,1.0,0.0,1.82,3.45,4.68
F1,2020-03-08,St Etienne,Bordeaux,1553.56,1586.31,1.0,1.0,2.0,6.0,1.0,1.0,D,0.0,0.0,D,11.0,9.0,4.0,2.0,14.0,16.0,7.0,4.0,4.0,3.0,1.0,0.0,2.27,3.21,3.33
F1,2020-03-08,Rennes,Montpellier,1629.53,1624.52,6.0,7.0,3.0,7.0,5.0,0.0,H,2.0,0.0,H,16.0,11.0,9.0,1.0,9.0,10.0,2.0,7.0,2.0,3.0,0.0,0.0,2.1,3.24,3.73
F1,2020-03-08,Lille,Lyon,1645.04,1695.76,6.0,12.0,7.0,8.0,1.0,0.0,H,1.0,0.0,H,13.0,9.0,3.0,2.0,20.0,13.0,4.0,3.0,1.0,3.0,0.0,0.0,2.14,3.33,3.52
F1,2020-08-21,Bordeaux,Nantes,1595.58,1577.6,2.0,6.0,3.0,5.0,0.0,0.0,D,0.0,0.0,D,5.0,6.0,1.0,1.0,10.0,15.0,2.0,3.0,2.0,3.0,1.0,0.0,2.47,2.95,3.25
F1,2020-08-22,Dijon,Angers,1527.31,1577.06,4.0,6.0,9.0,9.0,0.0,1.0,A,0.0,1.0,A,9.0,12.0,1.0,4.0,15.0,8.0,3.0,9.0,0.0,0.0,0.0,0.0,2.73,3.07,2.77
F1,2020-08-22,Lille,Rennes,1670.86,1654.59,9.0,12.0,9.0,10.0,1.0,1.0,D,1.0,0.0,H,5.0,16.0,1.0,3.0,12.0,16.0,4.0,2.0,0.0,1.0,1.0,1.0,2.27,3.18,3.36
F1,2020-08-23,Monaco,Reims,1595.79,1613.83,2.0,8.0,5.0,8.0,2.0,2.0,D,1.0,2.0,A,22.0,9.0,5.0,3.0,8.0,14.0,8.0,1.0,1.0,3.0,0.0,0.0,1.92,3.45,4.16
F1,2020-08-23,Lorient,Strasbourg,1484.97,1585.97,3.0,3.0,2.0,8.0,3.0,1.0,H,0.0,1.0,A,10.0,7.0,7.0,1.0,17.0,10.0,6.0,1.0,3.0,2.0,0.0,0.0,2.56,3.13,2.91
F1,2020-08-23,Nimes,Brest,1544.57,1541.35,0.0,6.0,1.0,5.0,4.0,0.0,H,2.0,0.0,H,12.0,10.0,5.0,3.0,14.0,17.0,4.0,4.0,2.0,3.0,0.0,1.0,2.24,3.32,3.27
F1,2020-08-23,Nice,Lens,1613.74,1486.39,5.0,8.0,6.0,7.0,2.0,1.0,H,1.0,1.0,D,4.0,17.0,2.0,4.0,17.0,18.0,1.0,7.0,2.0,3.0,0.0,0.0,2.02,3.34,3.88
F1,2020-08-28,Lyon,Dijon,1709.56,1527.31,6.0,7.0,3.0,5.0,4.0,1.0,H,3.0,1.0,H,27.0,6.0,12.0,2.0,12.0,7.0,13.0,2.0,3.0,3.0,0.0,0.0,1.3,5.41,10.01
F1,2020-08-29,Rennes,Montpellier,1654.59,1619.41,7.0,10.0,3.0,6.0,2.0,1.0,H,1.0,0.0,H,16.0,11.0,7.0,3.0,18.0,16.0,2.0,1.0,3.0,2.0,1.0,1.0,2.04,3.28,3.9
F1,2020-08-29,Strasbourg,Nice,1585.97,1613.74,1.0,5.0,7.0,11.0,0.0,2.0,A,0.0,1.0,A,6.0,3.0,0.0,2.0,14.0,11.0,3.0,1.0,2.0,6.0,0.0,0.0,2.23,3.31,3.31
F1,2020-08-30,Reims,Lille,1613.83,1670.86,5.0,9.0,7.0,10.0,0.0,1.0,A,0.0,1.0,A,4.0,10.0,0.0,3.0,20.0,11.0,1.0,2.0,4.0,1.0,0.0,0.0,3.03,3.0,2.56
F1,2020-08-30,Angers,Bordeaux,1577.06,1595.58,9.0,12.0,3.0,4.0,0.0,2.0,A,0.0,2.0,A,12.0,7.0,2.0,7.0,12.0,19.0,5.0,7.0,1.0,3.0,0.0,0.0,2.28,3.1,3.44
F1,2020-08-30,Metz,Monaco,1554.63,1595.79,6.0,7.0,2.0,6.0,0.0,1.0,A,0.0,1.0,A,14.0,3.0,4.0,2.0,14.0,20.0,10.0,1.0,0.0,5.0,0.0,1.0,3.74,3.48,2.01
F1,2020-08-30,Nantes,Nimes,1577.6,1544.57,1.0,5.0,3.0,6.0,2.0,1.0,H,2.0,0.0,H,8.0,17.0,5.0,9.0,16.0,9.0,4.0,8.0,3.0,2.0,2.0,0.0,1.96,3.25,4.28
F1,2020-08-30,St Etienne,Lorient,1557.96,1484.97,2.0,2.0,3.0,6.0,2.0,0.0,H,1.0,0.0,H,13.0,6.0,5.0,1.0,14.0,23.0,2.0,5.0,2.0,1.0,0.0,0.0,2.27,3.23,3.29
F1,2020-08-30,Brest,Marseille,1541.35,1687.23,0.0,4.0,4.0,10.0,2.0,3.0,A,1.0,2.0,A,19.0,7.0,4.0,4.0,17.0,13.0,10.0,2.0,2.0,4.0,0.0,0.0,3.36,3.64,2.09
F1,2020-09-10,Lens,Paris SG,1491.48,1926.95,6.0,6.0,7.0,13.0,1.0,0.0,H,0.0,0.0,D,7.0,8.0,3.0,1.0,21.0,10.0,4.0,2.0,2.0,2.0,0.0,0.0,4.9,3.96,1.68
F1,2020-09-11,Bordeaux,Lyon,1616.05,1740.14,5.0,6.0,6.0,10.0,0.0,0.0,D,0.0,0.0,D,5.0,20.0,0.0,3.0,12.0,19.0,4.0,5.0,2.0,3.0,0.0,0.0,4.31,3.46,1.89
F1,2020-09-12,Montpellier,Nice,1622.73,1638.62,3.0,3.0,9.0,11.0,3.0,1.0,H,1.0,0.0,H,20.0,9.0,13.0,1.0,17.0,16.0,8.0,9.0,0.0,2.0,0.0,0.0,2.21,3.25,3.4
F1,2020-09-12,St Etienne,Strasbourg,1574.56,1570.1,4.0,5.0,0.0,2.0,2.0,0.0,H,0.0,0.0,D,10.0,14.0,4.0,7.0,13.0,19.0,6.0,3.0,1.0,3.0,0.0,0.0,2.16,3.23,3.56
F1,2020-09-13,Lille,Metz,1686.26,1555.41,7.0,13.0,6.0,7.0,1.0,0.0,H,0.0,0.0,D,16.0,5.0,6.0,1.0,12.0,14.0,8.0,3.0,4.0,4.0,0.0,0.0,1.56,3.82,6.65
F1,2020-09-13,Angers,Reims,1581.11,1615.64,6.0,12.0,4.0,6.0,1.0,0.0,H,0.0,0.0,D,20.0,7.0,7.0,2.0,12.0,12.0,1.0,2.0,4.0,2.0,1.0,1.0,2.39,2.96,3.36
F1,2020-09-13,Dijon,Brest,1523.74,1531.81,3.0,4.0,0.0,1.0,0.0,2.0,A,0.0,1.0,A,7.0,19.0,3.0,5.0,16.0,16.0,5.0,7.0,2.0,0.0,1.0,0.0,2.5,3.17,2.97
F1,2020-09-13,Lorient,Lens,1499.98,1491.48,3.0,6.0,6.0,9.0,2.0,3.0,A,1.0,2.0,A,6.0,12.0,3.0,6.0,20.0,16.0,4.0,2.0,4.0,3.0,0.0,1.0,2.15,3.3,3.52
F1,2020-09-13,Nimes,Rennes,1560.98,1671.49,3.0,3.0,7.0,13.0,2.0,4.0,A,1.0,2.0,A,17.0,10.0,9.0,6.0,17.0,13.0,8.0,4.0,2.0,6.0,0.0,0.0,3.29,3.24,2.27
F1,2020-09-13,Monaco,Nantes,1612.46,1594.84,4.0,6.0,4.0,7.0,2.0,1.0,H,1.0,0.0,H,18.0,7.0,5.0,2.0,14.0,11.0,9.0,4.0,3.0,1.0,0.0,0.0,1.93,3.55,3.93
F1,2020-09-13,Paris SG,Marseille,1926.95,1701.67,6.0,10.0,7.0,10.0,0.0,1.0,A,0.0,1.0,A,14.0,5.0,4.0,2.0,17.0,19.0,4.0,2.0,6.0,8.0,3.0,2.0,1.68,4.52,4.28
F1,2020-09-15,Montpellier,Lyon,1632.82,1738.1,3.0,6.0,4.0,10.0,2.0,1.0,H,1.0,0.0,H,10.0,19.0,3.0,7.0,13.0,13.0,4.0,11.0,3.0,2.0,1.0,1.0,3.79,3.39,2.05
F1,2020-09-16,Paris SG,Metz,1896.93,1551.48,3.0,7.0,3.0,6.0,1.0,0.0,H,0.0,0.0,D,20.0,7.0,8.0,1.0,8.0,6.0,8.0,2.0,3.0,2.0,1.0,0.0,1.26,6.33,9.36
F1,2020-09-17,Marseille,St Etienne,1715.56,1583.9,7.0,10.0,7.0,8.0,0.0,2.0,A,0.0,1.0,A,13.0,12.0,2.0,5.0,13.0,15.0,7.0,6.0,2.0,2.0,0.0,0.0,2.01,3.33,3.95
F1,2020-09-18,Lyon,Nimes,1738.1,1551.79,4.0,7.0,3.0,3.0,0.0,0.0,D,0.0,0.0,D,16.0,10.0,3.0,3.0,18.0,12.0,9.0,2.0,3.0,2.0,0.0,0.0,1.31,5.59,9.76
F1,2020-09-19,Lens,Bordeaux,1516.83,1618.09,6.0,12.0,5.0,7.0,2.0,1.0,H,0.0,0.0,D,19.0,7.0,5.0,3.0,15.0,15.0,7.0,0.0,5.0,5.0,0.0,1.0,2.36,3.07,3.32
F1,2020-09-19,Rennes,Monaco,1680.67,1618.75,7.0,13.0,7.0,8.0,2.0,1.0,H,0.0,1.0,A,14.0,14.0,3.0,2.0,11.0,11.0,9.0,10.0,1.0,2.0,0.0,0.0,2.32,3.37,3.1
F1,2020-09-20,Nice,Paris SG,1628.53,1896.93,6.0,10.0,3.0,9.0,0.0,3.0,A,0.0,2.0,A,14.0,14.0,5.0,6.0,9.0,9.0,4.0,7.0,1.0,2.0,0.0,0.0,7.45,4.7,1.42
F1,2020-09-20,Brest,Lorient,1544.76,1490.76,3.0,3.0,3.0,3.0,3.0,2.0,H,2.0,1.0,H,14.0,9.0,6.0,4.0,20.0,13.0,4.0,6.0,2.0,1.0,0.0,0.0,2.38,3.22,3.11
F1,2020-09-20,Metz,Reims,1551.48,1607.78,0.0,6.0,1.0,5.0,2.0,1.0,H,1.0,1.0,D,14.0,10.0,4.0,4.0,14.0,7.0,8.0,5.0,1.0,4.0,0.0,1.0,2.63,2.87,3.1
F1,2020-09-20,Montpellier,Angers,1632.82,1588.96,6.0,9.0,6.0,12.0,4.0,1.0,H,2.0,1.0,H,14.0,14.0,9.0,3.0,14.0,5.0,6.0,3.0,4.0,3.0,0.0,0.0,2.14,3.27,3.6
F1,2020-09-20,Strasbourg,Dijon,1560.77,1510.78,0.0,1.0,0.0,3.0,1.0,0.0,H,0.0,0.0,D,17.0,6.0,6.0,2.0,10.0,16.0,8.0,2.0,1.0,1.0,0.0,0.0,1.7,3.74,5.15
F1,2020-09-20,Nantes,St Etienne,1588.54,1583.9,4.0,4.0,9.0,10.0,2.0,2.0,D,0.0,1.0,A,15.0,6.0,3.0,4.0,12.0,17.0,4.0,2.0,2.0,2.0,0.0,0.0,2.32,3.2,3.25
F1,2020-09-20,Marseille,Lille,1715.56,1690.18,6.0,10.0,7.0,13.0,1.0,1.0,D,0.0,0.0,D,11.0,14.0,2.0,7.0,12.0,18.0,5.0,4.0,3.0,3.0,0.0,0.0,2.34,3.19,3.22
F1,2020-09-25,Lille,Nantes,1690.18,1588.54,7.0,11.0,4.0,5.0,2.0,0.0,H,1.0,0.0,H,12.0,12.0,4.0,6.0,16.0,12.0,4.0,7.0,0.0,2.0,0.0,0.0,1.68,3.67,5.55
F1,2020-09-26,St Etienne,Rennes,1583.9,1680.67,7.0,11.0,9.0,13.0,0.0,3.0,A,0.0,1.0,A,6.0,10.0,4.0,6.0,11.0,12.0,6.0,4.0,1.0,1.0,0.0,0.0,2.84,3.12,2.62
F1,2020-09-26,Marseille,Metz,1715.56,1551.48,4.0,8.0,3.0,6.0,1.0,1.0,D,0.0,0.0,D,17.0,14.0,3.0,3.0,15.0,11.0,5.0,5.0,0.0,2.0,0.0,0.0,1.66,3.67,5.68
F1,2020-09-27,Bordeaux,Nice,1618.09,1628.53,4.0,6.0,3.0,9.0,0.0,0.0,D,0.0,0.0,D,18.0,13.0,5.0,2.0,9.0,15.0,7.0,7.0,1.0,1.0,0.0,0.0,2.18,3.19,3.54
F1,2020-09-27,Angers,Brest,1588.96,1544.76,3.0,9.0,6.0,6.0,3.0,2.0,H,1.0,2.0,A,12.0,14.0,5.0,6.0,17.0,21.0,6.0,1.0,3.0,2.0,0.0,0.0,2.08,3.26,3.76
F1,2020-09-27,Dijon,Montpellier,1510.78,1632.82,0.0,3.0,9.0,9.0,2.0,2.0,D,1.0,0.0,H,15.0,14.0,6.0,5.0,15.0,11.0,6.0,13.0,4.0,1.0,0.0,0.0,4.22,3.65,1.84
F1,2020-09-27,Monaco,Strasbourg,1618.75,1560.77,6.0,7.0,3.0,3.0,3.0,2.0,H,2.0,0.0,H,11.0,11.0,5.0,5.0,11.0,12.0,6.0,2.0,3.0,1.0,2.0,0.0,1.86,3.56,4.23
F1,2020-09-27,Nimes,Lens,1551.79,1516.83,1.0,4.0,9.0,12.0,1.0,1.0,D,0.0,1.0,A,13.0,15.0,4.0,6.0,10.0,16.0,5.0,7.0,0.0,3.0,0.0,0.0,2.65,3.28,2.69
F1,2020-09-27,Lorient,Lyon,1490.76,1738.1,0.0,3.0,2.0,5.0,1.0,1.0,D,0.0,0.0,D,4.0,19.0,2.0,6.0,19.0,7.0,1.0,5.0,2.0,0.0,0.0,0.0,5.33,4.13,1.61
F1,2020-09-27,Reims,Paris SG,1607.78,1896.93,0.0,4.0,6.0,9.0,0.0,2.0,A,0.0,1.0,A,8.0,21.0,3.0,7.0,11.0,10.0,3.0,7.0,2.0,2.0,0.0,0.0,11.43,6.15,1.25
F1,2020-10-02,Paris SG,Angers,1908.59,1586.48,9.0,9.0,6.0,9.0,6.0,1.0,H,2.0,0.0,H,18.0,8.0,12.0,2.0,11.0,9.0,6.0,2.0,1.0,2.0,0.0,0.0,1.09,10.94,23.63
F1,2020-10-03,Lens,St Etienne,1530.02,1591.35,7.0,10.0,4.0,10.0,2.0,0.0,H,1.0,0.0,H,13.0,2.0,5.0,1.0,23.0,10.0,12.0,0.0,1.0,1.0,0.0,2.0,2.04,3.38,3.76
F1,2020-10-03,Nice,Nantes,1625.55,1582.43,1.0,7.0,1.0,5.0,2.0,1.0,H,1.0,1.0,D,18.0,11.0,7.0,1.0,13.0,8.0,9.0,2.0,2.0,1.0,0.0,1.0,2.44,3.23,3.0
F1,2020-10-04,Montpellier,Nimes,1650.66,1556.47,7.0,10.0,2.0,5.0,0.0,1.0,A,0.0,0.0,D,12.0,8.0,2.0,1.0,14.0,15.0,8.0,2.0,2.0,1.0,0.0,0.0,1.69,3.79,5.12
F1,2020-10-04,Bordeaux,Dijon,1608.74,1509.15,2.0,6.0,1.0,1.0,3.0,0.0,H,2.0,0.0,H,17.0,5.0,7.0,1.0,15.0,14.0,5.0,4.0,2.0,3.0,0.0,0.0,1.69,3.78,5.08
F1,2020-10-04,Brest,Monaco,1545.51,1620.26,6.0,6.0,6.0,10.0,1.0,0.0,H,1.0,0.0,H,7.0,21.0,5.0,2.0,10.0,17.0,1.0,8.0,3.0,4.0,0.0,0.0,3.04,3.65,2.22
F1,2020-10-04,Metz,Lorient,1565.14,1491.49,4.0,4.0,1.0,4.0,3.0,1.0,H,1.0,1.0,D,16.0,10.0,8.0,4.0,10.0,14.0,4.0,3.0,1.0,2.0,0.0,0.0,2.27,3.26,3.26
F1,2020-10-04,Strasbourg,Lille,1562.14,1699.44,3.0,3.0,7.0,11.0,0.0,3.0,A,0.0,1.0,A,14.0,12.0,3.0,6.0,11.0,10.0,11.0,1.0,1.0,1.0,0.0,0.0,3.29,3.26,2.26
F1,2020-10-04,Rennes,Reims,1699.72,1599.74,9.0,13.0,0.0,1.0,2.0,2.0,D,2.0,1.0,H,18.0,9.0,3.0,4.0,12.0,16.0,10.0,2.0,4.0,3.0,0.0,0.0,1.65,3.76,5.64
F1,2020-10-04,Lyon,Marseille,1719.26,1692.68,2.0,6.0,2.0,8.0,1.0,1.0,D,1.0,1.0,D,24.0,4.0,3.0,1.0,14.0,10.0,19.0,5.0,1.0,1.0,0.0,1.0,1.7,3.84,4.9
F1,2020-10-16,Dijon,Rennes,1501.57,1695.41,1.0,1.0,7.0,13.0,1.0,1.0,D,0.0,1.0,A,12.0,12.0,4.0,3.0,22.0,13.0,3.0,5.0,4.0,2.0,0.0,0.0,5.02,3.92,1.68
F1,2020-10-16,Nimes,Paris SG,1568.36,1911.65,5.0,5.0,9.0,12.0,0.0,4.0,A,0.0,1.0,A,5.0,30.0,2.0,11.0,10.0,12.0,1.0,9.0,1.0,2.0,1.0,0.0,7.19,5.02,1.41
F1,2020-10-17,Reims,Lorient,1604.05,1484.67,1.0,1.0,1.0,1.0,1.0,3.0,A,1.0,0.0,H,6.0,14.0,3.0,4.0,14.0,11.0,3.0,6.0,4.0,1.0,2.0,0.0,2.11,3.36,3.56
F1,2020-10-17,Marseille,Bordeaux,1695.13,1616.32,3.0,6.0,4.0,8.0,3.0,1.0,H,1.0,0.0,H,6.0,8.0,4.0,4.0,13.0,13.0,6.0,10.0,3.0,1.0,0.0,0.0,2.03,3.39,3.79
F1,2020-10-18,Strasbourg,Lyon,1551.61,1716.81,3.0,3.0,3.0,4.0,2.0,3.0,A,1.0,3.0,A,20.0,14.0,9.0,8.0,13.0,8.0,4.0,2.0,2.0,3.0,0.0,0.0,3.46,3.34,2.14
F1,2020-10-18,Angers,Metz,1583.43,1571.96,3.0,6.0,7.0,7.0,1.0,1.0,D,1.0,1.0,D,7.0,7.0,2.0,3.0,18.0,13.0,2.0,5.0,4.0,2.0,0.0,0.0,2.04,3.33,3.84
F1,2020-10-18,Monaco,Montpellier,1612.0,1638.76,3.0,9.0,4.0,10.0,1.0,1.0,D,0.0,0.0,D,21.0,3.0,7.0,2.0,13.0,13.0,10.0,2.0,2.0,1.0,0.0,1.0,1.5,4.64,6.0
F1,2020-10-18,Nantes,Brest,1576.7,1553.76,1.0,4.0,6.0,9.0,3.0,1.0,H,2.0,0.0,H,12.0,14.0,8.0,5.0,15.0,15.0,2.0,6.0,3.0,2.0,0.0,0.0,2.14,3.47,3.36
F1,2020-10-18,St Etienne,Nice,1579.56,1631.29,1.0,7.0,4.0,7.0,1.0,3.0,A,0.0,2.0,A,11.0,11.0,4.0,5.0,15.0,10.0,7.0,3.0,2.0,5.0,0.0,0.0,2.34,3.25,3.16
F1,2020-10-18,Lille,Lens,1709.97,1541.81,7.0,13.0,7.0,13.0,4.0,0.0,H,1.0,0.0,H,17.0,7.0,6.0,2.0,13.0,16.0,7.0,2.0,0.0,3.0,0.0,2.0,1.87,3.55,4.26
F1,2020-10-23,Rennes,Angers,1695.41,1583.43,5.0,11.0,4.0,7.0,1.0,2.0,A,1.0,1.0,D,11.0,10.0,1.0,4.0,11.0,5.0,5.0,4.0,2.0,0.0,0.0,0.0,2.07,3.3,3.8
F1,2020-10-24,Lorient,Marseille,1484.67,1695.13,4.0,4.0,5.0,6.0,0.0,1.0,A,0.0,0.0,D,13.0,15.0,3.0,3.0,10.0,12.0,6.0,4.0,3.0,3.0,0.0,0.0,2.96,3.26,2.46
F1,2020-10-24,Paris SG,Dijon,1911.65,1501.57,9.0,15.0,2.0,2.0,4.0,0.0,H,2.0,0.0,H,20.0,16.0,9.0,3.0,12.0,18.0,4.0,10.0,0.0,2.0,0.0,0.0,1.05,15.05,34.44
F1,2020-10-25,Bordeaux,Nimes,1616.32,1568.36,4.0,5.0,4.0,5.0,2.0,0.0,H,0.0,0.0,D,20.0,8.0,6.0,4.0,9.0,16.0,7.0,4.0,3.0,3.0,0.0,0.0,1.95,3.49,3.98
F1,2020-10-25,Brest,Strasbourg,1553.76,1551.61,3.0,9.0,0.0,3.0,0.0,3.0,A,0.0,2.0,A,14.0,7.0,4.0,5.0,8.0,11.0,12.0,2.0,1.0,3.0,0.0,0.0,2.23,3.59,3.09
F1,2020-10-25,Metz,St Etienne,1571.96,1579.56,5.0,8.0,0.0,4.0,2.0,0.0,H,1.0,0.0,H,6.0,10.0,3.0,0.0,11.0,18.0,5.0,3.0,3.0,3.0,0.0,0.0,2.38,3.3,3.06
F1,2020-10-25,Montpellier,Reims,1638.76,1604.05,2.0,8.0,1.0,1.0,0.0,4.0,A,0.0,3.0,A,5.0,24.0,1.0,9.0,7.0,11.0,3.0,8.0,1.0,0.0,2.0,0.0,2.08,3.28,3.72
F1,2020-10-25,Nice,Lille,1631.29,1709.97,7.0,7.0,9.0,13.0,1.0,1.0,D,0.0,0.0,D,8.0,12.0,3.0,4.0,13.0,18.0,5.0,3.0,1.0,6.0,0.0,0.0,3.33,3.36,2.21
F1,2020-10-25,Lyon,Monaco,1716.81,1612.0,5.0,6.0,4.0,7.0,4.0,1.0,H,4.0,0.0,H,15.0,18.0,6.0,5.0,12.0,15.0,2.0,12.0,3.0,4.0,1.0,0.0,1.68,4.22,4.57
F1,2020-10-31,Rennes,Brest,1695.41,1553.76,2.0,8.0,3.0,6.0,2.0,1.0,H,0.0,0.0,D,24.0,9.0,8.0,4.0,2.0,12.0,8.0,1.0,1.0,3.0,0.0,0.0,1.99,3.6,3.69
F1,2020-10-31,Nantes,Paris SG,1576.7,1911.65,3.0,4.0,9.0,15.0,0.0,3.0,A,0.0,0.0,D,6.0,13.0,1.0,4.0,13.0,13.0,2.0,4.0,2.0,1.0,0.0,0.0,7.27,4.92,1.41
F1,2020-11-01,St Etienne,Montpellier,1548.4,1607.24,0.0,1.0,1.0,5.0,0.0,1.0,A,0.0,1.0,A,8.0,10.0,0.0,2.0,16.0,17.0,8.0,2.0,3.0,3.0,0.0,0.0,2.4,3.43,2.92
F1,2020-11-01,Angers,Nice,1583.45,1630.5,4.0,7.0,7.0,8.0,0.0,3.0,A,0.0,2.0,A,11.0,12.0,5.0,5.0,18.0,12.0,9.0,5.0,5.0,2.0,0.0,0.0,2.25,3.32,3.29
F1,2020-11-01,Dijon,Lorient,1493.42,1487.51,1.0,2.0,3.0,4.0,0.0,0.0,D,0.0,0.0,D,11.0,9.0,2.0,1.0,18.0,13.0,9.0,7.0,2.0,1.0,0.0,0.0,3.14,3.45,2.27
F1,2020-11-01,Nimes,Metz,1546.11,1572.91,3.0,5.0,7.0,11.0,0.0,1.0,A,0.0,1.0,A,16.0,8.0,2.0,5.0,13.0,15.0,10.0,1.0,3.0,2.0,0.0,1.0,2.49,3.26,2.93
F1,2020-11-01,Reims,Strasbourg,1598.43,1552.55,4.0,4.0,3.0,6.0,2.0,1.0,H,2.0,1.0,H,12.0,9.0,4.0,3.0,13.0,13.0,5.0,3.0,0.0,2.0,0.0,0.0,2.34,3.3,3.12
F1,2020-11-01,Monaco,Bordeaux,1593.97,1607.14,1.0,4.0,6.0,7.0,4.0,0.0,H,3.0,0.0,H,17.0,5.0,6.0,0.0,10.0,12.0,10.0,4.0,2.0,2.0,0.0,0.0,1.91,3.76,3.88
F1,2020-11-01,Lille,Lyon,1709.99,1718.87,7.0,11.0,7.0,9.0,1.0,1.0,D,1.0,1.0,D,15.0,8.0,6.0,1.0,14.0,10.0,9.0,4.0,3.0,3.0,0.0,1.0,2.74,3.28,2.64
F1,2020-11-06,Strasbourg,Marseille,1552.55,1684.97,3.0,3.0,7.0,9.0,0.0,1.0,A,0.0,0.0,D,9.0,1.0,2.0,1.0,13.0,17.0,2.0,2.0,0.0,4.0,0.0,0.0,3.04,3.16,2.48
F1,2020-11-07,Bordeaux,Montpellier,1607.14,1607.24,3.0,7.0,4.0,5.0,0.0,2.0,A,0.0,0.0,D,9.0,9.0,1.0,3.0,14.0,10.0,3.0,5.0,2.0,1.0,0.0,0.0,2.36,3.3,3.07
F1,2020-11-07,Paris SG,Rennes,1902.98,1665.8,9.0,15.0,4.0,8.0,3.0,0.0,H,2.0,0.0,H,9.0,16.0,6.0,3.0,19.0,15.0,2.0,7.0,3.0,0.0,0.0,0.0,1.42,4.95,6.94
F1,2020-11-08,Brest,Lille,1515.2,1709.99,0.0,3.0,5.0,11.0,3.0,2.0,H,3.0,1.0,H,12.0,22.0,8.0,7.0,13.0,15.0,3.0,11.0,4.0,3.0,0.0,0.0,3.66,3.53,2.02
F1,2020-11-08,Lens,Reims,1525.32,1598.43,4.0,10.0,6.0,7.0,4.0,4.0,D,1.0,0.0,H,14.0,8.0,5.0,6.0,12.0,7.0,9.0,1.0,3.0,1.0,0.0,0.0,2.14,3.27,3.61
F1,2020-11-08,Lorient,Nantes,1487.51,1570.68,4.0,5.0,3.0,4.0,0.0,2.0,A,0.0,0.0,D,18.0,16.0,4.0,4.0,17.0,9.0,5.0,5.0,3.0,1.0,0.0,0.0,2.42,3.2,3.04
F1,2020-11-08,Metz,Dijon,1572.91,1493.42,7.0,11.0,2.0,3.0,1.0,1.0,D,1.0,1.0,D,14.0,14.0,4.0,6.0,16.0,11.0,5.0,6.0,2.0,1.0,0.0,0.0,1.76,3.65,4.78
F1,2020-11-08,Nimes,Angers,1546.11,1583.45,0.0,4.0,4.0,7.0,1.0,5.0,A,0.0,2.0,A,11.0,15.0,4.0,8.0,12.0,15.0,6.0,2.0,2.0,5.0,0.0,0.0,3.01,3.24,2.43
F1,2020-11-08,Nice,Monaco,1630.5,1593.97,7.0,11.0,4.0,7.0,1.0,2.0,A,0.0,1.0,A,8.0,15.0,4.0,8.0,8.0,16.0,1.0,4.0,2.0,2.0,0.0,0.0,3.16,3.67,2.17
F1,2020-11-08,Lyon,St Etienne,1718.87,1548.4,7.0,9.0,0.0,0.0,2.0,1.0,H,0.0,1.0,A,18.0,16.0,6.0,4.0,19.0,19.0,3.0,5.0,5.0,3.0,0.0,0.0,1.37,5.12,8.09
F1,2020-11-20,Rennes,Bordeaux,1654.69,1577.84,3.0,5.0,3.0,6.0,0.0,1.0,A,0.0,1.0,A,14.0,6.0,2.0,3.0,18.0,19.0,7.0,3.0,2.0,2.0,0.0,0.0,1.81,3.48,4.78
F1,2020-11-20,Monaco,Paris SG,1615.01,1896.22,6.0,7.0,9.0,15.0,3.0,2.0,H,0.0,2.0,A,15.0,9.0,5.0,4.0,12.0,19.0,2.0,1.0,2.0,3.0,0.0,1.0,5.28,4.89,1.53
F1,2020-11-21,Brest,St Etienne,1524.51,1534.68,3.0,6.0,0.0,0.0,4.0,1.0,H,4.0,1.0,H,10.0,17.0,5.0,1.0,12.0,10.0,5.0,6.0,1.0,1.0,0.0,0.0,2.15,3.55,3.27
F1,2020-11-22,Nantes,Metz,1578.07,1575.0,6.0,6.0,7.0,11.0,1.0,1.0,D,1.0,1.0,D,17.0,10.0,5.0,4.0,13.0,14.0,6.0,2.0,2.0,3.0,0.0,0.0,2.25,3.2,3.39
F1,2020-11-22,Dijon,Lens,1492.63,1523.33,2.0,3.0,4.0,8.0,0.0,1.0,A,0.0,1.0,A,10.0,6.0,2.0,2.0,14.0,6.0,8.0,6.0,2.0,0.0,0.0,0.0,3.41,3.43,2.14
F1,2020-11-22,Montpellier,Strasbourg,1624.81,1538.08,6.0,7.0,3.0,3.0,4.0,3.0,H,3.0,3.0,D,21.0,9.0,9.0,5.0,16.0,11.0,11.0,3.0,2.0,1.0,0.0,0.0,2.09,3.44,3.54
F1,2020-11-22,Reims,Nimes,1600.35,1517.59,7.0,8.0,0.0,3.0,0.0,1.0,A,0.0,0.0,D,16.0,6.0,6.0,5.0,18.0,11.0,7.0,1.0,3.0,1.0,0.0,0.0,1.9,3.58,4.08
F1,2020-11-22,Angers,Lyon,1583.01,1720.37,6.0,7.0,7.0,11.0,0.0,1.0,A,0.0,0.0,D,20.0,5.0,8.0,2.0,12.0,12.0,8.0,3.0,2.0,3.0,0.0,0.0,4.98,4.09,1.65
F1,2020-11-22,Lille,Lorient,1714.57,1476.16,2.0,8.0,1.0,4.0,4.0,0.0,H,1.0,0.0,H,31.0,7.0,13.0,2.0,10.0,11.0,9.0,4.0,1.0,3.0,0.0,0.0,1.59,3.91,5.97
F1,2020-11-25,Lens,Nantes,1523.33,1578.07,4.0,8.0,4.0,7.0,1.0,1.0,D,1.0,0.0,H,7.0,11.0,1.0,3.0,14.0,18.0,6.0,2.0,4.0,2.0,0.0,0.0,1.98,3.48,3.88
F1,2020-11-27,Strasbourg,Rennes,1538.08,1654.69,0.0,3.0,3.0,4.0,1.0,1.0,D,1.0,0.0,H,6.0,21.0,3.0,7.0,11.0,12.0,2.0,7.0,0.0,0.0,1.0,0.0,3.11,3.22,2.41
F1,2020-11-28,Marseille,Nantes,1679.14,1578.07,9.0,11.0,5.0,8.0,3.0,1.0,H,2.0,0.0,H,15.0,6.0,9.0,2.0,16.0,11.0,3.0,7.0,4.0,2.0,0.0,0.0,2.11,3.3,3.64
F1,2020-11-28,Paris SG,Bordeaux,1896.22,1577.84,6.0,12.0,3.0,6.0,2.0,2.0,D,2.0,1.0,H,16.0,18.0,9.0,4.0,8.0,10.0,14.0,5.0,1.0,1.0,0.0,0.0,1.18,7.59,14.25
F1,2020-11-29,Lyon,Reims,1720.37,1600.35,7.0,13.0,4.0,7.0,3.0,0.0,H,1.0,0.0,H,14.0,10.0,4.0,2.0,19.0,11.0,4.0,2.0,2.0,1.0,0.0,1.0,1.39,5.01,7.5
F1,2020-11-29,Lens,Angers,1523.33,1583.01,5.0,8.0,3.0,7.0,1.0,3.0,A,1.0,1.0,D,13.0,18.0,5.0,7.0,15.0,13.0,1.0,7.0,2.0,2.0,0.0,0.0,2.13,3.35,3.52
F1,2020-11-29,Lorient,Montpellier,1476.16,1624.81,1.0,4.0,9.0,10.0,0.0,1.0,A,0.0,0.0,D,8.0,16.0,2.0,3.0,13.0,14.0,2.0,4.0,2.0,1.0,0.0,0.0,3.31,3.42,2.18
F1,2020-11-29,Metz,Brest,1575.0,1524.51,5.0,9.0,6.0,6.0,0.0,2.0,A,0.0,1.0,A,15.0,10.0,6.0,3.0,11.0,10.0,10.0,5.0,2.0,1.0,0.0,0.0,2.28,3.32,3.19
F1,2020-11-29,Monaco,Nimes,1615.01,1517.59,9.0,10.0,3.0,3.0,3.0,0.0,H,1.0,0.0,H,18.0,6.0,5.0,2.0,16.0,9.0,8.0,3.0,1.0,1.0,0.0,1.0,1.37,5.16,7.83
F1,2020-11-29,Nice,Dijon,1625.29,1492.63,4.0,10.0,2.0,3.0,1.0,3.0,A,0.0,2.0,A,24.0,9.0,7.0,4.0,7.0,21.0,11.0,1.0,3.0,3.0,0.0,0.0,1.82,3.65,4.36
F1,2020-11-29,St Etienne,Lille,1534.68,1714.57,0.0,0.0,4.0,8.0,1.0,1.0,D,1.0,0.0,H,7.0,9.0,5.0,2.0,15.0,13.0,3.0,3.0,4.0,1.0,0.0,0.0,4.8,3.72,1.74
F1,2020-12-04,Nimes,Marseille,1513.14,1667.15,3.0,3.0,9.0,13.0,0.0,2.0,A,0.0,0.0,D,7.0,17.0,0.0,4.0,11.0,18.0,1.0,8.0,3.0,4.0,1.0,1.0,5.08,3.79,1.7
F1,2020-12-05,Rennes,Lens,1629.78,1512.37,1.0,4.0,4.0,5.0,0.0,2.0,A,0.0,1.0,A,10.0,6.0,4.0,4.0,18.0,16.0,8.0,3.0,1.0,3.0,0.0,0.0,2.07,3.45,3.6
F1,2020-12-05,Montpellier,Paris SG,1626.78,1873.16,9.0,12.0,4.0,10.0,1.0,3.0,A,1.0,1.0,D,17.0,13.0,2.0,6.0,12.0,14.0,3.0,3.0,1.0,3.0,0.0,0.0,6.58,4.74,1.45
F1,2020-12-06,Lille,Monaco,1707.4,1628.13,4.0,6.0,9.0,12.0,2.0,1.0,H,0.0,0.0,D,10.0,8.0,5.0,3.0,12.0,11.0,1.0,3.0,3.0,0.0,0.0,0.0,2.36,3.54,2.9
F1,2020-12-06,Angers,Lorient,1580.81,1458.51,6.0,9.0,0.0,1.0,2.0,0.0,H,1.0,0.0,H,10.0,12.0,3.0,3.0,13.0,11.0,2.0,12.0,3.0,0.0,0.0,0.0,1.87,3.61,4.14
F1,2020-12-06,Bordeaux,Brest,1588.64,1543.26,4.0,7.0,9.0,9.0,1.0,0.0,H,0.0,0.0,D,21.0,8.0,6.0,3.0,10.0,11.0,8.0,2.0,0.0,3.0,0.0,0.0,2.12,3.42,3.48
F1,2020-12-06,Dijon,St Etienne,1493.49,1518.63,4.0,5.0,1.0,1.0,0.0,0.0,D,0.0,0.0,D,6.0,7.0,1.0,2.0,15.0,13.0,7.0,4.0,0.0,1.0,0.0,0.0,2.94,3.42,2.38
F1,2020-12-06,Nantes,Strasbourg,1561.85,1527.01,2.0,5.0,1.0,4.0,0.0,4.0,A,0.0,2.0,A,14.0,13.0,2.0,9.0,13.0,13.0,7.0,3.0,3.0,2.0,0.0,0.0,2.17,3.44,3.33
F1,2020-12-06,Reims,Nice,1574.41,1587.46,1.0,7.0,3.0,7.0,0.0,0.0,D,0.0,0.0,D,11.0,12.0,2.0,4.0,12.0,13.0,6.0,6.0,1.0,2.0,0.0,0.0,2.51,3.36,2.81
F1,2020-12-06,Metz,Lyon,1553.77,1724.72,2.0,8.0,9.0,13.0,1.0,3.0,A,0.0,1.0,A,12.0,18.0,5.0,5.0,14.0,14.0,5.0,6.0,1.0,0.0,1.0,1.0,5.51,4.25,1.58
F1,2020-12-11,St Etienne,Angers,1518.63,1580.81,2.0,2.0,6.0,9.0,0.0,0.0,D,0.0,0.0,D,14.0,8.0,3.0,3.0,16.0,15.0,5.0,6.0,3.0,3.0,0.0,0.0,2.43,3.34,2.97
F1,2020-12-12,Marseille,Monaco,1667.15,1628.13,9.0,15.0,6.0,12.0,2.0,1.0,H,2.0,0.0,H,5.0,9.0,2.0,4.0,22.0,10.0,1.0,3.0,3.0,2.0,0.0,0.0,2.8,3.48,2.44
F1,2020-12-12,Lens,Montpellier,1512.37,1626.78,4.0,8.0,6.0,12.0,2.0,3.0,A,1.0,2.0,A,14.0,10.0,4.0,7.0,11.0,14.0,6.0,4.0,1.0,1.0,0.0,0.0,2.54,3.24,2.85
F1,2020-12-13,Nice,Rennes,1587.46,1629.78,1.0,5.0,1.0,4.0,0.0,1.0,A,0.0,1.0,A,11.0,16.0,3.0,6.0,16.0,10.0,3.0,6.0,2.0,1.0,0.0,0.0,2.96,3.31,2.41
F1,2020-12-13,Brest,Reims,1543.26,1574.41,6.0,9.0,1.0,5.0,2.0,1.0,H,1.0,0.0,H,10.0,10.0,6.0,4.0,12.0,11.0,3.0,4.0,1.0,1.0,0.0,0.0,2.26,3.37,3.19
F1,2020-12-13,Lorient,Nimes,1458.51,1513.14,0.0,1.0,3.0,3.0,3.0,0.0,H,2.0,0.0,H,13.0,6.0,5.0,2.0,18.0,7.0,2.0,3.0,2.0,0.0,0.0,0.0,2.18,3.38,3.35
F1,2020-12-13,Nantes,Dijon,1561.85,1493.49,1.0,5.0,4.0,6.0,1.0,1.0,D,1.0,0.0,H,17.0,13.0,6.0,4.0,11.0,16.0,4.0,4.0,2.0,2.0,0.0,0.0,1.75,3.8,4.59
F1,2020-12-13,Strasbourg,Metz,1527.01,1553.77,4.0,4.0,1.0,5.0,2.0,2.0,D,0.0,1.0,A,18.0,6.0,4.0,3.0,11.0,16.0,5.0,4.0,3.0,4.0,0.0,0.0,2.01,3.38,3.85
F1,2020-12-13,Lille,Bordeaux,1707.4,1588.64,7.0,8.0,7.0,7.0,2.0,1.0,H,2.0,1.0,H,15.0,4.0,5.0,3.0,14.0,10.0,8.0,3.0,0.0,2.0,0.0,0.0,1.73,3.54,5.15
F1,2020-12-13,Paris SG,Lyon,1873.16,1724.72,4.0,10.0,9.0,13.0,0.0,1.0,A,0.0,1.0,A,7.0,8.0,1.0,5.0,11.0,17.0,5.0,5.0,4.0,1.0,0.0,1.0,1.61,4.57,4.77
F1,2020-12-16,Angers,Strasbourg,1579.81,1539.92,7.0,10.0,5.0,5.0,0.0,2.0,A,0.0,0.0,D,8.0,7.0,2.0,3.0,9.0,11.0,6.0,2.0,1.0,2.0,0.0,0.0,2.22,3.37,3.26
F1,2020-12-16,Dijon,Lille,1489.4,1703.46,5.0,6.0,7.0,10.0,0.0,2.0,A,0.0,1.0,A,6.0,10.0,1.0,5.0,21.0,8.0,5.0,4.0,0.0,0.0,0.0,0.0,6.2,4.1,1.54
F1,2020-12-16,Montpellier,Metz,1623.0,1541.92,6.0,12.0,1.0,3.0,0.0,2.0,A,0.0,0.0,D,14.0,9.0,3.0,5.0,11.0,9.0,10.0,2.0,3.0,3.0,0.0,0.0,1.69,3.77,5.08
F1,2020-12-16,Nimes,Nice,1485.67,1558.86,0.0,3.0,1.0,4.0,0.0,2.0,A,0.0,0.0,D,15.0,14.0,4.0,6.0,8.0,10.0,4.0,5.0,1.0,2.0,0.0,1.0,3.32,3.46,2.16
F1,2020-12-16,Reims,Nantes,1559.27,1532.91,1.0,2.0,1.0,3.0,3.0,2.0,H,0.0,1.0,A,13.0,18.0,4.0,7.0,13.0,13.0,3.0,6.0,2.0,2.0,0.0,0.0,2.41,3.21,3.04
F1,2020-12-16,Bordeaux,St Etienne,1583.78,1513.75,4.0,7.0,3.0,3.0,1.0,2.0,A,1.0,1.0,D,11.0,19.0,3.0,8.0,12.0,14.0,3.0,4.0,3.0,2.0,0.0,0.0,2.22,3.3,3.34
F1,2020-12-16,Lyon,Brest,1738.28,1539.37,9.0,15.0,6.0,12.0,2.0,2.0,D,0.0,1.0,A,28.0,8.0,11.0,2.0,13.0,5.0,12.0,3.0,3.0,0.0,0.0,1.0,1.33,5.5,8.32
F1,2020-12-16,Monaco,Lens,1611.58,1516.43,3.0,9.0,3.0,7.0,0.0,3.0,A,0.0,3.0,A,7.0,8.0,1.0,4.0,8.0,17.0,3.0,3.0,2.0,4.0,1.0,0.0,1.67,4.12,4.77
F1,2020-12-16,Paris SG,Lorient,1874.19,1460.82,4.0,7.0,3.0,3.0,2.0,0.0,H,0.0,0.0,D,24.0,8.0,8.0,3.0,19.0,9.0,9.0,2.0,3.0,0.0,0.0,1.0,1.14,8.43,17.39
F1,2020-12-16,Rennes,Marseille,1600.12,1678.56,4.0,4.0,9.0,15.0,2.0,1.0,H,0.0,1.0,A,15.0,8.0,5.0,1.0,19.0,15.0,9.0,1.0,1.0,4.0,0.0,1.0,2.5,3.24,2.92
F1,2020-12-19,Metz,Lens,1541.92,1516.43,4.0,5.0,6.0,7.0,2.0,0.0,H,1.0,0.0,H,12.0,17.0,4.0,3.0,17.0,8.0,8.0,4.0,1.0,1.0,0.0,0.0,3.03,3.27,2.4
F1,2020-12-19,Marseille,Reims,1678.56,1559.27,6.0,12.0,4.0,4.0,1.0,1.0,D,1.0,1.0,D,12.0,2.0,6.0,1.0,11.0,10.0,7.0,3.0,1.0,3.0,0.0,0.0,1.77,3.59,4.77
F1,2020-12-19,Nice,Lyon,1558.86,1738.28,4.0,4.0,7.0,13.0,1.0,4.0,A,1.0,2.0,A,8.0,13.0,1.0,9.0,17.0,9.0,8.0,2.0,1.0,1.0,0.0,0.0,5.5,4.21,1.58
F1,2020-12-20,Brest,Montpellier,1539.37,1623.0,4.0,10.0,3.0,9.0,2.0,2.0,D,0.0,1.0,A,17.0,10.0,7.0,4.0,14.0,15.0,6.0,4.0,2.0,1.0,0.0,0.0,2.99,3.46,2.33
F1,2020-12-20,Dijon,Monaco,1489.4,1611.58,2.0,5.0,0.0,6.0,0.0,1.0,A,0.0,1.0,A,11.0,13.0,1.0,6.0,13.0,14.0,2.0,6.0,2.0,1.0,0.0,0.0,5.76,4.4,1.54
F1,2020-12-20,Nantes,Angers,1532.91,1579.81,1.0,2.0,4.0,7.0,1.0,1.0,D,0.0,1.0,A,9.0,12.0,2.0,6.0,16.0,13.0,5.0,6.0,3.0,0.0,0.0,0.0,2.46,3.31,2.9
F1,2020-12-20,St Etienne,Nimes,1513.75,1485.67,5.0,6.0,0.0,3.0,2.0,2.0,D,1.0,1.0,D,18.0,9.0,9.0,4.0,15.0,9.0,6.0,3.0,2.0,3.0,0.0,0.0,1.58,4.14,5.68
F1,2020-12-20,Strasbourg,Bordeaux,1539.92,1583.78,7.0,8.0,3.0,7.0,0.0,2.0,A,0.0,1.0,A,10.0,11.0,3.0,6.0,15.0,12.0,5.0,3.0,2.0,1.0,0.0,0.0,2.19,3.3,3.41
F1,2020-12-20,Lorient,Rennes,1460.82,1600.12,3.0,3.0,6.0,7.0,0.0,3.0,A,0.0,1.0,A,11.0,15.0,2.0,4.0,19.0,9.0,1.0,2.0,1.0,2.0,0.0,0.0,3.87,3.51,1.96
F1,2020-12-20,Lille,Paris SG,1703.46,1874.19,9.0,13.0,6.0,7.0,0.0,0.0,D,0.0,0.0,D,8.0,8.0,3.0,1.0,12.0,11.0,4.0,5.0,0.0,2.0,0.0,0.0,3.67,3.74,1.95
F1,2020-12-23,Bordeaux,Reims,1583.78,1559.27,3.0,7.0,4.0,5.0,1.0,3.0,A,0.0,2.0,A,9.0,10.0,3.0,5.0,11.0,12.0,5.0,5.0,3.0,1.0,0.0,0.0,2.23,3.24,3.39
F1,2020-12-23,Lens,Brest,1516.43,1539.37,3.0,6.0,5.0,8.0,2.0,1.0,H,2.0,0.0,H,11.0,10.0,4.0,3.0,13.0,13.0,3.0,6.0,0.0,2.0,0.0,0.0,1.99,3.68,3.6
F1,2020-12-23,Nice,Lorient,1558.86,1460.82,3.0,4.0,3.0,3.0,2.0,2.0,D,2.0,0.0,H,3.0,24.0,3.0,6.0,11.0,13.0,0.0,10.0,3.0,4.0,1.0,0.0,1.88,3.6,4.11
F1,2020-12-23,Nimes,Dijon,1485.67,1489.4,1.0,1.0,1.0,5.0,1.0,3.0,A,1.0,0.0,H,8.0,14.0,1.0,4.0,10.0,11.0,7.0,3.0,2.0,2.0,1.0,0.0,2.58,3.42,2.68
F1,2020-12-23,Rennes,Metz,1600.12,1541.92,9.0,10.0,7.0,7.0,1.0,0.0,H,0.0,0.0,D,11.0,9.0,6.0,4.0,14.0,18.0,6.0,5.0,1.0,1.0,0.0,0.0,1.6,3.92,5.87
F1,2020-12-23,Angers,Marseille,1579.81,1678.56,2.0,8.0,4.0,10.0,2.0,1.0,H,2.0,0.0,H,9.0,9.0,2.0,3.0,14.0,14.0,2.0,8.0,2.0,4.0,0.0,0.0,2.98,3.21,2.47
F1,2020-12-23,Lyon,Nantes,1738.28,1532.91,7.0,13.0,2.0,2.0,3.0,0.0,H,3.0,0.0,H,22.0,18.0,11.0,4.0,11.0,13.0,9.0,7.0,1.0,3.0,0.0,0.0,1.29,5.86,9.5
F1,2020-12-23,Monaco,St Etienne,1611.58,1513.75,3.0,6.0,5.0,7.0,2.0,2.0,D,1.0,2.0,A,2.0,18.0,2.0,6.0,12.0,13.0,0.0,10.0,3.0,2.0,1.0,0.0,1.63,4.09,5.2
F1,2020-12-23,Montpellier,Lille,1623.0,1703.46,4.0,7.0,7.0,11.0,2.0,3.0,A,0.0,1.0,A,17.0,9.0,6.0,7.0,13.0,11.0,6.0,4.0,3.0,2.0,0.0,0.0,3.41,3.35,2.18
F1,2020-12-23,Paris SG,Strasbourg,1874.19,1539.92,4.0,8.0,4.0,8.0,4.0,0.0,H,1.0,0.0,H,17.0,8.0,8.0,2.0,7.0,9.0,5.0,5.0,0.0,0.0,0.0,0.0,1.3,5.78,9.29
F1,2021-01-06,Brest,Nice,1538.39,1556.68,2.0,5.0,4.0,5.0,2.0,0.0,H,2.0,0.0,H,10.0,12.0,6.0,6.0,12.0,8.0,6.0,6.0,2.0,3.0,0.0,0.0,2.24,3.63,3.04
F1,2021-01-06,Lorient,Monaco,1454.54,1594.97,1.0,4.0,4.0,4.0,2.0,5.0,A,1.0,1.0,D,11.0,16.0,5.0,9.0,9.0,9.0,5.0,8.0,1.0,3.0,1.0,0.0,4.38,3.94,1.76
F1,2021-01-06,Metz,Bordeaux,1561.1,1571.39,6.0,7.0,3.0,6.0,0.0,0.0,D,0.0,0.0,D,9.0,12.0,3.0,3.0,10.0,20.0,3.0,2.0,1.0,2.0,0.0,0.0,2.65,3.09,2.87
F1,2021-01-06,Nantes,Rennes,1521.75,1624.19,1.0,2.0,9.0,12.0,0.0,0.0,D,0.0,0.0,D,7.0,8.0,2.0,0.0,13.0,13.0,6.0,3.0,2.0,2.0,0.0,0.0,3.59,3.43,2.08
F1,2021-01-06,Strasbourg,Nimes,1539.35,1465.4,3.0,7.0,1.0,1.0,5.0,0.0,H,3.0,0.0,H,21.0,6.0,12.0,2.0,12.0,6.0,10.0,5.0,1.0,2.0,0.0,0.0,1.57,4.06,5.87
F1,2021-01-06,Lille,Angers,1718.82,1575.19,7.0,13.0,4.0,8.0,1.0,2.0,A,1.0,2.0,A,7.0,7.0,2.0,3.0,12.0,10.0,8.0,6.0,3.0,1.0,0.0,0.0,1.6,3.91,5.97
F1,2021-01-06,Lyon,Lens,1745.48,1534.52,7.0,13.0,6.0,9.0,3.0,2.0,H,1.0,0.0,H,11.0,10.0,6.0,2.0,7.0,10.0,7.0,4.0,1.0,2.0,0.0,0.0,1.46,4.79,6.41
F1,2021-01-06,Marseille,Montpellier,1655.84,1600.38,1.0,7.0,1.0,4.0,3.0,1.0,H,1.0,0.0,H,18.0,13.0,8.0,5.0,4.0,6.0,5.0,1.0,0.0,0.0,0.0,0.0,2.08,3.42,3.6
F1,2021-01-06,Reims,Dijon,1583.01,1490.09,7.0,8.0,3.0,5.0,0.0,0.0,D,0.0,0.0,D,9.0,8.0,3.0,0.0,13.0,8.0,7.0,5.0,2.0,3.0,0.0,0.0,1.85,3.6,4.33
F1,2021-01-06,St Etienne,Paris SG,1525.38,1874.67,5.0,7.0,7.0,10.0,1.0,1.0,D,1.0,1.0,D,11.0,10.0,5.0,4.0,13.0,12.0,9.0,10.0,1.0,1.0,0.0,0.0,7.57,5.19,1.38
F1,2021-01-09,Bordeaux,Lorient,1571.39,1454.54,4.0,4.0,1.0,4.0,2.0,1.0,H,2.0,1.0,H,16.0,12.0,6.0,4.0,10.0,10.0,5.0,3.0,2.0,0.0,0.0,0.0,2.03,3.38,3.79
F1,2021-01-09,Dijon,Marseille,1490.09,1655.84,4.0,5.0,4.0,7.0,0.0,0.0,D,0.0,0.0,D,5.0,11.0,0.0,4.0,13.0,13.0,0.0,6.0,3.0,2.0,0.0,0.0,4.21,3.42,1.92
F1,2021-01-09,Lens,Strasbourg,1534.52,1539.35,3.0,6.0,3.0,7.0,0.0,1.0,A,0.0,1.0,A,11.0,10.0,2.0,4.0,16.0,15.0,4.0,4.0,1.0,1.0,0.0,0.0,2.31,3.37,3.12
F1,2021-01-09,Metz,Nice,1561.1,1556.68,4.0,8.0,1.0,4.0,1.0,1.0,D,0.0,1.0,A,16.0,11.0,5.0,4.0,19.0,8.0,5.0,2.0,2.0,2.0,0.0,0.0,2.6,3.16,2.87
F1,2021-01-09,Monaco,Angers,1594.97,1575.19,7.0,7.0,7.0,8.0,3.0,0.0,H,1.0,0.0,H,14.0,6.0,5.0,2.0,9.0,10.0,5.0,2.0,2.0,0.0,0.0,0.0,1.72,3.74,4.96
F1,2021-01-09,Montpellier,Nantes,1600.38,1521.75,1.0,4.0,2.0,3.0,1.0,1.0,D,1.0,0.0,H,8.0,12.0,6.0,3.0,18.0,11.0,1.0,8.0,5.0,0.0,0.0,0.0,1.98,3.52,3.83
F1,2021-01-09,Nimes,Lille,1465.4,1718.82,1.0,1.0,4.0,10.0,0.0,1.0,A,0.0,1.0,A,7.0,10.0,0.0,2.0,12.0,13.0,2.0,3.0,0.0,3.0,0.0,0.0,7.41,4.48,1.44
F1,2021-01-09,Paris SG,Brest,1874.67,1538.39,5.0,8.0,4.0,8.0,3.0,0.0,H,1.0,0.0,H,22.0,12.0,11.0,2.0,7.0,13.0,7.0,4.0,1.0,1.0,0.0,0.0,1.16,8.07,15.06
F1,2021-01-09,Reims,St Etienne,1583.01,1525.38,5.0,8.0,3.0,7.0,3.0,1.0,H,2.0,0.0,H,7.0,14.0,3.0,6.0,19.0,17.0,0.0,3.0,2.0,4.0,0.0,0.0,2.85,3.02,2.73
F1,2021-01-09,Rennes,Lyon,1624.19,1745.48,7.0,13.0,9.0,13.0,2.0,2.0,D,1.0,0.0,H,14.0,13.0,6.0,4.0,12.0,16.0,2.0,5.0,1.0,2.0,0.0,0.0,3.32,3.47,2.17
F1,2021-01-15,Montpellier,Monaco,1589.47,1615.55,1.0,2.0,7.0,10.0,2.0,3.0,A,0.0,2.0,A,9.0,16.0,3.0,5.0,17.0,12.0,5.0,6.0,2.0,3.0,0.0,0.0,3.32,3.5,2.17
F1,2021-01-16,Marseille,Nimes,1660.15,1450.56,4.0,5.0,0.0,1.0,1.0,2.0,A,0.0,0.0,D,14.0,8.0,6.0,5.0,13.0,6.0,7.0,3.0,2.0,2.0,0.0,0.0,1.42,4.66,7.57
F1,2021-01-16,Angers,Paris SG,1575.99,1870.11,6.0,7.0,7.0,11.0,0.0,1.0,A,0.0,0.0,D,11.0,12.0,4.0,3.0,11.0,13.0,5.0,7.0,0.0,2.0,0.0,0.0,8.62,5.31,1.34
F1,2021-01-17,Brest,Rennes,1546.48,1624.87,3.0,5.0,5.0,11.0,1.0,2.0,A,1.0,1.0,D,14.0,7.0,4.0,4.0,9.0,8.0,3.0,3.0,1.0,1.0,0.0,0.0,3.27,3.49,2.18
F1,2021-01-17,Nantes,Lens,1526.52,1523.43,2.0,3.0,3.0,6.0,1.0,1.0,D,1.0,0.0,H,10.0,8.0,2.0,1.0,14.0,19.0,2.0,4.0,3.0,3.0,0.0,0.0,2.55,3.33,2.8
F1,2021-01-17,Nice,Bordeaux,1547.3,1576.41,2.0,5.0,4.0,7.0,0.0,3.0,A,0.0,0.0,D,10.0,17.0,1.0,9.0,8.0,7.0,3.0,10.0,0.0,1.0,0.0,0.0,2.36,3.21,3.18
F1,2021-01-17,Strasbourg,St Etienne,1559.44,1524.04,6.0,9.0,2.0,6.0,1.0,0.0,H,1.0,0.0,H,15.0,8.0,3.0,3.0,23.0,9.0,7.0,3.0,2.0,2.0,0.0,0.0,2.0,3.38,3.93
F1,2021-01-17,Lille,Reims,1709.54,1588.04,6.0,10.0,7.0,11.0,2.0,1.0,H,0.0,1.0,A,16.0,8.0,8.0,4.0,13.0,11.0,3.0,5.0,2.0,1.0,0.0,0.0,1.64,3.71,5.79
F1,2021-01-17,Lyon,Metz,1745.62,1559.06,7.0,11.0,2.0,8.0,0.0,1.0,A,0.0,0.0,D,23.0,17.0,5.0,3.0,14.0,11.0,9.0,2.0,1.0,3.0,0.0,0.0,1.28,5.71,10.56
F1,2021-01-20,Marseille,Lens,1660.15,1523.43,4.0,5.0,1.0,4.0,0.0,1.0,A,0.0,0.0,D,4.0,13.0,1.0,4.0,13.0,11.0,3.0,9.0,5.0,3.0,0.0,0.0,2.06,3.38,3.71
F1,2021-01-22,Paris SG,Montpellier,1870.11,1589.47,7.0,11.0,1.0,2.0,4.0,0.0,H,1.0,0.0,H,26.0,5.0,8.0,1.0,16.0,12.0,7.0,1.0,2.0,1.0,0.0,1.0,1.17,7.98,15.7
F1,2021-01-23,Lens,Nice,1523.43,1547.3,4.0,7.0,1.0,2.0,0.0,1.0,A,0.0,0.0,D,13.0,7.0,3.0,2.0,9.0,14.0,6.0,2.0,2.0,1.0,0.0,0.0,2.03,3.32,3.89
F1,2021-01-23,Monaco,Marseille,1615.55,1660.15,9.0,13.0,1.0,4.0,3.0,1.0,H,0.0,1.0,A,8.0,5.0,6.0,1.0,18.0,21.0,5.0,4.0,3.0,5.0,0.0,0.0,1.76,3.96,4.38
F1,2021-01-24,Bordeaux,Angers,1576.41,1575.99,7.0,10.0,3.0,7.0,2.0,1.0,H,2.0,1.0,H,7.0,15.0,3.0,7.0,11.0,20.0,3.0,4.0,1.0,2.0,0.0,0.0,2.39,3.14,3.17
F1,2021-01-24,Dijon,Strasbourg,1497.36,1559.44,5.0,5.0,9.0,9.0,1.0,1.0,D,0.0,0.0,D,5.0,15.0,3.0,2.0,14.0,9.0,3.0,4.0,1.0,0.0,0.0,0.0,3.68,3.47,2.03
F1,2021-01-24,Metz,Nantes,1559.06,1526.52,5.0,8.0,3.0,4.0,2.0,0.0,H,1.0,0.0,H,14.0,8.0,4.0,0.0,15.0,15.0,4.0,6.0,3.0,1.0,0.0,0.0,2.45,3.12,3.09
F1,2021-01-24,Reims,Brest,1588.04,1546.48,4.0,8.0,3.0,4.0,1.0,0.0,H,1.0,0.0,H,12.0,17.0,2.0,1.0,16.0,11.0,2.0,4.0,3.0,0.0,0.0,0.0,2.37,3.41,2.95
F1,2021-01-24,Rennes,Lille,1624.87,1709.54,5.0,11.0,6.0,10.0,0.0,1.0,A,0.0,1.0,A,11.0,9.0,2.0,4.0,12.0,15.0,2.0,2.0,2.0,2.0,0.0,0.0,2.78,3.05,2.74
F1,2021-01-24,St Etienne,Lyon,1524.04,1745.62,1.0,3.0,4.0,10.0,0.0,5.0,A,0.0,2.0,A,3.0,19.0,0.0,12.0,13.0,9.0,1.0,8.0,3.0,1.0,0.0,0.0,7.58,4.73,1.41
F1,2021-01-27,Lorient,Dijon,1441.19,1497.36,1.0,1.0,3.0,6.0,3.0,2.0,H,1.0,2.0,A,14.0,7.0,5.0,2.0,13.0,17.0,9.0,6.0,2.0,3.0,0.0,0.0,2.18,3.39,3.37
F1,2021-01-29,Lyon,Bordeaux,1745.62,1576.41,4.0,10.0,9.0,10.0,2.0,1.0,H,1.0,0.0,H,10.0,12.0,4.0,2.0,17.0,6.0,7.0,9.0,1.0,2.0,0.0,0.0,1.32,5.65,8.86
F1,2021-01-30,Montpellier,Lens,1589.47,1523.43,1.0,1.0,4.0,4.0,1.0,2.0,A,0.0,1.0,A,17.0,11.0,7.0,2.0,15.0,17.0,12.0,3.0,4.0,4.0,0.0,0.0,2.87,3.23,2.55
F1,2021-01-31,Nice,St Etienne,1547.3,1524.04,4.0,5.0,0.0,2.0,0.0,1.0,A,0.0,0.0,D,7.0,10.0,2.0,1.0,11.0,11.0,4.0,10.0,2.0,2.0,0.0,0.0,2.17,3.51,3.27
F1,2021-01-31,Angers,Nimes,1575.99,1450.56,0.0,6.0,3.0,4.0,3.0,1.0,H,2.0,1.0,H,12.0,8.0,5.0,4.0,9.0,7.0,4.0,8.0,1.0,3.0,0.0,0.0,1.66,3.88,5.26
F1,2021-01-31,Brest,Metz,1546.48,1559.06,0.0,3.0,7.0,8.0,2.0,4.0,A,1.0,1.0,D,10.0,15.0,5.0,6.0,13.0,14.0,4.0,1.0,1.0,3.0,0.0,0.0,2.18,3.36,3.38
F1,2021-01-31,Lorient,Paris SG,1441.19,1870.11,3.0,4.0,9.0,13.0,3.0,2.0,H,1.0,1.0,D,16.0,14.0,5.0,3.0,15.0,9.0,7.0,9.0,4.0,2.0,0.0,0.0,15.0,8.16,1.16
F1,2021-01-31,Strasbourg,Reims,1559.44,1588.04,7.0,10.0,6.0,10.0,0.0,1.0,A,0.0,0.0,D,12.0,10.0,2.0,5.0,17.0,8.0,4.0,3.0,1.0,2.0,0.0,0.0,2.08,3.23,3.84
F1,2021-01-31,Lille,Dijon,1709.54,1497.36,9.0,12.0,2.0,6.0,1.0,0.0,H,1.0,0.0,H,14.0,11.0,2.0,3.0,12.0,7.0,5.0,2.0,2.0,2.0,0.0,0.0,1.36,4.76,9.28
F1,2021-01-31,Nantes,Monaco,1526.52,1615.55,2.0,3.0,9.0,13.0,1.0,2.0,A,0.0,1.0,A,9.0,14.0,3.0,5.0,11.0,14.0,2.0,8.0,4.0,3.0,1.0,0.0,4.21,3.8,1.81
F1,2021-02-03,Bordeaux,Lille,1593.74,1723.36,6.0,10.0,9.0,12.0,0.0,3.0,A,0.0,0.0,D,10.0,11.0,4.0,6.0,8.0,17.0,1.0,2.0,1.0,2.0,0.0,0.0,3.9,3.15,2.09
F1,2021-02-03,Metz,Montpellier,1592.03,1567.54,9.0,11.0,0.0,1.0,1.0,1.0,D,0.0,0.0,D,17.0,15.0,6.0,4.0,15.0,15.0,8.0,7.0,6.0,1.0,0.0,0.0,2.56,3.05,2.98
F1,2021-02-03,Reims,Angers,1598.05,1573.24,6.0,10.0,3.0,6.0,0.0,0.0,D,0.0,0.0,D,10.0,6.0,2.0,2.0,6.0,8.0,4.0,5.0,2.0,1.0,0.0,0.0,2.64,3.03,2.9
F1,2021-02-03,Rennes,Lorient,1624.9,1465.92,4.0,8.0,6.0,7.0,1.0,1.0,D,1.0,0.0,H,10.0,12.0,6.0,3.0,17.0,6.0,5.0,3.0,2.0,1.0,0.0,0.0,1.61,4.03,5.49
F1,2021-02-03,Strasbourg,Brest,1556.21,1522.53,4.0,10.0,0.0,3.0,2.0,2.0,D,1.0,0.0,H,9.0,3.0,4.0,2.0,12.0,14.0,3.0,3.0,2.0,0.0,0.0,0.0,2.16,3.35,3.43
F1,2021-02-03,Dijon,Lyon,1487.24,1744.68,1.0,3.0,6.0,10.0,0.0,1.0,A,0.0,1.0,A,14.0,16.0,2.0,8.0,15.0,12.0,1.0,6.0,2.0,0.0,0.0,0.0,8.62,5.08,1.35
F1,2021-02-03,Lens,Marseille,1537.81,1624.15,6.0,7.0,0.0,4.0,2.0,2.0,D,0.0,2.0,A,21.0,11.0,3.0,4.0,18.0,14.0,8.0,4.0,4.0,2.0,0.0,0.0,2.45,3.18,3.01
F1,2021-02-03,Monaco,Nice,1639.96,1531.94,9.0,15.0,3.0,4.0,2.0,1.0,H,1.0,0.0,H,15.0,5.0,6.0,2.0,16.0,19.0,6.0,2.0,0.0,4.0,0.0,0.0,1.5,4.57,6.06
F1,2021-02-03,Paris SG,Nimes,1860.09,1457.58,6.0,10.0,3.0,3.0,3.0,0.0,H,2.0,0.0,H,14.0,19.0,6.0,6.0,13.0,11.0,4.0,7.0,0.0,1.0,0.0,0.0,1.07,12.25,26.53
F1,2021-02-03,St Etienne,Nantes,1519.2,1510.94,3.0,4.0,1.0,3.0,1.0,1.0,D,0.0,1.0,A,14.0,13.0,8.0,6.0,15.0,19.0,5.0,5.0,3.0,1.0,0.0,0.0,2.11,3.19,3.78
F1,2021-02-06,Lorient,Reims,1465.92,1598.05,7.0,7.0,7.0,10.0,1.0,0.0,H,0.0,0.0,D,10.0,13.0,4.0,3.0,12.0,12.0,2.0,5.0,0.0,4.0,0.0,0.0,2.54,3.17,2.9
F1,2021-02-06,Lyon,Strasbourg,1744.68,1556.21,9.0,10.0,2.0,8.0,3.0,0.0,H,2.0,0.0,H,16.0,8.0,8.0,1.0,7.0,10.0,6.0,2.0,2.0,2.0,0.0,1.0,1.45,4.7,6.62
F1,2021-02-06,Lens,Rennes,1537.81,1624.9,4.0,8.0,4.0,6.0,0.0,0.0,D,0.0,0.0,D,10.0,10.0,3.0,1.0,13.0,11.0,6.0,4.0,2.0,4.0,0.0,0.0,2.73,3.18,2.69
F1,2021-02-07,Brest,Bordeaux,1522.53,1593.74,1.0,1.0,3.0,9.0,2.0,1.0,H,0.0,0.0,D,24.0,8.0,6.0,4.0,11.0,15.0,6.0,4.0,1.0,3.0,0.0,0.0,2.58,3.19,2.86
F1,2021-02-07,Montpellier,Dijon,1567.54,1487.24,1.0,2.0,0.0,2.0,4.0,2.0,H,0.0,1.0,A,25.0,13.0,11.0,5.0,12.0,14.0,9.0,4.0,3.0,3.0,0.0,1.0,1.75,3.65,4.83
F1,2021-02-07,Nice,Angers,1531.94,1573.24,3.0,4.0,4.0,4.0,3.0,0.0,H,2.0,0.0,H,11.0,10.0,2.0,3.0,11.0,9.0,5.0,9.0,2.0,1.0,0.0,0.0,2.73,3.09,2.76
F1,2021-02-07,Nimes,Monaco,1457.58,1639.96,3.0,3.0,9.0,15.0,3.0,4.0,A,2.0,2.0,D,9.0,11.0,4.0,5.0,12.0,16.0,5.0,6.0,2.0,2.0,0.0,0.0,7.71,4.82,1.4
F1,2021-02-07,St Etienne,Metz,1519.2,1592.03,4.0,4.0,7.0,11.0,1.0,0.0,H,1.0,0.0,H,12.0,10.0,3.0,0.0,9.0,9.0,8.0,2.0,2.0,2.0,0.0,0.0,2.13,3.2,3.71
F1,2021-02-07,Nantes,Lille,1510.94,1723.36,1.0,3.0,9.0,15.0,0.0,2.0,A,0.0,1.0,A,6.0,14.0,1.0,3.0,13.0,13.0,4.0,2.0,3.0,0.0,0.0,0.0,4.61,3.5,1.82
F1,2021-02-07,Marseille,Paris SG,1624.15,1860.09,1.0,2.0,6.0,12.0,0.0,2.0,A,0.0,2.0,A,12.0,9.0,4.0,2.0,12.0,12.0,7.0,1.0,1.0,2.0,1.0,0.0,7.39,5.16,1.39
F1,2021-02-13,Paris SG,Nice,1860.09,1531.94,6.0,12.0,3.0,6.0,2.0,1.0,H,1.0,0.0,H,17.0,13.0,4.0,5.0,12.0,6.0,4.0,1.0,2.0,0.0,0.0,0.0,1.2,7.17,12.48
F1,2021-02-13,Reims,Lens,1598.05,1537.81,4.0,7.0,5.0,8.0,1.0,1.0,D,1.0,0.0,H,9.0,17.0,6.0,6.0,9.0,7.0,4.0,6.0,2.0,0.0,0.0,0.0,3.0,2.99,2.59
F1,2021-02-13,Lyon,Montpellier,1744.68,1567.54,9.0,12.0,4.0,4.0,1.0,2.0,A,1.0,1.0,D,24.0,12.0,8.0,5.0,9.0,12.0,6.0,1.0,0.0,1.0,0.0,0.0,1.37,5.29,7.5
F1,2021-02-14,Monaco,Lorient,1639.96,1465.92,9.0,15.0,7.0,10.0,2.0,2.0,D,0.0,1.0,A,12.0,5.0,4.0,2.0,13.0,13.0,7.0,1.0,3.0,3.0,0.0,0.0,1.38,5.04,7.61
F1,2021-02-14,Angers,Nantes,1573.24,1510.94,4.0,4.0,1.0,2.0,1.0,3.0,A,1.0,2.0,A,8.0,7.0,3.0,3.0,18.0,21.0,7.0,2.0,2.0,3.0,0.0,0.0,2.28,3.01,3.53
F1,2021-02-14,Dijon,Nimes,1487.24,1457.58,0.0,1.0,0.0,3.0,0.0,2.0,A,0.0,0.0,D,10.0,8.0,3.0,4.0,17.0,13.0,3.0,0.0,4.0,1.0,1.0,0.0,2.48,3.39,2.81
F1,2021-02-14,Metz,Strasbourg,1592.03,1556.21,4.0,10.0,1.0,5.0,1.0,2.0,A,1.0,1.0,D,14.0,12.0,3.0,2.0,13.0,12.0,7.0,7.0,2.0,1.0,0.0,0.0,2.99,2.97,2.61
F1,2021-02-14,Rennes,St Etienne,1624.9,1519.2,2.0,6.0,7.0,7.0,0.0,2.0,A,0.0,1.0,A,13.0,6.0,2.0,3.0,18.0,16.0,7.0,1.0,5.0,2.0,0.0,0.0,1.93,3.42,4.13
F1,2021-02-14,Lille,Brest,1723.36,1522.53,9.0,15.0,4.0,4.0,0.0,0.0,D,0.0,0.0,D,14.0,3.0,0.0,1.0,16.0,15.0,9.0,3.0,2.0,1.0,0.0,0.0,1.52,4.15,6.34
F1,2021-02-14,Bordeaux,Marseille,1593.74,1624.15,0.0,6.0,1.0,1.0,0.0,0.0,D,0.0,0.0,D,18.0,5.0,1.0,1.0,13.0,17.0,6.0,5.0,1.0,1.0,0.0,2.0,2.62,3.28,2.73
F1,2021-02-17,Marseille,Nice,1617.9,1540.54,2.0,2.0,3.0,6.0,3.0,2.0,H,2.0,0.0,H,8.0,10.0,4.0,4.0,10.0,13.0,5.0,3.0,2.0,1.0,0.0,0.0,2.29,3.35,3.16
F1,2021-02-19,Brest,Lyon,1539.21,1739.88,5.0,5.0,6.0,12.0,2.0,3.0,A,0.0,3.0,A,19.0,17.0,7.0,7.0,9.0,12.0,11.0,7.0,2.0,2.0,0.0,0.0,5.82,4.67,1.51
F1,2021-02-20,St Etienne,Reims,1543.08,1583.43,7.0,10.0,2.0,8.0,1.0,1.0,D,0.0,0.0,D,18.0,4.0,8.0,2.0,10.0,11.0,1.0,2.0,0.0,2.0,0.0,0.0,2.23,2.99,3.7
F1,2021-02-20,Nantes,Marseille,1521.87,1617.9,4.0,4.0,4.0,5.0,1.0,1.0,D,0.0,0.0,D,6.0,7.0,1.0,3.0,11.0,15.0,2.0,1.0,4.0,1.0,0.0,1.0,2.87,3.17,2.57
F1,2021-02-21,Montpellier,Rennes,1589.58,1602.28,7.0,7.0,2.0,5.0,2.0,1.0,H,2.0,0.0,H,12.0,14.0,7.0,5.0,10.0,12.0,3.0,6.0,1.0,2.0,0.0,0.0,2.97,3.32,2.41
F1,2021-02-21,Lens,Dijon,1542.8,1463.16,3.0,6.0,0.0,0.0,2.0,1.0,H,1.0,0.0,H,11.0,12.0,4.0,4.0,13.0,12.0,5.0,4.0,3.0,0.0,0.0,1.0,1.53,4.04,6.5
F1,2021-02-21,Nice,Metz,1540.54,1571.14,3.0,3.0,1.0,7.0,1.0,2.0,A,0.0,2.0,A,12.0,11.0,3.0,4.0,16.0,12.0,3.0,3.0,1.0,1.0,0.0,0.0,2.34,3.33,3.08
F1,2021-02-21,Nimes,Bordeaux,1465.57,1575.26,3.0,6.0,1.0,4.0,2.0,0.0,H,1.0,0.0,H,8.0,11.0,3.0,4.0,10.0,12.0,6.0,7.0,0.0,3.0,0.0,1.0,3.07,3.49,2.27
F1,2021-02-21,Strasbourg,Angers,1559.05,1545.62,4.0,5.0,1.0,4.0,0.0,0.0,D,0.0,0.0,D,16.0,7.0,2.0,3.0,23.0,10.0,5.0,4.0,2.0,1.0,0.0,0.0,2.28,3.14,3.37
F1,2021-02-21,Lorient,Lille,1486.76,1732.81,5.0,11.0,7.0,13.0,1.0,4.0,A,1.0,2.0,A,8.0,16.0,3.0,7.0,9.0,10.0,1.0,5.0,2.0,0.0,0.0,0.0,4.23,3.36,1.93
F1,2021-02-21,Paris SG,Monaco,1867.89,1643.31,9.0,12.0,7.0,13.0,0.0,2.0,A,0.0,1.0,A,10.0,5.0,1.0,3.0,12.0,10.0,3.0,2.0,4.0,1.0,0.0,0.0,1.62,4.32,4.95
F1,2021-02-24,Nimes,Lorient,1465.57,1486.76,6.0,6.0,4.0,8.0,1.0,0.0,H,0.0,0.0,D,7.0,11.0,2.0,3.0,10.0,14.0,4.0,7.0,2.0,4.0,0.0,0.0,2.86,3.33,2.48
F1,2021-02-26,Rennes,Nice,1602.28,1540.54,1.0,2.0,0.0,3.0,1.0,2.0,A,1.0,1.0,D,17.0,14.0,5.0,7.0,17.0,18.0,6.0,1.0,0.0,2.0,0.0,0.0,1.84,3.4,4.74
F1,2021-02-27,Bordeaux,Metz,1575.26,1571.14,1.0,1.0,3.0,7.0,1.0,2.0,A,1.0,0.0,H,8.0,15.0,1.0,5.0,18.0,12.0,1.0,10.0,1.0,2.0,0.0,0.0,2.49,3.03,3.11
F1,2021-02-27,Dijon,Paris SG,1463.16,1867.89,0.0,0.0,6.0,9.0,0.0,4.0,A,0.0,2.0,A,5.0,7.0,1.0,5.0,10.0,9.0,2.0,4.0,2.0,1.0,0.0,0.0,13.55,6.96,1.2
F1,2021-02-28,Monaco,Brest,1643.31,1539.21,7.0,13.0,4.0,5.0,2.0,0.0,H,0.0,0.0,D,15.0,7.0,9.0,1.0,14.0,6.0,4.0,2.0,2.0,0.0,0.0,0.0,1.45,4.8,6.32
F1,2021-02-28,Angers,Lens,1545.62,1542.8,1.0,5.0,5.0,9.0,2.0,2.0,D,2.0,1.0,H,6.0,14.0,3.0,4.0,13.0,16.0,6.0,11.0,0.0,0.0,0.0,0.0,2.85,3.02,2.7
F1,2021-02-28,Lorient,St Etienne,1486.76,1543.08,1.0,5.0,7.0,11.0,2.0,1.0,H,0.0,1.0,A,11.0,9.0,3.0,2.0,12.0,15.0,5.0,3.0,1.0,3.0,0.0,0.0,3.04,3.2,2.43
F1,2021-02-28,Nimes,Nantes,1465.57,1521.87,9.0,9.0,4.0,5.0,1.0,1.0,D,0.0,1.0,A,8.0,8.0,4.0,1.0,16.0,25.0,1.0,8.0,2.0,1.0,1.0,0.0,3.08,3.32,2.35
F1,2021-02-28,Reims,Montpellier,1583.43,1589.58,2.0,6.0,9.0,10.0,0.0,0.0,D,0.0,0.0,D,9.0,9.0,2.0,3.0,9.0,10.0,5.0,1.0,1.0,1.0,0.0,0.0,2.81,3.06,2.71
F1,2021-02-28,Lille,Strasbourg,1732.81,1559.05,7.0,13.0,4.0,5.0,1.0,1.0,D,0.0,1.0,A,14.0,10.0,5.0,3.0,10.0,14.0,9.0,2.0,0.0,2.0,0.0,0.0,1.77,3.55,4.83
F1,2021-02-28,Marseille,Lyon,1617.9,1739.88,5.0,6.0,6.0,12.0,1.0,1.0,D,1.0,1.0,D,12.0,11.0,2.0,1.0,13.0,11.0,7.0,2.0,4.0,4.0,0.0,1.0,4.71,4.06,1.69
F1,2021-03-03,Brest,Dijon,1532.49,1458.29,1.0,5.0,0.0,0.0,3.0,1.0,H,3.0,1.0,H,10.0,10.0,3.0,2.0,17.0,13.0,3.0,5.0,3.0,1.0,0.0,0.0,1.7,3.91,4.79
F1,2021-03-03,Lyon,Rennes,1744.52,1587.09,4.0,10.0,0.0,2.0,1.0,0.0,H,0.0,0.0,D,15.0,12.0,7.0,1.0,12.0,15.0,6.0,4.0,1.0,3.0,0.0,0.0,1.59,4.12,5.59
F1,2021-03-03,Metz,Angers,1591.03,1549.17,6.0,7.0,2.0,3.0,0.0,1.0,A,0.0,1.0,A,15.0,8.0,1.0,4.0,18.0,9.0,6.0,1.0,2.0,2.0,1.0,0.0,2.54,3.04,3.03
F1,2021-03-03,Nice,Nimes,1541.06,1489.87,3.0,6.0,7.0,10.0,2.0,1.0,H,1.0,0.0,H,10.0,22.0,4.0,7.0,14.0,8.0,0.0,6.0,3.0,3.0,0.0,0.0,1.75,3.84,4.56
F1,2021-03-03,St Etienne,Lens,1537.24,1552.09,4.0,8.0,5.0,7.0,2.0,3.0,A,1.0,2.0,A,19.0,9.0,4.0,5.0,13.0,12.0,13.0,3.0,3.0,2.0,0.0,0.0,2.77,3.27,2.59
F1,2021-03-03,Bordeaux,Paris SG,1555.51,1874.2,1.0,1.0,6.0,12.0,0.0,1.0,A,0.0,1.0,A,11.0,12.0,2.0,3.0,8.0,15.0,8.0,1.0,3.0,3.0,0.0,0.0,7.17,4.52,1.45
F1,2021-03-03,Lille,Marseille,1723.8,1626.89,5.0,11.0,5.0,6.0,2.0,0.0,H,0.0,0.0,D,23.0,3.0,8.0,1.0,12.0,7.0,11.0,1.0,0.0,1.0,0.0,0.0,1.75,3.54,5.11
F1,2021-03-03,Montpellier,Lorient,1600.67,1485.93,7.0,11.0,3.0,7.0,1.0,1.0,D,1.0,1.0,D,10.0,14.0,4.0,6.0,17.0,15.0,5.0,3.0,2.0,3.0,0.0,0.0,2.03,3.51,3.63
F1,2021-03-03,Nantes,Reims,1526.69,1585.83,5.0,6.0,3.0,4.0,1.0,2.0,A,1.0,1.0,D,12.0,4.0,5.0,2.0,10.0,15.0,6.0,3.0,0.0,5.0,0.0,0.0,2.48,2.96,3.21
F1,2021-03-03,Strasbourg,Monaco,1565.95,1672.34,5.0,6.0,7.0,13.0,1.0,0.0,H,0.0,0.0,D,17.0,5.0,2.0,1.0,10.0,12.0,5.0,7.0,3.0,0.0,0.0,0.0,4.01,3.7,1.88
F1,2021-03-10,Marseille,Rennes,1626.89,1587.09,2.0,6.0,0.0,1.0,1.0,0.0,H,0.0,0.0,D,9.0,10.0,2.0,2.0,15.0,19.0,3.0,4.0,2.0,4.0,0.0,0.0,2.86,3.02,2.7
F1,2021-03-12,Reims,Lyon,1585.83,1744.52,5.0,6.0,7.0,10.0,1.0,1.0,D,1.0,0.0,H,14.0,17.0,5.0,6.0,11.0,12.0,2.0,5.0,3.0,1.0,0.0,0.0,6.94,4.57,1.46
F1,2021-03-13,Angers,St Etienne,1549.17,1537.24,5.0,5.0,1.0,7.0,0.0,1.0,A,0.0,0.0,D,4.0,7.0,1.0,3.0,8.0,14.0,6.0,3.0,1.0,2.0,0.0,0.0,2.54,3.13,2.97
F1,2021-03-13,Marseille,Brest,1626.89,1532.49,4.0,8.0,3.0,7.0,3.0,1.0,H,1.0,0.0,H,12.0,6.0,6.0,1.0,15.0,12.0,3.0,6.0,3.0,1.0,0.0,0.0,2.0,3.34,3.97
F1,2021-03-14,Nimes,Montpellier,1489.87,1600.67,4.0,10.0,5.0,11.0,1.0,1.0,D,0.0,0.0,D,12.0,12.0,7.0,5.0,11.0,19.0,5.0,7.0,2.0,0.0,0.0,0.0,3.29,3.58,2.15
F1,2021-03-14,Dijon,Bordeaux,1458.29,1555.51,0.0,0.0,0.0,1.0,1.0,3.0,A,0.0,2.0,A,13.0,10.0,3.0,6.0,15.0,7.0,5.0,6.0,5.0,1.0,0.0,0.0,3.55,3.44,2.08
F1,2021-03-14,Lens,Metz,1552.09,1591.03,7.0,9.0,6.0,6.0,2.0,2.0,D,2.0,1.0,H,16.0,7.0,6.0,4.0,17.0,8.0,6.0,1.0,4.0,3.0,0.0,0.0,1.9,3.39,4.34
F1,2021-03-14,Lorient,Nice,1485.93,1541.06,4.0,5.0,6.0,6.0,1.0,1.0,D,0.0,0.0,D,17.0,6.0,7.0,2.0,2.0,12.0,5.0,2.0,2.0,2.0,0.0,0.0,2.54,3.31,2.81
F1,2021-03-14,Rennes,Strasbourg,1587.09,1565.95,0.0,0.0,5.0,8.0,1.0,0.0,H,1.0,0.0,H,11.0,6.0,2.0,1.0,13.0,13.0,6.0,3.0,0.0,2.0,0.0,0.0,2.17,3.26,3.51
F1,2021-03-14,Monaco,Lille,1672.34,1723.8,6.0,10.0,7.0,11.0,0.0,0.0,D,0.0,0.0,D,8.0,5.0,4.0,2.0,11.0,11.0,6.0,2.0,3.0,3.0,0.0,0.0,2.43,3.11,3.13
F1,2021-03-14,Paris SG,Nantes,1874.2,1526.69,6.0,12.0,2.0,5.0,1.0,2.0,A,1.0,0.0,H,11.0,8.0,5.0,5.0,14.0,15.0,9.0,1.0,2.0,2.0,0.0,0.0,1.18,7.13,15.39
F1,2021-03-19,St Etienne,Monaco,1539.29,1664.34,3.0,7.0,4.0,8.0,0.0,4.0,A,0.0,1.0,A,9.0,15.0,3.0,4.0,7.0,11.0,2.0,6.0,1.0,2.0,0.0,0.0,4.52,3.63,1.81
F1,2021-03-20,Metz,Rennes,1581.97,1585.06,4.0,7.0,3.0,3.0,1.0,3.0,A,0.0,2.0,A,14.0,9.0,2.0,5.0,11.0,12.0,4.0,3.0,0.0,2.0,0.0,1.0,3.38,3.08,2.32
F1,2021-03-20,Nice,Marseille,1546.95,1634.16,7.0,7.0,6.0,8.0,3.0,0.0,H,1.0,0.0,H,17.0,7.0,7.0,2.0,11.0,16.0,7.0,5.0,1.0,1.0,0.0,0.0,2.95,3.26,2.46
F1,2021-03-21,Strasbourg,Lens,1569.28,1561.05,4.0,8.0,5.0,9.0,1.0,2.0,A,1.0,2.0,A,17.0,12.0,5.0,4.0,9.0,10.0,12.0,7.0,2.0,5.0,0.0,0.0,2.66,3.34,2.66
F1,2021-03-21,Brest,Angers,1533.71,1550.3,3.0,4.0,4.0,5.0,0.0,0.0,D,0.0,0.0,D,11.0,15.0,2.0,5.0,17.0,11.0,3.0,6.0,1.0,3.0,0.0,0.0,2.55,3.11,2.94
F1,2021-03-21,Dijon,Reims,1442.45,1597.5,0.0,0.0,5.0,7.0,0.0,1.0,A,0.0,0.0,D,10.0,9.0,4.0,2.0,10.0,10.0,2.0,3.0,3.0,0.0,0.0,0.0,3.5,3.3,2.16
F1,2021-03-21,Montpellier,Bordeaux,1595.16,1563.08,3.0,9.0,3.0,4.0,3.0,1.0,H,1.0,1.0,D,23.0,13.0,9.0,3.0,8.0,10.0,6.0,6.0,1.0,2.0,0.0,0.0,2.15,3.26,3.55
F1,2021-03-21,Nantes,Lorient,1535.99,1491.41,4.0,8.0,5.0,5.0,1.0,1.0,D,1.0,0.0,H,8.0,15.0,3.0,3.0,11.0,8.0,2.0,8.0,0.0,1.0,0.0,0.0,2.33,3.17,3.26
F1,2021-03-21,Lille,Nimes,1730.5,1487.09,5.0,9.0,2.0,8.0,1.0,2.0,A,1.0,2.0,A,15.0,10.0,4.0,4.0,19.0,10.0,8.0,0.0,2.0,0.0,0.0,0.0,1.32,4.97,10.5
F1,2021-03-21,Lyon,Paris SG,1745.66,1863.12,5.0,8.0,6.0,9.0,2.0,4.0,A,0.0,2.0,A,8.0,14.0,7.0,9.0,14.0,15.0,1.0,4.0,2.0,0.0,0.0,0.0,2.89,3.82,2.25
F1,2021-04-03,Monaco,Metz,1675.37,1569.26,4.0,10.0,1.0,7.0,4.0,0.0,H,0.0,0.0,D,15.0,6.0,6.0,1.0,16.0,15.0,8.0,1.0,0.0,6.0,0.0,1.0,1.45,4.57,6.91
F1,2021-04-03,Paris SG,Lille,1871.34,1716.05,6.0,9.0,4.0,8.0,0.0,1.0,A,0.0,1.0,A,16.0,3.0,3.0,3.0,18.0,12.0,5.0,0.0,6.0,4.0,1.0,1.0,1.68,3.79,5.24
F1,2021-04-03,Lens,Lyon,1570.25,1737.44,7.0,11.0,4.0,8.0,1.0,1.0,D,0.0,0.0,D,10.0,15.0,4.0,6.0,12.0,14.0,2.0,4.0,3.0,3.0,0.0,1.0,4.06,3.9,1.83
F1,2021-04-04,Angers,Montpellier,1550.84,1604.18,4.0,6.0,5.0,9.0,1.0,1.0,D,0.0,0.0,D,14.0,8.0,4.0,3.0,15.0,9.0,4.0,0.0,1.0,1.0,0.0,0.0,2.61,3.26,2.77
F1,2021-04-04,Bordeaux,Strasbourg,1554.06,1560.08,3.0,3.0,3.0,5.0,2.0,3.0,A,2.0,3.0,A,14.0,12.0,6.0,5.0,8.0,15.0,6.0,5.0,1.0,1.0,0.0,0.0,2.81,3.1,2.67
F1,2021-04-04,Lorient,Brest,1493.67,1533.17,3.0,6.0,4.0,4.0,1.0,0.0,H,1.0,0.0,H,13.0,5.0,4.0,1.0,9.0,23.0,6.0,5.0,3.0,2.0,0.0,1.0,2.39,3.43,2.91
F1,2021-04-04,Nantes,Nice,1533.73,1563.43,4.0,6.0,7.0,10.0,1.0,2.0,A,1.0,2.0,A,18.0,17.0,6.0,8.0,15.0,14.0,10.0,5.0,1.0,2.0,0.0,0.0,2.48,3.31,2.87
F1,2021-04-04,Reims,Rennes,1602.64,1597.77,7.0,9.0,6.0,6.0,2.0,2.0,D,0.0,0.0,D,9.0,19.0,4.0,8.0,7.0,11.0,1.0,6.0,3.0,3.0,1.0,0.0,3.65,3.18,2.16
F1,2021-04-04,Nimes,St Etienne,1501.53,1528.26,4.0,8.0,3.0,4.0,0.0,2.0,A,0.0,1.0,A,14.0,15.0,3.0,5.0,12.0,19.0,5.0,3.0,5.0,2.0,0.0,0.0,3.26,3.37,2.23
F1,2021-04-04,Marseille,Dijon,1617.68,1437.31,6.0,7.0,0.0,0.0,2.0,0.0,H,1.0,0.0,H,16.0,4.0,3.0,1.0,11.0,9.0,7.0,1.0,2.0,4.0,0.0,0.0,1.49,4.28,6.84
F1,2021-04-09,Metz,Lille,1569.26,1716.05,1.0,4.0,4.0,8.0,0.0,2.0,A,0.0,0.0,D,18.0,9.0,7.0,6.0,16.0,13.0,10.0,2.0,2.0,2.0,0.0,0.0,6.2,3.62,1.64
F1,2021-04-10,Strasbourg,Paris SG,1560.08,1871.34,3.0,7.0,3.0,9.0,1.0,4.0,A,0.0,3.0,A,9.0,16.0,3.0,7.0,8.0,6.0,5.0,4.0,0.0,1.0,0.0,0.0,4.43,3.96,1.75
F1,2021-04-10,Montpellier,Marseille,1604.18,1617.68,5.0,7.0,6.0,9.0,3.0,3.0,D,1.0,2.0,A,20.0,13.0,7.0,8.0,17.0,12.0,6.0,3.0,2.0,2.0,0.0,1.0,2.6,3.37,2.72
F1,2021-04-11,Rennes,Nantes,1597.77,1533.73,7.0,7.0,4.0,5.0,1.0,0.0,H,0.0,0.0,D,14.0,4.0,4.0,2.0,16.0,15.0,3.0,3.0,6.0,2.0,0.0,0.0,1.81,3.58,4.55
F1,2021-04-11,Brest,Nimes,1533.17,1501.53,1.0,4.0,4.0,5.0,1.0,1.0,D,1.0,1.0,D,22.0,5.0,4.0,3.0,15.0,16.0,9.0,2.0,4.0,1.0,0.0,0.0,2.03,3.62,3.54
F1,2021-04-11,Lens,Lorient,1570.25,1493.67,5.0,9.0,5.0,9.0,4.0,1.0,H,2.0,1.0,H,14.0,17.0,6.0,6.0,11.0,8.0,5.0,10.0,0.0,0.0,0.0,0.0,2.03,3.51,3.68
F1,2021-04-11,Nice,Reims,1563.43,1602.64,7.0,13.0,5.0,9.0,0.0,0.0,D,0.0,0.0,D,13.0,10.0,2.0,1.0,13.0,11.0,10.0,6.0,0.0,1.0,0.0,0.0,2.27,3.17,3.41
F1,2021-04-11,St Etienne,Bordeaux,1528.26,1554.06,6.0,6.0,3.0,3.0,4.0,1.0,H,2.0,1.0,H,17.0,10.0,7.0,2.0,12.0,17.0,5.0,6.0,3.0,0.0,0.0,0.0,2.36,3.02,3.37
F1,2021-04-11,Monaco,Dijon,1675.37,1437.31,7.0,10.0,0.0,0.0,3.0,0.0,H,0.0,0.0,D,16.0,6.0,10.0,1.0,10.0,16.0,6.0,4.0,1.0,1.0,0.0,0.0,1.19,7.16,14.51
F1,2021-04-11,Lyon,Angers,1737.44,1550.84,2.0,6.0,2.0,6.0,3.0,0.0,H,2.0,0.0,H,16.0,11.0,6.0,3.0,15.0,14.0,5.0,4.0,0.0,0.0,0.0,0.0,1.39,4.98,7.77
F1,2021-04-16,Lille,Montpellier,1740.29,1608.1,6.0,10.0,5.0,7.0,1.0,1.0,D,0.0,1.0,A,20.0,10.0,9.0,4.0,14.0,11.0,9.0,0.0,3.0,1.0,0.0,0.0,1.64,3.9,5.55
F1,2021-04-17,Angers,Rennes,1550.55,1609.24,2.0,5.0,7.0,10.0,0.0,3.0,A,0.0,1.0,A,10.0,9.0,3.0,3.0,11.0,10.0,2.0,3.0,2.0,0.0,0.0,0.0,3.56,3.23,2.17
F1,2021-04-17,Marseille,Lorient,1627.6,1497.3,4.0,10.0,4.0,6.0,3.0,2.0,H,0.0,1.0,A,13.0,12.0,5.0,6.0,9.0,15.0,8.0,3.0,1.0,0.0,0.0,0.0,2.09,3.43,3.57
F1,2021-04-18,Paris SG,St Etienne,1880.31,1557.57,6.0,9.0,6.0,9.0,3.0,2.0,H,0.0,0.0,D,17.0,7.0,5.0,5.0,13.0,15.0,13.0,3.0,1.0,1.0,0.0,0.0,1.31,5.51,9.39
F1,2021-04-18,Brest,Lens,1528.0,1588.16,2.0,5.0,7.0,11.0,1.0,1.0,D,1.0,0.0,H,7.0,8.0,5.0,2.0,14.0,16.0,2.0,4.0,2.0,7.0,1.0,2.0,2.83,3.28,2.56
F1,2021-04-18,Dijon,Nice,1433.58,1576.45,0.0,0.0,7.0,11.0,2.0,0.0,H,0.0,0.0,D,9.0,10.0,3.0,2.0,8.0,13.0,1.0,9.0,1.0,1.0,0.0,0.0,4.5,3.83,1.76
F1,2021-04-18,Nimes,Strasbourg,1496.69,1569.66,4.0,5.0,3.0,6.0,1.0,1.0,D,0.0,0.0,D,5.0,7.0,1.0,3.0,10.0,17.0,2.0,1.0,0.0,2.0,0.0,1.0,3.5,3.53,2.08
F1,2021-04-18,Reims,Metz,1606.45,1558.02,5.0,9.0,0.0,1.0,0.0,0.0,D,0.0,0.0,D,15.0,11.0,6.0,2.0,13.0,17.0,10.0,4.0,3.0,1.0,0.0,0.0,2.43,3.08,3.19
F1,2021-04-18,Bordeaux,Monaco,1537.2,1693.43,0.0,3.0,9.0,10.0,0.0,3.0,A,0.0,1.0,A,7.0,13.0,2.0,6.0,13.0,11.0,4.0,5.0,4.0,1.0,1.0,0.0,5.32,3.91,1.65
F1,2021-04-18,Nantes,Lyon,1524.87,1744.34,1.0,4.0,4.0,8.0,1.0,2.0,A,0.0,2.0,A,12.0,11.0,3.0,4.0,16.0,10.0,5.0,4.0,0.0,1.0,0.0,0.0,5.89,4.3,1.54
F1,2021-04-23,Reims,Marseille,1606.45,1627.6,3.0,7.0,7.0,10.0,1.0,3.0,A,1.0,2.0,A,10.0,11.0,1.0,6.0,9.0,2.0,5.0,2.0,2.0,0.0,1.0,0.0,3.67,3.4,2.06
F1,2021-04-24,St Etienne,Brest,1557.57,1528.0,6.0,9.0,2.0,3.0,1.0,2.0,A,1.0,0.0,H,6.0,12.0,3.0,7.0,17.0,11.0,3.0,2.0,2.0,1.0,0.0,0.0,2.07,3.49,3.57
F1,2021-04-24,Metz,Paris SG,1558.02,1880.31,1.0,2.0,6.0,9.0,1.0,3.0,A,0.0,1.0,A,8.0,19.0,3.0,8.0,12.0,12.0,1.0,9.0,1.0,4.0,0.0,0.0,10.54,5.43,1.29
F1,2021-04-25,Nice,Montpellier,1576.45,1608.1,4.0,8.0,3.0,7.0,3.0,1.0,H,3.0,1.0,H,18.0,14.0,8.0,3.0,13.0,17.0,7.0,6.0,1.0,2.0,0.0,0.0,2.72,3.36,2.59
F1,2021-04-25,Lens,Nimes,1588.16,1496.69,5.0,9.0,2.0,6.0,2.0,1.0,H,1.0,0.0,H,7.0,16.0,4.0,2.0,14.0,15.0,4.0,6.0,1.0,2.0,1.0,0.0,1.73,3.68,5.0
F1,2021-04-25,Lorient,Bordeaux,1497.3,1537.2,3.0,5.0,0.0,3.0,4.0,1.0,H,3.0,0.0,H,13.0,13.0,7.0,7.0,9.0,14.0,6.0,3.0,2.0,3.0,0.0,0.0,2.11,3.46,3.48
F1,2021-04-25,Rennes,Dijon,1609.24,1433.58,7.0,13.0,3.0,3.0,5.0,1.0,H,1.0,1.0,D,25.0,4.0,12.0,1.0,13.0,8.0,8.0,2.0,6.0,3.0,0.0,0.0,1.34,5.14,9.22
F1,2021-04-25,Strasbourg,Nantes,1569.66,1524.87,4.0,4.0,0.0,4.0,1.0,2.0,A,1.0,0.0,H,12.0,7.0,4.0,5.0,15.0,13.0,6.0,4.0,1.0,3.0,0.0,0.0,2.18,3.33,3.44
F1,2021-04-25,Angers,Monaco,1550.55,1693.43,1.0,2.0,9.0,13.0,0.0,1.0,A,0.0,0.0,D,4.0,10.0,0.0,3.0,18.0,11.0,4.0,1.0,2.0,2.0,0.0,0.0,6.29,4.51,1.49
F1,2021-04-25,Lyon,Lille,1744.34,1740.29,7.0,8.0,7.0,8.0,2.0,3.0,A,2.0,1.0,H,7.0,16.0,2.0,7.0,9.0,13.0,8.0,4.0,0.0,3.0,0.0,0.0,2.08,3.45,3.59
F1,2021-04-30,Marseille,Strasbourg,1627.6,1569.66,7.0,10.0,1.0,4.0,1.0,1.0,D,0.0,0.0,D,8.0,8.0,4.0,5.0,10.0,14.0,5.0,6.0,4.0,2.0,0.0,0.0,1.87,3.64,4.19
F1,2021-05-01,Paris SG,Lens,1878.92,1590.63,9.0,12.0,7.0,11.0,2.0,1.0,H,1.0,0.0,H,14.0,15.0,6.0,3.0,14.0,16.0,6.0,2.0,4.0,2.0,0.0,0.0,1.34,5.49,8.19
F1,2021-05-01,Lille,Nice,1743.56,1571.12,7.0,10.0,4.0,10.0,2.0,0.0,H,1.0,0.0,H,12.0,0.0,4.0,0.0,9.0,12.0,5.0,1.0,2.0,3.0,0.0,1.0,1.42,4.6,7.84
F1,2021-05-02,Bordeaux,Rennes,1513.06,1627.41,0.0,0.0,9.0,13.0,1.0,0.0,H,1.0,0.0,H,9.0,9.0,4.0,2.0,14.0,14.0,3.0,5.0,4.0,1.0,0.0,1.0,4.58,3.81,1.76
F1,2021-05-02,Brest,Nantes,1536.74,1529.76,5.0,6.0,3.0,4.0,1.0,4.0,A,0.0,2.0,A,16.0,12.0,7.0,6.0,12.0,10.0,5.0,5.0,2.0,0.0,0.0,0.0,2.69,3.38,2.62
F1,2021-05-02,Dijon,Metz,1440.51,1555.5,3.0,3.0,1.0,1.0,1.0,5.0,A,0.0,2.0,A,10.0,14.0,4.0,6.0,11.0,16.0,6.0,3.0,1.0,1.0,1.0,0.0,3.72,3.31,2.09
F1,2021-05-02,Lorient,Angers,1505.38,1530.91,3.0,7.0,0.0,2.0,2.0,0.0,H,1.0,0.0,H,13.0,9.0,4.0,2.0,8.0,13.0,5.0,0.0,3.0,3.0,1.0,1.0,1.87,3.6,4.26
F1,2021-05-02,Nimes,Reims,1491.19,1590.28,2.0,5.0,2.0,6.0,2.0,2.0,D,0.0,1.0,A,18.0,12.0,7.0,7.0,15.0,13.0,10.0,5.0,2.0,2.0,0.0,0.0,2.24,3.36,3.26
F1,2021-05-02,Montpellier,St Etienne,1599.1,1544.64,2.0,6.0,3.0,6.0,1.0,2.0,A,1.0,1.0,D,13.0,19.0,2.0,7.0,15.0,12.0,7.0,7.0,2.0,1.0,0.0,0.0,2.42,3.34,2.96
F1,2021-05-02,Monaco,Lyon,1705.11,1736.97,9.0,15.0,6.0,7.0,2.0,3.0,A,1.0,0.0,H,12.0,17.0,4.0,5.0,23.0,16.0,5.0,5.0,1.0,4.0,0.0,1.0,2.3,3.58,2.99
F1,2021-05-07,Lens,Lille,1590.63,1743.56,4.0,8.0,7.0,13.0,0.0,3.0,A,0.0,2.0,A,11.0,11.0,5.0,6.0,15.0,9.0,5.0,4.0,3.0,2.0,1.0,0.0,4.18,3.45,1.94
F1,2021-05-08,Nantes,Bordeaux,1529.76,1513.06,6.0,6.0,3.0,3.0,3.0,0.0,H,1.0,0.0,H,11.0,10.0,3.0,2.0,13.0,20.0,5.0,2.0,0.0,5.0,0.0,0.0,2.03,3.41,3.79
F1,2021-05-08,Lyon,Lorient,1736.97,1505.38,6.0,10.0,6.0,9.0,4.0,1.0,H,0.0,0.0,D,25.0,8.0,11.0,2.0,17.0,10.0,5.0,1.0,2.0,2.0,0.0,0.0,1.4,5.11,7.11
F1,2021-05-09,St Etienne,Marseille,1544.64,1638.65,3.0,9.0,7.0,11.0,1.0,0.0,H,1.0,0.0,H,18.0,15.0,5.0,4.0,22.0,12.0,10.0,4.0,1.0,3.0,0.0,0.0,3.29,3.62,2.14
F1,2021-05-09,Angers,Dijon,1530.91,1440.51,0.0,1.0,3.0,3.0,3.0,0.0,H,1.0,0.0,H,11.0,5.0,4.0,1.0,8.0,11.0,1.0,4.0,0.0,0.0,0.0,0.0,1.84,3.6,4.37
F1,2021-05-09,Metz,Nimes,1555.5,1491.19,4.0,4.0,2.0,3.0,0.0,3.0,A,0.0,0.0,D,11.0,10.0,2.0,5.0,13.0,12.0,0.0,6.0,1.0,2.0,0.0,0.0,2.81,3.44,2.49
F1,2021-05-09,Nice,Brest,1571.12,1536.74,3.0,7.0,4.0,5.0,3.0,2.0,H,1.0,2.0,A,14.0,9.0,5.0,2.0,8.0,11.0,6.0,5.0,1.0,1.0,1.0,0.0,2.4,3.37,2.97
F1,2021-05-09,Strasbourg,Montpellier,1559.98,1599.1,2.0,5.0,1.0,3.0,2.0,3.0,A,0.0,1.0,A,18.0,6.0,7.0,3.0,16.0,16.0,4.0,6.0,2.0,3.0,0.0,0.0,1.69,4.28,4.45
F1,2021-05-09,Reims,Monaco,1590.28,1705.11,2.0,4.0,6.0,12.0,0.0,1.0,A,0.0,1.0,A,8.0,7.0,2.0,2.0,11.0,13.0,3.0,3.0,1.0,3.0,0.0,0.0,8.12,4.73,1.4
F1,2021-05-09,Rennes,Paris SG,1627.41,1878.92,6.0,10.0,9.0,12.0,1.0,1.0,D,0.0,1.0,A,19.0,12.0,10.0,4.0,12.0,11.0,9.0,3.0,4.0,1.0,0.0,1.0,5.13,4.1,1.64
F1,2021-05-16,Bordeaux,Lens,1510.16,1578.81,3.0,3.0,3.0,7.0,3.0,0.0,H,1.0,0.0,H,11.0,14.0,4.0,4.0,16.0,15.0,1.0,6.0,2.0,2.0,0.0,0.0,3.62,3.61,2.02
F1,2021-05-16,Dijon,Nantes,1418.15,1555.88,0.0,3.0,9.0,9.0,0.0,4.0,A,0.0,2.0,A,10.0,16.0,1.0,4.0,12.0,10.0,3.0,6.0,2.0,1.0,0.0,0.0,8.25,4.66,1.4
F1,2021-05-16,Lille,St Etienne,1755.35,1562.77,9.0,13.0,6.0,9.0,0.0,0.0,D,0.0,0.0,D,14.0,8.0,3.0,1.0,11.0,14.0,3.0,6.0,1.0,2.0,0.0,0.0,1.36,4.84,9.35
F1,2021-05-16,Lorient,Metz,1510.65,1547.19,6.0,6.0,3.0,4.0,2.0,1.0,H,1.0,0.0,H,6.0,3.0,2.0,1.0,16.0,19.0,2.0,1.0,1.0,4.0,0.0,0.0,1.62,3.97,5.56
F1,2021-05-16,Marseille,Angers,1627.9,1527.07,4.0,8.0,3.0,3.0,3.0,2.0,H,1.0,0.0,H,16.0,11.0,11.0,5.0,16.0,12.0,3.0,4.0,3.0,2.0,0.0,0.0,1.48,4.34,6.94
F1,2021-05-16,Monaco,Rennes,1701.73,1621.42,6.0,12.0,4.0,10.0,2.0,1.0,H,2.0,0.0,H,11.0,9.0,3.0,2.0,12.0,14.0,4.0,4.0,2.0,2.0,0.0,1.0,1.69,3.92,4.94
F1,2021-05-16,Montpellier,Brest,1595.45,1513.34,3.0,5.0,3.0,5.0,0.0,0.0,D,0.0,0.0,D,4.0,22.0,2.0,9.0,18.0,13.0,1.0,11.0,0.0,3.0,1.0,0.0,2.32,3.79,2.82
F1,2021-05-16,Nice,Strasbourg,1570.77,1550.29,6.0,7.0,1.0,2.0,0.0,2.0,A,0.0,1.0,A,7.0,11.0,3.0,5.0,9.0,10.0,4.0,4.0,2.0,1.0,0.0,0.0,3.48,3.61,2.06
F1,2021-05-16,Nimes,Lyon,1510.47,1747.78,4.0,6.0,6.0,12.0,2.0,5.0,A,1.0,3.0,A,8.0,21.0,4.0,13.0,7.0,13.0,3.0,6.0,0.0,0.0,0.0,0.0,7.54,5.38,1.37
F1,2021-05-16,Paris SG,Reims,1869.68,1580.87,7.0,13.0,1.0,3.0,4.0,0.0,H,2.0,0.0,H,28.0,2.0,10.0,0.0,14.0,4.0,9.0,5.0,0.0,0.0,0.0,1.0,1.11,9.78,22.15
F1,2021-05-23,Angers,Lille,1527.07,1755.35,3.0,3.0,7.0,11.0,1.0,2.0,A,0.0,2.0,A,10.0,5.0,4.0,2.0,10.0,14.0,4.0,2.0,0.0,2.0,0.0,0.0,9.66,4.92,1.35
F1,2021-05-23,Brest,Paris SG,1513.34,1869.68,1.0,5.0,7.0,13.0,0.0,2.0,A,0.0,1.0,A,6.0,9.0,5.0,4.0,7.0,6.0,5.0,4.0,1.0,2.0,0.0,0.0,10.59,6.52,1.25
F1,2021-05-23,Lens,Monaco,1578.81,1701.73,0.0,4.0,6.0,12.0,0.0,0.0,D,0.0,0.0,D,4.0,19.0,1.0,3.0,16.0,6.0,2.0,7.0,3.0,2.0,0.0,0.0,5.04,4.28,1.62
F1,2021-05-23,Lyon,Nice,1747.78,1570.77,9.0,12.0,3.0,6.0,2.0,3.0,A,2.0,1.0,H,12.0,14.0,6.0,6.0,8.0,10.0,6.0,6.0,1.0,2.0,0.0,0.0,1.21,7.08,12.69
F1,2021-05-23,Metz,Marseille,1547.19,1627.9,3.0,4.0,4.0,10.0,1.0,1.0,D,0.0,0.0,D,10.0,9.0,3.0,2.0,14.0,9.0,1.0,10.0,3.0,2.0,0.0,0.0,3.44,3.54,2.1
F1,2021-05-23,Nantes,Montpellier,1555.88,1595.45,9.0,12.0,4.0,5.0,1.0,2.0,A,1.0,1.0,D,15.0,8.0,5.0,5.0,8.0,11.0,9.0,5.0,2.0,2.0,0.0,0.0,1.5,4.67,6.01
F1,2021-05-23,Reims,Bordeaux,1580.87,1510.16,1.0,2.0,6.0,6.0,1.0,2.0,A,1.0,1.0,D,10.0,12.0,3.0,5.0,11.0,6.0,5.0,2.0,1.0,1.0,0.0,0.0,2.54,2.89,3.22
F1,2021-05-23,Rennes,Nimes,1621.42,1510.47,1.0,7.0,4.0,5.0,2.0,0.0,H,1.0,0.0,H,13.0,9.0,6.0,2.0,11.0,10.0,4.0,3.0,1.0,0.0,0.0,0.0,1.32,5.64,8.78
F1,2021-05-23,St Etienne,Dijon,1562.77,1418.15,7.0,7.0,0.0,3.0,0.0,1.0,A,0.0,1.0,A,19.0,10.0,5.0,2.0,13.0,10.0,9.0,3.0,1.0,0.0,0.0,0.0,1.3,5.62,9.79
F1,2021-05-23,Strasbourg,Lorient,1550.29,1510.65,4.0,5.0,6.0,9.0,1.0,1.0,D,1.0,0.0,H,6.0,7.0,2.0,1.0,17.0,9.0,2.0,3.0,1.0,1.0,0.0,0.0,2.79,2.09,4.69
F1,2021-08-06,Monaco,Nantes,1703.9,1558.55,7.0,10.0,6.0,12.0,1.0,1.0,D,1.0,1.0,D,15.0,5.0,3.0,1.0,6.0,14.0,5.0,2.0,0.0,0.0,0.0,0.0,1.49,4.49,6.46
F1,2021-08-07,Lyon,Brest,1740.17,1514.15,6.0,9.0,1.0,4.0,1.0,1.0,D,0.0,1.0,A,17.0,13.0,4.0,8.0,10.0,12.0,9.0,4.0,1.0,1.0,0.0,0.0,1.34,5.61,8.11
F1,2021-08-07,Troyes,Paris SG,1503.44,1875.88,6.0,12.0,7.0,13.0,1.0,2.0,A,1.0,2.0,A,15.0,12.0,7.0,3.0,3.0,15.0,9.0,1.0,1.0,4.0,0.0,0.0,10.99,5.89,1.27
F1,2021-08-08,Rennes,Lens,1622.62,1566.38,4.0,7.0,1.0,4.0,1.0,1.0,D,1.0,1.0,D,10.0,11.0,2.0,6.0,10.0,14.0,3.0,9.0,0.0,2.0,0.0,0.0,2.02,3.5,3.71
F1,2021-08-08,Bordeaux,Clermont,1536.05,1507.38,6.0,9.0,6.0,12.0,0.0,2.0,A,0.0,0.0,D,10.0,19.0,6.0,10.0,13.0,9.0,5.0,10.0,1.0,0.0,0.0,0.0,2.08,3.39,3.63
F1,2021-08-08,Nice,Reims,1570.67,1566.67,6.0,9.0,0.0,1.0,0.0,0.0,D,0.0,0.0,D,12.0,5.0,2.0,0.0,10.0,8.0,4.0,2.0,1.0,1.0,0.0,0.0,1.88,3.57,4.18
F1,2021-08-08,St Etienne,Lorient,1555.6,1521.05,4.0,7.0,4.0,10.0,1.0,1.0,D,0.0,0.0,D,20.0,12.0,3.0,3.0,10.0,14.0,8.0,4.0,2.0,3.0,0.0,0.0,2.24,3.48,3.16
F1,2021-08-08,Strasbourg,Angers,1561.49,1518.57,4.0,5.0,3.0,3.0,0.0,2.0,A,0.0,0.0,D,7.0,9.0,1.0,2.0,18.0,18.0,5.0,4.0,2.0,3.0,0.0,0.0,1.98,3.42,3.92
F1,2021-08-08,Metz,Lille,1540.72,1753.3,1.0,4.0,7.0,13.0,3.0,3.0,D,2.0,1.0,H,12.0,18.0,5.0,7.0,9.0,10.0,4.0,5.0,1.0,2.0,1.0,0.0,5.41,3.44,1.74
F1,2021-08-08,Montpellier,Marseille,1600.5,1631.07,7.0,7.0,4.0,8.0,2.0,3.0,A,2.0,0.0,H,8.0,21.0,1.0,7.0,10.0,5.0,6.0,11.0,0.0,1.0,0.0,0.0,3.05,3.47,2.3
F1,2021-08-13,Lorient,Monaco,1521.05,1703.9,5.0,8.0,5.0,8.0,1.0,0.0,H,1.0,0.0,H,2.0,12.0,2.0,3.0,17.0,15.0,0.0,6.0,3.0,2.0,0.0,0.0,4.21,3.52,1.92
F1,2021-08-14,Lille,Nice,1753.3,1570.67,5.0,11.0,4.0,7.0,0.0,4.0,A,0.0,3.0,A,11.0,11.0,2.0,7.0,9.0,13.0,8.0,7.0,3.0,1.0,0.0,0.0,1.84,3.5,4.59
F1,2021-08-14,Paris SG,Strasbourg,1875.88,1561.49,9.0,13.0,4.0,5.0,4.0,2.0,H,3.0,0.0,H,11.0,8.0,6.0,2.0,6.0,18.0,4.0,4.0,1.0,4.0,0.0,1.0,1.2,7.25,13.36
F1,2021-08-15,Angers,Lyon,1537.17,1738.27,3.0,6.0,4.0,10.0,3.0,0.0,H,1.0,0.0,H,13.0,8.0,6.0,3.0,11.0,17.0,6.0,4.0,1.0,5.0,0.0,1.0,4.35,3.74,1.82
F1,2021-08-15,Brest,Rennes,1524.91,1624.67,2.0,2.0,4.0,5.0,1.0,1.0,D,0.0,0.0,D,10.0,6.0,5.0,2.0,7.0,16.0,6.0,11.0,2.0,3.0,0.0,0.0,3.06,3.36,2.36
F1,2021-08-15,Clermont,Troyes,1525.48,1506.24,6.0,12.0,3.0,9.0,2.0,0.0,H,0.0,0.0,D,18.0,6.0,8.0,1.0,6.0,11.0,9.0,2.0,1.0,3.0,0.0,1.0,2.05,3.48,3.66
F1,2021-08-15,Nantes,Metz,1567.87,1550.01,4.0,10.0,2.0,5.0,2.0,0.0,H,1.0,0.0,H,11.0,10.0,7.0,5.0,18.0,11.0,6.0,6.0,2.0,0.0,0.0,0.0,2.33,3.21,3.27
F1,2021-08-15,Reims,Montpellier,1572.02,1597.11,1.0,2.0,4.0,7.0,3.0,3.0,D,2.0,3.0,A,19.0,15.0,9.0,5.0,11.0,12.0,8.0,7.0,2.0,1.0,0.0,0.0,2.67,3.18,2.79
F1,2021-08-15,Lens,St Etienne,1573.19,1558.24,2.0,2.0,2.0,8.0,2.0,2.0,D,1.0,1.0,D,22.0,12.0,7.0,7.0,10.0,17.0,7.0,2.0,1.0,6.0,0.0,0.0,2.05,3.52,3.61
F1,2021-08-15,Marseille,Bordeaux,1643.32,1526.8,7.0,8.0,6.0,9.0,2.0,2.0,D,2.0,0.0,H,10.0,8.0,2.0,2.0,6.0,11.0,3.0,4.0,2.0,2.0,1.0,0.0,1.54,4.3,6.02
F1,2021-08-20,Brest,Paris SG,1524.91,1884.06,2.0,3.0,9.0,13.0,2.0,4.0,A,1.0,2.0,A,11.0,16.0,3.0,8.0,8.0,7.0,3.0,9.0,1.0,2.0,0.0,0.0,10.79,6.06,1.27
F1,2021-08-21,Monaco,Lens,1702.47,1573.19,2.0,8.0,3.0,3.0,0.0,2.0,A,0.0,0.0,D,9.0,4.0,2.0,2.0,11.0,14.0,13.0,3.0,1.0,1.0,1.0,1.0,1.77,3.71,4.67
F1,2021-08-21,St Etienne,Lille,1558.24,1726.54,2.0,6.0,4.0,8.0,1.0,1.0,D,0.0,1.0,A,10.0,8.0,2.0,6.0,14.0,10.0,5.0,3.0,1.0,3.0,0.0,0.0,3.05,3.2,2.44
F1,2021-08-22,Lyon,Clermont,1738.27,1525.48,1.0,7.0,6.0,12.0,3.0,3.0,D,3.0,1.0,H,21.0,17.0,9.0,5.0,10.0,6.0,5.0,8.0,2.0,2.0,0.0,0.0,1.6,4.21,5.39
F1,2021-08-22,Bordeaux,Angers,1526.8,1537.17,4.0,7.0,6.0,9.0,1.0,1.0,D,1.0,1.0,D,14.0,6.0,5.0,3.0,19.0,5.0,3.0,3.0,2.0,0.0,0.0,0.0,2.82,3.26,2.57
F1,2021-08-22,Metz,Reims,1550.01,1572.02,2.0,2.0,2.0,2.0,1.0,1.0,D,1.0,1.0,D,10.0,12.0,4.0,3.0,19.0,14.0,5.0,8.0,4.0,2.0,1.0,1.0,2.35,2.97,3.46
F1,2021-08-22,Montpellier,Lorient,1597.11,1539.19,4.0,8.0,5.0,8.0,3.0,1.0,H,0.0,1.0,A,32.0,5.0,11.0,4.0,8.0,13.0,5.0,1.0,0.0,6.0,0.0,2.0,2.22,3.27,3.42
F1,2021-08-22,Strasbourg,Troyes,1549.62,1506.24,1.0,4.0,0.0,6.0,1.0,1.0,D,0.0,1.0,A,14.0,10.0,4.0,6.0,16.0,17.0,6.0,3.0,3.0,1.0,0.0,0.0,2.08,3.35,3.7
F1,2021-08-22,Rennes,Nantes,1624.67,1567.87,5.0,6.0,4.0,10.0,1.0,0.0,H,0.0,0.0,D,14.0,4.0,5.0,1.0,14.0,13.0,6.0,2.0,2.0,2.0,0.0,0.0,1.87,3.57,4.25
F1,2021-08-27,Nantes,Lyon,1567.87,1738.27,4.0,7.0,2.0,5.0,0.0,1.0,A,0.0,1.0,A,18.0,12.0,5.0,5.0,7.0,11.0,6.0,6.0,2.0,2.0,0.0,1.0,4.68,3.98,1.73
F1,2021-08-28,Nice,Bordeaux,1600.51,1526.8,7.0,10.0,2.0,8.0,4.0,0.0,H,3.0,0.0,H,11.0,13.0,5.0,4.0,18.0,11.0,3.0,0.0,3.0,2.0,0.0,0.0,1.65,3.98,5.26
F1,2021-08-28,Marseille,St Etienne,1643.32,1558.24,5.0,8.0,3.0,4.0,3.0,1.0,H,1.0,1.0,D,19.0,11.0,5.0,7.0,11.0,18.0,5.0,4.0,1.0,3.0,0.0,0.0,1.74,3.82,4.77
F1,2021-08-29,Troyes,Monaco,1506.24,1702.47,1.0,4.0,1.0,5.0,1.0,2.0,A,0.0,1.0,A,12.0,7.0,3.0,4.0,11.0,11.0,5.0,3.0,1.0,2.0,0.0,0.0,4.29,3.67,1.85
F1,2021-08-29,Angers,Rennes,1537.17,1624.67,7.0,7.0,5.0,8.0,2.0,0.0,H,0.0,0.0,D,16.0,7.0,4.0,2.0,14.0,10.0,3.0,1.0,1.0,2.0,0.0,1.0,2.9,3.23,2.55
F1,2021-08-29,Clermont,Metz,1525.48,1550.01,7.0,10.0,2.0,3.0,2.0,2.0,D,1.0,2.0,A,16.0,12.0,4.0,4.0,11.0,15.0,6.0,3.0,1.0,2.0,0.0,0.0,1.79,3.68,4.61
F1,2021-08-29,Lens,Lorient,1573.19,1539.19,5.0,6.0,4.0,8.0,2.0,2.0,D,1.0,2.0,A,19.0,15.0,9.0,7.0,10.0,10.0,8.0,4.0,2.0,4.0,0.0,0.0,1.77,3.65,4.82
F1,2021-08-29,Strasbourg,Brest,1549.62,1524.91,1.0,5.0,2.0,3.0,3.0,1.0,H,2.0,1.0,H,11.0,11.0,5.0,5.0,12.0,10.0,1.0,9.0,1.0,1.0,0.0,0.0,2.03,3.37,3.85
F1,2021-08-29,Lille,Montpellier,1726.54,1597.11,2.0,6.0,4.0,8.0,2.0,1.0,H,1.0,1.0,D,15.0,6.0,4.0,3.0,15.0,19.0,3.0,4.0,3.0,7.0,0.0,1.0,1.71,3.84,4.98
F1,2021-08-29,Reims,Paris SG,1572.02,1884.06,3.0,3.0,9.0,15.0,0.0,2.0,A,0.0,1.0,A,11.0,12.0,4.0,3.0,13.0,13.0,3.0,3.0,1.0,3.0,0.0,0.0,15.48,7.74,1.17
F1,2021-09-10,Lorient,Lille,1533.28,1727.01,4.0,6.0,4.0,8.0,2.0,1.0,H,1.0,1.0,D,14.0,9.0,7.0,3.0,13.0,11.0,2.0,5.0,2.0,2.0,0.0,0.0,3.4,3.26,2.24
F1,2021-09-11,Paris SG,Clermont,1889.41,1539.67,9.0,15.0,5.0,8.0,4.0,0.0,H,2.0,0.0,H,13.0,14.0,7.0,2.0,13.0,9.0,4.0,4.0,0.0,1.0,0.0,0.0,1.26,6.08,10.92
F1,2021-09-11,Monaco,Marseille,1680.24,1638.99,3.0,5.0,7.0,11.0,0.0,2.0,A,0.0,1.0,A,7.0,13.0,0.0,5.0,17.0,8.0,3.0,2.0,4.0,1.0,0.0,0.0,2.06,3.61,3.52
F1,2021-09-12,Montpellier,St Etienne,1600.55,1555.03,4.0,7.0,2.0,3.0,2.0,0.0,H,1.0,0.0,H,11.0,14.0,4.0,2.0,15.0,17.0,7.0,6.0,1.0,4.0,0.0,0.0,2.59,3.47,2.67
F1,2021-09-12,Bordeaux,Lens,1519.62,1586.01,2.0,5.0,5.0,7.0,2.0,3.0,A,0.0,2.0,A,11.0,12.0,3.0,5.0,8.0,11.0,2.0,7.0,3.0,2.0,0.0,0.0,3.19,3.45,2.25
F1,2021-09-12,Brest,Angers,1515.06,1571.81,1.0,2.0,7.0,10.0,1.0,1.0,D,0.0,0.0,D,12.0,8.0,6.0,2.0,19.0,9.0,5.0,3.0,3.0,2.0,1.0,0.0,2.64,3.38,2.68
F1,2021-09-12,Metz,Troyes,1540.96,1494.06,2.0,4.0,1.0,1.0,0.0,2.0,A,0.0,0.0,D,16.0,10.0,2.0,5.0,15.0,14.0,2.0,1.0,2.0,1.0,0.0,0.0,2.28,3.3,3.25
F1,2021-09-12,Rennes,Reims,1624.59,1568.51,4.0,8.0,2.0,3.0,0.0,2.0,A,0.0,1.0,A,9.0,7.0,1.0,3.0,18.0,11.0,4.0,6.0,1.0,2.0,0.0,0.0,1.67,3.65,5.7
F1,2021-09-12,Nantes,Nice,1566.26,1619.55,3.0,4.0,7.0,10.0,0.0,2.0,A,0.0,0.0,D,19.0,9.0,7.0,3.0,7.0,13.0,8.0,3.0,2.0,3.0,0.0,0.0,3.31,3.33,2.25
F1,2021-09-12,Lyon,Strasbourg,1716.41,1556.65,4.0,5.0,4.0,5.0,3.0,1.0,H,1.0,0.0,H,14.0,12.0,7.0,4.0,8.0,11.0,4.0,6.0,2.0,1.0,0.0,0.0,1.53,4.45,5.89
F1,2021-09-17,Strasbourg,Metz,1551.52,1526.62,4.0,4.0,2.0,3.0,3.0,0.0,H,3.0,0.0,H,10.0,15.0,6.0,5.0,16.0,8.0,3.0,7.0,2.0,4.0,0.0,0.0,1.91,3.47,4.3
F1,2021-09-18,Lens,Lille,1593.07,1714.75,7.0,9.0,4.0,5.0,1.0,0.0,H,0.0,0.0,D,13.0,6.0,4.0,2.0,12.0,8.0,4.0,3.0,2.0,2.0,0.0,0.0,2.54,3.32,2.85
F1,2021-09-18,St Etienne,Bordeaux,1546.48,1512.52,1.0,3.0,1.0,2.0,1.0,2.0,A,0.0,1.0,A,12.0,13.0,5.0,3.0,9.0,11.0,7.0,2.0,1.0,4.0,0.0,0.0,1.96,3.46,4.04
F1,2021-09-19,Nice,Monaco,1630.09,1666.29,9.0,13.0,3.0,4.0,2.0,2.0,D,0.0,1.0,A,12.0,8.0,3.0,3.0,17.0,12.0,5.0,2.0,2.0,3.0,0.0,0.0,2.7,3.36,2.63
F1,2021-09-19,Angers,Nantes,1570.98,1555.69,5.0,11.0,0.0,4.0,1.0,4.0,A,1.0,3.0,A,10.0,8.0,5.0,4.0,10.0,16.0,10.0,5.0,2.0,2.0,0.0,0.0,2.11,3.32,3.65
F1,2021-09-19,Clermont,Brest,1537.0,1515.84,2.0,8.0,1.0,3.0,1.0,1.0,D,0.0,0.0,D,7.0,5.0,4.0,1.0,7.0,19.0,3.0,5.0,1.0,1.0,1.0,0.0,1.86,3.78,4.06
F1,2021-09-19,Reims,Lorient,1583.27,1545.44,4.0,6.0,4.0,8.0,0.0,0.0,D,0.0,0.0,D,10.0,6.0,2.0,3.0,12.0,14.0,5.0,6.0,2.0,3.0,0.0,0.0,2.23,3.35,3.31
F1,2021-09-19,Troyes,Montpellier,1508.35,1609.07,4.0,4.0,6.0,7.0,1.0,1.0,D,1.0,0.0,H,8.0,6.0,3.0,2.0,16.0,11.0,1.0,6.0,4.0,4.0,0.0,1.0,2.54,3.47,2.73
F1,2021-09-19,Marseille,Rennes,1652.89,1609.79,7.0,11.0,3.0,5.0,2.0,0.0,H,0.0,0.0,D,17.0,13.0,6.0,2.0,5.0,17.0,6.0,7.0,0.0,2.0,0.0,0.0,1.95,3.52,3.97
F1,2021-09-19,Paris SG,Lyon,1892.03,1721.5,9.0,15.0,7.0,8.0,2.0,1.0,H,0.0,0.0,D,14.0,12.0,5.0,5.0,13.0,19.0,10.0,4.0,3.0,1.0,0.0,0.0,1.35,5.55,8.19
F1,2021-09-22,Lille,Reims,1714.75,1583.27,3.0,4.0,4.0,6.0,2.0,1.0,H,2.0,0.0,H,7.0,11.0,4.0,5.0,16.0,14.0,4.0,4.0,2.0,1.0,0.0,0.0,1.71,3.68,5.26
F1,2021-09-22,Monaco,St Etienne,1666.29,1546.48,4.0,4.0,0.0,2.0,3.0,1.0,H,1.0,1.0,D,14.0,9.0,6.0,3.0,16.0,13.0,6.0,3.0,1.0,1.0,0.0,1.0,1.53,4.32,6.25
F1,2021-09-22,Montpellier,Bordeaux,1609.07,1512.52,4.0,8.0,3.0,5.0,3.0,3.0,D,1.0,2.0,A,15.0,15.0,6.0,7.0,10.0,8.0,6.0,6.0,0.0,2.0,0.0,0.0,1.98,3.69,3.67
F1,2021-09-22,Nantes,Brest,1555.69,1515.84,3.0,6.0,2.0,3.0,3.0,1.0,H,1.0,0.0,H,14.0,10.0,6.0,2.0,8.0,13.0,4.0,4.0,1.0,2.0,0.0,0.0,2.14,3.39,3.5
F1,2021-09-22,Rennes,Clermont,1609.79,1537.0,0.0,4.0,2.0,6.0,6.0,0.0,H,2.0,0.0,H,21.0,4.0,10.0,1.0,14.0,5.0,5.0,7.0,2.0,1.0,0.0,0.0,2.01,3.53,3.75
F1,2021-09-22,Angers,Marseille,1570.98,1652.89,4.0,8.0,9.0,13.0,0.0,0.0,D,0.0,0.0,D,9.0,6.0,1.0,1.0,9.0,7.0,4.0,2.0,1.0,3.0,0.0,0.0,3.5,3.43,2.13
F1,2021-09-22,Lens,Strasbourg,1593.07,1551.52,7.0,11.0,6.0,7.0,0.0,1.0,A,0.0,0.0,D,17.0,6.0,4.0,1.0,14.0,7.0,7.0,3.0,2.0,3.0,1.0,0.0,2.0,3.57,3.74
F1,2021-09-22,Lorient,Nice,1545.44,1630.09,5.0,8.0,7.0,11.0,1.0,0.0,H,1.0,0.0,H,8.0,13.0,1.0,1.0,12.0,16.0,6.0,5.0,2.0,4.0,1.0,0.0,3.21,3.43,2.26
F1,2021-09-22,Lyon,Troyes,1721.5,1508.35,6.0,7.0,4.0,5.0,3.0,1.0,H,0.0,1.0,A,15.0,12.0,8.0,7.0,7.0,9.0,7.0,3.0,1.0,3.0,0.0,0.0,1.41,5.02,7.24
F1,2021-09-22,Metz,Paris SG,1526.62,1892.03,1.0,2.0,9.0,15.0,1.0,2.0,A,1.0,1.0,D,6.0,15.0,2.0,5.0,12.0,12.0,3.0,3.0,6.0,2.0,1.0,0.0,10.61,6.34,1.26
F1,2021-09-25,St Etienne,Nice,1546.48,1630.09,0.0,1.0,4.0,10.0,0.0,3.0,A,0.0,1.0,A,11.0,14.0,6.0,9.0,9.0,13.0,2.0,9.0,0.0,2.0,0.0,0.0,3.23,3.38,2.26
F1,2021-09-25,Strasbourg,Lille,1551.52,1714.75,6.0,10.0,3.0,7.0,1.0,2.0,A,0.0,1.0,A,10.0,16.0,3.0,7.0,16.0,12.0,8.0,8.0,4.0,4.0,1.0,0.0,2.77,3.23,2.65
F1,2021-09-25,Lyon,Lorient,1721.5,1545.44,6.0,10.0,7.0,8.0,1.0,1.0,D,0.0,1.0,A,12.0,12.0,2.0,5.0,9.0,10.0,9.0,3.0,1.0,2.0,1.0,0.0,1.37,5.05,8.36
F1,2021-09-25,Paris SG,Montpellier,1892.03,1609.07,9.0,15.0,5.0,8.0,2.0,0.0,H,1.0,0.0,H,16.0,10.0,5.0,4.0,10.0,8.0,8.0,7.0,0.0,1.0,0.0,0.0,1.21,7.17,12.44
F1,2021-09-26,Bordeaux,Rennes,1512.52,1609.79,4.0,5.0,3.0,6.0,1.0,1.0,D,0.0,0.0,D,10.0,18.0,3.0,8.0,6.0,20.0,8.0,6.0,1.0,4.0,0.0,0.0,3.35,3.49,2.17
F1,2021-09-26,Brest,Metz,1515.84,1526.62,2.0,2.0,0.0,2.0,1.0,2.0,A,0.0,1.0,A,11.0,6.0,2.0,4.0,16.0,16.0,4.0,3.0,3.0,2.0,0.0,0.0,2.05,3.46,3.69
F1,2021-09-26,Reims,Nantes,1583.27,1555.69,4.0,5.0,6.0,6.0,3.0,1.0,H,0.0,0.0,D,9.0,11.0,5.0,2.0,14.0,10.0,3.0,7.0,1.0,1.0,0.0,0.0,2.61,3.16,2.87
F1,2021-09-26,Troyes,Angers,1508.35,1570.98,4.0,5.0,2.0,6.0,1.0,1.0,D,1.0,0.0,H,6.0,17.0,3.0,6.0,9.0,8.0,2.0,9.0,4.0,2.0,1.0,0.0,2.75,3.19,2.69
F1,2021-09-26,Clermont,Monaco,1537.0,1666.29,1.0,3.0,4.0,7.0,1.0,3.0,A,1.0,1.0,D,12.0,6.0,4.0,3.0,9.0,12.0,5.0,1.0,2.0,4.0,0.0,0.0,3.63,3.57,2.03
F1,2021-09-26,Marseille,Lens,1652.89,1593.07,7.0,11.0,6.0,10.0,2.0,3.0,A,2.0,2.0,D,14.0,14.0,4.0,5.0,4.0,14.0,5.0,7.0,2.0,1.0,0.0,0.0,1.79,3.78,4.52
F1,2021-10-01,Lens,Reims,1617.17,1600.23,6.0,10.0,4.0,7.0,2.0,0.0,H,1.0,0.0,H,13.0,3.0,7.0,0.0,13.0,13.0,5.0,3.0,3.0,1.0,0.0,1.0,1.79,3.58,4.82
F1,2021-10-02,Montpellier,Strasbourg,1614.27,1580.53,2.0,5.0,6.0,9.0,1.0,1.0,D,1.0,1.0,D,12.0,6.0,4.0,3.0,12.0,14.0,3.0,4.0,2.0,0.0,0.0,0.0,2.41,3.52,2.87
F1,2021-10-02,Nice,Brest,1645.44,1513.29,4.0,10.0,1.0,2.0,2.0,1.0,H,1.0,0.0,H,20.0,6.0,9.0,2.0,8.0,12.0,6.0,2.0,1.0,1.0,0.0,0.0,1.57,4.36,5.52
F1,2021-10-03,Rennes,Paris SG,1637.18,1920.38,4.0,4.0,9.0,15.0,2.0,0.0,H,1.0,0.0,H,12.0,13.0,4.0,0.0,9.0,4.0,4.0,4.0,2.0,3.0,0.0,0.0,5.41,4.55,1.56
F1,2021-10-03,Angers,Metz,1569.24,1535.11,2.0,6.0,3.0,4.0,3.0,2.0,H,0.0,1.0,A,18.0,2.0,5.0,2.0,16.0,11.0,12.0,2.0,1.0,3.0,0.0,0.0,1.98,3.35,4.09
F1,2021-10-03,Lorient,Clermont,1574.99,1527.81,5.0,9.0,1.0,2.0,1.0,1.0,D,0.0,1.0,A,6.0,8.0,1.0,4.0,19.0,12.0,4.0,4.0,2.0,1.0,0.0,0.0,2.45,3.38,2.92
F1,2021-10-03,Monaco,Bordeaux,1699.93,1540.15,7.0,10.0,5.0,5.0,3.0,0.0,H,1.0,0.0,H,12.0,4.0,4.0,1.0,12.0,13.0,10.0,2.0,2.0,1.0,0.0,0.0,1.39,4.96,8.02
F1,2021-10-03,Nantes,Troyes,1582.74,1520.03,6.0,6.0,2.0,5.0,2.0,0.0,H,0.0,0.0,D,8.0,15.0,4.0,4.0,14.0,10.0,3.0,7.0,2.0,2.0,0.0,0.0,1.79,3.61,4.72
F1,2021-10-03,Lille,Marseille,1722.34,1657.34,6.0,9.0,4.0,10.0,2.0,0.0,H,1.0,0.0,H,12.0,10.0,5.0,3.0,10.0,13.0,3.0,5.0,2.0,3.0,0.0,1.0,2.47,3.29,2.97
F1,2021-10-03,St Etienne,Lyon,1532.44,1744.41,0.0,0.0,4.0,10.0,1.0,1.0,D,0.0,1.0,A,18.0,15.0,6.0,5.0,14.0,10.0,6.0,4.0,2.0,3.0,0.0,1.0,4.35,3.97,1.77
F1,2021-10-15,Paris SG,Angers,1900.62,1575.68,6.0,12.0,5.0,6.0,2.0,1.0,H,0.0,1.0,A,13.0,7.0,2.0,2.0,8.0,10.0,6.0,5.0,1.0,2.0,0.0,0.0,1.35,5.25,8.43
F1,2021-10-16,Clermont,Lille,1530.06,1730.27,1.0,2.0,9.0,9.0,1.0,0.0,H,1.0,0.0,H,9.0,9.0,3.0,2.0,9.0,8.0,6.0,9.0,1.0,2.0,0.0,0.0,3.19,3.37,2.27
F1,2021-10-16,Lyon,Monaco,1739.66,1706.14,5.0,8.0,9.0,10.0,2.0,0.0,H,0.0,0.0,D,14.0,9.0,8.0,3.0,8.0,10.0,2.0,4.0,1.0,2.0,0.0,0.0,2.23,3.61,3.09
F1,2021-10-17,Troyes,Nice,1512.02,1649.57,1.0,5.0,6.0,10.0,1.0,0.0,H,1.0,0.0,H,8.0,11.0,3.0,3.0,10.0,20.0,3.0,3.0,2.0,1.0,0.0,0.0,4.14,3.64,1.87
F1,2021-10-17,Bordeaux,Nantes,1533.95,1590.75,2.0,5.0,6.0,9.0,1.0,1.0,D,0.0,0.0,D,8.0,13.0,1.0,7.0,10.0,16.0,2.0,5.0,2.0,3.0,0.0,0.0,2.81,3.17,2.64
F1,2021-10-17,Brest,Reims,1509.15,1590.51,0.0,2.0,3.0,7.0,1.0,1.0,D,0.0,1.0,A,9.0,13.0,4.0,2.0,18.0,13.0,7.0,7.0,3.0,4.0,0.0,0.0,2.34,3.18,3.23
F1,2021-10-17,Metz,Rennes,1528.68,1656.95,3.0,3.0,7.0,7.0,0.0,3.0,A,0.0,3.0,A,9.0,21.0,2.0,8.0,14.0,9.0,4.0,10.0,3.0,1.0,0.0,0.0,4.46,3.51,1.85
F1,2021-10-17,Strasbourg,St Etienne,1582.36,1537.19,4.0,7.0,1.0,1.0,5.0,1.0,H,2.0,1.0,H,12.0,4.0,6.0,2.0,18.0,10.0,7.0,4.0,3.0,2.0,0.0,1.0,2.11,3.36,3.56
F1,2021-10-17,Montpellier,Lens,1612.43,1626.89,2.0,6.0,6.0,12.0,1.0,0.0,H,0.0,0.0,D,15.0,19.0,6.0,5.0,8.0,16.0,3.0,2.0,4.0,4.0,1.0,0.0,3.0,3.48,2.32
F1,2021-10-17,Marseille,Lorient,1649.41,1572.74,1.0,7.0,5.0,9.0,4.0,1.0,H,1.0,1.0,D,16.0,15.0,6.0,7.0,7.0,10.0,6.0,4.0,0.0,1.0,0.0,0.0,1.53,4.28,6.2
F1,2021-10-22,St Etienne,Angers,1537.19,1575.68,1.0,1.0,4.0,5.0,2.0,2.0,D,0.0,1.0,A,17.0,4.0,6.0,2.0,12.0,18.0,6.0,1.0,0.0,3.0,0.0,0.0,2.86,3.28,2.55
F1,2021-10-23,Nantes,Clermont,1590.75,1530.06,4.0,10.0,4.0,5.0,2.0,1.0,H,1.0,0.0,H,8.0,4.0,4.0,1.0,15.0,11.0,1.0,3.0,1.0,0.0,1.0,1.0,2.22,3.4,3.24
F1,2021-10-23,Lille,Brest,1730.27,1509.15,6.0,9.0,1.0,2.0,1.0,1.0,D,1.0,1.0,D,13.0,13.0,3.0,5.0,10.0,15.0,5.0,4.0,1.0,2.0,0.0,0.0,1.56,4.17,6.01
F1,2021-10-24,Nice,Lyon,1649.57,1739.66,6.0,7.0,5.0,8.0,3.0,2.0,H,0.0,1.0,A,17.0,13.0,7.0,8.0,11.0,7.0,3.0,2.0,1.0,0.0,0.0,1.0,2.56,3.5,2.67
F1,2021-10-24,Lens,Metz,1626.89,1528.68,6.0,9.0,3.0,3.0,4.0,1.0,H,2.0,1.0,H,11.0,9.0,5.0,4.0,9.0,13.0,5.0,6.0,2.0,3.0,0.0,0.0,1.64,3.88,5.47
F1,2021-10-24,Lorient,Bordeaux,1572.74,1533.95,2.0,6.0,2.0,6.0,1.0,1.0,D,0.0,0.0,D,14.0,11.0,4.0,5.0,12.0,13.0,9.0,4.0,4.0,2.0,0.0,1.0,2.06,3.45,3.62
F1,2021-10-24,Reims,Troyes,1590.51,1512.02,4.0,5.0,4.0,5.0,1.0,2.0,A,1.0,1.0,D,18.0,7.0,5.0,4.0,14.0,13.0,7.0,1.0,4.0,2.0,1.0,0.0,2.23,3.19,3.45
F1,2021-10-24,Rennes,Strasbourg,1656.95,1582.36,7.0,10.0,4.0,10.0,1.0,0.0,H,0.0,0.0,D,17.0,8.0,3.0,2.0,6.0,11.0,11.0,6.0,1.0,2.0,0.0,0.0,1.84,3.68,4.25
F1,2021-10-24,Monaco,Montpellier,1706.14,1612.43,6.0,10.0,4.0,6.0,3.0,1.0,H,2.0,0.0,H,14.0,12.0,4.0,3.0,14.0,16.0,4.0,4.0,1.0,4.0,0.0,0.0,1.46,4.6,6.56
F1,2021-10-24,Marseille,Paris SG,1649.41,1900.62,3.0,7.0,6.0,12.0,0.0,0.0,D,0.0,0.0,D,15.0,10.0,1.0,4.0,7.0,8.0,4.0,5.0,1.0,2.0,0.0,1.0,5.06,4.39,1.6
F1,2021-10-27,Nice,Marseille,1649.57,1649.41,6.0,9.0,4.0,5.0,1.0,1.0,D,1.0,1.0,D,11.0,7.0,3.0,1.0,16.0,8.0,6.0,5.0,2.0,2.0,0.0,0.0,2.45,3.4,2.87
F1,2021-10-29,Paris SG,Lille,1900.62,1730.27,4.0,10.0,4.0,10.0,2.0,1.0,H,0.0,1.0,A,17.0,11.0,6.0,3.0,7.0,10.0,4.0,5.0,1.0,5.0,0.0,0.0,1.36,5.05,8.53
F1,2021-10-30,Metz,St Etienne,1528.68,1537.19,0.0,3.0,2.0,2.0,1.0,1.0,D,1.0,1.0,D,9.0,10.0,4.0,3.0,16.0,11.0,5.0,8.0,0.0,3.0,0.0,0.0,2.6,3.37,2.69
F1,2021-10-30,Lyon,Lens,1739.66,1626.89,4.0,8.0,6.0,9.0,2.0,1.0,H,2.0,0.0,H,13.0,18.0,4.0,10.0,7.0,13.0,3.0,5.0,1.0,2.0,0.0,0.0,1.68,4.18,4.66
F1,2021-10-31,Angers,Nice,1575.68,1649.57,4.0,6.0,4.0,10.0,1.0,2.0,A,1.0,0.0,H,3.0,14.0,2.0,5.0,14.0,9.0,3.0,8.0,1.0,2.0,0.0,0.0,2.9,3.34,2.45
F1,2021-10-31,Bordeaux,Reims,1533.95,1590.51,2.0,4.0,1.0,4.0,3.0,2.0,H,0.0,1.0,A,17.0,12.0,7.0,8.0,5.0,10.0,12.0,2.0,3.0,2.0,0.0,0.0,2.5,3.18,2.96
F1,2021-10-31,Montpellier,Nantes,1612.43,1590.75,4.0,5.0,7.0,10.0,2.0,0.0,H,0.0,0.0,D,19.0,12.0,10.0,1.0,12.0,23.0,5.0,5.0,3.0,5.0,0.0,0.0,2.33,3.47,3.0
F1,2021-10-31,Strasbourg,Lorient,1582.36,1572.74,4.0,7.0,2.0,6.0,4.0,0.0,H,3.0,0.0,H,15.0,5.0,6.0,0.0,12.0,10.0,6.0,3.0,1.0,0.0,0.0,0.0,1.98,3.46,3.87
F1,2021-10-31,Troyes,Rennes,1512.02,1656.95,6.0,7.0,9.0,13.0,2.0,2.0,D,2.0,1.0,H,14.0,13.0,5.0,5.0,6.0,15.0,5.0,12.0,0.0,1.0,0.0,0.0,3.75,3.53,1.99
F1,2021-10-31,Brest,Monaco,1509.15,1706.14,2.0,2.0,6.0,12.0,2.0,0.0,H,1.0,0.0,H,7.0,5.0,3.0,2.0,8.0,17.0,2.0,5.0,1.0,5.0,0.0,0.0,4.41,3.87,1.77
F1,2021-10-31,Clermont,Marseille,1530.06,1649.41,4.0,4.0,5.0,5.0,0.0,1.0,A,0.0,1.0,A,12.0,9.0,1.0,4.0,14.0,11.0,4.0,2.0,1.0,4.0,0.0,0.0,2.91,3.57,2.33
F1,2021-11-05,Lens,Troyes,1633.68,1546.61,3.0,9.0,7.0,8.0,4.0,0.0,H,3.0,0.0,H,28.0,14.0,12.0,6.0,14.0,8.0,4.0,2.0,1.0,1.0,0.0,0.0,1.63,4.12,5.27
F1,2021-11-06,Lille,Angers,1720.35,1576.85,1.0,7.0,1.0,5.0,1.0,1.0,D,1.0,0.0,H,11.0,9.0,6.0,5.0,13.0,9.0,4.0,8.0,2.0,2.0,1.0,0.0,1.77,3.57,4.91
F1,2021-11-06,Bordeaux,Paris SG,1554.83,1913.88,5.0,6.0,7.0,10.0,2.0,3.0,A,0.0,2.0,A,18.0,9.0,6.0,5.0,9.0,10.0,10.0,5.0,2.0,1.0,0.0,0.0,8.8,5.62,1.32
F1,2021-11-07,Marseille,Metz,1683.98,1520.16,5.0,8.0,1.0,4.0,0.0,0.0,D,0.0,0.0,D,15.0,12.0,3.0,4.0,8.0,9.0,9.0,7.0,1.0,3.0,0.0,1.0,1.41,4.89,7.51
F1,2021-11-07,Lorient,Brest,1559.65,1543.63,1.0,3.0,5.0,5.0,1.0,2.0,A,1.0,0.0,H,9.0,16.0,3.0,5.0,10.0,8.0,3.0,6.0,1.0,1.0,1.0,0.0,2.46,3.27,2.97
F1,2021-11-07,Nantes,Strasbourg,1597.09,1611.46,4.0,7.0,6.0,7.0,2.0,2.0,D,1.0,1.0,D,20.0,17.0,6.0,6.0,15.0,12.0,9.0,5.0,2.0,1.0,0.0,1.0,2.38,3.3,3.07
F1,2021-11-07,Reims,Monaco,1580.31,1707.68,1.0,4.0,3.0,9.0,0.0,0.0,D,0.0,0.0,D,11.0,12.0,4.0,3.0,9.0,13.0,5.0,6.0,0.0,2.0,0.0,0.0,4.0,3.42,1.98
F1,2021-11-07,St Etienne,Clermont,1536.77,1541.05,2.0,3.0,3.0,4.0,3.0,2.0,H,0.0,0.0,D,18.0,9.0,4.0,4.0,7.0,10.0,9.0,2.0,1.0,1.0,0.0,0.0,2.51,3.37,2.83
F1,2021-11-07,Nice,Montpellier,1665.76,1632.26,7.0,10.0,6.0,7.0,0.0,1.0,A,0.0,0.0,D,22.0,8.0,6.0,2.0,9.0,7.0,8.0,2.0,2.0,0.0,0.0,0.0,1.56,4.41,5.51
F1,2021-11-07,Rennes,Lyon,1681.7,1758.27,7.0,11.0,6.0,8.0,4.0,1.0,H,1.0,0.0,H,25.0,6.0,12.0,4.0,12.0,12.0,7.0,2.0,2.0,2.0,0.0,0.0,2.64,3.55,2.59
F1,2021-11-19,Monaco,Lille,1708.46,1733.17,4.0,7.0,2.0,5.0,2.0,2.0,D,1.0,2.0,A,17.0,15.0,8.0,8.0,15.0,16.0,6.0,5.0,3.0,5.0,1.0,0.0,2.16,3.25,3.66
F1,2021-11-20,Paris SG,Nantes,1918.98,1601.24,7.0,10.0,4.0,8.0,3.0,1.0,H,1.0,0.0,H,14.0,12.0,7.0,6.0,8.0,12.0,4.0,3.0,1.0,2.0,1.0,0.0,1.24,6.35,11.92
F1,2021-11-20,Rennes,Montpellier,1703.02,1647.31,7.0,13.0,6.0,10.0,2.0,0.0,H,2.0,0.0,H,30.0,4.0,7.0,2.0,9.0,10.0,8.0,2.0,1.0,3.0,0.0,1.0,1.53,4.45,5.9
F1,2021-11-21,Brest,Lens,1558.22,1648.39,7.0,8.0,6.0,9.0,4.0,0.0,H,3.0,0.0,H,13.0,14.0,5.0,5.0,7.0,7.0,5.0,5.0,1.0,2.0,0.0,1.0,3.17,3.53,2.23
F1,2021-11-21,Angers,Lorient,1587.1,1555.09,2.0,5.0,1.0,2.0,1.0,0.0,H,0.0,0.0,D,8.0,10.0,4.0,3.0,15.0,13.0,6.0,3.0,4.0,0.0,0.0,0.0,1.89,3.45,4.37
F1,2021-11-21,Metz,Bordeaux,1530.51,1557.97,2.0,2.0,4.0,5.0,3.0,3.0,D,1.0,2.0,A,20.0,19.0,9.0,5.0,12.0,11.0,2.0,4.0,2.0,2.0,1.0,0.0,2.42,3.29,3.02
F1,2021-11-21,Strasbourg,Reims,1617.33,1587.62,4.0,8.0,1.0,2.0,1.0,1.0,D,0.0,1.0,A,21.0,10.0,3.0,3.0,8.0,13.0,5.0,4.0,1.0,4.0,0.0,0.0,2.01,3.29,4.07
F1,2021-11-21,Troyes,St Etienne,1541.94,1548.76,4.0,7.0,5.0,6.0,0.0,1.0,A,0.0,0.0,D,15.0,14.0,3.0,4.0,13.0,11.0,6.0,8.0,1.0,4.0,0.0,0.0,2.35,3.38,3.07
F1,2021-11-21,Clermont,Nice,1539.08,1660.72,0.0,4.0,4.0,7.0,1.0,2.0,A,1.0,0.0,H,18.0,9.0,6.0,4.0,7.0,16.0,3.0,5.0,1.0,4.0,0.0,0.0,3.33,3.53,2.14
F1,2021-11-26,Lens,Angers,1648.39,1587.1,3.0,6.0,4.0,5.0,2.0,2.0,D,0.0,1.0,A,9.0,12.0,4.0,5.0,15.0,6.0,5.0,5.0,2.0,0.0,0.0,0.0,1.81,3.53,4.72
F1,2021-11-27,Lille,Nantes,1733.17,1601.24,2.0,3.0,1.0,5.0,1.0,1.0,D,1.0,1.0,D,10.0,7.0,3.0,3.0,7.0,12.0,12.0,1.0,1.0,2.0,0.0,1.0,1.65,3.86,5.38
F1,2021-11-27,Nice,Metz,1660.72,1530.51,6.0,10.0,3.0,3.0,0.0,1.0,A,0.0,1.0,A,20.0,4.0,2.0,1.0,13.0,12.0,8.0,1.0,2.0,2.0,0.0,0.0,1.42,4.7,7.54
F1,2021-11-28,St Etienne,Paris SG,1548.76,1918.98,7.0,8.0,9.0,13.0,1.0,3.0,A,1.0,1.0,D,8.0,15.0,4.0,8.0,7.0,10.0,5.0,5.0,3.0,1.0,1.0,0.0,8.51,5.57,1.34
F1,2021-11-28,Bordeaux,Brest,1557.97,1558.22,4.0,6.0,9.0,11.0,1.0,2.0,A,1.0,0.0,H,16.0,14.0,4.0,4.0,13.0,11.0,5.0,2.0,3.0,1.0,0.0,0.0,2.41,3.45,2.91
F1,2021-11-28,Lorient,Rennes,1555.09,1703.02,0.0,1.0,7.0,13.0,0.0,2.0,A,0.0,0.0,D,6.0,11.0,0.0,5.0,11.0,11.0,3.0,4.0,0.0,2.0,0.0,0.0,4.48,3.89,1.76
F1,2021-11-28,Monaco,Strasbourg,1708.46,1617.33,2.0,5.0,5.0,8.0,1.0,1.0,D,1.0,0.0,H,8.0,7.0,3.0,4.0,12.0,9.0,4.0,3.0,2.0,1.0,0.0,0.0,1.67,4.07,4.91
F1,2021-11-28,Reims,Clermont,1587.62,1539.08,2.0,3.0,0.0,3.0,1.0,0.0,H,0.0,0.0,D,12.0,4.0,3.0,0.0,13.0,13.0,4.0,1.0,2.0,2.0,0.0,0.0,2.45,3.17,3.08
F1,2021-11-28,Montpellier,Lyon,1647.31,1752.13,6.0,9.0,3.0,7.0,0.0,1.0,A,0.0,1.0,A,15.0,11.0,6.0,3.0,7.0,15.0,8.0,5.0,1.0,4.0,0.0,0.0,4.21,4.23,1.74
F1,2021-11-28,Marseille,Troyes,1682.23,1541.94,5.0,9.0,1.0,7.0,1.0,0.0,H,0.0,0.0,D,14.0,5.0,4.0,2.0,10.0,17.0,7.0,3.0,1.0,4.0,0.0,0.0,1.54,4.37,5.82
F1,2021-12-01,Angers,Monaco,1594.65,1711.23,5.0,6.0,3.0,6.0,1.0,3.0,A,0.0,2.0,A,9.0,14.0,3.0,8.0,13.0,18.0,4.0,4.0,1.0,2.0,0.0,0.0,3.22,3.31,2.29
F1,2021-12-01,Brest,St Etienne,1584.28,1554.41,9.0,13.0,6.0,8.0,1.0,0.0,H,0.0,0.0,D,8.0,13.0,3.0,3.0,8.0,9.0,1.0,3.0,2.0,3.0,0.0,0.0,2.11,3.56,3.4
F1,2021-12-01,Metz,Montpellier,1541.77,1632.86,5.0,6.0,3.0,6.0,1.0,3.0,A,0.0,2.0,A,20.0,10.0,7.0,7.0,14.0,9.0,7.0,4.0,2.0,2.0,0.0,0.0,2.6,3.39,2.72
F1,2021-12-01,Strasbourg,Bordeaux,1618.38,1549.06,3.0,6.0,1.0,5.0,5.0,2.0,H,3.0,1.0,H,19.0,13.0,6.0,2.0,14.0,13.0,5.0,2.0,2.0,3.0,0.0,0.0,1.73,3.94,4.59
F1,2021-12-01,Troyes,Lorient,1528.23,1540.91,0.0,4.0,0.0,1.0,2.0,0.0,H,2.0,0.0,H,10.0,9.0,3.0,3.0,12.0,11.0,4.0,3.0,1.0,1.0,0.0,0.0,2.37,3.27,3.12
F1,2021-12-01,Clermont,Lens,1526.71,1627.01,0.0,0.0,4.0,7.0,2.0,2.0,D,1.0,1.0,D,19.0,9.0,7.0,2.0,7.0,13.0,5.0,3.0,4.0,5.0,1.0,0.0,2.77,3.56,2.45
F1,2021-12-01,Lyon,Reims,1763.04,1594.5,6.0,9.0,5.0,5.0,1.0,2.0,A,0.0,0.0,D,14.0,8.0,6.0,4.0,14.0,17.0,3.0,4.0,3.0,2.0,0.0,0.0,1.47,4.62,6.46
F1,2021-12-01,Nantes,Marseille,1603.33,1671.71,2.0,5.0,7.0,9.0,0.0,1.0,A,0.0,1.0,A,3.0,15.0,1.0,5.0,13.0,7.0,4.0,6.0,3.0,2.0,1.0,0.0,3.16,3.41,2.27
F1,2021-12-01,Paris SG,Nice,1918.65,1653.41,9.0,13.0,3.0,7.0,0.0,0.0,D,0.0,0.0,D,22.0,4.0,5.0,2.0,5.0,13.0,6.0,5.0,2.0,2.0,0.0,0.0,1.42,5.05,6.79
F1,2021-12-01,Rennes,Lille,1711.93,1735.22,9.0,13.0,3.0,4.0,1.0,2.0,A,0.0,2.0,A,10.0,6.0,2.0,2.0,12.0,12.0,3.0,1.0,2.0,1.0,0.0,0.0,2.05,3.52,3.59
F1,2021-12-04,Marseille,Brest,1671.71,1584.28,7.0,11.0,9.0,15.0,1.0,2.0,A,1.0,0.0,H,16.0,9.0,4.0,4.0,10.0,7.0,5.0,0.0,1.0,2.0,0.0,0.0,1.59,4.2,5.46
F1,2021-12-04,Lille,Troyes,1735.22,1528.23,5.0,6.0,3.0,4.0,2.0,1.0,H,0.0,1.0,A,13.0,7.0,4.0,3.0,11.0,9.0,8.0,6.0,3.0,4.0,0.0,0.0,1.46,4.54,7.17
F1,2021-12-04,Lens,Paris SG,1627.01,1918.65,2.0,5.0,7.0,13.0,1.0,1.0,D,0.0,0.0,D,18.0,13.0,7.0,6.0,12.0,9.0,8.0,5.0,2.0,2.0,0.0,0.0,4.78,4.29,1.65
F1,2021-12-05,St Etienne,Rennes,1554.41,1711.93,3.0,7.0,6.0,10.0,0.0,5.0,A,0.0,3.0,A,12.0,18.0,2.0,10.0,10.0,7.0,7.0,2.0,1.0,0.0,0.0,0.0,4.16,3.74,1.85
F1,2021-12-05,Lorient,Nantes,1540.91,1603.33,0.0,0.0,1.0,2.0,0.0,1.0,A,0.0,0.0,D,17.0,5.0,2.0,1.0,8.0,13.0,8.0,3.0,1.0,3.0,0.0,0.0,2.88,3.16,2.61
F1,2021-12-05,Monaco,Metz,1711.23,1541.77,5.0,6.0,4.0,6.0,4.0,0.0,H,2.0,0.0,H,8.0,6.0,5.0,0.0,13.0,13.0,5.0,4.0,1.0,2.0,0.0,0.0,1.37,4.95,8.47
F1,2021-12-05,Montpellier,Clermont,1632.86,1526.71,3.0,9.0,1.0,1.0,1.0,0.0,H,1.0,0.0,H,8.0,10.0,2.0,3.0,19.0,15.0,1.0,3.0,3.0,3.0,0.0,1.0,2.12,3.64,3.31
F1,2021-12-05,Reims,Angers,1594.5,1594.65,7.0,8.0,4.0,5.0,1.0,2.0,A,0.0,0.0,D,5.0,13.0,2.0,4.0,8.0,13.0,7.0,4.0,4.0,3.0,1.0,0.0,2.43,3.06,3.22
F1,2021-12-05,Nice,Strasbourg,1653.41,1618.38,4.0,7.0,5.0,9.0,0.0,3.0,A,0.0,1.0,A,12.0,15.0,5.0,5.0,9.0,14.0,9.0,4.0,3.0,3.0,0.0,0.0,1.87,3.64,4.2
F1,2021-12-05,Bordeaux,Lyon,1549.06,1763.04,1.0,4.0,3.0,6.0,2.0,2.0,D,1.0,2.0,A,12.0,19.0,5.0,5.0,11.0,9.0,3.0,8.0,0.0,0.0,0.0,0.0,4.56,4.25,1.68
F1,2021-12-10,Nantes,Lens,1603.33,1627.01,4.0,5.0,3.0,6.0,3.0,2.0,H,0.0,2.0,A,15.0,4.0,5.0,2.0,10.0,10.0,8.0,2.0,3.0,3.0,0.0,0.0,2.75,3.23,2.69
F1,2021-12-11,Brest,Montpellier,1584.28,1632.86,9.0,15.0,6.0,9.0,0.0,4.0,A,0.0,1.0,A,17.0,9.0,6.0,4.0,16.0,6.0,8.0,2.0,2.0,1.0,0.0,0.0,2.09,3.58,3.44
F1,2021-12-11,Reims,St Etienne,1594.5,1554.41,6.0,8.0,0.0,6.0,2.0,0.0,H,1.0,0.0,H,17.0,4.0,6.0,0.0,19.0,16.0,11.0,5.0,2.0,2.0,0.0,1.0,2.18,3.22,3.61
F1,2021-12-12,Lille,Lyon,1735.22,1763.04,7.0,9.0,4.0,7.0,0.0,0.0,D,0.0,0.0,D,14.0,13.0,2.0,2.0,11.0,15.0,4.0,3.0,2.0,6.0,0.0,0.0,2.37,3.58,2.9
F1,2021-12-12,Angers,Clermont,1594.65,1526.71,4.0,8.0,1.0,1.0,0.0,1.0,A,0.0,0.0,D,12.0,17.0,3.0,3.0,8.0,12.0,8.0,3.0,1.0,2.0,0.0,0.0,2.06,3.39,3.71
F1,2021-12-12,Metz,Lorient,1541.77,1540.91,3.0,5.0,0.0,0.0,4.0,1.0,H,3.0,0.0,H,5.0,17.0,3.0,6.0,10.0,8.0,3.0,8.0,2.0,2.0,0.0,0.0,2.45,3.22,3.04
F1,2021-12-12,Rennes,Nice,1711.93,1653.41,6.0,12.0,1.0,4.0,1.0,2.0,A,0.0,1.0,A,20.0,7.0,8.0,3.0,10.0,11.0,11.0,6.0,1.0,4.0,0.0,0.0,1.92,3.67,3.9
F1,2021-12-12,Troyes,Bordeaux,1528.23,1549.06,3.0,3.0,1.0,2.0,1.0,2.0,A,1.0,1.0,D,21.0,8.0,3.0,4.0,11.0,15.0,8.0,1.0,3.0,3.0,0.0,0.0,2.25,3.47,3.16
F1,2021-12-12,Strasbourg,Marseille,1618.38,1671.71,7.0,9.0,6.0,10.0,0.0,2.0,A,0.0,0.0,D,11.0,8.0,3.0,3.0,10.0,12.0,8.0,3.0,2.0,1.0,0.0,0.0,2.48,3.35,2.89
F1,2021-12-12,Paris SG,Monaco,1918.65,1711.23,5.0,11.0,7.0,9.0,2.0,0.0,H,2.0,0.0,H,9.0,13.0,2.0,3.0,8.0,15.0,1.0,6.0,3.0,4.0,0.0,0.0,1.45,4.88,6.56
F1,2021-12-22,Bordeaux,Lille,1557.41,1762.25,4.0,5.0,7.0,9.0,2.0,3.0,A,2.0,1.0,H,12.0,12.0,3.0,3.0,10.0,7.0,5.0,6.0,1.0,3.0,0.0,0.0,4.29,3.82,1.81
F1,2021-12-22,Lorient,Paris SG,1515.36,1916.14,0.0,0.0,5.0,11.0,1.0,1.0,D,1.0,0.0,H,17.0,17.0,5.0,4.0,6.0,8.0,6.0,8.0,1.0,3.0,0.0,1.0,7.88,5.15,1.38
F1,2021-12-22,Lyon,Metz,1746.4,1541.97,2.0,5.0,3.0,7.0,1.0,1.0,D,0.0,0.0,D,18.0,6.0,6.0,2.0,12.0,19.0,13.0,2.0,2.0,3.0,0.0,0.0,1.35,5.41,8.12
F1,2021-12-22,Marseille,Reims,1686.69,1609.41,6.0,10.0,6.0,10.0,1.0,1.0,D,0.0,0.0,D,14.0,7.0,5.0,2.0,12.0,6.0,7.0,4.0,4.0,4.0,1.0,1.0,1.68,3.74,5.44
F1,2021-12-22,Monaco,Rennes,1722.05,1707.93,6.0,8.0,3.0,9.0,2.0,1.0,H,1.0,1.0,D,11.0,16.0,3.0,6.0,11.0,9.0,7.0,5.0,2.0,1.0,0.0,0.0,2.23,3.49,3.2
F1,2021-12-22,Montpellier,Angers,1666.44,1588.86,9.0,9.0,3.0,7.0,4.0,1.0,H,2.0,1.0,H,9.0,13.0,6.0,6.0,13.0,13.0,1.0,6.0,1.0,1.0,0.0,0.0,2.21,3.3,3.42
F1,2021-12-22,Nice,Lens,1658.0,1627.69,4.0,7.0,2.0,3.0,2.0,1.0,H,0.0,1.0,A,9.0,8.0,3.0,4.0,7.0,9.0,5.0,4.0,0.0,2.0,0.0,0.0,2.11,3.45,3.53
F1,2021-12-22,St Etienne,Nantes,1532.82,1615.0,0.0,3.0,6.0,7.0,0.0,1.0,A,0.0,0.0,D,13.0,8.0,6.0,3.0,13.0,12.0,5.0,4.0,1.0,1.0,0.0,0.0,2.58,3.32,2.79
F1,2021-12-22,Troyes,Brest,1530.73,1589.98,3.0,3.0,6.0,12.0,1.0,1.0,D,0.0,1.0,A,15.0,8.0,4.0,2.0,16.0,10.0,9.0,0.0,4.0,1.0,1.0,0.0,2.5,3.34,2.86
F1,2022-01-07,Bordeaux,Marseille,1553.32,1683.47,4.0,4.0,4.0,10.0,0.0,1.0,A,0.0,1.0,A,6.0,18.0,2.0,6.0,13.0,7.0,3.0,9.0,1.0,1.0,0.0,0.0,5.44,4.43,1.58
F1,2022-01-08,Lens,Rennes,1621.46,1701.27,1.0,3.0,3.0,6.0,1.0,0.0,H,0.0,0.0,D,11.0,5.0,4.0,0.0,5.0,6.0,12.0,1.0,1.0,1.0,0.0,0.0,2.77,3.44,2.51
F1,2022-01-09,Brest,Nice,1589.39,1664.24,4.0,10.0,6.0,7.0,0.0,3.0,A,0.0,1.0,A,26.0,9.0,10.0,4.0,5.0,11.0,14.0,3.0,0.0,3.0,0.0,1.0,2.92,3.44,2.4
F1,2022-01-09,Clermont,Reims,1539.06,1612.63,4.0,4.0,4.0,10.0,0.0,0.0,D,0.0,0.0,D,12.0,7.0,7.0,2.0,13.0,24.0,6.0,2.0,1.0,3.0,1.0,0.0,2.41,3.12,3.18
F1,2022-01-09,Metz,Strasbourg,1548.02,1636.74,4.0,7.0,6.0,8.0,0.0,2.0,A,0.0,0.0,D,7.0,19.0,1.0,7.0,11.0,6.0,4.0,3.0,1.0,1.0,0.0,0.0,4.63,3.79,1.76
F1,2022-01-09,Nantes,Monaco,1621.98,1728.71,9.0,10.0,6.0,10.0,0.0,0.0,D,0.0,0.0,D,8.0,9.0,4.0,1.0,17.0,12.0,5.0,2.0,1.0,2.0,0.0,0.0,3.42,3.28,2.21
F1,2022-01-09,Lyon,Paris SG,1740.36,1908.35,3.0,6.0,5.0,9.0,1.0,1.0,D,1.0,0.0,H,11.0,15.0,4.0,3.0,18.0,13.0,2.0,7.0,2.0,2.0,0.0,0.0,3.67,4.05,1.88
F1,2022-01-14,Nice,Nantes,1664.24,1621.98,9.0,10.0,7.0,10.0,2.0,1.0,H,1.0,1.0,D,13.0,11.0,5.0,3.0,8.0,17.0,3.0,5.0,2.0,1.0,0.0,0.0,1.71,3.71,5.25
F1,2022-01-15,St Etienne,Lens,1525.85,1630.52,0.0,0.0,3.0,5.0,1.0,2.0,A,1.0,0.0,H,13.0,14.0,4.0,4.0,9.0,13.0,6.0,6.0,1.0,1.0,0.0,0.0,3.72,3.55,2.0
F1,2022-01-15,Paris SG,Brest,1904.82,1576.95,5.0,7.0,1.0,7.0,2.0,0.0,H,1.0,0.0,H,20.0,6.0,9.0,3.0,10.0,8.0,9.0,6.0,5.0,3.0,0.0,0.0,1.23,6.79,11.85
F1,2022-01-16,Rennes,Bordeaux,1692.22,1547.71,0.0,3.0,3.0,4.0,6.0,0.0,H,2.0,0.0,H,19.0,5.0,11.0,1.0,9.0,9.0,9.0,1.0,1.0,5.0,0.0,1.0,1.41,4.88,7.29
F1,2022-01-16,Lorient,Angers,1523.15,1579.93,1.0,1.0,3.0,4.0,0.0,0.0,D,0.0,0.0,D,14.0,5.0,4.0,0.0,12.0,9.0,6.0,1.0,3.0,1.0,0.0,1.0,2.4,3.24,3.09
F1,2022-01-16,Monaco,Clermont,1726.81,1540.03,4.0,10.0,4.0,5.0,4.0,0.0,H,1.0,0.0,H,20.0,6.0,10.0,1.0,9.0,10.0,6.0,1.0,0.0,1.0,0.0,0.0,1.47,4.54,6.66
F1,2022-01-16,Reims,Metz,1611.66,1538.45,5.0,8.0,4.0,4.0,0.0,1.0,A,0.0,0.0,D,14.0,17.0,2.0,5.0,14.0,16.0,11.0,4.0,4.0,4.0,0.0,0.0,1.78,3.54,4.86
F1,2022-01-16,Strasbourg,Montpellier,1646.3,1675.37,6.0,10.0,9.0,12.0,3.0,1.0,H,0.0,1.0,A,19.0,9.0,8.0,5.0,18.0,9.0,7.0,3.0,2.0,2.0,0.0,1.0,2.06,3.49,3.6
F1,2022-01-16,Troyes,Lyon,1531.32,1743.89,1.0,4.0,3.0,4.0,0.0,1.0,A,0.0,1.0,A,6.0,19.0,2.0,8.0,9.0,12.0,4.0,7.0,2.0,1.0,0.0,0.0,4.9,4.01,1.68
F1,2022-01-16,Marseille,Lille,1689.08,1766.34,7.0,10.0,7.0,11.0,1.0,1.0,D,0.0,1.0,A,22.0,5.0,7.0,4.0,11.0,11.0,15.0,2.0,1.0,5.0,0.0,1.0,2.31,3.38,3.13
F1,2022-01-19,Clermont,Strasbourg,1540.03,1646.3,4.0,5.0,6.0,12.0,0.0,2.0,A,0.0,1.0,A,7.0,15.0,1.0,5.0,8.0,11.0,6.0,4.0,2.0,0.0,0.0,0.0,3.12,3.46,2.27
F1,2022-01-19,Lille,Lorient,1766.34,1523.15,5.0,11.0,2.0,2.0,3.0,1.0,H,3.0,0.0,H,13.0,18.0,5.0,5.0,8.0,11.0,4.0,2.0,0.0,0.0,0.0,0.0,1.51,4.33,6.33
F1,2022-01-19,Montpellier,Troyes,1675.37,1531.32,6.0,12.0,1.0,4.0,0.0,1.0,A,0.0,0.0,D,11.0,13.0,2.0,5.0,12.0,10.0,5.0,4.0,5.0,1.0,1.0,0.0,1.75,3.96,4.43
F1,2022-01-21,Lyon,St Etienne,1743.89,1525.85,5.0,7.0,0.0,0.0,1.0,0.0,H,1.0,0.0,H,11.0,4.0,4.0,1.0,15.0,17.0,2.0,2.0,1.0,4.0,0.0,0.0,1.38,5.1,7.78
F1,2022-01-22,Brest,Lille,1576.95,1766.34,1.0,4.0,7.0,11.0,2.0,0.0,H,1.0,0.0,H,9.0,17.0,3.0,5.0,7.0,10.0,5.0,10.0,2.0,3.0,0.0,0.0,3.25,3.56,2.17
F1,2022-01-22,Lens,Marseille,1630.52,1689.08,6.0,7.0,5.0,8.0,0.0,2.0,A,0.0,1.0,A,9.0,10.0,3.0,7.0,7.0,6.0,8.0,5.0,3.0,2.0,0.0,0.0,2.55,3.47,2.71
F1,2022-01-23,Metz,Nice,1538.45,1682.41,4.0,7.0,9.0,12.0,0.0,2.0,A,0.0,0.0,D,8.0,7.0,1.0,6.0,14.0,6.0,3.0,4.0,3.0,1.0,0.0,0.0,4.83,3.76,1.73
F1,2022-01-23,Angers,Troyes,1579.93,1531.32,1.0,4.0,4.0,4.0,2.0,1.0,H,2.0,1.0,H,10.0,11.0,3.0,6.0,16.0,21.0,3.0,3.0,1.0,3.0,0.0,0.0,2.07,3.16,4.02
F1,2022-01-23,Bordeaux,Strasbourg,1547.71,1646.3,0.0,4.0,9.0,12.0,4.0,3.0,H,3.0,1.0,H,13.0,18.0,6.0,6.0,11.0,11.0,1.0,3.0,5.0,2.0,0.0,0.0,3.78,3.72,1.94
F1,2022-01-23,Clermont,Rennes,1540.03,1692.22,1.0,4.0,3.0,6.0,2.0,1.0,H,0.0,1.0,A,12.0,13.0,4.0,4.0,9.0,17.0,4.0,6.0,2.0,3.0,0.0,0.0,4.01,3.77,1.87
F1,2022-01-23,Nantes,Lorient,1618.15,1523.15,4.0,10.0,2.0,2.0,4.0,2.0,H,1.0,0.0,H,12.0,15.0,8.0,6.0,12.0,10.0,7.0,6.0,3.0,0.0,0.0,0.0,2.14,3.12,3.83
F1,2022-01-23,Montpellier,Monaco,1675.37,1726.81,3.0,9.0,7.0,10.0,3.0,2.0,H,2.0,1.0,H,15.0,17.0,7.0,7.0,10.0,10.0,5.0,10.0,2.0,2.0,0.0,0.0,3.61,3.53,2.05
F1,2022-01-23,Paris SG,Reims,1904.82,1611.66,5.0,9.0,2.0,5.0,4.0,0.0,H,1.0,0.0,H,22.0,7.0,8.0,3.0,6.0,10.0,14.0,0.0,0.0,1.0,0.0,0.0,1.21,6.76,13.96
F1,2022-01-26,Angers,St Etienne,1579.93,1525.85,4.0,7.0,0.0,0.0,0.0,1.0,A,0.0,1.0,A,7.0,8.0,4.0,5.0,7.0,13.0,3.0,1.0,1.0,1.0,0.0,0.0,2.18,3.29,3.44
F1,2022-02-01,Lyon,Marseille,1750.26,1700.99,7.0,9.0,7.0,11.0,2.0,1.0,H,0.0,1.0,A,12.0,9.0,4.0,1.0,8.0,8.0,4.0,6.0,0.0,0.0,0.0,0.0,2.81,3.29,2.6
F1,2022-02-04,Marseille,Angers,1700.99,1574.43,4.0,8.0,4.0,4.0,5.0,2.0,H,2.0,2.0,D,18.0,4.0,8.0,2.0,13.0,13.0,6.0,2.0,0.0,3.0,0.0,0.0,1.51,4.18,6.97
F1,2022-02-05,St Etienne,Montpellier,1528.1,1661.08,3.0,3.0,3.0,9.0,3.0,1.0,H,0.0,1.0,A,27.0,3.0,8.0,2.0,11.0,4.0,11.0,0.0,1.0,0.0,0.0,0.0,2.71,3.27,2.68
F1,2022-02-05,Monaco,Lyon,1724.02,1750.26,4.0,7.0,9.0,11.0,2.0,0.0,H,2.0,0.0,H,10.0,19.0,6.0,5.0,17.0,14.0,3.0,4.0,1.0,2.0,0.0,0.0,1.99,3.68,3.66
F1,2022-02-06,Lorient,Lens,1513.74,1626.01,1.0,2.0,6.0,6.0,2.0,0.0,H,1.0,0.0,H,8.0,8.0,3.0,0.0,14.0,11.0,1.0,4.0,0.0,3.0,0.0,0.0,3.32,3.46,2.18
F1,2022-02-06,Nice,Clermont,1690.34,1537.11,9.0,15.0,3.0,7.0,0.0,1.0,A,0.0,0.0,D,7.0,14.0,3.0,5.0,10.0,9.0,5.0,3.0,1.0,1.0,0.0,0.0,1.58,4.18,5.69
F1,2022-02-06,Reims,Bordeaux,1597.31,1548.7,1.0,5.0,3.0,6.0,5.0,0.0,H,1.0,0.0,H,16.0,6.0,7.0,0.0,5.0,12.0,7.0,4.0,0.0,1.0,0.0,1.0,2.13,3.44,3.48
F1,2022-02-06,Strasbourg,Nantes,1655.3,1624.78,6.0,9.0,4.0,10.0,1.0,0.0,H,0.0,0.0,D,13.0,10.0,3.0,2.0,7.0,8.0,7.0,9.0,3.0,3.0,0.0,0.0,1.78,3.74,4.53
F1,2022-02-06,Troyes,Metz,1533.71,1541.55,3.0,4.0,3.0,7.0,0.0,0.0,D,0.0,0.0,D,9.0,6.0,2.0,0.0,8.0,14.0,6.0,7.0,1.0,2.0,0.0,0.0,2.01,3.44,3.84
F1,2022-02-06,Rennes,Brest,1689.91,1592.09,3.0,3.0,3.0,4.0,2.0,0.0,H,1.0,0.0,H,19.0,5.0,8.0,1.0,11.0,8.0,6.0,1.0,3.0,1.0,0.0,0.0,1.49,4.48,6.45
F1,2022-02-06,Lille,Paris SG,1751.39,1910.13,4.0,8.0,7.0,11.0,1.0,5.0,A,1.0,3.0,A,10.0,18.0,5.0,7.0,19.0,9.0,4.0,3.0,2.0,1.0,0.0,0.0,4.01,3.74,1.88
F1,2022-02-11,Paris SG,Rennes,1910.13,1689.91,9.0,11.0,6.0,6.0,1.0,0.0,H,0.0,0.0,D,12.0,13.0,1.0,1.0,13.0,10.0,5.0,3.0,2.0,1.0,0.0,0.0,1.54,4.45,5.92
F1,2022-02-12,Montpellier,Lille,1661.08,1751.39,3.0,6.0,3.0,7.0,0.0,1.0,A,0.0,0.0,D,16.0,16.0,5.0,7.0,13.0,15.0,6.0,4.0,3.0,4.0,0.0,0.0,3.06,3.49,2.3
F1,2022-02-12,Lyon,Nice,1750.26,1690.34,6.0,10.0,6.0,12.0,2.0,0.0,H,1.0,0.0,H,12.0,1.0,8.0,1.0,11.0,9.0,4.0,1.0,0.0,1.0,0.0,0.0,1.95,3.71,3.79
F1,2022-02-13,Monaco,Lorient,1724.02,1513.74,6.0,10.0,3.0,5.0,0.0,0.0,D,0.0,0.0,D,15.0,5.0,4.0,1.0,18.0,11.0,11.0,2.0,3.0,2.0,0.0,0.0,1.39,4.78,8.09
F1,2022-02-13,Angers,Strasbourg,1574.43,1655.3,3.0,4.0,6.0,12.0,0.0,1.0,A,0.0,1.0,A,9.0,8.0,2.0,2.0,20.0,11.0,5.0,3.0,3.0,1.0,0.0,0.0,3.11,3.39,2.31
F1,2022-02-13,Brest,Troyes,1592.09,1533.71,3.0,4.0,4.0,5.0,5.0,1.0,H,2.0,1.0,H,12.0,5.0,5.0,2.0,13.0,11.0,1.0,5.0,1.0,1.0,0.0,0.0,1.95,3.44,4.07
F1,2022-02-13,Clermont,St Etienne,1537.11,1528.1,6.0,7.0,6.0,6.0,1.0,2.0,A,1.0,0.0,H,9.0,6.0,3.0,3.0,16.0,10.0,6.0,3.0,4.0,1.0,0.0,0.0,2.29,3.3,3.23
F1,2022-02-13,Nantes,Reims,1624.78,1597.31,3.0,7.0,3.0,5.0,1.0,0.0,H,1.0,0.0,H,11.0,7.0,3.0,4.0,17.0,8.0,5.0,5.0,1.0,0.0,0.0,1.0,2.19,3.12,3.66
F1,2022-02-13,Lens,Bordeaux,1626.01,1548.7,3.0,6.0,3.0,3.0,3.0,2.0,H,3.0,1.0,H,9.0,10.0,7.0,4.0,9.0,7.0,6.0,2.0,3.0,2.0,0.0,0.0,1.48,4.69,6.26
F1,2022-02-13,Metz,Marseille,1541.55,1700.99,4.0,5.0,6.0,10.0,1.0,2.0,A,0.0,1.0,A,11.0,13.0,4.0,5.0,11.0,6.0,3.0,8.0,2.0,2.0,0.0,0.0,5.28,3.9,1.66
F1,2022-02-18,Lille,Metz,1747.75,1537.39,3.0,7.0,1.0,4.0,0.0,0.0,D,0.0,0.0,D,13.0,7.0,1.0,0.0,10.0,13.0,11.0,1.0,4.0,4.0,1.0,1.0,1.55,3.92,6.91
F1,2022-02-19,Lens,Lyon,1617.25,1752.34,3.0,9.0,6.0,12.0,1.0,1.0,D,1.0,1.0,D,12.0,10.0,6.0,2.0,8.0,10.0,4.0,4.0,0.0,2.0,0.0,0.0,2.84,3.51,2.45
F1,2022-02-19,Nantes,Paris SG,1625.51,1923.02,6.0,7.0,9.0,13.0,3.0,1.0,H,3.0,0.0,H,13.0,16.0,7.0,9.0,16.0,10.0,5.0,7.0,2.0,6.0,0.0,0.0,6.35,4.61,1.49
F1,2022-02-20,Nice,Angers,1669.99,1560.28,3.0,9.0,0.0,4.0,1.0,0.0,H,1.0,0.0,H,9.0,11.0,5.0,2.0,11.0,17.0,4.0,5.0,2.0,2.0,0.0,0.0,1.73,3.63,5.2
F1,2022-02-20,Lorient,Montpellier,1533.65,1639.7,4.0,5.0,3.0,3.0,0.0,1.0,A,0.0,0.0,D,16.0,6.0,3.0,5.0,15.0,9.0,8.0,5.0,2.0,2.0,0.0,0.0,2.37,3.29,3.13
F1,2022-02-20,Reims,Brest,1603.2,1596.7,3.0,4.0,6.0,6.0,1.0,1.0,D,1.0,1.0,D,8.0,15.0,2.0,4.0,10.0,17.0,1.0,6.0,1.0,2.0,0.0,0.0,2.38,3.23,3.18
F1,2022-02-20,Rennes,Troyes,1693.91,1521.61,3.0,6.0,1.0,4.0,4.0,1.0,H,2.0,1.0,H,17.0,4.0,8.0,1.0,11.0,16.0,6.0,7.0,1.0,4.0,0.0,0.0,1.36,4.86,9.37
F1,2022-02-20,St Etienne,Strasbourg,1552.22,1668.13,9.0,9.0,6.0,12.0,2.0,2.0,D,2.0,2.0,D,9.0,8.0,4.0,4.0,12.0,5.0,3.0,4.0,3.0,2.0,0.0,0.0,2.99,3.43,2.38
F1,2022-02-20,Bordeaux,Monaco,1531.19,1728.68,3.0,3.0,4.0,8.0,1.0,1.0,D,1.0,0.0,H,11.0,13.0,3.0,4.0,13.0,13.0,2.0,7.0,3.0,4.0,0.0,1.0,5.16,3.97,1.67
F1,2022-02-20,Marseille,Clermont,1707.87,1540.55,6.0,10.0,6.0,6.0,0.0,2.0,A,0.0,1.0,A,18.0,4.0,4.0,3.0,11.0,9.0,8.0,3.0,2.0,2.0,0.0,0.0,1.46,4.54,7.0
F1,2022-02-25,Montpellier,Rennes,1639.7,1693.91,3.0,6.0,6.0,9.0,2.0,4.0,A,2.0,2.0,D,12.0,11.0,5.0,9.0,11.0,11.0,7.0,1.0,3.0,2.0,0.0,0.0,4.52,3.71,1.81
F1,2022-02-26,Strasbourg,Nice,1668.13,1669.99,7.0,10.0,3.0,9.0,0.0,0.0,D,0.0,0.0,D,17.0,3.0,6.0,0.0,9.0,12.0,8.0,2.0,1.0,2.0,0.0,1.0,2.21,3.37,3.39
F1,2022-02-26,Paris SG,St Etienne,1923.02,1552.22,6.0,12.0,7.0,10.0,3.0,1.0,H,1.0,1.0,D,21.0,13.0,8.0,6.0,9.0,13.0,8.0,3.0,2.0,1.0,0.0,0.0,1.16,8.25,15.87
F1,2022-02-27,Monaco,Reims,1728.68,1603.2,5.0,8.0,4.0,4.0,1.0,2.0,A,0.0,0.0,D,18.0,12.0,5.0,7.0,15.0,12.0,10.0,3.0,3.0,2.0,1.0,0.0,1.46,4.31,7.86
F1,2022-02-27,Angers,Lens,1560.28,1617.25,0.0,3.0,4.0,7.0,1.0,2.0,A,0.0,0.0,D,13.0,8.0,4.0,2.0,13.0,16.0,7.0,3.0,4.0,3.0,1.0,0.0,2.94,3.17,2.56
F1,2022-02-27,Brest,Lorient,1596.7,1533.65,4.0,7.0,4.0,4.0,0.0,1.0,A,0.0,0.0,D,4.0,17.0,0.0,8.0,12.0,15.0,4.0,6.0,2.0,4.0,1.0,0.0,2.08,3.31,3.8
F1,2022-02-27,Clermont,Bordeaux,1540.55,1531.19,6.0,9.0,1.0,4.0,1.0,1.0,D,1.0,1.0,D,9.0,10.0,3.0,3.0,5.0,13.0,6.0,6.0,1.0,2.0,0.0,0.0,1.94,3.65,3.88
F1,2022-02-27,Metz,Nantes,1537.39,1625.51,2.0,5.0,6.0,9.0,0.0,0.0,D,0.0,0.0,D,8.0,12.0,0.0,3.0,14.0,15.0,3.0,4.0,1.0,2.0,1.0,0.0,3.03,3.12,2.52
F1,2022-02-27,Troyes,Marseille,1521.61,1707.87,1.0,4.0,6.0,9.0,1.0,1.0,D,0.0,1.0,A,9.0,8.0,3.0,3.0,15.0,8.0,4.0,8.0,5.0,3.0,0.0,0.0,4.58,3.82,1.77
F1,2022-02-27,Lyon,Lille,1752.34,1747.75,4.0,10.0,4.0,7.0,0.0,1.0,A,0.0,1.0,A,20.0,6.0,8.0,2.0,13.0,15.0,7.0,3.0,3.0,2.0,0.0,0.0,1.81,3.77,4.42
F1,2022-03-04,Lorient,Lyon,1540.97,1742.86,4.0,7.0,4.0,7.0,1.0,4.0,A,0.0,2.0,A,15.0,15.0,6.0,7.0,9.0,14.0,8.0,3.0,1.0,0.0,0.0,0.0,4.45,3.72,1.82
F1,2022-03-05,Lens,Brest,1630.23,1589.99,7.0,7.0,4.0,7.0,0.0,1.0,A,0.0,0.0,D,20.0,5.0,6.0,3.0,14.0,11.0,4.0,0.0,1.0,1.0,0.0,0.0,1.71,3.89,4.84
F1,2022-03-05,Nice,Paris SG,1678.19,1911.47,4.0,7.0,6.0,12.0,1.0,0.0,H,0.0,0.0,D,11.0,8.0,6.0,2.0,15.0,10.0,3.0,4.0,1.0,0.0,0.0,0.0,4.09,3.91,1.84
F1,2022-03-06,St Etienne,Metz,1555.25,1547.86,4.0,10.0,2.0,3.0,1.0,0.0,H,0.0,0.0,D,13.0,5.0,5.0,2.0,11.0,18.0,12.0,3.0,3.0,4.0,0.0,0.0,1.95,3.26,4.4
F1,2022-03-06,Bordeaux,Troyes,1540.17,1522.33,2.0,5.0,1.0,2.0,0.0,2.0,A,0.0,1.0,A,10.0,10.0,3.0,2.0,18.0,15.0,6.0,2.0,6.0,1.0,0.0,1.0,2.26,3.41,3.24
F1,2022-03-06,Nantes,Montpellier,1646.7,1637.91,7.0,10.0,3.0,6.0,2.0,0.0,H,0.0,0.0,D,16.0,6.0,5.0,1.0,11.0,11.0,6.0,4.0,1.0,1.0,0.0,0.0,2.11,3.3,3.71
F1,2022-03-06,Reims,Strasbourg,1616.86,1667.85,4.0,7.0,5.0,8.0,1.0,1.0,D,0.0,0.0,D,8.0,17.0,1.0,6.0,6.0,11.0,2.0,4.0,0.0,2.0,0.0,0.0,3.47,3.12,2.28
F1,2022-03-06,Rennes,Angers,1713.28,1551.04,6.0,9.0,0.0,0.0,2.0,0.0,H,1.0,0.0,H,15.0,7.0,4.0,2.0,11.0,7.0,7.0,7.0,1.0,1.0,0.0,0.0,1.4,4.66,8.71
F1,2022-03-06,Lille,Clermont,1750.65,1559.98,7.0,7.0,4.0,10.0,4.0,0.0,H,1.0,0.0,H,15.0,9.0,8.0,1.0,15.0,9.0,3.0,2.0,1.0,3.0,0.0,1.0,1.73,3.64,5.21
F1,2022-03-06,Marseille,Monaco,1695.01,1714.94,4.0,7.0,2.0,5.0,0.0,1.0,A,0.0,0.0,D,13.0,5.0,2.0,3.0,13.0,9.0,10.0,3.0,2.0,1.0,0.0,0.0,2.33,3.23,3.26
F1,2022-03-11,Lille,St Etienne,1750.65,1555.25,7.0,10.0,4.0,10.0,0.0,0.0,D,0.0,0.0,D,10.0,11.0,2.0,3.0,14.0,12.0,2.0,3.0,1.0,1.0,0.0,0.0,1.7,3.78,5.19
F1,2022-03-12,Montpellier,Nice,1637.91,1678.19,3.0,3.0,7.0,7.0,0.0,0.0,D,0.0,0.0,D,24.0,8.0,7.0,0.0,10.0,8.0,13.0,1.0,3.0,2.0,0.0,1.0,3.1,3.41,2.32
F1,2022-03-12,Troyes,Nantes,1522.33,1646.7,4.0,5.0,7.0,10.0,1.0,0.0,H,1.0,0.0,H,11.0,6.0,2.0,1.0,7.0,16.0,8.0,4.0,1.0,1.0,0.0,0.0,3.03,3.15,2.51
F1,2022-03-13,Paris SG,Bordeaux,1911.47,1540.17,3.0,9.0,2.0,2.0,3.0,0.0,H,1.0,0.0,H,12.0,15.0,5.0,5.0,4.0,9.0,2.0,4.0,1.0,2.0,0.0,0.0,1.15,8.28,18.64
F1,2022-03-13,Angers,Reims,1551.04,1616.86,0.0,0.0,5.0,8.0,0.0,1.0,A,0.0,1.0,A,20.0,10.0,7.0,3.0,19.0,8.0,4.0,2.0,6.0,3.0,1.0,1.0,2.35,2.97,3.51
F1,2022-03-13,Clermont,Lorient,1559.98,1540.97,4.0,7.0,3.0,7.0,0.0,2.0,A,0.0,0.0,D,10.0,9.0,1.0,6.0,14.0,14.0,2.0,2.0,1.0,2.0,0.0,0.0,2.33,3.04,3.45
F1,2022-03-13,Metz,Lens,1547.86,1630.23,2.0,3.0,4.0,7.0,0.0,0.0,D,0.0,0.0,D,6.0,11.0,3.0,0.0,11.0,14.0,5.0,4.0,5.0,2.0,0.0,0.0,3.79,3.44,2.02
F1,2022-03-13,Strasbourg,Monaco,1667.85,1714.94,3.0,9.0,4.0,8.0,1.0,0.0,H,1.0,0.0,H,11.0,5.0,3.0,0.0,10.0,13.0,6.0,7.0,1.0,2.0,0.0,0.0,2.54,3.18,2.95
F1,2022-03-13,Lyon,Rennes,1742.86,1713.28,4.0,7.0,9.0,12.0,2.0,4.0,A,0.0,3.0,A,11.0,10.0,2.0,7.0,8.0,12.0,8.0,2.0,2.0,3.0,0.0,0.0,2.09,3.57,3.48
F1,2022-03-13,Brest,Marseille,1589.99,1695.01,4.0,7.0,1.0,7.0,1.0,4.0,A,0.0,1.0,A,8.0,13.0,2.0,7.0,11.0,14.0,1.0,3.0,1.0,4.0,0.0,0.0,3.48,3.39,2.15
F1,2022-03-18,St Etienne,Troyes,1560.73,1538.92,4.0,8.0,7.0,7.0,1.0,1.0,D,0.0,1.0,A,10.0,8.0,3.0,4.0,13.0,9.0,1.0,4.0,2.0,2.0,0.0,0.0,1.92,3.43,4.33
F1,2022-03-19,Lens,Clermont,1611.93,1532.82,4.0,8.0,1.0,4.0,3.0,1.0,H,2.0,1.0,H,20.0,10.0,7.0,3.0,15.0,12.0,7.0,2.0,1.0,1.0,0.0,0.0,1.68,3.8,5.27
F1,2022-03-19,Nantes,Lille,1638.66,1743.35,4.0,10.0,7.0,11.0,0.0,1.0,A,0.0,1.0,A,11.0,12.0,3.0,4.0,19.0,15.0,7.0,7.0,3.0,4.0,0.0,1.0,2.93,2.98,2.71
F1,2022-03-20,Monaco,Paris SG,1697.72,1880.53,3.0,5.0,6.0,9.0,3.0,0.0,H,1.0,0.0,H,13.0,13.0,8.0,6.0,17.0,10.0,6.0,7.0,3.0,3.0,0.0,0.0,3.65,3.85,1.95
F1,2022-03-20,Angers,Brest,1531.44,1580.76,0.0,0.0,3.0,7.0,1.0,0.0,H,1.0,0.0,H,9.0,16.0,3.0,2.0,11.0,9.0,6.0,11.0,2.0,1.0,0.0,0.0,2.23,3.21,3.49
F1,2022-03-20,Bordeaux,Montpellier,1517.42,1621.82,1.0,2.0,1.0,4.0,0.0,2.0,A,0.0,2.0,A,32.0,7.0,10.0,2.0,18.0,7.0,11.0,4.0,3.0,0.0,0.0,2.0,2.46,3.5,2.82
F1,2022-03-20,Lorient,Strasbourg,1540.3,1668.5,6.0,7.0,5.0,9.0,0.0,0.0,D,0.0,0.0,D,9.0,13.0,2.0,4.0,11.0,18.0,6.0,5.0,2.0,2.0,0.0,0.0,3.43,3.29,2.21
F1,2022-03-20,Rennes,Metz,1719.29,1534.83,9.0,12.0,2.0,3.0,6.0,1.0,H,3.0,0.0,H,21.0,2.0,8.0,1.0,13.0,11.0,10.0,1.0,1.0,2.0,0.0,0.0,1.29,5.48,11.81
F1,2022-03-20,Reims,Lyon,1617.4,1737.12,7.0,8.0,3.0,7.0,0.0,0.0,D,0.0,0.0,D,5.0,10.0,2.0,2.0,12.0,13.0,7.0,3.0,0.0,3.0,0.0,0.0,4.19,3.68,1.87
F1,2022-03-20,Marseille,Nice,1693.3,1683.24,4.0,7.0,5.0,8.0,2.0,1.0,H,1.0,0.0,H,13.0,9.0,6.0,3.0,12.0,11.0,3.0,2.0,2.0,2.0,0.0,0.0,2.18,3.32,3.52
F1,2022-04-02,Nice,Rennes,1676.04,1724.21,4.0,8.0,9.0,15.0,1.0,1.0,D,0.0,0.0,D,10.0,13.0,3.0,4.0,12.0,12.0,7.0,11.0,2.0,1.0,0.0,0.0,3.15,3.39,2.32
F1,2022-04-02,Lille,Bordeaux,1746.89,1507.61,7.0,11.0,0.0,2.0,0.0,0.0,D,0.0,0.0,D,22.0,2.0,6.0,0.0,13.0,15.0,7.0,2.0,2.0,4.0,0.0,1.0,1.5,4.44,6.43
F1,2022-04-03,Strasbourg,Lens,1665.55,1618.23,5.0,7.0,4.0,8.0,1.0,0.0,H,0.0,0.0,D,13.0,13.0,3.0,2.0,8.0,10.0,2.0,6.0,3.0,1.0,0.0,0.0,2.14,3.36,3.57
F1,2022-04-03,Clermont,Nantes,1525.14,1631.12,0.0,4.0,3.0,7.0,2.0,3.0,A,0.0,1.0,A,12.0,9.0,4.0,4.0,10.0,10.0,5.0,6.0,5.0,1.0,1.0,0.0,2.6,3.11,2.95
F1,2022-04-03,Metz,Monaco,1527.38,1708.43,1.0,3.0,6.0,7.0,1.0,2.0,A,0.0,0.0,D,17.0,14.0,4.0,4.0,6.0,9.0,3.0,6.0,0.0,0.0,0.0,0.0,6.27,4.07,1.56
F1,2022-04-03,Montpellier,Brest,1630.25,1571.96,4.0,7.0,3.0,4.0,1.0,2.0,A,0.0,0.0,D,9.0,12.0,3.0,6.0,16.0,14.0,7.0,5.0,2.0,4.0,0.0,0.0,2.08,3.53,3.54
F1,2022-04-03,St Etienne,Marseille,1558.03,1705.07,5.0,6.0,6.0,7.0,2.0,4.0,A,1.0,1.0,D,5.0,15.0,2.0,9.0,14.0,12.0,2.0,9.0,2.0,1.0,0.0,0.0,3.57,3.42,2.12
F1,2022-04-03,Troyes,Reims,1540.24,1618.86,7.0,8.0,5.0,9.0,1.0,0.0,H,0.0,0.0,D,19.0,10.0,5.0,4.0,15.0,11.0,6.0,3.0,1.0,4.0,0.0,1.0,2.55,3.04,3.08
F1,2022-04-03,Lyon,Angers,1738.93,1538.87,4.0,5.0,3.0,3.0,3.0,2.0,H,1.0,0.0,H,15.0,7.0,5.0,4.0,4.0,13.0,9.0,2.0,1.0,1.0,0.0,0.0,1.4,4.87,7.84
F1,2022-04-03,Paris SG,Lorient,1859.75,1541.87,3.0,6.0,4.0,7.0,5.0,1.0,H,2.0,0.0,H,15.0,11.0,7.0,4.0,7.0,14.0,3.0,1.0,2.0,1.0,0.0,0.0,1.19,7.47,14.31
F1,2022-04-08,Lorient,St Etienne,1541.87,1558.03,4.0,7.0,2.0,5.0,6.0,2.0,H,2.0,2.0,D,18.0,13.0,12.0,4.0,18.0,18.0,2.0,3.0,2.0,5.0,0.0,1.0,2.21,3.11,3.71
F1,2022-04-09,Reims,Rennes,1618.86,1724.21,4.0,8.0,7.0,13.0,2.0,3.0,A,0.0,2.0,A,15.0,14.0,7.0,8.0,15.0,7.0,2.0,6.0,2.0,0.0,0.0,0.0,4.54,3.6,1.83
F1,2022-04-09,Clermont,Paris SG,1525.14,1859.75,0.0,1.0,6.0,9.0,1.0,6.0,A,1.0,2.0,A,10.0,17.0,4.0,10.0,8.0,7.0,2.0,5.0,1.0,1.0,0.0,0.0,8.44,5.56,1.34
F1,2022-04-10,Bordeaux,Metz,1507.61,1527.38,1.0,2.0,1.0,2.0,3.0,1.0,H,0.0,1.0,A,12.0,9.0,7.0,2.0,15.0,15.0,5.0,6.0,3.0,2.0,0.0,0.0,1.96,3.46,4.06
F1,2022-04-10,Angers,Lille,1538.87,1746.89,3.0,3.0,5.0,11.0,1.0,1.0,D,0.0,0.0,D,13.0,17.0,3.0,3.0,10.0,12.0,6.0,7.0,3.0,2.0,0.0,0.0,3.31,3.17,2.34
F1,2022-04-10,Brest,Nantes,1571.96,1631.12,3.0,6.0,3.0,7.0,1.0,1.0,D,0.0,1.0,A,12.0,12.0,6.0,5.0,10.0,13.0,4.0,5.0,1.0,3.0,0.0,0.0,2.6,3.21,2.87
F1,2022-04-10,Monaco,Troyes,1708.43,1540.24,6.0,9.0,7.0,11.0,2.0,1.0,H,1.0,1.0,D,11.0,8.0,3.0,1.0,12.0,9.0,10.0,1.0,2.0,2.0,0.0,0.0,1.35,5.09,9.26
F1,2022-04-10,Lens,Nice,1618.23,1676.04,4.0,7.0,2.0,6.0,3.0,0.0,H,0.0,0.0,D,6.0,16.0,3.0,6.0,8.0,15.0,1.0,7.0,2.0,4.0,1.0,2.0,2.33,3.39,3.11
F1,2022-04-10,Strasbourg,Lyon,1665.55,1738.93,7.0,9.0,4.0,7.0,1.0,1.0,D,1.0,0.0,H,15.0,13.0,4.0,3.0,19.0,14.0,5.0,3.0,3.0,1.0,0.0,0.0,2.48,3.41,2.87
F1,2022-04-10,Marseille,Montpellier,1705.07,1630.25,9.0,10.0,4.0,4.0,2.0,0.0,H,2.0,0.0,H,11.0,6.0,5.0,2.0,12.0,13.0,0.0,8.0,0.0,2.0,0.0,1.0,1.53,4.36,6.11
F1,2022-04-15,Rennes,Monaco,1728.33,1714.15,7.0,13.0,9.0,12.0,2.0,3.0,A,1.0,1.0,D,13.0,12.0,4.0,4.0,7.0,15.0,6.0,0.0,1.0,3.0,0.0,0.0,2.11,3.55,3.45
F1,2022-04-16,St Etienne,Brest,1526.71,1580.56,1.0,5.0,4.0,7.0,2.0,1.0,H,2.0,1.0,H,11.0,7.0,4.0,3.0,10.0,10.0,7.0,3.0,0.0,2.0,0.0,0.0,2.23,3.32,3.35
F1,2022-04-16,Lille,Lens,1733.44,1624.91,5.0,9.0,6.0,7.0,1.0,2.0,A,1.0,2.0,A,17.0,11.0,5.0,7.0,12.0,9.0,13.0,7.0,3.0,2.0,0.0,0.0,2.04,3.45,3.75
F1,2022-04-17,Nice,Lorient,1658.89,1550.29,1.0,5.0,4.0,7.0,2.0,1.0,H,0.0,0.0,D,15.0,6.0,2.0,1.0,10.0,12.0,5.0,1.0,2.0,1.0,0.0,0.0,1.73,3.73,4.95
F1,2022-04-17,Metz,Clermont,1510.37,1511.35,0.0,1.0,0.0,0.0,1.0,1.0,D,1.0,1.0,D,4.0,26.0,2.0,4.0,15.0,11.0,0.0,9.0,1.0,1.0,1.0,0.0,2.74,3.2,2.7
F1,2022-04-17,Montpellier,Reims,1610.88,1601.0,3.0,4.0,1.0,5.0,0.0,0.0,D,0.0,0.0,D,14.0,15.0,3.0,9.0,9.0,12.0,9.0,6.0,0.0,3.0,0.0,0.0,2.23,3.08,3.65
F1,2022-04-17,Nantes,Angers,1635.22,1537.89,4.0,7.0,4.0,4.0,1.0,1.0,D,0.0,1.0,A,24.0,10.0,7.0,3.0,12.0,10.0,14.0,5.0,4.0,1.0,0.0,0.0,1.96,3.44,4.06
F1,2022-04-17,Troyes,Strasbourg,1543.47,1669.38,4.0,10.0,5.0,9.0,1.0,1.0,D,0.0,0.0,D,11.0,12.0,3.0,4.0,12.0,19.0,5.0,9.0,1.0,2.0,0.0,0.0,3.79,3.36,2.05
F1,2022-04-17,Lyon,Bordeaux,1726.18,1521.8,5.0,8.0,4.0,4.0,6.0,1.0,H,3.0,0.0,H,15.0,17.0,9.0,5.0,8.0,13.0,3.0,5.0,0.0,0.0,0.0,0.0,1.3,5.85,9.72
F1,2022-04-17,Paris SG,Marseille,1864.84,1729.76,6.0,9.0,9.0,12.0,2.0,1.0,H,2.0,1.0,H,7.0,3.0,3.0,1.0,16.0,12.0,3.0,4.0,6.0,1.0,0.0,0.0,1.36,5.5,7.57
F1,2022-04-20,Bordeaux,St Etienne,1521.8,1526.71,4.0,4.0,3.0,5.0,2.0,2.0,D,2.0,1.0,H,11.0,9.0,7.0,2.0,17.0,18.0,5.0,4.0,5.0,6.0,0.0,0.0,2.4,3.43,2.97
F1,2022-04-20,Lorient,Metz,1550.29,1510.37,3.0,7.0,1.0,2.0,1.0,0.0,H,0.0,0.0,D,15.0,20.0,5.0,5.0,13.0,17.0,10.0,12.0,2.0,2.0,0.0,0.0,1.79,3.65,4.71
F1,2022-04-20,Monaco,Nice,1714.15,1658.89,9.0,12.0,4.0,5.0,1.0,0.0,H,1.0,0.0,H,17.0,15.0,7.0,2.0,19.0,11.0,7.0,10.0,5.0,2.0,0.0,0.0,1.87,3.72,4.14
F1,2022-04-20,Reims,Lille,1601.0,1733.44,1.0,5.0,2.0,6.0,2.0,1.0,H,1.0,0.0,H,10.0,20.0,4.0,5.0,13.0,8.0,5.0,2.0,1.0,1.0,0.0,0.0,3.66,3.19,2.18
F1,2022-04-20,Troyes,Clermont,1543.47,1511.35,4.0,8.0,1.0,1.0,0.0,1.0,A,0.0,0.0,D,16.0,3.0,3.0,1.0,11.0,15.0,5.0,2.0,3.0,6.0,1.0,1.0,2.31,3.32,3.2
F1,2022-04-20,Angers,Paris SG,1537.89,1864.84,2.0,5.0,9.0,12.0,0.0,3.0,A,0.0,2.0,A,8.0,15.0,1.0,8.0,5.0,10.0,3.0,7.0,1.0,2.0,0.0,1.0,7.64,5.07,1.39
F1,2022-04-20,Brest,Lyon,1580.56,1726.18,4.0,4.0,7.0,8.0,2.0,1.0,H,1.0,0.0,H,9.0,18.0,3.0,5.0,15.0,12.0,2.0,2.0,2.0,2.0,0.0,0.0,4.39,4.08,1.75
F1,2022-04-20,Lens,Montpellier,1624.91,1610.88,6.0,10.0,1.0,5.0,2.0,0.0,H,1.0,0.0,H,12.0,9.0,5.0,4.0,11.0,10.0,5.0,3.0,1.0,0.0,0.0,0.0,1.77,3.76,4.68
F1,2022-04-20,Marseille,Nantes,1729.76,1635.22,6.0,12.0,5.0,5.0,3.0,2.0,H,1.0,2.0,A,19.0,4.0,5.0,3.0,10.0,15.0,7.0,3.0,2.0,5.0,0.0,1.0,1.64,3.98,5.48
F1,2022-04-20,Strasbourg,Rennes,1669.38,1728.33,5.0,9.0,4.0,10.0,2.0,1.0,H,1.0,0.0,H,13.0,10.0,5.0,3.0,16.0,11.0,2.0,7.0,1.0,2.0,0.0,0.0,2.59,3.41,2.72
F1,2022-04-23,Lyon,Montpellier,1726.18,1610.88,4.0,8.0,1.0,4.0,5.0,2.0,H,2.0,2.0,D,27.0,11.0,13.0,7.0,13.0,10.0,8.0,2.0,2.0,2.0,0.0,0.0,1.35,5.56,8.03
F1,2022-04-23,St Etienne,Monaco,1526.71,1714.15,4.0,5.0,9.0,15.0,1.0,4.0,A,1.0,2.0,A,8.0,12.0,4.0,6.0,11.0,19.0,1.0,1.0,2.0,3.0,0.0,0.0,4.26,3.78,1.83
F1,2022-04-23,Paris SG,Lens,1864.84,1624.91,9.0,12.0,9.0,12.0,1.0,1.0,D,0.0,0.0,D,18.0,8.0,7.0,3.0,17.0,12.0,4.0,3.0,4.0,2.0,0.0,1.0,1.29,6.0,9.6
F1,2022-04-24,Rennes,Lorient,1728.33,1550.29,3.0,7.0,6.0,7.0,5.0,0.0,H,2.0,0.0,H,10.0,12.0,7.0,2.0,10.0,10.0,2.0,4.0,1.0,0.0,1.0,0.0,1.44,4.76,7.06
F1,2022-04-24,Clermont,Angers,1511.35,1537.89,4.0,4.0,2.0,5.0,2.0,2.0,D,0.0,2.0,A,12.0,9.0,6.0,5.0,10.0,21.0,4.0,4.0,0.0,6.0,0.0,1.0,2.26,3.28,3.35
F1,2022-04-24,Metz,Brest,1510.37,1580.56,1.0,1.0,4.0,7.0,0.0,1.0,A,0.0,1.0,A,10.0,16.0,0.0,3.0,16.0,17.0,4.0,7.0,4.0,0.0,2.0,0.0,2.91,3.22,2.55
F1,2022-04-24,Nantes,Bordeaux,1635.22,1521.8,2.0,5.0,4.0,5.0,5.0,3.0,H,0.0,2.0,A,15.0,20.0,6.0,7.0,12.0,15.0,6.0,4.0,1.0,1.0,0.0,0.0,1.8,3.76,4.46
F1,2022-04-24,Nice,Troyes,1658.89,1543.47,3.0,4.0,1.0,5.0,1.0,0.0,H,0.0,0.0,D,18.0,9.0,3.0,3.0,18.0,11.0,7.0,3.0,0.0,1.0,0.0,0.0,1.63,3.98,5.55
F1,2022-04-24,Lille,Strasbourg,1733.44,1669.38,1.0,5.0,5.0,9.0,1.0,0.0,H,0.0,0.0,D,11.0,11.0,3.0,3.0,18.0,18.0,4.0,6.0,2.0,3.0,0.0,0.0,2.31,3.31,3.25
F1,2022-04-24,Reims,Marseille,1601.0,1729.76,4.0,5.0,6.0,12.0,0.0,1.0,A,0.0,0.0,D,10.0,14.0,3.0,3.0,14.0,7.0,3.0,4.0,1.0,1.0,0.0,0.0,3.88,3.35,2.04
F1,2022-04-29,Strasbourg,Paris SG,1669.38,1864.84,4.0,8.0,7.0,13.0,3.0,3.0,D,1.0,1.0,D,14.0,14.0,2.0,6.0,15.0,6.0,2.0,5.0,3.0,3.0,0.0,0.0,3.68,3.8,1.97
F1,2022-04-30,Lens,Nantes,1624.91,1635.22,7.0,10.0,4.0,8.0,2.0,2.0,D,0.0,2.0,A,20.0,13.0,5.0,5.0,7.0,11.0,6.0,5.0,0.0,5.0,1.0,0.0,1.64,3.99,5.38
F1,2022-04-30,Rennes,St Etienne,1728.33,1526.71,3.0,7.0,4.0,4.0,2.0,0.0,H,1.0,0.0,H,13.0,8.0,3.0,3.0,11.0,15.0,4.0,3.0,1.0,4.0,0.0,0.0,1.33,5.57,8.9
F1,2022-05-01,Troyes,Lille,1530.1,1715.54,1.0,4.0,3.0,5.0,3.0,0.0,H,1.0,0.0,H,9.0,10.0,5.0,1.0,9.0,13.0,1.0,4.0,0.0,4.0,0.0,2.0,3.58,3.28,2.16
F1,2022-05-01,Brest,Clermont,1589.22,1520.38,6.0,10.0,5.0,5.0,2.0,0.0,H,0.0,0.0,D,8.0,16.0,4.0,7.0,7.0,16.0,5.0,13.0,2.0,2.0,1.0,0.0,2.26,3.42,3.19
F1,2022-05-01,Lorient,Reims,1542.93,1605.13,3.0,6.0,4.0,4.0,1.0,2.0,A,1.0,1.0,D,20.0,12.0,8.0,2.0,15.0,13.0,7.0,3.0,2.0,1.0,0.0,0.0,2.27,3.25,3.34
F1,2022-05-01,Monaco,Angers,1735.57,1537.31,9.0,15.0,2.0,3.0,2.0,0.0,H,1.0,0.0,H,15.0,11.0,7.0,5.0,14.0,12.0,8.0,5.0,2.0,2.0,0.0,0.0,1.38,5.01,8.19
F1,2022-05-01,Montpellier,Metz,1592.4,1494.65,1.0,1.0,1.0,1.0,2.0,2.0,D,0.0,1.0,A,18.0,17.0,6.0,5.0,9.0,15.0,8.0,1.0,2.0,3.0,0.0,0.0,1.75,3.84,4.62
F1,2022-05-01,Bordeaux,Nice,1507.74,1660.59,1.0,5.0,6.0,7.0,0.0,1.0,A,0.0,0.0,D,5.0,14.0,1.0,3.0,10.0,12.0,2.0,5.0,1.0,2.0,0.0,0.0,3.65,3.58,2.02
F1,2022-05-01,Marseille,Lyon,1731.68,1726.7,6.0,12.0,6.0,10.0,0.0,3.0,A,0.0,0.0,D,9.0,12.0,2.0,5.0,5.0,13.0,3.0,6.0,2.0,1.0,0.0,0.0,2.29,3.6,3.0
F1,2022-05-06,Lille,Monaco,1715.54,1735.57,3.0,4.0,9.0,15.0,1.0,2.0,A,0.0,1.0,A,15.0,9.0,5.0,3.0,10.0,8.0,3.0,5.0,4.0,1.0,0.0,0.0,3.82,3.68,1.97
F1,2022-05-07,Brest,Strasbourg,1589.22,1671.87,9.0,10.0,4.0,6.0,0.0,1.0,A,0.0,0.0,D,7.0,14.0,2.0,5.0,5.0,15.0,5.0,5.0,1.0,2.0,0.0,0.0,4.69,3.92,1.74
F1,2022-05-08,Metz,Lyon,1494.65,1726.7,1.0,2.0,6.0,10.0,3.0,2.0,H,2.0,1.0,H,15.0,17.0,8.0,5.0,19.0,8.0,3.0,7.0,3.0,2.0,0.0,1.0,7.2,5.03,1.41
F1,2022-05-08,Angers,Bordeaux,1537.31,1507.74,1.0,3.0,1.0,4.0,4.0,1.0,H,2.0,0.0,H,13.0,7.0,8.0,3.0,14.0,18.0,6.0,3.0,1.0,5.0,0.0,0.0,2.13,3.48,3.46
F1,2022-05-08,Clermont,Montpellier,1520.38,1592.4,4.0,5.0,1.0,2.0,2.0,1.0,H,1.0,1.0,D,12.0,10.0,4.0,2.0,10.0,15.0,5.0,3.0,2.0,4.0,0.0,0.0,1.9,3.91,3.79
F1,2022-05-08,Reims,Lens,1605.13,1648.91,6.0,7.0,5.0,11.0,1.0,2.0,A,1.0,0.0,H,7.0,21.0,2.0,5.0,12.0,9.0,3.0,10.0,1.0,2.0,0.0,0.0,3.25,3.41,2.25
F1,2022-05-08,Lorient,Marseille,1542.93,1731.68,3.0,6.0,6.0,9.0,0.0,3.0,A,0.0,1.0,A,7.0,9.0,0.0,6.0,22.0,10.0,4.0,8.0,1.0,1.0,0.0,0.0,3.93,3.79,1.9
F1,2022-05-08,Paris SG,Troyes,1860.55,1530.1,5.0,11.0,3.0,4.0,2.0,2.0,D,2.0,1.0,H,17.0,9.0,7.0,3.0,10.0,19.0,7.0,4.0,1.0,2.0,0.0,0.0,1.17,7.7,16.12
F1,2022-05-11,Nice,St Etienne,1660.59,1522.51,6.0,9.0,1.0,4.0,4.0,2.0,H,0.0,2.0,A,14.0,12.0,7.0,6.0,10.0,13.0,2.0,2.0,2.0,3.0,0.0,0.0,1.59,4.14,5.55
F1,2022-05-11,Nantes,Rennes,1633.14,1720.47,4.0,6.0,6.0,9.0,2.0,1.0,H,1.0,1.0,D,9.0,17.0,3.0,5.0,13.0,9.0,5.0,5.0,2.0,1.0,0.0,0.0,4.78,4.08,1.69
F1,2022-05-14,Bordeaux,Lorient,1507.74,1542.93,0.0,1.0,0.0,3.0,0.0,0.0,D,0.0,0.0,D,14.0,13.0,1.0,2.0,10.0,11.0,3.0,1.0,4.0,4.0,1.0,0.0,2.41,3.63,2.8
F1,2022-05-14,Lyon,Nantes,1726.7,1633.14,6.0,9.0,7.0,8.0,3.0,2.0,H,1.0,0.0,H,17.0,17.0,6.0,6.0,12.0,10.0,5.0,6.0,1.0,0.0,0.0,0.0,1.44,5.15,6.33
F1,2022-05-14,Metz,Angers,1494.65,1537.31,4.0,5.0,4.0,5.0,1.0,0.0,H,0.0,0.0,D,7.0,11.0,2.0,4.0,18.0,17.0,1.0,4.0,3.0,1.0,0.0,0.0,1.96,3.74,3.73
F1,2022-05-14,Monaco,Brest,1735.57,1589.22,9.0,15.0,6.0,9.0,4.0,2.0,H,1.0,2.0,A,25.0,10.0,9.0,5.0,10.0,12.0,10.0,5.0,2.0,1.0,0.0,0.0,1.24,6.53,11.65
F1,2022-05-14,Montpellier,Paris SG,1592.4,1860.55,1.0,2.0,3.0,9.0,0.0,4.0,A,0.0,3.0,A,10.0,15.0,3.0,9.0,9.0,7.0,0.0,2.0,2.0,4.0,0.0,0.0,7.04,5.62,1.38
F1,2022-05-14,Nice,Lille,1660.59,1715.54,9.0,12.0,3.0,3.0,1.0,3.0,A,1.0,0.0,H,16.0,9.0,6.0,5.0,11.0,9.0,10.0,3.0,2.0,3.0,0.0,0.0,1.7,4.04,4.72
F1,2022-05-14,Rennes,Marseille,1720.47,1731.68,6.0,6.0,6.0,9.0,2.0,0.0,H,2.0,0.0,H,12.0,8.0,4.0,0.0,14.0,8.0,6.0,1.0,1.0,2.0,0.0,0.0,2.02,3.75,3.5
F1,2022-05-14,St Etienne,Reims,1522.51,1605.13,0.0,4.0,3.0,7.0,1.0,2.0,A,1.0,1.0,D,16.0,17.0,7.0,7.0,8.0,9.0,3.0,2.0,1.0,0.0,0.0,0.0,1.75,3.95,4.48
F1,2022-05-14,Strasbourg,Clermont,1671.87,1520.38,4.0,8.0,4.0,8.0,1.0,0.0,H,1.0,0.0,H,11.0,11.0,6.0,3.0,13.0,9.0,3.0,2.0,1.0,2.0,0.0,0.0,1.47,4.61,6.73
F1,2022-05-14,Troyes,Lens,1530.1,1648.91,4.0,5.0,5.0,11.0,1.0,3.0,A,1.0,2.0,A,6.0,15.0,2.0,9.0,9.0,9.0,5.0,7.0,1.0,2.0,0.0,0.0,3.32,3.67,2.12
F1,2022-05-21,Angers,Montpellier,1533.83,1571.64,3.0,4.0,1.0,1.0,2.0,0.0,H,1.0,0.0,H,19.0,14.0,3.0,1.0,17.0,12.0,4.0,3.0,1.0,4.0,0.0,0.0,2.02,3.81,3.44
F1,2022-05-21,Brest,Bordeaux,1582.3,1489.53,3.0,9.0,1.0,2.0,2.0,4.0,A,2.0,2.0,D,11.0,15.0,7.0,7.0,10.0,12.0,10.0,1.0,1.0,0.0,0.0,0.0,1.95,4.05,3.47
F1,2022-05-21,Clermont,Lyon,1516.24,1732.44,3.0,7.0,6.0,9.0,1.0,2.0,A,0.0,1.0,A,18.0,21.0,3.0,5.0,10.0,15.0,10.0,4.0,2.0,2.0,0.0,0.0,3.86,4.17,1.83
F1,2022-05-21,Lens,Monaco,1664.81,1750.51,7.0,11.0,9.0,15.0,2.0,2.0,D,1.0,1.0,D,28.0,12.0,10.0,5.0,5.0,7.0,10.0,8.0,2.0,3.0,0.0,0.0,3.29,3.94,2.05
F1,2022-05-21,Lille,Rennes,1697.68,1718.99,3.0,6.0,6.0,9.0,2.0,2.0,D,1.0,1.0,D,13.0,13.0,4.0,3.0,12.0,0.0,7.0,4.0,2.0,2.0,0.0,0.0,4.14,3.99,1.8
F1,2022-05-21,Lorient,Troyes,1525.1,1546.34,1.0,4.0,4.0,4.0,1.0,1.0,D,0.0,1.0,A,17.0,8.0,6.0,3.0,18.0,10.0,6.0,4.0,2.0,2.0,0.0,1.0,2.15,3.57,3.31
F1,2022-05-21,Marseille,Strasbourg,1706.03,1680.44,3.0,9.0,7.0,10.0,4.0,0.0,H,1.0,0.0,H,17.0,10.0,11.0,4.0,11.0,16.0,7.0,3.0,2.0,1.0,0.0,0.0,2.05,3.58,3.59
F1,2022-05-21,Nantes,St Etienne,1635.33,1508.03,4.0,7.0,0.0,1.0,1.0,1.0,D,1.0,0.0,H,12.0,13.0,5.0,3.0,8.0,9.0,5.0,5.0,2.0,0.0,0.0,0.0,2.58,3.6,2.62
F1,2022-05-21,Paris SG,Metz,1856.57,1517.18,5.0,9.0,7.0,7.0,5.0,0.0,H,3.0,0.0,H,27.0,4.0,12.0,1.0,7.0,12.0,4.0,2.0,1.0,2.0,0.0,1.0,1.2,8.07,11.73
F1,2022-05-21,Reims,Nice,1609.33,1656.14,6.0,9.0,6.0,9.0,2.0,3.0,A,2.0,0.0,H,5.0,17.0,4.0,6.0,8.0,14.0,2.0,7.0,0.0,2.0,0.0,0.0,4.04,3.85,1.85
F1,2022-08-05,Lyon,Ajaccio,1736.4,1498.0,6.0,12.0,7.0,11.0,2.0,1.0,H,2.0,1.0,H,11.0,8.0,6.0,4.0,10.0,18.0,4.0,3.0,1.0,6.0,1.0,1.0,1.32,5.35,9.65
F1,2022-08-06,Strasbourg,Monaco,1668.04,1749.38,6.0,7.0,7.0,13.0,1.0,2.0,A,0.0,1.0,A,11.0,24.0,7.0,11.0,18.0,15.0,3.0,7.0,0.0,2.0,0.0,0.0,2.6,3.36,2.75
F1,2022-08-06,Clermont,Paris SG,1512.28,1859.43,3.0,4.0,7.0,9.0,0.0,5.0,A,0.0,3.0,A,7.0,18.0,1.0,12.0,13.0,13.0,0.0,6.0,2.0,1.0,0.0,0.0,10.06,6.53,1.26
F1,2022-08-07,Toulouse,Nice,1560.32,1664.39,3.0,7.0,6.0,12.0,1.0,1.0,D,1.0,0.0,H,6.0,11.0,4.0,4.0,10.0,8.0,6.0,3.0,1.0,2.0,0.0,0.0,2.84,3.41,2.49
F1,2022-08-07,Angers,Nantes,1544.96,1630.72,6.0,7.0,4.0,8.0,0.0,0.0,D,0.0,0.0,D,16.0,14.0,6.0,4.0,15.0,13.0,3.0,6.0,3.0,3.0,0.0,0.0,2.73,3.22,2.71
F1,2022-08-07,Lens,Brest,1665.95,1566.12,7.0,9.0,0.0,6.0,3.0,2.0,H,1.0,0.0,H,17.0,6.0,7.0,4.0,16.0,14.0,6.0,3.0,2.0,4.0,0.0,0.0,1.56,4.43,5.54
F1,2022-08-07,Lille,Auxerre,1696.96,1520.83,4.0,7.0,9.0,13.0,4.0,1.0,H,3.0,0.0,H,16.0,10.0,7.0,2.0,10.0,9.0,7.0,2.0,2.0,1.0,0.0,0.0,1.72,3.93,4.73
F1,2022-08-07,Montpellier,Troyes,1560.5,1547.06,0.0,1.0,2.0,5.0,3.0,2.0,H,2.0,2.0,D,17.0,15.0,6.0,10.0,13.0,10.0,3.0,6.0,1.0,0.0,0.0,0.0,2.19,3.42,3.35
F1,2022-08-07,Rennes,Lorient,1719.7,1524.39,4.0,10.0,2.0,2.0,0.0,1.0,A,0.0,0.0,D,21.0,8.0,6.0,2.0,11.0,5.0,7.0,2.0,3.0,1.0,0.0,0.0,1.34,5.25,8.85
F1,2022-08-07,Marseille,Reims,1718.43,1601.07,6.0,9.0,3.0,6.0,4.0,1.0,H,2.0,0.0,H,16.0,16.0,6.0,6.0,14.0,10.0,6.0,7.0,2.0,0.0,0.0,0.0,1.57,4.07,6.05
F1,2022-08-12,Nantes,Lille,1630.72,1696.96,2.0,6.0,7.0,7.0,1.0,1.0,D,1.0,0.0,H,10.0,16.0,1.0,5.0,14.0,10.0,5.0,11.0,1.0,4.0,0.0,0.0,3.02,3.37,2.4
F1,2022-08-13,Monaco,Rennes,1749.38,1719.7,7.0,13.0,4.0,7.0,1.0,1.0,D,0.0,0.0,D,12.0,24.0,4.0,8.0,6.0,11.0,1.0,6.0,0.0,3.0,1.0,0.0,2.17,3.6,3.26
F1,2022-08-13,Paris SG,Montpellier,1859.43,1560.5,9.0,11.0,3.0,4.0,5.0,2.0,H,2.0,0.0,H,20.0,7.0,10.0,4.0,15.0,18.0,11.0,0.0,2.0,1.0,0.0,0.0,1.1,11.08,24.23
F1,2022-08-14,Ajaccio,Lens,1498.0,1665.95,4.0,8.0,7.0,11.0,0.0,0.0,D,0.0,0.0,D,9.0,12.0,2.0,3.0,16.0,18.0,1.0,3.0,5.0,2.0,0.0,0.0,3.16,3.25,2.36
F1,2022-08-14,Auxerre,Angers,1520.83,1544.96,6.0,10.0,4.0,7.0,2.0,2.0,D,2.0,1.0,H,11.0,11.0,4.0,2.0,10.0,16.0,4.0,5.0,5.0,3.0,1.0,0.0,2.23,3.27,3.42
F1,2022-08-14,Reims,Clermont,1601.07,1512.28,3.0,6.0,0.0,3.0,2.0,4.0,A,2.0,0.0,H,9.0,10.0,6.0,5.0,18.0,8.0,1.0,6.0,3.0,3.0,1.0,0.0,2.14,3.28,3.63
F1,2022-08-14,Troyes,Toulouse,1547.06,1560.32,1.0,5.0,4.0,7.0,0.0,3.0,A,0.0,1.0,A,12.0,10.0,2.0,4.0,14.0,19.0,6.0,6.0,2.0,1.0,0.0,0.0,2.67,3.3,2.7
F1,2022-08-14,Nice,Strasbourg,1664.39,1668.04,4.0,10.0,3.0,7.0,1.0,1.0,D,1.0,0.0,H,13.0,9.0,3.0,5.0,7.0,13.0,7.0,3.0,1.0,4.0,0.0,0.0,2.19,3.31,3.48
F1,2022-08-14,Brest,Marseille,1566.12,1718.43,0.0,3.0,6.0,9.0,1.0,1.0,D,0.0,1.0,A,17.0,5.0,5.0,2.0,10.0,15.0,7.0,5.0,1.0,4.0,0.0,0.0,4.11,3.83,1.84
F1,2022-08-19,Lyon,Troyes,1735.14,1521.84,9.0,12.0,1.0,2.0,4.0,1.0,H,1.0,1.0,D,16.0,4.0,8.0,1.0,9.0,7.0,4.0,5.0,0.0,1.0,0.0,0.0,1.29,5.96,9.54
F1,2022-08-20,Monaco,Lens,1741.18,1663.26,5.0,11.0,5.0,11.0,1.0,4.0,A,1.0,2.0,A,12.0,14.0,5.0,6.0,18.0,13.0,3.0,5.0,4.0,0.0,1.0,0.0,1.77,3.96,4.4
F1,2022-08-20,Marseille,Nantes,1718.9,1626.7,7.0,10.0,3.0,6.0,2.0,1.0,H,0.0,0.0,D,16.0,12.0,5.0,3.0,15.0,6.0,7.0,4.0,5.0,1.0,1.0,0.0,1.59,4.16,5.57
F1,2022-08-21,Strasbourg,Reims,1658.63,1573.91,1.0,7.0,0.0,3.0,1.0,1.0,D,1.0,0.0,H,12.0,12.0,3.0,6.0,12.0,16.0,5.0,4.0,1.0,4.0,0.0,0.0,1.81,3.53,4.75
F1,2022-08-21,Angers,Brest,1542.99,1561.32,5.0,8.0,1.0,1.0,1.0,3.0,A,0.0,2.0,A,7.0,11.0,5.0,7.0,9.0,10.0,3.0,6.0,2.0,0.0,1.0,0.0,2.31,3.34,3.17
F1,2022-08-21,Clermont,Nice,1520.45,1657.71,3.0,6.0,5.0,8.0,1.0,0.0,H,1.0,0.0,H,7.0,13.0,2.0,4.0,4.0,21.0,3.0,6.0,1.0,2.0,0.0,2.0,3.59,3.48,2.08
F1,2022-08-21,Montpellier,Auxerre,1560.73,1511.24,3.0,3.0,4.0,10.0,1.0,2.0,A,1.0,0.0,H,13.0,7.0,7.0,2.0,10.0,13.0,7.0,2.0,1.0,3.0,2.0,2.0,2.12,3.53,3.42
F1,2022-08-21,Toulouse,Lorient,1573.47,1534.32,4.0,7.0,5.0,5.0,2.0,2.0,D,1.0,1.0,D,16.0,14.0,8.0,4.0,14.0,10.0,3.0,6.0,2.0,1.0,0.0,0.0,2.02,3.49,3.76
F1,2022-08-21,Rennes,Ajaccio,1704.99,1495.62,2.0,5.0,4.0,8.0,2.0,1.0,H,1.0,0.0,H,16.0,10.0,7.0,3.0,13.0,11.0,4.0,8.0,5.0,2.0,2.0,0.0,1.42,4.56,8.12
F1,2022-08-21,Lille,Paris SG,1698.13,1863.01,5.0,8.0,9.0,13.0,1.0,7.0,A,0.0,4.0,A,16.0,16.0,10.0,9.0,13.0,8.0,2.0,4.0,2.0,1.0,0.0,0.0,6.33,4.68,1.48
F1,2022-08-26,Ajaccio,Lille,1495.62,1698.13,1.0,5.0,4.0,8.0,1.0,3.0,A,0.0,2.0,A,13.0,7.0,2.0,4.0,13.0,13.0,6.0,0.0,3.0,2.0,0.0,0.0,3.46,3.18,2.26
F1,2022-08-27,Auxerre,Strasbourg,1511.24,1658.63,4.0,10.0,2.0,5.0,1.0,0.0,H,1.0,0.0,H,7.0,14.0,3.0,4.0,4.0,6.0,2.0,5.0,0.0,1.0,0.0,0.0,3.59,3.47,2.08
F1,2022-08-27,Lens,Rennes,1663.26,1704.99,7.0,11.0,4.0,8.0,2.0,1.0,H,0.0,0.0,D,17.0,12.0,4.0,6.0,15.0,13.0,7.0,2.0,0.0,1.0,0.0,0.0,2.54,3.52,2.72
F1,2022-08-28,Nantes,Toulouse,1626.7,1573.47,2.0,3.0,5.0,8.0,3.0,1.0,H,0.0,1.0,A,16.0,9.0,8.0,3.0,11.0,9.0,4.0,5.0,0.0,3.0,0.0,0.0,2.4,3.35,3.02
F1,2022-08-28,Brest,Montpellier,1561.32,1560.73,4.0,4.0,3.0,3.0,0.0,7.0,A,0.0,5.0,A,6.0,14.0,0.0,8.0,15.0,16.0,5.0,4.0,0.0,2.0,1.0,0.0,1.92,3.66,3.98
F1,2022-08-28,Lorient,Clermont,1534.32,1520.45,5.0,6.0,6.0,6.0,2.0,1.0,H,2.0,0.0,H,22.0,9.0,9.0,2.0,12.0,9.0,3.0,4.0,1.0,3.0,0.0,1.0,2.06,3.45,3.68
F1,2022-08-28,Nice,Marseille,1657.71,1718.9,2.0,5.0,7.0,10.0,0.0,3.0,A,0.0,3.0,A,16.0,13.0,2.0,4.0,7.0,15.0,7.0,5.0,1.0,1.0,0.0,0.0,2.78,3.46,2.54
F1,2022-08-28,Troyes,Angers,1521.84,1542.99,0.0,1.0,2.0,5.0,3.0,1.0,H,1.0,0.0,H,25.0,7.0,11.0,3.0,8.0,12.0,8.0,3.0,2.0,3.0,0.0,1.0,2.47,3.33,2.93
F1,2022-08-28,Reims,Lyon,1573.91,1735.14,1.0,4.0,9.0,12.0,1.0,1.0,D,1.0,0.0,H,8.0,18.0,5.0,5.0,12.0,12.0,2.0,7.0,1.0,1.0,1.0,0.0,4.28,4.03,1.77
F1,2022-08-28,Paris SG,Monaco,1863.01,1741.18,9.0,15.0,4.0,8.0,1.0,1.0,D,0.0,1.0,A,18.0,4.0,5.0,3.0,12.0,15.0,4.0,3.0,4.0,4.0,0.0,0.0,1.19,7.98,13.1
F1,2022-08-31,Angers,Reims,1542.99,1573.91,1.0,5.0,2.0,2.0,2.0,4.0,A,0.0,2.0,A,10.0,11.0,3.0,5.0,9.0,15.0,4.0,3.0,1.0,6.0,0.0,1.0,2.54,3.27,2.88
F1,2022-08-31,Lyon,Auxerre,1735.14,1511.24,7.0,13.0,7.0,10.0,2.0,1.0,H,1.0,0.0,H,20.0,6.0,8.0,2.0,13.0,13.0,9.0,3.0,0.0,2.0,0.0,0.0,1.28,6.26,9.42
F1,2022-08-31,Monaco,Troyes,1741.18,1521.84,2.0,6.0,3.0,4.0,2.0,4.0,A,1.0,2.0,A,8.0,19.0,6.0,11.0,13.0,11.0,8.0,6.0,3.0,1.0,1.0,0.0,1.35,5.36,8.16
F1,2022-08-31,Montpellier,Ajaccio,1560.73,1495.62,3.0,6.0,1.0,4.0,2.0,0.0,H,1.0,0.0,H,9.0,15.0,4.0,0.0,9.0,17.0,3.0,8.0,2.0,4.0,1.0,1.0,2.11,3.38,3.63
F1,2022-08-31,Strasbourg,Nantes,1658.63,1626.7,2.0,2.0,4.0,6.0,1.0,1.0,D,1.0,0.0,H,5.0,12.0,2.0,3.0,13.0,18.0,3.0,6.0,0.0,3.0,0.0,0.0,1.91,3.63,4.03
F1,2022-08-31,Lens,Lorient,1663.26,1534.32,7.0,11.0,7.0,9.0,5.0,2.0,H,2.0,1.0,H,15.0,10.0,8.0,3.0,10.0,6.0,4.0,5.0,1.0,3.0,0.0,0.0,1.54,4.28,6.08
F1,2022-08-31,Lille,Nice,1698.13,1657.71,4.0,8.0,1.0,5.0,1.0,2.0,A,1.0,2.0,A,18.0,3.0,6.0,2.0,15.0,21.0,6.0,3.0,1.0,4.0,0.0,0.0,2.04,3.54,3.66
F1,2022-08-31,Marseille,Clermont,1718.9,1520.45,7.0,13.0,6.0,6.0,1.0,0.0,H,0.0,0.0,D,21.0,3.0,7.0,0.0,16.0,12.0,7.0,1.0,2.0,2.0,0.0,0.0,1.38,5.05,8.08
F1,2022-08-31,Rennes,Brest,1704.99,1561.32,4.0,5.0,4.0,4.0,3.0,1.0,H,0.0,0.0,D,16.0,7.0,9.0,2.0,11.0,6.0,7.0,3.0,2.0,0.0,0.0,0.0,1.48,4.71,6.33
F1,2022-08-31,Toulouse,Paris SG,1573.47,1863.01,4.0,5.0,7.0,13.0,0.0,3.0,A,0.0,1.0,A,14.0,20.0,7.0,13.0,10.0,7.0,3.0,9.0,1.0,0.0,0.0,0.0,11.78,7.2,1.22
F1,2022-09-03,Auxerre,Marseille,1531.98,1741.96,6.0,7.0,9.0,13.0,0.0,2.0,A,0.0,1.0,A,8.0,15.0,2.0,7.0,8.0,14.0,4.0,1.0,1.0,1.0,0.0,0.0,4.7,4.04,1.71
F1,2022-09-03,Lyon,Angers,1741.9,1512.34,7.0,13.0,0.0,2.0,5.0,0.0,H,2.0,0.0,H,16.0,8.0,9.0,3.0,5.0,9.0,13.0,3.0,2.0,1.0,0.0,0.0,1.3,5.93,9.35
F1,2022-09-03,Nantes,Paris SG,1634.24,1876.81,4.0,6.0,7.0,13.0,0.0,3.0,A,0.0,1.0,A,10.0,19.0,1.0,7.0,6.0,12.0,1.0,7.0,1.0,4.0,1.0,0.0,9.6,6.27,1.28
F1,2022-09-04,Montpellier,Lille,1585.64,1684.96,6.0,9.0,3.0,7.0,1.0,3.0,A,1.0,1.0,D,4.0,26.0,2.0,7.0,8.0,11.0,1.0,9.0,0.0,4.0,1.0,0.0,3.29,3.68,2.13
F1,2022-09-04,Ajaccio,Lorient,1482.07,1539.8,0.0,1.0,4.0,8.0,0.0,1.0,A,0.0,0.0,D,16.0,7.0,3.0,4.0,16.0,12.0,3.0,3.0,4.0,1.0,0.0,0.0,2.46,3.22,3.02
F1,2022-09-04,Brest,Strasbourg,1546.3,1646.12,3.0,4.0,2.0,3.0,1.0,1.0,D,1.0,1.0,D,11.0,10.0,2.0,3.0,15.0,9.0,7.0,3.0,3.0,1.0,0.0,1.0,2.83,3.4,2.5
F1,2022-09-04,Clermont,Toulouse,1524.19,1562.1,3.0,6.0,1.0,5.0,2.0,0.0,H,0.0,0.0,D,12.0,14.0,3.0,4.0,14.0,12.0,4.0,6.0,4.0,1.0,0.0,0.0,2.94,3.33,2.45
F1,2022-09-04,Reims,Lens,1594.35,1699.07,5.0,5.0,9.0,13.0,1.0,1.0,D,0.0,0.0,D,17.0,20.0,4.0,4.0,9.0,11.0,4.0,4.0,2.0,2.0,0.0,1.0,3.13,3.51,2.26
F1,2022-09-04,Troyes,Rennes,1549.86,1708.14,6.0,6.0,6.0,7.0,1.0,1.0,D,1.0,0.0,H,9.0,19.0,1.0,6.0,13.0,22.0,3.0,5.0,2.0,2.0,1.0,0.0,4.21,3.79,1.83
F1,2022-09-04,Nice,Monaco,1655.14,1710.87,3.0,5.0,1.0,5.0,0.0,1.0,A,0.0,0.0,D,12.0,14.0,5.0,2.0,10.0,12.0,3.0,6.0,2.0,1.0,0.0,0.0,2.78,3.58,2.46
F1,2022-09-07,Lorient,Lyon,1539.8,1741.9,6.0,10.0,7.0,13.0,3.0,1.0,H,2.0,1.0,H,11.0,15.0,6.0,7.0,8.0,18.0,1.0,6.0,1.0,3.0,0.0,0.0,4.62,4.25,1.68
F1,2022-09-09,Lens,Troyes,1699.07,1549.86,7.0,11.0,7.0,7.0,1.0,0.0,H,1.0,0.0,H,12.0,7.0,3.0,2.0,16.0,10.0,9.0,1.0,2.0,1.0,0.0,0.0,1.5,4.6,6.21
F1,2022-09-10,Paris SG,Brest,1876.81,1546.3,7.0,13.0,1.0,5.0,1.0,0.0,H,1.0,0.0,H,13.0,6.0,4.0,3.0,13.0,16.0,3.0,5.0,4.0,2.0,0.0,0.0,1.08,12.74,27.4
F1,2022-09-10,Marseille,Lille,1741.96,1684.96,9.0,13.0,6.0,7.0,2.0,1.0,H,1.0,1.0,D,14.0,7.0,7.0,3.0,22.0,17.0,4.0,3.0,5.0,1.0,0.0,0.0,1.98,3.64,3.77
F1,2022-09-11,Strasbourg,Clermont,1646.12,1524.19,2.0,4.0,3.0,9.0,0.0,0.0,D,0.0,0.0,D,12.0,10.0,4.0,4.0,20.0,15.0,3.0,5.0,4.0,2.0,1.0,0.0,1.67,3.81,5.38
F1,2022-09-11,Ajaccio,Nice,1482.07,1655.14,0.0,1.0,3.0,4.0,0.0,1.0,A,0.0,0.0,D,9.0,12.0,3.0,3.0,9.0,11.0,2.0,3.0,1.0,5.0,0.0,0.0,3.24,3.07,2.43
F1,2022-09-11,Angers,Montpellier,1512.34,1585.64,0.0,1.0,6.0,6.0,2.0,1.0,H,1.0,1.0,D,11.0,7.0,5.0,2.0,15.0,12.0,2.0,5.0,2.0,4.0,0.0,0.0,2.43,3.62,2.79
F1,2022-09-11,Lorient,Nantes,1539.8,1634.24,6.0,10.0,4.0,5.0,3.0,2.0,H,1.0,1.0,D,13.0,9.0,5.0,4.0,9.0,17.0,2.0,5.0,2.0,3.0,0.0,0.0,2.13,3.27,3.68
F1,2022-09-11,Toulouse,Reims,1562.1,1594.35,0.0,4.0,5.0,6.0,1.0,0.0,H,1.0,0.0,H,14.0,11.0,3.0,1.0,17.0,11.0,4.0,6.0,2.0,2.0,0.0,1.0,2.26,3.48,3.16
F1,2022-09-11,Rennes,Auxerre,1708.14,1531.98,4.0,8.0,3.0,7.0,5.0,0.0,H,1.0,0.0,H,12.0,7.0,9.0,3.0,11.0,9.0,2.0,1.0,1.0,0.0,0.0,0.0,1.42,4.87,7.33
F1,2022-09-11,Monaco,Lyon,1710.87,1741.9,4.0,5.0,6.0,10.0,2.0,1.0,H,0.0,0.0,D,11.0,20.0,4.0,6.0,12.0,9.0,1.0,6.0,1.0,2.0,0.0,0.0,2.51,3.62,2.7
F1,2022-09-16,Auxerre,Lorient,1522.58,1576.43,0.0,6.0,9.0,12.0,1.0,3.0,A,0.0,3.0,A,17.0,12.0,5.0,8.0,13.0,11.0,9.0,5.0,3.0,1.0,0.0,0.0,2.71,3.37,2.63
F1,2022-09-17,Montpellier,Strasbourg,1571.02,1643.44,3.0,6.0,3.0,4.0,2.0,1.0,H,1.0,0.0,H,10.0,8.0,4.0,2.0,11.0,20.0,8.0,6.0,4.0,4.0,0.0,0.0,2.51,3.49,2.76
F1,2022-09-17,Lille,Toulouse,1691.24,1562.07,3.0,6.0,3.0,4.0,2.0,1.0,H,1.0,0.0,H,10.0,14.0,4.0,5.0,20.0,14.0,5.0,7.0,2.0,0.0,0.0,0.0,1.77,4.02,4.28
F1,2022-09-18,Reims,Monaco,1591.22,1736.1,4.0,6.0,6.0,7.0,0.0,3.0,A,0.0,0.0,D,9.0,20.0,2.0,11.0,14.0,16.0,5.0,4.0,3.0,3.0,1.0,0.0,3.15,3.55,2.23
F1,2022-09-18,Brest,Ajaccio,1549.93,1472.57,1.0,4.0,0.0,0.0,0.0,1.0,A,0.0,0.0,D,8.0,6.0,4.0,4.0,13.0,12.0,6.0,2.0,2.0,2.0,0.0,0.0,2.06,3.29,3.85
F1,2022-09-18,Clermont,Troyes,1542.64,1552.57,4.0,7.0,4.0,7.0,1.0,3.0,A,1.0,1.0,D,14.0,9.0,2.0,4.0,8.0,15.0,5.0,1.0,0.0,3.0,0.0,0.0,2.28,3.41,3.16
F1,2022-09-18,Marseille,Rennes,1740.58,1718.75,9.0,15.0,7.0,10.0,1.0,1.0,D,0.0,1.0,A,15.0,12.0,4.0,4.0,13.0,13.0,11.0,7.0,3.0,4.0,0.0,0.0,2.06,3.59,3.53
F1,2022-09-18,Nice,Angers,1655.0,1518.79,6.0,6.0,3.0,3.0,0.0,1.0,A,0.0,1.0,A,18.0,16.0,5.0,3.0,9.0,11.0,5.0,4.0,0.0,4.0,1.0,1.0,1.64,3.99,5.35
F1,2022-09-18,Nantes,Lens,1627.57,1704.03,1.0,4.0,7.0,13.0,0.0,0.0,D,0.0,0.0,D,12.0,8.0,4.0,2.0,14.0,14.0,3.0,7.0,1.0,1.0,0.0,0.0,3.13,3.53,2.25
F1,2022-09-18,Lyon,Paris SG,1726.44,1895.42,3.0,7.0,9.0,13.0,0.0,1.0,A,0.0,1.0,A,12.0,15.0,3.0,8.0,14.0,4.0,3.0,7.0,0.0,2.0,0.0,0.0,4.57,4.68,1.63
F1,2022-09-30,Angers,Marseille,1518.79,1740.58,6.0,6.0,7.0,13.0,0.0,3.0,A,0.0,1.0,A,16.0,15.0,5.0,7.0,9.0,14.0,6.0,3.0,0.0,0.0,0.0,0.0,4.44,3.85,1.78
F1,2022-10-01,Strasbourg,Rennes,1620.91,1702.5,2.0,3.0,5.0,8.0,1.0,3.0,A,0.0,1.0,A,9.0,17.0,3.0,7.0,9.0,13.0,1.0,5.0,0.0,2.0,1.0,0.0,2.99,3.5,2.35
F1,2022-10-01,Paris SG,Nice,1886.43,1626.94,9.0,13.0,3.0,6.0,2.0,1.0,H,1.0,0.0,H,12.0,4.0,4.0,1.0,16.0,9.0,4.0,0.0,1.0,1.0,0.0,0.0,1.17,8.29,15.35
F1,2022-10-02,Lorient,Lille,1573.59,1681.63,9.0,12.0,6.0,9.0,2.0,1.0,H,1.0,0.0,H,7.0,20.0,4.0,4.0,13.0,14.0,0.0,14.0,3.0,3.0,1.0,0.0,2.86,3.62,2.38
F1,2022-10-02,Ajaccio,Clermont,1470.17,1516.34,3.0,3.0,4.0,4.0,1.0,3.0,A,0.0,1.0,A,12.0,7.0,3.0,3.0,13.0,10.0,4.0,4.0,3.0,3.0,0.0,0.0,2.24,3.16,3.53
F1,2022-10-02,Auxerre,Brest,1498.17,1525.08,0.0,3.0,1.0,1.0,1.0,1.0,D,0.0,0.0,D,11.0,9.0,3.0,2.0,15.0,18.0,0.0,6.0,4.0,4.0,1.0,0.0,2.69,3.46,2.6
F1,2022-10-02,Toulouse,Montpellier,1544.43,1566.3,3.0,3.0,3.0,9.0,4.0,2.0,H,3.0,1.0,H,12.0,23.0,6.0,6.0,13.0,6.0,3.0,12.0,5.0,4.0,1.0,0.0,1.92,3.8,3.82
F1,2022-10-02,Troyes,Reims,1551.62,1567.64,4.0,10.0,1.0,5.0,2.0,2.0,D,0.0,1.0,A,19.0,5.0,6.0,2.0,13.0,13.0,10.0,2.0,4.0,2.0,0.0,1.0,2.51,3.38,2.83
F1,2022-10-02,Monaco,Nantes,1718.39,1599.49,9.0,10.0,1.0,5.0,4.0,1.0,H,3.0,0.0,H,10.0,7.0,6.0,2.0,8.0,10.0,7.0,7.0,0.0,1.0,0.0,0.0,1.55,4.44,5.6
F1,2022-10-02,Lens,Lyon,1688.95,1708.18,5.0,11.0,0.0,6.0,1.0,0.0,H,0.0,0.0,D,21.0,4.0,6.0,0.0,19.0,16.0,6.0,2.0,2.0,2.0,0.0,0.0,2.54,3.75,2.61
F1,2022-10-07,Lyon,Toulouse,1708.18,1544.43,0.0,3.0,6.0,6.0,1.0,1.0,D,1.0,0.0,H,19.0,5.0,8.0,2.0,13.0,11.0,4.0,5.0,2.0,2.0,0.0,0.0,1.49,4.83,5.96
F1,2022-10-08,Marseille,Ajaccio,1731.99,1470.17,7.0,13.0,3.0,3.0,1.0,2.0,A,1.0,1.0,D,10.0,6.0,2.0,1.0,17.0,18.0,11.0,2.0,0.0,2.0,0.0,0.0,1.36,4.81,9.77
F1,2022-10-08,Reims,Paris SG,1567.64,1886.43,1.0,5.0,9.0,15.0,0.0,0.0,D,0.0,0.0,D,24.0,11.0,4.0,3.0,20.0,12.0,7.0,3.0,3.0,5.0,0.0,1.0,7.17,5.3,1.39
F1,2022-10-09,Montpellier,Monaco,1566.3,1718.39,3.0,6.0,9.0,12.0,0.0,2.0,A,0.0,1.0,A,11.0,11.0,1.0,7.0,13.0,16.0,7.0,2.0,2.0,3.0,0.0,0.0,3.67,3.98,1.92
F1,2022-10-09,Angers,Strasbourg,1510.73,1620.91,6.0,6.0,1.0,3.0,2.0,3.0,A,1.0,2.0,A,14.0,15.0,8.0,7.0,16.0,14.0,6.0,6.0,1.0,1.0,0.0,0.0,2.64,3.41,2.68
F1,2022-10-09,Brest,Lorient,1525.08,1573.59,1.0,2.0,9.0,15.0,1.0,2.0,A,1.0,1.0,D,12.0,14.0,4.0,5.0,14.0,13.0,7.0,8.0,3.0,1.0,0.0,0.0,2.32,3.48,3.05
F1,2022-10-09,Clermont,Auxerre,1516.34,1498.17,4.0,7.0,1.0,1.0,2.0,1.0,H,0.0,0.0,D,10.0,14.0,6.0,5.0,4.0,17.0,4.0,4.0,0.0,0.0,0.0,0.0,2.1,3.46,3.56
F1,2022-10-09,Nice,Troyes,1626.94,1551.62,3.0,6.0,4.0,8.0,3.0,2.0,H,2.0,0.0,H,14.0,17.0,6.0,6.0,8.0,9.0,5.0,5.0,1.0,1.0,0.0,0.0,1.74,3.81,4.76
F1,2022-10-09,Rennes,Nantes,1702.5,1599.49,7.0,11.0,1.0,2.0,3.0,0.0,H,1.0,0.0,H,14.0,8.0,4.0,3.0,13.0,14.0,4.0,3.0,1.0,0.0,1.0,0.0,1.51,4.52,6.13
F1,2022-10-09,Lille,Lens,1681.63,1688.95,3.0,6.0,7.0,11.0,1.0,0.0,H,1.0,0.0,H,12.0,10.0,6.0,3.0,19.0,15.0,5.0,9.0,3.0,5.0,0.0,0.0,2.43,3.6,2.81
F1,2022-10-14,Strasbourg,Lille,1620.91,1681.63,3.0,5.0,6.0,9.0,0.0,3.0,A,0.0,1.0,A,12.0,10.0,1.0,7.0,12.0,17.0,3.0,0.0,3.0,1.0,0.0,0.0,3.05,3.4,2.37
F1,2022-10-15,Lorient,Reims,1587.35,1571.35,9.0,15.0,2.0,3.0,0.0,0.0,D,0.0,0.0,D,10.0,7.0,3.0,2.0,10.0,17.0,2.0,2.0,1.0,3.0,0.0,2.0,2.27,3.44,3.17
F1,2022-10-15,Lens,Montpellier,1685.1,1545.68,4.0,8.0,3.0,3.0,1.0,0.0,H,0.0,0.0,D,17.0,8.0,5.0,1.0,12.0,10.0,4.0,5.0,2.0,2.0,0.0,0.0,1.42,4.91,7.12
F1,2022-10-16,Toulouse,Angers,1556.33,1500.77,4.0,7.0,3.0,6.0,3.0,2.0,H,2.0,1.0,H,14.0,13.0,7.0,6.0,12.0,15.0,2.0,8.0,3.0,2.0,0.0,0.0,1.85,3.91,3.97
F1,2022-10-16,Auxerre,Nice,1488.01,1617.79,1.0,1.0,3.0,6.0,1.0,1.0,D,1.0,1.0,D,11.0,9.0,3.0,2.0,11.0,3.0,2.0,6.0,0.0,0.0,0.0,0.0,3.53,3.51,2.09
F1,2022-10-16,Nantes,Brest,1566.13,1514.34,1.0,1.0,1.0,2.0,4.0,1.0,H,2.0,1.0,H,17.0,11.0,6.0,2.0,12.0,10.0,7.0,5.0,0.0,2.0,0.0,0.0,2.19,3.34,3.44
F1,2022-10-16,Rennes,Lyon,1724.56,1692.29,7.0,11.0,1.0,1.0,3.0,2.0,H,1.0,1.0,D,14.0,7.0,5.0,5.0,13.0,14.0,3.0,2.0,2.0,2.0,0.0,0.0,2.3,3.61,2.98
F1,2022-10-16,Troyes,Ajaccio,1542.19,1470.73,4.0,5.0,6.0,6.0,1.0,1.0,D,0.0,0.0,D,9.0,15.0,2.0,7.0,8.0,14.0,3.0,5.0,2.0,1.0,0.0,0.0,2.18,3.19,3.63
F1,2022-10-16,Monaco,Clermont,1710.43,1530.46,9.0,15.0,6.0,10.0,1.0,1.0,D,1.0,0.0,H,6.0,21.0,4.0,7.0,8.0,11.0,3.0,4.0,2.0,4.0,1.0,0.0,1.36,5.01,8.71
F1,2022-10-16,Paris SG,Marseille,1873.96,1740.05,7.0,13.0,4.0,10.0,1.0,0.0,H,1.0,0.0,H,23.0,18.0,8.0,7.0,9.0,16.0,7.0,6.0,1.0,0.0,0.0,1.0,1.34,5.57,8.4
F1,2022-10-21,Ajaccio,Paris SG,1470.73,1873.96,4.0,7.0,7.0,13.0,0.0,3.0,A,0.0,1.0,A,8.0,11.0,1.0,6.0,13.0,13.0,3.0,8.0,0.0,1.0,0.0,0.0,10.74,5.47,1.3
F1,2022-10-22,Montpellier,Lyon,1545.68,1692.29,0.0,3.0,1.0,1.0,1.0,2.0,A,0.0,1.0,A,10.0,21.0,4.0,10.0,9.0,18.0,4.0,7.0,2.0,2.0,1.0,1.0,3.94,3.98,1.84
F1,2022-10-22,Marseille,Lens,1740.05,1685.1,3.0,7.0,6.0,10.0,0.0,1.0,A,0.0,0.0,D,13.0,12.0,3.0,4.0,19.0,20.0,7.0,3.0,3.0,3.0,0.0,0.0,2.16,3.49,3.39
F1,2022-10-23,Angers,Rennes,1500.77,1724.56,0.0,6.0,9.0,13.0,1.0,2.0,A,0.0,1.0,A,7.0,14.0,2.0,5.0,9.0,11.0,5.0,6.0,2.0,2.0,0.0,0.0,4.21,3.9,1.81
F1,2022-10-23,Clermont,Brest,1530.46,1514.34,7.0,8.0,1.0,1.0,1.0,3.0,A,0.0,1.0,A,14.0,19.0,4.0,11.0,10.0,17.0,7.0,4.0,4.0,1.0,0.0,0.0,2.33,3.39,3.09
F1,2022-10-23,Reims,Auxerre,1571.35,1488.01,3.0,3.0,2.0,2.0,2.0,1.0,H,1.0,1.0,D,19.0,10.0,10.0,2.0,13.0,12.0,8.0,2.0,4.0,0.0,0.0,0.0,1.84,3.68,4.26
F1,2022-10-23,Toulouse,Strasbourg,1556.33,1601.06,7.0,10.0,3.0,4.0,2.0,2.0,D,1.0,0.0,H,17.0,11.0,6.0,5.0,14.0,8.0,6.0,6.0,2.0,1.0,1.0,0.0,2.22,3.57,3.15
F1,2022-10-23,Troyes,Lorient,1542.19,1587.35,2.0,5.0,7.0,13.0,2.0,2.0,D,1.0,0.0,H,13.0,21.0,4.0,5.0,8.0,9.0,3.0,6.0,2.0,0.0,0.0,0.0,2.38,3.5,2.94
F1,2022-10-23,Nice,Nantes,1617.79,1566.13,4.0,7.0,3.0,4.0,1.0,1.0,D,0.0,0.0,D,11.0,11.0,5.0,4.0,9.0,9.0,7.0,3.0,3.0,4.0,0.0,2.0,1.86,3.6,4.31
F1,2022-10-23,Lille,Monaco,1688.83,1710.43,6.0,9.0,7.0,13.0,4.0,3.0,H,2.0,2.0,D,20.0,9.0,7.0,6.0,8.0,10.0,6.0,6.0,1.0,2.0,0.0,0.0,2.43,3.66,2.78
F1,2022-10-28,Lens,Toulouse,1685.1,1556.33,6.0,10.0,5.0,8.0,3.0,0.0,H,0.0,0.0,D,13.0,9.0,8.0,0.0,12.0,13.0,6.0,8.0,2.0,1.0,0.0,0.0,1.57,4.39,5.44
F1,2022-10-29,Paris SG,Troyes,1873.96,1542.19,7.0,13.0,2.0,6.0,4.0,3.0,H,1.0,1.0,D,19.0,16.0,11.0,5.0,9.0,12.0,8.0,4.0,0.0,3.0,0.0,0.0,1.09,11.03,25.33
F1,2022-10-29,Strasbourg,Marseille,1601.06,1740.05,4.0,4.0,0.0,4.0,2.0,2.0,D,0.0,2.0,A,12.0,13.0,5.0,5.0,14.0,11.0,3.0,0.0,0.0,2.0,0.0,0.0,2.91,3.46,2.38
F1,2022-10-30,Auxerre,Ajaccio,1488.01,1470.73,1.0,2.0,4.0,7.0,1.0,0.0,H,1.0,0.0,H,18.0,5.0,5.0,1.0,13.0,12.0,5.0,5.0,1.0,1.0,1.0,1.0,2.57,3.11,2.93
F1,2022-10-30,Brest,Reims,1514.34,1571.35,3.0,4.0,5.0,6.0,0.0,0.0,D,0.0,0.0,D,12.0,11.0,4.0,3.0,15.0,13.0,5.0,5.0,1.0,1.0,0.0,0.0,2.58,3.4,2.71
F1,2022-10-30,Monaco,Angers,1710.43,1500.77,4.0,10.0,0.0,3.0,2.0,0.0,H,0.0,0.0,D,8.0,8.0,5.0,4.0,18.0,15.0,7.0,0.0,3.0,3.0,0.0,0.0,1.39,5.11,7.36
F1,2022-10-30,Nantes,Clermont,1566.13,1530.46,4.0,5.0,4.0,7.0,1.0,1.0,D,0.0,0.0,D,13.0,10.0,4.0,6.0,15.0,9.0,2.0,2.0,0.0,2.0,0.0,0.0,2.02,3.61,3.56
F1,2022-10-30,Rennes,Montpellier,1724.56,1545.68,9.0,13.0,0.0,3.0,3.0,0.0,H,2.0,0.0,H,14.0,8.0,3.0,3.0,15.0,12.0,3.0,4.0,1.0,2.0,0.0,0.0,1.34,5.36,8.46
F1,2022-10-30,Lorient,Nice,1587.35,1617.79,5.0,11.0,5.0,5.0,1.0,2.0,A,1.0,0.0,H,14.0,16.0,8.0,5.0,7.0,7.0,8.0,3.0,0.0,1.0,0.0,0.0,2.47,3.36,2.87
F1,2022-10-30,Lyon,Lille,1692.29,1688.83,4.0,4.0,9.0,12.0,1.0,0.0,H,0.0,0.0,D,6.0,15.0,3.0,5.0,11.0,15.0,3.0,6.0,3.0,1.0,0.0,0.0,2.05,3.77,3.39
F1,2022-11-04,Troyes,Auxerre,1540.52,1494.6,2.0,3.0,4.0,5.0,1.0,1.0,D,1.0,0.0,H,21.0,13.0,6.0,2.0,9.0,10.0,10.0,5.0,2.0,0.0,0.0,0.0,1.96,3.55,3.93
F1,2022-11-05,Ajaccio,Strasbourg,1466.7,1605.63,1.0,4.0,2.0,5.0,4.0,2.0,H,4.0,2.0,H,12.0,9.0,7.0,5.0,15.0,20.0,4.0,3.0,0.0,4.0,1.0,0.0,2.8,3.17,2.68
F1,2022-11-05,Angers,Lens,1490.11,1708.11,0.0,0.0,9.0,12.0,1.0,2.0,A,0.0,1.0,A,6.0,12.0,3.0,4.0,16.0,6.0,3.0,4.0,1.0,2.0,0.0,0.0,4.78,4.01,1.7
F1,2022-11-06,Lorient,Paris SG,1579.56,1887.5,2.0,8.0,9.0,13.0,1.0,2.0,A,0.0,1.0,A,9.0,15.0,2.0,8.0,10.0,9.0,5.0,8.0,1.0,1.0,0.0,0.0,10.06,6.36,1.26
F1,2022-11-06,Clermont,Montpellier,1527.48,1534.16,2.0,8.0,0.0,0.0,1.0,1.0,D,0.0,1.0,A,16.0,7.0,7.0,3.0,14.0,17.0,5.0,1.0,1.0,2.0,0.0,0.0,2.4,3.55,2.88
F1,2022-11-06,Nice,Brest,1629.26,1521.0,5.0,8.0,4.0,5.0,1.0,0.0,H,0.0,0.0,D,14.0,12.0,9.0,2.0,6.0,11.0,2.0,6.0,1.0,1.0,0.0,0.0,1.83,3.72,4.29
F1,2022-11-06,Reims,Nantes,1579.72,1584.1,5.0,7.0,5.0,5.0,1.0,0.0,H,0.0,0.0,D,22.0,15.0,9.0,5.0,7.0,13.0,10.0,4.0,2.0,4.0,0.0,1.0,2.08,3.5,3.54
F1,2022-11-06,Toulouse,Monaco,1557.63,1700.97,4.0,8.0,4.0,10.0,0.0,2.0,A,0.0,0.0,D,13.0,24.0,5.0,10.0,9.0,11.0,7.0,6.0,0.0,1.0,0.0,0.0,3.14,3.83,2.14
F1,2022-11-06,Lille,Rennes,1691.49,1740.93,6.0,9.0,9.0,15.0,1.0,1.0,D,1.0,0.0,H,19.0,3.0,7.0,2.0,9.0,14.0,6.0,2.0,4.0,1.0,0.0,1.0,2.46,3.6,2.77
F1,2022-11-06,Marseille,Lyon,1720.26,1700.72,1.0,4.0,6.0,7.0,1.0,0.0,H,1.0,0.0,H,6.0,11.0,2.0,4.0,9.0,13.0,6.0,4.0,0.0,1.0,0.0,0.0,2.23,3.57,3.14
F1,2022-11-11,Lyon,Nice,1700.72,1629.26,6.0,7.0,7.0,11.0,1.0,1.0,D,0.0,1.0,A,9.0,13.0,3.0,3.0,7.0,7.0,3.0,4.0,1.0,0.0,0.0,0.0,1.78,3.87,4.48
F1,2022-11-12,Lens,Clermont,1708.11,1527.48,9.0,12.0,2.0,6.0,2.0,1.0,H,0.0,1.0,A,16.0,5.0,3.0,2.0,19.0,17.0,5.0,3.0,1.0,3.0,0.0,0.0,1.42,4.77,7.5
F1,2022-11-12,Rennes,Toulouse,1740.93,1557.63,7.0,13.0,1.0,5.0,2.0,1.0,H,1.0,0.0,H,16.0,10.0,8.0,4.0,9.0,10.0,4.0,4.0,0.0,0.0,0.0,0.0,1.52,4.56,5.9
F1,2022-11-13,Paris SG,Auxerre,1887.5,1494.6,9.0,13.0,4.0,5.0,5.0,0.0,H,1.0,0.0,H,9.0,9.0,6.0,3.0,5.0,7.0,3.0,7.0,0.0,0.0,0.0,0.0,1.11,10.29,21.97
F1,2022-11-13,Brest,Troyes,1521.0,1540.52,4.0,4.0,2.0,3.0,2.0,1.0,H,0.0,0.0,D,15.0,8.0,5.0,2.0,13.0,12.0,5.0,5.0,3.0,2.0,0.0,1.0,2.08,3.65,3.41
F1,2022-11-13,Lille,Angers,1691.49,1490.11,4.0,10.0,0.0,0.0,1.0,0.0,H,1.0,0.0,H,9.0,8.0,4.0,2.0,18.0,12.0,2.0,6.0,3.0,1.0,1.0,0.0,1.32,5.43,9.43
F1,2022-11-13,Montpellier,Reims,1534.16,1579.72,1.0,1.0,7.0,9.0,1.0,1.0,D,0.0,0.0,D,16.0,17.0,8.0,4.0,15.0,15.0,11.0,7.0,2.0,2.0,0.0,0.0,2.5,3.49,2.76
F1,2022-11-13,Nantes,Ajaccio,1584.1,1466.7,2.0,5.0,3.0,7.0,2.0,2.0,D,0.0,0.0,D,15.0,13.0,5.0,4.0,16.0,17.0,9.0,6.0,3.0,3.0,0.0,0.0,2.0,3.33,4.0
F1,2022-11-13,Strasbourg,Lorient,1605.63,1579.56,2.0,5.0,1.0,5.0,1.0,1.0,D,0.0,1.0,A,20.0,6.0,4.0,2.0,9.0,9.0,4.0,2.0,4.0,1.0,0.0,0.0,2.16,3.54,3.29
F1,2022-11-13,Monaco,Marseille,1700.97,1720.26,6.0,10.0,4.0,4.0,2.0,3.0,A,1.0,1.0,D,11.0,11.0,6.0,3.0,17.0,9.0,5.0,4.0,3.0,1.0,0.0,0.0,2.33,3.62,2.93
F1,2022-12-28,Ajaccio,Angers,1491.43,1488.92,4.0,5.0,0.0,0.0,1.0,0.0,H,1.0,0.0,H,11.0,14.0,3.0,4.0,13.0,13.0,3.0,5.0,1.0,0.0,0.0,0.0,2.01,3.37,3.93
F1,2022-12-28,Troyes,Nantes,1536.05,1589.46,1.0,3.0,2.0,6.0,0.0,0.0,D,0.0,0.0,D,6.0,19.0,2.0,5.0,9.0,13.0,4.0,4.0,0.0,2.0,0.0,0.0,2.42,3.56,2.85
F1,2022-12-28,Auxerre,Monaco,1500.44,1713.41,4.0,5.0,6.0,7.0,2.0,3.0,A,1.0,1.0,D,11.0,6.0,6.0,3.0,9.0,15.0,1.0,3.0,1.0,0.0,0.0,0.0,4.39,3.97,1.77
F1,2022-12-28,Clermont,Lille,1528.91,1699.76,2.0,3.0,4.0,10.0,0.0,2.0,A,0.0,0.0,D,9.0,14.0,3.0,3.0,9.0,17.0,3.0,3.0,4.0,2.0,1.0,0.0,4.32,3.8,1.82
F1,2022-12-28,Brest,Lyon,1529.6,1696.85,4.0,7.0,4.0,7.0,2.0,4.0,A,1.0,3.0,A,17.0,17.0,5.0,10.0,8.0,19.0,6.0,6.0,2.0,2.0,0.0,0.0,3.62,3.74,1.98
F1,2022-12-28,Paris SG,Strasbourg,1903.3,1594.28,9.0,15.0,2.0,3.0,2.0,1.0,H,1.0,0.0,H,9.0,10.0,6.0,3.0,6.0,12.0,8.0,3.0,4.0,1.0,1.0,0.0,1.22,6.88,12.73
F1,2022-12-29,Lorient,Montpellier,1584.19,1541.0,1.0,3.0,2.0,2.0,0.0,2.0,A,0.0,2.0,A,12.0,14.0,4.0,6.0,15.0,15.0,5.0,2.0,3.0,4.0,0.0,0.0,2.03,3.68,3.56
F1,2022-12-29,Reims,Rennes,1592.21,1741.69,5.0,9.0,7.0,13.0,3.0,1.0,H,2.0,1.0,H,10.0,11.0,4.0,5.0,8.0,8.0,4.0,6.0,2.0,2.0,0.0,0.0,3.28,3.44,2.22
F1,2022-12-29,Marseille,Toulouse,1735.31,1552.91,7.0,7.0,0.0,4.0,6.0,1.0,H,2.0,0.0,H,13.0,10.0,7.0,6.0,14.0,8.0,1.0,6.0,1.0,2.0,0.0,0.0,1.51,4.57,6.1
F1,2022-12-29,Nice,Lens,1644.96,1720.44,7.0,9.0,9.0,15.0,0.0,0.0,D,0.0,0.0,D,9.0,10.0,5.0,2.0,11.0,18.0,4.0,6.0,2.0,3.0,0.0,0.0,3.17,3.02,2.51
F1,2023-01-01,Angers,Lorient,1481.87,1570.01,0.0,0.0,1.0,2.0,1.0,2.0,A,1.0,0.0,H,14.0,10.0,6.0,5.0,16.0,9.0,7.0,7.0,3.0,0.0,0.0,0.0,2.75,3.48,2.53
F1,2023-01-01,Monaco,Brest,1717.32,1522.85,6.0,9.0,3.0,7.0,1.0,0.0,H,0.0,0.0,D,17.0,13.0,5.0,6.0,23.0,14.0,7.0,5.0,3.0,4.0,0.0,0.0,1.5,4.67,5.94
F1,2023-01-01,Nantes,Auxerre,1589.11,1496.53,2.0,4.0,1.0,4.0,1.0,0.0,H,0.0,0.0,D,10.0,14.0,3.0,6.0,10.0,19.0,3.0,7.0,1.0,2.0,0.0,0.0,1.92,3.46,4.23
F1,2023-01-01,Toulouse,Ajaccio,1546.11,1498.48,0.0,1.0,7.0,7.0,2.0,0.0,H,0.0,0.0,D,11.0,1.0,4.0,0.0,15.0,15.0,5.0,2.0,3.0,1.0,0.0,0.0,2.03,3.37,3.87
F1,2023-01-01,Lyon,Clermont,1703.6,1522.1,4.0,10.0,1.0,2.0,0.0,1.0,A,0.0,0.0,D,13.0,13.0,2.0,3.0,21.0,13.0,7.0,4.0,1.0,3.0,0.0,0.0,1.5,4.56,6.28
F1,2023-01-01,Lens,Paris SG,1719.44,1904.83,7.0,13.0,9.0,15.0,3.0,1.0,H,2.0,1.0,H,10.0,16.0,4.0,6.0,16.0,12.0,3.0,7.0,2.0,3.0,0.0,0.0,3.16,3.55,2.23
F1,2023-01-02,Strasbourg,Troyes,1592.74,1536.4,1.0,3.0,2.0,3.0,2.0,3.0,A,1.0,2.0,A,17.0,9.0,7.0,5.0,10.0,12.0,3.0,1.0,1.0,2.0,0.0,0.0,1.82,3.81,4.2
F1,2023-01-02,Lille,Reims,1706.58,1607.69,7.0,10.0,7.0,11.0,1.0,1.0,D,1.0,0.0,H,14.0,9.0,5.0,6.0,8.0,12.0,5.0,1.0,1.0,1.0,0.0,0.0,1.67,4.04,4.99
F1,2023-01-02,Montpellier,Marseille,1555.18,1742.11,5.0,5.0,9.0,10.0,1.0,2.0,A,0.0,0.0,D,8.0,18.0,1.0,9.0,10.0,14.0,5.0,7.0,2.0,2.0,0.0,1.0,4.27,3.97,1.78
F1,2023-01-02,Rennes,Nice,1726.21,1645.96,4.0,10.0,5.0,9.0,2.0,1.0,H,1.0,1.0,D,20.0,7.0,5.0,3.0,16.0,7.0,5.0,2.0,1.0,1.0,0.0,0.0,1.83,3.82,4.19
F1,2023-01-11,Ajaccio,Reims,1498.48,1607.69,4.0,7.0,5.0,9.0,0.0,1.0,A,0.0,1.0,A,11.0,9.0,1.0,3.0,20.0,22.0,2.0,2.0,3.0,3.0,0.0,0.0,3.07,3.19,2.46
F1,2023-01-11,Auxerre,Toulouse,1496.53,1546.11,0.0,4.0,3.0,3.0,0.0,5.0,A,0.0,3.0,A,19.0,9.0,4.0,7.0,22.0,13.0,7.0,4.0,3.0,1.0,0.0,0.0,2.73,3.4,2.6
F1,2023-01-11,Brest,Lille,1522.85,1706.58,3.0,4.0,7.0,8.0,0.0,0.0,D,0.0,0.0,D,5.0,11.0,0.0,4.0,15.0,12.0,0.0,8.0,0.0,1.0,0.0,0.0,3.85,3.65,1.95
F1,2023-01-11,Clermont,Rennes,1522.1,1726.21,3.0,5.0,6.0,10.0,2.0,1.0,H,1.0,0.0,H,11.0,9.0,5.0,2.0,12.0,13.0,4.0,1.0,0.0,2.0,0.0,2.0,3.92,3.63,1.94
F1,2023-01-11,Nantes,Lyon,1589.11,1703.6,5.0,6.0,4.0,7.0,0.0,0.0,D,0.0,0.0,D,13.0,10.0,5.0,6.0,12.0,15.0,6.0,1.0,2.0,3.0,0.0,0.0,3.31,3.37,2.24
F1,2023-01-11,Lorient,Monaco,1570.01,1717.32,4.0,4.0,6.0,12.0,2.0,2.0,D,0.0,0.0,D,8.0,16.0,6.0,4.0,8.0,13.0,3.0,4.0,1.0,1.0,0.0,0.0,3.82,3.82,1.93
F1,2023-01-11,Nice,Montpellier,1645.96,1555.18,2.0,8.0,4.0,5.0,6.0,1.0,H,2.0,0.0,H,16.0,4.0,10.0,2.0,16.0,17.0,3.0,4.0,1.0,1.0,0.0,0.0,1.81,3.71,4.46
F1,2023-01-11,Paris SG,Angers,1904.83,1481.87,6.0,12.0,0.0,0.0,2.0,0.0,H,1.0,0.0,H,9.0,6.0,6.0,0.0,5.0,10.0,5.0,1.0,1.0,2.0,0.0,0.0,1.12,10.38,19.42
F1,2023-01-11,Strasbourg,Lens,1592.74,1719.44,1.0,2.0,7.0,13.0,2.0,2.0,D,2.0,2.0,D,9.0,15.0,6.0,8.0,15.0,10.0,3.0,4.0,1.0,1.0,0.0,0.0,3.69,3.57,2.02
F1,2023-01-11,Troyes,Marseille,1536.4,1742.11,4.0,5.0,9.0,13.0,0.0,2.0,A,0.0,1.0,A,5.0,13.0,1.0,4.0,12.0,13.0,4.0,7.0,2.0,3.0,0.0,0.0,4.79,4.05,1.69
F1,2023-01-14,Lens,Auxerre,1719.44,1496.53,5.0,11.0,0.0,1.0,1.0,0.0,H,0.0,0.0,D,10.0,6.0,2.0,1.0,21.0,16.0,9.0,2.0,2.0,4.0,0.0,1.0,1.37,4.88,8.75
F1,2023-01-14,Marseille,Lorient,1742.11,1570.01,9.0,15.0,4.0,5.0,3.0,1.0,H,1.0,1.0,D,16.0,11.0,8.0,3.0,14.0,12.0,6.0,3.0,1.0,0.0,0.0,0.0,1.39,5.0,7.59
F1,2023-01-14,Lyon,Strasbourg,1703.6,1592.74,4.0,5.0,1.0,2.0,1.0,2.0,A,1.0,2.0,A,28.0,8.0,7.0,6.0,10.0,16.0,14.0,2.0,1.0,3.0,0.0,0.0,1.6,4.23,5.31
F1,2023-01-15,Lille,Troyes,1698.87,1541.05,5.0,9.0,4.0,5.0,5.0,1.0,H,2.0,0.0,H,23.0,10.0,13.0,2.0,12.0,5.0,7.0,2.0,1.0,0.0,0.0,0.0,1.41,4.95,7.4
F1,2023-01-15,Angers,Clermont,1473.91,1547.24,0.0,0.0,6.0,7.0,1.0,2.0,A,0.0,1.0,A,5.0,10.0,1.0,6.0,15.0,11.0,3.0,1.0,2.0,2.0,0.0,0.0,2.42,3.48,2.87
F1,2023-01-15,Montpellier,Nantes,1539.83,1595.49,3.0,5.0,5.0,6.0,0.0,3.0,A,0.0,1.0,A,11.0,12.0,5.0,7.0,13.0,14.0,3.0,5.0,1.0,2.0,2.0,0.0,2.55,3.47,2.72
F1,2023-01-15,Reims,Nice,1617.7,1651.77,7.0,11.0,4.0,8.0,0.0,0.0,D,0.0,0.0,D,13.0,6.0,2.0,4.0,5.0,5.0,5.0,3.0,1.0,1.0,0.0,0.0,2.47,3.3,2.93
F1,2023-01-15,Toulouse,Brest,1570.84,1523.88,6.0,6.0,1.0,4.0,1.0,1.0,D,0.0,1.0,A,16.0,17.0,7.0,5.0,16.0,12.0,10.0,5.0,2.0,2.0,0.0,0.0,2.0,3.56,3.72
F1,2023-01-15,Monaco,Ajaccio,1717.29,1484.04,7.0,10.0,3.0,7.0,7.0,1.0,H,5.0,1.0,H,11.0,5.0,8.0,2.0,8.0,14.0,3.0,3.0,1.0,2.0,0.0,0.0,1.41,4.76,7.62
F1,2023-01-15,Rennes,Paris SG,1719.42,1889.74,3.0,7.0,6.0,12.0,1.0,0.0,H,0.0,0.0,D,8.0,8.0,6.0,1.0,8.0,17.0,4.0,5.0,0.0,0.0,0.0,0.0,5.35,4.54,1.56
F1,2023-01-27,Lorient,Rennes,1575.19,1719.42,4.0,5.0,6.0,9.0,2.0,1.0,H,2.0,0.0,H,4.0,19.0,4.0,6.0,4.0,6.0,2.0,10.0,1.0,1.0,0.0,0.0,3.94,3.52,1.97
F1,2023-01-28,Troyes,Lens,1541.05,1734.63,3.0,4.0,7.0,11.0,1.0,1.0,D,0.0,0.0,D,6.0,21.0,1.0,5.0,12.0,7.0,3.0,11.0,2.0,2.0,0.0,0.0,5.03,3.94,1.68
F1,2023-01-28,Marseille,Monaco,1756.93,1717.29,9.0,15.0,7.0,10.0,1.0,1.0,D,0.0,1.0,A,22.0,11.0,6.0,4.0,7.0,9.0,6.0,3.0,2.0,2.0,0.0,0.0,2.1,3.71,3.35
F1,2023-01-29,Nice,Lille,1651.77,1698.87,4.0,6.0,5.0,11.0,1.0,0.0,H,1.0,0.0,H,12.0,16.0,6.0,7.0,12.0,11.0,5.0,7.0,3.0,2.0,0.0,0.0,2.89,3.32,2.5
F1,2023-01-29,Auxerre,Montpellier,1473.21,1539.83,0.0,0.0,0.0,4.0,0.0,2.0,A,0.0,0.0,D,16.0,4.0,5.0,3.0,13.0,18.0,5.0,3.0,1.0,3.0,0.0,0.0,2.46,3.42,2.89
F1,2023-01-29,Brest,Angers,1523.88,1473.91,2.0,5.0,0.0,0.0,4.0,0.0,H,2.0,0.0,H,9.0,8.0,7.0,1.0,10.0,17.0,4.0,5.0,0.0,2.0,0.0,0.0,2.11,3.49,3.49
F1,2023-01-29,Clermont,Nantes,1547.24,1595.49,9.0,9.0,7.0,9.0,0.0,0.0,D,0.0,0.0,D,9.0,4.0,0.0,0.0,9.0,23.0,9.0,1.0,2.0,1.0,0.0,0.0,2.41,3.31,3.04
F1,2023-01-29,Strasbourg,Toulouse,1597.05,1570.84,4.0,5.0,7.0,7.0,1.0,2.0,A,1.0,1.0,D,11.0,10.0,2.0,3.0,14.0,10.0,4.0,2.0,2.0,2.0,1.0,0.0,2.34,3.46,3.04
F1,2023-01-29,Ajaccio,Lyon,1484.04,1677.04,0.0,4.0,1.0,5.0,0.0,2.0,A,0.0,1.0,A,16.0,8.0,5.0,2.0,22.0,18.0,5.0,1.0,2.0,3.0,0.0,0.0,4.59,3.66,1.79
F1,2023-01-29,Paris SG,Reims,1889.74,1617.7,3.0,9.0,5.0,9.0,1.0,1.0,D,0.0,0.0,D,12.0,17.0,5.0,4.0,5.0,10.0,3.0,3.0,2.0,1.0,1.0,0.0,1.24,6.52,11.19
F1,2023-02-01,Angers,Ajaccio,1455.63,1471.98,0.0,0.0,0.0,3.0,1.0,2.0,A,1.0,0.0,H,6.0,9.0,2.0,4.0,18.0,11.0,2.0,6.0,1.0,2.0,1.0,0.0,2.27,3.18,3.41
F1,2023-02-01,Lille,Clermont,1697.37,1554.92,4.0,8.0,7.0,10.0,0.0,0.0,D,0.0,0.0,D,22.0,13.0,5.0,5.0,15.0,11.0,8.0,3.0,0.0,1.0,0.0,0.0,1.49,4.41,6.64
F1,2023-02-01,Nantes,Marseille,1608.42,1754.76,5.0,9.0,7.0,13.0,0.0,2.0,A,0.0,0.0,D,12.0,13.0,2.0,4.0,14.0,16.0,5.0,7.0,4.0,3.0,0.0,0.0,4.53,3.76,1.78
F1,2023-02-01,Reims,Lorient,1624.45,1586.06,5.0,9.0,4.0,7.0,4.0,2.0,H,1.0,2.0,A,31.0,12.0,9.0,5.0,11.0,7.0,5.0,7.0,1.0,0.0,0.0,0.0,1.83,3.66,4.35
F1,2023-02-01,Toulouse,Troyes,1577.88,1538.35,7.0,10.0,1.0,5.0,4.0,1.0,H,2.0,1.0,H,13.0,11.0,6.0,3.0,12.0,14.0,8.0,0.0,2.0,3.0,0.0,0.0,1.76,4.03,4.35
F1,2023-02-01,Lens,Nice,1730.38,1660.49,5.0,9.0,7.0,8.0,0.0,1.0,A,0.0,0.0,D,9.0,14.0,4.0,6.0,12.0,8.0,5.0,3.0,0.0,2.0,0.0,0.0,1.74,3.6,5.2
F1,2023-02-01,Lyon,Brest,1683.17,1537.38,4.0,7.0,5.0,5.0,0.0,0.0,D,0.0,0.0,D,28.0,8.0,8.0,1.0,10.0,13.0,15.0,2.0,0.0,0.0,0.0,0.0,1.51,4.52,6.04
F1,2023-02-01,Monaco,Auxerre,1725.39,1462.41,5.0,11.0,0.0,0.0,3.0,2.0,H,2.0,0.0,H,16.0,11.0,6.0,3.0,11.0,7.0,5.0,4.0,0.0,0.0,0.0,0.0,1.33,5.51,8.92
F1,2023-02-01,Montpellier,Paris SG,1537.34,1871.68,3.0,6.0,4.0,7.0,1.0,3.0,A,0.0,0.0,D,6.0,19.0,3.0,8.0,9.0,12.0,1.0,3.0,1.0,1.0,0.0,0.0,8.82,5.88,1.31
F1,2023-02-01,Rennes,Strasbourg,1719.58,1587.47,3.0,6.0,4.0,4.0,3.0,0.0,H,2.0,0.0,H,6.0,3.0,3.0,0.0,12.0,13.0,4.0,0.0,0.0,1.0,0.0,0.0,1.55,4.2,6.08
F1,2023-02-04,Paris SG,Toulouse,1871.68,1577.88,4.0,7.0,7.0,13.0,2.0,1.0,H,1.0,1.0,D,22.0,14.0,5.0,5.0,9.0,14.0,6.0,2.0,2.0,2.0,0.0,0.0,1.37,5.41,7.45
F1,2023-02-04,Troyes,Lyon,1538.35,1683.17,1.0,4.0,4.0,5.0,1.0,3.0,A,0.0,1.0,A,8.0,10.0,2.0,6.0,10.0,14.0,5.0,6.0,0.0,1.0,0.0,0.0,4.52,4.09,1.72
F1,2023-02-04,Rennes,Lille,1719.58,1697.37,6.0,9.0,4.0,6.0,1.0,3.0,A,1.0,0.0,H,10.0,15.0,6.0,6.0,16.0,9.0,2.0,1.0,1.0,2.0,0.0,0.0,2.32,3.42,3.12
F1,2023-02-05,Clermont,Monaco,1554.92,1725.39,5.0,11.0,7.0,11.0,0.0,2.0,A,0.0,2.0,A,8.0,14.0,3.0,5.0,9.0,21.0,2.0,4.0,1.0,2.0,0.0,0.0,4.04,3.79,1.87
F1,2023-02-05,Ajaccio,Nantes,1471.98,1608.42,3.0,3.0,4.0,8.0,0.0,2.0,A,0.0,0.0,D,8.0,7.0,2.0,3.0,16.0,16.0,2.0,2.0,2.0,1.0,1.0,0.0,2.81,3.08,2.74
F1,2023-02-05,Auxerre,Reims,1462.41,1624.45,0.0,0.0,5.0,9.0,0.0,0.0,D,0.0,0.0,D,12.0,8.0,3.0,4.0,13.0,10.0,4.0,5.0,2.0,0.0,0.0,0.0,3.48,3.5,2.1
F1,2023-02-05,Lorient,Angers,1586.06,1455.63,3.0,7.0,0.0,0.0,0.0,0.0,D,0.0,0.0,D,13.0,13.0,2.0,5.0,16.0,16.0,8.0,6.0,2.0,4.0,0.0,0.0,1.87,3.6,4.22
F1,2023-02-05,Strasbourg,Montpellier,1587.47,1537.34,3.0,4.0,3.0,3.0,2.0,0.0,H,2.0,0.0,H,6.0,11.0,2.0,0.0,11.0,16.0,4.0,7.0,3.0,1.0,1.0,0.0,2.11,3.32,3.68
F1,2023-02-05,Brest,Lens,1537.38,1730.38,5.0,6.0,4.0,8.0,1.0,1.0,D,0.0,0.0,D,16.0,20.0,3.0,7.0,15.0,9.0,11.0,5.0,4.0,2.0,0.0,0.0,4.44,3.69,1.81
F1,2023-02-05,Marseille,Nice,1754.76,1660.49,7.0,13.0,7.0,10.0,1.0,3.0,A,0.0,2.0,A,22.0,14.0,5.0,8.0,10.0,5.0,9.0,1.0,0.0,1.0,0.0,0.0,1.71,3.85,4.97
F1,2023-02-10,Nice,Ajaccio,1660.49,1471.98,9.0,13.0,3.0,3.0,3.0,0.0,H,1.0,0.0,H,11.0,6.0,3.0,3.0,9.0,7.0,5.0,5.0,1.0,0.0,0.0,0.0,1.58,3.82,6.6
F1,2023-02-11,Monaco,Paris SG,1725.39,1871.68,7.0,11.0,7.0,10.0,3.0,1.0,H,3.0,1.0,H,19.0,7.0,9.0,2.0,9.0,11.0,3.0,2.0,0.0,1.0,0.0,0.0,2.61,3.56,2.62
F1,2023-02-11,Clermont,Marseille,1554.92,1754.76,2.0,8.0,4.0,10.0,0.0,2.0,A,0.0,1.0,A,9.0,17.0,4.0,5.0,15.0,16.0,3.0,4.0,4.0,3.0,0.0,0.0,5.2,3.8,1.69
F1,2023-02-12,Toulouse,Rennes,1577.88,1719.58,6.0,10.0,3.0,6.0,3.0,1.0,H,3.0,0.0,H,13.0,13.0,7.0,4.0,12.0,17.0,2.0,7.0,1.0,1.0,0.0,0.0,3.04,3.45,2.33
F1,2023-02-12,Angers,Auxerre,1455.63,1462.41,1.0,1.0,1.0,1.0,1.0,1.0,D,1.0,1.0,D,10.0,15.0,5.0,4.0,10.0,9.0,6.0,4.0,2.0,0.0,0.0,0.0,2.27,3.4,3.19
F1,2023-02-12,Lille,Strasbourg,1697.37,1587.47,4.0,8.0,3.0,7.0,2.0,0.0,H,2.0,0.0,H,14.0,5.0,10.0,0.0,13.0,13.0,5.0,4.0,1.0,2.0,0.0,0.0,1.48,4.44,6.91
F1,2023-02-12,Montpellier,Brest,1537.34,1537.38,3.0,3.0,5.0,7.0,3.0,0.0,H,2.0,0.0,H,16.0,10.0,7.0,2.0,15.0,20.0,4.0,3.0,1.0,2.0,0.0,0.0,2.37,3.36,3.04
F1,2023-02-12,Reims,Troyes,1624.45,1538.35,5.0,9.0,1.0,1.0,4.0,0.0,H,2.0,0.0,H,20.0,7.0,10.0,2.0,13.0,14.0,5.0,2.0,1.0,2.0,0.0,0.0,1.55,4.33,5.78
F1,2023-02-12,Nantes,Lorient,1608.42,1586.06,4.0,8.0,4.0,5.0,1.0,0.0,H,0.0,0.0,D,13.0,9.0,6.0,5.0,12.0,11.0,7.0,3.0,0.0,0.0,0.0,0.0,2.01,3.49,3.78
F1,2023-02-12,Lyon,Lens,1683.17,1730.38,7.0,8.0,2.0,6.0,2.0,1.0,H,1.0,1.0,D,11.0,14.0,5.0,4.0,15.0,11.0,2.0,5.0,1.0,1.0,0.0,0.0,2.38,3.46,2.94
F1,2023-02-17,Auxerre,Lyon,1463.53,1692.22,2.0,2.0,7.0,10.0,2.0,1.0,H,0.0,1.0,A,8.0,6.0,3.0,4.0,17.0,12.0,6.0,4.0,4.0,2.0,0.0,0.0,3.97,3.6,1.94
F1,2023-02-18,Nice,Reims,1691.38,1637.13,9.0,13.0,7.0,9.0,0.0,0.0,D,0.0,0.0,D,16.0,10.0,1.0,2.0,9.0,13.0,9.0,0.0,1.0,1.0,0.0,0.0,2.14,3.35,3.57
F1,2023-02-18,Strasbourg,Angers,1581.45,1449.23,3.0,6.0,2.0,2.0,2.0,1.0,H,2.0,0.0,H,18.0,10.0,5.0,3.0,14.0,16.0,4.0,5.0,3.0,3.0,0.0,0.0,1.85,3.55,4.42
F1,2023-02-19,Paris SG,Lille,1856.35,1711.2,6.0,7.0,7.0,10.0,4.0,3.0,H,2.0,1.0,H,12.0,16.0,10.0,7.0,9.0,19.0,3.0,6.0,2.0,4.0,0.0,0.0,1.63,4.24,5.06
F1,2023-02-19,Brest,Monaco,1531.97,1747.96,2.0,6.0,9.0,13.0,1.0,2.0,A,0.0,1.0,A,13.0,10.0,3.0,3.0,7.0,10.0,5.0,5.0,1.0,2.0,0.0,0.0,4.41,3.85,1.78
F1,2023-02-19,Lorient,Ajaccio,1565.59,1466.06,1.0,4.0,3.0,3.0,3.0,0.0,H,2.0,0.0,H,10.0,12.0,6.0,3.0,11.0,14.0,2.0,2.0,0.0,2.0,0.0,0.0,2.07,3.29,3.85
F1,2023-02-19,Rennes,Clermont,1696.87,1545.7,3.0,6.0,1.0,5.0,2.0,0.0,H,1.0,0.0,H,18.0,7.0,6.0,3.0,9.0,10.0,2.0,7.0,0.0,2.0,0.0,0.0,1.57,4.01,6.11
F1,2023-02-19,Troyes,Montpellier,1510.5,1537.9,0.0,1.0,3.0,6.0,0.0,1.0,A,0.0,0.0,D,4.0,19.0,2.0,7.0,12.0,9.0,2.0,10.0,2.0,1.0,1.0,1.0,2.79,3.32,2.57
F1,2023-02-19,Lens,Nantes,1706.31,1614.1,1.0,5.0,6.0,10.0,3.0,1.0,H,2.0,1.0,H,19.0,6.0,6.0,3.0,9.0,15.0,2.0,5.0,0.0,0.0,0.0,0.0,1.52,4.26,6.49
F1,2023-02-19,Toulouse,Marseille,1599.22,1751.02,6.0,10.0,6.0,10.0,2.0,3.0,A,1.0,0.0,H,15.0,15.0,6.0,7.0,8.0,10.0,3.0,10.0,0.0,2.0,0.0,0.0,3.7,3.79,1.94
F1,2023-02-24,Lille,Brest,1711.2,1531.97,6.0,7.0,1.0,5.0,2.0,1.0,H,0.0,1.0,A,18.0,3.0,4.0,0.0,8.0,11.0,11.0,2.0,2.0,2.0,0.0,1.0,1.35,5.22,9.01
F1,2023-02-25,Angers,Lyon,1449.23,1692.22,2.0,2.0,6.0,10.0,1.0,3.0,A,0.0,1.0,A,11.0,7.0,2.0,5.0,16.0,6.0,2.0,2.0,0.0,0.0,0.0,0.0,4.88,3.88,1.71
F1,2023-02-25,Montpellier,Lens,1537.9,1706.31,6.0,9.0,4.0,5.0,1.0,1.0,D,0.0,1.0,A,8.0,19.0,3.0,6.0,12.0,13.0,4.0,6.0,0.0,3.0,0.0,0.0,4.4,3.64,1.83
F1,2023-02-26,Lorient,Auxerre,1565.59,1463.53,4.0,7.0,5.0,5.0,0.0,1.0,A,0.0,0.0,D,18.0,9.0,4.0,1.0,12.0,21.0,10.0,0.0,2.0,3.0,0.0,0.0,2.1,3.48,3.51
F1,2023-02-26,Ajaccio,Troyes,1466.06,1510.5,0.0,3.0,0.0,1.0,2.0,1.0,H,0.0,1.0,A,14.0,11.0,6.0,5.0,8.0,15.0,6.0,3.0,2.0,2.0,0.0,1.0,2.24,3.17,3.49
F1,2023-02-26,Clermont,Strasbourg,1545.7,1581.45,0.0,2.0,6.0,6.0,1.0,1.0,D,0.0,1.0,A,11.0,12.0,4.0,6.0,17.0,25.0,7.0,2.0,1.0,4.0,0.0,0.0,2.57,3.18,2.9
F1,2023-02-26,Nantes,Rennes,1614.1,1696.87,6.0,7.0,3.0,6.0,0.0,1.0,A,0.0,1.0,A,20.0,11.0,7.0,3.0,8.0,12.0,12.0,4.0,2.0,2.0,0.0,0.0,3.44,3.36,2.18
F1,2023-02-26,Reims,Toulouse,1637.13,1599.22,5.0,9.0,3.0,9.0,3.0,0.0,H,2.0,0.0,H,18.0,13.0,6.0,6.0,12.0,14.0,4.0,2.0,0.0,0.0,0.0,0.0,2.12,3.52,3.44
F1,2023-02-26,Monaco,Nice,1747.96,1691.38,9.0,13.0,7.0,13.0,0.0,3.0,A,0.0,3.0,A,15.0,12.0,4.0,7.0,8.0,12.0,5.0,3.0,0.0,1.0,0.0,0.0,2.03,3.57,3.62
F1,2023-02-26,Marseille,Paris SG,1751.02,1856.35,6.0,10.0,6.0,10.0,0.0,3.0,A,0.0,2.0,A,19.0,12.0,6.0,7.0,20.0,14.0,7.0,4.0,0.0,0.0,0.0,0.0,2.74,3.69,2.44
F1,2023-03-03,Nice,Auxerre,1703.64,1483.96,7.0,13.0,7.0,8.0,1.0,1.0,D,1.0,1.0,D,17.0,3.0,5.0,1.0,10.0,12.0,8.0,0.0,0.0,1.0,0.0,0.0,1.65,3.76,5.77
F1,2023-03-04,Lens,Lille,1705.8,1706.69,4.0,5.0,6.0,10.0,1.0,1.0,D,1.0,0.0,H,10.0,11.0,1.0,6.0,18.0,14.0,10.0,3.0,2.0,4.0,0.0,0.0,2.39,3.39,2.99
F1,2023-03-04,Paris SG,Nantes,1867.11,1588.21,6.0,12.0,3.0,6.0,4.0,2.0,H,2.0,2.0,D,17.0,8.0,11.0,5.0,7.0,8.0,4.0,6.0,0.0,2.0,0.0,0.0,1.31,5.66,9.3
F1,2023-03-05,Troyes,Monaco,1489.9,1728.6,0.0,0.0,6.0,12.0,2.0,2.0,D,1.0,0.0,H,13.0,17.0,6.0,4.0,8.0,8.0,3.0,4.0,0.0,1.0,0.0,0.0,5.94,4.63,1.5
F1,2023-03-05,Montpellier,Angers,1545.73,1436.17,7.0,7.0,1.0,2.0,5.0,0.0,H,3.0,0.0,H,15.0,10.0,8.0,4.0,10.0,18.0,6.0,5.0,1.0,4.0,0.0,1.0,1.77,3.68,4.74
F1,2023-03-05,Reims,Ajaccio,1645.84,1462.25,7.0,11.0,3.0,6.0,1.0,0.0,H,0.0,0.0,D,12.0,5.0,3.0,1.0,19.0,21.0,2.0,1.0,3.0,3.0,0.0,0.0,1.61,3.86,5.99
F1,2023-03-05,Strasbourg,Brest,1581.39,1521.12,4.0,7.0,0.0,2.0,0.0,1.0,A,0.0,1.0,A,17.0,8.0,4.0,1.0,14.0,17.0,9.0,2.0,2.0,1.0,0.0,0.0,2.0,3.29,4.07
F1,2023-03-05,Toulouse,Clermont,1580.04,1536.63,3.0,6.0,1.0,2.0,0.0,1.0,A,0.0,0.0,D,9.0,12.0,0.0,3.0,20.0,4.0,4.0,5.0,4.0,1.0,0.0,0.0,1.79,3.78,4.41
F1,2023-03-05,Lyon,Lorient,1680.7,1557.91,6.0,10.0,3.0,4.0,0.0,0.0,D,0.0,0.0,D,17.0,11.0,5.0,1.0,19.0,6.0,6.0,5.0,1.0,0.0,0.0,0.0,1.53,4.42,5.93
F1,2023-03-05,Rennes,Marseille,1702.29,1741.19,6.0,9.0,6.0,9.0,0.0,1.0,A,0.0,0.0,D,13.0,11.0,2.0,4.0,10.0,10.0,4.0,3.0,1.0,1.0,0.0,0.0,2.77,3.52,2.49
F1,2023-03-10,Lille,Lyon,1706.69,1680.7,4.0,10.0,4.0,10.0,3.0,3.0,D,0.0,0.0,D,8.0,6.0,6.0,5.0,20.0,19.0,4.0,0.0,5.0,4.0,0.0,0.0,1.92,3.76,3.88
F1,2023-03-11,Auxerre,Rennes,1483.96,1702.29,7.0,9.0,6.0,6.0,0.0,0.0,D,0.0,0.0,D,12.0,7.0,0.0,2.0,14.0,11.0,8.0,0.0,2.0,2.0,0.0,0.0,3.87,3.45,1.99
F1,2023-03-11,Brest,Paris SG,1521.12,1867.11,3.0,4.0,9.0,12.0,1.0,2.0,A,1.0,1.0,D,7.0,17.0,2.0,8.0,6.0,12.0,6.0,3.0,1.0,1.0,0.0,0.0,6.87,4.88,1.42
F1,2023-03-12,Clermont,Lens,1536.63,1705.8,4.0,4.0,5.0,6.0,0.0,4.0,A,0.0,3.0,A,9.0,13.0,6.0,6.0,13.0,13.0,6.0,4.0,1.0,2.0,0.0,0.0,4.54,3.49,1.84
F1,2023-03-12,Ajaccio,Montpellier,1462.25,1545.73,3.0,3.0,7.0,10.0,0.0,1.0,A,0.0,0.0,D,7.0,12.0,1.0,4.0,13.0,18.0,1.0,3.0,2.0,2.0,0.0,0.0,2.96,3.17,2.52
F1,2023-03-12,Angers,Toulouse,1436.17,1580.04,0.0,2.0,0.0,3.0,0.0,2.0,A,0.0,1.0,A,13.0,8.0,2.0,5.0,8.0,11.0,6.0,8.0,0.0,1.0,0.0,0.0,3.61,3.68,1.99
F1,2023-03-12,Lorient,Troyes,1557.91,1489.9,4.0,5.0,1.0,1.0,2.0,0.0,H,1.0,0.0,H,16.0,9.0,6.0,2.0,11.0,10.0,1.0,4.0,0.0,2.0,0.0,0.0,1.76,3.83,4.49
F1,2023-03-12,Nantes,Nice,1588.21,1703.64,0.0,6.0,5.0,11.0,2.0,2.0,D,1.0,1.0,D,10.0,16.0,3.0,8.0,9.0,11.0,1.0,10.0,1.0,1.0,0.0,0.0,2.98,3.18,2.5
F1,2023-03-12,Monaco,Reims,1728.6,1645.84,4.0,10.0,7.0,11.0,0.0,1.0,A,0.0,0.0,D,14.0,17.0,3.0,8.0,9.0,14.0,3.0,3.0,1.0,2.0,0.0,0.0,1.82,3.8,4.18
F1,2023-03-12,Marseille,Strasbourg,1741.19,1581.39,6.0,9.0,4.0,7.0,2.0,2.0,D,0.0,0.0,D,7.0,24.0,4.0,9.0,6.0,15.0,1.0,8.0,0.0,4.0,1.0,0.0,1.4,4.8,7.69
F1,2023-03-17,Lyon,Nantes,1677.73,1587.03,5.0,8.0,1.0,4.0,1.0,1.0,D,1.0,1.0,D,11.0,11.0,6.0,5.0,13.0,7.0,5.0,2.0,0.0,1.0,0.0,0.0,1.6,4.14,5.54
F1,2023-03-18,Toulouse,Lille,1576.91,1705.22,3.0,6.0,5.0,8.0,0.0,2.0,A,0.0,0.0,D,16.0,18.0,4.0,5.0,12.0,2.0,12.0,8.0,2.0,0.0,0.0,0.0,3.21,3.66,2.16
F1,2023-03-18,Lens,Angers,1714.49,1418.29,5.0,8.0,0.0,1.0,3.0,0.0,H,2.0,0.0,H,12.0,3.0,6.0,1.0,7.0,15.0,4.0,4.0,0.0,0.0,0.0,0.0,1.25,6.09,12.34
F1,2023-03-19,Ajaccio,Monaco,1451.69,1711.77,3.0,3.0,1.0,7.0,0.0,2.0,A,0.0,1.0,A,10.0,8.0,1.0,4.0,20.0,13.0,1.0,4.0,2.0,1.0,1.0,0.0,5.27,3.7,1.7
F1,2023-03-19,Montpellier,Clermont,1561.51,1535.67,7.0,13.0,4.0,4.0,2.0,1.0,H,0.0,1.0,A,23.0,16.0,9.0,8.0,15.0,15.0,11.0,4.0,3.0,1.0,1.0,0.0,1.87,3.52,4.32
F1,2023-03-19,Nice,Lorient,1697.63,1569.11,5.0,9.0,4.0,7.0,1.0,1.0,D,0.0,1.0,A,16.0,9.0,1.0,3.0,13.0,10.0,10.0,2.0,0.0,2.0,0.0,1.0,1.68,3.86,5.16
F1,2023-03-19,Strasbourg,Auxerre,1575.73,1494.12,2.0,5.0,5.0,9.0,2.0,0.0,H,1.0,0.0,H,13.0,8.0,6.0,1.0,14.0,11.0,5.0,4.0,2.0,1.0,0.0,0.0,2.0,3.39,3.95
F1,2023-03-19,Troyes,Brest,1487.03,1529.11,1.0,1.0,3.0,3.0,2.0,2.0,D,2.0,1.0,H,15.0,9.0,5.0,2.0,12.0,10.0,7.0,4.0,1.0,1.0,0.0,0.0,2.86,3.36,2.49
F1,2023-03-19,Paris SG,Rennes,1866.55,1689.16,9.0,12.0,4.0,7.0,0.0,2.0,A,0.0,1.0,A,17.0,10.0,8.0,3.0,11.0,12.0,6.0,3.0,1.0,1.0,0.0,0.0,1.47,4.8,6.32
F1,2023-03-19,Reims,Marseille,1659.56,1743.08,9.0,13.0,4.0,10.0,1.0,2.0,A,1.0,2.0,A,19.0,12.0,6.0,5.0,13.0,11.0,6.0,5.0,2.0,3.0,0.0,0.0,2.95,3.49,2.36
F1,2023-03-31,Marseille,Montpellier,1743.08,1561.51,7.0,10.0,9.0,13.0,1.0,1.0,D,1.0,1.0,D,13.0,9.0,2.0,3.0,15.0,9.0,1.0,3.0,2.0,2.0,0.0,0.0,1.46,4.61,6.8
F1,2023-04-01,Auxerre,Troyes,1488.28,1488.55,2.0,8.0,2.0,2.0,1.0,0.0,H,0.0,0.0,D,13.0,14.0,5.0,2.0,7.0,15.0,4.0,5.0,0.0,0.0,0.0,0.0,1.89,3.54,4.24
F1,2023-04-01,Rennes,Lens,1709.04,1718.87,4.0,10.0,7.0,11.0,0.0,1.0,A,0.0,1.0,A,10.0,12.0,3.0,4.0,13.0,11.0,5.0,5.0,2.0,2.0,0.0,0.0,2.57,3.38,2.75
F1,2023-04-02,Lille,Lorient,1714.59,1575.08,5.0,8.0,5.0,8.0,3.0,1.0,H,1.0,0.0,H,20.0,2.0,7.0,1.0,14.0,9.0,5.0,1.0,3.0,3.0,0.0,1.0,1.37,5.15,7.92
F1,2023-04-02,Angers,Nice,1416.74,1698.36,0.0,0.0,3.0,7.0,1.0,1.0,D,1.0,1.0,D,13.0,12.0,6.0,3.0,8.0,11.0,5.0,2.0,1.0,1.0,0.0,0.0,6.23,3.88,1.58
F1,2023-04-02,Brest,Toulouse,1530.43,1570.37,4.0,4.0,3.0,3.0,3.0,1.0,H,1.0,1.0,D,17.0,8.0,7.0,3.0,16.0,12.0,4.0,2.0,2.0,5.0,0.0,1.0,2.81,3.45,2.48
F1,2023-04-02,Clermont,Ajaccio,1530.72,1448.64,3.0,4.0,0.0,3.0,2.0,1.0,H,0.0,1.0,A,14.0,3.0,6.0,2.0,15.0,22.0,5.0,1.0,2.0,5.0,0.0,1.0,2.11,3.2,3.83
F1,2023-04-02,Nantes,Reims,1592.05,1653.97,2.0,2.0,6.0,10.0,0.0,3.0,A,0.0,2.0,A,12.0,14.0,6.0,9.0,10.0,13.0,3.0,4.0,1.0,2.0,0.0,0.0,3.05,3.3,2.39
F1,2023-04-02,Monaco,Strasbourg,1717.65,1584.4,4.0,7.0,4.0,8.0,4.0,3.0,H,1.0,2.0,A,9.0,13.0,7.0,6.0,15.0,17.0,3.0,3.0,3.0,1.0,1.0,0.0,1.51,4.41,6.18
F1,2023-04-02,Paris SG,Lyon,1849.49,1675.54,6.0,12.0,3.0,6.0,0.0,1.0,A,0.0,0.0,D,16.0,10.0,5.0,3.0,10.0,16.0,7.0,1.0,3.0,3.0,0.0,0.0,1.42,5.08,6.66
F1,2023-04-07,Lens,Strasbourg,1718.87,1584.4,9.0,11.0,4.0,5.0,2.0,1.0,H,1.0,0.0,H,13.0,13.0,9.0,3.0,19.0,19.0,5.0,1.0,1.0,5.0,0.0,1.0,1.53,4.24,6.29
F1,2023-04-08,Angers,Lille,1416.74,1714.59,1.0,1.0,7.0,11.0,1.0,0.0,H,0.0,0.0,D,7.0,15.0,5.0,5.0,18.0,18.0,3.0,6.0,2.0,3.0,0.0,0.0,7.92,4.93,1.39
F1,2023-04-08,Nice,Paris SG,1698.36,1849.49,3.0,7.0,3.0,9.0,0.0,2.0,A,0.0,1.0,A,21.0,13.0,7.0,4.0,8.0,2.0,10.0,5.0,1.0,0.0,0.0,0.0,3.84,3.97,1.87
F1,2023-04-09,Lyon,Rennes,1675.54,1709.04,5.0,9.0,4.0,7.0,3.0,1.0,H,0.0,1.0,A,11.0,11.0,3.0,3.0,14.0,17.0,7.0,2.0,2.0,2.0,0.0,0.0,2.17,3.49,3.31
F1,2023-04-09,Ajaccio,Auxerre,1448.64,1488.28,0.0,3.0,4.0,8.0,0.0,3.0,A,0.0,3.0,A,9.0,11.0,2.0,4.0,13.0,15.0,7.0,5.0,1.0,3.0,0.0,0.0,2.83,2.92,2.82
F1,2023-04-09,Montpellier,Toulouse,1574.88,1570.37,7.0,11.0,3.0,3.0,1.0,2.0,A,0.0,1.0,A,16.0,15.0,8.0,8.0,16.0,19.0,4.0,3.0,0.0,2.0,0.0,0.0,2.06,3.69,3.39
F1,2023-04-09,Reims,Brest,1653.97,1530.43,6.0,12.0,4.0,7.0,1.0,1.0,D,0.0,1.0,A,22.0,12.0,7.0,5.0,9.0,13.0,6.0,3.0,0.0,1.0,0.0,0.0,1.62,4.05,5.33
F1,2023-04-09,Troyes,Clermont,1488.55,1530.72,1.0,2.0,3.0,7.0,0.0,2.0,A,0.0,2.0,A,9.0,12.0,3.0,4.0,18.0,9.0,3.0,2.0,3.0,2.0,0.0,0.0,2.75,3.31,2.59
F1,2023-04-09,Nantes,Monaco,1592.05,1717.65,2.0,2.0,6.0,7.0,2.0,2.0,D,0.0,2.0,A,9.0,16.0,2.0,10.0,13.0,11.0,6.0,8.0,3.0,1.0,0.0,0.0,3.79,3.69,1.94
F1,2023-04-09,Lorient,Marseille,1575.08,1745.91,4.0,5.0,5.0,8.0,0.0,0.0,D,0.0,0.0,D,9.0,13.0,5.0,2.0,10.0,18.0,3.0,6.0,0.0,2.0,0.0,0.0,4.81,4.21,1.65
F1,2023-04-14,Toulouse,Lyon,1570.37,1675.54,3.0,6.0,7.0,9.0,1.0,2.0,A,1.0,1.0,D,13.0,14.0,6.0,3.0,14.0,10.0,8.0,5.0,1.0,4.0,0.0,0.0,3.39,3.79,2.05
F1,2023-04-15,Rennes,Reims,1690.11,1662.91,3.0,4.0,4.0,10.0,3.0,0.0,H,2.0,0.0,H,23.0,5.0,8.0,1.0,12.0,14.0,6.0,4.0,1.0,2.0,0.0,0.0,2.23,3.53,3.18
F1,2023-04-15,Paris SG,Lens,1844.31,1731.51,3.0,9.0,9.0,13.0,3.0,1.0,H,3.0,0.0,H,15.0,14.0,7.0,7.0,12.0,8.0,3.0,10.0,0.0,0.0,0.0,1.0,1.69,4.23,4.57
F1,2023-04-16,Lille,Montpellier,1706.1,1565.78,6.0,8.0,4.0,10.0,2.0,1.0,H,0.0,1.0,A,17.0,4.0,7.0,1.0,15.0,19.0,8.0,4.0,1.0,3.0,0.0,0.0,1.52,4.53,5.81
F1,2023-04-16,Auxerre,Nantes,1509.26,1581.76,6.0,8.0,2.0,3.0,2.0,1.0,H,2.0,0.0,H,13.0,17.0,7.0,7.0,14.0,8.0,3.0,6.0,2.0,2.0,0.0,0.0,2.48,3.08,3.12
F1,2023-04-16,Brest,Nice,1546.3,1685.0,5.0,8.0,2.0,4.0,1.0,0.0,H,1.0,0.0,H,14.0,12.0,3.0,6.0,15.0,14.0,3.0,5.0,1.0,3.0,0.0,0.0,3.18,3.26,2.33
F1,2023-04-16,Clermont,Angers,1547.0,1436.92,6.0,9.0,4.0,4.0,2.0,1.0,H,2.0,1.0,H,12.0,7.0,5.0,4.0,12.0,15.0,6.0,6.0,1.0,3.0,2.0,0.0,1.82,3.67,4.39
F1,2023-04-16,Strasbourg,Ajaccio,1576.9,1429.7,3.0,4.0,0.0,0.0,3.0,1.0,H,1.0,0.0,H,12.0,8.0,6.0,1.0,14.0,19.0,5.0,0.0,2.0,5.0,0.0,0.0,1.77,3.41,5.22
F1,2023-04-16,Monaco,Lorient,1718.78,1573.46,7.0,8.0,2.0,6.0,3.0,1.0,H,2.0,0.0,H,11.0,7.0,7.0,4.0,18.0,10.0,5.0,3.0,0.0,1.0,0.0,0.0,1.4,5.13,7.2
F1,2023-04-16,Marseille,Troyes,1742.29,1470.64,5.0,9.0,1.0,2.0,3.0,1.0,H,2.0,0.0,H,28.0,4.0,6.0,2.0,13.0,8.0,8.0,1.0,0.0,2.0,0.0,0.0,1.21,6.88,13.13
F1,2023-04-21,Angers,Paris SG,1436.92,1844.31,4.0,4.0,6.0,9.0,1.0,2.0,A,0.0,2.0,A,16.0,10.0,4.0,4.0,6.0,8.0,5.0,8.0,0.0,0.0,0.0,0.0,14.23,7.43,1.19
F1,2023-04-22,Auxerre,Lille,1509.26,1706.1,9.0,10.0,6.0,10.0,1.0,1.0,D,0.0,1.0,A,8.0,14.0,4.0,6.0,12.0,12.0,4.0,4.0,0.0,1.0,0.0,0.0,4.74,3.9,1.72
F1,2023-04-22,Lens,Monaco,1731.51,1718.78,6.0,12.0,7.0,10.0,3.0,0.0,H,2.0,0.0,H,21.0,11.0,8.0,4.0,8.0,14.0,2.0,4.0,0.0,2.0,0.0,0.0,2.12,3.56,3.38
F1,2023-04-23,Reims,Strasbourg,1662.91,1576.9,4.0,7.0,3.0,7.0,0.0,2.0,A,0.0,2.0,A,15.0,9.0,5.0,3.0,11.0,12.0,6.0,4.0,2.0,1.0,0.0,0.0,1.94,3.66,3.81
F1,2023-04-23,Ajaccio,Brest,1429.7,1546.3,0.0,0.0,7.0,8.0,0.0,0.0,D,0.0,0.0,D,3.0,10.0,2.0,2.0,11.0,20.0,4.0,4.0,2.0,2.0,1.0,0.0,3.24,3.06,2.41
F1,2023-04-23,Lorient,Toulouse,1573.46,1562.84,1.0,5.0,3.0,6.0,0.0,1.0,A,0.0,0.0,D,9.0,13.0,1.0,4.0,13.0,12.0,2.0,7.0,3.0,2.0,0.0,0.0,2.33,3.62,2.88
F1,2023-04-23,Nantes,Troyes,1581.76,1470.64,1.0,3.0,0.0,1.0,2.0,2.0,D,1.0,0.0,H,19.0,9.0,9.0,4.0,12.0,10.0,13.0,4.0,1.0,0.0,0.0,0.0,1.65,3.96,5.23
F1,2023-04-23,Nice,Clermont,1685.0,1547.0,1.0,3.0,9.0,9.0,1.0,2.0,A,1.0,1.0,D,15.0,9.0,5.0,3.0,19.0,9.0,6.0,2.0,1.0,2.0,0.0,0.0,1.79,3.56,4.71
F1,2023-04-23,Montpellier,Rennes,1565.78,1690.11,1.0,7.0,3.0,7.0,1.0,0.0,H,0.0,0.0,D,11.0,16.0,2.0,4.0,11.0,13.0,4.0,4.0,3.0,2.0,1.0,0.0,3.16,3.44,2.26
F1,2023-04-23,Lyon,Marseille,1704.39,1742.29,9.0,11.0,5.0,9.0,1.0,2.0,A,0.0,1.0,A,7.0,14.0,2.0,7.0,11.0,18.0,5.0,3.0,2.0,1.0,0.0,0.0,2.48,3.66,2.67
F1,2023-04-28,Strasbourg,Lyon,1576.9,1704.39,6.0,9.0,6.0,10.0,1.0,2.0,A,1.0,2.0,A,11.0,7.0,3.0,4.0,13.0,24.0,5.0,4.0,2.0,4.0,0.0,1.0,2.71,3.4,2.62
F1,2023-04-29,Lille,Ajaccio,1706.1,1429.7,4.0,10.0,1.0,1.0,3.0,0.0,H,3.0,0.0,H,10.0,2.0,5.0,0.0,10.0,13.0,9.0,0.0,1.0,2.0,0.0,0.0,1.21,6.43,15.43
F1,2023-04-30,Monaco,Montpellier,1718.78,1565.78,4.0,10.0,3.0,7.0,0.0,4.0,A,0.0,1.0,A,7.0,19.0,4.0,9.0,11.0,12.0,3.0,11.0,2.0,1.0,0.0,0.0,1.5,4.64,5.92
F1,2023-04-30,Clermont,Reims,1547.0,1662.91,9.0,12.0,1.0,4.0,1.0,0.0,H,1.0,0.0,H,6.0,13.0,2.0,2.0,8.0,12.0,5.0,6.0,0.0,2.0,1.0,0.0,3.05,3.43,2.32
F1,2023-04-30,Rennes,Angers,1690.11,1436.92,3.0,6.0,3.0,4.0,4.0,2.0,H,2.0,2.0,D,13.0,4.0,4.0,2.0,14.0,11.0,7.0,5.0,1.0,2.0,0.0,0.0,1.3,5.41,10.32
F1,2023-04-30,Troyes,Nice,1470.64,1685.0,1.0,2.0,0.0,2.0,0.0,1.0,A,0.0,1.0,A,9.0,29.0,6.0,13.0,7.0,10.0,3.0,14.0,0.0,2.0,0.0,0.0,4.57,3.88,1.74
F1,2023-04-30,Paris SG,Lorient,1844.31,1573.46,9.0,9.0,1.0,2.0,1.0,3.0,A,1.0,2.0,A,13.0,14.0,4.0,7.0,15.0,17.0,2.0,3.0,4.0,3.0,1.0,0.0,1.19,7.9,12.99
F1,2023-04-30,Marseille,Auxerre,1742.29,1509.26,7.0,11.0,7.0,10.0,2.0,1.0,H,0.0,1.0,A,26.0,11.0,4.0,3.0,7.0,6.0,12.0,1.0,1.0,0.0,0.0,0.0,1.31,5.51,9.71
F1,2023-05-02,Toulouse,Lens,1565.56,1730.64,6.0,6.0,6.0,12.0,0.0,1.0,A,0.0,1.0,A,9.0,11.0,2.0,3.0,5.0,7.0,5.0,0.0,1.0,2.0,0.0,0.0,5.3,4.3,1.6
F1,2023-05-03,Brest,Nantes,1547.98,1562.34,5.0,9.0,2.0,3.0,2.0,0.0,H,2.0,0.0,H,8.0,13.0,4.0,5.0,7.0,15.0,2.0,4.0,0.0,1.0,0.0,0.0,2.23,3.4,3.25
F1,2023-05-06,Nice,Rennes,1643.14,1687.35,3.0,4.0,6.0,6.0,2.0,1.0,H,0.0,0.0,D,11.0,14.0,4.0,4.0,11.0,11.0,4.0,7.0,0.0,1.0,0.0,0.0,2.58,3.28,2.81
F1,2023-05-06,Reims,Lille,1620.51,1702.74,0.0,4.0,7.0,10.0,1.0,0.0,H,1.0,0.0,H,14.0,11.0,4.0,5.0,17.0,10.0,4.0,7.0,2.0,3.0,0.0,0.0,3.42,3.76,2.04
F1,2023-05-06,Lens,Marseille,1730.64,1749.15,6.0,12.0,9.0,11.0,2.0,1.0,H,1.0,0.0,H,9.0,14.0,3.0,3.0,12.0,16.0,7.0,7.0,5.0,2.0,0.0,0.0,2.33,3.52,2.99
F1,2023-05-07,Angers,Monaco,1421.77,1680.8,0.0,4.0,3.0,7.0,1.0,2.0,A,0.0,1.0,A,10.0,14.0,3.0,6.0,13.0,17.0,4.0,3.0,3.0,2.0,0.0,0.0,6.18,4.82,1.46
F1,2023-05-07,Ajaccio,Toulouse,1417.06,1565.56,1.0,1.0,3.0,6.0,0.0,0.0,D,0.0,0.0,D,4.0,15.0,2.0,5.0,10.0,8.0,4.0,7.0,3.0,0.0,0.0,0.0,3.43,3.37,2.17
F1,2023-05-07,Auxerre,Clermont,1513.31,1566.09,4.0,10.0,9.0,15.0,1.0,1.0,D,1.0,0.0,H,11.0,9.0,4.0,4.0,19.0,13.0,2.0,2.0,1.0,0.0,0.0,0.0,2.38,3.26,3.08
F1,2023-05-07,Lorient,Brest,1574.48,1547.98,3.0,4.0,7.0,11.0,2.0,1.0,H,1.0,0.0,H,6.0,15.0,3.0,2.0,13.0,22.0,4.0,6.0,3.0,2.0,1.0,0.0,2.37,3.41,2.97
F1,2023-05-07,Nantes,Strasbourg,1562.34,1584.95,1.0,2.0,6.0,6.0,0.0,2.0,A,0.0,1.0,A,13.0,8.0,5.0,6.0,22.0,15.0,11.0,1.0,3.0,1.0,0.0,0.0,2.78,3.34,2.56
F1,2023-05-07,Lyon,Montpellier,1696.24,1590.89,6.0,12.0,6.0,7.0,5.0,4.0,H,1.0,2.0,A,16.0,12.0,8.0,6.0,12.0,14.0,3.0,5.0,0.0,3.0,0.0,0.0,1.67,4.19,4.73
F1,2023-05-07,Troyes,Paris SG,1460.68,1823.53,1.0,1.0,6.0,9.0,1.0,3.0,A,0.0,1.0,A,7.0,31.0,3.0,12.0,5.0,5.0,6.0,6.0,1.0,0.0,0.0,0.0,8.37,5.82,1.32
F1,2023-05-12,Lens,Reims,1730.64,1620.51,9.0,12.0,3.0,4.0,2.0,1.0,H,1.0,1.0,D,8.0,17.0,6.0,3.0,6.0,19.0,0.0,14.0,1.0,3.0,1.0,0.0,1.52,4.53,5.92
F1,2023-05-13,Strasbourg,Nice,1584.95,1643.14,6.0,9.0,6.0,6.0,2.0,0.0,H,1.0,0.0,H,12.0,9.0,3.0,4.0,14.0,8.0,2.0,3.0,1.0,1.0,0.0,0.0,2.39,3.33,3.03
F1,2023-05-13,Paris SG,Ajaccio,1823.53,1417.06,6.0,12.0,2.0,2.0,5.0,0.0,H,2.0,0.0,H,16.0,7.0,9.0,2.0,7.0,6.0,8.0,3.0,1.0,1.0,1.0,1.0,1.11,9.7,24.11
F1,2023-05-14,Clermont,Lyon,1566.09,1696.24,7.0,13.0,6.0,12.0,2.0,1.0,H,1.0,1.0,D,9.0,15.0,6.0,4.0,17.0,10.0,5.0,2.0,3.0,3.0,0.0,0.0,4.15,3.93,1.8
F1,2023-05-14,Brest,Auxerre,1547.98,1513.31,4.0,8.0,2.0,8.0,1.0,0.0,H,0.0,0.0,D,15.0,10.0,10.0,2.0,8.0,8.0,6.0,0.0,0.0,0.0,0.0,0.0,2.12,3.29,3.64
F1,2023-05-14,Montpellier,Lorient,1590.89,1574.48,6.0,6.0,6.0,7.0,1.0,1.0,D,0.0,0.0,D,15.0,11.0,4.0,3.0,20.0,15.0,11.0,5.0,2.0,3.0,0.0,0.0,1.85,3.81,4.06
F1,2023-05-14,Rennes,Troyes,1687.35,1460.68,3.0,6.0,1.0,1.0,4.0,0.0,H,1.0,0.0,H,26.0,4.0,9.0,0.0,4.0,9.0,9.0,1.0,0.0,1.0,0.0,0.0,1.24,6.47,11.45
F1,2023-05-14,Toulouse,Nantes,1565.56,1562.34,4.0,7.0,1.0,2.0,0.0,0.0,D,0.0,0.0,D,14.0,8.0,6.0,1.0,6.0,13.0,10.0,5.0,1.0,1.0,0.0,0.0,2.1,3.64,3.35
F1,2023-05-14,Monaco,Lille,1680.8,1702.74,3.0,7.0,4.0,7.0,0.0,0.0,D,0.0,0.0,D,8.0,10.0,1.0,4.0,19.0,13.0,3.0,4.0,0.0,2.0,0.0,0.0,2.75,3.71,2.42
F1,2023-05-14,Marseille,Angers,1749.15,1421.77,6.0,10.0,0.0,3.0,3.0,1.0,H,1.0,1.0,D,14.0,4.0,6.0,1.0,17.0,9.0,7.0,0.0,1.0,2.0,0.0,0.0,1.19,7.25,14.35
F1,2023-05-19,Lyon,Monaco,1690.24,1682.88,6.0,9.0,4.0,7.0,3.0,1.0,H,1.0,1.0,D,22.0,16.0,11.0,9.0,8.0,14.0,2.0,8.0,0.0,3.0,0.0,0.0,2.39,3.96,2.68
F1,2023-05-20,Nantes,Montpellier,1541.83,1585.06,1.0,2.0,4.0,7.0,0.0,3.0,A,0.0,1.0,A,13.0,13.0,3.0,6.0,14.0,8.0,10.0,6.0,4.0,0.0,0.0,0.0,2.17,3.53,3.3
F1,2023-05-20,Lille,Marseille,1694.37,1743.77,4.0,8.0,6.0,12.0,2.0,1.0,H,0.0,1.0,A,12.0,8.0,3.0,3.0,14.0,20.0,3.0,4.0,3.0,2.0,0.0,0.0,2.44,3.62,2.76
F1,2023-05-21,Ajaccio,Rennes,1417.9,1683.92,1.0,2.0,6.0,9.0,0.0,5.0,A,0.0,4.0,A,2.0,13.0,0.0,7.0,8.0,14.0,2.0,5.0,1.0,2.0,1.0,0.0,7.11,4.22,1.49
F1,2023-05-21,Brest,Clermont,1557.84,1576.14,6.0,10.0,7.0,13.0,2.0,1.0,H,1.0,1.0,D,10.0,8.0,3.0,2.0,16.0,11.0,7.0,1.0,3.0,4.0,0.0,0.0,2.07,3.5,3.57
F1,2023-05-21,Nice,Toulouse,1639.49,1556.14,6.0,6.0,2.0,5.0,0.0,0.0,D,0.0,0.0,D,21.0,7.0,7.0,4.0,6.0,15.0,6.0,3.0,2.0,2.0,0.0,0.0,1.88,3.84,3.91
F1,2023-05-21,Reims,Angers,1625.45,1416.67,3.0,3.0,0.0,0.0,2.0,2.0,D,1.0,0.0,H,11.0,7.0,5.0,3.0,14.0,11.0,7.0,3.0,0.0,2.0,0.0,0.0,1.41,5.0,7.28
F1,2023-05-21,Troyes,Strasbourg,1453.27,1608.75,0.0,1.0,6.0,12.0,1.0,1.0,D,0.0,1.0,A,8.0,16.0,3.0,5.0,9.0,17.0,4.0,6.0,1.0,1.0,1.0,1.0,5.53,4.3,1.58
F1,2023-05-21,Lorient,Lens,1582.51,1747.23,7.0,7.0,9.0,12.0,1.0,3.0,A,1.0,2.0,A,13.0,15.0,5.0,7.0,14.0,13.0,3.0,5.0,2.0,2.0,0.0,0.0,5.35,4.25,1.6
F1,2023-05-21,Auxerre,Paris SG,1507.68,1828.05,1.0,5.0,6.0,12.0,1.0,2.0,A,0.0,2.0,A,14.0,15.0,7.0,4.0,11.0,6.0,4.0,6.0,1.0,0.0,0.0,0.0,7.84,5.33,1.37
F1,2023-05-27,Angers,Troyes,1416.67,1453.27,1.0,1.0,1.0,2.0,2.0,1.0,H,1.0,1.0,D,18.0,5.0,5.0,3.0,12.0,7.0,14.0,3.0,1.0,1.0,0.0,0.0,2.0,3.72,3.54
F1,2023-05-27,Clermont,Lorient,1576.14,1582.51,4.0,10.0,4.0,7.0,2.0,0.0,H,1.0,0.0,H,18.0,6.0,7.0,1.0,13.0,12.0,9.0,1.0,0.0,0.0,0.0,0.0,2.15,3.45,3.39
F1,2023-05-27,Lens,Ajaccio,1747.23,1417.9,9.0,15.0,1.0,2.0,3.0,0.0,H,3.0,0.0,H,12.0,6.0,3.0,0.0,12.0,12.0,9.0,2.0,1.0,2.0,0.0,0.0,1.13,8.5,22.72
F1,2023-05-27,Lille,Nantes,1694.37,1541.83,4.0,8.0,1.0,2.0,2.0,1.0,H,0.0,1.0,A,9.0,8.0,2.0,3.0,7.0,12.0,5.0,3.0,2.0,4.0,0.0,0.0,1.44,4.71,6.87
F1,2023-05-27,Lyon,Reims,1690.24,1625.45,6.0,9.0,4.0,4.0,3.0,0.0,H,2.0,0.0,H,23.0,10.0,7.0,1.0,11.0,15.0,7.0,4.0,1.0,1.0,0.0,1.0,1.6,4.41,5.03
F1,2023-05-27,Marseille,Brest,1743.77,1557.84,3.0,9.0,6.0,10.0,1.0,2.0,A,0.0,0.0,D,10.0,15.0,4.0,5.0,14.0,16.0,3.0,5.0,2.0,2.0,0.0,0.0,1.37,5.12,7.89
F1,2023-05-27,Montpellier,Nice,1585.06,1639.49,4.0,10.0,4.0,7.0,2.0,3.0,A,2.0,0.0,H,14.0,23.0,8.0,15.0,12.0,16.0,2.0,10.0,0.0,3.0,0.0,0.0,2.45,3.49,2.83
F1,2023-05-27,Rennes,Monaco,1683.92,1682.88,6.0,9.0,4.0,4.0,2.0,0.0,H,0.0,0.0,D,12.0,11.0,6.0,3.0,11.0,7.0,7.0,3.0,0.0,3.0,0.0,0.0,2.09,3.77,3.28
F1,2023-05-27,Strasbourg,Paris SG,1608.75,1828.05,7.0,10.0,9.0,12.0,1.0,1.0,D,0.0,0.0,D,17.0,7.0,5.0,2.0,9.0,8.0,4.0,2.0,1.0,2.0,0.0,0.0,4.81,4.25,1.65
F1,2023-05-27,Toulouse,Auxerre,1556.14,1507.68,3.0,6.0,1.0,2.0,1.0,1.0,D,1.0,1.0,D,10.0,16.0,3.0,2.0,18.0,14.0,6.0,3.0,1.0,3.0,0.0,0.0,2.21,3.59,3.14
F1,2023-06-03,Ajaccio,Marseille,1408.41,1722.44,0.0,1.0,3.0,6.0,1.0,0.0,H,0.0,0.0,D,3.0,17.0,1.0,5.0,19.0,15.0,2.0,3.0,1.0,1.0,0.0,0.0,8.32,5.38,1.35
F1,2023-06-03,Auxerre,Lens,1508.07,1756.68,1.0,2.0,9.0,15.0,1.0,3.0,A,0.0,1.0,A,17.0,15.0,5.0,7.0,10.0,16.0,5.0,5.0,1.0,3.0,0.0,0.0,2.79,3.57,2.43
F1,2023-06-03,Brest,Rennes,1578.35,1700.05,9.0,12.0,9.0,12.0,1.0,2.0,A,1.0,2.0,A,14.0,12.0,5.0,3.0,10.0,14.0,3.0,3.0,2.0,4.0,0.0,0.0,5.59,4.37,1.56
F1,2023-06-03,Lorient,Strasbourg,1565.25,1610.49,1.0,7.0,5.0,8.0,2.0,1.0,H,2.0,0.0,H,5.0,15.0,3.0,7.0,9.0,15.0,4.0,4.0,1.0,1.0,0.0,0.0,2.96,3.56,2.32
F1,2023-06-03,Monaco,Toulouse,1664.8,1556.95,1.0,4.0,3.0,4.0,1.0,2.0,A,0.0,0.0,D,19.0,22.0,7.0,8.0,10.0,11.0,4.0,7.0,1.0,2.0,0.0,0.0,1.46,5.04,6.09
F1,2023-06-03,Nantes,Angers,1524.43,1430.7,1.0,1.0,4.0,4.0,1.0,0.0,H,1.0,0.0,H,11.0,5.0,7.0,1.0,12.0,13.0,8.0,1.0,1.0,0.0,0.0,0.0,1.36,5.28,7.95
F1,2023-06-03,Nice,Lyon,1644.27,1708.25,4.0,10.0,6.0,12.0,3.0,1.0,H,3.0,1.0,H,16.0,16.0,6.0,7.0,8.0,12.0,3.0,2.0,0.0,1.0,0.0,0.0,2.36,3.92,2.72
F1,2023-06-03,Paris SG,Clermont,1825.63,1578.86,7.0,10.0,6.0,10.0,2.0,3.0,A,2.0,2.0,D,16.0,12.0,6.0,5.0,17.0,11.0,6.0,2.0,2.0,1.0,0.0,0.0,1.23,7.04,10.91
F1,2023-06-03,Reims,Montpellier,1610.34,1590.9,1.0,4.0,4.0,7.0,1.0,3.0,A,1.0,0.0,H,11.0,16.0,5.0,8.0,16.0,9.0,4.0,7.0,1.0,2.0,0.0,0.0,2.03,3.93,3.31
F1,2023-06-03,Troyes,Lille,1448.55,1705.77,1.0,1.0,7.0,10.0,1.0,1.0,D,0.0,0.0,D,8.0,18.0,3.0,7.0,9.0,15.0,2.0,8.0,0.0,4.0,0.0,0.0,11.45,7.09,1.22
F1,2023-08-11,Nice,Lille,1656.36,1700.35,7.0,10.0,7.0,8.0,1.0,1.0,D,1.0,0.0,H,8.0,12.0,3.0,5.0,13.0,9.0,3.0,3.0,3.0,2.0,0.0,0.0,2.57,3.42,2.76
F1,2023-08-12,Marseille,Reims,1708.23,1596.64,0.0,3.0,1.0,4.0,2.0,1.0,H,1.0,1.0,D,14.0,11.0,4.0,4.0,7.0,16.0,10.0,10.0,1.0,3.0,0.0,0.0,1.7,3.98,4.82
F1,2023-08-12,Paris SG,Lorient,1810.81,1573.3,4.0,10.0,3.0,7.0,0.0,0.0,D,0.0,0.0,D,20.0,4.0,4.0,0.0,8.0,6.0,9.0,2.0,0.0,0.0,0.0,0.0,1.33,5.56,8.53
F1,2023-08-13,Brest,Lens,1572.34,1761.61,6.0,9.0,9.0,15.0,3.0,2.0,H,1.0,2.0,A,15.0,10.0,8.0,2.0,13.0,15.0,6.0,8.0,2.0,3.0,0.0,1.0,3.88,3.53,1.96
F1,2023-08-13,Clermont,Monaco,1593.69,1652.99,6.0,10.0,0.0,4.0,2.0,4.0,A,1.0,2.0,A,15.0,14.0,7.0,8.0,7.0,16.0,6.0,2.0,0.0,4.0,0.0,0.0,3.48,3.7,2.04
F1,2023-08-13,Montpellier,Le Havre,1604.6,1477.06,6.0,7.0,4.0,7.0,2.0,2.0,D,0.0,1.0,A,15.0,12.0,5.0,4.0,8.0,12.0,5.0,2.0,1.0,2.0,0.0,0.0,1.95,3.49,4.02
F1,2023-08-13,Nantes,Toulouse,1529.08,1568.76,3.0,4.0,5.0,7.0,1.0,2.0,A,1.0,0.0,H,9.0,9.0,4.0,5.0,14.0,14.0,7.0,5.0,2.0,2.0,0.0,0.0,2.57,3.38,2.74
F1,2023-08-13,Rennes,Metz,1706.06,1539.01,9.0,12.0,7.0,13.0,5.0,1.0,H,1.0,1.0,D,29.0,9.0,14.0,3.0,7.0,10.0,5.0,4.0,0.0,2.0,0.0,0.0,1.41,4.75,7.59
F1,2023-08-13,Strasbourg,Lyon,1602.44,1696.16,2.0,8.0,6.0,9.0,2.0,1.0,H,0.0,0.0,D,8.0,23.0,2.0,7.0,8.0,11.0,1.0,6.0,2.0,2.0,0.0,0.0,2.57,3.62,2.61
F1,2023-08-18,Metz,Marseille,1530.38,1705.31,6.0,10.0,3.0,6.0,2.0,2.0,D,0.0,1.0,A,10.0,22.0,5.0,5.0,15.0,9.0,4.0,9.0,3.0,2.0,1.0,0.0,4.76,4.01,1.71
F1,2023-08-19,Lyon,Montpellier,1684.9,1597.93,3.0,6.0,4.0,8.0,1.0,4.0,A,0.0,2.0,A,7.0,14.0,3.0,8.0,20.0,10.0,6.0,2.0,4.0,1.0,1.0,0.0,1.71,4.16,4.53
F1,2023-08-19,Toulouse,Paris SG,1574.94,1802.02,7.0,9.0,2.0,8.0,1.0,1.0,D,0.0,0.0,D,8.0,16.0,2.0,3.0,8.0,11.0,5.0,5.0,0.0,3.0,0.0,0.0,4.87,4.2,1.67
F1,2023-08-20,Lille,Nantes,1698.31,1518.77,5.0,9.0,3.0,4.0,2.0,0.0,H,0.0,0.0,D,18.0,14.0,8.0,4.0,8.0,15.0,7.0,5.0,0.0,2.0,1.0,0.0,1.42,4.81,7.45
F1,2023-08-20,Le Havre,Brest,1479.6,1581.94,5.0,5.0,6.0,12.0,1.0,2.0,A,0.0,1.0,A,18.0,10.0,7.0,5.0,18.0,15.0,5.0,3.0,0.0,2.0,0.0,0.0,2.72,3.2,2.74
F1,2023-08-20,Lorient,Nice,1577.94,1654.26,4.0,5.0,7.0,8.0,1.0,1.0,D,0.0,0.0,D,9.0,21.0,2.0,8.0,8.0,10.0,0.0,9.0,1.0,1.0,0.0,0.0,3.35,3.46,2.18
F1,2023-08-20,Reims,Clermont,1590.11,1580.85,0.0,1.0,6.0,9.0,2.0,0.0,H,1.0,0.0,H,8.0,11.0,4.0,4.0,9.0,6.0,3.0,10.0,0.0,0.0,0.0,0.0,1.89,3.71,4.04
F1,2023-08-20,Monaco,Strasbourg,1661.69,1609.57,3.0,4.0,4.0,8.0,3.0,0.0,H,2.0,0.0,H,9.0,4.0,4.0,1.0,19.0,16.0,4.0,3.0,2.0,1.0,0.0,0.0,1.81,3.96,4.13
F1,2023-08-20,Lens,Rennes,1747.87,1710.56,6.0,12.0,9.0,15.0,1.0,1.0,D,1.0,0.0,H,15.0,10.0,4.0,5.0,15.0,10.0,11.0,0.0,2.0,1.0,0.0,0.0,2.42,3.63,2.78
F1,2023-08-25,Nantes,Monaco,1518.77,1661.69,3.0,3.0,6.0,6.0,3.0,3.0,D,2.0,1.0,H,3.0,27.0,3.0,10.0,8.0,7.0,1.0,10.0,2.0,2.0,0.0,0.0,4.59,3.82,1.77
F1,2023-08-26,Marseille,Brest,1705.31,1581.94,4.0,4.0,6.0,12.0,2.0,0.0,H,1.0,0.0,H,15.0,18.0,6.0,7.0,4.0,8.0,3.0,10.0,0.0,1.0,0.0,0.0,1.52,4.41,6.2
F1,2023-08-26,Paris SG,Lens,1802.02,1747.87,2.0,6.0,4.0,10.0,3.0,1.0,H,1.0,0.0,H,17.0,12.0,7.0,4.0,8.0,16.0,5.0,5.0,0.0,5.0,0.0,0.0,1.61,4.27,5.32
F1,2023-08-27,Rennes,Le Havre,1710.56,1479.6,7.0,13.0,4.0,5.0,2.0,2.0,D,2.0,1.0,H,22.0,7.0,8.0,3.0,5.0,7.0,5.0,2.0,1.0,2.0,0.0,1.0,1.43,4.63,7.49
F1,2023-08-27,Clermont,Metz,1580.85,1530.38,3.0,6.0,4.0,8.0,0.0,1.0,A,0.0,0.0,D,16.0,10.0,4.0,5.0,8.0,10.0,10.0,2.0,1.0,1.0,0.0,0.0,1.89,3.74,3.96
F1,2023-08-27,Montpellier,Reims,1597.93,1590.11,7.0,10.0,3.0,4.0,1.0,3.0,A,1.0,2.0,A,19.0,12.0,3.0,6.0,9.0,19.0,5.0,3.0,1.0,1.0,0.0,0.0,2.38,3.51,2.91
F1,2023-08-27,Strasbourg,Toulouse,1609.57,1574.94,3.0,5.0,7.0,9.0,2.0,0.0,H,0.0,0.0,D,11.0,7.0,3.0,1.0,16.0,17.0,3.0,3.0,1.0,3.0,0.0,0.0,2.13,3.65,3.28
F1,2023-08-27,Lorient,Lille,1577.94,1698.31,5.0,5.0,5.0,11.0,4.0,1.0,H,2.0,0.0,H,9.0,18.0,6.0,7.0,22.0,12.0,5.0,8.0,2.0,4.0,0.0,0.0,3.77,3.69,1.95
F1,2023-08-27,Nice,Lyon,1654.26,1684.9,5.0,9.0,0.0,6.0,0.0,0.0,D,0.0,0.0,D,21.0,6.0,4.0,1.0,8.0,14.0,7.0,2.0,1.0,4.0,0.0,0.0,2.11,3.7,3.29
F1,2023-09-01,Nantes,Marseille,1517.04,1704.59,1.0,4.0,7.0,7.0,1.0,1.0,D,1.0,1.0,D,10.0,26.0,2.0,9.0,7.0,13.0,2.0,7.0,0.0,2.0,1.0,0.0,4.76,3.94,1.72
F1,2023-09-02,Brest,Rennes,1582.45,1705.73,6.0,9.0,5.0,11.0,0.0,0.0,D,0.0,0.0,D,13.0,6.0,2.0,3.0,12.0,12.0,7.0,5.0,3.0,1.0,0.0,0.0,3.32,3.64,2.13
F1,2023-09-02,Monaco,Lens,1667.62,1737.41,7.0,7.0,1.0,7.0,3.0,0.0,H,2.0,0.0,H,11.0,12.0,6.0,1.0,21.0,16.0,5.0,2.0,4.0,2.0,0.0,0.0,2.09,3.84,3.25
F1,2023-09-03,Toulouse,Clermont,1570.74,1560.55,4.0,8.0,0.0,6.0,2.0,2.0,D,2.0,1.0,H,9.0,15.0,5.0,3.0,19.0,17.0,0.0,8.0,1.0,3.0,0.0,0.0,1.99,3.65,3.69
F1,2023-09-03,Le Havre,Lorient,1479.26,1595.61,2.0,6.0,5.0,8.0,3.0,0.0,H,0.0,0.0,D,17.0,9.0,6.0,2.0,10.0,7.0,5.0,4.0,0.0,0.0,0.0,0.0,2.78,3.15,2.7
F1,2023-09-03,Lille,Montpellier,1686.91,1603.18,4.0,8.0,4.0,7.0,1.0,0.0,H,1.0,0.0,H,15.0,9.0,6.0,5.0,15.0,14.0,5.0,5.0,2.0,1.0,0.0,0.0,1.78,4.11,4.1
F1,2023-09-03,Metz,Reims,1543.92,1613.05,4.0,10.0,6.0,6.0,2.0,2.0,D,1.0,1.0,D,12.0,12.0,4.0,2.0,10.0,17.0,4.0,1.0,0.0,4.0,0.0,0.0,3.95,3.67,1.91
F1,2023-09-03,Nice,Strasbourg,1651.93,1608.5,3.0,9.0,6.0,7.0,2.0,0.0,H,1.0,0.0,H,16.0,4.0,6.0,0.0,7.0,12.0,5.0,2.0,2.0,1.0,0.0,0.0,1.95,3.56,3.91
F1,2023-09-03,Lyon,Paris SG,1666.22,1804.54,1.0,4.0,5.0,6.0,1.0,4.0,A,0.0,4.0,A,19.0,22.0,8.0,8.0,9.0,5.0,5.0,2.0,2.0,2.0,0.0,0.0,5.78,4.85,1.5
F1,2023-09-15,Paris SG,Nice,1814.38,1659.91,7.0,8.0,5.0,9.0,2.0,3.0,A,1.0,1.0,D,12.0,14.0,3.0,8.0,8.0,17.0,4.0,3.0,2.0,5.0,0.0,0.0,1.54,4.49,5.81
F1,2023-09-16,Rennes,Lille,1703.7,1691.52,3.0,9.0,6.0,8.0,2.0,2.0,D,0.0,1.0,A,7.0,10.0,4.0,6.0,11.0,16.0,5.0,2.0,1.0,4.0,0.0,0.0,2.13,3.66,3.3
F1,2023-09-16,Lens,Metz,1722.96,1544.37,1.0,4.0,5.0,8.0,0.0,1.0,A,0.0,1.0,A,31.0,2.0,10.0,2.0,12.0,12.0,9.0,1.0,1.0,2.0,0.0,0.0,1.5,4.51,6.29
F1,2023-09-17,Lorient,Monaco,1578.59,1682.07,4.0,8.0,7.0,10.0,2.0,2.0,D,1.0,1.0,D,10.0,20.0,3.0,7.0,13.0,14.0,8.0,6.0,0.0,1.0,0.0,0.0,3.94,3.87,1.87
F1,2023-09-17,Clermont,Nantes,1562.36,1520.77,1.0,4.0,2.0,5.0,0.0,1.0,A,0.0,0.0,D,16.0,8.0,3.0,5.0,16.0,16.0,6.0,3.0,2.0,2.0,0.0,0.0,2.0,3.54,3.75
F1,2023-09-17,Reims,Brest,1612.6,1584.48,7.0,7.0,4.0,7.0,1.0,2.0,A,1.0,0.0,H,13.0,18.0,7.0,7.0,7.0,11.0,8.0,8.0,2.0,4.0,0.0,0.0,1.88,3.67,4.12
F1,2023-09-17,Strasbourg,Montpellier,1600.52,1598.57,3.0,6.0,3.0,7.0,2.0,2.0,D,0.0,2.0,A,14.0,11.0,7.0,4.0,17.0,17.0,2.0,4.0,4.0,6.0,0.0,0.0,2.33,3.54,2.96
F1,2023-09-17,Marseille,Toulouse,1700.86,1568.93,5.0,8.0,2.0,8.0,0.0,0.0,D,0.0,0.0,D,24.0,10.0,6.0,3.0,9.0,11.0,6.0,1.0,2.0,5.0,0.0,0.0,1.48,4.72,6.24
F1,2023-09-17,Lyon,Le Havre,1656.39,1496.28,1.0,1.0,4.0,8.0,0.0,0.0,D,0.0,0.0,D,23.0,7.0,7.0,0.0,13.0,12.0,6.0,1.0,3.0,2.0,0.0,0.0,1.69,4.12,4.68
F1,2023-09-22,Monaco,Nice,1682.07,1659.91,5.0,11.0,7.0,9.0,0.0,1.0,A,0.0,0.0,D,9.0,13.0,3.0,7.0,13.0,15.0,5.0,2.0,1.0,1.0,0.0,0.0,2.19,3.56,3.22
F1,2023-09-23,Nantes,Lorient,1520.77,1578.59,5.0,5.0,4.0,6.0,5.0,3.0,H,1.0,1.0,D,19.0,10.0,9.0,7.0,8.0,17.0,4.0,2.0,1.0,3.0,0.0,0.0,2.41,3.39,2.94
F1,2023-09-23,Brest,Lyon,1584.48,1656.39,4.0,10.0,2.0,2.0,1.0,0.0,H,0.0,0.0,D,27.0,6.0,11.0,3.0,17.0,16.0,10.0,1.0,3.0,1.0,0.0,0.0,2.53,3.61,2.65
F1,2023-09-24,Metz,Strasbourg,1544.37,1600.52,7.0,8.0,4.0,7.0,0.0,1.0,A,0.0,0.0,D,13.0,4.0,1.0,1.0,16.0,15.0,1.0,1.0,2.0,0.0,0.0,0.0,2.91,3.24,2.51
F1,2023-09-24,Le Havre,Clermont,1496.28,1562.36,5.0,6.0,1.0,1.0,2.0,1.0,H,2.0,1.0,H,9.0,11.0,3.0,4.0,15.0,17.0,1.0,3.0,2.0,3.0,0.0,0.0,2.43,3.27,3.0
F1,2023-09-24,Lens,Toulouse,1722.96,1568.93,0.0,1.0,2.0,6.0,2.0,1.0,H,1.0,1.0,D,27.0,7.0,7.0,2.0,16.0,15.0,9.0,4.0,2.0,1.0,0.0,0.0,1.7,3.97,4.75
F1,2023-09-24,Montpellier,Rennes,1598.57,1703.7,1.0,5.0,3.0,7.0,0.0,0.0,D,0.0,0.0,D,13.0,18.0,4.0,6.0,10.0,15.0,3.0,6.0,2.0,1.0,0.0,0.0,2.65,3.53,2.56
F1,2023-09-24,Paris SG,Marseille,1814.38,1700.86,6.0,8.0,5.0,9.0,4.0,0.0,H,2.0,0.0,H,15.0,6.0,5.0,0.0,11.0,14.0,8.0,3.0,0.0,3.0,0.0,0.0,1.63,4.34,4.9
F1,2023-09-26,Lille,Reims,1691.52,1612.6,4.0,8.0,4.0,7.0,1.0,2.0,A,0.0,2.0,A,14.0,4.0,3.0,4.0,4.0,19.0,4.0,2.0,1.0,2.0,0.0,0.0,1.94,3.7,3.85
F1,2023-09-29,Strasbourg,Lens,1600.52,1722.96,4.0,7.0,3.0,4.0,0.0,1.0,A,0.0,1.0,A,8.0,9.0,2.0,2.0,16.0,15.0,2.0,3.0,2.0,4.0,0.0,0.0,3.55,3.46,2.12
F1,2023-09-30,Clermont,Paris SG,1562.36,1814.38,1.0,1.0,6.0,10.0,0.0,0.0,D,0.0,0.0,D,12.0,21.0,3.0,10.0,11.0,16.0,6.0,9.0,2.0,3.0,0.0,0.0,6.78,4.77,1.45
F1,2023-09-30,Monaco,Marseille,1682.07,1700.86,4.0,8.0,2.0,6.0,3.0,2.0,H,2.0,2.0,D,10.0,8.0,7.0,4.0,17.0,15.0,2.0,6.0,4.0,4.0,0.0,0.0,2.2,3.82,3.06
F1,2023-10-01,Reims,Lyon,1624.41,1652.91,4.0,10.0,1.0,2.0,2.0,0.0,H,1.0,0.0,H,8.0,11.0,3.0,6.0,19.0,14.0,1.0,5.0,2.0,2.0,0.0,0.0,2.05,3.8,3.38
F1,2023-10-01,Le Havre,Lille,1520.09,1693.01,7.0,8.0,4.0,7.0,0.0,2.0,A,0.0,1.0,A,5.0,16.0,0.0,6.0,18.0,6.0,6.0,6.0,0.0,0.0,0.0,0.0,3.93,3.47,1.99
F1,2023-10-01,Nice,Brest,1692.65,1612.96,9.0,11.0,7.0,10.0,0.0,0.0,D,0.0,0.0,D,12.0,7.0,1.0,2.0,13.0,9.0,6.0,4.0,1.0,3.0,0.0,0.0,1.76,3.85,4.57
F1,2023-10-01,Toulouse,Metz,1584.01,1559.69,2.0,3.0,4.0,8.0,3.0,0.0,H,2.0,0.0,H,15.0,8.0,10.0,3.0,10.0,7.0,4.0,6.0,3.0,0.0,0.0,0.0,2.14,3.47,3.47
F1,2023-10-01,Lorient,Montpellier,1578.8,1611.85,1.0,5.0,2.0,5.0,0.0,3.0,A,0.0,1.0,A,14.0,14.0,3.0,8.0,13.0,6.0,8.0,3.0,2.0,1.0,0.0,0.0,2.92,3.54,2.38
F1,2023-10-01,Rennes,Nantes,1715.91,1552.85,3.0,5.0,7.0,8.0,3.0,1.0,H,1.0,1.0,D,16.0,10.0,5.0,3.0,11.0,17.0,6.0,4.0,3.0,6.0,0.0,1.0,1.52,4.53,5.99
F1,2023-10-06,Strasbourg,Nantes,1611.04,1552.85,4.0,7.0,6.0,8.0,1.0,2.0,A,0.0,0.0,D,11.0,16.0,3.0,7.0,15.0,12.0,3.0,11.0,4.0,0.0,0.0,0.0,2.24,3.23,3.48
F1,2023-10-07,Metz,Nice,1559.69,1692.65,3.0,7.0,7.0,11.0,0.0,1.0,A,0.0,1.0,A,10.0,7.0,3.0,4.0,9.0,10.0,1.0,4.0,0.0,1.0,0.0,0.0,4.88,3.81,1.73
F1,2023-10-07,Reims,Monaco,1624.41,1688.45,6.0,10.0,4.0,8.0,1.0,3.0,A,0.0,1.0,A,11.0,11.0,4.0,4.0,10.0,14.0,10.0,5.0,0.0,3.0,0.0,0.0,2.64,3.66,2.55
F1,2023-10-08,Marseille,Le Havre,1693.37,1520.09,1.0,5.0,4.0,8.0,3.0,0.0,H,2.0,0.0,H,14.0,7.0,6.0,1.0,6.0,16.0,4.0,3.0,0.0,3.0,0.0,1.0,1.49,4.53,6.48
F1,2023-10-08,Brest,Toulouse,1612.96,1584.01,7.0,8.0,4.0,5.0,1.0,1.0,D,0.0,1.0,A,13.0,9.0,2.0,3.0,18.0,18.0,3.0,5.0,2.0,2.0,0.0,0.0,1.82,3.71,4.39
F1,2023-10-08,Lyon,Lorient,1652.91,1578.8,1.0,2.0,1.0,4.0,3.0,3.0,D,3.0,1.0,H,9.0,6.0,6.0,5.0,22.0,10.0,5.0,2.0,0.0,0.0,0.0,0.0,1.69,4.03,4.83
F1,2023-10-08,Lens,Lille,1732.47,1693.01,6.0,6.0,4.0,7.0,1.0,1.0,D,0.0,1.0,A,14.0,8.0,5.0,3.0,14.0,16.0,8.0,5.0,2.0,4.0,0.0,0.0,2.23,3.49,3.22
F1,2023-10-08,Rennes,Paris SG,1715.91,1823.58,5.0,7.0,4.0,10.0,1.0,3.0,A,0.0,2.0,A,14.0,17.0,4.0,7.0,12.0,15.0,1.0,7.0,1.0,0.0,0.0,0.0,3.48,3.61,2.08
F1,2023-10-20,Le Havre,Lens,1504.93,1738.25,3.0,7.0,7.0,7.0,0.0,0.0,D,0.0,0.0,D,14.0,13.0,5.0,7.0,16.0,9.0,3.0,3.0,2.0,3.0,0.0,0.0,4.53,3.52,1.85
F1,2023-10-21,Paris SG,Strasbourg,1821.54,1597.54,7.0,10.0,3.0,4.0,3.0,0.0,H,2.0,0.0,H,8.0,7.0,4.0,1.0,11.0,10.0,1.0,6.0,2.0,0.0,0.0,0.0,1.23,6.61,12.0
F1,2023-10-21,Nice,Marseille,1692.33,1697.55,7.0,13.0,3.0,5.0,1.0,0.0,H,0.0,0.0,D,10.0,9.0,2.0,1.0,13.0,6.0,4.0,2.0,4.0,3.0,0.0,1.0,2.44,3.29,3.04
F1,2023-10-22,Lorient,Rennes,1565.21,1702.85,1.0,2.0,4.0,6.0,2.0,1.0,H,2.0,1.0,H,5.0,20.0,4.0,6.0,5.0,14.0,6.0,16.0,0.0,2.0,0.0,0.0,3.95,3.74,1.89
F1,2023-10-22,Lille,Brest,1691.52,1612.1,4.0,8.0,5.0,9.0,1.0,0.0,H,1.0,0.0,H,6.0,9.0,4.0,1.0,12.0,13.0,3.0,5.0,2.0,3.0,0.0,0.0,1.8,3.66,4.65
F1,2023-10-22,Nantes,Montpellier,1556.56,1631.04,6.0,10.0,5.0,5.0,2.0,0.0,H,1.0,0.0,H,14.0,11.0,5.0,6.0,16.0,13.0,4.0,3.0,2.0,1.0,0.0,0.0,2.9,3.54,2.38
F1,2023-10-22,Toulouse,Reims,1598.05,1621.44,4.0,6.0,6.0,7.0,1.0,1.0,D,0.0,0.0,D,11.0,15.0,5.0,4.0,18.0,15.0,5.0,7.0,2.0,0.0,0.0,0.0,2.91,3.48,2.42
F1,2023-10-22,Monaco,Metz,1696.93,1540.65,6.0,10.0,0.0,4.0,2.0,1.0,H,1.0,1.0,D,27.0,8.0,13.0,4.0,12.0,11.0,10.0,2.0,1.0,3.0,0.0,0.0,1.34,5.6,8.19
F1,2023-10-22,Lyon,Clermont,1636.27,1549.54,1.0,2.0,1.0,2.0,1.0,2.0,A,0.0,2.0,A,25.0,12.0,6.0,5.0,16.0,12.0,10.0,3.0,4.0,6.0,0.0,0.0,1.79,3.95,4.32
F1,2023-10-27,Clermont,Nice,1549.54,1692.33,4.0,5.0,7.0,13.0,0.0,1.0,A,0.0,0.0,D,8.0,11.0,3.0,5.0,14.0,12.0,2.0,2.0,0.0,2.0,0.0,0.0,4.31,3.4,1.93
F1,2023-10-28,Reims,Lorient,1621.44,1565.21,4.0,7.0,4.0,5.0,1.0,0.0,H,0.0,0.0,D,12.0,9.0,5.0,1.0,16.0,7.0,4.0,4.0,1.0,3.0,0.0,0.0,1.66,4.16,5.01
F1,2023-10-28,Lens,Nantes,1738.25,1556.56,5.0,8.0,6.0,12.0,4.0,0.0,H,1.0,0.0,H,11.0,11.0,7.0,1.0,12.0,17.0,4.0,1.0,1.0,2.0,0.0,0.0,1.58,4.26,5.7
F1,2023-10-29,Brest,Paris SG,1612.1,1821.54,2.0,8.0,7.0,10.0,2.0,3.0,A,1.0,2.0,A,20.0,17.0,5.0,10.0,14.0,10.0,9.0,5.0,3.0,4.0,0.0,0.0,5.85,4.49,1.53
F1,2023-10-29,Lille,Monaco,1691.52,1696.93,7.0,8.0,9.0,10.0,2.0,0.0,H,2.0,0.0,H,7.0,16.0,5.0,6.0,17.0,13.0,2.0,8.0,1.0,2.0,0.0,0.0,2.28,3.8,2.93
F1,2023-10-29,Metz,Le Havre,1540.65,1504.93,0.0,3.0,1.0,5.0,0.0,0.0,D,0.0,0.0,D,9.0,12.0,3.0,1.0,13.0,15.0,5.0,6.0,2.0,2.0,0.0,0.0,2.55,3.25,2.91
F1,2023-10-29,Montpellier,Toulouse,1631.04,1598.05,4.0,5.0,5.0,6.0,3.0,0.0,H,1.0,0.0,H,19.0,16.0,6.0,5.0,13.0,15.0,3.0,4.0,2.0,3.0,0.0,0.0,1.77,3.92,4.47
F1,2023-10-29,Rennes,Strasbourg,1702.85,1597.54,3.0,5.0,0.0,4.0,1.0,1.0,D,1.0,0.0,H,20.0,11.0,3.0,3.0,14.0,16.0,7.0,5.0,2.0,2.0,0.0,0.0,1.6,4.11,5.69
F1,2023-11-03,Paris SG,Montpellier,1850.09,1637.99,9.0,13.0,6.0,8.0,3.0,0.0,H,1.0,0.0,H,21.0,7.0,10.0,2.0,10.0,13.0,9.0,2.0,1.0,0.0,0.0,0.0,1.26,6.56,10.28
F1,2023-11-04,Lorient,Lens,1578.52,1747.66,4.0,4.0,5.0,11.0,0.0,0.0,D,0.0,0.0,D,7.0,14.0,2.0,7.0,10.0,14.0,1.0,5.0,3.0,3.0,0.0,0.0,4.81,3.89,1.73
F1,2023-11-04,Marseille,Lille,1704.45,1716.15,3.0,4.0,7.0,10.0,0.0,0.0,D,0.0,0.0,D,8.0,10.0,3.0,1.0,10.0,12.0,2.0,8.0,2.0,3.0,0.0,0.0,2.23,3.54,3.22
F1,2023-11-05,Lyon,Metz,1633.47,1543.8,1.0,2.0,1.0,1.0,1.0,1.0,D,0.0,0.0,D,15.0,10.0,4.0,5.0,16.0,14.0,4.0,9.0,1.0,1.0,0.0,0.0,1.67,4.01,5.02
F1,2023-11-05,Nantes,Reims,1570.75,1636.4,6.0,9.0,4.0,10.0,0.0,1.0,A,0.0,0.0,D,17.0,7.0,4.0,4.0,5.0,11.0,10.0,6.0,1.0,2.0,0.0,0.0,2.92,3.24,2.53
F1,2023-11-05,Strasbourg,Clermont,1606.16,1563.8,1.0,4.0,4.0,4.0,0.0,0.0,D,0.0,0.0,D,18.0,10.0,5.0,2.0,11.0,5.0,4.0,6.0,2.0,0.0,1.0,0.0,2.37,3.24,3.17
F1,2023-11-05,Toulouse,Le Havre,1593.56,1520.61,2.0,5.0,2.0,5.0,1.0,2.0,A,0.0,0.0,D,17.0,15.0,5.0,7.0,9.0,12.0,4.0,6.0,2.0,2.0,0.0,0.0,2.15,3.36,3.52
F1,2023-11-05,Monaco,Brest,1699.27,1611.93,6.0,9.0,1.0,5.0,2.0,0.0,H,1.0,0.0,H,12.0,15.0,6.0,1.0,15.0,11.0,6.0,4.0,2.0,4.0,0.0,1.0,1.73,4.08,4.49
F1,2023-11-05,Nice,Rennes,1713.88,1704.11,9.0,13.0,1.0,5.0,2.0,0.0,H,1.0,0.0,H,16.0,11.0,4.0,4.0,7.0,12.0,2.0,1.0,0.0,2.0,1.0,1.0,2.1,3.39,3.63
F1,2023-11-10,Montpellier,Nice,1637.99,1713.88,3.0,7.0,9.0,13.0,0.0,0.0,D,0.0,0.0,D,9.0,15.0,1.0,4.0,11.0,15.0,3.0,7.0,0.0,4.0,0.0,0.0,3.56,3.37,2.14
F1,2023-11-11,Reims,Paris SG,1636.4,1850.09,7.0,10.0,9.0,13.0,0.0,3.0,A,0.0,1.0,A,19.0,14.0,6.0,6.0,14.0,6.0,8.0,4.0,1.0,0.0,0.0,0.0,5.21,4.35,1.6
F1,2023-11-11,Le Havre,Monaco,1520.61,1699.27,5.0,5.0,6.0,12.0,0.0,0.0,D,0.0,0.0,D,9.0,10.0,5.0,4.0,10.0,18.0,2.0,4.0,2.0,3.0,0.0,0.0,4.45,3.93,1.77
F1,2023-11-12,Clermont,Lorient,1563.8,1578.52,4.0,5.0,4.0,5.0,1.0,0.0,H,0.0,0.0,D,17.0,10.0,6.0,3.0,15.0,10.0,5.0,4.0,3.0,2.0,0.0,0.0,2.13,3.33,3.6
F1,2023-11-12,Lille,Toulouse,1716.15,1593.56,7.0,11.0,1.0,5.0,1.0,1.0,D,1.0,0.0,H,13.0,2.0,6.0,1.0,12.0,16.0,11.0,1.0,3.0,4.0,0.0,0.0,1.57,4.31,5.67
F1,2023-11-12,Metz,Nantes,1543.8,1570.75,2.0,2.0,3.0,6.0,3.0,1.0,H,2.0,1.0,H,9.0,16.0,4.0,3.0,7.0,9.0,2.0,5.0,0.0,0.0,0.0,0.0,2.93,3.31,2.49
F1,2023-11-12,Rennes,Lyon,1704.11,1633.47,1.0,4.0,2.0,2.0,0.0,1.0,A,0.0,0.0,D,8.0,12.0,2.0,5.0,5.0,18.0,6.0,9.0,3.0,1.0,1.0,0.0,1.73,4.06,4.48
F1,2023-11-12,Lens,Marseille,1747.66,1704.45,5.0,9.0,4.0,4.0,1.0,0.0,H,0.0,0.0,D,14.0,8.0,3.0,2.0,19.0,15.0,4.0,5.0,2.0,2.0,0.0,0.0,2.26,3.48,3.16
F1,2023-11-24,Paris SG,Monaco,1859.27,1706.68,9.0,15.0,4.0,10.0,5.0,2.0,H,2.0,1.0,H,16.0,14.0,11.0,7.0,9.0,19.0,2.0,10.0,0.0,1.0,0.0,0.0,1.48,5.07,5.96
F1,2023-11-25,Clermont,Lens,1577.91,1749.82,4.0,8.0,7.0,9.0,0.0,3.0,A,0.0,1.0,A,13.0,16.0,4.0,10.0,16.0,17.0,2.0,4.0,2.0,3.0,1.0,1.0,3.81,3.5,2.01
F1,2023-11-25,Strasbourg,Marseille,1607.92,1711.52,2.0,2.0,1.0,4.0,1.0,1.0,D,1.0,1.0,D,15.0,16.0,7.0,3.0,14.0,16.0,7.0,11.0,1.0,2.0,0.0,0.0,3.9,3.56,1.97
F1,2023-11-26,Nice,Toulouse,1726.41,1605.43,7.0,13.0,1.0,3.0,1.0,0.0,H,0.0,0.0,D,8.0,19.0,3.0,3.0,9.0,19.0,4.0,2.0,0.0,4.0,0.0,0.0,1.51,4.15,6.93
F1,2023-11-26,Lorient,Metz,1578.91,1562.19,1.0,5.0,5.0,5.0,2.0,3.0,A,2.0,1.0,H,11.0,14.0,5.0,5.0,10.0,17.0,5.0,6.0,2.0,1.0,0.0,0.0,1.99,3.45,3.96
F1,2023-11-26,Montpellier,Brest,1639.24,1609.67,4.0,7.0,0.0,2.0,1.0,3.0,A,0.0,1.0,A,17.0,17.0,5.0,5.0,11.0,18.0,9.0,1.0,2.0,2.0,0.0,0.0,2.29,3.43,3.15
F1,2023-11-26,Nantes,Le Havre,1557.07,1539.69,0.0,6.0,5.0,6.0,0.0,0.0,D,0.0,0.0,D,19.0,6.0,3.0,0.0,10.0,17.0,10.0,5.0,1.0,2.0,0.0,1.0,2.08,3.42,3.68
F1,2023-11-26,Rennes,Reims,1693.43,1640.95,1.0,1.0,6.0,7.0,3.0,1.0,H,1.0,1.0,D,10.0,15.0,5.0,5.0,10.0,18.0,1.0,8.0,2.0,2.0,0.0,0.0,1.99,3.62,3.76
F1,2023-11-26,Lyon,Lille,1644.97,1710.99,4.0,5.0,5.0,9.0,0.0,2.0,A,0.0,2.0,A,11.0,15.0,5.0,8.0,17.0,5.0,3.0,5.0,2.0,2.0,0.0,0.0,2.99,3.4,2.4
F1,2023-11-29,Montpellier,Clermont,1639.24,1577.91,1.0,4.0,4.0,7.0,1.0,1.0,D,0.0,1.0,A,32.0,5.0,10.0,1.0,23.0,14.0,8.0,0.0,3.0,4.0,0.0,0.0,1.94,3.62,4.01
F1,2023-12-01,Reims,Strasbourg,1636.3,1612.78,3.0,7.0,3.0,3.0,2.0,1.0,H,2.0,0.0,H,13.0,10.0,4.0,3.0,7.0,7.0,4.0,5.0,1.0,1.0,0.0,0.0,1.74,3.87,4.78
F1,2023-12-02,Lens,Lyon,1755.52,1637.51,7.0,11.0,4.0,5.0,3.0,2.0,H,1.0,1.0,D,10.0,12.0,7.0,7.0,11.0,14.0,3.0,6.0,2.0,0.0,1.0,0.0,1.71,4.05,4.8
F1,2023-12-02,Nantes,Nice,1558.54,1733.86,1.0,4.0,7.0,13.0,1.0,0.0,H,1.0,0.0,H,13.0,13.0,4.0,6.0,15.0,18.0,5.0,6.0,3.0,0.0,0.0,0.0,3.87,3.42,2.03
F1,2023-12-03,Le Havre,Paris SG,1544.76,1865.99,5.0,7.0,9.0,15.0,0.0,2.0,A,0.0,1.0,A,22.0,9.0,7.0,5.0,11.0,9.0,9.0,2.0,2.0,1.0,0.0,1.0,9.68,5.69,1.31
F1,2023-12-03,Brest,Clermont,1626.94,1575.33,3.0,4.0,4.0,5.0,3.0,0.0,H,2.0,0.0,H,12.0,10.0,7.0,1.0,11.0,17.0,4.0,2.0,1.0,2.0,0.0,0.0,1.8,3.72,4.56
F1,2023-12-03,Monaco,Montpellier,1704.18,1625.71,4.0,7.0,2.0,5.0,2.0,0.0,H,1.0,0.0,H,27.0,9.0,9.0,4.0,15.0,13.0,8.0,2.0,2.0,3.0,0.0,1.0,1.65,4.37,4.78
F1,2023-12-03,Toulouse,Lorient,1603.97,1572.54,1.0,2.0,1.0,4.0,1.0,1.0,D,0.0,0.0,D,11.0,11.0,6.0,5.0,16.0,10.0,3.0,4.0,2.0,4.0,0.0,0.0,2.02,3.51,3.78
F1,2023-12-03,Lille,Metz,1727.67,1575.11,5.0,11.0,7.0,8.0,2.0,0.0,H,2.0,0.0,H,16.0,7.0,6.0,4.0,8.0,11.0,6.0,1.0,0.0,0.0,0.0,0.0,1.44,4.72,7.33
F1,2023-12-03,Marseille,Rennes,1717.82,1715.53,2.0,5.0,3.0,4.0,2.0,0.0,H,1.0,0.0,H,5.0,10.0,2.0,0.0,9.0,15.0,1.0,6.0,1.0,3.0,1.0,1.0,1.92,3.75,3.9
F1,2023-12-06,Marseille,Lyon,1717.82,1637.51,4.0,5.0,3.0,4.0,3.0,0.0,H,2.0,0.0,H,12.0,6.0,5.0,1.0,14.0,11.0,10.0,3.0,1.0,2.0,0.0,0.0,1.71,3.96,4.87
F1,2023-12-07,Brest,Strasbourg,1626.94,1612.78,6.0,6.0,2.0,3.0,1.0,1.0,D,1.0,0.0,H,13.0,9.0,3.0,5.0,11.0,18.0,6.0,0.0,1.0,0.0,0.0,0.0,1.85,3.61,4.4
F1,2023-12-08,Montpellier,Lens,1625.71,1755.52,1.0,2.0,9.0,13.0,0.0,0.0,D,0.0,0.0,D,18.0,13.0,4.0,5.0,16.0,11.0,4.0,3.0,2.0,3.0,0.0,0.0,3.43,3.49,2.14
F1,2023-12-09,Rennes,Monaco,1715.53,1704.18,3.0,4.0,4.0,7.0,1.0,2.0,A,0.0,0.0,D,15.0,12.0,5.0,5.0,9.0,22.0,5.0,5.0,3.0,6.0,0.0,1.0,2.52,3.66,2.66
F1,2023-12-09,Paris SG,Nantes,1865.99,1558.54,9.0,15.0,4.0,4.0,2.0,1.0,H,1.0,0.0,H,16.0,10.0,6.0,4.0,9.0,12.0,5.0,3.0,1.0,3.0,0.0,0.0,1.22,6.89,11.82
F1,2023-12-10,Nice,Reims,1733.86,1636.3,4.0,10.0,3.0,9.0,2.0,1.0,H,0.0,0.0,D,15.0,9.0,5.0,2.0,13.0,6.0,9.0,0.0,2.0,3.0,0.0,0.0,1.86,3.54,4.34
F1,2023-12-10,Clermont,Lille,1575.33,1727.67,1.0,5.0,7.0,11.0,0.0,0.0,D,0.0,0.0,D,16.0,12.0,5.0,3.0,18.0,9.0,3.0,6.0,2.0,2.0,0.0,0.0,4.87,3.67,1.74
F1,2023-12-10,Metz,Brest,1575.11,1626.94,6.0,8.0,7.0,7.0,0.0,1.0,A,0.0,0.0,D,6.0,4.0,3.0,3.0,14.0,16.0,3.0,2.0,3.0,2.0,0.0,0.0,3.4,3.3,2.21
F1,2023-12-10,Strasbourg,Le Havre,1612.78,1544.76,2.0,4.0,2.0,6.0,2.0,1.0,H,1.0,0.0,H,12.0,15.0,3.0,3.0,14.0,15.0,4.0,3.0,3.0,1.0,0.0,0.0,2.14,3.3,3.62
F1,2023-12-10,Lyon,Toulouse,1637.51,1603.97,0.0,4.0,2.0,2.0,3.0,0.0,H,2.0,0.0,H,15.0,16.0,7.0,6.0,15.0,15.0,2.0,1.0,2.0,3.0,0.0,0.0,1.98,3.67,3.69
F1,2023-12-10,Lorient,Marseille,1572.54,1717.82,1.0,2.0,7.0,8.0,2.0,4.0,A,1.0,4.0,A,15.0,18.0,9.0,8.0,17.0,17.0,4.0,6.0,5.0,3.0,0.0,1.0,4.44,3.73,1.8
F1,2023-12-15,Monaco,Lyon,1720.72,1636.94,6.0,10.0,3.0,6.0,0.0,1.0,A,0.0,0.0,D,19.0,5.0,4.0,2.0,13.0,12.0,6.0,1.0,1.0,2.0,0.0,0.0,1.73,4.19,4.49
F1,2023-12-16,Le Havre,Nice,1536.65,1728.12,1.0,5.0,6.0,10.0,3.0,1.0,H,2.0,0.0,H,9.0,13.0,5.0,6.0,13.0,9.0,2.0,9.0,3.0,2.0,1.0,1.0,4.33,3.32,1.96
F1,2023-12-16,Lens,Reims,1762.91,1638.32,7.0,11.0,3.0,6.0,2.0,0.0,H,1.0,0.0,H,7.0,14.0,2.0,3.0,9.0,10.0,4.0,7.0,0.0,1.0,0.0,0.0,1.87,3.75,4.11
F1,2023-12-17,Nantes,Brest,1569.26,1642.91,4.0,4.0,7.0,10.0,0.0,2.0,A,0.0,0.0,D,12.0,14.0,4.0,8.0,15.0,8.0,4.0,3.0,1.0,3.0,0.0,0.0,2.63,3.27,2.79
F1,2023-12-17,Lorient,Strasbourg,1568.13,1614.71,1.0,2.0,4.0,6.0,1.0,2.0,A,0.0,1.0,A,7.0,12.0,1.0,9.0,14.0,12.0,6.0,1.0,3.0,2.0,0.0,0.0,2.53,3.25,2.93
F1,2023-12-17,Metz,Montpellier,1563.02,1622.22,3.0,7.0,2.0,3.0,0.0,1.0,A,0.0,1.0,A,19.0,6.0,4.0,3.0,15.0,14.0,12.0,5.0,2.0,2.0,0.0,0.0,3.25,3.29,2.31
F1,2023-12-17,Toulouse,Rennes,1600.28,1687.94,1.0,2.0,3.0,3.0,0.0,0.0,D,0.0,0.0,D,15.0,11.0,6.0,4.0,17.0,14.0,4.0,4.0,3.0,2.0,0.0,0.0,3.19,3.55,2.22
F1,2023-12-17,Marseille,Clermont,1738.89,1569.55,9.0,10.0,2.0,5.0,2.0,1.0,H,2.0,0.0,H,15.0,5.0,6.0,2.0,12.0,14.0,4.0,1.0,0.0,3.0,0.0,0.0,1.42,4.73,7.61
F1,2023-12-17,Lille,Paris SG,1730.71,1873.6,7.0,9.0,9.0,15.0,1.0,1.0,D,0.0,0.0,D,15.0,10.0,3.0,2.0,9.0,19.0,8.0,8.0,1.0,1.0,0.0,0.0,3.99,3.95,1.84
F1,2023-12-20,Brest,Lorient,1642.91,1568.13,7.0,13.0,1.0,1.0,4.0,0.0,H,4.0,0.0,H,12.0,7.0,7.0,3.0,8.0,17.0,1.0,0.0,1.0,2.0,0.0,0.0,1.61,4.0,5.71
F1,2023-12-20,Clermont,Rennes,1569.55,1687.94,1.0,2.0,1.0,4.0,1.0,3.0,A,1.0,0.0,H,14.0,25.0,6.0,11.0,8.0,11.0,4.0,5.0,0.0,3.0,1.0,0.0,3.35,3.39,2.21
F1,2023-12-20,Lyon,Nantes,1636.94,1569.26,6.0,6.0,3.0,4.0,1.0,0.0,H,0.0,0.0,D,8.0,7.0,7.0,0.0,8.0,14.0,7.0,7.0,1.0,2.0,1.0,0.0,1.69,4.13,4.73
F1,2023-12-20,Montpellier,Marseille,1622.22,1738.89,4.0,5.0,9.0,13.0,1.0,1.0,D,1.0,0.0,H,12.0,17.0,6.0,4.0,21.0,13.0,5.0,10.0,2.0,1.0,0.0,0.0,3.43,3.63,2.09
F1,2023-12-20,Nice,Lens,1728.12,1762.91,3.0,7.0,7.0,13.0,2.0,0.0,H,0.0,0.0,D,14.0,10.0,5.0,3.0,14.0,11.0,5.0,6.0,2.0,2.0,0.0,0.0,2.32,3.2,3.34
F1,2023-12-20,Paris SG,Metz,1873.6,1563.02,7.0,13.0,0.0,6.0,3.0,1.0,H,0.0,0.0,D,13.0,3.0,5.0,1.0,6.0,9.0,5.0,5.0,0.0,1.0,0.0,0.0,1.15,8.69,17.31
F1,2023-12-20,Reims,Le Havre,1638.32,1536.65,3.0,3.0,3.0,5.0,1.0,0.0,H,1.0,0.0,H,22.0,4.0,7.0,1.0,7.0,6.0,6.0,2.0,1.0,1.0,0.0,1.0,1.69,3.93,5.0
F1,2023-12-20,Strasbourg,Lille,1614.71,1730.71,7.0,8.0,5.0,9.0,2.0,1.0,H,1.0,1.0,D,9.0,9.0,2.0,2.0,19.0,10.0,6.0,5.0,1.0,2.0,0.0,0.0,3.88,3.51,1.99
F1,2023-12-20,Toulouse,Monaco,1600.28,1720.72,2.0,3.0,6.0,7.0,1.0,2.0,A,1.0,2.0,A,20.0,12.0,5.0,4.0,17.0,10.0,4.0,5.0,2.0,3.0,0.0,1.0,4.24,3.97,1.79
F1,2024-01-12,Marseille,Strasbourg,1740.2,1632.54,7.0,13.0,9.0,10.0,1.0,1.0,D,1.0,0.0,H,8.0,18.0,2.0,4.0,11.0,10.0,6.0,4.0,3.0,2.0,0.0,0.0,1.6,3.98,5.97
F1,2024-01-13,Monaco,Reims,1715.72,1637.79,6.0,9.0,3.0,6.0,1.0,3.0,A,0.0,1.0,A,9.0,12.0,5.0,5.0,11.0,9.0,6.0,6.0,3.0,2.0,0.0,0.0,1.75,4.11,4.35
F1,2024-01-13,Rennes,Nice,1695.43,1723.09,4.0,7.0,6.0,9.0,2.0,0.0,H,1.0,0.0,H,15.0,9.0,5.0,2.0,13.0,11.0,6.0,6.0,1.0,0.0,0.0,0.0,2.37,3.26,3.14
F1,2024-01-14,Lille,Lorient,1723.61,1550.74,2.0,8.0,0.0,1.0,3.0,0.0,H,1.0,0.0,H,24.0,1.0,10.0,0.0,10.0,22.0,7.0,1.0,1.0,4.0,0.0,0.0,1.38,4.95,8.23
F1,2024-01-14,Brest,Montpellier,1662.76,1631.84,9.0,13.0,5.0,6.0,2.0,0.0,H,0.0,0.0,D,26.0,9.0,9.0,4.0,6.0,7.0,3.0,3.0,1.0,2.0,0.0,0.0,1.86,3.67,4.21
F1,2024-01-14,Metz,Toulouse,1553.21,1595.14,0.0,3.0,1.0,2.0,0.0,1.0,A,0.0,1.0,A,14.0,4.0,2.0,2.0,20.0,18.0,5.0,2.0,3.0,2.0,1.0,0.0,3.04,3.14,2.51
F1,2024-01-14,Nantes,Clermont,1553.98,1557.7,0.0,4.0,1.0,2.0,1.0,2.0,A,0.0,1.0,A,20.0,15.0,9.0,6.0,10.0,5.0,11.0,5.0,1.0,1.0,1.0,0.0,1.98,3.45,3.96
F1,2024-01-14,Le Havre,Lyon,1548.51,1652.94,3.0,4.0,9.0,9.0,3.0,1.0,H,1.0,0.0,H,14.0,9.0,7.0,2.0,15.0,4.0,3.0,7.0,1.0,0.0,0.0,2.0,3.18,3.32,2.32
F1,2024-01-14,Lens,Paris SG,1756.61,1873.03,4.0,10.0,7.0,13.0,0.0,2.0,A,0.0,1.0,A,17.0,15.0,5.0,7.0,10.0,8.0,5.0,6.0,0.0,1.0,1.0,0.0,3.7,3.96,1.91
F1,2024-01-26,Lyon,Rennes,1639.37,1706.16,6.0,9.0,7.0,7.0,2.0,3.0,A,0.0,3.0,A,12.0,11.0,6.0,5.0,15.0,12.0,3.0,2.0,2.0,2.0,0.0,0.0,2.53,3.35,2.85
F1,2024-01-27,Nice,Metz,1712.37,1544.9,3.0,6.0,0.0,0.0,1.0,0.0,H,0.0,0.0,D,15.0,2.0,9.0,1.0,10.0,13.0,5.0,2.0,1.0,1.0,0.0,0.0,1.41,4.45,8.85
F1,2024-01-27,Marseille,Monaco,1736.02,1699.95,5.0,11.0,3.0,9.0,2.0,2.0,D,1.0,2.0,A,22.0,6.0,9.0,5.0,11.0,12.0,10.0,1.0,1.0,3.0,0.0,2.0,2.4,3.66,2.79
F1,2024-01-28,Montpellier,Lille,1623.34,1729.12,4.0,5.0,4.0,8.0,0.0,0.0,D,0.0,0.0,D,12.0,12.0,7.0,0.0,13.0,16.0,5.0,2.0,4.0,3.0,0.0,1.0,3.76,3.55,1.99
F1,2024-01-28,Clermont,Strasbourg,1567.03,1636.73,3.0,4.0,7.0,11.0,1.0,1.0,D,0.0,1.0,A,14.0,6.0,6.0,2.0,12.0,16.0,5.0,2.0,1.0,3.0,0.0,0.0,2.79,3.24,2.62
F1,2024-01-28,Lorient,Le Havre,1545.23,1562.08,0.0,1.0,6.0,6.0,3.0,3.0,D,1.0,1.0,D,13.0,14.0,6.0,5.0,15.0,21.0,1.0,4.0,4.0,4.0,0.0,0.0,2.92,3.12,2.59
F1,2024-01-28,Reims,Nantes,1653.56,1544.64,6.0,9.0,0.0,3.0,0.0,0.0,D,0.0,0.0,D,10.0,7.0,1.0,5.0,8.0,16.0,6.0,2.0,3.0,2.0,0.0,0.0,1.83,3.72,4.29
F1,2024-01-28,Toulouse,Lens,1603.46,1747.85,4.0,5.0,3.0,7.0,0.0,2.0,A,0.0,1.0,A,13.0,13.0,4.0,5.0,11.0,14.0,10.0,7.0,3.0,3.0,0.0,0.0,3.54,3.55,2.06
F1,2024-01-28,Paris SG,Brest,1881.8,1671.26,7.0,13.0,9.0,13.0,2.0,2.0,D,2.0,0.0,H,10.0,9.0,4.0,6.0,12.0,10.0,7.0,0.0,5.0,3.0,1.0,0.0,1.4,5.12,7.12
F1,2024-02-02,Strasbourg,Paris SG,1636.1,1875.48,5.0,11.0,7.0,11.0,1.0,2.0,A,0.0,1.0,A,20.0,9.0,8.0,5.0,12.0,13.0,3.0,4.0,3.0,1.0,0.0,0.0,6.25,4.63,1.5
F1,2024-02-03,Rennes,Montpellier,1713.68,1624.99,9.0,10.0,2.0,6.0,2.0,1.0,H,1.0,0.0,H,9.0,17.0,3.0,9.0,17.0,12.0,5.0,3.0,4.0,3.0,0.0,0.0,1.63,4.07,5.33
F1,2024-02-03,Nantes,Lens,1548.88,1755.81,1.0,1.0,3.0,7.0,0.0,1.0,A,0.0,0.0,D,7.0,12.0,2.0,4.0,16.0,11.0,2.0,3.0,2.0,2.0,0.0,0.0,3.36,3.38,2.2
F1,2024-02-04,Monaco,Le Havre,1702.36,1562.97,4.0,7.0,4.0,7.0,1.0,1.0,D,0.0,0.0,D,17.0,3.0,5.0,0.0,16.0,11.0,9.0,4.0,3.0,2.0,0.0,0.0,1.48,4.55,6.58
F1,2024-02-04,Lille,Clermont,1727.47,1567.66,4.0,6.0,4.0,5.0,4.0,0.0,H,4.0,0.0,H,23.0,4.0,13.0,3.0,8.0,10.0,12.0,1.0,0.0,1.0,0.0,0.0,1.41,4.72,7.88
F1,2024-02-04,Metz,Lorient,1541.57,1544.34,0.0,0.0,1.0,1.0,1.0,2.0,A,1.0,1.0,D,10.0,12.0,3.0,4.0,12.0,13.0,4.0,3.0,3.0,1.0,0.0,0.0,2.26,3.14,3.47
F1,2024-02-04,Reims,Toulouse,1649.32,1595.49,7.0,7.0,3.0,4.0,2.0,3.0,A,0.0,3.0,A,17.0,9.0,5.0,4.0,13.0,16.0,10.0,6.0,2.0,3.0,0.0,0.0,1.78,3.72,4.55
F1,2024-02-04,Brest,Nice,1677.58,1715.7,7.0,13.0,6.0,9.0,0.0,0.0,D,0.0,0.0,D,17.0,13.0,2.0,1.0,12.0,12.0,3.0,5.0,3.0,1.0,0.0,0.0,2.48,3.17,3.03
F1,2024-02-04,Lyon,Marseille,1631.84,1733.6,3.0,9.0,3.0,9.0,1.0,0.0,H,1.0,0.0,H,12.0,8.0,7.0,1.0,14.0,10.0,3.0,2.0,2.0,1.0,0.0,0.0,2.83,3.39,2.5
F1,2024-02-09,Marseille,Metz,1733.6,1541.57,2.0,6.0,0.0,0.0,1.0,1.0,D,0.0,0.0,D,18.0,7.0,6.0,3.0,12.0,16.0,6.0,3.0,2.0,0.0,1.0,0.0,1.42,4.55,8.16
F1,2024-02-10,Lens,Strasbourg,1755.81,1636.1,6.0,9.0,2.0,8.0,3.0,1.0,H,2.0,1.0,H,10.0,19.0,6.0,5.0,14.0,14.0,4.0,5.0,2.0,1.0,0.0,0.0,1.64,3.9,5.48
F1,2024-02-10,Paris SG,Lille,1875.48,1727.47,7.0,11.0,7.0,8.0,3.0,1.0,H,2.0,1.0,H,16.0,10.0,8.0,3.0,12.0,10.0,6.0,8.0,2.0,3.0,0.0,0.0,1.62,4.25,5.2
F1,2024-02-11,Le Havre,Rennes,1562.97,1713.68,5.0,8.0,9.0,13.0,0.0,1.0,A,0.0,0.0,D,13.0,11.0,5.0,2.0,14.0,7.0,5.0,1.0,2.0,1.0,0.0,0.0,3.52,3.34,2.16
F1,2024-02-11,Clermont,Brest,1567.66,1677.58,4.0,4.0,5.0,11.0,1.0,1.0,D,0.0,0.0,D,7.0,15.0,2.0,9.0,12.0,13.0,2.0,4.0,2.0,4.0,1.0,1.0,3.71,3.37,2.07
F1,2024-02-11,Lorient,Reims,1544.34,1649.32,4.0,4.0,4.0,7.0,2.0,0.0,H,0.0,0.0,D,17.0,23.0,5.0,6.0,9.0,14.0,1.0,7.0,1.0,1.0,0.0,0.0,3.61,3.53,2.04
F1,2024-02-11,Toulouse,Nantes,1595.49,1548.88,6.0,7.0,1.0,1.0,1.0,2.0,A,0.0,1.0,A,16.0,5.0,3.0,2.0,10.0,13.0,12.0,0.0,2.0,1.0,0.0,0.0,2.2,3.39,3.32
F1,2024-02-11,Montpellier,Lyon,1624.99,1631.84,1.0,5.0,3.0,9.0,1.0,2.0,A,1.0,0.0,H,15.0,19.0,8.0,5.0,11.0,11.0,1.0,5.0,1.0,2.0,0.0,0.0,3.05,3.35,2.36
F1,2024-02-11,Nice,Monaco,1715.7,1702.36,4.0,7.0,2.0,5.0,2.0,3.0,A,1.0,1.0,D,15.0,9.0,5.0,5.0,17.0,14.0,8.0,2.0,5.0,4.0,1.0,0.0,2.33,3.36,3.09
F1,2024-02-16,Lyon,Nice,1651.99,1708.4,6.0,9.0,4.0,7.0,1.0,0.0,H,1.0,0.0,H,9.0,20.0,1.0,6.0,8.0,12.0,4.0,9.0,0.0,1.0,0.0,0.0,2.66,3.16,2.85
F1,2024-02-17,Lille,Le Havre,1731.49,1564.56,4.0,7.0,2.0,5.0,3.0,0.0,H,2.0,0.0,H,17.0,6.0,8.0,2.0,11.0,17.0,1.0,3.0,2.0,3.0,0.0,0.0,1.52,4.15,6.76
F1,2024-02-17,Nantes,Paris SG,1557.83,1892.58,4.0,4.0,7.0,13.0,0.0,2.0,A,0.0,0.0,D,12.0,12.0,7.0,2.0,10.0,12.0,3.0,8.0,1.0,0.0,0.0,0.0,6.2,4.66,1.49
F1,2024-02-18,Strasbourg,Lorient,1629.11,1568.64,1.0,5.0,7.0,7.0,1.0,3.0,A,0.0,2.0,A,18.0,13.0,4.0,6.0,13.0,12.0,9.0,4.0,3.0,1.0,1.0,0.0,1.7,3.85,4.93
F1,2024-02-18,Monaco,Toulouse,1709.54,1597.64,5.0,8.0,3.0,6.0,1.0,2.0,A,0.0,1.0,A,22.0,14.0,5.0,7.0,18.0,12.0,4.0,6.0,1.0,3.0,0.0,0.0,1.51,4.55,5.93
F1,2024-02-18,Montpellier,Metz,1613.95,1540.55,1.0,2.0,1.0,1.0,3.0,0.0,H,1.0,0.0,H,21.0,14.0,7.0,4.0,17.0,13.0,7.0,4.0,3.0,3.0,0.0,0.0,1.78,3.6,4.76
F1,2024-02-18,Rennes,Clermont,1726.17,1564.91,9.0,15.0,2.0,5.0,3.0,1.0,H,1.0,0.0,H,16.0,14.0,8.0,5.0,9.0,10.0,4.0,4.0,1.0,0.0,0.0,1.0,1.5,4.41,6.41
F1,2024-02-18,Reims,Lens,1627.94,1768.01,1.0,7.0,9.0,9.0,1.0,1.0,D,1.0,1.0,D,11.0,9.0,2.0,1.0,15.0,9.0,3.0,2.0,2.0,2.0,0.0,0.0,2.72,3.33,2.63
F1,2024-02-18,Brest,Marseille,1677.62,1720.65,3.0,9.0,2.0,4.0,1.0,0.0,H,0.0,0.0,D,15.0,9.0,5.0,2.0,14.0,9.0,6.0,4.0,3.0,1.0,1.0,0.0,2.53,3.2,2.95
F1,2024-02-23,Metz,Lyon,1540.55,1651.99,1.0,1.0,9.0,9.0,1.0,2.0,A,1.0,1.0,D,15.0,11.0,4.0,5.0,13.0,12.0,4.0,3.0,1.0,2.0,0.0,0.0,4.14,3.4,1.96
F1,2024-02-24,Lorient,Nantes,1568.64,1557.83,9.0,10.0,3.0,4.0,0.0,1.0,A,0.0,0.0,D,6.0,7.0,1.0,6.0,11.0,11.0,3.0,8.0,0.0,2.0,0.0,0.0,2.57,3.23,2.88
F1,2024-02-24,Strasbourg,Brest,1629.11,1677.62,0.0,2.0,5.0,9.0,0.0,3.0,A,0.0,2.0,A,6.0,15.0,2.0,8.0,21.0,10.0,0.0,4.0,3.0,0.0,0.0,0.0,3.0,3.2,2.5
F1,2024-02-25,Lens,Monaco,1768.01,1709.54,7.0,10.0,4.0,5.0,2.0,3.0,A,1.0,2.0,A,20.0,15.0,10.0,9.0,10.0,13.0,9.0,3.0,6.0,3.0,0.0,0.0,2.38,3.56,2.88
F1,2024-02-25,Le Havre,Reims,1564.56,1627.94,1.0,5.0,1.0,5.0,1.0,2.0,A,0.0,0.0,D,18.0,16.0,4.0,5.0,11.0,13.0,5.0,5.0,3.0,3.0,0.0,1.0,3.02,3.31,2.41
F1,2024-02-25,Nice,Clermont,1708.4,1564.91,1.0,4.0,1.0,5.0,0.0,0.0,D,0.0,0.0,D,23.0,13.0,4.0,5.0,8.0,12.0,8.0,1.0,2.0,1.0,0.0,0.0,1.47,4.22,7.5
F1,2024-02-25,Toulouse,Lille,1597.64,1731.49,6.0,9.0,6.0,10.0,3.0,1.0,H,0.0,1.0,A,14.0,12.0,4.0,2.0,20.0,10.0,6.0,8.0,2.0,0.0,0.0,0.0,4.03,3.6,1.92
F1,2024-02-25,Paris SG,Rennes,1892.58,1726.17,9.0,13.0,9.0,15.0,1.0,1.0,D,0.0,1.0,A,15.0,3.0,3.0,1.0,13.0,16.0,4.0,0.0,5.0,3.0,0.0,0.0,1.46,4.69,6.73
F1,2024-02-25,Marseille,Montpellier,1720.65,1613.95,1.0,3.0,3.0,4.0,4.0,1.0,H,2.0,1.0,H,16.0,9.0,6.0,4.0,8.0,12.0,7.0,4.0,2.0,4.0,0.0,0.0,1.71,3.94,4.74
F1,2024-03-01,Monaco,Paris SG,1702.43,1884.57,6.0,8.0,7.0,11.0,0.0,0.0,D,0.0,0.0,D,14.0,14.0,6.0,7.0,10.0,13.0,5.0,6.0,0.0,0.0,0.0,0.0,3.41,3.88,2.03
F1,2024-03-02,Reims,Lille,1632.29,1716.84,4.0,5.0,3.0,7.0,0.0,1.0,A,0.0,0.0,D,8.0,8.0,3.0,3.0,12.0,14.0,4.0,4.0,3.0,2.0,0.0,0.0,2.73,3.36,2.62
F1,2024-03-02,Clermont,Marseille,1559.15,1723.77,2.0,3.0,4.0,5.0,1.0,5.0,A,0.0,1.0,A,7.0,17.0,2.0,11.0,9.0,13.0,7.0,4.0,2.0,1.0,0.0,0.0,4.12,3.66,1.88
F1,2024-03-03,Toulouse,Nice,1615.39,1689.6,6.0,9.0,1.0,5.0,2.0,1.0,H,0.0,1.0,A,17.0,9.0,6.0,6.0,16.0,10.0,7.0,6.0,2.0,2.0,0.0,0.0,3.36,3.19,2.29
F1,2024-03-03,Brest,Le Havre,1692.88,1545.56,7.0,9.0,0.0,2.0,1.0,0.0,H,1.0,0.0,H,8.0,11.0,4.0,2.0,21.0,15.0,0.0,2.0,4.0,1.0,0.0,0.0,1.6,3.9,5.92
F1,2024-03-03,Montpellier,Strasbourg,1609.23,1595.34,3.0,4.0,0.0,1.0,2.0,2.0,D,0.0,0.0,D,21.0,12.0,7.0,4.0,12.0,17.0,8.0,4.0,1.0,3.0,0.0,0.0,2.03,3.5,3.66
F1,2024-03-03,Nantes,Metz,1558.99,1520.1,6.0,7.0,1.0,1.0,0.0,2.0,A,0.0,0.0,D,9.0,13.0,2.0,4.0,7.0,11.0,10.0,3.0,3.0,2.0,0.0,0.0,1.8,3.48,4.83
F1,2024-03-03,Rennes,Lorient,1723.2,1568.26,7.0,13.0,6.0,10.0,1.0,2.0,A,0.0,0.0,D,22.0,12.0,6.0,6.0,12.0,9.0,6.0,3.0,1.0,2.0,0.0,0.0,1.43,4.6,7.47
F1,2024-03-03,Lyon,Lens,1660.61,1735.99,9.0,12.0,4.0,10.0,0.0,3.0,A,0.0,1.0,A,13.0,18.0,4.0,8.0,5.0,15.0,2.0,4.0,0.0,2.0,1.0,0.0,2.55,3.33,2.8
F1,2024-03-08,Nice,Montpellier,1689.6,1609.23,1.0,2.0,4.0,4.0,1.0,2.0,A,1.0,2.0,A,19.0,7.0,5.0,2.0,13.0,11.0,8.0,5.0,1.0,2.0,0.0,0.0,1.78,3.79,4.56
F1,2024-03-09,Lorient,Lyon,1568.26,1660.61,6.0,12.0,6.0,12.0,0.0,2.0,A,0.0,0.0,D,9.0,13.0,0.0,6.0,10.0,7.0,4.0,7.0,0.0,0.0,0.0,0.0,3.29,3.46,2.22
F1,2024-03-09,Lens,Brest,1735.99,1692.88,4.0,10.0,9.0,11.0,1.0,0.0,H,1.0,0.0,H,6.0,9.0,2.0,3.0,13.0,10.0,2.0,4.0,1.0,2.0,0.0,0.0,2.08,3.36,3.76
F1,2024-03-10,Paris SG,Reims,1884.57,1632.29,5.0,11.0,4.0,4.0,2.0,2.0,D,2.0,2.0,D,19.0,8.0,6.0,3.0,10.0,12.0,7.0,2.0,2.0,2.0,0.0,0.0,1.4,5.17,7.08
F1,2024-03-10,Le Havre,Toulouse,1545.56,1615.39,0.0,1.0,9.0,12.0,1.0,0.0,H,0.0,0.0,D,12.0,5.0,4.0,0.0,12.0,17.0,3.0,3.0,1.0,1.0,0.0,0.0,2.77,3.22,2.65
F1,2024-03-10,Metz,Clermont,1520.1,1559.15,3.0,4.0,1.0,2.0,1.0,0.0,H,1.0,0.0,H,11.0,13.0,2.0,6.0,10.0,10.0,5.0,7.0,1.0,3.0,0.0,0.0,2.28,3.3,3.26
F1,2024-03-10,Strasbourg,Monaco,1595.34,1702.43,1.0,1.0,4.0,8.0,0.0,1.0,A,0.0,0.0,D,8.0,17.0,1.0,6.0,9.0,15.0,5.0,8.0,1.0,3.0,0.0,0.0,3.46,3.77,2.01
F1,2024-03-10,Lille,Rennes,1716.84,1723.2,6.0,9.0,4.0,10.0,2.0,2.0,D,0.0,2.0,A,15.0,11.0,8.0,3.0,17.0,20.0,6.0,3.0,5.0,2.0,0.0,0.0,2.04,3.49,3.66
F1,2024-03-10,Marseille,Nantes,1723.77,1558.99,6.0,7.0,3.0,6.0,2.0,0.0,H,1.0,0.0,H,12.0,10.0,4.0,3.0,11.0,16.0,2.0,8.0,2.0,3.0,0.0,0.0,1.5,4.34,6.72
F1,2024-03-15,Toulouse,Lyon,1624.42,1667.66,6.0,9.0,6.0,12.0,2.0,3.0,A,0.0,1.0,A,13.0,18.0,5.0,6.0,18.0,12.0,5.0,3.0,2.0,2.0,0.0,0.0,2.85,3.26,2.6
F1,2024-03-16,Nantes,Strasbourg,1549.76,1600.14,3.0,6.0,1.0,1.0,1.0,3.0,A,1.0,1.0,D,11.0,11.0,2.0,6.0,16.0,15.0,4.0,5.0,2.0,3.0,0.0,0.0,2.28,3.32,3.28
F1,2024-03-16,Lens,Nice,1763.43,1678.67,6.0,10.0,1.0,1.0,1.0,3.0,A,0.0,1.0,A,20.0,7.0,4.0,3.0,9.0,12.0,11.0,3.0,4.0,3.0,0.0,0.0,2.03,3.41,3.88
F1,2024-03-17,Brest,Lille,1700.13,1739.67,6.0,10.0,4.0,7.0,1.0,1.0,D,0.0,0.0,D,16.0,13.0,4.0,8.0,9.0,12.0,3.0,3.0,3.0,0.0,0.0,0.0,2.57,3.12,2.95
F1,2024-03-17,Clermont,Le Havre,1550.92,1560.34,1.0,2.0,3.0,3.0,2.0,1.0,H,2.0,1.0,H,9.0,14.0,4.0,5.0,13.0,17.0,3.0,5.0,3.0,5.0,1.0,1.0,2.64,3.16,2.85
F1,2024-03-17,Monaco,Lorient,1721.53,1580.19,7.0,10.0,3.0,9.0,2.0,2.0,D,1.0,1.0,D,23.0,11.0,8.0,6.0,21.0,8.0,10.0,8.0,3.0,1.0,1.0,1.0,1.34,5.39,8.53
F1,2024-03-17,Reims,Metz,1641.41,1551.35,4.0,5.0,6.0,7.0,2.0,1.0,H,1.0,1.0,D,17.0,12.0,7.0,4.0,17.0,10.0,7.0,7.0,4.0,4.0,0.0,0.0,1.56,4.1,6.09
F1,2024-03-17,Rennes,Marseille,1721.36,1759.41,2.0,8.0,9.0,10.0,2.0,0.0,H,1.0,0.0,H,7.0,8.0,4.0,1.0,9.0,12.0,4.0,5.0,1.0,3.0,0.0,0.0,2.48,3.45,2.8
F1,2024-03-17,Montpellier,Paris SG,1627.98,1888.17,4.0,7.0,3.0,9.0,2.0,6.0,A,2.0,2.0,D,12.0,16.0,7.0,9.0,9.0,13.0,7.0,4.0,0.0,3.0,0.0,0.0,5.52,4.63,1.53
F1,2024-03-29,Lille,Lens,1739.67,1763.43,5.0,8.0,6.0,7.0,2.0,1.0,H,1.0,0.0,H,15.0,9.0,6.0,3.0,13.0,17.0,5.0,5.0,3.0,3.0,0.0,0.0,2.09,3.37,3.73
F1,2024-03-30,Metz,Monaco,1551.35,1721.53,6.0,6.0,5.0,8.0,2.0,5.0,A,0.0,3.0,A,13.0,17.0,7.0,7.0,8.0,8.0,5.0,5.0,0.0,0.0,0.0,0.0,5.19,4.21,1.63
F1,2024-03-30,Lyon,Reims,1667.66,1641.41,6.0,12.0,4.0,8.0,1.0,1.0,D,0.0,0.0,D,16.0,17.0,3.0,5.0,7.0,10.0,7.0,8.0,2.0,3.0,0.0,0.0,2.11,3.65,3.38
F1,2024-03-31,Lorient,Brest,1580.19,1700.13,4.0,7.0,4.0,10.0,0.0,1.0,A,0.0,0.0,D,11.0,10.0,5.0,2.0,10.0,18.0,6.0,4.0,1.0,3.0,0.0,1.0,3.93,3.37,2.01
F1,2024-03-31,Clermont,Toulouse,1550.92,1624.42,3.0,4.0,3.0,9.0,0.0,3.0,A,0.0,1.0,A,15.0,11.0,5.0,5.0,15.0,12.0,12.0,3.0,3.0,1.0,0.0,0.0,3.11,3.32,2.34
F1,2024-03-31,Le Havre,Montpellier,1560.34,1627.98,3.0,3.0,4.0,7.0,0.0,2.0,A,0.0,0.0,D,14.0,14.0,3.0,5.0,10.0,12.0,6.0,6.0,2.0,2.0,0.0,0.0,2.55,3.32,2.81
F1,2024-03-31,Nice,Nantes,1678.67,1549.76,3.0,4.0,0.0,3.0,1.0,2.0,A,0.0,1.0,A,12.0,13.0,3.0,4.0,7.0,19.0,9.0,3.0,2.0,5.0,0.0,0.0,1.76,3.56,5.09
F1,2024-03-31,Strasbourg,Rennes,1600.14,1721.36,4.0,4.0,4.0,8.0,2.0,0.0,H,0.0,0.0,D,14.0,12.0,7.0,0.0,10.0,17.0,4.0,5.0,1.0,2.0,0.0,0.0,3.08,3.43,2.31
F1,2024-03-31,Marseille,Paris SG,1759.41,1888.17,6.0,9.0,5.0,9.0,0.0,2.0,A,0.0,0.0,D,22.0,8.0,10.0,3.0,10.0,8.0,5.0,3.0,0.0,4.0,0.0,1.0,3.29,3.81,2.08
F1,2024-04-05,Lille,Marseille,1746.96,1740.96,5.0,8.0,3.0,9.0,3.0,1.0,H,0.0,0.0,D,14.0,13.0,6.0,4.0,13.0,18.0,4.0,2.0,1.0,6.0,0.0,0.0,2.09,3.38,3.73
F1,2024-04-06,Lens,Le Havre,1740.0,1542.72,3.0,6.0,3.0,3.0,1.0,1.0,D,0.0,0.0,D,18.0,11.0,8.0,3.0,13.0,10.0,7.0,4.0,2.0,5.0,0.0,0.0,1.54,4.12,6.5
F1,2024-04-06,Paris SG,Clermont,1901.17,1545.74,7.0,9.0,3.0,4.0,1.0,1.0,D,0.0,1.0,A,23.0,6.0,7.0,3.0,11.0,7.0,17.0,2.0,1.0,0.0,0.0,0.0,1.18,7.87,14.32
F1,2024-04-07,Brest,Metz,1706.12,1538.13,4.0,10.0,3.0,6.0,4.0,3.0,H,3.0,1.0,H,24.0,8.0,10.0,6.0,11.0,17.0,8.0,5.0,0.0,1.0,0.0,0.0,1.52,4.01,7.1
F1,2024-04-07,Montpellier,Lorient,1632.13,1579.02,6.0,7.0,1.0,4.0,2.0,0.0,H,0.0,0.0,D,13.0,19.0,5.0,5.0,11.0,18.0,5.0,7.0,3.0,6.0,0.0,0.0,1.79,3.87,4.34
F1,2024-04-07,Reims,Nice,1648.39,1681.72,5.0,8.0,3.0,4.0,0.0,0.0,D,0.0,0.0,D,10.0,18.0,3.0,3.0,15.0,15.0,2.0,5.0,2.0,1.0,0.0,0.0,2.49,3.24,2.97
F1,2024-04-07,Toulouse,Strasbourg,1629.35,1625.71,3.0,9.0,6.0,7.0,0.0,0.0,D,0.0,0.0,D,11.0,8.0,2.0,1.0,16.0,17.0,4.0,3.0,2.0,0.0,0.0,0.0,2.07,3.53,3.57
F1,2024-04-07,Monaco,Rennes,1724.96,1718.08,7.0,11.0,4.0,5.0,1.0,0.0,H,1.0,0.0,H,16.0,12.0,5.0,7.0,16.0,17.0,6.0,3.0,3.0,1.0,1.0,1.0,1.82,3.98,4.02
F1,2024-04-07,Nantes,Lyon,1551.76,1673.63,3.0,6.0,7.0,10.0,1.0,3.0,A,1.0,0.0,H,14.0,19.0,6.0,10.0,8.0,14.0,5.0,5.0,2.0,2.0,0.0,0.0,3.21,3.32,2.3
F1,2024-04-12,Metz,Lens,1538.13,1740.0,0.0,6.0,1.0,7.0,2.0,1.0,H,2.0,1.0,H,11.0,17.0,5.0,2.0,11.0,17.0,5.0,2.0,2.0,5.0,0.0,0.0,4.95,3.84,1.72
F1,2024-04-13,Strasbourg,Reims,1625.71,1648.39,7.0,8.0,5.0,6.0,3.0,1.0,H,1.0,1.0,D,13.0,8.0,6.0,2.0,9.0,18.0,5.0,4.0,1.0,3.0,0.0,1.0,2.59,3.32,2.78
F1,2024-04-13,Rennes,Toulouse,1718.08,1629.35,3.0,4.0,4.0,7.0,1.0,2.0,A,1.0,2.0,A,19.0,10.0,4.0,3.0,20.0,18.0,8.0,4.0,3.0,3.0,0.0,0.0,1.83,3.73,4.35
F1,2024-04-14,Le Havre,Nantes,1542.72,1551.76,1.0,4.0,3.0,3.0,0.0,1.0,A,0.0,0.0,D,10.0,12.0,1.0,4.0,14.0,12.0,6.0,7.0,3.0,2.0,0.0,0.0,2.55,3.04,3.07
F1,2024-04-14,Clermont,Montpellier,1545.74,1632.13,4.0,4.0,6.0,10.0,1.0,1.0,D,1.0,0.0,H,10.0,14.0,2.0,6.0,12.0,14.0,3.0,4.0,1.0,1.0,0.0,0.0,3.31,3.59,2.14
F1,2024-04-14,Lyon,Brest,1673.63,1706.12,7.0,10.0,7.0,10.0,4.0,3.0,H,1.0,0.0,H,16.0,22.0,8.0,7.0,12.0,7.0,10.0,7.0,5.0,5.0,1.0,1.0,2.24,3.32,3.32
F1,2024-04-19,Nice,Lorient,1677.15,1566.31,4.0,4.0,1.0,4.0,3.0,0.0,H,1.0,0.0,H,19.0,9.0,10.0,4.0,11.0,7.0,2.0,3.0,0.0,2.0,0.0,0.0,1.56,4.21,6.06
F1,2024-04-20,Nantes,Rennes,1548.61,1695.78,6.0,6.0,0.0,4.0,0.0,3.0,A,0.0,0.0,D,6.0,14.0,4.0,5.0,16.0,11.0,3.0,7.0,1.0,4.0,0.0,0.0,3.03,3.31,2.41
F1,2024-04-20,Lens,Clermont,1717.36,1551.03,1.0,4.0,2.0,5.0,1.0,0.0,H,1.0,0.0,H,17.0,8.0,4.0,1.0,17.0,17.0,4.0,3.0,1.0,4.0,0.0,0.0,1.39,4.8,8.27
F1,2024-04-21,Le Havre,Metz,1534.88,1542.59,1.0,4.0,3.0,6.0,0.0,1.0,A,0.0,0.0,D,16.0,9.0,4.0,2.0,9.0,19.0,4.0,2.0,2.0,3.0,0.0,0.0,2.19,3.19,3.58
F1,2024-04-21,Lille,Strasbourg,1750.49,1633.45,7.0,11.0,7.0,10.0,1.0,0.0,H,1.0,0.0,H,6.0,8.0,2.0,2.0,11.0,19.0,4.0,4.0,2.0,3.0,0.0,0.0,1.61,4.03,5.61
F1,2024-04-21,Reims,Montpellier,1632.91,1634.37,2.0,6.0,7.0,10.0,1.0,2.0,A,0.0,1.0,A,22.0,12.0,4.0,5.0,15.0,10.0,8.0,4.0,3.0,3.0,0.0,0.0,1.98,3.71,3.65
F1,2024-04-21,Brest,Monaco,1697.33,1727.55,6.0,7.0,7.0,11.0,0.0,2.0,A,0.0,1.0,A,12.0,8.0,2.0,3.0,8.0,9.0,7.0,4.0,5.0,2.0,0.0,2.0,2.69,3.45,2.58
F1,2024-04-21,Toulouse,Marseille,1634.97,1723.98,7.0,7.0,0.0,6.0,2.0,2.0,D,1.0,1.0,D,10.0,11.0,3.0,3.0,11.0,13.0,7.0,4.0,1.0,2.0,0.0,0.0,2.77,3.31,2.59
F1,2024-04-21,Paris SG,Lyon,1881.29,1685.2,7.0,9.0,7.0,13.0,4.0,1.0,H,4.0,1.0,H,14.0,16.0,6.0,6.0,9.0,10.0,4.0,10.0,0.0,0.0,0.0,0.0,1.48,4.97,5.85
F1,2024-04-24,Lorient,Paris SG,1566.31,1881.29,0.0,1.0,7.0,11.0,1.0,4.0,A,0.0,2.0,A,11.0,15.0,6.0,7.0,8.0,7.0,3.0,6.0,1.0,1.0,0.0,0.0,7.45,5.29,1.38
F1,2024-04-24,Marseille,Nice,1723.98,1677.15,1.0,4.0,4.0,7.0,2.0,2.0,D,1.0,1.0,D,11.0,10.0,4.0,4.0,10.0,14.0,3.0,2.0,2.0,3.0,1.0,0.0,2.23,3.42,3.27
F1,2024-04-24,Monaco,Lille,1727.55,1750.49,9.0,13.0,9.0,11.0,1.0,0.0,H,0.0,0.0,D,19.0,13.0,7.0,4.0,9.0,9.0,7.0,5.0,1.0,2.0,0.0,0.0,2.28,3.59,3.03
F1,2024-04-26,Montpellier,Nantes,1634.37,1548.61,7.0,10.0,3.0,6.0,1.0,1.0,D,1.0,1.0,D,8.0,15.0,1.0,5.0,11.0,14.0,3.0,6.0,2.0,1.0,2.0,0.0,2.02,3.56,3.75
F1,2024-04-27,Paris SG,Le Havre,1881.29,1534.88,7.0,13.0,1.0,1.0,3.0,3.0,D,1.0,2.0,A,17.0,6.0,4.0,4.0,10.0,8.0,11.0,2.0,2.0,1.0,0.0,0.0,1.33,5.45,8.99
F1,2024-04-28,Metz,Lille,1542.59,1750.49,6.0,6.0,6.0,10.0,1.0,2.0,A,1.0,2.0,A,5.0,14.0,2.0,4.0,15.0,12.0,2.0,4.0,1.0,2.0,0.0,0.0,4.61,3.81,1.75
F1,2024-04-28,Clermont,Reims,1551.03,1632.91,2.0,5.0,1.0,5.0,4.0,1.0,H,1.0,1.0,D,12.0,10.0,6.0,3.0,9.0,12.0,5.0,5.0,0.0,3.0,0.0,1.0,3.56,3.53,2.06
F1,2024-04-28,Lorient,Toulouse,1566.31,1634.97,0.0,1.0,5.0,8.0,1.0,2.0,A,1.0,0.0,H,15.0,14.0,5.0,5.0,14.0,17.0,5.0,1.0,1.0,3.0,0.0,0.0,2.66,3.36,2.67
F1,2024-04-28,Strasbourg,Nice,1633.45,1677.15,4.0,10.0,5.0,8.0,1.0,3.0,A,1.0,1.0,D,13.0,8.0,5.0,4.0,11.0,14.0,2.0,3.0,2.0,3.0,0.0,0.0,3.12,3.27,2.36
F1,2024-04-28,Rennes,Brest,1695.78,1697.33,3.0,6.0,3.0,7.0,4.0,5.0,A,2.0,1.0,H,21.0,10.0,7.0,5.0,14.0,15.0,7.0,4.0,4.0,1.0,0.0,0.0,2.25,3.35,3.27
F1,2024-04-28,Lyon,Monaco,1685.2,1727.55,6.0,10.0,9.0,13.0,3.0,2.0,H,2.0,1.0,H,15.0,13.0,4.0,5.0,15.0,14.0,3.0,3.0,1.0,3.0,0.0,0.0,2.57,3.72,2.57
F1,2024-04-28,Marseille,Lens,1723.98,1717.36,2.0,2.0,4.0,4.0,2.0,1.0,H,1.0,0.0,H,13.0,18.0,6.0,5.0,8.0,12.0,3.0,11.0,2.0,2.0,0.0,0.0,2.46,3.45,2.83
F1,2024-05-03,Toulouse,Montpellier,1655.64,1651.65,7.0,11.0,5.0,11.0,1.0,2.0,A,1.0,1.0,D,15.0,5.0,5.0,3.0,17.0,14.0,8.0,0.0,3.0,4.0,1.0,1.0,2.08,3.8,3.33
F1,2024-05-03,Lens,Lorient,1726.02,1560.52,3.0,4.0,0.0,0.0,2.0,0.0,H,0.0,0.0,D,18.0,11.0,6.0,5.0,10.0,14.0,4.0,4.0,1.0,2.0,0.0,0.0,1.43,4.95,6.93
F1,2024-05-04,Le Havre,Strasbourg,1546.47,1630.57,1.0,2.0,3.0,7.0,3.0,1.0,H,1.0,0.0,H,15.0,5.0,7.0,3.0,6.0,13.0,3.0,2.0,3.0,1.0,0.0,0.0,2.4,3.22,3.14
F1,2024-05-04,Monaco,Clermont,1750.02,1575.71,6.0,12.0,4.0,5.0,4.0,1.0,H,2.0,1.0,H,23.0,9.0,8.0,1.0,13.0,12.0,4.0,4.0,3.0,1.0,0.0,0.0,1.31,5.99,8.61
F1,2024-05-04,Metz,Rennes,1559.47,1707.28,6.0,6.0,3.0,3.0,2.0,3.0,A,2.0,1.0,H,7.0,21.0,4.0,9.0,15.0,14.0,2.0,5.0,2.0,3.0,1.0,0.0,3.47,3.65,2.06
F1,2024-05-04,Brest,Nantes,1707.54,1555.66,3.0,9.0,4.0,7.0,0.0,0.0,D,0.0,0.0,D,9.0,9.0,2.0,1.0,6.0,14.0,6.0,0.0,3.0,2.0,0.0,0.0,1.74,3.7,4.97
F1,2024-05-06,Lille,Lyon,1769.46,1701.56,6.0,12.0,6.0,10.0,3.0,4.0,A,2.0,0.0,H,8.0,11.0,5.0,7.0,14.0,14.0,4.0,4.0,3.0,1.0,0.0,0.0,1.91,3.77,3.84
F1,2024-05-10,Brest,Reims,1707.54,1620.03,4.0,7.0,0.0,2.0,1.0,1.0,D,1.0,1.0,D,16.0,8.0,5.0,2.0,12.0,12.0,3.0,4.0,2.0,3.0,0.0,0.0,1.69,4.02,4.96
F1,2024-05-10,Nice,Le Havre,1710.14,1546.47,7.0,8.0,4.0,5.0,1.0,0.0,H,1.0,0.0,H,13.0,12.0,6.0,3.0,10.0,9.0,6.0,1.0,2.0,0.0,0.0,0.0,1.55,4.16,6.26
F1,2024-05-12,Clermont,Lyon,1575.71,1701.56,3.0,5.0,6.0,12.0,0.0,1.0,A,0.0,0.0,D,18.0,6.0,5.0,2.0,8.0,12.0,7.0,2.0,1.0,2.0,0.0,0.0,5.22,4.65,1.56
F1,2024-05-12,Marseille,Lorient,1744.62,1560.52,5.0,5.0,0.0,0.0,3.0,1.0,H,2.0,1.0,H,13.0,14.0,4.0,3.0,9.0,6.0,9.0,5.0,3.0,4.0,0.0,0.0,1.43,4.9,6.7
F1,2024-05-12,Montpellier,Monaco,1651.65,1750.02,7.0,11.0,6.0,12.0,0.0,2.0,A,0.0,0.0,D,14.0,19.0,3.0,9.0,20.0,10.0,3.0,3.0,1.0,1.0,0.0,0.0,3.73,4.18,1.85
F1,2024-05-12,Nantes,Lille,1555.66,1769.46,2.0,5.0,3.0,9.0,1.0,2.0,A,0.0,2.0,A,9.0,12.0,5.0,3.0,17.0,7.0,5.0,4.0,4.0,2.0,0.0,0.0,3.94,3.49,1.97
F1,2024-05-12,Paris SG,Toulouse,1914.84,1655.64,7.0,11.0,4.0,8.0,1.0,3.0,A,1.0,1.0,D,15.0,18.0,3.0,5.0,12.0,8.0,4.0,6.0,0.0,0.0,0.0,0.0,1.39,5.52,6.8
F1,2024-05-12,Rennes,Lens,1707.28,1726.02,6.0,6.0,6.0,7.0,1.0,1.0,D,0.0,0.0,D,16.0,8.0,6.0,4.0,12.0,14.0,4.0,3.0,2.0,3.0,0.0,0.0,2.5,3.48,2.76
F1,2024-05-12,Strasbourg,Metz,1630.57,1559.47,0.0,4.0,3.0,6.0,2.0,1.0,H,0.0,0.0,D,10.0,11.0,2.0,2.0,10.0,10.0,3.0,6.0,2.0,2.0,0.0,0.0,2.18,3.6,3.19
F1,2024-05-15,Nice,Paris SG,1705.0,1869.89,7.0,11.0,4.0,8.0,1.0,2.0,A,1.0,2.0,A,12.0,11.0,4.0,4.0,13.0,10.0,7.0,2.0,1.0,3.0,1.0,0.0,2.44,3.73,2.72
F1,2024-05-15,Reims,Marseille,1614.08,1729.87,1.0,2.0,7.0,8.0,1.0,0.0,H,1.0,0.0,H,10.0,19.0,3.0,3.0,17.0,9.0,3.0,10.0,3.0,1.0,0.0,0.0,3.22,3.64,2.17
F1,2024-05-19,Le Havre,Marseille,1546.8,1729.87,4.0,4.0,6.0,8.0,1.0,2.0,A,0.0,0.0,D,13.0,22.0,6.0,7.0,11.0,11.0,5.0,3.0,1.0,0.0,0.0,0.0,4.41,3.72,1.81
F1,2024-05-19,Lens,Montpellier,1722.22,1642.72,4.0,7.0,4.0,8.0,2.0,2.0,D,2.0,0.0,H,27.0,11.0,13.0,2.0,10.0,13.0,1.0,0.0,0.0,1.0,0.0,0.0,1.43,4.98,6.45
F1,2024-05-19,Lille,Nice,1753.78,1705.0,6.0,9.0,6.0,10.0,2.0,2.0,D,0.0,1.0,A,12.0,10.0,3.0,4.0,9.0,9.0,3.0,5.0,3.0,3.0,1.0,0.0,1.64,4.03,5.18
F1,2024-05-19,Lorient,Clermont,1541.86,1555.61,0.0,0.0,3.0,4.0,5.0,0.0,H,2.0,0.0,H,32.0,9.0,10.0,4.0,20.0,8.0,9.0,2.0,3.0,3.0,0.0,0.0,1.67,4.28,4.63
F1,2024-05-19,Lyon,Strasbourg,1708.32,1613.59,9.0,12.0,3.0,6.0,2.0,1.0,H,1.0,0.0,H,15.0,10.0,6.0,4.0,7.0,10.0,7.0,2.0,1.0,0.0,0.0,0.0,1.41,5.1,6.94
F1,2024-05-19,Metz,Paris SG,1539.63,1869.89,0.0,6.0,4.0,10.0,0.0,2.0,A,0.0,2.0,A,10.0,20.0,2.0,8.0,6.0,9.0,1.0,11.0,2.0,1.0,0.0,0.0,5.06,4.44,1.6
F1,2024-05-19,Monaco,Nantes,1755.39,1547.17,6.0,12.0,2.0,5.0,4.0,0.0,H,3.0,0.0,H,10.0,6.0,6.0,3.0,14.0,23.0,2.0,2.0,1.0,2.0,0.0,0.0,1.4,5.25,6.87
F1,2024-05-19,Reims,Rennes,1614.08,1702.8,4.0,4.0,4.0,7.0,2.0,1.0,H,0.0,0.0,D,6.0,15.0,4.0,5.0,11.0,17.0,2.0,4.0,1.0,1.0,0.0,0.0,2.79,3.53,2.46
F1,2024-05-19,Toulouse,Brest,1658.06,1690.37,6.0,10.0,5.0,5.0,0.0,3.0,A,0.0,0.0,D,8.0,12.0,2.0,6.0,12.0,17.0,6.0,2.0,1.0,2.0,0.0,0.0,3.86,3.87,1.89
F1,2024-08-16,Le Havre,Paris SG,1545.37,1880.66,3.0,4.0,6.0,10.0,1.0,4.0,A,0.0,1.0,A,5.0,14.0,2.0,9.0,9.0,9.0,2.0,8.0,3.0,0.0,0.0,0.0,7.41,4.86,1.42
F1,2024-08-17,Brest,Marseille,1707.59,1727.5,5.0,8.0,6.0,10.0,1.0,5.0,A,1.0,3.0,A,7.0,7.0,5.0,5.0,10.0,8.0,5.0,0.0,4.0,1.0,0.0,0.0,2.88,3.4,2.46
F1,2024-08-17,Reims,Lille,1636.88,1763.36,7.0,7.0,4.0,7.0,0.0,2.0,A,0.0,1.0,A,2.0,21.0,0.0,6.0,6.0,13.0,0.0,8.0,2.0,2.0,1.0,0.0,3.33,3.41,2.2
F1,2024-08-17,Monaco,St Etienne,1764.3,1513.77,9.0,12.0,2.0,8.0,1.0,0.0,H,1.0,0.0,H,13.0,7.0,6.0,4.0,13.0,14.0,5.0,4.0,1.0,1.0,0.0,0.0,1.5,4.64,6.1
F1,2024-08-18,Auxerre,Nice,1561.9,1705.9,7.0,13.0,4.0,8.0,2.0,1.0,H,1.0,1.0,D,16.0,9.0,7.0,2.0,11.0,17.0,3.0,5.0,0.0,0.0,0.0,0.0,3.14,3.21,2.39
F1,2024-08-18,Angers,Lens,1477.82,1722.39,7.0,10.0,5.0,8.0,0.0,1.0,A,0.0,1.0,A,4.0,10.0,3.0,5.0,6.0,10.0,7.0,3.0,1.0,0.0,0.0,0.0,5.35,3.92,1.65
F1,2024-08-18,Montpellier,Strasbourg,1649.05,1611.99,4.0,8.0,3.0,3.0,1.0,1.0,D,0.0,0.0,D,7.0,11.0,5.0,4.0,20.0,18.0,6.0,4.0,4.0,3.0,0.0,0.0,2.08,3.39,3.64
F1,2024-08-18,Toulouse,Nantes,1647.35,1544.77,3.0,7.0,1.0,2.0,0.0,0.0,D,0.0,0.0,D,7.0,6.0,3.0,2.0,10.0,8.0,10.0,5.0,1.0,3.0,0.0,0.0,2.08,3.3,3.75
F1,2024-08-18,Rennes,Lyon,1696.82,1716.43,4.0,7.0,9.0,12.0,3.0,0.0,H,2.0,0.0,H,22.0,16.0,8.0,2.0,13.0,12.0,7.0,7.0,2.0,1.0,0.0,0.0,2.36,3.45,2.95
F1,2024-08-23,Paris SG,Montpellier,1880.66,1649.05,9.0,10.0,2.0,6.0,6.0,0.0,H,2.0,0.0,H,21.0,6.0,10.0,3.0,9.0,16.0,10.0,2.0,1.0,4.0,0.0,0.0,1.23,6.93,11.18
F1,2024-08-24,Lyon,Monaco,1716.43,1764.3,6.0,12.0,9.0,12.0,0.0,2.0,A,0.0,0.0,D,2.0,15.0,1.0,4.0,10.0,7.0,0.0,6.0,0.0,0.0,0.0,1.0,2.51,3.75,2.61
F1,2024-08-24,Lille,Angers,1763.36,1477.82,7.0,10.0,4.0,7.0,2.0,0.0,H,1.0,0.0,H,11.0,5.0,6.0,2.0,9.0,17.0,3.0,2.0,1.0,2.0,0.0,0.0,1.35,4.87,9.4
F1,2024-08-24,St Etienne,Le Havre,1513.77,1545.37,1.0,5.0,0.0,4.0,0.0,2.0,A,0.0,0.0,D,18.0,14.0,5.0,5.0,11.0,9.0,2.0,4.0,3.0,3.0,0.0,0.0,2.09,3.41,3.61
F1,2024-08-25,Lens,Brest,1722.39,1707.59,5.0,8.0,4.0,8.0,2.0,0.0,H,2.0,0.0,H,22.0,10.0,11.0,2.0,8.0,6.0,5.0,2.0,0.0,0.0,1.0,0.0,1.79,3.69,4.55
F1,2024-08-25,Nantes,Auxerre,1544.77,1561.9,1.0,3.0,7.0,13.0,2.0,0.0,H,1.0,0.0,H,8.0,10.0,6.0,3.0,9.0,6.0,3.0,12.0,0.0,0.0,0.0,1.0,2.28,3.33,3.19
F1,2024-08-25,Nice,Toulouse,1705.9,1647.35,1.0,7.0,4.0,7.0,1.0,1.0,D,0.0,0.0,D,10.0,15.0,4.0,3.0,11.0,21.0,4.0,4.0,4.0,1.0,0.0,0.0,1.85,3.56,4.37
F1,2024-08-25,Strasbourg,Rennes,1611.99,1696.82,4.0,4.0,4.0,7.0,3.0,1.0,H,1.0,0.0,H,9.0,13.0,5.0,5.0,7.0,19.0,2.0,5.0,2.0,4.0,0.0,0.0,3.12,3.5,2.26
F1,2024-08-25,Marseille,Reims,1727.5,1636.88,6.0,12.0,6.0,7.0,2.0,2.0,D,1.0,0.0,H,16.0,12.0,10.0,3.0,10.0,13.0,2.0,4.0,1.0,1.0,0.0,0.0,1.55,4.39,5.68
F1,2024-08-30,Lyon,Strasbourg,1716.43,1611.99,3.0,9.0,4.0,7.0,4.0,3.0,H,1.0,1.0,D,22.0,14.0,13.0,7.0,10.0,6.0,9.0,2.0,3.0,2.0,0.0,0.0,1.88,3.76,4.05
F1,2024-08-31,Brest,St Etienne,1707.59,1513.77,3.0,5.0,0.0,2.0,4.0,0.0,H,2.0,0.0,H,17.0,3.0,7.0,0.0,12.0,28.0,7.0,2.0,0.0,5.0,0.0,0.0,1.82,3.76,4.31
F1,2024-08-31,Montpellier,Nantes,1649.05,1544.77,2.0,5.0,4.0,5.0,1.0,3.0,A,1.0,2.0,A,11.0,10.0,5.0,5.0,11.0,13.0,8.0,3.0,2.0,2.0,0.0,0.0,2.28,3.4,3.17
F1,2024-08-31,Toulouse,Marseille,1647.35,1727.5,2.0,5.0,7.0,10.0,1.0,3.0,A,0.0,2.0,A,4.0,11.0,2.0,5.0,10.0,12.0,2.0,3.0,4.0,2.0,1.0,0.0,3.93,3.7,1.92
F1,2024-09-01,Monaco,Lens,1772.99,1713.8,9.0,15.0,7.0,11.0,1.0,1.0,D,0.0,0.0,D,14.0,12.0,3.0,4.0,11.0,21.0,7.0,7.0,1.0,4.0,0.0,0.0,1.86,3.89,3.92
F1,2024-09-01,Angers,Nice,1468.79,1689.19,1.0,7.0,2.0,5.0,1.0,4.0,A,0.0,2.0,A,12.0,12.0,7.0,9.0,14.0,13.0,4.0,7.0,6.0,4.0,0.0,1.0,4.06,3.36,1.99
F1,2024-09-01,Le Havre,Auxerre,1550.18,1558.43,3.0,6.0,6.0,10.0,3.0,1.0,H,1.0,1.0,D,21.0,7.0,8.0,2.0,10.0,15.0,2.0,2.0,1.0,5.0,0.0,1.0,2.77,3.28,2.63
F1,2024-09-01,Reims,Rennes,1629.39,1693.1,4.0,8.0,3.0,7.0,2.0,1.0,H,1.0,1.0,D,11.0,13.0,7.0,5.0,9.0,12.0,3.0,5.0,2.0,1.0,0.0,0.0,2.92,3.44,2.4
F1,2024-09-01,Lille,Paris SG,1779.32,1886.71,7.0,10.0,9.0,12.0,1.0,3.0,A,0.0,2.0,A,10.0,10.0,4.0,7.0,7.0,5.0,3.0,1.0,3.0,2.0,0.0,0.0,4.07,3.74,1.88
F1,2024-09-13,St Etienne,Lille,1490.04,1779.32,0.0,1.0,6.0,10.0,1.0,0.0,H,1.0,0.0,H,10.0,17.0,5.0,4.0,12.0,10.0,2.0,7.0,1.0,1.0,0.0,0.0,5.01,3.68,1.75
F1,2024-09-14,Marseille,Nice,1746.11,1689.19,7.0,10.0,4.0,5.0,2.0,0.0,H,1.0,0.0,H,10.0,12.0,5.0,4.0,18.0,4.0,1.0,2.0,5.0,2.0,1.0,0.0,1.76,3.93,4.49
F1,2024-09-14,Auxerre,Monaco,1558.43,1772.99,3.0,7.0,7.0,13.0,0.0,3.0,A,0.0,2.0,A,13.0,19.0,3.0,9.0,13.0,16.0,1.0,6.0,3.0,0.0,0.0,0.0,3.88,3.89,1.89
F1,2024-09-14,Paris SG,Brest,1886.71,1684.74,9.0,15.0,3.0,7.0,3.0,1.0,H,1.0,1.0,D,22.0,5.0,9.0,3.0,7.0,13.0,9.0,1.0,2.0,3.0,0.0,0.0,1.28,6.11,9.73
F1,2024-09-15,Rennes,Montpellier,1684.12,1622.36,3.0,4.0,1.0,2.0,3.0,0.0,H,2.0,0.0,H,11.0,12.0,6.0,4.0,10.0,7.0,3.0,4.0,1.0,3.0,0.0,0.0,1.63,4.2,5.08
F1,2024-09-15,Nantes,Reims,1572.0,1638.37,7.0,7.0,4.0,10.0,1.0,2.0,A,1.0,1.0,D,18.0,11.0,6.0,4.0,14.0,5.0,6.0,3.0,3.0,1.0,0.0,0.0,2.39,3.38,3.0
F1,2024-09-15,Strasbourg,Angers,1618.61,1462.26,4.0,7.0,0.0,4.0,1.0,1.0,D,1.0,0.0,H,10.0,12.0,5.0,2.0,11.0,14.0,6.0,9.0,4.0,1.0,0.0,0.0,1.71,3.81,5.02
F1,2024-09-15,Toulouse,Le Havre,1633.68,1560.89,2.0,5.0,6.0,6.0,2.0,0.0,H,0.0,0.0,D,15.0,5.0,7.0,3.0,10.0,11.0,6.0,5.0,1.0,1.0,0.0,0.0,1.83,3.7,4.38
F1,2024-09-15,Lens,Lyon,1716.35,1695.72,7.0,9.0,3.0,9.0,0.0,0.0,D,0.0,0.0,D,12.0,8.0,5.0,3.0,12.0,11.0,5.0,8.0,0.0,0.0,0.0,0.0,1.85,3.78,4.12
F1,2024-09-20,Nice,St Etienne,1687.29,1504.09,4.0,5.0,3.0,3.0,8.0,0.0,H,6.0,0.0,H,18.0,8.0,12.0,2.0,7.0,13.0,3.0,2.0,0.0,1.0,0.0,0.0,1.54,4.2,6.4
F1,2024-09-21,Lille,Strasbourg,1756.8,1618.61,3.0,7.0,4.0,5.0,3.0,3.0,D,2.0,2.0,D,15.0,12.0,7.0,9.0,16.0,12.0,9.0,5.0,2.0,2.0,0.0,0.0,1.72,3.9,4.79
F1,2024-09-21,Rennes,Lens,1684.12,1716.35,3.0,6.0,5.0,9.0,1.0,1.0,D,1.0,0.0,H,11.0,10.0,6.0,2.0,16.0,20.0,4.0,3.0,2.0,4.0,0.0,0.0,2.41,3.33,3.0
F1,2024-09-21,Reims,Paris SG,1638.37,1899.04,7.0,10.0,9.0,15.0,1.0,1.0,D,1.0,0.0,H,8.0,11.0,1.0,4.0,11.0,6.0,3.0,5.0,2.0,1.0,0.0,0.0,6.59,4.92,1.44
F1,2024-09-22,Monaco,Le Havre,1776.65,1560.89,7.0,13.0,6.0,6.0,3.0,1.0,H,1.0,1.0,D,14.0,9.0,4.0,2.0,10.0,17.0,6.0,4.0,1.0,3.0,0.0,0.0,1.37,5.13,7.99
F1,2024-09-22,Angers,Nantes,1462.26,1572.0,1.0,2.0,6.0,7.0,1.0,1.0,D,1.0,1.0,D,4.0,9.0,1.0,3.0,13.0,16.0,3.0,6.0,1.0,4.0,0.0,0.0,3.2,3.22,2.36
F1,2024-09-22,Brest,Toulouse,1680.87,1633.68,3.0,6.0,4.0,5.0,2.0,0.0,H,1.0,0.0,H,9.0,10.0,5.0,1.0,15.0,18.0,4.0,3.0,1.0,1.0,0.0,0.0,2.14,3.51,3.38
F1,2024-09-22,Montpellier,Auxerre,1622.36,1541.53,0.0,2.0,0.0,6.0,3.0,2.0,H,0.0,1.0,A,14.0,11.0,5.0,6.0,13.0,20.0,11.0,5.0,3.0,4.0,0.0,0.0,2.32,3.46,3.06
F1,2024-09-22,Lyon,Marseille,1695.72,1754.53,4.0,7.0,7.0,13.0,2.0,3.0,A,0.0,0.0,D,18.0,6.0,9.0,5.0,13.0,7.0,10.0,3.0,4.0,3.0,0.0,1.0,2.98,3.8,2.22
F1,2024-09-27,Auxerre,Brest,1541.53,1680.87,0.0,3.0,6.0,6.0,3.0,0.0,H,2.0,0.0,H,15.0,8.0,4.0,4.0,13.0,16.0,2.0,3.0,2.0,0.0,0.0,0.0,2.8,3.37,2.57
F1,2024-09-27,Paris SG,Rennes,1899.04,1684.12,7.0,13.0,4.0,7.0,3.0,1.0,H,1.0,0.0,H,22.0,13.0,7.0,5.0,9.0,11.0,6.0,4.0,1.0,3.0,0.0,0.0,1.38,5.12,8.03
F1,2024-09-28,Lens,Nice,1716.35,1687.29,3.0,9.0,6.0,7.0,0.0,0.0,D,0.0,0.0,D,22.0,15.0,7.0,4.0,16.0,7.0,11.0,4.0,4.0,2.0,1.0,0.0,2.05,3.45,3.72
F1,2024-09-28,Le Havre,Lille,1560.89,1756.8,3.0,6.0,1.0,7.0,0.0,3.0,A,0.0,2.0,A,7.0,18.0,4.0,10.0,11.0,9.0,1.0,5.0,2.0,1.0,0.0,0.0,4.55,3.71,1.8
F1,2024-09-28,Monaco,Montpellier,1776.65,1622.36,7.0,13.0,3.0,4.0,2.0,1.0,H,1.0,1.0,D,21.0,9.0,7.0,4.0,17.0,17.0,6.0,2.0,4.0,3.0,0.0,1.0,1.34,5.59,8.22
F1,2024-09-29,Toulouse,Lyon,1633.68,1695.72,3.0,5.0,4.0,4.0,1.0,2.0,A,1.0,1.0,D,10.0,4.0,4.0,1.0,12.0,15.0,3.0,4.0,2.0,2.0,0.0,0.0,2.47,3.49,2.82
F1,2024-09-29,Angers,Reims,1462.26,1638.37,2.0,2.0,7.0,8.0,1.0,3.0,A,0.0,2.0,A,14.0,21.0,3.0,10.0,7.0,11.0,5.0,4.0,0.0,3.0,0.0,0.0,3.46,3.27,2.21
F1,2024-09-29,Nantes,St Etienne,1572.0,1504.09,4.0,8.0,3.0,3.0,2.0,2.0,D,1.0,0.0,H,16.0,5.0,3.0,3.0,11.0,12.0,8.0,4.0,2.0,2.0,1.0,0.0,1.76,3.73,4.71
F1,2024-09-29,Strasbourg,Marseille,1618.61,1754.53,2.0,6.0,9.0,13.0,1.0,0.0,H,1.0,0.0,H,14.0,10.0,6.0,3.0,17.0,7.0,8.0,3.0,2.0,1.0,0.0,0.0,3.47,3.84,2.01
F1,2024-10-04,Marseille,Angers,1757.1,1468.41,6.0,10.0,2.0,2.0,1.0,1.0,D,0.0,0.0,D,13.0,8.0,4.0,3.0,12.0,9.0,9.0,3.0,4.0,0.0,1.0,1.0,1.23,6.46,12.63
F1,2024-10-05,St Etienne,Auxerre,1503.85,1561.4,4.0,4.0,3.0,3.0,3.0,1.0,H,1.0,0.0,H,13.0,11.0,5.0,3.0,13.0,10.0,5.0,4.0,3.0,1.0,0.0,0.0,2.74,3.45,2.57
F1,2024-10-05,Lille,Toulouse,1760.08,1631.44,4.0,7.0,3.0,4.0,2.0,1.0,H,0.0,1.0,A,10.0,9.0,3.0,3.0,13.0,8.0,4.0,6.0,3.0,2.0,0.0,0.0,1.75,3.96,4.55
F1,2024-10-05,Rennes,Monaco,1695.35,1798.35,4.0,4.0,9.0,13.0,1.0,2.0,A,1.0,2.0,A,14.0,5.0,3.0,2.0,9.0,16.0,10.0,4.0,2.0,4.0,0.0,0.0,2.7,3.65,2.5
F1,2024-10-06,Lyon,Nantes,1710.19,1565.82,4.0,7.0,2.0,8.0,2.0,0.0,H,1.0,0.0,H,17.0,11.0,6.0,6.0,10.0,5.0,6.0,9.0,1.0,2.0,0.0,0.0,1.8,3.85,4.37
F1,2024-10-06,Brest,Le Havre,1680.46,1547.83,3.0,6.0,0.0,6.0,2.0,0.0,H,1.0,0.0,H,8.0,14.0,3.0,0.0,19.0,11.0,1.0,9.0,4.0,0.0,1.0,1.0,1.84,3.54,4.55
F1,2024-10-06,Reims,Montpellier,1663.84,1621.05,7.0,11.0,3.0,3.0,4.0,2.0,H,2.0,1.0,H,18.0,10.0,5.0,3.0,15.0,13.0,4.0,4.0,3.0,5.0,0.0,0.0,1.82,3.93,4.13
F1,2024-10-06,Strasbourg,Lens,1634.77,1719.36,5.0,8.0,3.0,7.0,2.0,2.0,D,1.0,2.0,A,8.0,12.0,5.0,5.0,15.0,18.0,3.0,5.0,2.0,4.0,0.0,0.0,2.93,3.43,2.41
F1,2024-10-06,Nice,Paris SG,1702.63,1906.6,4.0,8.0,7.0,13.0,1.0,1.0,D,1.0,0.0,H,9.0,19.0,3.0,9.0,7.0,9.0,5.0,15.0,1.0,2.0,0.0,0.0,4.88,4.0,1.69
F1,2024-10-18,Monaco,Lille,1809.43,1784.98,9.0,13.0,7.0,7.0,0.0,0.0,D,0.0,0.0,D,14.0,3.0,4.0,1.0,13.0,14.0,6.0,1.0,1.0,5.0,1.0,0.0,1.93,3.71,3.89
F1,2024-10-19,Brest,Rennes,1714.16,1698.21,6.0,9.0,1.0,4.0,1.0,1.0,D,0.0,0.0,D,12.0,6.0,2.0,4.0,18.0,15.0,2.0,4.0,2.0,2.0,0.0,0.0,2.93,3.25,2.52
F1,2024-10-19,St Etienne,Lens,1524.99,1727.5,4.0,7.0,3.0,5.0,0.0,2.0,A,0.0,1.0,A,15.0,13.0,1.0,5.0,12.0,16.0,2.0,7.0,1.0,2.0,0.0,0.0,5.07,3.85,1.7
F1,2024-10-19,Paris SG,Strasbourg,1905.28,1645.21,5.0,11.0,5.0,6.0,4.0,2.0,H,1.0,0.0,H,18.0,16.0,10.0,8.0,10.0,12.0,5.0,5.0,2.0,2.0,0.0,0.0,1.27,6.44,9.77
F1,2024-10-20,Le Havre,Lyon,1551.98,1736.81,0.0,3.0,6.0,10.0,0.0,4.0,A,0.0,1.0,A,7.0,16.0,1.0,8.0,17.0,11.0,4.0,6.0,3.0,4.0,0.0,0.0,3.7,3.62,1.99
F1,2024-10-20,Auxerre,Reims,1558.83,1681.28,3.0,3.0,7.0,13.0,2.0,1.0,H,1.0,0.0,H,10.0,15.0,8.0,3.0,6.0,10.0,5.0,9.0,2.0,3.0,0.0,0.0,2.67,3.49,2.59
F1,2024-10-20,Nantes,Nice,1570.27,1708.96,2.0,5.0,5.0,8.0,1.0,1.0,D,0.0,0.0,D,11.0,13.0,7.0,7.0,10.0,11.0,4.0,8.0,2.0,1.0,0.0,0.0,3.16,3.17,2.4
F1,2024-10-20,Toulouse,Angers,1636.9,1485.11,0.0,3.0,2.0,3.0,1.0,1.0,D,0.0,1.0,A,18.0,8.0,6.0,4.0,11.0,9.0,8.0,2.0,2.0,4.0,0.0,0.0,1.58,3.89,6.17
F1,2024-10-20,Montpellier,Marseille,1622.18,1758.97,3.0,3.0,4.0,10.0,0.0,5.0,A,0.0,3.0,A,13.0,21.0,5.0,10.0,11.0,18.0,3.0,2.0,1.0,3.0,1.0,0.0,4.26,4.06,1.76
F1,2024-10-25,Rennes,Le Havre,1698.21,1551.98,1.0,5.0,0.0,0.0,1.0,0.0,H,0.0,0.0,D,20.0,5.0,4.0,1.0,10.0,7.0,14.0,0.0,2.0,4.0,0.0,1.0,1.49,4.31,7.19
F1,2024-10-26,Angers,St Etienne,1485.11,1524.99,2.0,4.0,4.0,7.0,4.0,2.0,H,2.0,1.0,H,13.0,19.0,8.0,7.0,10.0,13.0,2.0,3.0,1.0,3.0,0.0,0.0,2.44,3.25,3.05
F1,2024-10-26,Reims,Brest,1681.28,1714.16,6.0,10.0,4.0,7.0,1.0,2.0,A,1.0,2.0,A,11.0,13.0,3.0,4.0,15.0,11.0,7.0,3.0,3.0,2.0,0.0,0.0,2.19,3.53,3.26
F1,2024-10-26,Lens,Lille,1727.5,1784.98,5.0,7.0,7.0,8.0,0.0,2.0,A,0.0,0.0,D,11.0,11.0,4.0,3.0,16.0,14.0,8.0,2.0,4.0,4.0,0.0,0.0,2.34,3.36,3.1
F1,2024-10-27,Lyon,Auxerre,1736.81,1558.83,9.0,10.0,6.0,6.0,2.0,2.0,D,1.0,0.0,H,12.0,17.0,8.0,4.0,7.0,14.0,5.0,4.0,0.0,4.0,0.0,0.0,1.49,4.81,5.83
F1,2024-10-27,Montpellier,Toulouse,1622.18,1636.9,0.0,3.0,1.0,4.0,0.0,3.0,A,0.0,3.0,A,9.0,15.0,2.0,6.0,8.0,20.0,1.0,3.0,1.0,2.0,1.0,0.0,3.15,3.61,2.2
F1,2024-10-27,Nice,Monaco,1708.96,1809.43,3.0,6.0,7.0,13.0,2.0,1.0,H,1.0,1.0,D,17.0,11.0,9.0,5.0,16.0,11.0,6.0,6.0,2.0,5.0,0.0,1.0,3.2,3.48,2.23
F1,2024-10-27,Strasbourg,Nantes,1645.21,1570.27,4.0,6.0,2.0,3.0,3.0,1.0,H,1.0,0.0,H,9.0,8.0,5.0,6.0,15.0,17.0,5.0,4.0,2.0,3.0,0.0,0.0,1.88,3.66,4.12
F1,2024-10-27,Marseille,Paris SG,1758.97,1905.28,4.0,10.0,7.0,11.0,0.0,3.0,A,0.0,3.0,A,5.0,19.0,1.0,8.0,4.0,7.0,1.0,2.0,1.0,0.0,1.0,0.0,3.65,3.92,1.93
F1,2024-11-01,Monaco,Angers,1797.89,1497.76,4.0,10.0,5.0,6.0,0.0,1.0,A,0.0,1.0,A,11.0,10.0,3.0,3.0,16.0,12.0,4.0,4.0,1.0,1.0,0.0,0.0,1.21,7.06,13.02
F1,2024-11-01,Lille,Lyon,1810.23,1722.48,7.0,11.0,7.0,10.0,1.0,1.0,D,1.0,0.0,H,14.0,14.0,2.0,3.0,12.0,10.0,4.0,9.0,3.0,1.0,0.0,0.0,2.19,3.71,3.14
F1,2024-11-02,Paris SG,Lens,1909.6,1719.69,7.0,11.0,4.0,6.0,1.0,0.0,H,1.0,0.0,H,18.0,13.0,8.0,2.0,3.0,20.0,7.0,4.0,1.0,5.0,0.0,1.0,1.43,4.94,6.95
F1,2024-11-02,Brest,Nice,1721.23,1700.69,7.0,10.0,5.0,9.0,0.0,1.0,A,0.0,1.0,A,16.0,12.0,6.0,3.0,9.0,4.0,6.0,2.0,0.0,2.0,0.0,0.0,2.67,3.18,2.79
F1,2024-11-02,St Etienne,Strasbourg,1504.95,1646.63,3.0,4.0,4.0,8.0,2.0,0.0,H,0.0,0.0,D,13.0,9.0,3.0,3.0,9.0,4.0,2.0,3.0,2.0,1.0,0.0,0.0,3.57,3.77,1.97
F1,2024-11-03,Toulouse,Reims,1643.33,1659.91,4.0,4.0,3.0,7.0,1.0,0.0,H,0.0,0.0,D,13.0,13.0,6.0,2.0,16.0,15.0,6.0,7.0,0.0,3.0,0.0,0.0,2.07,3.52,3.55
F1,2024-11-03,Auxerre,Rennes,1570.91,1700.22,4.0,7.0,4.0,5.0,4.0,0.0,H,2.0,0.0,H,16.0,7.0,8.0,4.0,11.0,15.0,3.0,8.0,0.0,2.0,0.0,0.0,3.45,3.57,2.09
F1,2024-11-03,Le Havre,Montpellier,1535.91,1591.69,0.0,0.0,0.0,3.0,1.0,0.0,H,0.0,0.0,D,12.0,15.0,4.0,1.0,11.0,13.0,2.0,10.0,2.0,1.0,0.0,0.0,2.21,3.44,3.26
F1,2024-11-03,Nantes,Marseille,1562.21,1758.46,1.0,3.0,4.0,7.0,1.0,2.0,A,1.0,1.0,D,7.0,9.0,3.0,4.0,16.0,6.0,2.0,5.0,1.0,1.0,0.0,0.0,3.74,3.52,2.01
F1,2024-11-08,Marseille,Auxerre,1758.46,1570.91,6.0,7.0,7.0,10.0,1.0,3.0,A,0.0,3.0,A,19.0,10.0,5.0,6.0,13.0,16.0,5.0,3.0,3.0,2.0,0.0,0.0,1.4,5.12,7.36
F1,2024-11-09,Strasbourg,Monaco,1646.63,1797.89,3.0,7.0,1.0,7.0,1.0,3.0,A,1.0,0.0,H,5.0,19.0,2.0,8.0,16.0,18.0,1.0,2.0,5.0,2.0,0.0,0.0,3.48,3.76,2.03
F1,2024-11-09,Lens,Nantes,1719.69,1562.21,3.0,5.0,1.0,2.0,3.0,2.0,H,1.0,1.0,D,15.0,9.0,3.0,3.0,14.0,8.0,6.0,1.0,2.0,0.0,0.0,0.0,1.61,3.94,5.86
F1,2024-11-09,Angers,Paris SG,1497.76,1909.6,7.0,8.0,9.0,13.0,2.0,4.0,A,0.0,4.0,A,10.0,26.0,3.0,12.0,5.0,16.0,6.0,8.0,0.0,3.0,0.0,0.0,11.59,6.49,1.24
F1,2024-11-10,Nice,Lille,1700.69,1810.23,7.0,9.0,5.0,11.0,2.0,2.0,D,0.0,1.0,A,17.0,13.0,5.0,6.0,12.0,9.0,6.0,2.0,2.0,2.0,0.0,0.0,2.52,3.26,2.9
F1,2024-11-10,Le Havre,Reims,1535.91,1659.91,3.0,3.0,0.0,6.0,0.0,3.0,A,0.0,2.0,A,10.0,18.0,3.0,7.0,10.0,17.0,8.0,7.0,1.0,4.0,0.0,0.0,3.28,3.27,2.28
F1,2024-11-10,Montpellier,Brest,1591.69,1721.23,0.0,0.0,4.0,7.0,3.0,1.0,H,2.0,0.0,H,14.0,19.0,8.0,6.0,18.0,13.0,3.0,7.0,5.0,1.0,0.0,0.0,3.27,3.51,2.18
F1,2024-11-10,Rennes,Toulouse,1700.22,1643.33,4.0,4.0,7.0,7.0,0.0,2.0,A,0.0,2.0,A,7.0,9.0,1.0,2.0,16.0,16.0,5.0,3.0,3.0,1.0,0.0,0.0,2.18,3.38,3.4
F1,2024-11-10,Lyon,St Etienne,1722.48,1504.95,5.0,11.0,3.0,7.0,1.0,0.0,H,1.0,0.0,H,17.0,10.0,7.0,6.0,11.0,13.0,7.0,6.0,3.0,2.0,0.0,0.0,1.35,5.53,7.82
F1,2024-11-22,Monaco,Brest,1799.06,1706.26,3.0,7.0,3.0,7.0,3.0,2.0,H,2.0,0.0,H,10.0,12.0,4.0,4.0,7.0,12.0,2.0,8.0,2.0,2.0,0.0,0.0,1.52,4.38,6.3
F1,2024-11-22,Paris SG,Toulouse,1901.84,1664.67,9.0,13.0,9.0,10.0,3.0,0.0,H,1.0,0.0,H,17.0,11.0,8.0,2.0,11.0,14.0,7.0,5.0,1.0,2.0,0.0,0.0,1.36,5.4,7.89
F1,2024-11-23,Lens,Marseille,1720.25,1744.25,3.0,7.0,3.0,7.0,1.0,3.0,A,0.0,0.0,D,16.0,7.0,7.0,4.0,17.0,9.0,6.0,0.0,3.0,3.0,0.0,0.0,2.3,3.5,3.06
F1,2024-11-23,St Etienne,Montpellier,1517.18,1597.83,3.0,6.0,3.0,3.0,1.0,0.0,H,0.0,0.0,D,11.0,11.0,4.0,3.0,19.0,11.0,5.0,11.0,3.0,5.0,0.0,0.0,2.37,3.48,2.97
F1,2024-11-23,Reims,Lyon,1664.03,1728.51,3.0,6.0,5.0,11.0,1.0,1.0,D,0.0,1.0,A,14.0,13.0,6.0,7.0,11.0,13.0,4.0,2.0,2.0,0.0,0.0,0.0,2.81,3.67,2.39
F1,2024-11-24,Lille,Rennes,1803.92,1666.04,5.0,9.0,3.0,4.0,1.0,0.0,H,1.0,0.0,H,5.0,4.0,2.0,1.0,19.0,16.0,3.0,3.0,3.0,2.0,0.0,0.0,1.93,3.52,4.03
F1,2024-11-24,Auxerre,Angers,1609.7,1511.06,7.0,10.0,6.0,8.0,1.0,0.0,H,0.0,0.0,D,10.0,10.0,6.0,5.0,13.0,7.0,2.0,2.0,4.0,1.0,0.0,0.0,1.81,3.72,4.36
F1,2024-11-24,Nantes,Le Havre,1554.32,1532.83,0.0,1.0,3.0,3.0,0.0,2.0,A,0.0,1.0,A,18.0,7.0,4.0,5.0,14.0,12.0,9.0,2.0,2.0,1.0,0.0,0.0,1.9,3.31,4.54
F1,2024-11-24,Nice,Strasbourg,1707.37,1624.69,7.0,9.0,3.0,4.0,2.0,1.0,H,0.0,1.0,A,15.0,10.0,5.0,3.0,16.0,8.0,4.0,7.0,2.0,0.0,0.0,0.0,1.81,3.73,4.37
F1,2024-11-29,Reims,Lens,1664.03,1720.25,4.0,4.0,3.0,6.0,0.0,2.0,A,0.0,1.0,A,16.0,11.0,3.0,6.0,14.0,12.0,3.0,1.0,1.0,2.0,0.0,0.0,3.14,3.32,2.34
F1,2024-11-30,Rennes,St Etienne,1666.04,1517.18,0.0,4.0,6.0,6.0,5.0,0.0,H,2.0,0.0,H,18.0,2.0,9.0,0.0,14.0,12.0,6.0,1.0,0.0,1.0,0.0,1.0,1.48,4.56,6.54
F1,2024-11-30,Brest,Strasbourg,1706.26,1624.69,0.0,4.0,0.0,3.0,3.0,1.0,H,2.0,0.0,H,11.0,12.0,8.0,4.0,15.0,8.0,4.0,3.0,3.0,2.0,0.0,0.0,2.23,3.49,3.2
F1,2024-11-30,Paris SG,Nantes,1901.84,1554.32,9.0,15.0,0.0,1.0,1.0,1.0,D,1.0,1.0,D,24.0,5.0,10.0,2.0,3.0,6.0,9.0,3.0,0.0,0.0,0.0,0.0,1.21,7.07,12.18
F1,2024-12-01,Montpellier,Lille,1580.63,1808.48,3.0,3.0,5.0,9.0,2.0,2.0,D,1.0,1.0,D,11.0,13.0,5.0,4.0,9.0,21.0,7.0,2.0,4.0,5.0,1.0,1.0,4.26,3.69,1.83
F1,2024-12-01,Le Havre,Angers,1538.72,1498.31,6.0,6.0,3.0,7.0,0.0,1.0,A,0.0,0.0,D,5.0,12.0,1.0,3.0,8.0,10.0,2.0,4.0,2.0,0.0,0.0,0.0,2.3,3.16,3.34
F1,2024-12-01,Lyon,Nice,1729.51,1681.12,5.0,9.0,7.0,11.0,4.0,1.0,H,3.0,1.0,H,16.0,16.0,8.0,7.0,11.0,11.0,5.0,4.0,1.0,2.0,0.0,0.0,1.94,3.79,3.69
F1,2024-12-01,Toulouse,Auxerre,1652.5,1605.84,6.0,10.0,9.0,13.0,2.0,0.0,H,2.0,0.0,H,12.0,4.0,7.0,0.0,14.0,12.0,6.0,2.0,0.0,0.0,0.0,0.0,1.71,3.86,4.86
F1,2024-12-01,Marseille,Monaco,1748.25,1784.71,6.0,9.0,6.0,7.0,2.0,1.0,H,0.0,1.0,A,9.0,7.0,4.0,4.0,15.0,16.0,5.0,3.0,0.0,1.0,0.0,0.0,2.61,3.59,2.58
F1,2024-12-06,Lille,Brest,1808.48,1696.83,5.0,9.0,3.0,6.0,3.0,1.0,H,2.0,0.0,H,10.0,7.0,6.0,3.0,13.0,16.0,2.0,1.0,1.0,1.0,0.0,0.0,1.67,3.74,5.59
F1,2024-12-06,Auxerre,Paris SG,1605.84,1883.75,6.0,10.0,7.0,13.0,0.0,0.0,D,0.0,0.0,D,6.0,25.0,2.0,11.0,8.0,7.0,3.0,15.0,2.0,1.0,0.0,0.0,8.86,5.88,1.31
F1,2024-12-07,Monaco,Toulouse,1784.71,1652.5,6.0,6.0,6.0,12.0,2.0,0.0,H,0.0,0.0,D,19.0,6.0,5.0,3.0,15.0,16.0,2.0,3.0,2.0,2.0,0.0,0.0,1.71,3.97,4.76
F1,2024-12-07,Nice,Le Havre,1681.12,1538.72,4.0,10.0,3.0,6.0,2.0,1.0,H,0.0,0.0,D,17.0,12.0,5.0,2.0,10.0,10.0,5.0,8.0,3.0,2.0,0.0,0.0,1.6,3.92,6.04
F1,2024-12-07,Angers,Lyon,1498.31,1729.51,3.0,9.0,7.0,9.0,0.0,3.0,A,0.0,1.0,A,10.0,16.0,2.0,10.0,13.0,13.0,2.0,7.0,0.0,2.0,0.0,0.0,4.82,4.15,1.67
F1,2024-12-08,Lens,Montpellier,1711.47,1580.63,6.0,6.0,4.0,4.0,2.0,0.0,H,1.0,0.0,H,18.0,7.0,4.0,4.0,15.0,7.0,6.0,3.0,2.0,3.0,0.0,0.0,1.36,5.15,8.4
F1,2024-12-08,Nantes,Rennes,1540.08,1662.35,1.0,1.0,3.0,6.0,1.0,0.0,H,0.0,0.0,D,14.0,5.0,2.0,3.0,15.0,9.0,5.0,4.0,1.0,1.0,0.0,1.0,3.04,3.16,2.47
F1,2024-12-08,Strasbourg,Reims,1604.55,1644.38,0.0,3.0,4.0,4.0,0.0,0.0,D,0.0,0.0,D,7.0,11.0,2.0,3.0,13.0,16.0,3.0,2.0,1.0,2.0,0.0,0.0,2.38,3.46,2.92
F1,2024-12-08,St Etienne,Marseille,1509.43,1748.25,3.0,6.0,6.0,9.0,0.0,2.0,A,0.0,1.0,A,3.0,21.0,2.0,10.0,13.0,10.0,0.0,9.0,1.0,1.0,0.0,0.0,5.02,4.03,1.66
F1,2024-12-13,Toulouse,St Etienne,1652.5,1509.43,3.0,9.0,3.0,6.0,2.0,1.0,H,0.0,0.0,D,11.0,3.0,4.0,2.0,16.0,15.0,2.0,3.0,3.0,4.0,0.0,0.0,1.38,4.92,8.38
F1,2024-12-14,Marseille,Lille,1748.25,1808.48,9.0,12.0,7.0,9.0,1.0,1.0,D,1.0,0.0,H,9.0,10.0,3.0,5.0,14.0,9.0,3.0,8.0,1.0,3.0,1.0,0.0,2.17,3.47,3.34
F1,2024-12-14,Auxerre,Lens,1605.84,1711.47,4.0,10.0,6.0,9.0,2.0,2.0,D,1.0,2.0,A,10.0,16.0,3.0,5.0,10.0,10.0,3.0,5.0,3.0,1.0,0.0,0.0,3.86,3.55,1.96
F1,2024-12-14,Reims,Monaco,1644.38,1784.71,2.0,5.0,6.0,9.0,0.0,0.0,D,0.0,0.0,D,8.0,14.0,0.0,3.0,15.0,22.0,1.0,4.0,1.0,3.0,0.0,0.0,3.63,3.6,2.02
F1,2024-12-15,Montpellier,Nice,1583.87,1672.18,1.0,4.0,6.0,10.0,2.0,2.0,D,1.0,2.0,A,20.0,18.0,8.0,6.0,15.0,13.0,9.0,4.0,1.0,2.0,0.0,0.0,2.93,3.5,2.35
F1,2024-12-15,Brest,Nantes,1704.09,1553.86,3.0,3.0,4.0,4.0,4.0,1.0,H,2.0,0.0,H,13.0,16.0,8.0,7.0,10.0,14.0,0.0,5.0,3.0,3.0,0.0,0.0,2.09,3.32,3.67
F1,2024-12-15,Le Havre,Strasbourg,1528.45,1608.21,3.0,6.0,1.0,1.0,0.0,3.0,A,0.0,2.0,A,11.0,9.0,1.0,5.0,11.0,7.0,3.0,2.0,0.0,1.0,0.0,0.0,3.03,3.21,2.44
F1,2024-12-15,Rennes,Angers,1656.51,1506.3,3.0,3.0,3.0,6.0,2.0,0.0,H,1.0,0.0,H,7.0,3.0,4.0,0.0,18.0,12.0,2.0,1.0,3.0,1.0,0.0,0.0,1.62,3.93,5.45
F1,2024-12-15,Paris SG,Lyon,1886.72,1755.65,5.0,11.0,7.0,11.0,3.0,1.0,H,2.0,1.0,H,13.0,7.0,6.0,3.0,7.0,8.0,4.0,3.0,2.0,3.0,0.0,0.0,1.4,5.44,6.45
F1,2025-01-03,Nice,Rennes,1671.21,1661.25,4.0,8.0,6.0,6.0,3.0,2.0,H,3.0,1.0,H,9.0,10.0,6.0,5.0,11.0,14.0,3.0,3.0,3.0,3.0,1.0,0.0,2.19,3.35,3.39
F1,2025-01-04,St Etienne,Reims,1505.02,1650.96,0.0,3.0,2.0,6.0,3.0,1.0,H,0.0,1.0,A,14.0,11.0,4.0,1.0,19.0,10.0,6.0,9.0,2.0,1.0,0.0,0.0,3.5,3.36,2.13
F1,2025-01-04,Lille,Nantes,1815.86,1547.93,5.0,9.0,4.0,4.0,1.0,1.0,D,1.0,0.0,H,13.0,6.0,3.0,2.0,6.0,10.0,2.0,0.0,1.0,2.0,0.0,0.0,1.53,4.16,6.35
F1,2025-01-04,Lyon,Montpellier,1750.55,1584.84,6.0,10.0,2.0,5.0,1.0,0.0,H,0.0,0.0,D,12.0,16.0,2.0,6.0,8.0,10.0,3.0,5.0,1.0,2.0,0.0,0.0,1.33,5.49,8.2
F1,2025-01-05,Angers,Brest,1501.55,1710.03,3.0,3.0,6.0,6.0,2.0,0.0,H,1.0,0.0,H,7.0,12.0,2.0,4.0,14.0,11.0,2.0,4.0,2.0,1.0,0.0,0.0,3.21,3.22,2.31
F1,2025-01-05,Lens,Toulouse,1719.22,1662.27,7.0,10.0,6.0,9.0,0.0,1.0,A,0.0,0.0,D,14.0,8.0,1.0,4.0,20.0,12.0,7.0,1.0,5.0,2.0,1.0,0.0,1.94,3.48,4.0
F1,2025-01-05,Strasbourg,Auxerre,1621.11,1609.45,4.0,4.0,2.0,8.0,3.0,1.0,H,1.0,1.0,D,11.0,14.0,4.0,7.0,10.0,13.0,4.0,3.0,1.0,2.0,0.0,0.0,1.87,3.72,3.98
F1,2025-01-05,Marseille,Le Havre,1764.67,1515.55,7.0,10.0,0.0,3.0,5.0,1.0,H,3.0,0.0,H,15.0,4.0,9.0,1.0,12.0,6.0,4.0,0.0,1.0,0.0,0.0,0.0,1.3,5.48,9.62
F1,2025-01-10,Nantes,Monaco,1547.93,1771.27,4.0,5.0,4.0,10.0,2.0,2.0,D,1.0,0.0,H,10.0,15.0,4.0,7.0,17.0,14.0,3.0,11.0,3.0,0.0,0.0,0.0,4.76,3.75,1.74
F1,2025-01-10,Auxerre,Lille,1609.45,1815.86,2.0,5.0,5.0,9.0,0.0,0.0,D,0.0,0.0,D,13.0,13.0,3.0,5.0,7.0,8.0,6.0,10.0,0.0,4.0,1.0,0.0,4.61,3.74,1.76
F1,2025-01-11,Brest,Lyon,1710.03,1750.55,3.0,6.0,6.0,10.0,2.0,1.0,H,2.0,1.0,H,11.0,10.0,6.0,3.0,10.0,10.0,4.0,7.0,1.0,2.0,0.0,0.0,3.06,3.55,2.25
F1,2025-01-11,Reims,Nice,1650.96,1671.21,2.0,3.0,7.0,10.0,2.0,4.0,A,1.0,2.0,A,12.0,15.0,3.0,10.0,12.0,7.0,6.0,3.0,4.0,2.0,0.0,0.0,2.64,3.42,2.63
F1,2025-01-11,Rennes,Marseille,1661.25,1764.67,3.0,6.0,7.0,13.0,1.0,2.0,A,1.0,1.0,D,5.0,13.0,4.0,7.0,11.0,13.0,2.0,3.0,2.0,2.0,0.0,0.0,2.99,3.3,2.4
F1,2025-01-12,Le Havre,Lens,1515.55,1719.22,0.0,3.0,4.0,7.0,1.0,2.0,A,1.0,1.0,D,8.0,25.0,4.0,7.0,11.0,14.0,3.0,8.0,2.0,2.0,0.0,0.0,5.53,3.77,1.65
F1,2025-01-12,Montpellier,Angers,1584.84,1501.55,1.0,2.0,3.0,6.0,1.0,3.0,A,0.0,1.0,A,8.0,21.0,3.0,8.0,11.0,15.0,3.0,3.0,6.0,2.0,2.0,0.0,2.1,3.46,3.45
F1,2025-01-12,Toulouse,Strasbourg,1662.27,1621.11,6.0,9.0,7.0,7.0,1.0,2.0,A,1.0,2.0,A,19.0,8.0,5.0,2.0,12.0,14.0,3.0,2.0,1.0,4.0,0.0,0.0,1.77,3.82,4.43
F1,2025-01-12,Paris SG,St Etienne,1900.94,1505.02,5.0,11.0,3.0,6.0,2.0,1.0,H,2.0,0.0,H,25.0,8.0,9.0,3.0,16.0,11.0,7.0,3.0,1.0,2.0,0.0,0.0,1.09,11.39,22.98
F1,2025-01-17,Montpellier,Monaco,1566.29,1766.92,1.0,2.0,5.0,8.0,2.0,1.0,H,0.0,1.0,A,12.0,26.0,4.0,11.0,7.0,9.0,4.0,16.0,1.0,2.0,0.0,0.0,5.3,4.47,1.57
F1,2025-01-17,Lille,Nice,1804.44,1689.63,3.0,7.0,7.0,10.0,2.0,1.0,H,0.0,1.0,A,11.0,11.0,4.0,3.0,13.0,13.0,7.0,7.0,1.0,3.0,0.0,0.0,2.05,3.45,3.7
F1,2025-01-18,Lens,Paris SG,1712.86,1901.87,4.0,10.0,7.0,11.0,1.0,2.0,A,1.0,0.0,H,10.0,9.0,5.0,7.0,12.0,8.0,6.0,1.0,2.0,2.0,0.0,0.0,4.34,4.12,1.72
F1,2025-01-18,Rennes,Brest,1648.57,1701.22,3.0,6.0,6.0,9.0,1.0,2.0,A,0.0,1.0,A,22.0,10.0,9.0,3.0,13.0,11.0,4.0,4.0,2.0,3.0,0.0,0.0,2.01,3.36,3.88
F1,2025-01-18,Lyon,Toulouse,1745.41,1662.69,3.0,9.0,6.0,9.0,0.0,0.0,D,0.0,0.0,D,11.0,13.0,3.0,4.0,8.0,8.0,8.0,5.0,1.0,0.0,0.0,0.0,1.85,3.85,3.96
F1,2025-01-19,St Etienne,Nantes,1518.98,1559.53,3.0,3.0,2.0,6.0,1.0,1.0,D,0.0,1.0,A,12.0,8.0,2.0,4.0,9.0,11.0,7.0,7.0,2.0,1.0,0.0,0.0,2.52,3.22,2.88
F1,2025-01-19,Angers,Auxerre,1534.05,1604.62,6.0,9.0,2.0,3.0,2.0,0.0,H,1.0,0.0,H,12.0,10.0,4.0,4.0,9.0,10.0,4.0,2.0,2.0,1.0,0.0,1.0,2.44,3.25,2.95
F1,2025-01-19,Reims,Le Havre,1624.04,1506.69,1.0,2.0,0.0,0.0,1.0,1.0,D,1.0,0.0,H,11.0,7.0,3.0,2.0,9.0,8.0,6.0,6.0,2.0,2.0,0.0,0.0,1.64,3.9,5.3
F1,2025-01-19,Marseille,Strasbourg,1775.14,1640.72,7.0,13.0,9.0,10.0,1.0,1.0,D,0.0,1.0,A,18.0,7.0,3.0,3.0,13.0,14.0,9.0,3.0,3.0,3.0,0.0,0.0,1.57,4.32,5.35
F1,2025-01-24,Auxerre,St Etienne,1604.62,1518.98,1.0,3.0,4.0,4.0,1.0,1.0,D,1.0,1.0,D,11.0,8.0,5.0,3.0,15.0,13.0,3.0,4.0,2.0,0.0,0.0,0.0,1.94,3.66,3.83
F1,2025-01-25,Monaco,Rennes,1766.92,1648.57,2.0,5.0,0.0,3.0,3.0,2.0,H,1.0,1.0,D,20.0,14.0,10.0,5.0,12.0,16.0,4.0,2.0,3.0,3.0,0.0,0.0,1.73,3.94,4.61
F1,2025-01-25,Strasbourg,Lille,1640.72,1804.44,7.0,11.0,5.0,9.0,2.0,1.0,H,0.0,1.0,A,11.0,15.0,7.0,6.0,10.0,9.0,6.0,7.0,4.0,2.0,0.0,0.0,2.8,3.38,2.5
F1,2025-01-25,Paris SG,Reims,1901.87,1624.04,9.0,11.0,1.0,3.0,1.0,1.0,D,0.0,0.0,D,18.0,6.0,7.0,3.0,13.0,13.0,8.0,1.0,2.0,2.0,0.0,0.0,1.24,6.58,10.49
F1,2025-01-26,Le Havre,Brest,1506.69,1701.22,1.0,1.0,6.0,9.0,0.0,1.0,A,0.0,1.0,A,11.0,17.0,1.0,9.0,12.0,14.0,6.0,6.0,2.0,3.0,0.0,0.0,3.28,3.11,2.34
F1,2025-01-26,Lens,Angers,1712.86,1534.05,3.0,7.0,9.0,9.0,1.0,0.0,H,0.0,0.0,D,16.0,2.0,4.0,0.0,16.0,10.0,4.0,4.0,1.0,1.0,0.0,0.0,1.44,4.55,7.13
F1,2025-01-26,Nantes,Lyon,1559.53,1745.41,3.0,6.0,4.0,7.0,1.0,1.0,D,0.0,1.0,A,7.0,15.0,5.0,4.0,14.0,11.0,4.0,8.0,3.0,1.0,0.0,0.0,3.34,3.51,2.13
F1,2025-01-26,Toulouse,Montpellier,1662.69,1566.29,4.0,7.0,3.0,4.0,1.0,2.0,A,0.0,0.0,D,15.0,6.0,6.0,4.0,9.0,15.0,6.0,2.0,1.0,2.0,0.0,0.0,1.63,4.03,5.27
F1,2025-01-26,Nice,Marseille,1689.63,1775.14,6.0,10.0,7.0,11.0,2.0,0.0,H,1.0,0.0,H,14.0,18.0,5.0,6.0,12.0,9.0,6.0,12.0,1.0,1.0,0.0,0.0,2.85,3.52,2.4
F1,2025-01-31,Montpellier,Lens,1566.29,1712.86,6.0,7.0,6.0,7.0,0.0,2.0,A,0.0,1.0,A,14.0,19.0,2.0,5.0,12.0,17.0,4.0,5.0,4.0,3.0,0.0,0.0,4.29,3.7,1.83
F1,2025-02-01,Brest,Paris SG,1689.18,1915.5,9.0,12.0,7.0,11.0,2.0,5.0,A,0.0,1.0,A,14.0,14.0,7.0,7.0,9.0,12.0,4.0,7.0,1.0,0.0,0.0,0.0,6.58,4.82,1.44
F1,2025-02-01,Monaco,Auxerre,1759.89,1585.44,4.0,8.0,2.0,3.0,4.0,2.0,H,1.0,2.0,A,11.0,12.0,6.0,7.0,17.0,15.0,5.0,4.0,2.0,2.0,0.0,0.0,1.34,5.48,8.05
F1,2025-02-01,Lille,St Etienne,1802.5,1518.54,4.0,6.0,2.0,5.0,4.0,1.0,H,1.0,1.0,D,29.0,9.0,13.0,2.0,11.0,12.0,7.0,1.0,1.0,1.0,0.0,1.0,1.4,4.74,7.75
F1,2025-02-02,Toulouse,Nice,1651.32,1679.19,1.0,7.0,6.0,10.0,1.0,1.0,D,0.0,1.0,A,15.0,13.0,4.0,3.0,20.0,20.0,7.0,2.0,2.0,2.0,0.0,0.0,2.51,3.33,2.82
F1,2025-02-02,Angers,Le Havre,1539.35,1502.75,6.0,9.0,1.0,1.0,1.0,1.0,D,0.0,0.0,D,17.0,13.0,2.0,5.0,8.0,19.0,4.0,2.0,2.0,4.0,1.0,1.0,1.98,3.34,3.98
F1,2025-02-02,Reims,Nantes,1623.57,1559.86,2.0,3.0,3.0,4.0,1.0,2.0,A,1.0,1.0,D,13.0,11.0,2.0,6.0,14.0,10.0,9.0,3.0,3.0,3.0,1.0,0.0,2.15,3.38,3.43
F1,2025-02-02,Rennes,Strasbourg,1633.09,1653.02,0.0,3.0,7.0,13.0,1.0,0.0,H,0.0,0.0,D,13.0,7.0,3.0,3.0,14.0,10.0,6.0,2.0,3.0,3.0,0.0,0.0,2.08,3.47,3.53
F1,2025-02-02,Marseille,Lyon,1753.77,1728.42,4.0,8.0,2.0,5.0,3.0,2.0,H,0.0,0.0,D,20.0,10.0,11.0,4.0,13.0,10.0,6.0,2.0,4.0,1.0,0.0,0.0,2.04,3.77,3.38
F1,2025-02-07,Nantes,Brest,1559.86,1689.18,5.0,7.0,6.0,9.0,0.0,2.0,A,0.0,1.0,A,15.0,10.0,2.0,6.0,15.0,13.0,12.0,4.0,3.0,2.0,0.0,0.0,2.44,3.19,3.09
F1,2025-02-07,Paris SG,Monaco,1915.5,1759.89,7.0,13.0,6.0,8.0,4.0,1.0,H,1.0,1.0,D,16.0,9.0,7.0,3.0,9.0,11.0,1.0,1.0,1.0,0.0,0.0,0.0,1.4,5.46,6.79
F1,2025-02-08,Nice,Lens,1679.19,1716.58,4.0,10.0,6.0,9.0,2.0,0.0,H,1.0,0.0,H,16.0,12.0,8.0,3.0,6.0,19.0,7.0,3.0,1.0,4.0,0.0,1.0,2.36,3.41,3.01
F1,2025-02-08,Lille,Le Havre,1802.5,1502.75,6.0,8.0,2.0,2.0,1.0,2.0,A,0.0,1.0,A,14.0,14.0,5.0,6.0,16.0,8.0,8.0,10.0,2.0,1.0,0.0,0.0,1.35,5.05,9.17
F1,2025-02-08,St Etienne,Rennes,1518.54,1633.09,2.0,5.0,3.0,3.0,0.0,2.0,A,0.0,1.0,A,9.0,21.0,3.0,9.0,13.0,6.0,2.0,4.0,1.0,5.0,0.0,0.0,3.37,3.35,2.2
F1,2025-02-09,Lyon,Reims,1728.42,1623.57,2.0,5.0,2.0,2.0,4.0,0.0,H,1.0,0.0,H,15.0,9.0,9.0,2.0,10.0,12.0,6.0,6.0,0.0,0.0,0.0,0.0,1.52,4.6,5.69
F1,2025-02-09,Auxerre,Toulouse,1585.44,1651.32,1.0,2.0,2.0,5.0,2.0,2.0,D,0.0,0.0,D,9.0,7.0,3.0,3.0,11.0,9.0,3.0,5.0,1.0,1.0,0.0,0.0,3.04,3.38,2.33
F1,2025-02-09,Strasbourg,Montpellier,1653.02,1577.05,4.0,10.0,6.0,6.0,2.0,0.0,H,1.0,0.0,H,22.0,11.0,6.0,2.0,12.0,12.0,6.0,2.0,1.0,4.0,0.0,0.0,1.79,3.93,4.15
F1,2025-02-09,Angers,Marseille,1539.35,1753.77,4.0,10.0,4.0,10.0,0.0,2.0,A,0.0,0.0,D,5.0,18.0,0.0,10.0,10.0,8.0,1.0,7.0,1.0,2.0,0.0,0.0,5.3,4.05,1.63
F1,2025-02-14,Brest,Auxerre,1689.18,1585.44,6.0,12.0,2.0,3.0,2.0,2.0,D,0.0,1.0,A,18.0,11.0,6.0,6.0,9.0,12.0,6.0,4.0,2.0,2.0,0.0,0.0,2.26,3.28,3.38
F1,2025-02-15,Marseille,St Etienne,1762.72,1504.65,6.0,10.0,1.0,2.0,5.0,1.0,H,1.0,0.0,H,28.0,7.0,14.0,2.0,14.0,9.0,14.0,3.0,1.0,1.0,0.0,0.0,1.27,6.18,10.0
F1,2025-02-15,Monaco,Nantes,1748.78,1559.35,6.0,7.0,4.0,6.0,7.0,1.0,H,2.0,1.0,H,22.0,6.0,11.0,2.0,18.0,9.0,9.0,1.0,1.0,1.0,0.0,1.0,1.56,4.33,5.68
F1,2025-02-15,Toulouse,Paris SG,1647.52,1928.38,2.0,3.0,7.0,13.0,0.0,1.0,A,0.0,0.0,D,14.0,20.0,4.0,6.0,9.0,6.0,5.0,2.0,2.0,0.0,0.0,0.0,5.97,4.71,1.49
F1,2025-02-16,Montpellier,Lyon,1567.38,1728.34,3.0,6.0,4.0,5.0,1.0,4.0,A,1.0,1.0,D,11.0,9.0,4.0,6.0,14.0,12.0,7.0,4.0,3.0,1.0,0.0,0.0,4.79,4.37,1.64
F1,2025-02-16,Le Havre,Nice,1518.62,1688.43,4.0,5.0,7.0,10.0,1.0,3.0,A,1.0,2.0,A,14.0,9.0,4.0,3.0,14.0,16.0,6.0,2.0,2.0,2.0,0.0,1.0,5.18,3.96,1.65
F1,2025-02-16,Lens,Strasbourg,1702.99,1650.56,6.0,9.0,6.0,10.0,0.0,2.0,A,0.0,0.0,D,7.0,13.0,0.0,5.0,12.0,15.0,7.0,3.0,4.0,2.0,1.0,0.0,1.76,3.91,4.39
F1,2025-02-16,Reims,Angers,1601.5,1528.91,1.0,2.0,1.0,7.0,0.0,1.0,A,0.0,1.0,A,16.0,10.0,4.0,3.0,13.0,6.0,1.0,4.0,2.0,1.0,0.0,0.0,1.99,3.44,3.85
F1,2025-02-16,Rennes,Lille,1646.09,1787.05,6.0,6.0,3.0,7.0,0.0,2.0,A,0.0,0.0,D,4.0,18.0,0.0,7.0,9.0,18.0,4.0,8.0,2.0,1.0,1.0,0.0,2.64,3.31,2.7
F1,2025-02-21,Rennes,Reims,1646.09,1601.5,6.0,6.0,0.0,2.0,1.0,0.0,H,1.0,0.0,H,26.0,3.0,5.0,0.0,15.0,7.0,9.0,2.0,1.0,2.0,0.0,2.0,2.13,3.46,3.5
F1,2025-02-22,Lille,Monaco,1787.05,1748.78,6.0,9.0,6.0,9.0,2.0,1.0,H,2.0,1.0,H,9.0,13.0,6.0,3.0,11.0,18.0,1.0,6.0,4.0,2.0,0.0,0.0,2.17,3.72,3.13
F1,2025-02-22,St Etienne,Angers,1504.65,1528.91,0.0,2.0,4.0,7.0,3.0,3.0,D,1.0,2.0,A,19.0,13.0,8.0,4.0,13.0,16.0,4.0,3.0,3.0,0.0,0.0,0.0,2.4,3.29,3.05
F1,2025-02-22,Auxerre,Marseille,1583.48,1762.72,2.0,3.0,9.0,10.0,3.0,0.0,H,1.0,0.0,H,9.0,8.0,5.0,2.0,9.0,13.0,2.0,5.0,1.0,3.0,0.0,1.0,5.59,4.4,1.55
F1,2025-02-23,Nantes,Lens,1559.35,1702.99,3.0,5.0,3.0,6.0,3.0,1.0,H,1.0,0.0,H,17.0,14.0,8.0,4.0,13.0,18.0,2.0,11.0,2.0,4.0,0.0,1.0,3.6,3.41,2.08
F1,2025-02-23,Le Havre,Toulouse,1518.62,1647.52,4.0,5.0,2.0,3.0,1.0,4.0,A,0.0,1.0,A,11.0,11.0,3.0,5.0,11.0,13.0,5.0,3.0,0.0,2.0,1.0,0.0,3.91,3.46,1.97
F1,2025-02-23,Nice,Montpellier,1688.43,1567.38,7.0,10.0,0.0,6.0,2.0,0.0,H,1.0,0.0,H,16.0,13.0,6.0,1.0,17.0,15.0,8.0,5.0,1.0,1.0,0.0,0.0,1.37,5.23,7.62
F1,2025-02-23,Strasbourg,Brest,1650.56,1681.78,6.0,10.0,4.0,10.0,0.0,0.0,D,0.0,0.0,D,3.0,12.0,1.0,2.0,12.0,12.0,1.0,8.0,3.0,1.0,0.0,0.0,1.99,3.61,3.67
F1,2025-02-23,Lyon,Paris SG,1728.34,1928.38,6.0,8.0,9.0,13.0,2.0,3.0,A,0.0,0.0,D,14.0,15.0,7.0,8.0,12.0,8.0,5.0,4.0,1.0,1.0,0.0,0.0,4.25,4.26,1.72
