Div,Date,HomeTeam,AwayTeam,HomeElo,AwayElo,Form3Home,Form5Home,Form3Away,Form5Away,FTHG,FTAG,FTR,HTHG,HTAG,HTR,HS,AS,HST,AST,HF,AF,HC,AC,HY,AY,HR,AR,B365H,B365D,B365A
I1,2017-01-07,Empoli,Palermo,1538.11,1496.08,4.0,4.0,4.0,4.0,1.0,0.0,H,0.0,0.0,D,6.0,13.0,2.0,4.0,13.0,17.0,6.0,2.0,1.0,3.0,0.0,0.0,2.05,3.3,3.8
I1,2017-01-07,Napoli,Sampdoria,1801.45,1570.72,7.0,11.0,1.0,5.0,2.0,1.0,H,0.0,1.0,A,23.0,9.0,9.0,2.0,15.0,16.0,9.0,3.0,1.0,0.0,0.0,1.0,1.29,5.5,10.0
I1,2017-01-08,Chievo,Atalanta,1607.91,1634.33,6.0,7.0,4.0,7.0,1.0,4.0,A,0.0,3.0,A,7.0,18.0,2.0,7.0,21.0,14.0,4.0,3.0,1.0,1.0,0.0,0.0,2.75,3.2,2.7
I1,2017-01-08,Genoa,Roma,1609.35,1788.64,3.0,4.0,6.0,12.0,0.0,1.0,A,0.0,1.0,A,10.0,16.0,4.0,3.0,12.0,13.0,2.0,8.0,2.0,4.0,0.0,0.0,3.8,3.6,1.95
I1,2017-01-08,Juventus,Bologna,1917.68,1545.92,9.0,12.0,4.0,7.0,3.0,0.0,H,2.0,0.0,H,12.0,7.0,4.0,2.0,11.0,13.0,6.0,2.0,1.0,2.0,0.0,0.0,1.18,7.0,17.0
I1,2017-01-08,Lazio,Crotone,1698.6,1450.91,6.0,9.0,3.0,4.0,1.0,0.0,H,0.0,0.0,D,22.0,2.0,5.0,1.0,15.0,11.0,14.0,0.0,2.0,2.0,0.0,0.0,1.29,5.25,12.0
I1,2017-01-08,Milan,Cagliari,1693.7,1536.12,4.0,8.0,3.0,7.0,1.0,0.0,H,0.0,0.0,D,29.0,7.0,4.0,1.0,6.0,12.0,11.0,3.0,0.0,1.0,0.0,1.0,1.4,4.75,8.0
I1,2017-01-08,Sassuolo,Torino,1597.31,1640.7,0.0,4.0,3.0,6.0,0.0,0.0,D,0.0,0.0,D,7.0,24.0,2.0,1.0,17.0,18.0,1.0,8.0,2.0,3.0,0.0,0.0,2.7,3.4,2.6
I1,2017-01-08,Udinese,Inter,1575.72,1678.82,7.0,10.0,9.0,12.0,1.0,2.0,A,1.0,1.0,D,12.0,9.0,3.0,4.0,19.0,12.0,3.0,7.0,3.0,2.0,0.0,0.0,3.75,3.5,2.0
I1,2017-01-14,Crotone,Bologna,1450.91,1545.92,3.0,4.0,4.0,4.0,0.0,1.0,A,0.0,0.0,D,17.0,14.0,6.0,7.0,14.0,14.0,6.0,5.0,2.0,4.0,0.0,0.0,3.0,3.0,2.6
I1,2017-01-14,Inter,Chievo,1678.82,1607.91,9.0,12.0,3.0,7.0,3.0,1.0,H,0.0,1.0,A,31.0,5.0,14.0,4.0,12.0,16.0,12.0,2.0,0.0,3.0,0.0,0.0,1.44,4.33,8.0
I1,2017-01-15,Cagliari,Genoa,1533.4,1603.79,3.0,4.0,0.0,3.0,4.0,1.0,H,2.0,1.0,H,19.0,12.0,12.0,4.0,8.0,13.0,3.0,14.0,3.0,2.0,1.0,0.0,2.8,3.4,2.5
I1,2017-01-15,Fiorentina,Juventus,1682.73,1919.23,1.0,7.0,9.0,12.0,2.0,1.0,H,1.0,0.0,H,17.0,11.0,6.0,4.0,22.0,20.0,3.0,7.0,3.0,5.0,0.0,0.0,4.75,3.4,1.83
I1,2017-01-15,Lazio,Atalanta,1700.3,1651.15,6.0,9.0,7.0,7.0,2.0,1.0,H,1.0,1.0,D,21.0,9.0,5.0,3.0,17.0,18.0,7.0,3.0,5.0,2.0,0.0,0.0,2.0,3.4,3.9
I1,2017-01-15,Napoli,Pescara,1803.28,1449.05,7.0,13.0,1.0,2.0,3.0,1.0,H,0.0,0.0,D,23.0,8.0,10.0,2.0,10.0,14.0,6.0,2.0,1.0,3.0,0.0,0.0,1.14,8.0,19.0
I1,2017-01-15,Sampdoria,Empoli,1568.89,1543.16,1.0,4.0,6.0,7.0,0.0,0.0,D,0.0,0.0,D,16.0,14.0,2.0,2.0,8.0,9.0,6.0,8.0,3.0,3.0,0.0,0.0,1.75,3.5,5.25
I1,2017-01-15,Sassuolo,Palermo,1596.06,1491.03,1.0,4.0,4.0,4.0,4.0,1.0,H,2.0,1.0,H,14.0,14.0,7.0,3.0,14.0,11.0,8.0,3.0,2.0,2.0,0.0,0.0,1.73,3.6,5.25
I1,2017-01-15,Udinese,Roma,1568.13,1794.2,4.0,10.0,6.0,12.0,0.0,1.0,A,0.0,1.0,A,10.0,13.0,5.0,4.0,16.0,17.0,4.0,7.0,2.0,1.0,0.0,0.0,4.2,3.5,1.91
I1,2017-01-16,Torino,Milan,1641.95,1696.42,4.0,4.0,4.0,10.0,2.0,2.0,D,2.0,0.0,H,17.0,23.0,7.0,8.0,11.0,11.0,6.0,6.0,5.0,1.0,0.0,1.0,2.38,3.3,3.1
I1,2017-01-21,Chievo,Fiorentina,1585.45,1682.73,0.0,6.0,4.0,7.0,0.0,3.0,A,0.0,1.0,A,17.0,10.0,6.0,6.0,18.0,18.0,2.0,8.0,3.0,2.0,0.0,0.0,3.4,3.25,2.25
I1,2017-01-21,Milan,Napoli,1696.42,1803.28,5.0,8.0,7.0,13.0,1.0,2.0,A,1.0,2.0,A,13.0,9.0,4.0,5.0,15.0,16.0,7.0,1.0,4.0,4.0,0.0,0.0,4.0,3.3,2.0
I1,2017-01-22,Atalanta,Sampdoria,1651.15,1568.89,6.0,7.0,2.0,2.0,1.0,0.0,H,0.0,0.0,D,13.0,13.0,6.0,3.0,13.0,20.0,5.0,5.0,1.0,3.0,0.0,0.0,1.67,3.75,5.5
I1,2017-01-22,Bologna,Torino,1552.33,1641.95,6.0,7.0,5.0,5.0,2.0,0.0,H,1.0,0.0,H,9.0,9.0,5.0,2.0,11.0,11.0,2.0,9.0,2.0,2.0,0.0,0.0,2.9,3.3,2.5
I1,2017-01-22,Empoli,Udinese,1543.16,1568.13,4.0,8.0,1.0,7.0,1.0,0.0,H,0.0,0.0,D,5.0,9.0,1.0,2.0,18.0,17.0,7.0,3.0,4.0,4.0,0.0,0.0,2.6,3.2,2.8
I1,2017-01-22,Genoa,Crotone,1603.79,1441.24,0.0,3.0,0.0,3.0,2.0,2.0,D,1.0,0.0,H,10.0,14.0,4.0,6.0,18.0,9.0,7.0,5.0,1.0,2.0,0.0,0.0,1.57,4.0,6.0
I1,2017-01-22,Juventus,Lazio,1919.23,1700.3,6.0,12.0,6.0,12.0,2.0,0.0,H,2.0,0.0,H,7.0,11.0,2.0,2.0,10.0,19.0,0.0,4.0,0.0,3.0,0.0,0.0,1.5,4.2,7.0
I1,2017-01-22,Palermo,Inter,1491.03,1692.04,1.0,4.0,9.0,15.0,0.0,1.0,A,0.0,0.0,D,6.0,16.0,0.0,6.0,23.0,13.0,7.0,12.0,5.0,1.0,1.0,1.0,6.5,4.0,1.55
I1,2017-01-22,Pescara,Sassuolo,1449.05,1596.06,1.0,2.0,4.0,4.0,1.0,3.0,A,0.0,1.0,A,19.0,16.0,5.0,5.0,12.0,23.0,5.0,6.0,4.0,5.0,0.0,0.0,2.9,3.3,2.5
I1,2017-01-22,Roma,Cagliari,1794.2,1533.4,9.0,12.0,6.0,6.0,1.0,0.0,H,0.0,0.0,D,18.0,8.0,6.0,0.0,8.0,15.0,5.0,4.0,1.0,3.0,0.0,1.0,1.25,6.5,11.0
I1,2017-01-28,Inter,Pescara,1692.04,1449.05,9.0,15.0,1.0,1.0,3.0,0.0,H,2.0,0.0,H,17.0,10.0,7.0,4.0,13.0,12.0,11.0,3.0,1.0,1.0,0.0,0.0,1.2,7.0,13.0
I1,2017-01-28,Lazio,Chievo,1700.3,1585.45,6.0,9.0,0.0,3.0,0.0,1.0,A,0.0,0.0,D,28.0,7.0,8.0,2.0,16.0,8.0,10.0,3.0,2.0,2.0,0.0,0.0,1.5,4.0,7.5
I1,2017-01-29,Cagliari,Bologna,1533.4,1552.33,3.0,6.0,6.0,10.0,1.0,1.0,D,0.0,0.0,D,19.0,8.0,6.0,2.0,15.0,18.0,3.0,2.0,2.0,3.0,0.0,2.0,2.45,3.25,3.0
I1,2017-01-29,Crotone,Empoli,1441.24,1543.16,1.0,4.0,7.0,10.0,4.0,1.0,H,1.0,1.0,D,14.0,5.0,7.0,3.0,13.0,14.0,8.0,1.0,3.0,1.0,0.0,0.0,2.38,3.1,3.25
I1,2017-01-29,Fiorentina,Genoa,1682.73,1603.79,7.0,7.0,1.0,1.0,3.0,3.0,D,1.0,0.0,H,22.0,7.0,8.0,3.0,10.0,20.0,5.0,0.0,3.0,4.0,1.0,0.0,1.62,4.0,5.5
I1,2017-01-29,Napoli,Palermo,1803.28,1491.03,9.0,13.0,0.0,4.0,1.0,1.0,D,0.0,1.0,A,19.0,3.0,10.0,2.0,6.0,9.0,14.0,2.0,0.0,3.0,0.0,1.0,1.13,9.0,21.0
I1,2017-01-29,Sampdoria,Roma,1568.89,1794.2,1.0,2.0,9.0,12.0,3.0,2.0,H,1.0,1.0,D,18.0,16.0,7.0,10.0,19.0,14.0,7.0,7.0,2.0,3.0,0.0,0.0,4.75,3.8,1.75
I1,2017-01-29,Sassuolo,Juventus,1596.06,1919.23,7.0,7.0,6.0,12.0,0.0,2.0,A,0.0,2.0,A,7.0,14.0,3.0,5.0,18.0,13.0,5.0,6.0,3.0,1.0,0.0,0.0,6.5,4.33,1.5
I1,2017-01-29,Torino,Atalanta,1641.95,1651.15,2.0,5.0,6.0,10.0,1.0,1.0,D,1.0,0.0,H,12.0,17.0,4.0,8.0,19.0,18.0,2.0,6.0,1.0,2.0,0.0,0.0,2.4,3.25,3.1
I1,2017-01-29,Udinese,Milan,1568.13,1696.42,0.0,4.0,4.0,5.0,2.0,1.0,H,1.0,1.0,D,12.0,12.0,5.0,5.0,9.0,13.0,2.0,7.0,3.0,2.0,0.0,0.0,3.2,3.3,2.3
I1,2017-02-01,Pescara,Fiorentina,1436.31,1702.33,0.0,1.0,7.0,8.0,1.0,2.0,A,1.0,0.0,H,4.0,22.0,3.0,4.0,10.0,15.0,1.0,14.0,4.0,3.0,0.0,0.0,4.5,3.6,1.83
I1,2017-02-04,Bologna,Napoli,1565.83,1803.61,7.0,10.0,7.0,11.0,1.0,7.0,A,1.0,4.0,A,17.0,14.0,7.0,9.0,10.0,9.0,3.0,0.0,2.0,3.0,1.0,1.0,7.5,4.5,1.44
I1,2017-02-05,Atalanta,Cagliari,1652.37,1542.97,4.0,10.0,4.0,7.0,2.0,0.0,H,2.0,0.0,H,13.0,4.0,5.0,0.0,18.0,18.0,6.0,4.0,4.0,2.0,0.0,0.0,1.44,4.33,8.0
I1,2017-02-05,Chievo,Udinese,1585.82,1566.49,3.0,3.0,3.0,4.0,0.0,0.0,D,0.0,0.0,D,6.0,12.0,0.0,1.0,20.0,21.0,5.0,6.0,2.0,1.0,1.0,0.0,2.38,3.2,3.2
I1,2017-02-05,Empoli,Torino,1537.53,1627.57,4.0,7.0,2.0,6.0,1.0,1.0,D,1.0,1.0,D,10.0,9.0,2.0,4.0,17.0,23.0,2.0,3.0,6.0,4.0,0.0,0.0,3.6,3.3,2.15
I1,2017-02-05,Genoa,Sassuolo,1590.17,1606.58,2.0,2.0,6.0,7.0,0.0,1.0,A,0.0,1.0,A,15.0,7.0,4.0,3.0,14.0,7.0,8.0,9.0,2.0,1.0,0.0,0.0,2.05,3.4,3.75
I1,2017-02-05,Juventus,Inter,1915.11,1699.76,6.0,12.0,9.0,15.0,1.0,0.0,H,1.0,0.0,H,14.0,12.0,6.0,2.0,14.0,16.0,6.0,8.0,5.0,3.0,0.0,1.0,1.57,4.0,6.5
I1,2017-02-05,Milan,Sampdoria,1680.66,1573.5,1.0,5.0,4.0,5.0,0.0,1.0,A,0.0,0.0,D,20.0,7.0,6.0,3.0,16.0,12.0,8.0,3.0,3.0,2.0,1.0,0.0,1.67,4.0,5.0
I1,2017-02-05,Palermo,Crotone,1487.97,1462.26,1.0,2.0,4.0,4.0,1.0,0.0,H,1.0,0.0,H,12.0,9.0,4.0,1.0,12.0,25.0,3.0,2.0,2.0,2.0,0.0,1.0,2.3,3.25,3.3
I1,2017-02-05,Pescara,Lazio,1436.31,1688.54,0.0,1.0,3.0,6.0,2.0,6.0,A,2.0,2.0,D,14.0,17.0,6.0,10.0,13.0,16.0,2.0,4.0,0.0,1.0,0.0,0.0,6.0,3.9,1.57
I1,2017-02-07,Roma,Fiorentina,1788.47,1702.33,6.0,12.0,7.0,11.0,4.0,0.0,H,1.0,0.0,H,23.0,13.0,8.0,2.0,10.0,15.0,6.0,3.0,2.0,3.0,0.0,0.0,1.62,4.0,5.5
I1,2017-02-08,Bologna,Milan,1565.83,1680.66,4.0,7.0,0.0,4.0,0.0,1.0,A,0.0,0.0,D,20.0,5.0,5.0,4.0,13.0,14.0,7.0,9.0,5.0,2.0,0.0,2.0,3.4,3.25,2.25
I1,2017-02-08,Crotone,Juventus,1462.26,1915.11,4.0,4.0,9.0,12.0,0.0,2.0,A,0.0,0.0,D,5.0,17.0,2.0,11.0,13.0,11.0,0.0,1.0,0.0,1.0,0.0,0.0,13.0,6.0,1.22
I1,2017-02-10,Napoli,Genoa,1803.61,1590.17,7.0,13.0,2.0,2.0,2.0,0.0,H,0.0,0.0,D,20.0,6.0,8.0,3.0,7.0,11.0,12.0,4.0,1.0,2.0,0.0,0.0,1.29,5.75,10.0
I1,2017-02-11,Fiorentina,Udinese,1702.33,1566.49,4.0,10.0,4.0,4.0,3.0,0.0,H,1.0,0.0,H,14.0,9.0,6.0,4.0,13.0,15.0,4.0,3.0,2.0,2.0,0.0,0.0,1.67,3.8,5.25
I1,2017-02-12,Cagliari,Juventus,1542.97,1915.11,1.0,4.0,9.0,12.0,0.0,2.0,A,0.0,1.0,A,14.0,13.0,3.0,3.0,20.0,14.0,6.0,1.0,2.0,5.0,1.0,0.0,10.0,5.0,1.33
I1,2017-02-12,Crotone,Roma,1462.26,1788.47,3.0,4.0,6.0,12.0,0.0,2.0,A,0.0,1.0,A,13.0,15.0,4.0,3.0,15.0,14.0,2.0,5.0,0.0,0.0,0.0,0.0,8.5,5.0,1.36
I1,2017-02-12,Inter,Empoli,1699.76,1537.53,6.0,12.0,4.0,8.0,2.0,0.0,H,1.0,0.0,H,19.0,6.0,8.0,3.0,21.0,12.0,9.0,2.0,1.0,2.0,0.0,0.0,1.33,5.0,10.0
I1,2017-02-12,Palermo,Atalanta,1487.97,1652.37,4.0,4.0,7.0,10.0,1.0,3.0,A,1.0,2.0,A,13.0,21.0,5.0,5.0,15.0,12.0,6.0,3.0,3.0,1.0,0.0,0.0,5.0,3.6,1.75
I1,2017-02-12,Sampdoria,Bologna,1573.5,1565.83,6.0,7.0,1.0,7.0,3.0,1.0,H,0.0,1.0,A,18.0,10.0,5.0,2.0,12.0,14.0,11.0,4.0,2.0,4.0,0.0,0.0,1.91,3.5,4.2
I1,2017-02-12,Sassuolo,Chievo,1606.58,1585.82,6.0,10.0,4.0,4.0,1.0,3.0,A,1.0,1.0,D,13.0,19.0,5.0,7.0,16.0,7.0,6.0,3.0,0.0,3.0,1.0,0.0,1.91,3.4,4.33
I1,2017-02-12,Torino,Pescara,1627.57,1436.31,2.0,4.0,0.0,0.0,5.0,3.0,H,3.0,0.0,H,19.0,8.0,9.0,5.0,20.0,12.0,7.0,5.0,1.0,3.0,0.0,0.0,1.36,5.0,8.5
I1,2017-02-13,Lazio,Milan,1688.54,1680.66,3.0,9.0,3.0,4.0,1.0,1.0,D,1.0,0.0,H,23.0,9.0,10.0,4.0,14.0,14.0,5.0,8.0,2.0,2.0,0.0,0.0,1.7,3.8,5.0
I1,2017-02-17,Juventus,Palermo,1922.05,1484.85,9.0,15.0,4.0,4.0,4.0,1.0,H,2.0,0.0,H,14.0,8.0,7.0,3.0,12.0,12.0,8.0,3.0,1.0,1.0,0.0,0.0,1.14,8.0,21.0
I1,2017-02-18,Atalanta,Crotone,1665.82,1451.37,7.0,10.0,0.0,4.0,1.0,0.0,H,0.0,0.0,D,14.0,5.0,3.0,2.0,15.0,18.0,4.0,3.0,2.0,5.0,0.0,0.0,1.25,5.5,15.0
I1,2017-02-18,Empoli,Lazio,1533.55,1693.55,1.0,5.0,4.0,7.0,1.0,2.0,A,0.0,0.0,D,6.0,21.0,2.0,8.0,14.0,7.0,1.0,9.0,3.0,1.0,0.0,0.0,5.5,3.75,1.67
I1,2017-02-19,Bologna,Inter,1539.8,1701.72,0.0,4.0,6.0,12.0,0.0,1.0,A,0.0,0.0,D,8.0,16.0,1.0,5.0,18.0,18.0,1.0,7.0,1.0,4.0,0.0,0.0,4.75,3.5,1.8
I1,2017-02-19,Chievo,Napoli,1598.81,1817.23,7.0,7.0,7.0,13.0,1.0,3.0,A,0.0,2.0,A,13.0,17.0,3.0,6.0,11.0,13.0,6.0,5.0,1.0,0.0,0.0,0.0,8.5,4.2,1.44
I1,2017-02-19,Milan,Fiorentina,1678.34,1703.68,4.0,4.0,6.0,10.0,2.0,1.0,H,2.0,1.0,H,6.0,18.0,4.0,7.0,11.0,13.0,3.0,7.0,3.0,2.0,0.0,0.0,2.15,3.3,3.5
I1,2017-02-19,Pescara,Genoa,1421.62,1577.86,0.0,0.0,1.0,2.0,5.0,0.0,H,3.0,0.0,H,8.0,13.0,6.0,2.0,14.0,15.0,5.0,9.0,2.0,1.0,0.0,0.0,3.5,3.4,2.1
I1,2017-02-19,Roma,Torino,1800.17,1630.55,6.0,12.0,5.0,6.0,4.0,1.0,H,2.0,0.0,H,20.0,12.0,7.0,4.0,14.0,9.0,5.0,6.0,0.0,2.0,0.0,0.0,1.44,4.5,7.5
I1,2017-02-19,Sampdoria,Cagliari,1593.66,1535.04,9.0,10.0,1.0,4.0,1.0,1.0,D,1.0,1.0,D,13.0,10.0,2.0,4.0,21.0,23.0,4.0,4.0,4.0,6.0,0.0,0.0,1.67,3.75,5.5
I1,2017-02-19,Udinese,Sassuolo,1563.82,1600.36,4.0,4.0,3.0,9.0,1.0,2.0,A,1.0,0.0,H,10.0,14.0,5.0,6.0,8.0,10.0,7.0,8.0,3.0,2.0,0.0,0.0,2.1,3.3,3.7
I1,2017-02-25,Juventus,Empoli,1922.05,1533.55,9.0,15.0,1.0,4.0,2.0,0.0,H,0.0,0.0,D,24.0,6.0,6.0,1.0,12.0,11.0,3.0,1.0,0.0,1.0,0.0,0.0,1.14,8.5,19.0
I1,2017-02-25,Napoli,Atalanta,1817.23,1665.82,9.0,13.0,9.0,13.0,0.0,2.0,A,0.0,1.0,A,20.0,8.0,8.0,5.0,8.0,10.0,7.0,10.0,1.0,1.0,0.0,1.0,1.57,4.0,6.0
I1,2017-02-26,Chievo,Pescara,1598.81,1421.62,4.0,7.0,3.0,3.0,2.0,0.0,H,1.0,0.0,H,20.0,13.0,8.0,3.0,12.0,16.0,6.0,6.0,3.0,3.0,0.0,0.0,1.83,3.6,4.5
I1,2017-02-26,Crotone,Cagliari,1451.37,1535.04,0.0,3.0,1.0,2.0,1.0,2.0,A,1.0,1.0,D,19.0,7.0,1.0,2.0,14.0,11.0,6.0,1.0,3.0,1.0,0.0,0.0,2.5,3.3,2.88
I1,2017-02-26,Genoa,Bologna,1577.86,1539.8,0.0,2.0,0.0,1.0,1.0,1.0,D,0.0,0.0,D,20.0,13.0,6.0,4.0,15.0,6.0,6.0,2.0,1.0,1.0,0.0,1.0,2.0,3.3,4.2
I1,2017-02-26,Inter,Roma,1701.72,1800.17,6.0,12.0,9.0,12.0,1.0,3.0,A,0.0,1.0,A,13.0,12.0,3.0,5.0,12.0,22.0,10.0,2.0,2.0,2.0,0.0,0.0,2.5,3.4,2.8
I1,2017-02-26,Lazio,Udinese,1693.55,1563.82,7.0,7.0,1.0,4.0,1.0,0.0,H,0.0,0.0,D,8.0,13.0,2.0,3.0,13.0,17.0,5.0,6.0,2.0,3.0,0.0,0.0,1.44,4.5,7.5
I1,2017-02-26,Palermo,Sampdoria,1484.85,1593.66,3.0,4.0,7.0,10.0,1.0,1.0,D,1.0,0.0,H,16.0,11.0,6.0,3.0,11.0,15.0,7.0,5.0,2.0,2.0,0.0,0.0,3.2,3.1,2.4
I1,2017-02-26,Sassuolo,Milan,1600.36,1678.34,6.0,9.0,7.0,7.0,0.0,1.0,A,0.0,1.0,A,12.0,13.0,5.0,6.0,20.0,17.0,14.0,8.0,6.0,3.0,0.0,0.0,2.88,3.3,2.55
I1,2017-02-27,Fiorentina,Torino,1703.68,1630.55,3.0,7.0,4.0,5.0,2.0,2.0,D,2.0,0.0,H,19.0,13.0,7.0,5.0,17.0,11.0,9.0,6.0,1.0,2.0,0.0,0.0,1.85,3.75,4.2
I1,2017-03-04,Milan,Chievo,1696.64,1599.8,7.0,10.0,6.0,10.0,3.0,1.0,H,1.0,1.0,D,22.0,9.0,6.0,3.0,17.0,15.0,11.0,7.0,2.0,1.0,0.0,0.0,1.57,4.0,6.25
I1,2017-03-04,Roma,Napoli,1832.37,1805.88,9.0,12.0,6.0,10.0,1.0,2.0,A,0.0,1.0,A,22.0,13.0,4.0,4.0,11.0,12.0,6.0,6.0,3.0,2.0,0.0,0.0,2.05,3.5,3.6
I1,2017-03-04,Sampdoria,Pescara,1592.47,1443.17,5.0,11.0,3.0,3.0,3.0,1.0,H,1.0,1.0,D,19.0,11.0,7.0,4.0,18.0,12.0,7.0,2.0,0.0,2.0,0.0,0.0,1.67,4.2,4.75
I1,2017-03-05,Atalanta,Fiorentina,1690.45,1686.43,9.0,13.0,4.0,7.0,0.0,0.0,D,0.0,0.0,D,16.0,9.0,4.0,2.0,18.0,15.0,9.0,5.0,2.0,4.0,0.0,0.0,1.91,3.6,4.0
I1,2017-03-05,Bologna,Lazio,1539.95,1706.03,1.0,1.0,7.0,10.0,0.0,2.0,A,0.0,1.0,A,9.0,13.0,3.0,6.0,9.0,19.0,1.0,6.0,2.0,1.0,0.0,0.0,4.33,3.75,1.8
I1,2017-03-05,Cagliari,Inter,1549.84,1700.97,4.0,5.0,6.0,9.0,1.0,5.0,A,1.0,2.0,A,7.0,22.0,4.0,10.0,10.0,13.0,6.0,11.0,2.0,0.0,0.0,0.0,6.0,4.0,1.57
I1,2017-03-05,Crotone,Sassuolo,1444.91,1604.69,0.0,0.0,3.0,6.0,0.0,0.0,D,0.0,0.0,D,16.0,9.0,1.0,1.0,15.0,11.0,8.0,9.0,3.0,1.0,0.0,0.0,3.4,3.25,2.25
I1,2017-03-05,Empoli,Genoa,1529.77,1555.9,0.0,1.0,1.0,2.0,0.0,2.0,A,0.0,0.0,D,7.0,8.0,2.0,4.0,7.0,23.0,3.0,1.0,3.0,2.0,0.0,0.0,2.63,3.0,3.0
I1,2017-03-05,Torino,Palermo,1633.55,1487.93,4.0,6.0,1.0,5.0,3.0,1.0,H,0.0,1.0,A,25.0,7.0,6.0,3.0,14.0,12.0,10.0,1.0,0.0,2.0,0.0,1.0,1.5,4.2,7.0
I1,2017-03-05,Udinese,Juventus,1555.04,1934.87,0.0,4.0,9.0,15.0,1.0,1.0,D,1.0,0.0,H,10.0,9.0,5.0,3.0,17.0,20.0,3.0,7.0,2.0,2.0,0.0,0.0,7.5,4.0,1.5
I1,2017-03-10,Juventus,Milan,1934.87,1696.64,7.0,13.0,9.0,13.0,2.0,1.0,H,1.0,1.0,D,24.0,6.0,11.0,2.0,8.0,21.0,10.0,2.0,3.0,4.0,0.0,1.0,1.4,4.5,9.0
I1,2017-03-11,Genoa,Sampdoria,1555.9,1592.47,4.0,4.0,5.0,11.0,0.0,1.0,A,0.0,0.0,D,7.0,13.0,3.0,4.0,16.0,6.0,5.0,2.0,4.0,4.0,0.0,0.0,2.63,3.2,2.8
I1,2017-03-12,Chievo,Empoli,1599.8,1529.77,3.0,7.0,0.0,1.0,4.0,0.0,H,2.0,0.0,H,13.0,12.0,9.0,4.0,16.0,18.0,2.0,6.0,0.0,1.0,0.0,0.0,2.05,3.25,4.0
I1,2017-03-12,Fiorentina,Cagliari,1686.43,1549.84,2.0,5.0,4.0,4.0,1.0,0.0,H,0.0,0.0,D,26.0,12.0,9.0,5.0,8.0,8.0,8.0,3.0,2.0,1.0,0.0,0.0,1.44,4.75,7.0
I1,2017-03-12,Inter,Atalanta,1700.97,1690.45,6.0,9.0,7.0,13.0,7.0,1.0,H,5.0,1.0,H,12.0,10.0,8.0,3.0,19.0,16.0,6.0,7.0,3.0,4.0,0.0,0.0,1.85,3.6,4.5
I1,2017-03-12,Napoli,Crotone,1805.88,1444.91,6.0,12.0,1.0,1.0,3.0,0.0,H,1.0,0.0,H,15.0,6.0,6.0,2.0,10.0,10.0,10.0,2.0,1.0,3.0,0.0,0.0,1.14,8.0,21.0
I1,2017-03-12,Palermo,Roma,1487.93,1832.37,1.0,4.0,6.0,12.0,0.0,3.0,A,0.0,1.0,A,9.0,15.0,3.0,5.0,12.0,12.0,5.0,4.0,2.0,3.0,0.0,0.0,8.0,4.75,1.4
I1,2017-03-12,Pescara,Udinese,1443.17,1555.04,3.0,3.0,1.0,2.0,1.0,3.0,A,0.0,1.0,A,12.0,10.0,3.0,6.0,12.0,14.0,4.0,3.0,2.0,3.0,0.0,0.0,2.9,3.5,2.4
I1,2017-03-12,Sassuolo,Bologna,1604.69,1539.95,4.0,7.0,1.0,1.0,0.0,1.0,A,0.0,0.0,D,13.0,11.0,5.0,1.0,20.0,15.0,7.0,7.0,3.0,5.0,0.0,0.0,1.91,3.5,4.2
I1,2017-03-13,Lazio,Torino,1706.03,1633.55,9.0,13.0,4.0,8.0,3.0,1.0,H,0.0,0.0,D,23.0,6.0,5.0,2.0,20.0,11.0,6.0,2.0,3.0,1.0,0.0,0.0,1.57,4.2,5.75
I1,2017-03-18,Milan,Genoa,1696.18,1555.91,6.0,10.0,4.0,4.0,1.0,0.0,H,1.0,0.0,H,20.0,8.0,5.0,2.0,7.0,14.0,5.0,5.0,1.0,2.0,0.0,0.0,1.7,3.8,5.0
I1,2017-03-18,Torino,Inter,1627.65,1722.66,4.0,7.0,6.0,12.0,2.0,2.0,D,1.0,1.0,D,17.0,19.0,5.0,4.0,19.0,10.0,5.0,8.0,1.0,0.0,0.0,0.0,3.7,3.75,1.95
I1,2017-03-19,Atalanta,Pescara,1670.23,1425.37,4.0,10.0,0.0,3.0,3.0,0.0,H,1.0,0.0,H,18.0,6.0,7.0,1.0,19.0,15.0,7.0,5.0,2.0,2.0,0.0,0.0,1.25,6.0,12.0
I1,2017-03-19,Bologna,Chievo,1539.54,1599.11,4.0,4.0,6.0,9.0,4.0,1.0,H,0.0,1.0,A,18.0,11.0,5.0,4.0,19.0,16.0,8.0,3.0,2.0,3.0,0.0,0.0,2.3,3.1,3.4
I1,2017-03-19,Cagliari,Lazio,1530.8,1716.25,3.0,4.0,9.0,13.0,0.0,0.0,D,0.0,0.0,D,4.0,14.0,1.0,4.0,11.0,14.0,3.0,9.0,3.0,2.0,0.0,0.0,6.0,4.2,1.55
I1,2017-03-19,Crotone,Fiorentina,1441.57,1687.55,1.0,1.0,5.0,8.0,0.0,1.0,A,0.0,0.0,D,11.0,27.0,1.0,10.0,16.0,14.0,2.0,1.0,1.0,1.0,0.0,0.0,5.5,3.75,1.67
I1,2017-03-19,Empoli,Napoli,1503.1,1811.31,0.0,0.0,6.0,12.0,2.0,3.0,A,0.0,3.0,A,10.0,11.0,4.0,6.0,25.0,16.0,2.0,1.0,3.0,4.0,0.0,0.0,11.0,5.5,1.29
I1,2017-03-19,Roma,Sassuolo,1811.23,1586.3,6.0,12.0,1.0,4.0,3.0,1.0,H,2.0,1.0,H,22.0,9.0,8.0,4.0,6.0,9.0,11.0,7.0,1.0,2.0,0.0,0.0,1.22,6.0,15.0
I1,2017-03-19,Sampdoria,Juventus,1601.77,1927.48,7.0,11.0,7.0,13.0,0.0,1.0,A,0.0,1.0,A,10.0,9.0,5.0,5.0,6.0,10.0,2.0,5.0,1.0,1.0,0.0,0.0,7.0,4.0,1.53
I1,2017-03-19,Udinese,Palermo,1567.45,1475.05,4.0,4.0,1.0,1.0,4.0,1.0,H,1.0,1.0,D,13.0,6.0,10.0,2.0,16.0,20.0,5.0,5.0,3.0,2.0,0.0,1.0,1.62,3.8,6.0
I1,2017-04-01,Roma,Empoli,1808.79,1498.8,6.0,12.0,0.0,0.0,2.0,0.0,H,1.0,0.0,H,20.0,12.0,5.0,3.0,17.0,6.0,14.0,4.0,0.0,1.0,0.0,0.0,1.17,7.5,17.0
I1,2017-04-01,Sassuolo,Lazio,1582.02,1711.86,1.0,4.0,7.0,13.0,1.0,2.0,A,1.0,1.0,D,9.0,12.0,3.0,4.0,13.0,12.0,2.0,3.0,2.0,4.0,0.0,0.0,4.5,3.75,1.8
I1,2017-04-02,Chievo,Crotone,1584.17,1436.18,3.0,6.0,1.0,1.0,1.0,2.0,A,0.0,0.0,D,16.0,16.0,4.0,7.0,9.0,9.0,2.0,8.0,2.0,2.0,0.0,0.0,1.85,3.5,4.5
I1,2017-04-02,Fiorentina,Bologna,1690.21,1551.74,7.0,8.0,6.0,7.0,1.0,0.0,H,0.0,0.0,D,18.0,5.0,6.0,1.0,12.0,13.0,11.0,1.0,3.0,2.0,0.0,0.0,1.5,4.2,7.0
I1,2017-04-02,Genoa,Atalanta,1551.29,1671.97,3.0,4.0,4.0,10.0,0.0,5.0,A,0.0,2.0,A,8.0,22.0,4.0,13.0,14.0,16.0,3.0,7.0,3.0,1.0,1.0,0.0,3.8,3.4,2.05
I1,2017-04-02,Napoli,Juventus,1812.87,1928.91,9.0,12.0,7.0,13.0,1.0,1.0,D,0.0,1.0,A,17.0,4.0,4.0,1.0,11.0,9.0,5.0,2.0,1.0,0.0,0.0,0.0,2.38,3.3,3.1
I1,2017-04-02,Palermo,Cagliari,1466.56,1532.47,0.0,1.0,1.0,5.0,1.0,3.0,A,1.0,0.0,H,14.0,17.0,5.0,9.0,13.0,15.0,13.0,4.0,3.0,1.0,0.0,0.0,2.25,3.4,3.25
I1,2017-04-02,Pescara,Milan,1420.9,1698.07,0.0,3.0,6.0,12.0,1.0,1.0,D,1.0,1.0,D,8.0,26.0,3.0,5.0,26.0,9.0,5.0,7.0,5.0,3.0,0.0,0.0,6.0,4.33,1.53
I1,2017-04-02,Torino,Udinese,1626.84,1573.22,4.0,5.0,7.0,7.0,2.0,2.0,D,0.0,0.0,D,22.0,8.0,7.0,3.0,14.0,16.0,13.0,2.0,1.0,3.0,0.0,0.0,1.85,3.75,4.2
I1,2017-04-03,Inter,Sampdoria,1720.74,1597.62,7.0,10.0,6.0,8.0,1.0,2.0,A,1.0,0.0,H,18.0,11.0,5.0,3.0,14.0,12.0,16.0,2.0,2.0,0.0,0.0,0.0,1.33,5.5,9.0
I1,2017-04-08,Atalanta,Sassuolo,1671.97,1582.02,6.0,10.0,0.0,1.0,1.0,1.0,D,0.0,1.0,A,18.0,4.0,7.0,2.0,13.0,15.0,11.0,2.0,3.0,4.0,0.0,0.0,1.45,4.5,7.0
I1,2017-04-08,Empoli,Pescara,1498.8,1420.9,0.0,0.0,1.0,1.0,1.0,1.0,D,1.0,1.0,D,14.0,14.0,4.0,4.0,15.0,15.0,7.0,5.0,2.0,3.0,0.0,0.0,1.83,3.75,4.2
I1,2017-04-08,Juventus,Chievo,1928.91,1584.17,7.0,11.0,3.0,6.0,2.0,0.0,H,1.0,0.0,H,17.0,10.0,6.0,3.0,8.0,12.0,10.0,2.0,1.0,2.0,0.0,0.0,1.25,6.0,12.0
I1,2017-04-09,Bologna,Roma,1551.74,1808.79,6.0,7.0,9.0,12.0,0.0,3.0,A,0.0,2.0,A,13.0,11.0,4.0,5.0,14.0,9.0,6.0,5.0,3.0,2.0,0.0,0.0,7.0,4.75,1.44
I1,2017-04-09,Cagliari,Torino,1532.47,1626.84,4.0,7.0,2.0,6.0,2.0,3.0,A,1.0,2.0,A,10.0,13.0,2.0,5.0,22.0,13.0,5.0,2.0,2.0,3.0,0.0,1.0,3.0,3.5,2.3
I1,2017-04-09,Crotone,Inter,1436.18,1720.74,3.0,4.0,4.0,7.0,2.0,1.0,H,2.0,0.0,H,12.0,17.0,7.0,4.0,15.0,14.0,3.0,7.0,4.0,2.0,0.0,0.0,10.0,5.0,1.33
I1,2017-04-09,Lazio,Napoli,1711.86,1812.87,7.0,13.0,7.0,10.0,0.0,3.0,A,0.0,1.0,A,17.0,12.0,5.0,7.0,10.0,7.0,3.0,4.0,3.0,3.0,0.0,0.0,2.7,3.6,2.5
I1,2017-04-09,Milan,Palermo,1698.07,1466.56,4.0,10.0,0.0,1.0,4.0,0.0,H,3.0,0.0,H,14.0,8.0,10.0,2.0,10.0,14.0,8.0,5.0,1.0,2.0,0.0,1.0,1.25,6.0,12.0
I1,2017-04-09,Sampdoria,Fiorentina,1597.62,1690.21,6.0,10.0,9.0,11.0,2.0,2.0,D,1.0,0.0,H,10.0,19.0,4.0,4.0,19.0,15.0,4.0,10.0,2.0,1.0,0.0,0.0,3.0,3.5,2.3
I1,2017-04-09,Udinese,Genoa,1573.22,1551.29,7.0,8.0,0.0,4.0,3.0,0.0,H,2.0,0.0,H,9.0,13.0,3.0,3.0,13.0,13.0,7.0,5.0,2.0,2.0,0.0,0.0,1.8,3.7,4.5
I1,2017-04-15,Cagliari,Chievo,1542.89,1575.37,4.0,4.0,0.0,3.0,4.0,0.0,H,3.0,0.0,H,23.0,16.0,11.0,2.0,20.0,16.0,1.0,4.0,2.0,2.0,0.0,0.0,2.2,3.3,3.3
I1,2017-04-15,Fiorentina,Empoli,1699.53,1499.51,7.0,11.0,1.0,1.0,1.0,2.0,A,0.0,1.0,A,18.0,11.0,7.0,5.0,17.0,18.0,8.0,7.0,4.0,5.0,1.0,0.0,1.33,5.0,9.0
I1,2017-04-15,Genoa,Lazio,1533.01,1712.31,0.0,3.0,4.0,10.0,2.0,2.0,D,1.0,1.0,D,13.0,21.0,6.0,6.0,15.0,13.0,7.0,7.0,4.0,4.0,0.0,0.0,5.0,3.75,1.67
I1,2017-04-15,Inter,Milan,1701.6,1703.08,1.0,7.0,7.0,10.0,2.0,2.0,D,2.0,0.0,H,10.0,14.0,4.0,6.0,11.0,10.0,2.0,8.0,3.0,2.0,0.0,0.0,2.0,3.4,3.75
I1,2017-04-15,Napoli,Udinese,1832.95,1592.28,7.0,13.0,7.0,11.0,3.0,0.0,H,0.0,0.0,D,19.0,7.0,6.0,2.0,8.0,8.0,15.0,2.0,0.0,1.0,0.0,0.0,1.22,6.0,13.0
I1,2017-04-15,Palermo,Bologna,1457.33,1548.34,0.0,0.0,3.0,6.0,0.0,0.0,D,0.0,0.0,D,16.0,7.0,2.0,4.0,14.0,10.0,3.0,5.0,4.0,2.0,0.0,1.0,2.55,3.2,2.8
I1,2017-04-15,Pescara,Juventus,1436.3,1953.72,2.0,2.0,7.0,11.0,0.0,2.0,A,0.0,2.0,A,6.0,14.0,2.0,7.0,19.0,12.0,2.0,1.0,4.0,1.0,0.0,0.0,9.0,5.75,1.29
I1,2017-04-15,Roma,Atalanta,1823.26,1688.87,9.0,12.0,7.0,8.0,1.0,1.0,D,0.0,1.0,A,21.0,6.0,5.0,1.0,8.0,21.0,11.0,3.0,2.0,3.0,0.0,0.0,1.5,4.33,6.0
I1,2017-04-15,Sassuolo,Sampdoria,1586.45,1616.97,1.0,2.0,4.0,10.0,2.0,1.0,H,0.0,1.0,A,8.0,13.0,3.0,3.0,13.0,14.0,11.0,6.0,3.0,2.0,0.0,0.0,2.1,3.5,3.3
I1,2017-04-15,Torino,Crotone,1637.12,1468.9,5.0,8.0,6.0,7.0,1.0,1.0,D,0.0,0.0,D,24.0,8.0,8.0,1.0,12.0,12.0,11.0,5.0,2.0,3.0,0.0,0.0,1.53,4.0,6.0
I1,2017-04-22,Atalanta,Bologna,1688.87,1548.34,5.0,8.0,1.0,7.0,3.0,2.0,H,2.0,1.0,H,5.0,11.0,3.0,6.0,17.0,19.0,3.0,3.0,2.0,3.0,0.0,0.0,1.36,5.0,8.5
I1,2017-04-22,Fiorentina,Inter,1699.53,1701.6,4.0,10.0,1.0,5.0,5.0,4.0,H,1.0,2.0,A,13.0,10.0,9.0,6.0,10.0,11.0,7.0,10.0,3.0,1.0,0.0,0.0,2.7,3.4,2.63
I1,2017-04-23,Chievo,Torino,1575.37,1637.12,0.0,3.0,5.0,6.0,1.0,3.0,A,0.0,0.0,D,13.0,22.0,3.0,5.0,12.0,11.0,5.0,9.0,1.0,1.0,0.0,0.0,3.0,3.5,2.25
I1,2017-04-23,Juventus,Genoa,1953.72,1533.01,7.0,13.0,1.0,1.0,4.0,0.0,H,3.0,0.0,H,18.0,11.0,4.0,2.0,10.0,13.0,4.0,2.0,0.0,1.0,0.0,0.0,1.18,7.0,17.0
I1,2017-04-23,Lazio,Palermo,1712.31,1457.33,4.0,8.0,1.0,1.0,6.0,2.0,H,5.0,0.0,H,17.0,7.0,7.0,2.0,10.0,8.0,5.0,2.0,1.0,1.0,0.0,0.0,1.14,8.0,21.0
I1,2017-04-23,Milan,Empoli,1703.08,1499.51,5.0,8.0,4.0,4.0,1.0,2.0,A,0.0,1.0,A,28.0,11.0,12.0,7.0,15.0,17.0,10.0,4.0,3.0,4.0,0.0,0.0,1.36,4.75,9.5
I1,2017-04-23,Sampdoria,Crotone,1616.97,1468.9,4.0,7.0,7.0,7.0,1.0,2.0,A,1.0,0.0,H,10.0,14.0,5.0,6.0,9.0,13.0,5.0,9.0,2.0,3.0,0.0,0.0,1.91,3.5,4.2
I1,2017-04-23,Sassuolo,Napoli,1586.45,1832.95,4.0,4.0,7.0,13.0,2.0,2.0,D,0.0,0.0,D,8.0,20.0,4.0,6.0,9.0,16.0,2.0,9.0,3.0,1.0,0.0,0.0,9.5,4.75,1.36
I1,2017-04-23,Udinese,Cagliari,1592.28,1542.89,4.0,10.0,6.0,7.0,2.0,1.0,H,0.0,0.0,D,18.0,12.0,5.0,3.0,11.0,15.0,7.0,2.0,1.0,1.0,0.0,0.0,1.85,3.5,4.5
I1,2017-04-24,Pescara,Roma,1436.3,1823.26,2.0,2.0,7.0,13.0,1.0,4.0,A,0.0,2.0,A,16.0,23.0,4.0,6.0,10.0,12.0,9.0,5.0,2.0,0.0,0.0,0.0,11.0,6.5,1.22
I1,2017-04-28,Atalanta,Juventus,1688.87,1953.72,5.0,11.0,9.0,13.0,2.0,2.0,D,1.0,0.0,H,13.0,16.0,7.0,8.0,13.0,9.0,7.0,10.0,3.0,2.0,0.0,0.0,3.75,3.4,2.05
I1,2017-04-29,Torino,Sampdoria,1637.12,1616.97,7.0,9.0,1.0,4.0,1.0,1.0,D,0.0,1.0,A,25.0,7.0,5.0,4.0,12.0,9.0,4.0,3.0,1.0,2.0,0.0,0.0,1.62,4.2,5.25
I1,2017-04-30,Bologna,Udinese,1548.34,1592.28,1.0,4.0,6.0,10.0,4.0,0.0,H,2.0,0.0,H,11.0,6.0,6.0,2.0,13.0,13.0,5.0,10.0,1.0,3.0,0.0,0.0,2.38,3.3,3.0
I1,2017-04-30,Cagliari,Pescara,1542.89,1436.3,3.0,7.0,1.0,2.0,1.0,0.0,H,1.0,0.0,H,15.0,14.0,4.0,8.0,16.0,17.0,3.0,5.0,1.0,4.0,0.0,0.0,1.62,4.2,5.25
I1,2017-04-30,Crotone,Milan,1468.9,1703.08,7.0,10.0,4.0,8.0,1.0,1.0,D,1.0,0.0,H,11.0,13.0,3.0,7.0,17.0,14.0,6.0,11.0,3.0,1.0,0.0,1.0,4.0,3.5,1.95
I1,2017-04-30,Empoli,Sassuolo,1499.51,1586.45,7.0,7.0,5.0,5.0,1.0,3.0,A,1.0,2.0,A,18.0,11.0,9.0,6.0,11.0,13.0,12.0,4.0,2.0,3.0,0.0,0.0,2.1,3.4,3.6
I1,2017-04-30,Genoa,Chievo,1533.01,1575.37,1.0,1.0,0.0,0.0,1.0,2.0,A,1.0,0.0,H,15.0,8.0,1.0,2.0,15.0,16.0,3.0,4.0,1.0,2.0,0.0,1.0,1.67,3.75,5.5
I1,2017-04-30,Inter,Napoli,1701.6,1832.95,1.0,2.0,7.0,11.0,0.0,1.0,A,0.0,1.0,A,14.0,16.0,3.0,4.0,9.0,9.0,8.0,4.0,2.0,2.0,0.0,0.0,3.1,3.4,2.3
I1,2017-04-30,Palermo,Fiorentina,1457.33,1699.53,1.0,1.0,4.0,10.0,2.0,0.0,H,1.0,0.0,H,10.0,13.0,2.0,3.0,10.0,9.0,1.0,9.0,2.0,2.0,0.0,1.0,8.0,4.75,1.4
I1,2017-04-30,Roma,Lazio,1823.26,1712.31,7.0,13.0,4.0,8.0,1.0,3.0,A,1.0,1.0,D,12.0,14.0,6.0,7.0,10.0,10.0,8.0,5.0,0.0,4.0,1.0,0.0,1.85,3.75,4.2
I1,2017-05-06,Juventus,Torino,1958.5,1641.1,7.0,11.0,5.0,9.0,1.0,1.0,D,0.0,0.0,D,22.0,9.0,5.0,2.0,15.0,11.0,12.0,1.0,3.0,2.0,0.0,1.0,1.5,4.33,7.0
I1,2017-05-06,Napoli,Cagliari,1839.62,1556.89,7.0,11.0,6.0,9.0,3.0,1.0,H,1.0,0.0,H,28.0,8.0,9.0,3.0,4.0,6.0,7.0,2.0,1.0,0.0,0.0,0.0,1.13,9.0,21.0
I1,2017-05-07,Chievo,Palermo,1561.43,1473.25,3.0,3.0,4.0,4.0,1.0,1.0,D,0.0,0.0,D,5.0,15.0,2.0,5.0,20.0,20.0,5.0,7.0,3.0,3.0,0.0,0.0,1.67,4.0,5.0
I1,2017-05-07,Empoli,Bologna,1518.58,1561.47,6.0,7.0,4.0,4.0,3.0,1.0,H,2.0,1.0,H,20.0,6.0,8.0,3.0,20.0,18.0,5.0,1.0,1.0,2.0,0.0,0.0,1.7,3.8,5.0
I1,2017-05-07,Genoa,Inter,1527.05,1688.9,1.0,1.0,1.0,1.0,1.0,0.0,H,0.0,0.0,D,10.0,11.0,5.0,4.0,16.0,26.0,4.0,3.0,4.0,2.0,0.0,1.0,4.75,3.8,1.75
I1,2017-05-07,Lazio,Sampdoria,1732.2,1601.91,7.0,10.0,1.0,5.0,7.0,3.0,H,5.0,1.0,H,19.0,8.0,11.0,7.0,13.0,6.0,11.0,2.0,0.0,1.0,0.0,1.0,1.22,6.5,13.0
I1,2017-05-07,Milan,Roma,1688.88,1805.43,2.0,6.0,4.0,10.0,1.0,4.0,A,0.0,2.0,A,13.0,24.0,2.0,10.0,12.0,9.0,9.0,7.0,4.0,1.0,1.0,0.0,3.25,3.8,2.1
I1,2017-05-07,Pescara,Crotone,1430.32,1493.54,0.0,2.0,5.0,11.0,0.0,1.0,A,0.0,0.0,D,10.0,13.0,2.0,3.0,15.0,21.0,5.0,6.0,3.0,2.0,1.0,0.0,5.0,4.4,1.6
I1,2017-05-07,Sassuolo,Fiorentina,1611.44,1676.48,7.0,8.0,3.0,7.0,2.0,2.0,D,0.0,1.0,A,12.0,13.0,8.0,6.0,16.0,19.0,10.0,6.0,5.0,2.0,0.0,1.0,3.1,3.6,2.2
I1,2017-05-07,Udinese,Atalanta,1580.98,1704.41,3.0,7.0,5.0,9.0,1.0,1.0,D,0.0,1.0,A,12.0,9.0,5.0,4.0,15.0,19.0,3.0,5.0,4.0,3.0,0.0,0.0,4.5,3.7,1.8
I1,2017-05-13,Atalanta,Milan,1704.41,1688.88,5.0,7.0,1.0,5.0,1.0,1.0,D,1.0,0.0,H,14.0,13.0,7.0,4.0,11.0,8.0,10.0,5.0,2.0,1.0,0.0,0.0,2.05,3.5,3.6
I1,2017-05-13,Fiorentina,Lazio,1676.48,1732.2,4.0,5.0,9.0,10.0,3.0,2.0,H,0.0,0.0,D,18.0,14.0,9.0,5.0,14.0,17.0,4.0,6.0,2.0,3.0,0.0,0.0,1.95,3.8,3.6
I1,2017-05-14,Bologna,Pescara,1561.47,1430.32,3.0,4.0,0.0,1.0,3.0,1.0,H,1.0,1.0,D,15.0,15.0,7.0,4.0,9.0,13.0,9.0,5.0,2.0,2.0,0.0,0.0,1.5,4.2,6.5
I1,2017-05-14,Cagliari,Empoli,1556.89,1518.58,3.0,6.0,6.0,10.0,3.0,2.0,H,3.0,0.0,H,15.0,12.0,6.0,3.0,17.0,11.0,1.0,5.0,2.0,2.0,0.0,0.0,2.9,3.7,2.3
I1,2017-05-14,Crotone,Udinese,1493.54,1580.98,7.0,11.0,4.0,7.0,1.0,0.0,H,1.0,0.0,H,11.0,13.0,7.0,4.0,13.0,10.0,4.0,8.0,2.0,2.0,0.0,0.0,1.8,3.5,4.75
I1,2017-05-14,Inter,Sassuolo,1688.9,1611.44,0.0,1.0,5.0,9.0,1.0,2.0,A,0.0,1.0,A,23.0,12.0,7.0,4.0,13.0,13.0,15.0,2.0,3.0,1.0,0.0,0.0,1.44,4.75,6.75
I1,2017-05-14,Palermo,Genoa,1473.25,1527.05,4.0,5.0,3.0,4.0,1.0,0.0,H,1.0,0.0,H,10.0,13.0,3.0,3.0,18.0,18.0,3.0,9.0,1.0,1.0,0.0,0.0,5.0,4.0,1.67
I1,2017-05-14,Roma,Juventus,1805.43,1958.5,6.0,10.0,5.0,11.0,3.0,1.0,H,1.0,1.0,D,14.0,16.0,7.0,5.0,9.0,6.0,5.0,6.0,3.0,2.0,0.0,0.0,2.5,3.4,2.88
I1,2017-05-14,Sampdoria,Chievo,1601.91,1561.43,1.0,2.0,4.0,4.0,1.0,1.0,D,1.0,0.0,H,12.0,7.0,3.0,1.0,17.0,14.0,5.0,1.0,2.0,4.0,0.0,0.0,1.8,3.8,4.33
I1,2017-05-14,Torino,Napoli,1641.1,1839.62,5.0,9.0,7.0,13.0,0.0,5.0,A,0.0,1.0,A,10.0,15.0,1.0,6.0,12.0,9.0,2.0,7.0,2.0,1.0,0.0,0.0,6.0,4.5,1.5
I1,2017-05-20,Chievo,Roma,1564.51,1835.78,5.0,5.0,6.0,10.0,3.0,5.0,A,2.0,2.0,D,11.0,19.0,4.0,11.0,11.0,11.0,3.0,6.0,2.0,0.0,0.0,0.0,13.0,6.5,1.22
I1,2017-05-20,Napoli,Fiorentina,1856.6,1688.62,9.0,13.0,4.0,7.0,4.0,1.0,H,2.0,0.0,H,19.0,14.0,9.0,5.0,10.0,8.0,5.0,6.0,2.0,1.0,0.0,0.0,1.25,6.5,10.0
I1,2017-05-21,Empoli,Atalanta,1527.91,1704.54,3.0,9.0,3.0,7.0,0.0,1.0,A,0.0,1.0,A,8.0,13.0,3.0,5.0,16.0,17.0,6.0,5.0,3.0,2.0,0.0,0.0,2.3,3.4,3.1
I1,2017-05-21,Genoa,Torino,1533.82,1643.0,3.0,4.0,2.0,6.0,2.0,1.0,H,1.0,0.0,H,8.0,4.0,4.0,1.0,17.0,20.0,4.0,5.0,2.0,5.0,0.0,0.0,2.05,3.3,3.8
I1,2017-05-21,Juventus,Crotone,1952.62,1514.56,2.0,8.0,7.0,11.0,3.0,0.0,H,2.0,0.0,H,19.0,9.0,7.0,2.0,13.0,14.0,9.0,2.0,1.0,1.0,0.0,0.0,1.17,7.5,17.0
I1,2017-05-21,Lazio,Inter,1735.89,1671.57,6.0,10.0,0.0,1.0,1.0,3.0,A,1.0,2.0,A,7.0,9.0,1.0,3.0,18.0,14.0,6.0,6.0,2.0,2.0,2.0,0.0,2.0,3.5,3.75
I1,2017-05-21,Milan,Bologna,1684.18,1560.22,2.0,3.0,6.0,7.0,3.0,0.0,H,0.0,0.0,D,23.0,8.0,6.0,0.0,9.0,8.0,10.0,3.0,2.0,2.0,0.0,0.0,1.36,5.0,8.5
I1,2017-05-21,Sassuolo,Cagliari,1627.12,1564.8,7.0,11.0,6.0,9.0,6.0,2.0,H,4.0,1.0,H,13.0,14.0,8.0,6.0,13.0,22.0,4.0,10.0,1.0,5.0,0.0,0.0,1.8,3.8,4.33
I1,2017-05-21,Udinese,Sampdoria,1578.4,1596.16,1.0,4.0,2.0,2.0,1.0,1.0,D,1.0,0.0,H,12.0,8.0,3.0,4.0,9.0,11.0,6.0,5.0,1.0,2.0,2.0,1.0,2.1,3.5,3.5
I1,2017-05-22,Pescara,Palermo,1421.32,1489.54,0.0,0.0,7.0,8.0,2.0,0.0,H,1.0,0.0,H,12.0,12.0,4.0,3.0,18.0,10.0,2.0,2.0,2.0,0.0,0.0,0.0,2.3,3.5,3.0
I1,2017-05-27,Atalanta,Chievo,1704.54,1564.51,5.0,9.0,2.0,5.0,1.0,0.0,H,0.0,0.0,D,13.0,6.0,6.0,3.0,15.0,8.0,6.0,5.0,1.0,0.0,0.0,0.0,1.29,6.0,9.5
I1,2017-05-27,Bologna,Juventus,1560.22,1952.62,3.0,6.0,4.0,8.0,1.0,2.0,A,0.0,0.0,D,8.0,17.0,2.0,7.0,17.0,8.0,3.0,10.0,3.0,1.0,0.0,0.0,4.5,4.0,1.73
I1,2017-05-28,Cagliari,Milan,1564.8,1684.18,3.0,6.0,4.0,5.0,2.0,1.0,H,1.0,0.0,H,17.0,18.0,9.0,7.0,16.0,13.0,6.0,6.0,3.0,1.0,0.0,1.0,3.5,4.0,1.95
I1,2017-05-28,Crotone,Lazio,1514.56,1735.89,6.0,10.0,3.0,9.0,3.0,1.0,H,2.0,1.0,H,11.0,9.0,5.0,3.0,13.0,13.0,3.0,5.0,3.0,3.0,0.0,1.0,2.05,4.0,3.25
I1,2017-05-28,Fiorentina,Pescara,1688.62,1421.32,4.0,7.0,3.0,3.0,2.0,2.0,D,0.0,1.0,A,24.0,15.0,8.0,6.0,15.0,13.0,6.0,10.0,2.0,1.0,1.0,0.0,1.14,8.0,19.0
I1,2017-05-28,Inter,Udinese,1671.57,1578.4,3.0,3.0,2.0,5.0,5.0,2.0,H,3.0,0.0,H,17.0,17.0,6.0,4.0,15.0,1.0,6.0,7.0,2.0,1.0,0.0,0.0,1.33,5.5,8.5
I1,2017-05-28,Palermo,Empoli,1489.54,1527.91,4.0,7.0,3.0,6.0,2.0,1.0,H,0.0,0.0,D,10.0,17.0,5.0,4.0,18.0,16.0,0.0,7.0,3.0,4.0,0.0,0.0,6.0,4.33,1.53
I1,2017-05-28,Roma,Genoa,1835.78,1533.82,9.0,12.0,6.0,6.0,3.0,2.0,H,1.0,1.0,D,24.0,13.0,7.0,4.0,8.0,14.0,6.0,2.0,2.0,0.0,0.0,0.0,1.06,15.0,34.0
I1,2017-05-28,Sampdoria,Napoli,1596.16,1856.6,2.0,3.0,9.0,13.0,2.0,4.0,A,0.0,2.0,A,12.0,22.0,2.0,7.0,9.0,8.0,5.0,10.0,1.0,0.0,0.0,0.0,15.0,7.5,1.18
I1,2017-05-28,Torino,Sassuolo,1643.0,1627.12,1.0,5.0,7.0,11.0,5.0,3.0,H,3.0,2.0,H,16.0,21.0,9.0,7.0,16.0,6.0,6.0,10.0,2.0,0.0,0.0,0.0,1.6,4.6,4.75
I1,2017-08-19,Juventus,Cagliari,1944.97,1563.13,6.0,8.0,6.0,9.0,3.0,0.0,H,2.0,0.0,H,17.0,5.0,7.0,2.0,13.0,11.0,4.0,1.0,1.0,0.0,0.0,0.0,1.14,8.0,19.0
I1,2017-08-19,Verona,Napoli,1519.99,1864.63,5.0,9.0,9.0,15.0,1.0,3.0,A,0.0,2.0,A,12.0,22.0,4.0,12.0,7.0,9.0,3.0,6.0,2.0,2.0,0.0,1.0,8.0,4.75,1.4
I1,2017-08-20,Atalanta,Roma,1711.44,1840.27,7.0,9.0,9.0,12.0,0.0,1.0,A,0.0,1.0,A,14.0,6.0,6.0,1.0,14.0,16.0,4.0,1.0,1.0,2.0,0.0,0.0,3.2,3.3,2.3
I1,2017-08-20,Bologna,Torino,1550.21,1640.96,3.0,6.0,3.0,5.0,1.0,1.0,D,1.0,1.0,D,13.0,9.0,3.0,3.0,18.0,10.0,0.0,8.0,2.0,1.0,0.0,0.0,3.1,3.3,2.38
I1,2017-08-20,Crotone,Milan,1528.04,1683.4,6.0,10.0,4.0,5.0,0.0,3.0,A,0.0,3.0,A,6.0,19.0,2.0,10.0,9.0,14.0,2.0,9.0,1.0,3.0,1.0,0.0,6.0,4.0,1.57
I1,2017-08-20,Inter,Fiorentina,1692.52,1674.85,6.0,6.0,4.0,5.0,3.0,0.0,H,2.0,0.0,H,16.0,15.0,6.0,3.0,7.0,13.0,9.0,7.0,0.0,1.0,0.0,0.0,1.57,4.0,6.0
I1,2017-08-20,Lazio,Spal,1701.85,1508.67,0.0,6.0,4.0,8.0,0.0,0.0,D,0.0,0.0,D,23.0,9.0,13.0,2.0,20.0,4.0,9.0,5.0,2.0,2.0,0.0,0.0,1.29,5.5,11.0
I1,2017-08-20,Sampdoria,Benevento,1590.99,1478.71,2.0,3.0,7.0,10.0,2.0,1.0,H,1.0,1.0,D,16.0,18.0,6.0,7.0,10.0,10.0,6.0,7.0,1.0,2.0,0.0,0.0,1.67,3.75,5.5
I1,2017-08-20,Sassuolo,Genoa,1626.35,1539.73,6.0,10.0,3.0,6.0,0.0,0.0,D,0.0,0.0,D,14.0,12.0,3.0,4.0,16.0,28.0,2.0,5.0,2.0,3.0,0.0,0.0,2.2,3.25,3.5
I1,2017-08-20,Udinese,Chievo,1568.57,1554.81,1.0,2.0,1.0,5.0,1.0,2.0,A,1.0,1.0,D,18.0,10.0,5.0,3.0,11.0,10.0,5.0,4.0,2.0,2.0,0.0,0.0,2.1,3.2,3.8
I1,2017-08-26,Benevento,Bologna,1478.71,1550.21,6.0,10.0,1.0,4.0,0.0,1.0,A,0.0,0.0,D,15.0,14.0,5.0,4.0,10.0,13.0,6.0,2.0,1.0,3.0,0.0,0.0,2.7,3.2,2.75
I1,2017-08-26,Genoa,Juventus,1539.73,1944.97,4.0,7.0,9.0,10.0,2.0,4.0,A,2.0,2.0,D,9.0,17.0,3.0,7.0,13.0,8.0,1.0,4.0,4.0,3.0,0.0,0.0,9.0,4.5,1.4
I1,2017-08-26,Roma,Inter,1840.27,1692.52,9.0,15.0,9.0,9.0,1.0,3.0,A,1.0,0.0,H,18.0,14.0,3.0,8.0,12.0,8.0,12.0,6.0,1.0,1.0,0.0,0.0,2.3,3.5,3.0
I1,2017-08-27,Chievo,Lazio,1554.81,1701.85,3.0,5.0,1.0,4.0,1.0,2.0,A,1.0,1.0,D,13.0,13.0,5.0,3.0,8.0,8.0,9.0,6.0,1.0,1.0,0.0,0.0,3.5,3.2,2.2
I1,2017-08-27,Crotone,Verona,1528.04,1519.99,3.0,9.0,2.0,8.0,0.0,0.0,D,0.0,0.0,D,13.0,5.0,4.0,0.0,13.0,11.0,1.0,3.0,1.0,3.0,0.0,0.0,2.5,3.2,2.88
I1,2017-08-27,Fiorentina,Sampdoria,1674.85,1590.99,1.0,5.0,4.0,5.0,1.0,2.0,A,0.0,2.0,A,25.0,12.0,10.0,5.0,20.0,11.0,14.0,7.0,3.0,4.0,0.0,0.0,1.8,3.5,4.5
I1,2017-08-27,Milan,Cagliari,1683.4,1563.13,6.0,7.0,3.0,6.0,2.0,1.0,H,1.0,0.0,H,15.0,14.0,5.0,4.0,20.0,17.0,2.0,6.0,2.0,1.0,0.0,0.0,1.22,6.5,13.0
I1,2017-08-27,Napoli,Atalanta,1864.63,1711.44,9.0,15.0,6.0,8.0,3.0,1.0,H,0.0,1.0,A,10.0,14.0,4.0,2.0,15.0,9.0,9.0,6.0,1.0,2.0,0.0,0.0,1.4,4.75,8.0
I1,2017-08-27,Spal,Udinese,1508.67,1568.57,4.0,6.0,1.0,2.0,3.0,2.0,H,1.0,0.0,H,10.0,11.0,4.0,3.0,9.0,14.0,0.0,7.0,3.0,1.0,0.0,0.0,2.5,3.1,2.9
I1,2017-08-27,Torino,Sassuolo,1640.96,1626.35,4.0,5.0,4.0,8.0,3.0,0.0,H,1.0,0.0,H,14.0,19.0,5.0,2.0,13.0,16.0,5.0,11.0,1.0,1.0,0.0,0.0,1.75,3.6,5.0
I1,2017-09-09,Juventus,Chievo,1952.95,1562.67,9.0,12.0,3.0,4.0,3.0,0.0,H,1.0,0.0,H,15.0,15.0,4.0,2.0,10.0,7.0,10.0,6.0,2.0,1.0,0.0,0.0,1.17,7.5,17.0
I1,2017-09-10,Atalanta,Sassuolo,1705.02,1616.29,3.0,7.0,1.0,7.0,2.0,1.0,H,1.0,1.0,D,9.0,16.0,3.0,3.0,13.0,18.0,3.0,7.0,0.0,1.0,0.0,0.0,1.55,4.0,6.5
I1,2017-09-10,Benevento,Torino,1470.79,1654.22,3.0,7.0,7.0,7.0,0.0,1.0,A,0.0,0.0,D,15.0,16.0,5.0,6.0,13.0,22.0,2.0,10.0,2.0,2.0,0.0,0.0,4.33,3.75,1.83
I1,2017-09-10,Bologna,Napoli,1562.83,1884.01,4.0,7.0,9.0,15.0,0.0,3.0,A,0.0,0.0,D,5.0,17.0,2.0,7.0,10.0,16.0,5.0,7.0,5.0,1.0,0.0,0.0,10.0,5.0,1.33
I1,2017-09-10,Cagliari,Crotone,1562.28,1519.75,3.0,6.0,4.0,7.0,1.0,0.0,H,1.0,0.0,H,13.0,9.0,4.0,2.0,16.0,16.0,6.0,4.0,2.0,1.0,0.0,0.0,1.67,3.75,5.5
I1,2017-09-10,Inter,Spal,1724.65,1526.4,9.0,12.0,7.0,8.0,2.0,0.0,H,1.0,0.0,H,19.0,9.0,7.0,1.0,14.0,13.0,8.0,5.0,2.0,2.0,0.0,0.0,1.25,6.0,13.0
I1,2017-09-10,Lazio,Milan,1705.86,1703.97,4.0,4.0,6.0,10.0,4.0,1.0,H,2.0,0.0,H,12.0,18.0,7.0,6.0,14.0,12.0,3.0,5.0,1.0,1.0,0.0,0.0,2.45,3.4,2.9
I1,2017-09-10,Udinese,Genoa,1555.01,1545.53,0.0,1.0,1.0,4.0,1.0,0.0,H,1.0,0.0,H,14.0,12.0,5.0,2.0,12.0,17.0,1.0,8.0,4.0,0.0,1.0,1.0,2.38,3.2,3.2
I1,2017-09-10,Verona,Fiorentina,1522.8,1657.61,2.0,6.0,1.0,4.0,0.0,5.0,A,0.0,3.0,A,14.0,20.0,2.0,10.0,12.0,11.0,8.0,6.0,2.0,1.0,0.0,0.0,3.4,3.3,2.2
I1,2017-09-16,Crotone,Inter,1520.53,1734.13,1.0,4.0,9.0,15.0,0.0,2.0,A,0.0,0.0,D,12.0,7.0,4.0,3.0,10.0,6.0,8.0,6.0,1.0,2.0,0.0,0.0,10.0,5.0,1.33
I1,2017-09-16,Fiorentina,Bologna,1677.87,1564.26,3.0,4.0,4.0,4.0,2.0,1.0,H,0.0,0.0,D,14.0,6.0,4.0,2.0,16.0,8.0,7.0,3.0,1.0,3.0,0.0,0.0,1.55,4.2,6.0
I1,2017-09-16,Roma,Verona,1838.75,1514.66,6.0,12.0,1.0,3.0,3.0,0.0,H,2.0,0.0,H,30.0,8.0,10.0,1.0,7.0,12.0,8.0,1.0,1.0,1.0,0.0,1.0,1.17,7.5,17.0
I1,2017-09-17,Chievo,Atalanta,1567.26,1726.99,3.0,3.0,3.0,9.0,1.0,1.0,D,0.0,0.0,D,15.0,10.0,4.0,6.0,13.0,11.0,6.0,5.0,2.0,0.0,0.0,0.0,3.0,3.2,2.5
I1,2017-09-17,Genoa,Lazio,1545.65,1727.03,1.0,4.0,7.0,7.0,2.0,3.0,A,0.0,1.0,A,5.0,18.0,4.0,6.0,10.0,12.0,2.0,1.0,1.0,2.0,0.0,0.0,3.8,3.5,2.0
I1,2017-09-17,Milan,Udinese,1714.64,1567.02,6.0,9.0,3.0,4.0,2.0,1.0,H,2.0,1.0,H,21.0,4.0,7.0,2.0,13.0,10.0,10.0,3.0,1.0,2.0,0.0,0.0,1.4,4.6,8.5
I1,2017-09-17,Napoli,Benevento,1886.64,1471.71,9.0,15.0,0.0,6.0,6.0,0.0,H,4.0,0.0,H,27.0,6.0,14.0,0.0,6.0,7.0,8.0,1.0,0.0,1.0,0.0,0.0,1.11,10.0,19.0
I1,2017-09-17,Sassuolo,Juventus,1618.13,1953.97,1.0,4.0,9.0,15.0,1.0,3.0,A,0.0,1.0,A,13.0,14.0,4.0,6.0,15.0,13.0,3.0,4.0,1.0,2.0,0.0,0.0,7.5,4.33,1.45
I1,2017-09-17,Spal,Cagliari,1529.04,1573.62,4.0,7.0,3.0,6.0,0.0,2.0,A,0.0,1.0,A,12.0,11.0,3.0,3.0,12.0,21.0,7.0,4.0,1.0,3.0,0.0,0.0,2.38,3.3,3.1
I1,2017-09-17,Torino,Sampdoria,1665.43,1616.43,7.0,10.0,6.0,8.0,2.0,2.0,D,2.0,2.0,D,13.0,11.0,3.0,5.0,14.0,15.0,3.0,6.0,2.0,1.0,0.0,0.0,1.67,4.0,5.0
I1,2017-09-19,Bologna,Inter,1564.26,1734.13,3.0,4.0,9.0,15.0,1.0,1.0,D,1.0,0.0,H,14.0,11.0,3.0,3.0,12.0,18.0,4.0,11.0,4.0,3.0,0.0,0.0,5.75,4.0,1.6
I1,2017-09-20,Atalanta,Crotone,1726.99,1520.53,4.0,7.0,1.0,4.0,5.0,1.0,H,3.0,0.0,H,14.0,7.0,11.0,5.0,5.0,19.0,3.0,3.0,0.0,1.0,0.0,0.0,1.33,5.0,10.0
I1,2017-09-20,Benevento,Roma,1471.71,1838.75,0.0,3.0,6.0,12.0,0.0,4.0,A,0.0,2.0,A,16.0,21.0,5.0,7.0,10.0,8.0,2.0,9.0,2.0,0.0,0.0,0.0,8.0,5.25,1.36
I1,2017-09-20,Cagliari,Sassuolo,1573.62,1618.13,6.0,9.0,0.0,1.0,0.0,1.0,A,0.0,0.0,D,17.0,14.0,3.0,6.0,21.0,10.0,5.0,2.0,3.0,3.0,0.0,0.0,2.2,3.4,3.3
I1,2017-09-20,Genoa,Chievo,1545.65,1567.26,0.0,1.0,1.0,4.0,1.0,1.0,D,0.0,0.0,D,11.0,16.0,2.0,7.0,19.0,7.0,6.0,2.0,1.0,2.0,0.0,0.0,2.2,3.3,3.5
I1,2017-09-20,Juventus,Fiorentina,1953.97,1677.87,9.0,15.0,6.0,7.0,1.0,0.0,H,0.0,0.0,D,12.0,9.0,5.0,0.0,10.0,23.0,3.0,1.0,1.0,2.0,0.0,1.0,1.33,5.25,9.0
I1,2017-09-20,Lazio,Napoli,1727.03,1886.64,9.0,10.0,9.0,15.0,1.0,4.0,A,1.0,0.0,H,4.0,17.0,2.0,11.0,9.0,13.0,3.0,2.0,2.0,3.0,0.0,0.0,3.4,3.6,2.1
I1,2017-09-20,Milan,Spal,1714.64,1529.04,6.0,9.0,3.0,7.0,2.0,0.0,H,1.0,0.0,H,20.0,6.0,7.0,0.0,19.0,15.0,9.0,8.0,1.0,2.0,0.0,0.0,1.25,6.5,11.0
I1,2017-09-20,Udinese,Torino,1567.02,1665.43,3.0,3.0,7.0,11.0,2.0,3.0,A,0.0,2.0,A,16.0,13.0,6.0,8.0,17.0,13.0,12.0,1.0,1.0,5.0,0.0,0.0,2.88,3.5,2.4
I1,2017-09-20,Verona,Sampdoria,1514.66,1616.43,1.0,2.0,7.0,8.0,0.0,0.0,D,0.0,0.0,D,14.0,17.0,6.0,5.0,17.0,6.0,4.0,7.0,3.0,1.0,0.0,0.0,3.6,3.5,2.05
I1,2017-09-23,Juventus,Torino,1953.97,1665.43,9.0,15.0,7.0,11.0,4.0,0.0,H,2.0,0.0,H,23.0,6.0,10.0,1.0,16.0,12.0,6.0,3.0,1.0,4.0,0.0,1.0,1.4,4.5,8.5
I1,2017-09-23,Roma,Udinese,1838.75,1567.02,6.0,12.0,3.0,3.0,3.0,1.0,H,3.0,0.0,H,18.0,14.0,8.0,5.0,9.0,10.0,5.0,8.0,0.0,1.0,0.0,0.0,1.25,6.0,12.0
I1,2017-09-23,Spal,Napoli,1529.04,1886.64,0.0,4.0,9.0,15.0,2.0,3.0,A,1.0,1.0,D,6.0,21.0,2.0,12.0,9.0,11.0,4.0,6.0,3.0,1.0,0.0,0.0,15.0,6.0,1.22
I1,2017-09-24,Cagliari,Chievo,1573.62,1567.26,6.0,6.0,2.0,5.0,0.0,2.0,A,0.0,0.0,D,15.0,16.0,3.0,4.0,25.0,16.0,6.0,2.0,2.0,2.0,1.0,0.0,2.25,3.3,3.3
I1,2017-09-24,Crotone,Benevento,1520.53,1471.71,0.0,1.0,0.0,0.0,2.0,0.0,H,1.0,0.0,H,17.0,16.0,4.0,2.0,12.0,12.0,2.0,7.0,0.0,0.0,0.0,0.0,1.91,3.4,4.33
I1,2017-09-24,Fiorentina,Atalanta,1677.87,1726.99,6.0,6.0,7.0,7.0,1.0,1.0,D,1.0,0.0,H,10.0,16.0,2.0,5.0,22.0,11.0,3.0,8.0,2.0,5.0,0.0,0.0,2.2,3.4,3.2
I1,2017-09-24,Inter,Genoa,1734.13,1545.65,7.0,13.0,1.0,2.0,1.0,0.0,H,0.0,0.0,D,14.0,9.0,7.0,3.0,10.0,14.0,8.0,4.0,0.0,2.0,0.0,2.0,1.3,5.5,10.0
I1,2017-09-24,Sampdoria,Milan,1616.43,1714.64,5.0,8.0,6.0,12.0,2.0,0.0,H,0.0,0.0,D,12.0,6.0,4.0,0.0,13.0,17.0,7.0,4.0,0.0,2.0,0.0,0.0,3.5,3.75,2.0
I1,2017-09-24,Sassuolo,Bologna,1618.13,1564.26,3.0,4.0,1.0,5.0,0.0,1.0,A,0.0,0.0,D,8.0,8.0,3.0,4.0,11.0,15.0,3.0,6.0,3.0,4.0,1.0,0.0,2.1,3.3,3.75
I1,2017-09-24,Verona,Lazio,1514.66,1727.03,1.0,2.0,6.0,10.0,0.0,3.0,A,0.0,2.0,A,9.0,12.0,2.0,5.0,8.0,13.0,3.0,4.0,2.0,2.0,0.0,0.0,5.5,4.0,1.62
I1,2017-09-30,Genoa,Bologna,1545.65,1564.26,1.0,1.0,4.0,7.0,0.0,1.0,A,0.0,0.0,D,18.0,8.0,7.0,4.0,15.0,9.0,10.0,3.0,4.0,2.0,0.0,0.0,2.25,3.2,3.3
I1,2017-09-30,Udinese,Sampdoria,1567.02,1616.43,0.0,3.0,5.0,11.0,4.0,0.0,H,1.0,0.0,H,15.0,13.0,7.0,2.0,12.0,10.0,3.0,4.0,4.0,2.0,0.0,1.0,2.7,3.25,2.6
I1,2017-10-01,Atalanta,Juventus,1736.89,1968.35,5.0,8.0,9.0,15.0,2.0,2.0,D,1.0,2.0,A,7.0,16.0,3.0,8.0,22.0,11.0,0.0,3.0,3.0,1.0,0.0,0.0,4.75,3.75,1.7
I1,2017-10-01,Benevento,Inter,1463.1,1744.81,0.0,0.0,7.0,13.0,1.0,2.0,A,1.0,2.0,A,11.0,22.0,2.0,7.0,13.0,10.0,1.0,11.0,2.0,3.0,0.0,0.0,11.0,5.0,1.29
I1,2017-10-01,Chievo,Fiorentina,1589.52,1684.22,5.0,5.0,4.0,7.0,2.0,1.0,H,1.0,1.0,D,13.0,22.0,6.0,4.0,10.0,10.0,3.0,7.0,2.0,1.0,0.0,0.0,2.8,3.25,2.5
I1,2017-10-01,Lazio,Sassuolo,1737.45,1616.68,6.0,12.0,3.0,3.0,6.0,1.0,H,1.0,1.0,D,22.0,8.0,13.0,6.0,13.0,8.0,5.0,4.0,2.0,3.0,0.0,0.0,1.4,4.5,8.0
I1,2017-10-01,Milan,Roma,1716.46,1854.43,6.0,9.0,9.0,12.0,0.0,2.0,A,0.0,0.0,D,17.0,11.0,3.0,6.0,15.0,8.0,5.0,5.0,3.0,1.0,1.0,0.0,2.55,3.4,2.63
I1,2017-10-01,Napoli,Cagliari,1905.94,1567.76,9.0,15.0,3.0,6.0,3.0,0.0,H,2.0,0.0,H,25.0,4.0,6.0,0.0,6.0,10.0,7.0,2.0,0.0,0.0,0.0,0.0,1.13,8.0,21.0
I1,2017-10-01,Spal,Crotone,1516.35,1521.7,0.0,3.0,3.0,4.0,1.0,1.0,D,1.0,0.0,H,17.0,13.0,5.0,4.0,12.0,17.0,12.0,6.0,2.0,1.0,0.0,0.0,1.91,3.4,4.0
I1,2017-10-01,Torino,Verona,1671.05,1510.45,4.0,10.0,1.0,2.0,2.0,2.0,D,2.0,0.0,H,12.0,20.0,5.0,7.0,11.0,15.0,6.0,5.0,1.0,4.0,0.0,1.0,1.33,5.0,9.0
I1,2017-10-14,Juventus,Lazio,1968.35,1737.45,7.0,13.0,6.0,12.0,1.0,2.0,A,1.0,0.0,H,18.0,10.0,6.0,5.0,10.0,14.0,4.0,2.0,2.0,1.0,0.0,0.0,1.53,4.5,5.75
I1,2017-10-14,Roma,Napoli,1854.43,1905.94,9.0,12.0,9.0,15.0,0.0,1.0,A,0.0,1.0,A,10.0,16.0,2.0,6.0,12.0,9.0,5.0,2.0,2.0,2.0,0.0,0.0,3.2,3.4,2.25
I1,2017-10-15,Bologna,Spal,1588.62,1514.53,7.0,7.0,1.0,1.0,2.0,1.0,H,1.0,0.0,H,14.0,7.0,2.0,2.0,20.0,14.0,2.0,5.0,2.0,2.0,0.0,0.0,1.75,3.5,5.25
I1,2017-10-15,Cagliari,Genoa,1565.94,1532.56,0.0,6.0,1.0,1.0,2.0,3.0,A,0.0,2.0,A,12.0,18.0,7.0,11.0,13.0,14.0,6.0,7.0,2.0,0.0,0.0,0.0,2.25,3.3,3.3
I1,2017-10-15,Crotone,Torino,1523.53,1665.25,4.0,4.0,4.0,8.0,2.0,2.0,D,1.0,0.0,H,9.0,21.0,3.0,9.0,15.0,7.0,3.0,8.0,1.0,0.0,0.0,0.0,3.75,3.5,2.0
I1,2017-10-15,Fiorentina,Udinese,1675.51,1575.85,1.0,7.0,3.0,6.0,2.0,1.0,H,1.0,0.0,H,13.0,8.0,6.0,2.0,11.0,14.0,4.0,4.0,1.0,1.0,0.0,0.0,1.67,3.8,5.5
I1,2017-10-15,Inter,Milan,1748.05,1707.76,7.0,13.0,3.0,6.0,3.0,2.0,H,1.0,0.0,H,15.0,21.0,6.0,6.0,17.0,12.0,2.0,7.0,6.0,2.0,0.0,0.0,2.2,3.4,3.4
I1,2017-10-15,Sampdoria,Atalanta,1619.63,1741.24,4.0,8.0,5.0,9.0,3.0,1.0,H,0.0,1.0,A,11.0,21.0,7.0,11.0,10.0,14.0,4.0,6.0,3.0,3.0,0.0,0.0,2.8,3.3,2.6
I1,2017-10-15,Sassuolo,Chievo,1608.69,1598.23,3.0,3.0,7.0,8.0,0.0,0.0,D,0.0,0.0,D,18.0,9.0,4.0,2.0,8.0,15.0,6.0,8.0,2.0,0.0,0.0,0.0,2.25,3.3,3.3
I1,2017-10-16,Verona,Benevento,1516.25,1459.85,2.0,2.0,0.0,0.0,1.0,0.0,H,0.0,0.0,D,13.0,8.0,3.0,1.0,15.0,12.0,5.0,3.0,4.0,3.0,0.0,1.0,1.91,3.5,4.2
I1,2017-10-21,Napoli,Inter,1916.09,1748.05,9.0,15.0,9.0,13.0,0.0,0.0,D,0.0,0.0,D,12.0,11.0,3.0,2.0,9.0,9.0,5.0,7.0,1.0,1.0,0.0,0.0,1.61,4.2,5.0
I1,2017-10-21,Sampdoria,Crotone,1619.63,1523.53,6.0,8.0,5.0,5.0,5.0,0.0,H,3.0,0.0,H,6.0,8.0,5.0,2.0,11.0,20.0,4.0,0.0,1.0,3.0,0.0,0.0,1.53,3.79,7.5
I1,2017-10-22,Atalanta,Bologna,1741.24,1588.62,2.0,6.0,9.0,10.0,1.0,0.0,H,0.0,0.0,D,20.0,6.0,2.0,0.0,12.0,15.0,10.0,3.0,3.0,4.0,0.0,1.0,1.6,3.75,6.5
I1,2017-10-22,Benevento,Fiorentina,1459.85,1675.51,0.0,0.0,4.0,7.0,0.0,3.0,A,0.0,1.0,A,9.0,14.0,1.0,7.0,16.0,18.0,3.0,5.0,2.0,1.0,0.0,0.0,6.0,3.79,1.57
I1,2017-10-22,Chievo,Verona,1598.23,1516.25,7.0,9.0,4.0,5.0,3.0,2.0,H,2.0,1.0,H,22.0,11.0,8.0,3.0,8.0,11.0,5.0,4.0,2.0,3.0,0.0,1.0,1.9,3.39,4.33
I1,2017-10-22,Lazio,Cagliari,1760.19,1565.94,9.0,12.0,0.0,3.0,3.0,0.0,H,2.0,0.0,H,10.0,12.0,3.0,5.0,12.0,15.0,4.0,5.0,1.0,4.0,0.0,0.0,1.28,6.0,9.0
I1,2017-10-22,Milan,Genoa,1707.76,1532.56,0.0,6.0,3.0,4.0,0.0,0.0,D,0.0,0.0,D,18.0,12.0,7.0,2.0,14.0,21.0,5.0,3.0,0.0,2.0,1.0,0.0,1.44,4.33,8.0
I1,2017-10-22,Spal,Sassuolo,1514.53,1608.69,1.0,1.0,1.0,4.0,0.0,1.0,A,0.0,1.0,A,13.0,12.0,2.0,2.0,18.0,15.0,10.0,3.0,3.0,3.0,0.0,1.0,2.6,3.29,2.75
I1,2017-10-22,Torino,Roma,1665.25,1854.81,2.0,6.0,6.0,12.0,0.0,1.0,A,0.0,0.0,D,5.0,16.0,0.0,5.0,26.0,14.0,0.0,5.0,1.0,1.0,0.0,0.0,3.75,3.6,1.95
I1,2017-10-22,Udinese,Juventus,1575.85,1949.25,3.0,3.0,4.0,10.0,2.0,6.0,A,1.0,2.0,A,11.0,13.0,4.0,5.0,19.0,9.0,1.0,6.0,6.0,3.0,0.0,1.0,7.5,4.5,1.44
I1,2017-10-24,Inter,Sampdoria,1748.05,1619.63,7.0,11.0,6.0,10.0,3.0,2.0,H,2.0,0.0,H,24.0,12.0,8.0,2.0,12.0,11.0,8.0,4.0,2.0,2.0,0.0,0.0,1.44,4.75,7.0
I1,2017-10-25,Atalanta,Verona,1741.24,1516.25,4.0,8.0,4.0,5.0,3.0,0.0,H,0.0,0.0,D,23.0,11.0,7.0,4.0,7.0,14.0,5.0,5.0,0.0,0.0,0.0,0.0,1.36,5.0,8.5
I1,2017-10-25,Bologna,Lazio,1588.62,1760.19,6.0,10.0,9.0,12.0,1.0,2.0,A,0.0,2.0,A,7.0,14.0,3.0,3.0,12.0,9.0,10.0,4.0,2.0,2.0,0.0,0.0,5.25,3.75,1.7
I1,2017-10-25,Cagliari,Benevento,1565.94,1459.85,0.0,0.0,0.0,0.0,2.0,1.0,H,1.0,0.0,H,13.0,9.0,5.0,3.0,26.0,15.0,5.0,2.0,5.0,1.0,0.0,0.0,1.44,4.5,7.5
I1,2017-10-25,Chievo,Milan,1598.23,1707.76,7.0,11.0,1.0,4.0,1.0,4.0,A,0.0,2.0,A,9.0,17.0,3.0,4.0,12.0,10.0,1.0,1.0,2.0,3.0,0.0,0.0,3.6,3.25,2.14
I1,2017-10-25,Fiorentina,Torino,1675.51,1665.25,6.0,7.0,2.0,5.0,3.0,0.0,H,1.0,0.0,H,15.0,5.0,7.0,0.0,22.0,22.0,5.0,6.0,1.0,3.0,0.0,1.0,1.85,3.79,4.0
I1,2017-10-25,Genoa,Napoli,1532.56,1916.09,4.0,5.0,7.0,13.0,2.0,3.0,A,1.0,2.0,A,7.0,19.0,4.0,6.0,8.0,5.0,1.0,4.0,1.0,1.0,0.0,0.0,9.0,5.25,1.33
I1,2017-10-25,Juventus,Spal,1949.25,1514.53,4.0,10.0,1.0,1.0,4.0,1.0,H,2.0,1.0,H,16.0,6.0,6.0,2.0,16.0,13.0,5.0,2.0,1.0,0.0,0.0,0.0,1.12,9.0,21.0
I1,2017-10-25,Roma,Crotone,1854.81,1523.53,6.0,12.0,2.0,5.0,1.0,0.0,H,1.0,0.0,H,20.0,3.0,4.0,2.0,8.0,9.0,10.0,1.0,0.0,1.0,0.0,0.0,1.16,8.0,15.0
I1,2017-10-25,Sassuolo,Udinese,1608.69,1575.85,4.0,7.0,3.0,3.0,0.0,1.0,A,0.0,1.0,A,11.0,8.0,3.0,2.0,15.0,19.0,6.0,3.0,2.0,3.0,0.0,0.0,2.0,3.5,3.75
I1,2017-10-28,Milan,Juventus,1707.76,1949.25,4.0,4.0,6.0,10.0,0.0,2.0,A,0.0,1.0,A,11.0,9.0,4.0,4.0,21.0,10.0,5.0,6.0,2.0,0.0,0.0,0.0,4.2,3.5,1.9
I1,2017-10-28,Roma,Bologna,1854.81,1588.62,6.0,12.0,3.0,9.0,1.0,0.0,H,1.0,0.0,H,15.0,10.0,3.0,2.0,10.0,13.0,7.0,5.0,1.0,4.0,0.0,0.0,1.28,5.75,10.0
I1,2017-10-29,Benevento,Lazio,1459.85,1760.19,0.0,0.0,9.0,15.0,1.0,5.0,A,0.0,3.0,A,19.0,12.0,6.0,9.0,12.0,10.0,2.0,6.0,1.0,1.0,0.0,0.0,11.0,5.5,1.28
I1,2017-10-29,Crotone,Fiorentina,1523.53,1675.51,1.0,5.0,9.0,10.0,2.0,1.0,H,2.0,1.0,H,11.0,17.0,5.0,3.0,19.0,17.0,3.0,5.0,3.0,3.0,0.0,0.0,5.5,3.75,1.64
I1,2017-10-29,Napoli,Sassuolo,1916.09,1608.69,7.0,13.0,4.0,4.0,3.0,1.0,H,2.0,1.0,H,26.0,8.0,9.0,1.0,14.0,13.0,6.0,5.0,2.0,2.0,0.0,0.0,1.14,9.0,15.0
I1,2017-10-29,Sampdoria,Chievo,1619.63,1598.23,6.0,9.0,4.0,10.0,4.0,1.0,H,3.0,1.0,H,15.0,13.0,7.0,6.0,9.0,11.0,8.0,6.0,2.0,3.0,0.0,0.0,1.83,3.6,4.5
I1,2017-10-29,Spal,Genoa,1514.53,1532.56,0.0,1.0,4.0,4.0,1.0,0.0,H,0.0,0.0,D,7.0,13.0,3.0,2.0,14.0,24.0,4.0,5.0,4.0,3.0,0.0,0.0,3.1,3.1,2.5
I1,2017-10-29,Torino,Cagliari,1665.25,1565.94,1.0,2.0,3.0,3.0,2.0,1.0,H,1.0,1.0,D,19.0,7.0,6.0,3.0,9.0,19.0,7.0,6.0,4.0,3.0,0.0,0.0,1.6,4.33,5.25
I1,2017-10-29,Udinese,Atalanta,1575.85,1741.24,3.0,6.0,6.0,8.0,2.0,1.0,H,1.0,1.0,D,7.0,7.0,4.0,2.0,15.0,15.0,5.0,7.0,0.0,2.0,0.0,0.0,3.6,3.39,2.1
I1,2017-10-30,Verona,Inter,1516.25,1748.05,3.0,4.0,7.0,13.0,1.0,2.0,A,0.0,1.0,A,10.0,17.0,2.0,4.0,12.0,9.0,4.0,7.0,4.0,2.0,0.0,0.0,7.5,5.0,1.39
I1,2017-11-04,Bologna,Crotone,1589.24,1532.54,0.0,6.0,3.0,5.0,2.0,3.0,A,2.0,1.0,H,15.0,10.0,5.0,6.0,14.0,14.0,5.0,2.0,2.0,3.0,0.0,0.0,1.8,3.5,4.75
I1,2017-11-04,Genoa,Sampdoria,1545.35,1653.39,1.0,4.0,6.0,9.0,0.0,2.0,A,0.0,1.0,A,14.0,11.0,2.0,5.0,22.0,8.0,5.0,2.0,4.0,2.0,0.0,0.0,3.0,3.1,2.54
I1,2017-11-05,Atalanta,Spal,1733.65,1514.77,6.0,7.0,3.0,4.0,1.0,1.0,D,1.0,0.0,H,9.0,11.0,3.0,3.0,14.0,13.0,3.0,3.0,0.0,2.0,1.0,0.0,1.3,5.25,10.0
I1,2017-11-05,Cagliari,Verona,1557.55,1515.15,3.0,3.0,0.0,4.0,2.0,1.0,H,1.0,1.0,D,22.0,9.0,9.0,2.0,11.0,15.0,8.0,2.0,2.0,4.0,0.0,0.0,1.9,3.29,4.5
I1,2017-11-05,Chievo,Napoli,1588.58,1915.46,3.0,7.0,7.0,13.0,0.0,0.0,D,0.0,0.0,D,3.0,19.0,1.0,5.0,7.0,7.0,2.0,11.0,1.0,3.0,0.0,0.0,7.5,5.0,1.39
I1,2017-11-05,Fiorentina,Roma,1691.43,1884.55,6.0,9.0,9.0,12.0,2.0,4.0,A,2.0,2.0,D,20.0,21.0,6.0,10.0,15.0,10.0,6.0,9.0,1.0,1.0,0.0,0.0,3.0,3.5,2.29
I1,2017-11-05,Inter,Torino,1772.57,1659.1,7.0,13.0,3.0,5.0,1.0,1.0,D,0.0,0.0,D,20.0,7.0,5.0,3.0,19.0,12.0,8.0,3.0,3.0,5.0,0.0,0.0,1.5,4.33,6.5
I1,2017-11-05,Juventus,Benevento,1963.08,1444.61,9.0,10.0,0.0,0.0,2.0,1.0,H,0.0,1.0,A,27.0,3.0,8.0,1.0,15.0,13.0,8.0,2.0,3.0,3.0,0.0,0.0,1.06,13.0,34.0
I1,2017-11-05,Sassuolo,Milan,1606.87,1704.43,3.0,4.0,4.0,4.0,0.0,2.0,A,0.0,1.0,A,6.0,14.0,1.0,10.0,20.0,15.0,7.0,10.0,2.0,3.0,0.0,0.0,3.75,3.39,2.04
I1,2017-11-18,Napoli,Milan,1891.29,1708.21,7.0,11.0,6.0,7.0,2.0,1.0,H,1.0,0.0,H,16.0,13.0,10.0,3.0,17.0,7.0,3.0,1.0,2.0,1.0,0.0,0.0,1.44,4.59,7.0
I1,2017-11-18,Roma,Lazio,1886.06,1789.21,9.0,12.0,9.0,15.0,2.0,1.0,H,0.0,0.0,D,16.0,12.0,7.0,2.0,11.0,17.0,6.0,7.0,2.0,4.0,0.0,0.0,2.1,3.5,3.39
I1,2017-11-19,Benevento,Sassuolo,1439.04,1591.47,0.0,0.0,0.0,4.0,1.0,2.0,A,0.0,0.0,D,13.0,15.0,6.0,5.0,26.0,11.0,6.0,5.0,4.0,1.0,1.0,0.0,3.39,3.6,2.04
I1,2017-11-19,Crotone,Genoa,1538.95,1530.28,6.0,7.0,0.0,4.0,0.0,1.0,A,0.0,1.0,A,11.0,10.0,5.0,7.0,17.0,15.0,5.0,2.0,1.0,3.0,0.0,0.0,3.1,3.2,2.45
I1,2017-11-19,Inter,Atalanta,1762.68,1718.24,7.0,11.0,4.0,7.0,2.0,0.0,H,0.0,0.0,D,8.0,8.0,4.0,1.0,10.0,13.0,1.0,2.0,0.0,2.0,0.0,0.0,1.75,3.75,4.75
I1,2017-11-19,Sampdoria,Juventus,1658.15,1958.34,6.0,12.0,9.0,12.0,3.0,2.0,H,0.0,0.0,D,9.0,19.0,5.0,4.0,12.0,15.0,3.0,4.0,4.0,3.0,0.0,0.0,7.0,4.0,1.53
I1,2017-11-19,Spal,Fiorentina,1516.3,1679.61,4.0,4.0,3.0,9.0,1.0,1.0,D,1.0,0.0,H,7.0,20.0,1.0,5.0,10.0,17.0,1.0,8.0,4.0,3.0,1.0,0.0,3.79,3.6,1.95
I1,2017-11-19,Torino,Chievo,1658.67,1589.57,4.0,5.0,1.0,5.0,1.0,1.0,D,1.0,1.0,D,19.0,12.0,5.0,4.0,9.0,15.0,5.0,1.0,1.0,1.0,0.0,1.0,1.83,3.6,4.5
I1,2017-11-19,Udinese,Cagliari,1589.95,1557.74,6.0,9.0,6.0,6.0,0.0,1.0,A,0.0,0.0,D,14.0,12.0,5.0,4.0,9.0,11.0,6.0,4.0,1.0,0.0,1.0,0.0,1.95,3.6,3.79
I1,2017-11-20,Verona,Bologna,1504.65,1572.52,0.0,3.0,0.0,3.0,2.0,3.0,A,2.0,1.0,H,17.0,12.0,5.0,5.0,11.0,11.0,6.0,4.0,2.0,1.0,0.0,0.0,2.87,3.2,2.6
I1,2017-11-25,Bologna,Sampdoria,1572.52,1658.15,3.0,3.0,9.0,12.0,3.0,0.0,H,2.0,0.0,H,11.0,20.0,6.0,7.0,5.0,13.0,5.0,12.0,2.0,2.0,1.0,0.0,2.6,3.29,2.75
I1,2017-11-25,Cagliari,Inter,1557.74,1762.68,6.0,9.0,7.0,11.0,1.0,3.0,A,0.0,1.0,A,15.0,10.0,4.0,4.0,12.0,15.0,7.0,5.0,2.0,2.0,0.0,0.0,5.0,4.0,1.66
I1,2017-11-25,Chievo,Spal,1589.57,1516.3,2.0,5.0,5.0,5.0,2.0,1.0,H,0.0,1.0,A,12.0,14.0,3.0,5.0,23.0,24.0,2.0,8.0,0.0,1.0,0.0,0.0,1.9,3.5,4.2
I1,2017-11-25,Sassuolo,Verona,1591.47,1504.65,3.0,6.0,0.0,0.0,0.0,2.0,A,0.0,2.0,A,20.0,9.0,3.0,6.0,10.0,15.0,10.0,6.0,0.0,3.0,0.0,1.0,1.66,4.0,5.0
I1,2017-11-26,Genoa,Roma,1530.28,1886.06,3.0,4.0,9.0,15.0,1.0,1.0,D,0.0,0.0,D,9.0,14.0,4.0,4.0,15.0,16.0,1.0,4.0,1.0,3.0,0.0,1.0,5.0,3.75,1.72
I1,2017-11-26,Juventus,Crotone,1958.34,1538.95,6.0,12.0,6.0,6.0,3.0,0.0,H,0.0,0.0,D,25.0,4.0,10.0,1.0,8.0,9.0,7.0,0.0,2.0,2.0,0.0,0.0,1.14,8.0,19.0
I1,2017-11-26,Lazio,Fiorentina,1789.21,1679.61,6.0,12.0,1.0,7.0,1.0,1.0,D,1.0,0.0,H,13.0,16.0,7.0,8.0,16.0,8.0,6.0,5.0,2.0,2.0,0.0,0.0,1.64,4.2,5.0
I1,2017-11-26,Milan,Torino,1708.21,1658.67,3.0,7.0,5.0,5.0,0.0,0.0,D,0.0,0.0,D,17.0,8.0,6.0,2.0,15.0,20.0,5.0,4.0,0.0,2.0,0.0,0.0,1.75,3.75,4.75
I1,2017-11-26,Udinese,Napoli,1589.95,1891.29,6.0,6.0,7.0,11.0,0.0,1.0,A,0.0,1.0,A,10.0,9.0,2.0,4.0,14.0,7.0,3.0,7.0,5.0,1.0,0.0,0.0,7.5,5.5,1.36
I1,2017-11-27,Atalanta,Benevento,1718.24,1439.04,1.0,7.0,0.0,0.0,1.0,0.0,H,0.0,0.0,D,14.0,6.0,4.0,2.0,11.0,16.0,9.0,3.0,1.0,2.0,0.0,0.0,1.22,6.0,12.0
I1,2017-12-01,Napoli,Juventus,1906.55,1950.59,7.0,13.0,6.0,12.0,0.0,1.0,A,0.0,1.0,A,21.0,7.0,6.0,4.0,9.0,5.0,10.0,3.0,2.0,1.0,0.0,0.0,2.0,3.39,4.0
I1,2017-12-01,Roma,Spal,1880.57,1518.92,7.0,13.0,2.0,5.0,3.0,1.0,H,2.0,0.0,H,37.0,3.0,15.0,2.0,10.0,12.0,10.0,0.0,1.0,2.0,0.0,1.0,1.22,6.5,12.0
I1,2017-12-02,Torino,Atalanta,1662.98,1737.01,3.0,6.0,4.0,7.0,1.0,1.0,D,1.0,0.0,H,9.0,14.0,4.0,6.0,9.0,13.0,5.0,7.0,2.0,2.0,0.0,0.0,2.45,3.39,2.87
I1,2017-12-03,Benevento,Milan,1436.5,1711.69,0.0,0.0,4.0,7.0,2.0,2.0,D,0.0,1.0,A,17.0,12.0,6.0,7.0,16.0,12.0,4.0,3.0,3.0,5.0,0.0,1.0,9.0,5.0,1.36
I1,2017-12-03,Bologna,Cagliari,1600.76,1566.56,6.0,6.0,6.0,9.0,1.0,1.0,D,0.0,1.0,A,13.0,8.0,3.0,2.0,15.0,20.0,5.0,3.0,6.0,2.0,0.0,0.0,2.0,3.29,4.0
I1,2017-12-03,Fiorentina,Sassuolo,1685.92,1584.9,2.0,5.0,3.0,3.0,3.0,0.0,H,2.0,0.0,H,23.0,8.0,9.0,1.0,9.0,9.0,13.0,8.0,1.0,3.0,0.0,0.0,1.57,4.0,6.0
I1,2017-12-03,Inter,Chievo,1781.32,1602.86,7.0,13.0,5.0,5.0,5.0,0.0,H,2.0,0.0,H,37.0,7.0,13.0,4.0,11.0,4.0,18.0,2.0,1.0,0.0,0.0,0.0,1.39,4.75,8.0
I1,2017-12-03,Sampdoria,Lazio,1661.2,1776.95,6.0,9.0,4.0,10.0,1.0,2.0,A,0.0,0.0,D,16.0,14.0,3.0,3.0,10.0,12.0,5.0,6.0,0.0,1.0,0.0,0.0,3.6,3.6,2.0
I1,2017-12-04,Crotone,Udinese,1532.47,1581.78,3.0,6.0,3.0,6.0,0.0,3.0,A,0.0,1.0,A,9.0,15.0,2.0,6.0,8.0,11.0,7.0,7.0,0.0,0.0,0.0,0.0,2.87,3.1,2.62
I1,2017-12-04,Verona,Genoa,1518.43,1551.57,3.0,3.0,4.0,4.0,0.0,1.0,A,0.0,1.0,A,15.0,9.0,3.0,1.0,17.0,19.0,2.0,3.0,2.0,4.0,0.0,0.0,3.5,3.29,2.14
I1,2017-12-09,Cagliari,Sampdoria,1566.56,1661.2,4.0,7.0,3.0,9.0,2.0,2.0,D,0.0,2.0,A,14.0,16.0,6.0,9.0,15.0,11.0,6.0,4.0,3.0,0.0,0.0,0.0,2.6,3.39,2.7
I1,2017-12-09,Juventus,Inter,1950.59,1781.32,6.0,12.0,9.0,13.0,0.0,0.0,D,0.0,0.0,D,19.0,6.0,8.0,1.0,10.0,21.0,3.0,4.0,2.0,5.0,0.0,0.0,1.7,3.75,5.25
I1,2017-12-10,Chievo,Roma,1602.86,1880.57,4.0,5.0,7.0,13.0,0.0,0.0,D,0.0,0.0,D,9.0,24.0,1.0,8.0,10.0,8.0,1.0,13.0,1.0,2.0,0.0,0.0,5.5,4.0,1.61
I1,2017-12-10,Milan,Bologna,1711.69,1600.76,2.0,5.0,7.0,7.0,2.0,1.0,H,1.0,1.0,D,21.0,10.0,7.0,2.0,9.0,7.0,12.0,7.0,0.0,0.0,0.0,0.0,1.5,4.2,7.0
I1,2017-12-10,Napoli,Fiorentina,1906.55,1685.92,6.0,10.0,5.0,5.0,0.0,0.0,D,0.0,0.0,D,10.0,6.0,4.0,3.0,10.0,6.0,4.0,2.0,3.0,3.0,0.0,0.0,1.36,5.5,7.5
I1,2017-12-10,Sassuolo,Crotone,1584.9,1532.47,3.0,3.0,0.0,6.0,2.0,1.0,H,0.0,0.0,D,16.0,8.0,7.0,2.0,10.0,15.0,8.0,6.0,3.0,2.0,0.0,0.0,1.83,3.6,4.5
I1,2017-12-10,Spal,Verona,1518.92,1518.43,1.0,5.0,3.0,3.0,2.0,2.0,D,0.0,0.0,D,19.0,16.0,10.0,8.0,14.0,15.0,8.0,6.0,3.0,2.0,0.0,0.0,2.04,3.5,3.6
I1,2017-12-10,Udinese,Benevento,1581.78,1436.5,3.0,9.0,1.0,1.0,2.0,0.0,H,2.0,0.0,H,9.0,20.0,2.0,5.0,16.0,15.0,3.0,9.0,1.0,2.0,0.0,0.0,1.5,4.2,7.0
I1,2017-12-11,Lazio,Torino,1776.95,1662.98,4.0,10.0,3.0,7.0,1.0,3.0,A,0.0,0.0,D,20.0,18.0,7.0,6.0,7.0,16.0,13.0,2.0,1.0,1.0,1.0,0.0,1.5,4.75,5.75
I1,2017-12-12,Genoa,Atalanta,1551.57,1737.01,7.0,7.0,4.0,5.0,1.0,2.0,A,1.0,1.0,D,15.0,13.0,4.0,7.0,14.0,20.0,7.0,5.0,3.0,2.0,0.0,0.0,3.1,3.29,2.37
I1,2017-12-16,Inter,Udinese,1783.06,1590.38,7.0,11.0,6.0,9.0,1.0,3.0,A,1.0,1.0,D,26.0,8.0,8.0,5.0,9.0,16.0,15.0,3.0,1.0,4.0,0.0,0.0,1.33,5.25,9.0
I1,2017-12-16,Roma,Cagliari,1866.63,1559.35,5.0,11.0,2.0,8.0,1.0,0.0,H,0.0,0.0,D,21.0,3.0,6.0,0.0,14.0,15.0,5.0,1.0,1.0,3.0,0.0,0.0,1.25,6.0,12.0
I1,2017-12-16,Torino,Napoli,1669.85,1867.48,5.0,7.0,4.0,8.0,1.0,3.0,A,0.0,3.0,A,8.0,12.0,2.0,4.0,8.0,8.0,4.0,5.0,1.0,1.0,0.0,0.0,5.5,3.89,1.61
I1,2017-12-17,Atalanta,Lazio,1737.01,1742.09,7.0,8.0,4.0,7.0,3.0,3.0,D,2.0,2.0,D,13.0,13.0,6.0,4.0,5.0,12.0,5.0,7.0,2.0,2.0,0.0,0.0,2.37,3.39,3.0
I1,2017-12-17,Benevento,Spal,1426.84,1504.92,1.0,1.0,1.0,3.0,1.0,2.0,A,0.0,0.0,D,16.0,14.0,4.0,5.0,14.0,11.0,6.0,3.0,2.0,3.0,0.0,0.0,2.87,3.1,2.62
I1,2017-12-17,Bologna,Juventus,1583.08,1946.72,4.0,7.0,7.0,10.0,0.0,3.0,A,0.0,2.0,A,3.0,11.0,1.0,6.0,9.0,9.0,3.0,7.0,3.0,1.0,0.0,0.0,7.0,4.75,1.44
I1,2017-12-17,Crotone,Chievo,1502.15,1591.63,0.0,3.0,4.0,6.0,1.0,0.0,H,1.0,0.0,H,15.0,15.0,6.0,4.0,17.0,13.0,6.0,4.0,4.0,4.0,0.0,0.0,3.2,3.2,2.37
I1,2017-12-17,Fiorentina,Genoa,1688.72,1544.73,5.0,6.0,4.0,7.0,0.0,0.0,D,0.0,0.0,D,22.0,5.0,4.0,3.0,13.0,9.0,3.0,4.0,2.0,2.0,0.0,0.0,1.57,4.0,6.0
I1,2017-12-17,Sampdoria,Sassuolo,1643.53,1572.37,1.0,7.0,3.0,6.0,0.0,1.0,A,0.0,0.0,D,13.0,15.0,2.0,7.0,15.0,16.0,7.0,5.0,1.0,6.0,0.0,0.0,1.8,4.0,4.2
I1,2017-12-17,Verona,Milan,1501.08,1685.64,4.0,4.0,5.0,8.0,3.0,0.0,H,1.0,0.0,H,6.0,30.0,4.0,8.0,12.0,13.0,4.0,13.0,3.0,2.0,0.0,1.0,5.5,4.33,1.57
I1,2017-12-22,Cagliari,Fiorentina,1559.35,1688.72,2.0,5.0,5.0,7.0,0.0,1.0,A,0.0,0.0,D,8.0,26.0,1.0,7.0,14.0,13.0,7.0,10.0,2.0,2.0,1.0,0.0,3.25,3.29,2.25
I1,2017-12-22,Chievo,Bologna,1591.63,1583.08,1.0,5.0,1.0,7.0,2.0,3.0,A,1.0,1.0,D,21.0,9.0,8.0,5.0,13.0,13.0,7.0,5.0,2.0,2.0,0.0,1.0,2.54,3.0,3.0
I1,2017-12-23,Genoa,Benevento,1544.73,1426.84,4.0,8.0,1.0,1.0,1.0,0.0,H,0.0,0.0,D,15.0,12.0,5.0,3.0,14.0,17.0,8.0,4.0,2.0,5.0,0.0,0.0,1.44,4.33,8.0
I1,2017-12-23,Juventus,Roma,1946.72,1866.63,7.0,10.0,7.0,11.0,1.0,0.0,H,1.0,0.0,H,22.0,13.0,7.0,3.0,9.0,13.0,3.0,5.0,2.0,3.0,0.0,0.0,1.8,3.6,4.75
I1,2017-12-23,Lazio,Crotone,1742.09,1502.15,4.0,5.0,3.0,3.0,4.0,0.0,H,0.0,0.0,D,19.0,8.0,6.0,2.0,12.0,7.0,10.0,3.0,1.0,2.0,0.0,0.0,1.22,6.5,13.0
I1,2017-12-23,Milan,Atalanta,1685.64,1737.01,4.0,5.0,5.0,8.0,0.0,2.0,A,0.0,1.0,A,23.0,11.0,5.0,7.0,17.0,11.0,7.0,4.0,2.0,0.0,0.0,0.0,2.39,3.25,3.0
I1,2017-12-23,Napoli,Sampdoria,1867.48,1643.53,4.0,10.0,1.0,4.0,3.0,2.0,H,3.0,2.0,H,14.0,6.0,9.0,2.0,17.0,15.0,2.0,2.0,4.0,5.0,1.0,0.0,1.25,6.0,12.0
I1,2017-12-23,Sassuolo,Inter,1572.37,1783.06,6.0,9.0,4.0,10.0,1.0,0.0,H,1.0,0.0,H,9.0,16.0,4.0,4.0,14.0,18.0,1.0,10.0,1.0,2.0,0.0,0.0,5.0,3.75,1.72
I1,2017-12-23,Spal,Torino,1504.92,1669.85,4.0,5.0,4.0,6.0,2.0,2.0,D,1.0,2.0,A,15.0,15.0,4.0,5.0,12.0,21.0,9.0,3.0,4.0,2.0,0.0,0.0,3.6,3.39,2.1
I1,2017-12-23,Udinese,Verona,1590.38,1501.08,9.0,9.0,4.0,7.0,4.0,0.0,H,2.0,0.0,H,27.0,3.0,10.0,0.0,12.0,15.0,7.0,1.0,0.0,3.0,0.0,0.0,1.66,3.79,5.25
I1,2017-12-29,Crotone,Napoli,1502.15,1867.48,3.0,3.0,7.0,10.0,0.0,1.0,A,0.0,1.0,A,5.0,23.0,2.0,7.0,10.0,6.0,2.0,15.0,1.0,2.0,0.0,0.0,15.0,6.5,1.19
I1,2017-12-30,Atalanta,Cagliari,1737.01,1559.35,7.0,11.0,1.0,2.0,1.0,2.0,A,0.0,2.0,A,25.0,4.0,6.0,3.0,6.0,19.0,5.0,3.0,0.0,5.0,0.0,1.0,1.44,4.33,8.0
I1,2017-12-30,Benevento,Chievo,1426.84,1591.63,0.0,1.0,1.0,4.0,1.0,0.0,H,0.0,0.0,D,18.0,9.0,9.0,3.0,14.0,17.0,7.0,1.0,1.0,2.0,0.0,0.0,3.2,3.29,2.29
I1,2017-12-30,Bologna,Udinese,1583.08,1590.38,3.0,7.0,9.0,12.0,1.0,2.0,A,1.0,1.0,D,12.0,7.0,3.0,4.0,14.0,16.0,8.0,0.0,2.0,3.0,0.0,0.0,2.39,3.29,3.0
I1,2017-12-30,Fiorentina,Milan,1688.72,1685.64,5.0,9.0,3.0,5.0,1.0,1.0,D,0.0,0.0,D,18.0,8.0,6.0,4.0,11.0,12.0,2.0,5.0,1.0,1.0,0.0,0.0,2.0,3.5,3.79
I1,2017-12-30,Inter,Lazio,1783.06,1742.09,1.0,7.0,4.0,8.0,0.0,0.0,D,0.0,0.0,D,10.0,12.0,3.0,4.0,13.0,9.0,10.0,8.0,2.0,1.0,0.0,0.0,2.29,3.39,3.1
I1,2017-12-30,Roma,Sassuolo,1866.63,1572.37,4.0,8.0,9.0,9.0,1.0,1.0,D,1.0,0.0,H,21.0,15.0,4.0,5.0,13.0,12.0,7.0,4.0,1.0,2.0,0.0,0.0,1.3,5.5,10.0
I1,2017-12-30,Sampdoria,Spal,1643.53,1504.92,1.0,1.0,5.0,5.0,2.0,0.0,H,0.0,0.0,D,20.0,9.0,8.0,2.0,16.0,15.0,11.0,3.0,3.0,4.0,0.0,0.0,1.72,4.0,4.5
I1,2017-12-30,Torino,Genoa,1669.85,1544.73,4.0,6.0,4.0,8.0,0.0,0.0,D,0.0,0.0,D,17.0,3.0,6.0,1.0,25.0,23.0,8.0,3.0,1.0,3.0,0.0,0.0,2.1,3.39,3.6
I1,2017-12-30,Verona,Juventus,1501.08,1946.72,4.0,7.0,7.0,13.0,1.0,3.0,A,0.0,1.0,A,3.0,18.0,1.0,8.0,22.0,4.0,6.0,6.0,2.0,0.0,0.0,0.0,15.0,6.5,1.19
I1,2018-01-05,Chievo,Udinese,1562.33,1627.92,0.0,1.0,9.0,15.0,1.0,1.0,D,1.0,1.0,D,11.0,9.0,6.0,1.0,6.0,20.0,5.0,5.0,0.0,1.0,0.0,0.0,3.0,3.2,2.5
I1,2018-01-05,Fiorentina,Inter,1687.05,1750.49,5.0,9.0,1.0,5.0,1.0,1.0,D,0.0,0.0,D,23.0,13.0,4.0,4.0,9.0,11.0,7.0,5.0,2.0,3.0,0.0,0.0,2.5,3.25,2.87
I1,2018-01-06,Benevento,Sampdoria,1426.08,1635.9,3.0,4.0,3.0,4.0,3.0,2.0,H,0.0,1.0,A,16.0,13.0,4.0,6.0,10.0,9.0,6.0,7.0,1.0,1.0,0.0,1.0,3.5,3.5,2.1
I1,2018-01-06,Cagliari,Juventus,1565.66,1956.89,3.0,5.0,9.0,13.0,0.0,1.0,A,0.0,0.0,D,9.0,16.0,2.0,2.0,17.0,13.0,5.0,3.0,1.0,2.0,0.0,0.0,10.0,5.0,1.33
I1,2018-01-06,Genoa,Sassuolo,1558.17,1602.18,5.0,8.0,7.0,10.0,1.0,0.0,H,0.0,0.0,D,7.0,10.0,3.0,1.0,17.0,16.0,5.0,5.0,3.0,1.0,0.0,0.0,2.2,3.2,3.5
I1,2018-01-06,Milan,Crotone,1657.64,1504.95,1.0,5.0,3.0,3.0,1.0,0.0,H,0.0,0.0,D,26.0,8.0,9.0,2.0,17.0,16.0,14.0,0.0,2.0,2.0,0.0,0.0,1.33,5.25,9.5
I1,2018-01-06,Napoli,Verona,1877.84,1509.84,9.0,10.0,3.0,4.0,2.0,0.0,H,0.0,0.0,D,24.0,3.0,9.0,1.0,9.0,8.0,5.0,1.0,0.0,4.0,0.0,0.0,1.11,10.0,21.0
I1,2018-01-06,Roma,Atalanta,1855.83,1732.55,4.0,8.0,4.0,8.0,1.0,2.0,A,0.0,2.0,A,18.0,11.0,5.0,4.0,12.0,6.0,12.0,7.0,1.0,3.0,0.0,1.0,1.72,3.79,4.75
I1,2018-01-06,Spal,Lazio,1509.52,1749.67,4.0,5.0,5.0,8.0,2.0,5.0,A,2.0,4.0,A,13.0,15.0,4.0,7.0,8.0,14.0,9.0,4.0,2.0,3.0,0.0,0.0,6.5,4.2,1.53
I1,2018-01-06,Torino,Bologna,1656.33,1580.42,2.0,6.0,3.0,4.0,3.0,0.0,H,1.0,0.0,H,19.0,6.0,6.0,1.0,13.0,12.0,4.0,5.0,1.0,2.0,0.0,0.0,2.1,3.39,3.6
I1,2018-01-21,Atalanta,Napoli,1744.93,1879.27,6.0,10.0,9.0,13.0,0.0,1.0,A,0.0,0.0,D,9.0,12.0,3.0,3.0,10.0,13.0,8.0,7.0,0.0,2.0,0.0,0.0,3.6,3.5,2.04
I1,2018-01-21,Bologna,Benevento,1571.87,1438.16,3.0,3.0,6.0,6.0,3.0,0.0,H,1.0,0.0,H,8.0,4.0,6.0,1.0,11.0,15.0,5.0,3.0,4.0,2.0,0.0,0.0,1.7,3.6,5.5
I1,2018-01-21,Cagliari,Milan,1564.0,1661.11,3.0,4.0,4.0,7.0,1.0,2.0,A,1.0,2.0,A,12.0,16.0,3.0,6.0,23.0,17.0,5.0,8.0,5.0,4.0,1.0,1.0,3.75,3.39,2.04
I1,2018-01-21,Inter,Roma,1750.21,1843.45,2.0,3.0,1.0,5.0,1.0,1.0,D,0.0,1.0,A,17.0,7.0,7.0,1.0,13.0,13.0,6.0,5.0,2.0,0.0,0.0,0.0,2.39,3.5,2.89
I1,2018-01-21,Lazio,Chievo,1755.95,1562.67,7.0,8.0,1.0,2.0,5.0,1.0,H,2.0,1.0,H,18.0,9.0,11.0,3.0,5.0,3.0,2.0,2.0,1.0,0.0,0.0,0.0,1.25,6.25,12.0
I1,2018-01-21,Sampdoria,Fiorentina,1623.82,1687.32,3.0,4.0,5.0,7.0,3.0,1.0,H,1.0,0.0,H,14.0,12.0,10.0,5.0,5.0,16.0,7.0,4.0,1.0,2.0,0.0,0.0,3.0,3.39,2.37
I1,2018-01-21,Sassuolo,Torino,1594.36,1664.88,4.0,10.0,5.0,8.0,1.0,1.0,D,0.0,1.0,A,18.0,9.0,6.0,4.0,16.0,15.0,6.0,7.0,4.0,2.0,0.0,0.0,2.62,3.25,2.75
I1,2018-01-21,Udinese,Spal,1627.59,1503.24,7.0,13.0,1.0,5.0,1.0,1.0,D,1.0,0.0,H,6.0,14.0,1.0,4.0,23.0,12.0,5.0,7.0,2.0,3.0,0.0,0.0,1.75,3.39,5.5
I1,2018-01-21,Verona,Crotone,1508.41,1501.49,0.0,4.0,0.0,3.0,0.0,3.0,A,0.0,1.0,A,10.0,9.0,2.0,5.0,13.0,15.0,5.0,1.0,1.0,5.0,1.0,0.0,2.1,3.25,3.75
I1,2018-01-22,Juventus,Genoa,1958.55,1565.99,9.0,13.0,7.0,8.0,1.0,0.0,H,1.0,0.0,H,15.0,3.0,5.0,0.0,23.0,17.0,4.0,3.0,1.0,5.0,0.0,0.0,1.19,6.5,17.0
I1,2018-01-24,Lazio,Udinese,1755.95,1627.59,7.0,11.0,5.0,11.0,3.0,0.0,H,1.0,0.0,H,11.0,12.0,7.0,4.0,8.0,5.0,3.0,6.0,0.0,2.0,0.0,0.0,1.5,4.33,6.5
I1,2018-01-24,Sampdoria,Roma,1623.82,1843.45,6.0,6.0,2.0,5.0,1.0,1.0,D,1.0,0.0,H,13.0,20.0,3.0,4.0,10.0,12.0,6.0,7.0,1.0,3.0,0.0,0.0,4.0,3.6,1.9
I1,2018-01-27,Chievo,Juventus,1562.67,1958.55,1.0,1.0,9.0,15.0,0.0,2.0,A,0.0,0.0,D,1.0,16.0,1.0,7.0,9.0,11.0,2.0,4.0,2.0,2.0,2.0,0.0,10.0,5.0,1.33
I1,2018-01-27,Sassuolo,Atalanta,1594.36,1744.93,2.0,8.0,3.0,7.0,0.0,3.0,A,0.0,1.0,A,10.0,17.0,1.0,10.0,11.0,11.0,5.0,7.0,2.0,0.0,1.0,0.0,3.39,3.29,2.2
I1,2018-01-28,Crotone,Cagliari,1501.49,1564.0,3.0,6.0,3.0,3.0,1.0,1.0,D,1.0,1.0,D,13.0,6.0,6.0,3.0,18.0,15.0,9.0,4.0,2.0,2.0,0.0,1.0,2.39,3.1,3.2
I1,2018-01-28,Fiorentina,Verona,1687.32,1508.41,2.0,6.0,0.0,3.0,1.0,4.0,A,0.0,2.0,A,28.0,8.0,6.0,5.0,13.0,16.0,11.0,3.0,3.0,4.0,0.0,0.0,1.28,5.5,11.0
I1,2018-01-28,Genoa,Udinese,1565.99,1627.59,4.0,8.0,2.0,8.0,0.0,1.0,A,0.0,0.0,D,19.0,6.0,2.0,1.0,11.0,17.0,10.0,3.0,2.0,0.0,0.0,1.0,2.14,3.1,3.79
I1,2018-01-28,Milan,Lazio,1661.11,1755.95,7.0,7.0,9.0,13.0,2.0,1.0,H,2.0,1.0,H,11.0,13.0,5.0,4.0,8.0,14.0,4.0,3.0,2.0,6.0,0.0,0.0,2.39,3.5,2.89
I1,2018-01-28,Napoli,Bologna,1879.27,1571.87,9.0,15.0,3.0,6.0,3.0,1.0,H,2.0,1.0,H,9.0,10.0,4.0,5.0,7.0,13.0,7.0,3.0,1.0,2.0,0.0,0.0,1.18,7.5,15.0
I1,2018-01-28,Roma,Sampdoria,1843.45,1623.82,2.0,3.0,4.0,7.0,0.0,1.0,A,0.0,0.0,D,19.0,15.0,8.0,10.0,8.0,7.0,10.0,10.0,2.0,2.0,0.0,0.0,1.39,5.0,7.5
I1,2018-01-28,Spal,Inter,1503.24,1750.21,1.0,5.0,3.0,3.0,1.0,1.0,D,0.0,0.0,D,12.0,10.0,3.0,6.0,7.0,26.0,4.0,6.0,1.0,0.0,0.0,0.0,5.5,3.79,1.66
I1,2018-01-28,Torino,Benevento,1664.88,1438.16,5.0,6.0,6.0,6.0,3.0,0.0,H,3.0,0.0,H,14.0,6.0,5.0,1.0,14.0,10.0,6.0,3.0,2.0,1.0,0.0,1.0,1.44,4.75,7.0
I1,2018-02-03,Inter,Crotone,1746.33,1517.61,3.0,4.0,4.0,4.0,1.0,1.0,D,1.0,0.0,H,11.0,11.0,2.0,2.0,14.0,8.0,7.0,4.0,1.0,3.0,0.0,0.0,1.3,5.25,11.0
I1,2018-02-03,Sampdoria,Torino,1653.24,1668.27,7.0,10.0,7.0,9.0,1.0,1.0,D,1.0,1.0,D,9.0,14.0,3.0,5.0,15.0,19.0,6.0,4.0,3.0,4.0,0.0,1.0,2.39,3.39,2.89
I1,2018-02-04,Atalanta,Chievo,1748.93,1555.06,6.0,9.0,1.0,1.0,1.0,0.0,H,0.0,0.0,D,24.0,4.0,4.0,0.0,11.0,14.0,10.0,3.0,0.0,1.0,0.0,0.0,1.36,4.75,9.5
I1,2018-02-04,Benevento,Napoli,1427.84,1887.32,3.0,6.0,9.0,15.0,0.0,2.0,A,0.0,1.0,A,14.0,17.0,4.0,5.0,4.0,6.0,4.0,5.0,1.0,0.0,0.0,0.0,17.0,7.0,1.18
I1,2018-02-04,Bologna,Fiorentina,1576.31,1652.49,3.0,6.0,1.0,5.0,1.0,2.0,A,1.0,1.0,D,8.0,11.0,4.0,6.0,11.0,12.0,4.0,4.0,2.0,1.0,0.0,0.0,3.39,3.29,2.2
I1,2018-02-04,Cagliari,Spal,1557.47,1512.96,1.0,4.0,2.0,3.0,2.0,0.0,H,1.0,0.0,H,10.0,10.0,4.0,3.0,26.0,16.0,6.0,3.0,5.0,2.0,0.0,0.0,2.14,3.25,3.6
I1,2018-02-04,Juventus,Sassuolo,1961.77,1584.81,9.0,15.0,1.0,5.0,7.0,0.0,H,4.0,0.0,H,17.0,5.0,10.0,1.0,8.0,8.0,5.0,1.0,0.0,2.0,0.0,0.0,1.22,6.0,15.0
I1,2018-02-04,Udinese,Milan,1624.96,1677.19,4.0,8.0,9.0,10.0,1.0,1.0,D,0.0,1.0,A,13.0,15.0,3.0,4.0,18.0,13.0,5.0,5.0,2.0,2.0,0.0,1.0,3.39,3.29,2.2
I1,2018-02-04,Verona,Roma,1515.18,1824.44,3.0,3.0,2.0,3.0,0.0,1.0,A,0.0,1.0,A,9.0,17.0,1.0,8.0,17.0,7.0,4.0,6.0,3.0,1.0,0.0,1.0,7.0,4.5,1.44
I1,2018-02-05,Lazio,Genoa,1758.23,1556.83,6.0,10.0,3.0,7.0,1.0,2.0,A,0.0,0.0,D,22.0,6.0,5.0,4.0,7.0,9.0,8.0,1.0,0.0,1.0,0.0,0.0,1.5,4.2,7.0
I1,2018-02-09,Fiorentina,Juventus,1652.49,1961.77,3.0,5.0,9.0,15.0,0.0,2.0,A,0.0,0.0,D,12.0,4.0,2.0,3.0,12.0,17.0,2.0,5.0,4.0,3.0,0.0,0.0,4.5,3.5,1.85
I1,2018-02-10,Crotone,Atalanta,1517.61,1748.93,5.0,5.0,6.0,9.0,1.0,1.0,D,0.0,0.0,D,9.0,13.0,4.0,4.0,16.0,13.0,4.0,9.0,4.0,2.0,0.0,0.0,4.5,3.5,1.85
I1,2018-02-10,Napoli,Lazio,1887.32,1758.23,9.0,15.0,3.0,9.0,4.0,1.0,H,1.0,1.0,D,17.0,5.0,7.0,1.0,5.0,10.0,2.0,2.0,0.0,3.0,0.0,0.0,1.61,4.33,5.0
I1,2018-02-10,Spal,Milan,1512.96,1677.19,2.0,2.0,7.0,11.0,0.0,4.0,A,0.0,1.0,A,8.0,21.0,0.0,9.0,17.0,16.0,3.0,5.0,3.0,3.0,0.0,0.0,4.5,3.6,1.83
I1,2018-02-11,Chievo,Genoa,1555.06,1556.83,0.0,1.0,3.0,7.0,0.0,1.0,A,0.0,0.0,D,6.0,10.0,1.0,3.0,16.0,17.0,3.0,7.0,1.0,1.0,0.0,0.0,3.1,3.1,2.5
I1,2018-02-11,Inter,Bologna,1746.33,1576.31,3.0,5.0,3.0,3.0,2.0,1.0,H,1.0,1.0,D,15.0,8.0,5.0,4.0,18.0,17.0,7.0,2.0,1.0,3.0,0.0,2.0,1.5,4.2,7.0
I1,2018-02-11,Roma,Benevento,1824.44,1427.84,4.0,5.0,0.0,6.0,5.0,2.0,H,1.0,1.0,D,20.0,6.0,9.0,3.0,9.0,7.0,10.0,3.0,0.0,0.0,0.0,0.0,1.14,8.0,19.0
I1,2018-02-11,Sampdoria,Verona,1653.24,1515.18,5.0,8.0,3.0,3.0,2.0,0.0,H,0.0,0.0,D,22.0,6.0,10.0,1.0,10.0,15.0,8.0,4.0,1.0,1.0,0.0,0.0,1.44,4.5,7.5
I1,2018-02-11,Sassuolo,Cagliari,1584.81,1557.47,1.0,2.0,4.0,7.0,0.0,0.0,D,0.0,0.0,D,15.0,5.0,1.0,2.0,12.0,15.0,4.0,2.0,0.0,1.0,0.0,0.0,2.1,3.39,3.6
I1,2018-02-11,Torino,Udinese,1668.27,1624.96,5.0,9.0,4.0,6.0,2.0,0.0,H,1.0,0.0,H,14.0,12.0,7.0,0.0,12.0,16.0,7.0,3.0,2.0,1.0,0.0,0.0,1.85,3.6,4.33
I1,2018-02-17,Chievo,Cagliari,1541.39,1565.51,0.0,1.0,5.0,5.0,2.0,1.0,H,0.0,0.0,D,9.0,5.0,5.0,3.0,10.0,23.0,7.0,1.0,2.0,3.0,0.0,0.0,2.45,3.2,3.1
I1,2018-02-17,Genoa,Inter,1577.89,1740.92,6.0,9.0,5.0,7.0,2.0,0.0,H,1.0,0.0,H,9.0,14.0,2.0,5.0,11.0,9.0,10.0,8.0,0.0,1.0,0.0,0.0,3.5,3.1,2.25
I1,2018-02-17,Udinese,Roma,1615.13,1826.67,4.0,5.0,6.0,8.0,0.0,2.0,A,0.0,0.0,D,8.0,18.0,3.0,7.0,11.0,10.0,2.0,7.0,3.0,1.0,0.0,0.0,4.33,3.6,1.85
I1,2018-02-18,Atalanta,Fiorentina,1745.18,1654.29,7.0,10.0,3.0,4.0,1.0,1.0,D,1.0,1.0,D,7.0,17.0,3.0,2.0,10.0,18.0,2.0,5.0,2.0,6.0,0.0,1.0,2.29,3.29,3.1
I1,2018-02-18,Benevento,Crotone,1422.94,1527.15,0.0,3.0,3.0,6.0,3.0,2.0,H,1.0,1.0,D,16.0,19.0,8.0,3.0,14.0,10.0,7.0,4.0,5.0,2.0,0.0,0.0,2.54,3.2,2.89
I1,2018-02-18,Bologna,Sassuolo,1563.84,1578.32,0.0,3.0,1.0,2.0,2.0,1.0,H,1.0,1.0,D,10.0,19.0,6.0,6.0,12.0,19.0,2.0,9.0,1.0,4.0,0.0,1.0,2.54,3.2,2.87
I1,2018-02-18,Milan,Sampdoria,1685.44,1655.42,7.0,13.0,7.0,11.0,1.0,0.0,H,1.0,0.0,H,20.0,9.0,8.0,2.0,13.0,15.0,11.0,1.0,1.0,3.0,0.0,0.0,1.72,4.0,4.5
I1,2018-02-18,Napoli,Spal,1892.96,1493.02,9.0,15.0,1.0,2.0,1.0,0.0,H,1.0,0.0,H,19.0,4.0,5.0,1.0,10.0,11.0,10.0,1.0,1.0,4.0,0.0,0.0,1.14,8.0,23.0
I1,2018-02-18,Torino,Juventus,1675.5,1961.1,7.0,11.0,9.0,15.0,0.0,1.0,A,0.0,1.0,A,6.0,8.0,3.0,3.0,14.0,8.0,2.0,3.0,1.0,1.0,0.0,0.0,4.75,3.75,1.75
I1,2018-02-19,Lazio,Verona,1736.48,1505.6,0.0,6.0,3.0,3.0,2.0,0.0,H,0.0,0.0,D,33.0,5.0,10.0,0.0,7.0,10.0,11.0,2.0,0.0,1.0,0.0,0.0,1.16,7.5,17.0
I1,2018-02-24,Bologna,Genoa,1563.84,1577.89,3.0,6.0,9.0,9.0,2.0,0.0,H,0.0,0.0,D,7.0,16.0,4.0,3.0,9.0,12.0,2.0,8.0,2.0,0.0,0.0,0.0,2.89,3.0,2.7
I1,2018-02-24,Inter,Benevento,1740.92,1422.94,4.0,6.0,3.0,3.0,2.0,0.0,H,0.0,0.0,D,9.0,10.0,4.0,1.0,15.0,14.0,6.0,2.0,2.0,3.0,0.0,1.0,1.25,6.0,11.0
I1,2018-02-25,Crotone,Spal,1527.15,1493.02,2.0,6.0,0.0,2.0,2.0,3.0,A,0.0,1.0,A,17.0,10.0,7.0,6.0,19.0,13.0,5.0,4.0,1.0,4.0,0.0,0.0,2.29,3.1,3.39
I1,2018-02-25,Fiorentina,Chievo,1654.29,1541.39,4.0,4.0,3.0,3.0,1.0,0.0,H,1.0,0.0,H,14.0,5.0,5.0,2.0,16.0,17.0,9.0,10.0,1.0,1.0,0.0,0.0,1.5,4.2,7.0
I1,2018-02-25,Roma,Milan,1826.67,1685.44,9.0,10.0,7.0,13.0,0.0,2.0,A,0.0,0.0,D,18.0,10.0,3.0,5.0,11.0,6.0,9.0,3.0,0.0,0.0,0.0,0.0,1.95,3.6,3.79
I1,2018-02-25,Sampdoria,Udinese,1655.42,1615.13,4.0,8.0,1.0,4.0,2.0,1.0,H,1.0,0.0,H,14.0,16.0,3.0,4.0,11.0,16.0,5.0,4.0,2.0,2.0,0.0,0.0,1.9,3.5,4.2
I1,2018-02-25,Sassuolo,Lazio,1578.32,1736.48,1.0,2.0,3.0,6.0,0.0,3.0,A,0.0,2.0,A,15.0,6.0,4.0,4.0,11.0,10.0,4.0,0.0,3.0,3.0,1.0,1.0,4.0,3.6,1.9
I1,2018-02-25,Verona,Torino,1505.6,1675.5,0.0,3.0,4.0,8.0,2.0,1.0,H,1.0,0.0,H,7.0,12.0,4.0,2.0,12.0,19.0,7.0,7.0,3.0,1.0,0.0,0.0,5.25,3.79,1.66
I1,2018-02-26,Cagliari,Napoli,1565.51,1892.96,4.0,5.0,9.0,15.0,0.0,5.0,A,0.0,2.0,A,7.0,18.0,3.0,8.0,12.0,5.0,1.0,2.0,2.0,1.0,0.0,0.0,10.0,5.0,1.33
I1,2018-03-03,Lazio,Juventus,1752.74,1961.25,6.0,6.0,9.0,15.0,0.0,1.0,A,0.0,0.0,D,4.0,6.0,2.0,1.0,16.0,11.0,4.0,4.0,3.0,2.0,0.0,0.0,3.5,3.29,2.2
I1,2018-03-03,Napoli,Roma,1883.26,1807.93,9.0,15.0,6.0,9.0,2.0,4.0,A,1.0,2.0,A,26.0,11.0,13.0,5.0,7.0,8.0,10.0,2.0,1.0,2.0,0.0,0.0,1.57,4.0,6.0
I1,2018-03-03,Spal,Bologna,1499.42,1578.38,3.0,4.0,6.0,6.0,1.0,0.0,H,0.0,0.0,D,11.0,6.0,1.0,0.0,12.0,15.0,4.0,4.0,5.0,3.0,1.0,1.0,2.39,3.2,3.2
I1,2018-03-09,Roma,Torino,1807.93,1658.89,6.0,12.0,3.0,7.0,3.0,0.0,H,0.0,0.0,D,15.0,10.0,5.0,3.0,8.0,21.0,13.0,6.0,1.0,2.0,0.0,0.0,1.61,4.2,5.25
I1,2018-03-10,Verona,Chievo,1510.59,1541.78,3.0,6.0,3.0,3.0,1.0,0.0,H,0.0,0.0,D,7.0,10.0,2.0,2.0,11.0,16.0,3.0,4.0,4.0,6.0,0.0,0.0,3.39,3.29,2.2
I1,2018-03-11,Bologna,Atalanta,1578.38,1729.07,6.0,6.0,5.0,8.0,0.0,1.0,A,0.0,0.0,D,10.0,21.0,1.0,5.0,11.0,12.0,5.0,10.0,3.0,0.0,0.0,0.0,4.2,3.39,1.95
I1,2018-03-11,Cagliari,Lazio,1550.09,1752.74,1.0,5.0,6.0,6.0,2.0,2.0,D,1.0,1.0,D,5.0,12.0,4.0,4.0,13.0,10.0,1.0,4.0,2.0,4.0,0.0,0.0,5.25,3.75,1.66
I1,2018-03-11,Crotone,Sampdoria,1504.72,1652.6,1.0,3.0,6.0,10.0,4.0,1.0,H,3.0,0.0,H,14.0,11.0,8.0,2.0,16.0,20.0,3.0,10.0,1.0,2.0,0.0,0.0,3.25,3.25,2.29
I1,2018-03-11,Fiorentina,Benevento,1659.54,1427.45,4.0,7.0,3.0,3.0,1.0,0.0,H,1.0,0.0,H,14.0,11.0,5.0,3.0,11.0,8.0,8.0,9.0,2.0,3.0,0.0,0.0,1.36,5.0,8.5
I1,2018-03-11,Genoa,Milan,1580.55,1717.73,6.0,9.0,9.0,13.0,0.0,1.0,A,0.0,0.0,D,9.0,14.0,2.0,7.0,5.0,9.0,3.0,3.0,1.0,0.0,0.0,0.0,3.39,3.0,2.39
I1,2018-03-11,Inter,Napoli,1724.72,1883.26,6.0,8.0,6.0,12.0,0.0,0.0,D,0.0,0.0,D,3.0,11.0,1.0,2.0,9.0,10.0,2.0,3.0,1.0,3.0,0.0,0.0,4.0,3.39,1.95
I1,2018-03-11,Juventus,Udinese,1961.25,1600.85,9.0,15.0,0.0,4.0,2.0,0.0,H,1.0,0.0,H,11.0,5.0,4.0,1.0,7.0,9.0,5.0,3.0,1.0,2.0,0.0,0.0,1.22,6.5,13.0
I1,2018-03-11,Sassuolo,Spal,1560.13,1499.42,1.0,1.0,6.0,6.0,1.0,1.0,D,1.0,1.0,D,15.0,6.0,4.0,2.0,13.0,14.0,9.0,3.0,3.0,3.0,0.0,0.0,2.0,3.2,4.0
I1,2018-03-14,Juventus,Atalanta,1961.25,1729.07,9.0,15.0,5.0,11.0,2.0,0.0,H,1.0,0.0,H,15.0,8.0,3.0,0.0,8.0,23.0,3.0,8.0,3.0,5.0,0.0,1.0,1.39,4.5,8.5
I1,2018-03-17,Spal,Juventus,1514.46,1988.19,7.0,7.0,9.0,15.0,0.0,0.0,D,0.0,0.0,D,3.0,12.0,0.0,3.0,15.0,16.0,3.0,7.0,5.0,2.0,0.0,0.0,13.0,5.0,1.3
I1,2018-03-17,Udinese,Sassuolo,1602.68,1560.5,0.0,1.0,1.0,2.0,1.0,2.0,A,1.0,1.0,D,11.0,12.0,3.0,3.0,14.0,15.0,4.0,7.0,1.0,2.0,0.0,0.0,2.1,3.29,3.75
I1,2018-03-18,Benevento,Cagliari,1428.45,1557.21,3.0,3.0,1.0,5.0,1.0,2.0,A,0.0,0.0,D,15.0,12.0,4.0,3.0,11.0,7.0,5.0,9.0,2.0,2.0,0.0,0.0,2.39,3.39,2.89
I1,2018-03-18,Crotone,Roma,1526.01,1842.62,3.0,5.0,6.0,12.0,0.0,2.0,A,0.0,1.0,A,8.0,20.0,3.0,8.0,10.0,11.0,4.0,5.0,0.0,0.0,0.0,0.0,6.0,4.33,1.53
I1,2018-03-18,Lazio,Bologna,1742.55,1567.33,4.0,7.0,3.0,6.0,1.0,1.0,D,1.0,1.0,D,21.0,10.0,4.0,3.0,7.0,9.0,5.0,3.0,2.0,2.0,0.0,0.0,1.33,4.75,9.5
I1,2018-03-18,Milan,Chievo,1717.08,1537.51,9.0,13.0,3.0,3.0,3.0,2.0,H,1.0,2.0,A,18.0,6.0,6.0,2.0,13.0,18.0,10.0,1.0,3.0,5.0,0.0,0.0,1.36,4.75,9.5
I1,2018-03-18,Napoli,Genoa,1868.0,1577.57,4.0,10.0,3.0,9.0,1.0,0.0,H,0.0,0.0,D,16.0,12.0,4.0,3.0,7.0,11.0,8.0,3.0,1.0,2.0,0.0,0.0,1.19,6.5,13.0
I1,2018-03-18,Sampdoria,Inter,1637.82,1730.54,3.0,7.0,4.0,8.0,0.0,5.0,A,0.0,4.0,A,10.0,15.0,2.0,8.0,6.0,9.0,7.0,9.0,2.0,1.0,0.0,0.0,3.75,3.5,2.0
I1,2018-03-18,Torino,Fiorentina,1656.65,1665.06,0.0,4.0,7.0,10.0,1.0,2.0,A,0.0,0.0,D,10.0,13.0,3.0,5.0,14.0,16.0,2.0,3.0,3.0,3.0,0.0,0.0,2.25,3.39,3.1
I1,2018-03-18,Verona,Atalanta,1521.38,1734.73,6.0,6.0,4.0,8.0,0.0,5.0,A,0.0,2.0,A,6.0,24.0,0.0,11.0,11.0,13.0,4.0,4.0,3.0,2.0,0.0,0.0,7.5,4.0,1.5
I1,2018-03-31,Atalanta,Udinese,1734.73,1602.68,6.0,8.0,0.0,0.0,2.0,0.0,H,0.0,0.0,D,23.0,9.0,7.0,2.0,9.0,10.0,10.0,6.0,1.0,2.0,0.0,0.0,1.44,4.2,7.5
I1,2018-03-31,Bologna,Roma,1567.33,1842.62,1.0,7.0,9.0,12.0,1.0,1.0,D,1.0,0.0,H,6.0,17.0,1.0,5.0,14.0,7.0,3.0,11.0,3.0,1.0,0.0,0.0,4.75,3.75,1.7
I1,2018-03-31,Cagliari,Torino,1557.21,1656.65,4.0,5.0,0.0,3.0,0.0,4.0,A,0.0,0.0,D,9.0,13.0,2.0,6.0,10.0,16.0,5.0,7.0,0.0,1.0,0.0,0.0,3.0,3.39,2.29
I1,2018-03-31,Chievo,Sampdoria,1537.51,1637.82,0.0,3.0,3.0,6.0,2.0,1.0,H,0.0,1.0,A,7.0,15.0,4.0,7.0,15.0,11.0,2.0,6.0,3.0,2.0,0.0,0.0,2.29,3.29,3.1
I1,2018-03-31,Fiorentina,Crotone,1665.06,1526.01,9.0,10.0,3.0,4.0,2.0,0.0,H,1.0,0.0,H,15.0,6.0,6.0,2.0,21.0,10.0,6.0,3.0,4.0,5.0,0.0,1.0,1.44,4.5,6.5
I1,2018-03-31,Genoa,Spal,1577.57,1514.46,0.0,6.0,5.0,8.0,1.0,1.0,D,1.0,0.0,H,15.0,7.0,2.0,4.0,26.0,13.0,7.0,2.0,4.0,2.0,0.0,1.0,1.95,3.29,4.0
I1,2018-03-31,Inter,Verona,1730.54,1521.38,7.0,10.0,6.0,6.0,3.0,0.0,H,2.0,0.0,H,23.0,8.0,4.0,1.0,7.0,11.0,5.0,3.0,1.0,3.0,0.0,1.0,1.14,7.5,17.0
I1,2018-03-31,Juventus,Milan,1988.19,1717.08,7.0,13.0,9.0,15.0,3.0,1.0,H,1.0,1.0,D,7.0,10.0,4.0,5.0,9.0,17.0,2.0,3.0,1.0,3.0,0.0,0.0,1.66,3.6,5.5
I1,2018-03-31,Lazio,Benevento,1742.55,1428.45,2.0,8.0,0.0,3.0,6.0,2.0,H,1.0,1.0,D,27.0,6.0,14.0,3.0,14.0,11.0,8.0,2.0,0.0,4.0,0.0,1.0,1.16,7.0,15.0
I1,2018-03-31,Sassuolo,Napoli,1560.5,1868.0,4.0,5.0,4.0,10.0,1.0,1.0,D,1.0,0.0,H,10.0,12.0,4.0,4.0,16.0,10.0,4.0,5.0,5.0,2.0,0.0,0.0,8.5,4.75,1.36
I1,2018-04-03,Atalanta,Sampdoria,1753.54,1617.65,6.0,10.0,0.0,3.0,1.0,2.0,A,0.0,1.0,A,16.0,10.0,1.0,3.0,13.0,11.0,10.0,7.0,2.0,3.0,0.0,0.0,1.44,4.5,7.5
I1,2018-04-03,Genoa,Cagliari,1577.35,1553.49,1.0,4.0,4.0,4.0,2.0,1.0,H,0.0,0.0,D,8.0,9.0,2.0,4.0,22.0,17.0,4.0,3.0,2.0,4.0,0.0,0.0,1.8,3.39,5.0
I1,2018-04-03,Udinese,Fiorentina,1591.78,1683.46,0.0,0.0,9.0,13.0,0.0,2.0,A,0.0,1.0,A,13.0,15.0,4.0,4.0,11.0,15.0,5.0,6.0,2.0,4.0,0.0,0.0,3.39,3.29,2.2
I1,2018-04-04,Benevento,Verona,1424.32,1512.56,0.0,3.0,3.0,6.0,3.0,0.0,H,1.0,0.0,H,22.0,3.0,15.0,0.0,13.0,25.0,9.0,2.0,2.0,2.0,0.0,0.0,1.8,3.79,4.33
I1,2018-04-04,Chievo,Sassuolo,1547.87,1581.63,3.0,6.0,5.0,5.0,1.0,1.0,D,0.0,0.0,D,6.0,12.0,2.0,4.0,22.0,7.0,2.0,1.0,4.0,2.0,0.0,2.0,2.7,3.0,2.87
I1,2018-04-04,Milan,Inter,1718.42,1754.53,6.0,12.0,7.0,10.0,0.0,0.0,D,0.0,0.0,D,13.0,14.0,3.0,2.0,10.0,13.0,7.0,4.0,1.0,4.0,0.0,0.0,2.75,3.2,2.7
I1,2018-04-04,Torino,Crotone,1666.36,1522.09,3.0,3.0,3.0,3.0,4.0,1.0,H,3.0,0.0,H,9.0,12.0,5.0,2.0,14.0,13.0,3.0,3.0,1.0,1.0,0.0,0.0,1.53,4.0,7.0
I1,2018-04-07,Benevento,Juventus,1424.32,1987.04,3.0,3.0,7.0,13.0,2.0,4.0,A,1.0,2.0,A,16.0,15.0,6.0,5.0,10.0,10.0,9.0,2.0,0.0,1.0,0.0,0.0,17.0,6.0,1.22
I1,2018-04-07,Roma,Fiorentina,1845.21,1683.46,7.0,10.0,9.0,15.0,0.0,2.0,A,0.0,2.0,A,25.0,4.0,9.0,3.0,8.0,9.0,9.0,1.0,4.0,2.0,0.0,0.0,1.75,3.79,4.5
I1,2018-04-07,Sampdoria,Genoa,1617.65,1577.35,3.0,6.0,4.0,4.0,0.0,0.0,D,0.0,0.0,D,18.0,7.0,4.0,2.0,10.0,13.0,5.0,1.0,1.0,2.0,0.0,0.0,2.7,3.2,2.7
I1,2018-04-07,Spal,Atalanta,1530.37,1753.54,3.0,9.0,6.0,9.0,1.0,1.0,D,1.0,0.0,H,8.0,19.0,4.0,6.0,10.0,24.0,3.0,3.0,3.0,2.0,0.0,0.0,4.5,3.5,1.85
I1,2018-04-08,Crotone,Bologna,1522.09,1583.47,0.0,3.0,2.0,5.0,1.0,0.0,H,1.0,0.0,H,6.0,11.0,5.0,1.0,16.0,20.0,1.0,5.0,2.0,4.0,0.0,0.0,2.37,3.1,3.25
I1,2018-04-08,Milan,Sassuolo,1718.42,1581.63,4.0,10.0,5.0,6.0,1.0,1.0,D,0.0,0.0,D,22.0,8.0,8.0,3.0,15.0,10.0,12.0,3.0,3.0,2.0,0.0,0.0,1.44,4.5,6.5
I1,2018-04-08,Napoli,Chievo,1868.11,1547.87,5.0,8.0,4.0,4.0,2.0,1.0,H,0.0,0.0,D,31.0,4.0,12.0,2.0,7.0,12.0,14.0,0.0,2.0,3.0,0.0,0.0,1.16,7.5,17.0
I1,2018-04-08,Torino,Inter,1666.36,1754.53,6.0,6.0,7.0,11.0,1.0,0.0,H,1.0,0.0,H,10.0,15.0,3.0,8.0,5.0,16.0,1.0,16.0,2.0,3.0,0.0,0.0,3.6,3.39,2.1
I1,2018-04-08,Udinese,Lazio,1591.78,1760.06,0.0,0.0,5.0,8.0,1.0,2.0,A,1.0,2.0,A,10.0,14.0,3.0,4.0,9.0,7.0,5.0,5.0,0.0,2.0,0.0,0.0,4.2,3.75,1.83
I1,2018-04-08,Verona,Cagliari,1512.56,1553.49,0.0,6.0,3.0,4.0,1.0,0.0,H,1.0,0.0,H,11.0,10.0,4.0,3.0,18.0,13.0,2.0,9.0,4.0,1.0,0.0,0.0,3.39,3.29,2.2
I1,2018-04-14,Atalanta,Inter,1753.54,1754.53,4.0,7.0,4.0,8.0,0.0,0.0,D,0.0,0.0,D,16.0,10.0,4.0,2.0,14.0,5.0,8.0,4.0,4.0,2.0,0.0,0.0,2.7,3.29,2.62
I1,2018-04-14,Cagliari,Udinese,1553.49,1591.78,0.0,4.0,0.0,0.0,2.0,1.0,H,1.0,1.0,D,12.0,7.0,3.0,1.0,11.0,12.0,7.0,3.0,2.0,3.0,0.0,0.0,2.39,3.2,3.1
I1,2018-04-14,Chievo,Torino,1547.87,1666.36,4.0,4.0,9.0,9.0,0.0,0.0,D,0.0,0.0,D,6.0,12.0,0.0,3.0,15.0,11.0,4.0,4.0,2.0,0.0,1.0,0.0,3.29,3.29,2.25
I1,2018-04-14,Genoa,Crotone,1577.35,1522.09,5.0,5.0,3.0,6.0,1.0,0.0,H,1.0,0.0,H,17.0,10.0,5.0,1.0,21.0,15.0,5.0,4.0,2.0,3.0,0.0,0.0,1.85,3.39,4.75
I1,2018-04-15,Bologna,Verona,1573.23,1503.06,2.0,2.0,3.0,6.0,2.0,0.0,H,1.0,0.0,H,14.0,8.0,6.0,1.0,17.0,15.0,3.0,4.0,3.0,2.0,0.0,0.0,1.61,3.75,6.0
I1,2018-04-15,Fiorentina,Spal,1709.95,1532.75,9.0,15.0,3.0,7.0,0.0,0.0,D,0.0,0.0,D,24.0,4.0,6.0,1.0,14.0,8.0,8.0,4.0,2.0,2.0,0.0,0.0,1.5,4.0,7.5
I1,2018-04-15,Juventus,Sampdoria,1977.04,1625.52,7.0,13.0,4.0,4.0,3.0,0.0,H,1.0,0.0,H,16.0,8.0,5.0,3.0,8.0,6.0,6.0,8.0,2.0,0.0,0.0,0.0,1.19,6.5,15.0
I1,2018-04-15,Lazio,Roma,1751.69,1840.59,7.0,8.0,4.0,10.0,0.0,0.0,D,0.0,0.0,D,7.0,10.0,1.0,1.0,14.0,13.0,7.0,2.0,4.0,2.0,1.0,0.0,2.79,3.39,2.5
I1,2018-04-15,Milan,Napoli,1711.05,1867.7,2.0,8.0,7.0,8.0,0.0,0.0,D,0.0,0.0,D,13.0,15.0,2.0,4.0,10.0,6.0,11.0,8.0,2.0,2.0,0.0,0.0,4.5,3.5,1.85
I1,2018-04-15,Sassuolo,Benevento,1585.53,1437.06,3.0,7.0,3.0,3.0,2.0,2.0,D,1.0,1.0,D,15.0,10.0,3.0,2.0,12.0,23.0,7.0,1.0,3.0,2.0,0.0,0.0,1.66,3.79,5.25
I1,2018-04-17,Inter,Cagliari,1746.06,1545.18,2.0,8.0,3.0,6.0,4.0,0.0,H,1.0,0.0,H,20.0,0.0,9.0,0.0,7.0,10.0,10.0,2.0,1.0,1.0,0.0,0.0,1.19,7.0,15.0
I1,2018-04-18,Benevento,Atalanta,1437.06,1733.63,4.0,4.0,2.0,8.0,0.0,3.0,A,0.0,1.0,A,12.0,12.0,4.0,8.0,13.0,21.0,6.0,1.0,2.0,2.0,0.0,0.0,5.75,4.0,1.61
I1,2018-04-18,Crotone,Juventus,1517.44,1977.04,3.0,3.0,9.0,13.0,1.0,1.0,D,0.0,1.0,A,9.0,13.0,3.0,4.0,9.0,12.0,2.0,7.0,1.0,2.0,0.0,0.0,10.0,5.0,1.33
I1,2018-04-18,Fiorentina,Lazio,1709.95,1751.69,7.0,13.0,7.0,9.0,3.0,4.0,A,2.0,2.0,D,13.0,17.0,6.0,8.0,17.0,14.0,0.0,8.0,3.0,2.0,1.0,1.0,2.79,3.5,2.5
I1,2018-04-18,Napoli,Udinese,1867.7,1567.9,5.0,9.0,0.0,0.0,4.0,2.0,H,1.0,1.0,D,18.0,19.0,9.0,5.0,7.0,12.0,8.0,7.0,1.0,2.0,0.0,0.0,1.18,7.0,17.0
I1,2018-04-18,Roma,Genoa,1840.59,1589.87,2.0,8.0,7.0,8.0,2.0,1.0,H,1.0,0.0,H,15.0,5.0,6.0,1.0,10.0,10.0,7.0,3.0,0.0,1.0,0.0,0.0,1.44,4.5,7.5
I1,2018-04-18,Sampdoria,Bologna,1625.52,1573.23,4.0,4.0,4.0,5.0,1.0,0.0,H,0.0,0.0,D,16.0,11.0,2.0,2.0,11.0,12.0,6.0,6.0,1.0,3.0,0.0,0.0,1.85,3.6,4.33
I1,2018-04-18,Spal,Chievo,1532.75,1546.25,3.0,5.0,2.0,5.0,0.0,0.0,D,0.0,0.0,D,9.0,6.0,1.0,0.0,12.0,24.0,6.0,2.0,1.0,2.0,0.0,0.0,2.2,3.1,3.7
I1,2018-04-18,Torino,Milan,1677.23,1711.05,7.0,10.0,3.0,6.0,1.0,1.0,D,0.0,1.0,A,12.0,9.0,5.0,5.0,21.0,13.0,6.0,6.0,4.0,3.0,1.0,0.0,3.1,3.29,2.37
I1,2018-04-18,Verona,Sassuolo,1503.06,1585.53,3.0,3.0,3.0,7.0,0.0,1.0,A,0.0,1.0,A,9.0,15.0,2.0,5.0,19.0,14.0,6.0,5.0,3.0,4.0,0.0,0.0,4.33,3.39,1.9
I1,2018-04-21,Milan,Benevento,1711.05,1437.06,3.0,4.0,1.0,4.0,0.0,1.0,A,0.0,1.0,A,21.0,5.0,6.0,1.0,13.0,7.0,4.0,1.0,2.0,4.0,0.0,1.0,1.19,6.5,15.0
I1,2018-04-21,Sassuolo,Fiorentina,1585.53,1709.95,5.0,7.0,4.0,10.0,1.0,0.0,H,1.0,0.0,H,10.0,6.0,6.0,1.0,22.0,20.0,4.0,2.0,6.0,4.0,0.0,1.0,3.25,3.29,2.29
I1,2018-04-21,Spal,Roma,1532.75,1840.59,3.0,5.0,4.0,8.0,0.0,3.0,A,0.0,1.0,A,6.0,14.0,3.0,7.0,10.0,11.0,2.0,3.0,4.0,1.0,0.0,0.0,4.75,3.5,1.8
I1,2018-04-22,Atalanta,Torino,1733.63,1677.23,5.0,8.0,5.0,11.0,2.0,1.0,H,0.0,0.0,D,22.0,10.0,8.0,1.0,19.0,18.0,11.0,4.0,2.0,2.0,0.0,0.0,1.57,4.0,6.0
I1,2018-04-22,Cagliari,Bologna,1545.18,1573.23,3.0,3.0,3.0,5.0,0.0,0.0,D,0.0,0.0,D,13.0,5.0,2.0,2.0,15.0,13.0,7.0,1.0,3.0,5.0,0.0,0.0,2.0,3.39,3.89
I1,2018-04-22,Chievo,Inter,1546.25,1746.06,2.0,6.0,4.0,8.0,1.0,2.0,A,0.0,0.0,D,13.0,11.0,6.0,5.0,11.0,9.0,4.0,10.0,1.0,1.0,0.0,0.0,7.5,3.79,1.53
I1,2018-04-22,Juventus,Napoli,1977.04,1867.7,7.0,11.0,7.0,11.0,0.0,1.0,A,0.0,0.0,D,4.0,12.0,0.0,4.0,10.0,17.0,3.0,3.0,3.0,1.0,0.0,0.0,2.1,3.25,3.75
I1,2018-04-22,Lazio,Sampdoria,1751.69,1625.52,7.0,11.0,4.0,7.0,4.0,0.0,H,2.0,0.0,H,15.0,6.0,9.0,2.0,11.0,8.0,8.0,4.0,1.0,2.0,0.0,0.0,1.3,6.0,9.0
I1,2018-04-22,Udinese,Crotone,1567.9,1517.44,0.0,0.0,4.0,4.0,1.0,2.0,A,1.0,1.0,D,15.0,11.0,6.0,2.0,21.0,7.0,6.0,5.0,2.0,0.0,0.0,0.0,1.9,3.39,4.33
I1,2018-04-23,Genoa,Verona,1589.87,1503.06,4.0,8.0,3.0,3.0,3.0,1.0,H,1.0,0.0,H,18.0,13.0,8.0,3.0,13.0,10.0,8.0,2.0,2.0,3.0,0.0,0.0,1.44,4.2,8.5
I1,2018-04-28,Inter,Juventus,1746.06,1977.04,7.0,8.0,4.0,10.0,2.0,3.0,A,0.0,1.0,A,10.0,13.0,5.0,4.0,7.0,15.0,2.0,8.0,2.0,5.0,1.0,0.0,3.25,3.25,2.29
I1,2018-04-28,Roma,Chievo,1840.59,1546.25,7.0,8.0,2.0,3.0,4.0,1.0,H,2.0,0.0,H,15.0,12.0,7.0,6.0,12.0,10.0,3.0,7.0,2.0,2.0,1.0,0.0,1.36,4.75,10.0
I1,2018-04-29,Atalanta,Genoa,1733.63,1589.87,7.0,8.0,6.0,10.0,3.0,1.0,H,2.0,0.0,H,13.0,12.0,6.0,3.0,13.0,6.0,1.0,7.0,3.0,1.0,0.0,0.0,1.33,5.0,10.0
I1,2018-04-29,Benevento,Udinese,1437.06,1567.9,4.0,7.0,0.0,0.0,3.0,3.0,D,1.0,1.0,D,12.0,15.0,6.0,6.0,11.0,19.0,4.0,4.0,4.0,3.0,1.0,0.0,3.6,3.5,2.04
I1,2018-04-29,Bologna,Milan,1573.23,1711.05,4.0,5.0,2.0,4.0,1.0,2.0,A,0.0,2.0,A,12.0,9.0,7.0,4.0,14.0,12.0,7.0,1.0,1.0,1.0,0.0,0.0,5.0,3.75,1.72
I1,2018-04-29,Crotone,Sassuolo,1517.44,1585.53,4.0,7.0,7.0,9.0,4.0,1.0,H,3.0,1.0,H,11.0,14.0,7.0,6.0,15.0,8.0,4.0,6.0,3.0,1.0,0.0,0.0,2.2,3.25,3.5
I1,2018-04-29,Fiorentina,Napoli,1709.95,1867.7,1.0,7.0,7.0,11.0,3.0,0.0,H,1.0,0.0,H,28.0,4.0,10.0,1.0,17.0,10.0,2.0,3.0,3.0,5.0,0.0,1.0,6.5,4.33,1.5
I1,2018-04-29,Sampdoria,Cagliari,1625.52,1545.18,3.0,7.0,4.0,4.0,4.0,1.0,H,3.0,0.0,H,15.0,6.0,6.0,2.0,8.0,15.0,6.0,2.0,1.0,7.0,0.0,1.0,1.85,3.6,4.2
I1,2018-04-29,Torino,Lazio,1677.23,1751.69,2.0,8.0,7.0,13.0,0.0,1.0,A,0.0,0.0,D,8.0,16.0,2.0,6.0,13.0,14.0,3.0,6.0,2.0,3.0,0.0,0.0,5.25,4.0,1.64
I1,2018-04-29,Verona,Spal,1503.06,1532.75,0.0,3.0,2.0,4.0,1.0,3.0,A,1.0,1.0,D,11.0,17.0,5.0,6.0,16.0,14.0,1.0,8.0,2.0,3.0,0.0,0.0,3.29,3.2,2.29
I1,2018-05-05,Juventus,Bologna,1959.96,1565.62,4.0,10.0,1.0,4.0,3.0,1.0,H,0.0,1.0,A,15.0,6.0,6.0,3.0,12.0,13.0,5.0,2.0,2.0,3.0,0.0,0.0,1.14,8.5,19.0
I1,2018-05-05,Milan,Verona,1702.17,1467.28,4.0,6.0,0.0,3.0,4.0,1.0,H,2.0,0.0,H,17.0,8.0,10.0,2.0,9.0,10.0,5.0,4.0,1.0,0.0,0.0,0.0,1.16,7.5,17.0
I1,2018-05-06,Cagliari,Roma,1528.0,1836.62,1.0,4.0,9.0,10.0,0.0,1.0,A,0.0,1.0,A,12.0,9.0,3.0,1.0,20.0,9.0,9.0,3.0,4.0,1.0,0.0,0.0,9.0,4.5,1.39
I1,2018-05-06,Chievo,Crotone,1537.13,1547.43,1.0,2.0,7.0,10.0,2.0,1.0,H,1.0,0.0,H,11.0,13.0,3.0,3.0,15.0,14.0,8.0,4.0,5.0,1.0,0.0,0.0,2.29,3.2,3.25
I1,2018-05-06,Genoa,Fiorentina,1586.01,1703.51,3.0,7.0,3.0,7.0,2.0,3.0,A,0.0,1.0,A,7.0,19.0,3.0,10.0,8.0,16.0,3.0,7.0,2.0,6.0,2.0,0.0,4.0,3.39,2.0
I1,2018-05-06,Lazio,Atalanta,1771.31,1745.69,9.0,13.0,9.0,11.0,1.0,1.0,D,1.0,1.0,D,13.0,20.0,2.0,6.0,7.0,8.0,6.0,9.0,3.0,2.0,0.0,0.0,2.04,3.6,3.5
I1,2018-05-06,Napoli,Torino,1855.9,1661.48,6.0,10.0,1.0,5.0,2.0,2.0,D,1.0,0.0,H,19.0,5.0,5.0,2.0,10.0,20.0,4.0,2.0,1.0,4.0,0.0,0.0,1.22,6.5,13.0
I1,2018-05-06,Sassuolo,Sampdoria,1579.29,1627.0,6.0,8.0,6.0,7.0,1.0,0.0,H,0.0,0.0,D,18.0,2.0,7.0,0.0,7.0,21.0,9.0,6.0,1.0,1.0,0.0,0.0,2.29,3.25,3.25
I1,2018-05-06,Spal,Benevento,1540.92,1450.89,4.0,6.0,4.0,5.0,2.0,0.0,H,1.0,0.0,H,6.0,12.0,4.0,3.0,16.0,22.0,1.0,4.0,2.0,2.0,0.0,0.0,1.5,4.33,6.5
I1,2018-05-06,Udinese,Inter,1550.52,1747.95,1.0,1.0,6.0,7.0,0.0,4.0,A,0.0,3.0,A,9.0,26.0,2.0,12.0,13.0,7.0,5.0,9.0,1.0,0.0,1.0,0.0,6.0,4.0,1.55
I1,2018-05-12,Benevento,Genoa,1450.89,1586.01,4.0,5.0,3.0,6.0,1.0,0.0,H,0.0,0.0,D,14.0,13.0,3.0,5.0,17.0,7.0,6.0,3.0,1.0,1.0,0.0,0.0,2.62,3.5,2.62
I1,2018-05-12,Inter,Sassuolo,1747.95,1579.29,6.0,10.0,6.0,10.0,1.0,2.0,A,0.0,1.0,A,16.0,13.0,8.0,5.0,9.0,5.0,16.0,2.0,1.0,2.0,0.0,0.0,1.16,8.0,15.0
I1,2018-05-13,Atalanta,Milan,1745.69,1702.17,7.0,11.0,6.0,8.0,1.0,1.0,D,0.0,0.0,D,24.0,5.0,5.0,2.0,21.0,10.0,3.0,8.0,6.0,6.0,1.0,1.0,1.9,3.6,4.0
I1,2018-05-13,Bologna,Chievo,1565.62,1537.13,1.0,4.0,3.0,5.0,1.0,2.0,A,1.0,0.0,H,7.0,13.0,3.0,7.0,13.0,14.0,2.0,7.0,1.0,4.0,0.0,0.0,3.1,3.0,2.54
I1,2018-05-13,Crotone,Lazio,1547.43,1771.31,6.0,7.0,7.0,11.0,2.0,2.0,D,1.0,1.0,D,6.0,18.0,3.0,7.0,12.0,15.0,2.0,9.0,1.0,3.0,0.0,0.0,4.0,3.5,1.95
I1,2018-05-13,Fiorentina,Cagliari,1703.51,1528.0,6.0,7.0,1.0,4.0,0.0,1.0,A,0.0,1.0,A,14.0,14.0,0.0,2.0,15.0,17.0,11.0,5.0,3.0,4.0,1.0,0.0,1.5,4.33,6.5
I1,2018-05-13,Roma,Juventus,1836.62,1959.96,9.0,13.0,6.0,10.0,0.0,0.0,D,0.0,0.0,D,9.0,7.0,2.0,0.0,10.0,13.0,4.0,3.0,2.0,2.0,1.0,0.0,2.37,3.0,3.39
I1,2018-05-13,Sampdoria,Napoli,1627.0,1855.9,3.0,6.0,4.0,8.0,0.0,2.0,A,0.0,0.0,D,11.0,17.0,2.0,9.0,13.0,6.0,3.0,12.0,2.0,2.0,0.0,0.0,5.25,4.2,1.61
I1,2018-05-13,Torino,Spal,1661.48,1540.92,1.0,3.0,6.0,8.0,2.0,1.0,H,0.0,1.0,A,18.0,10.0,10.0,4.0,16.0,14.0,4.0,6.0,2.0,5.0,0.0,0.0,2.29,3.29,3.2
I1,2018-05-13,Verona,Udinese,1467.28,1550.52,0.0,0.0,1.0,1.0,0.0,1.0,A,0.0,1.0,A,11.0,13.0,1.0,5.0,15.0,17.0,3.0,5.0,2.0,2.0,0.0,0.0,6.5,4.33,1.5
I1,2018-05-19,Juventus,Verona,1960.51,1457.02,7.0,8.0,0.0,0.0,2.0,1.0,H,0.0,0.0,D,26.0,9.0,13.0,3.0,13.0,11.0,11.0,5.0,0.0,2.0,0.0,0.0,1.1,11.0,21.0
I1,2018-05-20,Cagliari,Atalanta,1539.95,1746.2,3.0,4.0,5.0,11.0,1.0,0.0,H,0.0,0.0,D,6.0,12.0,4.0,4.0,17.0,14.0,5.0,11.0,3.0,1.0,0.0,0.0,3.1,3.6,2.25
I1,2018-05-20,Chievo,Benevento,1555.11,1455.65,6.0,7.0,4.0,7.0,1.0,0.0,H,0.0,0.0,D,8.0,12.0,5.0,1.0,13.0,9.0,2.0,4.0,1.0,0.0,0.0,0.0,1.53,4.5,5.75
I1,2018-05-20,Genoa,Torino,1570.1,1672.53,0.0,3.0,4.0,5.0,1.0,2.0,A,0.0,1.0,A,12.0,4.0,2.0,2.0,10.0,11.0,7.0,3.0,1.0,3.0,0.0,0.0,2.62,3.5,2.62
I1,2018-05-20,Lazio,Inter,1765.38,1744.87,5.0,11.0,3.0,9.0,2.0,3.0,A,2.0,1.0,H,14.0,15.0,4.0,6.0,12.0,13.0,10.0,4.0,5.0,4.0,2.0,0.0,2.4,3.5,2.9
I1,2018-05-20,Milan,Fiorentina,1709.78,1697.58,7.0,8.0,6.0,6.0,5.0,1.0,H,2.0,1.0,H,18.0,9.0,11.0,3.0,10.0,5.0,6.0,1.0,2.0,1.0,0.0,1.0,1.83,3.8,4.2
I1,2018-05-20,Napoli,Crotone,1856.18,1546.07,4.0,10.0,4.0,8.0,2.0,1.0,H,2.0,0.0,H,19.0,9.0,9.0,4.0,3.0,9.0,6.0,9.0,0.0,0.0,0.0,0.0,1.5,4.75,5.75
I1,2018-05-20,Sassuolo,Roma,1601.29,1844.74,6.0,12.0,7.0,13.0,0.0,1.0,A,0.0,1.0,A,16.0,15.0,3.0,6.0,14.0,8.0,5.0,9.0,1.0,1.0,0.0,0.0,4.0,3.8,1.85
I1,2018-05-20,Spal,Sampdoria,1544.45,1614.71,6.0,7.0,3.0,6.0,3.0,1.0,H,1.0,0.0,H,16.0,9.0,6.0,3.0,10.0,11.0,5.0,3.0,1.0,4.0,0.0,0.0,1.61,4.0,5.5
I1,2018-05-20,Udinese,Bologna,1549.64,1555.12,4.0,4.0,0.0,1.0,1.0,0.0,H,1.0,0.0,H,20.0,8.0,5.0,5.0,9.0,11.0,10.0,2.0,0.0,2.0,0.0,0.0,1.53,4.33,6.0
I1,2018-08-18,Chievo,Juventus,1560.25,1961.7,9.0,9.0,7.0,10.0,2.0,3.0,A,1.0,1.0,D,7.0,23.0,2.0,11.0,7.0,9.0,0.0,8.0,2.0,0.0,0.0,0.0,13.0,5.75,1.25
I1,2018-08-18,Lazio,Napoli,1756.4,1858.36,2.0,8.0,7.0,10.0,1.0,2.0,A,1.0,1.0,D,9.0,11.0,5.0,6.0,8.0,5.0,4.0,7.0,0.0,0.0,0.0,0.0,2.8,3.4,2.5
I1,2018-08-19,Bologna,Spal,1549.04,1557.24,0.0,1.0,6.0,9.0,0.0,1.0,A,0.0,0.0,D,8.0,10.0,3.0,5.0,16.0,11.0,7.0,0.0,4.0,2.0,1.0,0.0,2.25,3.2,3.4
I1,2018-08-19,Empoli,Cagliari,1590.08,1552.59,7.0,9.0,6.0,7.0,2.0,0.0,H,1.0,0.0,H,9.0,12.0,4.0,5.0,19.0,19.0,6.0,6.0,3.0,3.0,0.0,0.0,2.14,3.2,3.6
I1,2018-08-19,Parma,Udinese,1483.65,1557.15,6.0,9.0,6.0,7.0,2.0,2.0,D,1.0,0.0,H,9.0,16.0,6.0,6.0,10.0,13.0,4.0,5.0,2.0,2.0,0.0,0.0,2.45,3.3,2.9
I1,2018-08-19,Sassuolo,Inter,1598.35,1755.28,6.0,9.0,6.0,9.0,1.0,0.0,H,1.0,0.0,H,7.0,11.0,5.0,4.0,23.0,11.0,4.0,4.0,3.0,2.0,0.0,0.0,5.5,4.0,1.61
I1,2018-08-19,Torino,Roma,1680.13,1849.11,7.0,7.0,7.0,13.0,0.0,1.0,A,0.0,0.0,D,8.0,16.0,5.0,13.0,10.0,14.0,6.0,5.0,1.0,3.0,0.0,0.0,3.5,3.5,2.1
I1,2018-08-20,Atalanta,Frosinone,1737.0,1501.82,2.0,8.0,7.0,10.0,4.0,0.0,H,1.0,0.0,H,16.0,6.0,10.0,1.0,14.0,10.0,4.0,4.0,0.0,2.0,0.0,0.0,1.36,4.5,11.0
I1,2018-08-25,Juventus,Lazio,1961.7,1756.4,7.0,13.0,1.0,5.0,2.0,0.0,H,1.0,0.0,H,14.0,8.0,9.0,3.0,12.0,13.0,6.0,2.0,3.0,2.0,0.0,0.0,1.36,5.0,8.5
I1,2018-08-25,Napoli,Milan,1858.36,1723.24,9.0,10.0,7.0,10.0,3.0,2.0,H,0.0,1.0,A,21.0,6.0,13.0,4.0,12.0,9.0,5.0,1.0,2.0,2.0,0.0,0.0,1.61,4.0,5.5
I1,2018-08-26,Cagliari,Sassuolo,1552.59,1598.35,6.0,6.0,6.0,9.0,2.0,2.0,D,1.0,0.0,H,12.0,12.0,7.0,6.0,14.0,14.0,7.0,2.0,4.0,4.0,0.0,1.0,2.45,3.3,2.9
I1,2018-08-26,Fiorentina,Chievo,1685.54,1560.25,3.0,6.0,6.0,9.0,6.0,1.0,H,2.0,0.0,H,19.0,5.0,15.0,3.0,14.0,8.0,2.0,3.0,1.0,3.0,0.0,0.0,1.5,4.33,6.5
I1,2018-08-26,Frosinone,Bologna,1501.82,1549.04,4.0,10.0,0.0,0.0,0.0,0.0,D,0.0,0.0,D,11.0,10.0,7.0,5.0,15.0,12.0,2.0,5.0,2.0,1.0,0.0,0.0,3.3,3.0,2.4
I1,2018-08-26,Genoa,Empoli,1563.93,1590.08,0.0,3.0,9.0,11.0,2.0,1.0,H,2.0,0.0,H,10.0,12.0,4.0,8.0,14.0,15.0,3.0,6.0,3.0,2.0,0.0,0.0,1.95,3.4,4.0
I1,2018-08-26,Inter,Torino,1755.28,1680.13,3.0,6.0,6.0,7.0,2.0,2.0,D,2.0,0.0,H,9.0,10.0,6.0,7.0,16.0,12.0,5.0,4.0,1.0,2.0,0.0,0.0,1.5,4.33,7.0
I1,2018-08-26,Spal,Parma,1557.24,1483.65,6.0,12.0,7.0,10.0,1.0,0.0,H,0.0,0.0,D,15.0,3.0,5.0,0.0,13.0,14.0,7.0,2.0,5.0,2.0,0.0,0.0,2.04,3.3,3.8
I1,2018-08-26,Udinese,Sampdoria,1557.15,1603.34,7.0,8.0,0.0,3.0,1.0,0.0,H,1.0,0.0,H,13.0,9.0,5.0,4.0,6.0,10.0,8.0,7.0,1.0,3.0,0.0,0.0,2.4,3.25,3.1
I1,2018-08-27,Roma,Atalanta,1849.11,1737.0,7.0,13.0,4.0,8.0,3.0,3.0,D,1.0,3.0,A,21.0,17.0,11.0,10.0,9.0,13.0,3.0,11.0,1.0,1.0,0.0,0.0,1.72,3.75,5.0
I1,2018-08-31,Milan,Roma,1723.24,1849.11,4.0,10.0,7.0,11.0,2.0,1.0,H,1.0,0.0,H,18.0,6.0,9.0,3.0,8.0,6.0,8.0,3.0,0.0,2.0,0.0,0.0,2.45,3.4,2.87
I1,2018-09-01,Bologna,Inter,1537.4,1738.56,1.0,1.0,4.0,7.0,0.0,3.0,A,0.0,0.0,D,7.0,10.0,1.0,4.0,7.0,10.0,3.0,7.0,1.0,1.0,0.0,0.0,7.0,4.0,1.53
I1,2018-09-01,Parma,Juventus,1476.65,1964.05,4.0,7.0,9.0,13.0,1.0,2.0,A,1.0,1.0,D,8.0,20.0,7.0,10.0,15.0,9.0,4.0,7.0,1.0,3.0,0.0,0.0,17.0,7.0,1.18
I1,2018-09-02,Atalanta,Cagliari,1735.82,1542.02,4.0,6.0,4.0,7.0,0.0,1.0,A,0.0,1.0,A,8.0,4.0,5.0,3.0,16.0,20.0,5.0,4.0,2.0,2.0,0.0,0.0,1.55,4.2,6.0
I1,2018-09-02,Chievo,Empoli,1547.52,1588.0,3.0,9.0,6.0,10.0,0.0,0.0,D,0.0,0.0,D,11.0,12.0,5.0,4.0,10.0,11.0,4.0,6.0,1.0,1.0,0.0,0.0,2.3,3.2,3.3
I1,2018-09-02,Fiorentina,Udinese,1691.23,1561.66,3.0,9.0,7.0,10.0,1.0,0.0,H,0.0,0.0,D,13.0,4.0,4.0,1.0,10.0,15.0,11.0,4.0,3.0,1.0,0.0,0.0,1.57,4.0,6.0
I1,2018-09-02,Lazio,Frosinone,1743.63,1494.3,0.0,2.0,2.0,8.0,1.0,0.0,H,0.0,0.0,D,17.0,7.0,8.0,5.0,11.0,8.0,7.0,7.0,1.0,2.0,0.0,0.0,1.22,6.5,13.0
I1,2018-09-02,Sampdoria,Napoli,1593.04,1865.9,0.0,3.0,9.0,13.0,3.0,0.0,H,2.0,0.0,H,7.0,12.0,4.0,6.0,13.0,19.0,4.0,5.0,2.0,4.0,0.0,0.0,6.5,4.1,1.53
I1,2018-09-02,Sassuolo,Genoa,1606.01,1568.65,4.0,10.0,3.0,3.0,5.0,3.0,H,4.0,1.0,H,10.0,11.0,8.0,8.0,12.0,20.0,2.0,10.0,3.0,3.0,0.0,0.0,2.1,3.3,3.75
I1,2018-09-02,Torino,Spal,1675.82,1568.78,4.0,8.0,9.0,12.0,1.0,0.0,H,0.0,0.0,D,10.0,8.0,7.0,3.0,16.0,16.0,9.0,10.0,1.0,2.0,0.0,0.0,1.66,3.75,5.5
I1,2018-09-15,Frosinone,Sampdoria,1492.43,1615.66,1.0,5.0,3.0,3.0,0.0,5.0,A,0.0,1.0,A,6.0,10.0,2.0,7.0,12.0,15.0,5.0,3.0,3.0,1.0,0.0,0.0,3.5,3.4,2.1
I1,2018-09-15,Inter,Parma,1746.81,1475.64,4.0,7.0,1.0,7.0,0.0,1.0,A,0.0,0.0,D,24.0,8.0,11.0,6.0,10.0,8.0,10.0,1.0,2.0,2.0,0.0,0.0,1.25,6.0,12.0
I1,2018-09-15,Napoli,Fiorentina,1843.28,1694.81,6.0,12.0,6.0,9.0,1.0,0.0,H,0.0,0.0,D,19.0,7.0,5.0,3.0,13.0,15.0,10.0,3.0,1.0,4.0,0.0,0.0,1.57,4.2,5.75
I1,2018-09-16,Cagliari,Milan,1556.02,1726.86,4.0,10.0,6.0,10.0,1.0,1.0,D,1.0,0.0,H,7.0,12.0,3.0,7.0,12.0,13.0,3.0,8.0,1.0,1.0,0.0,0.0,5.0,3.6,1.75
I1,2018-09-16,Empoli,Lazio,1588.63,1745.5,4.0,10.0,3.0,4.0,0.0,1.0,A,0.0,0.0,D,10.0,16.0,3.0,9.0,13.0,11.0,4.0,7.0,2.0,3.0,0.0,0.0,5.0,3.8,1.7
I1,2018-09-16,Genoa,Bologna,1560.57,1529.16,3.0,3.0,1.0,1.0,1.0,0.0,H,0.0,0.0,D,10.0,8.0,5.0,2.0,13.0,19.0,5.0,3.0,2.0,5.0,0.0,1.0,1.9,3.25,4.5
I1,2018-09-16,Juventus,Sassuolo,1965.06,1614.09,9.0,13.0,7.0,10.0,2.0,1.0,H,0.0,0.0,D,16.0,10.0,6.0,6.0,12.0,13.0,10.0,4.0,3.0,3.0,1.0,0.0,1.2,7.0,13.0
I1,2018-09-16,Roma,Chievo,1837.06,1546.88,4.0,8.0,1.0,7.0,2.0,2.0,D,2.0,0.0,H,15.0,10.0,9.0,5.0,10.0,15.0,9.0,2.0,1.0,1.0,0.0,0.0,1.22,6.5,13.0
I1,2018-09-16,Udinese,Torino,1558.08,1679.87,4.0,10.0,4.0,10.0,1.0,1.0,D,1.0,0.0,H,7.0,9.0,3.0,4.0,16.0,14.0,3.0,8.0,2.0,2.0,0.0,0.0,2.9,3.25,2.5
I1,2018-09-17,Spal,Atalanta,1564.73,1721.82,6.0,9.0,4.0,5.0,2.0,0.0,H,0.0,0.0,D,13.0,13.0,6.0,4.0,14.0,16.0,4.0,4.0,3.0,5.0,0.0,0.0,4.0,3.5,1.95
I1,2018-09-19,Sampdoria,Fiorentina,1615.66,1694.81,6.0,6.0,6.0,6.0,1.0,1.0,D,0.0,1.0,A,8.0,14.0,4.0,9.0,14.0,15.0,4.0,6.0,3.0,2.0,0.0,0.0,2.87,3.25,2.54
I1,2018-09-21,Sassuolo,Empoli,1614.09,1588.63,4.0,7.0,1.0,7.0,3.0,1.0,H,1.0,1.0,D,20.0,16.0,10.0,11.0,15.0,9.0,5.0,4.0,1.0,4.0,0.0,1.0,2.1,3.3,3.6
I1,2018-09-22,Fiorentina,Spal,1694.81,1564.73,4.0,7.0,6.0,12.0,3.0,0.0,H,2.0,0.0,H,15.0,5.0,5.0,2.0,8.0,11.0,11.0,1.0,1.0,2.0,0.0,0.0,1.61,3.6,6.5
I1,2018-09-22,Parma,Cagliari,1475.64,1556.02,3.0,7.0,5.0,8.0,2.0,0.0,H,1.0,0.0,H,14.0,9.0,8.0,3.0,17.0,5.0,4.0,11.0,2.0,1.0,0.0,0.0,2.4,3.2,3.1
I1,2018-09-22,Sampdoria,Inter,1615.66,1746.81,7.0,7.0,4.0,7.0,0.0,1.0,A,0.0,0.0,D,9.0,14.0,4.0,5.0,12.0,14.0,3.0,12.0,3.0,2.0,0.0,0.0,4.33,3.8,1.8
I1,2018-09-23,Bologna,Roma,1529.16,1837.06,1.0,1.0,2.0,8.0,2.0,0.0,H,1.0,0.0,H,7.0,20.0,2.0,9.0,8.0,13.0,1.0,10.0,2.0,4.0,0.0,0.0,5.5,3.75,1.66
I1,2018-09-23,Chievo,Udinese,1546.88,1558.08,2.0,5.0,4.0,8.0,0.0,2.0,A,0.0,0.0,D,10.0,9.0,4.0,7.0,18.0,10.0,7.0,3.0,1.0,1.0,0.0,0.0,3.0,3.2,2.5
I1,2018-09-23,Frosinone,Juventus,1492.43,1965.06,1.0,2.0,9.0,15.0,0.0,2.0,A,0.0,0.0,D,2.0,18.0,0.0,8.0,16.0,8.0,3.0,5.0,3.0,1.0,0.0,0.0,13.0,7.5,1.16
I1,2018-09-23,Lazio,Genoa,1745.5,1560.57,6.0,6.0,6.0,6.0,4.0,1.0,H,2.0,0.0,H,16.0,8.0,8.0,4.0,9.0,7.0,5.0,3.0,1.0,2.0,0.0,0.0,1.44,4.33,8.0
I1,2018-09-23,Milan,Atalanta,1726.86,1721.82,4.0,8.0,1.0,4.0,2.0,2.0,D,1.0,0.0,H,14.0,13.0,8.0,8.0,7.0,4.0,4.0,3.0,2.0,1.0,0.0,0.0,2.04,3.5,3.6
I1,2018-09-23,Torino,Napoli,1679.87,1843.28,5.0,8.0,6.0,12.0,1.0,3.0,A,0.0,2.0,A,9.0,13.0,3.0,8.0,14.0,17.0,4.0,6.0,2.0,3.0,0.0,0.0,4.5,3.8,1.75
I1,2018-09-25,Inter,Fiorentina,1746.81,1694.81,6.0,7.0,4.0,10.0,2.0,1.0,H,1.0,0.0,H,11.0,11.0,3.0,8.0,18.0,20.0,6.0,3.0,1.0,3.0,0.0,0.0,1.66,3.8,5.5
I1,2018-09-26,Atalanta,Torino,1721.82,1679.87,1.0,5.0,4.0,5.0,0.0,0.0,D,0.0,0.0,D,11.0,3.0,4.0,0.0,13.0,15.0,11.0,1.0,2.0,1.0,0.0,0.0,1.8,3.6,4.5
I1,2018-09-26,Cagliari,Sampdoria,1556.02,1615.66,4.0,5.0,4.0,7.0,0.0,0.0,D,0.0,0.0,D,10.0,10.0,2.0,5.0,16.0,22.0,7.0,3.0,1.0,3.0,0.0,0.0,2.5,3.3,2.87
I1,2018-09-26,Genoa,Chievo,1560.57,1546.88,3.0,6.0,2.0,2.0,2.0,0.0,H,1.0,0.0,H,11.0,8.0,5.0,2.0,11.0,17.0,7.0,4.0,4.0,4.0,0.0,0.0,1.8,3.4,5.0
I1,2018-09-26,Juventus,Bologna,1965.06,1529.16,9.0,15.0,3.0,4.0,2.0,0.0,H,2.0,0.0,H,15.0,5.0,9.0,2.0,10.0,13.0,3.0,0.0,2.0,3.0,0.0,0.0,1.16,7.5,17.0
I1,2018-09-26,Napoli,Parma,1843.28,1475.64,6.0,12.0,6.0,7.0,3.0,0.0,H,1.0,0.0,H,20.0,2.0,8.0,0.0,9.0,13.0,2.0,2.0,0.0,3.0,0.0,0.0,1.22,6.0,15.0
I1,2018-09-26,Roma,Frosinone,1837.06,1492.43,1.0,5.0,0.0,1.0,4.0,0.0,H,3.0,0.0,H,18.0,8.0,13.0,3.0,13.0,8.0,4.0,3.0,0.0,1.0,0.0,0.0,1.2,7.0,13.0
I1,2018-09-26,Udinese,Lazio,1558.08,1745.5,4.0,8.0,9.0,9.0,1.0,2.0,A,0.0,0.0,D,10.0,5.0,6.0,2.0,7.0,17.0,6.0,4.0,2.0,6.0,0.0,0.0,4.2,3.75,1.85
I1,2018-09-27,Empoli,Milan,1588.63,1726.86,1.0,4.0,5.0,8.0,1.0,1.0,D,0.0,1.0,A,4.0,16.0,3.0,11.0,12.0,9.0,3.0,10.0,2.0,2.0,0.0,0.0,5.25,3.75,1.7
I1,2018-09-27,Spal,Sassuolo,1564.73,1614.09,3.0,9.0,6.0,10.0,0.0,2.0,A,0.0,0.0,D,6.0,10.0,2.0,5.0,16.0,12.0,6.0,7.0,1.0,0.0,0.0,0.0,2.54,3.2,2.9
I1,2018-09-29,Inter,Cagliari,1746.81,1556.02,6.0,10.0,2.0,6.0,2.0,0.0,H,1.0,0.0,H,12.0,4.0,8.0,1.0,13.0,11.0,9.0,4.0,1.0,4.0,0.0,0.0,1.33,5.0,10.0
I1,2018-09-29,Juventus,Napoli,1965.06,1843.28,9.0,15.0,9.0,12.0,3.0,1.0,H,1.0,1.0,D,14.0,9.0,9.0,6.0,14.0,11.0,7.0,4.0,3.0,5.0,0.0,1.0,1.8,3.6,4.75
I1,2018-09-29,Roma,Lazio,1837.06,1745.5,4.0,5.0,9.0,12.0,3.0,1.0,H,1.0,0.0,H,10.0,11.0,7.0,5.0,11.0,10.0,8.0,9.0,3.0,1.0,0.0,0.0,2.37,3.5,2.9
I1,2018-09-30,Bologna,Udinese,1529.16,1558.08,3.0,4.0,4.0,7.0,2.0,1.0,H,1.0,1.0,D,11.0,10.0,6.0,2.0,7.0,12.0,3.0,4.0,2.0,4.0,0.0,0.0,2.5,3.1,3.1
I1,2018-09-30,Chievo,Torino,1546.88,1679.87,1.0,2.0,2.0,6.0,0.0,1.0,A,0.0,0.0,D,8.0,13.0,3.0,5.0,15.0,17.0,3.0,8.0,3.0,3.0,0.0,0.0,3.75,3.2,2.1
I1,2018-09-30,Fiorentina,Atalanta,1694.81,1721.82,4.0,7.0,2.0,3.0,2.0,0.0,H,0.0,0.0,D,6.0,11.0,4.0,4.0,12.0,10.0,5.0,6.0,3.0,3.0,0.0,0.0,2.25,3.3,3.25
I1,2018-09-30,Frosinone,Genoa,1492.43,1560.57,0.0,1.0,6.0,9.0,1.0,2.0,A,1.0,2.0,A,13.0,7.0,6.0,5.0,21.0,18.0,5.0,2.0,3.0,2.0,0.0,0.0,3.5,3.1,2.25
I1,2018-09-30,Parma,Empoli,1475.64,1588.63,6.0,6.0,1.0,2.0,1.0,0.0,H,1.0,0.0,H,7.0,10.0,3.0,6.0,13.0,8.0,2.0,12.0,2.0,3.0,0.0,0.0,2.3,3.2,3.3
I1,2018-09-30,Sassuolo,Milan,1614.09,1726.86,6.0,10.0,3.0,6.0,1.0,4.0,A,0.0,1.0,A,8.0,10.0,2.0,10.0,14.0,11.0,9.0,5.0,1.0,1.0,0.0,0.0,3.3,3.4,2.2
I1,2018-10-01,Sampdoria,Spal,1628.79,1566.28,2.0,8.0,3.0,6.0,2.0,1.0,H,1.0,1.0,D,16.0,10.0,9.0,4.0,13.0,18.0,6.0,5.0,3.0,3.0,0.0,0.0,1.8,3.6,4.33
I1,2018-10-05,Torino,Frosinone,1685.35,1472.13,4.0,8.0,0.0,0.0,3.0,2.0,H,1.0,0.0,H,15.0,8.0,10.0,4.0,16.0,17.0,2.0,4.0,3.0,3.0,0.0,0.0,1.36,4.75,9.0
I1,2018-10-06,Cagliari,Bologna,1549.96,1554.55,1.0,5.0,6.0,6.0,2.0,0.0,H,1.0,0.0,H,8.0,10.0,5.0,4.0,8.0,16.0,4.0,4.0,2.0,4.0,0.0,0.0,2.04,3.25,3.8
I1,2018-10-06,Empoli,Roma,1574.8,1821.54,1.0,2.0,6.0,7.0,0.0,2.0,A,0.0,1.0,A,11.0,7.0,4.0,4.0,13.0,10.0,4.0,3.0,2.0,1.0,0.0,0.0,5.5,4.0,1.61
I1,2018-10-06,Udinese,Juventus,1566.97,1987.99,3.0,4.0,9.0,15.0,0.0,2.0,A,0.0,2.0,A,5.0,13.0,4.0,7.0,14.0,13.0,4.0,8.0,3.0,1.0,0.0,0.0,9.0,4.75,1.36
I1,2018-10-07,Atalanta,Sampdoria,1702.95,1628.79,2.0,2.0,4.0,8.0,0.0,1.0,A,0.0,0.0,D,15.0,6.0,6.0,3.0,17.0,13.0,9.0,4.0,2.0,4.0,0.0,0.0,1.6,4.0,5.5
I1,2018-10-07,Genoa,Parma,1583.45,1514.63,6.0,9.0,6.0,9.0,1.0,3.0,A,1.0,3.0,A,20.0,7.0,13.0,5.0,9.0,9.0,9.0,7.0,1.0,1.0,0.0,0.0,1.75,3.75,4.75
I1,2018-10-07,Lazio,Fiorentina,1760.68,1708.25,6.0,12.0,6.0,7.0,1.0,0.0,H,1.0,0.0,H,11.0,10.0,5.0,6.0,18.0,10.0,5.0,6.0,5.0,3.0,0.0,0.0,1.85,3.75,4.2
I1,2018-10-07,Milan,Chievo,1739.43,1532.07,5.0,9.0,0.0,2.0,3.0,1.0,H,2.0,0.0,H,14.0,4.0,7.0,2.0,9.0,12.0,12.0,7.0,1.0,1.0,0.0,0.0,1.25,5.75,12.0
I1,2018-10-07,Napoli,Sassuolo,1854.25,1625.69,6.0,9.0,6.0,9.0,2.0,0.0,H,1.0,0.0,H,12.0,10.0,7.0,7.0,11.0,8.0,4.0,4.0,2.0,2.0,0.0,1.0,1.33,5.25,9.0
I1,2018-10-07,Spal,Inter,1566.28,1762.58,0.0,3.0,9.0,12.0,1.0,2.0,A,0.0,1.0,A,9.0,6.0,6.0,4.0,13.0,20.0,10.0,9.0,6.0,2.0,0.0,0.0,6.0,3.8,1.61
I1,2018-10-20,Juventus,Genoa,1996.32,1571.18,9.0,15.0,6.0,9.0,1.0,1.0,D,1.0,0.0,H,13.0,5.0,4.0,2.0,10.0,15.0,8.0,2.0,1.0,3.0,0.0,0.0,1.2,7.0,13.0
I1,2018-10-20,Roma,Spal,1834.6,1560.88,9.0,10.0,0.0,3.0,0.0,2.0,A,0.0,1.0,A,13.0,5.0,9.0,5.0,14.0,5.0,8.0,9.0,3.0,5.0,0.0,1.0,1.33,5.5,8.5
I1,2018-10-20,Udinese,Napoli,1569.03,1868.97,0.0,4.0,6.0,12.0,0.0,3.0,A,0.0,1.0,A,7.0,9.0,4.0,4.0,11.0,9.0,3.0,5.0,3.0,4.0,0.0,0.0,6.0,3.9,1.6
I1,2018-10-21,Bologna,Torino,1549.54,1691.87,3.0,6.0,7.0,8.0,2.0,2.0,D,0.0,1.0,A,6.0,12.0,3.0,8.0,9.0,21.0,3.0,4.0,2.0,2.0,0.0,0.0,3.4,3.3,2.2
I1,2018-10-21,Chievo,Atalanta,1533.04,1695.66,0.0,1.0,1.0,2.0,1.0,5.0,A,0.0,2.0,A,3.0,15.0,2.0,8.0,12.0,15.0,1.0,2.0,3.0,1.0,1.0,0.0,6.0,4.0,1.57
I1,2018-10-21,Fiorentina,Cagliari,1707.31,1563.47,3.0,7.0,4.0,5.0,1.0,1.0,D,0.0,0.0,D,7.0,8.0,3.0,5.0,13.0,19.0,6.0,7.0,0.0,2.0,0.0,0.0,1.5,4.5,6.0
I1,2018-10-21,Frosinone,Empoli,1474.1,1573.75,0.0,0.0,1.0,1.0,3.0,3.0,D,1.0,1.0,D,5.0,15.0,4.0,10.0,13.0,16.0,6.0,8.0,2.0,3.0,0.0,0.0,2.9,3.25,2.5
I1,2018-10-21,Inter,Milan,1780.5,1751.5,9.0,12.0,7.0,9.0,1.0,0.0,H,0.0,0.0,D,14.0,9.0,7.0,2.0,13.0,7.0,9.0,4.0,2.0,5.0,0.0,0.0,2.45,3.25,3.0
I1,2018-10-21,Parma,Lazio,1535.39,1755.55,6.0,12.0,6.0,12.0,0.0,2.0,A,0.0,0.0,D,3.0,15.0,1.0,9.0,5.0,11.0,2.0,8.0,2.0,3.0,0.0,0.0,5.5,3.8,1.66
I1,2018-10-22,Sampdoria,Sassuolo,1649.52,1627.14,7.0,8.0,3.0,6.0,0.0,0.0,D,0.0,0.0,D,7.0,7.0,2.0,2.0,10.0,18.0,4.0,3.0,2.0,3.0,0.0,0.0,2.2,3.3,3.4
I1,2018-10-27,Atalanta,Parma,1695.66,1535.39,3.0,5.0,6.0,9.0,3.0,0.0,H,0.0,0.0,D,21.0,9.0,14.0,5.0,6.0,8.0,6.0,6.0,0.0,2.0,0.0,0.0,1.33,5.25,9.0
I1,2018-10-27,Empoli,Juventus,1573.75,1996.32,1.0,2.0,7.0,13.0,1.0,2.0,A,1.0,0.0,H,6.0,12.0,4.0,7.0,13.0,17.0,6.0,10.0,2.0,3.0,0.0,0.0,12.0,5.75,1.25
I1,2018-10-27,Torino,Fiorentina,1691.87,1707.31,7.0,8.0,4.0,7.0,1.0,1.0,D,1.0,1.0,D,12.0,8.0,4.0,5.0,13.0,20.0,4.0,5.0,2.0,4.0,0.0,0.0,2.4,3.25,3.1
I1,2018-10-28,Cagliari,Chievo,1563.47,1533.04,4.0,5.0,0.0,0.0,2.0,1.0,H,1.0,0.0,H,12.0,12.0,4.0,5.0,16.0,15.0,8.0,2.0,1.0,6.0,0.0,0.0,1.61,3.8,6.0
I1,2018-10-28,Genoa,Udinese,1571.18,1569.03,4.0,7.0,0.0,3.0,2.0,2.0,D,1.0,0.0,H,11.0,11.0,5.0,8.0,17.0,18.0,4.0,8.0,5.0,4.0,1.0,0.0,2.1,3.2,3.8
I1,2018-10-28,Milan,Sampdoria,1751.5,1649.52,6.0,8.0,7.0,8.0,3.0,2.0,H,2.0,2.0,D,8.0,3.0,7.0,2.0,11.0,9.0,5.0,1.0,3.0,2.0,0.0,0.0,1.5,4.33,6.5
I1,2018-10-28,Napoli,Roma,1868.97,1834.6,6.0,12.0,6.0,9.0,1.0,1.0,D,0.0,1.0,A,18.0,7.0,6.0,5.0,7.0,6.0,17.0,3.0,0.0,5.0,0.0,0.0,1.72,3.75,4.75
I1,2018-10-28,Sassuolo,Bologna,1627.14,1549.54,1.0,7.0,4.0,7.0,2.0,2.0,D,1.0,1.0,D,11.0,10.0,6.0,6.0,20.0,19.0,9.0,5.0,2.0,3.0,0.0,0.0,1.9,3.25,4.5
I1,2018-10-28,Spal,Frosinone,1560.88,1474.1,3.0,3.0,1.0,1.0,0.0,3.0,A,0.0,1.0,A,10.0,5.0,5.0,4.0,15.0,11.0,9.0,1.0,3.0,6.0,0.0,0.0,1.8,3.75,4.5
I1,2018-10-29,Lazio,Inter,1755.55,1780.5,6.0,12.0,9.0,15.0,0.0,3.0,A,0.0,2.0,A,11.0,13.0,4.0,7.0,14.0,10.0,7.0,6.0,3.0,3.0,0.0,0.0,2.4,3.4,3.0
I1,2018-10-31,Milan,Genoa,1751.5,1571.18,6.0,10.0,2.0,8.0,2.0,1.0,H,1.0,0.0,H,19.0,7.0,10.0,2.0,11.0,17.0,7.0,2.0,2.0,2.0,0.0,0.0,1.44,4.5,7.5
I1,2018-11-02,Napoli,Empoli,1879.75,1576.91,7.0,10.0,1.0,2.0,5.0,1.0,H,2.0,0.0,H,19.0,8.0,13.0,4.0,8.0,7.0,0.0,7.0,0.0,2.0,0.0,0.0,1.2,7.0,15.0
I1,2018-11-03,Fiorentina,Roma,1709.04,1828.4,2.0,5.0,4.0,10.0,1.0,1.0,D,1.0,0.0,H,11.0,11.0,3.0,6.0,9.0,20.0,3.0,6.0,3.0,3.0,0.0,0.0,2.7,3.4,2.6
I1,2018-11-03,Inter,Genoa,1805.34,1580.25,9.0,15.0,2.0,5.0,5.0,0.0,H,2.0,0.0,H,17.0,8.0,10.0,3.0,7.0,15.0,11.0,6.0,2.0,3.0,0.0,0.0,1.36,5.0,9.0
I1,2018-11-03,Juventus,Cagliari,2001.8,1579.83,7.0,13.0,7.0,8.0,3.0,1.0,H,2.0,1.0,H,11.0,4.0,5.0,3.0,10.0,15.0,5.0,4.0,1.0,3.0,0.0,0.0,1.16,7.5,17.0
I1,2018-11-04,Bologna,Atalanta,1561.24,1717.53,2.0,5.0,6.0,7.0,1.0,2.0,A,1.0,0.0,H,9.0,12.0,5.0,6.0,7.0,12.0,1.0,4.0,1.0,2.0,0.0,0.0,5.0,3.7,1.72
I1,2018-11-04,Chievo,Sassuolo,1522.07,1631.32,0.0,0.0,2.0,5.0,0.0,2.0,A,0.0,1.0,A,1.0,8.0,1.0,4.0,20.0,16.0,3.0,2.0,5.0,2.0,1.0,0.0,3.6,3.4,2.1
I1,2018-11-04,Lazio,Spal,1764.03,1566.69,6.0,9.0,3.0,3.0,4.0,1.0,H,2.0,1.0,H,18.0,5.0,11.0,3.0,7.0,8.0,8.0,4.0,1.0,3.0,0.0,0.0,1.33,5.25,10.0
I1,2018-11-04,Parma,Frosinone,1530.08,1502.42,3.0,6.0,4.0,4.0,0.0,0.0,D,0.0,0.0,D,9.0,9.0,1.0,1.0,14.0,15.0,3.0,7.0,1.0,4.0,1.0,0.0,1.95,3.5,4.0
I1,2018-11-04,Sampdoria,Torino,1648.24,1693.84,4.0,8.0,5.0,9.0,1.0,4.0,A,0.0,2.0,A,10.0,15.0,4.0,8.0,13.0,25.0,0.0,2.0,2.0,2.0,0.0,0.0,2.7,3.2,2.7
I1,2018-11-04,Udinese,Milan,1571.91,1747.45,1.0,1.0,6.0,12.0,0.0,1.0,A,0.0,0.0,D,11.0,15.0,4.0,9.0,11.0,13.0,4.0,7.0,3.0,3.0,1.0,0.0,4.2,3.5,1.9
I1,2018-11-09,Frosinone,Fiorentina,1502.42,1709.04,5.0,5.0,3.0,6.0,1.0,1.0,D,0.0,0.0,D,5.0,16.0,3.0,10.0,8.0,12.0,4.0,5.0,3.0,0.0,0.0,0.0,5.25,3.6,1.7
I1,2018-11-10,Genoa,Napoli,1580.25,1879.75,1.0,2.0,7.0,10.0,1.0,2.0,A,1.0,0.0,H,8.0,13.0,3.0,7.0,15.0,6.0,2.0,7.0,4.0,2.0,0.0,0.0,7.0,4.5,1.44
I1,2018-11-10,Spal,Cagliari,1566.69,1579.83,3.0,3.0,4.0,7.0,2.0,2.0,D,1.0,0.0,H,8.0,11.0,4.0,3.0,13.0,15.0,1.0,6.0,2.0,4.0,0.0,0.0,2.45,3.1,3.1
I1,2018-11-10,Torino,Parma,1693.84,1530.08,5.0,11.0,1.0,7.0,1.0,2.0,A,1.0,2.0,A,12.0,11.0,4.0,7.0,14.0,17.0,7.0,7.0,2.0,4.0,0.0,0.0,1.44,4.2,8.5
I1,2018-11-11,Atalanta,Inter,1717.53,1805.34,9.0,9.0,9.0,15.0,4.0,1.0,H,1.0,0.0,H,16.0,6.0,10.0,2.0,11.0,13.0,9.0,6.0,3.0,5.0,0.0,1.0,2.75,3.3,2.6
I1,2018-11-11,Chievo,Bologna,1522.07,1561.24,0.0,0.0,2.0,5.0,2.0,2.0,D,2.0,1.0,H,12.0,12.0,6.0,6.0,15.0,18.0,5.0,6.0,3.0,3.0,0.0,0.0,2.9,3.2,2.6
I1,2018-11-11,Empoli,Udinese,1576.91,1571.91,1.0,1.0,1.0,1.0,2.0,1.0,H,1.0,0.0,H,9.0,22.0,5.0,9.0,6.0,11.0,4.0,13.0,2.0,2.0,0.0,0.0,2.2,3.3,3.5
I1,2018-11-11,Milan,Juventus,1747.45,2001.8,9.0,12.0,7.0,13.0,0.0,2.0,A,0.0,1.0,A,5.0,12.0,2.0,8.0,16.0,9.0,2.0,5.0,3.0,1.0,1.0,0.0,4.75,3.75,1.72
I1,2018-11-11,Roma,Sampdoria,1828.4,1648.24,2.0,8.0,1.0,7.0,4.0,1.0,H,1.0,0.0,H,10.0,4.0,6.0,3.0,8.0,10.0,7.0,7.0,1.0,1.0,0.0,0.0,1.44,4.5,7.0
I1,2018-11-11,Sassuolo,Lazio,1631.32,1764.03,5.0,5.0,6.0,9.0,1.0,1.0,D,1.0,1.0,D,9.0,7.0,4.0,3.0,15.0,21.0,2.0,6.0,4.0,3.0,0.0,0.0,4.0,3.5,1.95
I1,2018-11-24,Inter,Frosinone,1798.11,1508.81,6.0,12.0,5.0,6.0,3.0,0.0,H,1.0,0.0,H,25.0,5.0,14.0,4.0,11.0,11.0,11.0,0.0,1.0,3.0,0.0,0.0,1.25,6.0,12.0
I1,2018-11-24,Juventus,Spal,1994.32,1560.92,9.0,13.0,1.0,4.0,2.0,0.0,H,1.0,0.0,H,12.0,8.0,8.0,1.0,20.0,11.0,6.0,3.0,1.0,3.0,0.0,0.0,1.14,8.0,19.0
I1,2018-11-24,Udinese,Roma,1560.29,1838.34,1.0,1.0,5.0,8.0,1.0,0.0,H,0.0,0.0,D,8.0,23.0,3.0,9.0,6.0,10.0,0.0,12.0,2.0,0.0,0.0,0.0,4.5,3.6,1.83
I1,2018-11-25,Bologna,Fiorentina,1555.9,1706.59,2.0,3.0,3.0,4.0,0.0,0.0,D,0.0,0.0,D,8.0,11.0,4.0,6.0,11.0,21.0,4.0,9.0,3.0,1.0,0.0,0.0,4.0,3.3,2.04
I1,2018-11-25,Empoli,Atalanta,1580.25,1738.65,3.0,4.0,9.0,12.0,3.0,2.0,H,1.0,2.0,A,12.0,8.0,8.0,5.0,12.0,9.0,7.0,3.0,2.0,2.0,0.0,1.0,5.25,4.0,1.66
I1,2018-11-25,Genoa,Sampdoria,1572.34,1629.21,0.0,2.0,0.0,4.0,1.0,1.0,D,1.0,1.0,D,10.0,6.0,5.0,2.0,17.0,15.0,7.0,6.0,2.0,1.0,0.0,0.0,2.6,3.3,2.75
I1,2018-11-25,Lazio,Milan,1769.71,1748.77,4.0,10.0,6.0,9.0,1.0,1.0,D,0.0,0.0,D,16.0,9.0,6.0,4.0,10.0,4.0,9.0,4.0,1.0,1.0,0.0,0.0,1.85,3.75,4.2
I1,2018-11-25,Napoli,Chievo,1883.07,1511.71,7.0,13.0,1.0,1.0,0.0,0.0,D,0.0,0.0,D,17.0,7.0,10.0,3.0,11.0,13.0,20.0,2.0,2.0,2.0,0.0,0.0,1.12,9.0,19.0
I1,2018-11-25,Parma,Sassuolo,1541.1,1642.96,4.0,7.0,5.0,6.0,2.0,1.0,H,2.0,1.0,H,10.0,12.0,4.0,5.0,14.0,14.0,2.0,3.0,3.0,4.0,0.0,0.0,3.1,3.4,2.3
I1,2018-11-26,Cagliari,Torino,1579.98,1694.57,4.0,8.0,4.0,8.0,0.0,0.0,D,0.0,0.0,D,3.0,8.0,1.0,5.0,12.0,13.0,3.0,4.0,2.0,0.0,0.0,0.0,2.9,3.2,2.54
I1,2018-12-01,Fiorentina,Juventus,1695.96,1989.24,3.0,5.0,9.0,13.0,0.0,3.0,A,0.0,1.0,A,12.0,9.0,7.0,6.0,14.0,8.0,4.0,9.0,6.0,3.0,0.0,0.0,6.0,3.75,1.61
I1,2018-12-01,Sampdoria,Bologna,1621.23,1550.04,1.0,2.0,2.0,4.0,4.0,1.0,H,3.0,1.0,H,8.0,8.0,6.0,4.0,14.0,10.0,1.0,4.0,3.0,3.0,0.0,0.0,2.0,3.3,4.0
I1,2018-12-01,Spal,Empoli,1551.7,1582.31,1.0,4.0,6.0,7.0,2.0,2.0,D,1.0,2.0,A,9.0,13.0,5.0,8.0,14.0,14.0,4.0,9.0,3.0,3.0,1.0,0.0,2.4,3.3,3.0
I1,2018-12-02,Chievo,Lazio,1511.98,1742.25,2.0,2.0,5.0,8.0,1.0,1.0,D,1.0,0.0,H,5.0,19.0,2.0,7.0,11.0,11.0,4.0,6.0,4.0,2.0,0.0,0.0,8.0,4.2,1.44
I1,2018-12-02,Frosinone,Cagliari,1497.88,1573.09,2.0,6.0,2.0,6.0,1.0,1.0,D,1.0,0.0,H,25.0,18.0,11.0,7.0,13.0,15.0,5.0,1.0,1.0,7.0,0.0,1.0,3.0,3.3,2.4
I1,2018-12-02,Milan,Parma,1743.64,1541.95,4.0,10.0,7.0,7.0,2.0,1.0,H,0.0,0.0,D,19.0,7.0,6.0,1.0,9.0,15.0,8.0,8.0,2.0,2.0,0.0,0.0,1.4,5.0,7.5
I1,2018-12-02,Roma,Inter,1806.75,1789.07,4.0,5.0,6.0,12.0,2.0,2.0,D,0.0,1.0,A,15.0,16.0,6.0,7.0,11.0,13.0,4.0,7.0,1.0,1.0,0.0,0.0,2.8,3.4,2.45
I1,2018-12-02,Sassuolo,Udinese,1625.64,1565.26,4.0,6.0,3.0,4.0,0.0,0.0,D,0.0,0.0,D,17.0,3.0,3.0,1.0,13.0,16.0,13.0,2.0,3.0,2.0,0.0,0.0,1.9,3.5,4.0
I1,2018-12-02,Torino,Genoa,1684.98,1563.83,4.0,6.0,1.0,2.0,2.0,1.0,H,2.0,1.0,H,23.0,8.0,10.0,2.0,14.0,20.0,5.0,5.0,3.0,4.0,0.0,1.0,1.75,3.75,4.75
I1,2018-12-03,Atalanta,Napoli,1720.12,1869.64,6.0,12.0,7.0,11.0,1.0,2.0,A,0.0,1.0,A,9.0,9.0,3.0,5.0,8.0,7.0,12.0,6.0,1.0,2.0,0.0,0.0,3.3,3.6,2.14
I1,2018-12-07,Juventus,Inter,1989.24,1789.07,9.0,15.0,4.0,10.0,1.0,0.0,H,0.0,0.0,D,14.0,8.0,6.0,4.0,13.0,16.0,10.0,8.0,2.0,2.0,0.0,0.0,1.53,3.8,6.5
I1,2018-12-08,Cagliari,Roma,1573.09,1806.75,3.0,6.0,4.0,6.0,2.0,2.0,D,0.0,2.0,A,10.0,14.0,5.0,7.0,17.0,12.0,7.0,5.0,3.0,1.0,2.0,0.0,4.5,3.6,1.83
I1,2018-12-08,Lazio,Sampdoria,1742.25,1621.23,3.0,6.0,4.0,4.0,2.0,2.0,D,0.0,1.0,A,20.0,4.0,11.0,3.0,13.0,11.0,10.0,6.0,3.0,6.0,0.0,1.0,1.44,4.75,7.0
I1,2018-12-08,Napoli,Frosinone,1869.64,1497.88,7.0,11.0,2.0,6.0,4.0,0.0,H,2.0,0.0,H,18.0,6.0,10.0,2.0,6.0,10.0,9.0,3.0,1.0,2.0,0.0,0.0,1.16,8.0,15.0
I1,2018-12-09,Empoli,Bologna,1582.31,1550.04,7.0,7.0,2.0,3.0,2.0,1.0,H,1.0,1.0,D,9.0,14.0,5.0,8.0,6.0,8.0,4.0,8.0,2.0,2.0,0.0,0.0,1.95,3.5,4.0
I1,2018-12-09,Genoa,Spal,1563.83,1551.7,1.0,1.0,2.0,2.0,1.0,1.0,D,1.0,1.0,D,6.0,16.0,3.0,7.0,9.0,10.0,1.0,6.0,1.0,5.0,1.0,0.0,2.0,3.3,4.0
I1,2018-12-09,Milan,Torino,1743.64,1684.98,4.0,10.0,4.0,8.0,0.0,0.0,D,0.0,0.0,D,11.0,10.0,4.0,4.0,10.0,16.0,11.0,3.0,2.0,3.0,0.0,0.0,1.85,3.6,4.33
I1,2018-12-09,Parma,Chievo,1541.95,1511.98,6.0,7.0,3.0,3.0,1.0,1.0,D,0.0,0.0,D,12.0,7.0,7.0,1.0,17.0,18.0,8.0,2.0,4.0,4.0,0.0,1.0,2.04,3.3,3.8
I1,2018-12-09,Sassuolo,Fiorentina,1625.64,1695.96,2.0,6.0,2.0,4.0,3.0,3.0,D,0.0,0.0,D,11.0,11.0,7.0,6.0,12.0,12.0,6.0,10.0,4.0,5.0,1.0,1.0,2.8,3.2,2.6
I1,2018-12-09,Udinese,Atalanta,1565.26,1720.12,4.0,5.0,3.0,9.0,1.0,3.0,A,1.0,1.0,D,5.0,12.0,2.0,4.0,17.0,6.0,2.0,7.0,1.0,1.0,0.0,0.0,4.33,3.75,1.8
I1,2018-12-15,Inter,Udinese,1764.92,1540.9,4.0,7.0,4.0,4.0,1.0,0.0,H,0.0,0.0,D,15.0,7.0,4.0,1.0,11.0,8.0,10.0,0.0,3.0,1.0,0.0,0.0,1.3,5.0,11.0
I1,2018-12-15,Torino,Juventus,1672.85,1964.07,5.0,8.0,9.0,15.0,0.0,1.0,A,0.0,0.0,D,5.0,7.0,3.0,4.0,17.0,13.0,7.0,5.0,2.0,4.0,0.0,0.0,6.5,3.6,1.61
I1,2018-12-16,Cagliari,Napoli,1557.92,1853.63,3.0,4.0,7.0,13.0,0.0,1.0,A,0.0,0.0,D,6.0,13.0,2.0,5.0,15.0,9.0,2.0,10.0,2.0,2.0,0.0,0.0,7.5,4.5,1.44
I1,2018-12-16,Fiorentina,Empoli,1671.31,1569.32,2.0,4.0,7.0,10.0,3.0,1.0,H,1.0,1.0,D,15.0,8.0,9.0,4.0,20.0,18.0,2.0,3.0,2.0,1.0,0.0,0.0,1.75,3.75,4.75
I1,2018-12-16,Frosinone,Sassuolo,1476.95,1602.7,1.0,3.0,2.0,6.0,0.0,2.0,A,0.0,1.0,A,9.0,13.0,3.0,3.0,18.0,10.0,6.0,5.0,3.0,2.0,0.0,0.0,3.6,3.5,2.04
I1,2018-12-16,Roma,Genoa,1769.14,1538.56,2.0,6.0,2.0,2.0,3.0,2.0,H,2.0,2.0,D,14.0,11.0,7.0,8.0,10.0,15.0,6.0,4.0,2.0,2.0,0.0,0.0,1.44,4.75,7.0
I1,2018-12-16,Sampdoria,Parma,1615.04,1517.52,5.0,5.0,4.0,8.0,2.0,0.0,H,0.0,0.0,D,12.0,2.0,10.0,0.0,10.0,7.0,8.0,4.0,2.0,1.0,0.0,0.0,1.83,3.6,4.5
I1,2018-12-16,Spal,Chievo,1533.6,1499.61,2.0,3.0,3.0,4.0,0.0,0.0,D,0.0,0.0,D,10.0,8.0,3.0,6.0,14.0,18.0,6.0,4.0,2.0,4.0,0.0,0.0,2.04,3.3,3.8
I1,2018-12-17,Atalanta,Lazio,1703.46,1703.58,3.0,9.0,3.0,7.0,1.0,0.0,H,1.0,0.0,H,4.0,11.0,2.0,3.0,10.0,17.0,7.0,7.0,2.0,4.0,0.0,0.0,2.2,3.6,3.1
I1,2018-12-18,Bologna,Milan,1516.95,1710.4,1.0,2.0,5.0,8.0,0.0,0.0,D,0.0,0.0,D,7.0,11.0,6.0,4.0,12.0,12.0,2.0,1.0,2.0,5.0,0.0,1.0,4.2,3.4,1.95
I1,2018-12-22,Chievo,Inter,1499.61,1764.92,3.0,5.0,4.0,7.0,1.0,1.0,D,0.0,1.0,A,6.0,9.0,3.0,3.0,10.0,10.0,5.0,7.0,3.0,2.0,0.0,0.0,8.5,4.33,1.4
I1,2018-12-22,Empoli,Sampdoria,1569.32,1615.04,4.0,10.0,7.0,8.0,2.0,4.0,A,1.0,1.0,D,6.0,15.0,3.0,12.0,14.0,9.0,8.0,5.0,3.0,4.0,0.0,0.0,2.3,3.4,3.1
I1,2018-12-22,Genoa,Atalanta,1538.56,1703.46,1.0,2.0,6.0,9.0,3.0,1.0,H,1.0,0.0,H,15.0,10.0,7.0,6.0,13.0,13.0,9.0,6.0,3.0,2.0,0.0,2.0,4.0,3.6,1.9
I1,2018-12-22,Juventus,Roma,1964.07,1769.14,9.0,15.0,5.0,8.0,1.0,0.0,H,1.0,0.0,H,15.0,4.0,7.0,4.0,9.0,12.0,13.0,2.0,0.0,3.0,0.0,0.0,1.44,4.33,8.0
I1,2018-12-22,Lazio,Cagliari,1703.58,1557.92,2.0,4.0,2.0,4.0,3.0,1.0,H,2.0,0.0,H,15.0,9.0,10.0,5.0,16.0,9.0,7.0,5.0,2.0,1.0,0.0,0.0,1.33,5.0,9.0
I1,2018-12-22,Milan,Fiorentina,1710.4,1671.31,5.0,6.0,4.0,6.0,0.0,1.0,A,0.0,0.0,D,11.0,7.0,7.0,1.0,10.0,18.0,9.0,7.0,3.0,4.0,0.0,0.0,2.3,3.25,3.25
I1,2018-12-22,Napoli,Spal,1853.63,1533.6,9.0,13.0,3.0,4.0,1.0,0.0,H,1.0,0.0,H,15.0,10.0,8.0,6.0,13.0,8.0,3.0,5.0,2.0,2.0,0.0,0.0,1.2,7.0,13.0
I1,2018-12-22,Parma,Bologna,1517.52,1516.95,1.0,7.0,1.0,3.0,0.0,0.0,D,0.0,0.0,D,7.0,5.0,1.0,2.0,8.0,9.0,4.0,2.0,3.0,3.0,0.0,0.0,2.54,3.1,3.0
I1,2018-12-22,Sassuolo,Torino,1602.7,1672.85,5.0,6.0,4.0,5.0,1.0,1.0,D,0.0,0.0,D,11.0,4.0,6.0,3.0,12.0,15.0,12.0,2.0,2.0,3.0,0.0,0.0,2.62,3.2,2.8
I1,2018-12-22,Udinese,Frosinone,1540.9,1476.95,1.0,4.0,1.0,2.0,1.0,1.0,D,1.0,0.0,H,9.0,10.0,1.0,6.0,11.0,16.0,2.0,5.0,2.0,4.0,0.0,0.0,1.7,3.7,5.25
I1,2018-12-26,Atalanta,Juventus,1703.46,1964.07,6.0,6.0,9.0,15.0,2.0,2.0,D,1.0,1.0,D,10.0,10.0,6.0,3.0,17.0,16.0,5.0,5.0,4.0,4.0,0.0,1.0,4.75,3.5,1.8
I1,2018-12-26,Bologna,Lazio,1516.95,1703.58,2.0,3.0,4.0,6.0,0.0,2.0,A,0.0,1.0,A,6.0,11.0,3.0,7.0,15.0,18.0,1.0,7.0,2.0,0.0,0.0,0.0,5.0,3.8,1.72
I1,2018-12-26,Cagliari,Genoa,1557.92,1538.56,1.0,3.0,4.0,5.0,1.0,0.0,H,1.0,0.0,H,12.0,10.0,7.0,4.0,8.0,9.0,4.0,4.0,3.0,3.0,0.0,0.0,2.3,3.2,3.3
I1,2018-12-26,Fiorentina,Parma,1671.31,1517.52,7.0,8.0,2.0,5.0,0.0,1.0,A,0.0,1.0,A,16.0,3.0,7.0,2.0,15.0,15.0,9.0,2.0,4.0,4.0,1.0,0.0,1.6,3.8,6.0
I1,2018-12-26,Frosinone,Milan,1476.95,1710.4,1.0,2.0,2.0,6.0,0.0,0.0,D,0.0,0.0,D,11.0,16.0,5.0,8.0,10.0,12.0,3.0,6.0,2.0,1.0,0.0,0.0,5.25,3.75,1.7
I1,2018-12-26,Inter,Napoli,1764.92,1853.63,4.0,8.0,9.0,13.0,1.0,0.0,H,0.0,0.0,D,9.0,9.0,5.0,4.0,12.0,8.0,5.0,0.0,3.0,4.0,0.0,2.0,2.75,3.3,2.62
I1,2018-12-26,Roma,Sassuolo,1769.14,1602.7,4.0,5.0,5.0,6.0,3.0,1.0,H,2.0,0.0,H,16.0,8.0,10.0,3.0,15.0,16.0,8.0,5.0,1.0,1.0,0.0,0.0,1.61,4.0,5.25
I1,2018-12-26,Sampdoria,Chievo,1615.04,1499.61,7.0,11.0,3.0,5.0,2.0,0.0,H,0.0,0.0,D,10.0,7.0,6.0,1.0,22.0,19.0,4.0,1.0,2.0,1.0,0.0,0.0,1.75,3.7,5.0
I1,2018-12-26,Spal,Udinese,1533.6,1540.9,2.0,3.0,1.0,5.0,0.0,0.0,D,0.0,0.0,D,7.0,3.0,4.0,1.0,10.0,14.0,7.0,2.0,1.0,2.0,0.0,0.0,2.5,3.1,3.1
I1,2018-12-26,Torino,Empoli,1672.85,1569.32,2.0,6.0,3.0,7.0,3.0,0.0,H,1.0,0.0,H,13.0,5.0,10.0,1.0,9.0,9.0,5.0,1.0,1.0,3.0,0.0,1.0,1.7,3.8,5.0
I1,2018-12-29,Chievo,Frosinone,1499.61,1476.95,2.0,4.0,2.0,3.0,1.0,0.0,H,0.0,0.0,D,9.0,12.0,3.0,4.0,16.0,20.0,4.0,2.0,4.0,6.0,0.0,1.0,2.3,3.0,3.4
I1,2018-12-29,Empoli,Inter,1569.32,1764.92,0.0,4.0,7.0,8.0,0.0,1.0,A,0.0,0.0,D,7.0,7.0,3.0,6.0,14.0,4.0,4.0,6.0,1.0,1.0,0.0,0.0,6.5,4.2,1.5
I1,2018-12-29,Genoa,Fiorentina,1538.56,1671.31,3.0,4.0,6.0,7.0,0.0,0.0,D,0.0,0.0,D,7.0,8.0,3.0,6.0,21.0,8.0,7.0,3.0,2.0,1.0,0.0,0.0,2.54,3.25,2.7
I1,2018-12-29,Juventus,Sampdoria,1964.07,1615.04,7.0,13.0,9.0,13.0,2.0,1.0,H,1.0,1.0,D,15.0,7.0,8.0,3.0,13.0,16.0,6.0,3.0,2.0,2.0,0.0,0.0,1.2,6.5,13.0
I1,2018-12-29,Lazio,Torino,1703.58,1672.85,6.0,8.0,4.0,8.0,1.0,1.0,D,0.0,1.0,A,10.0,7.0,5.0,6.0,20.0,22.0,7.0,3.0,4.0,4.0,1.0,1.0,1.75,3.6,4.6
I1,2018-12-29,Milan,Spal,1710.4,1533.6,2.0,6.0,2.0,4.0,2.0,1.0,H,1.0,1.0,D,11.0,9.0,6.0,4.0,15.0,10.0,11.0,2.0,4.0,2.0,1.0,0.0,1.5,4.0,7.0
I1,2018-12-29,Napoli,Bologna,1853.63,1516.95,6.0,12.0,2.0,2.0,3.0,2.0,H,1.0,1.0,D,14.0,10.0,9.0,4.0,14.0,10.0,6.0,5.0,2.0,2.0,0.0,0.0,1.28,5.5,10.0
I1,2018-12-29,Parma,Roma,1517.52,1769.14,4.0,5.0,6.0,8.0,0.0,2.0,A,0.0,0.0,D,3.0,19.0,2.0,8.0,7.0,11.0,2.0,7.0,1.0,1.0,0.0,0.0,4.75,3.8,1.7
I1,2018-12-29,Sassuolo,Atalanta,1602.7,1703.46,4.0,6.0,4.0,7.0,2.0,6.0,A,0.0,2.0,A,13.0,13.0,8.0,9.0,10.0,10.0,1.0,8.0,1.0,2.0,0.0,0.0,3.4,3.5,2.04
I1,2018-12-29,Udinese,Cagliari,1540.9,1557.92,2.0,3.0,3.0,5.0,2.0,0.0,H,1.0,0.0,H,19.0,4.0,7.0,1.0,11.0,15.0,6.0,6.0,3.0,2.0,1.0,1.0,2.3,3.1,3.2
I1,2019-01-19,Inter,Sassuolo,1775.11,1592.62,7.0,10.0,1.0,5.0,0.0,0.0,D,0.0,0.0,D,8.0,11.0,4.0,6.0,16.0,16.0,11.0,0.0,1.0,3.0,0.0,0.0,1.4,4.75,8.0
I1,2019-01-19,Roma,Torino,1778.48,1679.26,6.0,10.0,5.0,6.0,3.0,2.0,H,2.0,0.0,H,11.0,8.0,9.0,3.0,17.0,17.0,6.0,3.0,2.0,3.0,0.0,0.0,1.6,4.0,5.75
I1,2019-01-19,Udinese,Parma,1546.28,1518.24,5.0,5.0,4.0,5.0,1.0,2.0,A,0.0,1.0,A,17.0,7.0,9.0,4.0,17.0,15.0,8.0,2.0,3.0,1.0,0.0,0.0,2.1,3.1,4.0
I1,2019-01-20,Cagliari,Empoli,1547.14,1541.5,3.0,4.0,0.0,3.0,2.0,2.0,D,1.0,0.0,H,13.0,9.0,3.0,4.0,11.0,10.0,4.0,7.0,0.0,0.0,0.0,0.0,2.0,3.5,3.8
I1,2019-01-20,Fiorentina,Sampdoria,1672.15,1636.41,4.0,8.0,6.0,10.0,3.0,3.0,D,1.0,1.0,D,8.0,9.0,4.0,5.0,15.0,22.0,4.0,7.0,6.0,4.0,1.0,0.0,1.8,3.6,4.5
I1,2019-01-20,Frosinone,Atalanta,1469.96,1714.67,2.0,2.0,4.0,10.0,0.0,5.0,A,0.0,2.0,A,5.0,14.0,3.0,8.0,12.0,11.0,4.0,8.0,2.0,0.0,0.0,0.0,8.5,4.5,1.4
I1,2019-01-20,Napoli,Lazio,1850.23,1706.5,6.0,12.0,7.0,8.0,2.0,1.0,H,2.0,0.0,H,17.0,13.0,13.0,9.0,6.0,12.0,7.0,8.0,1.0,5.0,0.0,1.0,1.9,3.6,4.0
I1,2019-01-20,Spal,Bologna,1524.67,1513.46,1.0,3.0,1.0,2.0,1.0,1.0,D,0.0,1.0,A,13.0,12.0,9.0,6.0,13.0,18.0,7.0,7.0,2.0,3.0,0.0,0.0,2.5,3.1,3.1
I1,2019-01-21,Genoa,Milan,1546.8,1695.07,4.0,5.0,4.0,6.0,0.0,2.0,A,0.0,0.0,D,13.0,9.0,7.0,7.0,14.0,17.0,5.0,6.0,3.0,3.0,0.0,0.0,3.2,3.2,2.37
I1,2019-01-21,Juventus,Chievo,1965.71,1508.18,7.0,13.0,4.0,6.0,3.0,0.0,H,2.0,0.0,H,19.0,7.0,11.0,3.0,10.0,7.0,12.0,5.0,1.0,2.0,0.0,0.0,1.11,10.0,21.0
I1,2019-01-26,Milan,Napoli,1695.07,1850.23,7.0,8.0,6.0,12.0,0.0,0.0,D,0.0,0.0,D,12.0,14.0,7.0,8.0,7.0,11.0,6.0,8.0,1.0,3.0,0.0,1.0,3.75,3.5,2.0
I1,2019-01-26,Sampdoria,Udinese,1636.41,1546.28,4.0,10.0,4.0,5.0,4.0,0.0,H,1.0,0.0,H,14.0,6.0,9.0,0.0,14.0,13.0,1.0,1.0,2.0,4.0,0.0,0.0,1.83,3.5,4.75
I1,2019-01-26,Sassuolo,Cagliari,1592.62,1547.14,1.0,5.0,4.0,4.0,3.0,0.0,H,2.0,0.0,H,11.0,7.0,9.0,3.0,14.0,17.0,4.0,12.0,1.0,1.0,0.0,0.0,2.0,3.3,4.0
I1,2019-01-27,Atalanta,Roma,1714.67,1778.48,7.0,10.0,9.0,12.0,3.0,3.0,D,1.0,3.0,A,14.0,7.0,6.0,5.0,7.0,13.0,9.0,2.0,0.0,3.0,0.0,0.0,2.15,3.6,3.25
I1,2019-01-27,Bologna,Frosinone,1513.46,1469.96,1.0,3.0,1.0,2.0,0.0,4.0,A,0.0,2.0,A,8.0,4.0,2.0,4.0,15.0,13.0,9.0,2.0,3.0,4.0,1.0,0.0,1.65,3.75,5.5
I1,2019-01-27,Chievo,Fiorentina,1508.18,1672.15,3.0,5.0,2.0,8.0,3.0,4.0,A,1.0,2.0,A,14.0,11.0,8.0,7.0,19.0,18.0,7.0,5.0,3.0,1.0,0.0,1.0,4.5,3.5,1.83
I1,2019-01-27,Lazio,Juventus,1706.5,1965.71,4.0,7.0,7.0,13.0,1.0,2.0,A,0.0,0.0,D,11.0,4.0,5.0,3.0,11.0,13.0,8.0,1.0,2.0,5.0,0.0,0.0,4.2,3.5,1.9
I1,2019-01-27,Parma,Spal,1518.24,1524.67,6.0,7.0,2.0,3.0,2.0,3.0,A,1.0,0.0,H,9.0,15.0,5.0,6.0,9.0,13.0,1.0,10.0,2.0,4.0,0.0,0.0,2.4,3.0,3.3
I1,2019-01-27,Torino,Inter,1679.26,1775.11,4.0,5.0,7.0,11.0,1.0,0.0,H,1.0,0.0,H,7.0,9.0,4.0,4.0,19.0,12.0,6.0,7.0,3.0,3.0,0.0,1.0,3.6,3.3,2.1
I1,2019-01-28,Empoli,Genoa,1541.5,1546.8,1.0,1.0,1.0,4.0,1.0,3.0,A,0.0,1.0,A,13.0,12.0,7.0,7.0,8.0,7.0,1.0,3.0,1.0,2.0,0.0,0.0,2.37,3.4,3.0
I1,2019-02-02,Empoli,Chievo,1529.93,1501.53,1.0,1.0,3.0,4.0,2.0,2.0,D,1.0,2.0,A,11.0,10.0,9.0,4.0,9.0,12.0,10.0,6.0,0.0,2.0,0.0,0.0,1.95,3.5,4.0
I1,2019-02-02,Juventus,Parma,1970.29,1519.11,9.0,13.0,3.0,7.0,3.0,3.0,D,1.0,0.0,H,18.0,11.0,9.0,5.0,6.0,11.0,12.0,4.0,1.0,2.0,0.0,0.0,1.18,7.0,17.0
I1,2019-02-02,Napoli,Sampdoria,1851.11,1647.39,7.0,10.0,4.0,10.0,3.0,0.0,H,2.0,0.0,H,18.0,8.0,14.0,2.0,4.0,12.0,5.0,3.0,0.0,3.0,0.0,0.0,1.36,5.0,8.5
I1,2019-02-03,Genoa,Sassuolo,1551.98,1607.81,4.0,7.0,4.0,5.0,1.0,1.0,D,1.0,1.0,D,4.0,11.0,2.0,8.0,11.0,15.0,4.0,6.0,1.0,3.0,0.0,0.0,2.5,3.3,2.87
I1,2019-02-03,Inter,Bologna,1760.04,1493.0,4.0,8.0,1.0,2.0,0.0,1.0,A,0.0,1.0,A,12.0,8.0,3.0,7.0,13.0,17.0,6.0,7.0,1.0,2.0,0.0,0.0,1.33,5.25,9.0
I1,2019-02-03,Roma,Milan,1782.72,1705.91,7.0,10.0,7.0,8.0,1.0,1.0,D,0.0,1.0,A,11.0,6.0,9.0,5.0,15.0,9.0,10.0,2.0,3.0,4.0,0.0,0.0,2.15,3.5,3.4
I1,2019-02-03,Spal,Torino,1532.45,1684.08,4.0,5.0,4.0,8.0,0.0,0.0,D,0.0,0.0,D,8.0,5.0,1.0,1.0,24.0,27.0,11.0,6.0,5.0,5.0,0.0,1.0,3.7,3.25,2.15
I1,2019-02-03,Udinese,Fiorentina,1527.3,1674.9,3.0,5.0,5.0,8.0,1.0,1.0,D,0.0,0.0,D,7.0,9.0,2.0,4.0,13.0,14.0,1.0,10.0,3.0,3.0,0.0,0.0,3.6,3.3,2.1
I1,2019-02-04,Cagliari,Atalanta,1536.1,1723.08,1.0,4.0,7.0,8.0,0.0,1.0,A,0.0,0.0,D,8.0,10.0,2.0,6.0,18.0,11.0,2.0,4.0,0.0,2.0,0.0,0.0,5.0,4.1,1.66
I1,2019-02-04,Frosinone,Lazio,1484.01,1699.68,3.0,5.0,1.0,7.0,0.0,1.0,A,0.0,1.0,A,9.0,11.0,4.0,5.0,8.0,14.0,2.0,2.0,1.0,5.0,0.0,0.0,7.0,4.75,1.44
I1,2019-02-07,Lazio,Empoli,1699.68,1529.93,3.0,7.0,2.0,2.0,1.0,0.0,H,1.0,0.0,H,8.0,3.0,4.0,1.0,13.0,8.0,3.0,2.0,1.0,1.0,0.0,0.0,1.3,5.25,9.5
I1,2019-02-08,Chievo,Roma,1501.53,1782.72,1.0,4.0,5.0,11.0,0.0,3.0,A,0.0,2.0,A,11.0,11.0,6.0,9.0,6.0,9.0,7.0,7.0,1.0,2.0,0.0,0.0,5.75,4.33,1.53
I1,2019-02-09,Fiorentina,Napoli,1674.9,1851.11,5.0,6.0,7.0,10.0,0.0,0.0,D,0.0,0.0,D,10.0,12.0,4.0,4.0,9.0,17.0,5.0,5.0,2.0,4.0,0.0,0.0,4.0,3.6,1.9
I1,2019-02-09,Parma,Inter,1519.11,1760.04,4.0,7.0,1.0,7.0,0.0,1.0,A,0.0,0.0,D,6.0,13.0,2.0,7.0,17.0,12.0,2.0,10.0,2.0,2.0,0.0,0.0,5.25,3.8,1.66
I1,2019-02-10,Atalanta,Spal,1723.08,1532.45,7.0,11.0,5.0,6.0,2.0,1.0,H,0.0,1.0,A,8.0,5.0,5.0,3.0,14.0,12.0,9.0,4.0,1.0,3.0,0.0,0.0,1.28,5.5,11.0
I1,2019-02-10,Bologna,Genoa,1493.0,1551.98,4.0,4.0,4.0,5.0,1.0,1.0,D,1.0,1.0,D,7.0,9.0,4.0,6.0,17.0,13.0,13.0,3.0,2.0,2.0,0.0,0.0,2.25,3.1,3.5
I1,2019-02-10,Milan,Cagliari,1705.91,1536.1,5.0,9.0,1.0,4.0,3.0,0.0,H,2.0,0.0,H,17.0,7.0,10.0,3.0,12.0,11.0,2.0,5.0,0.0,1.0,0.0,0.0,1.4,4.75,8.5
I1,2019-02-10,Sampdoria,Frosinone,1647.39,1484.01,4.0,7.0,3.0,4.0,0.0,1.0,A,0.0,1.0,A,11.0,3.0,7.0,1.0,10.0,21.0,9.0,2.0,3.0,3.0,0.0,0.0,1.5,4.0,8.0
I1,2019-02-10,Sassuolo,Juventus,1607.81,1970.29,5.0,5.0,7.0,11.0,0.0,3.0,A,0.0,1.0,A,9.0,10.0,2.0,5.0,17.0,8.0,8.0,4.0,0.0,0.0,0.0,0.0,7.0,3.75,1.57
I1,2019-02-10,Torino,Udinese,1684.08,1527.3,4.0,8.0,1.0,5.0,1.0,0.0,H,1.0,0.0,H,12.0,10.0,7.0,6.0,21.0,21.0,9.0,2.0,2.0,4.0,0.0,1.0,1.72,3.6,5.25
I1,2019-02-15,Juventus,Frosinone,1965.46,1493.49,7.0,13.0,6.0,6.0,3.0,0.0,H,2.0,0.0,H,11.0,7.0,8.0,1.0,13.0,19.0,5.0,7.0,2.0,3.0,0.0,0.0,1.12,9.5,19.0
I1,2019-02-16,Atalanta,Milan,1731.1,1715.33,7.0,13.0,5.0,11.0,1.0,3.0,A,1.0,1.0,D,12.0,6.0,5.0,3.0,10.0,9.0,5.0,2.0,1.0,2.0,0.0,0.0,2.0,3.4,3.9
I1,2019-02-16,Cagliari,Parma,1526.61,1524.25,0.0,1.0,1.0,4.0,2.0,1.0,H,0.0,1.0,A,12.0,6.0,3.0,3.0,21.0,11.0,1.0,4.0,5.0,1.0,1.0,0.0,2.0,3.3,4.0
I1,2019-02-17,Empoli,Sassuolo,1525.09,1604.8,1.0,2.0,4.0,5.0,3.0,0.0,H,2.0,0.0,H,7.0,5.0,6.0,2.0,11.0,10.0,3.0,3.0,1.0,3.0,0.0,0.0,2.7,3.4,2.6
I1,2019-02-17,Genoa,Lazio,1552.68,1700.66,5.0,6.0,6.0,7.0,2.0,1.0,H,0.0,1.0,A,14.0,6.0,6.0,6.0,12.0,12.0,7.0,3.0,3.0,2.0,0.0,0.0,3.2,3.4,2.25
I1,2019-02-17,Inter,Sampdoria,1752.15,1630.4,3.0,7.0,3.0,4.0,2.0,1.0,H,0.0,0.0,D,14.0,6.0,7.0,2.0,10.0,11.0,9.0,5.0,3.0,1.0,0.0,0.0,1.61,3.75,6.0
I1,2019-02-17,Napoli,Torino,1853.71,1685.44,5.0,11.0,7.0,8.0,0.0,0.0,D,0.0,0.0,D,20.0,6.0,10.0,1.0,18.0,13.0,15.0,4.0,5.0,3.0,0.0,0.0,1.44,4.33,8.0
I1,2019-02-17,Spal,Fiorentina,1532.73,1676.41,4.0,5.0,5.0,7.0,1.0,4.0,A,1.0,1.0,D,6.0,15.0,4.0,9.0,14.0,14.0,3.0,10.0,3.0,4.0,0.0,0.0,3.6,3.2,2.15
I1,2019-02-17,Udinese,Chievo,1526.79,1498.98,1.0,4.0,1.0,4.0,1.0,0.0,H,0.0,0.0,D,11.0,13.0,7.0,9.0,11.0,21.0,6.0,4.0,5.0,4.0,0.0,0.0,1.83,3.4,4.75
I1,2019-02-18,Roma,Bologna,1788.79,1508.54,5.0,11.0,4.0,5.0,2.0,1.0,H,0.0,0.0,D,9.0,14.0,4.0,10.0,15.0,15.0,9.0,7.0,3.0,4.0,0.0,0.0,1.44,4.33,8.0
I1,2019-02-22,Milan,Empoli,1715.33,1525.09,7.0,11.0,4.0,5.0,3.0,0.0,H,0.0,0.0,D,10.0,4.0,7.0,1.0,13.0,9.0,6.0,2.0,1.0,1.0,0.0,0.0,1.44,4.33,7.0
I1,2019-02-23,Frosinone,Roma,1493.49,1788.79,3.0,6.0,7.0,11.0,2.0,3.0,A,1.0,2.0,A,9.0,7.0,5.0,5.0,18.0,11.0,4.0,8.0,2.0,2.0,0.0,0.0,6.5,4.5,1.45
I1,2019-02-23,Torino,Atalanta,1685.44,1731.1,5.0,8.0,6.0,10.0,2.0,0.0,H,1.0,0.0,H,11.0,9.0,7.0,4.0,17.0,18.0,4.0,4.0,2.0,1.0,0.0,0.0,3.2,3.3,2.3
I1,2019-02-24,Bologna,Juventus,1508.54,1965.46,4.0,5.0,7.0,13.0,0.0,1.0,A,0.0,0.0,D,13.0,5.0,4.0,4.0,12.0,17.0,4.0,5.0,2.0,2.0,0.0,0.0,7.5,4.5,1.44
I1,2019-02-24,Chievo,Genoa,1498.98,1552.68,1.0,1.0,5.0,8.0,0.0,0.0,D,0.0,0.0,D,8.0,6.0,5.0,2.0,20.0,22.0,4.0,6.0,2.0,3.0,0.0,0.0,3.3,3.2,2.3
I1,2019-02-24,Fiorentina,Inter,1676.41,1752.15,5.0,9.0,6.0,7.0,3.0,3.0,D,1.0,2.0,A,10.0,7.0,2.0,6.0,13.0,15.0,9.0,6.0,2.0,4.0,0.0,0.0,2.7,3.3,2.7
I1,2019-02-24,Parma,Napoli,1524.25,1853.71,1.0,4.0,5.0,9.0,0.0,4.0,A,0.0,2.0,A,8.0,14.0,2.0,5.0,13.0,7.0,5.0,2.0,2.0,1.0,0.0,0.0,7.0,4.5,1.44
I1,2019-02-24,Sampdoria,Cagliari,1630.4,1526.61,0.0,4.0,3.0,4.0,1.0,0.0,H,0.0,0.0,D,9.0,8.0,6.0,1.0,9.0,17.0,3.0,5.0,1.0,2.0,0.0,0.0,1.75,3.6,5.0
I1,2019-02-24,Sassuolo,Spal,1604.8,1532.73,1.0,5.0,1.0,5.0,1.0,1.0,D,1.0,0.0,H,6.0,5.0,2.0,3.0,18.0,14.0,3.0,5.0,4.0,1.0,1.0,0.0,1.95,3.4,4.0
I1,2019-03-01,Cagliari,Inter,1524.06,1754.55,3.0,3.0,7.0,7.0,2.0,1.0,H,2.0,1.0,H,12.0,19.0,5.0,7.0,12.0,8.0,1.0,5.0,5.0,3.0,0.0,0.0,5.25,3.7,1.7
I1,2019-03-02,Empoli,Parma,1530.46,1507.84,3.0,4.0,0.0,1.0,3.0,3.0,D,1.0,2.0,A,13.0,7.0,9.0,7.0,10.0,17.0,8.0,2.0,1.0,3.0,0.0,0.0,2.0,3.5,3.75
I1,2019-03-02,Lazio,Roma,1680.17,1788.51,6.0,6.0,9.0,11.0,3.0,0.0,H,1.0,0.0,H,6.0,7.0,4.0,3.0,13.0,15.0,5.0,7.0,4.0,5.0,0.0,1.0,2.37,3.5,3.0
I1,2019-03-02,Milan,Sassuolo,1729.16,1581.63,9.0,11.0,1.0,5.0,1.0,0.0,H,1.0,0.0,H,7.0,11.0,4.0,6.0,20.0,9.0,6.0,6.0,3.0,0.0,0.0,1.0,1.5,4.2,7.0
I1,2019-03-03,Atalanta,Fiorentina,1702.36,1682.07,3.0,7.0,5.0,9.0,3.0,1.0,H,2.0,1.0,H,17.0,7.0,10.0,4.0,9.0,16.0,8.0,5.0,4.0,2.0,0.0,0.0,1.85,3.75,4.2
I1,2019-03-03,Genoa,Frosinone,1557.94,1484.89,5.0,9.0,3.0,6.0,0.0,0.0,D,0.0,0.0,D,10.0,3.0,6.0,0.0,15.0,16.0,8.0,2.0,2.0,4.0,0.0,1.0,1.66,3.6,5.75
I1,2019-03-03,Napoli,Juventus,1848.55,1950.26,5.0,9.0,9.0,13.0,1.0,2.0,A,0.0,2.0,A,13.0,4.0,5.0,3.0,10.0,14.0,12.0,4.0,3.0,6.0,1.0,1.0,2.3,3.2,3.2
I1,2019-03-03,Spal,Sampdoria,1521.37,1626.09,1.0,5.0,3.0,6.0,1.0,2.0,A,0.0,2.0,A,8.0,14.0,2.0,10.0,10.0,14.0,5.0,4.0,2.0,3.0,1.0,0.0,2.8,3.1,2.7
I1,2019-03-03,Torino,Chievo,1696.39,1488.48,7.0,11.0,1.0,2.0,3.0,0.0,H,0.0,0.0,D,9.0,9.0,6.0,5.0,10.0,18.0,7.0,4.0,1.0,4.0,0.0,0.0,1.44,4.33,8.0
I1,2019-03-03,Udinese,Bologna,1528.0,1500.75,4.0,4.0,1.0,4.0,2.0,1.0,H,1.0,1.0,D,11.0,11.0,6.0,9.0,21.0,20.0,6.0,6.0,3.0,3.0,0.0,0.0,2.8,3.0,2.8
I1,2019-03-08,Juventus,Udinese,1950.26,1528.0,9.0,13.0,6.0,7.0,4.0,1.0,H,2.0,0.0,H,15.0,4.0,6.0,2.0,7.0,9.0,5.0,0.0,0.0,3.0,0.0,0.0,1.36,4.75,9.5
I1,2019-03-09,Chievo,Milan,1488.48,1729.16,1.0,2.0,9.0,13.0,1.0,2.0,A,1.0,1.0,D,5.0,9.0,1.0,3.0,20.0,13.0,4.0,1.0,3.0,1.0,0.0,0.0,6.0,4.0,1.55
I1,2019-03-09,Parma,Genoa,1507.84,1557.94,1.0,2.0,5.0,7.0,1.0,0.0,H,0.0,0.0,D,8.0,8.0,4.0,1.0,12.0,12.0,4.0,5.0,2.0,1.0,0.0,0.0,2.8,3.1,2.7
I1,2019-03-10,Bologna,Cagliari,1500.75,1524.06,0.0,4.0,6.0,6.0,2.0,0.0,H,1.0,0.0,H,17.0,7.0,8.0,6.0,16.0,21.0,8.0,3.0,0.0,0.0,0.0,0.0,1.95,3.1,4.75
I1,2019-03-10,Fiorentina,Lazio,1682.07,1680.17,4.0,6.0,6.0,9.0,1.0,1.0,D,0.0,1.0,A,7.0,7.0,1.0,6.0,8.0,14.0,4.0,7.0,3.0,1.0,0.0,0.0,2.8,3.3,2.55
I1,2019-03-10,Frosinone,Torino,1484.89,1696.39,1.0,4.0,7.0,11.0,1.0,2.0,A,1.0,0.0,H,9.0,10.0,5.0,7.0,14.0,21.0,3.0,3.0,2.0,4.0,0.0,0.0,4.75,3.3,1.85
I1,2019-03-10,Inter,Spal,1754.55,1521.37,4.0,7.0,1.0,2.0,2.0,0.0,H,0.0,0.0,D,10.0,2.0,4.0,1.0,17.0,17.0,4.0,7.0,3.0,5.0,0.0,0.0,1.4,4.5,8.5
I1,2019-03-10,Sampdoria,Atalanta,1626.09,1702.36,6.0,6.0,3.0,9.0,1.0,2.0,A,0.0,0.0,D,11.0,13.0,6.0,6.0,13.0,10.0,4.0,7.0,2.0,2.0,0.0,0.0,3.5,3.4,2.15
I1,2019-03-10,Sassuolo,Napoli,1581.63,1848.55,1.0,2.0,4.0,8.0,1.0,1.0,D,0.0,0.0,D,7.0,9.0,1.0,4.0,11.0,10.0,3.0,5.0,3.0,2.0,0.0,0.0,6.0,4.0,1.57
I1,2019-03-11,Roma,Empoli,1788.51,1530.46,6.0,10.0,4.0,5.0,2.0,1.0,H,2.0,1.0,H,7.0,4.0,2.0,2.0,12.0,9.0,5.0,3.0,4.0,1.0,1.0,0.0,1.53,4.5,5.75
I1,2019-03-15,Cagliari,Fiorentina,1528.16,1674.99,3.0,6.0,2.0,6.0,2.0,1.0,H,0.0,0.0,D,10.0,6.0,6.0,4.0,22.0,13.0,4.0,4.0,3.0,2.0,0.0,0.0,3.3,3.25,2.3
I1,2019-03-16,Sassuolo,Sampdoria,1586.1,1628.02,2.0,2.0,6.0,6.0,3.0,5.0,A,1.0,3.0,A,12.0,17.0,5.0,11.0,9.0,12.0,6.0,5.0,1.0,1.0,0.0,0.0,2.4,3.2,3.1
I1,2019-03-16,Spal,Roma,1513.71,1763.86,1.0,1.0,6.0,12.0,2.0,1.0,H,1.0,0.0,H,10.0,10.0,6.0,5.0,12.0,19.0,3.0,5.0,4.0,5.0,0.0,0.0,4.33,3.6,1.83
I1,2019-03-16,Torino,Bologna,1707.64,1507.88,9.0,13.0,3.0,4.0,2.0,3.0,A,1.0,2.0,A,16.0,8.0,7.0,6.0,15.0,16.0,4.0,5.0,5.0,4.0,1.0,1.0,1.95,3.2,4.5
I1,2019-03-17,Atalanta,Chievo,1720.53,1482.79,6.0,9.0,1.0,1.0,1.0,1.0,D,0.0,1.0,A,11.0,6.0,6.0,3.0,12.0,24.0,10.0,1.0,0.0,0.0,0.0,0.0,1.22,6.0,15.0
I1,2019-03-17,Empoli,Frosinone,1528.43,1486.51,1.0,4.0,1.0,4.0,2.0,1.0,H,2.0,0.0,H,8.0,9.0,5.0,3.0,16.0,15.0,2.0,2.0,4.0,2.0,0.0,0.0,1.8,3.5,4.75
I1,2019-03-17,Genoa,Juventus,1549.06,1983.61,2.0,6.0,9.0,15.0,2.0,0.0,H,0.0,0.0,D,10.0,3.0,5.0,0.0,12.0,11.0,6.0,6.0,2.0,3.0,0.0,0.0,7.0,4.0,1.53
I1,2019-03-17,Lazio,Parma,1699.54,1520.25,4.0,10.0,4.0,4.0,4.0,1.0,H,4.0,0.0,H,14.0,4.0,8.0,2.0,10.0,10.0,6.0,5.0,0.0,2.0,0.0,0.0,1.33,5.25,9.5
I1,2019-03-17,Milan,Inter,1738.8,1738.13,9.0,15.0,4.0,10.0,2.0,3.0,A,0.0,1.0,A,9.0,10.0,7.0,6.0,19.0,11.0,7.0,4.0,4.0,3.0,0.0,0.0,2.3,3.1,3.4
I1,2019-03-17,Napoli,Udinese,1846.17,1535.08,4.0,6.0,6.0,7.0,4.0,2.0,H,2.0,2.0,D,13.0,8.0,5.0,3.0,4.0,7.0,5.0,2.0,1.0,1.0,0.0,0.0,1.22,6.5,13.0
I1,2019-03-29,Chievo,Cagliari,1482.79,1528.16,1.0,2.0,6.0,9.0,0.0,3.0,A,0.0,3.0,A,10.0,9.0,8.0,3.0,13.0,15.0,5.0,5.0,6.0,3.0,1.0,0.0,2.7,3.0,2.87
I1,2019-03-30,Juventus,Empoli,1983.61,1528.43,6.0,12.0,4.0,7.0,1.0,0.0,H,0.0,0.0,D,14.0,3.0,6.0,0.0,16.0,11.0,5.0,4.0,0.0,0.0,0.0,0.0,1.25,6.0,12.0
I1,2019-03-30,Sampdoria,Milan,1628.02,1738.8,6.0,9.0,6.0,12.0,1.0,0.0,H,1.0,0.0,H,14.0,7.0,8.0,5.0,12.0,9.0,5.0,10.0,1.0,4.0,0.0,0.0,3.25,3.1,2.37
I1,2019-03-30,Udinese,Genoa,1535.08,1549.06,3.0,6.0,4.0,8.0,2.0,0.0,H,1.0,0.0,H,12.0,15.0,5.0,6.0,10.0,18.0,3.0,5.0,3.0,4.0,0.0,0.0,2.5,3.1,3.1
I1,2019-03-31,Bologna,Sassuolo,1507.88,1586.1,6.0,6.0,1.0,2.0,2.0,1.0,H,0.0,0.0,D,11.0,5.0,8.0,4.0,17.0,18.0,9.0,4.0,2.0,3.0,0.0,0.0,2.05,3.4,3.75
I1,2019-03-31,Fiorentina,Torino,1674.99,1707.64,1.0,5.0,6.0,10.0,1.0,1.0,D,1.0,1.0,D,16.0,6.0,8.0,2.0,15.0,8.0,7.0,5.0,0.0,2.0,0.0,0.0,2.1,3.2,3.8
I1,2019-03-31,Frosinone,Spal,1486.51,1513.71,1.0,1.0,3.0,4.0,0.0,1.0,A,0.0,1.0,A,19.0,5.0,9.0,3.0,19.0,14.0,8.0,3.0,3.0,3.0,0.0,0.0,2.9,3.1,2.6
I1,2019-03-31,Inter,Lazio,1738.13,1699.54,6.0,10.0,7.0,10.0,0.0,1.0,A,0.0,1.0,A,11.0,6.0,6.0,5.0,11.0,13.0,12.0,3.0,0.0,0.0,0.0,0.0,2.25,3.3,3.3
I1,2019-03-31,Parma,Atalanta,1520.25,1720.53,4.0,4.0,7.0,7.0,1.0,3.0,A,1.0,1.0,D,6.0,18.0,4.0,11.0,13.0,10.0,4.0,6.0,1.0,1.0,0.0,0.0,5.75,4.0,1.6
I1,2019-03-31,Roma,Napoli,1763.86,1846.17,3.0,9.0,4.0,8.0,1.0,4.0,A,1.0,1.0,D,11.0,12.0,5.0,10.0,14.0,14.0,4.0,7.0,4.0,2.0,0.0,0.0,3.1,3.5,2.3
I1,2019-04-02,Cagliari,Juventus,1553.25,1961.27,6.0,9.0,6.0,12.0,0.0,2.0,A,0.0,1.0,A,5.0,11.0,1.0,6.0,17.0,10.0,3.0,5.0,3.0,2.0,0.0,0.0,5.25,3.4,1.75
I1,2019-04-02,Milan,Udinese,1720.43,1543.57,3.0,9.0,3.0,9.0,1.0,1.0,D,1.0,0.0,H,12.0,7.0,9.0,3.0,13.0,11.0,7.0,5.0,0.0,0.0,0.0,0.0,1.44,4.33,8.0
I1,2019-04-03,Empoli,Napoli,1533.11,1860.68,3.0,4.0,7.0,10.0,2.0,1.0,H,1.0,1.0,D,13.0,11.0,9.0,5.0,13.0,5.0,8.0,2.0,2.0,2.0,0.0,0.0,7.0,4.75,1.44
I1,2019-04-03,Frosinone,Parma,1472.44,1508.66,0.0,1.0,3.0,4.0,3.0,2.0,H,2.0,1.0,H,14.0,10.0,5.0,6.0,14.0,19.0,3.0,3.0,3.0,4.0,0.0,0.0,2.4,3.2,3.1
I1,2019-04-03,Genoa,Inter,1561.61,1736.89,3.0,5.0,6.0,7.0,0.0,4.0,A,0.0,2.0,A,5.0,12.0,2.0,9.0,9.0,12.0,1.0,6.0,2.0,1.0,1.0,0.0,4.0,3.25,2.05
I1,2019-04-03,Roma,Fiorentina,1738.78,1663.66,3.0,6.0,2.0,3.0,2.0,2.0,D,1.0,1.0,D,12.0,10.0,6.0,5.0,15.0,15.0,4.0,6.0,3.0,4.0,0.0,0.0,2.0,3.5,3.75
I1,2019-04-03,Spal,Lazio,1534.95,1715.31,6.0,7.0,7.0,10.0,1.0,0.0,H,0.0,0.0,D,8.0,9.0,4.0,5.0,10.0,17.0,2.0,7.0,2.0,5.0,0.0,0.0,5.0,3.75,1.72
I1,2019-04-03,Torino,Sampdoria,1694.33,1648.75,4.0,10.0,6.0,12.0,2.0,1.0,H,2.0,0.0,H,14.0,6.0,6.0,3.0,13.0,12.0,6.0,3.0,3.0,3.0,0.0,0.0,2.15,3.3,3.5
I1,2019-04-04,Atalanta,Bologna,1720.31,1530.0,7.0,10.0,9.0,9.0,4.0,1.0,H,4.0,0.0,H,12.0,8.0,6.0,4.0,11.0,13.0,5.0,4.0,2.0,3.0,0.0,0.0,1.5,4.2,7.0
I1,2019-04-04,Sassuolo,Chievo,1566.32,1474.9,1.0,2.0,1.0,2.0,4.0,0.0,H,2.0,0.0,H,13.0,9.0,8.0,5.0,14.0,17.0,5.0,4.0,1.0,1.0,0.0,0.0,1.66,3.75,5.5
I1,2019-04-06,Juventus,Milan,1961.27,1720.43,6.0,12.0,1.0,7.0,2.0,1.0,H,0.0,1.0,A,10.0,12.0,6.0,5.0,21.0,15.0,5.0,8.0,2.0,2.0,0.0,0.0,1.75,3.5,5.25
I1,2019-04-06,Parma,Torino,1508.66,1694.33,0.0,4.0,4.0,10.0,0.0,0.0,D,0.0,0.0,D,5.0,12.0,1.0,4.0,20.0,21.0,3.0,4.0,4.0,5.0,0.0,0.0,4.0,3.3,2.0
I1,2019-04-06,Sampdoria,Roma,1648.75,1738.78,6.0,9.0,1.0,4.0,0.0,1.0,A,0.0,0.0,D,10.0,9.0,2.0,5.0,12.0,11.0,8.0,3.0,2.0,2.0,0.0,0.0,2.9,3.3,2.5
I1,2019-04-07,Cagliari,Spal,1553.25,1534.95,6.0,9.0,9.0,9.0,2.0,1.0,H,1.0,1.0,D,14.0,5.0,11.0,2.0,19.0,4.0,9.0,4.0,4.0,3.0,0.0,0.0,2.15,3.2,3.6
I1,2019-04-07,Fiorentina,Frosinone,1663.66,1472.44,2.0,3.0,3.0,4.0,0.0,1.0,A,0.0,0.0,D,14.0,6.0,5.0,3.0,19.0,16.0,10.0,7.0,1.0,4.0,0.0,0.0,1.5,4.0,7.5
I1,2019-04-07,Inter,Atalanta,1736.89,1720.31,6.0,9.0,7.0,13.0,0.0,0.0,D,0.0,0.0,D,8.0,5.0,6.0,2.0,10.0,13.0,8.0,4.0,1.0,2.0,0.0,0.0,2.0,3.4,3.9
I1,2019-04-07,Lazio,Sassuolo,1715.31,1566.32,6.0,10.0,3.0,4.0,2.0,2.0,D,0.0,0.0,D,18.0,3.0,7.0,2.0,14.0,8.0,11.0,1.0,2.0,1.0,0.0,0.0,1.36,5.0,8.5
I1,2019-04-07,Napoli,Genoa,1860.68,1561.61,6.0,7.0,3.0,4.0,1.0,1.0,D,1.0,1.0,D,19.0,12.0,10.0,7.0,11.0,10.0,11.0,6.0,2.0,0.0,0.0,1.0,1.25,5.5,14.0
I1,2019-04-07,Udinese,Empoli,1543.57,1533.11,4.0,7.0,6.0,7.0,3.0,2.0,H,3.0,2.0,H,14.0,12.0,6.0,6.0,8.0,9.0,6.0,6.0,4.0,4.0,1.0,0.0,2.3,3.1,3.25
I1,2019-04-08,Bologna,Chievo,1530.0,1474.9,6.0,9.0,1.0,1.0,3.0,0.0,H,0.0,0.0,D,14.0,4.0,11.0,2.0,10.0,22.0,6.0,3.0,1.0,8.0,0.0,1.0,1.5,4.0,7.0
I1,2019-04-13,Milan,Lazio,1720.43,1715.31,1.0,4.0,4.0,8.0,1.0,0.0,H,0.0,0.0,D,10.0,8.0,5.0,6.0,13.0,16.0,11.0,4.0,1.0,2.0,0.0,0.0,2.6,3.3,2.75
I1,2019-04-13,Roma,Udinese,1738.78,1543.57,4.0,7.0,7.0,7.0,1.0,0.0,H,0.0,0.0,D,11.0,7.0,5.0,4.0,11.0,13.0,7.0,6.0,2.0,3.0,0.0,0.0,1.44,4.5,7.0
I1,2019-04-13,Spal,Juventus,1534.95,1961.27,6.0,9.0,9.0,12.0,2.0,1.0,H,0.0,1.0,A,8.0,4.0,3.0,3.0,15.0,14.0,5.0,4.0,5.0,2.0,0.0,0.0,4.0,3.2,2.05
I1,2019-04-14,Chievo,Napoli,1474.9,1860.68,0.0,1.0,4.0,8.0,1.0,3.0,A,0.0,1.0,A,4.0,12.0,4.0,5.0,9.0,10.0,3.0,7.0,0.0,0.0,0.0,0.0,11.0,5.25,1.3
I1,2019-04-14,Fiorentina,Bologna,1663.66,1530.0,2.0,3.0,6.0,12.0,0.0,0.0,D,0.0,0.0,D,14.0,5.0,7.0,3.0,17.0,11.0,10.0,5.0,2.0,3.0,0.0,0.0,1.85,3.5,4.5
I1,2019-04-14,Frosinone,Inter,1472.44,1736.89,6.0,6.0,4.0,10.0,1.0,3.0,A,0.0,2.0,A,10.0,10.0,4.0,5.0,19.0,17.0,1.0,3.0,3.0,1.0,0.0,0.0,7.0,3.75,1.57
I1,2019-04-14,Sampdoria,Genoa,1648.75,1561.61,3.0,6.0,1.0,4.0,2.0,0.0,H,1.0,0.0,H,13.0,6.0,7.0,1.0,15.0,22.0,3.0,8.0,2.0,5.0,0.0,1.0,2.4,3.1,3.2
I1,2019-04-14,Sassuolo,Parma,1566.32,1508.66,4.0,5.0,1.0,4.0,0.0,0.0,D,0.0,0.0,D,16.0,3.0,8.0,1.0,7.0,11.0,7.0,3.0,3.0,2.0,0.0,0.0,1.66,4.0,5.0
I1,2019-04-14,Torino,Cagliari,1694.33,1553.25,5.0,8.0,6.0,9.0,1.0,1.0,D,0.0,0.0,D,14.0,9.0,8.0,6.0,12.0,20.0,6.0,6.0,2.0,7.0,1.0,2.0,1.85,3.4,4.75
I1,2019-04-15,Atalanta,Empoli,1724.74,1538.3,7.0,11.0,3.0,6.0,0.0,0.0,D,0.0,0.0,D,32.0,2.0,18.0,1.0,7.0,11.0,9.0,3.0,1.0,3.0,0.0,0.0,1.33,5.25,9.0
I1,2019-04-17,Lazio,Udinese,1690.57,1550.54,1.0,7.0,4.0,7.0,2.0,0.0,H,2.0,0.0,H,15.0,9.0,7.0,4.0,13.0,16.0,4.0,5.0,2.0,0.0,0.0,0.0,1.36,5.0,8.5
I1,2019-04-20,Bologna,Sampdoria,1536.63,1639.85,4.0,10.0,3.0,9.0,3.0,0.0,H,0.0,0.0,D,12.0,9.0,6.0,3.0,19.0,12.0,3.0,4.0,2.0,4.0,0.0,0.0,2.2,3.3,3.4
I1,2019-04-20,Cagliari,Frosinone,1559.93,1485.5,4.0,10.0,6.0,6.0,1.0,0.0,H,1.0,0.0,H,12.0,5.0,6.0,2.0,19.0,16.0,5.0,6.0,3.0,1.0,1.0,0.0,1.95,3.2,4.2
I1,2019-04-20,Empoli,Spal,1538.3,1553.07,4.0,7.0,6.0,12.0,2.0,4.0,A,1.0,2.0,A,11.0,9.0,6.0,7.0,15.0,15.0,3.0,6.0,3.0,5.0,0.0,0.0,2.15,3.25,3.6
I1,2019-04-20,Genoa,Torino,1549.6,1687.9,1.0,4.0,5.0,6.0,0.0,1.0,A,0.0,0.0,D,8.0,8.0,4.0,4.0,21.0,24.0,3.0,2.0,4.0,4.0,0.0,0.0,2.75,3.0,2.87
I1,2019-04-20,Inter,Roma,1748.12,1742.03,7.0,10.0,7.0,7.0,1.0,1.0,D,0.0,1.0,A,13.0,9.0,7.0,5.0,7.0,13.0,7.0,4.0,1.0,2.0,0.0,0.0,1.8,3.6,4.5
I1,2019-04-20,Juventus,Fiorentina,1947.53,1645.69,6.0,9.0,2.0,3.0,2.0,1.0,H,1.0,1.0,D,9.0,9.0,5.0,6.0,13.0,8.0,10.0,7.0,0.0,1.0,0.0,0.0,1.4,4.5,9.0
I1,2019-04-20,Lazio,Chievo,1690.57,1451.95,4.0,7.0,0.0,1.0,1.0,2.0,A,0.0,0.0,D,16.0,8.0,8.0,6.0,8.0,21.0,13.0,2.0,0.0,4.0,2.0,0.0,1.18,7.0,17.0
I1,2019-04-20,Parma,Milan,1506.28,1715.65,2.0,2.0,4.0,4.0,1.0,1.0,D,0.0,0.0,D,10.0,8.0,3.0,3.0,14.0,13.0,8.0,4.0,0.0,1.0,0.0,0.0,5.0,3.6,1.75
I1,2019-04-20,Udinese,Sassuolo,1550.54,1573.34,3.0,7.0,5.0,5.0,1.0,1.0,D,0.0,1.0,A,10.0,6.0,5.0,2.0,17.0,14.0,6.0,5.0,3.0,2.0,0.0,0.0,2.35,3.2,3.2
I1,2019-04-22,Napoli,Atalanta,1830.52,1724.74,4.0,10.0,5.0,9.0,1.0,2.0,A,1.0,0.0,H,13.0,11.0,9.0,7.0,15.0,10.0,3.0,3.0,3.0,1.0,0.0,0.0,1.85,3.5,4.2
I1,2019-04-27,Bologna,Empoli,1536.63,1538.3,7.0,10.0,1.0,4.0,3.0,1.0,H,0.0,1.0,A,17.0,4.0,7.0,3.0,13.0,15.0,13.0,5.0,3.0,2.0,0.0,0.0,1.8,3.6,4.33
I1,2019-04-27,Inter,Juventus,1748.12,1947.53,5.0,8.0,6.0,12.0,1.0,1.0,D,1.0,0.0,H,10.0,10.0,6.0,4.0,12.0,12.0,10.0,4.0,1.0,3.0,0.0,0.0,2.37,3.4,2.9
I1,2019-04-27,Roma,Cagliari,1742.03,1559.93,7.0,8.0,7.0,10.0,3.0,0.0,H,2.0,0.0,H,15.0,4.0,11.0,1.0,6.0,7.0,5.0,5.0,1.0,2.0,0.0,0.0,1.4,4.2,8.0
I1,2019-04-28,Chievo,Parma,1451.95,1506.28,3.0,3.0,3.0,3.0,1.0,1.0,D,0.0,1.0,A,6.0,6.0,2.0,2.0,15.0,17.0,2.0,4.0,3.0,3.0,0.0,0.0,3.1,3.1,2.4
I1,2019-04-28,Frosinone,Napoli,1485.5,1830.52,3.0,6.0,4.0,7.0,0.0,2.0,A,0.0,1.0,A,13.0,19.0,4.0,13.0,25.0,16.0,2.0,6.0,3.0,1.0,0.0,0.0,10.0,4.75,1.33
I1,2019-04-28,Sampdoria,Lazio,1639.85,1690.57,3.0,6.0,3.0,4.0,1.0,2.0,A,0.0,2.0,A,7.0,10.0,5.0,5.0,13.0,11.0,1.0,4.0,6.0,3.0,1.0,0.0,3.0,3.4,2.3
I1,2019-04-28,Spal,Genoa,1553.07,1549.6,6.0,12.0,1.0,1.0,1.0,1.0,D,1.0,0.0,H,11.0,11.0,5.0,5.0,14.0,15.0,2.0,4.0,3.0,3.0,0.0,0.0,2.5,2.7,3.4
I1,2019-04-28,Torino,Milan,1687.9,1715.65,5.0,9.0,4.0,5.0,2.0,0.0,H,0.0,0.0,D,7.0,7.0,3.0,5.0,19.0,23.0,4.0,9.0,2.0,6.0,0.0,1.0,2.75,3.2,2.55
I1,2019-04-29,Atalanta,Udinese,1724.74,1550.54,5.0,11.0,1.0,5.0,2.0,0.0,H,0.0,0.0,D,13.0,4.0,8.0,2.0,7.0,13.0,9.0,5.0,0.0,2.0,0.0,0.0,1.3,5.0,11.0
I1,2019-04-29,Fiorentina,Sassuolo,1645.69,1573.34,1.0,3.0,3.0,6.0,0.0,1.0,A,0.0,1.0,A,7.0,9.0,4.0,5.0,16.0,7.0,7.0,8.0,3.0,1.0,0.0,0.0,1.72,3.5,5.0
I1,2019-05-03,Juventus,Torino,1918.14,1695.65,4.0,10.0,7.0,11.0,1.0,1.0,D,0.0,1.0,A,11.0,9.0,4.0,2.0,11.0,9.0,7.0,3.0,3.0,3.0,0.0,0.0,1.61,3.75,6.0
I1,2019-05-04,Chievo,Spal,1457.75,1555.58,4.0,4.0,7.0,10.0,0.0,4.0,A,0.0,1.0,A,8.0,14.0,3.0,8.0,13.0,12.0,1.0,5.0,3.0,0.0,0.0,0.0,3.2,3.1,2.45
I1,2019-05-04,Udinese,Inter,1532.45,1740.61,1.0,4.0,5.0,9.0,0.0,0.0,D,0.0,0.0,D,3.0,11.0,3.0,4.0,19.0,11.0,2.0,9.0,1.0,3.0,0.0,0.0,5.25,3.8,1.66
I1,2019-05-05,Empoli,Fiorentina,1514.54,1624.25,1.0,4.0,1.0,2.0,1.0,0.0,H,0.0,0.0,D,6.0,20.0,4.0,11.0,15.0,17.0,4.0,7.0,3.0,1.0,0.0,1.0,2.3,3.6,3.0
I1,2019-05-05,Genoa,Roma,1537.24,1740.52,1.0,2.0,7.0,11.0,1.0,1.0,D,0.0,0.0,D,13.0,11.0,6.0,5.0,14.0,11.0,4.0,7.0,1.0,2.0,0.0,0.0,3.75,3.6,2.0
I1,2019-05-05,Lazio,Atalanta,1680.06,1726.1,6.0,7.0,7.0,11.0,1.0,3.0,A,1.0,1.0,D,7.0,10.0,5.0,6.0,15.0,11.0,2.0,5.0,4.0,3.0,0.0,0.0,2.15,3.6,3.25
I1,2019-05-05,Napoli,Cagliari,1807.77,1551.44,6.0,7.0,4.0,7.0,2.0,1.0,H,0.0,0.0,D,17.0,4.0,8.0,2.0,11.0,12.0,6.0,2.0,2.0,3.0,0.0,1.0,1.25,6.25,11.0
I1,2019-05-05,Parma,Sampdoria,1502.3,1607.86,3.0,4.0,3.0,3.0,3.0,3.0,D,1.0,2.0,A,9.0,14.0,6.0,10.0,14.0,7.0,2.0,2.0,4.0,3.0,1.0,1.0,3.0,3.2,2.45
I1,2019-05-05,Sassuolo,Frosinone,1577.68,1468.86,5.0,9.0,0.0,6.0,2.0,2.0,D,0.0,2.0,A,14.0,5.0,5.0,3.0,14.0,19.0,8.0,1.0,2.0,3.0,0.0,0.0,1.66,3.8,5.25
I1,2019-05-06,Milan,Bologna,1693.84,1551.71,4.0,5.0,7.0,10.0,2.0,1.0,H,1.0,0.0,H,13.0,14.0,5.0,7.0,9.0,20.0,5.0,10.0,3.0,5.0,1.0,2.0,1.65,3.75,5.5
I1,2019-05-11,Atalanta,Genoa,1726.1,1537.24,9.0,11.0,2.0,3.0,2.0,1.0,H,0.0,0.0,D,8.0,13.0,4.0,3.0,14.0,21.0,0.0,4.0,1.0,3.0,0.0,0.0,1.5,4.2,7.0
I1,2019-05-11,Cagliari,Lazio,1551.44,1680.06,3.0,7.0,3.0,6.0,1.0,2.0,A,0.0,1.0,A,14.0,10.0,6.0,5.0,11.0,13.0,4.0,2.0,2.0,4.0,0.0,0.0,3.75,3.6,1.95
I1,2019-05-11,Fiorentina,Milan,1624.25,1693.84,0.0,1.0,4.0,7.0,0.0,1.0,A,0.0,1.0,A,8.0,10.0,3.0,5.0,15.0,8.0,5.0,6.0,2.0,1.0,0.0,0.0,3.0,3.3,2.37
I1,2019-05-12,Frosinone,Udinese,1468.86,1532.45,1.0,4.0,2.0,2.0,1.0,3.0,A,0.0,3.0,A,13.0,11.0,5.0,8.0,15.0,17.0,14.0,10.0,2.0,3.0,0.0,0.0,5.0,3.6,1.75
I1,2019-05-12,Roma,Juventus,1740.52,1918.14,5.0,11.0,5.0,8.0,2.0,0.0,H,0.0,0.0,D,9.0,5.0,4.0,4.0,8.0,7.0,3.0,3.0,3.0,1.0,0.0,0.0,2.5,3.5,2.75
I1,2019-05-12,Sampdoria,Empoli,1607.86,1514.54,1.0,4.0,3.0,4.0,1.0,2.0,A,0.0,0.0,D,11.0,5.0,7.0,4.0,10.0,15.0,8.0,2.0,2.0,1.0,0.0,0.0,2.37,3.6,2.87
I1,2019-05-12,Spal,Napoli,1555.58,1807.77,7.0,10.0,6.0,10.0,1.0,2.0,A,0.0,0.0,D,10.0,17.0,5.0,8.0,11.0,20.0,1.0,12.0,2.0,1.0,0.0,0.0,5.75,4.33,1.53
I1,2019-05-12,Torino,Sassuolo,1695.65,1577.68,7.0,9.0,5.0,7.0,3.0,2.0,H,0.0,1.0,A,17.0,7.0,11.0,3.0,15.0,17.0,11.0,1.0,1.0,5.0,0.0,1.0,1.53,4.5,5.75
I1,2019-05-13,Bologna,Parma,1551.71,1502.3,6.0,10.0,3.0,5.0,4.0,1.0,H,0.0,0.0,D,15.0,3.0,10.0,1.0,9.0,15.0,13.0,3.0,1.0,6.0,0.0,1.0,1.83,3.25,5.0
I1,2019-05-13,Inter,Chievo,1740.61,1457.75,3.0,7.0,4.0,4.0,2.0,0.0,H,1.0,0.0,H,16.0,3.0,11.0,0.0,10.0,17.0,17.0,0.0,2.0,3.0,0.0,1.0,1.14,8.0,19.0
I1,2019-05-18,Genoa,Cagliari,1538.44,1542.83,2.0,2.0,0.0,4.0,1.0,1.0,D,0.0,1.0,A,16.0,4.0,9.0,3.0,13.0,21.0,11.0,3.0,2.0,1.0,1.0,0.0,1.55,4.0,6.5
I1,2019-05-18,Sassuolo,Roma,1569.42,1752.07,4.0,6.0,7.0,11.0,0.0,0.0,D,0.0,0.0,D,9.0,17.0,3.0,6.0,10.0,10.0,5.0,5.0,2.0,4.0,0.0,0.0,5.75,5.0,1.45
I1,2019-05-18,Udinese,Spal,1547.99,1566.24,4.0,5.0,4.0,10.0,3.0,2.0,H,3.0,0.0,H,10.0,12.0,4.0,5.0,17.0,13.0,8.0,6.0,4.0,4.0,0.0,0.0,1.53,4.2,6.0
I1,2019-05-19,Chievo,Sampdoria,1440.9,1595.15,1.0,4.0,1.0,4.0,0.0,0.0,D,0.0,0.0,D,4.0,9.0,1.0,6.0,13.0,9.0,4.0,7.0,3.0,0.0,1.0,0.0,3.8,3.8,1.9
I1,2019-05-19,Empoli,Torino,1535.16,1706.06,6.0,7.0,7.0,11.0,4.0,1.0,H,1.0,0.0,H,11.0,10.0,9.0,6.0,12.0,19.0,7.0,3.0,1.0,1.0,0.0,0.0,2.55,3.5,2.62
I1,2019-05-19,Juventus,Atalanta,1896.03,1740.56,2.0,5.0,9.0,13.0,1.0,1.0,D,0.0,1.0,A,11.0,11.0,4.0,7.0,15.0,14.0,5.0,8.0,3.0,1.0,1.0,0.0,2.45,3.0,3.25
I1,2019-05-19,Milan,Frosinone,1704.95,1461.85,6.0,10.0,1.0,1.0,2.0,0.0,H,0.0,0.0,D,9.0,6.0,3.0,2.0,13.0,7.0,5.0,7.0,1.0,0.0,0.0,0.0,1.14,9.0,17.0
I1,2019-05-19,Napoli,Inter,1813.65,1738.93,9.0,12.0,5.0,9.0,4.0,1.0,H,1.0,0.0,H,14.0,10.0,6.0,7.0,8.0,10.0,3.0,12.0,3.0,1.0,0.0,0.0,2.45,3.5,2.75
I1,2019-05-19,Parma,Fiorentina,1494.02,1607.57,2.0,4.0,0.0,1.0,1.0,0.0,H,0.0,0.0,D,9.0,12.0,5.0,6.0,15.0,22.0,3.0,7.0,0.0,1.0,0.0,0.0,3.1,3.2,2.37
I1,2019-05-20,Lazio,Bologna,1674.89,1557.63,6.0,9.0,6.0,10.0,3.0,3.0,D,1.0,0.0,H,10.0,13.0,5.0,6.0,11.0,11.0,4.0,6.0,2.0,1.0,0.0,0.0,2.1,3.25,3.8
I1,2019-05-25,Bologna,Napoli,1557.63,1813.65,4.0,10.0,9.0,12.0,3.0,2.0,H,2.0,0.0,H,10.0,15.0,5.0,8.0,11.0,8.0,5.0,8.0,0.0,1.0,0.0,0.0,4.2,4.2,1.75
I1,2019-05-25,Frosinone,Chievo,1461.85,1440.9,1.0,1.0,1.0,5.0,0.0,0.0,D,0.0,0.0,D,10.0,2.0,5.0,2.0,15.0,18.0,8.0,2.0,2.0,2.0,0.0,0.0,2.2,3.8,3.0
I1,2019-05-26,Atalanta,Sassuolo,1740.56,1569.42,7.0,13.0,2.0,6.0,3.0,1.0,H,1.0,1.0,D,13.0,4.0,5.0,3.0,10.0,15.0,7.0,4.0,2.0,4.0,0.0,2.0,1.2,7.0,11.0
I1,2019-05-26,Cagliari,Udinese,1542.83,1547.99,1.0,4.0,7.0,8.0,1.0,2.0,A,1.0,0.0,H,12.0,9.0,5.0,5.0,17.0,12.0,12.0,3.0,2.0,2.0,0.0,0.0,2.25,3.5,3.0
I1,2019-05-26,Fiorentina,Genoa,1607.57,1538.44,0.0,0.0,2.0,3.0,0.0,0.0,D,0.0,0.0,D,5.0,2.0,5.0,1.0,12.0,9.0,4.0,1.0,1.0,2.0,0.0,0.0,2.37,2.4,4.33
I1,2019-05-26,Inter,Empoli,1738.93,1535.16,4.0,6.0,9.0,9.0,2.0,1.0,H,0.0,0.0,D,20.0,9.0,15.0,5.0,11.0,9.0,8.0,2.0,4.0,2.0,1.0,1.0,1.36,5.0,8.0
I1,2019-05-26,Roma,Parma,1752.07,1494.02,5.0,9.0,4.0,6.0,2.0,1.0,H,1.0,0.0,H,16.0,9.0,8.0,5.0,13.0,8.0,13.0,8.0,2.0,1.0,0.0,0.0,1.18,7.0,13.0
I1,2019-05-26,Sampdoria,Juventus,1595.15,1896.03,2.0,2.0,2.0,6.0,2.0,0.0,H,0.0,0.0,D,10.0,6.0,3.0,1.0,6.0,12.0,7.0,6.0,0.0,2.0,0.0,0.0,3.8,3.8,1.85
I1,2019-05-26,Spal,Milan,1566.24,1704.95,3.0,7.0,9.0,10.0,2.0,3.0,A,1.0,2.0,A,7.0,16.0,4.0,8.0,17.0,13.0,8.0,4.0,2.0,2.0,0.0,0.0,6.5,4.75,1.44
I1,2019-05-26,Torino,Lazio,1706.06,1674.89,4.0,10.0,4.0,7.0,3.0,1.0,H,0.0,0.0,D,9.0,9.0,7.0,4.0,9.0,10.0,5.0,5.0,0.0,1.0,0.0,0.0,2.15,3.75,3.0
I1,2019-08-24,Parma,Juventus,1503.6,1873.19,3.0,5.0,1.0,3.0,0.0,1.0,A,0.0,1.0,A,5.0,9.0,4.0,4.0,12.0,14.0,5.0,8.0,2.0,3.0,0.0,0.0,10.41,5.13,1.31
I1,2019-08-24,Fiorentina,Napoli,1596.98,1811.21,1.0,1.0,6.0,12.0,3.0,4.0,A,1.0,2.0,A,10.0,8.0,6.0,6.0,21.0,16.0,4.0,5.0,2.0,4.0,0.0,0.0,4.73,3.67,1.76
I1,2019-08-25,Udinese,Milan,1566.63,1716.03,9.0,10.0,9.0,12.0,1.0,0.0,H,0.0,0.0,D,11.0,6.0,6.0,0.0,14.0,11.0,9.0,4.0,1.0,3.0,0.0,0.0,3.8,3.31,2.06
I1,2019-08-25,Cagliari,Brescia,1537.31,1477.89,1.0,1.0,4.0,7.0,0.0,1.0,A,0.0,0.0,D,9.0,8.0,5.0,3.0,10.0,11.0,8.0,8.0,2.0,2.0,0.0,0.0,1.82,3.6,4.45
I1,2019-08-25,Roma,Genoa,1753.0,1542.49,7.0,11.0,2.0,4.0,3.0,3.0,D,2.0,2.0,D,17.0,6.0,9.0,4.0,15.0,13.0,5.0,1.0,3.0,1.0,0.0,0.0,1.49,4.21,7.13
I1,2019-08-25,Sampdoria,Lazio,1614.36,1663.96,4.0,5.0,4.0,7.0,0.0,3.0,A,0.0,1.0,A,12.0,16.0,8.0,10.0,13.0,11.0,5.0,9.0,2.0,2.0,0.0,0.0,3.53,3.35,2.13
I1,2019-08-25,Spal,Atalanta,1555.58,1752.39,0.0,4.0,7.0,13.0,2.0,3.0,A,2.0,1.0,H,8.0,18.0,3.0,14.0,13.0,16.0,2.0,10.0,2.0,1.0,0.0,0.0,4.89,3.61,1.76
I1,2019-08-25,Torino,Sassuolo,1704.58,1570.96,6.0,10.0,1.0,5.0,2.0,1.0,H,1.0,0.0,H,7.0,13.0,4.0,9.0,21.0,15.0,6.0,6.0,4.0,3.0,0.0,0.0,1.89,3.46,4.32
I1,2019-08-25,Verona,Bologna,1434.7,1577.7,3.0,4.0,7.0,10.0,1.0,1.0,D,1.0,1.0,D,5.0,14.0,2.0,5.0,12.0,13.0,1.0,6.0,1.0,3.0,1.0,0.0,3.39,3.18,2.27
I1,2019-08-26,Inter,Lecce,1735.7,1460.61,6.0,8.0,6.0,12.0,4.0,0.0,H,2.0,0.0,H,16.0,10.0,7.0,4.0,14.0,8.0,7.0,7.0,1.0,2.0,0.0,1.0,1.23,6.1,13.23
I1,2019-08-30,Bologna,Spal,1577.7,1555.58,5.0,8.0,0.0,3.0,1.0,0.0,H,0.0,0.0,D,18.0,7.0,9.0,1.0,13.0,13.0,11.0,2.0,3.0,2.0,0.0,0.0,1.84,3.5,4.65
I1,2019-08-31,Milan,Brescia,1716.03,1477.89,6.0,12.0,4.0,7.0,1.0,0.0,H,1.0,0.0,H,11.0,4.0,6.0,2.0,14.0,18.0,5.0,3.0,3.0,4.0,0.0,0.0,1.48,4.18,7.48
I1,2019-08-31,Juventus,Napoli,1873.19,1811.21,4.0,5.0,6.0,12.0,4.0,3.0,H,2.0,0.0,H,10.0,12.0,8.0,7.0,13.0,13.0,2.0,5.0,3.0,3.0,0.0,0.0,1.98,3.35,4.13
I1,2019-09-01,Lazio,Roma,1674.01,1741.76,4.0,7.0,5.0,9.0,1.0,1.0,D,0.0,1.0,A,21.0,8.0,13.0,5.0,15.0,13.0,8.0,4.0,4.0,3.0,0.0,0.0,2.14,3.63,3.29
I1,2019-09-01,Atalanta,Torino,1752.73,1690.83,7.0,13.0,6.0,10.0,2.0,3.0,A,1.0,1.0,D,19.0,8.0,12.0,6.0,13.0,15.0,12.0,5.0,2.0,2.0,0.0,0.0,1.61,4.08,5.54
I1,2019-09-01,Cagliari,Inter,1521.45,1734.39,1.0,1.0,6.0,10.0,1.0,2.0,A,0.0,1.0,A,7.0,9.0,3.0,8.0,12.0,11.0,5.0,5.0,5.0,3.0,0.0,0.0,5.43,3.9,1.65
I1,2019-09-01,Genoa,Fiorentina,1544.66,1587.83,3.0,4.0,1.0,1.0,2.0,1.0,H,1.0,0.0,H,18.0,15.0,10.0,7.0,17.0,15.0,9.0,8.0,2.0,0.0,0.0,0.0,2.56,3.47,2.71
I1,2019-09-01,Lecce,Verona,1452.85,1432.19,3.0,9.0,4.0,5.0,0.0,1.0,A,0.0,0.0,D,9.0,11.0,3.0,6.0,14.0,14.0,2.0,7.0,2.0,3.0,0.0,0.0,1.92,3.59,4.05
I1,2019-09-01,Sassuolo,Sampdoria,1562.87,1595.25,1.0,2.0,4.0,5.0,4.0,1.0,H,3.0,0.0,H,11.0,8.0,8.0,5.0,9.0,10.0,3.0,5.0,1.0,3.0,0.0,1.0,2.27,3.49,3.12
I1,2019-09-01,Udinese,Parma,1572.32,1496.92,9.0,13.0,3.0,4.0,1.0,3.0,A,1.0,1.0,D,17.0,6.0,12.0,3.0,11.0,11.0,8.0,1.0,1.0,3.0,0.0,0.0,2.03,3.32,3.95
I1,2019-09-14,Fiorentina,Juventus,1587.83,1875.75,1.0,1.0,6.0,7.0,0.0,0.0,D,0.0,0.0,D,15.0,5.0,8.0,4.0,12.0,18.0,10.0,0.0,3.0,3.0,0.0,0.0,5.0,3.88,1.7
I1,2019-09-14,Napoli,Sampdoria,1806.35,1595.25,3.0,9.0,3.0,4.0,2.0,0.0,H,1.0,0.0,H,19.0,7.0,9.0,2.0,7.0,10.0,8.0,7.0,2.0,2.0,0.0,0.0,1.27,6.19,9.85
I1,2019-09-14,Inter,Udinese,1734.39,1572.32,9.0,12.0,6.0,12.0,1.0,0.0,H,1.0,0.0,H,15.0,6.0,10.0,4.0,9.0,10.0,8.0,3.0,2.0,1.0,0.0,1.0,1.33,5.29,9.27
I1,2019-09-15,Genoa,Atalanta,1552.05,1741.43,5.0,6.0,6.0,10.0,1.0,2.0,A,0.0,0.0,D,8.0,11.0,3.0,6.0,12.0,14.0,8.0,7.0,3.0,3.0,0.0,0.0,3.34,3.75,2.08
I1,2019-09-15,Brescia,Bologna,1482.48,1576.8,3.0,7.0,7.0,11.0,3.0,4.0,A,3.0,1.0,H,9.0,17.0,7.0,6.0,14.0,17.0,2.0,10.0,2.0,6.0,1.0,0.0,3.04,3.29,2.41
I1,2019-09-15,Parma,Cagliari,1513.62,1516.79,3.0,6.0,0.0,1.0,1.0,3.0,A,0.0,2.0,A,14.0,6.0,8.0,4.0,12.0,16.0,12.0,3.0,0.0,5.0,0.0,0.0,2.28,3.25,3.3
I1,2019-09-15,Spal,Lazio,1540.52,1673.94,0.0,0.0,4.0,8.0,2.0,1.0,H,0.0,1.0,A,9.0,11.0,4.0,7.0,9.0,11.0,8.0,5.0,5.0,3.0,0.0,0.0,5.55,4.07,1.61
I1,2019-09-15,Roma,Sassuolo,1741.83,1574.87,5.0,9.0,3.0,4.0,4.0,2.0,H,4.0,0.0,H,14.0,10.0,10.0,5.0,13.0,9.0,8.0,2.0,1.0,2.0,0.0,0.0,1.69,4.13,4.73
I1,2019-09-15,Verona,Milan,1442.61,1703.47,7.0,7.0,6.0,12.0,0.0,1.0,A,0.0,0.0,D,6.0,11.0,2.0,6.0,13.0,16.0,2.0,7.0,4.0,3.0,1.0,1.0,5.62,3.72,1.67
I1,2019-09-16,Torino,Lecce,1702.13,1442.43,9.0,12.0,3.0,6.0,1.0,2.0,A,0.0,1.0,A,12.0,12.0,3.0,5.0,11.0,19.0,7.0,3.0,1.0,6.0,0.0,0.0,1.5,4.31,6.82
I1,2019-09-20,Cagliari,Genoa,1516.79,1552.05,3.0,4.0,4.0,6.0,3.0,1.0,H,0.0,0.0,D,8.0,7.0,4.0,2.0,12.0,8.0,4.0,3.0,1.0,1.0,0.0,0.0,2.8,3.37,2.55
I1,2019-09-21,Udinese,Brescia,1552.91,1482.48,3.0,9.0,3.0,4.0,0.0,1.0,A,0.0,0.0,D,6.0,5.0,3.0,3.0,22.0,16.0,3.0,9.0,4.0,4.0,0.0,0.0,1.89,3.58,4.16
I1,2019-09-21,Juventus,Verona,1870.02,1442.61,7.0,8.0,4.0,7.0,2.0,1.0,H,1.0,1.0,D,12.0,8.0,3.0,8.0,12.0,20.0,2.0,5.0,0.0,4.0,0.0,1.0,1.15,7.74,20.29
I1,2019-09-21,Milan,Inter,1703.47,1741.78,6.0,12.0,9.0,12.0,0.0,2.0,A,0.0,0.0,D,7.0,11.0,3.0,9.0,15.0,22.0,2.0,6.0,2.0,1.0,0.0,0.0,3.37,3.2,2.27
I1,2019-09-22,Sassuolo,Spal,1574.87,1540.52,3.0,4.0,3.0,3.0,3.0,0.0,H,2.0,0.0,H,17.0,8.0,8.0,3.0,19.0,14.0,7.0,9.0,3.0,2.0,0.0,0.0,1.97,3.55,3.88
I1,2019-09-22,Bologna,Roma,1576.8,1741.83,7.0,11.0,5.0,9.0,1.0,2.0,A,0.0,0.0,D,5.0,14.0,3.0,7.0,13.0,16.0,3.0,4.0,3.0,6.0,0.0,1.0,2.81,3.57,2.42
I1,2019-09-22,Lecce,Napoli,1442.43,1809.32,3.0,6.0,6.0,9.0,1.0,4.0,A,0.0,2.0,A,8.0,12.0,3.0,10.0,12.0,9.0,4.0,6.0,3.0,3.0,0.0,0.0,8.81,5.18,1.35
I1,2019-09-22,Sampdoria,Torino,1580.27,1702.13,0.0,4.0,6.0,9.0,1.0,0.0,H,0.0,0.0,D,10.0,6.0,6.0,1.0,19.0,13.0,7.0,8.0,2.0,1.0,0.0,0.0,2.53,3.35,2.81
I1,2019-09-22,Atalanta,Fiorentina,1741.43,1586.17,6.0,10.0,1.0,2.0,2.0,2.0,D,0.0,1.0,A,15.0,6.0,5.0,3.0,14.0,11.0,9.0,1.0,2.0,5.0,0.0,0.0,2.02,3.69,3.55
I1,2019-09-22,Lazio,Parma,1673.94,1513.62,4.0,5.0,3.0,6.0,2.0,0.0,H,1.0,0.0,H,22.0,3.0,15.0,1.0,7.0,9.0,10.0,5.0,1.0,3.0,0.0,0.0,1.31,5.52,9.72
I1,2019-09-24,Verona,Udinese,1442.61,1552.91,3.0,7.0,0.0,6.0,0.0,0.0,D,0.0,0.0,D,8.0,5.0,4.0,3.0,7.0,18.0,6.0,6.0,0.0,4.0,0.0,0.0,2.56,3.18,2.92
I1,2019-09-24,Brescia,Juventus,1482.48,1870.02,3.0,6.0,7.0,10.0,1.0,2.0,A,1.0,1.0,D,13.0,15.0,3.0,7.0,11.0,14.0,4.0,3.0,1.0,3.0,0.0,0.0,6.33,4.0,1.57
I1,2019-09-25,Roma,Atalanta,1741.83,1741.43,7.0,11.0,4.0,10.0,0.0,2.0,A,0.0,0.0,D,8.0,11.0,4.0,4.0,18.0,11.0,5.0,1.0,2.0,1.0,0.0,0.0,2.25,3.72,2.98
I1,2019-09-25,Fiorentina,Sampdoria,1586.17,1580.27,2.0,3.0,3.0,6.0,2.0,1.0,H,1.0,0.0,H,12.0,7.0,8.0,4.0,11.0,16.0,3.0,1.0,4.0,5.0,0.0,1.0,1.7,4.04,4.73
I1,2019-09-25,Genoa,Bologna,1552.05,1576.8,3.0,5.0,6.0,10.0,0.0,0.0,D,0.0,0.0,D,8.0,14.0,4.0,2.0,16.0,11.0,5.0,4.0,5.0,4.0,0.0,0.0,2.37,3.52,2.91
I1,2019-09-25,Inter,Lazio,1741.78,1673.94,9.0,15.0,4.0,7.0,1.0,0.0,H,1.0,0.0,H,9.0,6.0,4.0,4.0,10.0,8.0,4.0,6.0,2.0,3.0,0.0,0.0,2.02,3.56,3.68
I1,2019-09-25,Napoli,Cagliari,1809.32,1516.79,6.0,9.0,6.0,6.0,0.0,1.0,A,0.0,0.0,D,17.0,5.0,8.0,1.0,9.0,13.0,13.0,1.0,1.0,1.0,1.0,0.0,1.2,7.02,13.29
I1,2019-09-25,Parma,Sassuolo,1513.62,1574.87,3.0,3.0,6.0,6.0,1.0,0.0,H,0.0,0.0,D,8.0,8.0,4.0,5.0,19.0,9.0,5.0,4.0,3.0,1.0,0.0,0.0,2.57,3.46,2.7
I1,2019-09-25,Spal,Lecce,1540.52,1442.43,3.0,3.0,3.0,6.0,1.0,3.0,A,1.0,1.0,D,14.0,9.0,7.0,5.0,13.0,11.0,10.0,1.0,1.0,2.0,0.0,0.0,1.97,3.57,3.83
I1,2019-09-26,Torino,Milan,1702.13,1703.47,3.0,9.0,6.0,9.0,2.0,1.0,H,0.0,1.0,A,11.0,16.0,5.0,4.0,15.0,20.0,3.0,5.0,4.0,5.0,0.0,1.0,2.46,3.21,3.02
I1,2019-09-28,Juventus,Spal,1870.02,1540.52,7.0,13.0,3.0,3.0,2.0,0.0,H,1.0,0.0,H,17.0,4.0,10.0,1.0,13.0,9.0,13.0,2.0,2.0,2.0,0.0,0.0,1.24,6.03,13.13
I1,2019-09-28,Sampdoria,Inter,1580.27,1741.78,3.0,3.0,9.0,15.0,1.0,3.0,A,0.0,2.0,A,15.0,11.0,2.0,7.0,11.0,13.0,7.0,5.0,2.0,4.0,0.0,1.0,5.15,3.92,1.67
I1,2019-09-28,Sassuolo,Atalanta,1574.87,1741.43,3.0,6.0,7.0,10.0,1.0,4.0,A,0.0,4.0,A,9.0,10.0,7.0,8.0,14.0,14.0,7.0,3.0,2.0,2.0,0.0,0.0,3.39,3.81,2.03
I1,2019-09-29,Napoli,Brescia,1809.32,1482.48,6.0,9.0,3.0,6.0,2.0,1.0,H,2.0,0.0,H,16.0,7.0,7.0,3.0,11.0,8.0,7.0,7.0,2.0,1.0,0.0,0.0,1.27,6.1,10.19
I1,2019-09-29,Lazio,Genoa,1673.94,1552.05,3.0,7.0,1.0,5.0,4.0,0.0,H,2.0,0.0,H,13.0,12.0,11.0,6.0,8.0,11.0,5.0,7.0,1.0,2.0,0.0,0.0,1.46,4.74,6.56
I1,2019-09-29,Lecce,Roma,1442.43,1741.83,6.0,6.0,6.0,8.0,0.0,1.0,A,0.0,0.0,D,10.0,13.0,6.0,6.0,7.0,19.0,4.0,11.0,2.0,4.0,0.0,0.0,4.34,3.98,1.76
I1,2019-09-29,Udinese,Bologna,1552.91,1576.8,1.0,4.0,4.0,8.0,1.0,0.0,H,1.0,0.0,H,9.0,10.0,4.0,4.0,20.0,16.0,4.0,5.0,4.0,3.0,0.0,1.0,2.87,3.26,2.53
I1,2019-09-29,Cagliari,Verona,1516.79,1442.61,9.0,9.0,1.0,5.0,1.0,1.0,D,1.0,0.0,H,10.0,11.0,5.0,5.0,18.0,18.0,3.0,5.0,2.0,2.0,0.0,0.0,2.08,3.35,3.72
I1,2019-09-29,Milan,Fiorentina,1703.47,1586.17,3.0,6.0,5.0,5.0,1.0,3.0,A,0.0,1.0,A,7.0,13.0,3.0,8.0,10.0,14.0,4.0,6.0,2.0,4.0,1.0,0.0,2.34,3.19,3.25
I1,2019-09-30,Parma,Torino,1513.62,1702.13,3.0,6.0,3.0,9.0,3.0,2.0,H,2.0,2.0,D,13.0,6.0,7.0,5.0,17.0,15.0,7.0,3.0,2.0,3.0,0.0,1.0,3.11,3.32,2.34
I1,2019-10-05,Spal,Parma,1520.43,1513.85,0.0,3.0,6.0,9.0,1.0,0.0,H,1.0,0.0,H,12.0,5.0,7.0,2.0,9.0,13.0,5.0,8.0,5.0,2.0,1.0,0.0,2.42,3.23,3.07
I1,2019-10-05,Verona,Sampdoria,1442.66,1574.08,2.0,5.0,3.0,3.0,2.0,0.0,H,1.0,0.0,H,6.0,9.0,4.0,3.0,14.0,14.0,9.0,4.0,1.0,3.0,0.0,0.0,2.47,3.3,2.93
I1,2019-10-05,Genoa,Milan,1527.42,1669.06,1.0,4.0,0.0,6.0,1.0,2.0,A,1.0,0.0,H,11.0,9.0,6.0,7.0,23.0,14.0,7.0,0.0,4.0,4.0,2.0,2.0,2.96,3.26,2.47
I1,2019-10-06,Fiorentina,Udinese,1613.35,1546.27,7.0,8.0,4.0,4.0,1.0,0.0,H,0.0,0.0,D,8.0,5.0,4.0,1.0,9.0,11.0,12.0,3.0,1.0,2.0,0.0,0.0,1.56,4.1,6.11
I1,2019-10-06,Atalanta,Lecce,1748.08,1466.29,7.0,10.0,3.0,6.0,3.0,1.0,H,2.0,0.0,H,26.0,5.0,14.0,2.0,15.0,14.0,9.0,5.0,2.0,3.0,0.0,0.0,1.28,6.09,9.64
I1,2019-10-06,Bologna,Lazio,1570.63,1662.09,1.0,7.0,6.0,7.0,2.0,2.0,D,2.0,2.0,D,17.0,8.0,10.0,6.0,13.0,17.0,5.0,4.0,5.0,4.0,1.0,1.0,3.31,3.7,2.1
I1,2019-10-06,Roma,Cagliari,1743.21,1549.55,6.0,10.0,7.0,10.0,1.0,1.0,D,1.0,1.0,D,17.0,6.0,8.0,3.0,17.0,11.0,7.0,1.0,1.0,4.0,0.0,0.0,1.45,4.71,6.77
I1,2019-10-06,Torino,Napoli,1672.21,1814.38,3.0,6.0,6.0,9.0,0.0,0.0,D,0.0,0.0,D,11.0,10.0,6.0,3.0,11.0,12.0,4.0,5.0,1.0,2.0,0.0,0.0,4.06,3.8,1.85
I1,2019-10-06,Inter,Juventus,1760.72,1875.06,9.0,15.0,9.0,13.0,1.0,2.0,A,1.0,1.0,D,6.0,8.0,4.0,6.0,22.0,8.0,7.0,2.0,2.0,3.0,0.0,0.0,2.63,3.14,2.84
I1,2019-10-19,Lazio,Atalanta,1664.25,1738.57,4.0,7.0,9.0,13.0,3.0,3.0,D,0.0,3.0,A,12.0,18.0,5.0,9.0,13.0,12.0,3.0,1.0,5.0,2.0,0.0,0.0,2.21,3.7,3.08
I1,2019-10-19,Napoli,Verona,1807.05,1454.39,4.0,10.0,5.0,5.0,2.0,0.0,H,1.0,0.0,H,13.0,14.0,7.0,6.0,12.0,16.0,6.0,8.0,3.0,3.0,0.0,0.0,1.21,6.66,14.08
I1,2019-10-19,Juventus,Bologna,1885.4,1569.39,9.0,13.0,2.0,5.0,2.0,1.0,H,1.0,1.0,D,13.0,7.0,11.0,4.0,15.0,18.0,8.0,5.0,2.0,3.0,0.0,0.0,1.33,5.11,10.07
I1,2019-10-20,Sassuolo,Inter,1559.61,1749.62,3.0,6.0,6.0,12.0,3.0,4.0,A,1.0,3.0,A,7.0,10.0,4.0,7.0,14.0,17.0,5.0,7.0,4.0,3.0,0.0,0.0,5.15,3.79,1.7
I1,2019-10-20,Cagliari,Spal,1553.53,1524.53,5.0,11.0,3.0,6.0,2.0,0.0,H,1.0,0.0,H,13.0,8.0,7.0,5.0,16.0,15.0,6.0,6.0,4.0,5.0,0.0,0.0,2.12,3.35,3.6
I1,2019-10-20,Sampdoria,Roma,1557.87,1731.78,0.0,3.0,4.0,10.0,0.0,0.0,D,0.0,0.0,D,7.0,5.0,2.0,1.0,14.0,11.0,7.0,9.0,3.0,4.0,0.0,1.0,3.28,3.54,2.17
I1,2019-10-20,Udinese,Torino,1539.04,1672.16,4.0,4.0,4.0,4.0,1.0,0.0,H,1.0,0.0,H,10.0,8.0,6.0,5.0,15.0,20.0,6.0,4.0,3.0,3.0,0.0,0.0,2.83,3.16,2.63
I1,2019-10-20,Parma,Genoa,1505.27,1519.11,6.0,6.0,1.0,1.0,5.0,1.0,H,3.0,0.0,H,15.0,11.0,7.0,6.0,9.0,12.0,3.0,7.0,1.0,2.0,0.0,0.0,2.51,3.21,2.95
I1,2019-10-20,Milan,Lecce,1672.89,1461.71,3.0,6.0,3.0,6.0,2.0,2.0,D,1.0,0.0,H,18.0,11.0,8.0,7.0,13.0,12.0,8.0,2.0,1.0,2.0,0.0,0.0,1.4,4.82,7.9
I1,2019-10-21,Brescia,Fiorentina,1480.07,1616.1,3.0,3.0,9.0,11.0,0.0,0.0,D,0.0,0.0,D,3.0,10.0,1.0,6.0,10.0,16.0,6.0,9.0,0.0,3.0,0.0,0.0,3.7,3.57,2.0
I1,2019-10-25,Verona,Sassuolo,1454.39,1559.61,4.0,5.0,0.0,3.0,0.0,1.0,A,0.0,0.0,D,7.0,9.0,5.0,5.0,18.0,13.0,9.0,6.0,5.0,5.0,0.0,0.0,2.44,3.27,3.02
I1,2019-10-26,Lecce,Juventus,1461.71,1885.4,1.0,4.0,9.0,15.0,1.0,1.0,D,0.0,0.0,D,9.0,16.0,5.0,6.0,11.0,13.0,3.0,14.0,4.0,1.0,0.0,0.0,9.07,5.15,1.34
I1,2019-10-26,Inter,Parma,1749.62,1505.27,6.0,12.0,6.0,9.0,2.0,2.0,D,1.0,2.0,A,16.0,10.0,7.0,5.0,9.0,11.0,11.0,4.0,3.0,2.0,0.0,0.0,1.27,5.74,11.41
I1,2019-10-26,Genoa,Brescia,1519.11,1480.07,0.0,1.0,1.0,4.0,3.0,1.0,H,0.0,1.0,A,12.0,4.0,11.0,2.0,24.0,14.0,5.0,3.0,6.0,4.0,0.0,0.0,1.89,3.79,3.93
I1,2019-10-27,Bologna,Sampdoria,1569.39,1557.87,1.0,2.0,1.0,4.0,2.0,1.0,H,0.0,0.0,D,10.0,5.0,6.0,3.0,14.0,18.0,11.0,5.0,1.0,3.0,0.0,0.0,1.91,3.66,3.96
I1,2019-10-27,Atalanta,Udinese,1738.57,1539.04,7.0,11.0,6.0,7.0,7.0,1.0,H,3.0,1.0,H,23.0,6.0,16.0,3.0,10.0,5.0,6.0,2.0,2.0,3.0,0.0,1.0,1.43,4.65,7.41
I1,2019-10-27,Spal,Napoli,1524.53,1807.05,3.0,3.0,7.0,10.0,1.0,1.0,D,1.0,1.0,D,5.0,9.0,3.0,4.0,16.0,14.0,4.0,4.0,4.0,1.0,0.0,0.0,7.28,4.71,1.43
I1,2019-10-27,Torino,Cagliari,1672.16,1553.53,1.0,4.0,5.0,11.0,1.0,1.0,D,0.0,1.0,A,8.0,10.0,5.0,5.0,15.0,11.0,6.0,11.0,2.0,3.0,0.0,0.0,1.81,3.7,4.42
I1,2019-10-27,Roma,Milan,1731.78,1672.89,5.0,8.0,4.0,4.0,2.0,1.0,H,1.0,0.0,H,10.0,8.0,5.0,4.0,12.0,17.0,4.0,8.0,4.0,5.0,0.0,0.0,2.19,3.47,3.27
I1,2019-10-27,Fiorentina,Lazio,1616.1,1664.25,7.0,11.0,5.0,8.0,1.0,2.0,A,1.0,1.0,D,9.0,11.0,3.0,8.0,12.0,13.0,7.0,3.0,5.0,3.0,1.0,0.0,2.46,3.51,2.8
I1,2019-10-29,Parma,Verona,1505.27,1454.39,4.0,10.0,3.0,5.0,0.0,1.0,A,0.0,1.0,A,15.0,6.0,7.0,2.0,13.0,16.0,12.0,3.0,1.0,5.0,0.0,0.0,2.71,3.11,2.81
I1,2019-10-29,Brescia,Inter,1480.07,1749.62,1.0,4.0,4.0,10.0,1.0,2.0,A,0.0,1.0,A,6.0,6.0,5.0,2.0,14.0,18.0,9.0,8.0,4.0,3.0,0.0,0.0,6.55,4.33,1.51
I1,2019-10-30,Napoli,Atalanta,1807.05,1738.57,5.0,8.0,7.0,13.0,2.0,2.0,D,1.0,1.0,D,15.0,12.0,11.0,6.0,16.0,14.0,2.0,3.0,3.0,3.0,0.0,0.0,2.03,3.74,3.46
I1,2019-10-30,Cagliari,Bologna,1553.53,1569.39,5.0,9.0,4.0,5.0,3.0,2.0,H,0.0,1.0,A,12.0,6.0,5.0,3.0,15.0,20.0,4.0,1.0,2.0,1.0,0.0,0.0,2.71,3.34,2.63
I1,2019-10-30,Juventus,Genoa,1885.4,1519.11,7.0,13.0,3.0,4.0,2.0,1.0,H,1.0,1.0,D,18.0,7.0,11.0,3.0,24.0,11.0,10.0,2.0,5.0,3.0,1.0,2.0,1.27,5.69,11.91
I1,2019-10-30,Lazio,Torino,1664.25,1672.16,5.0,8.0,2.0,5.0,4.0,0.0,H,2.0,0.0,H,16.0,6.0,8.0,3.0,11.0,9.0,8.0,0.0,2.0,2.0,0.0,1.0,1.56,4.16,5.94
I1,2019-10-30,Sampdoria,Lecce,1557.87,1461.71,1.0,1.0,2.0,5.0,1.0,1.0,D,0.0,1.0,A,15.0,9.0,6.0,4.0,19.0,14.0,9.0,5.0,4.0,4.0,0.0,1.0,1.73,3.82,4.76
I1,2019-10-30,Sassuolo,Fiorentina,1559.61,1616.1,3.0,6.0,4.0,10.0,1.0,2.0,A,1.0,0.0,H,6.0,10.0,5.0,8.0,15.0,20.0,3.0,7.0,3.0,4.0,0.0,0.0,2.81,3.45,2.48
I1,2019-10-30,Udinese,Roma,1539.04,1731.78,3.0,7.0,5.0,8.0,0.0,4.0,A,0.0,1.0,A,8.0,10.0,5.0,6.0,16.0,16.0,5.0,3.0,4.0,2.0,0.0,1.0,3.97,3.59,1.93
I1,2019-10-31,Milan,Spal,1672.89,1524.53,4.0,4.0,4.0,4.0,1.0,0.0,H,0.0,0.0,D,10.0,5.0,6.0,2.0,17.0,21.0,7.0,6.0,4.0,4.0,0.0,0.0,1.47,4.25,7.29
I1,2019-11-02,Roma,Napoli,1743.4,1811.4,7.0,11.0,5.0,9.0,2.0,1.0,H,1.0,0.0,H,13.0,12.0,7.0,6.0,23.0,14.0,10.0,4.0,5.0,3.0,1.0,0.0,2.69,3.58,2.52
I1,2019-11-02,Bologna,Inter,1570.52,1764.75,3.0,4.0,7.0,10.0,1.0,2.0,A,0.0,0.0,D,8.0,11.0,3.0,9.0,12.0,24.0,2.0,7.0,3.0,4.0,0.0,0.0,3.61,3.54,2.04
I1,2019-11-02,Torino,Juventus,1648.58,1885.02,1.0,2.0,7.0,13.0,0.0,1.0,A,0.0,0.0,D,7.0,14.0,4.0,10.0,22.0,16.0,11.0,6.0,4.0,2.0,0.0,0.0,6.57,4.04,1.54
I1,2019-11-03,Atalanta,Cagliari,1748.54,1575.88,5.0,11.0,7.0,9.0,0.0,2.0,A,0.0,1.0,A,11.0,12.0,3.0,8.0,15.0,18.0,13.0,2.0,2.0,3.0,1.0,0.0,1.31,5.59,9.56
I1,2019-11-03,Genoa,Udinese,1515.59,1535.58,3.0,3.0,3.0,6.0,1.0,3.0,A,1.0,1.0,D,10.0,13.0,2.0,5.0,11.0,13.0,8.0,5.0,0.0,2.0,0.0,0.0,1.93,3.5,4.07
I1,2019-11-03,Lecce,Sassuolo,1482.96,1556.31,3.0,3.0,3.0,3.0,2.0,2.0,D,2.0,1.0,H,7.0,12.0,4.0,5.0,14.0,16.0,6.0,6.0,2.0,3.0,0.0,0.0,2.76,3.32,2.58
I1,2019-11-03,Verona,Brescia,1460.6,1473.71,3.0,7.0,1.0,1.0,2.0,1.0,H,0.0,0.0,D,11.0,11.0,6.0,5.0,17.0,17.0,5.0,1.0,1.0,4.0,0.0,1.0,2.13,3.23,3.68
I1,2019-11-03,Fiorentina,Parma,1617.03,1517.49,4.0,10.0,4.0,7.0,1.0,1.0,D,0.0,1.0,A,15.0,7.0,4.0,3.0,15.0,20.0,5.0,2.0,2.0,2.0,0.0,0.0,1.5,4.37,6.46
I1,2019-11-03,Milan,Lazio,1667.78,1680.64,4.0,7.0,7.0,11.0,1.0,2.0,A,1.0,1.0,D,9.0,8.0,4.0,7.0,12.0,13.0,8.0,4.0,3.0,5.0,0.0,0.0,3.05,3.42,2.32
I1,2019-11-04,Spal,Sampdoria,1521.76,1553.96,1.0,4.0,2.0,2.0,0.0,1.0,A,0.0,0.0,D,7.0,9.0,2.0,4.0,12.0,16.0,8.0,5.0,3.0,1.0,0.0,0.0,2.62,3.24,2.77
I1,2019-11-08,Sassuolo,Bologna,1556.31,1570.52,4.0,4.0,3.0,4.0,3.0,1.0,H,1.0,0.0,H,13.0,9.0,8.0,7.0,16.0,17.0,4.0,4.0,2.0,6.0,0.0,0.0,2.73,3.45,2.57
I1,2019-11-09,Brescia,Torino,1473.71,1648.58,0.0,1.0,1.0,2.0,0.0,4.0,A,0.0,2.0,A,5.0,12.0,3.0,7.0,18.0,17.0,4.0,4.0,5.0,3.0,1.0,0.0,2.78,3.29,2.59
I1,2019-11-09,Inter,Verona,1764.75,1460.6,7.0,10.0,6.0,9.0,2.0,1.0,H,0.0,1.0,A,19.0,5.0,13.0,2.0,14.0,11.0,9.0,3.0,3.0,1.0,0.0,0.0,1.33,5.11,9.72
I1,2019-11-09,Napoli,Genoa,1811.4,1515.59,2.0,6.0,3.0,3.0,0.0,0.0,D,0.0,0.0,D,13.0,8.0,8.0,3.0,15.0,19.0,5.0,2.0,1.0,4.0,0.0,0.0,1.38,5.08,7.67
I1,2019-11-10,Cagliari,Fiorentina,1575.88,1617.03,7.0,11.0,4.0,8.0,5.0,2.0,H,3.0,0.0,H,12.0,10.0,8.0,7.0,12.0,15.0,5.0,6.0,1.0,3.0,0.0,0.0,2.86,3.32,2.5
I1,2019-11-10,Lazio,Lecce,1680.64,1482.96,9.0,11.0,3.0,4.0,4.0,2.0,H,1.0,1.0,D,17.0,18.0,7.0,10.0,8.0,10.0,9.0,3.0,2.0,3.0,0.0,0.0,1.24,6.45,11.03
I1,2019-11-10,Sampdoria,Atalanta,1553.96,1748.54,4.0,5.0,4.0,8.0,0.0,0.0,D,0.0,0.0,D,5.0,7.0,2.0,3.0,19.0,13.0,1.0,7.0,2.0,4.0,0.0,1.0,3.91,3.81,1.88
I1,2019-11-10,Udinese,Spal,1535.58,1521.76,3.0,6.0,1.0,4.0,0.0,0.0,D,0.0,0.0,D,11.0,10.0,4.0,4.0,14.0,14.0,3.0,7.0,3.0,5.0,0.0,0.0,2.12,3.23,3.72
I1,2019-11-10,Parma,Roma,1517.49,1743.4,2.0,5.0,9.0,11.0,2.0,0.0,H,0.0,0.0,D,13.0,10.0,8.0,7.0,16.0,9.0,5.0,10.0,3.0,2.0,0.0,0.0,3.97,3.72,1.89
I1,2019-11-10,Juventus,Milan,1885.02,1667.78,7.0,13.0,3.0,7.0,1.0,0.0,H,0.0,0.0,D,11.0,10.0,5.0,7.0,13.0,10.0,5.0,5.0,1.0,5.0,0.0,0.0,1.4,4.67,8.01
I1,2019-11-23,Atalanta,Juventus,1726.92,1889.19,2.0,6.0,9.0,13.0,1.0,3.0,A,0.0,0.0,D,14.0,11.0,9.0,5.0,17.0,13.0,8.0,3.0,5.0,3.0,0.0,0.0,2.72,3.41,2.55
I1,2019-11-23,Milan,Napoli,1650.66,1787.47,3.0,4.0,2.0,6.0,1.0,1.0,D,1.0,1.0,D,11.0,12.0,4.0,6.0,19.0,15.0,3.0,4.0,3.0,2.0,0.0,0.0,3.2,3.47,2.22
I1,2019-11-23,Torino,Inter,1649.38,1760.47,3.0,4.0,9.0,13.0,0.0,3.0,A,0.0,2.0,A,5.0,6.0,2.0,5.0,10.0,18.0,12.0,4.0,2.0,3.0,0.0,0.0,4.36,3.57,1.84
I1,2019-11-24,Bologna,Parma,1550.76,1533.27,0.0,3.0,4.0,8.0,2.0,2.0,D,1.0,1.0,D,11.0,11.0,7.0,7.0,18.0,18.0,15.0,2.0,1.0,3.0,0.0,0.0,1.78,3.82,4.4
I1,2019-11-24,Roma,Brescia,1722.25,1451.04,6.0,10.0,0.0,1.0,3.0,0.0,H,0.0,0.0,D,14.0,5.0,6.0,2.0,17.0,10.0,17.0,6.0,1.0,1.0,0.0,0.0,1.34,5.21,8.88
I1,2019-11-24,Sassuolo,Lazio,1559.87,1676.72,4.0,7.0,9.0,13.0,1.0,2.0,A,1.0,1.0,D,5.0,10.0,2.0,6.0,14.0,14.0,5.0,8.0,1.0,3.0,0.0,0.0,4.36,4.06,1.74
I1,2019-11-24,Verona,Fiorentina,1460.24,1595.1,6.0,6.0,4.0,5.0,1.0,0.0,H,0.0,0.0,D,13.0,7.0,8.0,2.0,18.0,8.0,8.0,6.0,3.0,2.0,0.0,0.0,3.26,3.23,2.29
I1,2019-11-24,Sampdoria,Udinese,1560.19,1540.48,5.0,6.0,4.0,7.0,2.0,1.0,H,1.0,1.0,D,19.0,5.0,13.0,2.0,8.0,22.0,8.0,2.0,2.0,3.0,0.0,1.0,2.13,3.23,3.63
I1,2019-11-25,Lecce,Cagliari,1474.09,1601.25,2.0,4.0,9.0,13.0,2.0,2.0,D,0.0,1.0,A,17.0,6.0,8.0,2.0,13.0,19.0,11.0,2.0,2.0,2.0,1.0,2.0,3.11,3.52,2.23
I1,2019-11-25,Spal,Genoa,1510.25,1504.58,1.0,2.0,1.0,4.0,1.0,1.0,D,0.0,0.0,D,13.0,13.0,7.0,6.0,12.0,13.0,5.0,4.0,2.0,1.0,0.0,0.0,2.55,3.21,2.86
I1,2019-11-30,Brescia,Atalanta,1451.04,1726.92,0.0,0.0,1.0,5.0,0.0,3.0,A,0.0,1.0,A,9.0,19.0,5.0,12.0,15.0,15.0,2.0,11.0,1.0,3.0,0.0,0.0,6.47,4.66,1.47
I1,2019-11-30,Genoa,Torino,1504.58,1649.38,2.0,5.0,3.0,4.0,0.0,1.0,A,0.0,0.0,D,5.0,10.0,3.0,3.0,15.0,18.0,6.0,4.0,2.0,3.0,0.0,1.0,2.42,3.3,2.98
I1,2019-11-30,Fiorentina,Lecce,1595.1,1474.09,1.0,4.0,2.0,4.0,0.0,1.0,A,0.0,0.0,D,13.0,6.0,6.0,6.0,13.0,21.0,9.0,2.0,1.0,3.0,0.0,0.0,1.42,4.74,7.26
I1,2019-12-01,Juventus,Sassuolo,1918.59,1569.12,9.0,13.0,4.0,7.0,2.0,2.0,D,1.0,1.0,D,17.0,8.0,9.0,4.0,11.0,13.0,9.0,2.0,1.0,5.0,0.0,0.0,1.23,6.3,12.33
I1,2019-12-01,Inter,Spal,1799.1,1523.97,9.0,13.0,2.0,3.0,2.0,1.0,H,2.0,0.0,H,16.0,8.0,10.0,3.0,15.0,17.0,8.0,0.0,1.0,4.0,0.0,0.0,1.26,5.77,11.86
I1,2019-12-01,Lazio,Udinese,1702.88,1550.54,9.0,15.0,4.0,4.0,3.0,0.0,H,3.0,0.0,H,15.0,4.0,6.0,0.0,9.0,12.0,2.0,2.0,0.0,1.0,0.0,0.0,1.3,5.42,10.0
I1,2019-12-01,Parma,Milan,1551.57,1668.47,5.0,6.0,1.0,4.0,0.0,1.0,A,0.0,0.0,D,6.0,19.0,0.0,8.0,13.0,15.0,1.0,7.0,1.0,3.0,0.0,0.0,3.55,3.33,2.13
I1,2019-12-01,Napoli,Bologna,1809.11,1564.21,2.0,4.0,1.0,4.0,1.0,2.0,A,1.0,0.0,H,20.0,9.0,5.0,6.0,12.0,10.0,7.0,0.0,1.0,5.0,0.0,0.0,1.48,4.5,6.56
I1,2019-12-01,Verona,Roma,1485.95,1751.52,6.0,9.0,6.0,12.0,1.0,3.0,A,1.0,2.0,A,7.0,12.0,3.0,5.0,11.0,14.0,6.0,5.0,3.0,3.0,0.0,0.0,4.28,3.57,1.86
I1,2019-12-02,Cagliari,Sampdoria,1615.49,1581.88,7.0,11.0,7.0,8.0,4.0,3.0,H,0.0,1.0,A,12.0,9.0,8.0,5.0,15.0,12.0,6.0,4.0,3.0,1.0,0.0,0.0,2.17,3.28,3.47
I1,2019-12-06,Inter,Roma,1799.1,1751.52,9.0,15.0,6.0,12.0,0.0,0.0,D,0.0,0.0,D,9.0,6.0,2.0,2.0,12.0,11.0,8.0,3.0,3.0,1.0,0.0,0.0,1.89,3.78,3.97
I1,2019-12-07,Atalanta,Verona,1748.79,1485.95,4.0,5.0,3.0,9.0,3.0,2.0,H,1.0,1.0,D,21.0,7.0,10.0,2.0,14.0,16.0,13.0,4.0,1.0,5.0,0.0,1.0,1.33,5.19,9.39
I1,2019-12-07,Udinese,Napoli,1550.54,1809.11,1.0,4.0,2.0,3.0,1.0,1.0,D,1.0,0.0,H,5.0,12.0,1.0,3.0,20.0,15.0,3.0,10.0,3.0,4.0,0.0,1.0,5.24,3.78,1.68
I1,2019-12-07,Lazio,Juventus,1702.88,1918.59,9.0,15.0,7.0,13.0,3.0,1.0,H,1.0,1.0,D,12.0,8.0,8.0,5.0,14.0,10.0,4.0,5.0,4.0,3.0,0.0,1.0,2.84,3.44,2.44
I1,2019-12-08,Lecce,Genoa,1503.93,1516.01,4.0,6.0,2.0,2.0,2.0,2.0,D,0.0,2.0,A,22.0,14.0,5.0,4.0,17.0,18.0,11.0,3.0,5.0,6.0,0.0,2.0,2.66,3.49,2.55
I1,2019-12-08,Sassuolo,Cagliari,1569.12,1615.49,4.0,5.0,7.0,13.0,2.0,2.0,D,2.0,0.0,H,9.0,4.0,3.0,3.0,10.0,19.0,8.0,4.0,3.0,4.0,0.0,0.0,2.4,3.48,2.87
I1,2019-12-08,Spal,Brescia,1523.97,1458.55,2.0,2.0,0.0,0.0,0.0,1.0,A,0.0,0.0,D,18.0,12.0,4.0,7.0,17.0,18.0,3.0,1.0,3.0,3.0,0.0,0.0,2.05,3.37,3.75
I1,2019-12-08,Torino,Fiorentina,1659.69,1588.79,6.0,6.0,0.0,4.0,2.0,1.0,H,1.0,0.0,H,10.0,15.0,5.0,5.0,19.0,17.0,3.0,9.0,4.0,3.0,0.0,0.0,2.46,3.2,3.0
I1,2019-12-08,Sampdoria,Parma,1581.88,1551.57,4.0,8.0,4.0,5.0,0.0,1.0,A,0.0,1.0,A,18.0,10.0,6.0,2.0,15.0,12.0,3.0,2.0,3.0,2.0,0.0,0.0,2.02,3.39,3.83
I1,2019-12-08,Bologna,Milan,1564.21,1668.47,4.0,4.0,4.0,7.0,2.0,3.0,A,1.0,2.0,A,11.0,11.0,4.0,7.0,17.0,19.0,5.0,1.0,4.0,2.0,0.0,0.0,2.94,3.37,2.41
I1,2019-12-14,Brescia,Lecce,1458.55,1503.93,3.0,3.0,5.0,6.0,3.0,0.0,H,2.0,0.0,H,13.0,11.0,9.0,4.0,17.0,26.0,4.0,6.0,4.0,6.0,0.0,0.0,2.02,3.72,3.52
I1,2019-12-14,Napoli,Parma,1809.11,1551.57,2.0,3.0,4.0,8.0,1.0,2.0,A,0.0,1.0,A,22.0,7.0,9.0,5.0,9.0,12.0,11.0,1.0,2.0,2.0,0.0,0.0,1.31,5.5,9.72
I1,2019-12-14,Genoa,Sampdoria,1516.01,1581.88,2.0,3.0,3.0,7.0,0.0,1.0,A,0.0,0.0,D,5.0,2.0,1.0,1.0,16.0,26.0,4.0,2.0,5.0,3.0,0.0,0.0,2.67,3.18,2.77
I1,2019-12-15,Verona,Torino,1481.38,1666.42,3.0,6.0,6.0,9.0,3.0,3.0,D,0.0,1.0,A,12.0,12.0,8.0,8.0,20.0,19.0,6.0,3.0,3.0,1.0,0.0,0.0,2.76,3.13,2.71
I1,2019-12-15,Bologna,Atalanta,1573.73,1770.47,4.0,4.0,6.0,7.0,2.0,1.0,H,1.0,0.0,H,8.0,15.0,5.0,7.0,14.0,18.0,4.0,4.0,5.0,1.0,1.0,0.0,3.69,3.89,1.91
I1,2019-12-15,Juventus,Udinese,1905.89,1551.98,4.0,10.0,1.0,5.0,3.0,1.0,H,3.0,0.0,H,14.0,9.0,12.0,7.0,10.0,4.0,9.0,8.0,2.0,1.0,0.0,0.0,1.22,6.25,14.04
I1,2019-12-15,Milan,Sassuolo,1684.97,1578.74,7.0,7.0,2.0,6.0,0.0,0.0,D,0.0,0.0,D,17.0,10.0,12.0,6.0,14.0,16.0,8.0,3.0,5.0,4.0,0.0,0.0,1.55,4.45,5.55
I1,2019-12-15,Roma,Spal,1754.62,1512.9,7.0,10.0,1.0,2.0,3.0,1.0,H,0.0,1.0,A,18.0,5.0,13.0,3.0,10.0,17.0,8.0,3.0,1.0,3.0,0.0,0.0,1.29,5.42,10.89
I1,2019-12-15,Fiorentina,Inter,1586.28,1794.63,0.0,1.0,7.0,13.0,1.0,1.0,D,0.0,1.0,A,10.0,7.0,5.0,5.0,15.0,17.0,5.0,1.0,3.0,4.0,0.0,0.0,3.6,3.49,2.05
I1,2019-12-16,Cagliari,Lazio,1623.93,1713.06,5.0,11.0,9.0,15.0,1.0,2.0,A,1.0,0.0,H,9.0,13.0,4.0,7.0,11.0,11.0,2.0,9.0,4.0,3.0,0.0,0.0,3.92,4.01,1.82
I1,2019-12-18,Sampdoria,Juventus,1576.28,1905.89,3.0,7.0,4.0,10.0,1.0,2.0,A,1.0,2.0,A,13.0,10.0,4.0,4.0,7.0,17.0,5.0,5.0,5.0,2.0,1.0,0.0,6.15,4.32,1.53
I1,2019-12-18,Brescia,Sassuolo,1484.21,1578.74,6.0,6.0,3.0,6.0,0.0,2.0,A,0.0,1.0,A,15.0,11.0,6.0,6.0,16.0,17.0,4.0,4.0,2.0,3.0,0.0,0.0,2.37,3.6,2.86
I1,2019-12-20,Fiorentina,Roma,1586.28,1754.62,1.0,1.0,7.0,10.0,1.0,4.0,A,1.0,2.0,A,7.0,8.0,4.0,6.0,20.0,16.0,5.0,4.0,4.0,3.0,0.0,0.0,3.09,3.48,2.3
I1,2019-12-21,Udinese,Cagliari,1551.98,1623.93,1.0,2.0,4.0,8.0,2.0,1.0,H,1.0,0.0,H,9.0,13.0,2.0,2.0,13.0,14.0,2.0,1.0,3.0,4.0,0.0,1.0,2.53,3.3,2.84
I1,2019-12-21,Inter,Genoa,1794.63,1511.31,5.0,11.0,1.0,3.0,4.0,0.0,H,2.0,0.0,H,12.0,7.0,9.0,4.0,11.0,12.0,6.0,3.0,1.0,4.0,0.0,0.0,1.35,4.94,9.17
I1,2019-12-21,Torino,Spal,1666.42,1512.9,7.0,10.0,0.0,2.0,1.0,2.0,A,1.0,1.0,D,7.0,7.0,6.0,4.0,24.0,16.0,10.0,3.0,5.0,5.0,1.0,0.0,1.7,3.68,5.26
I1,2019-12-22,Atalanta,Milan,1770.47,1684.97,6.0,7.0,7.0,8.0,5.0,0.0,H,1.0,0.0,H,14.0,4.0,12.0,1.0,7.0,12.0,5.0,2.0,2.0,4.0,0.0,0.0,1.8,3.79,4.32
I1,2019-12-22,Lecce,Bologna,1492.29,1573.73,4.0,5.0,6.0,7.0,2.0,3.0,A,0.0,1.0,A,7.0,19.0,3.0,16.0,17.0,18.0,6.0,2.0,3.0,3.0,0.0,0.0,3.21,3.65,2.15
I1,2019-12-22,Parma,Brescia,1572.35,1484.21,6.0,10.0,6.0,6.0,1.0,1.0,D,0.0,0.0,D,13.0,11.0,6.0,4.0,16.0,10.0,9.0,5.0,3.0,2.0,0.0,0.0,2.08,3.36,3.67
I1,2019-12-22,Sassuolo,Napoli,1578.74,1781.11,5.0,6.0,1.0,3.0,1.0,2.0,A,1.0,0.0,H,12.0,14.0,5.0,11.0,16.0,13.0,7.0,11.0,2.0,2.0,0.0,0.0,4.65,4.27,1.66
I1,2020-01-05,Brescia,Lazio,1478.57,1720.43,4.0,7.0,9.0,15.0,1.0,2.0,A,1.0,1.0,D,4.0,15.0,3.0,7.0,12.0,24.0,2.0,5.0,5.0,4.0,1.0,0.0,5.52,4.34,1.56
I1,2020-01-05,Spal,Verona,1523.37,1484.6,3.0,4.0,1.0,4.0,0.0,2.0,A,0.0,1.0,A,12.0,14.0,2.0,9.0,8.0,15.0,3.0,4.0,1.0,1.0,1.0,0.0,2.45,3.19,3.02
I1,2020-01-05,Genoa,Sassuolo,1508.03,1588.49,1.0,2.0,4.0,6.0,2.0,1.0,H,1.0,1.0,D,10.0,6.0,7.0,3.0,23.0,14.0,1.0,6.0,4.0,6.0,0.0,0.0,2.26,3.53,3.05
I1,2020-01-05,Roma,Torino,1766.87,1649.93,7.0,13.0,4.0,7.0,0.0,2.0,A,0.0,1.0,A,25.0,9.0,11.0,6.0,10.0,21.0,14.0,3.0,5.0,2.0,0.0,0.0,1.49,4.47,6.34
I1,2020-01-06,Bologna,Fiorentina,1592.31,1580.64,6.0,10.0,1.0,1.0,1.0,1.0,D,0.0,1.0,A,12.0,7.0,7.0,4.0,14.0,23.0,14.0,2.0,2.0,4.0,0.0,0.0,2.38,3.42,2.94
I1,2020-01-06,Atalanta,Parma,1769.24,1567.88,6.0,9.0,7.0,8.0,5.0,0.0,H,3.0,0.0,H,18.0,3.0,11.0,1.0,12.0,13.0,2.0,2.0,2.0,4.0,0.0,0.0,1.29,5.77,9.4
I1,2020-01-06,Juventus,Cagliari,1909.99,1608.48,6.0,10.0,1.0,5.0,4.0,0.0,H,0.0,0.0,D,15.0,5.0,11.0,3.0,9.0,15.0,3.0,2.0,1.0,1.0,0.0,0.0,1.26,6.01,10.9
I1,2020-01-06,Milan,Sampdoria,1670.26,1573.7,4.0,8.0,3.0,6.0,0.0,0.0,D,0.0,0.0,D,14.0,6.0,12.0,4.0,12.0,20.0,7.0,5.0,1.0,5.0,0.0,0.0,1.56,3.98,6.19
I1,2020-01-06,Lecce,Udinese,1485.01,1558.54,1.0,5.0,4.0,4.0,0.0,1.0,A,0.0,0.0,D,10.0,7.0,6.0,4.0,17.0,11.0,7.0,8.0,1.0,1.0,0.0,0.0,2.69,3.48,2.52
I1,2020-01-06,Napoli,Inter,1786.12,1794.09,4.0,5.0,5.0,11.0,1.0,3.0,A,1.0,2.0,A,18.0,9.0,8.0,8.0,10.0,22.0,3.0,4.0,0.0,6.0,0.0,0.0,2.53,3.44,2.71
I1,2020-01-11,Cagliari,Milan,1608.48,1670.26,0.0,4.0,2.0,8.0,0.0,2.0,A,0.0,0.0,D,6.0,8.0,2.0,4.0,14.0,13.0,3.0,6.0,3.0,1.0,0.0,0.0,3.09,3.46,2.28
I1,2020-01-11,Lazio,Napoli,1720.43,1786.12,9.0,15.0,3.0,4.0,1.0,0.0,H,0.0,0.0,D,7.0,11.0,6.0,7.0,9.0,7.0,6.0,6.0,2.0,2.0,0.0,0.0,2.07,3.79,3.3
I1,2020-01-11,Inter,Atalanta,1794.09,1769.24,7.0,11.0,6.0,12.0,1.0,1.0,D,1.0,0.0,H,8.0,12.0,5.0,7.0,21.0,13.0,0.0,4.0,3.0,4.0,0.0,0.0,2.13,3.62,3.28
I1,2020-01-12,Udinese,Sassuolo,1558.54,1588.49,6.0,7.0,3.0,5.0,3.0,0.0,H,1.0,0.0,H,13.0,10.0,9.0,5.0,13.0,13.0,6.0,11.0,0.0,0.0,0.0,0.0,2.21,3.42,3.26
I1,2020-01-12,Fiorentina,Spal,1580.64,1523.37,2.0,2.0,3.0,3.0,1.0,0.0,H,0.0,0.0,D,11.0,9.0,5.0,3.0,18.0,10.0,3.0,4.0,1.0,1.0,0.0,0.0,1.46,4.45,6.93
I1,2020-01-12,Sampdoria,Brescia,1573.7,1478.57,4.0,4.0,1.0,7.0,5.0,1.0,H,2.0,1.0,H,22.0,9.0,11.0,5.0,14.0,7.0,4.0,2.0,2.0,3.0,0.0,0.0,1.99,3.35,3.98
I1,2020-01-12,Torino,Bologna,1649.93,1592.31,4.0,10.0,7.0,10.0,1.0,0.0,H,1.0,0.0,H,4.0,10.0,3.0,7.0,16.0,14.0,3.0,9.0,6.0,3.0,0.0,0.0,2.27,3.41,3.16
I1,2020-01-12,Verona,Genoa,1484.6,1508.03,4.0,7.0,3.0,4.0,2.0,1.0,H,0.0,1.0,A,11.0,3.0,9.0,3.0,14.0,22.0,4.0,2.0,3.0,6.0,0.0,0.0,2.19,3.32,3.39
I1,2020-01-12,Roma,Juventus,1766.87,1909.99,6.0,10.0,9.0,10.0,1.0,2.0,A,0.0,2.0,A,16.0,5.0,9.0,4.0,12.0,13.0,13.0,2.0,6.0,3.0,0.0,0.0,3.1,3.56,2.23
I1,2020-01-13,Parma,Lecce,1567.88,1485.01,4.0,7.0,0.0,4.0,2.0,0.0,H,0.0,0.0,D,9.0,11.0,5.0,6.0,19.0,10.0,6.0,5.0,4.0,2.0,0.0,0.0,1.88,3.81,3.88
I1,2020-01-18,Lazio,Sampdoria,1731.83,1586.26,9.0,15.0,4.0,7.0,5.0,1.0,H,3.0,0.0,H,16.0,6.0,12.0,4.0,12.0,13.0,6.0,4.0,1.0,2.0,0.0,1.0,1.39,4.78,7.95
I1,2020-01-18,Sassuolo,Torino,1568.39,1672.16,0.0,4.0,6.0,10.0,2.0,1.0,H,0.0,1.0,A,7.0,7.0,6.0,3.0,13.0,15.0,13.0,6.0,2.0,4.0,0.0,0.0,2.61,3.33,2.72
I1,2020-01-18,Napoli,Fiorentina,1765.03,1587.58,3.0,4.0,4.0,5.0,0.0,2.0,A,0.0,1.0,A,10.0,9.0,5.0,5.0,7.0,10.0,4.0,5.0,2.0,2.0,0.0,0.0,1.62,4.09,5.33
I1,2020-01-19,Milan,Udinese,1677.4,1577.91,4.0,8.0,9.0,10.0,3.0,2.0,H,0.0,1.0,A,19.0,10.0,10.0,7.0,17.0,8.0,9.0,3.0,5.0,1.0,0.0,0.0,1.54,3.95,6.77
I1,2020-01-19,Bologna,Verona,1585.5,1506.97,4.0,7.0,7.0,7.0,1.0,1.0,D,1.0,0.0,H,5.0,11.0,3.0,8.0,20.0,16.0,3.0,8.0,6.0,2.0,1.0,0.0,1.94,3.48,4.02
I1,2020-01-19,Brescia,Cagliari,1466.53,1594.09,1.0,4.0,0.0,1.0,2.0,2.0,D,1.0,1.0,D,9.0,18.0,6.0,10.0,10.0,18.0,2.0,7.0,4.0,4.0,1.0,0.0,2.47,3.51,2.76
I1,2020-01-19,Lecce,Inter,1471.1,1804.89,0.0,1.0,7.0,9.0,1.0,1.0,D,0.0,0.0,D,8.0,16.0,3.0,10.0,11.0,9.0,3.0,14.0,2.0,2.0,0.0,0.0,9.73,5.58,1.3
I1,2020-01-19,Genoa,Roma,1509.47,1743.81,3.0,4.0,3.0,7.0,1.0,3.0,A,1.0,2.0,A,9.0,14.0,8.0,7.0,12.0,13.0,7.0,3.0,2.0,3.0,0.0,0.0,4.06,3.49,1.93
I1,2020-01-19,Juventus,Parma,1918.41,1568.72,9.0,12.0,4.0,10.0,2.0,1.0,H,1.0,0.0,H,14.0,8.0,6.0,7.0,12.0,10.0,10.0,6.0,0.0,1.0,0.0,0.0,1.22,6.46,13.18
I1,2020-01-20,Atalanta,Spal,1777.37,1503.14,7.0,10.0,3.0,3.0,1.0,2.0,A,1.0,0.0,H,14.0,13.0,8.0,7.0,15.0,17.0,8.0,4.0,2.0,3.0,0.0,0.0,1.19,7.07,13.82
I1,2020-01-24,Brescia,Milan,1466.53,1677.4,1.0,2.0,7.0,8.0,0.0,1.0,A,0.0,0.0,D,13.0,10.0,7.0,5.0,12.0,15.0,7.0,3.0,2.0,4.0,0.0,0.0,5.03,4.02,1.66
I1,2020-01-25,Spal,Bologna,1503.14,1585.5,3.0,6.0,2.0,8.0,1.0,3.0,A,1.0,1.0,D,9.0,12.0,5.0,6.0,16.0,15.0,5.0,9.0,4.0,3.0,0.0,0.0,3.0,3.35,2.39
I1,2020-01-25,Fiorentina,Genoa,1587.58,1509.47,7.0,8.0,3.0,3.0,0.0,0.0,D,0.0,0.0,D,15.0,8.0,6.0,6.0,18.0,21.0,7.0,6.0,4.0,3.0,0.0,0.0,1.73,3.79,4.81
I1,2020-01-25,Torino,Atalanta,1672.16,1777.37,6.0,7.0,4.0,7.0,0.0,7.0,A,0.0,3.0,A,6.0,17.0,4.0,15.0,17.0,12.0,4.0,12.0,3.0,2.0,2.0,0.0,4.55,4.06,1.71
I1,2020-01-26,Inter,Cagliari,1804.89,1594.09,5.0,9.0,1.0,1.0,1.0,1.0,D,1.0,0.0,H,14.0,8.0,5.0,3.0,10.0,10.0,4.0,6.0,4.0,1.0,2.0,0.0,1.32,5.25,9.56
I1,2020-01-26,Parma,Udinese,1568.72,1577.91,3.0,7.0,6.0,9.0,2.0,0.0,H,2.0,0.0,H,10.0,15.0,5.0,5.0,12.0,9.0,5.0,11.0,2.0,3.0,0.0,0.0,2.38,3.19,3.15
I1,2020-01-26,Sampdoria,Sassuolo,1586.26,1568.39,4.0,7.0,3.0,6.0,0.0,0.0,D,0.0,0.0,D,15.0,6.0,5.0,2.0,16.0,9.0,6.0,3.0,4.0,1.0,0.0,1.0,2.26,3.32,3.25
I1,2020-01-26,Verona,Lecce,1506.97,1471.1,7.0,8.0,1.0,1.0,3.0,0.0,H,2.0,0.0,H,9.0,3.0,5.0,1.0,16.0,11.0,5.0,0.0,2.0,3.0,0.0,1.0,1.62,4.08,5.29
I1,2020-01-26,Roma,Lazio,1743.81,1731.83,3.0,9.0,9.0,15.0,1.0,1.0,D,1.0,1.0,D,16.0,3.0,7.0,2.0,11.0,12.0,7.0,1.0,3.0,4.0,0.0,0.0,2.73,3.61,2.44
I1,2020-01-26,Napoli,Juventus,1765.03,1918.41,0.0,3.0,9.0,15.0,2.0,1.0,H,0.0,0.0,D,11.0,7.0,4.0,5.0,14.0,14.0,3.0,2.0,2.0,5.0,0.0,0.0,3.44,3.61,2.07
I1,2020-02-01,Bologna,Brescia,1592.94,1463.82,4.0,8.0,1.0,2.0,2.0,1.0,H,1.0,1.0,D,17.0,3.0,7.0,1.0,17.0,14.0,6.0,3.0,3.0,2.0,0.0,0.0,1.69,4.01,4.79
I1,2020-02-01,Cagliari,Parma,1598.79,1577.16,2.0,2.0,6.0,7.0,2.0,2.0,D,1.0,1.0,D,21.0,17.0,11.0,5.0,12.0,15.0,8.0,7.0,3.0,2.0,0.0,0.0,1.91,3.7,3.91
I1,2020-02-01,Sassuolo,Roma,1579.16,1747.54,4.0,4.0,4.0,7.0,4.0,2.0,H,3.0,0.0,H,16.0,19.0,9.0,9.0,6.0,19.0,5.0,11.0,1.0,7.0,0.0,1.0,4.0,3.93,1.83
I1,2020-02-02,Juventus,Fiorentina,1908.36,1602.53,6.0,12.0,7.0,8.0,3.0,0.0,H,1.0,0.0,H,8.0,7.0,8.0,5.0,9.0,13.0,10.0,5.0,1.0,4.0,0.0,0.0,1.34,5.11,9.36
I1,2020-02-02,Atalanta,Genoa,1780.59,1508.19,4.0,10.0,1.0,4.0,2.0,2.0,D,2.0,2.0,D,17.0,9.0,10.0,5.0,19.0,19.0,7.0,1.0,2.0,6.0,0.0,1.0,1.24,6.15,11.58
I1,2020-02-02,Lazio,Spal,1740.31,1507.05,7.0,13.0,3.0,6.0,5.0,1.0,H,4.0,0.0,H,12.0,10.0,10.0,5.0,9.0,7.0,5.0,2.0,1.0,2.0,0.0,0.0,1.22,6.39,12.96
I1,2020-02-02,Milan,Verona,1686.08,1520.72,9.0,10.0,7.0,11.0,1.0,1.0,D,1.0,1.0,D,17.0,8.0,6.0,6.0,11.0,12.0,9.0,3.0,1.0,4.0,0.0,1.0,1.64,3.72,5.85
I1,2020-02-02,Lecce,Torino,1467.76,1644.63,1.0,1.0,3.0,6.0,4.0,0.0,H,2.0,0.0,H,14.0,11.0,11.0,4.0,14.0,23.0,5.0,3.0,3.0,3.0,0.0,0.0,3.24,3.47,2.2
I1,2020-02-02,Udinese,Inter,1564.14,1792.0,3.0,9.0,3.0,9.0,0.0,2.0,A,0.0,0.0,D,11.0,14.0,4.0,10.0,10.0,16.0,3.0,2.0,2.0,2.0,0.0,0.0,5.07,3.72,1.71
I1,2020-02-03,Sampdoria,Napoli,1578.02,1756.77,4.0,5.0,3.0,6.0,2.0,4.0,A,1.0,2.0,A,12.0,12.0,10.0,10.0,17.0,6.0,4.0,6.0,4.0,3.0,0.0,0.0,4.42,3.75,1.79
I1,2020-02-05,Lazio,Verona,1740.31,1520.72,7.0,13.0,5.0,11.0,0.0,0.0,D,0.0,0.0,D,12.0,12.0,6.0,6.0,12.0,15.0,6.0,7.0,3.0,2.0,0.0,0.0,1.38,4.93,8.3
I1,2020-02-07,Roma,Bologna,1747.54,1592.94,4.0,4.0,7.0,8.0,2.0,3.0,A,1.0,2.0,A,14.0,12.0,10.0,8.0,11.0,16.0,6.0,6.0,2.0,4.0,1.0,0.0,1.63,4.19,5.02
I1,2020-02-08,Fiorentina,Atalanta,1602.53,1780.59,4.0,8.0,4.0,8.0,1.0,2.0,A,1.0,0.0,H,5.0,13.0,3.0,7.0,20.0,13.0,4.0,3.0,2.0,2.0,0.0,0.0,4.06,3.75,1.86
I1,2020-02-08,Torino,Sampdoria,1644.63,1578.02,0.0,6.0,1.0,5.0,1.0,3.0,A,0.0,0.0,D,2.0,8.0,2.0,6.0,16.0,19.0,2.0,3.0,3.0,5.0,1.0,0.0,2.21,3.23,3.44
I1,2020-02-08,Verona,Juventus,1520.72,1908.36,5.0,9.0,6.0,12.0,2.0,1.0,H,0.0,0.0,D,9.0,10.0,5.0,5.0,11.0,18.0,3.0,4.0,2.0,3.0,0.0,0.0,7.08,4.01,1.51
I1,2020-02-09,Spal,Sassuolo,1507.05,1579.16,3.0,3.0,7.0,7.0,1.0,2.0,A,1.0,0.0,H,10.0,16.0,5.0,9.0,16.0,16.0,1.0,6.0,2.0,4.0,0.0,0.0,2.74,3.41,2.54
I1,2020-02-09,Brescia,Udinese,1463.82,1564.14,1.0,1.0,0.0,6.0,1.0,1.0,D,0.0,0.0,D,9.0,16.0,7.0,8.0,8.0,17.0,4.0,9.0,0.0,3.0,0.0,0.0,2.7,3.29,2.65
I1,2020-02-09,Genoa,Cagliari,1508.19,1598.79,2.0,5.0,3.0,3.0,1.0,0.0,H,1.0,0.0,H,8.0,8.0,5.0,6.0,15.0,15.0,5.0,3.0,3.0,6.0,0.0,0.0,2.38,3.4,2.96
I1,2020-02-09,Napoli,Lecce,1756.77,1467.76,6.0,6.0,4.0,4.0,2.0,3.0,A,0.0,1.0,A,19.0,13.0,9.0,10.0,14.0,10.0,10.0,4.0,5.0,3.0,0.0,0.0,1.21,6.67,13.34
I1,2020-02-09,Parma,Lazio,1577.16,1740.31,4.0,7.0,5.0,11.0,0.0,1.0,A,0.0,1.0,A,16.0,17.0,6.0,6.0,13.0,10.0,7.0,6.0,4.0,3.0,0.0,0.0,4.51,3.94,1.74
I1,2020-02-09,Inter,Milan,1792.0,1686.08,5.0,9.0,7.0,11.0,4.0,2.0,H,0.0,2.0,A,14.0,8.0,11.0,5.0,6.0,13.0,7.0,6.0,4.0,2.0,0.0,0.0,1.95,3.42,4.05
I1,2020-02-15,Lecce,Spal,1504.97,1495.71,6.0,7.0,0.0,3.0,2.0,1.0,H,1.0,0.0,H,8.0,13.0,4.0,5.0,13.0,23.0,4.0,8.0,5.0,3.0,0.0,0.0,2.19,3.52,3.22
I1,2020-02-15,Bologna,Genoa,1609.27,1524.37,9.0,10.0,5.0,5.0,0.0,3.0,A,0.0,2.0,A,11.0,5.0,6.0,5.0,19.0,13.0,4.0,4.0,3.0,5.0,2.0,0.0,1.84,3.62,4.34
I1,2020-02-15,Atalanta,Roma,1778.17,1719.74,7.0,8.0,1.0,4.0,2.0,1.0,H,0.0,1.0,A,11.0,5.0,7.0,1.0,11.0,15.0,5.0,2.0,1.0,5.0,0.0,0.0,1.8,4.22,3.88
I1,2020-02-16,Udinese,Verona,1557.08,1548.49,1.0,4.0,5.0,9.0,0.0,0.0,D,0.0,0.0,D,10.0,9.0,6.0,6.0,13.0,17.0,9.0,6.0,1.0,2.0,0.0,0.0,2.56,3.21,2.85
I1,2020-02-16,Juventus,Brescia,1895.49,1461.38,3.0,9.0,1.0,2.0,2.0,0.0,H,1.0,0.0,H,20.0,5.0,11.0,2.0,12.0,8.0,16.0,2.0,3.0,2.0,0.0,1.0,1.18,7.26,15.95
I1,2020-02-16,Sampdoria,Fiorentina,1586.24,1594.96,4.0,7.0,1.0,7.0,1.0,5.0,A,0.0,3.0,A,13.0,12.0,8.0,9.0,13.0,13.0,7.0,3.0,5.0,4.0,1.0,1.0,2.77,3.11,2.7
I1,2020-02-16,Sassuolo,Parma,1601.39,1574.13,7.0,10.0,4.0,7.0,0.0,1.0,A,0.0,1.0,A,10.0,6.0,5.0,6.0,14.0,19.0,5.0,3.0,5.0,4.0,0.0,0.0,2.01,3.53,3.69
I1,2020-02-16,Cagliari,Napoli,1587.75,1748.69,2.0,3.0,6.0,6.0,0.0,1.0,A,0.0,0.0,D,10.0,12.0,4.0,4.0,14.0,11.0,2.0,3.0,3.0,1.0,0.0,0.0,3.87,3.75,1.9
I1,2020-02-16,Lazio,Inter,1743.28,1803.61,7.0,11.0,7.0,9.0,2.0,1.0,H,0.0,1.0,A,11.0,9.0,6.0,6.0,13.0,15.0,6.0,6.0,5.0,2.0,0.0,0.0,2.35,3.49,2.94
I1,2020-02-17,Milan,Torino,1674.57,1607.28,4.0,10.0,0.0,3.0,1.0,0.0,H,1.0,0.0,H,9.0,6.0,3.0,1.0,16.0,11.0,9.0,5.0,3.0,3.0,0.0,0.0,1.61,3.94,5.57
I1,2020-02-21,Brescia,Napoli,1461.38,1748.69,1.0,2.0,6.0,9.0,1.0,2.0,A,1.0,0.0,H,8.0,7.0,1.0,5.0,16.0,14.0,4.0,4.0,3.0,3.0,0.0,0.0,6.06,4.35,1.53
I1,2020-02-22,Bologna,Udinese,1609.27,1557.08,6.0,10.0,2.0,2.0,1.0,1.0,D,0.0,1.0,A,12.0,4.0,3.0,3.0,13.0,12.0,7.0,5.0,1.0,2.0,0.0,0.0,2.06,3.42,3.66
I1,2020-02-22,Spal,Juventus,1495.71,1895.49,0.0,3.0,6.0,9.0,1.0,2.0,A,0.0,1.0,A,10.0,17.0,5.0,9.0,25.0,15.0,3.0,4.0,4.0,2.0,0.0,0.0,7.78,4.94,1.39
I1,2020-02-22,Fiorentina,Milan,1594.96,1674.57,3.0,7.0,4.0,10.0,1.0,1.0,D,0.0,0.0,D,11.0,5.0,7.0,3.0,11.0,15.0,4.0,3.0,1.0,3.0,1.0,0.0,2.68,3.31,2.66
I1,2020-02-23,Genoa,Lazio,1524.37,1743.28,7.0,8.0,7.0,11.0,2.0,3.0,A,0.0,1.0,A,11.0,11.0,9.0,8.0,12.0,13.0,6.0,1.0,2.0,2.0,0.0,0.0,4.89,3.83,1.71
I1,2020-02-23,Roma,Lecce,1719.74,1504.97,0.0,4.0,9.0,10.0,4.0,0.0,H,2.0,0.0,H,19.0,9.0,11.0,4.0,9.0,6.0,6.0,4.0,1.0,0.0,0.0,0.0,1.31,5.74,8.54
I1,2020-02-29,Lazio,Bologna,1743.28,1609.27,9.0,13.0,4.0,10.0,2.0,0.0,H,2.0,0.0,H,12.0,11.0,5.0,4.0,9.0,12.0,7.0,5.0,1.0,4.0,0.0,0.0,1.54,4.26,5.98
I1,2020-02-29,Napoli,Torino,1748.69,1607.28,6.0,12.0,0.0,0.0,2.0,1.0,H,1.0,0.0,H,16.0,5.0,10.0,3.0,12.0,13.0,7.0,1.0,1.0,3.0,0.0,0.0,1.47,4.42,6.85
I1,2020-03-01,Lecce,Atalanta,1513.52,1805.72,6.0,9.0,7.0,10.0,2.0,7.0,A,2.0,2.0,D,5.0,17.0,3.0,11.0,9.0,12.0,2.0,11.0,2.0,2.0,0.0,0.0,7.67,5.34,1.36
I1,2020-03-01,Cagliari,Roma,1589.55,1734.31,1.0,3.0,3.0,4.0,3.0,4.0,A,1.0,2.0,A,7.0,18.0,7.0,14.0,14.0,13.0,2.0,7.0,4.0,5.0,0.0,0.0,3.63,3.61,2.0
I1,2020-03-08,Parma,Spal,1591.35,1494.8,4.0,7.0,0.0,0.0,0.0,1.0,A,0.0,0.0,D,11.0,6.0,2.0,2.0,19.0,22.0,4.0,5.0,2.0,2.0,0.0,0.0,2.05,3.4,3.74
I1,2020-03-08,Milan,Genoa,1686.45,1547.33,4.0,8.0,6.0,8.0,1.0,2.0,A,0.0,2.0,A,13.0,6.0,4.0,3.0,14.0,12.0,7.0,5.0,0.0,0.0,0.0,1.0,1.68,3.83,5.17
I1,2020-03-08,Sampdoria,Verona,1574.95,1557.35,3.0,4.0,5.0,9.0,2.0,1.0,H,0.0,1.0,A,8.0,3.0,7.0,2.0,14.0,23.0,2.0,6.0,4.0,3.0,0.0,0.0,2.67,3.18,2.77
I1,2020-03-08,Udinese,Fiorentina,1564.85,1620.81,3.0,3.0,4.0,5.0,0.0,0.0,D,0.0,0.0,D,11.0,7.0,2.0,5.0,8.0,5.0,6.0,9.0,2.0,0.0,0.0,0.0,2.91,3.14,2.56
I1,2020-03-08,Juventus,Inter,1898.18,1806.86,6.0,9.0,6.0,8.0,2.0,0.0,H,0.0,0.0,D,12.0,8.0,6.0,2.0,8.0,18.0,5.0,4.0,1.0,3.0,0.0,1.0,2.27,3.28,3.26
I1,2020-03-09,Sassuolo,Brescia,1598.35,1464.63,6.0,10.0,1.0,1.0,3.0,0.0,H,1.0,0.0,H,13.0,6.0,10.0,4.0,15.0,9.0,5.0,4.0,3.0,3.0,0.0,0.0,1.78,3.82,4.39
I1,2020-06-20,Torino,Parma,1607.61,1581.31,0.0,0.0,3.0,7.0,1.0,1.0,D,1.0,1.0,D,14.0,6.0,9.0,5.0,16.0,17.0,5.0,2.0,1.0,2.0,0.0,0.0,2.19,3.27,3.47
I1,2020-06-20,Verona,Cagliari,1552.82,1585.83,4.0,6.0,0.0,2.0,2.0,1.0,H,2.0,1.0,H,8.0,13.0,6.0,4.0,4.0,19.0,1.0,7.0,1.0,6.0,1.0,1.0,2.03,3.37,3.83
I1,2020-06-21,Atalanta,Sassuolo,1818.69,1606.59,9.0,13.0,6.0,10.0,4.0,1.0,H,3.0,0.0,H,12.0,10.0,5.0,6.0,24.0,6.0,4.0,3.0,4.0,3.0,0.0,0.0,1.35,5.4,8.17
I1,2020-06-21,Inter,Sampdoria,1801.95,1583.06,3.0,7.0,6.0,7.0,2.0,1.0,H,2.0,0.0,H,11.0,7.0,5.0,3.0,17.0,21.0,5.0,1.0,3.0,3.0,0.0,0.0,1.36,5.03,8.78
I1,2020-06-22,Fiorentina,Brescia,1622.44,1459.99,5.0,5.0,0.0,1.0,1.0,1.0,D,1.0,1.0,D,15.0,5.0,8.0,3.0,21.0,21.0,7.0,2.0,5.0,4.0,1.0,0.0,1.52,4.3,6.31
I1,2020-06-22,Lecce,Milan,1509.38,1675.45,3.0,9.0,4.0,5.0,1.0,4.0,A,0.0,1.0,A,6.0,12.0,1.0,11.0,8.0,13.0,5.0,4.0,1.0,1.0,0.0,0.0,5.33,4.14,1.61
I1,2020-06-22,Bologna,Juventus,1591.2,1906.68,1.0,7.0,9.0,12.0,0.0,2.0,A,0.0,2.0,A,6.0,12.0,1.0,5.0,16.0,16.0,8.0,2.0,1.0,4.0,0.0,1.0,5.72,4.16,1.57
I1,2020-06-23,Spal,Cagliari,1508.44,1585.83,3.0,3.0,0.0,1.0,0.0,1.0,A,0.0,0.0,D,6.0,9.0,2.0,4.0,21.0,12.0,1.0,9.0,3.0,3.0,0.0,0.0,2.72,3.24,2.7
I1,2020-06-23,Verona,Napoli,1552.82,1769.24,4.0,8.0,9.0,12.0,0.0,2.0,A,0.0,1.0,A,10.0,10.0,6.0,8.0,16.0,7.0,8.0,4.0,1.0,1.0,0.0,0.0,4.2,3.45,1.93
I1,2020-06-23,Genoa,Parma,1561.91,1581.31,6.0,10.0,4.0,5.0,1.0,4.0,A,0.0,2.0,A,9.0,11.0,3.0,8.0,15.0,15.0,1.0,3.0,1.0,2.0,0.0,0.0,2.21,3.29,3.45
I1,2020-06-23,Torino,Udinese,1607.61,1566.82,1.0,1.0,3.0,4.0,1.0,0.0,H,1.0,0.0,H,4.0,7.0,3.0,5.0,11.0,11.0,1.0,16.0,0.0,0.0,0.0,0.0,2.5,3.1,3.09
I1,2020-06-24,Inter,Sassuolo,1801.95,1606.59,3.0,9.0,3.0,9.0,3.0,3.0,D,2.0,1.0,H,14.0,8.0,10.0,4.0,18.0,20.0,7.0,6.0,3.0,1.0,1.0,0.0,1.38,5.0,7.84
I1,2020-06-24,Atalanta,Lazio,1818.69,1768.94,9.0,13.0,9.0,13.0,3.0,2.0,H,1.0,2.0,A,13.0,5.0,9.0,3.0,13.0,15.0,11.0,0.0,2.0,2.0,0.0,0.0,2.12,3.73,3.23
I1,2020-06-24,Roma,Sampdoria,1741.62,1583.06,6.0,6.0,3.0,6.0,2.0,1.0,H,0.0,1.0,A,16.0,13.0,10.0,9.0,10.0,14.0,10.0,8.0,0.0,0.0,0.0,0.0,1.47,4.56,6.64
I1,2020-06-26,Juventus,Lecce,1906.68,1509.38,9.0,12.0,0.0,6.0,4.0,0.0,H,0.0,0.0,D,23.0,7.0,12.0,2.0,15.0,7.0,12.0,4.0,1.0,0.0,0.0,1.0,1.15,8.49,18.05
I1,2020-06-27,Brescia,Genoa,1459.99,1561.91,1.0,2.0,3.0,9.0,2.0,2.0,D,2.0,1.0,H,6.0,11.0,4.0,8.0,16.0,16.0,1.0,8.0,4.0,2.0,0.0,0.0,3.0,3.42,2.35
I1,2020-06-27,Cagliari,Torino,1585.83,1607.61,3.0,3.0,4.0,4.0,4.0,2.0,H,2.0,0.0,H,9.0,11.0,5.0,6.0,15.0,12.0,3.0,5.0,3.0,0.0,0.0,0.0,2.41,3.26,3.05
I1,2020-06-27,Lazio,Fiorentina,1768.94,1622.44,6.0,12.0,3.0,6.0,2.0,1.0,H,0.0,1.0,A,12.0,9.0,4.0,5.0,13.0,13.0,7.0,1.0,5.0,2.0,0.0,1.0,1.62,4.06,5.42
I1,2020-06-28,Milan,Roma,1675.45,1741.62,4.0,7.0,9.0,9.0,2.0,0.0,H,0.0,0.0,D,11.0,3.0,7.0,2.0,10.0,16.0,5.0,6.0,2.0,2.0,0.0,0.0,2.71,3.42,2.56
I1,2020-06-28,Napoli,Spal,1769.24,1508.44,9.0,12.0,3.0,3.0,3.0,1.0,H,2.0,1.0,H,17.0,5.0,11.0,3.0,14.0,14.0,4.0,1.0,0.0,3.0,0.0,0.0,1.28,5.64,10.67
I1,2020-06-28,Sampdoria,Bologna,1583.06,1591.2,3.0,6.0,1.0,4.0,1.0,2.0,A,0.0,0.0,D,13.0,9.0,7.0,4.0,17.0,15.0,13.0,4.0,3.0,1.0,0.0,0.0,2.38,3.33,3.04
I1,2020-06-28,Sassuolo,Verona,1606.59,1552.82,4.0,7.0,3.0,7.0,3.0,3.0,D,0.0,0.0,D,13.0,6.0,9.0,4.0,17.0,13.0,12.0,2.0,2.0,2.0,0.0,0.0,2.53,3.36,2.8
I1,2020-06-28,Udinese,Atalanta,1566.82,1818.69,2.0,4.0,9.0,15.0,2.0,3.0,A,1.0,1.0,D,9.0,13.0,4.0,13.0,14.0,9.0,0.0,10.0,2.0,2.0,0.0,0.0,6.78,4.57,1.46
I1,2020-06-28,Parma,Inter,1581.31,1801.95,4.0,7.0,4.0,7.0,1.0,2.0,A,1.0,0.0,H,9.0,14.0,2.0,6.0,9.0,13.0,1.0,8.0,3.0,4.0,1.0,1.0,6.07,3.88,1.6
I1,2020-06-30,Torino,Lazio,1607.61,1768.94,4.0,4.0,6.0,12.0,1.0,2.0,A,1.0,0.0,H,2.0,12.0,1.0,6.0,15.0,16.0,2.0,8.0,1.0,3.0,0.0,0.0,4.54,3.73,1.79
I1,2020-06-30,Genoa,Juventus,1561.91,1906.68,4.0,7.0,9.0,15.0,1.0,3.0,A,0.0,0.0,D,2.0,11.0,2.0,9.0,21.0,10.0,2.0,9.0,5.0,1.0,0.0,0.0,9.31,4.7,1.38
I1,2020-07-01,Bologna,Cagliari,1596.44,1596.21,3.0,4.0,6.0,6.0,1.0,1.0,D,1.0,0.0,H,16.0,6.0,7.0,4.0,20.0,17.0,7.0,2.0,3.0,2.0,0.0,0.0,2.07,3.51,3.54
I1,2020-07-01,Inter,Brescia,1802.59,1466.43,7.0,7.0,2.0,2.0,6.0,0.0,H,3.0,0.0,H,20.0,3.0,12.0,1.0,13.0,10.0,4.0,4.0,2.0,2.0,0.0,0.0,1.17,7.35,16.98
I1,2020-07-01,Fiorentina,Sassuolo,1613.37,1605.8,2.0,6.0,2.0,5.0,1.0,3.0,A,0.0,2.0,A,11.0,8.0,7.0,8.0,20.0,12.0,8.0,3.0,4.0,2.0,0.0,0.0,2.05,3.6,3.51
I1,2020-07-01,Lecce,Sampdoria,1498.85,1568.58,0.0,3.0,0.0,3.0,1.0,2.0,A,0.0,1.0,A,12.0,8.0,6.0,5.0,13.0,14.0,9.0,5.0,2.0,3.0,0.0,0.0,3.44,3.54,2.1
I1,2020-07-01,Spal,Milan,1498.32,1696.05,3.0,3.0,6.0,10.0,2.0,2.0,D,2.0,0.0,H,4.0,25.0,3.0,12.0,9.0,12.0,3.0,17.0,3.0,0.0,1.0,0.0,5.79,4.0,1.6
I1,2020-07-01,Verona,Parma,1557.2,1594.44,4.0,5.0,4.0,7.0,3.0,2.0,H,1.0,1.0,D,6.0,13.0,5.0,5.0,14.0,10.0,3.0,1.0,2.0,3.0,0.0,0.0,1.99,3.33,4.07
I1,2020-07-02,Atalanta,Napoli,1831.07,1777.95,9.0,15.0,9.0,15.0,2.0,0.0,H,0.0,0.0,D,6.0,15.0,4.0,8.0,17.0,14.0,5.0,5.0,1.0,1.0,0.0,0.0,2.11,3.65,3.31
I1,2020-07-02,Roma,Udinese,1733.12,1557.96,6.0,9.0,1.0,3.0,0.0,2.0,A,0.0,1.0,A,9.0,8.0,6.0,3.0,10.0,11.0,10.0,7.0,3.0,2.0,1.0,0.0,1.59,4.02,5.84
I1,2020-07-04,Juventus,Torino,1914.67,1595.76,9.0,15.0,3.0,4.0,4.0,1.0,H,2.0,1.0,H,15.0,12.0,7.0,6.0,11.0,8.0,5.0,8.0,4.0,2.0,0.0,0.0,1.26,5.78,11.65
I1,2020-07-04,Sassuolo,Lecce,1605.8,1498.85,5.0,8.0,0.0,0.0,4.0,2.0,H,1.0,1.0,D,7.0,5.0,7.0,3.0,15.0,21.0,4.0,4.0,3.0,4.0,0.0,0.0,1.5,4.61,5.97
I1,2020-07-04,Lazio,Milan,1772.26,1696.05,6.0,12.0,7.0,8.0,0.0,3.0,A,0.0,2.0,A,8.0,7.0,2.0,5.0,14.0,12.0,5.0,1.0,1.0,1.0,0.0,0.0,2.35,3.3,3.13
I1,2020-07-05,Inter,Bologna,1802.59,1596.44,7.0,10.0,4.0,5.0,1.0,2.0,A,1.0,0.0,H,15.0,11.0,9.0,8.0,16.0,12.0,12.0,9.0,3.0,3.0,1.0,1.0,1.48,4.45,6.8
I1,2020-07-05,Brescia,Verona,1466.43,1557.2,2.0,2.0,4.0,7.0,2.0,0.0,H,0.0,0.0,D,7.0,14.0,6.0,9.0,11.0,13.0,3.0,11.0,3.0,1.0,0.0,0.0,5.34,3.96,1.64
I1,2020-07-05,Cagliari,Atalanta,1596.21,1831.07,7.0,7.0,9.0,15.0,0.0,1.0,A,0.0,1.0,A,6.0,22.0,1.0,12.0,15.0,14.0,6.0,4.0,3.0,2.0,1.0,0.0,5.49,4.55,1.54
I1,2020-07-05,Parma,Fiorentina,1594.44,1613.37,3.0,4.0,1.0,3.0,1.0,2.0,A,0.0,2.0,A,7.0,9.0,2.0,6.0,17.0,14.0,3.0,0.0,4.0,6.0,0.0,0.0,3.0,3.38,2.38
I1,2020-07-05,Sampdoria,Spal,1568.58,1498.32,3.0,6.0,1.0,4.0,3.0,0.0,H,3.0,0.0,H,9.0,8.0,5.0,3.0,18.0,12.0,4.0,13.0,1.0,1.0,0.0,0.0,1.91,3.54,4.11
I1,2020-07-05,Udinese,Genoa,1557.96,1542.91,3.0,5.0,1.0,4.0,2.0,2.0,D,1.0,0.0,H,9.0,6.0,6.0,4.0,13.0,14.0,2.0,4.0,3.0,2.0,0.0,0.0,2.26,3.25,3.32
I1,2020-07-05,Napoli,Roma,1777.95,1733.12,6.0,12.0,3.0,9.0,2.0,1.0,H,0.0,0.0,D,18.0,5.0,12.0,4.0,10.0,16.0,8.0,1.0,2.0,4.0,0.0,0.0,2.08,3.59,3.43
I1,2020-07-07,Lecce,Lazio,1498.85,1772.26,0.0,0.0,6.0,9.0,2.0,1.0,H,1.0,1.0,D,7.0,14.0,3.0,10.0,8.0,11.0,3.0,14.0,3.0,3.0,0.0,1.0,7.64,5.36,1.37
I1,2020-07-07,Milan,Juventus,1696.05,1914.67,7.0,10.0,9.0,15.0,4.0,2.0,H,0.0,0.0,D,9.0,9.0,9.0,4.0,14.0,16.0,2.0,6.0,4.0,1.0,0.0,0.0,3.39,3.35,2.21
I1,2020-07-08,Fiorentina,Cagliari,1613.37,1596.21,3.0,5.0,4.0,7.0,0.0,0.0,D,0.0,0.0,D,11.0,11.0,7.0,7.0,11.0,10.0,6.0,3.0,2.0,2.0,0.0,0.0,1.94,3.53,4.02
I1,2020-07-08,Genoa,Napoli,1542.91,1777.95,2.0,5.0,6.0,12.0,1.0,2.0,A,0.0,1.0,A,7.0,16.0,3.0,11.0,13.0,6.0,6.0,8.0,1.0,0.0,0.0,0.0,6.15,4.01,1.57
I1,2020-07-08,Atalanta,Sampdoria,1831.07,1568.58,9.0,15.0,6.0,6.0,2.0,0.0,H,0.0,0.0,D,11.0,9.0,6.0,3.0,12.0,19.0,7.0,9.0,2.0,3.0,0.0,0.0,1.36,5.44,7.83
I1,2020-07-08,Bologna,Sassuolo,1596.44,1605.8,7.0,7.0,7.0,8.0,1.0,2.0,A,0.0,1.0,A,8.0,11.0,6.0,5.0,17.0,16.0,7.0,8.0,3.0,4.0,0.0,0.0,2.26,3.58,3.04
I1,2020-07-08,Roma,Parma,1733.12,1594.44,0.0,6.0,0.0,4.0,2.0,1.0,H,1.0,1.0,D,15.0,4.0,7.0,2.0,17.0,10.0,9.0,3.0,5.0,1.0,0.0,0.0,1.51,4.38,6.29
I1,2020-07-08,Torino,Brescia,1595.76,1466.43,0.0,4.0,4.0,5.0,3.0,1.0,H,0.0,1.0,A,14.0,13.0,10.0,6.0,24.0,19.0,6.0,5.0,1.0,3.0,0.0,0.0,1.62,3.9,5.69
I1,2020-07-09,Spal,Udinese,1498.32,1557.96,1.0,4.0,4.0,5.0,0.0,3.0,A,0.0,2.0,A,11.0,7.0,3.0,4.0,11.0,9.0,9.0,1.0,0.0,0.0,0.0,0.0,3.31,3.37,2.21
I1,2020-07-09,Verona,Inter,1557.2,1802.59,4.0,7.0,6.0,10.0,2.0,2.0,D,1.0,0.0,H,10.0,13.0,4.0,7.0,19.0,11.0,0.0,5.0,3.0,2.0,0.0,0.0,4.59,3.79,1.76
I1,2020-07-11,Lazio,Sassuolo,1772.26,1605.8,3.0,6.0,9.0,11.0,1.0,2.0,A,1.0,0.0,H,7.0,11.0,1.0,4.0,13.0,7.0,1.0,5.0,4.0,2.0,0.0,0.0,1.61,4.3,5.17
I1,2020-07-11,Brescia,Roma,1466.43,1733.12,3.0,5.0,3.0,6.0,0.0,3.0,A,0.0,0.0,D,8.0,16.0,4.0,9.0,19.0,16.0,3.0,8.0,1.0,2.0,0.0,0.0,6.55,4.68,1.46
I1,2020-07-11,Juventus,Atalanta,1914.67,1831.07,6.0,12.0,9.0,15.0,2.0,2.0,D,0.0,1.0,A,6.0,9.0,5.0,4.0,11.0,16.0,2.0,4.0,3.0,2.0,0.0,0.0,2.1,3.65,3.35
I1,2020-07-12,Genoa,Spal,1542.91,1498.32,1.0,2.0,1.0,1.0,2.0,0.0,H,1.0,0.0,H,12.0,3.0,9.0,0.0,15.0,19.0,7.0,2.0,1.0,2.0,0.0,0.0,1.67,3.87,5.15
I1,2020-07-12,Cagliari,Lecce,1596.21,1498.85,2.0,8.0,3.0,3.0,0.0,0.0,D,0.0,0.0,D,12.0,15.0,6.0,10.0,10.0,7.0,6.0,7.0,1.0,1.0,0.0,0.0,1.74,3.96,4.47
I1,2020-07-12,Fiorentina,Verona,1613.37,1557.2,4.0,5.0,4.0,5.0,1.0,1.0,D,0.0,1.0,A,10.0,5.0,3.0,4.0,15.0,14.0,6.0,8.0,3.0,2.0,0.0,0.0,2.06,3.5,3.58
I1,2020-07-12,Parma,Bologna,1594.44,1596.44,0.0,3.0,4.0,7.0,2.0,2.0,D,0.0,2.0,A,13.0,9.0,5.0,6.0,17.0,24.0,6.0,2.0,1.0,1.0,0.0,0.0,2.69,3.32,2.65
I1,2020-07-12,Udinese,Sampdoria,1557.96,1568.58,7.0,7.0,6.0,6.0,1.0,3.0,A,1.0,1.0,D,7.0,9.0,4.0,6.0,16.0,10.0,10.0,7.0,1.0,4.0,0.0,0.0,2.39,3.09,3.25
I1,2020-07-12,Napoli,Milan,1777.95,1696.05,6.0,12.0,7.0,13.0,2.0,2.0,D,1.0,1.0,D,14.0,4.0,9.0,4.0,9.0,18.0,7.0,2.0,2.0,4.0,0.0,1.0,2.12,3.43,3.46
I1,2020-07-13,Inter,Torino,1802.59,1595.76,4.0,8.0,3.0,6.0,3.0,1.0,H,0.0,1.0,A,20.0,6.0,11.0,4.0,21.0,18.0,9.0,2.0,5.0,3.0,0.0,0.0,1.45,4.62,6.85
I1,2020-07-14,Atalanta,Brescia,1831.07,1466.43,7.0,13.0,3.0,4.0,6.0,2.0,H,4.0,1.0,H,13.0,6.0,7.0,5.0,12.0,10.0,1.0,1.0,0.0,0.0,0.0,0.0,1.14,8.7,17.89
I1,2020-07-15,Bologna,Napoli,1600.98,1776.87,4.0,8.0,7.0,10.0,1.0,1.0,D,0.0,1.0,A,11.0,9.0,2.0,4.0,20.0,9.0,8.0,4.0,1.0,1.0,0.0,0.0,4.3,3.89,1.79
I1,2020-07-15,Milan,Parma,1731.5,1573.24,7.0,11.0,1.0,1.0,3.0,1.0,H,0.0,1.0,A,21.0,9.0,7.0,5.0,9.0,10.0,7.0,6.0,1.0,2.0,0.0,0.0,1.44,4.66,7.06
I1,2020-07-15,Sampdoria,Cagliari,1595.35,1592.11,6.0,9.0,2.0,6.0,3.0,0.0,H,2.0,0.0,H,9.0,15.0,4.0,3.0,13.0,15.0,4.0,3.0,0.0,2.0,0.0,0.0,1.96,3.55,3.88
I1,2020-07-15,Lecce,Fiorentina,1503.34,1604.27,4.0,4.0,5.0,5.0,1.0,3.0,A,0.0,3.0,A,10.0,12.0,3.0,7.0,15.0,7.0,6.0,5.0,3.0,2.0,0.0,0.0,3.59,3.69,2.0
I1,2020-07-15,Roma,Verona,1718.79,1559.51,6.0,6.0,2.0,6.0,2.0,1.0,H,2.0,0.0,H,20.0,9.0,6.0,3.0,14.0,6.0,7.0,6.0,4.0,3.0,0.0,0.0,1.62,4.15,5.21
I1,2020-07-15,Sassuolo,Juventus,1644.91,1896.97,9.0,13.0,4.0,10.0,3.0,3.0,D,1.0,2.0,A,16.0,13.0,12.0,6.0,14.0,13.0,3.0,9.0,4.0,4.0,0.0,0.0,5.13,4.2,1.62
I1,2020-07-15,Udinese,Lazio,1573.85,1728.0,4.0,7.0,0.0,6.0,0.0,0.0,D,0.0,0.0,D,15.0,15.0,7.0,3.0,12.0,11.0,4.0,5.0,2.0,3.0,0.0,0.0,3.66,3.51,2.03
I1,2020-07-16,Torino,Genoa,1594.9,1549.06,3.0,3.0,4.0,5.0,3.0,0.0,H,1.0,0.0,H,8.0,10.0,4.0,4.0,20.0,18.0,8.0,4.0,2.0,2.0,0.0,0.0,2.17,3.36,3.4
I1,2020-07-16,Spal,Inter,1473.11,1790.86,0.0,1.0,4.0,10.0,0.0,4.0,A,0.0,1.0,A,8.0,13.0,1.0,8.0,10.0,9.0,0.0,7.0,2.0,3.0,0.0,0.0,8.98,5.37,1.33
I1,2020-07-18,Verona,Atalanta,1559.51,1849.4,2.0,5.0,7.0,13.0,1.0,1.0,D,0.0,0.0,D,11.0,17.0,8.0,7.0,15.0,15.0,7.0,5.0,2.0,2.0,0.0,0.0,6.81,5.12,1.41
I1,2020-07-18,Cagliari,Sassuolo,1592.11,1644.91,2.0,3.0,7.0,13.0,1.0,1.0,D,0.0,1.0,A,2.0,5.0,1.0,2.0,14.0,15.0,0.0,9.0,4.0,2.0,1.0,0.0,3.17,3.75,2.13
I1,2020-07-18,Milan,Bologna,1731.5,1600.98,7.0,11.0,2.0,6.0,5.0,1.0,H,2.0,1.0,H,17.0,8.0,14.0,3.0,19.0,14.0,7.0,2.0,2.0,1.0,0.0,0.0,1.53,4.44,5.9
I1,2020-07-19,Parma,Sampdoria,1573.24,1595.35,1.0,1.0,6.0,12.0,2.0,3.0,A,2.0,0.0,H,13.0,12.0,7.0,5.0,13.0,11.0,4.0,6.0,0.0,1.0,0.0,0.0,3.0,2.93,2.63
I1,2020-07-19,Brescia,Spal,1462.97,1473.11,0.0,3.0,0.0,1.0,2.0,1.0,H,0.0,1.0,A,15.0,13.0,6.0,7.0,10.0,14.0,7.0,4.0,2.0,2.0,0.0,0.0,2.33,3.5,2.96
I1,2020-07-19,Fiorentina,Torino,1604.27,1594.9,5.0,8.0,6.0,6.0,2.0,0.0,H,1.0,0.0,H,12.0,5.0,4.0,1.0,7.0,11.0,4.0,1.0,1.0,2.0,0.0,0.0,1.98,3.39,4.01
I1,2020-07-19,Genoa,Lecce,1549.06,1503.34,3.0,4.0,4.0,4.0,2.0,1.0,H,1.0,0.0,H,8.0,17.0,5.0,2.0,12.0,10.0,3.0,8.0,2.0,3.0,0.0,0.0,1.9,3.78,3.85
I1,2020-07-19,Napoli,Udinese,1776.87,1573.85,5.0,8.0,4.0,8.0,2.0,1.0,H,1.0,1.0,D,17.0,3.0,10.0,3.0,13.0,17.0,2.0,3.0,3.0,2.0,0.0,0.0,1.49,4.36,6.56
I1,2020-07-19,Roma,Inter,1718.79,1790.86,9.0,9.0,7.0,10.0,2.0,2.0,D,1.0,1.0,D,6.0,4.0,3.0,3.0,18.0,13.0,8.0,5.0,1.0,1.0,0.0,0.0,3.01,3.61,2.26
I1,2020-07-20,Juventus,Lazio,1896.97,1728.0,2.0,8.0,1.0,4.0,2.0,1.0,H,0.0,0.0,D,13.0,6.0,10.0,5.0,18.0,15.0,4.0,7.0,3.0,1.0,0.0,0.0,1.67,4.03,4.86
I1,2020-07-21,Atalanta,Bologna,1849.4,1600.98,5.0,11.0,2.0,5.0,1.0,0.0,H,0.0,0.0,D,13.0,9.0,7.0,2.0,19.0,14.0,6.0,4.0,4.0,2.0,0.0,0.0,1.28,6.05,9.79
I1,2020-07-21,Sassuolo,Milan,1644.91,1731.5,5.0,11.0,7.0,13.0,1.0,2.0,A,1.0,2.0,A,6.0,12.0,3.0,8.0,12.0,24.0,5.0,3.0,3.0,4.0,1.0,0.0,3.44,3.87,1.99
I1,2020-07-22,Parma,Napoli,1573.24,1776.87,1.0,1.0,5.0,11.0,2.0,1.0,H,1.0,0.0,H,6.0,12.0,3.0,4.0,8.0,12.0,3.0,3.0,3.0,1.0,0.0,0.0,5.78,4.28,1.55
I1,2020-07-22,Inter,Fiorentina,1790.86,1604.27,7.0,8.0,7.0,11.0,0.0,0.0,D,0.0,0.0,D,12.0,6.0,9.0,4.0,13.0,13.0,11.0,2.0,1.0,3.0,0.0,0.0,1.46,4.67,6.5
I1,2020-07-22,Lecce,Brescia,1503.34,1462.97,1.0,4.0,3.0,6.0,3.0,1.0,H,2.0,0.0,H,13.0,10.0,10.0,3.0,11.0,11.0,5.0,10.0,2.0,1.0,0.0,0.0,1.79,3.97,4.12
I1,2020-07-22,Sampdoria,Genoa,1595.35,1549.06,9.0,12.0,6.0,7.0,1.0,2.0,A,1.0,1.0,D,11.0,7.0,7.0,5.0,14.0,13.0,5.0,0.0,4.0,2.0,0.0,0.0,2.5,3.26,2.87
I1,2020-07-22,Spal,Roma,1473.11,1718.79,0.0,0.0,7.0,10.0,1.0,6.0,A,1.0,2.0,A,9.0,13.0,4.0,9.0,10.0,11.0,3.0,1.0,1.0,0.0,0.0,0.0,8.15,5.29,1.35
I1,2020-07-22,Torino,Verona,1594.9,1559.51,3.0,6.0,2.0,3.0,1.0,1.0,D,0.0,0.0,D,6.0,8.0,4.0,6.0,18.0,16.0,5.0,4.0,4.0,2.0,0.0,0.0,2.37,3.3,3.04
I1,2020-07-23,Udinese,Juventus,1573.85,1896.97,1.0,5.0,5.0,8.0,2.0,1.0,H,0.0,1.0,A,9.0,14.0,4.0,6.0,9.0,8.0,3.0,7.0,2.0,2.0,0.0,0.0,5.2,3.91,1.65
I1,2020-07-23,Lazio,Cagliari,1728.0,1592.11,1.0,1.0,2.0,3.0,2.0,1.0,H,0.0,1.0,A,16.0,8.0,12.0,4.0,14.0,11.0,13.0,3.0,3.0,1.0,0.0,0.0,1.47,4.57,6.51
I1,2020-07-24,Milan,Atalanta,1731.5,1849.4,9.0,13.0,7.0,11.0,1.0,1.0,D,1.0,1.0,D,6.0,9.0,3.0,4.0,17.0,12.0,3.0,7.0,1.0,1.0,0.0,0.0,2.86,3.81,2.3
I1,2020-07-25,Brescia,Parma,1462.97,1573.24,3.0,3.0,3.0,4.0,1.0,2.0,A,0.0,0.0,D,10.0,12.0,7.0,6.0,15.0,13.0,5.0,3.0,4.0,0.0,0.0,0.0,3.4,3.72,2.05
I1,2020-07-25,Genoa,Inter,1549.06,1790.86,6.0,9.0,5.0,9.0,0.0,3.0,A,0.0,1.0,A,7.0,8.0,2.0,4.0,12.0,15.0,4.0,6.0,2.0,3.0,0.0,0.0,5.07,4.16,1.63
I1,2020-07-25,Napoli,Sassuolo,1776.87,1644.91,4.0,8.0,2.0,8.0,2.0,0.0,H,1.0,0.0,H,16.0,4.0,9.0,1.0,4.0,10.0,7.0,4.0,1.0,3.0,0.0,0.0,1.57,4.43,5.33
I1,2020-07-26,Bologna,Lecce,1600.98,1503.34,1.0,2.0,3.0,7.0,3.0,2.0,H,2.0,1.0,H,18.0,19.0,12.0,10.0,16.0,8.0,9.0,6.0,1.0,1.0,0.0,0.0,2.39,3.62,2.79
I1,2020-07-26,Cagliari,Udinese,1592.11,1573.85,1.0,3.0,4.0,7.0,0.0,1.0,A,0.0,1.0,A,14.0,10.0,8.0,6.0,10.0,17.0,4.0,8.0,2.0,1.0,0.0,0.0,3.66,3.44,2.04
I1,2020-07-26,Roma,Fiorentina,1718.79,1604.27,7.0,13.0,7.0,9.0,2.0,1.0,H,1.0,0.0,H,12.0,4.0,7.0,2.0,13.0,14.0,8.0,3.0,1.0,4.0,0.0,0.0,1.62,4.26,4.98
I1,2020-07-26,Spal,Torino,1473.11,1594.9,0.0,0.0,4.0,7.0,1.0,1.0,D,0.0,0.0,D,3.0,14.0,2.0,7.0,11.0,17.0,0.0,10.0,2.0,3.0,0.0,0.0,5.68,4.24,1.56
I1,2020-07-26,Verona,Lazio,1559.51,1728.0,2.0,4.0,4.0,4.0,1.0,5.0,A,1.0,1.0,D,9.0,12.0,6.0,7.0,16.0,7.0,8.0,5.0,2.0,2.0,0.0,0.0,3.43,3.54,2.09
I1,2020-07-26,Juventus,Sampdoria,1896.97,1595.35,4.0,5.0,6.0,9.0,2.0,0.0,H,1.0,0.0,H,14.0,13.0,8.0,8.0,17.0,13.0,4.0,5.0,4.0,5.0,0.0,1.0,1.26,5.87,11.13
I1,2020-07-28,Parma,Atalanta,1573.24,1849.4,6.0,7.0,5.0,9.0,1.0,2.0,A,1.0,0.0,H,8.0,11.0,6.0,5.0,17.0,16.0,3.0,3.0,2.0,1.0,0.0,0.0,7.88,5.43,1.35
I1,2020-07-28,Inter,Napoli,1790.86,1776.87,5.0,11.0,6.0,8.0,2.0,0.0,H,1.0,0.0,H,6.0,8.0,5.0,2.0,16.0,8.0,3.0,9.0,4.0,1.0,0.0,0.0,2.04,3.67,3.47
I1,2020-07-29,Lazio,Brescia,1728.0,1462.97,6.0,7.0,3.0,3.0,2.0,0.0,H,1.0,0.0,H,25.0,8.0,15.0,3.0,11.0,10.0,5.0,6.0,1.0,2.0,0.0,0.0,1.18,7.47,14.04
I1,2020-07-29,Sampdoria,Milan,1595.35,1731.5,3.0,9.0,7.0,11.0,1.0,4.0,A,0.0,1.0,A,16.0,18.0,5.0,11.0,5.0,6.0,4.0,6.0,1.0,1.0,0.0,0.0,4.85,3.98,1.68
I1,2020-07-29,Sassuolo,Genoa,1644.91,1549.06,1.0,5.0,6.0,9.0,5.0,0.0,H,2.0,0.0,H,15.0,10.0,9.0,3.0,11.0,6.0,2.0,3.0,1.0,1.0,0.0,0.0,2.35,3.54,2.9
I1,2020-07-29,Udinese,Lecce,1573.85,1503.34,6.0,7.0,3.0,4.0,1.0,2.0,A,1.0,1.0,D,8.0,10.0,3.0,6.0,12.0,11.0,5.0,5.0,1.0,4.0,0.0,0.0,2.32,3.57,2.92
I1,2020-07-29,Verona,Spal,1559.51,1473.11,2.0,3.0,1.0,1.0,3.0,0.0,H,2.0,0.0,H,14.0,12.0,9.0,5.0,15.0,13.0,7.0,1.0,1.0,1.0,0.0,0.0,1.56,4.27,5.74
I1,2020-07-29,Cagliari,Juventus,1592.11,1896.97,1.0,2.0,6.0,8.0,2.0,0.0,H,2.0,0.0,H,9.0,20.0,5.0,10.0,13.0,12.0,1.0,9.0,2.0,1.0,0.0,0.0,6.08,4.25,1.53
I1,2020-07-29,Fiorentina,Bologna,1604.27,1600.98,4.0,8.0,3.0,5.0,4.0,0.0,H,0.0,0.0,D,15.0,8.0,9.0,3.0,14.0,11.0,3.0,5.0,2.0,1.0,0.0,0.0,2.02,3.55,3.65
I1,2020-07-29,Torino,Roma,1594.9,1718.79,2.0,5.0,7.0,13.0,2.0,3.0,A,1.0,2.0,A,5.0,12.0,5.0,7.0,8.0,18.0,4.0,8.0,2.0,3.0,0.0,0.0,4.6,3.98,1.71
I1,2020-08-01,Brescia,Sampdoria,1452.35,1592.28,0.0,3.0,0.0,6.0,1.0,1.0,D,0.0,1.0,A,11.0,11.0,6.0,5.0,9.0,17.0,5.0,4.0,1.0,4.0,0.0,1.0,6.4,4.75,1.46
I1,2020-08-01,Atalanta,Inter,1847.24,1804.7,7.0,11.0,7.0,11.0,0.0,2.0,A,0.0,2.0,A,8.0,7.0,3.0,4.0,10.0,12.0,7.0,1.0,2.0,3.0,0.0,0.0,2.33,3.72,2.83
I1,2020-08-01,Juventus,Roma,1862.93,1739.94,3.0,7.0,9.0,13.0,1.0,3.0,A,1.0,2.0,A,9.0,9.0,4.0,7.0,10.0,12.0,6.0,5.0,1.0,4.0,0.0,0.0,2.8,3.96,2.26
I1,2020-08-01,Milan,Cagliari,1761.18,1588.63,7.0,13.0,3.0,4.0,3.0,0.0,H,1.0,0.0,H,12.0,4.0,7.0,3.0,16.0,7.0,7.0,6.0,1.0,3.0,0.0,0.0,1.33,5.71,8.06
I1,2020-08-01,Napoli,Lazio,1761.08,1738.5,3.0,7.0,9.0,10.0,3.0,1.0,H,1.0,1.0,D,11.0,8.0,6.0,4.0,10.0,11.0,2.0,2.0,3.0,2.0,0.0,0.0,2.84,3.78,2.3
I1,2020-08-02,Spal,Fiorentina,1448.39,1636.44,1.0,1.0,4.0,10.0,1.0,3.0,A,1.0,1.0,D,7.0,20.0,5.0,11.0,6.0,14.0,3.0,10.0,1.0,1.0,0.0,0.0,6.27,4.85,1.46
I1,2020-08-02,Bologna,Torino,1587.02,1584.94,3.0,4.0,2.0,5.0,1.0,1.0,D,1.0,0.0,H,13.0,13.0,5.0,11.0,15.0,17.0,7.0,3.0,3.0,3.0,0.0,0.0,2.15,4.02,2.96
I1,2020-08-02,Genoa,Verona,1539.01,1562.04,3.0,6.0,4.0,5.0,3.0,0.0,H,3.0,0.0,H,4.0,13.0,4.0,3.0,8.0,13.0,4.0,9.0,4.0,0.0,2.0,1.0,1.54,4.46,5.66
I1,2020-08-02,Lecce,Parma,1504.45,1575.72,6.0,6.0,6.0,6.0,3.0,4.0,A,2.0,2.0,D,12.0,18.0,8.0,11.0,3.0,7.0,5.0,4.0,0.0,2.0,0.0,0.0,1.53,4.64,5.48
I1,2020-08-02,Sassuolo,Udinese,1647.58,1585.54,3.0,5.0,6.0,7.0,0.0,1.0,A,0.0,0.0,D,18.0,7.0,14.0,3.0,9.0,11.0,6.0,7.0,1.0,1.0,0.0,0.0,1.93,4.04,3.5
I1,2020-09-19,Fiorentina,Torino,1642.16,1585.47,6.0,10.0,2.0,3.0,1.0,0.0,H,0.0,0.0,D,17.0,6.0,8.0,3.0,17.0,20.0,4.0,1.0,3.0,1.0,0.0,0.0,1.87,3.69,4.13
I1,2020-09-19,Verona,Roma,1548.41,1747.38,3.0,5.0,9.0,13.0,0.0,0.0,D,0.0,0.0,D,9.0,15.0,7.0,7.0,19.0,20.0,0.0,6.0,2.0,0.0,0.0,0.0,3.82,3.65,1.96
I1,2020-09-20,Parma,Napoli,1582.03,1763.97,6.0,9.0,6.0,9.0,0.0,2.0,A,0.0,0.0,D,4.0,12.0,2.0,7.0,16.0,12.0,4.0,2.0,4.0,1.0,0.0,0.0,5.13,4.16,1.63
I1,2020-09-20,Genoa,Crotone,1550.65,1506.77,3.0,9.0,6.0,10.0,4.0,1.0,H,3.0,1.0,H,10.0,11.0,8.0,5.0,13.0,14.0,6.0,4.0,4.0,2.0,0.0,0.0,1.91,3.59,4.03
I1,2020-09-20,Sassuolo,Cagliari,1635.69,1582.29,3.0,4.0,3.0,4.0,1.0,1.0,D,0.0,0.0,D,21.0,8.0,10.0,4.0,9.0,18.0,7.0,3.0,1.0,3.0,0.0,0.0,1.95,3.8,3.67
I1,2020-09-20,Juventus,Sampdoria,1837.94,1588.82,3.0,6.0,1.0,4.0,3.0,0.0,H,1.0,0.0,H,14.0,10.0,9.0,2.0,15.0,9.0,6.0,4.0,1.0,1.0,0.0,0.0,1.28,5.86,10.22
I1,2020-09-21,Milan,Bologna,1765.54,1584.51,7.0,13.0,4.0,4.0,2.0,0.0,H,1.0,0.0,H,14.0,6.0,6.0,5.0,13.0,17.0,7.0,4.0,3.0,5.0,0.0,1.0,1.58,4.31,5.48
I1,2020-09-26,Torino,Atalanta,1585.47,1825.87,1.0,3.0,4.0,8.0,2.0,4.0,A,2.0,3.0,A,5.0,12.0,5.0,7.0,11.0,12.0,2.0,6.0,1.0,2.0,0.0,0.0,4.84,4.25,1.65
I1,2020-09-26,Cagliari,Lazio,1582.29,1729.01,4.0,4.0,6.0,9.0,0.0,2.0,A,0.0,1.0,A,9.0,9.0,3.0,7.0,8.0,13.0,3.0,6.0,1.0,1.0,0.0,0.0,4.87,4.01,1.68
I1,2020-09-26,Sampdoria,Benevento,1588.82,1548.81,1.0,1.0,6.0,9.0,2.0,3.0,A,2.0,1.0,H,5.0,11.0,4.0,6.0,17.0,12.0,6.0,4.0,3.0,1.0,0.0,0.0,2.02,3.52,3.69
I1,2020-09-26,Inter,Fiorentina,1841.54,1642.16,9.0,11.0,9.0,10.0,4.0,3.0,H,1.0,1.0,D,12.0,8.0,6.0,4.0,15.0,10.0,5.0,1.0,1.0,1.0,0.0,0.0,1.55,4.27,5.92
I1,2020-09-27,Spezia,Sassuolo,1456.12,1635.69,5.0,8.0,4.0,4.0,1.0,4.0,A,1.0,1.0,D,11.0,10.0,6.0,8.0,13.0,8.0,3.0,5.0,2.0,1.0,0.0,0.0,4.82,3.94,1.7
I1,2020-09-27,Napoli,Genoa,1763.97,1550.65,6.0,9.0,6.0,9.0,6.0,0.0,H,1.0,0.0,H,18.0,3.0,11.0,1.0,6.0,13.0,4.0,2.0,1.0,2.0,0.0,0.0,1.3,5.57,9.83
I1,2020-09-27,Verona,Udinese,1548.41,1595.44,4.0,5.0,6.0,9.0,1.0,0.0,H,0.0,0.0,D,8.0,14.0,2.0,6.0,13.0,13.0,1.0,9.0,1.0,0.0,0.0,0.0,2.74,3.08,2.76
I1,2020-09-27,Crotone,Milan,1506.77,1765.54,3.0,7.0,9.0,13.0,0.0,2.0,A,0.0,1.0,A,5.0,11.0,1.0,7.0,14.0,15.0,2.0,5.0,1.0,3.0,0.0,0.0,5.94,4.39,1.53
I1,2020-09-27,Roma,Juventus,1747.38,1837.94,7.0,13.0,3.0,6.0,2.0,2.0,D,2.0,1.0,H,7.0,6.0,6.0,3.0,19.0,9.0,5.0,7.0,2.0,3.0,0.0,1.0,3.61,3.57,2.03
I1,2020-09-28,Bologna,Parma,1584.51,1582.03,1.0,4.0,3.0,9.0,4.0,1.0,H,2.0,0.0,H,11.0,8.0,8.0,4.0,12.0,9.0,8.0,9.0,1.0,2.0,0.0,1.0,1.96,3.66,3.73
I1,2020-09-30,Benevento,Inter,1548.81,1841.54,6.0,12.0,9.0,13.0,2.0,5.0,A,1.0,4.0,A,11.0,18.0,7.0,12.0,10.0,15.0,5.0,1.0,1.0,0.0,0.0,0.0,8.28,5.19,1.36
I1,2020-09-30,Udinese,Spezia,1595.44,1456.12,3.0,9.0,4.0,5.0,0.0,2.0,A,0.0,1.0,A,10.0,4.0,5.0,3.0,13.0,17.0,2.0,2.0,0.0,5.0,0.0,1.0,1.63,3.84,5.68
I1,2020-09-30,Lazio,Atalanta,1729.01,1825.87,6.0,12.0,6.0,10.0,1.0,4.0,A,0.0,3.0,A,11.0,8.0,8.0,6.0,16.0,11.0,7.0,3.0,7.0,2.0,0.0,0.0,2.57,3.71,2.55
I1,2020-10-02,Fiorentina,Sampdoria,1645.74,1576.0,6.0,9.0,1.0,1.0,1.0,2.0,A,0.0,1.0,A,16.0,14.0,6.0,10.0,11.0,16.0,8.0,4.0,0.0,3.0,0.0,0.0,1.67,4.06,5.01
I1,2020-10-03,Sassuolo,Crotone,1641.97,1493.66,4.0,7.0,0.0,6.0,4.0,1.0,H,1.0,0.0,H,7.0,10.0,4.0,6.0,15.0,15.0,3.0,4.0,2.0,3.0,0.0,0.0,1.42,4.87,7.13
I1,2020-10-03,Udinese,Roma,1570.23,1745.71,3.0,6.0,5.0,11.0,0.0,1.0,A,0.0,0.0,D,9.0,8.0,5.0,3.0,15.0,10.0,4.0,1.0,1.0,0.0,0.0,0.0,5.1,3.98,1.66
I1,2020-10-04,Atalanta,Cagliari,1842.92,1578.28,6.0,10.0,1.0,4.0,5.0,2.0,H,4.0,1.0,H,19.0,7.0,14.0,3.0,11.0,9.0,3.0,9.0,0.0,0.0,0.0,0.0,1.26,6.24,10.06
I1,2020-10-04,Benevento,Bologna,1555.06,1592.79,6.0,9.0,4.0,7.0,1.0,0.0,H,0.0,0.0,D,6.0,13.0,3.0,7.0,13.0,15.0,4.0,10.0,2.0,1.0,0.0,0.0,3.12,3.63,2.2
I1,2020-10-04,Lazio,Inter,1726.42,1850.15,3.0,9.0,9.0,15.0,1.0,1.0,D,0.0,1.0,A,11.0,10.0,5.0,4.0,14.0,13.0,7.0,8.0,3.0,4.0,1.0,1.0,3.1,3.75,2.17
I1,2020-10-04,Parma,Verona,1564.74,1561.62,3.0,6.0,4.0,7.0,1.0,0.0,H,1.0,0.0,H,7.0,8.0,5.0,5.0,11.0,19.0,7.0,6.0,1.0,1.0,0.0,0.0,2.89,3.13,2.6
I1,2020-10-04,Milan,Spezia,1777.5,1466.86,9.0,13.0,6.0,8.0,3.0,0.0,H,0.0,0.0,D,10.0,3.0,5.0,2.0,14.0,19.0,4.0,6.0,1.0,2.0,0.0,0.0,1.28,5.75,10.96
I1,2020-10-17,Napoli,Atalanta,1766.67,1844.54,9.0,12.0,9.0,12.0,4.0,1.0,H,4.0,0.0,H,18.0,11.0,14.0,3.0,12.0,23.0,6.0,2.0,1.0,3.0,0.0,0.0,2.49,3.78,2.62
I1,2020-10-17,Inter,Milan,1846.04,1773.79,7.0,13.0,9.0,15.0,1.0,2.0,A,1.0,2.0,A,12.0,8.0,6.0,4.0,18.0,11.0,3.0,5.0,3.0,4.0,0.0,0.0,2.31,3.53,3.01
I1,2020-10-17,Sampdoria,Lazio,1585.14,1727.03,3.0,4.0,4.0,7.0,3.0,0.0,H,2.0,0.0,H,11.0,8.0,8.0,1.0,12.0,10.0,3.0,3.0,2.0,2.0,0.0,0.0,3.3,3.55,2.16
I1,2020-10-17,Crotone,Juventus,1485.71,1848.81,0.0,3.0,4.0,7.0,1.0,1.0,D,1.0,1.0,D,9.0,8.0,3.0,3.0,17.0,14.0,3.0,4.0,3.0,3.0,0.0,1.0,7.96,4.48,1.42
I1,2020-10-18,Bologna,Sassuolo,1583.07,1646.43,3.0,4.0,7.0,10.0,3.0,4.0,A,2.0,1.0,H,11.0,20.0,7.0,12.0,20.0,12.0,7.0,11.0,2.0,2.0,0.0,0.0,2.84,3.65,2.37
I1,2020-10-18,Spezia,Fiorentina,1462.3,1633.11,3.0,7.0,3.0,9.0,2.0,2.0,D,1.0,2.0,A,6.0,7.0,2.0,6.0,15.0,18.0,5.0,5.0,2.0,2.0,0.0,0.0,5.42,4.06,1.62
I1,2020-10-18,Torino,Cagliari,1574.44,1573.17,1.0,2.0,1.0,4.0,2.0,3.0,A,1.0,2.0,A,10.0,9.0,6.0,7.0,14.0,16.0,2.0,4.0,2.0,3.0,1.0,0.0,2.19,3.44,3.33
I1,2020-10-18,Udinese,Parma,1563.72,1569.89,0.0,3.0,3.0,6.0,3.0,2.0,H,1.0,1.0,D,9.0,7.0,4.0,3.0,12.0,11.0,11.0,2.0,3.0,2.0,0.0,0.0,1.84,3.49,4.42
I1,2020-10-18,Roma,Benevento,1748.73,1561.29,5.0,11.0,6.0,9.0,5.0,2.0,H,2.0,1.0,H,16.0,8.0,10.0,4.0,17.0,7.0,6.0,4.0,3.0,2.0,0.0,0.0,1.33,5.4,8.86
I1,2020-10-19,Verona,Genoa,1552.98,1553.32,4.0,7.0,6.0,6.0,0.0,0.0,D,0.0,0.0,D,18.0,5.0,12.0,2.0,14.0,15.0,14.0,2.0,1.0,4.0,0.0,0.0,2.05,3.4,3.75
I1,2020-10-23,Sassuolo,Torino,1646.43,1574.44,9.0,10.0,0.0,1.0,3.0,3.0,D,0.0,1.0,A,13.0,14.0,9.0,12.0,10.0,12.0,6.0,8.0,2.0,2.0,0.0,0.0,1.71,4.28,4.42
I1,2020-10-24,Atalanta,Sampdoria,1844.54,1585.14,6.0,9.0,6.0,7.0,1.0,3.0,A,0.0,1.0,A,10.0,5.0,5.0,4.0,11.0,18.0,3.0,1.0,3.0,4.0,0.0,0.0,1.41,5.26,6.76
I1,2020-10-24,Genoa,Inter,1553.32,1846.04,4.0,7.0,4.0,10.0,0.0,2.0,A,0.0,0.0,D,1.0,10.0,0.0,6.0,11.0,17.0,1.0,9.0,1.0,1.0,0.0,0.0,7.6,4.93,1.39
I1,2020-10-24,Lazio,Bologna,1727.03,1583.07,1.0,4.0,3.0,4.0,2.0,1.0,H,0.0,0.0,D,6.0,16.0,4.0,6.0,14.0,15.0,8.0,9.0,3.0,3.0,0.0,0.0,1.7,4.15,4.58
I1,2020-10-25,Cagliari,Crotone,1573.17,1485.71,3.0,4.0,1.0,1.0,4.0,2.0,H,3.0,2.0,H,15.0,11.0,8.0,6.0,13.0,13.0,5.0,1.0,2.0,4.0,0.0,1.0,2.05,3.55,3.59
I1,2020-10-25,Benevento,Napoli,1561.29,1766.67,3.0,9.0,9.0,12.0,1.0,2.0,A,1.0,0.0,H,6.0,14.0,3.0,8.0,18.0,13.0,3.0,15.0,3.0,1.0,0.0,0.0,8.11,5.51,1.34
I1,2020-10-25,Parma,Spezia,1569.89,1462.3,3.0,6.0,4.0,7.0,2.0,2.0,D,1.0,2.0,A,15.0,13.0,7.0,9.0,12.0,22.0,12.0,3.0,3.0,2.0,0.0,0.0,2.09,3.44,3.52
I1,2020-10-25,Fiorentina,Udinese,1633.11,1563.72,1.0,7.0,3.0,6.0,3.0,2.0,H,2.0,1.0,H,4.0,11.0,3.0,6.0,16.0,14.0,2.0,7.0,1.0,3.0,0.0,0.0,1.77,3.74,4.63
I1,2020-10-25,Juventus,Verona,1848.81,1552.98,5.0,5.0,4.0,5.0,1.0,1.0,D,0.0,0.0,D,16.0,5.0,8.0,2.0,14.0,19.0,6.0,3.0,1.0,4.0,0.0,0.0,1.36,4.97,8.86
I1,2020-10-26,Milan,Roma,1773.79,1748.73,9.0,15.0,7.0,11.0,3.0,3.0,D,1.0,1.0,D,13.0,11.0,11.0,9.0,15.0,15.0,7.0,7.0,3.0,2.0,0.0,0.0,2.12,3.63,3.29
I1,2020-10-31,Crotone,Atalanta,1485.71,1844.54,1.0,1.0,3.0,9.0,1.0,2.0,A,1.0,2.0,A,4.0,16.0,2.0,7.0,11.0,22.0,1.0,3.0,1.0,3.0,0.0,0.0,6.49,4.93,1.45
I1,2020-10-31,Inter,Parma,1846.04,1569.89,4.0,10.0,4.0,4.0,2.0,2.0,D,0.0,0.0,D,18.0,4.0,9.0,3.0,13.0,7.0,15.0,2.0,1.0,1.0,0.0,0.0,1.35,5.32,8.59
I1,2020-10-31,Bologna,Cagliari,1583.07,1573.17,0.0,3.0,6.0,7.0,3.0,2.0,H,1.0,1.0,D,16.0,6.0,11.0,4.0,12.0,19.0,7.0,3.0,3.0,3.0,0.0,0.0,1.89,4.05,3.66
I1,2020-11-01,Udinese,Milan,1570.83,1798.72,3.0,3.0,7.0,13.0,1.0,2.0,A,0.0,1.0,A,7.0,8.0,3.0,4.0,14.0,12.0,2.0,4.0,2.0,2.0,0.0,0.0,4.56,3.92,1.74
I1,2020-11-01,Spezia,Juventus,1475.25,1836.06,2.0,5.0,3.0,6.0,1.0,4.0,A,1.0,1.0,D,11.0,8.0,3.0,5.0,14.0,7.0,4.0,3.0,3.0,1.0,0.0,0.0,8.55,5.11,1.36
I1,2020-11-01,Torino,Lazio,1574.54,1731.95,1.0,2.0,4.0,7.0,3.0,4.0,A,2.0,1.0,H,8.0,9.0,6.0,5.0,11.0,12.0,7.0,1.0,2.0,4.0,0.0,0.0,2.52,3.6,2.66
I1,2020-11-01,Napoli,Sassuolo,1787.45,1655.62,9.0,15.0,7.0,11.0,0.0,2.0,A,0.0,0.0,D,18.0,8.0,7.0,5.0,7.0,9.0,12.0,3.0,2.0,2.0,0.0,0.0,1.54,4.66,5.47
I1,2020-11-01,Roma,Fiorentina,1760.01,1640.8,7.0,9.0,4.0,7.0,2.0,0.0,H,1.0,0.0,H,11.0,3.0,7.0,1.0,17.0,16.0,7.0,4.0,3.0,2.0,0.0,1.0,1.83,3.95,4.04
I1,2020-11-01,Sampdoria,Genoa,1628.68,1556.07,9.0,9.0,1.0,7.0,1.0,1.0,D,1.0,1.0,D,9.0,7.0,3.0,4.0,19.0,11.0,7.0,4.0,5.0,1.0,0.0,0.0,1.93,3.65,3.92
I1,2020-11-02,Verona,Benevento,1564.82,1557.83,2.0,6.0,3.0,6.0,3.0,1.0,H,1.0,0.0,H,10.0,10.0,7.0,5.0,18.0,14.0,4.0,5.0,5.0,4.0,0.0,1.0,2.04,3.48,3.69
I1,2020-11-04,Genoa,Torino,1556.07,1574.54,2.0,5.0,1.0,1.0,1.0,2.0,A,0.0,2.0,A,9.0,6.0,4.0,1.0,10.0,18.0,5.0,2.0,2.0,4.0,0.0,0.0,2.4,3.51,2.89
I1,2020-11-06,Sassuolo,Udinese,1655.62,1570.83,7.0,13.0,3.0,3.0,0.0,0.0,D,0.0,0.0,D,3.0,0.0,1.0,0.0,17.0,13.0,3.0,6.0,2.0,2.0,0.0,0.0,2.18,3.71,3.17
I1,2020-11-07,Cagliari,Sampdoria,1587.53,1628.68,6.0,6.0,7.0,10.0,2.0,0.0,H,0.0,0.0,D,13.0,5.0,7.0,1.0,12.0,16.0,2.0,6.0,0.0,2.0,0.0,1.0,2.78,3.56,2.46
I1,2020-11-07,Benevento,Spezia,1557.83,1475.25,0.0,3.0,2.0,5.0,0.0,3.0,A,0.0,1.0,A,4.0,13.0,3.0,7.0,13.0,18.0,2.0,4.0,3.0,3.0,0.0,0.0,1.98,3.72,3.64
I1,2020-11-07,Parma,Fiorentina,1571.83,1640.8,2.0,5.0,4.0,4.0,0.0,0.0,D,0.0,0.0,D,5.0,6.0,0.0,4.0,17.0,17.0,2.0,3.0,1.0,2.0,0.0,0.0,3.37,3.61,2.11
I1,2020-11-08,Lazio,Juventus,1731.95,1836.06,6.0,7.0,5.0,9.0,1.0,1.0,D,0.0,1.0,A,7.0,9.0,3.0,6.0,12.0,12.0,4.0,2.0,2.0,2.0,0.0,0.0,3.55,3.76,2.0
I1,2020-11-08,Atalanta,Inter,1821.33,1833.21,3.0,9.0,4.0,8.0,1.0,1.0,D,0.0,0.0,D,9.0,10.0,4.0,3.0,15.0,13.0,2.0,5.0,1.0,3.0,0.0,0.0,2.71,3.79,2.41
I1,2020-11-08,Genoa,Roma,1556.07,1760.01,1.0,2.0,7.0,11.0,1.0,3.0,A,0.0,1.0,A,7.0,18.0,5.0,11.0,10.0,11.0,1.0,8.0,1.0,0.0,0.0,0.0,5.6,4.4,1.56
I1,2020-11-08,Torino,Crotone,1574.54,1489.71,4.0,4.0,1.0,1.0,0.0,0.0,D,0.0,0.0,D,5.0,7.0,1.0,2.0,15.0,16.0,6.0,3.0,3.0,4.0,0.0,1.0,2.01,3.64,3.61
I1,2020-11-08,Bologna,Napoli,1585.03,1787.45,3.0,6.0,6.0,12.0,0.0,1.0,A,0.0,1.0,A,6.0,8.0,4.0,4.0,12.0,11.0,4.0,7.0,3.0,0.0,0.0,0.0,4.69,4.18,1.67
I1,2020-11-08,Milan,Verona,1798.72,1564.82,7.0,13.0,5.0,8.0,2.0,2.0,D,1.0,2.0,A,21.0,5.0,9.0,3.0,16.0,20.0,14.0,1.0,1.0,3.0,0.0,0.0,1.46,4.68,6.55
I1,2020-11-21,Crotone,Lazio,1486.09,1732.03,1.0,2.0,7.0,8.0,0.0,2.0,A,0.0,1.0,A,12.0,13.0,6.0,9.0,11.0,11.0,2.0,6.0,3.0,4.0,0.0,0.0,4.68,4.05,1.7
I1,2020-11-21,Spezia,Atalanta,1483.66,1802.25,4.0,5.0,4.0,7.0,0.0,0.0,D,0.0,0.0,D,6.0,9.0,3.0,5.0,19.0,18.0,1.0,2.0,3.0,3.0,0.0,0.0,6.38,5.06,1.44
I1,2020-11-21,Juventus,Cagliari,1835.74,1591.39,5.0,7.0,6.0,9.0,2.0,0.0,H,2.0,0.0,H,13.0,2.0,8.0,0.0,11.0,7.0,9.0,1.0,3.0,2.0,0.0,0.0,1.28,5.94,10.05
I1,2020-11-22,Fiorentina,Benevento,1627.23,1522.12,4.0,5.0,0.0,3.0,0.0,1.0,A,0.0,0.0,D,5.0,10.0,3.0,4.0,14.0,16.0,4.0,4.0,2.0,3.0,0.0,0.0,1.54,4.59,5.49
I1,2020-11-22,Inter,Torino,1822.14,1567.32,5.0,6.0,4.0,5.0,4.0,2.0,H,0.0,1.0,A,9.0,11.0,7.0,6.0,20.0,14.0,1.0,1.0,3.0,2.0,0.0,0.0,1.34,5.53,8.04
I1,2020-11-22,Roma,Parma,1770.8,1565.12,7.0,13.0,3.0,6.0,3.0,0.0,H,3.0,0.0,H,12.0,1.0,7.0,1.0,5.0,4.0,4.0,1.0,0.0,0.0,0.0,0.0,1.49,4.81,5.89
I1,2020-11-22,Sampdoria,Bologna,1607.02,1573.28,4.0,10.0,3.0,3.0,1.0,2.0,A,1.0,1.0,D,8.0,7.0,4.0,5.0,10.0,9.0,9.0,10.0,2.0,2.0,0.0,0.0,2.49,3.53,2.74
I1,2020-11-22,Verona,Sassuolo,1573.24,1661.55,5.0,6.0,5.0,11.0,0.0,2.0,A,0.0,1.0,A,13.0,10.0,7.0,5.0,13.0,20.0,6.0,1.0,1.0,3.0,0.0,0.0,3.19,3.77,2.13
I1,2020-11-22,Udinese,Genoa,1563.82,1538.04,1.0,4.0,1.0,2.0,1.0,0.0,H,1.0,0.0,H,7.0,5.0,4.0,1.0,17.0,15.0,4.0,8.0,2.0,3.0,0.0,1.0,1.83,3.71,4.28
I1,2020-11-22,Napoli,Milan,1770.52,1768.2,6.0,12.0,5.0,11.0,1.0,3.0,A,0.0,1.0,A,16.0,11.0,9.0,7.0,8.0,16.0,8.0,5.0,3.0,4.0,1.0,0.0,2.31,3.54,3.02
I1,2020-11-28,Sassuolo,Inter,1661.55,1822.14,7.0,11.0,5.0,8.0,0.0,3.0,A,0.0,2.0,A,7.0,9.0,3.0,4.0,13.0,16.0,6.0,2.0,3.0,1.0,0.0,0.0,4.43,4.15,1.72
I1,2020-11-28,Benevento,Juventus,1522.12,1835.74,3.0,3.0,7.0,9.0,1.0,1.0,D,1.0,1.0,D,8.0,11.0,5.0,5.0,13.0,13.0,5.0,8.0,6.0,1.0,0.0,1.0,7.48,4.88,1.41
I1,2020-11-28,Atalanta,Verona,1802.25,1573.24,5.0,5.0,4.0,6.0,0.0,2.0,A,0.0,0.0,D,15.0,7.0,6.0,3.0,12.0,15.0,4.0,1.0,2.0,3.0,0.0,0.0,1.36,5.36,7.75
I1,2020-11-29,Lazio,Udinese,1732.03,1563.82,7.0,10.0,4.0,7.0,1.0,3.0,A,0.0,2.0,A,8.0,6.0,6.0,4.0,16.0,10.0,4.0,4.0,3.0,4.0,0.0,0.0,1.73,3.93,4.65
I1,2020-11-29,Bologna,Crotone,1573.28,1486.09,6.0,6.0,1.0,2.0,1.0,0.0,H,1.0,0.0,H,11.0,5.0,7.0,1.0,15.0,18.0,10.0,3.0,2.0,4.0,0.0,0.0,1.66,4.18,4.91
I1,2020-11-29,Milan,Fiorentina,1768.2,1627.23,7.0,11.0,1.0,5.0,2.0,0.0,H,2.0,0.0,H,11.0,5.0,5.0,3.0,15.0,15.0,3.0,6.0,2.0,4.0,0.0,0.0,1.72,3.92,4.74
I1,2020-11-29,Cagliari,Spezia,1591.39,1483.66,3.0,9.0,4.0,6.0,2.0,2.0,D,0.0,1.0,A,9.0,12.0,4.0,5.0,16.0,18.0,4.0,5.0,0.0,4.0,0.0,0.0,2.14,3.4,3.45
I1,2020-11-29,Napoli,Roma,1770.52,1770.8,3.0,9.0,9.0,13.0,4.0,0.0,H,1.0,0.0,H,13.0,4.0,9.0,1.0,3.0,10.0,11.0,4.0,1.0,2.0,0.0,0.0,2.17,3.69,3.16
I1,2020-11-30,Torino,Sampdoria,1567.32,1607.02,4.0,5.0,1.0,7.0,2.0,2.0,D,1.0,0.0,H,11.0,7.0,8.0,2.0,17.0,17.0,6.0,2.0,1.0,2.0,0.0,0.0,2.53,3.46,2.73
I1,2020-11-30,Genoa,Parma,1538.04,1565.12,0.0,1.0,2.0,3.0,1.0,2.0,A,0.0,1.0,A,12.0,7.0,5.0,3.0,12.0,16.0,2.0,2.0,2.0,2.0,0.0,0.0,2.67,3.28,2.7
I1,2020-12-05,Spezia,Lazio,1503.27,1734.9,5.0,6.0,4.0,10.0,1.0,2.0,A,0.0,2.0,A,11.0,3.0,6.0,2.0,15.0,12.0,7.0,0.0,3.0,1.0,0.0,0.0,5.08,3.87,1.69
I1,2020-12-05,Juventus,Torino,1843.39,1573.67,5.0,9.0,2.0,5.0,2.0,1.0,H,0.0,1.0,A,9.0,5.0,5.0,2.0,17.0,10.0,13.0,1.0,3.0,3.0,1.0,0.0,1.4,4.95,7.38
I1,2020-12-05,Inter,Bologna,1832.84,1597.18,7.0,11.0,6.0,9.0,3.0,1.0,H,2.0,0.0,H,11.0,9.0,9.0,7.0,12.0,13.0,7.0,3.0,1.0,2.0,0.0,0.0,1.47,4.78,6.25
I1,2020-12-06,Verona,Cagliari,1593.52,1593.87,4.0,8.0,4.0,7.0,1.0,1.0,D,1.0,0.0,H,12.0,9.0,6.0,5.0,11.0,14.0,7.0,5.0,2.0,0.0,0.0,0.0,1.98,3.7,3.64
I1,2020-12-06,Parma,Benevento,1578.04,1549.67,4.0,6.0,4.0,4.0,0.0,0.0,D,0.0,0.0,D,6.0,6.0,0.0,4.0,13.0,12.0,6.0,3.0,4.0,4.0,0.0,0.0,2.11,3.59,3.36
I1,2020-12-06,Roma,Sassuolo,1775.58,1671.45,6.0,10.0,4.0,8.0,0.0,0.0,D,0.0,0.0,D,14.0,7.0,5.0,2.0,10.0,12.0,12.0,5.0,5.0,3.0,1.0,0.0,1.71,4.21,4.43
I1,2020-12-06,Crotone,Napoli,1486.04,1784.55,1.0,1.0,6.0,9.0,0.0,4.0,A,0.0,1.0,A,4.0,11.0,1.0,6.0,14.0,9.0,4.0,1.0,3.0,3.0,1.0,0.0,8.15,5.19,1.36
I1,2020-12-06,Sampdoria,Milan,1606.51,1795.02,1.0,5.0,7.0,11.0,1.0,2.0,A,0.0,1.0,A,6.0,9.0,3.0,6.0,11.0,16.0,9.0,6.0,2.0,1.0,0.0,0.0,4.46,3.9,1.76
I1,2020-12-07,Fiorentina,Genoa,1619.85,1532.85,1.0,4.0,0.0,1.0,1.0,1.0,D,0.0,0.0,D,16.0,3.0,8.0,3.0,7.0,20.0,5.0,1.0,2.0,2.0,0.0,0.0,1.8,3.72,4.47
I1,2020-12-11,Sassuolo,Benevento,1671.45,1549.67,4.0,8.0,5.0,5.0,1.0,0.0,H,1.0,0.0,H,4.0,17.0,2.0,7.0,12.0,14.0,1.0,10.0,2.0,4.0,1.0,0.0,1.69,4.19,4.62
I1,2020-12-12,Crotone,Spezia,1486.04,1503.27,0.0,1.0,2.0,5.0,4.0,1.0,H,1.0,1.0,D,7.0,9.0,7.0,5.0,16.0,14.0,1.0,4.0,3.0,3.0,0.0,0.0,2.59,3.4,2.72
I1,2020-12-12,Torino,Udinese,1573.67,1597.95,1.0,5.0,7.0,7.0,2.0,3.0,A,0.0,1.0,A,6.0,5.0,5.0,3.0,9.0,17.0,2.0,2.0,3.0,3.0,0.0,0.0,2.86,3.27,2.54
I1,2020-12-12,Lazio,Verona,1734.9,1593.52,6.0,10.0,4.0,8.0,1.0,2.0,A,0.0,1.0,A,8.0,3.0,5.0,3.0,13.0,15.0,5.0,3.0,5.0,3.0,0.0,0.0,1.67,3.97,5.06
I1,2020-12-13,Cagliari,Inter,1593.87,1832.84,2.0,5.0,9.0,11.0,1.0,3.0,A,1.0,0.0,H,7.0,20.0,2.0,11.0,10.0,17.0,3.0,9.0,2.0,1.0,0.0,0.0,7.53,5.22,1.38
I1,2020-12-13,Atalanta,Fiorentina,1804.53,1619.85,2.0,5.0,1.0,2.0,3.0,0.0,H,1.0,0.0,H,14.0,3.0,10.0,2.0,17.0,13.0,11.0,2.0,1.0,2.0,0.0,0.0,1.68,4.18,4.65
I1,2020-12-13,Bologna,Roma,1597.18,1775.58,6.0,9.0,4.0,10.0,1.0,5.0,A,1.0,5.0,A,4.0,13.0,1.0,8.0,16.0,9.0,1.0,5.0,4.0,2.0,0.0,0.0,3.52,3.8,2.0
I1,2020-12-13,Napoli,Sampdoria,1784.55,1606.51,6.0,9.0,1.0,2.0,2.0,1.0,H,0.0,1.0,A,13.0,4.0,8.0,3.0,7.0,13.0,7.0,5.0,3.0,4.0,0.0,0.0,1.42,4.88,7.09
I1,2020-12-13,Genoa,Juventus,1532.85,1843.39,1.0,1.0,7.0,11.0,1.0,3.0,A,0.0,0.0,D,2.0,15.0,2.0,9.0,13.0,14.0,0.0,10.0,3.0,3.0,0.0,0.0,9.43,5.07,1.34
I1,2020-12-13,Milan,Parma,1795.02,1578.04,9.0,13.0,4.0,6.0,2.0,2.0,D,0.0,1.0,A,16.0,5.0,10.0,3.0,12.0,14.0,13.0,1.0,3.0,3.0,0.0,0.0,1.31,5.62,9.38
I1,2020-12-15,Udinese,Crotone,1612.39,1500.23,9.0,10.0,3.0,4.0,0.0,0.0,D,0.0,0.0,D,8.0,4.0,6.0,2.0,13.0,17.0,9.0,1.0,1.0,4.0,0.0,0.0,1.62,3.88,5.82
I1,2020-12-15,Benevento,Lazio,1553.45,1733.09,2.0,5.0,3.0,7.0,1.0,1.0,D,1.0,1.0,D,7.0,8.0,6.0,3.0,15.0,15.0,4.0,8.0,2.0,2.0,1.0,0.0,4.58,3.71,1.79
I1,2020-12-16,Juventus,Atalanta,1877.8,1817.39,7.0,11.0,4.0,8.0,1.0,1.0,D,1.0,0.0,H,11.0,11.0,7.0,6.0,13.0,18.0,2.0,6.0,3.0,2.0,0.0,0.0,1.9,3.76,3.88
I1,2020-12-16,Fiorentina,Sassuolo,1617.33,1685.7,1.0,2.0,4.0,8.0,1.0,1.0,D,1.0,1.0,D,12.0,12.0,7.0,7.0,19.0,11.0,4.0,1.0,4.0,4.0,0.0,0.0,2.41,3.45,2.91
I1,2020-12-16,Genoa,Milan,1539.41,1805.14,1.0,1.0,7.0,11.0,2.0,2.0,D,0.0,0.0,D,6.0,8.0,4.0,4.0,17.0,13.0,4.0,10.0,2.0,3.0,0.0,0.0,7.42,4.76,1.42
I1,2020-12-16,Inter,Napoli,1851.85,1794.19,9.0,13.0,9.0,12.0,1.0,0.0,H,0.0,0.0,D,3.0,9.0,2.0,5.0,16.0,9.0,4.0,3.0,5.0,3.0,0.0,1.0,2.17,3.56,3.26
I1,2020-12-16,Parma,Cagliari,1588.75,1596.47,5.0,6.0,2.0,5.0,0.0,0.0,D,0.0,0.0,D,10.0,5.0,3.0,4.0,13.0,11.0,8.0,5.0,1.0,1.0,0.0,0.0,2.34,3.4,3.05
I1,2020-12-16,Spezia,Bologna,1492.81,1590.65,1.0,5.0,3.0,6.0,2.0,2.0,D,1.0,0.0,H,7.0,9.0,5.0,6.0,19.0,11.0,3.0,4.0,6.0,1.0,0.0,0.0,3.19,3.55,2.2
I1,2020-12-16,Verona,Sampdoria,1611.01,1605.29,7.0,8.0,1.0,1.0,1.0,2.0,A,0.0,1.0,A,6.0,6.0,6.0,3.0,20.0,17.0,6.0,3.0,2.0,4.0,1.0,0.0,2.21,3.5,3.2
I1,2020-12-17,Roma,Torino,1772.38,1569.49,4.0,10.0,1.0,2.0,3.0,1.0,H,2.0,0.0,H,10.0,12.0,8.0,8.0,21.0,16.0,4.0,2.0,4.0,3.0,0.0,1.0,1.42,5.01,6.75
I1,2020-12-19,Fiorentina,Verona,1617.33,1611.01,2.0,2.0,4.0,7.0,1.0,1.0,D,1.0,1.0,D,5.0,5.0,1.0,3.0,10.0,16.0,4.0,1.0,2.0,2.0,0.0,0.0,2.16,3.4,3.46
I1,2020-12-19,Sampdoria,Crotone,1605.29,1500.23,3.0,4.0,4.0,4.0,3.0,1.0,H,2.0,1.0,H,6.0,5.0,4.0,3.0,14.0,15.0,3.0,1.0,2.0,2.0,0.0,0.0,1.84,3.65,4.33
I1,2020-12-19,Parma,Juventus,1588.75,1877.8,3.0,6.0,7.0,11.0,0.0,4.0,A,0.0,2.0,A,9.0,12.0,5.0,7.0,8.0,10.0,4.0,9.0,0.0,1.0,0.0,0.0,8.31,5.06,1.37
I1,2020-12-20,Torino,Bologna,1569.49,1590.65,0.0,1.0,1.0,7.0,1.0,1.0,D,0.0,0.0,D,13.0,14.0,5.0,9.0,16.0,17.0,4.0,8.0,1.0,3.0,0.0,0.0,2.62,3.5,2.62
I1,2020-12-20,Benevento,Genoa,1553.45,1539.41,2.0,6.0,2.0,2.0,2.0,0.0,H,0.0,0.0,D,10.0,6.0,3.0,2.0,9.0,22.0,6.0,5.0,1.0,3.0,0.0,0.0,2.3,3.37,3.15
I1,2020-12-20,Cagliari,Udinese,1596.47,1612.39,2.0,3.0,7.0,11.0,1.0,1.0,D,1.0,0.0,H,7.0,11.0,3.0,5.0,13.0,13.0,5.0,7.0,2.0,1.0,0.0,0.0,3.06,3.38,2.34
I1,2020-12-20,Inter,Spezia,1851.85,1492.81,9.0,15.0,1.0,3.0,2.0,1.0,H,0.0,0.0,D,10.0,7.0,4.0,1.0,10.0,9.0,3.0,2.0,1.0,2.0,0.0,0.0,1.24,6.53,11.62
I1,2020-12-20,Sassuolo,Milan,1685.7,1805.14,5.0,8.0,5.0,11.0,1.0,2.0,A,0.0,2.0,A,16.0,11.0,5.0,5.0,11.0,12.0,6.0,4.0,1.0,3.0,0.0,0.0,3.62,3.9,1.94
I1,2020-12-20,Atalanta,Roma,1817.39,1772.38,4.0,6.0,7.0,10.0,4.0,1.0,H,0.0,1.0,A,9.0,5.0,8.0,4.0,15.0,14.0,2.0,2.0,2.0,3.0,0.0,0.0,2.23,3.74,3.0
I1,2020-12-20,Lazio,Napoli,1733.09,1794.19,4.0,7.0,6.0,9.0,2.0,0.0,H,1.0,0.0,H,9.0,7.0,2.0,6.0,12.0,8.0,4.0,9.0,4.0,3.0,0.0,0.0,2.86,3.39,2.48
I1,2020-12-22,Crotone,Parma,1500.23,1588.75,4.0,4.0,2.0,6.0,2.0,1.0,H,2.0,0.0,H,10.0,14.0,6.0,7.0,16.0,22.0,3.0,6.0,4.0,6.0,0.0,0.0,2.73,3.3,2.65
I1,2020-12-22,Juventus,Fiorentina,1877.8,1617.33,7.0,11.0,2.0,3.0,0.0,3.0,A,0.0,1.0,A,10.0,9.0,3.0,6.0,9.0,18.0,5.0,5.0,1.0,4.0,1.0,0.0,1.34,5.32,9.11
I1,2020-12-23,Verona,Inter,1611.01,1851.85,4.0,8.0,9.0,15.0,1.0,2.0,A,0.0,0.0,D,5.0,9.0,2.0,5.0,15.0,19.0,2.0,8.0,4.0,2.0,0.0,0.0,5.77,4.04,1.6
I1,2020-12-23,Bologna,Atalanta,1590.65,1817.39,2.0,5.0,7.0,8.0,2.0,2.0,D,0.0,2.0,A,8.0,9.0,5.0,6.0,11.0,14.0,1.0,5.0,2.0,2.0,0.0,0.0,5.04,4.44,1.6
I1,2020-12-23,Milan,Lazio,1805.14,1733.09,5.0,11.0,4.0,7.0,3.0,2.0,H,2.0,1.0,H,9.0,13.0,5.0,9.0,9.0,14.0,4.0,6.0,2.0,4.0,0.0,0.0,2.25,3.59,3.09
I1,2020-12-23,Napoli,Torino,1794.19,1569.49,3.0,9.0,1.0,2.0,1.0,1.0,D,0.0,0.0,D,12.0,4.0,6.0,3.0,19.0,16.0,4.0,3.0,3.0,3.0,0.0,0.0,1.35,5.31,8.25
I1,2020-12-23,Roma,Cagliari,1772.38,1596.47,6.0,7.0,2.0,4.0,3.0,2.0,H,1.0,0.0,H,13.0,6.0,9.0,3.0,18.0,17.0,6.0,0.0,3.0,2.0,0.0,0.0,1.31,5.58,9.36
I1,2020-12-23,Sampdoria,Sassuolo,1605.29,1685.7,6.0,7.0,4.0,5.0,2.0,3.0,A,0.0,1.0,A,14.0,10.0,6.0,8.0,10.0,12.0,14.0,6.0,2.0,4.0,1.0,0.0,2.65,3.52,2.58
I1,2020-12-23,Spezia,Genoa,1492.81,1539.41,1.0,2.0,1.0,2.0,1.0,2.0,A,1.0,1.0,D,7.0,7.0,5.0,6.0,18.0,19.0,4.0,2.0,3.0,4.0,0.0,0.0,2.22,3.4,3.28
I1,2020-12-23,Udinese,Benevento,1612.39,1553.45,5.0,11.0,4.0,6.0,0.0,2.0,A,0.0,1.0,A,7.0,3.0,2.0,2.0,17.0,9.0,7.0,1.0,1.0,2.0,0.0,0.0,1.89,3.35,4.54
I1,2021-01-03,Inter,Crotone,1861.85,1507.1,9.0,15.0,4.0,7.0,6.0,2.0,H,2.0,2.0,D,13.0,7.0,8.0,4.0,9.0,7.0,3.0,3.0,0.0,3.0,0.0,0.0,1.22,6.85,12.5
I1,2021-01-03,Atalanta,Sassuolo,1824.78,1686.15,5.0,8.0,4.0,8.0,5.0,1.0,H,2.0,0.0,H,20.0,7.0,8.0,4.0,13.0,9.0,8.0,3.0,3.0,1.0,0.0,0.0,1.55,4.57,5.39
I1,2021-01-03,Cagliari,Napoli,1593.25,1770.24,2.0,3.0,1.0,7.0,1.0,4.0,A,0.0,1.0,A,6.0,22.0,1.0,12.0,11.0,6.0,3.0,8.0,4.0,1.0,1.0,0.0,6.72,4.4,1.49
I1,2021-01-03,Fiorentina,Bologna,1642.55,1594.44,5.0,6.0,3.0,3.0,0.0,0.0,D,0.0,0.0,D,10.0,5.0,1.0,4.0,8.0,11.0,8.0,5.0,4.0,3.0,0.0,0.0,2.13,3.55,3.36
I1,2021-01-03,Genoa,Lazio,1543.42,1735.86,4.0,5.0,4.0,7.0,1.0,1.0,D,0.0,1.0,A,5.0,10.0,3.0,4.0,10.0,19.0,4.0,9.0,2.0,4.0,0.0,0.0,5.11,3.93,1.67
I1,2021-01-03,Parma,Torino,1573.31,1571.36,1.0,3.0,2.0,2.0,0.0,3.0,A,0.0,1.0,A,15.0,14.0,6.0,8.0,20.0,16.0,9.0,3.0,2.0,2.0,0.0,0.0,2.85,3.19,2.6
I1,2021-01-03,Roma,Sampdoria,1769.57,1613.52,6.0,10.0,6.0,6.0,1.0,0.0,H,0.0,0.0,D,12.0,2.0,8.0,2.0,17.0,14.0,8.0,2.0,3.0,5.0,0.0,0.0,1.48,4.75,6.19
I1,2021-01-03,Spezia,Verona,1485.68,1600.27,1.0,1.0,1.0,5.0,0.0,1.0,A,0.0,0.0,D,6.0,9.0,1.0,4.0,22.0,10.0,3.0,5.0,6.0,0.0,1.0,0.0,3.0,3.38,2.39
I1,2021-01-03,Benevento,Milan,1581.35,1810.53,7.0,8.0,7.0,11.0,0.0,2.0,A,0.0,1.0,A,14.0,8.0,7.0,5.0,9.0,14.0,12.0,4.0,1.0,3.0,0.0,1.0,5.31,4.15,1.61
I1,2021-01-03,Juventus,Udinese,1854.83,1594.74,4.0,10.0,2.0,8.0,4.0,1.0,H,1.0,0.0,H,13.0,8.0,10.0,7.0,14.0,8.0,7.0,1.0,3.0,0.0,0.0,0.0,1.44,4.54,7.41
I1,2021-01-06,Cagliari,Benevento,1593.25,1581.35,1.0,2.0,6.0,7.0,1.0,2.0,A,1.0,2.0,A,10.0,9.0,5.0,3.0,18.0,12.0,7.0,6.0,4.0,3.0,1.0,0.0,2.45,3.35,2.94
I1,2021-01-06,Atalanta,Parma,1824.78,1573.31,7.0,11.0,0.0,2.0,3.0,0.0,H,1.0,0.0,H,17.0,3.0,6.0,1.0,10.0,6.0,12.0,3.0,1.0,1.0,0.0,0.0,1.25,6.34,11.08
I1,2021-01-06,Bologna,Udinese,1594.44,1594.74,3.0,4.0,1.0,5.0,2.0,2.0,D,2.0,1.0,H,10.0,12.0,7.0,9.0,16.0,13.0,4.0,6.0,4.0,3.0,1.0,0.0,2.72,3.24,2.69
I1,2021-01-06,Crotone,Roma,1507.1,1769.57,3.0,7.0,6.0,12.0,1.0,3.0,A,0.0,3.0,A,12.0,10.0,5.0,5.0,15.0,16.0,3.0,4.0,2.0,3.0,0.0,0.0,7.1,4.99,1.41
I1,2021-01-06,Lazio,Fiorentina,1735.86,1642.55,4.0,5.0,5.0,6.0,2.0,1.0,H,1.0,0.0,H,11.0,9.0,6.0,8.0,11.0,11.0,2.0,9.0,3.0,1.0,0.0,0.0,1.83,3.74,4.26
I1,2021-01-06,Sampdoria,Inter,1613.52,1861.85,3.0,6.0,9.0,15.0,2.0,1.0,H,2.0,0.0,H,8.0,23.0,6.0,11.0,13.0,18.0,4.0,10.0,3.0,4.0,0.0,0.0,5.88,4.22,1.56
I1,2021-01-06,Sassuolo,Genoa,1686.15,1543.42,3.0,7.0,4.0,5.0,2.0,1.0,H,0.0,0.0,D,13.0,7.0,6.0,3.0,14.0,10.0,8.0,2.0,3.0,3.0,0.0,0.0,1.8,3.71,4.53
I1,2021-01-06,Torino,Verona,1571.36,1600.27,5.0,5.0,4.0,7.0,1.0,1.0,D,0.0,0.0,D,15.0,8.0,5.0,2.0,12.0,18.0,9.0,3.0,1.0,3.0,0.0,0.0,2.6,3.31,2.78
I1,2021-01-06,Napoli,Spezia,1770.24,1485.68,4.0,7.0,0.0,1.0,1.0,2.0,A,0.0,0.0,D,27.0,8.0,11.0,4.0,9.0,16.0,10.0,2.0,2.0,5.0,0.0,1.0,1.2,7.02,14.13
I1,2021-01-06,Milan,Juventus,1810.53,1854.83,9.0,11.0,6.0,10.0,1.0,3.0,A,1.0,1.0,D,18.0,13.0,7.0,10.0,17.0,12.0,7.0,4.0,1.0,2.0,0.0,0.0,3.14,3.35,2.32
I1,2021-01-09,Benevento,Atalanta,1581.35,1824.78,6.0,10.0,7.0,11.0,1.0,4.0,A,0.0,1.0,A,4.0,26.0,2.0,15.0,13.0,21.0,1.0,11.0,3.0,2.0,0.0,0.0,6.68,4.68,1.46
I1,2021-01-09,Genoa,Bologna,1543.42,1594.44,4.0,5.0,3.0,5.0,2.0,0.0,H,1.0,0.0,H,9.0,12.0,7.0,4.0,11.0,9.0,1.0,4.0,2.0,0.0,0.0,0.0,3.06,3.3,2.4
I1,2021-01-09,Milan,Torino,1810.53,1571.36,6.0,10.0,5.0,6.0,2.0,0.0,H,2.0,0.0,H,8.0,8.0,4.0,4.0,22.0,15.0,7.0,5.0,6.0,2.0,0.0,0.0,1.65,3.89,5.42
I1,2021-01-10,Roma,Inter,1769.57,1861.85,9.0,12.0,6.0,12.0,2.0,2.0,D,1.0,0.0,H,14.0,16.0,8.0,6.0,18.0,11.0,3.0,7.0,3.0,3.0,0.0,0.0,2.94,3.53,2.37
I1,2021-01-10,Parma,Lazio,1573.31,1735.86,0.0,1.0,4.0,8.0,0.0,2.0,A,0.0,0.0,D,9.0,21.0,3.0,5.0,11.0,6.0,5.0,6.0,4.0,1.0,0.0,0.0,5.63,4.21,1.58
I1,2021-01-10,Udinese,Napoli,1594.74,1770.24,1.0,3.0,4.0,4.0,1.0,2.0,A,1.0,1.0,D,17.0,15.0,8.0,6.0,19.0,6.0,2.0,7.0,3.0,1.0,0.0,0.0,4.34,3.59,1.86
I1,2021-01-10,Verona,Crotone,1600.27,1507.1,4.0,5.0,3.0,4.0,2.0,1.0,H,2.0,0.0,H,11.0,7.0,7.0,3.0,16.0,16.0,6.0,4.0,3.0,3.0,0.0,0.0,1.8,3.69,4.56
I1,2021-01-10,Fiorentina,Cagliari,1642.55,1593.25,4.0,6.0,0.0,2.0,1.0,0.0,H,0.0,0.0,D,12.0,9.0,5.0,3.0,15.0,14.0,9.0,5.0,1.0,3.0,0.0,0.0,1.77,3.84,4.48
I1,2021-01-10,Juventus,Sassuolo,1854.83,1686.15,6.0,10.0,6.0,7.0,3.0,1.0,H,0.0,0.0,D,20.0,10.0,10.0,2.0,11.0,4.0,6.0,3.0,4.0,1.0,0.0,1.0,1.3,5.67,9.7
I1,2021-01-11,Spezia,Sampdoria,1485.68,1613.52,3.0,4.0,3.0,9.0,2.0,1.0,H,1.0,1.0,D,8.0,6.0,4.0,4.0,17.0,15.0,4.0,2.0,4.0,3.0,0.0,0.0,3.19,3.3,2.32
I1,2021-01-15,Lazio,Roma,1742.65,1778.32,7.0,10.0,7.0,10.0,3.0,0.0,H,2.0,0.0,H,9.0,5.0,9.0,2.0,12.0,19.0,1.0,7.0,5.0,4.0,0.0,0.0,2.84,3.49,2.47
I1,2021-01-16,Bologna,Verona,1583.58,1611.33,2.0,4.0,7.0,8.0,1.0,0.0,H,1.0,0.0,H,18.0,8.0,6.0,1.0,15.0,10.0,7.0,3.0,2.0,1.0,0.0,0.0,2.41,3.22,3.12
I1,2021-01-16,Torino,Spezia,1582.51,1505.57,4.0,6.0,6.0,6.0,0.0,0.0,D,0.0,0.0,D,8.0,6.0,2.0,3.0,12.0,14.0,6.0,2.0,3.0,3.0,0.0,1.0,2.01,3.39,3.92
I1,2021-01-16,Sampdoria,Udinese,1612.9,1587.28,3.0,6.0,1.0,2.0,2.0,1.0,H,0.0,0.0,D,15.0,14.0,8.0,7.0,8.0,11.0,11.0,5.0,1.0,1.0,0.0,0.0,2.92,3.25,2.52
I1,2021-01-17,Napoli,Fiorentina,1767.42,1641.0,6.0,7.0,4.0,8.0,6.0,0.0,H,4.0,0.0,H,10.0,10.0,7.0,3.0,11.0,15.0,1.0,4.0,1.0,0.0,0.0,0.0,1.54,4.33,5.95
I1,2021-01-17,Crotone,Benevento,1495.84,1580.17,0.0,3.0,3.0,9.0,4.0,1.0,H,2.0,0.0,H,6.0,14.0,3.0,6.0,14.0,14.0,4.0,13.0,1.0,3.0,0.0,1.0,2.84,3.43,2.47
I1,2021-01-17,Sassuolo,Parma,1678.19,1548.74,3.0,6.0,0.0,0.0,1.0,1.0,D,0.0,1.0,A,15.0,11.0,6.0,2.0,18.0,11.0,5.0,2.0,3.0,2.0,0.0,0.0,1.67,4.18,4.75
I1,2021-01-17,Atalanta,Genoa,1840.99,1555.67,9.0,13.0,4.0,7.0,0.0,0.0,D,0.0,0.0,D,15.0,6.0,4.0,3.0,15.0,13.0,9.0,1.0,1.0,2.0,0.0,0.0,1.24,6.5,11.62
I1,2021-01-17,Inter,Juventus,1849.61,1873.89,4.0,10.0,9.0,12.0,2.0,0.0,H,1.0,0.0,H,16.0,8.0,6.0,4.0,8.0,14.0,3.0,4.0,2.0,2.0,0.0,0.0,2.43,3.5,2.85
I1,2021-01-18,Cagliari,Milan,1570.61,1808.56,0.0,1.0,6.0,12.0,0.0,2.0,A,0.0,1.0,A,17.0,9.0,2.0,8.0,9.0,13.0,7.0,4.0,2.0,3.0,0.0,1.0,5.82,4.49,1.53
I1,2021-01-20,Udinese,Atalanta,1587.28,1840.99,1.0,1.0,7.0,11.0,1.0,1.0,D,1.0,1.0,D,6.0,18.0,1.0,8.0,20.0,26.0,2.0,7.0,3.0,2.0,0.0,0.0,4.42,3.84,1.78
I1,2021-01-22,Benevento,Torino,1580.17,1582.51,3.0,6.0,2.0,6.0,2.0,2.0,D,1.0,0.0,H,10.0,14.0,3.0,6.0,18.0,22.0,6.0,4.0,1.0,3.0,0.0,0.0,2.85,3.23,2.59
I1,2021-01-23,Roma,Spezia,1778.32,1505.57,4.0,10.0,7.0,7.0,4.0,3.0,H,1.0,1.0,D,13.0,5.0,8.0,3.0,12.0,13.0,3.0,1.0,3.0,1.0,0.0,0.0,1.45,4.83,6.72
I1,2021-01-23,Milan,Atalanta,1808.56,1840.99,6.0,12.0,5.0,11.0,0.0,3.0,A,0.0,1.0,A,10.0,19.0,3.0,10.0,11.0,14.0,5.0,7.0,2.0,1.0,0.0,0.0,2.67,3.72,2.46
I1,2021-01-23,Udinese,Inter,1587.28,1849.61,1.0,2.0,4.0,10.0,0.0,0.0,D,0.0,0.0,D,6.0,10.0,1.0,4.0,11.0,16.0,3.0,4.0,3.0,2.0,0.0,0.0,5.77,4.0,1.6
I1,2021-01-23,Fiorentina,Crotone,1641.0,1495.84,3.0,7.0,3.0,6.0,2.0,1.0,H,2.0,0.0,H,12.0,7.0,6.0,3.0,11.0,17.0,5.0,3.0,2.0,2.0,0.0,0.0,1.66,3.9,5.31
I1,2021-01-24,Juventus,Bologna,1873.89,1583.58,6.0,9.0,4.0,6.0,2.0,0.0,H,1.0,0.0,H,22.0,12.0,12.0,3.0,11.0,17.0,7.0,6.0,3.0,2.0,0.0,0.0,1.41,4.9,7.47
I1,2021-01-24,Genoa,Cagliari,1555.67,1570.61,4.0,8.0,0.0,0.0,1.0,0.0,H,1.0,0.0,H,8.0,13.0,6.0,7.0,11.0,6.0,4.0,7.0,1.0,2.0,0.0,0.0,2.25,3.49,3.12
I1,2021-01-24,Verona,Napoli,1611.33,1767.42,4.0,7.0,6.0,10.0,3.0,1.0,H,1.0,1.0,D,15.0,12.0,7.0,4.0,13.0,8.0,3.0,3.0,2.0,3.0,0.0,0.0,4.95,3.84,1.71
I1,2021-01-24,Lazio,Sassuolo,1742.65,1678.19,9.0,10.0,4.0,7.0,2.0,1.0,H,1.0,1.0,D,18.0,5.0,8.0,1.0,16.0,15.0,9.0,6.0,2.0,3.0,0.0,0.0,1.7,3.98,4.77
I1,2021-01-24,Parma,Sampdoria,1548.74,1612.9,1.0,1.0,6.0,6.0,0.0,2.0,A,0.0,2.0,A,11.0,11.0,7.0,4.0,14.0,14.0,5.0,5.0,1.0,1.0,0.0,0.0,3.0,3.31,2.42
I1,2021-01-29,Torino,Fiorentina,1582.51,1641.0,2.0,6.0,6.0,7.0,1.0,1.0,D,0.0,0.0,D,15.0,9.0,6.0,3.0,20.0,15.0,7.0,2.0,2.0,2.0,0.0,2.0,2.72,3.2,2.74
I1,2021-01-30,Bologna,Milan,1583.58,1808.56,3.0,5.0,6.0,9.0,1.0,2.0,A,0.0,1.0,A,10.0,17.0,5.0,13.0,13.0,12.0,6.0,4.0,2.0,1.0,0.0,0.0,4.09,3.78,1.86
I1,2021-01-30,Sampdoria,Juventus,1612.9,1873.89,6.0,9.0,6.0,12.0,0.0,2.0,A,0.0,1.0,A,6.0,10.0,2.0,4.0,11.0,10.0,5.0,7.0,4.0,2.0,0.0,0.0,6.79,4.39,1.49
I1,2021-01-30,Inter,Benevento,1849.61,1580.17,5.0,8.0,1.0,4.0,4.0,0.0,H,1.0,0.0,H,13.0,0.0,8.0,0.0,9.0,14.0,7.0,3.0,0.0,2.0,0.0,0.0,1.25,6.34,11.1
I1,2021-01-31,Spezia,Udinese,1505.57,1587.28,4.0,7.0,2.0,3.0,0.0,1.0,A,0.0,0.0,D,9.0,6.0,5.0,4.0,18.0,19.0,2.0,2.0,6.0,4.0,1.0,1.0,3.85,3.19,2.1
I1,2021-01-31,Atalanta,Lazio,1840.99,1742.65,5.0,11.0,9.0,13.0,1.0,3.0,A,0.0,1.0,A,8.0,15.0,4.0,7.0,12.0,20.0,2.0,2.0,0.0,2.0,0.0,0.0,1.74,4.12,4.34
I1,2021-01-31,Cagliari,Sassuolo,1570.61,1678.19,0.0,0.0,1.0,4.0,1.0,1.0,D,0.0,0.0,D,9.0,14.0,6.0,5.0,10.0,11.0,3.0,14.0,2.0,3.0,0.0,0.0,3.1,3.4,2.32
I1,2021-01-31,Crotone,Genoa,1495.84,1555.67,3.0,3.0,7.0,8.0,0.0,3.0,A,0.0,2.0,A,9.0,10.0,4.0,6.0,15.0,22.0,3.0,11.0,3.0,1.0,0.0,0.0,2.96,3.22,2.49
I1,2021-01-31,Napoli,Parma,1767.42,1548.74,6.0,9.0,1.0,1.0,2.0,0.0,H,1.0,0.0,H,10.0,4.0,6.0,1.0,15.0,16.0,7.0,6.0,2.0,4.0,0.0,0.0,1.31,5.49,9.62
I1,2021-01-31,Roma,Verona,1778.32,1611.33,4.0,10.0,6.0,10.0,3.0,1.0,H,3.0,0.0,H,15.0,6.0,6.0,2.0,15.0,11.0,4.0,5.0,2.0,1.0,0.0,0.0,1.66,3.96,5.18
I1,2021-02-05,Fiorentina,Inter,1634.24,1858.33,4.0,7.0,7.0,8.0,0.0,2.0,A,0.0,1.0,A,15.0,14.0,3.0,7.0,9.0,10.0,7.0,7.0,3.0,1.0,0.0,0.0,6.52,4.15,1.54
I1,2021-02-06,Atalanta,Torino,1827.44,1580.53,4.0,8.0,3.0,4.0,3.0,3.0,D,3.0,2.0,H,9.0,19.0,4.0,11.0,24.0,17.0,4.0,3.0,3.0,2.0,0.0,0.0,1.43,4.87,6.97
I1,2021-02-06,Sassuolo,Spezia,1666.9,1499.5,2.0,5.0,1.0,7.0,1.0,2.0,A,1.0,1.0,D,8.0,13.0,4.0,7.0,20.0,15.0,5.0,5.0,2.0,3.0,0.0,0.0,1.84,3.77,4.22
I1,2021-02-06,Juventus,Roma,1870.4,1771.7,6.0,12.0,6.0,10.0,2.0,0.0,H,1.0,0.0,H,3.0,14.0,3.0,3.0,9.0,13.0,2.0,9.0,2.0,2.0,0.0,0.0,1.75,4.02,4.4
I1,2021-02-06,Genoa,Napoli,1582.84,1765.4,7.0,10.0,6.0,9.0,2.0,1.0,H,2.0,0.0,H,4.0,24.0,2.0,11.0,13.0,11.0,1.0,6.0,2.0,3.0,0.0,0.0,5.26,3.88,1.67
I1,2021-02-07,Benevento,Sampdoria,1559.88,1624.74,1.0,4.0,6.0,9.0,1.0,1.0,D,0.0,0.0,D,9.0,10.0,3.0,5.0,17.0,14.0,2.0,10.0,4.0,2.0,0.0,0.0,2.96,3.22,2.49
I1,2021-02-07,Milan,Crotone,1802.76,1494.86,6.0,9.0,3.0,3.0,4.0,0.0,H,1.0,0.0,H,21.0,9.0,12.0,2.0,17.0,9.0,8.0,6.0,3.0,1.0,0.0,0.0,1.23,6.47,12.77
I1,2021-02-07,Udinese,Verona,1599.16,1614.35,5.0,5.0,3.0,7.0,2.0,0.0,H,0.0,0.0,D,14.0,5.0,8.0,1.0,9.0,15.0,10.0,8.0,2.0,4.0,0.0,0.0,2.4,3.03,3.3
I1,2021-02-07,Parma,Bologna,1539.27,1584.96,1.0,1.0,3.0,4.0,0.0,3.0,A,0.0,2.0,A,16.0,15.0,8.0,7.0,13.0,13.0,5.0,1.0,2.0,1.0,0.0,0.0,3.27,3.24,2.3
I1,2021-02-07,Lazio,Cagliari,1776.78,1560.77,9.0,15.0,1.0,1.0,1.0,0.0,H,0.0,0.0,D,14.0,7.0,6.0,3.0,16.0,14.0,12.0,2.0,2.0,2.0,0.0,0.0,1.38,5.05,7.93
I1,2021-02-12,Bologna,Benevento,1584.96,1559.88,3.0,6.0,2.0,2.0,1.0,1.0,D,1.0,0.0,H,11.0,13.0,3.0,8.0,17.0,10.0,8.0,3.0,3.0,2.0,0.0,0.0,1.88,3.57,4.27
I1,2021-02-13,Torino,Genoa,1580.53,1582.84,3.0,4.0,9.0,13.0,0.0,0.0,D,0.0,0.0,D,10.0,6.0,2.0,3.0,13.0,15.0,3.0,5.0,2.0,4.0,0.0,0.0,1.99,3.27,4.14
I1,2021-02-13,Napoli,Juventus,1765.4,1870.4,3.0,9.0,9.0,12.0,1.0,0.0,H,1.0,0.0,H,10.0,22.0,3.0,6.0,9.0,18.0,3.0,9.0,2.0,3.0,0.0,0.0,3.78,3.48,2.01
I1,2021-02-13,Spezia,Milan,1499.5,1802.76,3.0,7.0,6.0,12.0,2.0,0.0,H,0.0,0.0,D,15.0,7.0,5.0,0.0,18.0,14.0,5.0,2.0,3.0,1.0,0.0,0.0,6.41,4.46,1.49
I1,2021-02-14,Roma,Udinese,1771.7,1599.16,6.0,7.0,7.0,8.0,3.0,0.0,H,2.0,0.0,H,12.0,6.0,8.0,1.0,17.0,7.0,7.0,2.0,2.0,0.0,0.0,0.0,1.72,3.85,4.81
I1,2021-02-14,Cagliari,Atalanta,1560.77,1827.44,1.0,1.0,4.0,6.0,0.0,1.0,A,0.0,0.0,D,4.0,10.0,1.0,5.0,17.0,14.0,6.0,6.0,3.0,3.0,0.0,0.0,6.84,4.81,1.43
I1,2021-02-14,Sampdoria,Fiorentina,1624.74,1634.24,4.0,7.0,4.0,7.0,2.0,1.0,H,1.0,1.0,D,7.0,15.0,3.0,7.0,14.0,11.0,6.0,7.0,1.0,3.0,0.0,0.0,2.83,3.32,2.52
I1,2021-02-14,Crotone,Sassuolo,1494.86,1666.9,0.0,3.0,1.0,2.0,1.0,2.0,A,1.0,1.0,D,9.0,21.0,6.0,4.0,15.0,17.0,7.0,8.0,1.0,1.0,0.0,0.0,3.74,3.72,1.95
I1,2021-02-14,Inter,Lazio,1858.33,1776.78,7.0,11.0,9.0,15.0,3.0,1.0,H,2.0,0.0,H,11.0,12.0,7.0,7.0,7.0,4.0,4.0,0.0,2.0,1.0,0.0,0.0,1.77,3.88,4.41
I1,2021-02-15,Verona,Parma,1603.47,1526.04,3.0,6.0,0.0,1.0,2.0,1.0,H,1.0,1.0,D,11.0,13.0,5.0,4.0,16.0,15.0,4.0,4.0,4.0,2.0,0.0,0.0,2.02,3.38,3.85
I1,2021-02-19,Fiorentina,Spezia,1621.74,1532.25,1.0,4.0,6.0,7.0,3.0,0.0,H,0.0,0.0,D,10.0,11.0,5.0,3.0,20.0,11.0,0.0,6.0,4.0,0.0,0.0,0.0,2.02,3.32,3.99
I1,2021-02-19,Cagliari,Torino,1555.23,1586.51,1.0,1.0,3.0,5.0,0.0,1.0,A,0.0,0.0,D,18.0,10.0,3.0,6.0,20.0,19.0,8.0,3.0,3.0,2.0,0.0,0.0,2.87,3.26,2.56
I1,2021-02-20,Lazio,Sampdoria,1772.28,1631.14,6.0,12.0,4.0,10.0,1.0,0.0,H,1.0,0.0,H,11.0,11.0,8.0,2.0,14.0,17.0,4.0,5.0,4.0,3.0,0.0,0.0,1.67,4.11,4.87
I1,2021-02-20,Genoa,Verona,1595.32,1603.47,7.0,11.0,3.0,6.0,2.0,2.0,D,0.0,1.0,A,12.0,9.0,4.0,4.0,11.0,17.0,5.0,1.0,1.0,1.0,0.0,0.0,2.76,3.01,2.82
I1,2021-02-20,Sassuolo,Bologna,1658.72,1596.16,4.0,5.0,4.0,7.0,1.0,1.0,D,0.0,1.0,A,32.0,4.0,11.0,2.0,14.0,8.0,10.0,6.0,1.0,0.0,0.0,1.0,2.29,3.4,3.15
I1,2021-02-21,Parma,Udinese,1526.04,1603.65,0.0,1.0,6.0,8.0,2.0,2.0,D,2.0,0.0,H,15.0,12.0,6.0,3.0,18.0,15.0,3.0,2.0,7.0,4.0,0.0,0.0,3.73,3.29,2.09
I1,2021-02-21,Milan,Inter,1786.14,1870.7,6.0,9.0,9.0,13.0,0.0,3.0,A,0.0,1.0,A,16.0,16.0,10.0,8.0,9.0,10.0,7.0,7.0,2.0,1.0,0.0,0.0,3.61,3.63,2.02
I1,2021-02-21,Atalanta,Napoli,1823.61,1764.01,4.0,8.0,6.0,9.0,4.0,2.0,H,0.0,0.0,D,15.0,5.0,7.0,4.0,20.0,11.0,6.0,2.0,2.0,1.0,0.0,0.0,1.85,3.85,4.01
I1,2021-02-21,Benevento,Roma,1562.79,1771.47,2.0,3.0,6.0,9.0,0.0,0.0,D,0.0,0.0,D,6.0,14.0,3.0,8.0,11.0,18.0,1.0,9.0,4.0,1.0,1.0,0.0,5.57,4.46,1.55
I1,2021-02-22,Juventus,Crotone,1866.68,1486.91,6.0,9.0,0.0,3.0,3.0,0.0,H,2.0,0.0,H,26.0,16.0,9.0,3.0,18.0,9.0,7.0,3.0,3.0,1.0,0.0,0.0,1.16,7.62,17.4
I1,2021-02-27,Spezia,Parma,1532.25,1526.04,6.0,6.0,1.0,1.0,2.0,2.0,D,0.0,2.0,A,13.0,10.0,7.0,5.0,18.0,19.0,8.0,2.0,3.0,4.0,0.0,0.0,2.4,3.17,3.16
I1,2021-02-27,Bologna,Lazio,1596.16,1772.28,5.0,5.0,6.0,12.0,2.0,0.0,H,1.0,0.0,H,14.0,19.0,8.0,7.0,9.0,18.0,4.0,7.0,1.0,2.0,0.0,0.0,3.57,3.61,2.03
I1,2021-02-27,Verona,Juventus,1603.47,1866.68,4.0,7.0,6.0,12.0,1.0,1.0,D,0.0,0.0,D,13.0,15.0,6.0,6.0,18.0,14.0,8.0,5.0,2.0,2.0,0.0,0.0,6.03,4.18,1.55
I1,2021-02-28,Sampdoria,Atalanta,1631.14,1823.61,4.0,7.0,7.0,10.0,0.0,2.0,A,0.0,1.0,A,7.0,20.0,3.0,11.0,7.0,17.0,5.0,6.0,1.0,3.0,0.0,0.0,5.02,4.04,1.66
I1,2021-02-28,Crotone,Cagliari,1486.91,1555.23,0.0,0.0,0.0,1.0,0.0,2.0,A,0.0,0.0,D,11.0,9.0,4.0,4.0,17.0,14.0,7.0,4.0,2.0,4.0,0.0,1.0,3.27,3.61,2.14
I1,2021-02-28,Inter,Genoa,1870.7,1595.32,9.0,13.0,5.0,11.0,3.0,0.0,H,1.0,0.0,H,23.0,3.0,14.0,2.0,12.0,8.0,9.0,1.0,0.0,2.0,0.0,0.0,1.18,7.01,15.91
I1,2021-02-28,Udinese,Fiorentina,1603.65,1621.74,4.0,8.0,3.0,7.0,1.0,0.0,H,0.0,0.0,D,9.0,8.0,3.0,2.0,12.0,20.0,3.0,9.0,1.0,2.0,0.0,0.0,2.39,3.15,3.18
I1,2021-02-28,Napoli,Benevento,1764.01,1562.79,3.0,6.0,3.0,4.0,2.0,0.0,H,1.0,0.0,H,20.0,4.0,8.0,4.0,13.0,15.0,8.0,2.0,3.0,2.0,1.0,0.0,1.41,4.84,7.59
I1,2021-02-28,Roma,Milan,1771.47,1786.14,4.0,10.0,3.0,6.0,1.0,2.0,A,0.0,1.0,A,17.0,20.0,10.0,14.0,14.0,9.0,5.0,8.0,3.0,3.0,0.0,0.0,2.35,3.43,3.01
I1,2021-03-02,Juventus,Spezia,1853.78,1518.92,4.0,10.0,4.0,7.0,3.0,0.0,H,0.0,0.0,D,20.0,10.0,9.0,2.0,14.0,13.0,5.0,10.0,2.0,0.0,0.0,0.0,1.26,6.03,11.73
I1,2021-03-03,Sassuolo,Napoli,1652.38,1743.93,4.0,5.0,6.0,9.0,3.0,3.0,D,2.0,1.0,H,15.0,15.0,8.0,8.0,16.0,13.0,6.0,4.0,2.0,2.0,0.0,0.0,3.56,3.49,2.08
I1,2021-03-03,Atalanta,Crotone,1827.62,1470.97,9.0,10.0,0.0,0.0,5.0,1.0,H,1.0,1.0,D,21.0,4.0,11.0,2.0,7.0,13.0,4.0,3.0,0.0,2.0,0.0,0.0,1.18,7.46,15.21
I1,2021-03-03,Benevento,Verona,1559.37,1611.4,2.0,3.0,5.0,5.0,0.0,3.0,A,0.0,2.0,A,7.0,11.0,2.0,6.0,8.0,20.0,2.0,7.0,0.0,1.0,0.0,0.0,3.23,3.22,2.34
I1,2021-03-03,Cagliari,Bologna,1553.88,1611.47,3.0,4.0,5.0,8.0,1.0,0.0,H,1.0,0.0,H,8.0,11.0,5.0,6.0,15.0,18.0,10.0,4.0,2.0,2.0,0.0,0.0,2.57,3.25,2.84
I1,2021-03-03,Fiorentina,Roma,1618.79,1767.16,3.0,4.0,4.0,7.0,1.0,2.0,A,0.0,0.0,D,6.0,12.0,2.0,6.0,10.0,15.0,2.0,3.0,1.0,2.0,0.0,0.0,3.74,3.5,2.03
I1,2021-03-03,Genoa,Sampdoria,1587.93,1618.05,2.0,8.0,3.0,4.0,1.0,1.0,D,0.0,0.0,D,8.0,10.0,2.0,6.0,16.0,16.0,2.0,4.0,1.0,0.0,0.0,0.0,2.99,3.11,2.54
I1,2021-03-03,Milan,Udinese,1784.55,1606.66,3.0,9.0,4.0,10.0,1.0,1.0,D,0.0,0.0,D,11.0,6.0,7.0,2.0,21.0,11.0,7.0,2.0,4.0,1.0,0.0,0.0,1.85,3.56,4.44
I1,2021-03-04,Parma,Inter,1519.57,1881.82,2.0,2.0,9.0,15.0,1.0,2.0,A,0.0,0.0,D,11.0,12.0,3.0,8.0,8.0,12.0,2.0,2.0,0.0,1.0,0.0,0.0,10.78,5.84,1.27
I1,2021-03-06,Spezia,Benevento,1518.92,1559.37,1.0,7.0,1.0,3.0,1.0,1.0,D,0.0,1.0,A,14.0,5.0,7.0,2.0,13.0,17.0,3.0,1.0,2.0,4.0,0.0,0.0,2.13,3.47,3.43
I1,2021-03-06,Udinese,Sassuolo,1606.66,1652.38,5.0,8.0,5.0,6.0,2.0,0.0,H,1.0,0.0,H,12.0,8.0,8.0,2.0,10.0,11.0,5.0,6.0,1.0,0.0,0.0,0.0,2.49,3.34,2.86
I1,2021-03-06,Juventus,Lazio,1853.78,1752.99,7.0,10.0,3.0,9.0,3.0,1.0,H,1.0,1.0,D,8.0,13.0,5.0,5.0,10.0,13.0,4.0,4.0,0.0,1.0,0.0,0.0,1.91,3.64,4.0
I1,2021-03-07,Roma,Genoa,1767.16,1587.93,4.0,7.0,2.0,6.0,1.0,0.0,H,1.0,0.0,H,18.0,7.0,4.0,2.0,15.0,15.0,7.0,1.0,1.0,4.0,0.0,0.0,1.52,4.3,6.32
I1,2021-03-07,Crotone,Torino,1470.97,1591.03,0.0,0.0,5.0,7.0,4.0,2.0,H,1.0,1.0,D,19.0,17.0,10.0,6.0,19.0,22.0,8.0,8.0,4.0,2.0,0.0,1.0,3.76,3.36,2.07
I1,2021-03-07,Fiorentina,Parma,1618.79,1519.57,3.0,3.0,2.0,2.0,3.0,3.0,D,2.0,1.0,H,6.0,11.0,5.0,6.0,19.0,16.0,3.0,3.0,0.0,3.0,0.0,0.0,1.93,3.5,4.11
I1,2021-03-07,Verona,Milan,1611.4,1784.55,5.0,8.0,4.0,7.0,0.0,2.0,A,0.0,1.0,A,8.0,12.0,1.0,4.0,14.0,12.0,8.0,1.0,2.0,0.0,0.0,0.0,3.55,3.3,2.15
I1,2021-03-07,Sampdoria,Cagliari,1618.05,1553.88,1.0,5.0,6.0,6.0,2.0,2.0,D,0.0,1.0,A,11.0,10.0,5.0,5.0,15.0,13.0,3.0,5.0,4.0,3.0,0.0,0.0,2.41,3.3,3.0
I1,2021-03-07,Napoli,Bologna,1743.93,1611.47,4.0,7.0,4.0,8.0,3.0,1.0,H,1.0,0.0,H,15.0,17.0,8.0,7.0,12.0,13.0,6.0,3.0,2.0,0.0,0.0,0.0,1.55,4.32,5.85
I1,2021-03-08,Inter,Atalanta,1881.82,1827.62,9.0,15.0,9.0,13.0,1.0,0.0,H,0.0,0.0,D,5.0,10.0,1.0,3.0,11.0,17.0,7.0,7.0,0.0,1.0,0.0,0.0,2.03,3.66,3.54
I1,2021-03-12,Lazio,Crotone,1752.99,1470.97,3.0,6.0,3.0,3.0,3.0,2.0,H,2.0,1.0,H,23.0,6.0,9.0,3.0,10.0,11.0,5.0,1.0,0.0,3.0,0.0,0.0,1.26,6.15,11.32
I1,2021-03-12,Atalanta,Spezia,1827.62,1518.92,6.0,12.0,2.0,5.0,3.0,1.0,H,0.0,0.0,D,14.0,6.0,9.0,3.0,17.0,6.0,3.0,5.0,2.0,0.0,0.0,0.0,1.29,5.78,10.29
I1,2021-03-13,Sassuolo,Verona,1652.38,1611.4,2.0,5.0,4.0,8.0,3.0,2.0,H,1.0,1.0,D,14.0,12.0,8.0,7.0,15.0,18.0,6.0,5.0,3.0,2.0,0.0,0.0,2.39,3.19,3.15
I1,2021-03-13,Benevento,Fiorentina,1559.37,1618.79,1.0,3.0,1.0,4.0,1.0,4.0,A,0.0,3.0,A,16.0,11.0,6.0,7.0,15.0,18.0,8.0,3.0,3.0,1.0,0.0,0.0,3.44,3.15,2.26
I1,2021-03-13,Genoa,Udinese,1587.93,1606.66,1.0,3.0,7.0,8.0,1.0,1.0,D,1.0,1.0,D,10.0,9.0,3.0,3.0,14.0,6.0,6.0,3.0,3.0,1.0,0.0,0.0,3.29,2.96,2.46
I1,2021-03-14,Bologna,Sampdoria,1611.47,1618.05,3.0,5.0,2.0,5.0,3.0,1.0,H,2.0,1.0,H,10.0,20.0,7.0,9.0,16.0,11.0,2.0,6.0,2.0,2.0,0.0,0.0,2.29,3.27,3.26
I1,2021-03-14,Parma,Roma,1519.57,1767.16,2.0,3.0,6.0,10.0,2.0,0.0,H,1.0,0.0,H,5.0,20.0,4.0,6.0,18.0,16.0,0.0,12.0,3.0,3.0,0.0,0.0,5.2,3.96,1.65
I1,2021-03-14,Torino,Inter,1591.03,1881.82,4.0,6.0,9.0,15.0,1.0,2.0,A,0.0,0.0,D,6.0,13.0,4.0,4.0,11.0,12.0,1.0,8.0,0.0,1.0,0.0,0.0,8.18,4.84,1.39
I1,2021-03-14,Cagliari,Juventus,1553.88,1853.78,7.0,7.0,7.0,10.0,1.0,3.0,A,0.0,3.0,A,15.0,9.0,7.0,7.0,12.0,16.0,8.0,5.0,0.0,2.0,0.0,0.0,5.98,4.22,1.55
I1,2021-03-14,Milan,Napoli,1784.55,1743.93,7.0,7.0,7.0,10.0,0.0,1.0,A,0.0,0.0,D,12.0,14.0,4.0,5.0,12.0,10.0,5.0,4.0,1.0,3.0,1.0,0.0,2.62,3.23,2.8
I1,2021-03-17,Torino,Sassuolo,1578.82,1653.36,3.0,5.0,4.0,8.0,3.0,2.0,H,0.0,2.0,A,23.0,12.0,15.0,5.0,10.0,16.0,6.0,3.0,1.0,2.0,0.0,0.0,2.5,3.38,2.84
I1,2021-03-19,Parma,Genoa,1545.22,1589.31,4.0,6.0,2.0,3.0,1.0,2.0,A,1.0,0.0,H,12.0,7.0,9.0,3.0,22.0,8.0,1.0,3.0,5.0,2.0,0.0,0.0,2.57,3.08,3.03
I1,2021-03-20,Crotone,Bologna,1485.49,1612.5,3.0,3.0,3.0,7.0,2.0,3.0,A,2.0,0.0,H,15.0,19.0,7.0,10.0,11.0,16.0,10.0,3.0,4.0,7.0,0.0,0.0,3.48,3.57,2.08
I1,2021-03-20,Spezia,Cagliari,1518.54,1565.86,1.0,2.0,4.0,7.0,2.0,1.0,H,0.0,0.0,D,12.0,11.0,6.0,7.0,13.0,16.0,4.0,4.0,1.0,2.0,0.0,0.0,2.69,3.12,2.79
I1,2021-03-21,Verona,Atalanta,1615.5,1831.12,3.0,5.0,6.0,12.0,0.0,2.0,A,0.0,2.0,A,3.0,14.0,1.0,8.0,23.0,20.0,4.0,7.0,3.0,2.0,0.0,0.0,4.91,3.95,1.69
I1,2021-03-21,Juventus,Benevento,1867.02,1538.16,9.0,13.0,1.0,2.0,0.0,1.0,A,0.0,0.0,D,23.0,7.0,9.0,1.0,12.0,13.0,9.0,1.0,2.0,4.0,0.0,0.0,1.18,7.3,15.04
I1,2021-03-21,Sampdoria,Torino,1609.42,1578.82,2.0,2.0,3.0,7.0,1.0,0.0,H,1.0,0.0,H,7.0,9.0,5.0,1.0,15.0,18.0,1.0,7.0,0.0,1.0,0.0,0.0,2.48,3.23,2.96
I1,2021-03-21,Udinese,Lazio,1628.15,1752.9,5.0,9.0,3.0,6.0,0.0,1.0,A,0.0,1.0,A,14.0,16.0,6.0,8.0,9.0,13.0,6.0,11.0,1.0,3.0,0.0,0.0,3.6,3.29,2.14
I1,2021-03-21,Fiorentina,Milan,1627.32,1783.38,4.0,7.0,4.0,7.0,2.0,3.0,A,1.0,1.0,D,9.0,14.0,4.0,6.0,6.0,11.0,8.0,8.0,1.0,3.0,0.0,0.0,3.44,3.36,2.17
I1,2021-03-21,Roma,Napoli,1775.37,1762.45,6.0,7.0,7.0,10.0,0.0,2.0,A,0.0,2.0,A,7.0,10.0,5.0,5.0,18.0,13.0,6.0,4.0,5.0,3.0,0.0,0.0,2.62,3.5,2.62
I1,2021-04-03,Milan,Sampdoria,1776.73,1612.34,6.0,10.0,4.0,5.0,1.0,1.0,D,0.0,0.0,D,14.0,5.0,5.0,4.0,15.0,16.0,5.0,5.0,2.0,5.0,0.0,1.0,1.52,4.27,6.43
I1,2021-04-03,Atalanta,Udinese,1825.72,1618.86,6.0,12.0,4.0,8.0,3.0,2.0,H,2.0,1.0,H,22.0,8.0,11.0,4.0,15.0,9.0,4.0,1.0,0.0,2.0,0.0,0.0,1.44,4.46,7.57
I1,2021-04-03,Benevento,Parma,1550.31,1533.91,4.0,4.0,4.0,5.0,2.0,2.0,D,1.0,0.0,H,4.0,15.0,4.0,7.0,21.0,18.0,3.0,3.0,2.0,1.0,0.0,0.0,2.67,3.3,2.69
I1,2021-04-03,Cagliari,Verona,1553.84,1606.41,1.0,7.0,0.0,4.0,0.0,2.0,A,0.0,0.0,D,15.0,9.0,4.0,5.0,17.0,18.0,6.0,5.0,1.0,3.0,0.0,0.0,2.58,3.23,2.84
I1,2021-04-03,Genoa,Fiorentina,1593.42,1618.56,4.0,5.0,4.0,4.0,1.0,1.0,D,1.0,1.0,D,8.0,11.0,2.0,3.0,17.0,10.0,4.0,2.0,2.0,1.0,0.0,1.0,3.25,2.98,2.46
I1,2021-04-03,Lazio,Spezia,1754.95,1523.34,6.0,9.0,4.0,5.0,2.0,1.0,H,0.0,0.0,D,11.0,7.0,5.0,3.0,18.0,21.0,3.0,4.0,3.0,3.0,2.0,0.0,1.45,4.58,7.08
I1,2021-04-03,Napoli,Crotone,1772.02,1476.34,9.0,13.0,3.0,3.0,4.0,3.0,H,3.0,1.0,H,28.0,8.0,11.0,4.0,5.0,17.0,4.0,6.0,0.0,4.0,0.0,0.0,1.22,6.52,13.06
I1,2021-04-03,Sassuolo,Roma,1640.74,1763.36,3.0,5.0,3.0,6.0,2.0,2.0,D,0.0,1.0,A,12.0,12.0,6.0,9.0,15.0,15.0,3.0,4.0,4.0,3.0,0.0,0.0,4.63,4.29,1.66
I1,2021-04-03,Torino,Juventus,1577.71,1847.65,3.0,6.0,6.0,10.0,2.0,2.0,D,1.0,1.0,D,10.0,18.0,7.0,9.0,16.0,15.0,5.0,6.0,3.0,2.0,0.0,0.0,6.21,4.38,1.52
I1,2021-04-03,Bologna,Inter,1614.44,1892.38,6.0,9.0,9.0,15.0,0.0,1.0,A,0.0,1.0,A,12.0,12.0,3.0,5.0,17.0,15.0,4.0,4.0,4.0,4.0,0.0,0.0,7.11,4.64,1.45
I1,2021-04-07,Inter,Sassuolo,1892.38,1640.74,9.0,15.0,4.0,5.0,2.0,1.0,H,1.0,0.0,H,8.0,14.0,5.0,5.0,8.0,13.0,1.0,8.0,2.0,3.0,0.0,0.0,1.34,5.31,8.65
I1,2021-04-07,Juventus,Napoli,1847.65,1772.02,4.0,10.0,9.0,13.0,2.0,1.0,H,1.0,0.0,H,12.0,15.0,3.0,5.0,17.0,12.0,2.0,6.0,1.0,2.0,0.0,0.0,1.98,3.58,3.8
I1,2021-04-10,Spezia,Crotone,1523.34,1476.34,3.0,4.0,0.0,3.0,3.0,2.0,H,0.0,1.0,A,9.0,9.0,7.0,6.0,12.0,15.0,3.0,4.0,1.0,1.0,0.0,0.0,1.82,4.03,4.02
I1,2021-04-10,Parma,Milan,1533.91,1776.73,4.0,5.0,4.0,8.0,1.0,3.0,A,0.0,2.0,A,15.0,11.0,5.0,7.0,14.0,11.0,7.0,3.0,4.0,4.0,0.0,1.0,5.08,3.83,1.7
I1,2021-04-10,Udinese,Torino,1618.86,1577.71,1.0,5.0,4.0,4.0,0.0,1.0,A,0.0,0.0,D,12.0,9.0,5.0,2.0,21.0,19.0,5.0,4.0,0.0,3.0,0.0,0.0,2.38,3.23,3.16
I1,2021-04-11,Inter,Cagliari,1892.38,1553.84,9.0,15.0,0.0,4.0,1.0,0.0,H,0.0,0.0,D,15.0,8.0,8.0,2.0,10.0,12.0,5.0,0.0,1.0,1.0,0.0,0.0,1.26,5.97,11.4
I1,2021-04-11,Juventus,Genoa,1847.65,1593.42,4.0,10.0,5.0,6.0,3.0,1.0,H,2.0,0.0,H,23.0,11.0,14.0,3.0,15.0,11.0,8.0,6.0,3.0,3.0,0.0,0.0,1.26,5.92,11.78
I1,2021-04-11,Sampdoria,Napoli,1612.34,1772.02,4.0,6.0,6.0,12.0,0.0,2.0,A,0.0,1.0,A,11.0,20.0,5.0,9.0,14.0,10.0,8.0,7.0,0.0,3.0,0.0,0.0,4.65,3.92,1.73
I1,2021-04-11,Verona,Lazio,1606.41,1754.95,3.0,6.0,9.0,9.0,0.0,1.0,A,0.0,0.0,D,4.0,14.0,1.0,5.0,15.0,13.0,5.0,4.0,0.0,2.0,0.0,0.0,3.59,3.36,2.13
I1,2021-04-11,Roma,Bologna,1763.36,1614.44,1.0,7.0,6.0,6.0,1.0,0.0,H,1.0,0.0,H,14.0,11.0,7.0,5.0,14.0,14.0,4.0,6.0,3.0,2.0,0.0,0.0,1.74,4.05,4.44
I1,2021-04-11,Fiorentina,Atalanta,1618.56,1825.72,4.0,5.0,9.0,12.0,2.0,3.0,A,0.0,2.0,A,8.0,14.0,2.0,9.0,15.0,13.0,0.0,6.0,3.0,1.0,0.0,0.0,5.28,4.29,1.6
I1,2021-04-12,Benevento,Sassuolo,1550.31,1640.74,4.0,5.0,1.0,4.0,0.0,1.0,A,0.0,1.0,A,9.0,14.0,5.0,4.0,12.0,14.0,3.0,8.0,3.0,2.0,0.0,0.0,3.44,3.58,2.09
I1,2021-04-17,Crotone,Udinese,1471.95,1609.38,0.0,3.0,0.0,4.0,1.0,2.0,A,0.0,1.0,A,7.0,14.0,3.0,7.0,12.0,19.0,5.0,7.0,0.0,2.0,0.0,1.0,4.13,3.62,1.89
I1,2021-04-17,Sampdoria,Verona,1613.68,1615.05,4.0,5.0,3.0,3.0,3.0,1.0,H,0.0,1.0,A,12.0,18.0,5.0,8.0,16.0,14.0,5.0,7.0,3.0,3.0,0.0,0.0,2.6,3.27,2.8
I1,2021-04-17,Sassuolo,Fiorentina,1650.71,1618.24,4.0,7.0,1.0,5.0,3.0,1.0,H,0.0,1.0,A,11.0,7.0,6.0,6.0,8.0,16.0,3.0,4.0,3.0,5.0,0.0,0.0,2.51,3.21,2.95
I1,2021-04-17,Cagliari,Parma,1545.06,1533.77,0.0,1.0,1.0,5.0,4.0,3.0,H,1.0,2.0,A,23.0,11.0,9.0,6.0,14.0,12.0,0.0,4.0,4.0,2.0,0.0,0.0,2.22,3.44,3.26
I1,2021-04-18,Milan,Genoa,1779.59,1593.2,7.0,10.0,4.0,5.0,2.0,1.0,H,1.0,1.0,D,18.0,11.0,5.0,6.0,10.0,13.0,5.0,4.0,0.0,1.0,0.0,0.0,1.48,4.51,6.66
I1,2021-04-18,Atalanta,Juventus,1835.58,1853.62,9.0,12.0,7.0,10.0,1.0,0.0,H,0.0,0.0,D,12.0,12.0,2.0,3.0,18.0,15.0,3.0,8.0,3.0,2.0,0.0,0.0,2.47,3.58,2.76
I1,2021-04-18,Bologna,Spezia,1611.34,1529.98,3.0,6.0,6.0,7.0,4.0,1.0,H,2.0,1.0,H,10.0,9.0,7.0,5.0,15.0,12.0,4.0,8.0,1.0,1.0,0.0,0.0,2.0,3.7,3.58
I1,2021-04-18,Lazio,Benevento,1765.93,1545.68,9.0,12.0,4.0,5.0,5.0,3.0,H,3.0,1.0,H,12.0,16.0,8.0,8.0,14.0,11.0,5.0,4.0,2.0,3.0,0.0,0.0,1.4,4.76,8.01
I1,2021-04-18,Torino,Roma,1596.69,1777.23,4.0,7.0,4.0,7.0,3.0,1.0,H,0.0,1.0,A,23.0,9.0,11.0,4.0,13.0,13.0,11.0,3.0,2.0,2.0,0.0,1.0,3.34,3.59,2.12
I1,2021-04-18,Napoli,Inter,1778.54,1901.78,6.0,12.0,9.0,15.0,1.0,1.0,D,1.0,0.0,H,12.0,10.0,3.0,5.0,12.0,12.0,3.0,3.0,5.0,2.0,0.0,0.0,3.05,3.48,2.31
I1,2021-04-20,Verona,Fiorentina,1615.05,1618.24,3.0,3.0,1.0,4.0,1.0,2.0,A,0.0,1.0,A,11.0,7.0,7.0,5.0,16.0,20.0,5.0,3.0,2.0,3.0,0.0,0.0,2.6,3.21,2.86
I1,2021-04-21,Milan,Sassuolo,1779.59,1650.71,7.0,10.0,6.0,7.0,1.0,2.0,A,1.0,0.0,H,18.0,15.0,7.0,7.0,18.0,13.0,3.0,7.0,0.0,1.0,0.0,0.0,1.56,4.32,5.71
I1,2021-04-21,Bologna,Torino,1611.34,1596.69,3.0,9.0,7.0,10.0,1.0,1.0,D,1.0,0.0,H,9.0,18.0,2.0,5.0,25.0,15.0,3.0,7.0,4.0,2.0,0.0,0.0,2.55,3.32,2.83
I1,2021-04-21,Crotone,Sampdoria,1471.95,1613.68,0.0,0.0,4.0,7.0,0.0,1.0,A,0.0,0.0,D,7.0,11.0,4.0,5.0,13.0,7.0,2.0,6.0,1.0,1.0,0.0,0.0,3.66,3.7,1.99
I1,2021-04-21,Genoa,Benevento,1593.2,1545.68,1.0,5.0,1.0,4.0,2.0,2.0,D,2.0,2.0,D,10.0,8.0,5.0,2.0,14.0,18.0,3.0,0.0,2.0,0.0,0.0,0.0,2.21,3.2,3.55
I1,2021-04-21,Juventus,Parma,1853.62,1533.77,6.0,7.0,1.0,4.0,3.0,1.0,H,1.0,1.0,D,14.0,10.0,8.0,4.0,12.0,18.0,6.0,6.0,2.0,2.0,0.0,0.0,1.26,6.09,11.29
I1,2021-04-21,Spezia,Inter,1529.98,1901.78,3.0,6.0,7.0,13.0,1.0,1.0,D,1.0,1.0,D,1.0,15.0,1.0,6.0,9.0,7.0,0.0,8.0,2.0,0.0,0.0,0.0,7.79,5.0,1.39
I1,2021-04-21,Udinese,Cagliari,1609.38,1545.06,3.0,4.0,3.0,3.0,0.0,1.0,A,0.0,0.0,D,14.0,13.0,4.0,5.0,11.0,14.0,2.0,5.0,0.0,2.0,0.0,0.0,2.48,3.25,2.97
I1,2021-04-22,Roma,Atalanta,1777.23,1835.58,4.0,4.0,9.0,15.0,1.0,1.0,D,0.0,1.0,A,14.0,22.0,3.0,9.0,16.0,7.0,4.0,8.0,4.0,2.0,1.0,1.0,3.6,3.88,1.95
I1,2021-04-22,Napoli,Lazio,1778.54,1765.93,4.0,10.0,9.0,15.0,5.0,2.0,H,2.0,0.0,H,10.0,14.0,8.0,4.0,7.0,18.0,2.0,3.0,4.0,4.0,0.0,0.0,2.02,3.66,3.6
I1,2021-04-24,Genoa,Spezia,1593.2,1529.98,1.0,5.0,4.0,7.0,2.0,0.0,H,0.0,0.0,D,11.0,7.0,6.0,1.0,18.0,14.0,0.0,3.0,2.0,2.0,0.0,0.0,2.48,3.0,3.22
I1,2021-04-24,Parma,Crotone,1533.77,1471.95,0.0,1.0,0.0,0.0,3.0,4.0,A,1.0,3.0,A,15.0,13.0,4.0,5.0,15.0,11.0,7.0,5.0,3.0,2.0,0.0,0.0,1.75,3.9,4.56
I1,2021-04-24,Sassuolo,Sampdoria,1650.71,1613.68,9.0,10.0,6.0,10.0,1.0,0.0,H,0.0,0.0,D,14.0,9.0,8.0,3.0,15.0,10.0,8.0,3.0,0.0,0.0,0.0,0.0,2.03,3.65,3.57
I1,2021-04-25,Benevento,Udinese,1545.68,1609.38,1.0,5.0,3.0,3.0,2.0,4.0,A,1.0,2.0,A,22.0,10.0,9.0,7.0,18.0,20.0,11.0,2.0,2.0,2.0,0.0,0.0,3.14,3.29,2.35
I1,2021-04-25,Fiorentina,Juventus,1618.24,1853.62,3.0,4.0,6.0,10.0,1.0,1.0,D,1.0,0.0,H,11.0,7.0,6.0,1.0,13.0,16.0,7.0,2.0,3.0,1.0,0.0,0.0,5.88,4.17,1.57
I1,2021-04-25,Inter,Verona,1901.78,1615.05,5.0,11.0,0.0,3.0,1.0,0.0,H,0.0,0.0,D,10.0,12.0,4.0,1.0,7.0,13.0,3.0,8.0,0.0,3.0,0.0,0.0,1.32,5.2,10.36
I1,2021-04-25,Cagliari,Roma,1545.06,1777.23,6.0,6.0,4.0,5.0,3.0,2.0,H,1.0,1.0,D,10.0,12.0,6.0,7.0,14.0,17.0,4.0,10.0,3.0,1.0,0.0,0.0,2.51,3.7,2.63
I1,2021-04-25,Atalanta,Bologna,1835.58,1611.34,7.0,13.0,4.0,7.0,5.0,0.0,H,2.0,0.0,H,26.0,9.0,12.0,3.0,11.0,8.0,8.0,3.0,0.0,1.0,0.0,1.0,1.33,5.5,8.75
I1,2021-04-26,Torino,Napoli,1596.69,1778.54,7.0,8.0,7.0,10.0,0.0,2.0,A,0.0,2.0,A,15.0,25.0,6.0,10.0,16.0,15.0,8.0,11.0,3.0,1.0,1.0,0.0,4.4,3.96,1.76
I1,2021-04-26,Lazio,Milan,1765.93,1779.59,6.0,12.0,6.0,10.0,3.0,0.0,H,1.0,0.0,H,14.0,15.0,6.0,6.0,10.0,11.0,1.0,9.0,2.0,0.0,0.0,0.0,2.2,3.77,3.04
I1,2021-05-01,Verona,Spezia,1592.88,1519.68,0.0,3.0,1.0,4.0,1.0,1.0,D,0.0,0.0,D,7.0,12.0,6.0,2.0,27.0,16.0,5.0,5.0,6.0,2.0,0.0,0.0,2.09,3.54,3.48
I1,2021-05-01,Crotone,Inter,1471.06,1892.47,3.0,3.0,5.0,11.0,0.0,2.0,A,0.0,0.0,D,6.0,23.0,1.0,10.0,10.0,9.0,4.0,11.0,1.0,2.0,0.0,0.0,11.84,6.7,1.23
I1,2021-05-01,Milan,Benevento,1757.23,1532.68,3.0,7.0,1.0,2.0,2.0,0.0,H,1.0,0.0,H,20.0,14.0,11.0,2.0,16.0,8.0,6.0,7.0,2.0,0.0,0.0,0.0,1.35,5.19,8.74
I1,2021-05-02,Lazio,Genoa,1769.26,1594.25,6.0,12.0,4.0,5.0,4.0,3.0,H,2.0,0.0,H,18.0,10.0,12.0,5.0,13.0,12.0,7.0,4.0,3.0,4.0,0.0,0.0,1.39,4.94,7.94
I1,2021-05-02,Bologna,Fiorentina,1612.13,1622.22,4.0,4.0,4.0,5.0,3.0,3.0,D,1.0,1.0,D,11.0,9.0,6.0,4.0,16.0,12.0,3.0,5.0,2.0,2.0,0.0,0.0,2.94,3.28,2.49
I1,2021-05-02,Napoli,Cagliari,1797.82,1573.74,7.0,10.0,9.0,9.0,1.0,1.0,D,1.0,0.0,H,18.0,12.0,6.0,7.0,8.0,14.0,3.0,1.0,1.0,3.0,0.0,0.0,1.4,4.9,7.74
I1,2021-05-02,Sassuolo,Atalanta,1676.1,1846.11,9.0,12.0,7.0,13.0,1.0,1.0,D,0.0,1.0,A,12.0,10.0,7.0,9.0,18.0,12.0,4.0,4.0,6.0,1.0,1.0,1.0,6.03,4.81,1.49
I1,2021-05-02,Udinese,Juventus,1613.44,1842.21,6.0,6.0,4.0,10.0,1.0,2.0,A,1.0,0.0,H,7.0,13.0,2.0,4.0,14.0,18.0,2.0,6.0,3.0,0.0,0.0,0.0,6.59,4.55,1.48
I1,2021-05-02,Sampdoria,Roma,1621.91,1745.44,6.0,7.0,1.0,5.0,2.0,0.0,H,1.0,0.0,H,12.0,10.0,9.0,5.0,14.0,13.0,8.0,8.0,0.0,3.0,0.0,0.0,2.83,3.63,2.4
I1,2021-05-03,Torino,Parma,1606.67,1513.02,4.0,8.0,0.0,1.0,1.0,0.0,H,0.0,0.0,D,13.0,8.0,5.0,1.0,10.0,17.0,5.0,2.0,0.0,3.0,0.0,0.0,1.59,4.32,5.4
I1,2021-05-08,Spezia,Napoli,1519.68,1797.82,2.0,5.0,7.0,11.0,1.0,4.0,A,0.0,3.0,A,6.0,13.0,3.0,7.0,15.0,18.0,1.0,2.0,3.0,2.0,0.0,0.0,6.06,4.59,1.51
I1,2021-05-08,Udinese,Bologna,1613.44,1612.13,3.0,6.0,2.0,5.0,1.0,1.0,D,1.0,0.0,H,9.0,16.0,5.0,4.0,12.0,18.0,5.0,10.0,1.0,1.0,0.0,0.0,2.41,3.18,3.16
I1,2021-05-08,Inter,Sampdoria,1892.47,1621.91,7.0,11.0,6.0,9.0,5.0,1.0,H,3.0,1.0,H,12.0,13.0,7.0,4.0,10.0,14.0,2.0,8.0,0.0,2.0,0.0,0.0,1.46,4.69,6.76
I1,2021-05-08,Fiorentina,Lazio,1622.22,1769.26,5.0,5.0,6.0,12.0,2.0,0.0,H,1.0,0.0,H,9.0,8.0,5.0,3.0,12.0,14.0,5.0,7.0,4.0,8.0,0.0,1.0,4.01,3.87,1.86
I1,2021-05-09,Genoa,Sassuolo,1594.25,1676.1,4.0,4.0,7.0,13.0,1.0,2.0,A,0.0,1.0,A,13.0,13.0,5.0,7.0,17.0,15.0,8.0,2.0,2.0,0.0,0.0,0.0,3.38,3.48,2.16
I1,2021-05-09,Benevento,Cagliari,1532.68,1573.74,1.0,1.0,7.0,10.0,1.0,3.0,A,1.0,1.0,D,7.0,7.0,7.0,4.0,17.0,20.0,4.0,5.0,2.0,2.0,0.0,0.0,3.13,3.42,2.3
I1,2021-05-09,Parma,Atalanta,1513.02,1846.11,0.0,0.0,5.0,11.0,2.0,5.0,A,0.0,1.0,A,5.0,18.0,2.0,13.0,12.0,15.0,1.0,3.0,1.0,1.0,0.0,0.0,13.1,7.28,1.2
I1,2021-05-09,Verona,Torino,1592.88,1606.67,1.0,1.0,4.0,10.0,1.0,1.0,D,0.0,0.0,D,19.0,6.0,7.0,4.0,16.0,22.0,9.0,3.0,3.0,3.0,0.0,0.0,3.02,3.42,2.36
I1,2021-05-09,Roma,Crotone,1745.44,1471.06,1.0,4.0,3.0,3.0,5.0,0.0,H,0.0,0.0,D,20.0,7.0,13.0,2.0,10.0,11.0,8.0,4.0,2.0,0.0,0.0,0.0,1.39,5.29,7.19
I1,2021-05-09,Juventus,Milan,1842.21,1757.23,7.0,10.0,3.0,9.0,0.0,3.0,A,0.0,1.0,A,16.0,11.0,4.0,6.0,17.0,12.0,8.0,2.0,2.0,2.0,0.0,0.0,1.76,3.88,4.52
I1,2021-05-11,Napoli,Udinese,1797.82,1613.44,7.0,11.0,4.0,7.0,5.0,1.0,H,2.0,1.0,H,21.0,5.0,12.0,2.0,8.0,14.0,8.0,3.0,0.0,1.0,0.0,0.0,1.3,5.56,10.64
I1,2021-05-12,Cagliari,Fiorentina,1573.74,1622.22,7.0,13.0,5.0,8.0,0.0,0.0,D,0.0,0.0,D,7.0,2.0,1.0,0.0,18.0,10.0,3.0,1.0,1.0,2.0,0.0,0.0,2.53,3.03,3.1
I1,2021-05-12,Atalanta,Benevento,1846.11,1532.68,7.0,11.0,0.0,1.0,2.0,0.0,H,1.0,0.0,H,14.0,3.0,4.0,1.0,19.0,11.0,7.0,5.0,2.0,5.0,0.0,1.0,1.18,7.78,14.91
I1,2021-05-12,Bologna,Genoa,1612.13,1594.25,2.0,6.0,3.0,4.0,0.0,2.0,A,0.0,1.0,A,17.0,12.0,8.0,9.0,9.0,11.0,12.0,4.0,1.0,3.0,0.0,0.0,2.39,3.35,3.04
I1,2021-05-12,Inter,Roma,1892.47,1745.44,9.0,11.0,3.0,4.0,3.0,1.0,H,2.0,1.0,H,13.0,17.0,5.0,6.0,4.0,12.0,5.0,8.0,0.0,4.0,0.0,0.0,1.68,4.08,4.82
I1,2021-05-12,Lazio,Parma,1769.26,1513.02,6.0,9.0,0.0,0.0,1.0,0.0,H,0.0,0.0,D,14.0,11.0,6.0,5.0,13.0,14.0,7.0,2.0,1.0,3.0,0.0,0.0,1.21,6.92,12.91
I1,2021-05-12,Sampdoria,Spezia,1621.91,1519.68,3.0,9.0,1.0,2.0,2.0,2.0,D,1.0,1.0,D,14.0,12.0,6.0,7.0,9.0,17.0,5.0,5.0,2.0,2.0,0.0,0.0,2.56,3.58,2.65
I1,2021-05-12,Sassuolo,Juventus,1676.1,1842.21,7.0,13.0,4.0,7.0,1.0,3.0,A,0.0,2.0,A,17.0,14.0,3.0,8.0,10.0,12.0,3.0,5.0,1.0,2.0,0.0,0.0,4.82,4.23,1.66
I1,2021-05-12,Torino,Milan,1606.67,1757.23,4.0,8.0,6.0,9.0,0.0,7.0,A,0.0,2.0,A,14.0,14.0,1.0,11.0,13.0,15.0,2.0,3.0,2.0,1.0,0.0,0.0,3.88,3.96,1.87
I1,2021-05-13,Crotone,Verona,1471.06,1592.88,3.0,3.0,2.0,2.0,2.0,1.0,H,1.0,0.0,H,9.0,11.0,4.0,2.0,20.0,11.0,0.0,9.0,3.0,1.0,0.0,0.0,3.77,3.9,1.91
I1,2021-05-15,Genoa,Atalanta,1598.74,1848.55,3.0,7.0,7.0,11.0,3.0,4.0,A,0.0,3.0,A,10.0,14.0,7.0,7.0,13.0,8.0,2.0,4.0,1.0,2.0,0.0,0.0,12.35,6.59,1.23
I1,2021-05-15,Spezia,Torino,1522.3,1599.62,2.0,3.0,4.0,5.0,4.0,1.0,H,2.0,0.0,H,14.0,6.0,11.0,3.0,25.0,17.0,3.0,6.0,3.0,5.0,0.0,0.0,3.24,3.0,2.46
I1,2021-05-15,Juventus,Inter,1834.44,1903.55,6.0,10.0,9.0,13.0,3.0,2.0,H,2.0,1.0,H,13.0,7.0,7.0,3.0,10.0,18.0,4.0,3.0,5.0,5.0,1.0,1.0,2.19,3.64,3.17
I1,2021-05-15,Roma,Lazio,1732.62,1759.85,3.0,4.0,6.0,9.0,2.0,0.0,H,1.0,0.0,H,13.0,10.0,2.0,5.0,8.0,8.0,4.0,4.0,2.0,2.0,0.0,1.0,3.07,3.57,2.28
I1,2021-05-16,Fiorentina,Napoli,1638.58,1803.17,5.0,9.0,7.0,13.0,0.0,2.0,A,0.0,0.0,D,7.0,18.0,3.0,8.0,15.0,9.0,3.0,6.0,5.0,1.0,1.0,0.0,5.72,4.68,1.52
I1,2021-05-16,Benevento,Crotone,1516.79,1475.69,0.0,1.0,3.0,6.0,1.0,1.0,D,1.0,0.0,H,19.0,6.0,11.0,2.0,12.0,19.0,8.0,4.0,2.0,2.0,0.0,1.0,1.5,4.67,6.03
I1,2021-05-16,Udinese,Sampdoria,1602.77,1628.18,1.0,4.0,4.0,7.0,0.0,1.0,A,0.0,0.0,D,9.0,15.0,2.0,6.0,12.0,13.0,6.0,3.0,3.0,1.0,0.0,0.0,2.47,3.46,2.84
I1,2021-05-16,Parma,Sassuolo,1503.32,1679.21,0.0,0.0,4.0,10.0,1.0,3.0,A,1.0,1.0,D,16.0,15.0,8.0,12.0,13.0,13.0,2.0,12.0,1.0,0.0,0.0,0.0,5.52,4.43,1.56
I1,2021-05-16,Milan,Cagliari,1793.7,1591.81,9.0,9.0,5.0,11.0,0.0,0.0,D,0.0,0.0,D,20.0,6.0,4.0,2.0,8.0,8.0,9.0,7.0,2.0,2.0,0.0,0.0,1.42,4.79,7.46
I1,2021-05-17,Verona,Bologna,1579.29,1598.81,2.0,2.0,2.0,3.0,2.0,2.0,D,1.0,1.0,D,11.0,13.0,5.0,5.0,19.0,17.0,4.0,4.0,3.0,3.0,0.0,0.0,2.49,3.21,3.0
I1,2021-05-18,Lazio,Torino,1759.85,1599.62,3.0,9.0,1.0,4.0,0.0,0.0,D,0.0,0.0,D,21.0,6.0,11.0,4.0,11.0,13.0,4.0,0.0,4.0,0.0,0.0,0.0,2.11,3.25,3.77
I1,2021-05-22,Cagliari,Genoa,1591.81,1598.74,5.0,9.0,3.0,6.0,0.0,1.0,A,0.0,1.0,A,16.0,11.0,7.0,5.0,9.0,13.0,8.0,4.0,1.0,4.0,0.0,1.0,2.09,3.51,3.54
I1,2021-05-22,Crotone,Fiorentina,1475.69,1638.58,4.0,7.0,4.0,6.0,0.0,0.0,D,0.0,0.0,D,12.0,11.0,4.0,3.0,11.0,10.0,6.0,5.0,2.0,2.0,0.0,0.0,3.65,4.03,1.91
I1,2021-05-22,Sampdoria,Parma,1628.18,1503.32,4.0,7.0,0.0,0.0,3.0,0.0,H,2.0,0.0,H,12.0,11.0,4.0,1.0,10.0,12.0,2.0,4.0,1.0,1.0,0.0,0.0,1.78,4.27,4.01
I1,2021-05-23,Inter,Udinese,1903.55,1602.77,6.0,12.0,1.0,4.0,5.0,1.0,H,2.0,0.0,H,14.0,8.0,9.0,2.0,13.0,16.0,3.0,2.0,1.0,0.0,0.0,0.0,1.39,5.37,7.12
I1,2021-05-23,Atalanta,Milan,1848.55,1793.7,9.0,13.0,7.0,10.0,0.0,2.0,A,0.0,1.0,A,11.0,7.0,1.0,3.0,17.0,11.0,3.0,0.0,3.0,3.0,1.0,0.0,2.45,4.07,2.55
I1,2021-05-23,Bologna,Juventus,1598.81,1834.44,2.0,3.0,6.0,10.0,1.0,4.0,A,0.0,3.0,A,18.0,19.0,5.0,11.0,7.0,16.0,3.0,0.0,1.0,2.0,0.0,0.0,11.64,6.62,1.24
I1,2021-05-23,Napoli,Verona,1803.17,1579.29,9.0,13.0,2.0,3.0,1.0,1.0,D,0.0,0.0,D,16.0,7.0,3.0,4.0,13.0,25.0,5.0,3.0,3.0,4.0,0.0,0.0,1.2,7.24,13.39
I1,2021-05-23,Sassuolo,Lazio,1679.21,1759.85,6.0,10.0,4.0,7.0,2.0,0.0,H,1.0,0.0,H,10.0,9.0,5.0,2.0,11.0,15.0,3.0,3.0,2.0,1.0,1.0,0.0,1.93,4.34,3.38
I1,2021-05-23,Spezia,Roma,1522.3,1732.62,4.0,5.0,6.0,6.0,2.0,2.0,D,2.0,0.0,H,18.0,14.0,9.0,10.0,13.0,14.0,5.0,2.0,0.0,1.0,0.0,0.0,5.08,4.65,1.58
I1,2021-05-23,Torino,Benevento,1599.62,1516.79,1.0,5.0,1.0,1.0,1.0,1.0,D,1.0,0.0,H,12.0,9.0,7.0,3.0,17.0,10.0,8.0,3.0,0.0,2.0,0.0,0.0,1.8,4.24,3.91
I1,2021-08-21,Inter,Genoa,1898.13,1604.81,6.0,12.0,6.0,6.0,4.0,0.0,H,2.0,0.0,H,17.0,11.0,8.0,5.0,18.0,7.0,8.0,2.0,1.0,2.0,0.0,0.0,1.35,5.16,8.94
I1,2021-08-21,Verona,Sassuolo,1585.23,1697.34,2.0,4.0,6.0,10.0,2.0,3.0,A,0.0,1.0,A,12.0,15.0,4.0,8.0,11.0,12.0,7.0,4.0,3.0,2.0,1.0,0.0,2.61,3.43,2.69
I1,2021-08-21,Empoli,Lazio,1543.62,1732.32,6.0,7.0,1.0,4.0,1.0,3.0,A,1.0,3.0,A,16.0,8.0,5.0,5.0,13.0,10.0,5.0,3.0,2.0,1.0,0.0,0.0,4.71,3.9,1.73
I1,2021-08-21,Torino,Atalanta,1586.18,1836.63,2.0,3.0,6.0,10.0,1.0,2.0,A,0.0,1.0,A,19.0,6.0,8.0,2.0,17.0,13.0,5.0,1.0,2.0,2.0,0.0,0.0,5.43,4.23,1.6
I1,2021-08-22,Bologna,Salernitana,1593.51,1484.49,1.0,3.0,9.0,12.0,3.0,2.0,H,0.0,0.0,D,18.0,8.0,7.0,4.0,13.0,15.0,9.0,4.0,6.0,3.0,2.0,1.0,1.65,4.04,5.15
I1,2021-08-22,Udinese,Juventus,1590.84,1849.13,0.0,1.0,9.0,12.0,2.0,2.0,D,0.0,2.0,A,11.0,11.0,6.0,4.0,11.0,12.0,3.0,3.0,1.0,3.0,0.0,0.0,7.21,4.35,1.47
I1,2021-08-22,Napoli,Venezia,1803.56,1494.07,7.0,11.0,3.0,6.0,2.0,0.0,H,0.0,0.0,D,13.0,8.0,4.0,4.0,5.0,22.0,2.0,2.0,1.0,7.0,1.0,0.0,1.24,6.38,11.79
I1,2021-08-22,Roma,Fiorentina,1738.82,1628.54,4.0,7.0,2.0,6.0,3.0,1.0,H,1.0,0.0,H,11.0,11.0,6.0,8.0,12.0,14.0,4.0,4.0,3.0,2.0,1.0,1.0,1.77,3.85,4.5
I1,2021-08-23,Cagliari,Spezia,1588.59,1542.16,2.0,6.0,5.0,6.0,2.0,2.0,D,0.0,1.0,A,16.0,13.0,10.0,6.0,17.0,17.0,11.0,4.0,2.0,3.0,0.0,0.0,1.98,3.61,3.78
I1,2021-08-23,Sampdoria,Milan,1643.21,1802.77,7.0,10.0,7.0,13.0,0.0,1.0,A,0.0,1.0,A,11.0,10.0,3.0,4.0,16.0,14.0,8.0,3.0,3.0,1.0,0.0,0.0,4.02,3.5,1.96
I1,2021-08-27,Udinese,Venezia,1590.84,1494.07,1.0,2.0,2.0,6.0,3.0,0.0,H,1.0,0.0,H,18.0,8.0,10.0,3.0,11.0,8.0,7.0,2.0,2.0,3.0,0.0,0.0,1.77,3.67,4.95
I1,2021-08-27,Verona,Inter,1585.23,1898.13,2.0,3.0,6.0,12.0,1.0,3.0,A,1.0,0.0,H,4.0,15.0,1.0,8.0,13.0,12.0,6.0,4.0,2.0,2.0,0.0,0.0,5.58,4.17,1.61
I1,2021-08-28,Atalanta,Bologna,1836.63,1593.51,6.0,12.0,4.0,5.0,0.0,0.0,D,0.0,0.0,D,21.0,3.0,3.0,1.0,11.0,14.0,5.0,5.0,2.0,5.0,0.0,0.0,1.33,5.59,8.73
I1,2021-08-28,Lazio,Spezia,1732.32,1542.16,4.0,7.0,5.0,6.0,6.0,1.0,H,3.0,1.0,H,18.0,5.0,10.0,2.0,12.0,9.0,4.0,2.0,0.0,2.0,0.0,1.0,1.36,5.23,8.74
I1,2021-08-28,Fiorentina,Torino,1628.54,1586.18,1.0,5.0,2.0,2.0,2.0,1.0,H,1.0,0.0,H,10.0,4.0,7.0,1.0,13.0,28.0,3.0,3.0,4.0,5.0,0.0,0.0,2.21,3.45,3.31
I1,2021-08-28,Juventus,Empoli,1849.13,1543.62,7.0,10.0,3.0,6.0,0.0,1.0,A,0.0,1.0,A,20.0,9.0,6.0,3.0,11.0,6.0,8.0,9.0,2.0,3.0,0.0,0.0,1.26,6.25,11.51
I1,2021-08-29,Genoa,Napoli,1604.81,1803.56,3.0,6.0,7.0,13.0,1.0,2.0,A,0.0,1.0,A,7.0,12.0,3.0,8.0,17.0,15.0,4.0,5.0,2.0,3.0,0.0,0.0,6.06,4.31,1.55
I1,2021-08-29,Sassuolo,Sampdoria,1697.34,1643.21,9.0,12.0,6.0,7.0,0.0,0.0,D,0.0,0.0,D,19.0,13.0,6.0,3.0,9.0,14.0,8.0,6.0,2.0,2.0,0.0,0.0,2.02,3.68,3.61
I1,2021-08-29,Milan,Cagliari,1802.77,1588.59,7.0,13.0,2.0,6.0,4.0,1.0,H,4.0,1.0,H,17.0,6.0,5.0,2.0,12.0,11.0,8.0,3.0,1.0,5.0,0.0,0.0,1.44,4.74,7.29
I1,2021-08-29,Salernitana,Roma,1484.49,1738.82,6.0,9.0,7.0,10.0,0.0,4.0,A,0.0,0.0,D,4.0,21.0,0.0,10.0,12.0,11.0,1.0,10.0,2.0,2.0,0.0,0.0,5.55,4.24,1.6
I1,2021-09-11,Empoli,Venezia,1554.88,1485.83,6.0,9.0,1.0,3.0,1.0,2.0,A,0.0,1.0,A,17.0,10.0,6.0,3.0,12.0,21.0,8.0,2.0,2.0,5.0,0.0,0.0,1.83,3.83,4.23
I1,2021-09-11,Napoli,Juventus,1811.83,1829.92,7.0,13.0,4.0,10.0,2.0,1.0,H,0.0,1.0,A,24.0,7.0,7.0,4.0,14.0,16.0,13.0,1.0,2.0,1.0,0.0,0.0,2.43,3.47,2.89
I1,2021-09-11,Atalanta,Fiorentina,1834.96,1630.2,4.0,10.0,4.0,5.0,1.0,2.0,A,0.0,1.0,A,10.0,7.0,5.0,2.0,14.0,19.0,10.0,3.0,5.0,4.0,0.0,0.0,1.58,4.21,5.69
I1,2021-09-12,Sampdoria,Inter,1643.07,1906.73,4.0,8.0,9.0,12.0,2.0,2.0,D,1.0,2.0,A,12.0,8.0,3.0,3.0,12.0,13.0,4.0,4.0,4.0,4.0,0.0,0.0,5.04,4.07,1.66
I1,2021-09-12,Cagliari,Genoa,1583.57,1599.16,1.0,3.0,3.0,6.0,2.0,3.0,A,1.0,0.0,H,8.0,9.0,3.0,3.0,15.0,15.0,2.0,6.0,2.0,3.0,0.0,0.0,2.11,3.43,3.59
I1,2021-09-12,Spezia,Udinese,1540.33,1606.19,2.0,6.0,4.0,4.0,0.0,1.0,A,0.0,0.0,D,20.0,8.0,5.0,4.0,12.0,14.0,4.0,5.0,1.0,2.0,0.0,0.0,3.12,3.45,2.31
I1,2021-09-12,Torino,Salernitana,1579.03,1476.0,1.0,2.0,3.0,9.0,4.0,0.0,H,1.0,0.0,H,15.0,7.0,7.0,2.0,10.0,11.0,7.0,4.0,0.0,2.0,0.0,0.0,1.6,4.08,5.79
I1,2021-09-12,Milan,Lazio,1814.1,1746.72,9.0,13.0,6.0,7.0,2.0,0.0,H,1.0,0.0,H,17.0,7.0,3.0,5.0,9.0,18.0,5.0,1.0,1.0,4.0,0.0,0.0,2.21,3.55,3.22
I1,2021-09-12,Roma,Sassuolo,1758.1,1702.42,7.0,10.0,7.0,10.0,2.0,1.0,H,1.0,0.0,H,19.0,13.0,9.0,7.0,7.0,11.0,4.0,6.0,2.0,1.0,0.0,0.0,1.59,4.71,5.01
I1,2021-09-13,Bologna,Verona,1606.64,1577.64,4.0,5.0,1.0,2.0,1.0,0.0,H,0.0,0.0,D,13.0,5.0,4.0,1.0,14.0,21.0,6.0,2.0,1.0,3.0,0.0,0.0,2.14,3.68,3.26
I1,2021-09-17,Sassuolo,Torino,1700.29,1591.44,4.0,10.0,3.0,5.0,0.0,1.0,A,0.0,0.0,D,9.0,18.0,1.0,6.0,7.0,20.0,6.0,3.0,0.0,4.0,0.0,0.0,1.8,3.95,4.29
I1,2021-09-18,Genoa,Fiorentina,1611.19,1647.29,3.0,6.0,6.0,7.0,1.0,2.0,A,0.0,0.0,D,9.0,16.0,3.0,5.0,13.0,16.0,1.0,11.0,4.0,4.0,0.0,0.0,3.4,3.34,2.23
I1,2021-09-18,Inter,Bologna,1904.37,1616.11,7.0,10.0,7.0,8.0,6.0,1.0,H,3.0,0.0,H,19.0,7.0,11.0,2.0,10.0,9.0,5.0,1.0,0.0,3.0,0.0,0.0,1.39,5.05,8.04
I1,2021-09-18,Salernitana,Atalanta,1470.18,1826.59,0.0,6.0,4.0,7.0,0.0,1.0,A,0.0,0.0,D,11.0,10.0,1.0,3.0,21.0,13.0,6.0,4.0,4.0,4.0,0.0,0.0,10.01,5.56,1.31
I1,2021-09-19,Empoli,Sampdoria,1547.17,1652.01,3.0,6.0,2.0,8.0,0.0,3.0,A,0.0,1.0,A,15.0,14.0,4.0,7.0,10.0,10.0,8.0,8.0,2.0,2.0,0.0,0.0,2.59,3.59,2.63
I1,2021-09-19,Venezia,Spezia,1500.13,1536.22,3.0,5.0,1.0,5.0,1.0,2.0,A,0.0,1.0,A,14.0,12.0,3.0,3.0,13.0,10.0,3.0,10.0,4.0,1.0,0.0,0.0,2.45,3.47,2.87
I1,2021-09-19,Lazio,Cagliari,1742.57,1578.13,6.0,7.0,1.0,2.0,2.0,2.0,D,1.0,0.0,H,28.0,10.0,10.0,3.0,3.0,11.0,10.0,1.0,1.0,3.0,0.0,1.0,1.45,4.72,6.9
I1,2021-09-19,Verona,Roma,1574.75,1766.82,0.0,2.0,9.0,13.0,3.0,2.0,H,0.0,1.0,A,10.0,15.0,6.0,2.0,14.0,13.0,3.0,8.0,4.0,2.0,0.0,0.0,4.03,3.85,1.87
I1,2021-09-19,Juventus,Milan,1833.09,1824.83,1.0,7.0,9.0,13.0,1.0,1.0,D,1.0,0.0,H,9.0,13.0,4.0,3.0,13.0,16.0,4.0,4.0,1.0,1.0,0.0,0.0,2.13,3.55,3.43
I1,2021-09-20,Udinese,Napoli,1616.89,1822.35,7.0,7.0,9.0,13.0,0.0,4.0,A,0.0,2.0,A,9.0,18.0,1.0,8.0,10.0,11.0,2.0,5.0,2.0,1.0,0.0,0.0,4.39,3.59,1.86
I1,2021-09-21,Bologna,Genoa,1616.11,1611.19,4.0,7.0,3.0,6.0,2.0,2.0,D,0.0,0.0,D,17.0,11.0,6.0,6.0,14.0,15.0,7.0,2.0,3.0,4.0,0.0,0.0,2.02,3.44,3.9
I1,2021-09-21,Atalanta,Sassuolo,1826.59,1700.29,4.0,7.0,1.0,7.0,2.0,1.0,H,2.0,1.0,H,14.0,8.0,5.0,1.0,17.0,16.0,5.0,5.0,2.0,2.0,0.0,0.0,1.53,4.5,6.0
I1,2021-09-21,Fiorentina,Inter,1647.29,1904.37,9.0,10.0,7.0,13.0,1.0,3.0,A,1.0,0.0,H,14.0,17.0,6.0,5.0,11.0,15.0,4.0,8.0,2.0,3.0,1.0,0.0,3.73,3.65,2.0
I1,2021-09-22,Salernitana,Verona,1470.18,1574.75,0.0,3.0,3.0,4.0,2.0,2.0,D,1.0,2.0,A,15.0,10.0,4.0,5.0,13.0,17.0,4.0,5.0,2.0,3.0,0.0,0.0,3.63,3.42,2.09
I1,2021-09-22,Spezia,Juventus,1536.22,1833.09,3.0,5.0,1.0,5.0,2.0,3.0,A,1.0,1.0,D,10.0,26.0,5.0,9.0,14.0,10.0,5.0,15.0,2.0,1.0,0.0,0.0,8.62,5.21,1.36
I1,2021-09-22,Cagliari,Empoli,1578.13,1547.17,1.0,2.0,3.0,6.0,0.0,2.0,A,0.0,1.0,A,16.0,17.0,1.0,5.0,15.0,13.0,7.0,4.0,2.0,1.0,0.0,0.0,2.03,3.68,3.56
I1,2021-09-22,Milan,Venezia,1824.83,1500.13,7.0,13.0,3.0,4.0,2.0,0.0,H,0.0,0.0,D,15.0,8.0,4.0,2.0,12.0,13.0,4.0,4.0,0.0,2.0,0.0,0.0,1.25,6.21,12.07
I1,2021-09-23,Sampdoria,Napoli,1652.01,1822.35,5.0,8.0,9.0,13.0,0.0,4.0,A,0.0,2.0,A,13.0,17.0,5.0,9.0,10.0,7.0,5.0,5.0,2.0,1.0,0.0,0.0,4.28,3.78,1.83
I1,2021-09-23,Torino,Lazio,1591.44,1742.57,6.0,7.0,4.0,7.0,1.0,1.0,D,0.0,0.0,D,16.0,6.0,5.0,2.0,19.0,9.0,6.0,5.0,3.0,3.0,0.0,0.0,3.34,3.44,2.2
I1,2021-09-23,Roma,Udinese,1766.82,1616.89,6.0,10.0,6.0,7.0,1.0,0.0,H,1.0,0.0,H,12.0,8.0,2.0,3.0,22.0,8.0,6.0,6.0,4.0,1.0,1.0,0.0,1.54,4.36,6.05
I1,2021-09-25,Spezia,Milan,1531.15,1811.06,3.0,4.0,7.0,13.0,1.0,2.0,A,0.0,0.0,D,8.0,18.0,2.0,5.0,12.0,11.0,2.0,4.0,2.0,2.0,0.0,0.0,6.7,4.54,1.48
I1,2021-09-25,Inter,Atalanta,1889.11,1831.06,7.0,13.0,6.0,10.0,2.0,2.0,D,1.0,2.0,A,19.0,23.0,6.0,5.0,13.0,11.0,4.0,11.0,3.0,5.0,0.0,0.0,1.99,3.69,3.71
I1,2021-09-25,Genoa,Verona,1594.86,1578.23,4.0,4.0,4.0,4.0,3.0,3.0,D,0.0,1.0,A,10.0,12.0,4.0,7.0,13.0,13.0,3.0,2.0,3.0,2.0,0.0,0.0,2.78,3.18,2.7
I1,2021-09-26,Juventus,Sampdoria,1838.94,1642.52,4.0,5.0,4.0,5.0,3.0,2.0,H,2.0,1.0,H,16.0,5.0,6.0,3.0,22.0,16.0,4.0,2.0,4.0,3.0,0.0,0.0,1.35,5.26,8.91
I1,2021-09-26,Empoli,Bologna,1554.83,1590.88,3.0,6.0,4.0,8.0,4.0,2.0,H,2.0,1.0,H,15.0,20.0,7.0,5.0,15.0,22.0,2.0,10.0,2.0,2.0,0.0,0.0,2.63,3.64,2.57
I1,2021-09-26,Sassuolo,Salernitana,1679.73,1460.11,0.0,4.0,1.0,1.0,1.0,0.0,H,0.0,0.0,D,17.0,12.0,6.0,5.0,16.0,16.0,4.0,8.0,3.0,3.0,0.0,0.0,1.43,4.79,7.45
I1,2021-09-26,Udinese,Fiorentina,1589.46,1650.73,3.0,7.0,6.0,9.0,0.0,1.0,A,0.0,1.0,A,12.0,8.0,5.0,2.0,14.0,11.0,4.0,1.0,2.0,3.0,0.0,0.0,3.07,3.43,2.34
I1,2021-09-26,Lazio,Roma,1729.13,1753.57,2.0,8.0,6.0,12.0,3.0,2.0,H,2.0,1.0,H,9.0,20.0,4.0,8.0,11.0,13.0,1.0,9.0,2.0,4.0,0.0,0.0,2.67,3.47,2.63
I1,2021-09-26,Napoli,Cagliari,1820.05,1558.09,9.0,15.0,1.0,2.0,2.0,0.0,H,1.0,0.0,H,18.0,6.0,7.0,1.0,12.0,10.0,6.0,4.0,2.0,1.0,0.0,0.0,1.26,6.1,11.56
I1,2021-09-27,Venezia,Torino,1484.31,1595.5,3.0,3.0,7.0,7.0,1.0,1.0,D,0.0,0.0,D,8.0,8.0,2.0,3.0,9.0,18.0,4.0,1.0,1.0,4.0,0.0,1.0,3.54,3.48,2.11
I1,2021-10-01,Cagliari,Venezia,1558.09,1484.31,1.0,1.0,1.0,4.0,1.0,1.0,D,1.0,0.0,H,9.0,10.0,3.0,4.0,15.0,19.0,2.0,4.0,2.0,5.0,0.0,0.0,1.88,3.54,4.39
I1,2021-10-02,Salernitana,Genoa,1460.11,1594.86,1.0,1.0,2.0,5.0,1.0,0.0,H,0.0,0.0,D,10.0,19.0,4.0,4.0,15.0,17.0,10.0,8.0,2.0,2.0,0.0,0.0,2.96,3.24,2.51
I1,2021-10-02,Torino,Juventus,1595.5,1838.94,5.0,8.0,7.0,7.0,0.0,1.0,A,0.0,0.0,D,12.0,10.0,2.0,3.0,20.0,14.0,4.0,6.0,3.0,1.0,0.0,0.0,4.46,3.53,1.86
I1,2021-10-02,Sassuolo,Inter,1679.73,1889.11,3.0,4.0,7.0,11.0,1.0,2.0,A,1.0,0.0,H,12.0,18.0,8.0,3.0,10.0,19.0,6.0,8.0,4.0,2.0,0.0,0.0,4.47,4.24,1.71
I1,2021-10-03,Bologna,Lazio,1590.88,1729.13,1.0,5.0,5.0,8.0,3.0,0.0,H,2.0,0.0,H,10.0,8.0,3.0,4.0,5.0,16.0,3.0,3.0,2.0,5.0,0.0,1.0,3.21,3.58,2.21
I1,2021-10-03,Sampdoria,Udinese,1642.52,1589.46,3.0,5.0,0.0,6.0,3.0,3.0,D,1.0,2.0,A,13.0,18.0,3.0,7.0,12.0,15.0,6.0,8.0,4.0,5.0,0.0,0.0,2.18,3.36,3.49
I1,2021-10-03,Verona,Spezia,1578.23,1531.15,5.0,5.0,3.0,3.0,4.0,0.0,H,3.0,0.0,H,6.0,12.0,4.0,4.0,15.0,11.0,1.0,5.0,1.0,1.0,0.0,1.0,1.67,4.14,4.89
I1,2021-10-03,Fiorentina,Napoli,1650.73,1820.05,6.0,12.0,9.0,15.0,1.0,2.0,A,1.0,1.0,D,10.0,12.0,3.0,6.0,16.0,13.0,8.0,2.0,3.0,3.0,0.0,0.0,3.92,3.52,1.98
I1,2021-10-03,Roma,Empoli,1753.57,1554.83,3.0,9.0,6.0,9.0,2.0,0.0,H,1.0,0.0,H,18.0,11.0,7.0,3.0,11.0,16.0,5.0,5.0,2.0,3.0,0.0,0.0,1.42,5.15,6.73
I1,2021-10-03,Atalanta,Milan,1831.06,1811.06,7.0,8.0,7.0,13.0,2.0,3.0,A,0.0,2.0,A,17.0,13.0,6.0,7.0,13.0,14.0,9.0,5.0,1.0,4.0,0.0,0.0,2.13,3.64,3.34
I1,2021-10-16,Spezia,Salernitana,1519.64,1470.57,0.0,3.0,4.0,4.0,2.0,1.0,H,0.0,1.0,A,18.0,15.0,5.0,4.0,13.0,15.0,10.0,2.0,2.0,3.0,0.0,0.0,2.19,3.33,3.44
I1,2021-10-16,Lazio,Inter,1711.16,1893.02,4.0,5.0,7.0,11.0,3.0,1.0,H,0.0,1.0,A,19.0,12.0,8.0,4.0,12.0,12.0,7.0,3.0,3.0,6.0,1.0,0.0,3.33,3.41,2.2
I1,2021-10-16,Milan,Verona,1820.6,1589.74,9.0,13.0,5.0,8.0,3.0,2.0,H,0.0,2.0,A,17.0,10.0,4.0,5.0,11.0,20.0,5.0,4.0,1.0,4.0,0.0,0.0,1.54,4.27,6.14
I1,2021-10-17,Cagliari,Sampdoria,1554.98,1639.91,1.0,2.0,1.0,5.0,3.0,1.0,H,1.0,0.0,H,12.0,17.0,5.0,3.0,14.0,18.0,5.0,9.0,4.0,2.0,0.0,0.0,2.6,3.38,2.74
I1,2021-10-17,Empoli,Atalanta,1550.93,1821.52,6.0,6.0,4.0,7.0,1.0,4.0,A,1.0,2.0,A,13.0,22.0,6.0,7.0,10.0,15.0,5.0,4.0,3.0,2.0,0.0,0.0,5.31,4.24,1.61
I1,2021-10-17,Genoa,Sassuolo,1584.4,1675.81,2.0,5.0,3.0,3.0,2.0,2.0,D,1.0,2.0,A,19.0,15.0,4.0,5.0,11.0,18.0,6.0,1.0,2.0,4.0,0.0,0.0,3.13,3.45,2.29
I1,2021-10-17,Udinese,Bologna,1592.06,1608.85,1.0,4.0,4.0,7.0,1.0,1.0,D,0.0,0.0,D,10.0,23.0,2.0,11.0,15.0,11.0,2.0,8.0,3.0,7.0,1.0,0.0,2.32,3.36,3.14
I1,2021-10-17,Napoli,Torino,1824.82,1592.13,9.0,15.0,2.0,8.0,1.0,0.0,H,0.0,0.0,D,10.0,11.0,3.0,3.0,6.0,20.0,3.0,4.0,2.0,4.0,0.0,0.0,1.42,4.68,7.78
I1,2021-10-17,Juventus,Roma,1842.3,1757.47,9.0,10.0,6.0,9.0,1.0,0.0,H,1.0,0.0,H,6.0,14.0,2.0,4.0,18.0,13.0,0.0,6.0,3.0,5.0,0.0,0.0,1.9,3.67,4.07
I1,2021-10-18,Venezia,Fiorentina,1487.42,1645.96,2.0,5.0,3.0,9.0,1.0,0.0,H,1.0,0.0,H,4.0,10.0,2.0,2.0,17.0,11.0,2.0,5.0,2.0,5.0,0.0,1.0,4.1,3.64,1.9
I1,2021-10-22,Torino,Genoa,1592.13,1584.4,1.0,5.0,2.0,3.0,3.0,2.0,H,2.0,0.0,H,17.0,14.0,6.0,4.0,20.0,18.0,2.0,4.0,2.0,3.0,0.0,0.0,1.73,3.76,4.99
I1,2021-10-22,Sampdoria,Spezia,1639.91,1519.64,1.0,4.0,3.0,6.0,2.0,1.0,H,2.0,0.0,H,6.0,17.0,2.0,7.0,9.0,9.0,0.0,8.0,3.0,1.0,0.0,0.0,1.84,3.89,4.14
I1,2021-10-23,Salernitana,Empoli,1470.57,1550.93,3.0,4.0,3.0,6.0,2.0,4.0,A,0.0,4.0,A,12.0,11.0,6.0,6.0,11.0,16.0,7.0,1.0,1.0,3.0,0.0,0.0,2.72,3.37,2.62
I1,2021-10-23,Sassuolo,Venezia,1675.81,1487.42,4.0,4.0,5.0,5.0,3.0,1.0,H,1.0,1.0,D,14.0,8.0,7.0,3.0,10.0,15.0,5.0,4.0,1.0,2.0,0.0,0.0,1.59,4.24,5.47
I1,2021-10-23,Bologna,Milan,1608.85,1820.6,4.0,5.0,9.0,13.0,2.0,4.0,A,0.0,2.0,A,9.0,15.0,4.0,7.0,7.0,15.0,4.0,1.0,1.0,3.0,2.0,0.0,3.34,3.5,2.16
I1,2021-10-24,Atalanta,Udinese,1806.95,1583.54,4.0,10.0,2.0,2.0,1.0,1.0,D,0.0,0.0,D,8.0,9.0,3.0,3.0,15.0,15.0,6.0,3.0,2.0,2.0,0.0,0.0,1.4,4.99,7.57
I1,2021-10-24,Fiorentina,Cagliari,1635.08,1543.21,3.0,6.0,4.0,5.0,3.0,0.0,H,2.0,0.0,H,21.0,3.0,5.0,1.0,11.0,15.0,4.0,1.0,0.0,2.0,0.0,0.0,1.68,3.99,4.93
I1,2021-10-24,Verona,Lazio,1608.28,1704.67,4.0,8.0,6.0,8.0,4.0,1.0,H,2.0,0.0,H,16.0,9.0,7.0,4.0,12.0,15.0,3.0,4.0,2.0,2.0,0.0,0.0,3.1,3.58,2.24
I1,2021-10-24,Roma,Napoli,1716.5,1822.8,3.0,6.0,9.0,15.0,0.0,0.0,D,0.0,0.0,D,13.0,11.0,1.0,3.0,14.0,10.0,7.0,4.0,4.0,1.0,0.0,0.0,2.86,3.51,2.43
I1,2021-10-24,Inter,Juventus,1870.98,1817.59,4.0,10.0,9.0,13.0,1.0,1.0,D,1.0,0.0,H,10.0,16.0,2.0,4.0,14.0,16.0,5.0,2.0,2.0,2.0,0.0,0.0,2.12,3.6,3.37
I1,2021-10-26,Spezia,Genoa,1503.28,1564.17,3.0,3.0,1.0,3.0,1.0,1.0,D,0.0,0.0,D,13.0,9.0,3.0,2.0,12.0,16.0,3.0,3.0,2.0,4.0,0.0,0.0,2.37,3.49,2.96
I1,2021-10-26,Venezia,Salernitana,1476.79,1452.58,4.0,5.0,3.0,4.0,1.0,2.0,A,1.0,0.0,H,8.0,21.0,4.0,7.0,17.0,13.0,4.0,5.0,3.0,3.0,1.0,0.0,1.98,3.44,4.0
I1,2021-10-26,Milan,Torino,1820.36,1596.72,9.0,15.0,3.0,5.0,1.0,0.0,H,1.0,0.0,H,10.0,12.0,2.0,2.0,14.0,21.0,2.0,5.0,3.0,3.0,0.0,0.0,1.64,3.94,5.47
I1,2021-10-27,Juventus,Sassuolo,1817.59,1668.97,7.0,13.0,4.0,7.0,1.0,2.0,A,0.0,1.0,A,14.0,8.0,3.0,4.0,21.0,15.0,4.0,4.0,1.0,5.0,0.0,0.0,1.44,4.84,6.83
I1,2021-10-27,Sampdoria,Atalanta,1600.98,1806.95,4.0,4.0,4.0,8.0,1.0,3.0,A,1.0,2.0,A,8.0,13.0,3.0,4.0,15.0,19.0,3.0,3.0,4.0,3.0,0.0,0.0,4.36,4.1,1.74
I1,2021-10-27,Udinese,Verona,1583.54,1608.28,3.0,3.0,6.0,8.0,1.0,1.0,D,1.0,0.0,H,16.0,5.0,5.0,2.0,13.0,12.0,7.0,4.0,1.0,2.0,0.0,0.0,2.47,3.3,2.93
I1,2021-10-27,Cagliari,Roma,1543.21,1716.5,4.0,4.0,4.0,7.0,1.0,2.0,A,0.0,0.0,D,7.0,22.0,5.0,3.0,16.0,16.0,2.0,10.0,3.0,4.0,0.0,0.0,4.94,4.18,1.65
I1,2021-10-27,Empoli,Inter,1554.38,1870.98,3.0,9.0,4.0,8.0,0.0,2.0,A,0.0,1.0,A,9.0,21.0,3.0,9.0,20.0,15.0,5.0,6.0,1.0,3.0,1.0,0.0,5.94,4.76,1.5
I1,2021-10-27,Lazio,Fiorentina,1704.67,1635.08,3.0,7.0,3.0,6.0,1.0,0.0,H,0.0,0.0,D,5.0,9.0,2.0,1.0,16.0,11.0,3.0,6.0,3.0,3.0,0.0,0.0,1.95,3.65,3.85
I1,2021-10-28,Napoli,Bologna,1822.8,1588.91,7.0,13.0,4.0,5.0,3.0,0.0,H,2.0,0.0,H,18.0,8.0,6.0,1.0,20.0,5.0,4.0,2.0,1.0,1.0,0.0,0.0,1.34,5.36,8.58
I1,2021-10-30,Atalanta,Lazio,1806.95,1704.67,7.0,8.0,6.0,9.0,2.0,2.0,D,1.0,1.0,D,17.0,8.0,3.0,5.0,13.0,13.0,6.0,2.0,1.0,3.0,0.0,0.0,1.93,3.89,3.68
I1,2021-10-30,Verona,Juventus,1608.28,1817.59,4.0,8.0,4.0,10.0,2.0,1.0,H,2.0,0.0,H,12.0,15.0,5.0,4.0,22.0,8.0,4.0,1.0,4.0,3.0,0.0,0.0,4.06,3.74,1.87
I1,2021-10-30,Torino,Sampdoria,1596.72,1600.98,3.0,4.0,3.0,4.0,3.0,0.0,H,1.0,0.0,H,16.0,5.0,6.0,1.0,19.0,8.0,4.0,5.0,2.0,4.0,0.0,1.0,1.92,3.67,3.93
I1,2021-10-31,Inter,Udinese,1870.98,1583.54,4.0,8.0,3.0,4.0,2.0,0.0,H,0.0,0.0,D,15.0,9.0,6.0,5.0,9.0,11.0,6.0,4.0,0.0,2.0,0.0,0.0,1.34,5.06,9.38
I1,2021-10-31,Fiorentina,Spezia,1635.08,1503.28,3.0,6.0,4.0,4.0,3.0,0.0,H,1.0,0.0,H,27.0,3.0,12.0,0.0,9.0,20.0,7.0,4.0,4.0,3.0,0.0,0.0,1.54,4.36,5.82
I1,2021-10-31,Genoa,Venezia,1564.17,1476.79,2.0,3.0,3.0,5.0,0.0,0.0,D,0.0,0.0,D,19.0,6.0,4.0,2.0,13.0,13.0,12.0,4.0,1.0,3.0,0.0,0.0,2.04,3.5,3.67
I1,2021-10-31,Sassuolo,Empoli,1668.97,1554.38,7.0,10.0,3.0,6.0,1.0,2.0,A,1.0,0.0,H,15.0,14.0,5.0,6.0,16.0,12.0,4.0,6.0,4.0,2.0,0.0,0.0,1.76,4.08,4.27
I1,2021-10-31,Salernitana,Napoli,1452.58,1822.8,3.0,6.0,7.0,13.0,0.0,1.0,A,0.0,0.0,D,9.0,18.0,3.0,3.0,11.0,13.0,4.0,4.0,0.0,2.0,1.0,1.0,9.93,5.46,1.31
I1,2021-10-31,Roma,Milan,1716.5,1820.36,4.0,7.0,9.0,15.0,1.0,2.0,A,0.0,1.0,A,24.0,8.0,6.0,3.0,19.0,13.0,6.0,2.0,4.0,7.0,0.0,1.0,2.33,3.52,2.96
I1,2021-11-01,Bologna,Cagliari,1588.91,1543.21,1.0,4.0,3.0,4.0,2.0,0.0,H,0.0,0.0,D,8.0,9.0,3.0,2.0,11.0,9.0,5.0,2.0,3.0,2.0,0.0,1.0,1.83,3.69,4.36
I1,2021-11-05,Empoli,Genoa,1554.38,1564.17,6.0,6.0,2.0,3.0,2.0,2.0,D,0.0,1.0,A,10.0,15.0,2.0,7.0,8.0,21.0,4.0,5.0,0.0,4.0,0.0,0.0,2.13,3.68,3.3
I1,2021-11-06,Spezia,Torino,1503.28,1596.72,1.0,4.0,6.0,6.0,1.0,0.0,H,0.0,0.0,D,7.0,9.0,3.0,1.0,15.0,17.0,2.0,3.0,3.0,3.0,0.0,0.0,3.56,3.56,2.07
I1,2021-11-06,Juventus,Fiorentina,1817.59,1635.08,1.0,7.0,6.0,6.0,1.0,0.0,H,0.0,0.0,D,13.0,6.0,3.0,1.0,15.0,15.0,5.0,5.0,2.0,4.0,0.0,1.0,1.62,4.02,5.59
I1,2021-11-06,Cagliari,Atalanta,1543.21,1806.95,0.0,4.0,5.0,8.0,1.0,2.0,A,1.0,2.0,A,7.0,21.0,1.0,8.0,11.0,9.0,2.0,7.0,1.0,1.0,0.0,0.0,6.09,4.53,1.51
I1,2021-11-07,Venezia,Roma,1476.79,1716.5,1.0,5.0,4.0,7.0,3.0,2.0,H,1.0,2.0,A,13.0,27.0,7.0,10.0,12.0,18.0,4.0,11.0,2.0,2.0,0.0,0.0,5.89,4.41,1.54
I1,2021-11-07,Sampdoria,Bologna,1600.98,1588.91,3.0,4.0,3.0,7.0,1.0,2.0,A,0.0,0.0,D,10.0,14.0,4.0,7.0,14.0,12.0,6.0,5.0,4.0,1.0,0.0,0.0,2.4,3.53,2.9
I1,2021-11-07,Udinese,Sassuolo,1583.54,1668.97,2.0,4.0,6.0,7.0,3.0,2.0,H,2.0,2.0,D,13.0,10.0,2.0,4.0,14.0,15.0,1.0,5.0,3.0,3.0,1.0,0.0,2.39,3.49,2.92
I1,2021-11-07,Lazio,Salernitana,1704.67,1452.58,4.0,7.0,3.0,6.0,3.0,0.0,H,2.0,0.0,H,16.0,5.0,5.0,0.0,7.0,14.0,5.0,1.0,1.0,2.0,0.0,0.0,1.31,5.6,9.32
I1,2021-11-07,Napoli,Verona,1822.8,1608.28,7.0,13.0,7.0,10.0,1.0,1.0,D,1.0,1.0,D,16.0,11.0,1.0,3.0,16.0,19.0,3.0,2.0,2.0,7.0,0.0,2.0,1.39,4.95,7.84
I1,2021-11-07,Milan,Inter,1820.36,1870.98,9.0,15.0,7.0,10.0,1.0,1.0,D,1.0,1.0,D,16.0,13.0,4.0,3.0,16.0,11.0,4.0,8.0,1.0,0.0,0.0,0.0,3.14,3.6,2.22
I1,2021-11-20,Atalanta,Spezia,1812.57,1514.5,7.0,11.0,4.0,7.0,5.0,2.0,H,3.0,1.0,H,18.0,10.0,9.0,5.0,10.0,11.0,0.0,6.0,2.0,3.0,0.0,0.0,1.26,6.48,10.39
I1,2021-11-20,Lazio,Juventus,1711.76,1827.06,7.0,10.0,3.0,7.0,0.0,2.0,A,0.0,1.0,A,8.0,11.0,1.0,5.0,12.0,15.0,3.0,2.0,3.0,1.0,0.0,0.0,3.04,3.41,2.35
I1,2021-11-20,Fiorentina,Milan,1634.04,1820.6,3.0,6.0,7.0,13.0,4.0,3.0,H,2.0,0.0,H,9.0,17.0,5.0,7.0,6.0,10.0,5.0,6.0,1.0,1.0,0.0,0.0,3.16,3.48,2.26
I1,2021-11-21,Sassuolo,Cagliari,1661.85,1534.33,3.0,7.0,0.0,3.0,2.0,2.0,D,1.0,1.0,D,20.0,11.0,4.0,4.0,13.0,10.0,6.0,5.0,1.0,2.0,0.0,0.0,1.65,4.23,4.95
I1,2021-11-21,Bologna,Venezia,1608.06,1491.56,6.0,7.0,4.0,7.0,0.0,1.0,A,0.0,0.0,D,22.0,8.0,6.0,6.0,6.0,9.0,17.0,0.0,0.0,3.0,0.0,0.0,1.64,4.05,5.27
I1,2021-11-21,Salernitana,Sampdoria,1450.94,1593.82,3.0,3.0,0.0,3.0,0.0,2.0,A,0.0,2.0,A,18.0,13.0,2.0,6.0,10.0,19.0,13.0,3.0,0.0,3.0,0.0,0.0,3.07,3.29,2.41
I1,2021-11-21,Inter,Napoli,1875.37,1822.06,7.0,8.0,7.0,11.0,3.0,2.0,H,2.0,1.0,H,17.0,9.0,7.0,3.0,15.0,16.0,4.0,1.0,4.0,3.0,0.0,0.0,2.25,3.45,3.22
I1,2021-11-21,Genoa,Roma,1567.14,1700.76,3.0,4.0,3.0,4.0,0.0,2.0,A,0.0,0.0,D,1.0,19.0,1.0,4.0,13.0,13.0,1.0,2.0,3.0,2.0,0.0,0.0,4.74,4.09,1.69
I1,2021-11-22,Verona,Empoli,1616.64,1555.42,5.0,8.0,4.0,7.0,2.0,1.0,H,0.0,0.0,D,22.0,9.0,5.0,4.0,7.0,13.0,1.0,3.0,1.0,3.0,0.0,0.0,1.76,3.99,4.39
I1,2021-11-22,Torino,Udinese,1589.49,1594.66,3.0,6.0,4.0,6.0,2.0,1.0,H,1.0,0.0,H,14.0,18.0,4.0,7.0,19.0,17.0,4.0,7.0,1.0,3.0,0.0,0.0,2.09,3.32,3.74
I1,2021-11-26,Cagliari,Salernitana,1540.53,1446.61,1.0,1.0,0.0,3.0,1.0,1.0,D,0.0,0.0,D,19.0,8.0,3.0,2.0,13.0,10.0,7.0,6.0,3.0,1.0,0.0,0.0,1.85,3.53,4.49
I1,2021-11-27,Empoli,Fiorentina,1561.52,1647.34,4.0,7.0,6.0,9.0,2.0,1.0,H,0.0,0.0,D,17.0,16.0,5.0,7.0,15.0,10.0,8.0,5.0,1.0,1.0,0.0,0.0,3.49,3.57,2.09
I1,2021-11-27,Sampdoria,Verona,1605.25,1610.38,3.0,6.0,7.0,11.0,3.0,1.0,H,0.0,1.0,A,15.0,14.0,5.0,3.0,13.0,16.0,4.0,5.0,4.0,1.0,0.0,0.0,2.88,3.36,2.49
I1,2021-11-27,Juventus,Atalanta,1823.31,1827.39,6.0,7.0,7.0,11.0,0.0,1.0,A,0.0,1.0,A,15.0,7.0,2.0,1.0,13.0,20.0,6.0,4.0,4.0,5.0,0.0,0.0,2.18,3.49,3.33
I1,2021-11-27,Venezia,Inter,1500.42,1888.81,7.0,7.0,7.0,11.0,0.0,2.0,A,0.0,1.0,A,6.0,27.0,1.0,11.0,9.0,4.0,3.0,9.0,2.0,0.0,0.0,0.0,8.18,4.84,1.39
I1,2021-11-28,Udinese,Genoa,1587.69,1563.45,3.0,5.0,2.0,3.0,0.0,0.0,D,0.0,0.0,D,17.0,8.0,3.0,2.0,18.0,11.0,8.0,1.0,3.0,4.0,0.0,0.0,1.81,3.56,4.66
I1,2021-11-28,Milan,Sassuolo,1804.3,1677.59,4.0,10.0,1.0,7.0,1.0,3.0,A,1.0,2.0,A,15.0,15.0,2.0,5.0,15.0,7.0,7.0,6.0,4.0,2.0,1.0,0.0,1.57,4.4,5.37
I1,2021-11-28,Spezia,Bologna,1507.03,1605.1,3.0,4.0,6.0,6.0,0.0,1.0,A,0.0,0.0,D,13.0,17.0,5.0,5.0,16.0,12.0,3.0,6.0,3.0,1.0,0.0,0.0,3.05,3.44,2.31
I1,2021-11-28,Roma,Torino,1719.95,1594.59,3.0,7.0,6.0,9.0,1.0,0.0,H,1.0,0.0,H,10.0,17.0,2.0,3.0,7.0,11.0,2.0,9.0,2.0,1.0,0.0,0.0,1.71,3.98,4.69
I1,2021-11-28,Napoli,Lazio,1814.43,1706.06,4.0,8.0,4.0,7.0,4.0,0.0,H,3.0,0.0,H,18.0,6.0,8.0,2.0,9.0,14.0,1.0,3.0,2.0,4.0,0.0,0.0,1.8,3.79,4.33
I1,2021-11-30,Atalanta,Venezia,1827.39,1500.42,9.0,13.0,6.0,7.0,4.0,0.0,H,2.0,0.0,H,19.0,8.0,6.0,4.0,11.0,9.0,4.0,2.0,0.0,1.0,0.0,0.0,1.24,6.25,12.62
I1,2021-11-30,Fiorentina,Sampdoria,1647.34,1605.25,3.0,6.0,6.0,6.0,3.0,1.0,H,3.0,1.0,H,17.0,11.0,7.0,4.0,6.0,16.0,3.0,6.0,0.0,3.0,0.0,0.0,1.72,3.81,5.03
I1,2021-11-30,Salernitana,Juventus,1446.61,1823.31,1.0,4.0,6.0,6.0,0.0,2.0,A,0.0,1.0,A,4.0,18.0,0.0,7.0,14.0,9.0,4.0,4.0,1.0,1.0,0.0,0.0,9.65,5.23,1.33
I1,2021-11-30,Verona,Cagliari,1610.38,1540.53,4.0,8.0,2.0,2.0,0.0,0.0,D,0.0,0.0,D,15.0,12.0,6.0,4.0,15.0,12.0,11.0,1.0,3.0,2.0,0.0,0.0,1.66,4.08,5.01
I1,2021-12-01,Bologna,Roma,1605.1,1719.95,6.0,9.0,6.0,9.0,1.0,0.0,H,1.0,0.0,H,6.0,13.0,3.0,5.0,9.0,18.0,3.0,3.0,3.0,4.0,0.0,0.0,3.07,3.54,2.27
I1,2021-12-01,Inter,Spezia,1888.81,1507.03,7.0,13.0,3.0,4.0,2.0,0.0,H,1.0,0.0,H,31.0,7.0,11.0,4.0,18.0,10.0,11.0,1.0,1.0,2.0,0.0,0.0,1.19,7.34,14.11
I1,2021-12-01,Genoa,Milan,1563.45,1804.3,2.0,4.0,1.0,7.0,0.0,3.0,A,0.0,2.0,A,10.0,18.0,3.0,5.0,11.0,16.0,2.0,6.0,2.0,1.0,0.0,0.0,5.16,4.13,1.63
I1,2021-12-01,Sassuolo,Napoli,1677.59,1814.43,4.0,7.0,4.0,10.0,2.0,2.0,D,0.0,0.0,D,9.0,9.0,7.0,4.0,10.0,19.0,5.0,4.0,4.0,2.0,0.0,0.0,3.98,3.86,1.86
I1,2021-12-02,Torino,Empoli,1594.59,1561.52,3.0,6.0,4.0,7.0,2.0,2.0,D,2.0,1.0,H,10.0,16.0,3.0,5.0,9.0,15.0,1.0,11.0,1.0,3.0,1.0,0.0,1.77,3.7,4.69
I1,2021-12-02,Lazio,Udinese,1706.06,1587.69,3.0,7.0,4.0,5.0,4.0,4.0,D,1.0,3.0,A,13.0,12.0,5.0,5.0,11.0,11.0,5.0,4.0,3.0,5.0,1.0,2.0,1.67,3.96,5.05
I1,2021-12-04,Milan,Salernitana,1804.3,1446.61,3.0,7.0,1.0,1.0,2.0,0.0,H,2.0,0.0,H,22.0,7.0,8.0,2.0,11.0,9.0,9.0,5.0,1.0,2.0,0.0,0.0,1.21,6.86,13.9
I1,2021-12-04,Roma,Inter,1719.95,1888.81,6.0,6.0,9.0,13.0,0.0,3.0,A,0.0,3.0,A,9.0,10.0,1.0,4.0,9.0,6.0,4.0,4.0,3.0,1.0,0.0,0.0,3.77,3.67,1.98
I1,2021-12-04,Napoli,Atalanta,1814.43,1827.39,4.0,8.0,9.0,13.0,2.0,3.0,A,1.0,1.0,D,15.0,21.0,4.0,7.0,16.0,18.0,6.0,7.0,2.0,3.0,0.0,0.0,2.48,3.52,2.8
I1,2021-12-05,Bologna,Fiorentina,1605.1,1647.34,6.0,12.0,6.0,9.0,2.0,3.0,A,1.0,1.0,D,8.0,6.0,3.0,3.0,12.0,15.0,0.0,2.0,3.0,3.0,0.0,0.0,2.83,3.26,2.58
I1,2021-12-05,Spezia,Sassuolo,1507.03,1677.59,0.0,3.0,5.0,5.0,2.0,2.0,D,1.0,0.0,H,9.0,20.0,4.0,5.0,11.0,9.0,2.0,5.0,4.0,3.0,0.0,0.0,3.32,3.76,2.09
I1,2021-12-05,Venezia,Verona,1500.42,1610.38,3.0,7.0,4.0,8.0,3.0,4.0,A,3.0,0.0,H,9.0,16.0,5.0,6.0,13.0,14.0,1.0,6.0,2.0,2.0,1.0,0.0,3.66,3.44,2.07
I1,2021-12-05,Sampdoria,Lazio,1605.25,1706.06,6.0,6.0,1.0,5.0,1.0,3.0,A,0.0,3.0,A,18.0,6.0,5.0,5.0,13.0,9.0,7.0,0.0,4.0,3.0,0.0,1.0,3.38,3.65,2.09
I1,2021-12-05,Juventus,Genoa,1823.31,1563.45,6.0,9.0,1.0,3.0,2.0,0.0,H,1.0,0.0,H,27.0,0.0,12.0,0.0,15.0,7.0,5.0,1.0,3.0,1.0,0.0,0.0,1.25,5.91,12.41
I1,2021-12-06,Empoli,Udinese,1561.52,1587.69,4.0,8.0,2.0,5.0,3.0,1.0,H,0.0,1.0,A,22.0,19.0,9.0,8.0,12.0,18.0,8.0,6.0,4.0,3.0,0.0,0.0,2.59,3.39,2.72
I1,2021-12-06,Cagliari,Torino,1540.53,1594.59,3.0,3.0,4.0,7.0,1.0,1.0,D,0.0,1.0,A,15.0,8.0,2.0,3.0,12.0,24.0,5.0,2.0,2.0,4.0,0.0,0.0,3.23,3.26,2.32
I1,2021-12-10,Genoa,Sampdoria,1537.29,1601.0,1.0,2.0,3.0,6.0,1.0,3.0,A,0.0,1.0,A,12.0,14.0,2.0,6.0,15.0,17.0,8.0,3.0,2.0,2.0,0.0,0.0,3.27,3.18,2.37
I1,2021-12-11,Fiorentina,Salernitana,1654.98,1433.19,6.0,9.0,1.0,1.0,4.0,0.0,H,1.0,0.0,H,17.0,11.0,9.0,6.0,9.0,11.0,1.0,3.0,1.0,1.0,0.0,0.0,1.32,5.41,9.59
I1,2021-12-11,Venezia,Juventus,1494.87,1814.69,0.0,6.0,6.0,12.0,1.0,1.0,D,0.0,1.0,A,13.0,20.0,4.0,6.0,20.0,10.0,3.0,11.0,4.0,2.0,0.0,0.0,8.54,4.8,1.39
I1,2021-12-11,Udinese,Milan,1579.6,1795.98,2.0,5.0,6.0,7.0,1.0,1.0,D,1.0,0.0,H,11.0,12.0,6.0,1.0,17.0,10.0,3.0,5.0,2.0,2.0,1.0,0.0,4.23,3.58,1.9
I1,2021-12-12,Torino,Bologna,1593.13,1593.02,2.0,5.0,6.0,9.0,2.0,1.0,H,1.0,0.0,H,16.0,8.0,7.0,5.0,16.0,18.0,5.0,0.0,2.0,4.0,0.0,0.0,2.28,3.23,3.37
I1,2021-12-12,Verona,Atalanta,1606.53,1822.01,4.0,8.0,9.0,15.0,1.0,2.0,A,1.0,1.0,D,19.0,14.0,4.0,6.0,12.0,10.0,6.0,6.0,2.0,1.0,0.0,0.0,3.74,3.9,1.92
I1,2021-12-12,Napoli,Empoli,1788.01,1582.79,4.0,5.0,7.0,8.0,0.0,1.0,A,0.0,0.0,D,30.0,12.0,6.0,5.0,8.0,11.0,10.0,3.0,0.0,1.0,0.0,0.0,1.36,5.26,8.4
I1,2021-12-12,Sassuolo,Lazio,1678.01,1691.36,5.0,6.0,4.0,7.0,2.0,1.0,H,0.0,1.0,A,17.0,6.0,6.0,2.0,9.0,11.0,6.0,0.0,1.0,2.0,1.0,0.0,2.67,3.55,2.56
I1,2021-12-12,Inter,Cagliari,1887.12,1532.23,9.0,13.0,3.0,4.0,4.0,0.0,H,1.0,0.0,H,24.0,5.0,15.0,2.0,9.0,13.0,9.0,0.0,1.0,2.0,0.0,0.0,1.18,7.45,15.53
I1,2021-12-13,Roma,Spezia,1703.86,1499.04,3.0,6.0,1.0,4.0,2.0,0.0,H,1.0,0.0,H,12.0,8.0,6.0,2.0,13.0,7.0,9.0,4.0,4.0,1.0,1.0,0.0,1.41,4.89,7.33
I1,2021-12-17,Lazio,Genoa,1691.36,1537.29,4.0,4.0,0.0,1.0,3.0,1.0,H,1.0,0.0,H,11.0,4.0,5.0,2.0,9.0,8.0,5.0,2.0,0.0,3.0,0.0,0.0,1.54,4.21,6.5
I1,2021-12-17,Salernitana,Inter,1433.19,1887.12,0.0,1.0,9.0,15.0,0.0,5.0,A,0.0,2.0,A,10.0,23.0,2.0,8.0,10.0,10.0,3.0,10.0,1.0,2.0,0.0,0.0,16.81,7.85,1.17
I1,2021-12-18,Atalanta,Roma,1822.01,1703.86,9.0,15.0,3.0,9.0,1.0,4.0,A,1.0,2.0,A,17.0,8.0,6.0,5.0,11.0,15.0,10.0,0.0,1.0,3.0,0.0,0.0,1.69,4.25,4.58
I1,2021-12-18,Bologna,Juventus,1593.02,1814.69,3.0,6.0,7.0,10.0,0.0,2.0,A,0.0,1.0,A,11.0,11.0,3.0,7.0,7.0,19.0,8.0,4.0,1.0,1.0,0.0,0.0,4.18,3.62,1.89
I1,2021-12-18,Cagliari,Udinese,1532.23,1579.6,2.0,4.0,2.0,3.0,0.0,4.0,A,0.0,2.0,A,5.0,10.0,2.0,5.0,12.0,14.0,4.0,2.0,4.0,2.0,1.0,0.0,3.01,3.3,2.45
I1,2021-12-19,Fiorentina,Sassuolo,1654.98,1678.01,9.0,12.0,5.0,9.0,2.0,2.0,D,0.0,2.0,A,23.0,8.0,8.0,4.0,7.0,14.0,9.0,3.0,3.0,5.0,1.0,0.0,1.89,3.84,3.93
I1,2021-12-19,Spezia,Empoli,1499.04,1582.79,1.0,1.0,7.0,10.0,1.0,1.0,D,0.0,0.0,D,9.0,22.0,2.0,6.0,20.0,9.0,3.0,5.0,3.0,2.0,0.0,0.0,2.65,3.65,2.53
I1,2021-12-19,Sampdoria,Venezia,1601.0,1494.87,3.0,9.0,1.0,4.0,1.0,1.0,D,1.0,0.0,H,18.0,12.0,8.0,1.0,8.0,17.0,4.0,3.0,2.0,1.0,0.0,0.0,1.79,3.76,4.55
I1,2021-12-19,Torino,Verona,1593.13,1606.53,5.0,8.0,4.0,7.0,1.0,0.0,H,1.0,0.0,H,8.0,8.0,1.0,2.0,15.0,7.0,5.0,3.0,1.0,2.0,0.0,1.0,2.23,3.37,3.34
I1,2021-12-19,Milan,Napoli,1795.98,1788.01,7.0,7.0,1.0,4.0,0.0,1.0,A,0.0,1.0,A,12.0,11.0,2.0,2.0,14.0,18.0,5.0,5.0,0.0,2.0,0.0,0.0,2.28,3.53,3.1
I1,2021-12-21,Genoa,Atalanta,1537.29,1822.01,0.0,1.0,6.0,12.0,0.0,0.0,D,0.0,0.0,D,1.0,17.0,0.0,3.0,13.0,15.0,3.0,8.0,2.0,1.0,0.0,0.0,7.66,5.03,1.41
I1,2021-12-21,Juventus,Cagliari,1814.69,1532.23,7.0,10.0,1.0,3.0,2.0,0.0,H,1.0,0.0,H,15.0,6.0,4.0,1.0,16.0,12.0,7.0,1.0,0.0,3.0,0.0,0.0,1.2,6.61,17.1
I1,2021-12-22,Sassuolo,Bologna,1678.01,1593.02,5.0,9.0,0.0,6.0,0.0,3.0,A,0.0,2.0,A,13.0,9.0,5.0,5.0,13.0,12.0,5.0,5.0,1.0,3.0,0.0,0.0,2.03,3.68,3.55
I1,2021-12-22,Venezia,Lazio,1494.87,1691.36,2.0,2.0,6.0,7.0,1.0,3.0,A,1.0,1.0,D,11.0,7.0,2.0,4.0,11.0,10.0,4.0,4.0,3.0,3.0,1.0,0.0,4.13,3.63,1.9
I1,2021-12-22,Inter,Torino,1887.12,1593.13,9.0,15.0,7.0,8.0,1.0,0.0,H,1.0,0.0,H,14.0,12.0,3.0,3.0,10.0,17.0,7.0,4.0,1.0,0.0,0.0,0.0,1.33,5.41,9.5
I1,2021-12-22,Roma,Sampdoria,1703.86,1601.0,6.0,9.0,4.0,7.0,1.0,1.0,D,0.0,0.0,D,15.0,10.0,4.0,2.0,6.0,8.0,10.0,2.0,0.0,3.0,0.0,0.0,1.57,4.32,5.62
I1,2021-12-22,Verona,Fiorentina,1606.53,1654.98,3.0,4.0,7.0,10.0,1.0,1.0,D,1.0,0.0,H,7.0,11.0,2.0,1.0,15.0,5.0,3.0,8.0,2.0,1.0,0.0,0.0,2.89,3.45,2.43
I1,2021-12-22,Empoli,Milan,1582.79,1795.98,7.0,11.0,4.0,7.0,2.0,4.0,A,1.0,2.0,A,16.0,18.0,5.0,8.0,18.0,10.0,7.0,3.0,1.0,2.0,0.0,0.0,4.46,3.99,1.76
I1,2021-12-22,Napoli,Spezia,1788.01,1499.04,3.0,7.0,2.0,2.0,0.0,1.0,A,0.0,1.0,A,25.0,8.0,7.0,0.0,14.0,12.0,10.0,5.0,2.0,3.0,0.0,0.0,1.25,6.27,12.17
I1,2022-01-06,Sampdoria,Cagliari,1601.48,1514.16,5.0,5.0,0.0,2.0,1.0,2.0,A,1.0,0.0,H,4.0,15.0,1.0,7.0,12.0,17.0,0.0,5.0,1.0,3.0,1.0,0.0,1.84,3.72,4.24
I1,2022-01-06,Lazio,Empoli,1702.2,1575.83,6.0,10.0,4.0,8.0,3.0,3.0,D,1.0,2.0,A,23.0,11.0,10.0,4.0,13.0,11.0,9.0,2.0,4.0,4.0,0.0,0.0,1.61,4.43,4.99
I1,2022-01-06,Spezia,Verona,1515.83,1599.7,4.0,5.0,1.0,5.0,1.0,2.0,A,0.0,0.0,D,9.0,22.0,3.0,5.0,14.0,11.0,6.0,7.0,3.0,2.0,1.0,0.0,3.56,3.54,2.07
I1,2022-01-06,Sassuolo,Genoa,1659.39,1538.16,4.0,6.0,1.0,1.0,1.0,1.0,D,0.0,1.0,A,28.0,4.0,7.0,1.0,8.0,11.0,7.0,4.0,3.0,0.0,0.0,0.0,1.61,4.28,5.2
I1,2022-01-06,Milan,Roma,1792.42,1719.68,4.0,10.0,7.0,7.0,3.0,1.0,H,2.0,1.0,H,19.0,11.0,5.0,5.0,6.0,20.0,3.0,9.0,2.0,6.0,0.0,2.0,1.98,3.67,3.71
I1,2022-01-06,Juventus,Napoli,1822.45,1781.73,7.0,13.0,3.0,4.0,1.0,1.0,D,0.0,1.0,A,22.0,16.0,5.0,4.0,8.0,11.0,4.0,3.0,2.0,1.0,0.0,0.0,1.96,3.52,3.96
I1,2022-01-09,Empoli,Sassuolo,1566.73,1668.61,2.0,8.0,2.0,6.0,1.0,5.0,A,1.0,2.0,A,15.0,25.0,4.0,14.0,10.0,15.0,5.0,5.0,2.0,3.0,1.0,0.0,2.53,3.84,2.55
I1,2022-01-09,Venezia,Milan,1488.91,1803.97,2.0,2.0,6.0,10.0,0.0,3.0,A,0.0,1.0,A,9.0,18.0,3.0,8.0,11.0,11.0,1.0,7.0,1.0,3.0,1.0,0.0,5.89,4.1,1.58
I1,2022-01-09,Napoli,Sampdoria,1786.81,1587.44,4.0,4.0,2.0,5.0,1.0,0.0,H,1.0,0.0,H,22.0,10.0,5.0,1.0,12.0,11.0,13.0,0.0,0.0,2.0,0.0,0.0,1.45,4.67,6.77
I1,2022-01-09,Udinese,Atalanta,1587.42,1803.73,4.0,6.0,4.0,10.0,2.0,6.0,A,0.0,3.0,A,8.0,21.0,4.0,7.0,9.0,12.0,2.0,5.0,2.0,2.0,0.0,0.0,3.49,3.52,2.09
I1,2022-01-09,Genoa,Spezia,1532.56,1518.89,2.0,2.0,4.0,5.0,0.0,1.0,A,0.0,1.0,A,15.0,17.0,2.0,9.0,17.0,16.0,7.0,4.0,3.0,3.0,0.0,0.0,2.19,3.3,3.45
I1,2022-01-09,Roma,Juventus,1706.28,1826.32,4.0,7.0,7.0,11.0,3.0,4.0,A,1.0,1.0,D,19.0,14.0,7.0,5.0,11.0,12.0,8.0,1.0,3.0,4.0,0.0,1.0,3.29,3.44,2.2
I1,2022-01-09,Inter,Lazio,1894.33,1694.93,9.0,15.0,7.0,10.0,2.0,1.0,H,1.0,1.0,D,17.0,5.0,6.0,2.0,11.0,14.0,4.0,3.0,1.0,4.0,0.0,0.0,1.43,4.83,7.1
I1,2022-01-09,Verona,Salernitana,1593.24,1443.97,4.0,7.0,0.0,1.0,1.0,2.0,A,0.0,1.0,A,24.0,9.0,7.0,5.0,13.0,12.0,17.0,4.0,1.0,3.0,1.0,0.0,1.38,4.94,8.16
I1,2022-01-10,Torino,Fiorentina,1616.47,1636.32,6.0,8.0,5.0,11.0,4.0,0.0,H,3.0,0.0,H,9.0,10.0,6.0,3.0,16.0,12.0,1.0,5.0,2.0,2.0,0.0,0.0,,,
I1,2022-01-11,Cagliari,Bologna,1534.53,1597.22,3.0,4.0,3.0,6.0,2.0,1.0,H,0.0,0.0,D,13.0,9.0,4.0,3.0,12.0,15.0,5.0,5.0,3.0,2.0,0.0,0.0,2.86,3.28,2.57
I1,2022-01-15,Sampdoria,Torino,1587.44,1616.47,1.0,5.0,6.0,10.0,1.0,2.0,A,1.0,1.0,D,11.0,20.0,3.0,12.0,13.0,14.0,3.0,10.0,0.0,2.0,0.0,0.0,3.03,3.22,2.46
I1,2022-01-15,Salernitana,Lazio,1443.97,1694.93,3.0,3.0,4.0,7.0,0.0,3.0,A,0.0,2.0,A,6.0,15.0,1.0,8.0,11.0,16.0,3.0,7.0,2.0,3.0,0.0,0.0,7.08,4.56,1.46
I1,2022-01-15,Juventus,Udinese,1826.32,1587.42,7.0,11.0,4.0,5.0,2.0,0.0,H,1.0,0.0,H,14.0,16.0,4.0,3.0,13.0,10.0,7.0,6.0,1.0,2.0,0.0,0.0,1.39,4.71,8.94
I1,2022-01-16,Sassuolo,Verona,1668.61,1593.24,4.0,8.0,4.0,4.0,2.0,4.0,A,0.0,2.0,A,13.0,21.0,5.0,6.0,6.0,18.0,9.0,7.0,2.0,4.0,0.0,0.0,2.23,3.59,3.14
I1,2022-01-16,Venezia,Empoli,1488.91,1566.73,1.0,2.0,1.0,5.0,1.0,1.0,D,0.0,1.0,A,14.0,17.0,3.0,6.0,13.0,17.0,6.0,5.0,3.0,5.0,0.0,0.0,2.72,3.58,2.5
I1,2022-01-16,Roma,Cagliari,1706.28,1534.53,1.0,7.0,6.0,6.0,1.0,0.0,H,1.0,0.0,H,15.0,8.0,7.0,2.0,13.0,17.0,1.0,1.0,3.0,4.0,0.0,0.0,1.38,4.98,8.32
I1,2022-01-16,Atalanta,Inter,1803.73,1894.33,4.0,10.0,9.0,15.0,0.0,0.0,D,0.0,0.0,D,12.0,11.0,6.0,3.0,12.0,9.0,6.0,4.0,2.0,2.0,0.0,0.0,2.89,3.75,2.3
I1,2022-01-17,Bologna,Napoli,1597.22,1786.81,3.0,3.0,4.0,7.0,0.0,2.0,A,0.0,1.0,A,12.0,14.0,5.0,5.0,9.0,10.0,1.0,4.0,3.0,1.0,0.0,0.0,3.94,3.46,1.98
I1,2022-01-17,Milan,Spezia,1803.97,1518.89,9.0,10.0,6.0,7.0,1.0,2.0,A,1.0,0.0,H,25.0,10.0,8.0,6.0,11.0,17.0,10.0,1.0,2.0,5.0,0.0,0.0,1.32,5.37,9.54
I1,2022-01-17,Fiorentina,Genoa,1636.32,1532.56,2.0,8.0,2.0,2.0,6.0,0.0,H,3.0,0.0,H,22.0,3.0,12.0,0.0,10.0,11.0,4.0,0.0,1.0,3.0,0.0,0.0,1.45,4.54,7.32
I1,2022-01-21,Verona,Bologna,1593.24,1597.22,6.0,7.0,3.0,3.0,2.0,1.0,H,1.0,1.0,D,14.0,8.0,6.0,2.0,21.0,9.0,7.0,2.0,2.0,4.0,0.0,0.0,1.97,3.61,3.82
I1,2022-01-22,Genoa,Udinese,1532.56,1587.42,1.0,2.0,3.0,4.0,0.0,0.0,D,0.0,0.0,D,10.0,2.0,3.0,0.0,27.0,17.0,10.0,4.0,4.0,4.0,1.0,0.0,3.42,3.32,2.21
I1,2022-01-22,Inter,Venezia,1894.33,1488.91,7.0,13.0,1.0,3.0,2.0,1.0,H,1.0,1.0,D,24.0,3.0,12.0,3.0,13.0,9.0,6.0,0.0,3.0,4.0,0.0,0.0,1.1,10.06,25.09
I1,2022-01-22,Lazio,Atalanta,1694.93,1803.73,4.0,10.0,5.0,8.0,0.0,0.0,D,0.0,0.0,D,9.0,6.0,1.0,2.0,10.0,17.0,4.0,1.0,0.0,3.0,0.0,0.0,3.15,3.72,2.17
I1,2022-01-23,Cagliari,Fiorentina,1534.53,1636.32,6.0,6.0,4.0,8.0,1.0,1.0,D,0.0,0.0,D,12.0,16.0,3.0,6.0,21.0,16.0,6.0,4.0,3.0,3.0,0.0,1.0,5.3,4.12,1.62
I1,2022-01-23,Napoli,Salernitana,1786.81,1443.97,7.0,10.0,3.0,3.0,4.0,1.0,H,2.0,1.0,H,26.0,1.0,14.0,1.0,9.0,14.0,10.0,0.0,0.0,4.0,0.0,1.0,1.15,7.99,17.82
I1,2022-01-23,Spezia,Sampdoria,1518.89,1587.44,6.0,10.0,0.0,2.0,1.0,0.0,H,0.0,0.0,D,7.0,8.0,2.0,0.0,24.0,12.0,2.0,4.0,2.0,4.0,0.0,1.0,2.77,3.22,2.66
I1,2022-01-23,Torino,Sassuolo,1616.47,1668.61,6.0,12.0,4.0,5.0,1.0,1.0,D,1.0,0.0,H,21.0,6.0,6.0,1.0,21.0,15.0,4.0,3.0,3.0,3.0,0.0,0.0,2.12,3.55,3.42
I1,2022-01-23,Empoli,Roma,1566.73,1706.28,2.0,3.0,3.0,7.0,2.0,4.0,A,0.0,4.0,A,16.0,16.0,7.0,8.0,13.0,14.0,2.0,3.0,2.0,2.0,0.0,0.0,4.04,4.08,1.8
I1,2022-01-23,Milan,Juventus,1803.97,1826.32,6.0,9.0,7.0,13.0,0.0,0.0,D,0.0,0.0,D,14.0,8.0,4.0,0.0,16.0,19.0,4.0,1.0,2.0,2.0,0.0,0.0,2.68,3.23,2.73
I1,2022-02-05,Roma,Genoa,1716.48,1521.63,6.0,7.0,1.0,3.0,0.0,0.0,D,0.0,0.0,D,23.0,10.0,3.0,3.0,8.0,23.0,6.0,4.0,3.0,2.0,1.0,1.0,1.34,5.29,9.28
I1,2022-02-05,Inter,Milan,1893.47,1789.44,7.0,13.0,4.0,10.0,1.0,2.0,A,1.0,0.0,H,11.0,10.0,5.0,3.0,20.0,14.0,6.0,4.0,2.0,4.0,0.0,1.0,1.82,3.79,4.36
I1,2022-02-05,Fiorentina,Lazio,1645.76,1702.49,4.0,6.0,4.0,8.0,0.0,3.0,A,0.0,0.0,D,9.0,12.0,3.0,7.0,13.0,15.0,4.0,3.0,3.0,5.0,1.0,0.0,2.38,3.49,2.97
I1,2022-02-06,Atalanta,Cagliari,1803.28,1533.71,5.0,6.0,4.0,7.0,1.0,2.0,A,0.0,0.0,D,10.0,7.0,3.0,4.0,13.0,14.0,3.0,1.0,1.0,5.0,1.0,0.0,1.23,6.55,12.32
I1,2022-02-06,Bologna,Empoli,1584.59,1558.49,0.0,3.0,1.0,2.0,0.0,0.0,D,0.0,0.0,D,12.0,15.0,2.0,4.0,9.0,16.0,3.0,5.0,2.0,4.0,0.0,0.0,2.01,3.69,3.6
I1,2022-02-06,Sampdoria,Sassuolo,1571.08,1653.53,0.0,1.0,4.0,5.0,4.0,0.0,H,2.0,0.0,H,11.0,26.0,7.0,9.0,15.0,16.0,3.0,9.0,2.0,2.0,0.0,0.0,2.82,3.72,2.38
I1,2022-02-06,Venezia,Napoli,1489.41,1794.87,1.0,2.0,9.0,10.0,0.0,2.0,A,0.0,0.0,D,7.0,16.0,3.0,6.0,12.0,11.0,2.0,6.0,2.0,2.0,1.0,0.0,7.47,4.7,1.43
I1,2022-02-06,Udinese,Torino,1582.68,1624.55,1.0,5.0,7.0,10.0,2.0,0.0,H,0.0,0.0,D,11.0,5.0,3.0,1.0,12.0,21.0,8.0,3.0,3.0,5.0,0.0,1.0,3.08,3.25,2.42
I1,2022-02-06,Juventus,Verona,1829.37,1615.07,7.0,11.0,6.0,10.0,2.0,0.0,H,1.0,0.0,H,11.0,13.0,8.0,1.0,11.0,11.0,6.0,5.0,1.0,1.0,0.0,0.0,1.55,4.29,6.04
I1,2022-02-07,Salernitana,Spezia,1436.4,1542.41,3.0,3.0,9.0,12.0,2.0,2.0,D,2.0,2.0,D,9.0,13.0,5.0,2.0,12.0,19.0,5.0,6.0,3.0,3.0,0.0,0.0,2.9,3.39,2.46
I1,2022-02-12,Lazio,Bologna,1722.08,1575.92,7.0,8.0,1.0,4.0,3.0,0.0,H,1.0,0.0,H,12.0,11.0,6.0,3.0,13.0,16.0,5.0,3.0,2.0,2.0,0.0,0.0,1.72,3.98,4.69
I1,2022-02-12,Napoli,Inter,1799.77,1880.51,9.0,13.0,4.0,10.0,1.0,1.0,D,1.0,0.0,H,13.0,8.0,4.0,2.0,8.0,13.0,4.0,2.0,1.0,1.0,0.0,0.0,2.73,3.47,2.56
I1,2022-02-12,Torino,Venezia,1600.62,1498.13,4.0,7.0,1.0,1.0,1.0,2.0,A,1.0,1.0,D,14.0,5.0,2.0,2.0,14.0,12.0,8.0,4.0,2.0,3.0,0.0,1.0,1.5,4.26,6.98
I1,2022-02-13,Milan,Sampdoria,1803.58,1586.87,4.0,10.0,3.0,3.0,1.0,0.0,H,1.0,0.0,H,15.0,4.0,7.0,1.0,13.0,11.0,4.0,0.0,3.0,1.0,0.0,0.0,1.41,4.85,7.58
I1,2022-02-13,Empoli,Cagliari,1558.79,1549.57,2.0,3.0,4.0,10.0,1.0,1.0,D,1.0,0.0,H,13.0,17.0,4.0,5.0,14.0,13.0,6.0,4.0,1.0,2.0,0.0,0.0,2.0,3.77,3.57
I1,2022-02-13,Genoa,Salernitana,1524.0,1441.9,2.0,3.0,1.0,4.0,1.0,1.0,D,1.0,1.0,D,15.0,12.0,5.0,4.0,17.0,10.0,5.0,4.0,3.0,2.0,0.0,0.0,1.86,3.63,4.34
I1,2022-02-13,Verona,Udinese,1624.7,1580.9,6.0,9.0,4.0,7.0,4.0,0.0,H,2.0,0.0,H,6.0,21.0,5.0,7.0,18.0,7.0,2.0,7.0,3.0,1.0,0.0,0.0,1.88,3.57,4.29
I1,2022-02-13,Sassuolo,Roma,1636.29,1709.5,1.0,5.0,7.0,7.0,2.0,2.0,D,0.0,1.0,A,12.0,12.0,3.0,7.0,13.0,13.0,4.0,3.0,4.0,2.0,1.0,0.0,3.35,3.79,2.07
I1,2022-02-13,Atalanta,Juventus,1789.04,1832.99,2.0,6.0,7.0,11.0,1.0,1.0,D,0.0,0.0,D,21.0,15.0,3.0,6.0,13.0,9.0,8.0,8.0,2.0,3.0,0.0,0.0,2.88,3.42,2.47
I1,2022-02-14,Spezia,Fiorentina,1533.82,1639.73,7.0,10.0,4.0,5.0,1.0,2.0,A,0.0,1.0,A,9.0,21.0,1.0,4.0,17.0,10.0,4.0,8.0,2.0,1.0,0.0,0.0,3.82,3.61,1.96
I1,2022-02-18,Juventus,Torino,1832.99,1600.62,5.0,11.0,1.0,7.0,1.0,1.0,D,1.0,0.0,H,11.0,10.0,3.0,3.0,16.0,19.0,7.0,9.0,1.0,2.0,0.0,0.0,1.64,3.73,6.16
I1,2022-02-19,Sampdoria,Empoli,1586.87,1558.79,3.0,3.0,2.0,3.0,2.0,0.0,H,2.0,0.0,H,8.0,10.0,3.0,2.0,15.0,12.0,3.0,6.0,4.0,2.0,0.0,0.0,2.21,3.5,3.28
I1,2022-02-19,Roma,Verona,1709.5,1624.7,5.0,8.0,6.0,9.0,2.0,2.0,D,0.0,2.0,A,7.0,5.0,3.0,3.0,18.0,14.0,4.0,2.0,3.0,2.0,0.0,0.0,1.99,3.67,3.72
I1,2022-02-19,Salernitana,Milan,1441.9,1803.58,2.0,5.0,7.0,10.0,2.0,2.0,D,1.0,1.0,D,9.0,14.0,5.0,5.0,14.0,12.0,4.0,7.0,2.0,4.0,0.0,0.0,8.93,5.11,1.36
I1,2022-02-20,Fiorentina,Atalanta,1639.73,1789.04,4.0,7.0,2.0,6.0,1.0,0.0,H,0.0,0.0,D,6.0,7.0,3.0,1.0,17.0,20.0,2.0,1.0,2.0,5.0,0.0,0.0,2.58,3.48,2.71
I1,2022-02-20,Venezia,Genoa,1498.13,1524.0,3.0,4.0,3.0,3.0,1.0,1.0,D,1.0,1.0,D,15.0,12.0,4.0,3.0,14.0,15.0,6.0,5.0,2.0,2.0,0.0,0.0,2.56,3.23,2.9
I1,2022-02-20,Inter,Sassuolo,1880.51,1636.29,4.0,8.0,2.0,5.0,0.0,2.0,A,0.0,2.0,A,29.0,13.0,8.0,5.0,12.0,12.0,8.0,3.0,1.0,2.0,0.0,0.0,1.3,5.84,9.43
I1,2022-02-20,Udinese,Lazio,1580.9,1722.08,4.0,4.0,7.0,10.0,1.0,1.0,D,1.0,1.0,D,12.0,10.0,2.0,2.0,22.0,9.0,2.0,12.0,3.0,2.0,0.0,0.0,2.99,3.33,2.44
I1,2022-02-21,Cagliari,Napoli,1549.57,1799.77,5.0,8.0,7.0,13.0,1.0,1.0,D,0.0,0.0,D,13.0,7.0,5.0,3.0,17.0,22.0,3.0,6.0,1.0,2.0,0.0,0.0,6.04,4.41,1.53
I1,2022-02-21,Bologna,Spezia,1575.92,1533.82,1.0,1.0,4.0,10.0,2.0,1.0,H,1.0,1.0,D,19.0,6.0,7.0,2.0,7.0,13.0,11.0,0.0,1.0,1.0,0.0,0.0,1.82,3.71,4.41
I1,2022-02-25,Milan,Udinese,1786.81,1586.71,7.0,8.0,4.0,5.0,1.0,1.0,D,1.0,0.0,H,9.0,11.0,3.0,6.0,13.0,17.0,5.0,4.0,2.0,4.0,0.0,0.0,1.5,4.26,7.19
I1,2022-02-25,Genoa,Inter,1527.69,1843.84,3.0,4.0,1.0,5.0,0.0,0.0,D,0.0,0.0,D,7.0,21.0,1.0,4.0,11.0,9.0,0.0,14.0,2.0,1.0,0.0,0.0,9.79,5.31,1.33
I1,2022-02-26,Salernitana,Bologna,1449.06,1575.93,3.0,3.0,4.0,4.0,1.0,1.0,D,0.0,1.0,A,15.0,8.0,4.0,3.0,13.0,25.0,6.0,1.0,2.0,3.0,0.0,0.0,3.4,3.45,2.18
I1,2022-02-26,Empoli,Juventus,1543.54,1827.89,2.0,3.0,5.0,9.0,2.0,3.0,A,1.0,2.0,A,11.0,12.0,2.0,5.0,16.0,8.0,7.0,3.0,2.0,0.0,0.0,0.0,5.16,3.98,1.67
I1,2022-02-26,Sassuolo,Fiorentina,1659.79,1640.51,4.0,5.0,6.0,10.0,2.0,1.0,H,1.0,0.0,H,16.0,15.0,6.0,6.0,12.0,12.0,6.0,10.0,1.0,1.0,0.0,1.0,2.72,3.56,2.52
I1,2022-02-27,Torino,Cagliari,1593.45,1562.14,1.0,5.0,5.0,6.0,1.0,2.0,A,0.0,1.0,A,15.0,11.0,6.0,5.0,16.0,20.0,4.0,3.0,2.0,4.0,0.0,0.0,1.67,3.68,5.79
I1,2022-02-27,Verona,Venezia,1630.47,1488.78,4.0,10.0,4.0,5.0,3.0,1.0,H,0.0,0.0,D,19.0,9.0,11.0,4.0,13.0,10.0,5.0,5.0,0.0,1.0,0.0,0.0,1.55,4.19,6.31
I1,2022-02-27,Spezia,Roma,1519.93,1707.42,1.0,7.0,3.0,9.0,0.0,1.0,A,0.0,0.0,D,9.0,31.0,3.0,10.0,13.0,11.0,1.0,8.0,5.0,3.0,1.0,0.0,4.6,3.75,1.78
I1,2022-02-27,Lazio,Napoli,1702.8,1786.01,7.0,11.0,5.0,11.0,1.0,2.0,A,0.0,0.0,D,13.0,15.0,8.0,7.0,13.0,14.0,1.0,5.0,3.0,2.0,0.0,0.0,2.9,3.41,2.47
I1,2022-02-28,Atalanta,Sampdoria,1792.99,1586.78,1.0,3.0,6.0,6.0,4.0,0.0,H,2.0,0.0,H,19.0,6.0,9.0,1.0,16.0,9.0,8.0,1.0,1.0,2.0,0.0,0.0,1.45,4.61,7.0
I1,2022-03-04,Inter,Salernitana,1843.84,1449.06,2.0,5.0,3.0,4.0,5.0,0.0,H,2.0,0.0,H,23.0,11.0,12.0,3.0,11.0,7.0,10.0,3.0,2.0,1.0,0.0,0.0,1.16,7.94,18.06
I1,2022-03-05,Udinese,Sampdoria,1586.71,1586.78,2.0,6.0,3.0,6.0,2.0,1.0,H,2.0,1.0,H,19.0,8.0,5.0,4.0,20.0,14.0,11.0,4.0,5.0,2.0,0.0,0.0,1.9,3.49,4.34
I1,2022-03-05,Roma,Atalanta,1707.42,1792.99,5.0,9.0,4.0,5.0,1.0,0.0,H,1.0,0.0,H,13.0,7.0,4.0,4.0,18.0,14.0,6.0,3.0,6.0,4.0,1.0,1.0,2.61,3.47,2.71
I1,2022-03-05,Cagliari,Lazio,1562.14,1702.8,5.0,9.0,4.0,8.0,0.0,3.0,A,0.0,2.0,A,16.0,13.0,3.0,5.0,10.0,13.0,7.0,6.0,3.0,2.0,0.0,1.0,3.63,3.41,2.11
I1,2022-03-06,Genoa,Empoli,1527.69,1543.54,3.0,5.0,1.0,2.0,0.0,0.0,D,0.0,0.0,D,18.0,8.0,7.0,2.0,15.0,19.0,7.0,2.0,4.0,3.0,0.0,0.0,2.52,3.4,2.84
I1,2022-03-06,Bologna,Torino,1575.93,1593.45,4.0,5.0,1.0,2.0,0.0,0.0,D,0.0,0.0,D,6.0,13.0,1.0,2.0,23.0,16.0,5.0,7.0,3.0,3.0,0.0,0.0,2.81,3.18,2.68
I1,2022-03-06,Fiorentina,Verona,1640.51,1630.47,6.0,7.0,7.0,10.0,1.0,1.0,D,1.0,1.0,D,8.0,2.0,2.0,2.0,15.0,15.0,4.0,2.0,0.0,4.0,0.0,0.0,2.0,3.59,3.76
I1,2022-03-06,Venezia,Sassuolo,1488.78,1659.79,4.0,4.0,7.0,8.0,1.0,4.0,A,1.0,3.0,A,16.0,16.0,5.0,10.0,18.0,14.0,8.0,6.0,4.0,1.0,0.0,0.0,3.3,3.45,2.22
I1,2022-03-06,Juventus,Spezia,1827.89,1519.93,5.0,9.0,0.0,4.0,1.0,0.0,H,1.0,0.0,H,10.0,9.0,3.0,4.0,14.0,11.0,4.0,4.0,3.0,2.0,0.0,0.0,1.25,6.08,13.06
I1,2022-03-06,Napoli,Milan,1786.01,1786.81,5.0,11.0,5.0,9.0,0.0,1.0,A,0.0,0.0,D,9.0,12.0,2.0,7.0,7.0,15.0,6.0,7.0,4.0,4.0,0.0,0.0,2.14,3.32,3.65
I1,2022-03-12,Salernitana,Sassuolo,1454.65,1665.57,2.0,4.0,9.0,10.0,2.0,2.0,D,1.0,2.0,A,15.0,20.0,5.0,7.0,13.0,15.0,5.0,5.0,2.0,4.0,0.0,1.0,4.04,4.07,1.82
I1,2022-03-12,Spezia,Cagliari,1532.74,1544.28,0.0,1.0,4.0,8.0,2.0,0.0,H,0.0,0.0,D,12.0,11.0,7.0,1.0,10.0,17.0,8.0,7.0,1.0,4.0,0.0,0.0,2.76,3.2,2.71
I1,2022-03-12,Sampdoria,Juventus,1578.02,1836.96,3.0,6.0,7.0,11.0,1.0,3.0,A,0.0,2.0,A,16.0,6.0,5.0,3.0,7.0,15.0,9.0,0.0,0.0,2.0,0.0,0.0,5.39,3.84,1.67
I1,2022-03-12,Milan,Empoli,1800.79,1544.6,5.0,11.0,1.0,3.0,1.0,0.0,H,1.0,0.0,H,15.0,5.0,5.0,2.0,6.0,12.0,5.0,4.0,1.0,0.0,0.0,0.0,1.36,5.22,8.33
I1,2022-03-13,Fiorentina,Bologna,1647.78,1572.89,4.0,7.0,5.0,6.0,1.0,0.0,H,0.0,0.0,D,14.0,4.0,5.0,0.0,9.0,16.0,9.0,1.0,1.0,5.0,0.0,1.0,1.65,4.06,5.25
I1,2022-03-13,Verona,Napoli,1629.39,1785.18,5.0,8.0,4.0,8.0,1.0,2.0,A,0.0,1.0,A,8.0,13.0,1.0,4.0,19.0,9.0,3.0,5.0,6.0,0.0,2.0,0.0,3.47,3.55,2.11
I1,2022-03-13,Atalanta,Genoa,1783.08,1537.01,3.0,4.0,3.0,5.0,0.0,0.0,D,0.0,0.0,D,11.0,13.0,2.0,3.0,13.0,17.0,4.0,3.0,2.0,0.0,0.0,0.0,1.34,5.09,9.81
I1,2022-03-13,Udinese,Roma,1599.39,1720.18,5.0,8.0,7.0,9.0,1.0,1.0,D,1.0,0.0,H,11.0,10.0,5.0,2.0,16.0,12.0,6.0,4.0,3.0,2.0,0.0,0.0,3.27,3.37,2.26
I1,2022-03-13,Torino,Inter,1602.35,1845.36,2.0,2.0,4.0,5.0,1.0,1.0,D,1.0,0.0,H,13.0,15.0,4.0,7.0,15.0,17.0,3.0,4.0,1.0,5.0,0.0,0.0,5.32,3.87,1.68
I1,2022-03-14,Lazio,Venezia,1717.29,1481.28,4.0,10.0,1.0,4.0,1.0,0.0,H,0.0,0.0,D,10.0,7.0,1.0,2.0,11.0,13.0,8.0,4.0,1.0,1.0,0.0,0.0,1.34,5.34,8.95
I1,2022-03-18,Sassuolo,Spezia,1665.57,1532.74,7.0,11.0,3.0,3.0,4.0,1.0,H,1.0,1.0,D,16.0,5.0,7.0,1.0,14.0,16.0,6.0,2.0,2.0,3.0,0.0,0.0,1.66,4.23,4.97
I1,2022-03-18,Genoa,Torino,1537.01,1602.35,3.0,5.0,2.0,3.0,1.0,0.0,H,1.0,0.0,H,7.0,9.0,2.0,3.0,12.0,17.0,2.0,3.0,3.0,3.0,1.0,0.0,3.24,3.16,2.41
I1,2022-03-19,Napoli,Udinese,1785.18,1599.39,6.0,8.0,5.0,6.0,2.0,1.0,H,0.0,1.0,A,20.0,10.0,8.0,3.0,10.0,12.0,7.0,4.0,2.0,2.0,0.0,1.0,1.47,4.49,7.1
I1,2022-03-19,Inter,Fiorentina,1845.36,1647.78,5.0,6.0,4.0,10.0,1.0,1.0,D,0.0,0.0,D,13.0,17.0,5.0,4.0,14.0,12.0,5.0,3.0,1.0,2.0,0.0,0.0,1.5,4.59,6.3
I1,2022-03-19,Cagliari,Milan,1544.28,1800.79,3.0,5.0,7.0,11.0,0.0,1.0,A,0.0,0.0,D,13.0,21.0,1.0,5.0,13.0,14.0,6.0,5.0,1.0,0.0,0.0,0.0,5.52,4.01,1.63
I1,2022-03-20,Venezia,Sampdoria,1481.28,1578.02,0.0,4.0,0.0,3.0,0.0,2.0,A,0.0,2.0,A,13.0,8.0,1.0,4.0,28.0,17.0,3.0,4.0,5.0,1.0,1.0,0.0,2.69,3.33,2.68
I1,2022-03-20,Empoli,Verona,1544.6,1629.39,1.0,2.0,4.0,8.0,1.0,1.0,D,1.0,0.0,H,7.0,14.0,2.0,4.0,17.0,13.0,3.0,7.0,2.0,3.0,0.0,0.0,2.69,3.42,2.63
I1,2022-03-20,Juventus,Salernitana,1836.96,1454.65,9.0,11.0,2.0,4.0,2.0,0.0,H,2.0,0.0,H,12.0,12.0,7.0,4.0,10.0,13.0,5.0,5.0,3.0,2.0,0.0,0.0,1.21,6.7,14.72
I1,2022-03-20,Roma,Lazio,1720.18,1717.29,7.0,9.0,6.0,10.0,3.0,0.0,H,3.0,0.0,H,11.0,9.0,5.0,3.0,16.0,12.0,6.0,3.0,4.0,3.0,0.0,0.0,2.58,3.4,2.77
I1,2022-03-20,Bologna,Atalanta,1572.89,1783.08,2.0,5.0,4.0,5.0,0.0,1.0,A,0.0,0.0,D,12.0,15.0,3.0,2.0,9.0,12.0,6.0,3.0,0.0,1.0,0.0,0.0,4.34,3.73,1.83
I1,2022-04-02,Spezia,Venezia,1522.91,1469.03,3.0,3.0,0.0,1.0,1.0,0.0,H,0.0,0.0,D,11.0,13.0,5.0,2.0,15.0,12.0,5.0,2.0,3.0,1.0,0.0,0.0,2.13,3.32,3.67
I1,2022-04-02,Lazio,Sassuolo,1702.57,1669.47,6.0,7.0,7.0,13.0,2.0,1.0,H,1.0,0.0,H,14.0,20.0,5.0,5.0,11.0,8.0,4.0,3.0,1.0,3.0,0.0,0.0,1.75,4.09,4.39
I1,2022-04-02,Salernitana,Torino,1449.98,1590.45,1.0,3.0,2.0,3.0,0.0,1.0,A,0.0,1.0,A,14.0,8.0,3.0,5.0,15.0,21.0,9.0,2.0,5.0,4.0,1.0,0.0,4.28,3.55,1.9
I1,2022-04-03,Fiorentina,Empoli,1650.67,1542.97,5.0,8.0,2.0,2.0,1.0,0.0,H,0.0,0.0,D,24.0,5.0,11.0,1.0,10.0,20.0,5.0,0.0,1.0,3.0,0.0,1.0,1.55,4.41,5.82
I1,2022-04-03,Atalanta,Napoli,1794.35,1785.37,4.0,7.0,6.0,10.0,1.0,3.0,A,0.0,2.0,A,19.0,6.0,3.0,5.0,15.0,11.0,9.0,1.0,2.0,3.0,0.0,0.0,2.41,3.34,3.05
I1,2022-04-03,Udinese,Cagliari,1593.27,1538.14,4.0,6.0,0.0,4.0,5.0,1.0,H,2.0,1.0,H,24.0,6.0,11.0,3.0,19.0,15.0,2.0,2.0,2.0,4.0,0.0,1.0,1.85,3.51,4.6
I1,2022-04-03,Sampdoria,Roma,1584.33,1729.85,3.0,6.0,7.0,11.0,0.0,1.0,A,0.0,1.0,A,8.0,6.0,3.0,1.0,15.0,13.0,4.0,4.0,2.0,3.0,0.0,0.0,4.18,3.65,1.89
I1,2022-04-03,Juventus,Inter,1815.53,1836.53,9.0,13.0,5.0,6.0,0.0,1.0,A,0.0,1.0,A,23.0,5.0,5.0,1.0,9.0,19.0,8.0,1.0,4.0,4.0,0.0,0.0,2.83,3.31,2.58
I1,2022-04-04,Verona,Genoa,1625.08,1542.98,2.0,6.0,5.0,7.0,1.0,0.0,H,1.0,0.0,H,7.0,7.0,3.0,4.0,16.0,15.0,2.0,5.0,4.0,3.0,0.0,0.0,1.86,3.46,4.6
I1,2022-04-04,Milan,Bologna,1800.99,1566.19,9.0,11.0,1.0,5.0,0.0,0.0,D,0.0,0.0,D,33.0,8.0,7.0,4.0,10.0,7.0,9.0,2.0,0.0,2.0,0.0,0.0,1.39,4.85,8.57
I1,2022-04-09,Empoli,Spezia,1537.05,1529.97,1.0,2.0,6.0,6.0,0.0,0.0,D,0.0,0.0,D,15.0,11.0,4.0,5.0,11.0,18.0,5.0,4.0,2.0,2.0,0.0,0.0,2.03,3.52,3.77
I1,2022-04-09,Inter,Verona,1848.88,1626.38,5.0,9.0,4.0,8.0,2.0,0.0,H,2.0,0.0,H,18.0,9.0,6.0,3.0,10.0,7.0,10.0,2.0,2.0,0.0,0.0,0.0,1.36,5.19,8.52
I1,2022-04-09,Cagliari,Juventus,1523.77,1809.69,0.0,3.0,6.0,12.0,1.0,2.0,A,1.0,1.0,D,4.0,20.0,1.0,6.0,19.0,10.0,1.0,4.0,1.0,0.0,0.0,0.0,6.0,3.94,1.6
I1,2022-04-10,Genoa,Lazio,1529.43,1716.84,4.0,6.0,6.0,9.0,1.0,4.0,A,0.0,2.0,A,15.0,17.0,4.0,11.0,7.0,8.0,3.0,6.0,0.0,1.0,0.0,0.0,4.21,3.55,1.92
I1,2022-04-10,Napoli,Fiorentina,1785.79,1667.67,9.0,12.0,7.0,8.0,2.0,3.0,A,0.0,1.0,A,15.0,11.0,3.0,4.0,10.0,17.0,3.0,2.0,0.0,3.0,0.0,0.0,1.77,3.88,4.58
I1,2022-04-10,Sassuolo,Atalanta,1673.39,1759.7,4.0,10.0,4.0,7.0,2.0,1.0,H,1.0,0.0,H,14.0,15.0,7.0,4.0,18.0,14.0,8.0,8.0,2.0,1.0,0.0,0.0,3.37,3.75,2.09
I1,2022-04-10,Venezia,Udinese,1457.71,1610.15,0.0,0.0,4.0,8.0,1.0,2.0,A,0.0,1.0,A,9.0,16.0,4.0,5.0,15.0,11.0,7.0,11.0,7.0,2.0,0.0,0.0,3.48,3.37,2.19
I1,2022-04-10,Roma,Salernitana,1748.05,1442.61,7.0,13.0,1.0,2.0,2.0,1.0,H,0.0,1.0,A,17.0,6.0,7.0,3.0,16.0,23.0,9.0,2.0,5.0,8.0,0.0,0.0,1.28,5.82,11.15
I1,2022-04-10,Torino,Milan,1600.13,1790.09,4.0,5.0,7.0,11.0,0.0,0.0,D,0.0,0.0,D,14.0,14.0,3.0,3.0,18.0,6.0,6.0,5.0,2.0,2.0,0.0,0.0,4.19,3.51,1.94
I1,2022-04-11,Bologna,Sampdoria,1582.78,1568.95,1.0,3.0,3.0,3.0,2.0,0.0,H,0.0,0.0,D,19.0,9.0,4.0,2.0,11.0,11.0,6.0,0.0,1.0,2.0,0.0,0.0,2.18,3.38,3.45
I1,2022-04-15,Spezia,Inter,1529.97,1848.88,4.0,7.0,7.0,11.0,1.0,3.0,A,0.0,1.0,A,10.0,23.0,2.0,7.0,9.0,11.0,6.0,7.0,2.0,0.0,0.0,0.0,9.88,5.54,1.31
I1,2022-04-15,Milan,Genoa,1790.09,1529.43,5.0,11.0,3.0,5.0,2.0,0.0,H,1.0,0.0,H,10.0,7.0,5.0,1.0,10.0,19.0,3.0,1.0,1.0,2.0,0.0,0.0,1.32,5.13,10.71
I1,2022-04-16,Cagliari,Sassuolo,1523.77,1673.39,0.0,0.0,6.0,10.0,1.0,0.0,H,1.0,0.0,H,16.0,8.0,8.0,2.0,15.0,11.0,3.0,3.0,2.0,2.0,0.0,0.0,2.87,3.68,2.36
I1,2022-04-16,Sampdoria,Salernitana,1568.95,1442.61,3.0,3.0,0.0,1.0,1.0,2.0,A,1.0,2.0,A,5.0,7.0,1.0,2.0,18.0,23.0,5.0,2.0,1.0,7.0,0.0,0.0,1.83,3.74,4.32
I1,2022-04-16,Udinese,Empoli,1610.15,1537.05,6.0,10.0,2.0,3.0,4.0,1.0,H,1.0,0.0,H,13.0,15.0,5.0,4.0,18.0,13.0,4.0,7.0,1.0,4.0,0.0,0.0,1.82,3.7,4.48
I1,2022-04-16,Fiorentina,Venezia,1667.67,1457.71,7.0,11.0,0.0,0.0,1.0,0.0,H,1.0,0.0,H,22.0,3.0,6.0,1.0,15.0,17.0,5.0,0.0,4.0,4.0,0.0,0.0,1.36,5.06,8.99
I1,2022-04-16,Juventus,Bologna,1809.69,1582.78,6.0,12.0,4.0,5.0,1.0,1.0,D,0.0,0.0,D,23.0,9.0,4.0,2.0,11.0,11.0,4.0,5.0,1.0,5.0,0.0,2.0,1.35,5.01,9.81
I1,2022-04-16,Lazio,Torino,1716.84,1600.13,6.0,12.0,4.0,6.0,1.0,1.0,D,0.0,0.0,D,10.0,12.0,4.0,4.0,10.0,12.0,9.0,7.0,1.0,2.0,0.0,0.0,1.64,3.92,5.54
I1,2022-04-18,Napoli,Roma,1785.79,1748.05,6.0,9.0,9.0,13.0,1.0,1.0,D,1.0,0.0,H,9.0,8.0,4.0,6.0,21.0,12.0,5.0,5.0,4.0,2.0,0.0,0.0,1.91,3.66,4.02
I1,2022-04-18,Atalanta,Verona,1759.7,1626.38,3.0,4.0,4.0,5.0,1.0,2.0,A,0.0,1.0,A,17.0,21.0,4.0,6.0,13.0,13.0,10.0,1.0,3.0,3.0,0.0,0.0,1.62,4.22,5.25
I1,2022-04-20,Udinese,Salernitana,1610.15,1442.61,9.0,10.0,3.0,4.0,0.0,1.0,A,0.0,0.0,D,11.0,9.0,3.0,2.0,20.0,13.0,9.0,3.0,3.0,5.0,0.0,0.0,1.51,4.4,6.33
I1,2022-04-23,Torino,Spezia,1600.13,1529.97,5.0,6.0,4.0,7.0,2.0,1.0,H,1.0,0.0,H,14.0,7.0,6.0,2.0,9.0,13.0,5.0,6.0,1.0,2.0,0.0,0.0,1.69,3.77,5.33
I1,2022-04-23,Venezia,Atalanta,1457.71,1759.7,0.0,0.0,0.0,4.0,1.0,3.0,A,0.0,1.0,A,8.0,19.0,2.0,5.0,12.0,13.0,0.0,7.0,0.0,3.0,0.0,0.0,6.62,4.54,1.49
I1,2022-04-23,Inter,Roma,1848.88,1748.05,9.0,11.0,7.0,11.0,3.0,1.0,H,2.0,0.0,H,11.0,9.0,8.0,2.0,11.0,13.0,4.0,3.0,2.0,2.0,0.0,0.0,1.63,4.04,5.43
I1,2022-04-23,Verona,Sampdoria,1626.38,1568.95,6.0,7.0,0.0,3.0,1.0,1.0,D,0.0,1.0,A,12.0,4.0,1.0,3.0,15.0,15.0,4.0,5.0,1.0,3.0,0.0,0.0,1.78,3.76,4.63
I1,2022-04-24,Salernitana,Fiorentina,1480.91,1637.98,6.0,6.0,9.0,13.0,2.0,1.0,H,1.0,0.0,H,10.0,8.0,4.0,3.0,15.0,12.0,6.0,4.0,1.0,1.0,0.0,0.0,5.45,3.99,1.64
I1,2022-04-24,Bologna,Udinese,1603.21,1628.47,5.0,5.0,6.0,9.0,2.0,2.0,D,1.0,1.0,D,10.0,17.0,3.0,5.0,9.0,22.0,2.0,4.0,2.0,2.0,0.0,0.0,2.87,3.33,2.54
I1,2022-04-24,Empoli,Napoli,1542.18,1780.35,1.0,2.0,4.0,10.0,3.0,2.0,H,0.0,1.0,A,17.0,16.0,7.0,2.0,14.0,9.0,10.0,7.0,4.0,1.0,0.0,0.0,5.38,4.18,1.62
I1,2022-04-24,Genoa,Cagliari,1528.15,1521.64,0.0,4.0,3.0,3.0,1.0,0.0,H,0.0,0.0,D,13.0,11.0,2.0,1.0,21.0,18.0,2.0,3.0,3.0,2.0,0.0,0.0,2.23,3.23,3.51
I1,2022-04-24,Lazio,Milan,1710.86,1800.85,7.0,10.0,5.0,11.0,1.0,2.0,A,1.0,0.0,H,7.0,25.0,2.0,8.0,13.0,15.0,2.0,8.0,3.0,4.0,0.0,0.0,2.9,3.45,2.45
I1,2022-04-25,Sassuolo,Juventus,1648.64,1809.44,3.0,7.0,4.0,10.0,1.0,2.0,A,1.0,1.0,D,22.0,10.0,7.0,5.0,15.0,8.0,6.0,4.0,2.0,2.0,0.0,0.0,4.24,3.89,1.81
I1,2022-04-27,Fiorentina,Udinese,1637.98,1628.47,6.0,10.0,4.0,10.0,0.0,4.0,A,0.0,2.0,A,18.0,17.0,7.0,8.0,12.0,22.0,14.0,2.0,3.0,4.0,0.0,0.0,1.71,3.97,4.84
I1,2022-04-27,Atalanta,Torino,1747.1,1615.31,3.0,6.0,5.0,8.0,4.0,4.0,D,2.0,2.0,D,16.0,5.0,5.0,4.0,12.0,11.0,8.0,0.0,2.0,2.0,0.0,0.0,1.6,4.17,5.66
I1,2022-04-27,Bologna,Inter,1603.21,1845.71,5.0,6.0,9.0,13.0,2.0,1.0,H,1.0,1.0,D,5.0,26.0,3.0,7.0,11.0,9.0,0.0,7.0,1.0,3.0,0.0,0.0,7.69,5.05,1.4
I1,2022-04-30,Cagliari,Verona,1521.64,1642.49,3.0,3.0,4.0,8.0,1.0,2.0,A,0.0,2.0,A,14.0,13.0,5.0,4.0,16.0,17.0,2.0,2.0,2.0,4.0,0.0,0.0,2.54,3.46,2.78
I1,2022-04-30,Napoli,Sassuolo,1780.35,1648.64,1.0,7.0,3.0,6.0,6.0,1.0,H,4.0,0.0,H,18.0,13.0,8.0,4.0,10.0,9.0,4.0,3.0,0.0,3.0,0.0,0.0,1.47,4.93,6.27
I1,2022-04-30,Sampdoria,Genoa,1567.24,1528.15,1.0,4.0,3.0,6.0,1.0,0.0,H,1.0,0.0,H,10.0,14.0,2.0,4.0,13.0,23.0,1.0,2.0,3.0,1.0,0.0,0.0,2.75,3.17,2.74
I1,2022-04-30,Spezia,Lazio,1517.65,1710.86,1.0,4.0,4.0,7.0,3.0,4.0,A,2.0,1.0,H,9.0,22.0,3.0,9.0,15.0,10.0,4.0,5.0,3.0,1.0,0.0,0.0,5.06,4.0,1.68
I1,2022-05-01,Juventus,Venezia,1809.44,1452.01,7.0,10.0,0.0,0.0,2.0,1.0,H,1.0,0.0,H,17.0,9.0,4.0,3.0,17.0,12.0,8.0,4.0,3.0,3.0,0.0,0.0,1.21,6.75,14.32
I1,2022-05-01,Empoli,Torino,1542.18,1615.31,4.0,5.0,5.0,9.0,1.0,3.0,A,0.0,0.0,D,11.0,13.0,4.0,3.0,14.0,11.0,5.0,4.0,5.0,2.0,2.0,0.0,2.77,3.45,2.55
I1,2022-05-01,Milan,Fiorentina,1800.85,1637.98,7.0,11.0,3.0,9.0,1.0,0.0,H,0.0,0.0,D,13.0,8.0,2.0,2.0,17.0,17.0,2.0,2.0,1.0,3.0,0.0,0.0,1.65,3.96,5.5
I1,2022-05-01,Udinese,Inter,1628.47,1845.71,4.0,10.0,6.0,12.0,1.0,2.0,A,0.0,2.0,A,7.0,12.0,3.0,5.0,12.0,10.0,5.0,11.0,2.0,1.0,0.0,0.0,5.99,4.3,1.56
I1,2022-05-01,Roma,Bologna,1746.97,1603.21,4.0,10.0,5.0,9.0,0.0,0.0,D,0.0,0.0,D,17.0,10.0,5.0,4.0,10.0,9.0,10.0,5.0,0.0,1.0,0.0,0.0,1.47,4.62,6.76
I1,2022-05-02,Atalanta,Salernitana,1747.1,1480.91,4.0,4.0,9.0,9.0,1.0,1.0,D,0.0,1.0,A,20.0,11.0,5.0,9.0,13.0,9.0,11.0,4.0,3.0,2.0,0.0,0.0,1.27,6.01,11.1
I1,2022-05-05,Salernitana,Venezia,1480.91,1452.01,7.0,10.0,0.0,0.0,2.0,1.0,H,1.0,0.0,H,19.0,10.0,4.0,4.0,12.0,17.0,6.0,4.0,2.0,7.0,0.0,1.0,1.82,3.75,4.39
I1,2022-05-06,Inter,Empoli,1845.71,1542.18,6.0,12.0,3.0,4.0,4.0,2.0,H,2.0,2.0,D,37.0,4.0,10.0,2.0,10.0,9.0,15.0,2.0,1.0,0.0,0.0,0.0,1.14,9.17,17.69
I1,2022-05-06,Genoa,Juventus,1528.15,1809.44,3.0,3.0,7.0,10.0,2.0,1.0,H,0.0,0.0,D,18.0,12.0,6.0,4.0,13.0,15.0,9.0,2.0,2.0,3.0,0.0,0.0,3.91,3.26,2.09
I1,2022-05-07,Torino,Napoli,1615.31,1780.35,7.0,9.0,4.0,7.0,0.0,1.0,A,0.0,0.0,D,10.0,11.0,3.0,6.0,18.0,11.0,6.0,4.0,2.0,3.0,0.0,0.0,3.56,3.64,2.05
I1,2022-05-07,Sassuolo,Udinese,1648.64,1628.47,0.0,3.0,4.0,7.0,1.0,1.0,D,1.0,0.0,H,15.0,13.0,6.0,6.0,10.0,18.0,6.0,9.0,2.0,2.0,0.0,0.0,2.35,3.74,2.87
I1,2022-05-07,Lazio,Sampdoria,1710.86,1567.24,4.0,10.0,4.0,4.0,2.0,0.0,H,1.0,0.0,H,16.0,9.0,10.0,2.0,9.0,9.0,6.0,0.0,1.0,1.0,0.0,0.0,1.47,4.7,6.74
I1,2022-05-08,Spezia,Atalanta,1517.65,1747.1,0.0,4.0,5.0,5.0,1.0,3.0,A,1.0,1.0,D,5.0,17.0,1.0,6.0,10.0,12.0,0.0,3.0,2.0,3.0,0.0,0.0,6.33,4.78,1.48
I1,2022-05-08,Venezia,Bologna,1452.01,1603.21,0.0,0.0,5.0,9.0,4.0,3.0,H,2.0,1.0,H,18.0,23.0,9.0,10.0,10.0,13.0,4.0,8.0,2.0,4.0,0.0,0.0,3.0,3.55,2.33
I1,2022-05-08,Salernitana,Cagliari,1480.91,1521.64,7.0,13.0,3.0,3.0,1.0,1.0,D,0.0,0.0,D,13.0,9.0,2.0,3.0,12.0,17.0,7.0,6.0,5.0,2.0,1.0,1.0,2.42,3.34,3.03
I1,2022-05-08,Verona,Milan,1642.49,1800.85,7.0,10.0,9.0,11.0,1.0,3.0,A,1.0,1.0,D,10.0,18.0,3.0,8.0,15.0,7.0,5.0,8.0,2.0,1.0,0.0,0.0,4.47,4.02,1.76
I1,2022-05-09,Fiorentina,Roma,1651.78,1732.95,0.0,6.0,2.0,8.0,2.0,0.0,H,2.0,0.0,H,12.0,6.0,7.0,1.0,16.0,11.0,5.0,3.0,3.0,1.0,0.0,0.0,2.39,3.41,3.02
I1,2022-05-14,Empoli,Salernitana,1530.67,1499.0,3.0,4.0,5.0,11.0,1.0,1.0,D,1.0,0.0,H,16.0,28.0,6.0,9.0,18.0,8.0,3.0,11.0,2.0,2.0,0.0,0.0,3.17,3.81,2.14
I1,2022-05-14,Udinese,Spezia,1617.48,1527.45,4.0,5.0,0.0,1.0,2.0,3.0,A,1.0,2.0,A,17.0,10.0,6.0,6.0,19.0,10.0,4.0,2.0,3.0,2.0,0.0,0.0,1.86,3.82,4.11
I1,2022-05-14,Verona,Torino,1628.8,1633.06,4.0,7.0,4.0,8.0,0.0,1.0,A,0.0,1.0,A,10.0,11.0,5.0,5.0,17.0,18.0,4.0,4.0,4.0,2.0,0.0,0.0,2.31,3.48,3.1
I1,2022-05-14,Roma,Venezia,1732.95,1466.48,1.0,5.0,3.0,3.0,1.0,1.0,D,0.0,1.0,A,46.0,4.0,16.0,2.0,11.0,14.0,20.0,2.0,2.0,5.0,0.0,1.0,1.24,6.56,11.28
I1,2022-05-15,Bologna,Sassuolo,1599.94,1649.82,4.0,6.0,1.0,4.0,1.0,3.0,A,0.0,1.0,A,8.0,16.0,2.0,7.0,9.0,10.0,4.0,9.0,0.0,1.0,0.0,0.0,2.47,3.76,2.68
I1,2022-05-15,Napoli,Genoa,1788.68,1545.34,6.0,7.0,6.0,6.0,3.0,0.0,H,1.0,0.0,H,17.0,11.0,9.0,3.0,13.0,15.0,9.0,2.0,1.0,1.0,0.0,0.0,1.84,3.99,4.02
I1,2022-05-15,Milan,Atalanta,1814.55,1748.45,9.0,13.0,5.0,8.0,2.0,0.0,H,0.0,0.0,D,12.0,12.0,6.0,2.0,8.0,14.0,4.0,6.0,3.0,2.0,0.0,0.0,1.79,4.14,4.14
I1,2022-05-15,Cagliari,Inter,1525.19,1854.87,1.0,4.0,6.0,12.0,1.0,3.0,A,0.0,1.0,A,10.0,17.0,2.0,7.0,12.0,15.0,2.0,5.0,0.0,2.0,0.0,0.0,7.56,5.35,1.38
I1,2022-05-16,Sampdoria,Fiorentina,1565.23,1651.78,4.0,4.0,3.0,6.0,4.0,1.0,H,2.0,0.0,H,12.0,12.0,5.0,1.0,18.0,9.0,4.0,5.0,2.0,3.0,1.0,0.0,3.94,3.77,1.9
I1,2022-05-16,Juventus,Lazio,1799.67,1719.08,6.0,10.0,6.0,10.0,2.0,2.0,D,2.0,0.0,H,4.0,18.0,2.0,7.0,16.0,13.0,0.0,9.0,3.0,3.0,0.0,0.0,2.34,3.52,3.01
I1,2022-05-20,Torino,Roma,1633.06,1732.95,6.0,10.0,2.0,3.0,0.0,3.0,A,0.0,2.0,A,13.0,14.0,2.0,6.0,10.0,10.0,5.0,6.0,2.0,2.0,0.0,0.0,3.43,3.63,2.11
I1,2022-05-21,Genoa,Bologna,1545.34,1599.94,3.0,6.0,1.0,5.0,0.0,1.0,A,0.0,0.0,D,18.0,11.0,5.0,4.0,17.0,10.0,9.0,9.0,3.0,1.0,0.0,0.0,2.32,3.54,3.03
I1,2022-05-21,Atalanta,Empoli,1748.45,1530.67,4.0,8.0,1.0,4.0,0.0,1.0,A,0.0,0.0,D,40.0,7.0,10.0,3.0,6.0,7.0,15.0,2.0,1.0,1.0,0.0,0.0,1.22,7.22,11.29
I1,2022-05-21,Fiorentina,Juventus,1651.78,1799.67,3.0,3.0,4.0,8.0,2.0,0.0,H,1.0,0.0,H,13.0,1.0,4.0,0.0,13.0,14.0,6.0,2.0,3.0,3.0,0.0,0.0,1.83,3.84,4.26
I1,2022-05-21,Lazio,Verona,1719.08,1628.8,7.0,8.0,3.0,7.0,3.0,3.0,D,2.0,2.0,D,19.0,10.0,7.0,7.0,9.0,19.0,6.0,4.0,2.0,6.0,0.0,0.0,1.76,4.11,4.29
I1,2022-05-22,Spezia,Napoli,1527.45,1788.68,3.0,3.0,9.0,10.0,0.0,3.0,A,0.0,3.0,A,16.0,10.0,4.0,4.0,10.0,9.0,4.0,2.0,1.0,2.0,0.0,0.0,5.75,4.64,1.53
I1,2022-05-22,Inter,Sampdoria,1854.87,1565.23,9.0,12.0,6.0,7.0,3.0,0.0,H,0.0,0.0,D,27.0,9.0,12.0,3.0,6.0,12.0,8.0,2.0,1.0,2.0,0.0,0.0,1.13,9.1,20.49
I1,2022-05-22,Sassuolo,Milan,1649.82,1814.55,4.0,4.0,9.0,15.0,0.0,3.0,A,0.0,3.0,A,15.0,18.0,3.0,12.0,8.0,13.0,3.0,7.0,2.0,1.0,0.0,0.0,6.63,4.87,1.46
I1,2022-05-22,Salernitana,Udinese,1499.0,1617.48,5.0,9.0,1.0,5.0,0.0,4.0,A,0.0,3.0,A,25.0,19.0,10.0,11.0,11.0,12.0,7.0,1.0,1.0,1.0,0.0,0.0,1.7,4.17,4.6
I1,2022-05-22,Venezia,Cagliari,1466.48,1525.19,4.0,4.0,1.0,4.0,0.0,0.0,D,0.0,0.0,D,7.0,31.0,1.0,7.0,6.0,19.0,6.0,11.0,0.0,3.0,0.0,0.0,4.68,4.05,1.72
I1,2022-08-13,Milan,Udinese,1837.32,1628.21,9.0,15.0,4.0,7.0,4.0,2.0,H,2.0,2.0,D,14.0,9.0,5.0,4.0,16.0,13.0,5.0,1.0,1.0,4.0,0.0,0.0,1.41,4.75,8.14
I1,2022-08-13,Sampdoria,Atalanta,1573.2,1737.26,3.0,7.0,3.0,5.0,0.0,2.0,A,0.0,1.0,A,11.0,9.0,1.0,3.0,13.0,21.0,3.0,2.0,4.0,6.0,0.0,0.0,4.45,3.91,1.77
I1,2022-08-13,Lecce,Inter,1524.67,1866.0,6.0,9.0,9.0,12.0,1.0,2.0,A,0.0,1.0,A,10.0,19.0,4.0,9.0,21.0,19.0,6.0,8.0,4.0,2.0,0.0,0.0,10.22,5.67,1.3
I1,2022-08-13,Monza,Torino,1516.26,1630.76,3.0,7.0,3.0,7.0,1.0,2.0,A,0.0,1.0,A,15.0,13.0,4.0,6.0,6.0,17.0,2.0,7.0,1.0,2.0,0.0,0.0,2.58,3.29,2.84
I1,2022-08-14,Fiorentina,Cremonese,1657.59,1475.32,6.0,6.0,3.0,6.0,3.0,2.0,H,2.0,1.0,H,27.0,13.0,11.0,4.0,10.0,19.0,11.0,4.0,0.0,3.0,0.0,1.0,1.38,5.02,8.16
I1,2022-08-14,Lazio,Bologna,1725.43,1595.68,5.0,8.0,3.0,7.0,2.0,1.0,H,0.0,1.0,A,9.0,11.0,6.0,3.0,11.0,18.0,3.0,2.0,2.0,6.0,1.0,1.0,1.58,4.3,5.49
I1,2022-08-14,Salernitana,Roma,1486.45,1758.0,2.0,6.0,4.0,5.0,0.0,1.0,A,0.0,1.0,A,13.0,20.0,2.0,5.0,18.0,9.0,4.0,2.0,3.0,2.0,0.0,0.0,6.42,4.57,1.49
I1,2022-08-14,Spezia,Empoli,1532.22,1539.65,3.0,3.0,4.0,7.0,1.0,0.0,H,1.0,0.0,H,9.0,18.0,2.0,5.0,15.0,8.0,6.0,4.0,2.0,1.0,0.0,0.0,2.49,3.33,2.91
I1,2022-08-15,Verona,Napoli,1635.19,1800.58,1.0,5.0,9.0,12.0,2.0,5.0,A,1.0,2.0,A,6.0,25.0,3.0,8.0,15.0,6.0,4.0,8.0,2.0,2.0,0.0,0.0,3.46,3.58,2.1
I1,2022-08-15,Juventus,Sassuolo,1783.07,1654.8,1.0,7.0,4.0,4.0,3.0,0.0,H,2.0,0.0,H,14.0,19.0,4.0,7.0,7.0,5.0,3.0,2.0,1.0,3.0,0.0,0.0,1.46,4.81,6.65
I1,2022-08-20,Torino,Lazio,1630.76,1725.43,6.0,9.0,5.0,11.0,0.0,0.0,D,0.0,0.0,D,10.0,7.0,1.0,2.0,11.0,12.0,6.0,4.0,0.0,5.0,0.0,0.0,2.99,3.45,2.38
I1,2022-08-20,Udinese,Salernitana,1628.21,1486.45,3.0,4.0,1.0,5.0,0.0,0.0,D,0.0,0.0,D,15.0,17.0,2.0,6.0,9.0,12.0,6.0,6.0,2.0,4.0,1.0,0.0,1.75,3.89,4.63
I1,2022-08-20,Inter,Spezia,1866.0,1532.22,9.0,15.0,6.0,6.0,3.0,0.0,H,1.0,0.0,H,19.0,2.0,8.0,0.0,11.0,7.0,10.0,4.0,0.0,0.0,0.0,0.0,1.17,7.9,15.8
I1,2022-08-20,Sassuolo,Lecce,1654.8,1524.67,3.0,4.0,3.0,6.0,1.0,0.0,H,1.0,0.0,H,12.0,7.0,3.0,1.0,14.0,12.0,5.0,4.0,5.0,1.0,0.0,0.0,1.79,3.99,4.24
I1,2022-08-21,Empoli,Fiorentina,1539.65,1657.59,4.0,4.0,6.0,9.0,0.0,0.0,D,0.0,0.0,D,4.0,19.0,2.0,2.0,13.0,11.0,1.0,9.0,1.0,3.0,1.0,0.0,3.73,3.83,1.94
I1,2022-08-21,Napoli,Monza,1800.58,1516.26,9.0,15.0,3.0,4.0,4.0,0.0,H,2.0,0.0,H,22.0,4.0,5.0,1.0,11.0,13.0,10.0,4.0,2.0,1.0,0.0,0.0,1.35,5.4,8.49
I1,2022-08-21,Atalanta,Milan,1737.26,1837.32,3.0,7.0,9.0,15.0,1.0,1.0,D,1.0,0.0,H,11.0,18.0,2.0,7.0,15.0,6.0,4.0,6.0,4.0,3.0,0.0,0.0,2.79,3.49,2.5
I1,2022-08-21,Bologna,Verona,1595.68,1635.19,3.0,4.0,1.0,4.0,1.0,1.0,D,1.0,1.0,D,17.0,19.0,5.0,3.0,10.0,14.0,9.0,8.0,3.0,3.0,1.0,0.0,2.2,3.5,3.3
I1,2022-08-22,Roma,Cremonese,1758.0,1475.32,7.0,8.0,3.0,6.0,1.0,0.0,H,0.0,0.0,D,27.0,14.0,12.0,3.0,7.0,14.0,5.0,6.0,0.0,3.0,0.0,0.0,1.24,6.14,13.06
I1,2022-08-22,Sampdoria,Juventus,1573.2,1783.07,3.0,6.0,4.0,7.0,0.0,0.0,D,0.0,0.0,D,10.0,10.0,1.0,4.0,8.0,14.0,3.0,4.0,3.0,2.0,0.0,0.0,5.74,4.06,1.61
I1,2022-08-26,Monza,Udinese,1505.95,1640.37,0.0,3.0,4.0,5.0,1.0,2.0,A,1.0,1.0,D,10.0,15.0,5.0,4.0,16.0,10.0,3.0,5.0,3.0,2.0,0.0,0.0,3.15,3.43,2.3
I1,2022-08-26,Lazio,Inter,1738.1,1857.69,5.0,9.0,9.0,15.0,3.0,1.0,H,1.0,0.0,H,11.0,19.0,7.0,7.0,5.0,12.0,2.0,4.0,2.0,1.0,0.0,0.0,4.08,3.76,1.88
I1,2022-08-27,Cremonese,Torino,1469.78,1640.43,3.0,3.0,4.0,7.0,1.0,2.0,A,0.0,1.0,A,16.0,14.0,6.0,5.0,9.0,21.0,3.0,3.0,0.0,3.0,0.0,0.0,3.23,3.39,2.29
I1,2022-08-27,Juventus,Roma,1789.29,1768.26,4.0,5.0,9.0,10.0,1.0,1.0,D,1.0,0.0,H,14.0,8.0,3.0,4.0,16.0,7.0,4.0,5.0,2.0,2.0,0.0,0.0,2.38,3.22,3.21
I1,2022-08-27,Milan,Bologna,1837.83,1595.07,7.0,13.0,4.0,4.0,2.0,0.0,H,1.0,0.0,H,19.0,8.0,7.0,0.0,13.0,9.0,5.0,1.0,2.0,1.0,0.0,0.0,1.35,5.37,8.74
I1,2022-08-27,Spezia,Sassuolo,1531.93,1656.51,3.0,6.0,3.0,7.0,2.0,2.0,D,2.0,1.0,H,7.0,21.0,2.0,8.0,17.0,10.0,2.0,6.0,2.0,1.0,1.0,0.0,3.02,3.61,2.29
I1,2022-08-28,Salernitana,Sampdoria,1512.6,1565.96,1.0,3.0,1.0,4.0,4.0,0.0,H,2.0,0.0,H,9.0,17.0,6.0,6.0,19.0,14.0,6.0,3.0,2.0,2.0,0.0,0.0,2.47,3.24,3.04
I1,2022-08-28,Verona,Atalanta,1622.89,1748.05,2.0,2.0,4.0,7.0,0.0,1.0,A,0.0,0.0,D,14.0,15.0,2.0,7.0,15.0,7.0,7.0,6.0,3.0,3.0,0.0,0.0,4.3,3.94,1.8
I1,2022-08-28,Fiorentina,Napoli,1661.46,1804.87,7.0,10.0,9.0,15.0,0.0,0.0,D,0.0,0.0,D,10.0,13.0,5.0,2.0,12.0,14.0,2.0,3.0,2.0,3.0,0.0,0.0,3.3,3.66,2.14
I1,2022-08-28,Lecce,Empoli,1530.36,1546.45,3.0,6.0,4.0,5.0,1.0,1.0,D,1.0,1.0,D,15.0,9.0,5.0,3.0,10.0,5.0,3.0,5.0,1.0,2.0,0.0,0.0,2.39,3.45,2.97
I1,2022-08-30,Sassuolo,Milan,1656.51,1837.83,4.0,7.0,7.0,13.0,0.0,0.0,D,0.0,0.0,D,8.0,10.0,3.0,2.0,14.0,13.0,3.0,8.0,5.0,2.0,0.0,0.0,5.45,4.29,1.6
I1,2022-08-30,Inter,Cremonese,1857.69,1469.78,6.0,12.0,0.0,3.0,3.0,1.0,H,2.0,0.0,H,18.0,11.0,7.0,4.0,6.0,14.0,6.0,6.0,0.0,3.0,0.0,0.0,1.14,9.13,18.79
I1,2022-08-30,Roma,Monza,1768.26,1505.95,7.0,11.0,0.0,3.0,3.0,0.0,H,2.0,0.0,H,14.0,13.0,7.0,1.0,10.0,7.0,5.0,4.0,0.0,3.0,0.0,0.0,1.3,5.89,10.0
I1,2022-08-31,Empoli,Verona,1546.45,1622.89,2.0,6.0,1.0,2.0,1.0,1.0,D,1.0,0.0,H,16.0,9.0,4.0,3.0,5.0,21.0,7.0,10.0,0.0,4.0,0.0,0.0,2.69,3.36,2.66
I1,2022-08-31,Sampdoria,Lazio,1565.96,1738.1,1.0,4.0,7.0,9.0,1.0,1.0,D,0.0,1.0,A,10.0,13.0,3.0,6.0,10.0,7.0,5.0,7.0,0.0,2.0,0.0,0.0,4.11,3.67,1.89
I1,2022-08-31,Udinese,Fiorentina,1640.37,1661.46,4.0,7.0,5.0,8.0,1.0,0.0,H,1.0,0.0,H,8.0,12.0,3.0,2.0,13.0,9.0,3.0,7.0,1.0,2.0,0.0,0.0,2.71,3.47,2.58
I1,2022-08-31,Juventus,Spezia,1789.29,1531.93,5.0,6.0,4.0,7.0,2.0,0.0,H,1.0,0.0,H,15.0,9.0,3.0,0.0,1.0,4.0,7.0,3.0,0.0,2.0,0.0,0.0,1.27,5.79,11.84
I1,2022-08-31,Napoli,Lecce,1804.87,1530.36,7.0,13.0,1.0,4.0,1.0,1.0,D,1.0,1.0,D,19.0,9.0,7.0,4.0,1.0,3.0,6.0,4.0,1.0,4.0,0.0,0.0,1.26,6.24,10.99
I1,2022-09-01,Atalanta,Torino,1748.05,1640.43,7.0,7.0,7.0,10.0,3.0,1.0,H,1.0,0.0,H,12.0,8.0,5.0,2.0,14.0,13.0,7.0,2.0,1.0,3.0,0.0,0.0,1.71,3.94,4.95
I1,2022-09-01,Bologna,Salernitana,1595.07,1512.6,1.0,4.0,4.0,5.0,1.0,1.0,D,0.0,0.0,D,11.0,20.0,4.0,4.0,10.0,11.0,1.0,8.0,2.0,2.0,0.0,0.0,1.88,3.57,4.26
I1,2022-09-03,Fiorentina,Juventus,1661.46,1789.29,2.0,8.0,5.0,8.0,1.0,1.0,D,1.0,1.0,D,17.0,4.0,5.0,1.0,13.0,12.0,10.0,2.0,1.0,3.0,0.0,0.0,3.06,3.22,2.46
I1,2022-09-03,Milan,Inter,1837.83,1857.69,5.0,11.0,6.0,12.0,3.0,2.0,H,1.0,1.0,D,21.0,16.0,5.0,5.0,10.0,12.0,2.0,5.0,5.0,2.0,0.0,0.0,2.79,3.3,2.63
I1,2022-09-03,Lazio,Napoli,1738.1,1804.87,5.0,9.0,5.0,11.0,1.0,2.0,A,1.0,1.0,D,8.0,19.0,2.0,7.0,12.0,14.0,6.0,8.0,4.0,0.0,0.0,0.0,2.93,3.56,2.38
I1,2022-09-04,Cremonese,Sassuolo,1469.78,1656.51,0.0,3.0,5.0,5.0,0.0,0.0,D,0.0,0.0,D,10.0,17.0,0.0,7.0,16.0,6.0,2.0,3.0,1.0,1.0,0.0,0.0,3.05,3.53,2.31
I1,2022-09-04,Spezia,Bologna,1531.93,1595.07,1.0,4.0,2.0,5.0,2.0,2.0,D,1.0,1.0,D,15.0,13.0,5.0,6.0,12.0,5.0,7.0,2.0,4.0,1.0,0.0,0.0,3.04,3.27,2.45
I1,2022-09-04,Verona,Sampdoria,1622.89,1565.96,2.0,3.0,2.0,2.0,2.0,1.0,H,2.0,1.0,H,17.0,11.0,9.0,3.0,16.0,11.0,7.0,2.0,2.0,2.0,0.0,0.0,2.06,3.53,3.64
I1,2022-09-04,Udinese,Roma,1640.37,1768.26,7.0,10.0,7.0,13.0,4.0,0.0,H,1.0,0.0,H,11.0,12.0,5.0,2.0,16.0,13.0,3.0,7.0,3.0,2.0,0.0,0.0,4.01,3.68,1.92
I1,2022-09-05,Monza,Atalanta,1505.95,1748.05,0.0,0.0,7.0,10.0,0.0,2.0,A,0.0,0.0,D,11.0,13.0,3.0,6.0,9.0,10.0,4.0,9.0,1.0,1.0,0.0,0.0,5.64,4.3,1.58
I1,2022-09-05,Salernitana,Empoli,1512.6,1546.45,5.0,5.0,3.0,6.0,2.0,2.0,D,1.0,1.0,D,15.0,11.0,4.0,5.0,7.0,9.0,6.0,7.0,3.0,2.0,0.0,0.0,2.27,3.43,3.21
I1,2022-09-05,Torino,Lecce,1640.43,1530.36,4.0,7.0,2.0,5.0,1.0,0.0,H,1.0,0.0,H,13.0,10.0,4.0,2.0,16.0,8.0,4.0,4.0,2.0,1.0,0.0,0.0,1.73,3.7,5.11
I1,2022-09-10,Napoli,Spezia,1845.51,1532.5,5.0,11.0,2.0,5.0,1.0,0.0,H,0.0,0.0,D,28.0,10.0,6.0,1.0,6.0,14.0,10.0,5.0,1.0,2.0,0.0,0.0,1.26,6.27,11.33
I1,2022-09-10,Inter,Torino,1851.21,1637.75,3.0,9.0,6.0,10.0,1.0,0.0,H,0.0,0.0,D,16.0,9.0,3.0,7.0,8.0,17.0,6.0,5.0,1.0,2.0,0.0,0.0,1.45,4.77,7.01
I1,2022-09-10,Sampdoria,Milan,1559.39,1853.71,1.0,2.0,7.0,11.0,1.0,2.0,A,0.0,1.0,A,10.0,15.0,4.0,4.0,12.0,10.0,2.0,4.0,5.0,2.0,0.0,1.0,6.31,4.37,1.52
I1,2022-09-11,Atalanta,Cremonese,1753.35,1482.79,9.0,13.0,1.0,1.0,1.0,1.0,D,0.0,0.0,D,14.0,7.0,6.0,4.0,9.0,17.0,3.0,3.0,2.0,5.0,0.0,0.0,1.33,5.44,9.28
I1,2022-09-11,Bologna,Fiorentina,1601.41,1648.2,2.0,3.0,2.0,6.0,2.0,1.0,H,0.0,0.0,D,12.0,13.0,4.0,2.0,8.0,13.0,6.0,8.0,1.0,4.0,0.0,1.0,2.97,3.4,2.42
I1,2022-09-11,Lecce,Monza,1525.72,1504.9,2.0,2.0,0.0,0.0,1.0,1.0,D,0.0,1.0,A,7.0,2.0,3.0,1.0,18.0,22.0,8.0,5.0,3.0,3.0,0.0,0.0,2.3,3.35,3.21
I1,2022-09-11,Sassuolo,Udinese,1641.86,1675.18,3.0,6.0,9.0,10.0,1.0,3.0,A,1.0,0.0,H,5.0,17.0,2.0,4.0,7.0,15.0,5.0,6.0,1.0,3.0,1.0,0.0,2.69,3.51,2.58
I1,2022-09-11,Lazio,Verona,1747.36,1624.22,4.0,8.0,4.0,5.0,2.0,0.0,H,0.0,0.0,D,15.0,7.0,6.0,1.0,5.0,23.0,3.0,5.0,2.0,5.0,0.0,0.0,1.59,4.23,5.51
I1,2022-09-11,Juventus,Salernitana,1768.36,1524.54,5.0,9.0,5.0,6.0,2.0,2.0,D,0.0,2.0,A,22.0,11.0,7.0,5.0,13.0,15.0,8.0,2.0,5.0,4.0,2.0,1.0,1.41,4.73,8.11
I1,2022-09-12,Empoli,Roma,1544.26,1742.1,3.0,4.0,4.0,10.0,1.0,2.0,A,1.0,1.0,D,20.0,13.0,3.0,7.0,13.0,12.0,7.0,7.0,3.0,1.0,1.0,0.0,4.7,3.93,1.73
I1,2022-09-16,Salernitana,Lecce,1524.54,1525.72,3.0,7.0,2.0,3.0,1.0,2.0,A,0.0,1.0,A,8.0,13.0,4.0,4.0,9.0,11.0,4.0,5.0,1.0,3.0,0.0,0.0,2.25,3.33,3.37
I1,2022-09-17,Bologna,Empoli,1601.41,1544.26,5.0,6.0,2.0,4.0,0.0,1.0,A,0.0,0.0,D,16.0,12.0,3.0,5.0,11.0,16.0,5.0,8.0,2.0,3.0,0.0,0.0,2.13,3.52,3.42
I1,2022-09-17,Spezia,Sampdoria,1532.5,1559.39,1.0,2.0,1.0,2.0,2.0,1.0,H,1.0,1.0,D,6.0,11.0,3.0,8.0,17.0,14.0,3.0,6.0,4.0,5.0,0.0,0.0,2.69,3.24,2.74
I1,2022-09-17,Torino,Sassuolo,1637.75,1641.86,3.0,7.0,2.0,6.0,0.0,1.0,A,0.0,0.0,D,12.0,10.0,3.0,5.0,13.0,7.0,4.0,3.0,4.0,1.0,0.0,0.0,1.83,3.77,4.3
I1,2022-09-18,Udinese,Inter,1675.18,1851.21,9.0,13.0,6.0,9.0,3.0,1.0,H,1.0,1.0,D,20.0,14.0,6.0,3.0,11.0,13.0,7.0,4.0,3.0,4.0,0.0,0.0,3.83,3.8,1.92
I1,2022-09-18,Cremonese,Lazio,1482.79,1747.36,2.0,2.0,4.0,8.0,0.0,4.0,A,0.0,3.0,A,18.0,14.0,3.0,6.0,12.0,9.0,8.0,5.0,1.0,1.0,0.0,0.0,4.22,3.9,1.81
I1,2022-09-18,Fiorentina,Verona,1648.2,1624.22,1.0,3.0,4.0,5.0,2.0,0.0,H,1.0,0.0,H,15.0,8.0,9.0,1.0,18.0,17.0,7.0,3.0,4.0,4.0,0.0,0.0,1.78,3.85,4.48
I1,2022-09-18,Monza,Juventus,1504.9,1768.36,1.0,1.0,5.0,7.0,1.0,0.0,H,0.0,0.0,D,17.0,10.0,4.0,2.0,16.0,17.0,5.0,3.0,2.0,1.0,0.0,1.0,4.41,3.63,1.84
I1,2022-09-18,Roma,Atalanta,1742.1,1753.35,6.0,10.0,7.0,11.0,0.0,1.0,A,0.0,1.0,A,21.0,4.0,5.0,1.0,9.0,19.0,5.0,1.0,0.0,7.0,0.0,0.0,2.07,3.57,3.55
I1,2022-09-18,Milan,Napoli,1853.71,1845.51,7.0,11.0,7.0,11.0,1.0,2.0,A,0.0,0.0,D,22.0,9.0,5.0,4.0,18.0,11.0,9.0,4.0,4.0,3.0,0.0,0.0,2.14,3.5,3.44
I1,2022-10-01,Napoli,Torino,1842.03,1615.73,9.0,11.0,3.0,6.0,3.0,1.0,H,3.0,1.0,H,15.0,16.0,7.0,3.0,4.0,17.0,4.0,4.0,0.0,2.0,0.0,0.0,1.6,4.13,5.57
I1,2022-10-01,Inter,Roma,1822.27,1721.49,3.0,6.0,3.0,7.0,1.0,2.0,A,1.0,1.0,D,15.0,10.0,2.0,3.0,15.0,14.0,5.0,1.0,4.0,3.0,0.0,0.0,2.08,3.5,3.61
I1,2022-10-01,Empoli,Milan,1542.13,1831.4,4.0,6.0,6.0,10.0,1.0,3.0,A,0.0,0.0,D,16.0,19.0,4.0,6.0,15.0,10.0,3.0,7.0,4.0,2.0,0.0,0.0,5.47,4.13,1.61
I1,2022-10-02,Lazio,Spezia,1717.15,1527.09,6.0,10.0,4.0,5.0,4.0,0.0,H,2.0,0.0,H,13.0,14.0,6.0,2.0,3.0,14.0,3.0,6.0,0.0,2.0,0.0,0.0,1.4,4.96,7.65
I1,2022-10-02,Lecce,Cremonese,1522.15,1462.86,4.0,6.0,2.0,2.0,1.0,1.0,D,1.0,1.0,D,6.0,13.0,1.0,4.0,11.0,15.0,1.0,8.0,3.0,1.0,0.0,0.0,2.08,3.47,3.6
I1,2022-10-02,Sampdoria,Monza,1539.02,1505.58,0.0,1.0,4.0,4.0,0.0,3.0,A,0.0,1.0,A,3.0,13.0,1.0,6.0,16.0,24.0,2.0,4.0,2.0,2.0,0.0,0.0,2.32,3.34,3.16
I1,2022-10-02,Sassuolo,Salernitana,1638.08,1502.33,4.0,6.0,2.0,6.0,5.0,0.0,H,2.0,0.0,H,17.0,6.0,11.0,1.0,10.0,8.0,1.0,2.0,1.0,1.0,0.0,0.0,2.04,3.68,3.5
I1,2022-10-02,Atalanta,Fiorentina,1749.37,1630.1,7.0,13.0,4.0,5.0,1.0,0.0,H,0.0,0.0,D,10.0,16.0,5.0,5.0,12.0,10.0,1.0,5.0,2.0,2.0,0.0,0.0,1.97,3.56,3.88
I1,2022-10-02,Juventus,Bologna,1741.9,1577.76,2.0,6.0,4.0,5.0,3.0,0.0,H,1.0,0.0,H,17.0,9.0,6.0,1.0,11.0,15.0,2.0,4.0,0.0,1.0,0.0,0.0,1.51,4.3,6.48
I1,2022-10-03,Verona,Udinese,1601.93,1678.34,3.0,4.0,9.0,15.0,1.0,2.0,A,1.0,0.0,H,7.0,21.0,2.0,8.0,15.0,11.0,4.0,9.0,3.0,3.0,0.0,0.0,3.1,3.51,2.27
I1,2022-10-08,Sassuolo,Inter,1638.08,1822.27,6.0,8.0,3.0,6.0,1.0,2.0,A,0.0,1.0,A,15.0,16.0,3.0,4.0,14.0,17.0,6.0,5.0,3.0,2.0,0.0,0.0,4.41,4.18,1.73
I1,2022-10-08,Milan,Juventus,1831.4,1741.9,6.0,10.0,4.0,8.0,2.0,0.0,H,1.0,0.0,H,21.0,10.0,3.0,3.0,7.0,7.0,9.0,3.0,2.0,3.0,0.0,0.0,2.11,3.38,3.65
I1,2022-10-08,Bologna,Sampdoria,1577.76,1539.02,3.0,5.0,0.0,1.0,1.0,1.0,D,1.0,0.0,H,10.0,9.0,3.0,3.0,17.0,21.0,2.0,5.0,2.0,3.0,0.0,0.0,2.06,3.52,3.63
I1,2022-10-09,Torino,Empoli,1610.39,1542.76,0.0,3.0,3.0,5.0,1.0,1.0,D,0.0,0.0,D,20.0,6.0,7.0,2.0,15.0,9.0,6.0,1.0,2.0,4.0,0.0,0.0,1.76,3.67,4.86
I1,2022-10-09,Monza,Spezia,1533.85,1513.06,7.0,7.0,3.0,4.0,2.0,0.0,H,1.0,0.0,H,7.0,9.0,4.0,1.0,10.0,20.0,3.0,6.0,3.0,2.0,0.0,0.0,1.91,3.58,4.14
I1,2022-10-09,Salernitana,Verona,1504.72,1586.58,1.0,3.0,0.0,4.0,2.0,1.0,H,1.0,0.0,H,14.0,12.0,4.0,2.0,9.0,15.0,1.0,6.0,3.0,3.0,1.0,1.0,2.45,3.46,2.88
I1,2022-10-09,Udinese,Atalanta,1687.55,1754.15,9.0,15.0,7.0,13.0,2.0,2.0,D,0.0,1.0,A,10.0,9.0,2.0,5.0,11.0,12.0,5.0,3.0,2.0,3.0,0.0,0.0,2.56,3.41,2.76
I1,2022-10-09,Cremonese,Napoli,1464.57,1880.22,2.0,3.0,9.0,13.0,1.0,4.0,A,0.0,1.0,A,12.0,21.0,1.0,10.0,18.0,6.0,5.0,2.0,2.0,0.0,0.0,0.0,6.93,4.71,1.45
I1,2022-10-09,Roma,Lecce,1732.04,1517.85,6.0,9.0,5.0,6.0,2.0,1.0,H,1.0,1.0,D,20.0,6.0,6.0,3.0,12.0,11.0,13.0,4.0,2.0,2.0,0.0,1.0,1.36,4.98,9.21
I1,2022-10-10,Fiorentina,Lazio,1622.47,1729.23,3.0,4.0,9.0,10.0,0.0,4.0,A,0.0,2.0,A,24.0,10.0,3.0,6.0,17.0,9.0,9.0,2.0,4.0,1.0,0.0,0.0,2.47,3.44,2.87
I1,2022-10-15,Empoli,Monza,1542.76,1533.85,4.0,5.0,9.0,10.0,1.0,0.0,H,1.0,0.0,H,11.0,16.0,5.0,4.0,17.0,14.0,2.0,9.0,5.0,3.0,0.0,1.0,2.54,3.31,2.87
I1,2022-10-15,Torino,Juventus,1610.39,1729.74,1.0,4.0,3.0,5.0,0.0,1.0,A,0.0,0.0,D,15.0,14.0,2.0,8.0,11.0,8.0,3.0,6.0,2.0,0.0,0.0,0.0,3.05,3.17,2.5
I1,2022-10-15,Atalanta,Sassuolo,1754.15,1643.18,7.0,11.0,6.0,7.0,2.0,1.0,H,1.0,1.0,D,16.0,11.0,4.0,3.0,10.0,8.0,3.0,3.0,1.0,4.0,0.0,0.0,1.66,4.15,4.94
I1,2022-10-16,Inter,Salernitana,1828.96,1504.72,3.0,6.0,3.0,5.0,2.0,0.0,H,1.0,0.0,H,16.0,8.0,6.0,3.0,12.0,14.0,6.0,4.0,0.0,1.0,0.0,0.0,1.29,5.85,10.02
I1,2022-10-16,Lazio,Udinese,1729.23,1687.55,9.0,12.0,7.0,13.0,0.0,0.0,D,0.0,0.0,D,8.0,12.0,3.0,2.0,8.0,11.0,7.0,3.0,1.0,4.0,0.0,0.0,2.19,3.61,3.23
I1,2022-10-16,Spezia,Cremonese,1513.06,1464.57,3.0,4.0,1.0,3.0,2.0,2.0,D,2.0,1.0,H,15.0,24.0,6.0,4.0,12.0,11.0,6.0,8.0,2.0,0.0,0.0,0.0,2.47,3.17,3.07
I1,2022-10-16,Napoli,Bologna,1880.22,1570.55,9.0,15.0,1.0,5.0,3.0,2.0,H,1.0,1.0,D,30.0,16.0,11.0,3.0,6.0,10.0,6.0,4.0,0.0,4.0,0.0,0.0,1.26,6.0,11.54
I1,2022-10-16,Verona,Milan,1586.58,1821.58,0.0,3.0,6.0,12.0,1.0,2.0,A,1.0,1.0,D,19.0,16.0,5.0,6.0,7.0,9.0,9.0,3.0,3.0,2.0,0.0,0.0,5.98,4.19,1.56
I1,2022-10-17,Sampdoria,Roma,1525.7,1732.04,1.0,1.0,6.0,9.0,0.0,1.0,A,0.0,1.0,A,8.0,7.0,1.0,4.0,20.0,20.0,4.0,3.0,5.0,3.0,0.0,0.0,5.01,3.75,1.73
I1,2022-10-17,Lecce,Fiorentina,1517.85,1622.47,4.0,5.0,3.0,4.0,1.0,1.0,D,1.0,0.0,H,6.0,10.0,2.0,5.0,15.0,16.0,2.0,8.0,5.0,5.0,1.0,0.0,3.83,3.32,2.07
I1,2022-10-21,Juventus,Empoli,1729.74,1542.76,6.0,7.0,4.0,7.0,4.0,0.0,H,1.0,0.0,H,21.0,12.0,7.0,4.0,13.0,11.0,6.0,4.0,2.0,2.0,0.0,0.0,1.4,4.94,7.8
I1,2022-10-22,Salernitana,Spezia,1504.72,1513.06,3.0,4.0,1.0,4.0,1.0,0.0,H,0.0,0.0,D,17.0,14.0,4.0,2.0,9.0,8.0,4.0,7.0,2.0,4.0,0.0,0.0,2.02,3.49,3.8
I1,2022-10-22,Milan,Monza,1821.58,1533.85,9.0,12.0,6.0,10.0,4.0,1.0,H,2.0,0.0,H,12.0,16.0,7.0,6.0,18.0,9.0,2.0,2.0,1.0,1.0,0.0,0.0,1.4,4.88,7.9
I1,2022-10-22,Fiorentina,Inter,1622.47,1828.96,1.0,4.0,6.0,9.0,3.0,4.0,A,1.0,2.0,A,10.0,8.0,4.0,7.0,15.0,14.0,1.0,2.0,4.0,3.0,0.0,0.0,3.63,3.54,2.05
I1,2022-10-23,Udinese,Torino,1687.55,1610.39,5.0,11.0,1.0,1.0,1.0,2.0,A,1.0,1.0,D,16.0,15.0,4.0,4.0,12.0,15.0,7.0,4.0,3.0,4.0,0.0,0.0,2.03,3.37,3.91
I1,2022-10-23,Bologna,Lecce,1570.55,1517.85,1.0,4.0,2.0,6.0,2.0,0.0,H,2.0,0.0,H,12.0,9.0,3.0,3.0,11.0,14.0,9.0,4.0,5.0,2.0,0.0,0.0,2.19,3.21,3.62
I1,2022-10-23,Atalanta,Lazio,1754.15,1729.23,7.0,11.0,7.0,13.0,0.0,2.0,A,0.0,1.0,A,7.0,12.0,0.0,5.0,15.0,9.0,5.0,8.0,4.0,2.0,1.0,0.0,1.98,3.69,3.75
I1,2022-10-23,Roma,Napoli,1732.04,1880.22,9.0,12.0,9.0,15.0,0.0,1.0,A,0.0,0.0,D,6.0,12.0,0.0,5.0,14.0,12.0,3.0,4.0,3.0,4.0,0.0,0.0,2.89,3.52,2.41
I1,2022-10-24,Cremonese,Sampdoria,1472.51,1535.24,2.0,3.0,1.0,1.0,0.0,1.0,A,0.0,0.0,D,21.0,8.0,4.0,4.0,16.0,15.0,5.0,1.0,3.0,4.0,0.0,0.0,2.46,3.32,2.95
I1,2022-10-24,Sassuolo,Verona,1648.65,1578.72,3.0,6.0,0.0,0.0,2.0,1.0,H,1.0,1.0,D,14.0,13.0,3.0,5.0,7.0,19.0,4.0,5.0,1.0,3.0,0.0,0.0,1.96,3.61,3.82
I1,2022-10-29,Napoli,Sassuolo,1903.56,1648.65,9.0,15.0,3.0,9.0,4.0,0.0,H,3.0,0.0,H,18.0,10.0,6.0,6.0,5.0,6.0,11.0,5.0,0.0,3.0,0.0,1.0,1.29,5.91,9.52
I1,2022-10-29,Lecce,Juventus,1516.22,1749.76,1.0,5.0,6.0,9.0,0.0,1.0,A,0.0,0.0,D,5.0,13.0,0.0,5.0,16.0,13.0,7.0,7.0,3.0,5.0,0.0,0.0,4.42,3.42,1.89
I1,2022-10-29,Inter,Sampdoria,1850.71,1535.24,9.0,9.0,4.0,4.0,3.0,0.0,H,2.0,0.0,H,17.0,9.0,8.0,2.0,5.0,13.0,3.0,3.0,1.0,6.0,0.0,0.0,1.25,6.15,12.03
I1,2022-10-30,Empoli,Atalanta,1545.87,1758.84,4.0,7.0,4.0,10.0,0.0,2.0,A,0.0,1.0,A,13.0,20.0,3.0,6.0,10.0,13.0,7.0,2.0,2.0,1.0,0.0,0.0,4.35,3.79,1.8
I1,2022-10-30,Cremonese,Udinese,1472.51,1682.29,1.0,2.0,2.0,8.0,0.0,0.0,D,0.0,0.0,D,13.0,13.0,2.0,3.0,8.0,9.0,7.0,4.0,1.0,0.0,0.0,0.0,4.01,3.76,1.87
I1,2022-10-30,Spezia,Fiorentina,1505.82,1636.75,1.0,4.0,1.0,4.0,1.0,2.0,A,1.0,1.0,D,10.0,27.0,6.0,5.0,19.0,14.0,5.0,5.0,5.0,3.0,1.0,0.0,4.1,3.59,1.89
I1,2022-10-30,Lazio,Salernitana,1731.89,1538.62,7.0,13.0,6.0,6.0,1.0,3.0,A,1.0,0.0,H,13.0,10.0,4.0,6.0,10.0,7.0,4.0,5.0,3.0,3.0,0.0,0.0,1.49,4.53,6.35
I1,2022-10-30,Torino,Milan,1636.87,1835.62,4.0,4.0,9.0,12.0,2.0,1.0,H,2.0,0.0,H,7.0,12.0,4.0,1.0,11.0,16.0,6.0,1.0,5.0,2.0,0.0,0.0,3.63,3.33,2.12
I1,2022-10-31,Verona,Roma,1578.72,1747.93,0.0,0.0,6.0,9.0,1.0,3.0,A,1.0,1.0,D,7.0,14.0,3.0,6.0,9.0,9.0,2.0,4.0,3.0,1.0,1.0,0.0,4.32,3.59,1.84
I1,2022-10-31,Monza,Bologna,1525.06,1593.23,3.0,9.0,4.0,4.0,1.0,2.0,A,0.0,0.0,D,9.0,10.0,3.0,5.0,13.0,18.0,4.0,5.0,4.0,2.0,0.0,0.0,2.22,3.33,3.32
I1,2022-11-04,Udinese,Lecce,1682.29,1516.22,2.0,6.0,1.0,2.0,1.0,1.0,D,0.0,1.0,A,16.0,9.0,5.0,1.0,12.0,18.0,3.0,2.0,2.0,3.0,0.0,0.0,1.65,3.85,5.66
I1,2022-11-05,Empoli,Sassuolo,1545.87,1648.65,3.0,4.0,3.0,6.0,1.0,0.0,H,0.0,0.0,D,17.0,10.0,1.0,3.0,11.0,11.0,3.0,6.0,2.0,0.0,0.0,0.0,2.79,3.48,2.51
I1,2022-11-05,Salernitana,Cremonese,1538.62,1472.51,6.0,9.0,2.0,3.0,2.0,2.0,D,2.0,1.0,H,11.0,11.0,2.0,5.0,14.0,10.0,2.0,2.0,2.0,2.0,0.0,0.0,2.17,3.42,3.43
I1,2022-11-05,Atalanta,Napoli,1758.84,1903.56,6.0,10.0,9.0,15.0,1.0,2.0,A,1.0,2.0,A,17.0,7.0,4.0,5.0,10.0,9.0,5.0,2.0,5.0,1.0,0.0,0.0,3.39,3.69,2.1
I1,2022-11-05,Milan,Spezia,1835.62,1505.82,6.0,12.0,1.0,1.0,2.0,1.0,H,1.0,0.0,H,23.0,13.0,11.0,5.0,12.0,13.0,3.0,6.0,6.0,4.0,1.0,0.0,1.22,6.54,13.51
I1,2022-11-06,Bologna,Torino,1593.23,1636.87,6.0,7.0,6.0,7.0,2.0,1.0,H,0.0,1.0,A,9.0,7.0,5.0,2.0,14.0,17.0,3.0,1.0,3.0,3.0,0.0,0.0,3.05,3.13,2.51
I1,2022-11-06,Monza,Verona,1525.06,1578.72,0.0,6.0,0.0,0.0,2.0,0.0,H,0.0,0.0,D,14.0,7.0,3.0,2.0,10.0,10.0,5.0,2.0,3.0,1.0,0.0,1.0,2.2,3.45,3.32
I1,2022-11-06,Sampdoria,Fiorentina,1535.24,1636.75,3.0,4.0,4.0,4.0,0.0,2.0,A,0.0,1.0,A,14.0,5.0,2.0,4.0,10.0,18.0,4.0,4.0,1.0,0.0,0.0,0.0,4.06,3.49,1.95
I1,2022-11-06,Roma,Lazio,1747.93,1731.89,6.0,12.0,4.0,10.0,0.0,1.0,A,0.0,1.0,A,8.0,5.0,2.0,3.0,18.0,14.0,4.0,2.0,2.0,3.0,0.0,0.0,2.03,3.52,3.74
I1,2022-11-06,Juventus,Inter,1749.76,1850.71,9.0,12.0,9.0,12.0,2.0,0.0,H,0.0,0.0,D,8.0,14.0,3.0,4.0,16.0,13.0,2.0,8.0,2.0,2.0,0.0,0.0,3.05,3.35,2.39
I1,2022-11-08,Napoli,Empoli,1903.56,1545.87,9.0,15.0,3.0,7.0,2.0,0.0,H,0.0,0.0,D,18.0,6.0,4.0,1.0,12.0,16.0,5.0,0.0,1.0,6.0,0.0,1.0,1.24,6.61,11.31
I1,2022-11-08,Spezia,Udinese,1505.82,1682.29,0.0,1.0,2.0,4.0,1.0,1.0,D,1.0,1.0,D,21.0,10.0,6.0,2.0,12.0,12.0,9.0,0.0,3.0,3.0,0.0,0.0,4.01,3.56,1.94
I1,2022-11-08,Cremonese,Milan,1472.51,1835.62,2.0,3.0,6.0,12.0,0.0,0.0,D,0.0,0.0,D,6.0,16.0,1.0,5.0,16.0,10.0,2.0,4.0,4.0,3.0,0.0,0.0,6.15,4.28,1.54
I1,2022-11-09,Lecce,Atalanta,1544.06,1731.1,1.0,2.0,3.0,7.0,2.0,1.0,H,2.0,1.0,H,15.0,12.0,3.0,4.0,11.0,12.0,4.0,3.0,1.0,2.0,0.0,0.0,4.7,3.6,1.8
I1,2022-11-09,Sassuolo,Roma,1624.14,1733.0,3.0,3.0,3.0,9.0,1.0,1.0,D,0.0,0.0,D,14.0,10.0,6.0,4.0,11.0,11.0,3.0,2.0,5.0,3.0,0.0,0.0,3.48,3.58,2.1
I1,2022-11-09,Fiorentina,Salernitana,1647.15,1516.73,6.0,7.0,7.0,10.0,2.0,1.0,H,1.0,0.0,H,18.0,4.0,7.0,1.0,10.0,11.0,4.0,3.0,0.0,1.0,0.0,0.0,1.54,4.32,6.07
I1,2022-11-09,Inter,Bologna,1841.54,1607.07,6.0,12.0,9.0,10.0,6.0,1.0,H,3.0,1.0,H,13.0,10.0,7.0,4.0,10.0,11.0,4.0,4.0,1.0,5.0,0.0,0.0,1.31,5.59,9.7
I1,2022-11-09,Torino,Sampdoria,1636.29,1504.28,6.0,7.0,3.0,4.0,2.0,0.0,H,1.0,0.0,H,8.0,11.0,5.0,1.0,14.0,21.0,4.0,3.0,1.0,3.0,0.0,0.0,1.63,3.81,5.88
I1,2022-11-10,Verona,Juventus,1548.85,1769.99,0.0,0.0,9.0,12.0,0.0,1.0,A,0.0,0.0,D,15.0,11.0,2.0,3.0,14.0,13.0,5.0,4.0,3.0,2.0,0.0,1.0,5.26,3.82,1.69
I1,2022-11-10,Lazio,Monza,1723.61,1543.0,6.0,10.0,3.0,6.0,1.0,0.0,H,0.0,0.0,D,12.0,8.0,4.0,0.0,15.0,14.0,4.0,3.0,2.0,1.0,0.0,0.0,1.62,4.13,5.37
I1,2022-11-11,Empoli,Cremonese,1558.17,1472.5,3.0,6.0,3.0,4.0,2.0,0.0,H,0.0,0.0,D,13.0,19.0,6.0,5.0,9.0,14.0,4.0,9.0,1.0,2.0,0.0,0.0,2.52,3.33,2.88
I1,2022-11-12,Napoli,Udinese,1903.57,1668.19,9.0,15.0,3.0,4.0,3.0,2.0,H,2.0,0.0,H,15.0,10.0,5.0,4.0,12.0,13.0,5.0,3.0,2.0,3.0,0.0,0.0,1.48,4.7,6.23
I1,2022-11-12,Sampdoria,Lecce,1504.28,1544.06,0.0,3.0,4.0,5.0,0.0,2.0,A,0.0,1.0,A,11.0,11.0,2.0,3.0,14.0,19.0,9.0,0.0,2.0,3.0,0.0,0.0,2.66,3.05,2.93
I1,2022-11-12,Bologna,Sassuolo,1607.07,1624.14,6.0,9.0,1.0,4.0,3.0,0.0,H,1.0,0.0,H,8.0,9.0,4.0,3.0,12.0,6.0,4.0,6.0,1.0,0.0,0.0,0.0,2.34,3.5,3.01
I1,2022-11-13,Atalanta,Inter,1731.1,1841.54,3.0,6.0,6.0,12.0,2.0,3.0,A,1.0,1.0,D,19.0,14.0,7.0,3.0,10.0,11.0,5.0,4.0,0.0,3.0,0.0,0.0,3.07,3.59,2.27
I1,2022-11-13,Monza,Salernitana,1543.0,1516.73,3.0,3.0,4.0,7.0,3.0,0.0,H,2.0,0.0,H,19.0,5.0,7.0,0.0,9.0,11.0,6.0,1.0,0.0,2.0,0.0,1.0,2.1,3.39,3.63
I1,2022-11-13,Roma,Torino,1733.0,1636.29,4.0,7.0,6.0,9.0,1.0,1.0,D,0.0,0.0,D,13.0,10.0,4.0,2.0,13.0,10.0,7.0,0.0,3.0,2.0,0.0,0.0,1.92,3.44,4.28
I1,2022-11-13,Verona,Spezia,1548.85,1515.81,0.0,0.0,1.0,2.0,1.0,2.0,A,1.0,0.0,H,18.0,16.0,5.0,9.0,13.0,21.0,2.0,10.0,2.0,4.0,0.0,0.0,2.11,3.47,3.52
I1,2022-11-13,Milan,Fiorentina,1838.63,1647.15,4.0,10.0,9.0,10.0,2.0,1.0,H,1.0,1.0,D,12.0,11.0,3.0,5.0,13.0,11.0,5.0,7.0,1.0,4.0,0.0,0.0,1.72,3.87,4.84
I1,2022-11-13,Juventus,Lazio,1769.99,1723.61,9.0,15.0,6.0,10.0,3.0,0.0,H,1.0,0.0,H,13.0,10.0,9.0,3.0,10.0,8.0,2.0,6.0,2.0,1.0,0.0,0.0,2.0,3.44,3.95
I1,2023-01-04,Salernitana,Milan,1516.73,1838.63,1.0,7.0,7.0,10.0,1.0,2.0,A,0.0,2.0,A,8.0,16.0,1.0,10.0,21.0,13.0,6.0,2.0,4.0,1.0,0.0,0.0,6.87,4.47,1.48
I1,2023-01-04,Sassuolo,Sampdoria,1624.14,1504.28,1.0,4.0,0.0,3.0,1.0,2.0,A,0.0,2.0,A,16.0,9.0,4.0,4.0,16.0,19.0,9.0,1.0,2.0,3.0,0.0,0.0,1.76,3.75,4.73
I1,2023-01-04,Spezia,Atalanta,1515.81,1731.1,4.0,4.0,0.0,3.0,2.0,2.0,D,2.0,0.0,H,7.0,19.0,3.0,3.0,11.0,11.0,3.0,8.0,3.0,3.0,0.0,0.0,4.74,4.0,1.71
I1,2023-01-04,Torino,Verona,1636.29,1548.85,4.0,10.0,0.0,0.0,1.0,1.0,D,0.0,1.0,A,9.0,10.0,3.0,2.0,7.0,17.0,6.0,3.0,1.0,1.0,0.0,0.0,1.85,3.6,4.42
I1,2023-01-04,Lecce,Lazio,1544.06,1723.61,7.0,7.0,6.0,9.0,2.0,1.0,H,0.0,1.0,A,11.0,8.0,4.0,2.0,16.0,13.0,4.0,3.0,3.0,2.0,0.0,0.0,3.72,3.26,2.13
I1,2023-01-04,Roma,Bologna,1733.0,1607.07,2.0,5.0,6.0,12.0,1.0,0.0,H,1.0,0.0,H,14.0,10.0,4.0,2.0,10.0,10.0,3.0,3.0,2.0,3.0,0.0,0.0,1.63,3.87,5.72
I1,2023-01-04,Cremonese,Juventus,1472.5,1769.99,2.0,3.0,9.0,15.0,0.0,1.0,A,0.0,0.0,D,13.0,19.0,3.0,8.0,12.0,12.0,3.0,8.0,5.0,3.0,0.0,0.0,5.14,3.81,1.7
I1,2023-01-04,Fiorentina,Monza,1647.15,1543.0,6.0,9.0,6.0,6.0,1.0,1.0,D,1.0,0.0,H,22.0,10.0,6.0,3.0,11.0,13.0,9.0,1.0,1.0,3.0,0.0,0.0,1.72,3.88,4.85
I1,2023-01-04,Inter,Napoli,1841.54,1903.57,6.0,12.0,9.0,15.0,1.0,0.0,H,0.0,0.0,D,6.0,9.0,1.0,2.0,12.0,7.0,5.0,4.0,3.0,2.0,0.0,0.0,2.3,3.44,3.12
I1,2023-01-04,Udinese,Empoli,1668.19,1558.17,2.0,3.0,6.0,6.0,1.0,1.0,D,0.0,1.0,A,21.0,6.0,3.0,1.0,15.0,14.0,8.0,1.0,2.0,3.0,0.0,1.0,1.62,3.96,5.69
I1,2023-01-07,Fiorentina,Sassuolo,1647.15,1624.14,4.0,10.0,1.0,1.0,2.0,1.0,H,0.0,0.0,D,14.0,17.0,5.0,4.0,14.0,9.0,6.0,3.0,4.0,3.0,0.0,0.0,1.72,3.95,4.75
I1,2023-01-07,Juventus,Udinese,1769.99,1668.19,9.0,15.0,2.0,4.0,1.0,0.0,H,0.0,0.0,D,14.0,11.0,4.0,3.0,16.0,13.0,6.0,4.0,1.0,2.0,0.0,0.0,1.78,3.75,4.66
I1,2023-01-07,Monza,Inter,1543.0,1841.54,4.0,7.0,9.0,12.0,2.0,2.0,D,1.0,2.0,A,13.0,11.0,4.0,3.0,14.0,20.0,3.0,5.0,0.0,3.0,0.0,0.0,5.62,4.39,1.56
I1,2023-01-08,Salernitana,Torino,1516.73,1636.29,0.0,4.0,5.0,8.0,1.0,1.0,D,0.0,1.0,A,11.0,23.0,4.0,8.0,10.0,15.0,6.0,7.0,2.0,3.0,0.0,0.0,3.67,3.26,2.15
I1,2023-01-08,Lazio,Empoli,1723.61,1558.17,3.0,6.0,4.0,7.0,2.0,2.0,D,1.0,0.0,H,18.0,5.0,4.0,2.0,17.0,10.0,10.0,3.0,4.0,1.0,0.0,0.0,1.55,4.32,5.94
I1,2023-01-08,Spezia,Lecce,1515.81,1544.06,5.0,5.0,9.0,10.0,0.0,0.0,D,0.0,0.0,D,10.0,15.0,2.0,4.0,14.0,15.0,5.0,7.0,0.0,1.0,0.0,0.0,2.62,3.08,2.95
I1,2023-01-08,Sampdoria,Napoli,1504.28,1903.57,3.0,3.0,6.0,12.0,0.0,2.0,A,0.0,1.0,A,9.0,24.0,2.0,8.0,15.0,12.0,2.0,5.0,3.0,2.0,1.0,0.0,8.2,4.82,1.4
I1,2023-01-08,Milan,Roma,1838.63,1733.0,7.0,10.0,5.0,8.0,2.0,2.0,D,1.0,0.0,H,12.0,12.0,5.0,3.0,19.0,13.0,3.0,4.0,4.0,7.0,0.0,0.0,1.87,3.59,4.35
I1,2023-01-09,Verona,Cremonese,1557.8,1455.76,1.0,1.0,1.0,3.0,2.0,0.0,H,2.0,0.0,H,9.0,15.0,4.0,5.0,16.0,11.0,3.0,5.0,3.0,4.0,0.0,0.0,2.08,3.38,3.73
I1,2023-01-09,Bologna,Atalanta,1597.14,1732.13,3.0,9.0,1.0,4.0,1.0,2.0,A,1.0,0.0,H,12.0,7.0,3.0,3.0,16.0,15.0,4.0,0.0,3.0,2.0,0.0,0.0,3.42,3.44,2.16
I1,2023-01-13,Napoli,Juventus,1905.88,1768.62,6.0,12.0,9.0,15.0,5.0,1.0,H,2.0,1.0,H,14.0,11.0,10.0,2.0,10.0,9.0,2.0,5.0,0.0,1.0,0.0,0.0,1.96,3.49,4.06
I1,2023-01-14,Cremonese,Monza,1455.76,1560.07,0.0,2.0,5.0,8.0,2.0,3.0,A,0.0,2.0,A,11.0,8.0,7.0,3.0,12.0,12.0,4.0,2.0,2.0,4.0,0.0,0.0,2.86,3.32,2.54
I1,2023-01-14,Lecce,Milan,1561.66,1830.98,7.0,11.0,7.0,11.0,2.0,2.0,D,2.0,0.0,H,17.0,12.0,3.0,5.0,11.0,12.0,8.0,4.0,1.0,2.0,0.0,0.0,5.82,3.95,1.61
I1,2023-01-14,Inter,Verona,1845.46,1557.8,7.0,10.0,4.0,4.0,1.0,0.0,H,1.0,0.0,H,11.0,6.0,3.0,1.0,11.0,13.0,3.0,4.0,0.0,3.0,0.0,0.0,1.29,5.93,9.79
I1,2023-01-15,Sassuolo,Lazio,1606.03,1707.2,0.0,1.0,1.0,7.0,0.0,2.0,A,0.0,1.0,A,12.0,12.0,2.0,3.0,17.0,10.0,7.0,3.0,5.0,3.0,0.0,0.0,3.19,3.63,2.19
I1,2023-01-15,Torino,Spezia,1630.59,1520.43,3.0,6.0,5.0,6.0,0.0,1.0,A,0.0,1.0,A,11.0,13.0,4.0,5.0,13.0,12.0,7.0,2.0,3.0,3.0,0.0,0.0,1.65,3.88,5.56
I1,2023-01-15,Udinese,Bologna,1659.63,1597.14,1.0,3.0,3.0,6.0,1.0,2.0,A,1.0,0.0,H,20.0,15.0,4.0,2.0,10.0,17.0,6.0,4.0,1.0,3.0,0.0,0.0,1.97,3.45,4.04
I1,2023-01-15,Atalanta,Salernitana,1732.13,1516.73,4.0,4.0,1.0,2.0,8.0,2.0,H,5.0,1.0,H,19.0,7.0,13.0,2.0,10.0,12.0,5.0,2.0,1.0,0.0,0.0,0.0,1.39,5.1,7.81
I1,2023-01-15,Roma,Fiorentina,1741.05,1649.48,5.0,6.0,4.0,10.0,2.0,0.0,H,1.0,0.0,H,10.0,7.0,4.0,3.0,15.0,12.0,5.0,9.0,3.0,4.0,0.0,1.0,2.0,3.51,3.83
I1,2023-01-16,Empoli,Sampdoria,1567.12,1513.92,5.0,8.0,3.0,3.0,1.0,0.0,H,0.0,0.0,D,16.0,16.0,5.0,7.0,15.0,16.0,3.0,3.0,5.0,6.0,0.0,0.0,2.25,3.1,3.58
I1,2023-01-21,Verona,Lecce,1557.8,1561.66,4.0,4.0,5.0,11.0,2.0,0.0,H,1.0,0.0,H,11.0,9.0,4.0,3.0,15.0,12.0,5.0,4.0,3.0,0.0,0.0,0.0,2.41,3.05,3.31
I1,2023-01-21,Salernitana,Napoli,1516.73,1905.88,1.0,1.0,6.0,12.0,0.0,2.0,A,0.0,1.0,A,5.0,9.0,2.0,4.0,14.0,15.0,3.0,4.0,2.0,2.0,0.0,0.0,9.41,5.67,1.31
I1,2023-01-21,Fiorentina,Torino,1649.48,1630.59,4.0,7.0,2.0,6.0,0.0,1.0,A,0.0,1.0,A,19.0,9.0,5.0,3.0,9.0,23.0,5.0,3.0,2.0,2.0,0.0,0.0,2.13,3.35,3.61
I1,2023-01-22,Sampdoria,Udinese,1513.92,1659.63,3.0,3.0,1.0,2.0,0.0,1.0,A,0.0,0.0,D,9.0,14.0,1.0,5.0,15.0,17.0,6.0,6.0,3.0,1.0,0.0,0.0,3.58,3.33,2.15
I1,2023-01-22,Monza,Sassuolo,1560.07,1606.03,5.0,8.0,0.0,1.0,1.0,1.0,D,0.0,1.0,A,14.0,13.0,3.0,1.0,17.0,18.0,10.0,4.0,2.0,2.0,0.0,0.0,2.22,3.41,3.33
I1,2023-01-22,Spezia,Roma,1520.43,1741.05,5.0,9.0,7.0,9.0,0.0,2.0,A,0.0,1.0,A,8.0,13.0,0.0,3.0,17.0,11.0,4.0,0.0,3.0,1.0,0.0,0.0,4.53,3.61,1.82
I1,2023-01-22,Juventus,Atalanta,1768.62,1732.13,6.0,12.0,7.0,7.0,3.0,3.0,D,2.0,1.0,H,15.0,14.0,8.0,4.0,9.0,6.0,6.0,4.0,1.0,2.0,0.0,0.0,2.13,3.44,3.51
I1,2023-01-23,Bologna,Cremonese,1597.14,1455.76,3.0,6.0,0.0,1.0,1.0,1.0,D,0.0,0.0,D,21.0,9.0,8.0,2.0,11.0,13.0,4.0,1.0,2.0,5.0,0.0,0.0,1.94,3.34,4.33
I1,2023-01-23,Inter,Empoli,1845.46,1567.12,7.0,13.0,5.0,8.0,0.0,1.0,A,0.0,0.0,D,16.0,13.0,1.0,8.0,13.0,16.0,2.0,3.0,4.0,3.0,1.0,0.0,1.28,5.91,10.24
I1,2023-01-24,Lazio,Milan,1732.16,1786.97,4.0,7.0,5.0,9.0,4.0,0.0,H,2.0,0.0,H,10.0,10.0,5.0,3.0,14.0,11.0,3.0,4.0,1.0,2.0,0.0,0.0,3.17,3.45,2.27
I1,2023-01-27,Bologna,Spezia,1610.25,1519.4,4.0,7.0,4.0,8.0,2.0,0.0,H,1.0,0.0,H,18.0,6.0,6.0,4.0,8.0,16.0,5.0,5.0,2.0,2.0,0.0,0.0,1.89,3.4,4.57
I1,2023-01-27,Lecce,Salernitana,1541.4,1518.35,2.0,8.0,1.0,1.0,1.0,2.0,A,1.0,2.0,A,15.0,10.0,5.0,6.0,14.0,11.0,4.0,4.0,2.0,4.0,0.0,0.0,1.83,3.51,4.74
I1,2023-01-28,Empoli,Torino,1587.98,1628.31,7.0,11.0,4.0,6.0,2.0,2.0,D,1.0,0.0,H,11.0,16.0,4.0,4.0,12.0,9.0,5.0,5.0,2.0,0.0,0.0,0.0,3.24,3.06,2.44
I1,2023-01-28,Cremonese,Inter,1459.02,1832.09,1.0,1.0,4.0,10.0,1.0,2.0,A,1.0,1.0,D,12.0,30.0,4.0,10.0,7.0,12.0,2.0,14.0,0.0,2.0,0.0,0.0,6.45,4.5,1.5
I1,2023-01-28,Atalanta,Sampdoria,1743.91,1499.37,7.0,8.0,0.0,3.0,2.0,0.0,H,1.0,0.0,H,21.0,15.0,5.0,5.0,17.0,11.0,7.0,4.0,0.0,2.0,0.0,0.0,1.34,5.25,9.22
I1,2023-01-29,Milan,Sassuolo,1786.97,1621.33,2.0,8.0,1.0,1.0,2.0,5.0,A,1.0,3.0,A,10.0,9.0,5.0,7.0,13.0,8.0,2.0,3.0,7.0,4.0,0.0,0.0,1.49,4.71,6.15
I1,2023-01-29,Juventus,Monza,1747.02,1579.54,4.0,10.0,5.0,9.0,0.0,2.0,A,0.0,2.0,A,22.0,3.0,8.0,3.0,12.0,10.0,12.0,1.0,0.0,2.0,0.0,0.0,1.55,4.08,6.49
I1,2023-01-29,Lazio,Fiorentina,1732.16,1636.67,7.0,7.0,3.0,4.0,1.0,1.0,D,1.0,0.0,H,13.0,17.0,1.0,6.0,12.0,17.0,3.0,4.0,2.0,3.0,0.0,0.0,2.11,3.33,3.72
I1,2023-01-29,Napoli,Roma,1911.53,1750.03,9.0,12.0,7.0,11.0,2.0,1.0,H,1.0,0.0,H,11.0,11.0,6.0,3.0,8.0,14.0,3.0,8.0,1.0,2.0,0.0,0.0,1.74,3.76,4.94
I1,2023-01-30,Udinese,Verona,1651.11,1571.25,3.0,4.0,6.0,7.0,1.0,1.0,D,1.0,1.0,D,26.0,10.0,8.0,2.0,9.0,11.0,14.0,6.0,1.0,3.0,0.0,0.0,1.84,3.68,4.35
I1,2023-02-04,Cremonese,Lecce,1459.02,1541.4,1.0,1.0,1.0,5.0,0.0,2.0,A,0.0,0.0,D,12.0,9.0,3.0,4.0,12.0,15.0,4.0,8.0,1.0,2.0,0.0,0.0,2.68,3.1,2.86
I1,2023-02-04,Roma,Empoli,1750.03,1587.98,6.0,10.0,7.0,9.0,2.0,0.0,H,2.0,0.0,H,12.0,11.0,6.0,2.0,10.0,18.0,7.0,7.0,2.0,1.0,0.0,0.0,1.5,4.21,7.13
I1,2023-02-04,Sassuolo,Atalanta,1621.33,1743.91,4.0,4.0,7.0,11.0,1.0,0.0,H,0.0,0.0,D,18.0,7.0,8.0,2.0,12.0,13.0,2.0,7.0,5.0,1.0,0.0,2.0,3.71,3.82,1.95
I1,2023-02-05,Spezia,Napoli,1519.4,1911.53,3.0,5.0,9.0,12.0,0.0,3.0,A,0.0,0.0,D,9.0,12.0,3.0,5.0,19.0,18.0,3.0,6.0,3.0,2.0,0.0,0.0,8.77,5.13,1.36
I1,2023-02-05,Torino,Udinese,1628.31,1651.11,4.0,6.0,4.0,5.0,1.0,0.0,H,0.0,0.0,D,11.0,11.0,3.0,3.0,13.0,8.0,6.0,5.0,1.0,1.0,0.0,0.0,2.32,3.18,3.34
I1,2023-02-05,Fiorentina,Bologna,1636.67,1610.25,1.0,5.0,7.0,7.0,1.0,2.0,A,1.0,1.0,D,18.0,11.0,6.0,7.0,10.0,25.0,5.0,3.0,2.0,4.0,0.0,0.0,1.84,3.53,4.6
I1,2023-02-05,Inter,Milan,1832.09,1786.97,6.0,10.0,1.0,5.0,1.0,0.0,H,1.0,0.0,H,15.0,4.0,4.0,0.0,13.0,14.0,8.0,0.0,2.0,5.0,0.0,0.0,1.99,3.54,3.87
I1,2023-02-06,Verona,Lazio,1571.25,1732.16,4.0,8.0,7.0,8.0,1.0,1.0,D,0.0,1.0,A,15.0,9.0,4.0,2.0,16.0,12.0,6.0,5.0,4.0,1.0,0.0,0.0,3.82,3.46,2.02
I1,2023-02-06,Monza,Sampdoria,1579.54,1499.37,7.0,9.0,0.0,3.0,2.0,2.0,D,1.0,1.0,D,17.0,11.0,5.0,6.0,12.0,12.0,9.0,3.0,2.0,4.0,0.0,0.0,1.83,3.5,4.71
I1,2023-02-07,Salernitana,Juventus,1518.35,1747.02,3.0,4.0,1.0,7.0,0.0,3.0,A,0.0,2.0,A,10.0,17.0,1.0,5.0,9.0,12.0,6.0,3.0,1.0,1.0,0.0,0.0,7.07,4.25,1.5
I1,2023-02-10,Milan,Torino,1790.72,1633.7,0.0,2.0,7.0,8.0,1.0,0.0,H,0.0,0.0,D,9.0,12.0,4.0,2.0,10.0,20.0,3.0,8.0,1.0,4.0,0.0,0.0,1.83,3.5,4.81
I1,2023-02-11,Empoli,Spezia,1581.53,1521.22,4.0,8.0,0.0,4.0,2.0,2.0,D,0.0,2.0,A,25.0,9.0,8.0,3.0,10.0,13.0,7.0,3.0,1.0,5.0,1.0,1.0,2.05,3.44,3.77
I1,2023-02-11,Lecce,Roma,1557.15,1752.07,3.0,5.0,6.0,10.0,1.0,1.0,D,1.0,1.0,D,8.0,12.0,3.0,5.0,24.0,8.0,3.0,7.0,4.0,1.0,0.0,0.0,4.24,3.27,1.98
I1,2023-02-11,Lazio,Atalanta,1717.81,1747.7,5.0,9.0,4.0,10.0,0.0,2.0,A,0.0,1.0,A,13.0,23.0,5.0,10.0,12.0,14.0,5.0,7.0,1.0,2.0,0.0,0.0,2.4,3.43,2.98
I1,2023-02-12,Udinese,Sassuolo,1643.39,1634.27,4.0,4.0,7.0,7.0,2.0,2.0,D,2.0,2.0,D,17.0,6.0,8.0,1.0,12.0,8.0,10.0,7.0,2.0,2.0,0.0,0.0,2.05,3.51,3.66
I1,2023-02-12,Bologna,Monza,1611.29,1587.8,7.0,10.0,5.0,9.0,0.0,1.0,A,0.0,1.0,A,12.0,5.0,3.0,4.0,15.0,18.0,3.0,2.0,1.0,4.0,0.0,0.0,2.23,3.31,3.39
I1,2023-02-12,Juventus,Fiorentina,1759.05,1624.31,4.0,7.0,1.0,4.0,1.0,0.0,H,1.0,0.0,H,7.0,11.0,3.0,2.0,11.0,17.0,5.0,6.0,5.0,2.0,0.0,0.0,1.85,3.6,4.39
I1,2023-02-12,Napoli,Cremonese,1916.67,1449.54,9.0,15.0,1.0,1.0,3.0,0.0,H,1.0,0.0,H,15.0,6.0,10.0,1.0,7.0,7.0,9.0,7.0,0.0,2.0,0.0,0.0,1.18,7.36,15.53
I1,2023-02-13,Verona,Salernitana,1581.66,1507.94,5.0,8.0,3.0,4.0,1.0,0.0,H,1.0,0.0,H,14.0,8.0,4.0,3.0,14.0,21.0,5.0,1.0,2.0,3.0,0.0,0.0,1.85,3.49,4.56
I1,2023-02-13,Sampdoria,Inter,1511.06,1832.51,1.0,1.0,6.0,10.0,0.0,0.0,D,0.0,0.0,D,7.0,25.0,2.0,5.0,13.0,11.0,3.0,7.0,3.0,1.0,0.0,0.0,7.69,4.59,1.43
I1,2023-02-17,Sassuolo,Napoli,1634.27,1916.67,7.0,8.0,9.0,15.0,0.0,2.0,A,0.0,2.0,A,11.0,15.0,2.0,4.0,12.0,10.0,1.0,3.0,2.0,2.0,0.0,0.0,5.41,4.14,1.62
I1,2023-02-18,Sampdoria,Bologna,1511.06,1611.29,2.0,2.0,6.0,10.0,1.0,2.0,A,0.0,1.0,A,9.0,12.0,4.0,5.0,13.0,13.0,1.0,8.0,3.0,1.0,0.0,0.0,3.24,3.14,2.39
I1,2023-02-18,Monza,Milan,1587.8,1790.72,7.0,11.0,3.0,4.0,0.0,1.0,A,0.0,1.0,A,11.0,14.0,5.0,8.0,10.0,18.0,10.0,3.0,4.0,2.0,0.0,0.0,3.71,3.34,2.1
I1,2023-02-18,Inter,Udinese,1832.51,1643.39,7.0,10.0,2.0,5.0,3.0,1.0,H,1.0,1.0,D,19.0,9.0,7.0,1.0,15.0,14.0,3.0,8.0,2.0,2.0,0.0,0.0,1.52,4.38,6.3
I1,2023-02-19,Atalanta,Lecce,1747.7,1557.15,6.0,10.0,4.0,5.0,1.0,2.0,A,0.0,1.0,A,20.0,4.0,10.0,2.0,10.0,12.0,6.0,1.0,3.0,3.0,0.0,0.0,1.5,4.32,6.67
I1,2023-02-19,Fiorentina,Empoli,1624.31,1581.53,1.0,1.0,2.0,8.0,1.0,1.0,D,0.0,1.0,A,27.0,5.0,4.0,3.0,8.0,15.0,13.0,1.0,1.0,5.0,0.0,0.0,1.62,4.07,5.44
I1,2023-02-19,Salernitana,Lazio,1507.94,1717.81,3.0,3.0,2.0,8.0,0.0,2.0,A,0.0,0.0,D,9.0,21.0,2.0,7.0,10.0,7.0,2.0,9.0,5.0,1.0,1.0,0.0,5.14,3.9,1.68
I1,2023-02-19,Spezia,Juventus,1521.22,1759.05,1.0,4.0,6.0,7.0,0.0,2.0,A,0.0,1.0,A,18.0,15.0,7.0,3.0,8.0,9.0,7.0,4.0,2.0,2.0,0.0,0.0,5.81,3.92,1.62
I1,2023-02-19,Roma,Verona,1752.07,1581.66,4.0,10.0,5.0,8.0,1.0,0.0,H,1.0,0.0,H,9.0,7.0,5.0,1.0,15.0,19.0,5.0,1.0,1.0,2.0,0.0,0.0,1.63,3.72,6.02
I1,2023-02-20,Torino,Cremonese,1633.7,1449.54,4.0,7.0,0.0,1.0,2.0,2.0,D,1.0,0.0,H,16.0,11.0,6.0,2.0,9.0,12.0,5.0,1.0,3.0,1.0,0.0,0.0,1.67,3.76,5.47
I1,2023-02-25,Empoli,Napoli,1600.79,1948.14,2.0,6.0,9.0,15.0,0.0,2.0,A,0.0,2.0,A,9.0,19.0,2.0,6.0,10.0,9.0,4.0,13.0,2.0,1.0,0.0,1.0,6.86,4.72,1.45
I1,2023-02-25,Lecce,Sassuolo,1582.2,1657.04,7.0,7.0,4.0,8.0,0.0,1.0,A,0.0,0.0,D,16.0,7.0,0.0,3.0,17.0,7.0,4.0,7.0,2.0,2.0,0.0,0.0,2.54,3.18,2.96
I1,2023-02-26,Bologna,Inter,1649.67,1847.21,6.0,10.0,7.0,10.0,1.0,0.0,H,0.0,0.0,D,14.0,13.0,5.0,4.0,7.0,14.0,1.0,6.0,1.0,2.0,0.0,0.0,4.96,3.77,1.73
I1,2023-02-26,Salernitana,Monza,1537.56,1586.76,0.0,3.0,4.0,8.0,3.0,0.0,H,0.0,0.0,D,12.0,14.0,5.0,3.0,12.0,16.0,1.0,3.0,2.0,4.0,0.0,1.0,3.53,3.41,2.13
I1,2023-02-26,Udinese,Spezia,1653.9,1539.53,1.0,5.0,1.0,1.0,2.0,2.0,D,1.0,1.0,D,15.0,9.0,6.0,2.0,11.0,16.0,5.0,2.0,2.0,2.0,0.0,0.0,1.65,3.97,5.29
I1,2023-02-26,Milan,Atalanta,1821.82,1745.59,6.0,6.0,3.0,7.0,2.0,0.0,H,1.0,0.0,H,13.0,3.0,3.0,0.0,11.0,11.0,4.0,3.0,3.0,2.0,0.0,0.0,2.19,3.38,3.42
I1,2023-02-27,Verona,Fiorentina,1584.75,1680.39,4.0,8.0,1.0,2.0,0.0,3.0,A,0.0,2.0,A,12.0,16.0,3.0,7.0,15.0,11.0,4.0,2.0,3.0,3.0,0.0,0.0,3.27,3.29,2.29
I1,2023-02-27,Lazio,Sampdoria,1747.27,1521.1,4.0,8.0,2.0,2.0,1.0,0.0,H,0.0,0.0,D,15.0,8.0,4.0,2.0,10.0,13.0,8.0,3.0,2.0,2.0,0.0,0.0,1.43,4.46,7.98
I1,2023-02-28,Cremonese,Roma,1488.56,1769.92,1.0,2.0,7.0,10.0,2.0,1.0,H,1.0,0.0,H,6.0,10.0,2.0,3.0,17.0,11.0,3.0,3.0,3.0,2.0,0.0,0.0,5.25,3.49,1.77
I1,2023-02-28,Juventus,Torino,1797.31,1641.66,9.0,10.0,4.0,8.0,4.0,2.0,H,2.0,2.0,D,13.0,8.0,6.0,3.0,5.0,13.0,3.0,7.0,0.0,2.0,0.0,0.0,1.78,3.43,5.28
I1,2023-03-03,Napoli,Lazio,1948.14,1747.27,9.0,15.0,6.0,8.0,0.0,1.0,A,0.0,0.0,D,14.0,5.0,2.0,2.0,13.0,8.0,8.0,3.0,2.0,2.0,0.0,0.0,1.66,3.91,5.49
I1,2023-03-04,Monza,Empoli,1586.76,1600.79,3.0,7.0,2.0,3.0,2.0,1.0,H,1.0,0.0,H,10.0,18.0,3.0,3.0,10.0,12.0,1.0,8.0,2.0,3.0,0.0,0.0,2.11,3.24,3.84
I1,2023-03-04,Atalanta,Udinese,1745.59,1653.9,3.0,6.0,2.0,3.0,0.0,0.0,D,0.0,0.0,D,17.0,5.0,5.0,1.0,12.0,12.0,12.0,3.0,2.0,3.0,0.0,0.0,1.66,4.08,5.01
I1,2023-03-04,Fiorentina,Milan,1680.39,1821.82,4.0,5.0,9.0,9.0,2.0,1.0,H,0.0,0.0,D,16.0,8.0,8.0,6.0,12.0,17.0,11.0,5.0,3.0,3.0,0.0,0.0,2.86,3.28,2.56
I1,2023-03-05,Spezia,Verona,1539.53,1584.75,2.0,2.0,3.0,5.0,0.0,0.0,D,0.0,0.0,D,20.0,11.0,4.0,3.0,6.0,7.0,9.0,5.0,2.0,1.0,1.0,0.0,2.73,3.08,2.82
I1,2023-03-05,Sampdoria,Salernitana,1521.1,1537.56,1.0,2.0,3.0,6.0,0.0,0.0,D,0.0,0.0,D,9.0,10.0,3.0,4.0,18.0,13.0,2.0,6.0,3.0,4.0,0.0,0.0,2.31,3.27,3.27
I1,2023-03-05,Inter,Lecce,1847.21,1582.2,4.0,10.0,4.0,7.0,2.0,0.0,H,1.0,0.0,H,14.0,11.0,4.0,1.0,10.0,11.0,6.0,4.0,0.0,0.0,0.0,0.0,1.36,4.89,9.29
I1,2023-03-05,Roma,Juventus,1769.92,1797.31,4.0,7.0,9.0,12.0,1.0,0.0,H,0.0,0.0,D,6.0,14.0,2.0,5.0,11.0,10.0,2.0,6.0,3.0,2.0,0.0,1.0,2.68,3.08,2.87
I1,2023-03-06,Sassuolo,Cremonese,1657.04,1488.56,4.0,10.0,4.0,4.0,3.0,2.0,H,2.0,0.0,H,13.0,13.0,7.0,6.0,11.0,9.0,4.0,3.0,1.0,4.0,0.0,0.0,1.83,3.7,4.37
I1,2023-03-06,Torino,Bologna,1641.66,1649.67,1.0,5.0,6.0,12.0,1.0,0.0,H,1.0,0.0,H,12.0,11.0,5.0,1.0,9.0,10.0,3.0,3.0,2.0,2.0,0.0,0.0,2.37,3.01,3.41
I1,2023-03-10,Spezia,Inter,1559.95,1847.94,2.0,3.0,6.0,10.0,2.0,1.0,H,0.0,0.0,D,4.0,28.0,2.0,7.0,11.0,9.0,1.0,13.0,3.0,0.0,0.0,0.0,7.7,4.72,1.42
I1,2023-03-11,Empoli,Udinese,1591.86,1670.91,1.0,2.0,2.0,3.0,0.0,1.0,A,0.0,0.0,D,17.0,14.0,3.0,4.0,12.0,13.0,11.0,5.0,2.0,4.0,0.0,0.0,3.02,3.27,2.45
I1,2023-03-11,Napoli,Atalanta,1944.7,1743.99,6.0,12.0,1.0,4.0,2.0,0.0,H,0.0,0.0,D,18.0,6.0,6.0,3.0,12.0,11.0,10.0,4.0,1.0,2.0,0.0,0.0,1.67,4.04,5.05
I1,2023-03-11,Bologna,Lazio,1650.27,1755.95,6.0,9.0,9.0,10.0,0.0,0.0,D,0.0,0.0,D,16.0,5.0,2.0,2.0,11.0,8.0,5.0,2.0,2.0,3.0,0.0,0.0,3.08,3.19,2.46
I1,2023-03-12,Lecce,Torino,1574.62,1665.56,3.0,7.0,4.0,7.0,0.0,2.0,A,0.0,2.0,A,13.0,4.0,1.0,2.0,16.0,17.0,9.0,1.0,3.0,3.0,0.0,0.0,2.98,2.99,2.67
I1,2023-03-12,Cremonese,Fiorentina,1485.33,1703.72,4.0,4.0,7.0,7.0,0.0,2.0,A,0.0,1.0,A,16.0,10.0,5.0,3.0,10.0,17.0,1.0,6.0,1.0,2.0,0.0,0.0,4.34,3.62,1.86
I1,2023-03-12,Verona,Monza,1589.56,1601.09,1.0,5.0,3.0,7.0,1.0,1.0,D,0.0,0.0,D,8.0,9.0,3.0,3.0,17.0,12.0,7.0,2.0,2.0,0.0,0.0,0.0,2.52,3.16,3.01
I1,2023-03-12,Roma,Sassuolo,1780.51,1678.69,6.0,10.0,6.0,10.0,3.0,4.0,A,1.0,3.0,A,17.0,19.0,7.0,10.0,11.0,18.0,7.0,2.0,4.0,2.0,1.0,0.0,1.69,3.73,5.32
I1,2023-03-12,Juventus,Sampdoria,1801.94,1523.72,6.0,12.0,1.0,3.0,4.0,2.0,H,2.0,2.0,D,24.0,9.0,8.0,3.0,10.0,10.0,11.0,3.0,1.0,1.0,0.0,0.0,1.35,4.88,9.97
I1,2023-03-13,Milan,Salernitana,1817.52,1551.39,6.0,9.0,4.0,4.0,1.0,1.0,D,1.0,0.0,H,24.0,6.0,4.0,3.0,15.0,13.0,6.0,4.0,2.0,3.0,0.0,0.0,1.26,5.9,11.74
I1,2023-03-17,Sassuolo,Spezia,1678.69,1559.95,9.0,10.0,5.0,6.0,1.0,0.0,H,0.0,0.0,D,15.0,11.0,6.0,1.0,10.0,13.0,3.0,3.0,0.0,2.0,0.0,0.0,1.75,3.87,4.62
I1,2023-03-17,Atalanta,Empoli,1743.99,1591.86,1.0,4.0,0.0,2.0,2.0,1.0,H,0.0,1.0,A,27.0,5.0,6.0,2.0,11.0,10.0,13.0,2.0,3.0,2.0,0.0,0.0,1.42,4.82,7.47
I1,2023-03-18,Monza,Cremonese,1601.09,1485.33,4.0,7.0,3.0,4.0,1.0,1.0,D,0.0,0.0,D,15.0,8.0,7.0,2.0,12.0,12.0,8.0,4.0,3.0,5.0,0.0,0.0,1.84,3.62,4.45
I1,2023-03-18,Salernitana,Bologna,1551.39,1650.27,5.0,5.0,4.0,7.0,2.0,2.0,D,1.0,1.0,D,14.0,10.0,4.0,2.0,8.0,16.0,5.0,4.0,0.0,1.0,0.0,0.0,3.43,3.27,2.23
I1,2023-03-18,Udinese,Milan,1670.91,1817.52,5.0,6.0,4.0,10.0,3.0,1.0,H,2.0,1.0,H,14.0,10.0,5.0,6.0,16.0,9.0,5.0,6.0,4.0,2.0,0.0,0.0,3.43,3.44,2.16
I1,2023-03-19,Sampdoria,Verona,1523.72,1589.56,1.0,2.0,2.0,5.0,3.0,1.0,H,2.0,0.0,H,11.0,16.0,4.0,6.0,10.0,11.0,5.0,8.0,3.0,2.0,0.0,0.0,3.01,3.1,2.56
I1,2023-03-19,Fiorentina,Lecce,1703.72,1574.62,9.0,10.0,0.0,4.0,1.0,0.0,H,1.0,0.0,H,18.0,8.0,3.0,2.0,14.0,21.0,1.0,3.0,1.0,3.0,0.0,0.0,1.62,3.84,5.86
I1,2023-03-19,Torino,Napoli,1665.56,1944.7,6.0,7.0,6.0,12.0,0.0,4.0,A,0.0,2.0,A,12.0,12.0,2.0,6.0,14.0,14.0,5.0,4.0,1.0,1.0,0.0,0.0,4.89,3.54,1.79
I1,2023-03-19,Lazio,Roma,1755.95,1780.51,7.0,10.0,3.0,7.0,1.0,0.0,H,0.0,0.0,D,12.0,8.0,5.0,3.0,18.0,13.0,5.0,2.0,4.0,4.0,1.0,2.0,2.82,3.04,2.76
I1,2023-03-19,Inter,Juventus,1847.94,1801.94,3.0,7.0,6.0,12.0,0.0,1.0,A,0.0,1.0,A,18.0,7.0,3.0,3.0,6.0,18.0,6.0,4.0,3.0,4.0,1.0,1.0,1.98,3.45,4.01
I1,2023-04-01,Cremonese,Atalanta,1493.79,1751.79,1.0,5.0,4.0,4.0,1.0,3.0,A,0.0,1.0,A,15.0,12.0,4.0,4.0,13.0,10.0,0.0,6.0,3.0,2.0,0.0,0.0,5.19,3.99,1.67
I1,2023-04-01,Inter,Fiorentina,1842.17,1715.61,3.0,6.0,9.0,13.0,0.0,1.0,A,0.0,0.0,D,16.0,19.0,3.0,3.0,8.0,7.0,10.0,8.0,2.0,3.0,0.0,0.0,1.77,3.79,4.62
I1,2023-04-01,Juventus,Verona,1828.17,1581.32,6.0,12.0,2.0,2.0,1.0,0.0,H,0.0,0.0,D,10.0,9.0,2.0,3.0,14.0,22.0,3.0,5.0,1.0,2.0,0.0,0.0,1.42,4.34,8.79
I1,2023-04-02,Bologna,Udinese,1652.85,1690.52,2.0,8.0,7.0,8.0,3.0,0.0,H,2.0,0.0,H,11.0,15.0,4.0,5.0,17.0,10.0,2.0,7.0,1.0,1.0,0.0,0.0,2.27,3.33,3.28
I1,2023-04-02,Monza,Lazio,1601.07,1757.2,5.0,5.0,7.0,13.0,0.0,2.0,A,0.0,1.0,A,11.0,8.0,3.0,4.0,13.0,8.0,8.0,3.0,5.0,2.0,0.0,0.0,3.8,3.31,2.08
I1,2023-04-02,Spezia,Salernitana,1560.02,1557.25,4.0,5.0,3.0,6.0,1.0,1.0,D,0.0,1.0,A,14.0,12.0,3.0,2.0,12.0,12.0,9.0,5.0,0.0,1.0,0.0,0.0,2.36,3.31,3.12
I1,2023-04-02,Roma,Sampdoria,1781.38,1540.4,3.0,6.0,4.0,4.0,3.0,0.0,H,0.0,0.0,D,28.0,6.0,11.0,3.0,11.0,13.0,10.0,3.0,3.0,5.0,0.0,1.0,1.44,4.39,8.26
I1,2023-04-02,Napoli,Milan,1958.18,1806.35,6.0,12.0,1.0,7.0,0.0,4.0,A,0.0,2.0,A,20.0,14.0,4.0,8.0,11.0,9.0,10.0,4.0,1.0,2.0,0.0,0.0,1.76,3.69,4.83
I1,2023-04-03,Empoli,Lecce,1592.49,1574.8,0.0,1.0,0.0,3.0,1.0,0.0,H,0.0,0.0,D,14.0,5.0,7.0,0.0,10.0,15.0,3.0,4.0,3.0,2.0,1.0,0.0,2.47,3.11,3.12
I1,2023-04-03,Sassuolo,Torino,1687.07,1664.1,9.0,12.0,6.0,7.0,1.0,1.0,D,1.0,0.0,H,12.0,16.0,4.0,2.0,12.0,9.0,6.0,7.0,1.0,1.0,0.0,0.0,2.46,3.27,2.99
I1,2023-04-07,Salernitana,Inter,1557.25,1842.17,3.0,7.0,0.0,3.0,1.0,1.0,D,0.0,1.0,A,11.0,25.0,3.0,11.0,14.0,10.0,2.0,8.0,2.0,2.0,0.0,0.0,7.42,4.67,1.44
I1,2023-04-07,Lecce,Napoli,1574.8,1958.18,0.0,0.0,6.0,9.0,1.0,2.0,A,0.0,1.0,A,11.0,9.0,3.0,3.0,12.0,9.0,5.0,4.0,2.0,1.0,0.0,0.0,5.78,3.67,1.68
I1,2023-04-07,Milan,Empoli,1806.35,1592.49,4.0,7.0,3.0,3.0,0.0,0.0,D,0.0,0.0,D,23.0,2.0,4.0,1.0,11.0,8.0,9.0,0.0,2.0,2.0,0.0,0.0,1.37,4.9,9.08
I1,2023-04-08,Udinese,Monza,1690.52,1601.07,6.0,8.0,2.0,5.0,2.0,2.0,D,1.0,0.0,H,14.0,12.0,5.0,5.0,12.0,21.0,4.0,2.0,1.0,3.0,0.0,0.0,2.09,3.43,3.66
I1,2023-04-08,Fiorentina,Spezia,1715.61,1560.02,9.0,15.0,4.0,6.0,1.0,1.0,D,1.0,1.0,D,19.0,4.0,4.0,3.0,12.0,29.0,8.0,4.0,0.0,7.0,0.0,0.0,1.42,4.68,7.97
I1,2023-04-08,Atalanta,Bologna,1751.79,1652.85,6.0,7.0,5.0,8.0,0.0,2.0,A,0.0,0.0,D,15.0,13.0,6.0,6.0,6.0,5.0,6.0,0.0,3.0,2.0,0.0,0.0,1.66,3.87,5.44
I1,2023-04-08,Sampdoria,Cremonese,1540.4,1493.79,3.0,4.0,1.0,4.0,2.0,3.0,A,1.0,1.0,D,13.0,17.0,9.0,4.0,14.0,15.0,3.0,3.0,2.0,3.0,0.0,0.0,2.35,3.28,3.18
I1,2023-04-08,Torino,Roma,1664.1,1781.38,4.0,7.0,3.0,6.0,0.0,1.0,A,0.0,1.0,A,7.0,9.0,1.0,1.0,10.0,6.0,7.0,4.0,3.0,1.0,0.0,0.0,3.38,3.02,2.39
I1,2023-04-08,Verona,Sassuolo,1581.32,1687.07,1.0,2.0,7.0,13.0,2.0,1.0,H,0.0,1.0,A,11.0,17.0,3.0,5.0,12.0,14.0,4.0,10.0,3.0,4.0,0.0,0.0,2.65,3.33,2.74
I1,2023-04-08,Lazio,Juventus,1757.2,1828.17,7.0,13.0,9.0,12.0,2.0,1.0,H,1.0,1.0,D,9.0,11.0,4.0,4.0,11.0,15.0,6.0,6.0,2.0,5.0,0.0,0.0,2.76,2.97,2.89
I1,2023-04-14,Cremonese,Empoli,1514.93,1601.16,4.0,4.0,4.0,4.0,1.0,0.0,H,1.0,0.0,H,14.0,15.0,5.0,1.0,11.0,9.0,3.0,8.0,1.0,0.0,0.0,0.0,2.51,3.27,2.94
I1,2023-04-14,Spezia,Lazio,1562.5,1785.74,2.0,6.0,9.0,13.0,0.0,3.0,A,0.0,1.0,A,6.0,13.0,2.0,7.0,12.0,7.0,2.0,3.0,3.0,4.0,1.0,0.0,5.15,3.62,1.74
I1,2023-04-15,Bologna,Milan,1688.2,1835.94,7.0,8.0,4.0,5.0,1.0,1.0,D,1.0,1.0,D,6.0,19.0,2.0,5.0,12.0,17.0,2.0,6.0,3.0,4.0,0.0,0.0,3.12,3.15,2.46
I1,2023-04-15,Napoli,Verona,1934.58,1594.09,6.0,9.0,3.0,5.0,0.0,0.0,D,0.0,0.0,D,9.0,5.0,1.0,2.0,11.0,16.0,4.0,0.0,1.0,4.0,0.0,0.0,1.53,4.09,6.76
I1,2023-04-15,Inter,Monza,1841.21,1602.46,1.0,4.0,2.0,6.0,0.0,1.0,A,0.0,0.0,D,25.0,7.0,6.0,2.0,13.0,4.0,5.0,2.0,2.0,2.0,0.0,0.0,1.44,4.52,7.69
I1,2023-04-16,Lecce,Sampdoria,1571.77,1531.36,0.0,0.0,3.0,4.0,1.0,1.0,D,1.0,0.0,H,30.0,8.0,11.0,2.0,16.0,12.0,11.0,8.0,1.0,4.0,0.0,0.0,1.96,3.26,4.36
I1,2023-04-16,Torino,Salernitana,1665.23,1569.74,1.0,7.0,3.0,5.0,1.0,1.0,D,0.0,1.0,A,16.0,8.0,5.0,1.0,14.0,14.0,4.0,2.0,0.0,1.0,0.0,0.0,1.74,3.56,5.28
I1,2023-04-16,Sassuolo,Juventus,1680.95,1830.1,4.0,10.0,6.0,9.0,1.0,0.0,H,0.0,0.0,D,11.0,13.0,4.0,3.0,10.0,5.0,10.0,13.0,0.0,1.0,0.0,0.0,3.72,3.46,2.04
I1,2023-04-16,Roma,Udinese,1792.82,1678.58,6.0,9.0,4.0,8.0,3.0,0.0,H,1.0,0.0,H,12.0,10.0,7.0,2.0,18.0,11.0,6.0,2.0,1.0,4.0,0.0,0.0,1.88,3.36,4.56
I1,2023-04-17,Fiorentina,Atalanta,1733.55,1745.61,7.0,13.0,6.0,7.0,1.0,1.0,D,0.0,1.0,A,18.0,6.0,7.0,1.0,8.0,20.0,5.0,1.0,1.0,3.0,0.0,0.0,2.39,3.47,2.93
I1,2023-04-21,Verona,Bologna,1594.09,1688.2,4.0,5.0,7.0,9.0,2.0,1.0,H,1.0,0.0,H,9.0,17.0,5.0,7.0,11.0,11.0,4.0,2.0,2.0,4.0,0.0,0.0,2.78,3.0,2.85
I1,2023-04-22,Salernitana,Sassuolo,1569.74,1680.95,3.0,5.0,4.0,10.0,3.0,0.0,H,2.0,0.0,H,13.0,11.0,5.0,2.0,11.0,15.0,4.0,8.0,1.0,2.0,0.0,0.0,3.11,3.5,2.28
I1,2023-04-22,Lazio,Torino,1785.74,1665.23,9.0,13.0,2.0,5.0,0.0,1.0,A,0.0,1.0,A,10.0,7.0,5.0,3.0,13.0,13.0,3.0,4.0,2.0,4.0,0.0,0.0,1.85,3.33,4.88
I1,2023-04-22,Sampdoria,Spezia,1531.36,1562.5,1.0,4.0,2.0,5.0,1.0,1.0,D,1.0,0.0,H,13.0,19.0,3.0,7.0,9.0,11.0,9.0,9.0,1.0,1.0,0.0,0.0,2.54,3.24,2.91
I1,2023-04-23,Empoli,Inter,1601.16,1841.21,4.0,4.0,1.0,1.0,0.0,3.0,A,0.0,0.0,D,11.0,16.0,3.0,4.0,6.0,13.0,5.0,4.0,1.0,1.0,0.0,0.0,6.34,4.32,1.52
I1,2023-04-23,Monza,Fiorentina,1602.46,1733.55,4.0,6.0,5.0,11.0,3.0,2.0,H,2.0,2.0,D,13.0,10.0,5.0,5.0,18.0,15.0,5.0,3.0,3.0,3.0,0.0,0.0,3.6,3.43,2.08
I1,2023-04-23,Udinese,Cremonese,1678.58,1514.93,1.0,7.0,6.0,7.0,3.0,0.0,H,3.0,0.0,H,17.0,12.0,9.0,2.0,13.0,11.0,3.0,8.0,2.0,3.0,0.0,0.0,1.72,3.85,4.8
I1,2023-04-23,Milan,Lecce,1835.94,1571.77,5.0,6.0,1.0,1.0,2.0,0.0,H,1.0,0.0,H,8.0,9.0,5.0,4.0,6.0,10.0,4.0,2.0,1.0,0.0,0.0,0.0,1.5,4.14,7.26
I1,2023-04-23,Juventus,Napoli,1830.1,1934.58,3.0,9.0,4.0,10.0,0.0,1.0,A,0.0,0.0,D,7.0,17.0,4.0,6.0,15.0,11.0,3.0,6.0,4.0,1.0,0.0,0.0,2.85,3.17,2.63
I1,2023-04-24,Atalanta,Roma,1773.98,1813.34,4.0,7.0,9.0,9.0,3.0,1.0,H,1.0,0.0,H,7.0,14.0,4.0,1.0,15.0,11.0,3.0,4.0,3.0,1.0,0.0,0.0,2.33,3.27,3.21
I1,2023-04-28,Lecce,Udinese,1584.68,1675.12,1.0,1.0,4.0,7.0,1.0,0.0,H,0.0,0.0,D,15.0,10.0,3.0,3.0,21.0,12.0,7.0,4.0,4.0,2.0,0.0,0.0,2.49,3.08,3.16
I1,2023-04-28,Spezia,Monza,1560.25,1645.61,2.0,3.0,7.0,8.0,0.0,2.0,A,0.0,1.0,A,12.0,8.0,4.0,4.0,10.0,16.0,3.0,3.0,1.0,2.0,0.0,0.0,2.83,3.23,2.63
I1,2023-04-29,Roma,Milan,1813.34,1853.11,6.0,9.0,5.0,8.0,1.0,1.0,D,0.0,0.0,D,11.0,11.0,1.0,1.0,9.0,6.0,1.0,5.0,3.0,2.0,0.0,0.0,2.78,3.03,2.81
I1,2023-04-29,Torino,Atalanta,1675.02,1773.98,4.0,5.0,4.0,10.0,1.0,2.0,A,0.0,1.0,A,4.0,9.0,4.0,5.0,6.0,10.0,3.0,3.0,1.0,1.0,0.0,0.0,2.95,3.3,2.48
I1,2023-04-30,Inter,Lazio,1851.56,1773.5,4.0,4.0,6.0,12.0,3.0,1.0,H,0.0,1.0,A,25.0,9.0,9.0,5.0,13.0,14.0,2.0,3.0,2.0,3.0,0.0,0.0,1.82,3.59,4.62
I1,2023-04-30,Cremonese,Verona,1518.51,1617.65,6.0,7.0,7.0,7.0,1.0,1.0,D,1.0,0.0,H,12.0,14.0,5.0,6.0,10.0,16.0,3.0,5.0,0.0,0.0,1.0,0.0,3.06,3.27,2.42
I1,2023-04-30,Napoli,Salernitana,1923.98,1606.63,7.0,10.0,5.0,7.0,1.0,1.0,D,0.0,0.0,D,24.0,5.0,8.0,2.0,13.0,11.0,10.0,0.0,2.0,2.0,0.0,0.0,1.22,6.51,14.36
I1,2023-04-30,Sassuolo,Empoli,1687.64,1597.52,3.0,7.0,1.0,4.0,2.0,1.0,H,0.0,1.0,A,13.0,7.0,4.0,1.0,12.0,10.0,7.0,5.0,2.0,1.0,1.0,0.0,1.76,3.91,4.51
I1,2023-04-30,Fiorentina,Sampdoria,1737.43,1534.43,2.0,8.0,2.0,5.0,5.0,0.0,H,1.0,0.0,H,23.0,4.0,10.0,1.0,14.0,9.0,11.0,0.0,2.0,1.0,0.0,0.0,1.32,5.44,9.75
I1,2023-04-30,Bologna,Juventus,1692.51,1822.48,4.0,8.0,0.0,6.0,1.0,1.0,D,1.0,0.0,H,16.0,14.0,6.0,5.0,12.0,9.0,4.0,5.0,2.0,2.0,0.0,0.0,3.5,3.2,2.22
I1,2023-05-03,Atalanta,Spezia,1773.98,1560.25,7.0,10.0,1.0,3.0,3.0,2.0,H,1.0,1.0,D,14.0,9.0,6.0,4.0,8.0,10.0,12.0,3.0,0.0,3.0,0.0,0.0,1.39,4.99,8.11
I1,2023-05-03,Juventus,Lecce,1822.48,1584.68,1.0,4.0,4.0,4.0,2.0,1.0,H,2.0,1.0,H,16.0,14.0,4.0,5.0,11.0,10.0,6.0,7.0,2.0,2.0,0.0,0.0,1.59,3.81,6.58
I1,2023-05-03,Salernitana,Fiorentina,1606.63,1737.43,5.0,7.0,4.0,8.0,3.0,3.0,D,1.0,1.0,D,4.0,12.0,3.0,3.0,18.0,15.0,2.0,3.0,3.0,5.0,0.0,0.0,4.62,3.79,1.77
I1,2023-05-03,Sampdoria,Torino,1534.43,1675.02,2.0,2.0,4.0,5.0,0.0,2.0,A,0.0,1.0,A,7.0,12.0,0.0,4.0,13.0,11.0,2.0,3.0,3.0,2.0,1.0,0.0,4.38,3.43,1.91
I1,2023-05-03,Lazio,Sassuolo,1773.5,1687.64,3.0,9.0,6.0,7.0,2.0,0.0,H,1.0,0.0,H,13.0,13.0,5.0,2.0,13.0,13.0,1.0,2.0,3.0,5.0,0.0,0.0,1.68,4.0,5.09
I1,2023-05-03,Milan,Cremonese,1853.11,1518.51,5.0,9.0,4.0,7.0,1.0,1.0,D,0.0,0.0,D,18.0,6.0,5.0,2.0,12.0,12.0,10.0,0.0,0.0,3.0,0.0,1.0,1.31,5.33,10.92
I1,2023-05-03,Monza,Roma,1645.61,1813.34,9.0,10.0,4.0,10.0,1.0,1.0,D,1.0,1.0,D,8.0,14.0,4.0,8.0,13.0,15.0,4.0,3.0,3.0,4.0,0.0,1.0,3.65,3.18,2.19
I1,2023-05-03,Verona,Inter,1617.65,1851.56,5.0,8.0,6.0,7.0,0.0,6.0,A,0.0,3.0,A,7.0,20.0,2.0,10.0,4.0,11.0,2.0,7.0,0.0,0.0,0.0,0.0,5.41,3.78,1.69
I1,2023-05-04,Empoli,Bologna,1597.52,1692.51,0.0,4.0,2.0,8.0,3.0,1.0,H,2.0,0.0,H,13.0,18.0,3.0,3.0,15.0,16.0,2.0,5.0,3.0,0.0,0.0,0.0,2.99,3.17,2.53
I1,2023-05-04,Udinese,Napoli,1675.12,1923.98,3.0,4.0,5.0,8.0,1.0,1.0,D,1.0,0.0,H,7.0,7.0,3.0,4.0,15.0,13.0,2.0,6.0,1.0,0.0,0.0,0.0,4.71,3.78,1.76
I1,2023-05-06,Milan,Lazio,1853.11,1773.5,5.0,7.0,3.0,9.0,2.0,0.0,H,2.0,0.0,H,10.0,8.0,3.0,0.0,10.0,8.0,6.0,4.0,2.0,4.0,0.0,0.0,1.97,3.4,4.17
I1,2023-05-06,Roma,Inter,1813.34,1851.56,2.0,8.0,9.0,10.0,0.0,2.0,A,0.0,1.0,A,15.0,10.0,3.0,4.0,8.0,12.0,12.0,5.0,3.0,2.0,0.0,0.0,3.14,3.15,2.44
I1,2023-05-06,Cremonese,Spezia,1518.51,1560.25,2.0,8.0,1.0,2.0,2.0,0.0,H,1.0,0.0,H,9.0,18.0,4.0,8.0,9.0,6.0,3.0,13.0,0.0,2.0,0.0,0.0,2.35,3.38,3.08
I1,2023-05-07,Atalanta,Juventus,1773.98,1822.48,9.0,10.0,4.0,4.0,0.0,2.0,A,0.0,0.0,D,24.0,10.0,1.0,5.0,13.0,16.0,7.0,3.0,1.0,2.0,0.0,0.0,2.4,3.32,3.05
I1,2023-05-07,Torino,Monza,1675.02,1645.61,6.0,7.0,7.0,11.0,1.0,1.0,D,0.0,0.0,D,14.0,10.0,5.0,8.0,16.0,9.0,7.0,4.0,2.0,1.0,0.0,0.0,1.99,3.33,4.11
I1,2023-05-07,Napoli,Fiorentina,1923.98,1737.43,5.0,9.0,4.0,6.0,1.0,0.0,H,0.0,0.0,D,10.0,15.0,3.0,3.0,12.0,15.0,0.0,5.0,0.0,0.0,0.0,0.0,1.85,3.73,4.2
I1,2023-05-07,Lecce,Verona,1584.68,1617.65,3.0,4.0,4.0,8.0,0.0,1.0,A,0.0,0.0,D,15.0,9.0,2.0,3.0,11.0,13.0,4.0,4.0,2.0,5.0,0.0,0.0,2.2,3.12,3.67
I1,2023-05-08,Empoli,Salernitana,1597.52,1606.63,3.0,4.0,5.0,7.0,2.0,1.0,H,1.0,0.0,H,11.0,13.0,4.0,2.0,10.0,18.0,8.0,7.0,2.0,2.0,0.0,0.0,2.18,3.15,3.64
I1,2023-05-08,Udinese,Sampdoria,1675.12,1534.43,4.0,5.0,1.0,2.0,2.0,0.0,H,2.0,0.0,H,13.0,11.0,6.0,3.0,15.0,12.0,7.0,3.0,2.0,2.0,0.0,0.0,1.53,4.27,6.25
I1,2023-05-08,Sassuolo,Bologna,1687.64,1692.51,3.0,6.0,1.0,5.0,1.0,1.0,D,1.0,1.0,D,6.0,12.0,2.0,3.0,12.0,14.0,4.0,4.0,1.0,1.0,0.0,0.0,2.36,3.45,2.99
I1,2023-05-12,Lazio,Lecce,1764.14,1577.08,3.0,6.0,3.0,4.0,2.0,2.0,D,1.0,1.0,D,20.0,13.0,6.0,4.0,11.0,13.0,2.0,3.0,3.0,5.0,0.0,0.0,1.72,3.57,5.52
I1,2023-05-13,Salernitana,Atalanta,1610.74,1751.7,2.0,6.0,6.0,10.0,1.0,0.0,H,0.0,0.0,D,10.0,13.0,4.0,3.0,9.0,18.0,5.0,3.0,2.0,2.0,0.0,0.0,4.9,4.12,1.67
I1,2023-05-13,Spezia,Milan,1563.92,1819.61,0.0,1.0,5.0,9.0,2.0,0.0,H,0.0,0.0,D,14.0,14.0,4.0,3.0,15.0,11.0,6.0,9.0,1.0,1.0,0.0,0.0,4.17,3.5,1.93
I1,2023-05-13,Inter,Sassuolo,1883.85,1673.04,9.0,12.0,4.0,7.0,4.0,2.0,H,1.0,0.0,H,11.0,16.0,3.0,5.0,12.0,8.0,1.0,5.0,2.0,3.0,0.0,0.0,1.41,5.07,7.25
I1,2023-05-14,Verona,Torino,1606.96,1686.07,4.0,8.0,4.0,8.0,0.0,1.0,A,0.0,1.0,A,14.0,15.0,4.0,8.0,8.0,17.0,3.0,4.0,3.0,2.0,0.0,0.0,2.39,3.08,3.3
I1,2023-05-14,Fiorentina,Udinese,1728.4,1674.67,4.0,5.0,4.0,7.0,2.0,0.0,H,1.0,0.0,H,18.0,5.0,3.0,1.0,15.0,15.0,3.0,3.0,3.0,3.0,1.0,1.0,1.99,3.57,3.78
I1,2023-05-14,Monza,Napoli,1668.0,1899.83,5.0,11.0,5.0,9.0,2.0,0.0,H,1.0,0.0,H,10.0,20.0,4.0,7.0,11.0,13.0,6.0,10.0,1.0,1.0,0.0,0.0,4.85,3.83,1.73
I1,2023-05-14,Bologna,Roma,1679.89,1797.86,2.0,3.0,2.0,5.0,0.0,0.0,D,0.0,0.0,D,12.0,7.0,3.0,2.0,12.0,11.0,3.0,6.0,2.0,1.0,0.0,0.0,3.16,3.11,2.45
I1,2023-05-14,Juventus,Cremonese,1833.46,1532.66,7.0,7.0,5.0,8.0,2.0,0.0,H,0.0,0.0,D,24.0,3.0,7.0,2.0,15.0,5.0,7.0,0.0,2.0,0.0,0.0,0.0,1.37,4.94,8.92
I1,2023-05-15,Sampdoria,Empoli,1518.85,1615.35,0.0,2.0,6.0,6.0,1.0,1.0,D,1.0,0.0,H,13.0,16.0,3.0,4.0,16.0,14.0,1.0,2.0,3.0,4.0,0.0,0.0,3.22,3.45,2.24
I1,2023-05-19,Sassuolo,Monza,1673.04,1668.0,1.0,4.0,5.0,11.0,1.0,2.0,A,1.0,0.0,H,13.0,16.0,4.0,5.0,10.0,17.0,6.0,3.0,2.0,5.0,1.0,0.0,2.19,3.64,3.22
I1,2023-05-20,Cremonese,Bologna,1532.66,1679.89,4.0,5.0,2.0,3.0,1.0,5.0,A,0.0,3.0,A,13.0,19.0,2.0,9.0,7.0,13.0,3.0,9.0,1.0,2.0,0.0,1.0,2.96,3.41,2.43
I1,2023-05-20,Atalanta,Verona,1751.7,1606.96,3.0,9.0,3.0,7.0,3.0,1.0,H,1.0,1.0,D,13.0,10.0,5.0,2.0,9.0,11.0,6.0,3.0,1.0,3.0,0.0,0.0,1.56,4.2,5.99
I1,2023-05-20,Milan,Sampdoria,1819.61,1518.85,4.0,8.0,1.0,2.0,5.0,1.0,H,3.0,1.0,H,19.0,6.0,9.0,3.0,9.0,10.0,7.0,2.0,1.0,3.0,0.0,0.0,1.19,7.11,16.3
I1,2023-05-21,Lecce,Spezia,1577.08,1563.92,1.0,4.0,3.0,4.0,0.0,0.0,D,0.0,0.0,D,6.0,14.0,1.0,0.0,15.0,16.0,2.0,5.0,2.0,3.0,0.0,0.0,2.21,3.21,3.57
I1,2023-05-21,Torino,Fiorentina,1686.07,1728.4,7.0,10.0,4.0,7.0,1.0,1.0,D,0.0,0.0,D,10.0,8.0,4.0,1.0,9.0,11.0,3.0,3.0,1.0,2.0,0.0,0.0,2.01,3.4,3.98
I1,2023-05-21,Napoli,Inter,1899.83,1883.85,4.0,8.0,9.0,15.0,3.0,1.0,H,0.0,0.0,D,22.0,6.0,9.0,2.0,10.0,14.0,4.0,1.0,1.0,2.0,0.0,1.0,2.83,3.31,2.58
I1,2023-05-21,Udinese,Lazio,1674.67,1764.14,4.0,7.0,4.0,4.0,0.0,1.0,A,0.0,0.0,D,12.0,14.0,2.0,4.0,15.0,9.0,3.0,8.0,3.0,1.0,0.0,0.0,3.74,3.54,2.02
I1,2023-05-22,Roma,Salernitana,1797.86,1610.74,2.0,3.0,4.0,8.0,2.0,2.0,D,0.0,1.0,A,22.0,8.0,5.0,3.0,9.0,14.0,6.0,4.0,1.0,4.0,0.0,0.0,1.48,4.26,7.38
I1,2023-05-22,Empoli,Juventus,1615.35,1833.46,7.0,7.0,9.0,10.0,4.0,1.0,H,2.0,0.0,H,14.0,19.0,7.0,4.0,20.0,19.0,3.0,7.0,2.0,2.0,0.0,0.0,5.17,3.85,1.69
I1,2023-05-26,Sampdoria,Sassuolo,1521.71,1663.16,1.0,1.0,1.0,4.0,2.0,2.0,D,1.0,2.0,A,17.0,22.0,3.0,8.0,14.0,10.0,8.0,4.0,1.0,2.0,0.0,0.0,3.97,3.92,1.86
I1,2023-05-27,Salernitana,Udinese,1627.06,1661.7,4.0,6.0,3.0,4.0,3.0,2.0,H,1.0,2.0,A,11.0,10.0,3.0,4.0,12.0,22.0,2.0,1.0,3.0,3.0,0.0,1.0,2.72,3.46,2.54
I1,2023-05-27,Spezia,Torino,1555.09,1701.16,4.0,4.0,5.0,8.0,0.0,4.0,A,0.0,1.0,A,8.0,11.0,1.0,4.0,14.0,13.0,5.0,2.0,2.0,2.0,0.0,0.0,2.4,3.24,3.11
I1,2023-05-27,Fiorentina,Roma,1750.8,1791.04,4.0,8.0,2.0,4.0,2.0,1.0,H,0.0,1.0,A,15.0,8.0,5.0,4.0,11.0,12.0,7.0,4.0,5.0,3.0,0.0,0.0,2.07,3.4,3.71
I1,2023-05-27,Inter,Atalanta,1884.88,1755.0,6.0,12.0,3.0,9.0,3.0,2.0,H,2.0,1.0,H,20.0,11.0,11.0,3.0,8.0,18.0,9.0,7.0,0.0,1.0,0.0,0.0,1.85,3.81,4.08
I1,2023-05-28,Verona,Empoli,1603.51,1638.0,3.0,4.0,7.0,10.0,1.0,1.0,D,0.0,0.0,D,13.0,13.0,4.0,3.0,14.0,10.0,3.0,3.0,4.0,0.0,0.0,0.0,1.69,3.9,4.98
I1,2023-05-28,Bologna,Napoli,1697.77,1906.79,5.0,6.0,6.0,8.0,2.0,2.0,D,0.0,1.0,A,18.0,11.0,6.0,8.0,17.0,10.0,4.0,4.0,1.0,3.0,0.0,0.0,3.39,3.41,2.17
I1,2023-05-28,Monza,Lecce,1667.39,1589.61,7.0,11.0,2.0,5.0,0.0,1.0,A,0.0,0.0,D,5.0,9.0,1.0,1.0,11.0,20.0,1.0,3.0,2.0,3.0,0.0,0.0,2.48,3.19,3.0
I1,2023-05-28,Lazio,Cremonese,1775.42,1521.47,4.0,7.0,3.0,5.0,3.0,2.0,H,2.0,0.0,H,12.0,11.0,8.0,5.0,15.0,8.0,4.0,3.0,2.0,2.0,1.0,0.0,1.23,6.48,13.0
I1,2023-05-28,Juventus,Milan,1794.56,1830.2,6.0,10.0,6.0,8.0,0.0,1.0,A,0.0,1.0,A,16.0,9.0,3.0,3.0,12.0,10.0,4.0,5.0,1.0,2.0,0.0,0.0,2.36,3.37,3.06
I1,2023-06-02,Sassuolo,Fiorentina,1663.16,1750.8,1.0,2.0,7.0,8.0,1.0,3.0,A,0.0,0.0,D,5.0,15.0,2.0,7.0,7.0,15.0,2.0,4.0,4.0,4.0,2.0,0.0,2.56,3.77,2.58
I1,2023-06-03,Torino,Inter,1701.16,1884.88,7.0,11.0,6.0,12.0,0.0,1.0,A,0.0,1.0,A,17.0,14.0,5.0,4.0,6.0,7.0,6.0,4.0,1.0,2.0,0.0,0.0,2.36,3.38,3.06
I1,2023-06-03,Cremonese,Salernitana,1521.47,1627.06,0.0,4.0,7.0,8.0,2.0,0.0,H,1.0,0.0,H,12.0,11.0,4.0,1.0,15.0,12.0,4.0,6.0,1.0,2.0,0.0,0.0,2.64,3.66,2.54
I1,2023-06-03,Empoli,Lazio,1638.0,1775.42,5.0,11.0,7.0,10.0,0.0,2.0,A,0.0,0.0,D,7.0,21.0,1.0,11.0,7.0,10.0,6.0,7.0,3.0,2.0,1.0,0.0,3.41,3.66,2.08
I1,2023-06-04,Napoli,Sampdoria,1906.79,1521.71,4.0,8.0,2.0,2.0,2.0,0.0,H,0.0,0.0,D,21.0,6.0,9.0,4.0,7.0,7.0,11.0,0.0,0.0,1.0,0.0,0.0,1.19,7.41,13.98
I1,2023-06-04,Atalanta,Monza,1755.0,1667.39,3.0,6.0,6.0,8.0,5.0,2.0,H,2.0,0.0,H,20.0,8.0,10.0,4.0,13.0,8.0,5.0,1.0,1.0,2.0,0.0,1.0,1.59,4.39,5.19
I1,2023-06-04,Lecce,Bologna,1589.61,1697.77,5.0,5.0,5.0,6.0,2.0,3.0,A,1.0,0.0,H,20.0,11.0,7.0,7.0,11.0,9.0,7.0,2.0,1.0,3.0,0.0,0.0,2.76,3.37,2.58
I1,2023-06-04,Milan,Verona,1830.2,1603.51,6.0,10.0,1.0,4.0,3.0,1.0,H,1.0,0.0,H,14.0,6.0,5.0,1.0,5.0,18.0,7.0,1.0,1.0,4.0,0.0,0.0,1.79,3.75,4.5
I1,2023-06-04,Roma,Spezia,1791.04,1555.09,2.0,3.0,4.0,4.0,2.0,1.0,H,1.0,1.0,D,19.0,8.0,5.0,2.0,14.0,17.0,6.0,2.0,2.0,8.0,0.0,1.0,1.99,3.61,3.74
I1,2023-06-04,Udinese,Juventus,1661.7,1794.56,0.0,4.0,3.0,9.0,0.0,1.0,A,0.0,0.0,D,13.0,20.0,3.0,5.0,9.0,11.0,6.0,14.0,2.0,2.0,0.0,0.0,3.81,3.58,1.97
I1,2023-08-19,Empoli,Verona,1626.09,1608.23,4.0,8.0,1.0,4.0,0.0,1.0,A,0.0,0.0,D,10.0,10.0,4.0,4.0,17.0,18.0,2.0,4.0,2.0,2.0,0.0,0.0,2.3,3.28,3.27
I1,2023-08-19,Frosinone,Napoli,1592.14,1904.46,9.0,13.0,7.0,10.0,1.0,3.0,A,1.0,2.0,A,4.0,19.0,1.0,8.0,14.0,17.0,4.0,6.0,3.0,3.0,0.0,0.0,8.79,5.12,1.36
I1,2023-08-19,Genoa,Fiorentina,1597.38,1749.24,6.0,10.0,7.0,10.0,1.0,4.0,A,0.0,3.0,A,4.0,9.0,2.0,5.0,14.0,13.0,3.0,4.0,2.0,3.0,0.0,0.0,3.41,3.34,2.21
I1,2023-08-19,Inter,Monza,1882.35,1655.78,6.0,12.0,3.0,7.0,2.0,0.0,H,1.0,0.0,H,22.0,12.0,3.0,2.0,8.0,13.0,8.0,3.0,1.0,1.0,0.0,0.0,1.38,5.08,7.92
I1,2023-08-20,Roma,Salernitana,1789.66,1610.06,4.0,5.0,4.0,7.0,2.0,2.0,D,1.0,1.0,D,13.0,3.0,3.0,2.0,12.0,9.0,9.0,1.0,0.0,4.0,0.0,0.0,1.53,4.07,6.83
I1,2023-08-20,Sassuolo,Atalanta,1649.59,1759.28,1.0,2.0,6.0,6.0,0.0,2.0,A,0.0,0.0,D,11.0,16.0,3.0,6.0,9.0,13.0,7.0,7.0,0.0,0.0,0.0,0.0,3.35,3.62,2.12
I1,2023-08-20,Lecce,Lazio,1579.24,1779.99,4.0,5.0,9.0,10.0,2.0,1.0,H,0.0,1.0,A,23.0,10.0,7.0,4.0,12.0,16.0,5.0,2.0,3.0,2.0,0.0,0.0,3.74,3.33,2.09
I1,2023-08-20,Udinese,Juventus,1652.04,1796.9,0.0,3.0,3.0,9.0,0.0,3.0,A,0.0,3.0,A,18.0,9.0,5.0,4.0,12.0,10.0,7.0,3.0,1.0,3.0,0.0,0.0,4.46,3.54,1.86
I1,2023-08-21,Torino,Cagliari,1692.63,1572.95,4.0,8.0,9.0,12.0,0.0,0.0,D,0.0,0.0,D,11.0,8.0,2.0,2.0,8.0,12.0,8.0,3.0,1.0,1.0,0.0,0.0,1.68,3.73,5.47
I1,2023-08-21,Bologna,Milan,1700.81,1829.9,7.0,9.0,9.0,12.0,0.0,2.0,A,0.0,2.0,A,17.0,10.0,5.0,6.0,10.0,4.0,3.0,6.0,2.0,2.0,0.0,0.0,3.9,3.49,1.99
I1,2023-08-26,Frosinone,Atalanta,1600.39,1757.43,6.0,12.0,6.0,9.0,2.0,1.0,H,2.0,0.0,H,13.0,18.0,5.0,6.0,10.0,10.0,3.0,7.0,1.0,2.0,0.0,0.0,4.92,4.09,1.68
I1,2023-08-26,Monza,Empoli,1661.35,1608.52,0.0,6.0,1.0,5.0,2.0,0.0,H,1.0,0.0,H,20.0,18.0,5.0,6.0,14.0,7.0,6.0,5.0,1.0,2.0,0.0,0.0,1.95,3.54,4.05
I1,2023-08-26,Milan,Torino,1845.29,1682.35,9.0,12.0,4.0,8.0,4.0,1.0,H,3.0,1.0,H,17.0,8.0,7.0,1.0,13.0,16.0,2.0,1.0,2.0,3.0,0.0,0.0,1.66,3.8,5.63
I1,2023-08-26,Verona,Roma,1629.87,1773.18,4.0,4.0,4.0,6.0,2.0,1.0,H,2.0,0.0,H,5.0,23.0,3.0,7.0,17.0,12.0,1.0,12.0,1.0,3.0,1.0,0.0,4.61,3.47,1.86
I1,2023-08-27,Fiorentina,Lecce,1755.67,1597.33,9.0,13.0,6.0,8.0,2.0,2.0,D,2.0,0.0,H,9.0,6.0,4.0,2.0,13.0,12.0,3.0,3.0,1.0,3.0,0.0,0.0,1.6,3.96,5.9
I1,2023-08-27,Juventus,Bologna,1802.9,1697.27,6.0,9.0,4.0,8.0,1.0,1.0,D,0.0,1.0,A,14.0,9.0,3.0,4.0,14.0,13.0,5.0,1.0,2.0,1.0,0.0,0.0,1.49,4.39,6.86
I1,2023-08-27,Lazio,Genoa,1754.93,1601.93,6.0,10.0,3.0,7.0,0.0,1.0,A,0.0,1.0,A,16.0,5.0,2.0,3.0,9.0,16.0,15.0,1.0,4.0,2.0,0.0,0.0,1.58,4.09,5.98
I1,2023-08-27,Napoli,Sassuolo,1911.3,1638.62,7.0,10.0,1.0,1.0,2.0,0.0,H,1.0,0.0,H,25.0,6.0,5.0,1.0,9.0,10.0,12.0,4.0,0.0,1.0,0.0,1.0,1.33,5.67,8.6
I1,2023-08-28,Salernitana,Udinese,1615.78,1643.41,4.0,8.0,0.0,0.0,1.0,1.0,D,0.0,0.0,D,9.0,14.0,4.0,6.0,12.0,19.0,7.0,5.0,4.0,4.0,0.0,0.0,2.75,3.32,2.62
I1,2023-08-28,Cagliari,Inter,1574.3,1889.98,7.0,13.0,9.0,12.0,0.0,2.0,A,0.0,2.0,A,12.0,17.0,2.0,3.0,9.0,10.0,4.0,7.0,1.0,1.0,0.0,0.0,6.85,4.73,1.45
I1,2023-09-01,Sassuolo,Verona,1638.62,1629.87,0.0,1.0,6.0,7.0,3.0,1.0,H,1.0,0.0,H,16.0,11.0,7.0,3.0,8.0,13.0,10.0,1.0,1.0,3.0,0.0,0.0,2.02,3.59,3.71
I1,2023-09-01,Roma,Milan,1773.18,1845.29,4.0,5.0,9.0,15.0,1.0,2.0,A,0.0,1.0,A,13.0,9.0,2.0,4.0,14.0,15.0,3.0,5.0,2.0,4.0,0.0,1.0,2.81,3.15,2.7
I1,2023-09-02,Bologna,Cagliari,1697.27,1574.3,4.0,8.0,4.0,10.0,2.0,1.0,H,0.0,1.0,A,16.0,7.0,7.0,1.0,9.0,13.0,5.0,2.0,1.0,2.0,0.0,0.0,1.72,3.72,5.17
I1,2023-09-02,Udinese,Frosinone,1643.41,1600.39,1.0,1.0,6.0,12.0,0.0,0.0,D,0.0,0.0,D,12.0,12.0,6.0,2.0,14.0,9.0,3.0,5.0,2.0,2.0,0.0,0.0,1.8,3.7,4.56
I1,2023-09-02,Atalanta,Monza,1757.43,1661.35,6.0,9.0,3.0,6.0,3.0,0.0,H,2.0,0.0,H,18.0,8.0,8.0,2.0,11.0,9.0,7.0,3.0,0.0,3.0,0.0,0.0,1.63,4.17,5.2
I1,2023-09-02,Napoli,Lazio,1911.3,1754.93,9.0,13.0,3.0,9.0,1.0,2.0,A,1.0,1.0,D,22.0,6.0,4.0,2.0,8.0,9.0,7.0,2.0,1.0,2.0,0.0,0.0,1.63,4.04,5.49
I1,2023-09-03,Inter,Fiorentina,1889.98,1755.67,9.0,12.0,7.0,11.0,4.0,0.0,H,1.0,0.0,H,21.0,6.0,11.0,2.0,13.0,12.0,1.0,1.0,1.0,1.0,0.0,0.0,1.65,4.04,5.11
I1,2023-09-03,Torino,Genoa,1682.35,1601.93,1.0,5.0,6.0,9.0,1.0,0.0,H,0.0,0.0,D,10.0,7.0,3.0,2.0,13.0,7.0,4.0,0.0,2.0,5.0,0.0,0.0,2.05,3.26,3.96
I1,2023-09-03,Empoli,Juventus,1608.52,1802.9,0.0,4.0,7.0,7.0,0.0,2.0,A,0.0,1.0,A,7.0,18.0,0.0,5.0,14.0,13.0,3.0,7.0,3.0,3.0,0.0,0.0,5.18,3.9,1.67
I1,2023-09-03,Lecce,Salernitana,1597.33,1615.78,4.0,8.0,2.0,6.0,2.0,0.0,H,1.0,0.0,H,20.0,11.0,6.0,4.0,17.0,15.0,6.0,5.0,3.0,3.0,0.0,0.0,2.02,3.38,3.9
I1,2023-09-16,Juventus,Lazio,1809.37,1767.97,7.0,10.0,3.0,9.0,3.0,1.0,H,2.0,0.0,H,17.0,16.0,7.0,5.0,13.0,13.0,7.0,9.0,5.0,1.0,0.0,0.0,1.93,3.44,4.24
I1,2023-09-16,Inter,Milan,1897.59,1852.8,9.0,15.0,9.0,15.0,5.0,1.0,H,2.0,0.0,H,14.0,9.0,7.0,2.0,16.0,13.0,5.0,0.0,2.0,2.0,0.0,0.0,2.15,3.52,3.41
I1,2023-09-16,Genoa,Napoli,1596.85,1898.26,3.0,6.0,6.0,10.0,2.0,2.0,D,1.0,0.0,H,8.0,12.0,3.0,4.0,14.0,8.0,3.0,1.0,3.0,2.0,0.0,0.0,5.21,4.03,1.65
I1,2023-09-17,Cagliari,Udinese,1570.19,1640.88,1.0,7.0,2.0,2.0,0.0,0.0,D,0.0,0.0,D,10.0,11.0,1.0,1.0,12.0,11.0,4.0,6.0,2.0,1.0,1.0,0.0,2.88,3.26,2.55
I1,2023-09-17,Frosinone,Sassuolo,1602.92,1647.91,4.0,10.0,3.0,4.0,4.0,2.0,H,1.0,2.0,A,16.0,18.0,6.0,7.0,10.0,9.0,5.0,6.0,4.0,2.0,0.0,0.0,2.77,3.49,2.51
I1,2023-09-17,Monza,Lecce,1653.55,1607.71,3.0,3.0,7.0,10.0,1.0,1.0,D,1.0,1.0,D,25.0,4.0,6.0,3.0,17.0,11.0,10.0,1.0,6.0,1.0,1.0,1.0,2.12,3.4,3.57
I1,2023-09-17,Fiorentina,Atalanta,1748.06,1765.23,4.0,10.0,6.0,9.0,3.0,2.0,H,2.0,1.0,H,15.0,11.0,8.0,4.0,8.0,14.0,3.0,4.0,1.0,2.0,0.0,0.0,2.46,3.52,2.81
I1,2023-09-17,Roma,Empoli,1765.67,1602.05,1.0,4.0,0.0,1.0,7.0,0.0,H,3.0,0.0,H,14.0,8.0,9.0,2.0,15.0,5.0,2.0,6.0,2.0,2.0,0.0,0.0,1.43,4.5,7.99
I1,2023-09-18,Salernitana,Torino,1605.39,1687.42,2.0,5.0,4.0,7.0,0.0,3.0,A,0.0,2.0,A,14.0,11.0,4.0,3.0,12.0,16.0,1.0,2.0,2.0,2.0,0.0,0.0,3.51,3.23,2.21
I1,2023-09-18,Verona,Bologna,1620.59,1701.39,6.0,7.0,4.0,8.0,0.0,0.0,D,0.0,0.0,D,9.0,11.0,1.0,4.0,18.0,10.0,3.0,4.0,4.0,2.0,0.0,0.0,2.98,3.31,2.44
I1,2023-09-22,Salernitana,Frosinone,1605.39,1602.92,1.0,2.0,7.0,10.0,1.0,1.0,D,0.0,1.0,A,19.0,9.0,6.0,3.0,12.0,12.0,8.0,6.0,2.0,2.0,0.0,0.0,2.52,3.26,2.95
I1,2023-09-22,Lecce,Genoa,1607.71,1596.85,5.0,8.0,4.0,7.0,1.0,0.0,H,0.0,0.0,D,18.0,8.0,3.0,1.0,12.0,10.0,4.0,3.0,1.0,3.0,0.0,1.0,2.46,3.11,3.17
I1,2023-09-23,Milan,Verona,1852.8,1620.59,6.0,12.0,4.0,7.0,1.0,0.0,H,1.0,0.0,H,9.0,10.0,4.0,2.0,13.0,9.0,2.0,3.0,4.0,2.0,0.0,0.0,1.38,4.87,8.61
I1,2023-09-23,Sassuolo,Juventus,1647.91,1809.37,3.0,3.0,7.0,13.0,4.0,2.0,H,2.0,1.0,H,18.0,15.0,7.0,2.0,13.0,8.0,6.0,3.0,4.0,2.0,0.0,0.0,4.23,3.93,1.8
I1,2023-09-23,Lazio,Monza,1767.97,1653.55,3.0,6.0,4.0,4.0,1.0,1.0,D,1.0,1.0,D,8.0,16.0,1.0,4.0,13.0,7.0,1.0,3.0,2.0,2.0,0.0,0.0,1.8,3.82,4.42
I1,2023-09-24,Empoli,Inter,1599.87,1902.13,0.0,0.0,9.0,15.0,0.0,1.0,A,0.0,0.0,D,7.0,23.0,1.0,6.0,15.0,11.0,3.0,6.0,2.0,2.0,0.0,0.0,8.92,5.42,1.33
I1,2023-09-24,Atalanta,Cagliari,1773.07,1564.56,3.0,9.0,1.0,5.0,2.0,0.0,H,1.0,0.0,H,10.0,11.0,6.0,1.0,6.0,11.0,7.0,7.0,1.0,2.0,0.0,0.0,1.39,4.94,7.85
I1,2023-09-24,Udinese,Fiorentina,1629.93,1761.76,3.0,3.0,4.0,10.0,0.0,2.0,A,0.0,1.0,A,20.0,6.0,8.0,2.0,13.0,11.0,10.0,3.0,0.0,1.0,0.0,0.0,3.1,3.45,2.3
I1,2023-09-24,Bologna,Napoli,1706.58,1904.03,5.0,8.0,4.0,10.0,0.0,0.0,D,0.0,0.0,D,5.0,12.0,2.0,4.0,16.0,12.0,5.0,5.0,4.0,5.0,0.0,0.0,3.72,3.64,1.99
I1,2023-09-24,Torino,Roma,1695.17,1759.22,6.0,7.0,3.0,7.0,1.0,1.0,D,0.0,0.0,D,13.0,11.0,4.0,3.0,4.0,5.0,7.0,1.0,0.0,2.0,0.0,0.0,3.07,3.05,2.55
I1,2023-09-26,Juventus,Lecce,1806.79,1610.29,6.0,10.0,7.0,11.0,1.0,0.0,H,0.0,0.0,D,14.0,2.0,5.0,0.0,14.0,15.0,5.0,1.0,2.0,5.0,0.0,1.0,1.5,4.27,7.05
I1,2023-09-27,Cagliari,Milan,1564.56,1856.02,1.0,2.0,6.0,12.0,1.0,3.0,A,1.0,2.0,A,16.0,17.0,6.0,6.0,13.0,6.0,3.0,5.0,3.0,1.0,0.0,0.0,5.43,3.89,1.66
I1,2023-09-27,Empoli,Salernitana,1599.87,1582.04,0.0,0.0,1.0,3.0,1.0,0.0,H,1.0,0.0,H,13.0,14.0,6.0,2.0,18.0,13.0,10.0,2.0,2.0,1.0,0.0,0.0,2.34,3.27,3.22
I1,2023-09-27,Verona,Atalanta,1615.68,1773.07,1.0,7.0,6.0,9.0,0.0,1.0,A,0.0,1.0,A,11.0,8.0,2.0,2.0,10.0,25.0,4.0,1.0,2.0,3.0,0.0,0.0,4.43,3.73,1.82
I1,2023-09-27,Inter,Sassuolo,1902.13,1669.93,9.0,15.0,6.0,6.0,1.0,2.0,A,1.0,0.0,H,13.0,13.0,3.0,6.0,10.0,8.0,8.0,6.0,0.0,1.0,0.0,0.0,1.33,5.72,8.57
I1,2023-09-27,Lazio,Torino,1758.74,1695.17,4.0,4.0,7.0,8.0,2.0,0.0,H,0.0,0.0,D,6.0,7.0,3.0,2.0,12.0,13.0,4.0,2.0,1.0,4.0,0.0,0.0,2.15,3.32,3.61
I1,2023-09-27,Napoli,Udinese,1904.03,1629.93,2.0,8.0,2.0,3.0,4.0,1.0,H,2.0,0.0,H,23.0,13.0,10.0,3.0,11.0,10.0,8.0,4.0,1.0,1.0,0.0,0.0,1.38,5.08,8.39
I1,2023-09-28,Frosinone,Fiorentina,1619.89,1761.76,5.0,8.0,6.0,10.0,1.0,1.0,D,0.0,1.0,A,11.0,19.0,3.0,6.0,6.0,11.0,8.0,10.0,3.0,3.0,0.0,0.0,3.7,3.64,2.0
I1,2023-09-28,Monza,Bologna,1657.42,1706.58,2.0,5.0,5.0,6.0,0.0,0.0,D,0.0,0.0,D,12.0,7.0,3.0,5.0,9.0,13.0,7.0,5.0,5.0,3.0,0.0,1.0,2.42,3.34,2.99
I1,2023-09-28,Genoa,Roma,1618.63,1759.22,1.0,4.0,4.0,5.0,4.0,1.0,H,2.0,1.0,H,8.0,13.0,4.0,3.0,7.0,12.0,1.0,7.0,4.0,3.0,0.0,0.0,3.76,3.25,2.12
I1,2023-09-30,Lecce,Napoli,1610.29,1904.03,4.0,8.0,5.0,8.0,0.0,4.0,A,0.0,1.0,A,9.0,15.0,4.0,6.0,11.0,11.0,3.0,7.0,3.0,2.0,0.0,0.0,4.73,3.8,1.76
I1,2023-09-30,Milan,Lazio,1856.02,1758.74,6.0,12.0,4.0,7.0,2.0,0.0,H,0.0,0.0,D,14.0,13.0,7.0,4.0,15.0,5.0,7.0,1.0,3.0,2.0,0.0,0.0,1.77,3.7,4.84
I1,2023-09-30,Salernitana,Inter,1582.04,1902.13,1.0,2.0,6.0,12.0,0.0,4.0,A,0.0,0.0,D,12.0,16.0,3.0,6.0,12.0,10.0,3.0,3.0,2.0,1.0,0.0,0.0,7.79,4.78,1.42
I1,2023-10-01,Bologna,Empoli,1706.58,1599.87,3.0,7.0,3.0,3.0,3.0,0.0,H,1.0,0.0,H,21.0,12.0,9.0,4.0,11.0,16.0,2.0,6.0,2.0,4.0,0.0,0.0,1.66,4.01,5.18
I1,2023-10-01,Udinese,Genoa,1629.93,1618.63,1.0,3.0,4.0,7.0,2.0,2.0,D,1.0,2.0,A,11.0,8.0,2.0,4.0,12.0,12.0,5.0,0.0,2.0,2.0,1.0,0.0,2.38,3.15,3.26
I1,2023-10-01,Atalanta,Juventus,1773.07,1806.79,6.0,9.0,6.0,10.0,0.0,0.0,D,0.0,0.0,D,15.0,5.0,2.0,3.0,13.0,7.0,5.0,2.0,1.0,2.0,0.0,0.0,2.51,3.45,2.82
I1,2023-10-01,Roma,Frosinone,1759.22,1619.89,4.0,4.0,5.0,9.0,2.0,0.0,H,1.0,0.0,H,11.0,8.0,5.0,0.0,12.0,11.0,7.0,3.0,1.0,2.0,0.0,0.0,1.45,4.43,7.62
I1,2023-10-02,Sassuolo,Monza,1669.93,1657.42,6.0,9.0,3.0,6.0,0.0,1.0,A,0.0,0.0,D,19.0,13.0,7.0,4.0,8.0,10.0,7.0,4.0,0.0,0.0,0.0,0.0,2.2,3.8,3.02
I1,2023-10-02,Torino,Verona,1695.17,1615.68,4.0,7.0,1.0,4.0,0.0,0.0,D,0.0,0.0,D,8.0,5.0,2.0,2.0,6.0,11.0,10.0,1.0,1.0,1.0,0.0,0.0,1.89,3.4,4.47
I1,2023-10-02,Fiorentina,Cagliari,1761.76,1564.56,7.0,8.0,1.0,1.0,3.0,0.0,H,2.0,0.0,H,14.0,6.0,2.0,4.0,10.0,10.0,4.0,2.0,1.0,1.0,0.0,0.0,1.49,4.36,6.96
I1,2023-10-06,Empoli,Udinese,1599.87,1629.93,3.0,3.0,1.0,3.0,0.0,0.0,D,0.0,0.0,D,18.0,11.0,3.0,1.0,11.0,15.0,5.0,7.0,1.0,2.0,0.0,0.0,3.12,3.34,2.38
I1,2023-10-06,Lecce,Sassuolo,1610.29,1669.93,3.0,7.0,6.0,9.0,1.0,1.0,D,0.0,1.0,A,13.0,14.0,4.0,1.0,9.0,15.0,5.0,3.0,2.0,3.0,0.0,0.0,2.57,3.5,2.74
I1,2023-10-07,Inter,Bologna,1902.13,1706.58,6.0,12.0,5.0,9.0,2.0,2.0,D,2.0,1.0,H,14.0,8.0,5.0,3.0,11.0,9.0,7.0,7.0,2.0,3.0,0.0,0.0,1.39,5.1,7.98
I1,2023-10-07,Juventus,Torino,1806.79,1695.17,4.0,10.0,2.0,8.0,2.0,0.0,H,0.0,0.0,D,17.0,10.0,6.0,1.0,10.0,8.0,7.0,3.0,1.0,1.0,0.0,0.0,1.93,3.35,4.46
I1,2023-10-07,Genoa,Milan,1618.63,1856.02,4.0,5.0,9.0,12.0,0.0,1.0,A,0.0,0.0,D,7.0,12.0,1.0,3.0,10.0,13.0,3.0,2.0,3.0,5.0,1.0,1.0,4.06,3.54,1.95
I1,2023-10-08,Monza,Salernitana,1657.42,1582.04,5.0,6.0,1.0,1.0,3.0,0.0,H,2.0,0.0,H,16.0,8.0,7.0,5.0,8.0,16.0,7.0,7.0,1.0,2.0,0.0,0.0,1.68,3.92,5.15
I1,2023-10-08,Frosinone,Verona,1619.89,1615.68,2.0,6.0,1.0,2.0,2.0,1.0,H,1.0,0.0,H,11.0,16.0,2.0,4.0,9.0,12.0,2.0,4.0,1.0,4.0,0.0,0.0,2.38,3.28,3.13
I1,2023-10-08,Lazio,Atalanta,1758.74,1773.07,4.0,7.0,7.0,10.0,3.0,2.0,H,2.0,1.0,H,12.0,12.0,4.0,4.0,7.0,10.0,4.0,6.0,1.0,1.0,0.0,0.0,2.81,3.3,2.61
I1,2023-10-08,Cagliari,Roma,1564.56,1759.22,0.0,1.0,4.0,7.0,1.0,4.0,A,0.0,2.0,A,16.0,11.0,2.0,5.0,15.0,13.0,4.0,3.0,2.0,3.0,0.0,0.0,4.71,3.46,1.84
I1,2023-10-08,Napoli,Fiorentina,1904.03,1761.76,7.0,8.0,7.0,10.0,1.0,3.0,A,1.0,1.0,D,16.0,12.0,4.0,3.0,4.0,14.0,6.0,4.0,2.0,4.0,0.0,0.0,1.61,4.22,5.32
I1,2023-10-21,Verona,Napoli,1614.07,1878.82,1.0,2.0,6.0,8.0,1.0,3.0,A,0.0,2.0,A,15.0,22.0,9.0,10.0,12.0,9.0,5.0,8.0,3.0,2.0,0.0,0.0,5.45,3.95,1.65
I1,2023-10-21,Torino,Inter,1687.66,1902.01,1.0,5.0,4.0,10.0,0.0,3.0,A,0.0,0.0,D,7.0,14.0,3.0,4.0,13.0,8.0,2.0,4.0,1.0,2.0,0.0,0.0,5.11,3.7,1.74
I1,2023-10-21,Sassuolo,Lazio,1662.45,1774.98,4.0,7.0,6.0,7.0,0.0,2.0,A,0.0,2.0,A,9.0,18.0,2.0,6.0,6.0,10.0,5.0,7.0,1.0,5.0,0.0,0.0,2.71,3.66,2.5
I1,2023-10-22,Roma,Monza,1776.33,1677.47,6.0,10.0,7.0,9.0,1.0,0.0,H,0.0,0.0,D,21.0,11.0,4.0,4.0,11.0,11.0,8.0,5.0,2.0,4.0,0.0,1.0,1.72,3.79,4.99
I1,2023-10-22,Bologna,Frosinone,1722.23,1623.73,5.0,7.0,4.0,8.0,2.0,1.0,H,2.0,0.0,H,12.0,12.0,6.0,5.0,10.0,14.0,4.0,5.0,2.0,2.0,0.0,1.0,1.75,3.77,4.84
I1,2023-10-22,Salernitana,Cagliari,1575.59,1554.4,0.0,1.0,0.0,1.0,2.0,2.0,D,0.0,0.0,D,13.0,13.0,2.0,6.0,11.0,12.0,8.0,5.0,3.0,4.0,0.0,0.0,2.32,3.19,3.31
I1,2023-10-22,Atalanta,Genoa,1777.16,1618.64,4.0,7.0,4.0,5.0,2.0,0.0,H,0.0,0.0,D,13.0,15.0,8.0,4.0,17.0,9.0,8.0,4.0,4.0,2.0,0.0,0.0,1.55,4.07,6.51
I1,2023-10-22,Milan,Juventus,1863.66,1815.38,9.0,12.0,7.0,10.0,0.0,1.0,A,0.0,0.0,D,7.0,14.0,1.0,4.0,12.0,16.0,6.0,3.0,1.0,4.0,1.0,0.0,2.3,3.28,3.31
I1,2023-10-23,Udinese,Lecce,1630.66,1612.55,2.0,3.0,1.0,5.0,1.0,1.0,D,0.0,0.0,D,12.0,12.0,6.0,1.0,11.0,15.0,2.0,7.0,3.0,5.0,0.0,0.0,2.19,3.26,3.56
I1,2023-10-23,Fiorentina,Empoli,1778.25,1594.07,7.0,13.0,4.0,4.0,0.0,2.0,A,0.0,1.0,A,19.0,7.0,7.0,3.0,13.0,17.0,13.0,3.0,1.0,3.0,0.0,0.0,1.44,4.76,7.25
I1,2023-10-27,Genoa,Salernitana,1616.26,1564.31,1.0,4.0,1.0,2.0,1.0,0.0,H,1.0,0.0,H,8.0,7.0,4.0,2.0,11.0,19.0,7.0,0.0,3.0,4.0,0.0,0.0,1.75,3.67,5.06
I1,2023-10-28,Sassuolo,Bologna,1651.34,1722.47,1.0,7.0,7.0,9.0,1.0,1.0,D,1.0,1.0,D,17.0,9.0,6.0,5.0,11.0,10.0,6.0,2.0,1.0,4.0,0.0,0.0,2.67,3.48,2.64
I1,2023-10-28,Lecce,Torino,1603.28,1684.66,2.0,5.0,1.0,2.0,0.0,1.0,A,0.0,1.0,A,11.0,10.0,6.0,2.0,17.0,19.0,3.0,0.0,3.0,5.0,0.0,0.0,2.77,3.02,2.85
I1,2023-10-28,Juventus,Verona,1825.17,1603.43,7.0,10.0,1.0,1.0,1.0,0.0,H,0.0,0.0,D,30.0,7.0,6.0,1.0,13.0,8.0,5.0,1.0,3.0,2.0,0.0,0.0,1.37,4.98,9.14
I1,2023-10-29,Cagliari,Frosinone,1561.5,1606.75,1.0,1.0,3.0,5.0,4.0,3.0,H,0.0,2.0,A,24.0,10.0,6.0,6.0,8.0,7.0,5.0,7.0,1.0,4.0,0.0,0.0,2.33,3.4,3.12
I1,2023-10-29,Monza,Udinese,1667.03,1627.79,6.0,8.0,3.0,3.0,1.0,1.0,D,1.0,0.0,H,10.0,10.0,4.0,3.0,15.0,11.0,10.0,3.0,2.0,1.0,0.0,0.0,2.1,3.52,3.54
I1,2023-10-29,Inter,Roma,1912.08,1778.41,7.0,10.0,9.0,10.0,1.0,0.0,H,0.0,0.0,D,19.0,3.0,3.0,1.0,14.0,9.0,8.0,0.0,3.0,4.0,0.0,0.0,1.64,3.94,5.56
I1,2023-10-29,Napoli,Milan,1882.03,1840.05,6.0,10.0,6.0,12.0,2.0,2.0,D,0.0,2.0,A,17.0,20.0,4.0,6.0,14.0,10.0,6.0,4.0,4.0,3.0,1.0,0.0,2.25,3.37,3.31
I1,2023-10-30,Empoli,Atalanta,1601.28,1784.16,4.0,7.0,4.0,10.0,0.0,3.0,A,0.0,2.0,A,9.0,18.0,2.0,6.0,10.0,13.0,3.0,6.0,4.0,0.0,0.0,0.0,4.92,3.96,1.7
I1,2023-10-30,Lazio,Fiorentina,1777.66,1750.52,6.0,10.0,6.0,10.0,1.0,0.0,H,0.0,0.0,D,11.0,9.0,4.0,5.0,12.0,17.0,0.0,4.0,3.0,3.0,0.0,0.0,2.3,3.42,3.17
I1,2023-11-03,Bologna,Lazio,1722.47,1777.66,5.0,9.0,9.0,12.0,1.0,0.0,H,0.0,0.0,D,6.0,11.0,2.0,1.0,12.0,8.0,2.0,6.0,2.0,5.0,0.0,0.0,2.72,3.15,2.79
I1,2023-11-04,Salernitana,Napoli,1564.31,1882.03,1.0,1.0,4.0,10.0,0.0,2.0,A,0.0,1.0,A,10.0,21.0,3.0,8.0,15.0,10.0,8.0,9.0,1.0,1.0,0.0,0.0,6.94,4.9,1.44
I1,2023-11-04,Atalanta,Inter,1784.16,1912.08,6.0,10.0,7.0,10.0,1.0,2.0,A,0.0,1.0,A,14.0,10.0,4.0,4.0,13.0,9.0,6.0,1.0,4.0,1.0,1.0,0.0,3.35,3.5,2.17
I1,2023-11-04,Milan,Udinese,1840.05,1627.79,4.0,10.0,3.0,4.0,0.0,1.0,A,0.0,0.0,D,14.0,12.0,5.0,2.0,13.0,14.0,11.0,5.0,1.0,2.0,0.0,0.0,1.46,4.56,7.22
I1,2023-11-05,Verona,Monza,1603.43,1667.03,0.0,1.0,4.0,8.0,1.0,3.0,A,0.0,1.0,A,16.0,12.0,5.0,6.0,6.0,12.0,2.0,6.0,1.0,2.0,0.0,0.0,3.15,3.28,2.36
I1,2023-11-05,Cagliari,Genoa,1561.5,1616.26,4.0,4.0,3.0,7.0,2.0,1.0,H,0.0,0.0,D,12.0,8.0,4.0,2.0,14.0,11.0,1.0,1.0,4.0,2.0,0.0,0.0,2.75,3.21,2.7
I1,2023-11-05,Roma,Lecce,1778.41,1603.28,6.0,9.0,2.0,2.0,2.0,1.0,H,0.0,0.0,D,15.0,15.0,5.0,4.0,18.0,11.0,5.0,2.0,3.0,5.0,0.0,0.0,1.57,3.93,6.35
I1,2023-11-05,Fiorentina,Juventus,1750.52,1825.17,3.0,7.0,9.0,13.0,0.0,1.0,A,0.0,1.0,A,25.0,4.0,4.0,3.0,12.0,21.0,9.0,2.0,1.0,3.0,0.0,0.0,2.88,3.3,2.54
I1,2023-11-06,Frosinone,Empoli,1606.75,1601.28,3.0,4.0,4.0,7.0,2.0,1.0,H,0.0,0.0,D,17.0,10.0,5.0,2.0,7.0,9.0,9.0,2.0,3.0,2.0,0.0,0.0,2.11,3.55,3.45
I1,2023-11-06,Torino,Sassuolo,1684.66,1651.34,3.0,4.0,2.0,5.0,2.0,1.0,H,1.0,1.0,D,21.0,5.0,9.0,2.0,9.0,6.0,9.0,2.0,1.0,1.0,0.0,0.0,2.15,3.44,3.45
I1,2023-11-10,Sassuolo,Salernitana,1641.83,1564.59,1.0,2.0,1.0,1.0,2.0,2.0,D,1.0,2.0,A,29.0,9.0,9.0,2.0,12.0,14.0,11.0,0.0,2.0,1.0,0.0,0.0,1.69,4.14,4.8
I1,2023-11-10,Genoa,Verona,1614.55,1586.22,3.0,4.0,0.0,1.0,1.0,0.0,H,1.0,0.0,H,16.0,7.0,6.0,1.0,9.0,16.0,6.0,7.0,1.0,4.0,0.0,0.0,1.95,3.28,4.49
I1,2023-11-11,Lecce,Milan,1605.09,1827.97,1.0,2.0,1.0,7.0,2.0,2.0,D,0.0,2.0,A,14.0,10.0,5.0,6.0,12.0,16.0,3.0,1.0,4.0,6.0,0.0,1.0,5.08,3.68,1.74
I1,2023-11-11,Juventus,Cagliari,1834.5,1568.14,9.0,13.0,7.0,7.0,2.0,1.0,H,0.0,0.0,D,18.0,11.0,4.0,2.0,14.0,8.0,12.0,4.0,3.0,1.0,0.0,0.0,1.38,4.91,8.69
I1,2023-11-11,Monza,Torino,1676.93,1691.77,4.0,10.0,6.0,7.0,1.0,1.0,D,0.0,0.0,D,12.0,12.0,5.0,5.0,11.0,11.0,3.0,1.0,2.0,2.0,0.0,0.0,2.48,3.16,3.07
I1,2023-11-12,Napoli,Empoli,1862.81,1609.73,7.0,10.0,3.0,4.0,0.0,1.0,A,0.0,0.0,D,18.0,8.0,7.0,3.0,11.0,13.0,8.0,3.0,1.0,1.0,0.0,0.0,1.23,6.73,11.96
I1,2023-11-12,Fiorentina,Bologna,1751.52,1724.4,0.0,6.0,7.0,11.0,2.0,1.0,H,1.0,1.0,D,12.0,11.0,4.0,4.0,19.0,15.0,0.0,3.0,2.0,2.0,0.0,0.0,2.07,3.47,3.65
I1,2023-11-12,Udinese,Atalanta,1644.69,1778.07,5.0,7.0,6.0,7.0,1.0,1.0,D,1.0,0.0,H,13.0,8.0,4.0,2.0,13.0,13.0,7.0,7.0,2.0,3.0,0.0,0.0,3.73,3.49,2.03
I1,2023-11-12,Lazio,Roma,1773.96,1769.74,6.0,9.0,6.0,12.0,0.0,0.0,D,0.0,0.0,D,7.0,8.0,2.0,1.0,12.0,13.0,4.0,1.0,3.0,4.0,0.0,0.0,2.96,3.11,2.61
I1,2023-11-12,Inter,Frosinone,1924.76,1611.58,9.0,13.0,3.0,6.0,2.0,0.0,H,1.0,0.0,H,21.0,12.0,6.0,3.0,7.0,16.0,9.0,4.0,0.0,1.0,0.0,0.0,1.19,7.53,14.11
I1,2023-11-25,Salernitana,Lazio,1570.4,1759.25,1.0,2.0,4.0,10.0,2.0,1.0,H,0.0,1.0,A,13.0,13.0,6.0,2.0,11.0,12.0,4.0,9.0,5.0,3.0,0.0,0.0,4.68,3.71,1.79
I1,2023-11-25,Atalanta,Napoli,1761.76,1857.47,4.0,7.0,4.0,7.0,1.0,2.0,A,0.0,1.0,A,16.0,11.0,5.0,4.0,15.0,9.0,5.0,4.0,2.0,2.0,0.0,0.0,2.68,3.43,2.66
I1,2023-11-25,Milan,Fiorentina,1813.15,1742.66,2.0,5.0,3.0,6.0,1.0,0.0,H,1.0,0.0,H,9.0,20.0,6.0,4.0,9.0,10.0,3.0,11.0,1.0,2.0,0.0,0.0,2.12,3.42,3.6
I1,2023-11-26,Cagliari,Monza,1563.47,1668.23,6.0,7.0,5.0,8.0,1.0,1.0,D,1.0,0.0,H,17.0,12.0,6.0,4.0,10.0,15.0,10.0,11.0,1.0,2.0,0.0,0.0,2.88,3.32,2.53
I1,2023-11-26,Empoli,Sassuolo,1594.83,1643.36,3.0,7.0,2.0,3.0,3.0,4.0,A,2.0,2.0,D,11.0,17.0,9.0,9.0,20.0,15.0,6.0,5.0,4.0,2.0,0.0,0.0,2.74,3.63,2.48
I1,2023-11-26,Frosinone,Genoa,1612.15,1600.62,3.0,6.0,6.0,6.0,2.0,1.0,H,1.0,1.0,D,9.0,13.0,5.0,3.0,5.0,14.0,4.0,2.0,2.0,4.0,0.0,0.0,2.5,3.24,2.99
I1,2023-11-26,Roma,Udinese,1764.17,1632.02,4.0,10.0,5.0,7.0,3.0,1.0,H,1.0,0.0,H,12.0,6.0,5.0,2.0,8.0,15.0,7.0,1.0,1.0,3.0,0.0,0.0,1.64,3.88,5.76
I1,2023-11-26,Juventus,Inter,1829.32,1914.55,9.0,15.0,9.0,13.0,1.0,1.0,D,1.0,1.0,D,4.0,8.0,1.0,4.0,12.0,13.0,1.0,0.0,2.0,1.0,0.0,0.0,3.38,3.26,2.28
I1,2023-11-27,Verona,Lecce,1578.94,1599.0,0.0,0.0,1.0,3.0,2.0,2.0,D,1.0,1.0,D,19.0,14.0,11.0,5.0,15.0,17.0,4.0,2.0,1.0,2.0,0.0,0.0,2.7,3.01,2.94
I1,2023-11-27,Bologna,Torino,1726.67,1676.13,4.0,8.0,7.0,7.0,2.0,0.0,H,0.0,0.0,D,13.0,9.0,2.0,3.0,16.0,15.0,3.0,2.0,3.0,4.0,0.0,0.0,2.34,3.18,3.31
I1,2023-12-01,Monza,Juventus,1668.23,1829.32,5.0,6.0,7.0,13.0,1.0,2.0,A,0.0,1.0,A,16.0,18.0,1.0,7.0,12.0,8.0,7.0,3.0,1.0,2.0,0.0,0.0,4.1,3.41,1.99
I1,2023-12-02,Genoa,Empoli,1600.62,1594.83,3.0,6.0,3.0,6.0,1.0,1.0,D,1.0,0.0,H,21.0,9.0,1.0,1.0,15.0,19.0,5.0,3.0,3.0,1.0,0.0,0.0,1.96,3.44,4.15
I1,2023-12-02,Lazio,Cagliari,1759.25,1563.47,1.0,7.0,4.0,8.0,1.0,0.0,H,1.0,0.0,H,10.0,9.0,5.0,2.0,11.0,12.0,4.0,3.0,0.0,2.0,0.0,1.0,1.63,4.03,5.55
I1,2023-12-02,Milan,Frosinone,1813.15,1612.15,4.0,5.0,6.0,6.0,3.0,1.0,H,1.0,0.0,H,10.0,15.0,3.0,3.0,11.0,6.0,6.0,7.0,1.0,1.0,0.0,0.0,1.44,4.74,7.17
I1,2023-12-03,Lecce,Bologna,1599.0,1726.67,2.0,3.0,6.0,10.0,1.0,1.0,D,0.0,0.0,D,14.0,11.0,4.0,4.0,12.0,18.0,6.0,3.0,3.0,2.0,0.0,0.0,3.05,3.17,2.5
I1,2023-12-03,Fiorentina,Salernitana,1742.66,1570.4,3.0,3.0,4.0,5.0,3.0,0.0,H,2.0,0.0,H,22.0,11.0,9.0,1.0,13.0,12.0,3.0,2.0,1.0,0.0,0.0,0.0,1.45,4.72,6.96
I1,2023-12-03,Udinese,Verona,1632.02,1578.94,4.0,6.0,1.0,1.0,3.0,3.0,D,2.0,1.0,H,12.0,13.0,6.0,4.0,16.0,13.0,5.0,3.0,2.0,5.0,0.0,0.0,1.73,3.67,5.15
I1,2023-12-03,Sassuolo,Roma,1643.36,1764.17,4.0,5.0,7.0,10.0,1.0,2.0,A,1.0,0.0,H,8.0,15.0,2.0,7.0,10.0,11.0,1.0,11.0,4.0,1.0,1.0,0.0,3.87,3.73,1.94
I1,2023-12-03,Napoli,Inter,1857.47,1914.55,6.0,10.0,7.0,13.0,0.0,3.0,A,0.0,1.0,A,15.0,11.0,4.0,4.0,2.0,13.0,6.0,4.0,2.0,2.0,0.0,0.0,2.89,3.49,2.44
I1,2023-12-04,Torino,Atalanta,1676.13,1761.76,4.0,7.0,1.0,7.0,3.0,0.0,H,1.0,0.0,H,9.0,10.0,5.0,4.0,12.0,14.0,4.0,3.0,2.0,2.0,0.0,0.0,3.03,3.2,2.49
I1,2023-12-08,Juventus,Napoli,1829.32,1857.47,7.0,13.0,3.0,7.0,1.0,0.0,H,0.0,0.0,D,11.0,13.0,2.0,1.0,11.0,12.0,3.0,6.0,2.0,4.0,0.0,0.0,2.31,3.26,3.3
I1,2023-12-09,Verona,Lazio,1588.81,1757.01,2.0,2.0,4.0,7.0,1.0,1.0,D,0.0,1.0,A,5.0,14.0,1.0,5.0,16.0,11.0,1.0,7.0,2.0,4.0,1.0,0.0,4.02,3.43,1.99
I1,2023-12-09,Atalanta,Milan,1767.14,1822.82,1.0,4.0,7.0,8.0,3.0,2.0,H,1.0,1.0,D,19.0,14.0,7.0,4.0,11.0,11.0,6.0,4.0,1.0,5.0,0.0,1.0,2.53,3.29,2.91
I1,2023-12-09,Inter,Udinese,1929.91,1629.52,7.0,13.0,2.0,6.0,4.0,0.0,H,3.0,0.0,H,17.0,11.0,8.0,1.0,9.0,6.0,6.0,1.0,0.0,1.0,0.0,0.0,1.27,6.04,10.9
I1,2023-12-10,Frosinone,Torino,1612.68,1694.58,3.0,6.0,4.0,10.0,0.0,0.0,D,0.0,0.0,D,11.0,16.0,5.0,3.0,13.0,17.0,3.0,8.0,3.0,3.0,0.0,0.0,3.37,3.28,2.24
I1,2023-12-10,Monza,Genoa,1672.07,1597.36,2.0,6.0,4.0,7.0,1.0,0.0,H,0.0,0.0,D,6.0,16.0,3.0,1.0,11.0,13.0,2.0,3.0,1.0,2.0,0.0,0.0,2.17,3.23,3.62
I1,2023-12-10,Salernitana,Bologna,1563.03,1732.75,4.0,4.0,4.0,8.0,1.0,2.0,A,0.0,2.0,A,9.0,10.0,2.0,5.0,20.0,15.0,5.0,1.0,7.0,2.0,0.0,0.0,3.71,3.32,2.11
I1,2023-12-10,Roma,Fiorentina,1773.81,1747.96,7.0,10.0,6.0,6.0,1.0,1.0,D,1.0,0.0,H,4.0,14.0,1.0,8.0,14.0,14.0,1.0,6.0,5.0,3.0,2.0,1.0,2.12,3.32,3.65
I1,2023-12-11,Empoli,Lecce,1598.46,1606.09,4.0,4.0,3.0,3.0,1.0,1.0,D,0.0,0.0,D,18.0,14.0,6.0,5.0,14.0,18.0,8.0,3.0,2.0,2.0,0.0,0.0,2.5,3.28,2.92
I1,2023-12-11,Cagliari,Sassuolo,1572.81,1632.16,1.0,7.0,4.0,5.0,2.0,1.0,H,0.0,1.0,A,18.0,8.0,6.0,4.0,15.0,15.0,10.0,4.0,1.0,7.0,0.0,1.0,2.34,3.57,2.95
I1,2023-12-15,Genoa,Juventus,1597.36,1845.22,1.0,4.0,7.0,13.0,1.0,1.0,D,0.0,1.0,A,11.0,11.0,3.0,4.0,14.0,12.0,6.0,8.0,2.0,3.0,0.0,0.0,4.77,3.21,1.92
I1,2023-12-16,Lecce,Frosinone,1606.09,1612.68,3.0,4.0,4.0,7.0,2.0,1.0,H,1.0,1.0,D,18.0,11.0,6.0,5.0,8.0,14.0,5.0,4.0,1.0,4.0,0.0,0.0,2.15,3.41,3.5
I1,2023-12-16,Napoli,Cagliari,1844.33,1572.81,3.0,6.0,4.0,7.0,2.0,1.0,H,0.0,0.0,D,21.0,9.0,5.0,3.0,9.0,10.0,5.0,3.0,5.0,3.0,0.0,0.0,1.33,5.51,9.2
I1,2023-12-16,Torino,Empoli,1694.58,1598.46,4.0,8.0,2.0,5.0,1.0,0.0,H,1.0,0.0,H,10.0,7.0,3.0,2.0,15.0,10.0,6.0,4.0,4.0,2.0,0.0,0.0,1.61,3.94,5.97
I1,2023-12-17,Milan,Monza,1822.82,1672.07,6.0,7.0,4.0,8.0,3.0,0.0,H,2.0,0.0,H,17.0,21.0,9.0,4.0,8.0,8.0,4.0,5.0,1.0,2.0,0.0,0.0,1.62,4.14,5.37
I1,2023-12-17,Fiorentina,Verona,1747.96,1588.81,4.0,7.0,3.0,3.0,1.0,0.0,H,0.0,0.0,D,5.0,19.0,3.0,7.0,11.0,12.0,1.0,6.0,3.0,1.0,0.0,0.0,1.44,4.68,7.53
I1,2023-12-17,Udinese,Sassuolo,1629.52,1632.16,1.0,5.0,3.0,4.0,2.0,2.0,D,1.0,0.0,H,9.0,21.0,7.0,7.0,13.0,6.0,1.0,13.0,3.0,1.0,1.0,0.0,2.26,3.59,3.1
I1,2023-12-17,Bologna,Roma,1732.75,1773.81,7.0,10.0,7.0,11.0,2.0,0.0,H,1.0,0.0,H,8.0,8.0,2.0,3.0,16.0,16.0,0.0,4.0,4.0,4.0,0.0,0.0,2.44,3.04,3.28
I1,2023-12-17,Lazio,Inter,1757.01,1929.91,4.0,5.0,7.0,13.0,0.0,2.0,A,0.0,1.0,A,13.0,12.0,4.0,4.0,13.0,15.0,8.0,7.0,1.0,2.0,1.0,0.0,4.87,3.72,1.76
I1,2023-12-18,Atalanta,Salernitana,1767.14,1563.03,3.0,4.0,3.0,4.0,4.0,1.0,H,0.0,1.0,A,20.0,10.0,11.0,3.0,9.0,11.0,10.0,7.0,1.0,2.0,0.0,0.0,1.31,5.61,9.8
I1,2023-12-22,Empoli,Lazio,1598.46,1757.01,2.0,5.0,4.0,5.0,0.0,2.0,A,0.0,1.0,A,21.0,14.0,7.0,7.0,6.0,17.0,8.0,9.0,3.0,2.0,0.0,0.0,4.13,3.44,1.96
I1,2023-12-22,Sassuolo,Genoa,1632.16,1597.36,1.0,5.0,2.0,5.0,1.0,2.0,A,1.0,0.0,H,12.0,14.0,3.0,5.0,11.0,9.0,3.0,6.0,2.0,1.0,0.0,0.0,2.28,3.38,3.22
I1,2023-12-22,Monza,Fiorentina,1672.07,1747.96,3.0,5.0,7.0,10.0,0.0,1.0,A,0.0,1.0,A,7.0,14.0,2.0,5.0,12.0,16.0,1.0,4.0,3.0,4.0,0.0,0.0,2.9,3.25,2.55
I1,2023-12-22,Salernitana,Milan,1563.03,1822.82,0.0,4.0,6.0,10.0,2.0,2.0,D,1.0,1.0,D,19.0,21.0,7.0,9.0,16.0,11.0,6.0,6.0,3.0,1.0,1.0,0.0,7.31,4.79,1.43
I1,2023-12-23,Frosinone,Juventus,1612.68,1845.22,1.0,4.0,7.0,11.0,1.0,2.0,A,0.0,1.0,A,10.0,13.0,3.0,3.0,6.0,12.0,8.0,8.0,0.0,2.0,0.0,0.0,5.68,3.83,1.64
I1,2023-12-23,Bologna,Atalanta,1732.75,1767.14,7.0,10.0,6.0,7.0,1.0,0.0,H,0.0,0.0,D,9.0,12.0,1.0,2.0,10.0,14.0,2.0,3.0,2.0,4.0,0.0,0.0,2.73,3.17,2.77
I1,2023-12-23,Torino,Udinese,1694.58,1629.52,7.0,8.0,2.0,3.0,1.0,1.0,D,0.0,0.0,D,14.0,10.0,4.0,4.0,10.0,11.0,8.0,2.0,2.0,2.0,0.0,0.0,1.78,3.52,5.01
I1,2023-12-23,Inter,Lecce,1929.91,1606.09,9.0,13.0,5.0,7.0,2.0,0.0,H,1.0,0.0,H,20.0,11.0,8.0,5.0,8.0,14.0,16.0,2.0,1.0,3.0,0.0,1.0,1.23,6.48,13.23
I1,2023-12-23,Verona,Cagliari,1588.81,1572.81,2.0,3.0,3.0,4.0,2.0,0.0,H,0.0,0.0,D,13.0,12.0,5.0,3.0,8.0,19.0,11.0,7.0,3.0,4.0,0.0,1.0,2.39,3.29,3.1
I1,2023-12-23,Roma,Napoli,1773.81,1844.33,4.0,8.0,3.0,6.0,2.0,0.0,H,0.0,0.0,D,17.0,7.0,4.0,2.0,19.0,12.0,4.0,0.0,7.0,4.0,0.0,2.0,3.01,3.18,2.52
I1,2023-12-29,Fiorentina,Torino,1763.81,1690.63,7.0,10.0,5.0,8.0,1.0,0.0,H,0.0,0.0,D,12.0,6.0,3.0,3.0,11.0,15.0,4.0,2.0,4.0,2.0,0.0,0.0,2.19,3.2,3.65
I1,2023-12-29,Napoli,Monza,1827.73,1664.48,3.0,6.0,3.0,4.0,0.0,0.0,D,0.0,0.0,D,25.0,8.0,9.0,3.0,10.0,21.0,10.0,1.0,4.0,4.0,0.0,0.0,1.63,4.1,5.43
I1,2023-12-29,Genoa,Inter,1619.32,1932.33,4.0,5.0,9.0,13.0,1.0,1.0,D,1.0,1.0,D,13.0,16.0,4.0,6.0,13.0,15.0,8.0,2.0,2.0,2.0,0.0,0.0,5.85,3.73,1.66
I1,2023-12-29,Lazio,Frosinone,1762.58,1596.88,4.0,7.0,1.0,4.0,3.0,1.0,H,0.0,0.0,D,13.0,11.0,5.0,2.0,18.0,15.0,6.0,2.0,3.0,2.0,0.0,0.0,1.66,3.88,5.44
I1,2023-12-30,Atalanta,Lecce,1767.71,1607.77,6.0,6.0,4.0,6.0,1.0,0.0,H,0.0,0.0,D,17.0,15.0,4.0,2.0,10.0,16.0,5.0,6.0,2.0,2.0,0.0,0.0,1.44,4.56,7.76
I1,2023-12-30,Cagliari,Empoli,1560.85,1586.75,3.0,4.0,1.0,2.0,0.0,0.0,D,0.0,0.0,D,15.0,5.0,3.0,1.0,18.0,18.0,8.0,6.0,1.0,3.0,0.0,0.0,2.07,3.49,3.64
I1,2023-12-30,Udinese,Bologna,1648.56,1734.39,2.0,3.0,9.0,13.0,3.0,0.0,H,1.0,0.0,H,15.0,14.0,7.0,5.0,15.0,14.0,7.0,7.0,2.0,5.0,0.0,0.0,3.5,3.14,2.28
I1,2023-12-30,Milan,Sassuolo,1826.01,1620.75,4.0,10.0,1.0,4.0,1.0,0.0,H,0.0,0.0,D,20.0,12.0,2.0,6.0,8.0,7.0,6.0,5.0,0.0,1.0,0.0,0.0,1.46,4.88,6.56
I1,2023-12-30,Verona,Salernitana,1584.62,1574.24,4.0,6.0,1.0,4.0,0.0,1.0,A,0.0,0.0,D,11.0,9.0,0.0,3.0,14.0,13.0,7.0,6.0,2.0,2.0,0.0,0.0,1.94,3.5,4.14
I1,2023-12-30,Juventus,Roma,1849.0,1770.13,7.0,11.0,4.0,10.0,1.0,0.0,H,0.0,0.0,D,13.0,11.0,4.0,2.0,15.0,14.0,2.0,2.0,1.0,1.0,0.0,0.0,2.1,3.11,4.14
I1,2024-01-05,Bologna,Genoa,1734.39,1619.32,6.0,10.0,5.0,6.0,1.0,1.0,D,0.0,1.0,A,21.0,3.0,8.0,1.0,8.0,10.0,11.0,2.0,3.0,3.0,0.0,0.0,2.06,3.07,4.3
I1,2024-01-06,Inter,Verona,1932.33,1584.62,7.0,13.0,3.0,5.0,2.0,1.0,H,1.0,0.0,H,15.0,8.0,6.0,3.0,16.0,15.0,7.0,0.0,0.0,2.0,0.0,1.0,1.17,7.55,16.59
I1,2024-01-06,Frosinone,Monza,1596.88,1664.48,0.0,1.0,1.0,4.0,2.0,3.0,A,0.0,2.0,A,10.0,7.0,5.0,2.0,11.0,16.0,5.0,1.0,3.0,5.0,0.0,0.0,2.66,3.38,2.68
I1,2024-01-06,Lecce,Cagliari,1607.77,1560.85,3.0,5.0,1.0,4.0,1.0,1.0,D,1.0,0.0,H,15.0,14.0,2.0,2.0,20.0,14.0,7.0,6.0,1.0,1.0,0.0,0.0,2.22,3.32,3.42
I1,2024-01-06,Sassuolo,Fiorentina,1620.75,1763.81,1.0,1.0,9.0,13.0,1.0,0.0,H,1.0,0.0,H,7.0,9.0,1.0,3.0,10.0,14.0,1.0,8.0,3.0,2.0,0.0,0.0,3.24,3.55,2.2
I1,2024-01-07,Empoli,Milan,1586.75,1826.01,1.0,3.0,7.0,10.0,0.0,3.0,A,0.0,2.0,A,17.0,13.0,2.0,6.0,9.0,13.0,6.0,6.0,1.0,2.0,0.0,0.0,5.1,4.07,1.65
I1,2024-01-07,Torino,Napoli,1690.63,1827.73,4.0,8.0,4.0,4.0,3.0,0.0,H,1.0,0.0,H,10.0,10.0,6.0,3.0,7.0,10.0,2.0,5.0,0.0,2.0,0.0,1.0,2.96,3.23,2.51
I1,2024-01-07,Udinese,Lazio,1648.56,1762.58,5.0,6.0,6.0,10.0,1.0,2.0,A,0.0,1.0,A,13.0,7.0,2.0,2.0,16.0,22.0,4.0,4.0,5.0,3.0,0.0,0.0,3.48,3.22,2.23
I1,2024-01-07,Salernitana,Juventus,1574.24,1849.0,4.0,4.0,7.0,13.0,1.0,2.0,A,1.0,0.0,H,8.0,18.0,3.0,3.0,9.0,15.0,2.0,8.0,3.0,5.0,1.0,0.0,8.27,4.61,1.41
I1,2024-01-07,Roma,Atalanta,1770.13,1767.71,3.0,7.0,6.0,9.0,1.0,1.0,D,1.0,1.0,D,16.0,8.0,6.0,2.0,14.0,14.0,6.0,5.0,1.0,6.0,0.0,0.0,2.38,3.23,3.16
I1,2024-01-13,Genoa,Torino,1624.73,1707.8,5.0,6.0,4.0,8.0,0.0,0.0,D,0.0,0.0,D,11.0,6.0,6.0,0.0,11.0,11.0,8.0,4.0,3.0,2.0,0.0,0.0,2.94,2.97,2.69
I1,2024-01-13,Napoli,Salernitana,1811.79,1568.9,1.0,4.0,4.0,4.0,2.0,1.0,H,1.0,1.0,D,20.0,6.0,7.0,2.0,15.0,10.0,8.0,3.0,3.0,2.0,0.0,0.0,1.33,5.46,8.98
I1,2024-01-13,Verona,Empoli,1590.15,1573.5,3.0,4.0,1.0,2.0,2.0,1.0,H,1.0,0.0,H,12.0,14.0,7.0,1.0,20.0,17.0,5.0,9.0,4.0,3.0,1.0,0.0,2.2,3.3,3.49
I1,2024-01-13,Monza,Inter,1665.39,1940.3,4.0,7.0,7.0,13.0,1.0,5.0,A,0.0,2.0,A,9.0,20.0,2.0,7.0,6.0,12.0,4.0,5.0,2.0,2.0,0.0,0.0,6.67,4.42,1.5
I1,2024-01-14,Lazio,Lecce,1772.32,1601.74,9.0,10.0,1.0,5.0,1.0,0.0,H,0.0,0.0,D,8.0,11.0,2.0,3.0,14.0,12.0,2.0,5.0,4.0,4.0,0.0,0.0,1.66,3.74,5.65
I1,2024-01-14,Cagliari,Bologna,1574.7,1718.83,2.0,5.0,4.0,10.0,2.0,1.0,H,1.0,1.0,D,4.0,11.0,2.0,4.0,12.0,8.0,2.0,5.0,3.0,2.0,0.0,0.0,3.07,3.08,2.51
I1,2024-01-14,Fiorentina,Udinese,1749.02,1646.52,6.0,10.0,4.0,5.0,2.0,2.0,D,0.0,1.0,A,10.0,12.0,3.0,6.0,14.0,13.0,4.0,4.0,1.0,1.0,0.0,0.0,1.67,3.85,5.36
I1,2024-01-14,Milan,Roma,1839.92,1761.19,7.0,10.0,4.0,5.0,3.0,1.0,H,1.0,0.0,H,17.0,12.0,5.0,5.0,12.0,9.0,2.0,5.0,2.0,3.0,0.0,0.0,2.16,3.24,3.63
I1,2024-01-15,Atalanta,Frosinone,1769.24,1589.21,4.0,10.0,0.0,1.0,5.0,0.0,H,3.0,0.0,H,21.0,8.0,9.0,5.0,11.0,8.0,8.0,2.0,0.0,1.0,0.0,0.0,1.43,4.74,7.13
I1,2024-01-16,Juventus,Sassuolo,1852.14,1631.12,9.0,13.0,3.0,4.0,3.0,0.0,H,2.0,0.0,H,12.0,8.0,5.0,4.0,9.0,9.0,5.0,2.0,0.0,2.0,0.0,0.0,1.41,4.71,7.94
I1,2024-01-20,Roma,Verona,1761.19,1590.15,1.0,4.0,3.0,6.0,2.0,1.0,H,2.0,0.0,H,9.0,12.0,2.0,3.0,14.0,12.0,1.0,2.0,2.0,2.0,0.0,0.0,1.46,4.28,7.94
I1,2024-01-20,Udinese,Milan,1646.52,1839.92,4.0,6.0,9.0,13.0,2.0,3.0,A,1.0,1.0,D,11.0,15.0,6.0,7.0,12.0,9.0,5.0,7.0,6.0,1.0,0.0,0.0,4.07,3.71,1.89
I1,2024-01-21,Frosinone,Cagliari,1589.21,1574.7,0.0,0.0,5.0,5.0,3.0,1.0,H,0.0,1.0,A,17.0,9.0,7.0,4.0,11.0,18.0,8.0,4.0,3.0,5.0,0.0,0.0,2.38,3.45,2.98
I1,2024-01-21,Empoli,Monza,1573.5,1665.39,1.0,1.0,4.0,4.0,3.0,0.0,H,2.0,0.0,H,9.0,15.0,5.0,5.0,15.0,10.0,1.0,7.0,1.0,3.0,0.0,0.0,2.81,3.36,2.54
I1,2024-01-21,Salernitana,Genoa,1568.9,1624.73,3.0,4.0,3.0,7.0,1.0,2.0,A,1.0,1.0,D,11.0,5.0,2.0,5.0,7.0,15.0,5.0,5.0,0.0,5.0,0.0,0.0,3.61,3.2,2.18
I1,2024-01-21,Lecce,Juventus,1601.74,1852.14,1.0,4.0,9.0,13.0,0.0,3.0,A,0.0,0.0,D,12.0,15.0,3.0,8.0,8.0,12.0,5.0,5.0,1.0,1.0,0.0,0.0,5.95,3.64,1.65
I1,2024-01-26,Cagliari,Torino,1559.57,1713.84,4.0,5.0,4.0,8.0,1.0,2.0,A,0.0,2.0,A,25.0,16.0,10.0,6.0,12.0,12.0,8.0,2.0,2.0,4.0,0.0,0.0,3.56,3.17,2.23
I1,2024-01-27,Atalanta,Udinese,1780.71,1636.77,7.0,10.0,1.0,5.0,2.0,0.0,H,2.0,0.0,H,14.0,13.0,11.0,5.0,8.0,11.0,4.0,4.0,2.0,1.0,0.0,0.0,1.5,4.45,6.44
I1,2024-01-27,Juventus,Empoli,1855.21,1596.66,9.0,15.0,3.0,4.0,1.0,1.0,D,0.0,0.0,D,9.0,16.0,3.0,5.0,11.0,6.0,6.0,7.0,1.0,1.0,1.0,0.0,1.29,5.41,11.24
I1,2024-01-27,Milan,Bologna,1839.76,1723.67,9.0,13.0,1.0,7.0,2.0,2.0,D,1.0,1.0,D,14.0,15.0,4.0,4.0,16.0,12.0,4.0,1.0,5.0,3.0,0.0,0.0,1.71,3.79,5.03
I1,2024-01-28,Genoa,Lecce,1638.79,1589.52,5.0,9.0,1.0,1.0,2.0,1.0,H,0.0,1.0,A,19.0,19.0,7.0,5.0,12.0,17.0,3.0,8.0,0.0,2.0,0.0,0.0,2.08,3.12,4.07
I1,2024-01-28,Monza,Sassuolo,1655.6,1621.07,3.0,4.0,3.0,4.0,1.0,0.0,H,1.0,0.0,H,12.0,14.0,1.0,3.0,8.0,13.0,4.0,5.0,1.0,3.0,0.0,0.0,2.28,3.52,3.06
I1,2024-01-28,Verona,Frosinone,1585.57,1593.36,3.0,6.0,3.0,3.0,1.0,1.0,D,1.0,0.0,H,15.0,11.0,5.0,6.0,17.0,12.0,1.0,9.0,2.0,2.0,0.0,0.0,2.43,3.39,2.92
I1,2024-01-28,Lazio,Napoli,1771.85,1812.27,9.0,12.0,4.0,7.0,0.0,0.0,D,0.0,0.0,D,10.0,5.0,1.0,0.0,11.0,11.0,4.0,3.0,3.0,2.0,0.0,0.0,2.28,3.21,3.36
I1,2024-01-28,Fiorentina,Inter,1744.29,1945.03,4.0,10.0,7.0,13.0,0.0,1.0,A,0.0,1.0,A,14.0,8.0,4.0,4.0,6.0,12.0,7.0,6.0,2.0,3.0,0.0,0.0,4.06,3.65,1.9
I1,2024-01-29,Salernitana,Roma,1556.21,1768.78,0.0,4.0,4.0,7.0,1.0,2.0,A,0.0,0.0,D,15.0,5.0,7.0,2.0,12.0,12.0,5.0,1.0,2.0,3.0,0.0,0.0,5.46,3.8,1.66
I1,2024-02-02,Lecce,Fiorentina,1589.52,1744.29,0.0,1.0,1.0,7.0,3.0,2.0,H,1.0,0.0,H,16.0,10.0,8.0,3.0,13.0,14.0,1.0,3.0,3.0,3.0,0.0,0.0,3.71,3.3,2.13
I1,2024-02-03,Empoli,Genoa,1596.66,1638.79,4.0,5.0,7.0,9.0,0.0,0.0,D,0.0,0.0,D,15.0,10.0,4.0,2.0,11.0,12.0,6.0,6.0,2.0,3.0,0.0,1.0,2.97,3.07,2.62
I1,2024-02-03,Udinese,Monza,1636.77,1655.6,1.0,4.0,3.0,7.0,0.0,0.0,D,0.0,0.0,D,21.0,3.0,6.0,2.0,12.0,13.0,7.0,4.0,3.0,2.0,0.0,0.0,2.28,3.37,3.25
I1,2024-02-03,Frosinone,Milan,1593.36,1839.76,4.0,4.0,7.0,13.0,2.0,3.0,A,1.0,1.0,D,7.0,13.0,4.0,5.0,10.0,13.0,2.0,4.0,1.0,3.0,0.0,0.0,4.85,4.26,1.66
I1,2024-02-03,Bologna,Sassuolo,1723.67,1621.07,2.0,5.0,3.0,3.0,4.0,2.0,H,1.0,2.0,A,19.0,12.0,4.0,4.0,12.0,10.0,7.0,4.0,1.0,3.0,0.0,0.0,1.75,3.76,4.88
I1,2024-02-04,Torino,Salernitana,1713.84,1556.21,7.0,8.0,0.0,3.0,0.0,0.0,D,0.0,0.0,D,13.0,3.0,1.0,1.0,11.0,8.0,10.0,1.0,2.0,1.0,0.0,0.0,1.5,4.12,7.28
I1,2024-02-04,Napoli,Verona,1812.27,1585.57,4.0,5.0,4.0,4.0,2.0,1.0,H,0.0,0.0,D,19.0,12.0,8.0,2.0,11.0,14.0,9.0,2.0,3.0,2.0,0.0,0.0,1.41,4.69,7.94
I1,2024-02-04,Atalanta,Lazio,1780.71,1771.85,7.0,10.0,7.0,13.0,3.0,1.0,H,2.0,0.0,H,19.0,7.0,5.0,1.0,13.0,14.0,6.0,1.0,2.0,3.0,0.0,0.0,2.07,3.36,3.74
I1,2024-02-04,Inter,Juventus,1945.03,1855.21,9.0,13.0,7.0,13.0,1.0,0.0,H,1.0,0.0,H,15.0,12.0,3.0,1.0,8.0,8.0,6.0,4.0,2.0,2.0,0.0,0.0,1.81,3.51,4.77
I1,2024-02-05,Roma,Cagliari,1768.78,1559.57,6.0,7.0,3.0,5.0,4.0,0.0,H,2.0,0.0,H,20.0,12.0,6.0,3.0,8.0,12.0,7.0,5.0,1.0,1.0,0.0,0.0,1.47,4.45,7.05
I1,2024-02-09,Salernitana,Empoli,1550.76,1609.85,1.0,1.0,5.0,5.0,1.0,3.0,A,0.0,1.0,A,13.0,17.0,4.0,3.0,10.0,17.0,4.0,8.0,3.0,2.0,0.0,0.0,2.41,3.19,3.2
I1,2024-02-10,Cagliari,Lazio,1549.52,1774.58,0.0,4.0,4.0,10.0,1.0,3.0,A,0.0,1.0,A,13.0,12.0,6.0,5.0,6.0,9.0,7.0,8.0,1.0,3.0,0.0,0.0,3.6,3.25,2.18
I1,2024-02-10,Roma,Inter,1768.01,1958.16,9.0,10.0,9.0,13.0,2.0,4.0,A,2.0,1.0,H,8.0,10.0,3.0,6.0,9.0,14.0,3.0,8.0,2.0,0.0,0.0,0.0,4.34,3.47,1.9
I1,2024-02-10,Sassuolo,Torino,1617.57,1708.64,0.0,3.0,5.0,8.0,1.0,1.0,D,1.0,1.0,D,11.0,13.0,4.0,2.0,12.0,11.0,5.0,4.0,1.0,3.0,0.0,0.0,3.33,3.35,2.25
I1,2024-02-11,Fiorentina,Frosinone,1732.32,1584.09,1.0,4.0,4.0,4.0,5.0,1.0,H,3.0,0.0,H,18.0,11.0,7.0,3.0,16.0,8.0,2.0,5.0,3.0,1.0,0.0,0.0,1.52,4.39,6.16
I1,2024-02-11,Bologna,Lecce,1748.11,1593.92,4.0,5.0,3.0,4.0,4.0,0.0,H,2.0,0.0,H,16.0,14.0,6.0,3.0,10.0,13.0,4.0,3.0,1.0,2.0,0.0,0.0,1.71,3.59,5.36
I1,2024-02-11,Monza,Verona,1654.5,1588.13,4.0,7.0,1.0,4.0,0.0,0.0,D,0.0,0.0,D,11.0,10.0,1.0,1.0,19.0,15.0,5.0,2.0,1.0,2.0,0.0,0.0,2.09,3.3,3.77
I1,2024-02-11,Genoa,Atalanta,1630.78,1800.91,7.0,9.0,9.0,13.0,1.0,4.0,A,0.0,1.0,A,15.0,14.0,6.0,9.0,8.0,13.0,7.0,4.0,3.0,4.0,0.0,0.0,3.78,3.3,2.09
I1,2024-02-11,Milan,Napoli,1850.68,1809.99,7.0,13.0,7.0,8.0,1.0,0.0,H,1.0,0.0,H,10.0,12.0,6.0,2.0,9.0,12.0,1.0,2.0,1.0,1.0,0.0,0.0,1.95,3.69,3.78
I1,2024-02-12,Juventus,Udinese,1837.57,1651.42,4.0,10.0,1.0,2.0,0.0,1.0,A,0.0,1.0,A,14.0,8.0,6.0,1.0,15.0,10.0,8.0,4.0,3.0,3.0,0.0,0.0,1.42,4.51,8.25
I1,2024-02-14,Bologna,Fiorentina,1748.11,1732.32,7.0,8.0,3.0,4.0,2.0,0.0,H,1.0,0.0,H,18.0,12.0,7.0,3.0,11.0,8.0,2.0,3.0,2.0,3.0,0.0,0.0,2.37,3.23,3.19
I1,2024-02-16,Torino,Lecce,1708.64,1593.92,5.0,9.0,3.0,3.0,2.0,0.0,H,0.0,0.0,D,12.0,8.0,4.0,4.0,16.0,11.0,5.0,5.0,1.0,4.0,0.0,1.0,1.82,3.44,4.9
I1,2024-02-16,Inter,Salernitana,1958.16,1550.76,9.0,15.0,1.0,1.0,4.0,0.0,H,3.0,0.0,H,26.0,1.0,10.0,0.0,9.0,9.0,18.0,0.0,0.0,1.0,0.0,0.0,1.14,8.75,18.92
I1,2024-02-17,Napoli,Genoa,1809.99,1630.78,4.0,7.0,4.0,8.0,1.0,1.0,D,0.0,0.0,D,25.0,6.0,7.0,4.0,9.0,13.0,7.0,2.0,3.0,2.0,0.0,0.0,1.63,3.88,5.88
I1,2024-02-17,Verona,Juventus,1588.13,1837.57,2.0,5.0,1.0,7.0,2.0,2.0,D,1.0,1.0,D,14.0,18.0,9.0,4.0,8.0,10.0,5.0,4.0,0.0,0.0,0.0,0.0,5.72,3.63,1.68
I1,2024-02-17,Atalanta,Sassuolo,1800.91,1617.57,9.0,13.0,1.0,4.0,3.0,0.0,H,1.0,0.0,H,28.0,12.0,13.0,4.0,10.0,9.0,11.0,5.0,0.0,0.0,0.0,0.0,1.36,5.44,8.04
I1,2024-02-18,Lazio,Bologna,1774.58,1748.11,4.0,10.0,9.0,10.0,1.0,2.0,A,1.0,1.0,D,12.0,11.0,7.0,3.0,5.0,11.0,8.0,3.0,2.0,3.0,0.0,0.0,2.33,3.11,3.36
I1,2024-02-18,Empoli,Fiorentina,1609.85,1732.32,5.0,8.0,3.0,4.0,1.0,1.0,D,0.0,1.0,A,5.0,9.0,4.0,4.0,15.0,14.0,0.0,3.0,3.0,2.0,0.0,0.0,3.62,3.37,2.11
I1,2024-02-18,Udinese,Cagliari,1651.42,1549.52,4.0,5.0,0.0,3.0,1.0,1.0,D,1.0,1.0,D,17.0,5.0,3.0,2.0,14.0,10.0,3.0,4.0,3.0,2.0,0.0,0.0,1.89,3.57,4.24
I1,2024-02-18,Frosinone,Roma,1584.09,1768.01,1.0,4.0,6.0,9.0,0.0,3.0,A,0.0,1.0,A,25.0,13.0,7.0,5.0,10.0,16.0,10.0,2.0,0.0,3.0,0.0,0.0,3.81,3.75,1.93
I1,2024-02-18,Monza,Milan,1654.5,1850.68,5.0,5.0,7.0,13.0,4.0,2.0,H,2.0,0.0,H,12.0,16.0,6.0,6.0,11.0,10.0,7.0,3.0,4.0,1.0,0.0,1.0,4.52,3.7,1.8
I1,2024-02-22,Torino,Lazio,1708.64,1774.58,5.0,9.0,3.0,7.0,0.0,2.0,A,0.0,0.0,D,24.0,7.0,4.0,4.0,11.0,7.0,7.0,4.0,3.0,2.0,0.0,1.0,2.47,2.94,3.29
I1,2024-02-23,Bologna,Verona,1764.77,1590.56,9.0,13.0,2.0,3.0,2.0,0.0,H,1.0,0.0,H,12.0,7.0,3.0,3.0,12.0,15.0,11.0,1.0,2.0,2.0,0.0,0.0,1.57,3.91,6.62
I1,2024-02-24,Sassuolo,Empoli,1595.23,1623.09,1.0,1.0,5.0,9.0,2.0,3.0,A,0.0,1.0,A,19.0,14.0,5.0,6.0,12.0,14.0,4.0,1.0,1.0,3.0,0.0,0.0,2.24,3.4,3.29
I1,2024-02-24,Salernitana,Monza,1542.13,1682.04,1.0,1.0,5.0,8.0,0.0,2.0,A,0.0,0.0,D,11.0,17.0,3.0,7.0,6.0,13.0,7.0,11.0,2.0,2.0,0.0,0.0,2.95,3.23,2.52
I1,2024-02-24,Genoa,Udinese,1648.49,1639.1,2.0,8.0,5.0,5.0,2.0,0.0,H,2.0,0.0,H,19.0,5.0,4.0,1.0,9.0,17.0,8.0,3.0,1.0,4.0,0.0,1.0,2.31,3.0,3.57
I1,2024-02-25,Juventus,Frosinone,1836.41,1575.7,1.0,5.0,0.0,4.0,3.0,2.0,H,2.0,2.0,D,22.0,7.0,5.0,3.0,12.0,6.0,8.0,3.0,2.0,2.0,0.0,0.0,1.32,5.46,9.61
I1,2024-02-25,Cagliari,Napoli,1560.79,1808.93,1.0,1.0,4.0,8.0,1.0,1.0,D,0.0,0.0,D,8.0,9.0,3.0,4.0,12.0,12.0,4.0,3.0,4.0,1.0,0.0,0.0,4.15,3.71,1.87
I1,2024-02-25,Lecce,Inter,1586.15,1974.04,3.0,3.0,9.0,15.0,0.0,4.0,A,0.0,1.0,A,14.0,11.0,2.0,7.0,13.0,6.0,7.0,10.0,1.0,2.0,0.0,0.0,7.32,4.65,1.43
I1,2024-02-25,Milan,Atalanta,1840.99,1803.41,6.0,10.0,9.0,15.0,1.0,1.0,D,1.0,1.0,D,20.0,8.0,7.0,3.0,12.0,16.0,5.0,3.0,1.0,4.0,0.0,0.0,2.36,3.5,2.95
I1,2024-02-26,Roma,Torino,1781.33,1699.35,6.0,12.0,4.0,8.0,3.0,2.0,H,1.0,1.0,D,6.0,14.0,3.0,6.0,12.0,16.0,0.0,4.0,2.0,2.0,0.0,0.0,1.94,3.31,4.33
I1,2024-02-26,Fiorentina,Lazio,1740.28,1770.18,4.0,4.0,6.0,7.0,2.0,1.0,H,0.0,1.0,A,22.0,5.0,7.0,1.0,15.0,12.0,13.0,2.0,0.0,2.0,0.0,0.0,2.3,3.2,3.31
I1,2024-02-28,Sassuolo,Napoli,1595.23,1808.93,1.0,1.0,2.0,6.0,1.0,6.0,A,1.0,3.0,A,5.0,27.0,2.0,9.0,3.0,5.0,5.0,10.0,0.0,0.0,0.0,0.0,4.25,3.93,1.8
I1,2024-02-28,Inter,Atalanta,1974.04,1803.41,9.0,15.0,7.0,13.0,4.0,0.0,H,2.0,0.0,H,15.0,6.0,7.0,1.0,10.0,15.0,4.0,1.0,2.0,6.0,0.0,0.0,1.63,4.09,5.35
I1,2024-03-01,Lazio,Milan,1770.18,1840.99,3.0,6.0,4.0,8.0,0.0,1.0,A,0.0,0.0,D,11.0,14.0,3.0,5.0,17.0,19.0,2.0,5.0,5.0,6.0,3.0,0.0,3.49,3.27,2.22
I1,2024-03-02,Udinese,Salernitana,1639.1,1542.13,4.0,5.0,0.0,1.0,1.0,1.0,D,1.0,1.0,D,18.0,17.0,5.0,1.0,13.0,13.0,5.0,6.0,6.0,1.0,1.0,0.0,1.67,3.83,5.43
I1,2024-03-02,Monza,Roma,1682.04,1781.33,7.0,11.0,6.0,12.0,1.0,4.0,A,0.0,2.0,A,16.0,12.0,5.0,6.0,11.0,18.0,6.0,3.0,1.0,4.0,0.0,0.0,3.65,3.47,2.07
I1,2024-03-02,Torino,Fiorentina,1699.35,1740.28,3.0,5.0,4.0,7.0,0.0,0.0,D,0.0,0.0,D,8.0,14.0,2.0,3.0,13.0,13.0,4.0,5.0,2.0,4.0,1.0,0.0,2.67,3.07,2.89
I1,2024-03-03,Verona,Sassuolo,1590.56,1595.23,2.0,3.0,0.0,1.0,1.0,0.0,H,0.0,0.0,D,10.0,13.0,5.0,2.0,23.0,10.0,2.0,10.0,4.0,2.0,0.0,0.0,2.26,3.43,3.2
I1,2024-03-03,Empoli,Cagliari,1623.09,1560.79,7.0,9.0,2.0,2.0,0.0,1.0,A,0.0,0.0,D,16.0,8.0,3.0,4.0,11.0,15.0,9.0,2.0,0.0,3.0,0.0,0.0,2.15,3.34,3.56
I1,2024-03-03,Frosinone,Lecce,1575.7,1586.15,0.0,1.0,0.0,3.0,1.0,1.0,D,1.0,0.0,H,15.0,11.0,7.0,4.0,11.0,10.0,12.0,8.0,1.0,1.0,0.0,0.0,2.28,3.43,3.17
I1,2024-03-03,Atalanta,Bologna,1803.41,1764.77,4.0,10.0,9.0,15.0,1.0,2.0,A,1.0,0.0,H,11.0,11.0,2.0,6.0,11.0,12.0,6.0,2.0,3.0,2.0,0.0,0.0,1.95,3.48,4.04
I1,2024-03-03,Napoli,Juventus,1808.93,1836.41,5.0,8.0,4.0,5.0,2.0,1.0,H,1.0,0.0,H,14.0,18.0,7.0,4.0,6.0,16.0,2.0,1.0,1.0,4.0,0.0,0.0,2.39,3.13,3.22
I1,2024-03-04,Inter,Genoa,1974.04,1648.49,9.0,15.0,4.0,8.0,2.0,1.0,H,2.0,0.0,H,16.0,10.0,5.0,2.0,5.0,17.0,4.0,5.0,2.0,3.0,0.0,0.0,1.27,5.67,11.85
I1,2024-03-08,Napoli,Torino,1808.93,1699.35,7.0,8.0,1.0,5.0,1.0,1.0,D,0.0,0.0,D,22.0,11.0,8.0,2.0,9.0,13.0,13.0,7.0,2.0,2.0,0.0,0.0,1.77,3.57,5.03
I1,2024-03-09,Cagliari,Salernitana,1584.62,1541.13,5.0,5.0,1.0,2.0,4.0,2.0,H,2.0,0.0,H,12.0,12.0,7.0,5.0,16.0,11.0,5.0,4.0,1.0,2.0,0.0,0.0,1.86,3.66,4.3
I1,2024-03-09,Sassuolo,Frosinone,1598.7,1572.16,0.0,1.0,1.0,1.0,1.0,0.0,H,0.0,0.0,D,10.0,11.0,4.0,1.0,14.0,9.0,1.0,2.0,3.0,1.0,0.0,0.0,2.25,3.67,3.06
I1,2024-03-09,Bologna,Inter,1774.64,1976.3,9.0,15.0,9.0,15.0,0.0,1.0,A,0.0,1.0,A,19.0,5.0,3.0,4.0,17.0,12.0,7.0,2.0,2.0,1.0,0.0,0.0,3.47,3.34,2.19
I1,2024-03-09,Genoa,Monza,1642.18,1682.97,4.0,5.0,6.0,8.0,2.0,3.0,A,0.0,2.0,A,22.0,9.0,6.0,5.0,11.0,10.0,10.0,1.0,1.0,1.0,0.0,0.0,2.17,3.15,3.76
I1,2024-03-10,Lecce,Verona,1582.03,1610.44,1.0,4.0,4.0,5.0,0.0,1.0,A,0.0,1.0,A,15.0,13.0,3.0,4.0,15.0,19.0,11.0,6.0,3.0,3.0,0.0,1.0,2.26,3.18,3.47
I1,2024-03-10,Milan,Empoli,1863.97,1613.72,4.0,10.0,4.0,8.0,1.0,0.0,H,1.0,0.0,H,15.0,5.0,5.0,2.0,18.0,13.0,11.0,4.0,1.0,4.0,0.0,0.0,1.44,4.69,7.17
I1,2024-03-10,Juventus,Atalanta,1830.51,1808.86,4.0,4.0,1.0,7.0,2.0,2.0,D,0.0,1.0,A,18.0,7.0,5.0,3.0,12.0,10.0,4.0,3.0,0.0,1.0,0.0,0.0,2.25,3.31,3.31
I1,2024-03-10,Fiorentina,Roma,1749.87,1812.98,5.0,8.0,9.0,12.0,2.0,2.0,D,1.0,0.0,H,15.0,10.0,5.0,5.0,10.0,15.0,8.0,2.0,2.0,5.0,0.0,0.0,2.58,3.3,2.79
I1,2024-03-11,Lazio,Udinese,1744.27,1651.32,3.0,6.0,2.0,6.0,1.0,2.0,A,0.0,0.0,D,18.0,14.0,6.0,5.0,9.0,15.0,9.0,5.0,3.0,6.0,0.0,1.0,1.94,3.4,4.19
I1,2024-03-15,Empoli,Bologna,1613.72,1774.64,3.0,7.0,6.0,12.0,0.0,1.0,A,0.0,0.0,D,10.0,20.0,1.0,9.0,19.0,12.0,7.0,6.0,4.0,0.0,0.0,0.0,4.02,3.24,2.05
I1,2024-03-16,Monza,Cagliari,1682.97,1584.62,6.0,10.0,7.0,8.0,1.0,0.0,H,1.0,0.0,H,15.0,10.0,3.0,0.0,11.0,9.0,3.0,7.0,2.0,1.0,0.0,0.0,2.07,3.46,3.66
I1,2024-03-16,Udinese,Torino,1651.32,1707.41,4.0,8.0,2.0,5.0,0.0,2.0,A,0.0,1.0,A,12.0,12.0,1.0,5.0,11.0,17.0,3.0,4.0,3.0,2.0,0.0,0.0,2.87,2.95,2.8
I1,2024-03-16,Salernitana,Lecce,1541.13,1582.03,1.0,1.0,1.0,1.0,0.0,1.0,A,0.0,1.0,A,15.0,17.0,6.0,4.0,9.0,18.0,7.0,1.0,4.0,3.0,0.0,0.0,2.95,3.2,2.53
I1,2024-03-16,Frosinone,Lazio,1572.16,1744.27,1.0,1.0,0.0,3.0,2.0,3.0,A,1.0,1.0,D,14.0,22.0,5.0,7.0,10.0,15.0,9.0,4.0,1.0,3.0,0.0,0.0,3.37,3.51,2.16
I1,2024-03-17,Juventus,Genoa,1830.51,1642.18,4.0,5.0,3.0,4.0,0.0,0.0,D,0.0,0.0,D,17.0,5.0,2.0,2.0,11.0,11.0,12.0,2.0,4.0,1.0,1.0,0.0,1.52,3.99,7.24
I1,2024-03-17,Verona,Milan,1610.44,1863.97,6.0,8.0,7.0,10.0,1.0,3.0,A,0.0,1.0,A,15.0,18.0,4.0,6.0,9.0,8.0,3.0,5.0,1.0,3.0,0.0,0.0,5.01,3.73,1.73
I1,2024-03-17,Roma,Sassuolo,1812.98,1598.7,7.0,10.0,3.0,3.0,1.0,0.0,H,0.0,0.0,D,10.0,8.0,4.0,2.0,11.0,10.0,4.0,7.0,2.0,1.0,0.0,0.0,1.37,5.09,7.9
I1,2024-03-17,Inter,Napoli,1976.3,1805.98,9.0,15.0,7.0,9.0,1.0,1.0,D,1.0,0.0,H,19.0,11.0,6.0,3.0,19.0,6.0,5.0,7.0,2.0,1.0,0.0,0.0,1.58,4.18,5.62
I1,2024-03-30,Napoli,Atalanta,1805.98,1808.86,5.0,9.0,1.0,5.0,0.0,3.0,A,0.0,2.0,A,20.0,12.0,6.0,6.0,6.0,13.0,7.0,5.0,2.0,2.0,0.0,0.0,2.11,3.59,3.43
I1,2024-03-30,Genoa,Frosinone,1642.18,1572.16,1.0,5.0,1.0,1.0,1.0,1.0,D,1.0,1.0,D,9.0,15.0,3.0,3.0,16.0,11.0,3.0,8.0,2.0,1.0,0.0,0.0,1.95,3.54,4.01
I1,2024-03-30,Torino,Monza,1707.41,1682.97,5.0,5.0,6.0,12.0,1.0,0.0,H,0.0,0.0,D,15.0,9.0,6.0,2.0,9.0,11.0,7.0,2.0,0.0,3.0,0.0,1.0,1.85,3.46,4.66
I1,2024-03-30,Lazio,Juventus,1744.27,1830.51,3.0,6.0,2.0,6.0,1.0,0.0,H,0.0,0.0,D,16.0,9.0,4.0,3.0,12.0,10.0,7.0,2.0,1.0,2.0,0.0,0.0,3.11,3.09,2.51
I1,2024-03-30,Fiorentina,Milan,1749.87,1863.97,5.0,6.0,9.0,10.0,1.0,2.0,A,0.0,0.0,D,17.0,14.0,7.0,10.0,8.0,12.0,7.0,5.0,2.0,3.0,0.0,0.0,2.85,3.35,2.53
I1,2024-04-01,Bologna,Salernitana,1779.82,1532.96,6.0,12.0,1.0,1.0,3.0,0.0,H,2.0,0.0,H,14.0,8.0,3.0,2.0,11.0,12.0,5.0,3.0,0.0,3.0,0.0,0.0,1.29,5.44,11.25
I1,2024-04-01,Cagliari,Verona,1580.0,1605.72,6.0,8.0,6.0,7.0,1.0,1.0,D,0.0,1.0,A,11.0,8.0,2.0,5.0,11.0,16.0,7.0,2.0,0.0,2.0,0.0,0.0,2.18,3.26,3.54
I1,2024-04-01,Sassuolo,Udinese,1596.15,1640.18,3.0,3.0,4.0,5.0,1.0,1.0,D,1.0,1.0,D,14.0,12.0,5.0,3.0,7.0,10.0,10.0,1.0,1.0,2.0,0.0,0.0,2.87,3.27,2.54
I1,2024-04-01,Lecce,Roma,1590.2,1815.53,4.0,4.0,7.0,13.0,0.0,0.0,D,0.0,0.0,D,27.0,10.0,6.0,3.0,9.0,12.0,8.0,4.0,3.0,2.0,0.0,0.0,4.33,3.52,1.88
I1,2024-04-01,Inter,Empoli,1970.83,1608.55,7.0,13.0,0.0,4.0,2.0,0.0,H,1.0,0.0,H,19.0,14.0,7.0,3.0,14.0,16.0,8.0,6.0,0.0,2.0,0.0,0.0,1.2,7.04,13.25
I1,2024-04-05,Salernitana,Sassuolo,1532.96,1596.15,0.0,1.0,4.0,4.0,2.0,2.0,D,0.0,2.0,A,5.0,16.0,2.0,5.0,10.0,13.0,4.0,9.0,4.0,3.0,0.0,0.0,3.28,3.46,2.23
I1,2024-04-06,Milan,Lecce,1874.7,1590.2,9.0,13.0,4.0,5.0,3.0,0.0,H,2.0,0.0,H,16.0,12.0,8.0,7.0,8.0,8.0,5.0,1.0,1.0,1.0,0.0,1.0,1.37,5.06,8.71
I1,2024-04-06,Roma,Lazio,1815.53,1758.22,5.0,11.0,6.0,6.0,1.0,0.0,H,1.0,0.0,H,15.0,11.0,3.0,1.0,14.0,15.0,3.0,6.0,6.0,3.0,0.0,0.0,2.23,3.15,3.61
I1,2024-04-06,Empoli,Torino,1608.55,1724.9,0.0,3.0,7.0,8.0,3.0,2.0,H,1.0,0.0,H,4.0,19.0,3.0,5.0,13.0,13.0,1.0,7.0,2.0,1.0,0.0,0.0,3.51,3.14,2.27
I1,2024-04-07,Frosinone,Bologna,1570.75,1779.82,1.0,2.0,6.0,12.0,0.0,0.0,D,0.0,0.0,D,12.0,13.0,5.0,5.0,10.0,14.0,5.0,2.0,1.0,3.0,0.0,0.0,4.13,3.56,1.92
I1,2024-04-07,Monza,Napoli,1681.23,1795.51,6.0,9.0,2.0,8.0,2.0,4.0,A,1.0,0.0,H,7.0,19.0,2.0,8.0,10.0,8.0,1.0,6.0,3.0,1.0,0.0,0.0,4.1,3.72,1.88
I1,2024-04-07,Cagliari,Atalanta,1580.0,1824.79,4.0,8.0,4.0,5.0,2.0,1.0,H,1.0,1.0,D,11.0,7.0,3.0,2.0,16.0,19.0,4.0,4.0,3.0,3.0,0.0,0.0,4.72,3.93,1.72
I1,2024-04-07,Verona,Genoa,1605.72,1644.6,4.0,7.0,2.0,5.0,1.0,2.0,A,1.0,1.0,D,12.0,11.0,3.0,5.0,14.0,15.0,5.0,3.0,3.0,1.0,0.0,0.0,2.72,2.98,2.9
I1,2024-04-07,Juventus,Fiorentina,1815.55,1743.85,2.0,5.0,2.0,6.0,1.0,0.0,H,1.0,0.0,H,7.0,13.0,2.0,2.0,16.0,8.0,5.0,6.0,2.0,1.0,0.0,0.0,1.84,3.49,4.56
I1,2024-04-08,Udinese,Inter,1640.18,1970.83,4.0,5.0,7.0,13.0,1.0,2.0,A,1.0,0.0,H,3.0,23.0,1.0,6.0,11.0,11.0,0.0,8.0,1.0,2.0,0.0,0.0,6.93,4.43,1.47
I1,2024-04-12,Lazio,Salernitana,1758.22,1532.96,6.0,6.0,1.0,2.0,4.0,1.0,H,3.0,1.0,H,17.0,8.0,6.0,5.0,15.0,10.0,9.0,0.0,0.0,1.0,0.0,0.0,1.36,5.07,9.26
I1,2024-04-13,Lecce,Empoli,1590.2,1608.55,4.0,5.0,3.0,3.0,1.0,0.0,H,0.0,0.0,D,14.0,3.0,7.0,0.0,18.0,15.0,10.0,3.0,1.0,0.0,0.0,0.0,2.25,3.09,3.63
I1,2024-04-13,Torino,Juventus,1724.9,1815.55,6.0,8.0,4.0,5.0,0.0,0.0,D,0.0,0.0,D,13.0,8.0,2.0,3.0,18.0,11.0,6.0,2.0,3.0,2.0,1.0,0.0,3.75,3.06,2.21
I1,2024-04-13,Bologna,Monza,1779.82,1681.23,7.0,10.0,3.0,6.0,0.0,0.0,D,0.0,0.0,D,17.0,4.0,7.0,0.0,13.0,19.0,10.0,0.0,4.0,4.0,0.0,0.0,1.55,4.07,6.55
I1,2024-04-14,Napoli,Frosinone,1795.51,1570.75,4.0,8.0,2.0,3.0,2.0,2.0,D,1.0,0.0,H,20.0,13.0,9.0,6.0,11.0,14.0,6.0,2.0,3.0,1.0,1.0,0.0,1.35,5.44,8.34
I1,2024-04-14,Sassuolo,Milan,1596.15,1874.7,2.0,5.0,9.0,15.0,3.0,3.0,D,2.0,1.0,H,10.0,23.0,5.0,7.0,12.0,9.0,2.0,6.0,3.0,1.0,0.0,0.0,4.44,3.92,1.76
I1,2024-04-14,Inter,Cagliari,1970.83,1580.0,7.0,13.0,4.0,10.0,2.0,2.0,D,1.0,0.0,H,12.0,11.0,7.0,6.0,5.0,10.0,7.0,0.0,0.0,2.0,0.0,0.0,1.18,7.64,14.43
I1,2024-04-15,Fiorentina,Genoa,1746.37,1660.14,1.0,5.0,5.0,5.0,1.0,1.0,D,0.0,1.0,A,20.0,7.0,3.0,3.0,8.0,19.0,6.0,2.0,1.0,2.0,0.0,0.0,1.88,3.52,4.31
I1,2024-04-15,Atalanta,Verona,1841.48,1605.09,4.0,4.0,1.0,7.0,2.0,2.0,D,2.0,0.0,H,16.0,13.0,9.0,5.0,6.0,10.0,5.0,4.0,0.0,2.0,0.0,0.0,1.45,4.63,6.98
I1,2024-04-19,Genoa,Lazio,1660.14,1764.1,5.0,6.0,6.0,9.0,0.0,1.0,A,0.0,0.0,D,8.0,13.0,2.0,1.0,7.0,13.0,2.0,9.0,1.0,2.0,0.0,0.0,3.15,3.13,2.47
I1,2024-04-19,Cagliari,Juventus,1608.15,1826.24,5.0,8.0,4.0,6.0,2.0,2.0,D,2.0,0.0,H,9.0,11.0,4.0,3.0,16.0,15.0,4.0,3.0,2.0,3.0,0.0,0.0,5.06,3.52,1.78
I1,2024-04-20,Empoli,Napoli,1616.61,1804.94,3.0,3.0,4.0,6.0,1.0,0.0,H,1.0,0.0,H,7.0,9.0,1.0,1.0,14.0,12.0,2.0,8.0,2.0,2.0,0.0,0.0,4.85,4.0,1.7
I1,2024-04-20,Verona,Udinese,1605.09,1640.62,2.0,5.0,1.0,5.0,1.0,0.0,H,0.0,0.0,D,16.0,18.0,4.0,1.0,18.0,12.0,10.0,6.0,2.0,2.0,0.0,0.0,2.58,3.13,2.97
I1,2024-04-21,Sassuolo,Lecce,1608.53,1606.78,3.0,6.0,4.0,7.0,0.0,3.0,A,0.0,2.0,A,10.0,14.0,3.0,8.0,10.0,13.0,9.0,4.0,1.0,0.0,0.0,0.0,2.32,3.37,3.15
I1,2024-04-21,Torino,Frosinone,1723.7,1589.07,4.0,8.0,3.0,3.0,0.0,0.0,D,0.0,0.0,D,13.0,12.0,2.0,3.0,10.0,17.0,6.0,4.0,2.0,2.0,0.0,0.0,1.69,3.86,5.11
I1,2024-04-21,Salernitana,Fiorentina,1532.66,1746.37,1.0,1.0,1.0,3.0,0.0,2.0,A,0.0,0.0,D,5.0,12.0,1.0,7.0,13.0,11.0,2.0,5.0,2.0,4.0,0.0,0.0,4.97,3.96,1.68
I1,2024-04-21,Monza,Atalanta,1683.73,1841.48,1.0,7.0,4.0,5.0,1.0,2.0,A,0.0,1.0,A,17.0,12.0,2.0,6.0,8.0,13.0,2.0,8.0,3.0,2.0,0.0,0.0,4.03,3.69,1.89
I1,2024-04-22,Roma,Bologna,1837.28,1782.31,7.0,11.0,5.0,8.0,1.0,3.0,A,0.0,2.0,A,14.0,11.0,5.0,3.0,8.0,12.0,8.0,2.0,5.0,2.0,0.0,0.0,2.39,3.12,3.23
I1,2024-04-22,Milan,Inter,1870.3,1973.52,7.0,13.0,7.0,11.0,1.0,2.0,A,0.0,1.0,A,15.0,11.0,6.0,3.0,19.0,10.0,5.0,3.0,3.0,2.0,2.0,1.0,3.73,3.66,1.98
I1,2024-04-25,Udinese,Roma,1640.62,1837.28,1.0,4.0,4.0,8.0,1.0,2.0,A,1.0,0.0,H,9.0,19.0,3.0,5.0,15.0,10.0,5.0,8.0,3.0,2.0,0.0,0.0,3.41,3.27,2.22
I1,2024-04-26,Frosinone,Salernitana,1589.07,1532.66,3.0,4.0,1.0,1.0,3.0,0.0,H,2.0,0.0,H,11.0,17.0,4.0,2.0,13.0,10.0,7.0,3.0,2.0,2.0,0.0,0.0,1.42,4.96,7.34
I1,2024-04-27,Lecce,Monza,1606.78,1683.73,6.0,10.0,1.0,4.0,1.0,1.0,D,0.0,0.0,D,12.0,9.0,4.0,1.0,13.0,18.0,0.0,5.0,2.0,3.0,0.0,0.0,2.05,3.27,3.97
I1,2024-04-27,Juventus,Milan,1826.24,1870.3,5.0,6.0,4.0,10.0,0.0,0.0,D,0.0,0.0,D,18.0,9.0,7.0,0.0,10.0,4.0,9.0,4.0,0.0,1.0,0.0,0.0,2.1,3.4,3.65
I1,2024-04-27,Lazio,Verona,1764.1,1605.09,6.0,12.0,4.0,5.0,1.0,0.0,H,0.0,0.0,D,17.0,7.0,5.0,1.0,13.0,18.0,4.0,2.0,4.0,4.0,0.0,0.0,1.65,3.87,5.59
I1,2024-04-28,Inter,Torino,1973.52,1723.7,7.0,11.0,2.0,8.0,2.0,0.0,H,0.0,0.0,D,17.0,11.0,5.0,3.0,6.0,8.0,5.0,4.0,0.0,0.0,0.0,1.0,1.53,4.07,6.8
I1,2024-04-28,Bologna,Udinese,1782.31,1640.62,5.0,11.0,0.0,1.0,1.0,1.0,D,0.0,1.0,A,15.0,11.0,4.0,4.0,11.0,21.0,10.0,3.0,3.0,7.0,1.0,0.0,1.61,3.83,5.95
I1,2024-04-28,Atalanta,Empoli,1841.48,1616.61,4.0,8.0,6.0,6.0,2.0,0.0,H,1.0,0.0,H,17.0,11.0,5.0,2.0,19.0,14.0,8.0,1.0,1.0,2.0,0.0,0.0,1.44,4.64,7.06
I1,2024-04-28,Napoli,Roma,1804.94,1837.28,4.0,5.0,6.0,10.0,2.0,2.0,D,0.0,0.0,D,27.0,10.0,9.0,4.0,11.0,5.0,9.0,2.0,2.0,0.0,0.0,0.0,1.97,3.61,3.8
I1,2024-04-28,Fiorentina,Sassuolo,1746.37,1608.53,4.0,5.0,2.0,3.0,5.0,1.0,H,1.0,0.0,H,22.0,7.0,10.0,2.0,9.0,9.0,10.0,2.0,2.0,2.0,0.0,0.0,1.72,3.92,4.75
I1,2024-04-29,Genoa,Cagliari,1660.14,1608.15,4.0,6.0,5.0,6.0,3.0,0.0,H,2.0,0.0,H,12.0,12.0,5.0,1.0,12.0,14.0,2.0,4.0,0.0,2.0,0.0,0.0,2.28,3.16,3.42
I1,2024-05-03,Torino,Bologna,1717.31,1793.71,2.0,5.0,5.0,9.0,0.0,0.0,D,0.0,0.0,D,8.0,5.0,1.0,1.0,14.0,11.0,2.0,4.0,2.0,2.0,0.0,0.0,2.85,2.95,2.84
I1,2024-05-04,Monza,Lazio,1679.32,1775.87,2.0,2.0,9.0,12.0,2.0,2.0,D,0.0,1.0,A,17.0,9.0,7.0,5.0,8.0,13.0,5.0,4.0,1.0,7.0,0.0,0.0,4.39,3.63,1.84
I1,2024-05-04,Sassuolo,Inter,1587.16,1984.07,1.0,3.0,7.0,13.0,1.0,0.0,H,1.0,0.0,H,6.0,14.0,2.0,1.0,10.0,10.0,2.0,5.0,1.0,1.0,0.0,0.0,6.01,4.68,1.5
I1,2024-05-05,Cagliari,Lecce,1603.64,1624.5,2.0,6.0,7.0,8.0,1.0,1.0,D,1.0,0.0,H,9.0,16.0,3.0,3.0,9.0,15.0,3.0,10.0,4.0,4.0,1.0,0.0,2.16,3.22,3.63
I1,2024-05-05,Empoli,Frosinone,1625.98,1604.41,3.0,6.0,5.0,7.0,0.0,0.0,D,0.0,0.0,D,7.0,17.0,1.0,5.0,15.0,11.0,3.0,8.0,2.0,3.0,0.0,0.0,2.39,3.31,3.05
I1,2024-05-05,Verona,Fiorentina,1617.12,1761.8,4.0,5.0,7.0,7.0,2.0,1.0,H,1.0,1.0,D,9.0,13.0,4.0,4.0,12.0,11.0,1.0,2.0,2.0,1.0,0.0,0.0,3.15,3.25,2.36
I1,2024-05-05,Milan,Genoa,1857.54,1668.94,2.0,8.0,4.0,8.0,3.0,3.0,D,1.0,1.0,D,26.0,6.0,7.0,2.0,8.0,10.0,7.0,1.0,1.0,1.0,0.0,0.0,1.47,4.51,6.97
I1,2024-05-05,Roma,Juventus,1831.4,1822.83,4.0,8.0,3.0,6.0,1.0,1.0,D,1.0,1.0,D,19.0,16.0,5.0,6.0,7.0,11.0,9.0,6.0,1.0,2.0,0.0,0.0,2.84,3.1,2.68
I1,2024-05-06,Salernitana,Atalanta,1519.15,1844.41,0.0,1.0,7.0,10.0,1.0,2.0,A,1.0,0.0,H,9.0,17.0,2.0,4.0,12.0,10.0,1.0,7.0,1.0,0.0,0.0,0.0,8.17,5.33,1.35
I1,2024-05-06,Udinese,Napoli,1639.32,1794.39,1.0,2.0,2.0,5.0,1.0,1.0,D,0.0,0.0,D,10.0,12.0,2.0,4.0,13.0,10.0,7.0,5.0,0.0,0.0,0.0,0.0,3.7,3.62,1.98
I1,2024-05-10,Frosinone,Inter,1604.41,1984.07,5.0,7.0,6.0,10.0,0.0,5.0,A,0.0,1.0,A,17.0,14.0,8.0,5.0,4.0,8.0,8.0,4.0,0.0,0.0,0.0,0.0,4.54,4.03,1.74
I1,2024-05-11,Napoli,Bologna,1794.39,1793.71,2.0,6.0,5.0,7.0,0.0,2.0,A,0.0,2.0,A,16.0,11.0,6.0,4.0,15.0,12.0,9.0,3.0,2.0,1.0,0.0,0.0,2.13,3.51,3.44
I1,2024-05-11,Milan,Cagliari,1857.54,1603.64,2.0,6.0,2.0,6.0,5.0,1.0,H,1.0,0.0,H,17.0,13.0,10.0,7.0,11.0,9.0,6.0,3.0,2.0,1.0,0.0,0.0,1.42,4.97,7.17
I1,2024-05-12,Lazio,Empoli,1775.87,1625.98,7.0,10.0,4.0,7.0,2.0,0.0,H,1.0,0.0,H,11.0,16.0,5.0,3.0,18.0,15.0,7.0,7.0,3.0,1.0,0.0,0.0,1.6,3.97,5.77
I1,2024-05-12,Genoa,Sassuolo,1668.94,1587.16,4.0,8.0,3.0,5.0,2.0,1.0,H,0.0,1.0,A,8.0,12.0,2.0,4.0,13.0,10.0,3.0,7.0,1.0,2.0,0.0,0.0,2.23,3.47,3.22
I1,2024-05-12,Verona,Torino,1617.12,1717.31,6.0,7.0,2.0,3.0,1.0,2.0,A,0.0,0.0,D,13.0,6.0,5.0,2.0,19.0,15.0,7.0,4.0,3.0,2.0,1.0,0.0,3.03,3.02,2.59
I1,2024-05-12,Juventus,Salernitana,1822.83,1519.15,3.0,7.0,0.0,1.0,1.0,1.0,D,0.0,1.0,A,25.0,13.0,6.0,4.0,15.0,12.0,9.0,4.0,2.0,5.0,0.0,0.0,1.14,8.56,19.17
I1,2024-05-12,Atalanta,Roma,1844.41,1831.4,9.0,10.0,5.0,8.0,2.0,1.0,H,2.0,0.0,H,24.0,9.0,7.0,6.0,11.0,11.0,6.0,1.0,1.0,1.0,0.0,0.0,2.01,3.57,3.71
I1,2024-05-13,Lecce,Udinese,1624.5,1639.32,5.0,8.0,2.0,2.0,0.0,2.0,A,0.0,1.0,A,9.0,16.0,2.0,3.0,12.0,11.0,8.0,2.0,2.0,1.0,0.0,0.0,2.64,3.08,2.89
I1,2024-05-13,Fiorentina,Monza,1761.8,1679.32,6.0,7.0,2.0,3.0,2.0,1.0,H,1.0,1.0,D,15.0,5.0,8.0,2.0,9.0,14.0,6.0,1.0,1.0,1.0,0.0,0.0,1.56,4.29,5.68
I1,2024-05-17,Fiorentina,Napoli,1768.69,1781.52,6.0,10.0,2.0,3.0,2.0,2.0,D,2.0,1.0,H,14.0,15.0,5.0,3.0,16.0,14.0,5.0,3.0,1.0,2.0,0.0,0.0,2.31,3.5,3.08
I1,2024-05-18,Lecce,Atalanta,1615.86,1866.14,2.0,8.0,9.0,13.0,0.0,2.0,A,0.0,0.0,D,11.0,19.0,3.0,9.0,7.0,20.0,2.0,5.0,0.0,4.0,0.0,0.0,4.56,3.8,1.78
I1,2024-05-18,Torino,Milan,1728.72,1859.42,4.0,6.0,5.0,6.0,3.0,1.0,H,2.0,0.0,H,11.0,16.0,5.0,4.0,15.0,14.0,3.0,8.0,1.0,1.0,0.0,0.0,2.81,3.25,2.63
I1,2024-05-19,Sassuolo,Cagliari,1601.11,1602.01,3.0,4.0,1.0,3.0,0.0,2.0,A,0.0,0.0,D,7.0,13.0,0.0,3.0,14.0,9.0,5.0,6.0,4.0,2.0,1.0,0.0,2.37,3.42,3.02
I1,2024-05-19,Monza,Frosinone,1679.17,1605.42,2.0,3.0,4.0,6.0,0.0,1.0,A,0.0,1.0,A,14.0,16.0,2.0,5.0,14.0,13.0,3.0,4.0,1.0,2.0,0.0,0.0,2.94,3.55,2.35
I1,2024-05-19,Udinese,Empoli,1658.33,1622.23,5.0,5.0,1.0,4.0,1.0,1.0,D,0.0,0.0,D,8.0,4.0,2.0,1.0,14.0,18.0,5.0,5.0,1.0,7.0,0.0,1.0,2.04,3.32,3.9
I1,2024-05-19,Inter,Lazio,1975.69,1782.88,6.0,10.0,7.0,13.0,1.0,1.0,D,0.0,1.0,A,19.0,8.0,7.0,3.0,10.0,15.0,8.0,0.0,0.0,1.0,0.0,0.0,1.66,4.16,4.93
I1,2024-05-19,Roma,Genoa,1818.68,1683.26,2.0,5.0,7.0,8.0,1.0,0.0,H,0.0,0.0,D,21.0,11.0,6.0,4.0,10.0,10.0,6.0,3.0,3.0,0.0,1.0,0.0,1.5,4.34,6.65
I1,2024-05-20,Salernitana,Verona,1527.91,1624.27,1.0,1.0,3.0,7.0,1.0,2.0,A,0.0,2.0,A,9.0,17.0,1.0,5.0,14.0,19.0,4.0,6.0,3.0,2.0,0.0,0.0,4.96,3.84,1.71
I1,2024-05-20,Bologna,Juventus,1809.09,1819.73,5.0,9.0,3.0,5.0,3.0,3.0,D,2.0,0.0,H,10.0,11.0,5.0,4.0,8.0,21.0,3.0,2.0,1.0,5.0,0.0,0.0,2.49,3.07,3.12
I1,2024-05-23,Cagliari,Fiorentina,1602.01,1768.69,4.0,5.0,4.0,10.0,2.0,3.0,A,0.0,1.0,A,14.0,11.0,6.0,5.0,13.0,14.0,4.0,5.0,2.0,4.0,0.0,0.0,4.31,3.8,1.82
I1,2024-05-24,Genoa,Bologna,1683.26,1809.09,4.0,7.0,5.0,9.0,2.0,0.0,H,1.0,0.0,H,14.0,11.0,3.0,1.0,11.0,11.0,3.0,6.0,1.0,2.0,0.0,0.0,3.45,3.31,2.21
I1,2024-05-25,Juventus,Monza,1819.73,1679.17,3.0,5.0,1.0,2.0,2.0,0.0,H,2.0,0.0,H,12.0,12.0,4.0,4.0,15.0,13.0,3.0,4.0,1.0,3.0,0.0,1.0,1.33,5.45,8.86
I1,2024-05-25,Milan,Salernitana,1859.42,1527.91,4.0,5.0,1.0,1.0,3.0,3.0,D,2.0,0.0,H,23.0,14.0,11.0,6.0,6.0,9.0,13.0,3.0,0.0,1.0,0.0,0.0,1.17,8.34,13.58
I1,2024-05-26,Atalanta,Torino,1866.14,1728.72,9.0,15.0,7.0,8.0,3.0,0.0,H,2.0,0.0,H,18.0,8.0,7.0,1.0,18.0,10.0,2.0,5.0,1.0,1.0,0.0,0.0,3.42,3.46,2.14
I1,2024-05-26,Napoli,Lecce,1781.52,1615.86,2.0,3.0,1.0,5.0,0.0,0.0,D,0.0,0.0,D,24.0,10.0,5.0,0.0,10.0,17.0,4.0,1.0,0.0,0.0,0.0,0.0,1.43,4.89,6.87
I1,2024-05-26,Empoli,Roma,1622.23,1818.68,2.0,5.0,4.0,8.0,2.0,1.0,H,1.0,1.0,D,17.0,15.0,7.0,3.0,18.0,12.0,4.0,5.0,4.0,1.0,0.0,0.0,1.99,3.71,3.63
I1,2024-05-26,Frosinone,Udinese,1605.42,1658.33,4.0,8.0,5.0,6.0,0.0,1.0,A,0.0,0.0,D,21.0,10.0,5.0,5.0,6.0,13.0,11.0,1.0,0.0,2.0,0.0,0.0,2.42,3.17,3.13
I1,2024-05-26,Lazio,Sassuolo,1782.88,1601.11,5.0,11.0,3.0,3.0,1.0,1.0,D,0.0,0.0,D,8.0,8.0,6.0,3.0,15.0,11.0,5.0,3.0,3.0,1.0,0.0,0.0,1.36,5.37,7.87
I1,2024-05-26,Verona,Inter,1624.27,1975.69,6.0,9.0,4.0,10.0,2.0,2.0,D,2.0,2.0,D,18.0,15.0,8.0,11.0,17.0,8.0,9.0,3.0,1.0,1.0,0.0,0.0,5.63,4.37,1.55
I1,2024-06-02,Atalanta,Fiorentina,1896.88,1763.97,9.0,15.0,7.0,10.0,2.0,3.0,A,2.0,3.0,A,12.0,8.0,3.0,4.0,5.0,9.0,4.0,4.0,0.0,2.0,0.0,0.0,1.47,4.8,6.21
I1,2024-08-17,Genoa,Inter,1696.19,1964.78,6.0,10.0,5.0,8.0,2.0,2.0,D,1.0,1.0,D,10.0,14.0,6.0,9.0,15.0,14.0,1.0,4.0,1.0,2.0,0.0,0.0,6.31,4.18,1.54
I1,2024-08-17,Parma,Fiorentina,1571.97,1776.37,3.0,7.0,7.0,10.0,1.0,1.0,D,1.0,0.0,H,13.0,14.0,5.0,7.0,15.0,9.0,4.0,9.0,3.0,2.0,0.0,1.0,3.31,3.41,2.23
I1,2024-08-17,Empoli,Monza,1638.61,1664.86,4.0,5.0,0.0,2.0,0.0,0.0,D,0.0,0.0,D,9.0,4.0,1.0,1.0,16.0,19.0,7.0,3.0,0.0,2.0,0.0,0.0,2.48,3.16,3.07
I1,2024-08-17,Milan,Torino,1838.73,1738.89,4.0,6.0,6.0,7.0,2.0,2.0,D,0.0,1.0,A,20.0,6.0,6.0,3.0,10.0,7.0,9.0,2.0,2.0,4.0,0.0,0.0,1.64,3.97,5.51
I1,2024-08-18,Bologna,Udinese,1795.25,1666.17,4.0,6.0,7.0,9.0,1.0,1.0,D,0.0,0.0,D,22.0,4.0,7.0,2.0,15.0,13.0,7.0,5.0,0.0,4.0,0.0,0.0,1.93,3.32,4.37
I1,2024-08-18,Verona,Napoli,1639.84,1778.85,4.0,7.0,2.0,4.0,3.0,0.0,H,0.0,0.0,D,8.0,15.0,5.0,5.0,15.0,13.0,1.0,5.0,4.0,1.0,0.0,0.0,4.63,3.67,1.79
I1,2024-08-18,Cagliari,Roma,1611.59,1812.42,3.0,4.0,3.0,5.0,0.0,0.0,D,0.0,0.0,D,12.0,13.0,2.0,3.0,15.0,7.0,5.0,3.0,2.0,0.0,0.0,0.0,3.88,3.51,1.98
I1,2024-08-18,Lazio,Venezia,1784.74,1565.56,5.0,9.0,3.0,9.0,3.0,1.0,H,2.0,1.0,H,13.0,11.0,6.0,3.0,14.0,11.0,6.0,3.0,1.0,2.0,0.0,0.0,1.47,4.41,7.05
I1,2024-08-19,Lecce,Atalanta,1618.49,1884.47,1.0,3.0,6.0,12.0,0.0,4.0,A,0.0,2.0,A,19.0,10.0,5.0,6.0,10.0,24.0,5.0,3.0,0.0,2.0,0.0,0.0,4.23,3.64,1.87
I1,2024-08-19,Juventus,Como,1827.83,1545.97,5.0,7.0,5.0,9.0,3.0,0.0,H,2.0,0.0,H,12.0,1.0,9.0,1.0,12.0,6.0,3.0,0.0,2.0,4.0,0.0,0.0,1.34,5.06,9.57
I1,2024-08-24,Parma,Milan,1571.97,1838.73,3.0,7.0,2.0,6.0,2.0,1.0,H,1.0,0.0,H,8.0,17.0,5.0,5.0,9.0,13.0,3.0,9.0,0.0,3.0,0.0,0.0,4.74,4.03,1.7
I1,2024-08-24,Udinese,Lazio,1666.17,1784.74,5.0,9.0,5.0,9.0,2.0,1.0,H,1.0,0.0,H,8.0,17.0,3.0,5.0,15.0,10.0,4.0,13.0,0.0,0.0,1.0,0.0,3.27,3.1,2.39
I1,2024-08-24,Inter,Lecce,1964.78,1618.49,3.0,6.0,1.0,2.0,2.0,0.0,H,1.0,0.0,H,11.0,10.0,3.0,4.0,9.0,12.0,10.0,6.0,0.0,2.0,0.0,0.0,1.2,6.95,14.52
I1,2024-08-24,Monza,Genoa,1664.86,1696.19,1.0,2.0,4.0,8.0,0.0,1.0,A,0.0,1.0,A,9.0,11.0,2.0,1.0,6.0,17.0,8.0,3.0,2.0,3.0,0.0,0.0,2.62,3.12,2.91
I1,2024-08-25,Fiorentina,Venezia,1776.37,1565.56,7.0,11.0,3.0,6.0,0.0,0.0,D,0.0,0.0,D,12.0,7.0,8.0,4.0,13.0,19.0,7.0,3.0,1.0,2.0,0.0,0.0,1.43,4.62,7.47
I1,2024-08-25,Torino,Atalanta,1738.89,1884.47,4.0,8.0,6.0,12.0,2.0,1.0,H,1.0,1.0,D,13.0,24.0,6.0,8.0,8.0,13.0,4.0,6.0,3.0,4.0,0.0,0.0,3.17,3.23,2.37
I1,2024-08-25,Napoli,Bologna,1778.85,1795.25,2.0,3.0,2.0,6.0,3.0,0.0,H,1.0,0.0,H,16.0,9.0,5.0,2.0,11.0,17.0,7.0,5.0,2.0,2.0,0.0,0.0,1.92,3.58,4.08
I1,2024-08-25,Roma,Empoli,1812.42,1638.61,4.0,5.0,5.0,6.0,1.0,2.0,A,0.0,1.0,A,17.0,10.0,6.0,3.0,10.0,9.0,8.0,5.0,0.0,3.0,0.0,0.0,1.5,4.35,6.5
I1,2024-08-26,Cagliari,Como,1611.59,1545.97,4.0,5.0,2.0,6.0,1.0,1.0,D,1.0,0.0,H,11.0,13.0,5.0,4.0,12.0,10.0,5.0,6.0,2.0,2.0,0.0,0.0,2.11,3.45,3.52
I1,2024-08-26,Verona,Juventus,1639.84,1827.83,7.0,10.0,7.0,9.0,0.0,3.0,A,0.0,2.0,A,7.0,7.0,1.0,5.0,8.0,8.0,4.0,1.0,2.0,0.0,0.0,0.0,5.06,3.74,1.72
I1,2024-08-30,Venezia,Torino,1565.56,1738.89,1.0,4.0,4.0,10.0,0.0,1.0,A,0.0,0.0,D,13.0,12.0,4.0,6.0,7.0,15.0,3.0,3.0,2.0,4.0,0.0,0.0,3.52,3.28,2.2
I1,2024-08-30,Inter,Atalanta,1964.78,1884.47,5.0,9.0,3.0,9.0,4.0,0.0,H,2.0,0.0,H,13.0,11.0,5.0,1.0,6.0,15.0,3.0,4.0,0.0,2.0,0.0,0.0,1.58,4.35,5.54
I1,2024-08-31,Bologna,Empoli,1795.25,1638.61,1.0,5.0,7.0,8.0,1.0,1.0,D,1.0,1.0,D,14.0,4.0,3.0,2.0,15.0,18.0,6.0,3.0,0.0,3.0,0.0,0.0,1.65,3.75,5.76
I1,2024-08-31,Lecce,Cagliari,1618.49,1611.59,1.0,1.0,2.0,5.0,1.0,0.0,H,1.0,0.0,H,17.0,21.0,4.0,2.0,10.0,13.0,7.0,10.0,1.0,3.0,1.0,0.0,2.28,3.2,3.4
I1,2024-08-31,Lazio,Milan,1784.74,1838.73,4.0,8.0,2.0,5.0,2.0,2.0,D,0.0,1.0,A,7.0,10.0,5.0,4.0,12.0,9.0,5.0,7.0,4.0,2.0,0.0,0.0,2.89,3.44,2.45
I1,2024-08-31,Napoli,Parma,1778.85,1571.97,4.0,5.0,5.0,7.0,2.0,1.0,H,0.0,1.0,A,29.0,13.0,7.0,2.0,12.0,6.0,6.0,4.0,2.0,4.0,0.0,1.0,1.49,4.55,6.58
I1,2024-09-01,Fiorentina,Monza,1749.07,1652.77,5.0,9.0,1.0,1.0,2.0,2.0,D,1.0,2.0,A,15.0,4.0,5.0,3.0,11.0,21.0,6.0,0.0,2.0,4.0,0.0,0.0,1.69,3.86,5.09
I1,2024-09-01,Genoa,Verona,1706.3,1645.48,7.0,10.0,4.0,7.0,0.0,2.0,A,0.0,0.0,D,11.0,10.0,1.0,3.0,8.0,16.0,3.0,1.0,2.0,6.0,0.0,0.0,2.03,3.26,4.07
I1,2024-09-01,Juventus,Roma,1835.66,1790.67,9.0,11.0,1.0,4.0,0.0,0.0,D,0.0,0.0,D,8.0,7.0,1.0,1.0,11.0,12.0,6.0,4.0,2.0,2.0,0.0,0.0,1.77,3.68,4.82
I1,2024-09-01,Udinese,Como,1676.67,1542.04,7.0,11.0,2.0,6.0,1.0,0.0,H,1.0,0.0,H,10.0,21.0,3.0,4.0,16.0,9.0,4.0,6.0,3.0,0.0,0.0,0.0,2.07,3.38,3.77
I1,2024-09-14,Como,Bologna,1542.04,1768.73,1.0,3.0,2.0,3.0,2.0,2.0,D,1.0,0.0,H,14.0,14.0,4.0,4.0,17.0,12.0,4.0,3.0,2.0,1.0,0.0,0.0,3.01,3.21,2.51
I1,2024-09-14,Empoli,Juventus,1652.13,1835.66,5.0,9.0,7.0,11.0,0.0,0.0,D,0.0,0.0,D,8.0,15.0,3.0,3.0,11.0,10.0,4.0,8.0,1.0,2.0,0.0,0.0,5.22,3.68,1.72
I1,2024-09-14,Milan,Venezia,1817.84,1559.29,2.0,3.0,1.0,4.0,4.0,0.0,H,4.0,0.0,H,12.0,6.0,8.0,1.0,12.0,12.0,6.0,1.0,1.0,3.0,0.0,1.0,1.3,5.82,9.76
I1,2024-09-15,Genoa,Roma,1690.65,1793.27,4.0,7.0,2.0,5.0,1.0,1.0,D,0.0,1.0,A,20.0,16.0,8.0,6.0,9.0,12.0,4.0,5.0,1.0,3.0,0.0,0.0,3.3,3.29,2.28
I1,2024-09-15,Atalanta,Fiorentina,1866.29,1745.15,3.0,6.0,3.0,9.0,3.0,2.0,H,3.0,2.0,H,13.0,13.0,7.0,5.0,16.0,15.0,4.0,2.0,2.0,3.0,0.0,0.0,1.83,3.81,4.24
I1,2024-09-15,Torino,Lecce,1754.25,1613.2,7.0,10.0,3.0,4.0,0.0,0.0,D,0.0,0.0,D,5.0,20.0,0.0,6.0,13.0,13.0,2.0,7.0,1.0,3.0,0.0,0.0,1.84,3.4,4.8
I1,2024-09-15,Cagliari,Napoli,1601.54,1772.47,2.0,5.0,6.0,8.0,0.0,4.0,A,0.0,1.0,A,16.0,12.0,3.0,5.0,22.0,11.0,7.0,4.0,1.0,2.0,0.0,0.0,4.33,3.74,1.83
I1,2024-09-15,Monza,Inter,1656.68,1966.39,2.0,2.0,7.0,9.0,1.0,1.0,D,0.0,0.0,D,5.0,16.0,2.0,2.0,11.0,19.0,1.0,8.0,1.0,2.0,0.0,0.0,7.54,4.87,1.41
I1,2024-09-16,Parma,Udinese,1582.44,1680.51,4.0,6.0,7.0,11.0,2.0,3.0,A,2.0,0.0,H,9.0,18.0,3.0,6.0,8.0,18.0,5.0,6.0,2.0,3.0,1.0,0.0,2.28,3.38,3.22
I1,2024-09-16,Lazio,Verona,1774.1,1661.13,4.0,6.0,6.0,10.0,2.0,1.0,H,2.0,1.0,H,14.0,7.0,7.0,2.0,13.0,10.0,9.0,6.0,2.0,2.0,0.0,0.0,1.62,3.93,5.71
I1,2024-09-20,Cagliari,Empoli,1601.54,1655.8,1.0,2.0,5.0,9.0,0.0,2.0,A,0.0,1.0,A,21.0,9.0,2.0,4.0,15.0,21.0,10.0,4.0,1.0,2.0,0.0,0.0,2.17,3.3,3.59
I1,2024-09-20,Verona,Torino,1661.13,1754.25,3.0,7.0,7.0,8.0,2.0,3.0,A,1.0,2.0,A,8.0,16.0,2.0,3.0,10.0,8.0,5.0,6.0,3.0,1.0,1.0,0.0,2.8,3.01,2.84
I1,2024-09-21,Venezia,Genoa,1555.36,1690.65,1.0,1.0,4.0,8.0,2.0,0.0,H,0.0,0.0,D,12.0,9.0,4.0,0.0,9.0,12.0,3.0,4.0,2.0,3.0,0.0,0.0,3.17,3.23,2.37
I1,2024-09-21,Juventus,Napoli,1829.4,1772.47,5.0,11.0,9.0,10.0,0.0,0.0,D,0.0,0.0,D,9.0,8.0,1.0,1.0,10.0,13.0,4.0,3.0,1.0,0.0,0.0,0.0,2.22,3.29,3.44
I1,2024-09-21,Lecce,Parma,1613.2,1582.44,4.0,5.0,3.0,5.0,2.0,2.0,D,1.0,0.0,H,14.0,24.0,3.0,10.0,12.0,11.0,2.0,12.0,4.0,0.0,1.0,1.0,2.2,3.47,3.32
I1,2024-09-22,Fiorentina,Lazio,1745.15,1774.1,2.0,6.0,4.0,8.0,2.0,1.0,H,0.0,1.0,A,14.0,20.0,5.0,6.0,11.0,15.0,3.0,10.0,3.0,4.0,0.0,0.0,2.3,3.39,3.16
I1,2024-09-22,Monza,Bologna,1656.68,1763.9,2.0,3.0,2.0,3.0,1.0,2.0,A,1.0,1.0,D,6.0,15.0,3.0,8.0,20.0,16.0,2.0,2.0,3.0,2.0,0.0,0.0,3.19,3.19,2.39
I1,2024-09-22,Roma,Udinese,1793.27,1680.51,2.0,3.0,9.0,13.0,3.0,0.0,H,1.0,0.0,H,14.0,9.0,6.0,3.0,15.0,11.0,2.0,1.0,2.0,2.0,0.0,0.0,1.63,3.99,5.45
I1,2024-09-22,Inter,Milan,1966.39,1821.77,7.0,9.0,4.0,6.0,1.0,2.0,A,1.0,1.0,D,13.0,16.0,4.0,8.0,13.0,4.0,6.0,2.0,4.0,1.0,0.0,0.0,1.66,4.08,5.02
I1,2024-09-24,Atalanta,Como,1866.29,1543.04,3.0,6.0,2.0,3.0,2.0,3.0,A,1.0,0.0,H,8.0,14.0,5.0,7.0,12.0,17.0,6.0,2.0,1.0,3.0,0.0,0.0,1.47,4.64,6.6
I1,2024-09-27,Milan,Lecce,1821.77,1613.2,7.0,8.0,5.0,5.0,3.0,0.0,H,3.0,0.0,H,15.0,16.0,6.0,7.0,5.0,8.0,4.0,7.0,1.0,1.0,1.0,0.0,1.33,5.58,8.96
I1,2024-09-28,Udinese,Inter,1680.51,1966.39,6.0,10.0,4.0,8.0,2.0,3.0,A,1.0,2.0,A,10.0,16.0,3.0,7.0,13.0,6.0,7.0,3.0,1.0,0.0,0.0,0.0,6.73,4.45,1.5
I1,2024-09-28,Genoa,Juventus,1690.65,1829.4,1.0,5.0,3.0,9.0,0.0,3.0,A,0.0,0.0,D,7.0,12.0,2.0,3.0,8.0,14.0,5.0,3.0,2.0,1.0,0.0,0.0,5.47,3.58,1.72
I1,2024-09-28,Bologna,Atalanta,1763.9,1866.29,5.0,6.0,3.0,6.0,1.0,1.0,D,0.0,0.0,D,5.0,23.0,1.0,5.0,16.0,12.0,2.0,9.0,3.0,3.0,1.0,0.0,2.97,3.33,2.46
I1,2024-09-29,Torino,Lazio,1754.25,1774.1,7.0,11.0,4.0,7.0,2.0,3.0,A,0.0,1.0,A,12.0,13.0,7.0,7.0,10.0,13.0,3.0,1.0,2.0,3.0,0.0,0.0,2.9,3.21,2.58
I1,2024-09-29,Como,Verona,1543.04,1661.13,4.0,5.0,3.0,6.0,3.0,2.0,H,1.0,0.0,H,24.0,6.0,11.0,3.0,10.0,19.0,9.0,1.0,2.0,5.0,0.0,1.0,2.14,3.38,3.58
I1,2024-09-29,Roma,Venezia,1793.27,1555.36,5.0,6.0,3.0,4.0,2.0,1.0,H,0.0,1.0,A,22.0,18.0,5.0,7.0,8.0,13.0,6.0,3.0,1.0,2.0,0.0,0.0,1.41,4.84,7.69
I1,2024-09-29,Empoli,Fiorentina,1655.8,1745.15,5.0,9.0,4.0,6.0,0.0,0.0,D,0.0,0.0,D,8.0,13.0,1.0,0.0,15.0,12.0,2.0,4.0,0.0,1.0,0.0,0.0,3.43,3.29,2.23
I1,2024-09-29,Napoli,Monza,1772.47,1656.68,7.0,10.0,2.0,3.0,2.0,0.0,H,2.0,0.0,H,11.0,5.0,2.0,1.0,16.0,8.0,1.0,3.0,1.0,2.0,0.0,0.0,1.36,5.06,8.99
I1,2024-09-30,Parma,Cagliari,1582.44,1601.54,1.0,5.0,0.0,2.0,2.0,3.0,A,0.0,1.0,A,18.0,11.0,4.0,4.0,10.0,16.0,5.0,3.0,3.0,2.0,0.0,0.0,2.11,3.64,3.38
I1,2024-10-04,Napoli,Como,1790.84,1568.2,7.0,13.0,7.0,8.0,3.0,1.0,H,1.0,1.0,D,9.0,11.0,6.0,2.0,7.0,10.0,4.0,1.0,1.0,1.0,0.0,0.0,1.45,4.58,7.38
I1,2024-10-04,Verona,Venezia,1640.43,1567.72,0.0,3.0,3.0,4.0,2.0,1.0,H,1.0,1.0,D,13.0,11.0,4.0,2.0,10.0,7.0,13.0,6.0,3.0,0.0,0.0,0.0,2.48,3.19,3.06
I1,2024-10-05,Udinese,Lecce,1676.52,1611.0,3.0,9.0,2.0,5.0,1.0,0.0,H,0.0,0.0,D,13.0,9.0,4.0,3.0,12.0,16.0,5.0,0.0,2.0,2.0,0.0,0.0,2.24,3.3,3.39
I1,2024-10-05,Atalanta,Genoa,1853.2,1667.79,4.0,4.0,1.0,4.0,5.0,1.0,H,1.0,0.0,H,23.0,7.0,8.0,2.0,9.0,15.0,4.0,2.0,0.0,0.0,0.0,0.0,1.47,4.53,6.9
I1,2024-10-05,Inter,Torino,1955.13,1747.45,4.0,10.0,4.0,10.0,3.0,2.0,H,2.0,1.0,H,29.0,7.0,8.0,5.0,6.0,9.0,14.0,0.0,1.0,2.0,0.0,1.0,1.32,5.42,9.86
I1,2024-10-06,Juventus,Cagliari,1843.42,1589.81,5.0,9.0,3.0,4.0,1.0,1.0,D,1.0,0.0,H,21.0,9.0,9.0,2.0,13.0,10.0,8.0,3.0,5.0,2.0,1.0,0.0,1.38,4.82,9.07
I1,2024-10-06,Bologna,Parma,1765.55,1568.84,5.0,6.0,1.0,4.0,0.0,0.0,D,0.0,0.0,D,19.0,13.0,3.0,2.0,15.0,16.0,13.0,6.0,1.0,0.0,0.0,1.0,1.84,3.76,4.24
I1,2024-10-06,Lazio,Empoli,1787.69,1667.79,6.0,7.0,5.0,9.0,2.0,1.0,H,1.0,1.0,D,16.0,7.0,6.0,2.0,10.0,17.0,5.0,3.0,2.0,4.0,0.0,0.0,1.58,4.04,6.1
I1,2024-10-06,Monza,Roma,1650.38,1798.65,1.0,2.0,7.0,8.0,1.0,1.0,D,0.0,0.0,D,3.0,15.0,3.0,4.0,16.0,13.0,1.0,3.0,3.0,1.0,0.0,0.0,4.15,3.41,1.96
I1,2024-10-06,Fiorentina,Milan,1747.83,1827.92,4.0,6.0,9.0,10.0,2.0,1.0,H,1.0,0.0,H,12.0,16.0,3.0,8.0,11.0,21.0,0.0,7.0,2.0,3.0,0.0,1.0,3.23,3.55,2.2
I1,2024-10-19,Como,Parma,1566.46,1576.55,6.0,7.0,2.0,2.0,1.0,1.0,D,1.0,1.0,D,11.0,9.0,3.0,3.0,14.0,10.0,7.0,4.0,1.0,2.0,0.0,0.0,2.0,3.72,3.64
I1,2024-10-19,Genoa,Bologna,1663.71,1757.48,0.0,1.0,5.0,7.0,2.0,2.0,D,0.0,1.0,A,10.0,12.0,4.0,7.0,20.0,12.0,1.0,7.0,2.0,0.0,0.0,0.0,3.74,3.15,2.18
I1,2024-10-19,Milan,Udinese,1817.41,1683.7,6.0,10.0,3.0,9.0,1.0,0.0,H,1.0,0.0,H,10.0,13.0,5.0,1.0,3.0,14.0,8.0,4.0,2.0,3.0,1.0,0.0,1.39,5.07,8.0
I1,2024-10-19,Juventus,Lazio,1848.74,1800.8,5.0,7.0,6.0,10.0,1.0,0.0,H,0.0,0.0,D,16.0,2.0,3.0,1.0,16.0,9.0,7.0,1.0,4.0,2.0,0.0,1.0,2.05,3.31,3.94
I1,2024-10-20,Empoli,Napoli,1665.45,1796.09,4.0,6.0,7.0,13.0,0.0,1.0,A,0.0,0.0,D,11.0,9.0,4.0,1.0,14.0,13.0,7.0,7.0,2.0,2.0,0.0,0.0,5.5,3.75,1.67
I1,2024-10-20,Lecce,Fiorentina,1607.33,1758.68,1.0,5.0,7.0,8.0,0.0,6.0,A,0.0,3.0,A,5.0,19.0,2.0,11.0,8.0,14.0,1.0,3.0,0.0,5.0,1.0,0.0,3.16,3.29,2.35
I1,2024-10-20,Venezia,Atalanta,1564.33,1867.0,3.0,3.0,4.0,7.0,0.0,2.0,A,0.0,1.0,A,12.0,16.0,4.0,7.0,12.0,6.0,2.0,5.0,1.0,1.0,0.0,0.0,5.22,4.11,1.63
I1,2024-10-20,Cagliari,Torino,1598.69,1746.46,4.0,4.0,3.0,7.0,3.0,2.0,H,1.0,1.0,D,18.0,17.0,5.0,5.0,9.0,8.0,9.0,12.0,1.0,3.0,0.0,0.0,2.8,3.19,2.66
I1,2024-10-20,Roma,Inter,1784.64,1961.17,7.0,9.0,6.0,10.0,0.0,1.0,A,0.0,0.0,D,14.0,11.0,3.0,6.0,12.0,13.0,3.0,3.0,2.0,3.0,0.0,0.0,4.2,3.8,1.83
I1,2024-10-21,Verona,Monza,1647.33,1654.65,3.0,6.0,1.0,3.0,0.0,3.0,A,0.0,1.0,A,16.0,10.0,4.0,4.0,8.0,13.0,9.0,6.0,3.0,2.0,0.0,0.0,2.35,3.03,3.44
I1,2024-10-25,Udinese,Cagliari,1683.7,1598.69,3.0,6.0,7.0,7.0,2.0,0.0,H,1.0,0.0,H,13.0,3.0,4.0,0.0,13.0,9.0,2.0,4.0,2.0,3.0,0.0,1.0,2.26,3.19,3.49
I1,2024-10-25,Torino,Como,1746.46,1566.46,0.0,4.0,4.0,8.0,1.0,0.0,H,0.0,0.0,D,8.0,20.0,2.0,6.0,13.0,12.0,1.0,3.0,3.0,3.0,0.0,0.0,2.7,3.03,2.93
I1,2024-10-26,Napoli,Lecce,1796.09,1607.33,9.0,13.0,0.0,2.0,1.0,0.0,H,0.0,0.0,D,24.0,11.0,8.0,2.0,13.0,7.0,16.0,5.0,3.0,2.0,0.0,0.0,1.29,5.62,10.86
I1,2024-10-26,Atalanta,Verona,1867.0,1647.33,7.0,10.0,3.0,3.0,6.0,1.0,H,5.0,1.0,H,19.0,4.0,10.0,2.0,3.0,15.0,4.0,2.0,0.0,1.0,0.0,0.0,1.4,5.06,7.57
I1,2024-10-27,Parma,Empoli,1576.55,1665.45,2.0,3.0,1.0,5.0,1.0,1.0,D,0.0,1.0,A,17.0,6.0,4.0,2.0,12.0,17.0,9.0,3.0,4.0,5.0,0.0,0.0,2.19,3.42,3.4
I1,2024-10-27,Lazio,Genoa,1800.8,1663.71,6.0,9.0,1.0,2.0,3.0,0.0,H,1.0,0.0,H,18.0,6.0,4.0,2.0,12.0,6.0,7.0,4.0,3.0,1.0,0.0,0.0,1.53,4.26,6.31
I1,2024-10-27,Monza,Venezia,1654.65,1564.33,4.0,5.0,0.0,3.0,2.0,2.0,D,2.0,2.0,D,13.0,6.0,2.0,2.0,17.0,16.0,4.0,3.0,4.0,2.0,1.0,0.0,2.17,3.23,3.61
I1,2024-10-27,Inter,Juventus,1961.17,1848.74,9.0,10.0,7.0,9.0,4.0,4.0,D,3.0,2.0,H,18.0,10.0,9.0,5.0,11.0,16.0,13.0,5.0,2.0,1.0,0.0,0.0,1.77,3.51,5.04
I1,2024-10-27,Fiorentina,Roma,1758.68,1784.64,7.0,10.0,4.0,8.0,5.0,1.0,H,3.0,1.0,H,21.0,14.0,10.0,5.0,13.0,11.0,6.0,2.0,2.0,5.0,0.0,1.0,2.58,3.27,2.83
I1,2024-10-29,Cagliari,Bologna,1598.69,1757.48,4.0,7.0,3.0,7.0,0.0,2.0,A,0.0,1.0,A,14.0,11.0,2.0,4.0,17.0,18.0,7.0,2.0,2.0,2.0,0.0,0.0,3.12,3.21,2.44
I1,2024-10-29,Lecce,Verona,1607.33,1647.33,0.0,1.0,3.0,3.0,1.0,0.0,H,0.0,0.0,D,14.0,7.0,6.0,1.0,14.0,21.0,3.0,4.0,1.0,3.0,0.0,2.0,2.32,3.21,3.32
I1,2024-10-29,Milan,Napoli,1817.41,1796.09,6.0,12.0,9.0,13.0,0.0,2.0,A,0.0,2.0,A,13.0,9.0,5.0,4.0,14.0,6.0,5.0,1.0,0.0,1.0,0.0,0.0,2.51,3.39,2.86
I1,2024-10-30,Empoli,Inter,1665.45,1961.17,1.0,5.0,7.0,10.0,0.0,3.0,A,0.0,0.0,D,6.0,15.0,1.0,5.0,12.0,13.0,1.0,4.0,1.0,1.0,1.0,0.0,7.35,4.56,1.45
I1,2024-10-30,Venezia,Udinese,1564.33,1683.7,1.0,4.0,6.0,6.0,3.0,2.0,H,1.0,2.0,A,18.0,15.0,7.0,5.0,9.0,13.0,2.0,6.0,3.0,4.0,0.0,1.0,2.76,3.18,2.73
I1,2024-10-30,Atalanta,Monza,1867.0,1654.65,9.0,10.0,5.0,5.0,2.0,0.0,H,0.0,0.0,D,16.0,4.0,6.0,3.0,14.0,11.0,5.0,1.0,2.0,3.0,0.0,0.0,1.31,5.53,9.78
I1,2024-10-30,Juventus,Parma,1848.74,1576.55,5.0,9.0,3.0,4.0,2.0,2.0,D,1.0,2.0,A,24.0,13.0,6.0,5.0,7.0,5.0,10.0,6.0,2.0,0.0,0.0,0.0,1.4,4.9,7.87
I1,2024-10-31,Genoa,Fiorentina,1663.71,1758.68,1.0,1.0,9.0,13.0,0.0,1.0,A,0.0,0.0,D,14.0,12.0,4.0,4.0,13.0,10.0,4.0,4.0,4.0,2.0,0.0,0.0,4.43,3.71,1.81
I1,2024-10-31,Como,Lazio,1566.46,1800.8,1.0,7.0,6.0,9.0,1.0,5.0,A,0.0,2.0,A,14.0,14.0,2.0,7.0,14.0,18.0,3.0,5.0,2.0,5.0,1.0,1.0,2.9,3.34,2.48
I1,2024-10-31,Roma,Torino,1784.64,1746.46,1.0,7.0,3.0,6.0,1.0,0.0,H,1.0,0.0,H,10.0,4.0,3.0,2.0,11.0,15.0,3.0,5.0,2.0,2.0,0.0,0.0,1.7,3.85,5.0
I1,2024-11-02,Bologna,Lecce,1756.14,1597.62,5.0,9.0,3.0,3.0,1.0,0.0,H,0.0,0.0,D,20.0,6.0,4.0,0.0,9.0,14.0,9.0,1.0,2.0,2.0,0.0,0.0,1.66,3.69,5.87
I1,2024-11-02,Udinese,Juventus,1675.83,1838.69,3.0,6.0,5.0,9.0,0.0,2.0,A,0.0,2.0,A,11.0,11.0,2.0,5.0,12.0,14.0,10.0,3.0,2.0,2.0,0.0,0.0,4.23,3.21,2.01
I1,2024-11-02,Monza,Milan,1660.75,1810.72,4.0,5.0,3.0,9.0,0.0,1.0,A,0.0,1.0,A,12.0,18.0,2.0,7.0,18.0,15.0,3.0,5.0,2.0,1.0,0.0,0.0,4.97,3.78,1.72
I1,2024-11-03,Napoli,Atalanta,1817.03,1871.33,9.0,15.0,9.0,13.0,0.0,3.0,A,0.0,2.0,A,13.0,12.0,3.0,3.0,10.0,8.0,4.0,3.0,1.0,3.0,0.0,0.0,2.09,3.44,3.6
I1,2024-11-03,Torino,Fiorentina,1731.1,1794.7,3.0,3.0,9.0,13.0,0.0,1.0,A,0.0,1.0,A,9.0,8.0,1.0,3.0,16.0,12.0,1.0,3.0,2.0,1.0,0.0,0.0,3.27,3.25,2.3
I1,2024-11-03,Verona,Roma,1617.16,1772.51,0.0,3.0,3.0,7.0,3.0,2.0,H,2.0,1.0,H,7.0,14.0,3.0,3.0,16.0,11.0,2.0,2.0,2.0,2.0,1.0,0.0,4.59,3.6,1.81
I1,2024-11-03,Inter,Venezia,1966.08,1573.58,7.0,13.0,4.0,4.0,1.0,0.0,H,0.0,0.0,D,20.0,7.0,8.0,2.0,14.0,15.0,9.0,3.0,2.0,1.0,0.0,0.0,1.16,8.01,15.57
I1,2024-11-04,Empoli,Como,1652.45,1553.82,1.0,2.0,1.0,4.0,1.0,0.0,H,0.0,0.0,D,9.0,12.0,4.0,2.0,17.0,9.0,3.0,6.0,1.0,0.0,0.0,0.0,2.74,3.16,2.72
I1,2024-11-04,Parma,Genoa,1584.33,1651.17,3.0,4.0,1.0,1.0,0.0,1.0,A,0.0,0.0,D,13.0,15.0,0.0,7.0,5.0,18.0,3.0,7.0,2.0,5.0,0.0,0.0,1.88,3.64,4.14
I1,2024-11-04,Lazio,Cagliari,1815.3,1592.83,6.0,12.0,3.0,7.0,2.0,1.0,H,1.0,1.0,D,20.0,6.0,5.0,1.0,12.0,17.0,2.0,3.0,3.0,8.0,0.0,2.0,1.51,4.23,6.56
I1,2024-11-07,Genoa,Como,1651.17,1553.82,3.0,4.0,0.0,1.0,1.0,1.0,D,0.0,1.0,A,8.0,18.0,4.0,8.0,17.0,15.0,8.0,5.0,4.0,3.0,0.0,0.0,3.04,3.14,2.48
I1,2024-11-08,Lecce,Empoli,1597.62,1652.45,3.0,3.0,4.0,4.0,1.0,1.0,D,0.0,1.0,A,18.0,11.0,3.0,6.0,7.0,24.0,4.0,3.0,0.0,3.0,0.0,0.0,2.44,2.93,3.4
I1,2024-11-09,Venezia,Parma,1573.58,1584.33,4.0,4.0,2.0,4.0,1.0,2.0,A,1.0,1.0,D,12.0,10.0,6.0,3.0,9.0,10.0,6.0,6.0,1.0,2.0,0.0,0.0,2.56,3.43,2.75
I1,2024-11-09,Cagliari,Milan,1592.83,1810.72,0.0,4.0,6.0,9.0,3.0,3.0,D,1.0,2.0,A,16.0,13.0,7.0,6.0,7.0,11.0,6.0,3.0,0.0,2.0,0.0,0.0,5.31,4.14,1.61
I1,2024-11-09,Juventus,Torino,1838.69,1731.1,5.0,9.0,3.0,3.0,2.0,0.0,H,1.0,0.0,H,13.0,6.0,4.0,1.0,7.0,14.0,5.0,5.0,1.0,3.0,0.0,0.0,1.58,3.89,6.5
I1,2024-11-10,Atalanta,Udinese,1871.33,1675.83,9.0,15.0,3.0,6.0,2.0,1.0,H,0.0,1.0,A,11.0,11.0,4.0,6.0,10.0,12.0,4.0,5.0,1.0,1.0,0.0,0.0,1.38,4.99,8.11
I1,2024-11-10,Fiorentina,Verona,1794.7,1617.16,9.0,15.0,3.0,6.0,3.0,1.0,H,1.0,1.0,D,11.0,8.0,6.0,2.0,1.0,19.0,8.0,3.0,1.0,2.0,0.0,0.0,1.45,4.58,7.14
I1,2024-11-10,Roma,Bologna,1772.51,1756.14,3.0,4.0,7.0,9.0,2.0,3.0,A,0.0,1.0,A,15.0,15.0,5.0,4.0,16.0,21.0,4.0,3.0,2.0,3.0,0.0,0.0,2.11,3.32,3.66
I1,2024-11-10,Monza,Lazio,1660.75,1815.3,1.0,5.0,9.0,12.0,0.0,1.0,A,0.0,1.0,A,12.0,14.0,2.0,6.0,13.0,10.0,6.0,6.0,5.0,1.0,0.0,0.0,4.42,3.53,1.85
I1,2024-11-10,Inter,Napoli,1966.08,1817.03,7.0,13.0,6.0,12.0,1.0,1.0,D,1.0,1.0,D,13.0,5.0,4.0,2.0,15.0,12.0,4.0,2.0,2.0,0.0,0.0,0.0,1.88,3.66,4.11
I1,2024-11-23,Verona,Inter,1627.95,1971.82,3.0,3.0,7.0,11.0,0.0,5.0,A,0.0,5.0,A,9.0,12.0,2.0,7.0,14.0,5.0,4.0,2.0,2.0,1.0,0.0,0.0,7.99,5.16,1.38
I1,2024-11-23,Milan,Juventus,1834.17,1857.91,4.0,7.0,7.0,11.0,0.0,0.0,D,0.0,0.0,D,6.0,7.0,1.0,2.0,9.0,12.0,2.0,4.0,3.0,2.0,0.0,0.0,2.2,3.27,3.53
I1,2024-11-23,Parma,Atalanta,1590.49,1902.85,4.0,6.0,9.0,15.0,1.0,3.0,A,0.0,2.0,A,9.0,15.0,3.0,6.0,6.0,8.0,2.0,5.0,0.0,2.0,0.0,0.0,4.95,4.27,1.64
I1,2024-11-24,Genoa,Cagliari,1659.13,1600.21,4.0,5.0,1.0,4.0,2.0,2.0,D,1.0,1.0,D,20.0,17.0,6.0,6.0,11.0,7.0,6.0,8.0,2.0,2.0,0.0,0.0,2.63,3.17,2.87
I1,2024-11-24,Como,Fiorentina,1557.82,1796.05,1.0,2.0,9.0,15.0,0.0,2.0,A,0.0,1.0,A,10.0,8.0,4.0,4.0,11.0,15.0,3.0,4.0,2.0,1.0,1.0,0.0,3.2,3.23,2.35
I1,2024-11-24,Torino,Monza,1722.03,1655.12,0.0,3.0,0.0,4.0,1.0,1.0,D,0.0,0.0,D,12.0,9.0,5.0,6.0,17.0,13.0,7.0,3.0,1.0,2.0,0.0,0.0,2.06,3.03,4.3
I1,2024-11-24,Napoli,Roma,1813.7,1754.34,4.0,10.0,3.0,3.0,1.0,0.0,H,0.0,0.0,D,14.0,6.0,2.0,1.0,8.0,9.0,8.0,2.0,0.0,3.0,0.0,0.0,1.75,3.61,4.98
I1,2024-11-24,Lazio,Bologna,1832.93,1764.34,9.0,12.0,9.0,11.0,3.0,0.0,H,0.0,0.0,D,13.0,3.0,4.0,1.0,14.0,14.0,3.0,0.0,3.0,3.0,0.0,1.0,1.91,3.42,4.35
I1,2024-11-25,Empoli,Udinese,1661.13,1670.75,4.0,5.0,0.0,3.0,1.0,1.0,D,1.0,0.0,H,4.0,16.0,2.0,3.0,8.0,13.0,1.0,8.0,3.0,2.0,0.0,0.0,2.85,2.86,2.87
I1,2024-11-25,Venezia,Lecce,1568.35,1599.33,3.0,4.0,4.0,4.0,0.0,1.0,A,0.0,0.0,D,16.0,7.0,6.0,2.0,12.0,16.0,6.0,2.0,1.0,3.0,0.0,0.0,2.33,3.27,3.18
I1,2024-11-29,Cagliari,Verona,1600.21,1627.95,2.0,2.0,3.0,3.0,1.0,0.0,H,0.0,0.0,D,19.0,11.0,6.0,2.0,10.0,12.0,7.0,1.0,1.0,2.0,0.0,0.0,1.96,3.45,4.08
I1,2024-11-30,Como,Monza,1557.82,1655.12,1.0,1.0,1.0,2.0,1.0,1.0,D,1.0,0.0,H,17.0,9.0,3.0,3.0,16.0,11.0,11.0,4.0,3.0,0.0,0.0,0.0,2.06,3.29,3.9
I1,2024-11-30,Milan,Empoli,1834.17,1661.13,5.0,8.0,5.0,6.0,3.0,0.0,H,2.0,0.0,H,20.0,9.0,4.0,0.0,12.0,16.0,7.0,3.0,2.0,2.0,0.0,0.0,1.37,4.97,8.81
I1,2024-11-30,Bologna,Venezia,1764.34,1568.35,6.0,10.0,0.0,4.0,3.0,0.0,H,1.0,0.0,H,16.0,5.0,9.0,1.0,14.0,15.0,1.0,0.0,0.0,2.0,0.0,0.0,1.67,3.89,5.31
I1,2024-12-01,Udinese,Genoa,1670.71,1655.51,1.0,4.0,5.0,5.0,0.0,2.0,A,0.0,1.0,A,4.0,15.0,2.0,5.0,13.0,11.0,6.0,4.0,2.0,3.0,1.0,0.0,2.02,3.33,3.98
I1,2024-12-01,Parma,Lazio,1586.28,1833.08,3.0,5.0,9.0,15.0,3.0,1.0,H,1.0,0.0,H,12.0,23.0,4.0,8.0,17.0,13.0,4.0,10.0,4.0,3.0,0.0,0.0,4.1,3.87,1.83
I1,2024-12-01,Torino,Napoli,1718.2,1818.44,1.0,4.0,4.0,10.0,0.0,1.0,A,0.0,1.0,A,5.0,16.0,1.0,6.0,15.0,9.0,4.0,7.0,4.0,1.0,0.0,0.0,4.91,3.45,1.8
I1,2024-12-01,Lecce,Juventus,1606.9,1857.97,4.0,7.0,7.0,9.0,1.0,1.0,D,0.0,0.0,D,10.0,14.0,6.0,3.0,8.0,9.0,2.0,7.0,1.0,4.0,0.0,0.0,5.44,3.6,1.7
I1,2024-12-02,Roma,Atalanta,1752.42,1909.47,0.0,3.0,9.0,15.0,0.0,2.0,A,0.0,0.0,D,5.0,18.0,1.0,7.0,17.0,13.0,2.0,4.0,2.0,3.0,0.0,0.0,3.19,3.46,2.24
I1,2024-12-06,Inter,Parma,1977.84,1586.28,7.0,11.0,6.0,7.0,3.0,1.0,H,1.0,0.0,H,18.0,5.0,5.0,2.0,8.0,3.0,10.0,1.0,1.0,1.0,0.0,0.0,1.18,7.93,13.75
I1,2024-12-06,Atalanta,Milan,1909.47,1840.24,9.0,15.0,5.0,8.0,2.0,1.0,H,1.0,1.0,D,17.0,6.0,8.0,2.0,14.0,13.0,7.0,0.0,2.0,0.0,0.0,0.0,2.16,3.48,3.39
I1,2024-12-07,Genoa,Torino,1655.51,1718.2,5.0,8.0,1.0,1.0,0.0,0.0,D,0.0,0.0,D,5.0,10.0,1.0,3.0,12.0,15.0,4.0,4.0,2.0,1.0,0.0,0.0,2.49,3.07,3.13
I1,2024-12-07,Juventus,Bologna,1857.97,1750.21,5.0,9.0,6.0,12.0,2.0,2.0,D,0.0,1.0,A,10.0,10.0,3.0,4.0,18.0,14.0,1.0,4.0,3.0,4.0,0.0,0.0,1.7,3.6,5.51
I1,2024-12-07,Roma,Lecce,1752.42,1606.9,0.0,3.0,5.0,8.0,4.0,1.0,H,1.0,1.0,D,23.0,3.0,9.0,1.0,5.0,14.0,8.0,1.0,2.0,3.0,0.0,0.0,1.57,4.03,6.2
I1,2024-12-08,Fiorentina,Cagliari,1800.94,1609.52,9.0,15.0,5.0,5.0,1.0,0.0,H,1.0,0.0,H,8.0,8.0,3.0,1.0,9.0,20.0,6.0,4.0,3.0,2.0,0.0,0.0,1.51,4.45,6.03
I1,2024-12-08,Verona,Empoli,1615.17,1653.67,0.0,3.0,2.0,5.0,1.0,4.0,A,1.0,4.0,A,12.0,15.0,3.0,5.0,15.0,16.0,5.0,8.0,2.0,2.0,0.0,0.0,2.57,2.84,3.24
I1,2024-12-08,Venezia,Como,1553.64,1553.94,0.0,3.0,2.0,2.0,2.0,2.0,D,1.0,0.0,H,8.0,10.0,4.0,4.0,12.0,10.0,5.0,9.0,1.0,1.0,0.0,0.0,2.76,3.32,2.6
I1,2024-12-08,Napoli,Lazio,1818.44,1833.08,7.0,10.0,6.0,12.0,0.0,1.0,A,0.0,0.0,D,12.0,7.0,1.0,3.0,16.0,12.0,6.0,2.0,2.0,3.0,0.0,0.0,1.9,3.47,4.26
I1,2024-12-09,Monza,Udinese,1655.28,1670.71,2.0,2.0,1.0,1.0,1.0,2.0,A,0.0,1.0,A,27.0,10.0,4.0,3.0,12.0,16.0,10.0,1.0,1.0,2.0,0.0,0.0,2.7,3.04,2.85
I1,2024-12-13,Empoli,Torino,1653.67,1718.2,4.0,8.0,2.0,2.0,0.0,1.0,A,0.0,0.0,D,10.0,14.0,4.0,4.0,7.0,15.0,12.0,3.0,2.0,3.0,0.0,0.0,2.7,2.86,3.06
I1,2024-12-14,Cagliari,Atalanta,1609.52,1909.47,4.0,5.0,9.0,15.0,0.0,1.0,A,0.0,0.0,D,12.0,12.0,8.0,2.0,16.0,10.0,2.0,5.0,3.0,3.0,0.0,0.0,5.63,4.36,1.55
I1,2024-12-14,Udinese,Napoli,1670.71,1818.44,4.0,4.0,6.0,7.0,1.0,3.0,A,1.0,0.0,H,7.0,17.0,3.0,4.0,14.0,8.0,3.0,9.0,1.0,1.0,0.0,0.0,5.06,3.51,1.76
I1,2024-12-14,Juventus,Venezia,1857.97,1553.64,3.0,9.0,1.0,1.0,2.0,2.0,D,1.0,0.0,H,12.0,8.0,4.0,2.0,9.0,8.0,7.0,4.0,1.0,3.0,0.0,0.0,1.32,5.09,10.12
I1,2024-12-15,Lecce,Monza,1610.94,1651.79,4.0,5.0,2.0,2.0,2.0,1.0,H,2.0,1.0,H,11.0,10.0,4.0,1.0,15.0,16.0,2.0,7.0,1.0,5.0,0.0,0.0,2.51,3.07,3.08
I1,2024-12-15,Bologna,Fiorentina,1763.47,1811.56,4.0,10.0,9.0,15.0,1.0,0.0,H,0.0,0.0,D,16.0,10.0,6.0,4.0,16.0,10.0,1.0,3.0,2.0,2.0,0.0,0.0,2.71,3.11,2.77
I1,2024-12-15,Parma,Verona,1608.94,1606.41,3.0,6.0,0.0,3.0,2.0,3.0,A,1.0,1.0,D,19.0,17.0,8.0,6.0,5.0,16.0,5.0,2.0,1.0,3.0,0.0,0.0,1.87,3.64,4.18
I1,2024-12-15,Como,Roma,1560.8,1764.13,2.0,3.0,3.0,3.0,2.0,0.0,H,0.0,0.0,D,18.0,6.0,7.0,1.0,18.0,17.0,6.0,5.0,6.0,1.0,0.0,0.0,3.32,3.3,2.24
I1,2024-12-15,Milan,Genoa,1842.91,1674.84,4.0,8.0,5.0,9.0,0.0,0.0,D,0.0,0.0,D,22.0,5.0,4.0,0.0,11.0,12.0,9.0,2.0,0.0,2.0,0.0,0.0,1.35,5.08,8.68
I1,2024-12-16,Lazio,Inter,1838.68,1977.06,6.0,12.0,7.0,13.0,0.0,6.0,A,0.0,2.0,A,9.0,12.0,2.0,7.0,7.0,14.0,4.0,2.0,2.0,4.0,0.0,0.0,3.54,3.37,2.12
I1,2024-12-20,Verona,Milan,1606.41,1842.91,3.0,3.0,4.0,6.0,0.0,1.0,A,0.0,0.0,D,10.0,14.0,2.0,6.0,21.0,9.0,3.0,8.0,1.0,1.0,0.0,0.0,5.49,4.1,1.61
I1,2024-12-21,Torino,Bologna,1725.52,1763.47,4.0,5.0,7.0,10.0,0.0,2.0,A,0.0,0.0,D,6.0,8.0,0.0,5.0,11.0,17.0,4.0,0.0,0.0,2.0,0.0,0.0,3.32,2.9,2.48
I1,2024-12-21,Genoa,Napoli,1674.84,1828.78,5.0,7.0,6.0,10.0,1.0,2.0,A,0.0,2.0,A,11.0,12.0,3.0,2.0,8.0,8.0,5.0,6.0,2.0,1.0,0.0,0.0,5.26,3.67,1.7
I1,2024-12-21,Lecce,Lazio,1610.94,1838.68,4.0,8.0,3.0,9.0,1.0,2.0,A,0.0,1.0,A,11.0,13.0,2.0,7.0,13.0,12.0,6.0,6.0,3.0,1.0,1.0,0.0,4.93,3.62,1.75
I1,2024-12-22,Roma,Parma,1764.13,1608.94,3.0,3.0,3.0,6.0,5.0,0.0,H,2.0,0.0,H,19.0,9.0,9.0,3.0,10.0,9.0,5.0,2.0,1.0,2.0,0.0,0.0,1.53,4.31,6.0
I1,2024-12-22,Venezia,Cagliari,1565.76,1609.85,2.0,2.0,3.0,5.0,2.0,1.0,H,1.0,0.0,H,12.0,14.0,6.0,7.0,6.0,11.0,4.0,8.0,1.0,2.0,0.0,0.0,2.5,3.31,2.9
I1,2024-12-22,Atalanta,Empoli,1920.13,1665.53,9.0,15.0,3.0,5.0,3.0,2.0,H,2.0,1.0,H,16.0,7.0,7.0,3.0,11.0,15.0,6.0,3.0,1.0,1.0,0.0,0.0,1.28,5.62,10.84
I1,2024-12-22,Monza,Juventus,1651.79,1860.19,1.0,2.0,3.0,7.0,1.0,2.0,A,1.0,2.0,A,17.0,16.0,5.0,9.0,7.0,13.0,3.0,7.0,1.0,1.0,0.0,0.0,5.83,3.6,1.66
I1,2024-12-23,Fiorentina,Udinese,1811.56,1664.27,6.0,12.0,3.0,4.0,1.0,2.0,A,1.0,0.0,H,14.0,11.0,3.0,4.0,10.0,14.0,10.0,2.0,2.0,5.0,0.0,0.0,1.6,3.98,5.64
I1,2024-12-23,Inter,Como,1977.06,1560.8,9.0,13.0,5.0,6.0,2.0,0.0,H,0.0,0.0,D,17.0,8.0,5.0,4.0,13.0,15.0,7.0,1.0,2.0,2.0,0.0,0.0,1.23,6.4,12.33
I1,2024-12-28,Empoli,Genoa,1665.53,1674.84,3.0,4.0,2.0,6.0,1.0,2.0,A,0.0,0.0,D,12.0,14.0,8.0,5.0,16.0,13.0,7.0,4.0,1.0,2.0,0.0,0.0,2.55,2.9,3.2
I1,2024-12-28,Parma,Monza,1608.94,1651.79,0.0,3.0,0.0,2.0,2.0,1.0,H,0.0,0.0,D,9.0,10.0,3.0,4.0,16.0,21.0,4.0,6.0,3.0,7.0,0.0,1.0,2.3,3.47,3.04
I1,2024-12-28,Cagliari,Inter,1609.85,1977.06,0.0,4.0,9.0,13.0,0.0,3.0,A,0.0,0.0,D,5.0,20.0,1.0,5.0,14.0,5.0,5.0,7.0,0.0,0.0,0.0,0.0,6.91,4.73,1.44
I1,2024-12-28,Lazio,Atalanta,1838.68,1920.13,6.0,9.0,9.0,15.0,1.0,1.0,D,1.0,0.0,H,11.0,14.0,5.0,4.0,6.0,11.0,2.0,7.0,2.0,3.0,0.0,0.0,2.93,3.37,2.43
I1,2024-12-29,Udinese,Torino,1664.27,1725.52,6.0,7.0,4.0,5.0,2.0,2.0,D,1.0,0.0,H,10.0,12.0,3.0,6.0,17.0,12.0,4.0,3.0,1.0,0.0,0.0,0.0,2.23,3.12,3.52
I1,2024-12-29,Napoli,Venezia,1828.78,1565.76,6.0,12.0,5.0,5.0,1.0,0.0,H,0.0,0.0,D,25.0,4.0,8.0,2.0,10.0,12.0,14.0,4.0,0.0,3.0,0.0,0.0,1.27,5.84,10.81
I1,2024-12-29,Juventus,Fiorentina,1860.19,1811.56,5.0,7.0,3.0,9.0,2.0,2.0,D,1.0,1.0,D,15.0,11.0,5.0,4.0,14.0,9.0,7.0,2.0,3.0,1.0,0.0,0.0,1.93,3.4,4.14
I1,2024-12-29,Milan,Roma,1842.91,1764.13,4.0,8.0,6.0,6.0,1.0,1.0,D,1.0,1.0,D,21.0,12.0,7.0,5.0,17.0,8.0,6.0,5.0,4.0,4.0,0.0,0.0,2.22,3.44,3.21
I1,2024-12-30,Como,Lecce,1560.8,1610.94,4.0,5.0,3.0,7.0,2.0,0.0,H,0.0,0.0,D,15.0,11.0,8.0,1.0,12.0,15.0,4.0,4.0,3.0,2.0,0.0,0.0,1.73,3.7,4.95
I1,2024-12-30,Bologna,Verona,1763.47,1606.41,7.0,10.0,3.0,3.0,2.0,3.0,A,1.0,2.0,A,23.0,8.0,7.0,4.0,9.0,24.0,11.0,5.0,2.0,5.0,1.0,0.0,1.5,4.15,6.73
I1,2025-01-04,Venezia,Empoli,1570.88,1653.37,4.0,5.0,0.0,3.0,1.0,1.0,D,1.0,1.0,D,8.0,18.0,3.0,6.0,15.0,14.0,2.0,8.0,1.0,2.0,0.0,0.0,2.33,3.14,3.29
I1,2025-01-04,Fiorentina,Napoli,1789.76,1835.23,1.0,7.0,9.0,12.0,0.0,3.0,A,0.0,1.0,A,14.0,10.0,2.0,4.0,17.0,15.0,4.0,2.0,0.0,1.0,0.0,0.0,2.92,3.19,2.53
I1,2025-01-04,Verona,Udinese,1623.95,1675.57,6.0,6.0,4.0,7.0,0.0,0.0,D,0.0,0.0,D,13.0,15.0,3.0,6.0,14.0,16.0,7.0,3.0,3.0,2.0,1.0,0.0,3.08,3.02,2.52
I1,2025-01-05,Monza,Cagliari,1630.19,1597.95,0.0,1.0,0.0,3.0,1.0,2.0,A,1.0,1.0,D,6.0,13.0,2.0,4.0,16.0,19.0,1.0,3.0,2.0,2.0,1.0,0.0,2.44,3.22,3.01
I1,2025-01-05,Lecce,Genoa,1602.65,1682.75,3.0,4.0,4.0,8.0,0.0,0.0,D,0.0,0.0,D,10.0,4.0,3.0,1.0,11.0,15.0,9.0,4.0,0.0,1.0,0.0,0.0,2.65,2.99,2.93
I1,2025-01-05,Torino,Parma,1713.2,1598.8,4.0,5.0,3.0,6.0,0.0,0.0,D,0.0,0.0,D,12.0,10.0,4.0,3.0,9.0,9.0,8.0,7.0,2.0,1.0,0.0,0.0,1.88,3.5,4.25
I1,2025-01-05,Roma,Lazio,1757.66,1829.75,4.0,7.0,4.0,7.0,2.0,0.0,H,2.0,0.0,H,7.0,17.0,5.0,6.0,12.0,18.0,3.0,10.0,4.0,5.0,0.0,1.0,2.52,3.17,2.92
I1,2025-01-10,Lazio,Como,1829.75,1587.4,4.0,7.0,6.0,8.0,1.0,1.0,D,1.0,0.0,H,12.0,17.0,4.0,4.0,14.0,15.0,7.0,7.0,4.0,3.0,1.0,0.0,1.92,3.47,4.11
I1,2025-01-11,Empoli,Lecce,1653.37,1602.65,1.0,4.0,1.0,4.0,1.0,3.0,A,0.0,2.0,A,15.0,14.0,5.0,6.0,11.0,21.0,9.0,2.0,0.0,3.0,0.0,0.0,2.04,3.12,4.13
I1,2025-01-11,Udinese,Atalanta,1675.57,1919.77,5.0,8.0,7.0,13.0,0.0,0.0,D,0.0,0.0,D,12.0,4.0,3.0,2.0,4.0,16.0,5.0,3.0,1.0,2.0,0.0,0.0,5.03,4.0,1.65
I1,2025-01-11,Torino,Juventus,1713.2,1859.93,2.0,6.0,5.0,7.0,1.0,1.0,D,1.0,1.0,D,11.0,15.0,2.0,9.0,18.0,9.0,9.0,1.0,4.0,1.0,0.0,0.0,4.8,3.23,1.87
I1,2025-01-11,Milan,Cagliari,1836.8,1597.95,5.0,8.0,3.0,3.0,1.0,1.0,D,0.0,0.0,D,24.0,6.0,11.0,2.0,9.0,11.0,9.0,1.0,1.0,2.0,0.0,0.0,1.33,5.31,8.99
I1,2025-01-12,Genoa,Parma,1682.75,1598.8,4.0,6.0,4.0,4.0,1.0,0.0,H,0.0,0.0,D,14.0,9.0,4.0,3.0,10.0,10.0,6.0,9.0,2.0,3.0,0.0,0.0,1.96,3.54,3.81
I1,2025-01-12,Venezia,Inter,1570.88,1993.52,4.0,6.0,9.0,15.0,0.0,1.0,A,0.0,1.0,A,7.0,17.0,2.0,6.0,12.0,11.0,4.0,5.0,4.0,1.0,0.0,0.0,10.35,5.73,1.28
I1,2025-01-12,Bologna,Roma,1769.0,1757.66,6.0,10.0,7.0,10.0,2.0,2.0,D,0.0,0.0,D,14.0,11.0,8.0,4.0,18.0,10.0,5.0,4.0,4.0,1.0,0.0,0.0,2.77,3.23,2.61
I1,2025-01-12,Napoli,Verona,1835.23,1623.95,9.0,12.0,4.0,7.0,2.0,0.0,H,1.0,0.0,H,14.0,6.0,3.0,2.0,6.0,5.0,8.0,1.0,0.0,0.0,0.0,0.0,1.24,6.06,12.0
I1,2025-01-13,Monza,Fiorentina,1630.19,1789.76,0.0,0.0,1.0,4.0,2.0,1.0,H,1.0,0.0,H,10.0,11.0,3.0,2.0,26.0,9.0,2.0,4.0,4.0,1.0,0.0,0.0,4.14,3.57,1.87
I1,2025-01-14,Como,Milan,1587.4,1836.8,4.0,8.0,5.0,6.0,1.0,2.0,A,0.0,0.0,D,12.0,12.0,4.0,6.0,11.0,17.0,2.0,4.0,1.0,6.0,0.0,0.0,4.02,3.57,1.93
I1,2025-01-14,Atalanta,Juventus,1919.77,1859.93,5.0,11.0,5.0,7.0,1.0,1.0,D,0.0,0.0,D,17.0,17.0,6.0,9.0,10.0,7.0,3.0,3.0,1.0,1.0,0.0,0.0,2.11,3.2,3.81
I1,2025-01-15,Inter,Bologna,1994.78,1767.97,9.0,15.0,4.0,8.0,2.0,2.0,D,2.0,1.0,H,12.0,14.0,6.0,6.0,19.0,13.0,3.0,3.0,0.0,0.0,0.0,0.0,1.47,4.45,6.85
I1,2025-01-17,Roma,Genoa,1771.51,1686.84,5.0,8.0,7.0,8.0,3.0,1.0,H,1.0,1.0,D,16.0,7.0,7.0,3.0,12.0,12.0,3.0,2.0,1.0,1.0,0.0,0.0,1.49,4.18,7.13
I1,2025-01-18,Bologna,Monza,1767.97,1631.4,2.0,8.0,3.0,3.0,3.0,1.0,H,2.0,1.0,H,18.0,3.0,7.0,1.0,16.0,18.0,4.0,0.0,1.0,3.0,0.0,0.0,1.61,3.88,5.85
I1,2025-01-18,Juventus,Milan,1859.48,1833.83,3.0,7.0,5.0,9.0,2.0,0.0,H,0.0,0.0,D,15.0,13.0,6.0,3.0,19.0,11.0,5.0,5.0,0.0,2.0,0.0,0.0,2.2,3.24,3.47
I1,2025-01-18,Atalanta,Napoli,1911.76,1852.6,3.0,9.0,9.0,15.0,2.0,3.0,A,1.0,2.0,A,15.0,6.0,6.0,3.0,18.0,9.0,3.0,1.0,4.0,2.0,0.0,0.0,2.32,3.24,3.21
I1,2025-01-19,Fiorentina,Torino,1764.9,1712.2,1.0,1.0,3.0,6.0,1.0,1.0,D,1.0,0.0,H,20.0,6.0,6.0,3.0,16.0,11.0,9.0,2.0,3.0,3.0,0.0,1.0,1.74,3.46,5.34
I1,2025-01-19,Cagliari,Lecce,1614.31,1618.79,4.0,4.0,4.0,7.0,4.0,1.0,H,0.0,1.0,A,19.0,7.0,7.0,2.0,11.0,10.0,6.0,1.0,3.0,1.0,0.0,1.0,1.95,3.44,4.03
I1,2025-01-19,Parma,Venezia,1597.66,1570.84,4.0,4.0,1.0,5.0,1.0,1.0,D,0.0,1.0,A,19.0,7.0,8.0,2.0,13.0,16.0,8.0,2.0,2.0,3.0,0.0,0.0,2.18,3.56,3.18
I1,2025-01-19,Verona,Lazio,1620.68,1810.44,4.0,7.0,2.0,5.0,0.0,3.0,A,0.0,2.0,A,16.0,14.0,3.0,5.0,10.0,8.0,5.0,6.0,6.0,2.0,1.0,0.0,4.62,3.67,1.77
I1,2025-01-19,Inter,Empoli,1994.78,1637.19,7.0,13.0,1.0,1.0,3.0,1.0,H,0.0,0.0,D,18.0,5.0,7.0,1.0,11.0,9.0,7.0,3.0,0.0,0.0,0.0,0.0,1.22,6.46,12.56
I1,2025-01-20,Como,Udinese,1590.39,1680.55,4.0,7.0,3.0,6.0,4.0,1.0,H,2.0,0.0,H,11.0,6.0,8.0,2.0,10.0,16.0,3.0,2.0,2.0,4.0,1.0,1.0,2.14,3.36,3.49
I1,2025-01-24,Torino,Cagliari,1712.2,1614.31,3.0,4.0,7.0,7.0,2.0,0.0,H,1.0,0.0,H,18.0,6.0,6.0,1.0,11.0,10.0,6.0,3.0,0.0,1.0,0.0,0.0,2.25,3.13,3.53
I1,2025-01-25,Como,Atalanta,1590.39,1911.76,4.0,7.0,2.0,6.0,1.0,2.0,A,1.0,0.0,H,15.0,5.0,5.0,3.0,15.0,10.0,4.0,5.0,2.0,3.0,0.0,0.0,4.13,3.67,1.87
I1,2025-01-25,Napoli,Juventus,1852.6,1859.48,9.0,15.0,5.0,9.0,2.0,1.0,H,0.0,1.0,A,14.0,5.0,3.0,2.0,9.0,15.0,9.0,1.0,0.0,0.0,0.0,0.0,2.14,3.1,3.82
I1,2025-01-25,Empoli,Bologna,1637.19,1767.97,1.0,1.0,5.0,8.0,1.0,1.0,D,1.0,1.0,D,5.0,9.0,1.0,8.0,25.0,13.0,2.0,4.0,0.0,0.0,0.0,0.0,3.83,3.24,2.08
I1,2025-01-26,Milan,Parma,1833.83,1597.66,4.0,8.0,2.0,5.0,3.0,2.0,H,1.0,1.0,D,14.0,12.0,5.0,5.0,14.0,7.0,7.0,4.0,2.0,5.0,0.0,0.0,1.29,5.93,9.23
I1,2025-01-26,Udinese,Roma,1680.55,1771.51,2.0,6.0,7.0,11.0,1.0,2.0,A,1.0,0.0,H,10.0,16.0,3.0,10.0,15.0,12.0,1.0,5.0,2.0,2.0,0.0,0.0,3.3,3.29,2.25
I1,2025-01-26,Lecce,Inter,1618.79,1994.78,4.0,4.0,7.0,13.0,0.0,4.0,A,0.0,2.0,A,17.0,9.0,4.0,5.0,13.0,12.0,7.0,0.0,0.0,2.0,0.0,0.0,9.16,5.27,1.33
I1,2025-01-26,Lazio,Fiorentina,1810.44,1764.9,4.0,8.0,1.0,2.0,1.0,2.0,A,0.0,2.0,A,22.0,7.0,3.0,3.0,9.0,12.0,14.0,2.0,1.0,4.0,0.0,1.0,2.0,3.47,3.78
I1,2025-01-27,Venezia,Verona,1570.84,1620.68,2.0,5.0,1.0,4.0,1.0,1.0,D,1.0,0.0,H,9.0,21.0,1.0,5.0,16.0,14.0,7.0,9.0,1.0,1.0,0.0,0.0,2.19,3.38,3.34
I1,2025-01-27,Genoa,Monza,1686.84,1631.4,4.0,7.0,3.0,3.0,2.0,0.0,H,0.0,0.0,D,18.0,5.0,6.0,1.0,13.0,19.0,9.0,6.0,0.0,4.0,0.0,0.0,2.25,3.06,3.59
I1,2025-01-31,Parma,Lecce,1597.66,1618.79,1.0,5.0,3.0,4.0,1.0,3.0,A,1.0,1.0,D,19.0,6.0,7.0,3.0,8.0,14.0,3.0,2.0,1.0,2.0,0.0,0.0,2.15,3.4,3.45
I1,2025-02-01,Monza,Verona,1611.02,1606.56,3.0,3.0,1.0,5.0,0.0,1.0,A,0.0,1.0,A,9.0,12.0,2.0,4.0,12.0,23.0,7.0,3.0,2.0,3.0,0.0,0.0,2.31,3.1,3.38
I1,2025-02-01,Udinese,Venezia,1651.42,1566.23,1.0,3.0,2.0,3.0,3.0,2.0,H,0.0,0.0,D,13.0,14.0,5.0,3.0,20.0,9.0,4.0,6.0,3.0,3.0,0.0,0.0,1.84,3.53,4.41
I1,2025-02-01,Atalanta,Torino,1901.91,1715.38,4.0,6.0,5.0,7.0,1.0,1.0,D,1.0,1.0,D,22.0,5.0,10.0,3.0,6.0,11.0,8.0,0.0,0.0,3.0,0.0,0.0,1.43,4.51,7.73
I1,2025-02-01,Bologna,Como,1779.28,1597.6,5.0,6.0,3.0,7.0,2.0,0.0,H,1.0,0.0,H,15.0,8.0,4.0,1.0,16.0,18.0,4.0,2.0,3.0,4.0,0.0,1.0,1.89,3.55,4.16
I1,2025-02-02,Juventus,Empoli,1835.3,1631.91,4.0,6.0,1.0,2.0,4.0,1.0,H,0.0,1.0,A,23.0,10.0,8.0,3.0,14.0,13.0,8.0,6.0,0.0,3.0,0.0,1.0,1.37,4.74,8.93
I1,2025-02-02,Fiorentina,Genoa,1766.51,1681.28,4.0,5.0,6.0,10.0,2.0,1.0,H,2.0,0.0,H,7.0,17.0,6.0,3.0,17.0,14.0,1.0,8.0,3.0,1.0,0.0,0.0,1.66,3.8,5.36
I1,2025-02-02,Milan,Inter,1810.91,1992.16,6.0,8.0,7.0,13.0,1.0,1.0,D,1.0,0.0,H,10.0,16.0,4.0,6.0,5.0,9.0,8.0,11.0,0.0,2.0,0.0,0.0,3.88,3.59,1.94
I1,2025-02-02,Roma,Napoli,1775.74,1863.96,7.0,11.0,9.0,15.0,1.0,1.0,D,0.0,1.0,A,12.0,5.0,2.0,2.0,9.0,13.0,2.0,3.0,2.0,1.0,0.0,0.0,3.1,3.19,2.42
I1,2025-02-03,Cagliari,Lazio,1613.25,1792.02,4.0,7.0,4.0,5.0,1.0,2.0,A,0.0,1.0,A,15.0,11.0,5.0,6.0,14.0,9.0,7.0,7.0,0.0,0.0,0.0,0.0,3.67,3.52,2.02
I1,2025-02-06,Fiorentina,Inter,1766.51,1992.16,7.0,7.0,7.0,11.0,3.0,0.0,H,0.0,0.0,D,10.0,11.0,6.0,2.0,11.0,10.0,1.0,8.0,0.0,0.0,0.0,0.0,3.67,3.55,2.02
I1,2025-02-07,Como,Juventus,1597.6,1835.3,3.0,4.0,6.0,8.0,1.0,2.0,A,1.0,1.0,D,16.0,8.0,6.0,3.0,15.0,15.0,9.0,1.0,3.0,1.0,0.0,0.0,3.83,3.41,2.04
I1,2025-02-08,Verona,Atalanta,1606.56,1901.91,4.0,5.0,4.0,6.0,0.0,5.0,A,0.0,4.0,A,18.0,17.0,7.0,7.0,10.0,6.0,7.0,2.0,2.0,1.0,0.0,0.0,6.01,4.3,1.54
I1,2025-02-08,Empoli,Milan,1631.91,1810.91,1.0,2.0,4.0,8.0,0.0,2.0,A,0.0,0.0,D,8.0,16.0,0.0,5.0,17.0,10.0,2.0,6.0,2.0,4.0,1.0,1.0,5.64,3.71,1.67
I1,2025-02-08,Torino,Genoa,1715.38,1681.28,5.0,7.0,3.0,7.0,1.0,1.0,D,1.0,0.0,H,10.0,6.0,3.0,2.0,11.0,10.0,4.0,2.0,2.0,2.0,0.0,0.0,2.27,3.0,3.66
I1,2025-02-09,Venezia,Roma,1566.23,1775.74,2.0,3.0,7.0,11.0,0.0,1.0,A,0.0,0.0,D,12.0,13.0,3.0,5.0,13.0,21.0,4.0,6.0,2.0,3.0,0.0,0.0,4.78,3.88,1.71
I1,2025-02-09,Cagliari,Parma,1613.25,1574.37,3.0,7.0,1.0,2.0,2.0,1.0,H,0.0,0.0,D,14.0,9.0,3.0,1.0,14.0,12.0,7.0,6.0,0.0,0.0,0.0,0.0,1.88,3.71,3.99
I1,2025-02-09,Lazio,Monza,1792.02,1611.02,6.0,7.0,0.0,3.0,5.0,1.0,H,1.0,0.0,H,26.0,3.0,9.0,1.0,10.0,12.0,8.0,1.0,0.0,1.0,0.0,0.0,1.36,4.97,8.72
I1,2025-02-09,Lecce,Bologna,1608.89,1779.28,3.0,7.0,7.0,9.0,0.0,0.0,D,0.0,0.0,D,6.0,8.0,1.0,2.0,14.0,16.0,6.0,5.0,0.0,2.0,0.0,0.0,4.34,3.42,1.9
I1,2025-02-09,Napoli,Udinese,1863.96,1651.42,7.0,13.0,3.0,5.0,1.0,1.0,D,1.0,1.0,D,18.0,8.0,4.0,4.0,11.0,10.0,6.0,6.0,0.0,1.0,0.0,0.0,1.43,4.45,7.76
I1,2025-02-10,Inter,Fiorentina,1992.16,1766.51,4.0,8.0,9.0,10.0,2.0,1.0,H,1.0,1.0,D,22.0,7.0,8.0,2.0,16.0,15.0,8.0,1.0,4.0,3.0,0.0,0.0,1.47,4.57,6.59
I1,2025-02-14,Bologna,Torino,1779.28,1715.38,5.0,9.0,5.0,7.0,3.0,2.0,H,1.0,1.0,D,23.0,8.0,7.0,5.0,7.0,17.0,8.0,2.0,0.0,4.0,0.0,0.0,1.8,3.37,5.25
I1,2025-02-15,Atalanta,Cagliari,1898.03,1613.79,7.0,8.0,3.0,7.0,0.0,0.0,D,0.0,0.0,D,9.0,3.0,2.0,0.0,7.0,11.0,8.0,2.0,1.0,1.0,0.0,0.0,1.44,4.82,6.89
I1,2025-02-15,Lazio,Napoli,1801.64,1855.49,6.0,10.0,5.0,11.0,2.0,2.0,D,1.0,1.0,D,12.0,6.0,5.0,3.0,9.0,19.0,7.0,1.0,2.0,2.0,0.0,0.0,2.66,3.18,2.79
I1,2025-02-15,Milan,Verona,1816.65,1608.51,7.0,10.0,4.0,4.0,1.0,0.0,H,0.0,0.0,D,18.0,7.0,3.0,2.0,11.0,18.0,10.0,7.0,0.0,0.0,0.0,0.0,1.33,5.37,9.17
I1,2025-02-16,Fiorentina,Como,1789.15,1588.69,6.0,10.0,0.0,3.0,0.0,2.0,A,0.0,1.0,A,5.0,8.0,3.0,4.0,14.0,24.0,2.0,1.0,3.0,2.0,0.0,0.0,2.03,3.53,3.68
I1,2025-02-16,Monza,Lecce,1595.05,1611.66,0.0,3.0,4.0,7.0,0.0,0.0,D,0.0,0.0,D,8.0,19.0,3.0,5.0,10.0,18.0,3.0,7.0,2.0,2.0,0.0,0.0,2.73,3.13,2.74
I1,2025-02-16,Udinese,Empoli,1661.67,1619.45,4.0,5.0,1.0,1.0,3.0,0.0,H,1.0,0.0,H,17.0,16.0,9.0,4.0,12.0,17.0,9.0,5.0,0.0,0.0,0.0,0.0,1.81,3.49,4.73
I1,2025-02-16,Parma,Roma,1567.29,1781.88,0.0,1.0,7.0,11.0,0.0,1.0,A,0.0,1.0,A,5.0,16.0,1.0,4.0,11.0,5.0,1.0,10.0,0.0,0.0,0.0,0.0,3.62,3.56,2.04
I1,2025-02-16,Juventus,Inter,1845.16,1968.84,6.0,10.0,4.0,10.0,1.0,0.0,H,0.0,0.0,D,16.0,17.0,8.0,2.0,17.0,10.0,7.0,5.0,1.0,1.0,0.0,0.0,3.38,3.25,2.24
I1,2025-02-17,Genoa,Venezia,1677.64,1556.31,4.0,7.0,1.0,2.0,2.0,0.0,H,0.0,0.0,D,14.0,7.0,5.0,3.0,14.0,15.0,4.0,5.0,1.0,1.0,0.0,0.0,1.89,3.47,4.33
I1,2025-02-21,Lecce,Udinese,1611.66,1661.67,5.0,5.0,7.0,7.0,0.0,1.0,A,0.0,1.0,A,10.0,12.0,1.0,5.0,15.0,11.0,11.0,8.0,1.0,3.0,0.0,0.0,2.99,3.05,2.61
I1,2025-02-22,Parma,Bologna,1567.29,1784.82,0.0,1.0,7.0,11.0,2.0,0.0,H,1.0,0.0,H,4.0,16.0,3.0,1.0,14.0,13.0,0.0,4.0,2.0,1.0,0.0,0.0,4.03,3.63,1.92
I1,2025-02-22,Venezia,Lazio,1556.31,1801.64,0.0,2.0,7.0,10.0,0.0,0.0,D,0.0,0.0,D,9.0,9.0,2.0,3.0,21.0,12.0,6.0,6.0,4.0,2.0,0.0,0.0,5.08,4.06,1.66
I1,2025-02-22,Torino,Milan,1712.0,1816.65,2.0,6.0,7.0,10.0,2.0,1.0,H,1.0,0.0,H,9.0,26.0,3.0,8.0,14.0,5.0,4.0,11.0,1.0,1.0,0.0,0.0,3.86,3.39,2.03
I1,2025-02-22,Inter,Genoa,1968.84,1677.64,3.0,7.0,4.0,7.0,1.0,0.0,H,0.0,0.0,D,18.0,11.0,5.0,2.0,7.0,14.0,6.0,7.0,0.0,2.0,0.0,0.0,1.26,5.9,11.5
I1,2025-02-23,Como,Napoli,1588.69,1855.49,3.0,6.0,3.0,9.0,2.0,1.0,H,1.0,1.0,D,8.0,13.0,3.0,4.0,17.0,14.0,4.0,6.0,1.0,3.0,0.0,0.0,3.54,3.17,2.22
I1,2025-02-23,Verona,Fiorentina,1608.51,1789.15,3.0,4.0,3.0,9.0,1.0,0.0,H,0.0,0.0,D,7.0,8.0,3.0,3.0,19.0,8.0,4.0,1.0,3.0,3.0,0.0,0.0,4.16,3.54,1.9
I1,2025-02-23,Empoli,Atalanta,1619.45,1898.03,0.0,1.0,5.0,8.0,0.0,5.0,A,0.0,3.0,A,10.0,14.0,1.0,8.0,4.0,17.0,3.0,4.0,0.0,1.0,0.0,0.0,5.82,4.16,1.56
I1,2025-02-23,Cagliari,Juventus,1613.79,1845.16,4.0,7.0,9.0,12.0,0.0,1.0,A,0.0,1.0,A,8.0,14.0,2.0,7.0,9.0,15.0,3.0,4.0,0.0,1.0,0.0,0.0,4.0,3.51,1.94
I1,2025-02-24,Roma,Monza,1781.88,1595.05,7.0,13.0,1.0,1.0,4.0,0.0,H,2.0,0.0,H,23.0,5.0,6.0,2.0,6.0,7.0,6.0,3.0,0.0,1.0,0.0,0.0,1.32,5.26,9.74
