Div,Date,HomeTeam,AwayTeam,HomeElo,AwayElo,Form3Home,Form5Home,Form3Away,Form5Away,FTHG,FTAG,FTR,HTHG,HTAG,HTR,HS,AS,HST,AST,HF,AF,HC,AC,HY,AY,HR,AR,B365H,B365D,B365A
T1,2017-01-13,Bursaspor,Trabzonspor,1504.43,1423.51,3.0,6.0,3.0,7.0,1.0,2.0,A,1.0,2.0,A,,,,,,,,,,,,,2.4,3.3,2.9
T1,2017-01-14,Alanyaspor,Rizespor,1402.34,1394.11,4.0,7.0,3.0,3.0,2.0,3.0,A,0.0,2.0,A,,,,,,,,,,,,,2.15,3.3,3.4
T1,2017-01-14,Buyuksehyr,Kayserispor,1619.19,1370.86,5.0,7.0,3.0,3.0,5.0,0.0,H,2.0,0.0,H,,,,,,,,,,,,,1.4,4.33,8.5
T1,2017-01-14,Karabukspor,Akhisar Belediyespor,1395.28,1465.49,1.0,4.0,4.0,10.0,1.0,0.0,H,0.0,0.0,D,,,,,,,,,,,,,2.3,3.1,3.3
T1,2017-01-14,Konyaspor,Galatasaray,1529.79,1598.3,4.0,8.0,7.0,13.0,0.0,1.0,A,0.0,0.0,D,,,,,,,,,,,,,2.63,3.25,2.63
T1,2017-01-15,Fenerbahce,Adanaspor,1694.69,1358.95,6.0,10.0,4.0,4.0,2.0,2.0,D,1.0,2.0,A,,,,,,,,,,,,,1.17,7.0,15.0
T1,2017-01-15,Gaziantepspor,Antalyaspor,1365.67,1474.92,0.0,0.0,6.0,10.0,0.0,3.0,A,0.0,2.0,A,,,,,,,,,,,,,3.25,3.2,2.25
T1,2017-01-15,Kasimpasa,Genclerbirligi,1465.65,1505.5,6.0,6.0,4.0,8.0,3.0,0.0,H,3.0,0.0,H,,,,,,,,,,,,,2.63,3.2,2.7
T1,2017-01-16,Osmanlispor,Besiktas,,1679.4,7.0,11.0,6.0,8.0,0.0,2.0,A,0.0,1.0,A,,,,,,,,,,,,,3.1,3.2,2.3
T1,2017-01-21,Akhisar Belediyespor,Kayserispor,1457.37,1366.56,4.0,7.0,3.0,3.0,0.0,0.0,D,0.0,0.0,D,,,,,,,,,,,,,1.91,3.4,4.0
T1,2017-01-21,Bursaspor,Adanaspor,1492.62,1358.95,3.0,6.0,5.0,5.0,0.0,1.0,A,0.0,0.0,D,,,,,,,,,,,,,1.55,4.33,5.25
T1,2017-01-21,Karabukspor,Galatasaray,1403.4,1606.39,4.0,4.0,7.0,13.0,2.0,1.0,H,1.0,1.0,D,,,,,,,,,,,,,3.75,3.4,2.0
T1,2017-01-21,Konyaspor,Rizespor,1521.7,1404.15,1.0,7.0,6.0,6.0,2.0,1.0,H,1.0,1.0,D,,,,,,,,,,,,,1.91,3.4,4.0
T1,2017-01-22,Fenerbahce,Buyuksehyr,1694.69,1623.49,7.0,8.0,7.0,9.0,1.0,0.0,H,1.0,0.0,H,,,,,,,,,,,,,1.95,3.5,3.75
T1,2017-01-22,Kasimpasa,Trabzonspor,1465.65,1435.32,6.0,9.0,3.0,9.0,0.0,1.0,A,0.0,1.0,A,,,,,,,,,,,,,2.8,3.3,2.45
T1,2017-01-22,Osmanlispor,Antalyaspor,,1474.92,4.0,10.0,6.0,10.0,1.0,2.0,A,1.0,0.0,H,,,,,,,,,,,,,1.7,3.6,5.0
T1,2017-01-23,Alanyaspor,Besiktas,1392.3,1679.4,1.0,4.0,6.0,10.0,1.0,4.0,A,0.0,2.0,A,,,,,,,,,,,,,6.5,4.5,1.44
T1,2017-01-28,Antalyaspor,Alanyaspor,1474.92,1392.3,9.0,12.0,0.0,4.0,2.0,1.0,H,1.0,1.0,D,,,,,,,,,,,,,1.62,4.0,5.0
T1,2017-01-28,Galatasaray,Akhisar Belediyespor,1606.39,1457.37,6.0,10.0,4.0,5.0,6.0,0.0,H,4.0,0.0,H,,,,,,,,,,,,,1.45,4.33,7.0
T1,2017-01-28,Rizespor,Karabukspor,1404.15,1403.4,3.0,6.0,6.0,7.0,1.0,0.0,H,1.0,0.0,H,,,,,,,,,,,,,2.38,3.25,3.0
T1,2017-01-29,Buyuksehyr,Bursaspor,1623.49,1492.62,4.0,8.0,0.0,3.0,1.0,0.0,H,0.0,0.0,D,,,,,,,,,,,,,1.44,4.33,7.0
T1,2017-01-29,Genclerbirligi,Osmanlispor,1505.5,,3.0,7.0,3.0,7.0,1.0,1.0,D,1.0,0.0,H,,,,,,,,,,,,,2.45,3.25,2.9
T1,2017-01-29,Kayserispor,Fenerbahce,1366.56,1694.69,4.0,4.0,7.0,10.0,4.0,1.0,H,1.0,1.0,D,,,,,,,,,,,,,5.5,4.0,1.57
T1,2017-01-29,Trabzonspor,Gaziantepspor,1435.32,1365.67,6.0,9.0,0.0,0.0,4.0,0.0,H,2.0,0.0,H,,,,,,,,,,,,,1.45,4.2,7.5
T1,2017-01-30,Adanaspor,Kasimpasa,1358.95,1465.65,5.0,8.0,3.0,9.0,2.0,0.0,H,1.0,0.0,H,,,,,,,,,,,,,2.55,3.3,2.7
T1,2017-01-30,Besiktas,Konyaspor,1679.4,1521.7,9.0,12.0,3.0,7.0,5.0,1.0,H,2.0,0.0,H,,,,,,,,,,,,,1.36,4.75,8.0
T1,2017-02-10,Karabukspor,Besiktas,1408.11,1699.86,6.0,7.0,9.0,12.0,2.0,1.0,H,0.0,0.0,D,,,,,,,,,,,,,5.0,3.6,1.7
T1,2017-02-11,Alanyaspor,Genclerbirligi,1383.36,1492.46,0.0,1.0,4.0,5.0,3.0,0.0,H,2.0,0.0,H,,,,,,,,,,,,,2.8,3.25,2.5
T1,2017-02-11,Bursaspor,Fenerbahce,1476.62,1666.65,0.0,3.0,4.0,10.0,1.0,1.0,D,0.0,1.0,A,,,,,,,,,,,,,4.33,3.6,1.8
T1,2017-02-11,Osmanlispor,Trabzonspor,,1454.96,1.0,5.0,9.0,9.0,0.0,1.0,A,0.0,1.0,A,,,,,,,,,,,,,2.0,3.3,3.75
T1,2017-02-12,Akhisar Belediyespor,Rizespor,1444.76,1406.97,1.0,5.0,6.0,9.0,1.0,0.0,H,1.0,0.0,H,,,,,,,,,,,,,2.05,3.4,3.5
T1,2017-02-12,Galatasaray,Kayserispor,1603.3,1395.62,6.0,10.0,4.0,7.0,1.0,2.0,A,0.0,2.0,A,,,,,,,,,,,,,1.5,4.33,6.0
T1,2017-02-12,Kasimpasa,Buyuksehyr,1455.13,1621.93,3.0,6.0,6.0,10.0,4.0,0.0,H,2.0,0.0,H,,,,,,,,,,,,,4.33,3.6,1.8
T1,2017-02-12,Konyaspor,Antalyaspor,1519.76,1502.54,3.0,4.0,9.0,12.0,1.0,1.0,D,0.0,1.0,A,,,,,,,,,,,,,2.45,3.25,2.88
T1,2017-02-13,Gaziantepspor,Adanaspor,1344.81,1391.72,0.0,0.0,7.0,11.0,1.0,0.0,H,0.0,0.0,D,,,,,,,,,,,,,2.38,3.25,3.0
T1,2017-02-17,Kayserispor,Bursaspor,1410.18,1479.86,7.0,10.0,1.0,1.0,2.0,0.0,H,0.0,0.0,D,,,,,,,,,,,,,2.1,3.2,3.6
T1,2017-02-18,Antalyaspor,Karabukspor,1505.1,1421.44,7.0,13.0,6.0,9.0,1.0,0.0,H,0.0,0.0,D,,,,,,,,,,,,,2.05,3.2,3.8
T1,2017-02-18,Buyuksehyr,Gaziantepspor,1601.29,1352.15,3.0,7.0,3.0,3.0,0.0,0.0,D,0.0,0.0,D,,,,,,,,,,,,,1.3,5.0,10.0
T1,2017-02-18,Rizespor,Galatasaray,1401.58,1588.74,3.0,6.0,3.0,9.0,1.0,1.0,D,0.0,1.0,A,,,,,,,,,,,,,4.0,3.6,1.85
T1,2017-02-19,Adanaspor,Osmanlispor,1384.38,,6.0,8.0,1.0,4.0,1.0,5.0,A,0.0,2.0,A,,,,,,,,,,,,,3.4,3.2,2.2
T1,2017-02-19,Besiktas,Akhisar Belediyespor,1686.54,1450.15,6.0,12.0,4.0,7.0,3.0,1.0,H,2.0,0.0,H,,,,,,,,,,,,,1.36,4.75,8.0
T1,2017-02-19,Fenerbahce,Kasimpasa,1663.4,1475.77,4.0,8.0,3.0,6.0,0.0,0.0,D,0.0,0.0,D,,,,,,,,,,,,,1.36,4.5,9.0
T1,2017-02-19,Genclerbirligi,Konyaspor,1476.77,1517.21,1.0,4.0,4.0,4.0,2.0,0.0,H,1.0,0.0,H,,,,,,,,,,,,,2.05,3.2,3.8
T1,2017-02-20,Trabzonspor,Alanyaspor,1467.14,1399.05,9.0,12.0,3.0,3.0,0.0,0.0,D,0.0,0.0,D,,,,,,,,,,,,,1.6,3.8,5.75
T1,2017-02-24,Kasimpasa,Bursaspor,1475.77,1479.86,4.0,7.0,1.0,1.0,4.0,0.0,H,1.0,0.0,H,,,,,,,,,,,,,1.95,3.4,3.9
T1,2017-02-24,Rizespor,Kayserispor,1401.58,1410.18,4.0,7.0,9.0,10.0,2.0,4.0,A,1.0,2.0,A,,,,,,,,,,,,,2.1,3.2,3.6
T1,2017-02-25,Akhisar Belediyespor,Antalyaspor,1450.15,1505.1,3.0,4.0,7.0,13.0,3.0,0.0,H,1.0,0.0,H,,,,,,,,,,,,,2.45,3.25,2.88
T1,2017-02-25,Alanyaspor,Adanaspor,1399.05,1384.38,4.0,4.0,3.0,7.0,4.0,1.0,H,2.0,0.0,H,,,,,,,,,,,,,1.95,3.5,3.8
T1,2017-02-25,Konyaspor,Trabzonspor,1517.21,1467.14,1.0,4.0,7.0,13.0,1.0,1.0,D,0.0,0.0,D,,,,,,,,,,,,,2.9,3.1,2.5
T1,2017-02-26,Gaziantepspor,Fenerbahce,1352.15,1663.4,4.0,4.0,2.0,6.0,1.0,1.0,D,1.0,1.0,D,,,,,,,,,,,,,4.75,3.6,1.73
T1,2017-02-26,Karabukspor,Genclerbirligi,1421.44,1476.77,3.0,9.0,4.0,7.0,1.0,0.0,H,1.0,0.0,H,,,,,,,,,,,,,2.3,3.2,2.9
T1,2017-02-26,Osmanlispor,Buyuksehyr,,1601.29,4.0,4.0,4.0,7.0,0.0,1.0,A,0.0,1.0,A,,,,,,,,,,,,,2.5,3.2,2.8
T1,2017-02-27,Galatasaray,Besiktas,1588.74,1686.54,4.0,7.0,6.0,12.0,0.0,1.0,A,0.0,0.0,D,,,,,,,,,,,,,2.88,3.3,2.4
T1,2017-03-03,Trabzonspor,Karabukspor,1461.34,1419.95,5.0,11.0,6.0,9.0,1.0,0.0,H,0.0,0.0,D,,,,,,,,,,,,,1.8,3.6,4.33
T1,2017-03-04,Besiktas,Rizespor,1700.21,1386.01,6.0,12.0,1.0,4.0,1.0,0.0,H,1.0,0.0,H,,,,,,,,,,,,,1.3,5.0,10.0
T1,2017-03-04,Bursaspor,Gaziantepspor,1451.84,1359.72,1.0,1.0,5.0,5.0,2.0,1.0,H,1.0,1.0,D,,,,,,,,,,,,,1.91,3.5,3.9
T1,2017-03-05,Adanaspor,Konyaspor,1357.3,1498.55,0.0,6.0,2.0,5.0,0.0,1.0,A,0.0,1.0,A,,,,,,,,,,,,,2.9,3.25,2.45
T1,2017-03-05,Buyuksehyr,Alanyaspor,1597.21,1407.15,4.0,7.0,7.0,7.0,2.0,1.0,H,1.0,0.0,H,,,,,,,,,,,,,1.45,4.33,7.0
T1,2017-03-05,Fenerbahce,Osmanlispor,1636.27,,3.0,6.0,3.0,4.0,1.0,0.0,H,0.0,0.0,D,,,,,,,,,,,,,1.83,3.6,4.2
T1,2017-03-05,Kayserispor,Kasimpasa,1429.76,1488.48,9.0,13.0,7.0,7.0,2.0,2.0,D,1.0,1.0,D,,,,,,,,,,,,,2.15,3.4,3.3
T1,2017-03-06,Antalyaspor,Galatasaray,1490.71,1573.46,4.0,10.0,1.0,4.0,2.0,3.0,A,1.0,2.0,A,,,,,,,,,,,,,3.1,3.4,2.25
T1,2017-03-06,Genclerbirligi,Akhisar Belediyespor,1473.78,1455.85,3.0,4.0,6.0,7.0,2.0,0.0,H,1.0,0.0,H,,,,,,,,,,,,,2.2,3.1,3.5
T1,2017-03-10,Alanyaspor,Fenerbahce,1407.15,1636.27,4.0,7.0,5.0,6.0,2.0,3.0,A,2.0,2.0,D,,,,,,,,,,,,,4.0,3.5,1.91
T1,2017-03-11,Galatasaray,Genclerbirligi,1573.46,1473.78,4.0,7.0,6.0,7.0,3.0,2.0,H,2.0,1.0,H,,,,,,,,,,,,,1.65,3.5,5.75
T1,2017-03-11,Gaziantepspor,Kasimpasa,1359.72,1488.48,2.0,5.0,5.0,8.0,0.0,2.0,A,0.0,0.0,D,,,,,,,,,,,,,2.25,3.1,3.3
T1,2017-03-11,Karabukspor,Adanaspor,1419.95,1357.3,3.0,6.0,0.0,3.0,2.0,0.0,H,1.0,0.0,H,,,,,,,,,,,,,1.62,3.6,6.0
T1,2017-03-11,Osmanlispor,Bursaspor,,1451.84,3.0,4.0,3.0,4.0,1.0,1.0,D,0.0,1.0,A,,,,,,,,,,,,,1.57,3.8,6.0
T1,2017-03-12,Besiktas,Kayserispor,1700.21,1429.76,9.0,12.0,7.0,13.0,2.0,2.0,D,0.0,0.0,D,,,,,,,,,,,,,1.36,4.75,8.5
T1,2017-03-12,Konyaspor,Buyuksehyr,1498.55,1597.21,4.0,5.0,7.0,10.0,0.0,3.0,A,0.0,1.0,A,,,,,,,,,,,,,3.3,3.2,2.25
T1,2017-03-12,Rizespor,Antalyaspor,1386.01,1490.71,1.0,4.0,3.0,7.0,1.0,2.0,A,0.0,2.0,A,,,,,,,,,,,,,2.5,3.3,2.8
T1,2017-03-13,Akhisar Belediyespor,Trabzonspor,1455.85,1461.34,3.0,6.0,5.0,11.0,1.0,3.0,A,1.0,0.0,H,,,,,,,,,,,,,2.88,3.2,2.5
T1,2017-03-17,Fenerbahce,Konyaspor,1645.1,1492.61,7.0,9.0,4.0,5.0,2.0,3.0,A,1.0,2.0,A,,,,,,,,,,,,,1.44,4.2,7.5
T1,2017-03-18,Adanaspor,Akhisar Belediyespor,1345.0,1434.98,0.0,0.0,3.0,6.0,2.0,1.0,H,1.0,1.0,D,,,,,,,,,,,,,2.7,3.2,2.6
T1,2017-03-18,Kasimpasa,Osmanlispor,1499.22,,7.0,11.0,1.0,4.0,3.0,2.0,H,2.0,2.0,D,,,,,,,,,,,,,2.7,3.4,2.5
T1,2017-03-18,Kayserispor,Gaziantepspor,1437.83,1347.25,5.0,11.0,1.0,5.0,3.0,4.0,A,2.0,2.0,D,,,,,,,,,,,,,1.83,3.5,4.33
T1,2017-03-18,Trabzonspor,Galatasaray,1481.05,1586.08,7.0,11.0,6.0,7.0,2.0,0.0,H,1.0,0.0,H,,,,,,,,,,,,,2.2,3.4,3.2
T1,2017-03-19,Antalyaspor,Besiktas,1491.43,1696.9,3.0,7.0,7.0,10.0,0.0,0.0,D,0.0,0.0,D,,,,,,,,,,,,,4.33,3.6,1.8
T1,2017-03-19,Bursaspor,Alanyaspor,1460.58,1401.39,4.0,5.0,3.0,7.0,1.0,3.0,A,1.0,1.0,D,,,,,,,,,,,,,2.05,3.6,3.3
T1,2017-03-19,Buyuksehyr,Karabukspor,1614.0,1422.36,9.0,10.0,6.0,9.0,3.0,3.0,D,1.0,1.0,D,,,,,,,,,,,,,1.62,3.8,5.5
T1,2017-03-19,Genclerbirligi,Rizespor,1479.04,1378.24,3.0,6.0,0.0,1.0,1.0,0.0,H,0.0,0.0,D,,,,,,,,,,,,,1.85,3.3,4.5
T1,2017-04-01,Akhisar Belediyespor,Buyuksehyr,1431.4,1612.62,0.0,3.0,7.0,11.0,2.0,1.0,H,0.0,0.0,D,,,,,,,,,,,,,3.8,3.2,2.05
T1,2017-04-01,Alanyaspor,Kasimpasa,1422.43,1510.78,3.0,7.0,7.0,11.0,3.0,1.0,H,2.0,0.0,H,,,,,,,,,,,,,2.1,3.5,3.3
T1,2017-04-01,Antalyaspor,Kayserispor,1500.39,1430.55,4.0,7.0,2.0,8.0,2.0,1.0,H,1.0,0.0,H,,,,,,,,,,,,,2.1,3.4,3.4
T1,2017-04-01,Karabukspor,Fenerbahce,1433.83,1636.48,4.0,7.0,6.0,8.0,0.0,1.0,A,0.0,0.0,D,,,,,,,,,,,,,3.6,3.2,2.1
T1,2017-04-02,Besiktas,Genclerbirligi,1709.67,1488.14,5.0,11.0,6.0,9.0,3.0,0.0,H,1.0,0.0,H,,,,,,,,,,,,,1.44,4.33,7.0
T1,2017-04-02,Konyaspor,Bursaspor,1511.32,1449.63,6.0,7.0,4.0,4.0,2.0,0.0,H,1.0,0.0,H,,,,,,,,,,,,,1.75,3.4,5.0
T1,2017-04-02,Osmanlispor,Gaziantepspor,,1364.62,1.0,4.0,3.0,5.0,0.0,2.0,A,0.0,1.0,A,,,,,,,,,,,,,1.62,3.6,5.75
T1,2017-04-02,Rizespor,Trabzonspor,1379.22,1498.68,0.0,1.0,9.0,11.0,0.0,1.0,A,0.0,1.0,A,,,,,,,,,,,,,3.0,3.4,2.3
T1,2017-04-03,Galatasaray,Adanaspor,1578.54,1358.68,6.0,7.0,3.0,3.0,4.0,0.0,H,1.0,0.0,H,,,,,,,,,,,,,1.36,5.0,7.5
T1,2017-04-07,Bursaspor,Karabukspor,1449.63,1433.83,1.0,4.0,4.0,7.0,3.0,0.0,H,0.0,0.0,D,,,,,,,,,,,,,2.15,3.3,3.4
T1,2017-04-08,Gaziantepspor,Alanyaspor,1364.62,1422.43,6.0,7.0,6.0,9.0,2.0,3.0,A,0.0,1.0,A,,,,,,,,,,,,,2.38,3.2,3.0
T1,2017-04-08,Genclerbirligi,Antalyaspor,1488.14,1500.39,3.0,6.0,7.0,7.0,1.0,1.0,D,1.0,1.0,D,,,,,,,,,,,,,2.05,3.3,3.6
T1,2017-04-08,Trabzonspor,Besiktas,1498.68,1709.67,9.0,13.0,5.0,11.0,3.0,4.0,A,1.0,1.0,D,,,,,,,,,,,,,2.88,3.3,2.4
T1,2017-04-09,Adanaspor,Rizespor,1358.68,1379.22,3.0,3.0,0.0,0.0,1.0,3.0,A,0.0,1.0,A,,,,,,,,,,,,,2.5,3.25,2.8
T1,2017-04-09,Fenerbahce,Akhisar Belediyespor,1636.48,1431.4,6.0,10.0,3.0,6.0,3.0,1.0,H,1.0,0.0,H,,,,,,,,,,,,,1.36,4.33,10.0
T1,2017-04-09,Kayserispor,Osmanlispor,1430.55,,1.0,5.0,1.0,1.0,1.0,4.0,A,1.0,2.0,A,,,,,,,,,,,,,2.45,3.25,2.88
T1,2017-04-10,Buyuksehyr,Galatasaray,1612.62,1578.54,4.0,10.0,6.0,9.0,4.0,0.0,H,2.0,0.0,H,,,,,,,,,,,,,2.15,3.3,3.4
T1,2017-04-10,Kasimpasa,Konyaspor,1510.78,1511.32,6.0,10.0,6.0,10.0,1.0,1.0,D,0.0,1.0,A,,,,,,,,,,,,,2.1,3.25,3.6
T1,2017-04-12,Gaziantepspor,Genclerbirligi,1364.62,1488.14,6.0,6.0,4.0,7.0,0.0,1.0,A,0.0,0.0,D,,,,,,,,,,,,,3.1,3.1,2.4
T1,2017-04-21,Karabukspor,Kasimpasa,1417.62,1496.43,1.0,4.0,4.0,8.0,0.0,0.0,D,0.0,0.0,D,,,,,,,,,,,,,2.15,3.4,3.25
T1,2017-04-21,Konyaspor,Gaziantepspor,1518.53,1366.79,7.0,10.0,3.0,6.0,1.0,2.0,A,1.0,1.0,D,,,,,,,,,,,,,1.91,3.3,4.2
T1,2017-04-22,Alanyaspor,Osmanlispor,1441.54,,9.0,9.0,3.0,4.0,0.0,1.0,A,0.0,0.0,D,,,,,,,,,,,,,2.38,3.5,2.8
T1,2017-04-22,Antalyaspor,Trabzonspor,1505.46,1499.72,5.0,8.0,6.0,12.0,0.0,3.0,A,0.0,0.0,D,,,,,,,,,,,,,3.0,3.1,2.45
T1,2017-04-22,Genclerbirligi,Kayserispor,1488.99,1410.23,4.0,7.0,0.0,2.0,2.0,1.0,H,2.0,1.0,H,,,,,,,,,,,,,2.05,3.2,3.8
T1,2017-04-22,Rizespor,Buyuksehyr,1384.53,1612.12,3.0,3.0,4.0,10.0,3.0,3.0,D,1.0,1.0,D,,,,,,,,,,,,,4.0,3.2,2.0
T1,2017-04-23,Akhisar Belediyespor,Bursaspor,1437.65,1451.86,3.0,3.0,3.0,7.0,5.0,1.0,H,4.0,1.0,H,,,,,,,,,,,,,2.0,3.2,4.0
T1,2017-04-23,Galatasaray,Fenerbahce,1570.17,1643.74,3.0,9.0,6.0,12.0,0.0,1.0,A,0.0,0.0,D,,,,,,,,,,,,,2.63,3.1,2.75
T1,2017-04-24,Besiktas,Adanaspor,1714.46,1339.94,7.0,11.0,3.0,3.0,3.0,2.0,H,1.0,1.0,D,,,,,,,,,,,,,1.17,6.5,17.0
T1,2017-04-28,Gaziantepspor,Karabukspor,1366.79,1417.62,3.0,9.0,1.0,5.0,0.0,0.0,D,0.0,0.0,D,,,,,,,,,,,,,2.05,3.4,3.5
T1,2017-04-29,Kayserispor,Alanyaspor,1410.23,1441.54,0.0,1.0,6.0,9.0,3.0,0.0,H,1.0,0.0,H,,,,,,,,,,,,,2.0,3.5,3.6
T1,2017-04-29,Trabzonspor,Genclerbirligi,1499.72,1488.99,6.0,12.0,7.0,10.0,0.0,0.0,D,0.0,0.0,D,,,,,,,,,,,,,1.57,4.0,5.5
T1,2017-04-30,Adanaspor,Antalyaspor,1339.94,1505.46,0.0,3.0,4.0,8.0,2.0,5.0,A,0.0,3.0,A,,,,,,,,,,,,,3.2,3.3,2.25
T1,2017-04-30,Buyuksehyr,Besiktas,1612.12,1714.46,4.0,8.0,9.0,11.0,3.0,1.0,H,3.0,0.0,H,,,,,,,,,,,,,3.4,3.5,2.05
T1,2017-04-30,Fenerbahce,Rizespor,1643.74,1384.53,9.0,12.0,4.0,4.0,2.0,1.0,H,1.0,1.0,D,,,,,,,,,,,,,1.36,4.75,8.5
T1,2017-04-30,Kasimpasa,Akhisar Belediyespor,1496.43,1437.65,2.0,8.0,6.0,6.0,0.0,2.0,A,0.0,0.0,D,,,,,,,,,,,,,1.91,3.5,4.0
T1,2017-05-01,Bursaspor,Galatasaray,1439.98,1563.83,3.0,4.0,3.0,6.0,0.0,5.0,A,0.0,2.0,A,,,,,,,,,,,,,3.75,3.4,2.0
T1,2017-05-01,Osmanlispor,Konyaspor,,1506.37,6.0,7.0,4.0,7.0,0.0,0.0,D,0.0,0.0,D,,,,,,,,,,,,,1.65,3.8,5.25
T1,2017-05-05,Antalyaspor,Buyuksehyr,1500.02,1622.14,4.0,8.0,7.0,8.0,0.0,1.0,A,0.0,0.0,D,,,,,,,,,,,,,3.3,3.5,2.1
T1,2017-05-06,Galatasaray,Kasimpasa,1563.83,1481.94,3.0,6.0,2.0,5.0,1.0,3.0,A,0.0,1.0,A,,,,,,,,,,,,,1.44,4.33,7.0
T1,2017-05-06,Genclerbirligi,Adanaspor,1497.61,1330.17,7.0,8.0,0.0,3.0,0.0,1.0,A,0.0,1.0,A,,,,,,,,,,,,,1.5,4.33,6.0
T1,2017-05-06,Konyaspor,Alanyaspor,1506.37,1422.97,2.0,8.0,3.0,9.0,2.0,3.0,A,1.0,1.0,D,,,,,,,,,,,,,2.0,3.3,3.75
T1,2017-05-06,Trabzonspor,Kayserispor,1515.79,1418.87,4.0,10.0,3.0,3.0,2.0,3.0,A,2.0,2.0,D,,,,,,,,,,,,,1.62,3.75,5.5
T1,2017-05-07,Besiktas,Fenerbahce,1707.26,1654.72,6.0,10.0,9.0,12.0,1.0,1.0,D,1.0,0.0,H,,,,,,,,,,,,,1.8,3.6,4.33
T1,2017-05-07,Rizespor,Bursaspor,1388.48,1439.98,4.0,4.0,3.0,3.0,6.0,0.0,H,4.0,0.0,H,,,,,,,,,,,,,1.8,3.6,4.33
T1,2017-05-08,Akhisar Belediyespor,Gaziantepspor,1468.14,1380.93,6.0,9.0,4.0,7.0,6.0,0.0,H,1.0,0.0,H,,,,,,,,,,,,,2.0,3.4,3.75
T1,2017-05-08,Karabukspor,Osmanlispor,1420.21,,2.0,3.0,7.0,7.0,1.0,0.0,H,0.0,0.0,D,,,,,,,,,,,,,2.63,3.4,2.55
T1,2017-05-12,Kasimpasa,Rizespor,1481.94,1388.48,4.0,5.0,4.0,7.0,4.0,2.0,H,0.0,0.0,D,,,,,,,,,,,,,2.8,3.7,2.3
T1,2017-05-12,Kayserispor,Konyaspor,1418.87,1506.37,6.0,6.0,1.0,5.0,2.0,1.0,H,1.0,1.0,D,,,,,,,,,,,,,1.44,4.5,6.5
T1,2017-05-13,Adanaspor,Trabzonspor,1330.17,1515.79,3.0,3.0,4.0,7.0,1.0,1.0,D,1.0,1.0,D,,,,,,,,,,,,,5.5,3.8,1.62
T1,2017-05-13,Buyuksehyr,Genclerbirligi,1622.14,1497.61,7.0,10.0,4.0,8.0,2.0,1.0,H,0.0,1.0,A,,,,,,,,,,,,,1.3,4.75,12.0
T1,2017-05-13,Fenerbahce,Antalyaspor,1654.72,1500.02,7.0,13.0,3.0,7.0,0.0,1.0,A,0.0,0.0,D,,,,,,,,,,,,,1.53,4.33,5.5
T1,2017-05-14,Alanyaspor,Karabukspor,1422.97,1420.21,3.0,9.0,5.0,5.0,4.0,2.0,H,1.0,1.0,D,,,,,,,,,,,,,1.75,3.75,4.5
T1,2017-05-14,Gaziantepspor,Galatasaray,1380.93,1563.83,4.0,4.0,3.0,6.0,1.0,2.0,A,0.0,1.0,A,,,,,,,,,,,,,4.0,3.75,1.83
T1,2017-05-14,Osmanlispor,Akhisar Belediyespor,,1468.14,4.0,7.0,9.0,12.0,0.0,4.0,A,0.0,1.0,A,,,,,,,,,,,,,1.91,3.4,4.0
T1,2017-05-15,Bursaspor,Besiktas,1407.86,1704.05,0.0,3.0,4.0,10.0,0.0,2.0,A,0.0,0.0,D,,,,,,,,,,,,,13.0,5.25,1.25
T1,2017-05-19,Galatasaray,Osmanlispor,1566.13,,6.0,6.0,1.0,7.0,2.0,0.0,H,2.0,0.0,H,,,,,,,,,,,,,1.4,4.5,6.5
T1,2017-05-20,Antalyaspor,Bursaspor,1507.07,1407.86,6.0,7.0,0.0,3.0,2.0,1.0,H,1.0,0.0,H,,,,,,,,,,,,,1.33,5.0,8.5
T1,2017-05-20,Besiktas,Kasimpasa,1704.05,1504.95,4.0,10.0,6.0,8.0,4.0,1.0,H,2.0,1.0,H,,,,,,,,,,,,,1.14,7.5,17.0
T1,2017-05-20,Kayserispor,Adanaspor,1439.25,1346.56,9.0,9.0,4.0,4.0,1.0,1.0,D,1.0,0.0,H,,,,,,,,,,,,,1.3,4.75,9.0
T1,2017-05-20,Rizespor,Gaziantepspor,1400.14,1365.06,3.0,7.0,1.0,4.0,2.0,0.0,H,1.0,0.0,H,,,,,,,,,,,,,1.62,4.0,5.0
T1,2017-05-21,Konyaspor,Karabukspor,1488.41,1420.36,1.0,2.0,4.0,5.0,3.0,0.0,H,2.0,0.0,H,,,,,,,,,,,,,2.1,3.2,3.25
T1,2017-05-21,Trabzonspor,Buyuksehyr,1500.9,1632.15,2.0,5.0,9.0,13.0,0.0,0.0,D,0.0,0.0,D,,,,,,,,,,,,,2.8,3.4,2.4
T1,2017-05-22,Akhisar Belediyespor,Alanyaspor,1499.99,1443.73,9.0,12.0,6.0,9.0,3.0,0.0,H,1.0,0.0,H,,,,,,,,,,,,,1.91,3.4,4.0
T1,2017-05-22,Genclerbirligi,Fenerbahce,1480.44,1644.27,1.0,7.0,4.0,10.0,1.0,2.0,A,1.0,0.0,H,,,,,,,,,,,,,4.0,3.4,1.91
T1,2017-05-27,Buyuksehyr,Adanaspor,1632.15,1346.56,7.0,11.0,5.0,5.0,2.0,1.0,H,1.0,1.0,D,,,,,,,,,,,,,1.2,6.0,15.0
T1,2017-05-27,Fenerbahce,Trabzonspor,1644.27,1500.9,4.0,10.0,2.0,6.0,1.0,1.0,D,1.0,0.0,H,,,,,,,,,,,,,1.8,3.4,4.75
T1,2017-05-27,Kasimpasa,Antalyaspor,1504.95,1507.07,6.0,7.0,6.0,9.0,0.0,3.0,A,0.0,1.0,A,,,,,,,,,,,,,3.25,3.75,2.05
T1,2017-05-27,Konyaspor,Akhisar Belediyespor,1488.41,1499.99,3.0,4.0,9.0,15.0,0.0,3.0,A,0.0,2.0,A,,,,,,,,,,,,,3.4,3.25,2.15
T1,2017-05-28,Bursaspor,Genclerbirligi,1407.86,1480.44,0.0,0.0,0.0,4.0,1.0,2.0,A,1.0,0.0,H,,,,,,,,,,,,,1.57,4.2,5.25
T1,2017-05-28,Gaziantepspor,Besiktas,1365.06,1704.05,0.0,4.0,7.0,10.0,0.0,4.0,A,0.0,2.0,A,,,,,,,,,,,,,16.0,8.0,1.14
T1,2017-05-28,Karabukspor,Kayserispor,1420.36,1439.25,3.0,5.0,7.0,10.0,2.0,2.0,D,0.0,1.0,A,,,,,,,,,,,,,2.05,3.75,3.2
T1,2017-05-28,Osmanlispor,Rizespor,,1400.14,0.0,4.0,6.0,7.0,1.0,2.0,A,1.0,1.0,D,,,,,,,,,,,,,3.0,3.4,2.3
T1,2017-05-29,Alanyaspor,Galatasaray,1443.73,1566.13,6.0,6.0,6.0,9.0,2.0,3.0,A,1.0,3.0,A,,,,,,,,,,,,,4.75,4.0,1.65
T1,2017-06-02,Akhisar Belediyespor,Karabukspor,1525.1,1410.61,9.0,15.0,1.0,5.0,2.0,3.0,A,1.0,0.0,H,,,,,,,,,,,,,1.33,5.0,8.5
T1,2017-06-02,Antalyaspor,Gaziantepspor,1527.2,1353.0,9.0,12.0,0.0,1.0,4.0,1.0,H,2.0,1.0,H,,,,,,,,,,,,,1.36,5.0,7.5
T1,2017-06-02,Genclerbirligi,Kasimpasa,1482.51,1484.71,3.0,4.0,3.0,6.0,1.0,0.0,H,1.0,0.0,H,,,,,,,,,,,,,1.91,3.75,3.6
T1,2017-06-03,Adanaspor,Fenerbahce,1349.21,1644.48,2.0,5.0,4.0,8.0,1.0,3.0,A,1.0,2.0,A,,,,,,,,,,,,,8.5,5.5,1.3
T1,2017-06-03,Besiktas,Osmanlispor,1716.44,,9.0,10.0,0.0,1.0,4.0,0.0,H,2.0,0.0,H,,,,,,,,,,,,,1.22,6.25,11.0
T1,2017-06-03,Galatasaray,Konyaspor,1578.25,1480.57,9.0,12.0,3.0,4.0,2.0,1.0,H,1.0,0.0,H,,,,,,,,,,,,,1.2,7.0,11.0
T1,2017-06-03,Kayserispor,Buyuksehyr,1436.18,1631.9,5.0,11.0,7.0,13.0,0.0,1.0,A,0.0,0.0,D,,,,,,,,,,,,,2.88,3.6,2.3
T1,2017-06-03,Rizespor,Alanyaspor,1419.44,1429.21,6.0,9.0,3.0,6.0,1.0,0.0,H,1.0,0.0,H,,,,,,,,,,,,,1.29,6.0,8.0
T1,2017-06-03,Trabzonspor,Bursaspor,1508.24,1392.04,3.0,4.0,0.0,0.0,1.0,2.0,A,0.0,0.0,D,,,,,,,,,,,,,2.9,3.5,2.3
T1,2017-08-11,Buyuksehyr,Bursaspor,1634.07,1396.04,7.0,13.0,3.0,3.0,1.0,0.0,H,1.0,0.0,H,5.0,4.0,3.0,1.0,15.0,9.0,0.0,3.0,1.0,1.0,0.0,0.0,1.36,4.75,8.5
T1,2017-08-12,Akhisar Belediyespor,Sivasspor,1504.13,1382.45,6.0,12.0,5.0,7.0,1.0,0.0,H,0.0,0.0,D,9.0,5.0,3.0,1.0,17.0,15.0,3.0,4.0,3.0,2.0,0.0,0.0,2.0,3.4,3.75
T1,2017-08-12,Alanyaspor,Kasimpasa,1414.25,1469.73,0.0,6.0,0.0,6.0,1.0,3.0,A,1.0,2.0,A,16.0,7.0,7.0,3.0,12.0,23.0,5.0,3.0,2.0,4.0,0.0,0.0,2.15,3.4,3.3
T1,2017-08-12,Genclerbirligi,Karabukspor,1480.6,1414.68,6.0,6.0,4.0,7.0,1.0,1.0,D,1.0,1.0,D,6.0,6.0,3.0,1.0,20.0,19.0,4.0,1.0,2.0,3.0,0.0,0.0,2.0,3.5,3.6
T1,2017-08-12,Goztep,Fenerbahce,1382.45,1646.18,4.0,8.0,7.0,8.0,2.0,2.0,D,1.0,1.0,D,6.0,8.0,4.0,5.0,20.0,12.0,0.0,4.0,4.0,1.0,0.0,0.0,4.75,3.6,1.73
T1,2017-08-13,Besiktas,Antalyaspor,1711.78,1523.81,9.0,13.0,9.0,12.0,2.0,0.0,H,1.0,0.0,H,9.0,6.0,5.0,2.0,23.0,16.0,3.0,3.0,3.0,4.0,0.0,0.0,1.4,4.5,7.5
T1,2017-08-13,Trabzonspor,Konyaspor,1487.35,1467.87,2.0,3.0,3.0,3.0,2.0,1.0,H,1.0,1.0,D,9.0,11.0,6.0,4.0,20.0,20.0,1.0,6.0,4.0,2.0,0.0,0.0,1.65,3.5,5.75
T1,2017-08-13,Yeni Malatyaspor,Osmanlispor,,,0.0,0.0,0.0,0.0,3.0,1.0,H,1.0,0.0,H,10.0,9.0,6.0,5.0,14.0,13.0,3.0,5.0,1.0,3.0,0.0,1.0,2.88,3.2,2.5
T1,2017-08-14,Galatasaray,Kayserispor,1543.6,1422.98,9.0,12.0,2.0,8.0,4.0,1.0,H,3.0,1.0,H,13.0,6.0,8.0,2.0,14.0,18.0,2.0,2.0,2.0,4.0,0.0,1.0,1.53,3.75,7.0
T1,2017-08-18,Kasimpasa,Besiktas,1485.63,1720.07,3.0,6.0,9.0,15.0,2.0,2.0,D,1.0,2.0,A,7.0,11.0,4.0,5.0,14.0,20.0,4.0,4.0,4.0,2.0,0.0,0.0,4.75,4.0,1.67
T1,2017-08-19,Bursaspor,Alanyaspor,1398.62,1407.35,3.0,3.0,0.0,3.0,3.0,2.0,H,2.0,0.0,H,11.0,11.0,6.0,6.0,16.0,15.0,1.0,2.0,2.0,2.0,0.0,0.0,2.0,3.6,3.5
T1,2017-08-19,Karabukspor,Buyuksehyr,1422.7,1650.83,5.0,5.0,9.0,13.0,3.0,1.0,H,2.0,1.0,H,8.0,4.0,3.0,2.0,14.0,8.0,5.0,1.0,2.0,1.0,0.0,0.0,3.5,3.4,2.05
T1,2017-08-19,Osmanlispor,Galatasaray,,1554.63,0.0,0.0,9.0,15.0,1.0,3.0,A,0.0,2.0,A,7.0,8.0,4.0,6.0,16.0,17.0,4.0,5.0,2.0,2.0,0.0,0.0,4.5,3.5,1.8
T1,2017-08-19,Sivasspor,Yeni Malatyaspor,1383.11,,2.0,6.0,9.0,15.0,2.0,0.0,H,1.0,0.0,H,8.0,8.0,2.0,2.0,19.0,16.0,4.0,7.0,3.0,2.0,0.0,0.0,2.1,3.3,3.5
T1,2017-08-20,Antalyaspor,Akhisar Belediyespor,1524.52,1512.49,6.0,12.0,6.0,12.0,2.0,2.0,D,1.0,1.0,D,7.0,10.0,3.0,4.0,15.0,10.0,3.0,4.0,3.0,2.0,0.0,0.0,1.91,3.5,3.9
T1,2017-08-20,Fenerbahce,Trabzonspor,1645.16,1497.93,5.0,8.0,4.0,6.0,2.0,2.0,D,1.0,1.0,D,8.0,5.0,3.0,3.0,17.0,28.0,4.0,9.0,2.0,4.0,0.0,0.0,1.8,3.5,4.5
T1,2017-08-20,Kayserispor,Goztep,1420.96,1392.19,1.0,5.0,4.0,6.0,1.0,0.0,H,1.0,0.0,H,6.0,8.0,2.0,4.0,15.0,19.0,3.0,5.0,3.0,1.0,0.0,0.0,2.0,3.4,3.75
T1,2017-08-21,Konyaspor,Genclerbirligi,1466.3,1481.59,0.0,3.0,7.0,7.0,3.0,0.0,H,2.0,0.0,H,9.0,6.0,6.0,3.0,14.0,15.0,1.0,2.0,1.0,1.0,0.0,0.0,2.2,3.2,3.4
T1,2017-08-25,Alanyaspor,Karabukspor,1407.35,1422.7,0.0,0.0,7.0,8.0,1.0,1.0,D,0.0,1.0,A,6.0,12.0,3.0,6.0,9.0,27.0,9.0,2.0,1.0,5.0,0.0,0.0,2.1,3.5,3.3
T1,2017-08-25,Galatasaray,Sivasspor,1554.63,1383.11,9.0,15.0,4.0,8.0,3.0,0.0,H,1.0,0.0,H,9.0,6.0,6.0,2.0,20.0,11.0,6.0,5.0,3.0,0.0,0.0,0.0,1.36,4.75,8.5
T1,2017-08-26,Besiktas,Bursaspor,1720.07,1398.62,7.0,13.0,6.0,6.0,2.0,1.0,H,1.0,1.0,D,11.0,3.0,7.0,2.0,17.0,12.0,8.0,4.0,2.0,3.0,0.0,0.0,1.36,5.0,7.5
T1,2017-08-26,Goztep,Trabzonspor,1392.19,1497.93,4.0,5.0,4.0,6.0,3.0,2.0,H,2.0,2.0,D,15.0,10.0,9.0,2.0,18.0,18.0,3.0,4.0,2.0,4.0,0.0,0.0,3.8,3.3,2.0
T1,2017-08-26,Kayserispor,Osmanlispor,1420.96,,3.0,5.0,0.0,0.0,2.0,2.0,D,1.0,1.0,D,8.0,13.0,4.0,4.0,13.0,9.0,6.0,3.0,5.0,1.0,1.0,1.0,2.4,3.3,2.9
T1,2017-08-26,Yeni Malatyaspor,Antalyaspor,,1524.52,5.0,8.0,4.0,10.0,1.0,1.0,D,0.0,1.0,A,9.0,8.0,5.0,5.0,13.0,18.0,10.0,1.0,3.0,2.0,0.0,0.0,3.0,3.1,2.45
T1,2017-08-27,Akhisar Belediyespor,Kasimpasa,1512.49,1485.63,4.0,10.0,4.0,4.0,2.0,1.0,H,0.0,0.0,D,10.0,9.0,5.0,3.0,8.0,14.0,4.0,3.0,3.0,3.0,1.0,0.0,2.0,3.3,3.8
T1,2017-08-27,Buyuksehyr,Konyaspor,1650.83,1466.3,6.0,10.0,3.0,6.0,2.0,1.0,H,0.0,0.0,D,9.0,8.0,6.0,4.0,19.0,12.0,6.0,7.0,4.0,5.0,0.0,1.0,1.44,4.75,6.0
T1,2017-08-27,Genclerbirligi,Fenerbahce,1481.59,1645.16,4.0,7.0,5.0,9.0,1.0,2.0,A,1.0,1.0,D,5.0,9.0,2.0,3.0,13.0,12.0,8.0,3.0,3.0,4.0,2.0,0.0,4.0,3.5,1.95
T1,2017-09-09,Fenerbahce,Buyuksehyr,1580.98,1611.68,5.0,9.0,6.0,12.0,2.0,3.0,A,1.0,2.0,A,8.0,9.0,2.0,7.0,17.0,12.0,5.0,3.0,2.0,4.0,0.0,0.0,2.05,3.25,3.75
T1,2017-09-09,Karabukspor,Besiktas,1419.34,1695.47,5.0,9.0,7.0,13.0,0.0,1.0,A,0.0,0.0,D,13.0,12.0,5.0,6.0,18.0,15.0,3.0,4.0,3.0,4.0,0.0,1.0,4.33,3.4,1.85
T1,2017-09-09,Konyaspor,Alanyaspor,1453.65,1378.8,3.0,3.0,1.0,1.0,0.0,2.0,A,0.0,1.0,A,12.0,12.0,6.0,6.0,12.0,11.0,12.0,5.0,3.0,2.0,0.0,0.0,2.0,3.3,3.75
T1,2017-09-09,Sivasspor,Kayserispor,1366.44,1403.63,3.0,5.0,4.0,5.0,0.0,2.0,A,0.0,1.0,A,6.0,7.0,2.0,4.0,13.0,18.0,6.0,4.0,2.0,2.0,0.0,0.0,2.25,3.2,3.2
T1,2017-09-10,Antalyaspor,Galatasaray,1499.09,1547.77,2.0,8.0,9.0,15.0,1.0,1.0,D,0.0,1.0,A,7.0,6.0,4.0,1.0,11.0,18.0,10.0,0.0,0.0,1.0,0.0,0.0,3.75,3.6,1.91
T1,2017-09-10,Bursaspor,Akhisar Belediyespor,1382.39,1499.01,3.0,6.0,7.0,10.0,3.0,0.0,H,0.0,0.0,D,12.0,14.0,5.0,6.0,6.0,10.0,4.0,7.0,2.0,1.0,0.0,0.0,2.38,3.3,2.9
T1,2017-09-10,Osmanlispor,Goztep,,1374.52,1.0,1.0,4.0,7.0,0.0,2.0,A,0.0,2.0,A,13.0,6.0,4.0,5.0,14.0,15.0,3.0,4.0,1.0,1.0,0.0,0.0,1.8,3.75,4.2
T1,2017-09-10,Trabzonspor,Genclerbirligi,1472.43,1441.62,4.0,5.0,1.0,7.0,3.0,1.0,H,0.0,1.0,A,14.0,7.0,5.0,3.0,15.0,21.0,4.0,5.0,4.0,7.0,0.0,0.0,1.57,3.8,6.0
T1,2017-09-11,Kasimpasa,Yeni Malatyaspor,1463.17,,4.0,4.0,4.0,7.0,3.0,2.0,H,1.0,1.0,D,10.0,6.0,4.0,4.0,15.0,13.0,3.0,7.0,3.0,2.0,0.0,0.0,1.8,3.75,4.2
T1,2017-09-15,Kayserispor,Antalyaspor,1420.62,1503.2,7.0,7.0,3.0,6.0,2.0,0.0,H,1.0,0.0,H,8.0,4.0,3.0,2.0,6.0,11.0,5.0,5.0,2.0,5.0,0.0,0.0,2.38,3.3,2.9
T1,2017-09-16,Akhisar Belediyespor,Karabukspor,1487.46,1420.62,4.0,7.0,4.0,8.0,2.0,1.0,H,1.0,1.0,D,8.0,7.0,3.0,4.0,15.0,18.0,2.0,3.0,2.0,3.0,0.0,0.0,1.85,3.6,4.0
T1,2017-09-16,Galatasaray,Kasimpasa,1552.78,1471.97,7.0,13.0,4.0,7.0,2.0,0.0,H,1.0,0.0,H,14.0,7.0,8.0,2.0,14.0,11.0,11.0,2.0,1.0,4.0,0.0,0.0,1.3,5.75,8.5
T1,2017-09-16,Yeni Malatyaspor,Bursaspor,,1403.07,1.0,5.0,6.0,9.0,2.0,4.0,A,0.0,2.0,A,11.0,7.0,3.0,4.0,8.0,18.0,5.0,3.0,3.0,3.0,0.0,0.0,2.4,3.4,2.8
T1,2017-09-17,Alanyaspor,Fenerbahce,1399.89,1576.51,4.0,4.0,4.0,8.0,1.0,4.0,A,1.0,2.0,A,6.0,12.0,2.0,8.0,12.0,14.0,3.0,6.0,0.0,3.0,0.0,0.0,3.4,3.5,2.05
T1,2017-09-17,Buyuksehyr,Trabzonspor,1620.03,1485.14,6.0,12.0,4.0,7.0,2.0,2.0,D,1.0,1.0,D,11.0,6.0,6.0,3.0,18.0,22.0,4.0,0.0,5.0,2.0,0.0,0.0,1.85,3.4,4.33
T1,2017-09-17,Goztep,Genclerbirligi,1394.57,1438.04,6.0,10.0,0.0,4.0,3.0,2.0,H,2.0,1.0,H,12.0,10.0,8.0,6.0,13.0,18.0,5.0,6.0,3.0,4.0,0.0,0.0,2.0,3.4,3.75
T1,2017-09-17,Osmanlispor,Sivasspor,,1358.57,1.0,1.0,3.0,4.0,2.0,4.0,A,2.0,4.0,A,10.0,15.0,5.0,8.0,9.0,17.0,6.0,7.0,2.0,6.0,0.0,0.0,1.85,3.3,4.5
T1,2017-09-18,Besiktas,Konyaspor,1720.44,1440.03,7.0,13.0,3.0,3.0,2.0,0.0,H,1.0,0.0,H,16.0,11.0,9.0,3.0,8.0,12.0,3.0,2.0,2.0,2.0,0.0,0.0,1.4,4.5,7.5
T1,2017-09-22,Trabzonspor,Alanyaspor,1485.14,1399.89,4.0,8.0,4.0,4.0,3.0,4.0,A,3.0,1.0,H,12.0,10.0,3.0,5.0,17.0,7.0,5.0,5.0,4.0,4.0,0.0,0.0,1.45,4.5,6.5
T1,2017-09-23,Fenerbahce,Besiktas,1576.51,1720.44,6.0,8.0,9.0,13.0,2.0,1.0,H,1.0,0.0,H,9.0,8.0,3.0,3.0,22.0,16.0,5.0,8.0,3.0,9.0,2.0,3.0,2.6,3.2,2.75
T1,2017-09-23,Genclerbirligi,Buyuksehyr,1438.04,1620.03,0.0,1.0,7.0,10.0,1.0,0.0,H,0.0,0.0,D,10.0,7.0,6.0,2.0,19.0,17.0,3.0,3.0,3.0,2.0,0.0,0.0,5.0,3.5,1.73
T1,2017-09-23,Konyaspor,Akhisar Belediyespor,1440.03,1487.46,0.0,3.0,6.0,10.0,2.0,0.0,H,1.0,0.0,H,8.0,9.0,4.0,3.0,15.0,15.0,2.0,6.0,2.0,2.0,0.0,0.0,2.7,3.1,2.7
T1,2017-09-24,Bursaspor,Galatasaray,1403.07,1552.78,6.0,9.0,7.0,13.0,1.0,2.0,A,1.0,0.0,H,7.0,11.0,5.0,6.0,11.0,15.0,6.0,9.0,0.0,2.0,0.0,0.0,5.75,3.8,1.6
T1,2017-09-24,Karabukspor,Yeni Malatyaspor,1420.62,,1.0,5.0,1.0,4.0,2.0,4.0,A,0.0,3.0,A,12.0,6.0,5.0,5.0,24.0,12.0,4.0,4.0,2.0,2.0,0.0,0.0,1.85,3.5,4.2
T1,2017-09-24,Kasimpasa,Kayserispor,1471.97,1420.62,3.0,7.0,7.0,10.0,1.0,1.0,D,1.0,0.0,H,10.0,7.0,5.0,4.0,17.0,11.0,2.0,5.0,1.0,1.0,0.0,0.0,2.15,3.5,3.2
T1,2017-09-24,Sivasspor,Goztep,1358.57,1394.57,3.0,6.0,9.0,10.0,2.0,3.0,A,1.0,2.0,A,7.0,11.0,4.0,8.0,7.0,14.0,6.0,2.0,0.0,1.0,1.0,0.0,2.05,3.3,3.6
T1,2017-09-25,Antalyaspor,Osmanlispor,1503.2,,2.0,3.0,1.0,1.0,3.0,0.0,H,2.0,0.0,H,7.0,9.0,6.0,4.0,22.0,15.0,4.0,3.0,4.0,3.0,1.0,0.0,2.0,3.4,3.75
T1,2017-09-29,Akhisar Belediyespor,Fenerbahce,1487.46,1576.51,3.0,7.0,6.0,10.0,1.0,0.0,H,0.0,0.0,D,8.0,5.0,3.0,1.0,19.0,16.0,3.0,3.0,3.0,5.0,0.0,2.0,3.4,3.2,2.2
T1,2017-09-30,Galatasaray,Karabukspor,1552.78,1420.62,7.0,13.0,0.0,4.0,3.0,2.0,H,2.0,1.0,H,12.0,7.0,7.0,5.0,12.0,9.0,8.0,3.0,4.0,3.0,0.0,0.0,1.3,5.0,10.0
T1,2017-09-30,Kayserispor,Bursaspor,1420.62,1403.07,7.0,11.0,6.0,9.0,3.0,1.0,H,1.0,1.0,D,9.0,7.0,4.0,2.0,12.0,11.0,5.0,7.0,1.0,2.0,0.0,0.0,2.0,3.4,3.75
T1,2017-09-30,Osmanlispor,Kasimpasa,,1471.97,0.0,1.0,4.0,5.0,3.0,0.0,H,2.0,0.0,H,10.0,4.0,6.0,0.0,20.0,19.0,4.0,3.0,2.0,2.0,0.0,0.0,1.95,3.75,3.5
T1,2017-09-30,Sivasspor,Antalyaspor,1358.57,1503.2,3.0,6.0,4.0,6.0,3.0,1.0,H,3.0,0.0,H,8.0,14.0,4.0,7.0,16.0,22.0,4.0,3.0,2.0,5.0,1.0,0.0,2.38,3.3,2.9
T1,2017-10-01,Alanyaspor,Genclerbirligi,1406.74,1445.56,6.0,7.0,3.0,3.0,4.0,1.0,H,2.0,0.0,H,13.0,6.0,7.0,3.0,9.0,20.0,2.0,4.0,2.0,4.0,1.0,0.0,2.0,3.5,3.6
T1,2017-10-01,Besiktas,Trabzonspor,1724.16,1482.02,6.0,10.0,4.0,5.0,2.0,2.0,D,1.0,1.0,D,9.0,10.0,3.0,7.0,17.0,20.0,1.0,4.0,4.0,4.0,0.0,0.0,1.85,3.4,4.33
T1,2017-10-01,Goztep,Buyuksehyr,1414.75,1600.81,9.0,12.0,4.0,7.0,1.0,2.0,A,0.0,2.0,A,15.0,5.0,7.0,3.0,11.0,11.0,8.0,4.0,0.0,0.0,0.0,0.0,3.6,3.6,1.95
T1,2017-10-01,Yeni Malatyaspor,Konyaspor,,1459.91,3.0,4.0,3.0,6.0,1.0,1.0,D,0.0,1.0,A,4.0,6.0,1.0,2.0,15.0,22.0,3.0,2.0,5.0,2.0,1.0,0.0,2.38,3.2,3.0
T1,2017-10-13,Genclerbirligi,Besiktas,1445.56,1724.16,3.0,3.0,4.0,10.0,2.0,1.0,H,1.0,0.0,H,9.0,8.0,5.0,2.0,20.0,10.0,4.0,9.0,3.0,0.0,0.0,1.0,5.5,4.0,1.57
T1,2017-10-14,Antalyaspor,Goztep,1488.17,1414.75,3.0,5.0,6.0,12.0,1.0,3.0,A,1.0,2.0,A,10.0,11.0,5.0,4.0,12.0,13.0,5.0,2.0,4.0,3.0,1.0,0.0,2.0,3.5,3.6
T1,2017-10-14,Buyuksehyr,Alanyaspor,1600.81,1406.74,4.0,10.0,6.0,10.0,2.0,1.0,H,1.0,1.0,D,10.0,12.0,6.0,7.0,10.0,10.0,6.0,4.0,2.0,1.0,0.0,0.0,1.5,4.33,6.0
T1,2017-10-14,Karabukspor,Kayserispor,1400.52,1447.22,0.0,1.0,7.0,11.0,1.0,0.0,H,0.0,0.0,D,6.0,11.0,5.0,5.0,26.0,15.0,4.0,5.0,5.0,1.0,1.0,0.0,2.25,3.3,3.2
T1,2017-10-14,Konyaspor,Galatasaray,1459.91,1571.5,4.0,4.0,9.0,13.0,0.0,2.0,A,0.0,0.0,D,5.0,6.0,0.0,4.0,10.0,8.0,6.0,5.0,2.0,1.0,0.0,0.0,5.0,3.8,1.65
T1,2017-10-15,Fenerbahce,Yeni Malatyaspor,1589.91,,6.0,9.0,4.0,5.0,3.0,1.0,H,3.0,0.0,H,16.0,7.0,10.0,2.0,21.0,14.0,7.0,4.0,1.0,1.0,0.0,0.0,1.45,4.5,6.5
T1,2017-10-15,Kasimpasa,Sivasspor,1452.08,1383.01,1.0,4.0,6.0,6.0,2.0,3.0,A,1.0,0.0,H,8.0,11.0,3.0,5.0,15.0,17.0,6.0,5.0,4.0,4.0,0.0,0.0,2.25,3.4,3.1
T1,2017-10-15,Trabzonspor,Akhisar Belediyespor,1489.14,1494.31,2.0,5.0,6.0,9.0,1.0,6.0,A,0.0,3.0,A,8.0,12.0,3.0,8.0,12.0,11.0,6.0,2.0,1.0,2.0,0.0,0.0,1.7,3.75,4.75
T1,2017-10-16,Bursaspor,Osmanlispor,1405.41,,3.0,6.0,3.0,4.0,3.0,1.0,H,2.0,1.0,H,7.0,8.0,3.0,4.0,14.0,13.0,5.0,8.0,2.0,4.0,1.0,0.0,2.5,3.2,2.8
T1,2017-10-20,Antalyaspor,Kasimpasa,1471.53,1452.08,3.0,4.0,1.0,4.0,2.0,1.0,H,1.0,1.0,D,13.0,8.0,8.0,2.0,17.0,14.0,6.0,5.0,4.0,5.0,0.0,1.0,1.72,3.89,4.33
T1,2017-10-20,Goztep,Alanyaspor,1426.33,1416.53,6.0,12.0,6.0,9.0,3.0,3.0,D,1.0,0.0,H,10.0,9.0,4.0,5.0,12.0,15.0,4.0,9.0,1.0,5.0,0.0,0.0,1.9,3.79,3.6
T1,2017-10-21,Akhisar Belediyespor,Genclerbirligi,1494.31,1446.48,6.0,9.0,6.0,6.0,3.0,3.0,D,1.0,3.0,A,6.0,5.0,4.0,5.0,14.0,14.0,2.0,3.0,0.0,3.0,0.0,1.0,1.72,3.6,4.75
T1,2017-10-21,Osmanlispor,Karabukspor,,1407.88,3.0,3.0,3.0,3.0,3.0,0.0,H,0.0,0.0,D,9.0,8.0,5.0,4.0,11.0,17.0,2.0,5.0,2.0,1.0,0.0,0.0,1.72,3.6,5.0
T1,2017-10-21,Yeni Malatyaspor,Trabzonspor,,1489.14,4.0,4.0,1.0,5.0,1.0,0.0,H,1.0,0.0,H,10.0,9.0,2.0,4.0,18.0,17.0,5.0,2.0,3.0,5.0,0.0,2.0,3.39,3.25,2.14
T1,2017-10-22,Galatasaray,Fenerbahce,1581.27,1589.91,9.0,13.0,6.0,9.0,0.0,0.0,D,0.0,0.0,D,10.0,4.0,7.0,0.0,20.0,14.0,8.0,6.0,5.0,2.0,1.0,0.0,1.83,3.39,4.5
T1,2017-10-22,Kayserispor,Konyaspor,1439.86,1449.71,4.0,10.0,4.0,4.0,2.0,1.0,H,0.0,0.0,D,19.0,8.0,8.0,4.0,15.0,7.0,4.0,3.0,0.0,2.0,0.0,0.0,1.83,3.5,4.2
T1,2017-10-22,Sivasspor,Bursaspor,1383.01,1405.41,6.0,9.0,3.0,9.0,0.0,0.0,D,0.0,0.0,D,10.0,9.0,3.0,3.0,12.0,13.0,5.0,4.0,1.0,2.0,0.0,0.0,1.95,3.39,3.79
T1,2017-10-23,Besiktas,Buyuksehyr,1703.78,1608.43,1.0,7.0,6.0,10.0,1.0,1.0,D,0.0,0.0,D,13.0,9.0,3.0,5.0,12.0,12.0,9.0,5.0,5.0,2.0,0.0,0.0,1.75,3.5,4.75
T1,2017-10-27,Kasimpasa,Goztep,1452.08,1426.33,0.0,1.0,4.0,10.0,3.0,1.0,H,1.0,0.0,H,14.0,6.0,6.0,2.0,11.0,9.0,5.0,3.0,1.0,0.0,0.0,0.0,2.37,3.39,2.87
T1,2017-10-28,Alanyaspor,Besiktas,1416.53,1703.78,4.0,7.0,2.0,5.0,1.0,2.0,A,1.0,1.0,D,7.0,11.0,3.0,5.0,17.0,9.0,7.0,11.0,3.0,1.0,0.0,0.0,5.25,3.75,1.64
T1,2017-10-28,Buyuksehyr,Akhisar Belediyespor,1608.43,1494.31,7.0,8.0,7.0,10.0,2.0,1.0,H,1.0,0.0,H,8.0,7.0,4.0,4.0,6.0,11.0,5.0,2.0,2.0,3.0,0.0,0.0,1.66,3.5,5.75
T1,2017-10-28,Genclerbirligi,Yeni Malatyaspor,1446.48,,4.0,7.0,4.0,7.0,0.0,1.0,A,0.0,0.0,D,5.0,6.0,1.0,2.0,16.0,12.0,2.0,4.0,1.0,4.0,1.0,0.0,2.0,3.39,3.75
T1,2017-10-29,Bursaspor,Antalyaspor,1405.41,1471.53,4.0,7.0,3.0,6.0,4.0,0.0,H,1.0,0.0,H,8.0,5.0,6.0,1.0,9.0,9.0,4.0,5.0,0.0,0.0,0.0,1.0,2.39,3.25,2.89
T1,2017-10-29,Karabukspor,Sivasspor,1407.88,1383.01,3.0,3.0,7.0,10.0,0.0,1.0,A,0.0,0.0,D,11.0,3.0,4.0,1.0,12.0,15.0,11.0,1.0,4.0,0.0,0.0,0.0,2.5,3.25,2.79
T1,2017-10-29,Konyaspor,Osmanlispor,1449.71,,1.0,4.0,6.0,6.0,1.0,0.0,H,0.0,0.0,D,5.0,2.0,2.0,1.0,14.0,9.0,8.0,2.0,2.0,2.0,0.0,0.0,2.7,3.1,2.7
T1,2017-10-29,Trabzonspor,Galatasaray,1489.14,1581.27,1.0,2.0,7.0,13.0,2.0,1.0,H,0.0,0.0,D,12.0,3.0,6.0,2.0,15.0,20.0,4.0,2.0,0.0,5.0,1.0,2.0,3.89,3.89,1.8
T1,2017-10-30,Fenerbahce,Kayserispor,1589.91,1439.86,4.0,10.0,6.0,10.0,3.0,3.0,D,1.0,1.0,D,12.0,7.0,5.0,4.0,13.0,14.0,6.0,6.0,3.0,1.0,0.0,0.0,1.44,4.33,7.0
T1,2017-11-03,Galatasaray,Genclerbirligi,1571.19,1439.41,4.0,10.0,4.0,7.0,5.0,1.0,H,2.0,0.0,H,15.0,8.0,8.0,5.0,13.0,16.0,4.0,7.0,1.0,5.0,0.0,0.0,1.33,5.25,8.0
T1,2017-11-04,Antalyaspor,Karabukspor,1462.33,1387.33,3.0,6.0,3.0,3.0,2.0,1.0,H,1.0,0.0,H,12.0,10.0,10.0,3.0,15.0,11.0,3.0,9.0,3.0,2.0,0.0,1.0,1.66,3.5,5.5
T1,2017-11-04,Kasimpasa,Bursaspor,1444.17,1431.69,3.0,4.0,7.0,7.0,2.0,2.0,D,2.0,0.0,H,13.0,13.0,9.0,5.0,7.0,12.0,1.0,4.0,2.0,3.0,1.0,0.0,2.25,3.5,3.0
T1,2017-11-04,Kayserispor,Trabzonspor,1452.66,1469.25,4.0,8.0,3.0,4.0,0.0,0.0,D,0.0,0.0,D,11.0,3.0,4.0,0.0,10.0,25.0,9.0,1.0,2.0,3.0,0.0,0.0,2.79,3.2,2.5
T1,2017-11-04,Osmanlispor,Fenerbahce,,1589.98,3.0,6.0,5.0,8.0,1.0,1.0,D,0.0,1.0,A,12.0,5.0,5.0,4.0,8.0,21.0,6.0,11.0,2.0,5.0,0.0,0.0,3.7,3.6,1.95
T1,2017-11-05,Akhisar Belediyespor,Alanyaspor,1508.39,1416.56,4.0,7.0,1.0,7.0,0.0,4.0,A,0.0,2.0,A,5.0,14.0,4.0,7.0,10.0,13.0,3.0,6.0,2.0,2.0,0.0,0.0,1.9,3.5,4.0
T1,2017-11-05,Goztep,Besiktas,1416.6,1715.63,4.0,7.0,4.0,5.0,1.0,3.0,A,0.0,1.0,A,8.0,15.0,7.0,6.0,15.0,15.0,8.0,3.0,1.0,1.0,1.0,0.0,4.33,4.2,1.66
T1,2017-11-05,Sivasspor,Konyaspor,1403.52,1443.16,7.0,10.0,3.0,7.0,2.0,1.0,H,1.0,1.0,D,13.0,9.0,11.0,5.0,11.0,17.0,7.0,2.0,0.0,2.0,0.0,0.0,2.2,3.2,3.39
T1,2017-11-05,Yeni Malatyaspor,Buyuksehyr,,1613.19,6.0,10.0,7.0,10.0,0.0,2.0,A,0.0,1.0,A,7.0,10.0,2.0,4.0,14.0,14.0,2.0,8.0,1.0,2.0,0.0,0.0,3.5,3.39,2.04
T1,2017-11-17,Besiktas,Akhisar Belediyespor,1723.32,1487.78,7.0,8.0,1.0,7.0,0.0,0.0,D,0.0,0.0,D,14.0,4.0,4.0,3.0,16.0,15.0,11.0,5.0,4.0,6.0,0.0,1.0,1.39,4.75,7.0
T1,2017-11-18,Bursaspor,Goztep,1437.28,1415.8,5.0,8.0,1.0,4.0,0.0,0.0,D,0.0,0.0,D,11.0,9.0,2.0,2.0,4.0,16.0,11.0,5.0,0.0,3.0,0.0,0.0,1.95,3.75,3.5
T1,2017-11-18,Buyuksehyr,Galatasaray,1622.32,1581.46,7.0,13.0,4.0,10.0,5.0,1.0,H,2.0,0.0,H,6.0,12.0,5.0,6.0,10.0,9.0,4.0,5.0,0.0,2.0,0.0,0.0,2.7,3.2,2.62
T1,2017-11-18,Konyaspor,Antalyaspor,1446.7,1470.25,3.0,4.0,6.0,6.0,1.0,1.0,D,0.0,0.0,D,15.0,9.0,5.0,3.0,8.0,9.0,7.0,5.0,2.0,2.0,0.0,0.0,2.29,3.29,3.1
T1,2017-11-19,Alanyaspor,Yeni Malatyaspor,1443.75,,4.0,7.0,6.0,7.0,1.0,0.0,H,0.0,0.0,D,8.0,9.0,5.0,6.0,17.0,12.0,8.0,2.0,1.0,2.0,0.0,0.0,1.95,3.5,3.7
T1,2017-11-19,Fenerbahce,Sivasspor,1589.86,1414.31,3.0,6.0,7.0,13.0,4.0,1.0,H,1.0,0.0,H,11.0,4.0,6.0,1.0,15.0,15.0,8.0,3.0,3.0,6.0,0.0,1.0,1.66,3.79,5.0
T1,2017-11-19,Genclerbirligi,Kayserispor,1435.72,1454.45,1.0,4.0,5.0,8.0,1.0,2.0,A,1.0,1.0,D,9.0,10.0,3.0,6.0,16.0,19.0,4.0,8.0,0.0,3.0,0.0,0.0,2.54,3.25,2.75
T1,2017-11-19,Trabzonspor,Osmanlispor,1474.04,,4.0,5.0,4.0,7.0,4.0,3.0,H,2.0,2.0,D,17.0,7.0,10.0,5.0,16.0,12.0,6.0,4.0,4.0,4.0,0.0,0.0,1.5,3.79,5.5
T1,2017-11-20,Karabukspor,Kasimpasa,1386.0,1445.15,0.0,3.0,4.0,4.0,0.0,2.0,A,0.0,0.0,D,9.0,6.0,2.0,4.0,12.0,11.0,6.0,4.0,1.0,3.0,0.0,0.0,2.29,3.2,3.1
T1,2017-11-24,Osmanlispor,Genclerbirligi,,1435.72,1.0,4.0,0.0,4.0,2.0,0.0,H,1.0,0.0,H,4.0,9.0,3.0,2.0,19.0,11.0,1.0,9.0,1.0,1.0,0.0,0.0,1.75,3.6,4.5
T1,2017-11-25,Galatasaray,Alanyaspor,1581.46,1443.75,3.0,7.0,6.0,7.0,2.0,0.0,H,1.0,0.0,H,13.0,3.0,9.0,0.0,19.0,16.0,9.0,3.0,1.0,5.0,0.0,0.0,1.36,4.75,8.0
T1,2017-11-25,Goztep,Akhisar Belediyespor,1415.8,1487.78,1.0,5.0,1.0,5.0,2.0,0.0,H,0.0,0.0,D,10.0,5.0,7.0,0.0,12.0,11.0,12.0,2.0,2.0,1.0,0.0,0.0,2.39,3.39,2.79
T1,2017-11-25,Yeni Malatyaspor,Besiktas,,1723.32,3.0,6.0,7.0,8.0,0.0,0.0,D,0.0,0.0,D,8.0,6.0,3.0,4.0,14.0,16.0,3.0,9.0,2.0,1.0,0.0,0.0,5.5,4.0,1.57
T1,2017-11-26,Antalyaspor,Fenerbahce,1470.25,1589.86,4.0,7.0,5.0,9.0,0.0,1.0,A,0.0,1.0,A,6.0,12.0,4.0,6.0,13.0,17.0,3.0,0.0,1.0,2.0,0.0,0.0,3.29,3.5,2.1
T1,2017-11-26,Bursaspor,Karabukspor,1437.28,1386.0,5.0,9.0,0.0,3.0,2.0,1.0,H,2.0,0.0,H,8.0,11.0,4.0,4.0,13.0,16.0,6.0,7.0,3.0,4.0,0.0,0.0,1.72,3.79,4.5
T1,2017-11-26,Kasimpasa,Konyaspor,1445.15,1446.7,7.0,7.0,4.0,4.0,2.0,1.0,H,1.0,0.0,H,11.0,11.0,7.0,1.0,8.0,12.0,4.0,4.0,2.0,0.0,0.0,0.0,2.25,3.5,3.0
T1,2017-11-26,Sivasspor,Trabzonspor,1414.31,1474.04,6.0,10.0,7.0,7.0,1.0,2.0,A,1.0,1.0,D,11.0,6.0,5.0,3.0,12.0,14.0,6.0,3.0,3.0,3.0,0.0,0.0,2.5,3.2,2.87
T1,2017-11-27,Kayserispor,Buyuksehyr,1454.45,1622.32,5.0,8.0,9.0,13.0,1.0,1.0,D,1.0,1.0,D,8.0,3.0,4.0,1.0,8.0,12.0,1.0,5.0,3.0,1.0,0.0,0.0,2.79,3.39,2.39
T1,2017-12-02,Akhisar Belediyespor,Yeni Malatyaspor,1488.42,,1.0,2.0,1.0,7.0,0.0,0.0,D,0.0,0.0,D,2.0,5.0,0.0,3.0,23.0,16.0,5.0,8.0,0.0,5.0,0.0,0.0,1.75,3.5,4.75
T1,2017-12-02,Besiktas,Galatasaray,1714.1,1581.01,5.0,9.0,6.0,7.0,3.0,0.0,H,0.0,0.0,D,19.0,6.0,9.0,4.0,8.0,18.0,9.0,2.0,3.0,3.0,0.0,0.0,1.8,3.75,4.2
T1,2017-12-02,Karabukspor,Goztep,1374.81,1435.26,0.0,0.0,4.0,5.0,0.0,1.0,A,0.0,0.0,D,13.0,5.0,6.0,2.0,11.0,21.0,14.0,4.0,2.0,2.0,0.0,0.0,2.7,3.2,2.7
T1,2017-12-03,Buyuksehyr,Osmanlispor,1644.48,,7.0,11.0,4.0,7.0,1.0,0.0,H,0.0,0.0,D,14.0,7.0,7.0,2.0,9.0,19.0,4.0,2.0,2.0,3.0,0.0,0.0,1.57,4.0,5.5
T1,2017-12-03,Fenerbahce,Kasimpasa,1606.69,1468.11,7.0,9.0,7.0,10.0,4.0,2.0,H,1.0,1.0,D,14.0,7.0,8.0,3.0,15.0,14.0,3.0,3.0,3.0,1.0,0.0,0.0,1.44,4.5,6.5
T1,2017-12-03,Genclerbirligi,Sivasspor,1421.95,1406.81,0.0,1.0,3.0,7.0,4.0,0.0,H,1.0,0.0,H,11.0,9.0,8.0,4.0,15.0,9.0,6.0,6.0,4.0,1.0,0.0,0.0,2.54,3.2,2.75
T1,2017-12-03,Konyaspor,Bursaspor,1448.97,1445.02,1.0,4.0,5.0,9.0,0.0,3.0,A,0.0,3.0,A,20.0,7.0,11.0,5.0,14.0,11.0,9.0,1.0,2.0,1.0,0.0,0.0,2.04,3.25,3.75
T1,2017-12-04,Alanyaspor,Kayserispor,1449.14,1472.06,6.0,7.0,5.0,9.0,1.0,2.0,A,0.0,1.0,A,6.0,8.0,5.0,5.0,13.0,10.0,2.0,9.0,5.0,3.0,1.0,0.0,2.54,3.25,2.75
T1,2017-12-04,Trabzonspor,Antalyaspor,1492.03,1470.15,7.0,10.0,4.0,7.0,3.0,0.0,H,1.0,0.0,H,6.0,9.0,5.0,3.0,15.0,17.0,1.0,5.0,3.0,3.0,0.0,0.0,1.75,3.5,4.75
T1,2017-12-08,Bursaspor,Fenerbahce,1445.02,1606.69,7.0,11.0,9.0,11.0,0.0,1.0,A,0.0,0.0,D,5.0,8.0,2.0,4.0,16.0,13.0,2.0,5.0,2.0,3.0,0.0,0.0,3.39,3.6,2.04
T1,2017-12-09,Antalyaspor,Genclerbirligi,1470.15,1421.95,1.0,4.0,3.0,3.0,1.0,1.0,D,0.0,0.0,D,8.0,5.0,3.0,4.0,17.0,20.0,2.0,6.0,1.0,4.0,0.0,0.0,1.9,3.39,4.0
T1,2017-12-09,Galatasaray,Akhisar Belediyespor,1581.01,1488.42,3.0,6.0,2.0,2.0,4.0,2.0,H,0.0,2.0,A,13.0,5.0,6.0,2.0,11.0,8.0,4.0,1.0,3.0,4.0,1.0,1.0,1.28,5.0,11.0
T1,2017-12-09,Kasimpasa,Trabzonspor,1468.11,1492.03,6.0,10.0,9.0,13.0,0.0,3.0,A,0.0,1.0,A,7.0,8.0,6.0,7.0,15.0,16.0,6.0,4.0,2.0,1.0,0.0,0.0,3.1,3.39,2.25
T1,2017-12-09,Yeni Malatyaspor,Goztep,,1435.26,2.0,5.0,7.0,7.0,2.0,3.0,A,1.0,3.0,A,14.0,5.0,6.0,4.0,13.0,14.0,3.0,5.0,3.0,2.0,0.0,0.0,2.5,3.29,2.79
T1,2017-12-10,Kayserispor,Besiktas,1472.06,1714.1,7.0,9.0,5.0,11.0,1.0,1.0,D,1.0,1.0,D,6.0,14.0,3.0,4.0,11.0,8.0,0.0,6.0,5.0,1.0,1.0,0.0,4.5,3.75,1.72
T1,2017-12-10,Osmanlispor,Alanyaspor,,1449.14,3.0,4.0,3.0,6.0,3.0,0.0,H,3.0,0.0,H,10.0,13.0,7.0,9.0,22.0,6.0,1.0,9.0,3.0,2.0,0.0,0.0,2.0,3.6,3.5
T1,2017-12-10,Sivasspor,Buyuksehyr,1406.81,1644.48,0.0,6.0,7.0,13.0,1.0,0.0,H,1.0,0.0,H,7.0,12.0,5.0,5.0,18.0,10.0,2.0,5.0,4.0,4.0,1.0,0.0,3.39,3.29,2.14
T1,2017-12-11,Konyaspor,Karabukspor,1448.97,1374.81,1.0,4.0,0.0,0.0,2.0,0.0,H,1.0,0.0,H,12.0,7.0,6.0,1.0,13.0,16.0,3.0,2.0,3.0,4.0,0.0,0.0,1.9,3.5,3.89
T1,2017-12-16,Alanyaspor,Sivasspor,1437.08,1416.35,0.0,6.0,3.0,6.0,1.0,1.0,D,0.0,0.0,D,7.0,9.0,5.0,4.0,11.0,17.0,2.0,2.0,2.0,1.0,0.0,0.0,2.2,3.29,3.29
T1,2017-12-16,Genclerbirligi,Kasimpasa,1445.16,1457.25,4.0,4.0,3.0,7.0,0.0,0.0,D,0.0,0.0,D,8.0,4.0,4.0,1.0,13.0,12.0,7.0,5.0,2.0,1.0,0.0,0.0,2.1,3.25,3.6
T1,2017-12-16,Trabzonspor,Bursaspor,1525.42,1464.74,9.0,13.0,6.0,8.0,1.0,0.0,H,0.0,0.0,D,14.0,2.0,2.0,1.0,15.0,15.0,4.0,5.0,3.0,1.0,0.0,0.0,1.61,4.0,5.25
T1,2017-12-17,Akhisar Belediyespor,Kayserispor,1486.88,1494.51,1.0,2.0,5.0,9.0,0.0,2.0,A,0.0,1.0,A,4.0,5.0,2.0,3.0,16.0,16.0,6.0,3.0,3.0,1.0,0.0,0.0,2.54,3.2,2.79
T1,2017-12-17,Besiktas,Osmanlispor,1734.56,,5.0,9.0,6.0,7.0,5.0,1.0,H,2.0,0.0,H,18.0,8.0,10.0,4.0,19.0,14.0,12.0,3.0,1.0,3.0,0.0,0.0,1.22,5.75,13.0
T1,2017-12-17,Buyuksehyr,Antalyaspor,1646.95,1466.2,4.0,10.0,1.0,5.0,4.0,1.0,H,0.0,1.0,A,22.0,7.0,16.0,3.0,14.0,12.0,11.0,0.0,3.0,1.0,0.0,0.0,1.5,4.33,6.0
T1,2017-12-17,Yeni Malatyaspor,Galatasaray,,1589.7,2.0,2.0,6.0,9.0,2.0,1.0,H,2.0,0.0,H,7.0,6.0,5.0,2.0,14.0,18.0,2.0,8.0,2.0,0.0,0.0,0.0,5.0,3.75,1.66
T1,2017-12-18,Fenerbahce,Karabukspor,1625.89,1368.34,9.0,13.0,0.0,0.0,2.0,0.0,H,0.0,0.0,D,9.0,7.0,5.0,4.0,16.0,20.0,10.0,6.0,4.0,6.0,0.0,0.0,1.22,6.0,12.0
T1,2017-12-18,Goztep,Konyaspor,1460.88,1452.39,9.0,10.0,3.0,4.0,1.0,0.0,H,1.0,0.0,H,12.0,10.0,9.0,3.0,16.0,15.0,3.0,7.0,2.0,3.0,0.0,0.0,2.0,3.29,3.79
T1,2017-12-22,Antalyaspor,Alanyaspor,1466.2,1437.08,1.0,2.0,1.0,4.0,3.0,1.0,H,1.0,1.0,D,17.0,9.0,11.0,2.0,17.0,16.0,10.0,5.0,5.0,2.0,0.0,0.0,2.39,3.6,2.79
T1,2017-12-23,Bursaspor,Genclerbirligi,1464.74,1445.16,3.0,7.0,5.0,5.0,1.0,1.0,D,0.0,0.0,D,8.0,5.0,3.0,3.0,16.0,30.0,7.0,2.0,2.0,4.0,0.0,0.0,1.9,3.6,3.75
T1,2017-12-23,Konyaspor,Fenerbahce,1452.39,1625.89,3.0,4.0,9.0,15.0,1.0,1.0,D,0.0,0.0,D,7.0,12.0,3.0,9.0,7.0,12.0,2.0,7.0,4.0,0.0,0.0,0.0,4.0,3.6,1.85
T1,2017-12-23,Sivasspor,Besiktas,1416.35,1734.56,4.0,4.0,7.0,9.0,2.0,1.0,H,1.0,1.0,D,10.0,17.0,6.0,8.0,9.0,10.0,2.0,15.0,1.0,0.0,0.0,0.0,5.25,3.79,1.64
T1,2017-12-24,Galatasaray,Goztep,1589.7,1460.88,3.0,6.0,9.0,13.0,3.0,1.0,H,1.0,1.0,D,12.0,6.0,7.0,5.0,17.0,9.0,3.0,3.0,4.0,2.0,0.0,0.0,1.33,5.0,9.0
T1,2017-12-24,Karabukspor,Trabzonspor,1368.34,1525.42,0.0,0.0,9.0,15.0,1.0,1.0,D,0.0,0.0,D,10.0,8.0,4.0,4.0,22.0,14.0,5.0,5.0,6.0,2.0,0.0,0.0,4.33,3.5,1.83
T1,2017-12-24,Kasimpasa,Buyuksehyr,1457.25,1646.95,1.0,7.0,6.0,10.0,1.0,2.0,A,1.0,1.0,D,9.0,16.0,6.0,9.0,13.0,14.0,4.0,3.0,3.0,1.0,0.0,0.0,4.2,3.6,1.83
T1,2017-12-24,Kayserispor,Yeni Malatyaspor,1494.51,,7.0,11.0,4.0,5.0,0.0,1.0,A,0.0,1.0,A,11.0,5.0,7.0,4.0,9.0,14.0,5.0,2.0,2.0,4.0,0.0,0.0,1.66,3.75,5.0
T1,2017-12-25,Osmanlispor,Akhisar Belediyespor,,1486.88,3.0,6.0,1.0,2.0,3.0,2.0,H,1.0,1.0,D,16.0,6.0,11.0,3.0,19.0,17.0,2.0,3.0,2.0,4.0,0.0,1.0,1.9,3.6,3.75
T1,2018-01-19,Kasimpasa,Alanyaspor,1453.95,1426.76,1.0,4.0,1.0,1.0,3.0,2.0,H,1.0,2.0,A,13.0,6.0,9.0,2.0,11.0,8.0,10.0,3.0,3.0,1.0,0.0,1.0,2.2,3.6,3.0
T1,2018-01-20,Fenerbahce,Goztep,1625.35,1461.71,7.0,13.0,6.0,12.0,2.0,1.0,H,1.0,0.0,H,7.0,5.0,2.0,3.0,17.0,11.0,9.0,4.0,3.0,4.0,0.0,0.0,1.36,5.25,7.0
T1,2018-01-20,Karabukspor,Genclerbirligi,1368.38,1445.99,1.0,1.0,3.0,6.0,0.0,2.0,A,0.0,0.0,D,7.0,10.0,3.0,3.0,17.0,20.0,7.0,2.0,2.0,3.0,0.0,0.0,3.39,3.25,2.14
T1,2018-01-20,Osmanlispor,Yeni Malatyaspor,,,6.0,9.0,6.0,8.0,0.0,0.0,D,0.0,0.0,D,7.0,8.0,4.0,5.0,12.0,10.0,5.0,4.0,1.0,1.0,0.0,0.0,1.9,3.39,4.0
T1,2018-01-21,Antalyaspor,Besiktas,1469.28,1723.39,4.0,4.0,4.0,8.0,1.0,2.0,A,1.0,1.0,D,7.0,11.0,3.0,6.0,12.0,16.0,5.0,9.0,2.0,1.0,0.0,0.0,6.5,4.5,1.44
T1,2018-01-21,Bursaspor,Buyuksehyr,1457.42,1656.6,1.0,7.0,6.0,10.0,0.0,3.0,A,0.0,1.0,A,3.0,5.0,1.0,4.0,12.0,12.0,6.0,3.0,2.0,3.0,0.0,0.0,3.89,3.5,1.9
T1,2018-01-21,Konyaspor,Trabzonspor,1449.43,1527.67,4.0,4.0,7.0,13.0,2.0,2.0,D,0.0,0.0,D,7.0,13.0,5.0,5.0,11.0,15.0,6.0,1.0,4.0,4.0,1.0,1.0,2.75,3.29,2.5
T1,2018-01-21,Sivasspor,Akhisar Belediyespor,1432.86,1466.45,7.0,7.0,0.0,1.0,1.0,1.0,D,0.0,0.0,D,12.0,5.0,3.0,4.0,14.0,23.0,4.0,2.0,3.0,3.0,0.0,1.0,2.0,3.5,3.6
T1,2018-01-22,Kayserispor,Galatasaray,1495.6,1584.0,4.0,8.0,6.0,9.0,1.0,3.0,A,0.0,2.0,A,10.0,12.0,6.0,5.0,17.0,16.0,7.0,2.0,2.0,0.0,0.0,0.0,3.5,3.39,2.04
T1,2018-01-26,Besiktas,Kasimpasa,1723.39,1453.95,6.0,10.0,4.0,4.0,2.0,1.0,H,2.0,0.0,H,12.0,9.0,7.0,5.0,18.0,14.0,5.0,4.0,3.0,2.0,0.0,0.0,1.28,5.75,8.5
T1,2018-01-26,Genclerbirligi,Konyaspor,1445.99,1449.43,5.0,9.0,2.0,5.0,2.0,1.0,H,0.0,1.0,A,9.0,5.0,4.0,3.0,10.0,27.0,0.0,5.0,3.0,3.0,1.0,0.0,2.29,3.2,3.2
T1,2018-01-27,Alanyaspor,Bursaspor,1426.76,1457.42,1.0,1.0,1.0,4.0,3.0,1.0,H,1.0,1.0,D,10.0,5.0,5.0,3.0,15.0,21.0,5.0,3.0,1.0,3.0,0.0,0.0,2.14,3.39,3.29
T1,2018-01-27,Galatasaray,Osmanlispor,1584.0,,6.0,9.0,4.0,7.0,2.0,0.0,H,1.0,0.0,H,18.0,7.0,7.0,1.0,12.0,11.0,6.0,6.0,0.0,1.0,0.0,0.0,1.39,5.0,6.5
T1,2018-01-27,Goztep,Kayserispor,1461.71,1495.6,3.0,9.0,3.0,7.0,1.0,1.0,D,0.0,1.0,A,10.0,2.0,5.0,1.0,11.0,25.0,2.0,1.0,1.0,7.0,0.0,2.0,2.5,3.25,2.79
T1,2018-01-28,Akhisar Belediyespor,Antalyaspor,1466.45,1469.28,1.0,2.0,3.0,4.0,1.0,1.0,D,0.0,1.0,A,10.0,2.0,5.0,1.0,15.0,16.0,11.0,0.0,3.0,4.0,0.0,0.0,2.0,3.39,3.75
T1,2018-01-28,Trabzonspor,Fenerbahce,1527.67,1625.35,5.0,11.0,7.0,13.0,1.0,1.0,D,0.0,0.0,D,7.0,11.0,2.0,6.0,15.0,21.0,2.0,11.0,2.0,3.0,0.0,0.0,2.37,3.2,3.0
T1,2018-01-28,Yeni Malatyaspor,Sivasspor,,1432.86,7.0,8.0,5.0,8.0,1.0,0.0,H,0.0,0.0,D,8.0,11.0,1.0,5.0,19.0,19.0,7.0,6.0,4.0,2.0,0.0,0.0,2.37,3.2,3.0
T1,2018-01-29,Buyuksehyr,Karabukspor,1656.6,1368.38,9.0,12.0,1.0,1.0,5.0,0.0,H,5.0,0.0,H,17.0,4.0,13.0,2.0,6.0,6.0,5.0,0.0,0.0,1.0,0.0,0.0,1.22,5.5,15.0
T1,2018-02-02,Bursaspor,Besiktas,1439.66,1728.77,1.0,1.0,6.0,10.0,2.0,2.0,D,2.0,1.0,H,7.0,13.0,5.0,9.0,22.0,16.0,6.0,6.0,4.0,2.0,0.0,0.0,4.75,4.2,1.61
T1,2018-02-03,Antalyaspor,Yeni Malatyaspor,1467.63,,4.0,5.0,7.0,10.0,3.0,1.0,H,1.0,1.0,D,9.0,4.0,5.0,2.0,26.0,12.0,6.0,1.0,2.0,2.0,0.0,1.0,2.45,3.25,2.87
T1,2018-02-03,Fenerbahce,Genclerbirligi,1627.41,1463.39,5.0,11.0,7.0,9.0,2.0,2.0,D,0.0,1.0,A,15.0,6.0,4.0,1.0,16.0,18.0,4.0,3.0,3.0,6.0,0.0,0.0,1.44,4.33,7.0
T1,2018-02-03,Karabukspor,Alanyaspor,1354.11,1430.75,1.0,1.0,3.0,4.0,1.0,0.0,H,0.0,0.0,D,6.0,7.0,4.0,3.0,14.0,13.0,8.0,5.0,6.0,2.0,0.0,0.0,3.75,3.6,1.9
T1,2018-02-04,Kasimpasa,Akhisar Belediyespor,1457.7,1465.46,3.0,4.0,2.0,2.0,2.0,0.0,H,0.0,0.0,D,11.0,7.0,6.0,2.0,15.0,10.0,6.0,4.0,1.0,1.0,0.0,0.0,2.29,3.29,3.1
T1,2018-02-04,Konyaspor,Buyuksehyr,1443.45,1667.99,2.0,5.0,9.0,12.0,1.0,1.0,D,0.0,1.0,A,11.0,5.0,4.0,3.0,14.0,10.0,7.0,7.0,2.0,3.0,0.0,1.0,4.0,3.29,1.95
T1,2018-02-04,Osmanlispor,Kayserispor,,1486.36,4.0,7.0,1.0,5.0,0.0,1.0,A,0.0,1.0,A,13.0,8.0,4.0,3.0,15.0,15.0,8.0,1.0,2.0,2.0,0.0,0.0,2.25,3.39,3.1
T1,2018-02-04,Sivasspor,Galatasaray,1425.45,1598.63,4.0,8.0,9.0,12.0,2.0,1.0,H,1.0,0.0,H,7.0,12.0,3.0,4.0,16.0,10.0,3.0,5.0,2.0,2.0,0.0,0.0,3.75,3.6,1.9
T1,2018-02-05,Trabzonspor,Goztep,1528.33,1457.54,3.0,9.0,1.0,7.0,0.0,0.0,D,0.0,0.0,D,17.0,6.0,9.0,4.0,13.0,28.0,6.0,3.0,3.0,5.0,0.0,0.0,1.6,4.2,5.0
T1,2018-02-09,Yeni Malatyaspor,Kasimpasa,,1457.7,4.0,10.0,6.0,7.0,1.0,1.0,D,1.0,1.0,D,6.0,7.0,5.0,2.0,14.0,19.0,10.0,1.0,2.0,3.0,0.0,0.0,2.2,3.25,3.29
T1,2018-02-10,Besiktas,Karabukspor,1728.77,1354.11,7.0,10.0,3.0,4.0,5.0,0.0,H,2.0,0.0,H,20.0,4.0,13.0,1.0,14.0,14.0,7.0,5.0,3.0,1.0,0.0,0.0,1.1,9.0,21.0
T1,2018-02-10,Genclerbirligi,Trabzonspor,1463.39,1528.33,7.0,9.0,3.0,7.0,0.0,0.0,D,0.0,0.0,D,13.0,9.0,9.0,1.0,14.0,19.0,7.0,5.0,1.0,2.0,0.0,0.0,2.7,3.25,2.6
T1,2018-02-10,Goztep,Osmanlispor,1457.54,,2.0,5.0,1.0,4.0,3.0,3.0,D,2.0,1.0,H,9.0,13.0,5.0,7.0,13.0,13.0,3.0,6.0,4.0,4.0,0.0,0.0,1.95,3.5,3.79
T1,2018-02-11,Akhisar Belediyespor,Bursaspor,1465.46,1439.66,2.0,2.0,1.0,2.0,1.0,0.0,H,1.0,0.0,H,9.0,7.0,3.0,3.0,19.0,22.0,3.0,3.0,5.0,2.0,0.0,0.0,2.29,3.29,3.1
T1,2018-02-11,Alanyaspor,Konyaspor,1430.75,1443.45,3.0,4.0,2.0,3.0,1.0,2.0,A,1.0,2.0,A,23.0,4.0,11.0,4.0,12.0,10.0,18.0,1.0,4.0,5.0,0.0,1.0,2.29,3.29,3.1
T1,2018-02-11,Buyuksehyr,Fenerbahce,1667.99,1627.41,7.0,13.0,5.0,9.0,0.0,2.0,A,0.0,1.0,A,4.0,12.0,2.0,4.0,9.0,14.0,5.0,3.0,2.0,0.0,0.0,0.0,1.85,3.5,4.2
T1,2018-02-11,Kayserispor,Sivasspor,1486.36,1425.45,4.0,7.0,4.0,8.0,1.0,1.0,D,0.0,0.0,D,8.0,5.0,3.0,1.0,17.0,12.0,7.0,3.0,4.0,2.0,0.0,0.0,2.14,3.39,3.29
T1,2018-02-12,Galatasaray,Antalyaspor,1598.63,1467.63,6.0,9.0,4.0,7.0,3.0,0.0,H,3.0,0.0,H,9.0,8.0,5.0,2.0,20.0,15.0,8.0,3.0,2.0,3.0,1.0,0.0,1.25,5.5,12.0
T1,2018-02-16,Konyaspor,Besiktas,1456.78,1725.38,4.0,6.0,7.0,10.0,1.0,1.0,D,0.0,1.0,A,7.0,13.0,4.0,8.0,19.0,16.0,3.0,8.0,3.0,6.0,0.0,0.0,5.0,4.0,1.61
T1,2018-02-17,Antalyaspor,Kayserispor,1469.05,1491.14,4.0,7.0,5.0,5.0,2.0,1.0,H,0.0,0.0,D,14.0,4.0,9.0,2.0,12.0,12.0,5.0,5.0,3.0,1.0,0.0,0.0,2.87,3.1,2.54
T1,2018-02-17,Fenerbahce,Alanyaspor,1637.35,1413.48,5.0,9.0,3.0,3.0,3.0,0.0,H,2.0,0.0,H,9.0,4.0,3.0,4.0,18.0,12.0,4.0,1.0,1.0,0.0,0.0,0.0,1.36,5.0,7.5
T1,2018-02-17,Sivasspor,Osmanlispor,1439.47,,4.0,8.0,1.0,5.0,3.0,2.0,H,1.0,0.0,H,7.0,6.0,4.0,3.0,18.0,22.0,2.0,4.0,3.0,4.0,0.0,0.0,2.04,3.25,3.75
T1,2018-02-18,Bursaspor,Yeni Malatyaspor,1439.37,,1.0,2.0,4.0,8.0,0.0,0.0,D,0.0,0.0,D,7.0,3.0,4.0,3.0,17.0,15.0,9.0,2.0,3.0,2.0,0.0,0.0,,,
T1,2018-02-18,Karabukspor,Akhisar Belediyespor,1359.99,1462.46,3.0,4.0,4.0,5.0,0.0,3.0,A,0.0,1.0,A,10.0,6.0,3.0,5.0,18.0,12.0,2.0,1.0,4.0,2.0,0.0,0.0,3.75,3.39,2.0
T1,2018-02-18,Kasimpasa,Galatasaray,1467.54,1594.62,4.0,7.0,6.0,12.0,2.0,1.0,H,1.0,1.0,D,10.0,10.0,5.0,8.0,14.0,19.0,1.0,10.0,4.0,3.0,0.0,0.0,4.75,3.5,1.75
T1,2018-02-18,Trabzonspor,Buyuksehyr,1524.92,1648.04,3.0,5.0,4.0,10.0,0.0,1.0,A,0.0,1.0,A,13.0,12.0,5.0,8.0,9.0,17.0,3.0,7.0,1.0,2.0,0.0,0.0,2.6,3.2,2.75
T1,2018-02-19,Genclerbirligi,Goztep,1468.77,1458.34,5.0,9.0,3.0,3.0,3.0,0.0,H,1.0,0.0,H,14.0,1.0,10.0,1.0,17.0,19.0,2.0,2.0,1.0,1.0,0.0,1.0,2.1,3.25,3.5
T1,2018-02-23,Akhisar Belediyespor,Konyaspor,1462.46,1456.78,6.0,8.0,5.0,6.0,3.0,0.0,H,1.0,0.0,H,8.0,7.0,5.0,2.0,16.0,12.0,0.0,3.0,3.0,2.0,0.0,0.0,2.25,3.2,3.29
T1,2018-02-23,Galatasaray,Bursaspor,1594.62,1439.37,3.0,9.0,2.0,2.0,5.0,0.0,H,2.0,0.0,H,14.0,3.0,7.0,0.0,14.0,13.0,9.0,0.0,1.0,0.0,0.0,1.0,1.25,5.5,12.0
T1,2018-02-24,Alanyaspor,Trabzonspor,1413.48,1524.92,0.0,3.0,2.0,4.0,1.0,2.0,A,1.0,0.0,H,12.0,8.0,7.0,4.0,18.0,15.0,5.0,7.0,6.0,4.0,0.0,0.0,2.79,3.39,2.45
T1,2018-02-24,Kayserispor,Kasimpasa,1491.14,1467.54,4.0,5.0,7.0,10.0,3.0,2.0,H,1.0,1.0,D,12.0,10.0,5.0,2.0,9.0,6.0,7.0,2.0,2.0,3.0,0.0,1.0,1.95,3.29,4.0
T1,2018-02-25,Besiktas,Fenerbahce,1725.38,1637.35,5.0,11.0,7.0,11.0,3.0,1.0,H,0.0,1.0,A,15.0,7.0,6.0,6.0,15.0,22.0,6.0,1.0,3.0,2.0,0.0,0.0,2.14,3.29,3.39
T1,2018-02-25,Goztep,Sivasspor,1458.34,1439.47,2.0,3.0,7.0,8.0,1.0,0.0,H,1.0,0.0,H,6.0,4.0,3.0,3.0,20.0,12.0,7.0,1.0,5.0,1.0,0.0,0.0,2.39,3.25,2.89
T1,2018-02-25,Osmanlispor,Antalyaspor,,1469.05,1.0,2.0,6.0,7.0,0.0,0.0,D,0.0,0.0,D,6.0,7.0,2.0,1.0,14.0,21.0,4.0,5.0,3.0,1.0,0.0,0.0,1.75,3.5,4.75
T1,2018-02-25,Yeni Malatyaspor,Karabukspor,,1359.99,2.0,6.0,3.0,3.0,3.0,1.0,H,1.0,0.0,H,14.0,10.0,8.0,6.0,7.0,16.0,2.0,5.0,2.0,4.0,0.0,0.0,1.44,4.33,7.0
T1,2018-02-26,Buyuksehyr,Genclerbirligi,1648.04,1468.77,4.0,10.0,5.0,11.0,1.0,1.0,D,1.0,0.0,H,6.0,7.0,4.0,2.0,16.0,13.0,7.0,5.0,3.0,0.0,0.0,0.0,1.44,4.5,6.5
T1,2018-03-02,Bursaspor,Kayserispor,1428.3,1488.52,1.0,2.0,4.0,8.0,1.0,0.0,H,0.0,0.0,D,8.0,3.0,5.0,0.0,7.0,21.0,5.0,1.0,0.0,4.0,0.0,0.0,2.45,3.29,2.87
T1,2018-03-03,Buyuksehyr,Goztep,1646.75,1452.17,4.0,8.0,4.0,6.0,2.0,0.0,H,1.0,0.0,H,17.0,8.0,10.0,3.0,11.0,14.0,10.0,4.0,0.0,3.0,0.0,0.0,1.39,4.2,9.0
T1,2018-03-03,Karabukspor,Galatasaray,1339.19,1590.33,0.0,3.0,6.0,9.0,0.0,7.0,A,0.0,6.0,A,7.0,13.0,1.0,7.0,9.0,9.0,4.0,6.0,2.0,4.0,0.0,0.0,10.0,6.0,1.25
T1,2018-03-03,Kasimpasa,Osmanlispor,1468.97,,4.0,7.0,2.0,2.0,1.0,1.0,D,1.0,1.0,D,4.0,9.0,2.0,4.0,20.0,12.0,9.0,3.0,3.0,5.0,0.0,0.0,2.14,3.39,3.29
T1,2018-03-04,Antalyaspor,Sivasspor,1474.41,1437.49,4.0,8.0,4.0,7.0,1.0,4.0,A,0.0,1.0,A,16.0,6.0,7.0,5.0,10.0,11.0,6.0,2.0,3.0,3.0,0.0,0.0,2.54,3.39,2.62
T1,2018-03-04,Fenerbahce,Akhisar Belediyespor,1632.71,1483.67,6.0,8.0,9.0,10.0,2.0,3.0,A,0.0,2.0,A,12.0,8.0,5.0,6.0,14.0,12.0,9.0,3.0,0.0,5.0,0.0,0.0,1.33,5.0,9.0
T1,2018-03-04,Genclerbirligi,Alanyaspor,1483.47,1401.02,5.0,9.0,0.0,3.0,0.0,1.0,A,0.0,0.0,D,4.0,7.0,3.0,5.0,15.0,18.0,6.0,1.0,4.0,2.0,0.0,0.0,1.75,3.6,4.59
T1,2018-03-04,Konyaspor,Yeni Malatyaspor,1449.7,,4.0,5.0,5.0,8.0,0.0,1.0,A,0.0,0.0,D,4.0,9.0,2.0,2.0,17.0,4.0,5.0,4.0,2.0,2.0,0.0,0.0,1.9,3.39,4.0
T1,2018-03-05,Trabzonspor,Besiktas,1523.37,1720.54,4.0,6.0,7.0,11.0,0.0,2.0,A,0.0,0.0,D,9.0,9.0,2.0,4.0,16.0,16.0,2.0,2.0,1.0,2.0,0.0,0.0,3.29,3.5,2.1
T1,2018-03-09,Alanyaspor,Buyuksehyr,1401.02,1646.75,3.0,3.0,7.0,8.0,4.0,1.0,H,1.0,0.0,H,11.0,7.0,7.0,6.0,17.0,12.0,0.0,1.0,2.0,4.0,1.0,1.0,4.0,3.6,1.85
T1,2018-03-10,Besiktas,Genclerbirligi,1720.54,1483.47,7.0,11.0,4.0,6.0,1.0,0.0,H,0.0,0.0,D,17.0,5.0,7.0,3.0,13.0,17.0,9.0,2.0,3.0,2.0,0.0,0.0,1.28,5.5,9.5
T1,2018-03-10,Osmanlispor,Bursaspor,,1428.3,2.0,3.0,4.0,5.0,2.0,1.0,H,2.0,0.0,H,11.0,7.0,4.0,3.0,17.0,17.0,4.0,8.0,4.0,3.0,0.0,0.0,2.04,3.29,3.6
T1,2018-03-10,Sivasspor,Kasimpasa,1437.49,1468.97,6.0,10.0,4.0,8.0,2.0,2.0,D,1.0,1.0,D,11.0,7.0,7.0,4.0,19.0,18.0,2.0,0.0,2.0,2.0,0.0,0.0,1.9,3.6,4.0
T1,2018-03-11,Galatasaray,Konyaspor,1590.33,1449.7,6.0,9.0,1.0,5.0,2.0,1.0,H,0.0,1.0,A,16.0,4.0,10.0,2.0,13.0,11.0,8.0,2.0,4.0,6.0,0.0,0.0,1.22,6.5,11.0
T1,2018-03-11,Goztep,Antalyaspor,1452.17,1474.41,3.0,5.0,4.0,7.0,2.0,1.0,H,1.0,0.0,H,9.0,15.0,6.0,8.0,9.0,10.0,5.0,7.0,3.0,5.0,0.0,1.0,2.25,3.39,3.1
T1,2018-03-11,Kayserispor,Karabukspor,1488.52,1339.19,3.0,7.0,0.0,3.0,3.0,2.0,H,1.0,1.0,D,16.0,4.0,4.0,3.0,16.0,11.0,13.0,2.0,1.0,3.0,0.0,1.0,1.22,6.0,12.0
T1,2018-03-11,Yeni Malatyaspor,Fenerbahce,,1632.71,7.0,8.0,3.0,7.0,0.0,2.0,A,0.0,1.0,A,7.0,5.0,3.0,2.0,16.0,10.0,13.0,3.0,0.0,2.0,0.0,0.0,4.0,3.6,1.85
T1,2018-03-12,Akhisar Belediyespor,Trabzonspor,1483.67,1523.37,9.0,12.0,3.0,5.0,1.0,3.0,A,0.0,1.0,A,9.0,10.0,5.0,7.0,14.0,10.0,8.0,4.0,4.0,2.0,1.0,0.0,2.37,3.29,2.89
T1,2018-03-16,Karabukspor,Osmanlispor,1325.35,,0.0,0.0,5.0,6.0,0.0,4.0,A,0.0,2.0,A,13.0,12.0,5.0,10.0,11.0,8.0,3.0,5.0,2.0,2.0,0.0,0.0,6.0,4.5,1.5
T1,2018-03-16,Kasimpasa,Antalyaspor,1466.67,1448.28,2.0,6.0,1.0,4.0,2.0,3.0,A,0.0,1.0,A,14.0,13.0,8.0,7.0,9.0,12.0,9.0,7.0,2.0,3.0,1.0,0.0,2.0,3.6,3.5
T1,2018-03-17,Bursaspor,Sivasspor,1428.76,1454.32,3.0,4.0,4.0,8.0,1.0,0.0,H,0.0,0.0,D,10.0,8.0,4.0,6.0,15.0,18.0,3.0,5.0,3.0,2.0,0.0,0.0,2.39,3.2,3.0
T1,2018-03-17,Fenerbahce,Galatasaray,1626.63,1602.83,3.0,9.0,9.0,12.0,0.0,0.0,D,0.0,0.0,D,8.0,10.0,6.0,5.0,16.0,15.0,10.0,3.0,2.0,3.0,0.0,0.0,2.1,3.5,3.29
T1,2018-03-17,Genclerbirligi,Akhisar Belediyespor,1469.19,1483.13,1.0,5.0,6.0,12.0,1.0,1.0,D,0.0,1.0,A,10.0,7.0,5.0,6.0,11.0,15.0,5.0,6.0,2.0,1.0,0.0,0.0,2.25,3.2,3.25
T1,2018-03-18,Alanyaspor,Goztep,1433.35,1454.44,6.0,6.0,6.0,7.0,1.0,1.0,D,0.0,0.0,D,10.0,3.0,4.0,2.0,16.0,21.0,8.0,1.0,1.0,4.0,0.0,0.0,2.04,3.6,3.29
T1,2018-03-18,Buyuksehyr,Besiktas,1628.59,1727.32,4.0,7.0,9.0,13.0,1.0,0.0,H,1.0,0.0,H,5.0,12.0,2.0,2.0,22.0,13.0,3.0,10.0,5.0,4.0,1.0,0.0,3.39,3.1,2.25
T1,2018-03-18,Konyaspor,Kayserispor,1435.59,1483.48,0.0,4.0,6.0,7.0,2.0,0.0,H,1.0,0.0,H,7.0,1.0,3.0,0.0,13.0,13.0,6.0,4.0,2.0,2.0,1.0,1.0,2.39,3.2,3.0
T1,2018-03-18,Trabzonspor,Yeni Malatyaspor,1529.1,,6.0,7.0,6.0,8.0,4.0,1.0,H,1.0,1.0,D,11.0,11.0,8.0,7.0,12.0,16.0,4.0,3.0,2.0,1.0,0.0,0.0,1.64,3.6,5.5
T1,2018-03-30,Sivasspor,Karabukspor,1454.32,1325.35,4.0,7.0,0.0,0.0,1.0,0.0,H,0.0,0.0,D,9.0,6.0,4.0,2.0,15.0,15.0,10.0,1.0,3.0,3.0,0.0,0.0,1.28,5.5,10.0
T1,2018-03-31,Antalyaspor,Bursaspor,1448.28,1428.76,3.0,7.0,6.0,7.0,2.0,0.0,H,1.0,0.0,H,6.0,5.0,2.0,0.0,20.0,15.0,1.0,7.0,2.0,1.0,0.0,0.0,2.2,3.2,3.39
T1,2018-03-31,Besiktas,Alanyaspor,1727.32,1433.35,6.0,10.0,7.0,7.0,1.0,0.0,H,1.0,0.0,H,7.0,7.0,2.0,2.0,21.0,17.0,6.0,2.0,5.0,2.0,0.0,0.0,1.25,6.0,10.0
T1,2018-03-31,Yeni Malatyaspor,Genclerbirligi,,1469.19,3.0,7.0,1.0,5.0,4.0,1.0,H,1.0,1.0,D,8.0,4.0,7.0,3.0,15.0,13.0,7.0,4.0,1.0,1.0,0.0,0.0,2.2,3.1,3.5
T1,2018-04-01,Akhisar Belediyespor,Buyuksehyr,1484.76,1637.42,4.0,10.0,6.0,10.0,1.0,2.0,A,1.0,0.0,H,9.0,10.0,4.0,5.0,19.0,11.0,2.0,5.0,1.0,1.0,1.0,0.0,4.0,3.39,1.9
T1,2018-04-01,Galatasaray,Trabzonspor,1605.49,1536.38,7.0,10.0,6.0,9.0,2.0,1.0,H,1.0,0.0,H,11.0,7.0,6.0,5.0,17.0,14.0,4.0,1.0,2.0,3.0,0.0,0.0,1.5,4.33,6.0
T1,2018-04-01,Goztep,Kasimpasa,1455.87,1456.38,4.0,7.0,2.0,5.0,0.0,2.0,A,0.0,1.0,A,19.0,6.0,9.0,3.0,15.0,9.0,14.0,1.0,4.0,1.0,1.0,0.0,2.14,3.39,3.29
T1,2018-04-01,Osmanlispor,Konyaspor,,1446.18,7.0,8.0,3.0,4.0,0.0,0.0,D,0.0,0.0,D,7.0,6.0,3.0,4.0,13.0,7.0,3.0,4.0,1.0,0.0,0.0,0.0,2.29,3.1,3.29
T1,2018-04-02,Kayserispor,Fenerbahce,1472.89,1623.97,3.0,6.0,4.0,7.0,0.0,5.0,A,0.0,3.0,A,8.0,12.0,3.0,7.0,9.0,9.0,7.0,4.0,2.0,2.0,0.0,0.0,3.6,3.29,2.04
T1,2018-04-06,Buyuksehyr,Yeni Malatyaspor,1637.42,,6.0,10.0,3.0,9.0,1.0,0.0,H,1.0,0.0,H,6.0,7.0,2.0,4.0,16.0,14.0,5.0,4.0,1.0,1.0,0.0,0.0,1.39,4.5,8.0
T1,2018-04-07,Besiktas,Goztep,1719.93,1455.87,6.0,12.0,4.0,7.0,5.0,1.0,H,2.0,0.0,H,17.0,10.0,10.0,7.0,21.0,11.0,3.0,5.0,1.0,6.0,0.0,1.0,1.19,7.0,12.0
T1,2018-04-07,Karabukspor,Antalyaspor,1307.45,1466.56,0.0,0.0,6.0,7.0,1.0,2.0,A,0.0,1.0,A,7.0,8.0,4.0,4.0,18.0,15.0,3.0,4.0,1.0,0.0,0.0,0.0,8.0,5.0,1.36
T1,2018-04-07,Trabzonspor,Kayserispor,1536.38,1472.89,6.0,9.0,3.0,6.0,4.0,0.0,H,0.0,0.0,D,12.0,7.0,7.0,3.0,13.0,12.0,6.0,3.0,1.0,2.0,0.0,0.0,1.66,3.75,5.0
T1,2018-04-08,Alanyaspor,Akhisar Belediyespor,1430.48,1484.76,4.0,7.0,1.0,7.0,3.0,1.0,H,2.0,0.0,H,16.0,4.0,8.0,3.0,15.0,18.0,8.0,6.0,4.0,2.0,0.0,0.0,1.9,3.5,4.0
T1,2018-04-08,Bursaspor,Kasimpasa,1427.52,1456.38,3.0,6.0,4.0,5.0,0.0,1.0,A,0.0,1.0,A,8.0,4.0,3.0,1.0,16.0,13.0,9.0,0.0,2.0,2.0,0.0,0.0,2.0,3.29,3.75
T1,2018-04-08,Fenerbahce,Osmanlispor,1623.97,,7.0,7.0,7.0,9.0,2.0,0.0,H,0.0,0.0,D,12.0,6.0,3.0,1.0,14.0,11.0,9.0,2.0,1.0,2.0,0.0,0.0,1.28,5.0,11.0
T1,2018-04-08,Konyaspor,Sivasspor,1446.18,1450.91,4.0,4.0,4.0,7.0,5.0,0.0,H,1.0,0.0,H,12.0,6.0,7.0,4.0,13.0,4.0,4.0,8.0,2.0,0.0,0.0,1.0,1.95,3.29,4.0
T1,2018-04-09,Genclerbirligi,Galatasaray,1455.13,1605.49,1.0,2.0,7.0,13.0,1.0,0.0,H,0.0,0.0,D,7.0,7.0,1.0,4.0,20.0,13.0,5.0,6.0,2.0,3.0,0.0,0.0,7.5,3.79,1.5
T1,2018-04-13,Akhisar Belediyespor,Besiktas,1484.76,1719.93,1.0,4.0,6.0,12.0,0.0,3.0,A,0.0,2.0,A,7.0,9.0,2.0,4.0,18.0,11.0,4.0,7.0,0.0,1.0,0.0,0.0,7.5,4.5,1.39
T1,2018-04-14,Kasimpasa,Karabukspor,1456.38,1307.45,6.0,8.0,0.0,0.0,2.0,0.0,H,0.0,0.0,D,11.0,6.0,6.0,2.0,20.0,17.0,7.0,7.0,1.0,2.0,0.0,0.0,1.33,5.75,7.5
T1,2018-04-14,Sivasspor,Fenerbahce,1450.91,1623.97,3.0,7.0,7.0,10.0,1.0,2.0,A,0.0,2.0,A,6.0,10.0,4.0,6.0,14.0,16.0,2.0,4.0,3.0,2.0,0.0,0.0,5.75,4.0,1.57
T1,2018-04-14,Yeni Malatyaspor,Alanyaspor,,1430.48,3.0,6.0,4.0,10.0,1.0,1.0,D,0.0,0.0,D,7.0,5.0,2.0,3.0,25.0,17.0,2.0,5.0,3.0,2.0,0.0,0.0,2.54,3.25,2.75
T1,2018-04-15,Antalyaspor,Konyaspor,1472.31,1462.39,9.0,9.0,7.0,7.0,0.0,0.0,D,0.0,0.0,D,6.0,6.0,0.0,1.0,11.0,15.0,3.0,6.0,2.0,2.0,0.0,0.0,2.45,3.2,2.89
T1,2018-04-15,Galatasaray,Buyuksehyr,1599.92,1645.82,4.0,10.0,9.0,12.0,2.0,0.0,H,0.0,0.0,D,10.0,4.0,7.0,2.0,14.0,15.0,5.0,1.0,3.0,3.0,0.0,0.0,1.8,3.75,4.2
T1,2018-04-15,Goztep,Bursaspor,1438.96,1418.85,1.0,4.0,3.0,6.0,2.0,1.0,H,0.0,0.0,D,5.0,5.0,3.0,2.0,15.0,17.0,6.0,5.0,1.0,4.0,0.0,0.0,2.37,3.25,3.0
T1,2018-04-15,Kayserispor,Genclerbirligi,1450.19,1465.23,0.0,3.0,4.0,4.0,3.0,2.0,H,2.0,0.0,H,7.0,10.0,3.0,7.0,12.0,14.0,1.0,7.0,2.0,3.0,0.0,0.0,2.29,3.2,3.1
T1,2018-04-16,Osmanlispor,Trabzonspor,,1541.03,4.0,8.0,6.0,9.0,3.0,3.0,D,0.0,2.0,A,16.0,10.0,6.0,6.0,16.0,17.0,6.0,3.0,0.0,1.0,0.0,0.0,2.7,3.1,2.7
T1,2018-04-20,Buyuksehyr,Kayserispor,1645.82,1450.19,6.0,9.0,3.0,6.0,3.0,1.0,H,1.0,0.0,H,9.0,3.0,5.0,2.0,18.0,13.0,4.0,3.0,1.0,1.0,0.0,0.0,1.33,5.25,8.0
T1,2018-04-21,Alanyaspor,Galatasaray,1442.65,1599.92,4.0,8.0,6.0,10.0,2.0,3.0,A,1.0,2.0,A,7.0,6.0,6.0,3.0,20.0,13.0,6.0,1.0,3.0,2.0,0.0,0.0,4.75,4.2,1.61
T1,2018-04-21,Genclerbirligi,Osmanlispor,1465.23,,3.0,4.0,2.0,8.0,0.0,3.0,A,0.0,1.0,A,6.0,14.0,3.0,8.0,20.0,13.0,4.0,5.0,2.0,1.0,0.0,0.0,2.29,3.25,3.1
T1,2018-04-21,Karabukspor,Bursaspor,1297.97,1418.85,0.0,0.0,0.0,3.0,1.0,4.0,A,1.0,2.0,A,5.0,8.0,3.0,6.0,16.0,21.0,2.0,3.0,2.0,4.0,1.0,0.0,,,
T1,2018-04-21,Trabzonspor,Sivasspor,1541.03,1431.84,4.0,10.0,3.0,4.0,0.0,2.0,A,0.0,1.0,A,14.0,5.0,9.0,3.0,14.0,15.0,6.0,1.0,2.0,1.0,0.0,0.0,1.61,3.75,5.5
T1,2018-04-22,Akhisar Belediyespor,Goztep,1462.08,1438.96,0.0,1.0,3.0,7.0,1.0,1.0,D,1.0,1.0,D,7.0,8.0,2.0,4.0,14.0,18.0,3.0,7.0,2.0,3.0,0.0,0.0,1.9,3.6,3.79
T1,2018-04-22,Besiktas,Yeni Malatyaspor,1729.63,,9.0,12.0,4.0,4.0,3.0,1.0,H,1.0,1.0,D,19.0,10.0,6.0,5.0,10.0,13.0,7.0,0.0,0.0,2.0,0.0,0.0,1.22,6.0,13.0
T1,2018-04-22,Konyaspor,Kasimpasa,1462.39,1482.55,5.0,8.0,9.0,10.0,2.0,0.0,H,1.0,0.0,H,11.0,8.0,3.0,1.0,11.0,9.0,9.0,8.0,2.0,1.0,0.0,0.0,1.55,4.0,6.0
T1,2018-04-23,Fenerbahce,Antalyaspor,1645.76,1472.31,9.0,13.0,7.0,10.0,4.0,1.0,H,2.0,1.0,H,13.0,8.0,6.0,5.0,9.0,10.0,7.0,2.0,1.0,2.0,0.0,0.0,1.28,5.5,9.5
T1,2018-04-27,Goztep,Karabukspor,1438.96,1297.97,4.0,5.0,0.0,0.0,5.0,0.0,H,2.0,0.0,H,17.0,8.0,11.0,2.0,11.0,4.0,6.0,2.0,0.0,1.0,0.0,0.0,1.14,7.5,17.0
T1,2018-04-28,Antalyaspor,Trabzonspor,1472.31,1541.03,4.0,10.0,4.0,7.0,1.0,2.0,A,1.0,1.0,D,14.0,7.0,10.0,4.0,17.0,8.0,9.0,4.0,4.0,3.0,0.0,0.0,2.45,3.39,2.75
T1,2018-04-28,Kasimpasa,Fenerbahce,1482.55,1645.76,6.0,9.0,9.0,13.0,1.0,4.0,A,0.0,1.0,A,13.0,13.0,4.0,10.0,21.0,14.0,5.0,2.0,2.0,1.0,0.0,0.0,8.5,4.75,1.36
T1,2018-04-28,Kayserispor,Alanyaspor,1450.19,1442.65,3.0,3.0,4.0,5.0,1.0,2.0,A,0.0,0.0,D,10.0,10.0,6.0,6.0,18.0,10.0,1.0,4.0,5.0,0.0,1.0,0.0,2.89,3.5,2.29
T1,2018-04-28,Sivasspor,Genclerbirligi,1431.84,1465.23,3.0,6.0,3.0,4.0,1.0,0.0,H,1.0,0.0,H,9.0,5.0,7.0,4.0,12.0,12.0,4.0,5.0,0.0,4.0,0.0,0.0,2.0,3.39,3.75
T1,2018-04-29,Galatasaray,Besiktas,1599.92,1729.63,6.0,10.0,9.0,12.0,2.0,0.0,H,1.0,0.0,H,12.0,10.0,8.0,4.0,23.0,16.0,7.0,2.0,2.0,2.0,0.0,1.0,2.45,3.5,2.7
T1,2018-04-29,Osmanlispor,Buyuksehyr,,1645.82,4.0,8.0,6.0,12.0,1.0,4.0,A,1.0,0.0,H,9.0,10.0,4.0,5.0,13.0,10.0,6.0,10.0,3.0,2.0,0.0,0.0,3.39,3.75,2.0
T1,2018-04-29,Yeni Malatyaspor,Akhisar Belediyespor,,1462.08,1.0,4.0,1.0,2.0,0.0,0.0,D,0.0,0.0,D,10.0,5.0,2.0,0.0,14.0,16.0,4.0,5.0,0.0,1.0,0.0,0.0,2.6,3.29,2.62
T1,2018-04-30,Bursaspor,Konyaspor,1418.85,1462.39,3.0,6.0,7.0,11.0,2.0,1.0,H,2.0,0.0,H,9.0,10.0,3.0,4.0,19.0,15.0,7.0,2.0,6.0,3.0,0.0,0.0,2.75,3.29,2.5
T1,2018-05-04,Buyuksehyr,Sivasspor,1648.57,1455.5,6.0,12.0,6.0,9.0,1.0,1.0,D,1.0,0.0,H,9.0,8.0,5.0,3.0,12.0,15.0,3.0,4.0,5.0,0.0,2.0,0.0,1.44,4.75,6.0
T1,2018-05-05,Alanyaspor,Osmanlispor,1447.41,,4.0,7.0,4.0,5.0,1.0,1.0,D,1.0,0.0,H,8.0,7.0,4.0,4.0,16.0,22.0,5.0,3.0,6.0,2.0,0.0,0.0,1.9,3.39,4.0
T1,2018-05-05,Karabukspor,Konyaspor,1279.31,1466.68,0.0,0.0,4.0,8.0,0.0,1.0,A,0.0,1.0,A,2.0,6.0,0.0,3.0,16.0,15.0,1.0,9.0,5.0,2.0,0.0,0.0,15.0,6.5,1.18
T1,2018-05-05,Trabzonspor,Kasimpasa,1530.9,1463.89,4.0,7.0,3.0,9.0,2.0,5.0,A,1.0,3.0,A,20.0,10.0,10.0,6.0,15.0,9.0,8.0,3.0,4.0,2.0,2.0,0.0,1.39,4.5,8.0
T1,2018-05-06,Akhisar Belediyespor,Galatasaray,1460.89,1628.28,2.0,2.0,9.0,12.0,1.0,2.0,A,0.0,2.0,A,8.0,13.0,2.0,5.0,12.0,11.0,4.0,4.0,5.0,2.0,1.0,0.0,8.5,4.33,1.39
T1,2018-05-06,Fenerbahce,Bursaspor,1659.74,1432.77,9.0,15.0,6.0,6.0,2.0,1.0,H,0.0,0.0,D,19.0,7.0,7.0,4.0,12.0,13.0,5.0,4.0,2.0,2.0,0.0,2.0,1.18,7.0,13.0
T1,2018-05-06,Genclerbirligi,Antalyaspor,1434.01,1456.85,0.0,3.0,1.0,7.0,0.0,1.0,A,0.0,0.0,D,8.0,10.0,2.0,4.0,14.0,20.0,4.0,5.0,3.0,2.0,0.0,0.0,2.1,3.39,3.39
T1,2018-05-07,Besiktas,Kayserispor,1718.85,1442.78,6.0,12.0,3.0,3.0,2.0,0.0,H,2.0,0.0,H,10.0,8.0,7.0,1.0,14.0,11.0,7.0,7.0,2.0,4.0,1.0,1.0,1.18,6.5,15.0
T1,2018-05-07,Goztep,Yeni Malatyaspor,1453.72,,7.0,7.0,2.0,5.0,0.0,0.0,D,0.0,0.0,D,8.0,8.0,2.0,4.0,15.0,14.0,8.0,0.0,3.0,1.0,0.0,0.0,1.95,3.5,3.79
T1,2018-05-11,Antalyaspor,Buyuksehyr,1456.85,1648.57,3.0,7.0,7.0,10.0,0.0,2.0,A,0.0,1.0,A,7.0,10.0,3.0,7.0,14.0,11.0,5.0,3.0,1.0,1.0,0.0,0.0,6.0,4.2,1.44
T1,2018-05-12,Galatasaray,Yeni Malatyaspor,1628.28,,9.0,12.0,2.0,3.0,2.0,0.0,H,2.0,0.0,H,13.0,6.0,6.0,1.0,15.0,14.0,3.0,2.0,1.0,5.0,0.0,0.0,1.12,9.0,17.0
T1,2018-05-12,Kasimpasa,Genclerbirligi,1463.89,1434.01,3.0,9.0,0.0,3.0,3.0,1.0,H,1.0,0.0,H,15.0,14.0,7.0,9.0,15.0,8.0,3.0,5.0,4.0,3.0,0.0,1.0,2.2,3.39,3.2
T1,2018-05-12,Konyaspor,Goztep,1466.68,1453.72,6.0,10.0,5.0,8.0,1.0,1.0,D,0.0,0.0,D,7.0,9.0,1.0,7.0,11.0,13.0,7.0,10.0,2.0,6.0,0.0,1.0,1.44,4.2,8.0
T1,2018-05-13,Bursaspor,Trabzonspor,1432.77,1530.9,6.0,6.0,3.0,7.0,1.0,3.0,A,1.0,3.0,A,13.0,8.0,4.0,3.0,12.0,20.0,7.0,3.0,2.0,3.0,0.0,0.0,2.04,3.75,3.25
T1,2018-05-13,Osmanlispor,Besiktas,,1718.85,4.0,5.0,6.0,12.0,2.0,3.0,A,1.0,0.0,H,12.0,10.0,5.0,4.0,9.0,15.0,5.0,6.0,0.0,1.0,0.0,0.0,4.5,3.79,1.7
T1,2018-05-13,Sivasspor,Alanyaspor,1455.5,1447.41,7.0,7.0,4.0,8.0,2.0,2.0,D,1.0,1.0,D,6.0,9.0,4.0,6.0,12.0,12.0,4.0,2.0,3.0,7.0,0.0,0.0,2.89,3.29,2.37
T1,2018-05-14,Karabukspor,Fenerbahce,1279.31,1659.74,0.0,0.0,9.0,15.0,0.0,7.0,A,0.0,4.0,A,3.0,21.0,3.0,14.0,11.0,13.0,2.0,12.0,2.0,2.0,0.0,0.0,,,
T1,2018-05-14,Kayserispor,Akhisar Belediyespor,1442.78,1460.89,0.0,3.0,2.0,2.0,1.0,2.0,A,0.0,0.0,D,10.0,9.0,1.0,7.0,7.0,9.0,8.0,1.0,2.0,3.0,0.0,0.0,3.75,3.39,2.0
T1,2018-05-18,Akhisar Belediyespor,Osmanlispor,1464.74,,4.0,5.0,1.0,5.0,2.0,1.0,H,1.0,1.0,D,13.0,14.0,10.0,4.0,7.0,8.0,3.0,3.0,0.0,0.0,0.0,0.0,2.1,3.9,3.0
T1,2018-05-18,Alanyaspor,Antalyaspor,1447.75,1458.53,5.0,6.0,3.0,4.0,3.0,2.0,H,1.0,1.0,D,13.0,5.0,9.0,4.0,21.0,17.0,6.0,5.0,2.0,1.0,0.0,0.0,2.04,4.0,3.1
T1,2018-05-18,Genclerbirligi,Bursaspor,1417.7,1420.02,0.0,0.0,3.0,6.0,1.0,0.0,H,1.0,0.0,H,9.0,10.0,4.0,4.0,8.0,16.0,3.0,5.0,0.0,0.0,0.0,0.0,2.04,3.8,3.25
T1,2018-05-18,Trabzonspor,Karabukspor,1521.83,1269.29,6.0,7.0,0.0,0.0,3.0,0.0,H,0.0,0.0,D,25.0,9.0,12.0,6.0,13.0,15.0,5.0,9.0,1.0,3.0,0.0,0.0,1.08,10.0,23.0
T1,2018-05-18,Yeni Malatyaspor,Kayserispor,,1431.24,2.0,3.0,0.0,3.0,3.0,2.0,H,2.0,0.0,H,8.0,17.0,3.0,11.0,3.0,6.0,3.0,9.0,0.0,1.0,0.0,0.0,2.2,3.5,3.1
T1,2018-05-19,Besiktas,Sivasspor,1724.49,1459.51,6.0,12.0,5.0,8.0,5.0,1.0,H,1.0,0.0,H,16.0,6.0,10.0,3.0,16.0,11.0,7.0,4.0,3.0,4.0,0.0,0.0,1.16,7.5,13.0
T1,2018-05-19,Buyuksehyr,Kasimpasa,1649.71,1490.69,7.0,10.0,6.0,9.0,3.0,2.0,H,2.0,2.0,D,16.0,6.0,6.0,4.0,9.0,6.0,8.0,2.0,3.0,3.0,0.0,0.0,1.18,7.5,12.0
T1,2018-05-19,Fenerbahce,Konyaspor,1666.58,1469.4,9.0,15.0,4.0,8.0,3.0,2.0,H,2.0,0.0,H,14.0,12.0,7.0,9.0,7.0,8.0,7.0,4.0,0.0,3.0,0.0,0.0,1.16,7.5,13.0
T1,2018-05-19,Goztep,Galatasaray,1453.7,1637.18,5.0,9.0,9.0,15.0,0.0,1.0,A,0.0,0.0,D,8.0,8.0,3.0,2.0,14.0,12.0,4.0,3.0,1.0,2.0,0.0,1.0,8.5,4.75,1.36
T1,2018-08-10,Ankaragucu,Galatasaray,,1642.26,0.0,0.0,9.0,15.0,1.0,3.0,A,1.0,2.0,A,3.0,12.0,1.0,4.0,15.0,9.0,2.0,4.0,2.0,2.0,0.0,0.0,4.5,4.0,1.72
T1,2018-08-11,Fenerbahce,Bursaspor,1669.12,1413.6,9.0,15.0,0.0,6.0,2.0,1.0,H,2.0,1.0,H,7.0,6.0,2.0,3.0,12.0,15.0,4.0,4.0,3.0,3.0,0.0,0.0,1.36,5.0,7.5
T1,2018-08-11,Rizespor,Kasimpasa,1376.04,1487.73,9.0,12.0,6.0,6.0,2.0,3.0,A,1.0,0.0,H,8.0,14.0,5.0,6.0,13.0,14.0,3.0,6.0,2.0,1.0,0.0,0.0,2.3,3.4,3.0
T1,2018-08-11,Sivasspor,Alanyaspor,1456.1,1454.21,2.0,8.0,5.0,8.0,1.0,0.0,H,0.0,0.0,D,12.0,9.0,5.0,3.0,13.0,16.0,4.0,7.0,1.0,3.0,0.0,0.0,2.25,3.25,3.2
T1,2018-08-12,Besiktas,Akhisar Belediyespor,1727.92,1470.59,9.0,12.0,6.0,8.0,2.0,1.0,H,2.0,0.0,H,13.0,8.0,4.0,4.0,17.0,16.0,12.0,3.0,3.0,6.0,0.0,0.0,1.4,5.0,6.5
T1,2018-08-12,Buyuksehyr,Trabzonspor,1652.68,1524.98,7.0,13.0,6.0,9.0,2.0,0.0,H,1.0,0.0,H,15.0,8.0,5.0,0.0,16.0,15.0,9.0,2.0,2.0,2.0,0.0,0.0,1.8,3.6,4.5
T1,2018-08-12,Goztep,Yeni Malatyaspor,1448.63,,2.0,6.0,4.0,5.0,1.0,3.0,A,0.0,1.0,A,10.0,6.0,4.0,3.0,11.0,11.0,4.0,0.0,4.0,5.0,2.0,1.0,1.95,3.3,4.0
T1,2018-08-12,Konyaspor,Erzurum BB,1466.87,1376.04,4.0,7.0,0.0,0.0,3.0,2.0,H,2.0,1.0,H,16.0,6.0,9.0,4.0,11.0,14.0,4.0,7.0,1.0,2.0,0.0,0.0,1.75,3.5,4.75
T1,2018-08-13,Kayserispor,Antalyaspor,1424.88,1452.08,0.0,0.0,3.0,3.0,2.0,0.0,H,1.0,0.0,H,8.0,4.0,5.0,1.0,16.0,8.0,6.0,2.0,0.0,2.0,0.0,1.0,1.95,3.4,3.9
T1,2018-08-17,Trabzonspor,Sivasspor,1515.83,1458.08,6.0,9.0,4.0,8.0,3.0,1.0,H,3.0,1.0,H,10.0,12.0,8.0,3.0,12.0,19.0,8.0,5.0,1.0,4.0,0.0,0.0,1.75,3.75,4.5
T1,2018-08-18,Antalyaspor,Konyaspor,1438.33,1467.1,0.0,3.0,4.0,7.0,3.0,3.0,D,1.0,2.0,A,12.0,10.0,9.0,4.0,17.0,19.0,7.0,3.0,1.0,5.0,0.0,1.0,2.87,3.1,2.54
T1,2018-08-18,Bursaspor,Kayserispor,1407.66,1430.4,0.0,3.0,3.0,3.0,0.0,0.0,D,0.0,0.0,D,9.0,4.0,2.0,0.0,11.0,12.0,6.0,4.0,2.0,2.0,0.0,0.0,2.5,3.2,2.87
T1,2018-08-18,Yeni Malatyaspor,Fenerbahce,,1658.42,6.0,8.0,9.0,15.0,1.0,0.0,H,0.0,0.0,D,14.0,13.0,2.0,4.0,14.0,9.0,2.0,3.0,2.0,0.0,0.0,0.0,5.0,3.5,1.72
T1,2018-08-19,Akhisar Belediyespor,Rizespor,1464.71,1365.09,6.0,7.0,6.0,9.0,1.0,1.0,D,0.0,1.0,A,8.0,24.0,3.0,10.0,18.0,14.0,4.0,3.0,0.0,1.0,1.0,0.0,2.1,3.1,3.75
T1,2018-08-19,Alanyaspor,Ankaragucu,1443.99,,4.0,8.0,0.0,0.0,0.0,2.0,A,0.0,0.0,D,19.0,5.0,5.0,4.0,19.0,15.0,6.0,2.0,3.0,6.0,1.0,1.0,2.0,3.3,3.8
T1,2018-08-19,Erzurum BB,Besiktas,1367.57,1726.36,0.0,0.0,9.0,12.0,1.0,3.0,A,1.0,0.0,H,10.0,10.0,3.0,6.0,11.0,7.0,9.0,9.0,0.0,3.0,0.0,0.0,6.0,3.8,1.57
T1,2018-08-19,Galatasaray,Goztep,1643.04,1430.25,9.0,15.0,1.0,5.0,1.0,0.0,H,1.0,0.0,H,11.0,9.0,5.0,2.0,13.0,14.0,6.0,6.0,4.0,2.0,0.0,0.0,1.25,5.5,12.0
T1,2018-08-20,Kasimpasa,Buyuksehyr,1490.45,1652.38,6.0,9.0,9.0,13.0,2.0,1.0,H,0.0,0.0,D,13.0,15.0,3.0,5.0,18.0,16.0,5.0,2.0,0.0,3.0,0.0,0.0,4.2,3.75,1.8
T1,2018-08-24,Rizespor,Erzurum BB,1365.09,1367.57,4.0,10.0,0.0,0.0,0.0,0.0,D,0.0,0.0,D,9.0,11.0,2.0,3.0,9.0,20.0,4.0,7.0,1.0,1.0,0.0,0.0,1.64,3.6,5.75
T1,2018-08-25,Ankaragucu,Trabzonspor,,1515.83,3.0,3.0,6.0,9.0,2.0,2.0,D,1.0,1.0,D,15.0,9.0,6.0,7.0,11.0,12.0,5.0,9.0,2.0,2.0,0.0,0.0,3.4,3.25,2.14
T1,2018-08-25,Goztep,Fenerbahce,1430.25,1658.42,0.0,2.0,6.0,12.0,1.0,0.0,H,0.0,0.0,D,5.0,9.0,1.0,1.0,16.0,16.0,4.0,5.0,2.0,1.0,0.0,0.0,4.75,3.5,1.75
T1,2018-08-25,Kayserispor,Yeni Malatyaspor,1430.4,,4.0,4.0,9.0,10.0,0.0,0.0,D,0.0,0.0,D,13.0,6.0,5.0,2.0,15.0,13.0,4.0,6.0,2.0,1.0,0.0,0.0,2.04,3.1,4.0
T1,2018-08-26,Besiktas,Antalyaspor,1726.36,1438.33,9.0,15.0,1.0,4.0,2.0,3.0,A,1.0,3.0,A,28.0,7.0,10.0,5.0,15.0,19.0,12.0,1.0,2.0,7.0,0.0,0.0,1.2,6.5,13.0
T1,2018-08-26,Konyaspor,Bursaspor,1467.1,1407.66,4.0,8.0,1.0,1.0,1.0,1.0,D,1.0,1.0,D,16.0,12.0,6.0,4.0,18.0,14.0,11.0,6.0,2.0,3.0,0.0,0.0,1.8,3.4,4.75
T1,2018-08-26,Sivasspor,Kasimpasa,1458.08,1490.45,3.0,5.0,6.0,12.0,0.0,3.0,A,0.0,1.0,A,31.0,9.0,3.0,6.0,8.0,9.0,7.0,2.0,0.0,3.0,0.0,0.0,1.95,3.3,4.0
T1,2018-08-27,Buyuksehyr,Akhisar Belediyespor,1652.38,1464.71,6.0,10.0,4.0,7.0,3.0,1.0,H,1.0,1.0,D,19.0,9.0,6.0,2.0,9.0,14.0,6.0,2.0,2.0,4.0,0.0,0.0,1.44,4.5,6.5
T1,2018-08-27,Galatasaray,Alanyaspor,1643.04,1443.99,9.0,15.0,3.0,5.0,6.0,0.0,H,1.0,0.0,H,17.0,4.0,9.0,1.0,12.0,7.0,4.0,1.0,0.0,1.0,0.0,0.0,1.25,5.75,11.0
T1,2018-08-31,Yeni Malatyaspor,Konyaspor,,1467.1,7.0,10.0,5.0,6.0,0.0,1.0,A,0.0,1.0,A,11.0,6.0,3.0,4.0,9.0,23.0,3.0,1.0,2.0,4.0,0.0,0.0,2.2,3.2,3.5
T1,2018-09-01,Akhisar Belediyespor,Sivasspor,1455.1,1435.51,1.0,7.0,3.0,4.0,1.0,1.0,D,0.0,0.0,D,22.0,11.0,6.0,4.0,19.0,17.0,5.0,1.0,1.0,3.0,0.0,0.0,2.0,3.5,3.6
T1,2018-09-01,Alanyaspor,Goztep,1421.17,1438.84,0.0,4.0,3.0,4.0,1.0,0.0,H,0.0,0.0,D,9.0,10.0,2.0,2.0,16.0,12.0,5.0,8.0,2.0,2.0,0.0,0.0,2.45,3.3,2.8
T1,2018-09-01,Fenerbahce,Kayserispor,1633.83,1429.52,3.0,9.0,5.0,5.0,2.0,3.0,A,1.0,0.0,H,15.0,20.0,4.0,11.0,11.0,12.0,4.0,4.0,4.0,2.0,0.0,1.0,1.44,4.33,7.0
T1,2018-09-01,Trabzonspor,Galatasaray,1519.84,1649.43,4.0,10.0,9.0,15.0,4.0,0.0,H,3.0,0.0,H,13.0,8.0,6.0,0.0,11.0,7.0,1.0,1.0,2.0,1.0,0.0,1.0,3.5,3.6,2.0
T1,2018-09-02,Antalyaspor,Rizespor,1451.63,1366.47,4.0,4.0,2.0,8.0,2.0,1.0,H,0.0,1.0,A,13.0,6.0,4.0,2.0,12.0,13.0,5.0,5.0,3.0,3.0,1.0,1.0,2.4,3.3,2.87
T1,2018-09-02,Bursaspor,Besiktas,1408.91,1718.85,2.0,2.0,6.0,12.0,1.0,1.0,D,0.0,0.0,D,9.0,11.0,3.0,4.0,14.0,15.0,4.0,3.0,2.0,2.0,0.0,0.0,5.25,4.0,1.6
T1,2018-09-02,Erzurum BB,Buyuksehyr,1365.61,1636.95,1.0,2.0,6.0,12.0,0.0,1.0,A,0.0,1.0,A,16.0,5.0,3.0,2.0,13.0,11.0,8.0,2.0,3.0,1.0,0.0,0.0,5.5,4.0,1.57
T1,2018-09-02,Kasimpasa,Ankaragucu,1514.04,,9.0,12.0,4.0,4.0,2.0,1.0,H,1.0,0.0,H,10.0,15.0,4.0,7.0,8.0,11.0,5.0,6.0,1.0,3.0,0.0,0.0,1.9,3.6,3.8
T1,2018-09-14,Galatasaray,Kasimpasa,1649.43,1514.04,6.0,12.0,9.0,12.0,4.0,1.0,H,0.0,0.0,D,15.0,16.0,5.0,6.0,11.0,14.0,4.0,7.0,1.0,2.0,0.0,0.0,1.55,4.33,5.25
T1,2018-09-15,Ankaragucu,Akhisar Belediyespor,,1452.61,4.0,4.0,2.0,5.0,1.0,0.0,H,1.0,0.0,H,7.0,12.0,1.0,4.0,19.0,11.0,2.0,12.0,2.0,3.0,0.0,0.0,2.3,3.3,3.0
T1,2018-09-15,Besiktas,Yeni Malatyaspor,1712.85,,4.0,10.0,4.0,10.0,2.0,1.0,H,0.0,0.0,D,17.0,10.0,6.0,6.0,14.0,15.0,10.0,5.0,3.0,3.0,1.0,0.0,1.33,5.25,8.0
T1,2018-09-15,Goztep,Kayserispor,1432.24,1443.91,3.0,3.0,5.0,8.0,2.0,0.0,H,2.0,0.0,H,16.0,9.0,6.0,1.0,11.0,10.0,4.0,1.0,1.0,2.0,0.0,0.0,2.2,3.25,3.3
T1,2018-09-16,Buyuksehyr,Antalyaspor,1640.41,1456.01,6.0,12.0,7.0,7.0,4.0,0.0,H,1.0,0.0,H,15.0,8.0,6.0,3.0,11.0,8.0,4.0,2.0,0.0,2.0,0.0,0.0,1.4,4.5,7.5
T1,2018-09-16,Konyaspor,Fenerbahce,1473.35,1619.44,5.0,8.0,0.0,6.0,0.0,1.0,A,0.0,0.0,D,15.0,10.0,6.0,2.0,10.0,11.0,6.0,6.0,3.0,1.0,0.0,0.0,3.5,3.5,2.04
T1,2018-09-16,Rizespor,Bursaspor,1362.08,1414.91,2.0,5.0,3.0,3.0,1.0,1.0,D,0.0,1.0,A,12.0,9.0,5.0,4.0,25.0,19.0,3.0,3.0,0.0,2.0,0.0,0.0,2.0,3.4,3.75
T1,2018-09-16,Sivasspor,Erzurum BB,1438.0,1362.15,1.0,4.0,1.0,1.0,2.0,2.0,D,1.0,1.0,D,20.0,11.0,7.0,5.0,12.0,10.0,3.0,2.0,0.0,2.0,0.0,0.0,1.72,3.75,4.5
T1,2018-09-17,Alanyaspor,Trabzonspor,1427.77,1538.63,3.0,6.0,7.0,10.0,1.0,0.0,H,1.0,0.0,H,16.0,11.0,7.0,5.0,19.0,9.0,4.0,6.0,1.0,2.0,0.0,0.0,3.0,3.5,2.25
T1,2018-09-21,Bursaspor,Buyuksehyr,1414.91,1640.41,3.0,4.0,9.0,12.0,0.0,0.0,D,0.0,0.0,D,13.0,7.0,4.0,1.0,10.0,14.0,1.0,4.0,1.0,4.0,0.0,0.0,3.4,3.3,2.14
T1,2018-09-21,Erzurum BB,Ankaragucu,1362.15,,2.0,2.0,4.0,7.0,0.0,1.0,A,0.0,0.0,D,25.0,3.0,8.0,1.0,14.0,8.0,12.0,2.0,3.0,2.0,0.0,1.0,2.0,3.6,3.5
T1,2018-09-22,Kayserispor,Konyaspor,1443.91,1473.35,4.0,8.0,4.0,8.0,0.0,2.0,A,0.0,2.0,A,17.0,8.0,4.0,5.0,18.0,7.0,6.0,5.0,1.0,2.0,0.0,0.0,2.3,3.2,3.2
T1,2018-09-22,Trabzonspor,Goztep,1538.63,1432.24,4.0,7.0,6.0,6.0,1.0,2.0,A,0.0,2.0,A,13.0,5.0,5.0,2.0,12.0,12.0,4.0,2.0,2.0,4.0,0.0,0.0,1.6,4.0,5.25
T1,2018-09-22,Yeni Malatyaspor,Rizespor,,1362.08,1.0,7.0,2.0,3.0,1.0,0.0,H,1.0,0.0,H,23.0,7.0,9.0,1.0,17.0,15.0,10.0,3.0,2.0,3.0,0.0,1.0,1.83,3.6,4.2
T1,2018-09-23,Akhisar Belediyespor,Galatasaray,1452.61,1636.91,1.0,2.0,6.0,12.0,3.0,0.0,H,0.0,0.0,D,10.0,12.0,5.0,3.0,15.0,13.0,1.0,6.0,4.0,3.0,0.0,0.0,5.0,3.6,1.7
T1,2018-09-23,Antalyaspor,Sivasspor,1456.01,1438.0,6.0,7.0,2.0,5.0,2.0,1.0,H,2.0,1.0,H,6.0,15.0,3.0,2.0,14.0,7.0,6.0,4.0,4.0,1.0,0.0,0.0,2.4,3.4,2.8
T1,2018-09-23,Kasimpasa,Alanyaspor,1511.2,1427.77,6.0,12.0,6.0,6.0,1.0,2.0,A,0.0,1.0,A,24.0,8.0,6.0,3.0,14.0,17.0,7.0,0.0,2.0,3.0,0.0,0.0,1.7,3.75,4.75
T1,2018-09-24,Fenerbahce,Besiktas,1619.44,1712.85,3.0,6.0,4.0,10.0,1.0,1.0,D,0.0,1.0,A,13.0,11.0,7.0,4.0,13.0,16.0,2.0,7.0,1.0,5.0,0.0,1.0,2.4,3.4,2.87
T1,2018-09-28,Galatasaray,Erzurum BB,1636.91,1362.15,3.0,9.0,1.0,2.0,1.0,0.0,H,0.0,0.0,D,12.0,10.0,7.0,1.0,12.0,12.0,10.0,6.0,3.0,2.0,0.0,0.0,1.28,5.5,10.0
T1,2018-09-29,Alanyaspor,Akhisar Belediyespor,1427.77,1452.61,9.0,9.0,4.0,5.0,2.0,1.0,H,1.0,0.0,H,5.0,6.0,3.0,1.0,17.0,9.0,2.0,8.0,4.0,2.0,1.0,0.0,1.95,3.5,3.8
T1,2018-09-29,Besiktas,Kayserispor,1712.85,1443.91,5.0,8.0,3.0,5.0,2.0,0.0,H,1.0,0.0,H,12.0,9.0,4.0,3.0,10.0,11.0,6.0,3.0,1.0,0.0,0.0,0.0,1.3,5.25,10.0
T1,2018-09-29,Trabzonspor,Kasimpasa,1538.63,1511.2,3.0,7.0,3.0,9.0,4.0,2.0,H,1.0,2.0,A,19.0,16.0,7.0,9.0,14.0,11.0,7.0,6.0,2.0,3.0,0.0,0.0,1.83,4.0,3.75
T1,2018-09-30,Goztep,Konyaspor,1432.24,1473.35,6.0,9.0,6.0,8.0,3.0,2.0,H,2.0,0.0,H,13.0,10.0,9.0,2.0,11.0,15.0,7.0,6.0,3.0,4.0,0.0,0.0,2.37,3.25,3.0
T1,2018-09-30,Rizespor,Fenerbahce,1362.08,1619.44,1.0,3.0,4.0,4.0,3.0,0.0,H,3.0,0.0,H,9.0,17.0,4.0,5.0,11.0,15.0,5.0,7.0,1.0,1.0,0.0,0.0,3.8,3.6,1.9
T1,2018-09-30,Sivasspor,Bursaspor,1438.0,1414.91,2.0,2.0,3.0,5.0,2.0,0.0,H,1.0,0.0,H,9.0,7.0,3.0,3.0,23.0,14.0,5.0,6.0,2.0,4.0,0.0,0.0,2.0,3.4,3.7
T1,2018-10-01,Ankaragucu,Antalyaspor,,1454.13,6.0,10.0,6.0,10.0,0.0,1.0,A,0.0,1.0,A,14.0,11.0,3.0,6.0,10.0,18.0,5.0,8.0,2.0,5.0,0.0,0.0,2.1,3.4,3.4
T1,2018-10-01,Buyuksehyr,Yeni Malatyaspor,1638.92,,7.0,10.0,3.0,7.0,1.0,1.0,D,0.0,1.0,A,14.0,11.0,6.0,3.0,11.0,9.0,12.0,2.0,2.0,2.0,0.0,0.0,1.33,5.25,8.0
T1,2018-10-05,Kasimpasa,Goztep,1489.29,1458.01,0.0,6.0,9.0,12.0,3.0,1.0,H,1.0,0.0,H,19.0,12.0,5.0,5.0,16.0,9.0,6.0,5.0,1.0,0.0,0.0,0.0,2.25,3.6,2.9
T1,2018-10-06,Antalyaspor,Galatasaray,1454.13,1626.07,6.0,12.0,6.0,9.0,0.0,1.0,A,0.0,0.0,D,5.0,15.0,0.0,7.0,15.0,14.0,5.0,7.0,1.0,3.0,0.0,0.0,5.0,3.8,1.66
T1,2018-10-06,Bursaspor,Ankaragucu,1408.72,,2.0,4.0,6.0,7.0,1.0,0.0,H,1.0,0.0,H,13.0,7.0,5.0,2.0,19.0,11.0,10.0,5.0,1.0,0.0,0.0,0.0,2.04,3.4,3.6
T1,2018-10-06,Erzurum BB,Alanyaspor,1352.71,1452.03,1.0,2.0,9.0,12.0,1.0,0.0,H,0.0,0.0,D,13.0,6.0,4.0,1.0,10.0,15.0,6.0,5.0,2.0,2.0,0.0,0.0,2.3,3.25,3.1
T1,2018-10-06,Kayserispor,Rizespor,1417.31,1376.61,0.0,4.0,4.0,5.0,2.0,2.0,D,0.0,1.0,A,14.0,6.0,4.0,2.0,11.0,14.0,5.0,6.0,1.0,3.0,1.0,1.0,2.14,3.3,3.4
T1,2018-10-07,Akhisar Belediyespor,Trabzonspor,1450.5,1523.16,3.0,4.0,3.0,7.0,1.0,3.0,A,0.0,2.0,A,11.0,10.0,4.0,4.0,15.0,16.0,5.0,5.0,1.0,3.0,0.0,0.0,3.4,3.2,2.2
T1,2018-10-07,Fenerbahce,Buyuksehyr,1590.05,1638.92,4.0,4.0,5.0,11.0,0.0,0.0,D,0.0,0.0,D,16.0,9.0,4.0,3.0,15.0,16.0,7.0,6.0,5.0,4.0,0.0,0.0,2.37,3.2,3.0
T1,2018-10-07,Konyaspor,Besiktas,1470.66,1714.81,3.0,7.0,7.0,8.0,2.0,2.0,D,1.0,0.0,H,15.0,7.0,5.0,4.0,18.0,10.0,9.0,4.0,6.0,7.0,0.0,1.0,5.0,3.8,1.64
T1,2018-10-07,Yeni Malatyaspor,Sivasspor,,1434.19,4.0,5.0,4.0,5.0,4.0,4.0,D,1.0,3.0,A,23.0,12.0,8.0,5.0,13.0,13.0,5.0,3.0,3.0,4.0,0.0,1.0,2.3,3.3,3.1
T1,2018-10-19,Galatasaray,Bursaspor,1620.87,1406.51,6.0,9.0,4.0,6.0,1.0,1.0,D,0.0,0.0,D,10.0,13.0,3.0,3.0,6.0,18.0,1.0,6.0,1.0,5.0,0.0,0.0,1.53,4.0,6.0
T1,2018-10-20,Buyuksehyr,Kayserispor,1625.63,1406.16,3.0,9.0,1.0,4.0,1.0,0.0,H,1.0,0.0,H,14.0,7.0,3.0,2.0,15.0,14.0,8.0,4.0,4.0,3.0,0.0,0.0,1.44,4.2,7.5
T1,2018-10-20,Kasimpasa,Akhisar Belediyespor,1488.85,1427.89,3.0,6.0,3.0,4.0,5.0,0.0,H,0.0,0.0,D,16.0,16.0,6.0,5.0,18.0,16.0,3.0,7.0,1.0,3.0,0.0,0.0,1.75,3.6,4.5
T1,2018-10-20,Sivasspor,Fenerbahce,1429.0,1584.83,4.0,6.0,2.0,5.0,0.0,0.0,D,0.0,0.0,D,17.0,13.0,4.0,4.0,14.0,14.0,3.0,4.0,2.0,1.0,0.0,0.0,3.2,3.4,2.2
T1,2018-10-21,Alanyaspor,Antalyaspor,1435.38,1448.94,6.0,12.0,6.0,9.0,0.0,1.0,A,0.0,1.0,A,12.0,10.0,0.0,3.0,15.0,14.0,7.0,4.0,3.0,4.0,1.0,0.0,2.0,3.5,3.6
T1,2018-10-21,Ankaragucu,Yeni Malatyaspor,,,3.0,6.0,5.0,5.0,1.0,0.0,H,1.0,0.0,H,7.0,10.0,3.0,2.0,21.0,19.0,6.0,6.0,4.0,4.0,0.0,0.0,2.54,3.1,2.87
T1,2018-10-21,Goztep,Besiktas,1442.56,1687.61,6.0,9.0,5.0,9.0,2.0,0.0,H,0.0,0.0,D,10.0,10.0,5.0,2.0,18.0,14.0,5.0,6.0,3.0,2.0,0.0,0.0,3.5,3.4,2.04
T1,2018-10-21,Rizespor,Konyaspor,1371.88,1466.88,4.0,5.0,4.0,7.0,1.0,1.0,D,1.0,0.0,H,9.0,14.0,3.0,4.0,20.0,21.0,3.0,7.0,2.0,0.0,1.0,0.0,3.2,3.2,2.25
T1,2018-10-22,Trabzonspor,Erzurum BB,1526.41,1353.47,6.0,9.0,3.0,4.0,0.0,0.0,D,0.0,0.0,D,13.0,10.0,1.0,4.0,10.0,14.0,7.0,5.0,1.0,3.0,0.0,0.0,1.44,4.33,7.0
T1,2018-10-26,Bursaspor,Alanyaspor,1406.51,1435.38,4.0,6.0,3.0,9.0,2.0,0.0,H,2.0,0.0,H,12.0,7.0,7.0,0.0,17.0,17.0,2.0,6.0,1.0,0.0,0.0,,1.8,3.5,4.5
T1,2018-10-27,Antalyaspor,Trabzonspor,1448.94,1526.41,6.0,9.0,7.0,7.0,1.0,1.0,D,1.0,1.0,D,12.0,11.0,7.0,4.0,14.0,15.0,5.0,3.0,2.0,1.0,0.0,0.0,3.2,3.4,2.2
T1,2018-10-27,Erzurum BB,Kasimpasa,1353.47,1488.85,4.0,5.0,6.0,6.0,1.0,1.0,D,1.0,0.0,H,14.0,18.0,5.0,7.0,18.0,9.0,6.0,8.0,4.0,1.0,1.0,0.0,2.7,3.4,2.5
T1,2018-10-27,Konyaspor,Buyuksehyr,1466.88,1625.63,2.0,5.0,5.0,9.0,0.0,1.0,A,0.0,0.0,D,9.0,7.0,1.0,4.0,11.0,15.0,3.0,2.0,1.0,0.0,0.0,0.0,2.9,3.1,2.5
T1,2018-10-28,Fenerbahce,Ankaragucu,1584.83,,2.0,6.0,3.0,9.0,1.0,3.0,A,0.0,1.0,A,13.0,17.0,3.0,8.0,16.0,21.0,5.0,7.0,4.0,5.0,1.0,0.0,1.44,4.5,6.5
T1,2018-10-28,Kayserispor,Sivasspor,1406.16,1429.0,1.0,1.0,5.0,6.0,2.0,0.0,H,0.0,0.0,D,10.0,14.0,4.0,2.0,13.0,14.0,3.0,5.0,4.0,6.0,0.0,1.0,2.37,3.3,2.9
T1,2018-10-28,Yeni Malatyaspor,Galatasaray,,1620.87,2.0,5.0,7.0,10.0,2.0,0.0,H,1.0,0.0,H,12.0,14.0,5.0,2.0,16.0,13.0,5.0,5.0,2.0,1.0,0.0,0.0,3.6,3.3,2.04
T1,2018-10-29,Akhisar Belediyespor,Goztep,1427.89,1442.56,0.0,3.0,6.0,12.0,1.0,0.0,H,1.0,0.0,H,11.0,13.0,4.0,3.0,18.0,14.0,3.0,3.0,3.0,4.0,0.0,0.0,2.9,3.25,2.4
T1,2018-10-29,Besiktas,Rizespor,1687.61,1371.88,4.0,8.0,5.0,6.0,4.0,1.0,H,2.0,0.0,H,26.0,5.0,12.0,2.0,12.0,12.0,7.0,2.0,3.0,2.0,0.0,2.0,1.2,6.0,15.0
T1,2018-11-02,Galatasaray,Fenerbahce,1592.17,1556.71,4.0,7.0,2.0,3.0,2.0,2.0,D,1.0,0.0,H,16.0,17.0,3.0,5.0,9.0,16.0,6.0,4.0,1.0,4.0,0.0,0.0,2.0,3.4,3.75
T1,2018-11-03,Akhisar Belediyespor,Erzurum BB,1415.59,1354.37,3.0,6.0,5.0,5.0,1.0,1.0,D,1.0,1.0,D,10.0,5.0,5.0,1.0,13.0,16.0,3.0,2.0,2.0,1.0,0.0,0.0,1.9,3.3,4.2
T1,2018-11-03,Buyuksehyr,Besiktas,1626.67,1649.75,7.0,9.0,4.0,8.0,1.0,0.0,H,1.0,0.0,H,9.0,15.0,3.0,3.0,14.0,14.0,3.0,9.0,2.0,2.0,0.0,0.0,2.3,3.25,3.1
T1,2018-11-03,Kasimpasa,Antalyaspor,1490.58,1450.8,7.0,7.0,4.0,10.0,1.0,2.0,A,1.0,1.0,D,19.0,9.0,6.0,6.0,12.0,14.0,7.0,3.0,2.0,4.0,0.0,0.0,1.85,3.4,4.33
T1,2018-11-04,Alanyaspor,Yeni Malatyaspor,1409.93,,0.0,6.0,4.0,8.0,0.0,1.0,A,0.0,1.0,A,17.0,2.0,6.0,1.0,20.0,20.0,10.0,0.0,2.0,3.0,0.0,0.0,2.7,3.1,2.7
T1,2018-11-04,Ankaragucu,Kayserispor,,1406.41,6.0,9.0,4.0,4.0,3.0,1.0,H,2.0,0.0,H,10.0,11.0,5.0,2.0,18.0,18.0,3.0,6.0,0.0,4.0,0.0,1.0,2.3,3.1,3.3
T1,2018-11-04,Trabzonspor,Bursaspor,1513.62,1415.33,5.0,8.0,7.0,8.0,1.0,1.0,D,1.0,0.0,H,17.0,14.0,6.0,6.0,16.0,16.0,3.0,6.0,2.0,2.0,0.0,0.0,1.7,3.6,5.0
T1,2018-11-05,Goztep,Rizespor,1445.67,1362.78,3.0,9.0,2.0,5.0,2.0,0.0,H,1.0,0.0,H,12.0,13.0,6.0,2.0,11.0,8.0,6.0,13.0,0.0,1.0,0.0,0.0,1.7,3.6,5.0
T1,2018-11-05,Sivasspor,Konyaspor,1414.78,1453.32,2.0,5.0,2.0,5.0,0.0,0.0,D,0.0,0.0,D,17.0,10.0,3.0,2.0,23.0,13.0,12.0,3.0,2.0,4.0,0.0,1.0,2.37,3.1,3.1
T1,2018-11-09,Yeni Malatyaspor,Trabzonspor,,1513.62,6.0,8.0,3.0,9.0,5.0,0.0,H,2.0,0.0,H,10.0,15.0,6.0,5.0,14.0,6.0,2.0,2.0,1.0,1.0,0.0,0.0,3.0,3.3,2.35
T1,2018-11-10,Erzurum BB,Goztep,1354.37,1445.67,3.0,6.0,6.0,9.0,2.0,1.0,H,1.0,0.0,H,7.0,9.0,4.0,3.0,14.0,9.0,2.0,6.0,2.0,2.0,0.0,0.0,2.37,3.2,3.1
T1,2018-11-10,Kayserispor,Galatasaray,1406.41,1592.17,3.0,4.0,2.0,8.0,0.0,3.0,A,0.0,1.0,A,12.0,11.0,3.0,6.0,13.0,9.0,4.0,3.0,5.0,3.0,1.0,0.0,2.37,3.4,2.9
T1,2018-11-10,Konyaspor,Ankaragucu,1453.32,,2.0,3.0,9.0,9.0,2.0,0.0,H,0.0,0.0,D,15.0,7.0,3.0,2.0,15.0,16.0,3.0,4.0,1.0,2.0,0.0,0.0,1.72,3.4,5.25
T1,2018-11-10,Rizespor,Buyuksehyr,1362.78,1626.67,1.0,5.0,9.0,11.0,1.0,2.0,A,0.0,0.0,D,6.0,13.0,2.0,4.0,14.0,10.0,4.0,4.0,2.0,1.0,0.0,0.0,4.0,3.5,1.9
T1,2018-11-11,Antalyaspor,Akhisar Belediyespor,1450.8,1415.59,7.0,10.0,4.0,4.0,1.0,2.0,A,0.0,0.0,D,17.0,5.0,6.0,3.0,10.0,17.0,8.0,7.0,3.0,1.0,0.0,0.0,1.95,3.5,3.75
T1,2018-11-11,Besiktas,Sivasspor,1649.75,1414.78,3.0,7.0,2.0,6.0,1.0,2.0,A,1.0,1.0,D,9.0,10.0,2.0,3.0,14.0,14.0,6.0,5.0,4.0,3.0,0.0,0.0,1.36,4.75,8.0
T1,2018-11-11,Bursaspor,Kasimpasa,1415.33,1490.58,5.0,8.0,4.0,7.0,1.0,2.0,A,1.0,1.0,D,24.0,10.0,4.0,4.0,17.0,14.0,6.0,6.0,3.0,1.0,0.0,0.0,2.0,3.5,3.6
T1,2018-11-11,Fenerbahce,Alanyaspor,1556.71,1409.93,2.0,3.0,0.0,3.0,2.0,0.0,H,2.0,0.0,H,12.0,10.0,5.0,3.0,11.0,17.0,3.0,6.0,2.0,2.0,0.0,0.0,1.44,4.33,7.0
T1,2018-11-23,Galatasaray,Konyaspor,1596.2,1463.88,4.0,8.0,4.0,6.0,1.0,1.0,D,0.0,0.0,D,13.0,8.0,2.0,2.0,12.0,14.0,0.0,3.0,1.0,3.0,1.0,0.0,1.75,3.5,4.75
T1,2018-11-24,Alanyaspor,Kayserispor,1399.33,1390.55,0.0,0.0,3.0,4.0,5.0,0.0,H,1.0,0.0,H,15.0,5.0,10.0,1.0,20.0,11.0,9.0,2.0,3.0,5.0,0.0,0.0,1.9,3.25,4.2
T1,2018-11-24,Ankaragucu,Besiktas,,1633.8,6.0,9.0,3.0,4.0,1.0,4.0,A,0.0,3.0,A,15.0,15.0,4.0,6.0,18.0,15.0,4.0,5.0,2.0,2.0,0.0,0.0,4.5,3.75,1.75
T1,2018-11-24,Erzurum BB,Antalyaspor,1369.03,1452.68,5.0,9.0,4.0,7.0,1.0,0.0,H,0.0,0.0,D,14.0,7.0,2.0,1.0,12.0,12.0,7.0,3.0,3.0,0.0,0.0,0.0,2.0,3.3,3.75
T1,2018-11-25,Akhisar Belediyespor,Bursaspor,1423.43,1413.92,7.0,7.0,4.0,8.0,2.0,4.0,A,2.0,1.0,H,6.0,19.0,3.0,7.0,13.0,11.0,3.0,7.0,0.0,2.0,0.0,0.0,2.5,3.2,2.87
T1,2018-11-25,Kasimpasa,Yeni Malatyaspor,1490.23,,4.0,10.0,9.0,10.0,3.0,0.0,H,1.0,0.0,H,21.0,17.0,9.0,2.0,19.0,9.0,7.0,4.0,2.0,1.0,0.0,0.0,2.04,3.5,3.4
T1,2018-11-25,Sivasspor,Rizespor,1430.91,1355.35,4.0,6.0,0.0,2.0,1.0,1.0,D,0.0,0.0,D,25.0,9.0,6.0,4.0,14.0,7.0,19.0,3.0,2.0,3.0,1.0,0.0,1.75,3.5,4.75
T1,2018-11-25,Trabzonspor,Fenerbahce,1494.45,1573.9,2.0,6.0,4.0,6.0,2.0,1.0,H,0.0,0.0,D,26.0,11.0,8.0,3.0,11.0,17.0,6.0,6.0,3.0,3.0,0.0,0.0,2.4,3.3,2.87
T1,2018-11-26,Goztep,Buyuksehyr,1445.45,1639.21,3.0,6.0,9.0,13.0,0.0,2.0,A,0.0,1.0,A,15.0,15.0,4.0,7.0,8.0,13.0,7.0,1.0,4.0,3.0,0.0,0.0,2.87,3.2,2.5
T1,2018-11-30,Konyaspor,Alanyaspor,1463.88,1399.33,5.0,6.0,3.0,3.0,2.0,0.0,H,0.0,0.0,D,9.0,8.0,4.0,2.0,10.0,10.0,2.0,3.0,3.0,2.0,0.0,1.0,1.7,3.6,5.0
T1,2018-11-30,Rizespor,Ankaragucu,1355.35,,1.0,2.0,3.0,9.0,1.0,1.0,D,0.0,1.0,A,21.0,10.0,6.0,4.0,12.0,6.0,7.0,2.0,3.0,2.0,0.0,0.0,1.95,3.5,3.75
T1,2018-12-01,Antalyaspor,Goztep,1442.35,1436.11,3.0,7.0,3.0,6.0,1.0,0.0,H,1.0,0.0,H,8.0,15.0,4.0,3.0,17.0,17.0,6.0,4.0,1.0,1.0,0.0,0.0,2.2,3.1,3.5
T1,2018-12-01,Buyuksehyr,Sivasspor,1644.54,1424.8,9.0,15.0,5.0,6.0,0.0,1.0,A,0.0,1.0,A,16.0,9.0,2.0,1.0,8.0,15.0,6.0,0.0,3.0,3.0,0.0,0.0,1.5,4.33,6.0
T1,2018-12-01,Kayserispor,Trabzonspor,1375.37,1500.54,0.0,3.0,4.0,6.0,0.0,2.0,A,0.0,0.0,D,7.0,18.0,2.0,7.0,15.0,16.0,2.0,5.0,5.0,1.0,0.0,0.0,3.75,3.5,1.95
T1,2018-12-02,Besiktas,Galatasaray,1643.94,1581.34,3.0,6.0,5.0,6.0,1.0,0.0,H,1.0,0.0,H,14.0,10.0,5.0,2.0,21.0,14.0,6.0,5.0,4.0,4.0,0.0,0.0,1.75,3.75,4.33
T1,2018-12-02,Bursaspor,Erzurum BB,1426.49,1375.35,4.0,8.0,7.0,9.0,2.0,1.0,H,1.0,1.0,D,13.0,8.0,4.0,2.0,19.0,13.0,2.0,3.0,2.0,1.0,0.0,0.0,1.75,3.5,4.75
T1,2018-12-03,Fenerbahce,Kasimpasa,1563.4,1498.1,4.0,5.0,6.0,10.0,2.0,2.0,D,2.0,1.0,H,21.0,16.0,3.0,3.0,11.0,19.0,8.0,2.0,3.0,1.0,0.0,0.0,1.72,3.8,4.5
T1,2018-12-03,Yeni Malatyaspor,Akhisar Belediyespor,,1405.41,6.0,9.0,4.0,7.0,1.0,1.0,D,1.0,0.0,H,9.0,7.0,3.0,3.0,16.0,13.0,0.0,0.0,4.0,3.0,0.0,0.0,1.83,3.4,4.5
T1,2018-12-07,Alanyaspor,Besiktas,1403.53,1643.94,3.0,3.0,6.0,9.0,0.0,0.0,D,0.0,0.0,D,13.0,9.0,3.0,3.0,15.0,16.0,7.0,10.0,3.0,2.0,0.0,0.0,3.75,3.4,2.0
T1,2018-12-08,Galatasaray,Rizespor,1581.34,1356.24,4.0,5.0,2.0,2.0,2.0,2.0,D,1.0,0.0,H,20.0,18.0,8.0,8.0,11.0,12.0,8.0,4.0,2.0,1.0,0.0,0.0,1.44,4.2,7.5
T1,2018-12-08,Sivasspor,Goztep,1424.8,1436.11,7.0,8.0,0.0,3.0,2.0,0.0,H,0.0,0.0,D,15.0,7.0,6.0,1.0,13.0,13.0,7.0,3.0,3.0,4.0,0.0,1.0,2.1,3.3,3.5
T1,2018-12-08,Trabzonspor,Konyaspor,1500.54,1474.21,6.0,8.0,7.0,8.0,3.0,0.0,H,0.0,0.0,D,18.0,7.0,6.0,2.0,13.0,13.0,5.0,2.0,2.0,3.0,0.0,0.0,1.85,3.4,4.33
T1,2018-12-09,Akhisar Belediyespor,Fenerbahce,1405.41,1563.4,4.0,8.0,4.0,5.0,3.0,0.0,H,1.0,0.0,H,12.0,16.0,4.0,4.0,13.0,7.0,2.0,7.0,2.0,1.0,0.0,0.0,3.5,3.4,2.04
T1,2018-12-09,Bursaspor,Antalyaspor,1426.49,1442.35,6.0,10.0,3.0,7.0,0.0,2.0,A,0.0,2.0,A,13.0,6.0,4.0,3.0,21.0,11.0,9.0,0.0,4.0,1.0,0.0,0.0,1.75,3.5,4.75
T1,2018-12-09,Erzurum BB,Yeni Malatyaspor,1375.35,,6.0,8.0,4.0,10.0,1.0,3.0,A,1.0,0.0,H,15.0,9.0,5.0,5.0,10.0,15.0,9.0,4.0,0.0,3.0,0.0,0.0,2.1,3.25,3.6
T1,2018-12-10,Ankaragucu,Buyuksehyr,,1644.54,1.0,7.0,6.0,12.0,0.0,1.0,A,0.0,1.0,A,8.0,15.0,1.0,8.0,10.0,14.0,0.0,7.0,0.0,1.0,0.0,0.0,4.33,3.6,1.8
T1,2018-12-10,Kasimpasa,Kayserispor,1498.1,1375.37,7.0,8.0,0.0,3.0,0.0,3.0,A,0.0,1.0,A,25.0,17.0,5.0,10.0,13.0,15.0,11.0,3.0,3.0,2.0,0.0,0.0,1.44,4.33,7.0
T1,2018-12-14,Goztep,Bursaspor,1436.11,1426.49,0.0,3.0,6.0,7.0,0.0,0.0,D,0.0,0.0,D,8.0,6.0,2.0,3.0,15.0,13.0,3.0,6.0,1.0,3.0,0.0,0.0,2.04,3.2,3.75
T1,2018-12-15,Buyuksehyr,Galatasaray,1623.31,1554.39,6.0,12.0,2.0,6.0,1.0,1.0,D,1.0,1.0,D,17.0,9.0,5.0,4.0,12.0,13.0,7.0,2.0,4.0,2.0,0.0,0.0,1.9,3.4,4.1
T1,2018-12-15,Konyaspor,Kasimpasa,1454.26,1468.95,4.0,8.0,4.0,7.0,3.0,2.0,H,0.0,0.0,D,10.0,20.0,3.0,6.0,9.0,10.0,3.0,8.0,2.0,6.0,0.0,0.0,1.95,3.75,3.5
T1,2018-12-15,Rizespor,Alanyaspor,1352.49,1397.41,3.0,3.0,4.0,4.0,1.0,1.0,D,0.0,1.0,A,16.0,16.0,8.0,6.0,19.0,17.0,9.0,5.0,4.0,3.0,0.0,0.0,2.3,3.3,3.1
T1,2018-12-15,Sivasspor,Ankaragucu,1437.36,,7.0,11.0,1.0,4.0,4.0,0.0,H,2.0,0.0,H,19.0,10.0,8.0,4.0,13.0,12.0,9.0,6.0,1.0,4.0,0.0,0.0,1.66,3.8,5.0
T1,2018-12-16,Besiktas,Trabzonspor,1620.84,1508.67,7.0,7.0,9.0,10.0,2.0,2.0,D,0.0,1.0,A,18.0,14.0,8.0,7.0,16.0,14.0,10.0,8.0,3.0,1.0,0.0,0.0,1.85,3.8,3.8
T1,2018-12-16,Kayserispor,Akhisar Belediyespor,1377.53,1417.13,3.0,3.0,4.0,8.0,1.0,0.0,H,0.0,0.0,D,13.0,7.0,5.0,2.0,19.0,8.0,3.0,6.0,2.0,1.0,0.0,0.0,2.2,3.25,3.3
T1,2018-12-16,Yeni Malatyaspor,Antalyaspor,,1451.02,4.0,10.0,6.0,9.0,2.0,0.0,H,2.0,0.0,H,12.0,8.0,3.0,1.0,16.0,18.0,2.0,2.0,2.0,4.0,1.0,1.0,2.04,3.25,3.75
T1,2018-12-17,Fenerbahce,Erzurum BB,1522.6,1348.54,1.0,5.0,3.0,7.0,2.0,2.0,D,2.0,0.0,H,14.0,6.0,5.0,3.0,11.0,17.0,7.0,1.0,0.0,3.0,0.0,0.0,1.5,4.0,7.0
T1,2018-12-22,Alanyaspor,Buyuksehyr,1397.41,1623.31,2.0,5.0,4.0,10.0,1.0,1.0,D,0.0,1.0,A,13.0,12.0,7.0,6.0,13.0,12.0,1.0,3.0,3.0,2.0,1.0,0.0,3.75,3.4,2.0
T1,2018-12-22,Ankaragucu,Goztep,,1408.87,1.0,1.0,1.0,1.0,0.0,3.0,A,0.0,0.0,D,13.0,11.0,1.0,4.0,16.0,18.0,4.0,3.0,2.0,1.0,0.0,0.0,3.25,3.25,2.2
T1,2018-12-22,Kasimpasa,Besiktas,1468.95,1620.84,1.0,7.0,5.0,8.0,4.0,1.0,H,2.0,0.0,H,12.0,16.0,7.0,6.0,14.0,15.0,4.0,3.0,3.0,3.0,0.0,0.0,2.54,3.6,2.54
T1,2018-12-23,Bursaspor,Yeni Malatyaspor,1409.75,,4.0,7.0,7.0,10.0,1.0,1.0,D,1.0,0.0,H,8.0,4.0,2.0,1.0,13.0,11.0,5.0,1.0,1.0,3.0,0.0,1.0,2.0,3.3,3.8
T1,2018-12-23,Erzurum BB,Kayserispor,1348.54,1377.53,1.0,7.0,6.0,6.0,1.0,1.0,D,1.0,1.0,D,20.0,7.0,5.0,3.0,14.0,12.0,5.0,3.0,2.0,6.0,0.0,0.0,2.0,3.3,3.8
T1,2018-12-23,Galatasaray,Sivasspor,1554.39,1437.36,2.0,6.0,9.0,13.0,4.0,2.0,H,2.0,2.0,D,15.0,16.0,5.0,7.0,18.0,4.0,7.0,5.0,2.0,2.0,0.0,0.0,1.66,4.0,4.75
T1,2018-12-23,Trabzonspor,Rizespor,1508.67,1352.49,7.0,10.0,3.0,4.0,4.0,1.0,H,1.0,0.0,H,18.0,13.0,5.0,6.0,18.0,9.0,6.0,4.0,4.0,2.0,0.0,0.0,1.44,4.5,6.5
T1,2018-12-24,Akhisar Belediyespor,Konyaspor,1417.13,1454.26,4.0,7.0,6.0,10.0,0.0,0.0,D,0.0,0.0,D,8.0,10.0,3.0,3.0,14.0,15.0,0.0,4.0,3.0,3.0,0.0,0.0,2.6,3.2,2.75
T1,2018-12-24,Antalyaspor,Fenerbahce,1451.02,1522.6,6.0,6.0,2.0,5.0,0.0,0.0,D,0.0,0.0,D,7.0,19.0,3.0,6.0,12.0,11.0,2.0,9.0,1.0,4.0,0.0,1.0,4.75,3.6,1.75
T1,2019-01-18,Akhisar Belediyespor,Besiktas,1409.37,1598.59,4.0,5.0,2.0,8.0,1.0,3.0,A,0.0,1.0,A,15.0,11.0,5.0,5.0,12.0,18.0,8.0,2.0,3.0,4.0,0.0,0.0,3.5,3.6,2.0
T1,2019-01-19,Antalyaspor,Kayserispor,1442.46,1385.86,4.0,7.0,7.0,7.0,0.0,0.0,D,0.0,0.0,D,3.0,16.0,0.0,2.0,13.0,13.0,2.0,6.0,0.0,1.0,0.0,0.0,2.4,3.2,3.0
T1,2019-01-19,Erzurum BB,Konyaspor,1353.4,1461.5,2.0,5.0,4.0,8.0,1.0,2.0,A,0.0,1.0,A,14.0,10.0,3.0,4.0,11.0,15.0,8.0,4.0,3.0,4.0,0.0,0.0,2.6,3.25,2.7
T1,2019-01-19,Galatasaray,Ankaragucu,1563.53,,5.0,6.0,0.0,1.0,6.0,0.0,H,3.0,0.0,H,23.0,11.0,10.0,3.0,13.0,13.0,0.0,2.0,3.0,3.0,0.0,0.0,1.28,5.75,9.0
T1,2019-01-19,Yeni Malatyaspor,Goztep,,1424.3,7.0,8.0,4.0,4.0,3.0,2.0,H,2.0,2.0,D,9.0,10.0,5.0,3.0,13.0,11.0,2.0,11.0,1.0,1.0,0.0,0.0,2.3,3.4,3.0
T1,2019-01-20,Alanyaspor,Sivasspor,1402.21,1441.92,3.0,6.0,6.0,10.0,2.0,0.0,H,2.0,0.0,H,19.0,9.0,8.0,0.0,13.0,15.0,8.0,2.0,0.0,3.0,0.0,0.0,2.2,3.4,3.2
T1,2019-01-20,Trabzonspor,Buyuksehyr,1518.54,1615.44,7.0,13.0,5.0,8.0,2.0,4.0,A,0.0,2.0,A,20.0,10.0,10.0,8.0,17.0,15.0,8.0,4.0,3.0,2.0,0.0,0.0,2.75,3.25,2.55
T1,2019-01-21,Bursaspor,Fenerbahce,1409.25,1516.5,2.0,8.0,2.0,3.0,1.0,1.0,D,0.0,1.0,A,13.0,5.0,4.0,3.0,18.0,18.0,3.0,7.0,4.0,2.0,0.0,0.0,3.2,3.4,2.2
T1,2019-01-21,Kasimpasa,Rizespor,1479.78,1346.71,3.0,7.0,2.0,4.0,0.0,1.0,A,0.0,1.0,A,22.0,7.0,6.0,2.0,13.0,19.0,10.0,3.0,2.0,4.0,0.0,0.0,1.66,4.0,4.75
T1,2019-01-25,Besiktas,Erzurum BB,1598.59,1353.4,4.0,8.0,2.0,2.0,1.0,1.0,D,0.0,0.0,D,15.0,10.0,5.0,3.0,15.0,14.0,11.0,2.0,4.0,4.0,1.0,0.0,1.4,4.5,7.5
T1,2019-01-26,Goztep,Galatasaray,1424.3,1563.53,4.0,4.0,7.0,8.0,0.0,1.0,A,0.0,0.0,D,16.0,9.0,1.0,6.0,17.0,12.0,13.0,3.0,3.0,3.0,0.0,0.0,3.1,3.4,2.25
T1,2019-01-26,Kayserispor,Bursaspor,1385.86,1409.25,5.0,8.0,3.0,6.0,1.0,1.0,D,0.0,1.0,A,7.0,12.0,4.0,3.0,15.0,9.0,8.0,7.0,2.0,2.0,1.0,0.0,2.37,3.25,3.0
T1,2019-01-27,Konyaspor,Antalyaspor,1461.5,1442.46,7.0,10.0,2.0,8.0,2.0,0.0,H,1.0,0.0,H,11.0,7.0,4.0,2.0,19.0,10.0,5.0,1.0,1.0,1.0,0.0,0.0,1.57,3.8,6.0
T1,2019-01-27,Rizespor,Akhisar Belediyespor,1346.71,1409.37,4.0,6.0,1.0,5.0,3.0,1.0,H,0.0,1.0,A,25.0,9.0,6.0,4.0,16.0,13.0,6.0,1.0,2.0,1.0,0.0,1.0,2.0,3.5,3.6
T1,2019-01-27,Sivasspor,Trabzonspor,1441.92,1518.54,3.0,9.0,4.0,10.0,1.0,1.0,D,0.0,0.0,D,15.0,15.0,5.0,6.0,11.0,14.0,3.0,5.0,0.0,1.0,0.0,0.0,2.6,3.4,2.6
T1,2019-01-28,Ankaragucu,Alanyaspor,,1402.21,0.0,1.0,5.0,6.0,0.0,2.0,A,0.0,1.0,A,8.0,10.0,3.0,3.0,14.0,21.0,4.0,3.0,5.0,1.0,0.0,0.0,4.2,3.75,1.83
T1,2019-01-28,Buyuksehyr,Kasimpasa,1615.44,1479.78,5.0,8.0,3.0,4.0,2.0,0.0,H,1.0,0.0,H,16.0,9.0,5.0,2.0,18.0,9.0,7.0,2.0,2.0,0.0,0.0,0.0,1.53,4.2,5.75
T1,2019-01-28,Fenerbahce,Yeni Malatyaspor,1516.5,,3.0,4.0,7.0,11.0,3.0,2.0,H,2.0,2.0,D,19.0,8.0,8.0,4.0,21.0,20.0,6.0,4.0,6.0,4.0,0.0,0.0,1.61,4.0,5.0
T1,2019-02-01,Fenerbahce,Goztep,1520.86,1413.08,5.0,6.0,3.0,4.0,2.0,0.0,H,1.0,0.0,H,12.0,6.0,4.0,3.0,16.0,15.0,3.0,2.0,3.0,3.0,0.0,1.0,1.72,3.6,4.75
T1,2019-02-02,Alanyaspor,Galatasaray,1423.79,1574.89,7.0,9.0,9.0,11.0,1.0,1.0,D,1.0,0.0,H,13.0,5.0,7.0,3.0,22.0,18.0,2.0,3.0,3.0,5.0,0.0,0.0,3.3,3.25,2.2
T1,2019-02-02,Kasimpasa,Sivasspor,1462.81,1432.1,3.0,3.0,1.0,7.0,1.0,3.0,A,1.0,1.0,D,5.0,21.0,3.0,8.0,15.0,10.0,3.0,11.0,3.0,0.0,0.0,0.0,2.1,3.5,3.25
T1,2019-02-02,Trabzonspor,Ankaragucu,1507.92,,4.0,8.0,0.0,0.0,1.0,0.0,H,1.0,0.0,H,21.0,13.0,8.0,5.0,19.0,17.0,2.0,5.0,4.0,3.0,0.0,0.0,1.3,5.5,9.0
T1,2019-02-02,Yeni Malatyaspor,Kayserispor,,1387.97,4.0,10.0,3.0,9.0,1.0,1.0,D,1.0,1.0,D,7.0,7.0,5.0,4.0,11.0,16.0,4.0,3.0,0.0,3.0,0.0,0.0,2.0,3.2,4.0
T1,2019-02-03,Akhisar Belediyespor,Buyuksehyr,1391.83,1630.1,1.0,4.0,7.0,11.0,0.0,3.0,A,0.0,2.0,A,22.0,18.0,6.0,6.0,14.0,17.0,5.0,3.0,4.0,3.0,0.0,0.0,6.5,3.6,1.57
T1,2019-02-03,Antalyaspor,Besiktas,1430.9,1598.45,2.0,5.0,4.0,6.0,2.0,6.0,A,0.0,3.0,A,11.0,13.0,4.0,7.0,12.0,14.0,7.0,7.0,3.0,2.0,0.0,0.0,5.0,3.5,1.72
T1,2019-02-03,Erzurum BB,Rizespor,1353.55,1369.78,2.0,3.0,6.0,8.0,0.0,1.0,A,0.0,0.0,D,10.0,6.0,2.0,1.0,15.0,14.0,17.0,1.0,1.0,1.0,0.0,0.0,2.3,3.2,3.1
T1,2019-02-04,Bursaspor,Konyaspor,1411.68,1476.74,3.0,4.0,7.0,10.0,0.0,0.0,D,0.0,0.0,D,17.0,4.0,3.0,3.0,11.0,15.0,4.0,4.0,0.0,2.0,0.0,0.0,2.37,3.1,3.1
T1,2019-02-08,Kayserispor,Fenerbahce,1387.97,1520.86,3.0,7.0,7.0,9.0,1.0,0.0,H,0.0,0.0,D,13.0,8.0,5.0,2.0,15.0,18.0,3.0,5.0,2.0,5.0,0.0,2.0,3.5,3.4,2.05
T1,2019-02-09,Besiktas,Bursaspor,1598.45,1411.68,7.0,8.0,3.0,5.0,2.0,0.0,H,1.0,0.0,H,11.0,8.0,7.0,3.0,17.0,14.0,4.0,3.0,1.0,1.0,0.0,0.0,1.53,3.8,6.5
T1,2019-02-09,Buyuksehyr,Erzurum BB,1630.1,1353.55,9.0,11.0,1.0,3.0,1.0,1.0,D,1.0,0.0,H,9.0,13.0,2.0,2.0,21.0,12.0,3.0,6.0,3.0,1.0,0.0,0.0,1.28,5.25,11.0
T1,2019-02-09,Rizespor,Antalyaspor,1369.78,1430.9,9.0,10.0,1.0,2.0,1.0,1.0,D,1.0,0.0,H,20.0,25.0,5.0,4.0,15.0,13.0,7.0,8.0,2.0,1.0,0.0,0.0,1.75,3.5,4.75
T1,2019-02-10,Galatasaray,Trabzonspor,1574.89,1507.92,7.0,11.0,4.0,8.0,3.0,1.0,H,2.0,1.0,H,18.0,14.0,9.0,4.0,17.0,12.0,4.0,9.0,4.0,1.0,0.0,0.0,1.75,3.75,4.33
T1,2019-02-10,Goztep,Alanyaspor,1413.08,1423.79,0.0,4.0,7.0,9.0,3.0,2.0,H,2.0,1.0,H,14.0,14.0,7.0,6.0,13.0,14.0,1.0,5.0,8.0,4.0,1.0,0.0,2.37,3.2,3.0
T1,2019-02-10,Konyaspor,Yeni Malatyaspor,1476.74,,7.0,11.0,4.0,8.0,1.0,1.0,D,0.0,0.0,D,8.0,8.0,4.0,3.0,12.0,18.0,4.0,1.0,0.0,0.0,0.0,0.0,1.83,3.4,4.5
T1,2019-02-11,Ankaragucu,Kasimpasa,,1462.81,0.0,0.0,0.0,3.0,3.0,0.0,H,1.0,0.0,H,8.0,15.0,5.0,2.0,16.0,12.0,4.0,4.0,3.0,1.0,0.0,0.0,3.4,3.75,2.0
T1,2019-02-11,Sivasspor,Akhisar Belediyespor,1432.1,1391.83,4.0,7.0,0.0,1.0,2.0,1.0,H,1.0,0.0,H,13.0,13.0,6.0,3.0,18.0,13.0,3.0,8.0,4.0,2.0,1.0,0.0,1.75,3.4,5.0
T1,2019-02-15,Yeni Malatyaspor,Besiktas,,1614.1,2.0,6.0,7.0,10.0,1.0,2.0,A,0.0,0.0,D,4.0,18.0,1.0,7.0,8.0,20.0,3.0,10.0,1.0,1.0,1.0,0.0,4.0,3.5,1.9
T1,2019-02-16,Akhisar Belediyespor,Ankaragucu,1380.74,,0.0,1.0,3.0,3.0,0.0,0.0,D,0.0,0.0,D,17.0,9.0,8.0,2.0,11.0,23.0,9.0,0.0,4.0,4.0,0.0,1.0,1.8,3.6,4.33
T1,2019-02-16,Bursaspor,Rizespor,1409.02,1379.34,2.0,4.0,7.0,10.0,0.0,2.0,A,0.0,1.0,A,17.0,5.0,2.0,5.0,14.0,22.0,8.0,4.0,3.0,2.0,0.0,0.0,1.83,3.5,4.33
T1,2019-02-16,Fenerbahce,Konyaspor,1523.78,1475.49,6.0,8.0,5.0,9.0,1.0,1.0,D,1.0,1.0,D,17.0,3.0,3.0,2.0,16.0,10.0,11.0,3.0,3.0,1.0,0.0,1.0,1.9,3.6,3.8
T1,2019-02-17,Erzurum BB,Sivasspor,1352.84,1452.94,2.0,3.0,7.0,7.0,4.0,2.0,H,2.0,1.0,H,12.0,18.0,6.0,6.0,15.0,13.0,2.0,5.0,2.0,5.0,0.0,0.0,2.3,3.4,3.0
T1,2019-02-17,Kasimpasa,Galatasaray,1433.08,1576.4,0.0,3.0,7.0,13.0,1.0,4.0,A,1.0,2.0,A,13.0,10.0,5.0,6.0,16.0,10.0,8.0,4.0,3.0,5.0,0.0,0.0,4.5,3.75,1.72
T1,2019-02-17,Kayserispor,Goztep,1402.84,1415.27,5.0,7.0,3.0,6.0,2.0,1.0,H,1.0,0.0,H,15.0,8.0,4.0,2.0,10.0,10.0,2.0,5.0,4.0,1.0,0.0,0.0,2.1,3.4,3.4
T1,2019-02-17,Trabzonspor,Alanyaspor,1504.84,1420.25,4.0,7.0,4.0,8.0,0.0,2.0,A,0.0,0.0,D,13.0,10.0,2.0,6.0,17.0,17.0,4.0,2.0,1.0,2.0,0.0,0.0,1.9,3.75,3.6
T1,2019-02-18,Antalyaspor,Buyuksehyr,1421.55,1630.47,1.0,3.0,7.0,11.0,0.0,1.0,A,0.0,1.0,A,8.0,17.0,3.0,8.0,12.0,15.0,8.0,5.0,3.0,2.0,0.0,0.0,5.5,3.8,1.61
T1,2019-02-22,Goztep,Trabzonspor,1415.27,1504.84,3.0,3.0,3.0,4.0,1.0,3.0,A,0.0,1.0,A,8.0,13.0,1.0,6.0,13.0,9.0,10.0,3.0,2.0,1.0,0.0,0.0,2.4,3.4,2.8
T1,2019-02-22,Rizespor,Yeni Malatyaspor,1379.34,,7.0,13.0,2.0,5.0,3.0,0.0,H,1.0,0.0,H,14.0,11.0,6.0,3.0,11.0,18.0,3.0,2.0,2.0,3.0,0.0,0.0,1.85,3.6,4.0
T1,2019-02-23,Alanyaspor,Kasimpasa,1420.25,1433.08,4.0,10.0,0.0,0.0,3.0,0.0,H,1.0,0.0,H,19.0,5.0,9.0,2.0,16.0,16.0,5.0,6.0,3.0,2.0,0.0,1.0,1.75,4.2,3.8
T1,2019-02-23,Buyuksehyr,Bursaspor,1630.47,1409.02,7.0,13.0,1.0,3.0,3.0,0.0,H,2.0,0.0,H,11.0,14.0,6.0,3.0,13.0,13.0,3.0,5.0,0.0,2.0,0.0,0.0,1.5,4.0,7.0
T1,2019-02-23,Sivasspor,Antalyaspor,1452.94,1421.55,6.0,7.0,1.0,2.0,1.0,2.0,A,0.0,2.0,A,11.0,8.0,4.0,4.0,17.0,9.0,7.0,5.0,1.0,2.0,0.0,0.0,1.66,3.75,5.0
T1,2019-02-24,Ankaragucu,Erzurum BB,,1352.84,4.0,4.0,4.0,5.0,2.0,1.0,H,1.0,0.0,H,14.0,14.0,6.0,6.0,23.0,12.0,2.0,6.0,2.0,2.0,0.0,1.0,2.5,3.2,2.87
T1,2019-02-24,Galatasaray,Akhisar Belediyespor,1576.4,1380.74,7.0,13.0,1.0,1.0,1.0,0.0,H,0.0,0.0,D,21.0,4.0,6.0,1.0,15.0,24.0,15.0,2.0,2.0,6.0,0.0,0.0,1.28,6.0,8.0
T1,2019-02-24,Konyaspor,Kayserispor,1475.49,1402.84,3.0,9.0,7.0,9.0,0.0,1.0,A,0.0,0.0,D,8.0,10.0,1.0,2.0,7.0,10.0,6.0,4.0,2.0,1.0,0.0,0.0,2.05,3.3,3.6
T1,2019-02-25,Besiktas,Fenerbahce,1614.1,1523.78,9.0,13.0,4.0,8.0,3.0,3.0,D,3.0,0.0,H,9.0,17.0,5.0,4.0,22.0,19.0,3.0,5.0,2.0,4.0,0.0,0.0,1.75,3.8,4.33
T1,2019-03-01,Antalyaspor,Ankaragucu,1422.72,,4.0,4.0,7.0,7.0,2.0,4.0,A,2.0,3.0,A,17.0,10.0,5.0,4.0,8.0,23.0,4.0,4.0,3.0,6.0,0.0,0.0,1.9,3.4,4.0
T1,2019-03-02,Bursaspor,Sivasspor,1385.45,1425.14,0.0,2.0,3.0,7.0,3.0,2.0,H,1.0,1.0,D,12.0,4.0,5.0,3.0,21.0,10.0,7.0,1.0,3.0,1.0,0.0,0.0,2.1,3.25,3.5
T1,2019-03-02,Fenerbahce,Rizespor,1509.53,1403.97,2.0,8.0,7.0,13.0,3.0,2.0,H,2.0,1.0,H,22.0,9.0,7.0,4.0,13.0,13.0,9.0,2.0,2.0,4.0,0.0,1.0,1.6,4.2,5.0
T1,2019-03-02,Kayserispor,Besiktas,1416.58,1610.74,9.0,11.0,7.0,11.0,2.0,2.0,D,0.0,1.0,A,14.0,10.0,5.0,4.0,16.0,11.0,4.0,7.0,3.0,3.0,0.0,0.0,3.75,3.4,2.0
T1,2019-03-03,Erzurum BB,Galatasaray,1354.03,1584.6,4.0,5.0,9.0,13.0,1.0,1.0,D,1.0,0.0,H,18.0,14.0,6.0,4.0,11.0,11.0,6.0,9.0,0.0,1.0,0.0,0.0,3.75,3.5,1.95
T1,2019-03-03,Konyaspor,Goztep,1462.42,1393.1,2.0,6.0,3.0,3.0,1.0,1.0,D,1.0,0.0,H,13.0,12.0,7.0,2.0,14.0,11.0,3.0,5.0,3.0,4.0,0.0,1.0,2.0,3.1,4.2
T1,2019-03-03,Yeni Malatyaspor,Buyuksehyr,,1634.04,1.0,2.0,7.0,13.0,0.0,2.0,A,0.0,1.0,A,9.0,9.0,2.0,5.0,10.0,12.0,4.0,3.0,2.0,3.0,0.0,0.0,4.5,3.5,1.8
T1,2019-03-04,Akhisar Belediyespor,Alanyaspor,1370.84,1442.38,1.0,1.0,6.0,10.0,3.0,1.0,H,0.0,0.0,D,8.0,8.0,4.0,1.0,20.0,21.0,5.0,4.0,1.0,2.0,0.0,0.0,3.0,3.2,2.4
T1,2019-03-04,Kasimpasa,Trabzonspor,1408.18,1494.18,0.0,0.0,3.0,7.0,2.0,2.0,D,0.0,2.0,A,14.0,10.0,8.0,5.0,13.0,12.0,6.0,1.0,4.0,2.0,0.0,0.0,3.3,3.6,2.05
T1,2019-03-08,Sivasspor,Yeni Malatyaspor,1425.14,,0.0,6.0,0.0,2.0,2.0,0.0,H,2.0,0.0,H,13.0,10.0,5.0,3.0,18.0,17.0,6.0,9.0,1.0,3.0,0.0,0.0,1.9,3.4,4.0
T1,2019-03-09,Ankaragucu,Bursaspor,,1385.45,7.0,10.0,3.0,4.0,0.0,0.0,D,0.0,0.0,D,10.0,12.0,4.0,2.0,11.0,7.0,5.0,4.0,1.0,1.0,0.0,0.0,2.87,3.2,2.5
T1,2019-03-09,Buyuksehyr,Fenerbahce,1634.04,1509.53,9.0,13.0,5.0,8.0,2.0,1.0,H,1.0,0.0,H,17.0,12.0,3.0,4.0,14.0,10.0,3.0,4.0,2.0,2.0,0.0,0.0,1.95,3.4,3.9
T1,2019-03-09,Trabzonspor,Akhisar Belediyespor,1494.18,1370.84,4.0,7.0,4.0,4.0,2.0,1.0,H,0.0,0.0,D,17.0,10.0,8.0,4.0,20.0,21.0,7.0,0.0,5.0,3.0,0.0,0.0,1.5,4.2,6.25
T1,2019-03-10,Alanyaspor,Erzurum BB,1442.38,1354.03,6.0,7.0,4.0,5.0,2.0,1.0,H,1.0,0.0,H,18.0,6.0,6.0,3.0,13.0,21.0,6.0,2.0,1.0,2.0,0.0,0.0,1.75,3.6,4.75
T1,2019-03-10,Besiktas,Konyaspor,1610.74,1462.42,5.0,11.0,2.0,4.0,3.0,2.0,H,2.0,1.0,H,20.0,4.0,12.0,3.0,14.0,20.0,9.0,1.0,2.0,3.0,0.0,0.0,1.57,3.75,6.0
T1,2019-03-10,Goztep,Kasimpasa,1393.1,1408.18,1.0,4.0,1.0,1.0,0.0,0.0,D,0.0,0.0,D,12.0,4.0,2.0,2.0,14.0,25.0,7.0,1.0,1.0,3.0,0.0,0.0,1.95,3.6,3.6
T1,2019-03-10,Rizespor,Kayserispor,1403.97,1416.58,6.0,10.0,7.0,11.0,3.0,0.0,H,1.0,0.0,H,12.0,16.0,6.0,4.0,14.0,10.0,4.0,5.0,3.0,1.0,0.0,0.0,2.15,3.3,3.4
T1,2019-03-11,Galatasaray,Antalyaspor,1584.6,1422.72,7.0,11.0,3.0,4.0,5.0,0.0,H,1.0,0.0,H,15.0,14.0,7.0,7.0,5.0,11.0,6.0,6.0,2.0,1.0,0.0,0.0,1.28,6.0,8.5
T1,2019-03-15,Fenerbahce,Sivasspor,1509.92,1427.3,4.0,5.0,3.0,6.0,2.0,1.0,H,0.0,0.0,D,15.0,11.0,5.0,2.0,10.0,20.0,9.0,7.0,3.0,2.0,0.0,0.0,1.45,4.75,6.0
T1,2019-03-16,Akhisar Belediyespor,Kasimpasa,1378.48,1410.36,3.0,4.0,2.0,2.0,2.0,3.0,A,1.0,1.0,D,15.0,16.0,7.0,7.0,11.0,15.0,7.0,6.0,1.0,0.0,0.0,0.0,2.3,3.5,2.9
T1,2019-03-16,Antalyaspor,Alanyaspor,1400.16,1435.62,3.0,4.0,6.0,9.0,3.0,0.0,H,2.0,0.0,H,9.0,12.0,4.0,5.0,17.0,10.0,1.0,5.0,3.0,2.0,0.0,0.0,3.25,3.5,2.1
T1,2019-03-16,Besiktas,Goztep,1610.5,1395.2,5.0,11.0,2.0,5.0,1.0,0.0,H,0.0,0.0,D,6.0,13.0,1.0,5.0,20.0,13.0,3.0,4.0,0.0,2.0,0.0,0.0,1.44,4.5,6.5
T1,2019-03-16,Erzurum BB,Trabzonspor,1353.71,1497.47,1.0,5.0,7.0,7.0,0.0,1.0,A,0.0,0.0,D,20.0,13.0,7.0,3.0,11.0,13.0,3.0,4.0,2.0,3.0,0.0,0.0,2.6,3.4,2.6
T1,2019-03-16,Konyaspor,Rizespor,1455.4,1411.64,1.0,3.0,6.0,10.0,0.0,2.0,A,0.0,1.0,A,9.0,10.0,1.0,4.0,16.0,17.0,6.0,3.0,1.0,2.0,1.0,0.0,2.1,3.4,3.4
T1,2019-03-17,Bursaspor,Galatasaray,1394.09,1586.35,4.0,4.0,7.0,13.0,2.0,3.0,A,2.0,1.0,H,13.0,9.0,5.0,3.0,13.0,8.0,5.0,3.0,2.0,6.0,0.0,0.0,3.4,3.4,2.1
T1,2019-03-17,Kayserispor,Buyuksehyr,1408.36,1644.89,4.0,10.0,9.0,13.0,1.0,1.0,D,1.0,0.0,H,12.0,34.0,6.0,10.0,14.0,9.0,1.0,15.0,2.0,1.0,0.0,0.0,4.5,3.5,1.8
T1,2019-03-17,Yeni Malatyaspor,Ankaragucu,,,0.0,1.0,7.0,11.0,3.0,1.0,H,0.0,0.0,D,8.0,11.0,4.0,3.0,12.0,15.0,4.0,4.0,2.0,2.0,0.0,0.0,2.1,3.3,3.5
T1,2019-04-05,Trabzonspor,Antalyaspor,1503.65,1412.16,7.0,10.0,3.0,6.0,4.0,1.0,H,1.0,1.0,D,21.0,12.0,7.0,3.0,12.0,12.0,8.0,1.0,1.0,1.0,0.0,0.0,1.57,4.0,5.75
T1,2019-04-06,Alanyaspor,Bursaspor,1423.62,1389.03,3.0,9.0,4.0,4.0,1.0,0.0,H,0.0,0.0,D,18.0,10.0,4.0,3.0,15.0,13.0,4.0,2.0,6.0,2.0,0.0,0.0,2.1,3.25,3.6
T1,2019-04-06,Galatasaray,Yeni Malatyaspor,1591.41,,7.0,13.0,3.0,3.0,3.0,0.0,H,1.0,0.0,H,25.0,8.0,6.0,2.0,9.0,14.0,12.0,1.0,2.0,2.0,0.0,0.0,1.36,4.75,8.5
T1,2019-04-06,Sivasspor,Kayserispor,1422.98,1412.74,3.0,3.0,2.0,8.0,1.0,3.0,A,0.0,3.0,A,17.0,10.0,8.0,8.0,14.0,14.0,4.0,4.0,2.0,3.0,0.0,0.0,1.75,3.6,4.75
T1,2019-04-07,Ankaragucu,Fenerbahce,,1514.24,4.0,8.0,6.0,8.0,1.0,1.0,D,1.0,0.0,H,12.0,14.0,3.0,6.0,20.0,8.0,5.0,7.0,4.0,3.0,1.0,1.0,5.0,3.6,1.7
T1,2019-04-07,Buyuksehyr,Konyaspor,1640.51,1439.46,7.0,13.0,1.0,2.0,2.0,0.0,H,0.0,0.0,D,15.0,13.0,4.0,4.0,9.0,11.0,8.0,5.0,1.0,2.0,0.0,0.0,1.44,3.8,9.0
T1,2019-04-07,Goztep,Akhisar Belediyespor,1393.04,1369.54,2.0,2.0,3.0,4.0,0.0,1.0,A,0.0,0.0,D,19.0,12.0,5.0,3.0,15.0,15.0,14.0,7.0,3.0,3.0,0.0,0.0,1.9,3.5,4.0
T1,2019-04-07,Kasimpasa,Erzurum BB,1419.3,1347.53,5.0,5.0,1.0,4.0,2.0,1.0,H,1.0,0.0,H,19.0,13.0,5.0,3.0,15.0,11.0,6.0,4.0,1.0,1.0,0.0,0.0,2.0,3.4,3.75
T1,2019-04-08,Rizespor,Besiktas,1427.58,1612.66,6.0,12.0,7.0,11.0,2.0,7.0,A,1.0,2.0,A,19.0,11.0,6.0,11.0,8.0,10.0,3.0,2.0,1.0,2.0,0.0,0.0,3.8,3.5,1.95
T1,2019-04-12,Bursaspor,Trabzonspor,1389.03,1503.65,1.0,4.0,9.0,13.0,0.0,1.0,A,0.0,0.0,D,18.0,11.0,3.0,3.0,18.0,11.0,10.0,7.0,3.0,3.0,0.0,0.0,2.37,3.3,3.0
T1,2019-04-13,Besiktas,Buyuksehyr,1612.66,1640.51,9.0,11.0,7.0,13.0,2.0,1.0,H,1.0,1.0,D,15.0,13.0,6.0,5.0,16.0,18.0,10.0,4.0,2.0,2.0,0.0,0.0,2.2,3.4,3.2
T1,2019-04-13,Konyaspor,Sivasspor,1439.46,1422.98,0.0,1.0,3.0,3.0,1.0,1.0,D,1.0,1.0,D,6.0,8.0,3.0,3.0,13.0,10.0,0.0,4.0,2.0,1.0,0.0,0.0,2.1,3.2,3.6
T1,2019-04-13,Rizespor,Goztep,1427.58,1393.04,6.0,9.0,1.0,2.0,1.0,0.0,H,0.0,0.0,D,15.0,8.0,8.0,2.0,18.0,15.0,3.0,6.0,2.0,1.0,0.0,0.0,1.9,3.75,3.6
T1,2019-04-14,Antalyaspor,Kasimpasa,1412.16,1419.3,3.0,6.0,7.0,8.0,1.0,0.0,H,1.0,0.0,H,10.0,25.0,5.0,7.0,17.0,13.0,4.0,5.0,2.0,2.0,1.0,0.0,2.55,3.6,2.5
T1,2019-04-14,Fenerbahce,Galatasaray,1514.24,1591.41,4.0,8.0,9.0,13.0,1.0,1.0,D,0.0,0.0,D,6.0,14.0,2.0,2.0,16.0,12.0,2.0,5.0,5.0,4.0,1.0,0.0,2.4,3.5,2.7
T1,2019-04-14,Kayserispor,Ankaragucu,1412.74,,4.0,8.0,2.0,8.0,0.0,2.0,A,0.0,0.0,D,12.0,12.0,3.0,6.0,6.0,13.0,2.0,6.0,0.0,1.0,0.0,0.0,1.8,3.75,4.2
T1,2019-04-14,Yeni Malatyaspor,Alanyaspor,,1423.62,3.0,3.0,6.0,9.0,1.0,1.0,D,1.0,1.0,D,18.0,8.0,5.0,4.0,14.0,15.0,3.0,4.0,1.0,5.0,1.0,1.0,2.8,3.2,2.6
T1,2019-04-15,Erzurum BB,Akhisar Belediyespor,1343.02,1380.28,0.0,1.0,3.0,6.0,2.0,1.0,H,0.0,0.0,D,16.0,13.0,5.0,8.0,11.0,9.0,6.0,3.0,1.0,2.0,0.0,0.0,1.85,3.75,3.8
T1,2019-04-19,Kasimpasa,Bursaspor,1417.32,1377.0,6.0,8.0,0.0,4.0,1.0,1.0,D,0.0,0.0,D,10.0,17.0,2.0,5.0,16.0,15.0,3.0,4.0,2.0,1.0,0.0,0.0,2.45,3.4,2.8
T1,2019-04-20,Akhisar Belediyespor,Antalyaspor,1380.28,1411.56,3.0,6.0,6.0,6.0,1.0,2.0,A,0.0,2.0,A,21.0,10.0,9.0,6.0,15.0,8.0,17.0,1.0,2.0,2.0,0.0,0.0,1.85,3.5,4.33
T1,2019-04-20,Galatasaray,Kayserispor,1596.18,1410.84,7.0,11.0,4.0,5.0,3.0,1.0,H,3.0,1.0,H,17.0,11.0,7.0,5.0,9.0,16.0,6.0,3.0,3.0,5.0,0.0,1.0,1.36,4.75,8.0
T1,2019-04-20,Goztep,Erzurum BB,1376.84,1343.02,0.0,2.0,3.0,4.0,0.0,1.0,A,0.0,1.0,A,22.0,11.0,5.0,6.0,17.0,12.0,11.0,6.0,2.0,3.0,0.0,0.0,2.1,3.3,3.5
T1,2019-04-20,Trabzonspor,Yeni Malatyaspor,1517.39,,9.0,13.0,4.0,4.0,2.0,1.0,H,1.0,1.0,D,20.0,11.0,8.0,3.0,13.0,15.0,7.0,3.0,2.0,3.0,0.0,1.0,1.57,4.0,5.5
T1,2019-04-21,Alanyaspor,Fenerbahce,1431.04,1512.34,4.0,7.0,5.0,8.0,1.0,0.0,H,0.0,0.0,D,25.0,7.0,8.0,1.0,12.0,14.0,10.0,4.0,0.0,1.0,0.0,0.0,2.4,3.3,2.9
T1,2019-04-21,Ankaragucu,Konyaspor,,1433.15,4.0,8.0,1.0,2.0,0.0,0.0,D,0.0,0.0,D,14.0,12.0,6.0,1.0,15.0,15.0,1.0,4.0,1.0,2.0,0.0,0.0,2.37,3.25,3.0
T1,2019-04-21,Buyuksehyr,Rizespor,1637.31,1421.43,4.0,10.0,6.0,9.0,1.0,1.0,D,0.0,0.0,D,16.0,9.0,5.0,1.0,14.0,19.0,7.0,2.0,0.0,4.0,0.0,0.0,1.36,4.75,8.5
T1,2019-04-22,Sivasspor,Besiktas,1411.31,1630.98,1.0,4.0,9.0,13.0,1.0,2.0,A,1.0,1.0,D,8.0,21.0,4.0,6.0,18.0,15.0,4.0,8.0,1.0,3.0,0.0,0.0,3.75,3.6,1.9
T1,2019-04-26,Buyuksehyr,Goztep,1637.31,1376.84,4.0,8.0,0.0,1.0,0.0,2.0,A,0.0,1.0,A,23.0,8.0,5.0,4.0,11.0,10.0,9.0,1.0,2.0,1.0,0.0,0.0,1.25,5.25,13.0
T1,2019-04-27,Antalyaspor,Erzurum BB,1411.56,1343.02,6.0,9.0,6.0,6.0,1.0,1.0,D,1.0,0.0,H,11.0,17.0,2.0,4.0,7.0,8.0,2.0,5.0,1.0,1.0,0.0,0.0,2.55,3.3,2.7
T1,2019-04-27,Fenerbahce,Trabzonspor,1512.34,1517.39,2.0,5.0,9.0,15.0,1.0,1.0,D,0.0,1.0,A,16.0,17.0,5.0,5.0,17.0,20.0,5.0,2.0,5.0,2.0,1.0,0.0,2.0,3.5,3.6
T1,2019-04-27,Rizespor,Sivasspor,1421.43,1411.31,4.0,10.0,1.0,4.0,0.0,0.0,D,0.0,0.0,D,23.0,6.0,5.0,3.0,10.0,11.0,5.0,2.0,1.0,3.0,0.0,0.0,2.0,3.5,3.6
T1,2019-04-28,Besiktas,Ankaragucu,1630.98,,9.0,15.0,5.0,6.0,4.0,1.0,H,1.0,0.0,H,10.0,15.0,5.0,8.0,15.0,18.0,2.0,9.0,2.0,3.0,0.0,0.0,1.33,5.25,8.0
T1,2019-04-28,Bursaspor,Akhisar Belediyespor,1377.0,1380.28,1.0,2.0,3.0,3.0,0.0,0.0,D,0.0,0.0,D,20.0,11.0,2.0,2.0,17.0,14.0,7.0,4.0,1.0,3.0,0.0,0.0,1.61,3.8,5.5
T1,2019-04-28,Kayserispor,Alanyaspor,1410.84,1431.04,3.0,4.0,7.0,10.0,1.0,1.0,D,1.0,1.0,D,13.0,15.0,7.0,3.0,16.0,16.0,2.0,6.0,2.0,3.0,0.0,0.0,2.75,3.4,2.45
T1,2019-04-29,Konyaspor,Galatasaray,1433.15,1596.18,2.0,2.0,7.0,13.0,0.0,0.0,D,0.0,0.0,D,4.0,11.0,2.0,0.0,8.0,6.0,4.0,7.0,1.0,1.0,0.0,0.0,5.0,3.6,1.7
T1,2019-04-29,Yeni Malatyaspor,Kasimpasa,,1417.32,1.0,4.0,4.0,8.0,2.0,1.0,H,0.0,1.0,A,12.0,12.0,5.0,6.0,9.0,15.0,12.0,3.0,3.0,5.0,0.0,0.0,2.4,3.4,2.75
T1,2019-05-03,Sivasspor,Buyuksehyr,1409.57,1608.67,2.0,2.0,1.0,5.0,0.0,0.0,D,0.0,0.0,D,5.0,12.0,1.0,5.0,15.0,16.0,2.0,9.0,3.0,4.0,0.0,0.0,4.75,3.6,1.72
T1,2019-05-04,Ankaragucu,Rizespor,,1425.66,4.0,5.0,5.0,8.0,2.0,2.0,D,0.0,1.0,A,10.0,16.0,3.0,5.0,15.0,13.0,7.0,4.0,5.0,2.0,0.0,0.0,2.55,3.4,2.62
T1,2019-05-04,Erzurum BB,Bursaspor,1364.54,1377.75,7.0,7.0,2.0,2.0,2.0,0.0,H,0.0,0.0,D,8.0,15.0,3.0,2.0,9.0,11.0,4.0,7.0,3.0,2.0,0.0,0.0,2.3,3.2,3.1
T1,2019-05-04,Kasimpasa,Fenerbahce,1408.2,1502.58,1.0,7.0,2.0,6.0,1.0,3.0,A,1.0,1.0,D,9.0,14.0,2.0,6.0,15.0,12.0,5.0,9.0,5.0,0.0,0.0,0.0,3.3,3.75,2.05
T1,2019-05-05,Akhisar Belediyespor,Yeni Malatyaspor,1366.75,,1.0,4.0,4.0,7.0,0.0,2.0,A,0.0,0.0,D,19.0,12.0,5.0,4.0,13.0,16.0,5.0,3.0,2.0,3.0,0.0,0.0,1.9,3.5,4.0
T1,2019-05-05,Galatasaray,Besiktas,1597.1,1638.36,5.0,11.0,9.0,15.0,2.0,0.0,H,1.0,0.0,H,16.0,14.0,7.0,5.0,14.0,17.0,5.0,3.0,2.0,7.0,0.0,0.0,1.9,4.0,3.5
T1,2019-05-05,Goztep,Antalyaspor,1387.85,1416.81,3.0,3.0,7.0,10.0,4.0,1.0,H,2.0,1.0,H,17.0,9.0,11.0,1.0,7.0,9.0,6.0,0.0,0.0,6.0,0.0,1.0,1.57,4.0,5.5
T1,2019-05-06,Alanyaspor,Konyaspor,1440.36,1436.41,5.0,8.0,3.0,3.0,2.0,4.0,A,1.0,2.0,A,18.0,8.0,7.0,4.0,16.0,13.0,11.0,6.0,3.0,6.0,0.0,0.0,2.05,3.4,3.5
T1,2019-05-06,Trabzonspor,Kayserispor,1523.03,1406.14,7.0,13.0,1.0,5.0,4.0,2.0,H,2.0,1.0,H,19.0,16.0,7.0,4.0,14.0,10.0,5.0,3.0,2.0,3.0,0.0,0.0,1.45,4.5,6.5
T1,2019-05-10,Antalyaspor,Bursaspor,1416.81,1377.75,4.0,7.0,2.0,2.0,0.0,1.0,A,0.0,1.0,A,3.0,16.0,1.0,5.0,13.0,20.0,0.0,8.0,4.0,3.0,1.0,0.0,3.4,3.4,2.1
T1,2019-05-11,Fenerbahce,Akhisar Belediyespor,1502.58,1366.75,4.0,6.0,1.0,4.0,2.0,1.0,H,2.0,1.0,H,10.0,5.0,5.0,1.0,17.0,26.0,2.0,1.0,3.0,3.0,0.0,0.0,1.28,5.5,11.0
T1,2019-05-11,Goztep,Sivasspor,1387.85,1409.57,6.0,6.0,2.0,3.0,3.0,3.0,D,1.0,2.0,A,20.0,9.0,8.0,4.0,14.0,10.0,6.0,1.0,3.0,0.0,1.0,0.0,1.72,4.0,4.2
T1,2019-05-11,Rizespor,Galatasaray,1425.66,1597.1,3.0,6.0,7.0,11.0,2.0,3.0,A,1.0,1.0,D,13.0,12.0,3.0,5.0,17.0,10.0,3.0,1.0,5.0,1.0,1.0,0.0,5.25,3.9,1.61
T1,2019-05-12,Buyuksehyr,Ankaragucu,1608.67,,2.0,5.0,2.0,6.0,2.0,1.0,H,0.0,1.0,A,20.0,8.0,7.0,1.0,12.0,12.0,5.0,2.0,0.0,1.0,0.0,0.0,1.25,5.5,12.0
T1,2019-05-12,Kayserispor,Kasimpasa,1406.14,1408.2,1.0,4.0,1.0,4.0,2.0,1.0,H,0.0,1.0,A,19.0,7.0,6.0,6.0,11.0,15.0,13.0,5.0,4.0,4.0,0.0,1.0,2.3,3.4,3.0
T1,2019-05-12,Konyaspor,Trabzonspor,1436.41,1523.03,5.0,6.0,7.0,13.0,2.0,2.0,D,2.0,1.0,H,7.0,19.0,4.0,6.0,13.0,11.0,5.0,5.0,4.0,1.0,0.0,0.0,3.5,3.25,2.1
T1,2019-05-12,Yeni Malatyaspor,Erzurum BB,,1364.54,6.0,7.0,7.0,10.0,3.0,1.0,H,0.0,0.0,D,15.0,21.0,9.0,5.0,16.0,18.0,4.0,9.0,3.0,3.0,0.0,0.0,2.4,3.25,2.9
T1,2019-05-13,Besiktas,Alanyaspor,1638.36,1440.36,6.0,12.0,4.0,8.0,2.0,1.0,H,1.0,1.0,D,12.0,9.0,4.0,3.0,17.0,20.0,2.0,5.0,2.0,1.0,0.0,0.0,1.44,4.2,7.5
T1,2019-05-17,Kasimpasa,Konyaspor,1391.89,1450.78,0.0,1.0,5.0,7.0,1.0,1.0,D,0.0,1.0,A,18.0,12.0,3.0,4.0,13.0,9.0,6.0,7.0,1.0,1.0,0.0,0.0,2.4,3.6,2.7
T1,2019-05-18,Antalyaspor,Yeni Malatyaspor,1393.73,,1.0,7.0,9.0,10.0,3.0,0.0,H,1.0,0.0,H,17.0,12.0,5.0,2.0,16.0,13.0,5.0,4.0,2.0,4.0,0.0,1.0,2.62,3.5,2.5
T1,2019-05-18,Trabzonspor,Besiktas,1528.0,1630.65,5.0,11.0,6.0,12.0,2.0,1.0,H,0.0,0.0,D,19.0,8.0,8.0,3.0,12.0,9.0,7.0,4.0,3.0,2.0,0.0,0.0,2.75,3.75,2.3
T1,2019-05-19,Akhisar Belediyespor,Kayserispor,1351.89,1406.99,1.0,1.0,4.0,4.0,2.0,2.0,D,1.0,0.0,H,16.0,21.0,4.0,8.0,15.0,10.0,5.0,7.0,3.0,2.0,0.0,0.0,3.4,3.4,2.1
T1,2019-05-19,Alanyaspor,Rizespor,1423.9,1421.08,1.0,5.0,2.0,6.0,1.0,1.0,D,1.0,0.0,H,16.0,12.0,5.0,3.0,14.0,17.0,5.0,6.0,3.0,1.0,0.0,0.0,1.9,3.75,3.6
T1,2019-05-19,Bursaspor,Goztep,1379.19,1398.35,4.0,5.0,7.0,7.0,0.0,0.0,D,0.0,0.0,D,14.0,2.0,3.0,1.0,19.0,10.0,5.0,2.0,3.0,1.0,0.0,0.0,2.1,3.3,3.5
T1,2019-05-19,Galatasaray,Buyuksehyr,1612.32,1607.27,7.0,11.0,4.0,5.0,2.0,1.0,H,0.0,1.0,A,15.0,5.0,4.0,2.0,14.0,12.0,8.0,1.0,4.0,3.0,0.0,0.0,1.7,3.6,5.0
T1,2019-05-20,Ankaragucu,Sivasspor,,1414.73,1.0,5.0,3.0,4.0,3.0,1.0,H,2.0,0.0,H,14.0,10.0,6.0,4.0,15.0,7.0,8.0,3.0,4.0,1.0,0.0,0.0,2.8,2.3,3.75
T1,2019-05-20,Erzurum BB,Fenerbahce,1367.13,1515.89,4.0,10.0,7.0,8.0,0.0,1.0,A,0.0,0.0,D,14.0,10.0,3.0,3.0,8.0,13.0,8.0,2.0,4.0,5.0,0.0,0.0,2.3,3.75,2.75
T1,2019-05-24,Besiktas,Kasimpasa,1630.65,1391.89,3.0,9.0,1.0,2.0,3.0,2.0,H,3.0,1.0,H,13.0,16.0,4.0,6.0,12.0,10.0,3.0,5.0,3.0,0.0,1.0,0.0,1.25,6.0,11.0
T1,2019-05-24,Buyuksehyr,Alanyaspor,1607.27,1423.9,4.0,5.0,1.0,5.0,1.0,1.0,D,1.0,1.0,D,11.0,17.0,3.0,7.0,12.0,9.0,5.0,6.0,0.0,0.0,0.0,0.0,1.72,4.0,4.33
T1,2019-05-24,Rizespor,Trabzonspor,1421.08,1528.0,2.0,4.0,7.0,11.0,2.0,3.0,A,1.0,3.0,A,20.0,21.0,5.0,8.0,12.0,6.0,7.0,6.0,1.0,1.0,0.0,0.0,2.8,3.8,2.25
T1,2019-05-24,Sivasspor,Galatasaray,1414.73,1612.32,2.0,3.0,9.0,13.0,4.0,3.0,H,2.0,2.0,D,30.0,7.0,14.0,4.0,10.0,10.0,9.0,1.0,2.0,1.0,0.0,0.0,2.75,3.6,2.37
T1,2019-05-25,Konyaspor,Akhisar Belediyespor,1450.78,1351.89,5.0,7.0,1.0,2.0,0.0,0.0,D,0.0,0.0,D,18.0,14.0,7.0,5.0,9.0,10.0,6.0,5.0,2.0,0.0,0.0,0.0,1.45,4.5,6.5
T1,2019-05-26,Fenerbahce,Antalyaspor,1515.89,1393.73,9.0,10.0,3.0,7.0,3.0,1.0,H,1.0,1.0,D,17.0,16.0,6.0,3.0,16.0,12.0,4.0,4.0,1.0,3.0,0.0,0.0,1.66,4.0,4.75
T1,2019-05-26,Goztep,Ankaragucu,1398.35,,5.0,8.0,4.0,5.0,2.0,1.0,H,1.0,0.0,H,11.0,7.0,5.0,4.0,8.0,23.0,4.0,6.0,0.0,2.0,0.0,0.0,1.36,4.75,8.0
T1,2019-05-26,Kayserispor,Erzurum BB,1406.99,1367.13,4.0,5.0,3.0,7.0,0.0,2.0,A,0.0,2.0,A,20.0,16.0,7.0,6.0,9.0,9.0,10.0,4.0,0.0,0.0,1.0,0.0,2.62,3.4,2.55
T1,2019-05-26,Yeni Malatyaspor,Bursaspor,,1379.19,6.0,9.0,4.0,6.0,1.0,2.0,A,0.0,2.0,A,10.0,9.0,4.0,5.0,8.0,22.0,5.0,2.0,7.0,3.0,2.0,1.0,3.0,3.3,2.35
T1,2019-08-16,Denizlispor,Galatasaray,1336.07,1603.36,3.0,6.0,6.0,10.0,2.0,0.0,H,0.0,0.0,D,15.0,7.0,5.0,4.0,12.0,9.0,6.0,2.0,4.0,5.0,0.0,1.0,4.25,3.75,1.77
T1,2019-08-17,Genclerbirligi,Rizespor,1336.07,1412.76,3.0,3.0,1.0,3.0,0.0,1.0,A,0.0,0.0,D,8.0,11.0,1.0,5.0,16.0,14.0,4.0,2.0,4.0,2.0,1.0,0.0,2.06,3.36,3.51
T1,2019-08-17,Kayserispor,Alanyaspor,1388.12,1424.44,4.0,5.0,2.0,3.0,0.0,1.0,A,0.0,0.0,D,6.0,14.0,3.0,7.0,13.0,10.0,6.0,9.0,4.0,1.0,0.0,0.0,2.38,3.3,2.91
T1,2019-08-17,Sivasspor,Besiktas,1412.57,1620.34,4.0,6.0,6.0,9.0,3.0,0.0,H,1.0,0.0,H,13.0,13.0,8.0,3.0,15.0,9.0,7.0,0.0,4.0,3.0,0.0,0.0,2.76,3.46,2.4
T1,2019-08-18,Konyaspor,Ankaragucu,1442.99,,3.0,7.0,3.0,4.0,0.0,0.0,D,0.0,0.0,D,23.0,9.0,4.0,1.0,7.0,14.0,4.0,1.0,0.0,2.0,0.0,0.0,1.75,3.51,4.78
T1,2019-08-18,Goztep,Antalyaspor,1402.19,1397.95,5.0,11.0,3.0,4.0,0.0,1.0,A,0.0,1.0,A,7.0,10.0,1.0,3.0,15.0,13.0,5.0,5.0,3.0,3.0,0.0,0.0,1.84,3.65,3.98
T1,2019-08-18,Kasimpasa,Trabzonspor,1386.1,1543.65,1.0,1.0,7.0,11.0,1.0,1.0,D,1.0,1.0,D,15.0,17.0,7.0,2.0,14.0,17.0,5.0,9.0,2.0,0.0,0.0,0.0,3.15,3.65,2.11
T1,2019-08-18,Yeni Malatyaspor,Buyuksehyr,,1579.23,3.0,9.0,4.0,5.0,3.0,0.0,H,0.0,0.0,D,9.0,15.0,5.0,4.0,11.0,15.0,2.0,11.0,3.0,2.0,0.0,1.0,3.35,3.29,2.15
T1,2019-08-19,Fenerbahce,Gaziantep,1523.72,,9.0,13.0,0.0,0.0,5.0,0.0,H,3.0,0.0,H,18.0,4.0,9.0,0.0,14.0,18.0,4.0,2.0,1.0,4.0,0.0,0.0,1.45,4.43,6.6
T1,2019-08-23,Besiktas,Goztep,1620.34,1402.19,3.0,6.0,4.0,8.0,3.0,0.0,H,1.0,0.0,H,8.0,12.0,4.0,3.0,19.0,9.0,8.0,3.0,1.0,1.0,0.0,0.0,1.48,4.26,6.37
T1,2019-08-24,Ankaragucu,Kayserispor,,1388.12,4.0,5.0,1.0,4.0,1.0,1.0,D,0.0,0.0,D,15.0,15.0,5.0,5.0,18.0,9.0,1.0,7.0,3.0,1.0,0.0,0.0,2.34,3.23,3.04
T1,2019-08-24,Alanyaspor,Kasimpasa,1424.44,1386.1,5.0,5.0,2.0,2.0,4.0,1.0,H,1.0,1.0,D,18.0,6.0,8.0,1.0,13.0,11.0,1.0,4.0,4.0,4.0,0.0,0.0,1.67,4.21,4.35
T1,2019-08-24,Buyuksehyr,Fenerbahce,1579.23,1523.72,1.0,5.0,9.0,15.0,1.0,2.0,A,1.0,0.0,H,12.0,13.0,4.0,3.0,11.0,10.0,4.0,4.0,0.0,0.0,0.0,0.0,2.48,3.3,2.77
T1,2019-08-25,Rizespor,Sivasspor,1412.76,1412.57,4.0,5.0,6.0,8.0,2.0,1.0,H,0.0,0.0,D,11.0,15.0,5.0,2.0,15.0,11.0,1.0,12.0,2.0,2.0,0.0,0.0,2.12,3.46,3.27
T1,2019-08-25,Trabzonspor,Yeni Malatyaspor,1543.65,,7.0,11.0,3.0,9.0,2.0,1.0,H,1.0,0.0,H,16.0,13.0,5.0,2.0,5.0,13.0,4.0,5.0,1.0,2.0,0.0,0.0,1.66,3.96,4.73
T1,2019-08-25,Antalyaspor,Denizlispor,1397.95,1336.07,6.0,6.0,3.0,6.0,0.0,2.0,A,0.0,1.0,A,19.0,8.0,3.0,2.0,13.0,14.0,5.0,3.0,1.0,3.0,0.0,0.0,2.61,3.22,2.68
T1,2019-08-25,Galatasaray,Konyaspor,1603.36,1442.99,3.0,9.0,3.0,7.0,1.0,1.0,D,0.0,0.0,D,18.0,16.0,6.0,4.0,8.0,11.0,2.0,5.0,1.0,3.0,1.0,0.0,1.43,4.54,6.62
T1,2019-08-26,Gaziantep,Genclerbirligi,,1336.07,0.0,0.0,3.0,3.0,4.0,1.0,H,2.0,0.0,H,15.0,12.0,7.0,4.0,17.0,8.0,4.0,6.0,1.0,1.0,0.0,2.0,2.4,3.17,2.96
T1,2019-08-30,Kasimpasa,Ankaragucu,1386.1,,1.0,2.0,2.0,5.0,0.0,1.0,A,0.0,1.0,A,27.0,4.0,7.0,2.0,10.0,26.0,10.0,1.0,1.0,5.0,0.0,0.0,1.69,3.99,4.48
T1,2019-08-30,Kayserispor,Galatasaray,1388.12,1603.36,1.0,5.0,1.0,7.0,2.0,3.0,A,1.0,0.0,H,8.0,20.0,4.0,10.0,21.0,13.0,1.0,4.0,8.0,6.0,3.0,1.0,4.42,3.78,1.73
T1,2019-08-31,Konyaspor,Antalyaspor,1442.99,1397.95,3.0,5.0,3.0,6.0,2.0,2.0,D,0.0,1.0,A,17.0,15.0,4.0,6.0,13.0,14.0,5.0,7.0,2.0,2.0,0.0,0.0,1.61,3.67,5.77
T1,2019-08-31,Besiktas,Rizespor,1620.34,1412.76,6.0,9.0,6.0,7.0,1.0,1.0,D,0.0,1.0,A,20.0,6.0,4.0,2.0,16.0,10.0,11.0,2.0,5.0,1.0,0.0,0.0,1.59,4.17,5.06
T1,2019-08-31,Goztep,Denizlispor,1402.19,1336.07,3.0,5.0,6.0,9.0,0.0,0.0,D,0.0,0.0,D,17.0,5.0,2.0,1.0,13.0,14.0,5.0,1.0,2.0,3.0,0.0,1.0,2.38,3.29,2.93
T1,2019-09-01,Genclerbirligi,Buyuksehyr,1323.24,1555.76,3.0,3.0,1.0,4.0,1.0,2.0,A,1.0,0.0,H,8.0,22.0,5.0,9.0,26.0,17.0,4.0,5.0,5.0,2.0,0.0,0.0,4.29,3.47,1.83
T1,2019-09-01,Sivasspor,Gaziantep,1431.44,,6.0,7.0,5.0,8.0,1.0,1.0,D,0.0,1.0,A,22.0,11.0,5.0,4.0,14.0,19.0,7.0,5.0,3.0,4.0,0.0,0.0,1.48,4.22,6.47
T1,2019-09-01,Fenerbahce,Trabzonspor,1546.19,1562.95,9.0,15.0,7.0,11.0,1.0,1.0,D,1.0,1.0,D,21.0,10.0,9.0,5.0,14.0,9.0,6.0,3.0,1.0,3.0,0.0,0.0,1.64,4.15,4.6
T1,2019-09-01,Yeni Malatyaspor,Alanyaspor,,1447.69,3.0,6.0,7.0,8.0,2.0,3.0,A,0.0,3.0,A,14.0,8.0,8.0,5.0,18.0,13.0,5.0,3.0,4.0,2.0,0.0,0.0,2.82,3.4,2.4
T1,2019-09-13,Galatasaray,Kasimpasa,1590.1,1375.73,4.0,7.0,1.0,2.0,1.0,0.0,H,1.0,0.0,H,14.0,9.0,4.0,2.0,15.0,18.0,3.0,5.0,2.0,3.0,0.0,0.0,1.3,5.64,8.6
T1,2019-09-14,Buyuksehyr,Sivasspor,1555.76,1431.44,3.0,4.0,4.0,7.0,1.0,1.0,D,0.0,1.0,A,13.0,9.0,5.0,2.0,13.0,15.0,7.0,4.0,2.0,2.0,0.0,0.0,1.58,3.94,5.52
T1,2019-09-14,Antalyaspor,Kayserispor,1401.11,1382.16,4.0,7.0,1.0,2.0,2.0,2.0,D,1.0,1.0,D,18.0,5.0,5.0,3.0,14.0,15.0,11.0,3.0,3.0,1.0,0.0,0.0,2.1,3.34,3.42
T1,2019-09-14,Gaziantep,Besiktas,,1604.13,4.0,7.0,4.0,7.0,3.0,2.0,H,1.0,0.0,H,14.0,12.0,5.0,5.0,15.0,9.0,4.0,14.0,4.0,4.0,1.0,2.0,4.06,3.75,1.81
T1,2019-09-15,Ankaragucu,Yeni Malatyaspor,,,5.0,8.0,3.0,3.0,0.0,4.0,A,0.0,3.0,A,11.0,18.0,2.0,10.0,12.0,12.0,4.0,2.0,4.0,3.0,1.0,0.0,2.72,3.16,2.61
T1,2019-09-15,Rizespor,Goztep,1438.93,1391.46,7.0,8.0,1.0,5.0,0.0,0.0,D,0.0,0.0,D,9.0,3.0,2.0,1.0,21.0,10.0,3.0,3.0,3.0,4.0,0.0,0.0,1.97,3.39,3.79
T1,2019-09-15,Denizlispor,Konyaspor,1378.43,1446.96,7.0,7.0,3.0,5.0,0.0,1.0,A,0.0,0.0,D,8.0,10.0,2.0,4.0,13.0,4.0,3.0,5.0,4.0,2.0,0.0,0.0,2.08,3.24,3.61
T1,2019-09-15,Trabzonspor,Genclerbirligi,1564.51,1318.97,5.0,11.0,0.0,3.0,2.0,2.0,D,1.0,1.0,D,17.0,14.0,9.0,6.0,11.0,15.0,2.0,4.0,2.0,2.0,0.0,0.0,1.49,4.42,5.84
T1,2019-09-16,Alanyaspor,Fenerbahce,1457.21,1544.63,9.0,11.0,7.0,13.0,3.0,1.0,H,1.0,1.0,D,12.0,11.0,6.0,4.0,13.0,14.0,3.0,3.0,1.0,1.0,0.0,0.0,2.77,3.45,2.4
T1,2019-09-20,Goztep,Konyaspor,1391.46,1446.96,2.0,5.0,5.0,7.0,1.0,0.0,H,0.0,0.0,D,16.0,9.0,10.0,1.0,9.0,14.0,9.0,1.0,1.0,3.0,1.0,0.0,2.37,2.98,3.24
T1,2019-09-21,Kasimpasa,Antalyaspor,1373.57,1398.61,0.0,1.0,2.0,5.0,3.0,0.0,H,0.0,0.0,D,15.0,10.0,7.0,3.0,17.0,15.0,4.0,10.0,2.0,3.0,0.0,0.0,2.36,3.43,2.84
T1,2019-09-21,Kayserispor,Denizlispor,1384.67,1378.43,2.0,2.0,4.0,7.0,1.0,1.0,D,1.0,0.0,H,12.0,18.0,5.0,5.0,19.0,13.0,3.0,4.0,2.0,1.0,0.0,0.0,2.44,3.23,2.87
T1,2019-09-21,Fenerbahce,Ankaragucu,1544.63,,4.0,10.0,4.0,5.0,2.0,1.0,H,1.0,1.0,D,30.0,6.0,8.0,3.0,11.0,11.0,8.0,1.0,2.0,3.0,0.0,0.0,1.23,6.08,11.34
T1,2019-09-22,Rizespor,Gaziantep,1438.93,,5.0,8.0,7.0,9.0,1.0,2.0,A,0.0,2.0,A,15.0,5.0,4.0,4.0,9.0,13.0,8.0,4.0,2.0,2.0,0.0,0.0,1.98,3.42,3.7
T1,2019-09-22,Genclerbirligi,Alanyaspor,1318.97,1457.21,1.0,4.0,9.0,13.0,1.0,1.0,D,1.0,0.0,H,12.0,14.0,5.0,5.0,5.0,22.0,1.0,5.0,3.0,3.0,0.0,0.0,3.44,3.55,2.02
T1,2019-09-22,Yeni Malatyaspor,Galatasaray,,1592.26,3.0,6.0,7.0,7.0,1.0,1.0,D,0.0,1.0,A,16.0,12.0,4.0,3.0,16.0,16.0,8.0,3.0,1.0,3.0,0.0,0.0,3.99,3.63,1.85
T1,2019-09-23,Besiktas,Buyuksehyr,1591.66,1554.78,4.0,7.0,4.0,5.0,1.0,1.0,D,0.0,0.0,D,8.0,11.0,2.0,7.0,9.0,18.0,0.0,4.0,4.0,5.0,0.0,0.0,2.32,3.42,2.9
T1,2019-09-23,Sivasspor,Trabzonspor,1432.48,1564.51,2.0,8.0,5.0,9.0,2.0,1.0,H,1.0,1.0,D,16.0,15.0,6.0,4.0,16.0,18.0,4.0,5.0,3.0,3.0,0.0,0.0,2.34,3.54,2.77
T1,2019-09-27,Buyuksehyr,Rizespor,1554.78,1438.93,5.0,5.0,2.0,8.0,5.0,0.0,H,2.0,0.0,H,16.0,13.0,7.0,1.0,9.0,14.0,4.0,6.0,0.0,2.0,0.0,0.0,1.61,3.8,5.41
T1,2019-09-28,Denizlispor,Kasimpasa,1378.43,1373.57,2.0,8.0,3.0,4.0,0.0,1.0,A,0.0,0.0,D,16.0,16.0,7.0,7.0,10.0,19.0,4.0,5.0,0.0,2.0,0.0,0.0,1.95,3.64,3.59
T1,2019-09-28,Alanyaspor,Sivasspor,1457.21,1432.48,7.0,13.0,5.0,8.0,1.0,1.0,D,0.0,1.0,A,29.0,8.0,11.0,4.0,19.0,17.0,11.0,3.0,3.0,4.0,0.0,0.0,1.76,3.78,4.29
T1,2019-09-28,Galatasaray,Fenerbahce,1592.26,1544.63,7.0,8.0,4.0,10.0,0.0,0.0,D,0.0,0.0,D,5.0,12.0,3.0,3.0,18.0,13.0,4.0,5.0,2.0,1.0,0.0,0.0,2.11,3.56,3.21
T1,2019-09-29,Konyaspor,Kayserispor,1446.96,1384.67,4.0,6.0,2.0,3.0,2.0,1.0,H,1.0,1.0,D,24.0,7.0,8.0,3.0,10.0,19.0,5.0,3.0,4.0,7.0,0.0,2.0,1.96,3.38,3.81
T1,2019-09-29,Ankaragucu,Genclerbirligi,,1318.97,3.0,5.0,2.0,2.0,2.0,1.0,H,0.0,0.0,D,12.0,17.0,5.0,6.0,15.0,11.0,4.0,9.0,1.0,2.0,0.0,0.0,3.23,3.39,2.16
T1,2019-09-29,Antalyaspor,Yeni Malatyaspor,1398.61,,2.0,5.0,4.0,7.0,3.0,0.0,H,1.0,0.0,H,11.0,11.0,5.0,1.0,14.0,14.0,2.0,4.0,2.0,2.0,0.0,1.0,2.41,3.28,2.88
T1,2019-09-29,Trabzonspor,Besiktas,1564.51,1591.66,2.0,6.0,2.0,5.0,4.0,1.0,H,2.0,0.0,H,13.0,12.0,5.0,4.0,23.0,10.0,2.0,8.0,6.0,3.0,0.0,0.0,2.21,3.73,2.89
T1,2019-09-30,Gaziantep,Goztep,,1391.46,7.0,10.0,5.0,5.0,1.0,1.0,D,0.0,0.0,D,15.0,4.0,2.0,2.0,12.0,9.0,5.0,5.0,2.0,4.0,0.0,1.0,2.34,3.24,3.01
T1,2019-10-04,Fenerbahce,Antalyaspor,1530.56,1391.99,4.0,8.0,4.0,5.0,0.0,1.0,A,0.0,1.0,A,25.0,7.0,6.0,5.0,10.0,17.0,10.0,3.0,1.0,2.0,0.0,0.0,1.38,4.95,7.15
T1,2019-10-04,Yeni Malatyaspor,Denizlispor,,1354.58,4.0,4.0,1.0,5.0,5.0,1.0,H,2.0,0.0,H,15.0,9.0,7.0,4.0,20.0,13.0,6.0,3.0,2.0,6.0,0.0,0.0,1.97,3.62,3.53
T1,2019-10-05,Kasimpasa,Konyaspor,1386.02,1443.45,6.0,6.0,6.0,8.0,1.0,4.0,A,1.0,3.0,A,17.0,14.0,8.0,9.0,11.0,10.0,9.0,2.0,5.0,4.0,0.0,0.0,2.33,3.3,2.98
T1,2019-10-05,Goztep,Kayserispor,1395.45,1368.78,5.0,6.0,2.0,3.0,4.0,0.0,H,3.0,0.0,H,16.0,8.0,8.0,3.0,13.0,15.0,6.0,5.0,1.0,2.0,0.0,0.0,1.75,3.55,4.66
T1,2019-10-05,Genclerbirligi,Galatasaray,1314.31,1582.43,2.0,2.0,5.0,9.0,0.0,0.0,D,0.0,0.0,D,20.0,11.0,6.0,2.0,19.0,17.0,4.0,5.0,7.0,4.0,1.0,0.0,3.4,3.54,2.04
T1,2019-10-06,Sivasspor,Ankaragucu,1435.83,,5.0,6.0,3.0,7.0,3.0,1.0,H,1.0,1.0,D,11.0,14.0,5.0,4.0,14.0,12.0,8.0,3.0,4.0,1.0,0.0,0.0,1.39,4.71,7.27
T1,2019-10-06,Besiktas,Alanyaspor,1552.35,1455.93,1.0,5.0,5.0,11.0,2.0,0.0,H,0.0,0.0,D,7.0,14.0,4.0,3.0,11.0,11.0,4.0,8.0,3.0,4.0,0.0,0.0,2.02,3.63,3.38
T1,2019-10-06,Gaziantep,Buyuksehyr,,1552.01,7.0,11.0,5.0,8.0,1.0,2.0,A,1.0,1.0,D,5.0,21.0,2.0,9.0,14.0,18.0,5.0,8.0,1.0,6.0,1.0,0.0,3.9,3.34,1.96
T1,2019-10-06,Rizespor,Trabzonspor,1407.29,1548.66,1.0,5.0,4.0,8.0,1.0,2.0,A,1.0,0.0,H,16.0,13.0,4.0,4.0,17.0,11.0,6.0,4.0,5.0,2.0,0.0,0.0,2.6,3.44,2.55
T1,2019-10-18,Galatasaray,Sivasspor,1570.07,1439.11,3.0,9.0,7.0,9.0,3.0,2.0,H,2.0,0.0,H,19.0,16.0,8.0,7.0,10.0,20.0,3.0,3.0,4.0,4.0,0.0,1.0,1.55,4.21,5.45
T1,2019-10-19,Antalyaspor,Genclerbirligi,1401.71,1316.03,6.0,8.0,2.0,3.0,0.0,6.0,A,0.0,5.0,A,11.0,11.0,1.0,9.0,5.0,16.0,8.0,1.0,2.0,2.0,1.0,0.0,2.25,3.35,3.1
T1,2019-10-19,Buyuksehyr,Goztep,1555.57,1403.44,7.0,11.0,7.0,9.0,2.0,1.0,H,1.0,0.0,H,14.0,11.0,5.0,2.0,17.0,13.0,5.0,5.0,1.0,3.0,0.0,0.0,1.6,3.78,5.71
T1,2019-10-19,Trabzonspor,Gaziantep,1552.14,,6.0,8.0,4.0,8.0,4.0,1.0,H,2.0,0.0,H,12.0,14.0,5.0,5.0,16.0,14.0,5.0,4.0,1.0,1.0,0.0,1.0,1.6,4.09,5.14
T1,2019-10-19,Ankaragucu,Besiktas,,1549.11,3.0,6.0,4.0,5.0,0.0,0.0,D,0.0,0.0,D,4.0,14.0,1.0,4.0,17.0,9.0,5.0,6.0,3.0,4.0,1.0,0.0,5.82,4.3,1.51
T1,2019-10-20,Kayserispor,Kasimpasa,1354.16,1368.12,1.0,2.0,6.0,6.0,1.0,1.0,D,0.0,1.0,A,23.0,9.0,10.0,1.0,14.0,17.0,11.0,3.0,5.0,3.0,0.0,0.0,2.38,3.39,2.86
T1,2019-10-20,Alanyaspor,Rizespor,1446.79,1397.84,2.0,8.0,0.0,2.0,5.0,2.0,H,2.0,0.0,H,21.0,5.0,11.0,3.0,21.0,16.0,8.0,4.0,0.0,1.0,0.0,0.0,1.65,3.79,5.12
T1,2019-10-20,Denizlispor,Fenerbahce,1342.02,1514.22,1.0,2.0,4.0,5.0,1.0,2.0,A,0.0,1.0,A,3.0,9.0,1.0,3.0,12.0,12.0,5.0,4.0,2.0,0.0,0.0,0.0,3.97,3.67,1.84
T1,2019-10-21,Konyaspor,Yeni Malatyaspor,1454.72,,6.0,10.0,4.0,7.0,0.0,2.0,A,0.0,1.0,A,6.0,12.0,3.0,6.0,10.0,16.0,3.0,3.0,1.0,2.0,1.0,0.0,2.13,3.26,3.42
T1,2019-10-25,Rizespor,Ankaragucu,1397.84,,0.0,1.0,4.0,4.0,2.0,0.0,H,1.0,0.0,H,22.0,15.0,8.0,3.0,20.0,11.0,8.0,3.0,1.0,3.0,0.0,0.0,1.6,4.02,5.17
T1,2019-10-26,Sivasspor,Antalyaspor,1439.11,1401.71,4.0,8.0,6.0,7.0,2.0,1.0,H,0.0,0.0,D,9.0,8.0,3.0,3.0,15.0,8.0,7.0,9.0,3.0,1.0,0.0,0.0,1.74,3.71,4.48
T1,2019-10-26,Gaziantep,Alanyaspor,,1446.79,1.0,7.0,4.0,8.0,1.0,1.0,D,0.0,1.0,A,9.0,7.0,3.0,2.0,19.0,13.0,9.0,1.0,3.0,3.0,0.0,0.0,3.45,3.47,2.04
T1,2019-10-26,Fenerbahce,Konyaspor,1514.22,1454.72,4.0,7.0,6.0,9.0,5.0,1.0,H,3.0,1.0,H,19.0,5.0,8.0,1.0,13.0,6.0,2.0,2.0,1.0,1.0,0.0,0.0,1.46,4.43,6.29
T1,2019-10-27,Yeni Malatyaspor,Kayserispor,,1354.16,6.0,10.0,1.0,3.0,4.0,0.0,H,1.0,0.0,H,18.0,5.0,7.0,2.0,15.0,18.0,4.0,2.0,1.0,3.0,0.0,0.0,1.55,4.18,5.53
T1,2019-10-27,Genclerbirligi,Denizlispor,1316.03,1342.02,4.0,6.0,0.0,1.0,0.0,2.0,A,0.0,1.0,A,16.0,10.0,7.0,3.0,13.0,9.0,6.0,6.0,1.0,2.0,0.0,0.0,1.81,3.69,4.09
T1,2019-10-27,Goztep,Kasimpasa,1403.44,1368.12,4.0,8.0,4.0,7.0,1.0,4.0,A,1.0,1.0,D,11.0,16.0,3.0,8.0,13.0,18.0,5.0,4.0,4.0,3.0,0.0,0.0,1.82,3.73,4.02
T1,2019-10-27,Besiktas,Galatasaray,1549.11,1570.07,4.0,5.0,5.0,9.0,1.0,0.0,H,0.0,0.0,D,13.0,14.0,7.0,2.0,11.0,15.0,7.0,0.0,2.0,3.0,0.0,0.0,2.72,3.51,2.41
T1,2019-10-28,Buyuksehyr,Trabzonspor,1555.57,1552.14,9.0,11.0,9.0,10.0,2.0,2.0,D,0.0,0.0,D,15.0,9.0,5.0,7.0,11.0,6.0,3.0,6.0,2.0,3.0,0.0,0.0,2.0,3.49,3.56
T1,2019-11-01,Galatasaray,Rizespor,1555.55,1389.49,4.0,6.0,3.0,3.0,2.0,0.0,H,2.0,0.0,H,12.0,10.0,7.0,3.0,14.0,19.0,4.0,3.0,1.0,3.0,0.0,0.0,1.52,4.1,6.07
T1,2019-11-02,Konyaspor,Genclerbirligi,1423.09,1323.6,3.0,6.0,4.0,5.0,1.0,1.0,D,1.0,0.0,H,10.0,15.0,3.0,2.0,13.0,9.0,1.0,7.0,0.0,3.0,0.0,0.0,2.3,3.24,3.1
T1,2019-11-02,Alanyaspor,Buyuksehyr,1447.29,1555.07,4.0,6.0,7.0,11.0,0.0,0.0,D,0.0,0.0,D,22.0,4.0,3.0,1.0,13.0,10.0,5.0,3.0,1.0,1.0,0.0,0.0,2.34,3.33,2.95
T1,2019-11-02,Trabzonspor,Goztep,1540.24,1374.24,7.0,10.0,3.0,7.0,0.0,1.0,A,0.0,1.0,A,21.0,6.0,6.0,2.0,3.0,10.0,8.0,3.0,0.0,3.0,0.0,0.0,1.66,3.8,5.02
T1,2019-11-02,Antalyaspor,Besiktas,1360.19,1536.97,3.0,6.0,7.0,8.0,1.0,2.0,A,0.0,2.0,A,14.0,12.0,4.0,6.0,13.0,17.0,2.0,0.0,3.0,2.0,0.0,0.0,3.02,3.44,2.24
T1,2019-11-03,Denizlispor,Sivasspor,1343.46,1433.0,3.0,4.0,6.0,10.0,0.0,2.0,A,0.0,1.0,A,10.0,16.0,2.0,6.0,14.0,22.0,2.0,6.0,3.0,3.0,0.0,0.0,2.72,3.38,2.46
T1,2019-11-03,Kasimpasa,Yeni Malatyaspor,1380.9,,4.0,10.0,9.0,10.0,2.0,2.0,D,1.0,0.0,H,19.0,13.0,6.0,5.0,13.0,14.0,7.0,8.0,2.0,3.0,0.0,1.0,2.24,3.67,2.87
T1,2019-11-03,Kayserispor,Fenerbahce,1336.92,1521.47,1.0,2.0,6.0,10.0,1.0,0.0,H,0.0,0.0,D,11.0,22.0,1.0,5.0,19.0,10.0,3.0,8.0,1.0,3.0,0.0,0.0,6.38,4.44,1.46
T1,2019-11-04,Ankaragucu,Gaziantep,,,1.0,4.0,1.0,5.0,1.0,2.0,A,0.0,1.0,A,13.0,9.0,6.0,5.0,16.0,16.0,6.0,3.0,2.0,2.0,0.0,0.0,2.83,3.43,2.35
T1,2019-11-08,Fenerbahce,Kasimpasa,1521.47,1380.9,6.0,7.0,5.0,8.0,3.0,2.0,H,2.0,1.0,H,19.0,8.0,9.0,5.0,14.0,14.0,5.0,4.0,3.0,5.0,1.0,1.0,1.34,5.35,7.38
T1,2019-11-09,Genclerbirligi,Kayserispor,1323.6,1336.92,4.0,5.0,4.0,4.0,2.0,1.0,H,1.0,0.0,H,15.0,7.0,7.0,3.0,13.0,7.0,2.0,2.0,2.0,0.0,0.0,0.0,1.6,4.06,5.11
T1,2019-11-09,Rizespor,Antalyaspor,1389.49,1360.19,3.0,3.0,0.0,6.0,1.0,0.0,H,1.0,0.0,H,5.0,33.0,3.0,8.0,18.0,13.0,3.0,10.0,2.0,4.0,1.0,0.0,1.93,3.55,3.74
T1,2019-11-09,Sivasspor,Konyaspor,1433.0,1423.09,6.0,10.0,1.0,7.0,2.0,0.0,H,0.0,0.0,D,17.0,2.0,10.0,1.0,10.0,9.0,8.0,1.0,1.0,5.0,0.0,1.0,1.82,3.6,4.21
T1,2019-11-09,Gaziantep,Galatasaray,,1555.55,4.0,5.0,6.0,8.0,0.0,2.0,A,0.0,2.0,A,7.0,12.0,0.0,3.0,17.0,13.0,7.0,6.0,3.0,1.0,0.0,0.0,3.81,3.64,1.89
T1,2019-11-10,Goztep,Yeni Malatyaspor,1374.24,,3.0,7.0,7.0,10.0,1.0,1.0,D,1.0,0.0,H,7.0,7.0,3.0,2.0,19.0,13.0,4.0,4.0,6.0,6.0,1.0,1.0,2.02,3.44,3.56
T1,2019-11-10,Trabzonspor,Alanyaspor,1540.24,1447.29,4.0,10.0,5.0,6.0,1.0,0.0,H,0.0,0.0,D,7.0,13.0,2.0,4.0,8.0,18.0,4.0,6.0,4.0,4.0,1.0,1.0,2.38,3.52,2.75
T1,2019-11-10,Besiktas,Denizlispor,1536.97,1343.46,7.0,10.0,3.0,3.0,1.0,0.0,H,0.0,0.0,D,12.0,8.0,7.0,3.0,13.0,18.0,6.0,6.0,2.0,2.0,0.0,0.0,1.55,4.16,5.52
T1,2019-11-10,Buyuksehyr,Ankaragucu,1555.07,,5.0,11.0,1.0,4.0,2.0,1.0,H,1.0,0.0,H,17.0,16.0,7.0,6.0,14.0,9.0,7.0,4.0,1.0,2.0,0.0,0.0,1.24,5.92,11.33
T1,2019-11-22,Galatasaray,Buyuksehyr,1563.28,1574.7,6.0,10.0,5.0,11.0,0.0,1.0,A,0.0,0.0,D,8.0,7.0,3.0,2.0,19.0,17.0,11.0,5.0,3.0,3.0,0.0,0.0,2.52,3.25,2.76
T1,2019-11-23,Denizlispor,Rizespor,1331.2,1391.57,3.0,3.0,6.0,6.0,2.0,0.0,H,0.0,0.0,D,12.0,5.0,3.0,0.0,13.0,14.0,7.0,5.0,3.0,2.0,0.0,0.0,2.17,3.34,3.25
T1,2019-11-23,Ankaragucu,Trabzonspor,,1526.39,0.0,1.0,4.0,10.0,0.0,3.0,A,0.0,1.0,A,12.0,21.0,1.0,10.0,18.0,12.0,5.0,5.0,5.0,2.0,1.0,0.0,3.51,3.68,1.97
T1,2019-11-23,Konyaspor,Besiktas,1411.11,1538.27,1.0,4.0,9.0,13.0,0.0,1.0,A,0.0,0.0,D,7.0,9.0,1.0,4.0,12.0,11.0,4.0,3.0,3.0,1.0,0.0,0.0,2.82,3.31,2.43
T1,2019-11-24,Kayserispor,Sivasspor,1341.8,1452.29,3.0,4.0,9.0,12.0,1.0,4.0,A,1.0,1.0,D,9.0,19.0,6.0,6.0,14.0,14.0,5.0,10.0,0.0,0.0,0.0,0.0,3.76,3.6,1.91
T1,2019-11-24,Alanyaspor,Goztep,1444.5,1388.1,2.0,5.0,4.0,7.0,0.0,1.0,A,0.0,0.0,D,14.0,7.0,7.0,2.0,12.0,10.0,6.0,2.0,3.0,1.0,0.0,0.0,1.63,3.82,5.17
T1,2019-11-24,Kasimpasa,Genclerbirligi,1378.08,1335.58,4.0,5.0,4.0,8.0,1.0,2.0,A,0.0,0.0,D,10.0,18.0,4.0,3.0,10.0,13.0,6.0,7.0,1.0,1.0,0.0,0.0,2.21,3.66,2.93
T1,2019-11-24,Yeni Malatyaspor,Fenerbahce,,1514.57,5.0,11.0,6.0,9.0,0.0,0.0,D,0.0,0.0,D,13.0,19.0,6.0,5.0,13.0,21.0,4.0,3.0,3.0,4.0,0.0,0.0,2.6,3.53,2.49
T1,2019-11-25,Antalyaspor,Gaziantep,1350.1,,0.0,3.0,4.0,4.0,1.0,1.0,D,0.0,1.0,A,22.0,7.0,6.0,3.0,19.0,18.0,5.0,3.0,2.0,3.0,0.0,0.0,2.01,3.52,3.5
T1,2019-11-29,Genclerbirligi,Yeni Malatyaspor,1335.58,,7.0,10.0,3.0,9.0,3.0,3.0,D,0.0,1.0,A,16.0,11.0,8.0,7.0,15.0,12.0,10.0,2.0,2.0,2.0,0.0,0.0,2.18,3.4,3.18
T1,2019-11-30,Rizespor,Konyaspor,1391.57,1411.11,3.0,6.0,1.0,1.0,3.0,1.0,H,2.0,1.0,H,9.0,13.0,5.0,2.0,16.0,9.0,3.0,2.0,1.0,0.0,0.0,0.0,2.27,3.13,3.25
T1,2019-11-30,Sivasspor,Kasimpasa,1452.29,1378.08,9.0,12.0,1.0,5.0,2.0,0.0,H,2.0,0.0,H,16.0,16.0,9.0,4.0,19.0,10.0,6.0,5.0,1.0,3.0,0.0,0.0,1.63,4.16,4.71
T1,2019-11-30,Alanyaspor,Ankaragucu,1444.5,,1.0,5.0,0.0,1.0,5.0,0.0,H,2.0,0.0,H,19.0,7.0,12.0,2.0,14.0,12.0,6.0,9.0,1.0,2.0,0.0,0.0,1.3,5.41,9.08
T1,2019-11-30,Goztep,Fenerbahce,1388.1,1514.57,7.0,7.0,4.0,10.0,2.0,2.0,D,1.0,1.0,D,11.0,12.0,4.0,3.0,11.0,12.0,2.0,4.0,1.0,8.0,0.0,1.0,3.16,3.3,2.23
T1,2019-12-01,Gaziantep,Denizlispor,,1338.12,4.0,5.0,3.0,6.0,1.0,2.0,A,0.0,0.0,D,18.0,5.0,3.0,2.0,10.0,18.0,5.0,2.0,3.0,5.0,0.0,0.0,2.03,3.34,3.63
T1,2019-12-01,Buyuksehyr,Antalyaspor,1569.52,1343.94,7.0,11.0,1.0,1.0,2.0,0.0,H,0.0,0.0,D,12.0,14.0,4.0,5.0,16.0,18.0,7.0,2.0,1.0,3.0,0.0,0.0,1.44,4.33,6.9
T1,2019-12-01,Trabzonspor,Galatasaray,1526.17,1551.28,6.0,10.0,6.0,9.0,1.0,1.0,D,0.0,0.0,D,10.0,9.0,5.0,3.0,11.0,7.0,5.0,9.0,4.0,3.0,0.0,0.0,2.27,3.45,2.95
T1,2019-12-02,Besiktas,Kayserispor,1543.84,1325.55,9.0,13.0,3.0,4.0,4.0,1.0,H,3.0,0.0,H,24.0,7.0,13.0,3.0,12.0,10.0,9.0,5.0,2.0,1.0,0.0,0.0,1.25,5.8,10.49
T1,2019-12-06,Fenerbahce,Genclerbirligi,1509.03,1343.22,5.0,8.0,7.0,8.0,5.0,2.0,H,3.0,1.0,H,24.0,14.0,13.0,6.0,14.0,12.0,4.0,4.0,3.0,4.0,0.0,0.0,1.43,4.6,6.52
T1,2019-12-07,Yeni Malatyaspor,Sivasspor,,1465.72,3.0,7.0,9.0,15.0,1.0,3.0,A,1.0,2.0,A,14.0,13.0,2.0,7.0,14.0,16.0,3.0,4.0,2.0,4.0,0.0,0.0,2.22,3.59,2.95
T1,2019-12-07,Ankaragucu,Goztep,,1396.55,0.0,0.0,5.0,8.0,1.0,3.0,A,1.0,1.0,D,11.0,15.0,4.0,6.0,13.0,9.0,2.0,3.0,2.0,3.0,0.0,0.0,3.62,3.33,2.04
T1,2019-12-07,Galatasaray,Alanyaspor,1551.28,1437.88,4.0,7.0,3.0,5.0,1.0,0.0,H,1.0,0.0,H,7.0,21.0,4.0,5.0,15.0,13.0,6.0,13.0,2.0,4.0,0.0,0.0,1.92,3.53,3.82
T1,2019-12-08,Konyaspor,Gaziantep,1390.27,,0.0,1.0,1.0,5.0,0.0,0.0,D,0.0,0.0,D,16.0,13.0,5.0,2.0,16.0,16.0,6.0,8.0,2.0,1.0,0.0,0.0,2.07,3.24,3.63
T1,2019-12-08,Antalyaspor,Trabzonspor,1343.94,1526.17,1.0,1.0,7.0,8.0,1.0,3.0,A,1.0,3.0,A,24.0,11.0,8.0,5.0,12.0,14.0,11.0,4.0,2.0,2.0,0.0,0.0,2.63,3.47,2.5
T1,2019-12-08,Denizlispor,Buyuksehyr,1338.12,1569.52,6.0,9.0,9.0,11.0,1.0,1.0,D,0.0,0.0,D,8.0,18.0,2.0,5.0,15.0,10.0,4.0,3.0,3.0,1.0,0.0,0.0,3.63,3.26,2.06
T1,2019-12-08,Kasimpasa,Besiktas,1357.28,1543.84,0.0,4.0,9.0,15.0,2.0,3.0,A,1.0,1.0,D,9.0,13.0,5.0,7.0,10.0,12.0,5.0,9.0,3.0,5.0,1.0,0.0,3.65,3.89,1.86
T1,2019-12-09,Kayserispor,Rizespor,1325.55,1386.05,0.0,3.0,6.0,9.0,1.0,0.0,H,1.0,0.0,H,17.0,19.0,7.0,7.0,8.0,6.0,3.0,11.0,2.0,3.0,0.0,0.0,2.92,3.45,2.29
T1,2019-12-13,Alanyaspor,Antalyaspor,1437.88,1343.94,3.0,4.0,1.0,1.0,0.0,0.0,D,0.0,0.0,D,15.0,8.0,1.0,1.0,22.0,19.0,6.0,3.0,3.0,3.0,0.0,0.0,1.53,4.17,5.68
T1,2019-12-14,Rizespor,Kasimpasa,1386.05,1357.28,3.0,6.0,0.0,1.0,0.0,3.0,A,0.0,2.0,A,16.0,9.0,4.0,4.0,16.0,19.0,7.0,5.0,5.0,6.0,1.0,0.0,2.12,3.49,3.25
T1,2019-12-14,Genclerbirligi,Goztep,1343.22,1396.55,4.0,8.0,7.0,11.0,3.0,1.0,H,2.0,1.0,H,8.0,11.0,5.0,1.0,17.0,11.0,2.0,4.0,3.0,1.0,0.0,0.0,2.07,3.29,3.56
T1,2019-12-14,Galatasaray,Ankaragucu,1551.28,,4.0,10.0,0.0,0.0,2.0,2.0,D,0.0,0.0,D,14.0,7.0,5.0,3.0,10.0,15.0,12.0,3.0,2.0,5.0,0.0,1.0,1.27,5.38,10.55
T1,2019-12-15,Gaziantep,Kayserispor,,1330.26,2.0,5.0,3.0,6.0,3.0,0.0,H,0.0,0.0,D,14.0,5.0,6.0,1.0,21.0,19.0,7.0,4.0,2.0,2.0,0.0,0.0,1.55,4.14,5.5
T1,2019-12-15,Sivasspor,Fenerbahce,1479.22,1514.66,9.0,15.0,5.0,8.0,3.0,1.0,H,1.0,0.0,H,14.0,9.0,3.0,4.0,19.0,12.0,5.0,7.0,4.0,3.0,0.0,2.0,2.63,3.46,2.5
T1,2019-12-15,Besiktas,Yeni Malatyaspor,1548.27,,9.0,15.0,2.0,4.0,0.0,2.0,A,0.0,0.0,D,12.0,4.0,1.0,3.0,11.0,12.0,4.0,0.0,6.0,3.0,1.0,0.0,1.47,4.53,5.97
T1,2019-12-16,Buyuksehyr,Konyaspor,1582.89,1387.48,7.0,11.0,1.0,2.0,1.0,1.0,D,1.0,0.0,H,19.0,6.0,6.0,2.0,14.0,10.0,9.0,0.0,0.0,3.0,0.0,0.0,1.46,4.15,6.85
T1,2019-12-16,Trabzonspor,Denizlispor,1527.45,1352.97,7.0,10.0,7.0,7.0,1.0,2.0,A,1.0,0.0,H,15.0,10.0,7.0,4.0,11.0,13.0,5.0,3.0,0.0,1.0,0.0,0.0,1.6,4.13,5.04
T1,2019-12-20,Antalyaspor,Ankaragucu,1338.81,,1.0,2.0,1.0,1.0,2.0,2.0,D,1.0,0.0,H,14.0,6.0,3.0,3.0,20.0,21.0,6.0,0.0,2.0,3.0,0.0,0.0,1.55,4.13,5.52
T1,2019-12-21,Yeni Malatyaspor,Rizespor,,1360.84,4.0,6.0,3.0,6.0,0.0,2.0,A,0.0,1.0,A,11.0,7.0,5.0,3.0,11.0,12.0,6.0,4.0,2.0,3.0,0.0,0.0,1.64,4.13,4.66
T1,2019-12-21,Kasimpasa,Gaziantep,1370.81,,3.0,3.0,4.0,5.0,3.0,4.0,A,1.0,4.0,A,7.0,6.0,4.0,5.0,12.0,15.0,8.0,3.0,4.0,2.0,0.0,0.0,2.03,3.66,3.32
T1,2019-12-21,Goztep,Galatasaray,1396.39,1546.63,4.0,8.0,5.0,8.0,2.0,1.0,H,1.0,1.0,D,14.0,12.0,6.0,1.0,6.0,9.0,2.0,5.0,4.0,2.0,0.0,0.0,2.89,3.25,2.41
T1,2019-12-22,Genclerbirligi,Sivasspor,1350.19,1479.22,4.0,10.0,9.0,15.0,2.0,2.0,D,0.0,1.0,A,11.0,9.0,7.0,6.0,16.0,11.0,8.0,7.0,3.0,2.0,0.0,0.0,2.52,3.6,2.53
T1,2019-12-22,Kayserispor,Buyuksehyr,1330.26,1582.89,3.0,3.0,5.0,11.0,1.0,4.0,A,1.0,2.0,A,11.0,18.0,5.0,9.0,12.0,6.0,6.0,7.0,3.0,2.0,0.0,0.0,7.81,4.98,1.35
T1,2019-12-22,Fenerbahce,Besiktas,1514.66,1548.27,4.0,8.0,6.0,12.0,3.0,1.0,H,2.0,1.0,H,14.0,5.0,5.0,2.0,18.0,21.0,9.0,5.0,2.0,3.0,0.0,0.0,2.07,3.6,3.26
T1,2019-12-23,Denizlispor,Alanyaspor,1352.97,1430.13,7.0,10.0,4.0,4.0,1.0,5.0,A,0.0,3.0,A,7.0,14.0,3.0,10.0,12.0,21.0,4.0,7.0,1.0,3.0,0.0,0.0,3.21,3.32,2.19
T1,2019-12-23,Konyaspor,Trabzonspor,1387.48,1527.45,2.0,2.0,4.0,10.0,0.0,1.0,A,0.0,1.0,A,8.0,5.0,3.0,2.0,13.0,17.0,3.0,3.0,5.0,2.0,1.0,0.0,2.97,3.2,2.38
T1,2019-12-27,Besiktas,Genclerbirligi,1548.27,1350.19,3.0,9.0,4.0,8.0,4.0,1.0,H,0.0,1.0,A,17.0,4.0,6.0,3.0,12.0,9.0,8.0,5.0,2.0,4.0,0.0,2.0,1.51,4.35,5.72
T1,2019-12-28,Ankaragucu,Denizlispor,,1352.97,2.0,2.0,4.0,10.0,2.0,2.0,D,0.0,2.0,A,16.0,7.0,5.0,3.0,22.0,9.0,2.0,3.0,2.0,1.0,0.0,1.0,2.82,3.4,2.39
T1,2019-12-28,Buyuksehyr,Kasimpasa,1582.89,1370.81,5.0,11.0,3.0,3.0,5.0,1.0,H,4.0,0.0,H,14.0,18.0,9.0,6.0,21.0,12.0,5.0,8.0,2.0,3.0,0.0,0.0,1.38,4.96,7.05
T1,2019-12-28,Trabzonspor,Kayserispor,1527.45,1330.26,6.0,10.0,3.0,3.0,6.0,2.0,H,2.0,1.0,H,21.0,6.0,13.0,3.0,8.0,10.0,14.0,2.0,0.0,2.0,0.0,0.0,1.12,8.56,18.1
T1,2019-12-28,Galatasaray,Antalyaspor,1546.63,1338.81,4.0,5.0,2.0,3.0,5.0,0.0,H,3.0,0.0,H,12.0,7.0,8.0,3.0,16.0,18.0,6.0,3.0,2.0,4.0,0.0,0.0,1.4,4.53,7.43
T1,2019-12-29,Sivasspor,Goztep,1479.22,1396.39,7.0,13.0,6.0,10.0,1.0,0.0,H,0.0,0.0,D,10.0,3.0,4.0,0.0,17.0,13.0,3.0,1.0,1.0,1.0,0.0,0.0,1.74,3.72,4.47
T1,2019-12-29,Alanyaspor,Konyaspor,1430.13,1387.48,4.0,7.0,2.0,2.0,2.0,1.0,H,1.0,1.0,D,16.0,4.0,7.0,2.0,8.0,13.0,11.0,1.0,1.0,4.0,0.0,0.0,1.53,3.93,6.31
T1,2019-12-29,Gaziantep,Yeni Malatyaspor,,,7.0,8.0,3.0,5.0,1.0,1.0,D,1.0,0.0,H,6.0,7.0,3.0,6.0,15.0,19.0,1.0,8.0,5.0,4.0,1.0,1.0,2.36,3.52,2.78
T1,2019-12-29,Rizespor,Fenerbahce,1360.84,1514.66,3.0,6.0,6.0,8.0,1.0,2.0,A,1.0,1.0,D,5.0,12.0,4.0,4.0,17.0,13.0,5.0,2.0,3.0,2.0,0.0,0.0,4.49,3.85,1.71
T1,2020-01-17,Ankaragucu,Konyaspor,,1381.99,3.0,3.0,1.0,2.0,0.0,1.0,A,0.0,0.0,D,6.0,5.0,1.0,2.0,18.0,14.0,4.0,4.0,0.0,1.0,0.0,0.0,2.83,3.11,2.55
T1,2020-01-18,Alanyaspor,Kayserispor,1451.31,1308.74,7.0,10.0,0.0,3.0,5.0,1.0,H,1.0,0.0,H,16.0,9.0,8.0,5.0,10.0,17.0,2.0,2.0,0.0,2.0,0.0,1.0,1.19,6.84,12.09
T1,2020-01-18,Buyuksehyr,Yeni Malatyaspor,1587.3,,7.0,11.0,4.0,5.0,4.0,1.0,H,4.0,0.0,H,11.0,9.0,6.0,7.0,15.0,21.0,4.0,5.0,2.0,4.0,0.0,0.0,1.55,4.17,5.48
T1,2020-01-18,Gaziantep,Fenerbahce,,1520.52,7.0,8.0,6.0,10.0,0.0,2.0,A,0.0,0.0,D,10.0,10.0,3.0,6.0,15.0,19.0,4.0,3.0,5.0,5.0,0.0,1.0,4.17,3.95,1.73
T1,2020-01-19,Antalyaspor,Goztep,1330.53,1402.16,2.0,2.0,3.0,7.0,0.0,3.0,A,0.0,3.0,A,8.0,6.0,2.0,3.0,16.0,8.0,9.0,5.0,4.0,2.0,1.0,0.0,2.48,3.14,2.88
T1,2020-01-19,Galatasaray,Denizlispor,1541.94,1351.22,4.0,8.0,4.0,8.0,2.0,1.0,H,1.0,0.0,H,14.0,4.0,4.0,2.0,15.0,10.0,5.0,9.0,1.0,4.0,0.0,0.0,1.3,5.25,9.01
T1,2020-01-19,Trabzonspor,Kasimpasa,1525.32,1356.27,6.0,10.0,3.0,3.0,6.0,0.0,H,3.0,0.0,H,12.0,3.0,9.0,2.0,15.0,14.0,5.0,2.0,1.0,4.0,0.0,1.0,1.47,4.83,5.48
T1,2020-01-19,Besiktas,Sivasspor,1526.07,1491.7,3.0,9.0,7.0,13.0,1.0,2.0,A,1.0,2.0,A,12.0,9.0,7.0,5.0,5.0,21.0,14.0,5.0,2.0,6.0,0.0,1.0,1.86,3.7,3.82
T1,2020-01-20,Rizespor,Genclerbirligi,1371.43,1347.27,3.0,6.0,4.0,5.0,2.0,0.0,H,0.0,0.0,D,8.0,7.0,4.0,3.0,19.0,14.0,4.0,0.0,1.0,1.0,0.0,0.0,2.37,3.31,2.89
T1,2020-01-24,Genclerbirligi,Gaziantep,1347.27,,1.0,4.0,4.0,8.0,1.0,0.0,H,0.0,0.0,D,13.0,7.0,6.0,2.0,11.0,8.0,10.0,2.0,3.0,2.0,0.0,0.0,1.96,3.52,3.67
T1,2020-01-25,Kayserispor,Ankaragucu,1308.74,,0.0,3.0,2.0,3.0,1.0,1.0,D,1.0,0.0,H,12.0,8.0,5.0,2.0,20.0,15.0,12.0,3.0,5.0,6.0,0.0,1.0,2.68,3.54,2.43
T1,2020-01-25,Kasimpasa,Alanyaspor,1356.27,1451.31,0.0,3.0,9.0,10.0,1.0,2.0,A,0.0,1.0,A,4.0,12.0,2.0,4.0,23.0,21.0,4.0,7.0,3.0,1.0,1.0,0.0,3.67,3.93,1.85
T1,2020-01-25,Fenerbahce,Buyuksehyr,1520.52,1587.3,9.0,12.0,9.0,11.0,2.0,0.0,H,0.0,0.0,D,24.0,3.0,9.0,1.0,13.0,18.0,6.0,7.0,0.0,1.0,0.0,0.0,2.18,3.36,3.21
T1,2020-01-26,Denizlispor,Antalyaspor,1351.22,1330.53,1.0,5.0,1.0,2.0,0.0,3.0,A,0.0,2.0,A,9.0,8.0,3.0,6.0,12.0,16.0,8.0,4.0,2.0,2.0,0.0,0.0,2.22,3.37,3.09
T1,2020-01-26,Goztep,Besiktas,1402.16,1526.07,6.0,9.0,3.0,6.0,2.0,1.0,H,2.0,1.0,H,10.0,5.0,6.0,4.0,14.0,14.0,5.0,4.0,4.0,4.0,0.0,0.0,2.8,3.22,2.49
T1,2020-01-26,Konyaspor,Galatasaray,1381.99,1541.94,3.0,5.0,6.0,10.0,0.0,3.0,A,0.0,2.0,A,6.0,6.0,4.0,5.0,9.0,14.0,8.0,6.0,0.0,2.0,0.0,0.0,3.56,3.33,2.06
T1,2020-01-27,Sivasspor,Rizespor,1491.7,1371.43,7.0,13.0,6.0,6.0,1.0,1.0,D,0.0,0.0,D,17.0,5.0,5.0,3.0,10.0,16.0,6.0,1.0,1.0,5.0,0.0,0.0,1.49,4.31,5.94
T1,2020-01-31,Buyuksehyr,Genclerbirligi,1587.3,1347.27,6.0,10.0,3.0,7.0,3.0,1.0,H,1.0,1.0,D,9.0,14.0,3.0,5.0,11.0,13.0,3.0,8.0,1.0,1.0,0.0,0.0,1.43,4.51,6.82
T1,2020-02-01,Antalyaspor,Konyaspor,1335.3,1379.88,3.0,5.0,3.0,4.0,0.0,0.0,D,0.0,0.0,D,6.0,15.0,2.0,3.0,16.0,10.0,12.0,4.0,3.0,0.0,0.0,0.0,2.2,3.17,3.36
T1,2020-02-01,Rizespor,Besiktas,1384.45,1506.64,4.0,7.0,3.0,3.0,1.0,2.0,A,1.0,1.0,D,14.0,7.0,4.0,2.0,15.0,10.0,4.0,4.0,3.0,0.0,0.0,0.0,3.46,3.49,2.03
T1,2020-02-01,Trabzonspor,Fenerbahce,1532.21,1539.82,9.0,12.0,9.0,12.0,2.0,1.0,H,2.0,1.0,H,16.0,23.0,4.0,9.0,20.0,14.0,6.0,10.0,4.0,5.0,0.0,1.0,2.54,3.57,2.52
T1,2020-02-02,Ankaragucu,Kasimpasa,,1342.76,2.0,4.0,0.0,3.0,1.0,1.0,D,0.0,1.0,A,11.0,19.0,3.0,3.0,14.0,15.0,3.0,9.0,3.0,3.0,0.0,0.0,2.44,3.56,2.64
T1,2020-02-02,Alanyaspor,Yeni Malatyaspor,1464.65,,9.0,13.0,1.0,4.0,2.0,1.0,H,1.0,0.0,H,14.0,12.0,7.0,2.0,12.0,17.0,7.0,6.0,2.0,3.0,1.0,0.0,1.48,4.4,5.99
T1,2020-02-02,Gaziantep,Sivasspor,,1497.26,1.0,7.0,7.0,11.0,5.0,1.0,H,3.0,1.0,H,11.0,21.0,7.0,8.0,13.0,14.0,6.0,2.0,3.0,4.0,0.0,0.0,3.28,3.5,2.1
T1,2020-02-02,Galatasaray,Kayserispor,1554.58,1300.29,9.0,10.0,1.0,1.0,4.0,1.0,H,2.0,0.0,H,11.0,10.0,5.0,2.0,16.0,10.0,5.0,4.0,2.0,1.0,0.0,0.0,1.14,7.96,15.5
T1,2020-02-03,Denizlispor,Goztep,1330.38,1424.59,1.0,4.0,6.0,9.0,1.0,1.0,D,0.0,1.0,A,19.0,8.0,7.0,3.0,11.0,14.0,8.0,1.0,4.0,4.0,0.0,0.0,3.02,3.34,2.27
T1,2020-02-07,Yeni Malatyaspor,Ankaragucu,,,1.0,4.0,2.0,4.0,0.0,1.0,A,0.0,0.0,D,12.0,15.0,2.0,7.0,7.0,16.0,10.0,3.0,1.0,2.0,1.0,0.0,1.58,3.93,5.53
T1,2020-02-08,Konyaspor,Denizlispor,1379.88,1330.38,4.0,4.0,1.0,2.0,0.0,0.0,D,0.0,0.0,D,20.0,10.0,5.0,2.0,14.0,18.0,7.0,4.0,2.0,1.0,0.0,0.0,1.92,3.32,4.1
T1,2020-02-08,Besiktas,Gaziantep,1506.64,,3.0,6.0,3.0,7.0,3.0,0.0,H,0.0,0.0,D,17.0,11.0,8.0,2.0,14.0,13.0,10.0,5.0,3.0,2.0,0.0,0.0,1.39,4.65,7.53
T1,2020-02-08,Genclerbirligi,Trabzonspor,1342.84,1532.21,3.0,4.0,9.0,12.0,0.0,2.0,A,0.0,0.0,D,13.0,15.0,2.0,7.0,19.0,11.0,5.0,9.0,8.0,1.0,0.0,1.0,3.22,3.58,2.1
T1,2020-02-08,Fenerbahce,Alanyaspor,1539.82,1464.65,6.0,12.0,9.0,15.0,1.0,1.0,D,0.0,1.0,A,15.0,5.0,3.0,2.0,11.0,13.0,5.0,2.0,3.0,4.0,0.0,0.0,1.79,3.69,4.2
T1,2020-02-09,Kayserispor,Antalyaspor,1300.29,1335.3,1.0,1.0,4.0,5.0,2.0,2.0,D,1.0,1.0,D,15.0,11.0,9.0,3.0,16.0,15.0,8.0,8.0,4.0,4.0,0.0,0.0,2.99,3.45,2.25
T1,2020-02-09,Sivasspor,Buyuksehyr,1497.26,1584.4,4.0,8.0,6.0,12.0,1.0,1.0,D,0.0,0.0,D,14.0,8.0,4.0,1.0,12.0,11.0,7.0,2.0,0.0,3.0,0.0,0.0,2.46,3.39,2.72
T1,2020-02-09,Kasimpasa,Galatasaray,1342.76,1554.58,1.0,1.0,9.0,12.0,0.0,3.0,A,0.0,3.0,A,11.0,19.0,3.0,8.0,12.0,11.0,4.0,5.0,2.0,0.0,0.0,0.0,4.42,4.09,1.67
T1,2020-02-14,Buyuksehyr,Besiktas,1584.4,1506.64,4.0,10.0,6.0,9.0,1.0,0.0,H,0.0,0.0,D,6.0,19.0,3.0,7.0,14.0,11.0,0.0,5.0,3.0,3.0,0.0,0.0,2.2,3.5,3.06
T1,2020-02-15,Denizlispor,Kayserispor,1334.37,1296.34,2.0,3.0,2.0,2.0,0.0,1.0,A,0.0,0.0,D,9.0,17.0,3.0,4.0,11.0,19.0,10.0,5.0,0.0,0.0,0.0,0.0,1.73,3.74,4.46
T1,2020-02-15,Konyaspor,Goztep,1377.25,1423.71,2.0,5.0,7.0,10.0,1.0,3.0,A,1.0,1.0,D,14.0,12.0,5.0,3.0,10.0,12.0,8.0,3.0,2.0,0.0,0.0,0.0,2.7,3.11,2.66
T1,2020-02-15,Ankaragucu,Fenerbahce,,1529.79,5.0,6.0,4.0,10.0,2.0,1.0,H,1.0,0.0,H,9.0,16.0,3.0,7.0,13.0,12.0,1.0,2.0,1.0,2.0,0.0,0.0,6.58,4.55,1.43
T1,2020-02-16,Alanyaspor,Genclerbirligi,1473.6,1336.26,7.0,13.0,3.0,3.0,0.0,1.0,A,0.0,0.0,D,23.0,14.0,11.0,6.0,11.0,8.0,3.0,7.0,3.0,2.0,0.0,0.0,1.46,4.35,6.45
T1,2020-02-16,Trabzonspor,Sivasspor,1545.35,1478.06,9.0,15.0,2.0,8.0,2.0,1.0,H,2.0,0.0,H,12.0,18.0,4.0,3.0,9.0,16.0,7.0,7.0,2.0,1.0,0.0,0.0,1.91,3.51,3.87
T1,2020-02-16,Galatasaray,Yeni Malatyaspor,1565.12,,9.0,15.0,0.0,1.0,1.0,0.0,H,1.0,0.0,H,18.0,10.0,3.0,4.0,8.0,20.0,6.0,5.0,2.0,3.0,0.0,0.0,1.41,4.53,7.2
T1,2020-02-17,Antalyaspor,Kasimpasa,1335.52,1336.17,5.0,5.0,1.0,1.0,3.0,1.0,H,0.0,0.0,D,16.0,6.0,9.0,3.0,12.0,15.0,3.0,5.0,4.0,3.0,0.0,0.0,2.03,3.62,3.32
T1,2020-02-17,Gaziantep,Rizespor,,1377.99,3.0,4.0,4.0,7.0,2.0,0.0,H,0.0,0.0,D,21.0,6.0,3.0,1.0,14.0,14.0,7.0,2.0,3.0,4.0,0.0,1.0,2.21,3.35,3.15
T1,2020-02-21,Sivasspor,Alanyaspor,1478.06,1473.6,1.0,5.0,4.0,10.0,1.0,0.0,H,1.0,0.0,H,5.0,11.0,2.0,4.0,17.0,13.0,3.0,6.0,5.0,2.0,0.0,0.0,2.19,3.47,3.1
T1,2020-02-22,Kayserispor,Konyaspor,1296.34,1377.25,4.0,5.0,2.0,5.0,2.0,2.0,D,1.0,2.0,A,17.0,11.0,6.0,4.0,15.0,15.0,8.0,1.0,3.0,5.0,0.0,0.0,2.62,3.24,2.64
T1,2020-02-22,Goztep,Gaziantep,1423.71,,7.0,10.0,6.0,6.0,1.0,1.0,D,0.0,0.0,D,12.0,17.0,4.0,5.0,13.0,11.0,6.0,12.0,2.0,3.0,0.0,0.0,1.73,3.74,4.49
T1,2020-02-22,Besiktas,Trabzonspor,1513.78,1545.35,6.0,6.0,9.0,15.0,2.0,2.0,D,0.0,1.0,A,29.0,9.0,9.0,3.0,12.0,17.0,14.0,5.0,2.0,2.0,0.0,0.0,2.12,3.64,3.11
T1,2020-02-23,Yeni Malatyaspor,Antalyaspor,,1335.52,0.0,1.0,5.0,8.0,1.0,2.0,A,1.0,1.0,D,18.0,9.0,8.0,3.0,10.0,14.0,5.0,2.0,2.0,2.0,0.0,1.0,1.97,3.51,3.6
T1,2020-02-23,Genclerbirligi,Ankaragucu,1336.26,,3.0,6.0,7.0,8.0,1.0,0.0,H,0.0,0.0,D,14.0,10.0,5.0,5.0,20.0,15.0,6.0,2.0,3.0,3.0,0.0,0.0,1.75,3.73,4.36
T1,2020-02-23,Fenerbahce,Galatasaray,1529.79,1565.12,1.0,7.0,9.0,15.0,1.0,3.0,A,1.0,1.0,D,10.0,14.0,4.0,7.0,22.0,14.0,6.0,4.0,5.0,8.0,2.0,1.0,2.01,3.5,3.52
T1,2020-02-24,Kasimpasa,Denizlispor,1336.17,1334.37,1.0,1.0,2.0,2.0,2.0,0.0,H,1.0,0.0,H,14.0,8.0,5.0,3.0,11.0,13.0,8.0,6.0,2.0,1.0,0.0,0.0,2.01,3.57,3.4
T1,2020-02-24,Rizespor,Buyuksehyr,1377.99,1588.12,1.0,4.0,7.0,10.0,1.0,2.0,A,0.0,1.0,A,17.0,21.0,6.0,5.0,11.0,14.0,4.0,2.0,0.0,1.0,0.0,0.0,3.51,3.35,2.05
T1,2020-02-28,Alanyaspor,Besiktas,1473.6,1513.78,1.0,7.0,4.0,7.0,1.0,2.0,A,1.0,0.0,H,8.0,18.0,2.0,5.0,10.0,11.0,4.0,5.0,1.0,0.0,0.0,0.0,2.38,3.56,2.73
T1,2020-02-29,Konyaspor,Kasimpasa,1377.25,1336.17,2.0,3.0,3.0,4.0,0.0,0.0,D,0.0,0.0,D,10.0,8.0,3.0,0.0,14.0,12.0,8.0,4.0,1.0,0.0,0.0,0.0,1.94,3.5,3.74
T1,2020-02-29,Trabzonspor,Rizespor,1545.35,1377.99,7.0,13.0,0.0,4.0,5.0,2.0,H,0.0,1.0,A,17.0,18.0,6.0,3.0,11.0,8.0,6.0,3.0,3.0,2.0,1.0,0.0,1.45,4.44,6.52
T1,2020-02-29,Antalyaspor,Fenerbahce,1335.52,1529.79,7.0,11.0,1.0,4.0,2.0,2.0,D,0.0,1.0,A,12.0,17.0,4.0,4.0,15.0,10.0,8.0,2.0,6.0,1.0,1.0,0.0,3.58,3.54,1.96
T1,2020-03-01,Denizlispor,Yeni Malatyaspor,1321.46,,1.0,2.0,0.0,0.0,2.0,0.0,H,1.0,0.0,H,24.0,2.0,11.0,0.0,17.0,23.0,12.0,2.0,0.0,4.0,0.0,1.0,2.36,3.42,2.82
T1,2020-03-01,Ankaragucu,Sivasspor,,1485.91,6.0,8.0,4.0,5.0,0.0,3.0,A,0.0,0.0,D,8.0,21.0,2.0,9.0,14.0,17.0,4.0,7.0,2.0,2.0,1.0,0.0,3.8,3.64,1.88
T1,2020-03-01,Galatasaray,Genclerbirligi,1586.77,1361.54,9.0,15.0,6.0,9.0,3.0,0.0,H,2.0,0.0,H,12.0,9.0,6.0,2.0,7.0,10.0,5.0,10.0,1.0,4.0,0.0,0.0,1.34,4.92,8.23
T1,2020-03-02,Buyuksehyr,Gaziantep,1614.44,,7.0,10.0,4.0,7.0,3.0,1.0,H,0.0,0.0,D,20.0,22.0,10.0,8.0,9.0,7.0,7.0,4.0,1.0,0.0,0.0,0.0,1.41,4.52,6.92
T1,2020-03-02,Kayserispor,Goztep,1313.47,1439.14,5.0,6.0,5.0,11.0,1.0,0.0,H,0.0,0.0,D,9.0,13.0,3.0,2.0,17.0,13.0,0.0,5.0,4.0,1.0,0.0,0.0,3.14,3.31,2.22
T1,2020-03-06,Besiktas,Ankaragucu,1527.67,,4.0,10.0,3.0,7.0,2.0,1.0,H,1.0,0.0,H,12.0,12.0,2.0,5.0,14.0,17.0,1.0,5.0,3.0,5.0,0.0,0.0,1.22,6.34,10.86
T1,2020-03-07,Yeni Malatyaspor,Konyaspor,,1369.23,0.0,0.0,2.0,4.0,1.0,1.0,D,0.0,1.0,A,8.0,9.0,4.0,3.0,15.0,14.0,4.0,8.0,1.0,2.0,1.0,1.0,2.33,3.23,3.02
T1,2020-03-07,Gaziantep,Trabzonspor,,1562.21,4.0,7.0,7.0,13.0,1.0,1.0,D,0.0,1.0,A,10.0,6.0,3.0,2.0,8.0,14.0,5.0,2.0,2.0,5.0,0.0,0.0,3.4,3.63,2.01
T1,2020-03-07,Goztep,Buyuksehyr,1439.14,1614.44,4.0,8.0,9.0,13.0,0.0,3.0,A,0.0,1.0,A,17.0,12.0,1.0,4.0,10.0,10.0,7.0,0.0,1.0,2.0,0.0,1.0,2.86,3.23,2.44
T1,2020-03-07,Fenerbahce,Denizlispor,1510.27,1321.46,1.0,2.0,3.0,5.0,2.0,2.0,D,1.0,1.0,D,9.0,12.0,3.0,8.0,16.0,20.0,3.0,3.0,7.0,4.0,1.0,0.0,1.37,4.91,7.4
T1,2020-03-08,Kasimpasa,Kayserispor,1345.31,1313.47,4.0,5.0,7.0,8.0,5.0,1.0,H,3.0,0.0,H,16.0,13.0,10.0,4.0,19.0,15.0,2.0,3.0,3.0,4.0,0.0,0.0,1.79,3.8,4.02
T1,2020-03-08,Rizespor,Alanyaspor,1365.87,1453.52,0.0,1.0,0.0,4.0,1.0,1.0,D,0.0,1.0,A,12.0,22.0,4.0,5.0,10.0,15.0,2.0,5.0,1.0,3.0,0.0,0.0,2.84,3.39,2.37
T1,2020-03-08,Sivasspor,Galatasaray,1485.91,1586.77,6.0,7.0,9.0,15.0,2.0,2.0,D,1.0,2.0,A,10.0,11.0,8.0,6.0,15.0,12.0,6.0,6.0,1.0,2.0,0.0,0.0,2.61,3.43,2.52
T1,2020-03-09,Genclerbirligi,Antalyaspor,1361.54,1364.83,6.0,6.0,7.0,9.0,1.0,1.0,D,0.0,0.0,D,20.0,7.0,8.0,2.0,11.0,11.0,8.0,3.0,3.0,1.0,0.0,0.0,2.08,3.36,3.41
T1,2020-03-11,Yeni Malatyaspor,Trabzonspor,,1562.21,1.0,1.0,5.0,11.0,1.0,3.0,A,1.0,2.0,A,6.0,13.0,3.0,5.0,12.0,9.0,5.0,6.0,3.0,2.0,0.0,0.0,3.26,3.65,2.04
T1,2020-03-13,Ankaragucu,Rizespor,,1365.87,0.0,6.0,1.0,1.0,2.0,1.0,H,2.0,1.0,H,13.0,15.0,3.0,2.0,15.0,17.0,8.0,7.0,2.0,3.0,0.0,1.0,2.41,3.22,2.92
T1,2020-03-13,Kasimpasa,Goztep,1345.31,1439.14,7.0,7.0,1.0,5.0,2.0,0.0,H,1.0,0.0,H,11.0,9.0,5.0,3.0,15.0,13.0,4.0,3.0,3.0,2.0,0.0,0.0,2.26,3.51,2.94
T1,2020-03-14,Denizlispor,Genclerbirligi,1321.46,1361.54,4.0,5.0,4.0,7.0,1.0,0.0,H,0.0,0.0,D,19.0,13.0,8.0,2.0,9.0,11.0,5.0,10.0,1.0,2.0,0.0,0.0,2.44,3.38,2.77
T1,2020-03-14,Alanyaspor,Gaziantep,1453.52,,1.0,2.0,2.0,5.0,1.0,0.0,H,1.0,0.0,H,7.0,14.0,2.0,0.0,8.0,10.0,1.0,6.0,0.0,3.0,0.0,0.0,1.55,4.24,5.35
T1,2020-03-14,Konyaspor,Fenerbahce,1369.23,1510.27,3.0,4.0,2.0,3.0,1.0,0.0,H,1.0,0.0,H,8.0,10.0,2.0,0.0,14.0,10.0,0.0,5.0,7.0,2.0,2.0,0.0,3.47,3.29,2.11
T1,2020-03-15,Kayserispor,Yeni Malatyaspor,1313.84,,4.0,8.0,1.0,1.0,2.0,1.0,H,2.0,0.0,H,15.0,15.0,5.0,8.0,19.0,9.0,3.0,5.0,3.0,1.0,0.0,0.0,2.52,3.31,2.7
T1,2020-03-15,Trabzonspor,Buyuksehyr,1568.26,1633.06,7.0,11.0,9.0,13.0,1.0,1.0,D,0.0,0.0,D,17.0,12.0,2.0,5.0,6.0,14.0,7.0,3.0,1.0,1.0,0.0,0.0,2.31,3.41,2.92
T1,2020-03-15,Galatasaray,Besiktas,1591.76,1532.18,7.0,13.0,7.0,10.0,0.0,0.0,D,0.0,0.0,D,16.0,3.0,4.0,2.0,15.0,15.0,5.0,4.0,1.0,2.0,0.0,0.0,1.96,3.54,3.61
T1,2020-03-16,Antalyaspor,Sivasspor,1368.52,1498.55,5.0,9.0,7.0,8.0,1.0,0.0,H,0.0,0.0,D,17.0,8.0,6.0,3.0,12.0,17.0,3.0,7.0,1.0,4.0,0.0,1.0,2.89,3.48,2.28
T1,2020-03-17,Goztep,Rizespor,1411.6,1360.97,0.0,4.0,1.0,1.0,2.0,0.0,H,0.0,0.0,D,14.0,4.0,4.0,1.0,11.0,17.0,5.0,1.0,1.0,2.0,0.0,0.0,1.97,3.48,3.76
T1,2020-06-12,Fenerbahce,Kayserispor,1496.44,1321.89,2.0,2.0,6.0,10.0,2.0,1.0,H,0.0,0.0,D,10.0,11.0,4.0,6.0,6.0,14.0,2.0,3.0,1.0,2.0,1.0,0.0,1.32,5.43,7.98
T1,2020-06-12,Goztep,Trabzonspor,1419.04,1568.25,3.0,4.0,5.0,9.0,1.0,3.0,A,0.0,1.0,A,18.0,10.0,7.0,7.0,10.0,16.0,1.0,3.0,2.0,3.0,0.0,1.0,3.38,3.5,2.05
T1,2020-06-13,Buyuksehyr,Alanyaspor,1633.07,1459.67,7.0,13.0,4.0,4.0,2.0,0.0,H,0.0,0.0,D,18.0,12.0,6.0,4.0,10.0,13.0,6.0,6.0,1.0,3.0,0.0,0.0,1.84,3.68,3.99
T1,2020-06-13,Besiktas,Antalyaspor,1535.62,1378.09,7.0,8.0,5.0,11.0,1.0,2.0,A,0.0,2.0,A,25.0,11.0,6.0,4.0,12.0,13.0,11.0,2.0,3.0,3.0,0.0,0.0,1.47,4.39,6.16
T1,2020-06-13,Yeni Malatyaspor,Kasimpasa,,1370.11,1.0,1.0,7.0,10.0,1.0,2.0,A,1.0,0.0,H,14.0,11.0,1.0,3.0,9.0,13.0,5.0,5.0,2.0,2.0,0.0,0.0,2.2,3.57,3.01
T1,2020-06-14,Genclerbirligi,Konyaspor,1351.36,1383.64,1.0,7.0,5.0,6.0,2.0,1.0,H,0.0,0.0,D,12.0,19.0,3.0,3.0,15.0,13.0,4.0,3.0,2.0,2.0,0.0,0.0,2.36,3.22,2.99
T1,2020-06-14,Gaziantep,Ankaragucu,,,1.0,5.0,3.0,6.0,1.0,1.0,D,1.0,0.0,H,5.0,16.0,1.0,7.0,10.0,19.0,4.0,11.0,3.0,3.0,0.0,0.0,1.92,3.62,3.7
T1,2020-06-14,Rizespor,Galatasaray,1353.53,1588.32,1.0,1.0,5.0,11.0,2.0,0.0,H,1.0,0.0,H,8.0,15.0,4.0,3.0,17.0,18.0,1.0,10.0,4.0,3.0,0.0,1.0,5.03,4.03,1.61
T1,2020-06-15,Sivasspor,Denizlispor,1488.98,1348.47,4.0,7.0,7.0,7.0,1.0,0.0,H,1.0,0.0,H,16.0,9.0,4.0,2.0,19.0,13.0,5.0,4.0,3.0,2.0,0.0,1.0,1.5,4.18,6.06
T1,2020-06-19,Ankaragucu,Buyuksehyr,,1637.15,4.0,4.0,7.0,13.0,1.0,2.0,A,1.0,0.0,H,10.0,20.0,2.0,11.0,19.0,15.0,5.0,8.0,4.0,4.0,0.0,0.0,4.87,3.89,1.66
T1,2020-06-20,Kayserispor,Genclerbirligi,1319.13,1358.65,3.0,7.0,4.0,7.0,2.0,0.0,H,1.0,0.0,H,15.0,16.0,4.0,3.0,14.0,9.0,3.0,12.0,4.0,3.0,0.0,0.0,2.36,3.39,2.89
T1,2020-06-20,Denizlispor,Besiktas,1348.47,1522.38,4.0,7.0,4.0,8.0,1.0,5.0,A,0.0,1.0,A,11.0,17.0,3.0,10.0,15.0,9.0,4.0,8.0,2.0,0.0,0.0,0.0,3.73,3.69,1.9
T1,2020-06-20,Yeni Malatyaspor,Goztep,,1410.79,0.0,1.0,3.0,3.0,2.0,1.0,H,1.0,0.0,H,7.0,10.0,3.0,2.0,10.0,11.0,2.0,6.0,3.0,1.0,0.0,0.0,2.43,3.43,2.75
T1,2020-06-21,Kasimpasa,Fenerbahce,1379.76,1499.2,9.0,13.0,4.0,5.0,2.0,0.0,H,0.0,0.0,D,12.0,13.0,5.0,6.0,15.0,11.0,4.0,3.0,4.0,0.0,0.0,0.0,3.26,3.59,2.08
T1,2020-06-21,Galatasaray,Gaziantep,1571.09,,2.0,8.0,2.0,3.0,3.0,3.0,D,2.0,1.0,H,10.0,10.0,6.0,6.0,18.0,14.0,2.0,6.0,6.0,1.0,1.0,0.0,1.5,4.23,6.04
T1,2020-06-21,Konyaspor,Sivasspor,1376.35,1488.98,4.0,6.0,4.0,10.0,2.0,2.0,D,2.0,1.0,H,10.0,11.0,5.0,2.0,13.0,6.0,1.0,5.0,3.0,1.0,0.0,0.0,2.67,3.29,2.58
T1,2020-06-22,Alanyaspor,Trabzonspor,1455.59,1576.5,4.0,4.0,7.0,11.0,2.0,2.0,D,1.0,1.0,D,17.0,12.0,8.0,6.0,12.0,16.0,8.0,2.0,3.0,1.0,1.0,1.0,2.79,3.36,2.43
T1,2020-06-22,Antalyaspor,Rizespor,1391.34,1370.76,7.0,11.0,3.0,4.0,3.0,1.0,H,1.0,0.0,H,10.0,9.0,7.0,4.0,16.0,15.0,6.0,4.0,2.0,2.0,0.0,0.0,2.27,3.37,3.04
T1,2020-06-26,Besiktas,Konyaspor,1522.38,1376.35,4.0,10.0,4.0,6.0,3.0,0.0,H,2.0,0.0,H,15.0,4.0,4.0,2.0,14.0,6.0,3.0,5.0,3.0,0.0,0.0,1.0,1.69,3.8,4.84
T1,2020-06-27,Fenerbahce,Yeni Malatyaspor,1499.2,,3.0,5.0,3.0,4.0,3.0,2.0,H,0.0,0.0,D,18.0,8.0,4.0,4.0,12.0,14.0,6.0,3.0,3.0,4.0,0.0,1.0,1.61,4.09,4.96
T1,2020-06-27,Goztep,Alanyaspor,1410.79,1455.59,3.0,3.0,4.0,5.0,3.0,3.0,D,1.0,2.0,A,7.0,14.0,3.0,6.0,12.0,12.0,3.0,4.0,3.0,2.0,0.0,0.0,3.01,3.27,2.34
T1,2020-06-27,Trabzonspor,Ankaragucu,1576.5,,5.0,9.0,4.0,4.0,1.0,1.0,D,1.0,0.0,H,8.0,9.0,2.0,4.0,14.0,28.0,2.0,4.0,4.0,8.0,0.0,1.0,1.33,5.29,8.0
T1,2020-06-28,Rizespor,Denizlispor,1370.76,1348.47,3.0,4.0,3.0,7.0,2.0,2.0,D,1.0,2.0,A,16.0,5.0,7.0,1.0,19.0,11.0,5.0,1.0,2.0,1.0,0.0,0.0,2.02,3.37,3.65
T1,2020-06-28,Sivasspor,Kayserispor,1488.98,1319.13,4.0,8.0,6.0,9.0,0.0,2.0,A,0.0,1.0,A,20.0,9.0,5.0,4.0,11.0,16.0,9.0,4.0,3.0,4.0,0.0,0.0,1.57,4.12,5.28
T1,2020-06-28,Buyuksehyr,Galatasaray,1637.15,1571.09,7.0,13.0,2.0,6.0,1.0,1.0,D,0.0,0.0,D,11.0,21.0,4.0,6.0,15.0,9.0,4.0,7.0,7.0,1.0,1.0,0.0,2.04,3.45,3.5
T1,2020-06-28,Gaziantep,Antalyaspor,,1391.34,2.0,3.0,9.0,11.0,1.0,1.0,D,0.0,0.0,D,20.0,8.0,3.0,1.0,16.0,13.0,7.0,3.0,2.0,3.0,0.0,1.0,2.45,3.46,2.7
T1,2020-06-29,Genclerbirligi,Kasimpasa,1358.65,1379.76,3.0,4.0,9.0,13.0,0.0,2.0,A,0.0,1.0,A,12.0,16.0,3.0,9.0,13.0,9.0,4.0,3.0,2.0,2.0,0.0,0.0,2.45,3.32,2.79
T1,2020-07-03,Denizlispor,Gaziantep,1337.31,,1.0,5.0,3.0,4.0,0.0,1.0,A,0.0,1.0,A,9.0,8.0,0.0,4.0,17.0,21.0,7.0,4.0,2.0,1.0,0.0,0.0,2.53,3.2,2.82
T1,2020-07-04,Ankaragucu,Alanyaspor,,1457.54,2.0,5.0,2.0,6.0,1.0,4.0,A,0.0,0.0,D,19.0,14.0,8.0,7.0,14.0,10.0,4.0,7.0,2.0,2.0,0.0,0.0,3.67,3.55,1.95
T1,2020-07-04,Yeni Malatyaspor,Genclerbirligi,,1336.5,3.0,3.0,3.0,4.0,0.0,0.0,D,0.0,0.0,D,4.0,8.0,1.0,1.0,10.0,7.0,2.0,8.0,5.0,2.0,0.0,0.0,2.27,3.44,2.99
T1,2020-07-04,Antalyaspor,Buyuksehyr,1400.91,1636.13,7.0,11.0,7.0,11.0,0.0,2.0,A,0.0,0.0,D,11.0,16.0,3.0,4.0,24.0,12.0,4.0,4.0,1.0,2.0,0.0,0.0,3.39,3.4,2.1
T1,2020-07-04,Fenerbahce,Goztep,1489.93,1402.82,6.0,7.0,1.0,4.0,2.0,1.0,H,2.0,0.0,H,11.0,10.0,5.0,4.0,12.0,9.0,8.0,5.0,2.0,2.0,1.0,0.0,1.62,4.06,4.95
T1,2020-07-05,Kasimpasa,Sivasspor,1404.73,1472.27,9.0,15.0,4.0,5.0,0.0,0.0,D,0.0,0.0,D,6.0,16.0,2.0,5.0,19.0,9.0,4.0,9.0,3.0,2.0,1.0,0.0,2.34,3.69,2.72
T1,2020-07-05,Galatasaray,Trabzonspor,1568.64,1567.78,2.0,4.0,5.0,9.0,1.0,3.0,A,0.0,1.0,A,9.0,10.0,4.0,5.0,13.0,16.0,4.0,5.0,2.0,3.0,1.0,0.0,2.23,3.57,2.98
T1,2020-07-05,Konyaspor,Rizespor,1372.3,1359.95,1.0,5.0,4.0,4.0,1.0,0.0,H,0.0,0.0,D,13.0,5.0,4.0,1.0,14.0,17.0,4.0,5.0,3.0,2.0,0.0,0.0,2.16,3.22,3.42
T1,2020-07-06,Kayserispor,Besiktas,1348.04,1538.33,6.0,9.0,6.0,10.0,3.0,1.0,H,0.0,0.0,D,9.0,12.0,4.0,8.0,18.0,15.0,0.0,7.0,1.0,1.0,0.0,0.0,4.25,3.91,1.74
T1,2020-07-07,Genclerbirligi,Fenerbahce,1336.5,1489.93,1.0,4.0,6.0,9.0,1.0,1.0,D,0.0,0.0,D,17.0,15.0,6.0,7.0,13.0,14.0,6.0,5.0,3.0,4.0,0.0,0.0,3.67,3.75,1.91
T1,2020-07-07,Buyuksehyr,Denizlispor,1636.13,1337.31,7.0,11.0,1.0,4.0,2.0,0.0,H,0.0,0.0,D,13.0,10.0,4.0,3.0,15.0,12.0,6.0,1.0,3.0,1.0,0.0,0.0,1.31,5.23,8.93
T1,2020-07-08,Sivasspor,Yeni Malatyaspor,1472.27,,2.0,5.0,4.0,4.0,0.0,1.0,A,0.0,0.0,D,11.0,8.0,1.0,4.0,8.0,16.0,6.0,0.0,1.0,3.0,0.0,0.0,1.78,3.74,4.24
T1,2020-07-08,Trabzonspor,Antalyaspor,1567.78,1400.91,5.0,9.0,4.0,10.0,2.0,2.0,D,2.0,1.0,H,15.0,13.0,3.0,7.0,14.0,17.0,4.0,5.0,1.0,5.0,0.0,0.0,1.36,5.03,7.62
T1,2020-07-08,Alanyaspor,Galatasaray,1457.54,1568.64,5.0,8.0,2.0,3.0,4.0,1.0,H,2.0,1.0,H,13.0,21.0,6.0,6.0,7.0,6.0,6.0,10.0,1.0,1.0,0.0,0.0,2.25,3.5,2.98
T1,2020-07-08,Goztep,Ankaragucu,1402.82,,1.0,4.0,1.0,5.0,2.0,2.0,D,2.0,1.0,H,10.0,16.0,5.0,7.0,14.0,21.0,1.0,3.0,2.0,4.0,0.0,0.0,2.19,3.45,3.13
T1,2020-07-09,Rizespor,Kayserispor,1359.95,1348.04,1.0,4.0,9.0,12.0,3.0,2.0,H,1.0,1.0,D,14.0,17.0,8.0,4.0,16.0,15.0,1.0,5.0,3.0,3.0,0.0,1.0,2.34,3.36,2.93
T1,2020-07-09,Besiktas,Kasimpasa,1538.33,1404.73,6.0,7.0,7.0,13.0,3.0,2.0,H,1.0,2.0,A,16.0,14.0,6.0,4.0,12.0,14.0,4.0,7.0,3.0,1.0,0.0,0.0,1.67,4.17,4.43
T1,2020-07-09,Gaziantep,Konyaspor,,1372.3,5.0,6.0,4.0,7.0,3.0,1.0,H,0.0,1.0,A,18.0,15.0,8.0,8.0,15.0,9.0,9.0,5.0,3.0,5.0,0.0,0.0,2.68,3.23,2.6
T1,2020-07-11,Goztep,Genclerbirligi,1402.82,1336.5,2.0,2.0,2.0,5.0,1.0,3.0,A,0.0,2.0,A,15.0,5.0,6.0,3.0,6.0,13.0,6.0,0.0,2.0,1.0,0.0,0.0,2.35,3.43,2.87
T1,2020-07-12,Ankaragucu,Galatasaray,,1568.64,2.0,3.0,1.0,2.0,1.0,0.0,H,0.0,0.0,D,14.0,18.0,5.0,2.0,12.0,10.0,6.0,11.0,4.0,4.0,0.0,0.0,3.83,3.83,1.84
T1,2020-07-12,Antalyaspor,Alanyaspor,1400.91,1457.54,2.0,8.0,7.0,8.0,1.0,0.0,H,1.0,0.0,H,12.0,11.0,2.0,4.0,10.0,11.0,8.0,2.0,1.0,2.0,0.0,0.0,3.35,3.68,2.02
T1,2020-07-12,Fenerbahce,Sivasspor,1489.93,1472.27,7.0,10.0,1.0,5.0,1.0,2.0,A,1.0,2.0,A,12.0,13.0,3.0,4.0,15.0,21.0,6.0,4.0,3.0,3.0,0.0,0.0,1.98,3.66,3.49
T1,2020-07-13,Kasimpasa,Rizespor,1404.73,1359.95,4.0,10.0,4.0,7.0,2.0,0.0,H,0.0,0.0,D,12.0,5.0,6.0,0.0,17.0,14.0,10.0,3.0,1.0,2.0,0.0,0.0,2.0,3.66,3.39
T1,2020-07-13,Kayserispor,Gaziantep,1348.04,,6.0,9.0,7.0,9.0,1.0,1.0,D,0.0,0.0,D,12.0,13.0,9.0,6.0,12.0,17.0,1.0,2.0,1.0,4.0,2.0,0.0,1.79,3.88,3.98
T1,2020-07-13,Denizlispor,Trabzonspor,1337.31,1567.78,1.0,1.0,5.0,9.0,2.0,1.0,H,0.0,1.0,A,13.0,23.0,5.0,4.0,13.0,20.0,3.0,9.0,0.0,3.0,0.0,0.0,5.58,4.25,1.53
T1,2020-07-13,Konyaspor,Buyuksehyr,1372.3,1636.13,3.0,4.0,7.0,13.0,4.0,3.0,H,3.0,1.0,H,16.0,17.0,5.0,5.0,8.0,10.0,3.0,6.0,4.0,3.0,0.0,0.0,4.41,3.36,1.85
T1,2020-07-13,Yeni Malatyaspor,Besiktas,,1538.33,4.0,7.0,6.0,9.0,0.0,1.0,A,0.0,0.0,D,13.0,6.0,2.0,3.0,13.0,14.0,3.0,6.0,0.0,2.0,0.0,0.0,3.71,3.79,1.88
T1,2020-07-18,Galatasaray,Goztep,1528.62,1378.88,0.0,2.0,1.0,2.0,3.0,1.0,H,0.0,0.0,D,14.0,10.0,3.0,2.0,16.0,11.0,5.0,2.0,2.0,2.0,0.0,0.0,1.43,4.58,6.54
T1,2020-07-18,Gaziantep,Kasimpasa,,1408.66,7.0,9.0,4.0,10.0,2.0,2.0,D,1.0,2.0,A,11.0,11.0,5.0,4.0,12.0,10.0,7.0,5.0,2.0,0.0,0.0,0.0,2.58,3.66,2.46
T1,2020-07-19,Alanyaspor,Denizlispor,1475.3,1339.18,6.0,8.0,3.0,4.0,1.0,0.0,H,0.0,0.0,D,19.0,10.0,4.0,2.0,7.0,14.0,6.0,4.0,1.0,1.0,0.0,0.0,1.58,4.06,5.24
T1,2020-07-19,Ankaragucu,Antalyaspor,,1409.74,4.0,5.0,4.0,8.0,0.0,1.0,A,0.0,0.0,D,19.0,9.0,6.0,5.0,19.0,14.0,9.0,6.0,4.0,3.0,0.0,1.0,1.85,3.58,4.03
T1,2020-07-19,Besiktas,Fenerbahce,1531.81,1481.34,6.0,12.0,4.0,7.0,2.0,0.0,H,0.0,0.0,D,13.0,17.0,7.0,5.0,18.0,19.0,3.0,6.0,3.0,5.0,0.0,1.0,2.19,3.52,3.06
T1,2020-07-19,Buyuksehyr,Kayserispor,1630.44,1356.72,6.0,10.0,4.0,10.0,1.0,0.0,H,1.0,0.0,H,20.0,6.0,4.0,3.0,12.0,12.0,9.0,4.0,2.0,0.0,0.0,0.0,1.41,4.8,6.68
T1,2020-07-19,Rizespor,Yeni Malatyaspor,1352.9,,3.0,4.0,4.0,7.0,3.0,0.0,H,3.0,0.0,H,12.0,13.0,9.0,4.0,16.0,16.0,4.0,6.0,3.0,1.0,0.0,0.0,2.49,3.33,2.73
T1,2020-07-19,Sivasspor,Genclerbirligi,1470.5,1357.44,4.0,5.0,5.0,5.0,2.0,0.0,H,1.0,0.0,H,14.0,9.0,6.0,5.0,14.0,9.0,3.0,6.0,1.0,1.0,0.0,0.0,1.66,3.88,4.78
T1,2020-07-19,Trabzonspor,Konyaspor,1562.65,1383.05,4.0,6.0,6.0,7.0,3.0,4.0,A,1.0,1.0,D,16.0,9.0,7.0,6.0,15.0,8.0,5.0,6.0,2.0,0.0,0.0,0.0,1.52,4.3,5.55
T1,2020-07-24,Antalyaspor,Galatasaray,1409.74,1528.62,7.0,8.0,3.0,4.0,2.0,2.0,D,1.0,0.0,H,13.0,8.0,7.0,3.0,12.0,12.0,10.0,3.0,0.0,1.0,0.0,0.0,3.11,3.64,2.13
T1,2020-07-25,Denizlispor,Ankaragucu,1339.18,,3.0,4.0,4.0,5.0,0.0,1.0,A,0.0,0.0,D,18.0,6.0,5.0,2.0,12.0,11.0,6.0,0.0,2.0,1.0,0.0,0.0,1.54,4.3,5.22
T1,2020-07-25,Fenerbahce,Rizespor,1481.34,1352.9,1.0,7.0,6.0,7.0,3.0,1.0,H,1.0,0.0,H,9.0,17.0,6.0,10.0,12.0,15.0,8.0,5.0,1.0,0.0,0.0,0.0,2.4,3.37,2.81
T1,2020-07-25,Genclerbirligi,Besiktas,1357.44,1531.81,4.0,5.0,9.0,12.0,0.0,3.0,A,0.0,0.0,D,14.0,10.0,4.0,5.0,15.0,12.0,7.0,4.0,2.0,3.0,0.0,0.0,3.57,4.23,1.82
T1,2020-07-25,Goztep,Sivasspor,1378.88,1470.5,1.0,2.0,6.0,7.0,3.0,1.0,H,1.0,0.0,H,8.0,25.0,3.0,6.0,13.0,14.0,2.0,6.0,3.0,3.0,1.0,0.0,4.4,3.93,1.7
T1,2020-07-25,Kayserispor,Trabzonspor,1356.72,1562.65,1.0,7.0,1.0,5.0,1.0,2.0,A,0.0,0.0,D,22.0,16.0,6.0,8.0,18.0,14.0,6.0,5.0,2.0,1.0,0.0,0.0,3.01,3.65,2.16
T1,2020-07-25,Konyaspor,Alanyaspor,1383.05,1475.3,6.0,9.0,6.0,10.0,2.0,3.0,A,2.0,0.0,H,13.0,17.0,4.0,5.0,9.0,10.0,4.0,1.0,1.0,2.0,0.0,0.0,2.83,3.59,2.29
T1,2020-07-25,Yeni Malatyaspor,Gaziantep,,,3.0,4.0,5.0,9.0,0.0,1.0,A,0.0,0.0,D,9.0,12.0,3.0,7.0,14.0,9.0,2.0,5.0,1.0,0.0,0.0,0.0,1.7,3.91,4.4
T1,2020-07-26,Kasimpasa,Buyuksehyr,1408.66,1630.44,4.0,8.0,6.0,10.0,3.0,2.0,H,2.0,0.0,H,15.0,16.0,5.0,4.0,6.0,7.0,1.0,7.0,1.0,2.0,0.0,0.0,2.8,3.58,2.32
T1,2020-09-11,Rizespor,Fenerbahce,1344.65,1465.13,3.0,6.0,3.0,7.0,1.0,2.0,A,0.0,0.0,D,9.0,17.0,3.0,8.0,11.0,12.0,3.0,11.0,1.0,2.0,0.0,0.0,3.77,3.66,1.9
T1,2020-09-12,Karagumruk,Yeni Malatyaspor,1339.4,,0.0,0.0,0.0,4.0,3.0,0.0,H,1.0,0.0,H,7.0,20.0,6.0,7.0,19.0,10.0,8.0,6.0,4.0,3.0,0.0,0.0,2.79,3.35,2.43
T1,2020-09-12,Sivasspor,Alanyaspor,1448.76,1471.93,6.0,7.0,6.0,12.0,0.0,2.0,A,0.0,1.0,A,10.0,12.0,4.0,6.0,14.0,11.0,7.0,6.0,4.0,2.0,0.0,0.0,2.25,3.53,2.93
T1,2020-09-12,Galatasaray,Gaziantep,1517.32,,4.0,4.0,5.0,11.0,3.0,1.0,H,3.0,0.0,H,23.0,9.0,12.0,2.0,13.0,12.0,8.0,6.0,2.0,3.0,0.0,0.0,1.5,4.32,5.92
T1,2020-09-12,Goztep,Denizlispor,1372.55,1311.25,3.0,4.0,3.0,3.0,5.0,1.0,H,3.0,0.0,H,10.0,8.0,6.0,1.0,15.0,13.0,4.0,6.0,0.0,3.0,0.0,0.0,2.21,3.31,3.2
T1,2020-09-13,Ankaragucu,Erzurum BB,,1339.4,6.0,7.0,3.0,7.0,1.0,2.0,A,0.0,0.0,D,8.0,12.0,5.0,4.0,16.0,12.0,6.0,3.0,3.0,0.0,0.0,0.0,2.45,3.23,2.82
T1,2020-09-13,Kayserispor,Kasimpasa,1335.9,1407.71,1.0,4.0,7.0,8.0,1.0,0.0,H,1.0,0.0,H,6.0,12.0,2.0,3.0,12.0,16.0,1.0,6.0,3.0,2.0,0.0,0.0,2.7,3.45,2.44
T1,2020-09-13,Antalyaspor,Genclerbirligi,1404.55,1328.91,7.0,8.0,3.0,5.0,2.0,0.0,H,1.0,0.0,H,9.0,6.0,5.0,1.0,12.0,18.0,2.0,3.0,1.0,1.0,0.0,0.0,2.18,3.36,3.18
T1,2020-09-13,Trabzonspor,Besiktas,1539.1,1526.76,3.0,7.0,9.0,12.0,1.0,3.0,A,0.0,1.0,A,8.0,12.0,4.0,5.0,7.0,17.0,4.0,3.0,3.0,2.0,1.0,0.0,2.1,3.48,3.29
T1,2020-09-14,Hatayspor,Buyuksehyr,1339.4,1581.25,0.0,0.0,3.0,9.0,2.0,0.0,H,1.0,0.0,H,12.0,15.0,6.0,2.0,13.0,14.0,1.0,6.0,1.0,2.0,0.0,0.0,4.62,3.57,1.74
T1,2020-09-18,Yeni Malatyaspor,Goztep,,1382.54,0.0,3.0,6.0,7.0,1.0,1.0,D,1.0,1.0,D,14.0,3.0,1.0,1.0,13.0,19.0,5.0,6.0,0.0,0.0,0.0,0.0,2.64,3.36,2.55
T1,2020-09-19,Genclerbirligi,Konyaspor,1322.4,1374.65,0.0,4.0,6.0,9.0,0.0,0.0,D,0.0,0.0,D,12.0,10.0,1.0,1.0,10.0,13.0,6.0,1.0,0.0,3.0,0.0,0.0,2.32,3.22,3.07
T1,2020-09-19,Denizlispor,Trabzonspor,1301.25,1525.09,0.0,3.0,3.0,4.0,0.0,0.0,D,0.0,0.0,D,9.0,13.0,2.0,4.0,17.0,13.0,7.0,7.0,3.0,0.0,1.0,0.0,3.6,3.69,1.93
T1,2020-09-19,Alanyaspor,Kayserispor,1484.76,1343.88,9.0,12.0,3.0,4.0,2.0,0.0,H,1.0,0.0,H,18.0,10.0,8.0,1.0,10.0,12.0,5.0,1.0,1.0,3.0,0.0,0.0,1.44,4.43,6.71
T1,2020-09-19,Besiktas,Antalyaspor,1540.77,1411.06,9.0,15.0,7.0,11.0,1.0,1.0,D,1.0,0.0,H,12.0,8.0,3.0,4.0,18.0,26.0,5.0,3.0,5.0,4.0,0.0,0.0,1.6,4.12,5.1
T1,2020-09-20,Erzurum BB,Sivasspor,1348.97,1435.93,6.0,9.0,3.0,6.0,1.0,2.0,A,0.0,0.0,D,7.0,9.0,3.0,3.0,14.0,9.0,2.0,7.0,0.0,0.0,0.0,0.0,2.9,3.16,2.46
T1,2020-09-20,Kasimpasa,Rizespor,1399.72,1338.03,4.0,7.0,3.0,6.0,2.0,0.0,H,1.0,0.0,H,16.0,11.0,7.0,6.0,14.0,9.0,5.0,8.0,3.0,1.0,1.0,0.0,1.89,3.71,3.72
T1,2020-09-20,Buyuksehyr,Galatasaray,1563.79,1522.46,3.0,6.0,7.0,7.0,0.0,2.0,A,0.0,1.0,A,12.0,12.0,5.0,6.0,16.0,15.0,5.0,2.0,3.0,1.0,0.0,0.0,2.31,3.43,2.9
T1,2020-09-20,Gaziantep,Karagumruk,,1350.24,4.0,8.0,9.0,15.0,2.0,2.0,D,0.0,1.0,A,14.0,11.0,9.0,4.0,15.0,14.0,7.0,7.0,2.0,2.0,0.0,0.0,2.07,3.29,3.57
T1,2020-09-21,Fenerbahce,Hatayspor,1471.76,1356.85,6.0,7.0,9.0,15.0,0.0,0.0,D,0.0,0.0,D,12.0,0.0,4.0,0.0,15.0,14.0,3.0,1.0,1.0,6.0,0.0,2.0,1.48,4.34,6.12
T1,2020-09-25,Karagumruk,Buyuksehyr,1350.24,1563.79,6.0,10.0,0.0,3.0,2.0,0.0,H,0.0,0.0,D,5.0,13.0,3.0,4.0,8.0,11.0,2.0,2.0,2.0,3.0,0.0,1.0,4.2,3.65,1.81
T1,2020-09-26,Kayserispor,Erzurum BB,1343.88,1348.97,3.0,4.0,6.0,6.0,1.0,3.0,A,0.0,2.0,A,12.0,13.0,2.0,8.0,15.0,21.0,5.0,5.0,1.0,3.0,0.0,0.0,2.43,3.24,2.88
T1,2020-09-26,Goztep,Gaziantep,1382.54,,7.0,7.0,4.0,6.0,2.0,2.0,D,0.0,1.0,A,13.0,9.0,4.0,4.0,19.0,10.0,2.0,4.0,3.0,1.0,0.0,0.0,2.08,3.34,3.53
T1,2020-09-26,Hatayspor,Kasimpasa,1356.85,1399.72,6.0,10.0,6.0,10.0,1.0,0.0,H,0.0,0.0,D,11.0,6.0,3.0,3.0,14.0,16.0,6.0,3.0,2.0,3.0,0.0,0.0,2.55,3.4,2.63
T1,2020-09-26,Trabzonspor,Yeni Malatyaspor,1525.09,,4.0,4.0,1.0,1.0,3.0,1.0,H,3.0,0.0,H,10.0,9.0,4.0,4.0,9.0,14.0,5.0,5.0,1.0,2.0,0.0,0.0,1.51,4.23,5.87
T1,2020-09-27,Rizespor,Alanyaspor,1338.03,1484.76,0.0,3.0,9.0,12.0,1.0,1.0,D,0.0,0.0,D,11.0,12.0,4.0,3.0,15.0,19.0,4.0,6.0,2.0,1.0,0.0,0.0,3.06,3.57,2.17
T1,2020-09-27,Konyaspor,Besiktas,1374.65,1540.77,4.0,7.0,7.0,13.0,4.0,1.0,H,1.0,0.0,H,10.0,10.0,4.0,2.0,12.0,17.0,3.0,4.0,4.0,4.0,0.0,0.0,3.52,3.34,2.06
T1,2020-09-27,Sivasspor,Ankaragucu,1435.93,,3.0,9.0,3.0,7.0,0.0,0.0,D,0.0,0.0,D,13.0,2.0,3.0,2.0,16.0,17.0,6.0,2.0,1.0,2.0,0.0,0.0,1.52,4.21,5.69
T1,2020-09-27,Galatasaray,Fenerbahce,1522.46,1471.76,7.0,10.0,7.0,7.0,0.0,0.0,D,0.0,0.0,D,9.0,15.0,5.0,1.0,16.0,14.0,5.0,9.0,7.0,4.0,0.0,0.0,2.09,3.44,3.34
T1,2020-09-28,Antalyaspor,Denizlispor,1411.06,1301.25,5.0,11.0,1.0,4.0,1.0,0.0,H,0.0,0.0,D,10.0,5.0,5.0,2.0,21.0,11.0,7.0,3.0,0.0,2.0,0.0,0.0,2.02,3.24,3.77
T1,2020-10-02,Ankaragucu,Kayserispor,,1327.66,4.0,7.0,3.0,3.0,0.0,1.0,A,0.0,1.0,A,14.0,12.0,5.0,3.0,7.0,15.0,7.0,2.0,1.0,2.0,0.0,0.0,1.97,3.48,3.69
T1,2020-10-02,Gaziantep,Trabzonspor,,1526.49,2.0,6.0,4.0,7.0,1.0,1.0,D,0.0,0.0,D,10.0,4.0,2.0,3.0,16.0,11.0,5.0,6.0,4.0,2.0,0.0,1.0,3.03,3.59,2.19
T1,2020-10-03,Yeni Malatyaspor,Antalyaspor,,1422.26,1.0,1.0,7.0,11.0,1.0,0.0,H,1.0,0.0,H,14.0,7.0,4.0,1.0,19.0,10.0,7.0,3.0,4.0,2.0,0.0,0.0,2.47,3.19,2.87
T1,2020-10-03,Buyuksehyr,Goztep,1534.43,1383.1,0.0,3.0,5.0,8.0,0.0,0.0,D,0.0,0.0,D,24.0,2.0,5.0,0.0,11.0,12.0,10.0,3.0,1.0,2.0,0.0,0.0,1.81,3.73,4.06
T1,2020-10-03,Erzurum BB,Rizespor,1357.36,1335.81,6.0,9.0,1.0,4.0,0.0,0.0,D,0.0,0.0,D,11.0,7.0,5.0,2.0,14.0,10.0,9.0,3.0,1.0,3.0,0.0,0.0,2.02,3.45,3.55
T1,2020-10-03,Fenerbahce,Karagumruk,1473.19,1371.57,5.0,8.0,7.0,12.0,2.0,1.0,H,1.0,0.0,H,8.0,13.0,4.0,3.0,15.0,10.0,3.0,7.0,2.0,2.0,1.0,0.0,1.6,4.05,5.1
T1,2020-10-04,Denizlispor,Konyaspor,1303.66,1395.14,1.0,1.0,4.0,10.0,0.0,0.0,D,0.0,0.0,D,6.0,11.0,2.0,5.0,13.0,11.0,6.0,6.0,1.0,0.0,0.0,0.0,2.82,3.08,2.56
T1,2020-10-04,Alanyaspor,Hatayspor,1482.61,1371.11,7.0,13.0,7.0,12.0,6.0,0.0,H,4.0,0.0,H,24.0,4.0,15.0,0.0,14.0,12.0,6.0,3.0,2.0,3.0,0.0,0.0,1.75,3.5,4.7
T1,2020-10-04,Besiktas,Genclerbirligi,1517.64,1324.07,4.0,10.0,1.0,4.0,0.0,1.0,A,0.0,1.0,A,13.0,10.0,4.0,4.0,9.0,12.0,6.0,5.0,2.0,2.0,0.0,0.0,1.59,3.88,5.5
T1,2020-10-04,Kasimpasa,Galatasaray,1401.26,1548.92,3.0,7.0,7.0,11.0,1.0,0.0,H,1.0,0.0,H,12.0,12.0,8.0,3.0,12.0,15.0,6.0,7.0,1.0,1.0,0.0,0.0,3.69,3.39,1.99
T1,2020-10-17,Rizespor,Ankaragucu,1336.23,,2.0,2.0,1.0,4.0,5.0,3.0,H,2.0,3.0,A,15.0,9.0,10.0,4.0,9.0,17.0,2.0,3.0,0.0,4.0,0.0,1.0,2.0,3.33,3.81
T1,2020-10-17,Kayserispor,Sivasspor,1335.3,1438.37,3.0,6.0,4.0,7.0,1.0,3.0,A,0.0,1.0,A,12.0,18.0,3.0,8.0,15.0,15.0,4.0,6.0,3.0,3.0,1.0,0.0,3.87,3.6,1.92
T1,2020-10-17,Konyaspor,Yeni Malatyaspor,1392.38,,5.0,8.0,4.0,4.0,1.0,1.0,D,0.0,0.0,D,19.0,9.0,8.0,3.0,15.0,14.0,4.0,4.0,4.0,2.0,0.0,0.0,2.04,3.23,3.78
T1,2020-10-17,Trabzonspor,Buyuksehyr,1522.39,1526.72,5.0,8.0,1.0,1.0,0.0,2.0,A,0.0,1.0,A,12.0,17.0,6.0,6.0,10.0,13.0,4.0,4.0,1.0,1.0,0.0,0.0,2.32,3.32,3.01
T1,2020-10-18,Antalyaspor,Gaziantep,1411.29,,4.0,8.0,3.0,6.0,1.0,1.0,D,1.0,0.0,H,13.0,15.0,3.0,5.0,20.0,15.0,2.0,7.0,5.0,5.0,2.0,2.0,2.03,3.28,3.75
T1,2020-10-18,Karagumruk,Kasimpasa,1365.4,1408.95,4.0,9.0,6.0,9.0,1.0,1.0,D,1.0,0.0,H,13.0,11.0,2.0,5.0,11.0,14.0,4.0,4.0,4.0,1.0,1.0,0.0,2.63,3.3,2.62
T1,2020-10-18,Goztep,Fenerbahce,1386.59,1475.13,3.0,9.0,5.0,11.0,2.0,3.0,A,1.0,2.0,A,8.0,19.0,5.0,8.0,10.0,21.0,4.0,7.0,3.0,4.0,0.0,0.0,3.36,3.56,2.04
T1,2020-10-19,Galatasaray,Alanyaspor,1532.47,1489.97,4.0,8.0,7.0,13.0,1.0,2.0,A,1.0,1.0,D,7.0,22.0,5.0,12.0,18.0,15.0,3.0,10.0,5.0,3.0,1.0,0.0,1.95,3.35,3.91
T1,2020-10-19,Genclerbirligi,Denizlispor,1336.02,1302.2,4.0,4.0,2.0,2.0,1.0,2.0,A,0.0,2.0,A,7.0,23.0,2.0,10.0,11.0,13.0,5.0,4.0,1.0,0.0,0.0,0.0,2.04,3.39,3.54
T1,2020-10-23,Kasimpasa,Goztep,1408.95,1386.59,4.0,7.0,2.0,6.0,0.0,0.0,D,0.0,0.0,D,14.0,3.0,4.0,0.0,17.0,12.0,7.0,5.0,1.0,1.0,0.0,0.0,2.11,3.55,3.26
T1,2020-10-24,Gaziantep,Konyaspor,,1392.38,3.0,4.0,5.0,6.0,1.0,0.0,H,0.0,0.0,D,10.0,11.0,4.0,4.0,17.0,12.0,6.0,4.0,3.0,5.0,0.0,0.0,2.68,3.2,2.63
T1,2020-10-24,Buyuksehyr,Antalyaspor,1526.72,1411.29,4.0,4.0,4.0,8.0,5.0,1.0,H,4.0,1.0,H,30.0,6.0,9.0,2.0,6.0,7.0,12.0,1.0,0.0,0.0,0.0,1.0,1.62,3.9,5.24
T1,2020-10-24,Erzurum BB,Galatasaray,1352.71,1532.47,4.0,10.0,1.0,7.0,1.0,2.0,A,1.0,1.0,D,4.0,13.0,2.0,4.0,14.0,11.0,3.0,3.0,0.0,4.0,0.0,1.0,3.85,3.69,1.87
T1,2020-10-25,Yeni Malatyaspor,Genclerbirligi,,1336.02,4.0,5.0,4.0,4.0,2.0,1.0,H,1.0,1.0,D,11.0,5.0,4.0,1.0,10.0,12.0,5.0,6.0,0.0,0.0,0.0,0.0,2.05,3.33,3.62
T1,2020-10-25,Alanyaspor,Karagumruk,1489.97,1365.4,7.0,13.0,4.0,8.0,2.0,0.0,H,1.0,0.0,H,19.0,7.0,8.0,4.0,12.0,14.0,4.0,4.0,1.0,1.0,0.0,0.0,1.53,4.17,5.91
T1,2020-10-25,Fenerbahce,Trabzonspor,1475.13,1522.39,7.0,11.0,4.0,5.0,3.0,1.0,H,0.0,1.0,A,20.0,12.0,6.0,5.0,17.0,12.0,10.0,2.0,2.0,1.0,0.0,0.0,1.79,3.7,4.2
T1,2020-10-26,Denizlispor,Besiktas,1302.2,1501.47,4.0,5.0,1.0,7.0,2.0,3.0,A,0.0,2.0,A,9.0,18.0,5.0,5.0,14.0,14.0,2.0,5.0,2.0,3.0,0.0,1.0,3.41,3.49,2.05
T1,2020-10-26,Sivasspor,Rizespor,1438.37,1336.23,7.0,7.0,5.0,5.0,0.0,2.0,A,0.0,1.0,A,9.0,4.0,2.0,3.0,18.0,11.0,5.0,0.0,2.0,2.0,0.0,0.0,1.8,3.77,4.02
T1,2020-10-30,Karagumruk,Erzurum BB,1365.4,1352.71,1.0,5.0,4.0,7.0,5.0,1.0,H,3.0,0.0,H,18.0,14.0,9.0,6.0,6.0,13.0,7.0,5.0,1.0,1.0,0.0,0.0,2.32,3.12,3.22
T1,2020-10-30,Trabzonspor,Kasimpasa,1522.39,1408.95,1.0,5.0,5.0,8.0,3.0,4.0,A,3.0,2.0,H,12.0,17.0,4.0,11.0,8.0,10.0,2.0,5.0,3.0,2.0,0.0,0.0,2.01,3.45,3.63
T1,2020-10-31,Genclerbirligi,Gaziantep,1336.02,,3.0,4.0,5.0,7.0,1.0,1.0,D,0.0,1.0,A,15.0,10.0,5.0,7.0,16.0,16.0,7.0,9.0,3.0,3.0,0.0,0.0,2.41,3.23,2.95
T1,2020-10-31,Galatasaray,Ankaragucu,1532.47,,3.0,7.0,1.0,4.0,1.0,0.0,H,1.0,0.0,H,13.0,7.0,3.0,1.0,10.0,14.0,7.0,3.0,1.0,3.0,0.0,0.0,1.27,5.73,9.93
T1,2020-11-01,Rizespor,Kayserispor,1355.47,1319.28,7.0,8.0,3.0,6.0,1.0,0.0,H,1.0,0.0,H,12.0,11.0,6.0,4.0,14.0,15.0,2.0,3.0,3.0,2.0,0.0,0.0,1.99,3.26,3.95
T1,2020-11-01,Konyaspor,Buyuksehyr,1376.41,1536.93,2.0,6.0,7.0,7.0,1.0,2.0,A,0.0,1.0,A,13.0,12.0,5.0,5.0,14.0,8.0,2.0,7.0,3.0,1.0,0.0,0.0,3.2,3.3,2.23
T1,2020-11-01,Besiktas,Yeni Malatyaspor,1500.46,,3.0,7.0,7.0,8.0,1.0,0.0,H,0.0,0.0,D,16.0,6.0,6.0,1.0,14.0,15.0,4.0,1.0,3.0,0.0,0.0,0.0,1.65,3.91,4.87
T1,2020-11-02,Antalyaspor,Fenerbahce,1395.44,1486.3,1.0,5.0,9.0,11.0,1.0,2.0,A,0.0,0.0,D,5.0,28.0,2.0,10.0,11.0,14.0,0.0,12.0,2.0,3.0,1.0,1.0,4.67,4.01,1.65
T1,2020-11-02,Hatayspor,Sivasspor,1353.55,1417.26,4.0,9.0,4.0,7.0,1.0,1.0,D,1.0,1.0,D,10.0,7.0,4.0,4.0,14.0,7.0,2.0,2.0,4.0,2.0,1.0,0.0,2.88,3.16,2.47
T1,2020-11-06,Gaziantep,Besiktas,,1500.46,5.0,7.0,6.0,7.0,3.0,1.0,H,1.0,0.0,H,8.0,9.0,6.0,3.0,22.0,8.0,5.0,2.0,2.0,1.0,0.0,1.0,3.66,3.71,1.93
T1,2020-11-07,Kasimpasa,Antalyaspor,1412.81,1395.44,5.0,8.0,1.0,4.0,2.0,2.0,D,1.0,0.0,H,16.0,11.0,4.0,4.0,19.0,14.0,3.0,7.0,3.0,0.0,0.0,0.0,1.87,3.84,3.71
T1,2020-11-07,Alanyaspor,Trabzonspor,1499.7,1481.18,9.0,13.0,0.0,4.0,1.0,1.0,D,0.0,0.0,D,9.0,7.0,4.0,5.0,17.0,13.0,8.0,8.0,2.0,3.0,0.0,0.0,1.74,3.9,4.24
T1,2020-11-07,Erzurum BB,Goztep,1329.33,1375.88,1.0,4.0,2.0,4.0,1.0,1.0,D,0.0,1.0,A,13.0,11.0,3.0,3.0,10.0,11.0,9.0,6.0,2.0,0.0,1.0,0.0,2.32,3.18,3.13
T1,2020-11-07,Fenerbahce,Konyaspor,1486.3,1376.41,9.0,13.0,1.0,5.0,0.0,2.0,A,0.0,0.0,D,13.0,12.0,2.0,5.0,15.0,14.0,13.0,4.0,2.0,3.0,0.0,0.0,1.41,4.56,7.08
T1,2020-11-08,Ankaragucu,Karagumruk,,1365.87,0.0,1.0,4.0,7.0,2.0,2.0,D,1.0,2.0,A,14.0,15.0,5.0,3.0,16.0,16.0,10.0,3.0,5.0,3.0,0.0,0.0,2.72,3.49,2.45
T1,2020-11-08,Yeni Malatyaspor,Denizlispor,,1302.08,4.0,7.0,4.0,5.0,2.0,0.0,H,2.0,0.0,H,9.0,22.0,7.0,3.0,20.0,13.0,2.0,9.0,1.0,2.0,0.0,0.0,2.03,3.36,3.6
T1,2020-11-08,Buyuksehyr,Genclerbirligi,1536.93,1313.45,9.0,10.0,1.0,5.0,2.0,1.0,H,0.0,1.0,A,22.0,6.0,5.0,2.0,7.0,10.0,17.0,3.0,0.0,3.0,0.0,1.0,1.43,4.64,6.59
T1,2020-11-08,Kayserispor,Hatayspor,1319.28,1353.55,3.0,3.0,4.0,8.0,0.0,1.0,A,0.0,0.0,D,11.0,15.0,3.0,6.0,11.0,12.0,3.0,6.0,4.0,2.0,1.0,0.0,2.68,3.2,2.61
T1,2020-11-08,Sivasspor,Galatasaray,1417.26,1523.27,4.0,8.0,6.0,7.0,1.0,2.0,A,0.0,1.0,A,10.0,8.0,6.0,3.0,18.0,14.0,7.0,2.0,5.0,3.0,0.0,0.0,2.71,3.49,2.41
T1,2020-11-21,Karagumruk,Sivasspor,1377.36,1432.72,4.0,5.0,1.0,5.0,1.0,1.0,D,0.0,1.0,A,19.0,9.0,5.0,3.0,15.0,16.0,5.0,5.0,4.0,3.0,0.0,0.0,2.62,3.43,2.56
T1,2020-11-21,Denizlispor,Gaziantep,1305.62,,3.0,4.0,7.0,9.0,0.0,1.0,A,0.0,1.0,A,13.0,11.0,4.0,5.0,9.0,16.0,6.0,3.0,2.0,3.0,0.0,0.0,2.57,3.35,2.64
T1,2020-11-21,Genclerbirligi,Fenerbahce,1323.04,1487.25,1.0,4.0,6.0,12.0,1.0,5.0,A,1.0,2.0,A,11.0,10.0,5.0,5.0,19.0,9.0,5.0,3.0,3.0,1.0,0.0,0.0,5.76,4.47,1.5
T1,2020-11-21,Besiktas,Buyuksehyr,1501.94,1570.51,6.0,6.0,9.0,13.0,3.0,2.0,H,2.0,0.0,H,20.0,19.0,8.0,7.0,12.0,17.0,4.0,8.0,3.0,5.0,0.0,1.0,3.37,3.37,2.11
T1,2020-11-22,Hatayspor,Rizespor,1373.72,1372.53,4.0,8.0,9.0,11.0,2.0,2.0,D,1.0,1.0,D,14.0,7.0,6.0,1.0,14.0,15.0,6.0,4.0,1.0,2.0,0.0,0.0,2.4,3.34,2.85
T1,2020-11-22,Goztep,Ankaragucu,1388.08,,2.0,4.0,1.0,2.0,3.0,1.0,H,1.0,0.0,H,10.0,14.0,4.0,7.0,17.0,11.0,7.0,6.0,2.0,2.0,0.0,0.0,2.0,3.49,3.56
T1,2020-11-22,Konyaspor,Kasimpasa,1400.32,1421.87,3.0,5.0,5.0,9.0,2.0,1.0,H,0.0,1.0,A,16.0,8.0,8.0,3.0,13.0,9.0,5.0,5.0,3.0,2.0,0.0,0.0,2.37,3.33,2.91
T1,2020-11-22,Antalyaspor,Alanyaspor,1402.3,1508.93,1.0,2.0,7.0,11.0,0.0,2.0,A,0.0,0.0,D,4.0,10.0,3.0,5.0,17.0,11.0,5.0,3.0,5.0,1.0,1.0,0.0,4.26,3.76,1.76
T1,2020-11-22,Trabzonspor,Erzurum BB,1495.2,1340.38,1.0,2.0,1.0,5.0,1.0,0.0,H,1.0,0.0,H,11.0,21.0,3.0,7.0,11.0,13.0,4.0,10.0,2.0,3.0,0.0,0.0,1.81,3.47,4.39
T1,2020-11-23,Galatasaray,Kayserispor,1542.13,1316.85,9.0,9.0,0.0,3.0,1.0,1.0,D,0.0,0.0,D,27.0,3.0,12.0,1.0,12.0,13.0,10.0,2.0,1.0,4.0,0.0,1.0,1.46,4.44,6.0
T1,2020-11-27,Ankaragucu,Trabzonspor,,1495.2,1.0,1.0,4.0,4.0,0.0,1.0,A,0.0,1.0,A,14.0,8.0,3.0,1.0,11.0,13.0,5.0,5.0,2.0,4.0,0.0,1.0,3.41,3.32,2.13
T1,2020-11-28,Gaziantep,Yeni Malatyaspor,,,7.0,11.0,6.0,10.0,2.0,2.0,D,1.0,0.0,H,6.0,11.0,5.0,5.0,17.0,13.0,3.0,7.0,6.0,3.0,1.0,0.0,2.3,3.35,3.05
T1,2020-11-28,Buyuksehyr,Denizlispor,1570.51,1305.62,6.0,12.0,0.0,4.0,3.0,3.0,D,2.0,0.0,H,18.0,12.0,7.0,7.0,11.0,12.0,6.0,4.0,2.0,1.0,0.0,0.0,1.33,5.11,8.62
T1,2020-11-28,Rizespor,Galatasaray,1372.53,1542.13,7.0,11.0,7.0,10.0,0.0,4.0,A,0.0,1.0,A,4.0,21.0,0.0,11.0,9.0,9.0,1.0,7.0,6.0,1.0,1.0,0.0,3.27,3.49,2.12
T1,2020-11-29,Erzurum BB,Antalyaspor,1340.38,1402.3,1.0,2.0,1.0,2.0,2.0,2.0,D,1.0,0.0,H,11.0,11.0,4.0,6.0,13.0,17.0,2.0,8.0,3.0,3.0,0.0,1.0,2.07,3.48,3.38
T1,2020-11-29,Alanyaspor,Konyaspor,1508.93,1400.32,7.0,13.0,6.0,7.0,1.0,0.0,H,1.0,0.0,H,18.0,10.0,8.0,3.0,12.0,14.0,3.0,4.0,3.0,5.0,0.0,0.0,1.65,3.7,5.26
T1,2020-11-29,Kasimpasa,Genclerbirligi,1421.87,1323.04,4.0,6.0,1.0,1.0,2.0,0.0,H,2.0,0.0,H,13.0,20.0,9.0,5.0,15.0,8.0,5.0,3.0,2.0,2.0,0.0,0.0,1.8,3.47,4.53
T1,2020-11-29,Fenerbahce,Besiktas,1487.25,1501.94,6.0,12.0,6.0,9.0,3.0,4.0,A,1.0,2.0,A,18.0,7.0,5.0,4.0,12.0,9.0,9.0,1.0,6.0,4.0,0.0,1.0,1.81,3.78,4.02
T1,2020-11-30,Kayserispor,Karagumruk,1316.85,1377.36,1.0,4.0,5.0,6.0,0.0,0.0,D,0.0,0.0,D,18.0,10.0,4.0,4.0,14.0,12.0,6.0,4.0,1.0,1.0,0.0,0.0,3.01,3.4,2.25
T1,2020-11-30,Sivasspor,Goztep,1432.72,1388.08,2.0,5.0,5.0,6.0,0.0,1.0,A,0.0,0.0,D,7.0,6.0,5.0,1.0,11.0,13.0,6.0,3.0,1.0,3.0,0.0,0.0,1.81,3.75,4.02
T1,2020-12-04,Besiktas,Kasimpasa,1522.83,1424.28,6.0,12.0,4.0,8.0,3.0,0.0,H,1.0,0.0,H,17.0,6.0,5.0,2.0,14.0,11.0,6.0,3.0,1.0,0.0,0.0,1.0,1.78,4.03,3.93
T1,2020-12-05,Genclerbirligi,Alanyaspor,1309.78,1526.22,0.0,1.0,7.0,13.0,2.0,1.0,H,1.0,0.0,H,14.0,16.0,5.0,6.0,14.0,9.0,4.0,9.0,4.0,2.0,0.0,0.0,4.94,4.03,1.63
T1,2020-12-05,Goztep,Kayserispor,1408.91,1326.95,7.0,8.0,2.0,2.0,1.0,1.0,D,0.0,0.0,D,6.0,12.0,2.0,5.0,13.0,12.0,6.0,4.0,2.0,2.0,0.0,0.0,1.84,3.71,3.95
T1,2020-12-05,Konyaspor,Erzurum BB,1406.71,1340.61,6.0,6.0,2.0,2.0,2.0,0.0,H,1.0,0.0,H,16.0,10.0,6.0,3.0,9.0,17.0,2.0,9.0,0.0,1.0,0.0,1.0,1.79,3.49,4.52
T1,2020-12-05,Yeni Malatyaspor,Buyuksehyr,,1556.02,4.0,8.0,4.0,10.0,1.0,1.0,D,0.0,1.0,A,10.0,11.0,3.0,5.0,17.0,11.0,4.0,2.0,3.0,2.0,0.0,0.0,4.03,3.52,1.88
T1,2020-12-05,Galatasaray,Hatayspor,1549.82,1375.39,7.0,13.0,5.0,8.0,3.0,0.0,H,1.0,0.0,H,12.0,11.0,4.0,1.0,10.0,17.0,7.0,5.0,3.0,2.0,0.0,1.0,1.47,4.36,6.33
T1,2020-12-06,Karagumruk,Rizespor,1380.84,1366.88,3.0,6.0,4.0,10.0,2.0,1.0,H,2.0,1.0,H,8.0,9.0,4.0,3.0,17.0,19.0,6.0,5.0,4.0,1.0,0.0,0.0,2.33,3.34,2.95
T1,2020-12-06,Antalyaspor,Ankaragucu,1396.23,,2.0,2.0,1.0,1.0,1.0,0.0,H,1.0,0.0,H,13.0,7.0,5.0,3.0,19.0,12.0,4.0,5.0,3.0,2.0,0.0,0.0,1.98,3.31,3.86
T1,2020-12-06,Denizlispor,Fenerbahce,1309.49,1492.54,1.0,4.0,3.0,9.0,0.0,2.0,A,0.0,2.0,A,18.0,10.0,7.0,2.0,17.0,11.0,11.0,4.0,3.0,4.0,0.0,1.0,4.98,4.01,1.63
T1,2020-12-07,Trabzonspor,Sivasspor,1506.49,1435.84,7.0,7.0,1.0,2.0,1.0,1.0,D,1.0,0.0,H,10.0,6.0,4.0,1.0,13.0,12.0,6.0,6.0,0.0,1.0,0.0,0.0,1.89,3.59,3.84
T1,2020-12-09,Goztep,Alanyaspor,1408.91,1526.22,7.0,9.0,6.0,10.0,1.0,0.0,H,0.0,0.0,D,9.0,17.0,5.0,4.0,15.0,17.0,4.0,6.0,2.0,3.0,0.0,0.0,3.25,3.43,2.14
T1,2020-12-09,Hatayspor,Erzurum BB,1375.39,1340.61,4.0,5.0,1.0,2.0,3.0,0.0,H,1.0,0.0,H,11.0,13.0,8.0,4.0,17.0,16.0,2.0,6.0,3.0,3.0,0.0,0.0,2.1,3.33,3.46
T1,2020-12-11,Kasimpasa,Denizlispor,1424.28,1309.49,3.0,7.0,1.0,1.0,3.0,2.0,H,2.0,1.0,H,16.0,13.0,5.0,4.0,16.0,12.0,3.0,7.0,2.0,2.0,0.0,0.0,2.25,3.41,3.07
T1,2020-12-12,Hatayspor,Karagumruk,1375.39,1380.84,4.0,8.0,5.0,9.0,3.0,1.0,H,1.0,0.0,H,7.0,13.0,5.0,3.0,17.0,9.0,1.0,4.0,1.0,7.0,0.0,2.0,2.49,3.19,2.91
T1,2020-12-12,Kayserispor,Trabzonspor,1326.95,1506.49,3.0,3.0,7.0,8.0,0.0,0.0,D,0.0,0.0,D,18.0,11.0,6.0,4.0,6.0,10.0,4.0,4.0,0.0,3.0,0.0,0.0,3.69,3.35,2.02
T1,2020-12-12,Rizespor,Goztep,1366.88,1408.91,1.0,7.0,7.0,11.0,3.0,2.0,H,1.0,0.0,H,13.0,12.0,7.0,5.0,18.0,16.0,3.0,4.0,3.0,5.0,0.0,0.0,2.41,3.29,2.88
T1,2020-12-12,Ankaragucu,Konyaspor,,1406.71,0.0,1.0,6.0,9.0,4.0,3.0,H,1.0,2.0,A,11.0,8.0,5.0,4.0,9.0,15.0,4.0,2.0,5.0,3.0,1.0,0.0,3.11,3.19,2.32
T1,2020-12-12,Fenerbahce,Yeni Malatyaspor,1492.54,,6.0,9.0,5.0,8.0,0.0,3.0,A,0.0,2.0,A,20.0,10.0,6.0,6.0,15.0,15.0,9.0,2.0,3.0,2.0,0.0,0.0,1.42,4.51,7.09
T1,2020-12-13,Erzurum BB,Genclerbirligi,1340.61,1309.78,1.0,2.0,3.0,4.0,0.0,1.0,A,0.0,0.0,D,14.0,11.0,4.0,5.0,16.0,14.0,6.0,8.0,2.0,1.0,0.0,0.0,2.17,3.28,3.32
T1,2020-12-13,Alanyaspor,Besiktas,1526.22,1522.83,3.0,7.0,9.0,12.0,2.0,1.0,H,1.0,0.0,H,20.0,10.0,6.0,3.0,13.0,17.0,6.0,4.0,5.0,3.0,1.0,0.0,2.3,3.73,2.74
T1,2020-12-13,Buyuksehyr,Gaziantep,1556.02,,2.0,8.0,7.0,11.0,1.0,2.0,A,0.0,1.0,A,19.0,9.0,6.0,3.0,14.0,8.0,4.0,4.0,2.0,1.0,0.0,0.0,1.58,3.98,5.39
T1,2020-12-14,Sivasspor,Antalyaspor,1435.84,1396.23,2.0,3.0,4.0,5.0,0.0,0.0,D,0.0,0.0,D,9.0,12.0,2.0,5.0,10.0,11.0,4.0,8.0,1.0,0.0,0.0,0.0,1.93,3.48,3.79
T1,2020-12-15,Ankaragucu,Hatayspor,,1384.18,3.0,4.0,6.0,10.0,2.0,0.0,H,0.0,0.0,D,11.0,9.0,5.0,4.0,5.0,10.0,3.0,4.0,3.0,3.0,0.0,1.0,2.8,3.21,2.51
T1,2020-12-18,Karagumruk,Galatasaray,1372.49,1549.9,4.0,6.0,7.0,13.0,2.0,1.0,H,0.0,0.0,D,7.0,15.0,4.0,1.0,11.0,22.0,5.0,8.0,7.0,4.0,1.0,1.0,4.83,4.06,1.64
T1,2020-12-19,Goztep,Hatayspor,1401.44,1384.18,4.0,10.0,6.0,7.0,0.0,1.0,A,0.0,0.0,D,8.0,13.0,2.0,3.0,18.0,14.0,2.0,3.0,3.0,2.0,0.0,0.0,2.18,3.13,3.48
T1,2020-12-19,Trabzonspor,Rizespor,1494.75,1363.66,5.0,9.0,3.0,7.0,2.0,1.0,H,0.0,1.0,A,18.0,4.0,8.0,1.0,11.0,19.0,9.0,3.0,1.0,4.0,0.0,0.0,1.8,3.6,4.34
T1,2020-12-19,Yeni Malatyaspor,Kasimpasa,,1415.97,5.0,8.0,6.0,7.0,2.0,0.0,H,1.0,0.0,H,15.0,10.0,5.0,4.0,21.0,13.0,2.0,3.0,3.0,2.0,0.0,0.0,2.12,3.33,3.39
T1,2020-12-19,Gaziantep,Fenerbahce,,1472.31,7.0,11.0,3.0,6.0,3.0,1.0,H,2.0,1.0,H,10.0,14.0,4.0,4.0,12.0,15.0,7.0,4.0,3.0,3.0,0.0,0.0,3.69,3.56,1.94
T1,2020-12-20,Genclerbirligi,Ankaragucu,1326.52,,6.0,6.0,6.0,6.0,1.0,1.0,D,0.0,0.0,D,9.0,16.0,3.0,5.0,12.0,18.0,4.0,5.0,3.0,1.0,1.0,0.0,2.18,3.24,3.4
T1,2020-12-20,Denizlispor,Alanyaspor,1293.54,1506.8,1.0,1.0,3.0,9.0,1.0,0.0,H,1.0,0.0,H,5.0,17.0,2.0,7.0,25.0,15.0,3.0,8.0,8.0,2.0,1.0,0.0,4.21,3.65,1.8
T1,2020-12-20,Besiktas,Erzurum BB,1518.09,1309.06,6.0,9.0,0.0,1.0,4.0,0.0,H,0.0,0.0,D,14.0,8.0,7.0,4.0,14.0,18.0,10.0,6.0,3.0,2.0,0.0,0.0,1.5,4.42,5.66
T1,2020-12-21,Antalyaspor,Kayserispor,1398.23,1328.81,5.0,6.0,3.0,4.0,2.0,0.0,H,2.0,0.0,H,9.0,5.0,4.0,2.0,10.0,13.0,4.0,2.0,4.0,1.0,0.0,0.0,1.92,3.5,3.86
T1,2020-12-21,Konyaspor,Sivasspor,1399.23,1425.73,3.0,9.0,2.0,3.0,0.0,1.0,A,0.0,0.0,D,3.0,10.0,1.0,4.0,10.0,12.0,2.0,3.0,0.0,1.0,0.0,0.0,2.31,3.05,3.26
T1,2020-12-22,Hatayspor,Trabzonspor,1384.18,1494.75,6.0,9.0,5.0,11.0,0.0,1.0,A,0.0,0.0,D,17.0,8.0,5.0,2.0,13.0,17.0,6.0,2.0,1.0,1.0,0.0,0.0,2.77,3.2,2.55
T1,2020-12-22,Galatasaray,Goztep,1549.9,1401.44,6.0,10.0,3.0,7.0,3.0,1.0,H,2.0,1.0,H,15.0,12.0,8.0,5.0,9.0,9.0,8.0,7.0,1.0,1.0,0.0,0.0,1.41,4.79,6.79
T1,2020-12-23,Alanyaspor,Yeni Malatyaspor,1506.8,,3.0,6.0,7.0,11.0,1.0,1.0,D,1.0,0.0,H,14.0,13.0,5.0,7.0,13.0,19.0,6.0,1.0,2.0,2.0,0.0,0.0,1.6,3.97,5.32
T1,2020-12-23,Erzurum BB,Denizlispor,1309.06,1293.54,0.0,1.0,3.0,4.0,1.0,2.0,A,0.0,1.0,A,13.0,11.0,6.0,5.0,8.0,14.0,12.0,4.0,3.0,2.0,0.0,0.0,2.32,3.06,3.28
T1,2020-12-23,Fenerbahce,Buyuksehyr,1472.31,1529.73,3.0,6.0,2.0,5.0,4.0,1.0,H,1.0,1.0,D,15.0,19.0,4.0,3.0,16.0,10.0,7.0,10.0,2.0,4.0,0.0,2.0,2.28,3.32,3.1
T1,2020-12-23,Kasimpasa,Gaziantep,1415.97,,3.0,6.0,7.0,13.0,0.0,4.0,A,0.0,2.0,A,12.0,9.0,5.0,4.0,17.0,19.0,5.0,6.0,2.0,2.0,0.0,0.0,2.46,3.33,2.8
T1,2020-12-24,Kayserispor,Konyaspor,1328.81,1399.23,2.0,4.0,3.0,6.0,1.0,2.0,A,1.0,0.0,H,10.0,16.0,4.0,8.0,16.0,16.0,6.0,1.0,5.0,2.0,1.0,0.0,3.25,3.27,2.2
T1,2020-12-24,Sivasspor,Genclerbirligi,1425.73,1326.52,5.0,6.0,7.0,7.0,3.0,1.0,H,1.0,0.0,H,18.0,10.0,8.0,4.0,9.0,13.0,9.0,6.0,1.0,2.0,0.0,0.0,1.85,3.51,4.15
T1,2020-12-24,Ankaragucu,Besiktas,,1518.09,7.0,7.0,6.0,12.0,0.0,1.0,A,0.0,0.0,D,8.0,7.0,1.0,3.0,16.0,18.0,2.0,1.0,1.0,0.0,0.0,0.0,4.31,3.81,1.74
T1,2020-12-24,Rizespor,Antalyaspor,1363.66,1398.23,3.0,4.0,7.0,8.0,2.0,1.0,H,1.0,0.0,H,11.0,12.0,4.0,7.0,14.0,8.0,2.0,4.0,3.0,2.0,0.0,0.0,2.23,3.21,3.28
T1,2020-12-26,Goztep,Karagumruk,1401.44,1372.49,0.0,4.0,6.0,8.0,1.0,1.0,D,1.0,0.0,H,10.0,21.0,2.0,5.0,16.0,8.0,6.0,8.0,1.0,1.0,0.0,0.0,2.16,3.42,3.22
T1,2020-12-26,Trabzonspor,Galatasaray,1494.75,1549.9,7.0,11.0,6.0,10.0,0.0,2.0,A,0.0,1.0,A,12.0,9.0,4.0,5.0,11.0,10.0,1.0,2.0,2.0,3.0,0.0,0.0,3.07,3.61,2.16
T1,2020-12-27,Gaziantep,Alanyaspor,,1506.8,9.0,13.0,4.0,4.0,3.0,1.0,H,2.0,1.0,H,6.0,15.0,4.0,5.0,20.0,10.0,2.0,5.0,5.0,4.0,0.0,0.0,2.96,3.54,2.23
T1,2020-12-27,Denizlispor,Ankaragucu,1293.54,,6.0,7.0,4.0,7.0,1.0,2.0,A,0.0,2.0,A,12.0,8.0,3.0,3.0,17.0,13.0,7.0,4.0,2.0,3.0,0.0,0.0,2.2,3.18,3.34
T1,2020-12-27,Yeni Malatyaspor,Erzurum BB,,1309.06,7.0,9.0,0.0,0.0,1.0,3.0,A,0.0,1.0,A,14.0,10.0,4.0,6.0,13.0,24.0,7.0,3.0,3.0,6.0,0.0,0.0,1.8,3.62,4.25
T1,2020-12-27,Buyuksehyr,Kasimpasa,1529.73,1415.97,1.0,2.0,3.0,6.0,2.0,2.0,D,1.0,1.0,D,19.0,11.0,9.0,7.0,12.0,12.0,6.0,4.0,1.0,4.0,0.0,1.0,1.57,4.22,5.04
T1,2020-12-28,Genclerbirligi,Kayserispor,1326.52,1328.81,4.0,7.0,1.0,3.0,3.0,2.0,H,1.0,1.0,D,14.0,11.0,5.0,4.0,12.0,16.0,5.0,2.0,2.0,2.0,0.0,0.0,2.29,3.17,3.17
T1,2020-12-28,Konyaspor,Rizespor,1399.23,1363.66,3.0,6.0,6.0,6.0,1.0,1.0,D,1.0,0.0,H,13.0,16.0,4.0,5.0,10.0,14.0,1.0,3.0,2.0,1.0,0.0,1.0,2.08,3.27,3.56
T1,2020-12-28,Besiktas,Sivasspor,1518.09,1425.73,6.0,12.0,7.0,8.0,3.0,0.0,H,1.0,0.0,H,13.0,8.0,5.0,2.0,20.0,15.0,1.0,5.0,1.0,3.0,0.0,1.0,1.82,3.71,4.11
T1,2020-12-29,Antalyaspor,Hatayspor,1398.23,1384.18,4.0,8.0,3.0,9.0,0.0,6.0,A,0.0,5.0,A,8.0,13.0,4.0,9.0,16.0,21.0,2.0,5.0,6.0,3.0,0.0,0.0,2.36,3.16,3.05
T1,2021-01-02,Erzurum BB,Gaziantep,1311.75,,3.0,3.0,9.0,13.0,1.0,1.0,D,0.0,0.0,D,5.0,12.0,1.0,4.0,14.0,15.0,2.0,5.0,4.0,4.0,0.0,0.0,3.38,3.12,2.24
T1,2021-01-02,Sivasspor,Denizlispor,1432.86,1305.26,6.0,8.0,6.0,6.0,2.0,2.0,D,2.0,1.0,H,7.0,14.0,5.0,5.0,11.0,12.0,1.0,6.0,1.0,3.0,0.0,0.0,1.78,3.54,4.53
T1,2021-01-02,Alanyaspor,Buyuksehyr,1480.23,1510.72,1.0,4.0,1.0,3.0,3.0,0.0,H,2.0,0.0,H,11.0,12.0,5.0,2.0,12.0,12.0,2.0,8.0,4.0,3.0,0.0,0.0,2.36,3.54,2.8
T1,2021-01-02,Ankaragucu,Yeni Malatyaspor,,,4.0,10.0,4.0,8.0,3.0,1.0,H,2.0,0.0,H,9.0,16.0,5.0,2.0,14.0,15.0,4.0,7.0,3.0,2.0,0.0,1.0,2.48,3.19,2.88
T1,2021-01-02,Galatasaray,Antalyaspor,1555.69,1372.19,6.0,12.0,3.0,7.0,0.0,0.0,D,0.0,0.0,D,15.0,5.0,6.0,1.0,9.0,11.0,6.0,8.0,2.0,4.0,1.0,0.0,1.42,4.67,6.88
T1,2021-01-02,Hatayspor,Konyaspor,1401.23,1395.47,6.0,9.0,4.0,7.0,2.0,1.0,H,1.0,1.0,D,12.0,14.0,4.0,2.0,12.0,13.0,4.0,8.0,2.0,3.0,0.0,0.0,2.28,3.13,3.27
T1,2021-01-03,Rizespor,Genclerbirligi,1370.27,1325.0,4.0,7.0,4.0,10.0,1.0,1.0,D,1.0,0.0,H,21.0,17.0,7.0,7.0,13.0,10.0,6.0,2.0,4.0,5.0,0.0,0.0,2.1,3.43,3.36
T1,2021-01-03,Karagumruk,Trabzonspor,1385.41,1492.81,4.0,8.0,6.0,8.0,1.0,2.0,A,0.0,0.0,D,12.0,14.0,3.0,4.0,11.0,15.0,5.0,8.0,2.0,4.0,0.0,0.0,2.49,3.4,2.7
T1,2021-01-03,Kayserispor,Besiktas,1307.7,1534.84,0.0,2.0,9.0,12.0,0.0,2.0,A,0.0,0.0,D,7.0,14.0,2.0,4.0,15.0,8.0,3.0,5.0,3.0,1.0,1.0,0.0,4.85,4.29,1.58
T1,2021-01-04,Kasimpasa,Fenerbahce,1393.43,1475.88,1.0,4.0,3.0,6.0,0.0,3.0,A,0.0,2.0,A,10.0,11.0,2.0,5.0,14.0,13.0,7.0,1.0,2.0,1.0,0.0,0.0,3.43,3.8,1.96
T1,2021-01-05,Gaziantep,Ankaragucu,,,7.0,13.0,6.0,10.0,2.0,0.0,H,0.0,0.0,D,15.0,7.0,9.0,3.0,15.0,12.0,9.0,4.0,2.0,1.0,0.0,0.0,1.89,3.53,3.99
T1,2021-01-05,Yeni Malatyaspor,Sivasspor,,1432.86,1.0,7.0,4.0,8.0,2.0,2.0,D,1.0,2.0,A,8.0,14.0,3.0,4.0,14.0,15.0,4.0,5.0,3.0,1.0,0.0,0.0,2.71,3.12,2.67
T1,2021-01-05,Konyaspor,Galatasaray,1395.47,1555.69,4.0,4.0,7.0,10.0,4.0,3.0,H,1.0,1.0,D,9.0,18.0,4.0,5.0,15.0,10.0,4.0,4.0,2.0,2.0,0.0,0.0,3.39,3.33,2.14
T1,2021-01-06,Denizlispor,Kayserispor,1305.26,1307.7,4.0,7.0,0.0,1.0,0.0,1.0,A,0.0,1.0,A,14.0,8.0,7.0,3.0,13.0,19.0,7.0,8.0,2.0,6.0,0.0,0.0,2.08,3.47,3.42
T1,2021-01-06,Buyuksehyr,Erzurum BB,1510.72,1311.75,1.0,2.0,4.0,4.0,1.0,0.0,H,1.0,0.0,H,14.0,7.0,6.0,2.0,15.0,14.0,4.0,2.0,1.0,1.0,0.0,0.0,1.45,4.67,6.23
T1,2021-01-06,Genclerbirligi,Hatayspor,1325.0,1401.23,4.0,8.0,6.0,9.0,3.0,1.0,H,1.0,1.0,D,21.0,7.0,8.0,3.0,18.0,11.0,6.0,2.0,5.0,2.0,0.0,1.0,3.13,3.49,2.18
T1,2021-01-06,Trabzonspor,Goztep,1492.81,1384.35,6.0,10.0,1.0,4.0,1.0,0.0,H,1.0,0.0,H,13.0,7.0,4.0,4.0,10.0,15.0,5.0,5.0,1.0,3.0,0.0,0.0,1.89,3.56,3.95
T1,2021-01-06,Antalyaspor,Karagumruk,1372.19,1385.41,1.0,5.0,4.0,7.0,3.0,1.0,H,2.0,1.0,H,11.0,10.0,5.0,3.0,17.0,12.0,3.0,2.0,1.0,3.0,0.0,1.0,2.47,3.23,2.86
T1,2021-01-06,Besiktas,Rizespor,1534.84,1370.27,9.0,12.0,5.0,8.0,6.0,0.0,H,2.0,0.0,H,17.0,9.0,10.0,3.0,15.0,11.0,2.0,4.0,2.0,0.0,0.0,0.0,1.47,4.62,5.95
T1,2021-01-07,Fenerbahce,Alanyaspor,1475.88,1480.23,6.0,9.0,4.0,7.0,2.0,1.0,H,1.0,0.0,H,14.0,17.0,5.0,8.0,20.0,13.0,2.0,9.0,4.0,4.0,0.0,0.0,2.16,3.37,3.29
T1,2021-01-09,Sivasspor,Gaziantep,1432.86,,2.0,8.0,7.0,13.0,2.0,1.0,H,1.0,1.0,D,21.0,10.0,7.0,2.0,10.0,10.0,8.0,7.0,5.0,3.0,0.0,1.0,2.14,3.36,3.35
T1,2021-01-09,Goztep,Antalyaspor,1384.35,1372.19,1.0,1.0,4.0,7.0,0.0,1.0,A,0.0,0.0,D,7.0,7.0,2.0,2.0,16.0,15.0,8.0,5.0,3.0,1.0,0.0,0.0,2.24,3.52,3.02
T1,2021-01-09,Kayserispor,Yeni Malatyaspor,1307.7,,3.0,3.0,1.0,5.0,1.0,0.0,H,1.0,0.0,H,8.0,12.0,4.0,3.0,18.0,12.0,2.0,5.0,1.0,4.0,0.0,0.0,2.99,3.35,2.32
T1,2021-01-09,Galatasaray,Genclerbirligi,1555.69,1325.0,4.0,7.0,7.0,8.0,6.0,0.0,H,4.0,0.0,H,16.0,5.0,9.0,2.0,8.0,18.0,5.0,4.0,0.0,3.0,0.0,0.0,1.33,5.1,8.99
T1,2021-01-10,Karagumruk,Konyaspor,1385.41,1395.47,1.0,4.0,4.0,7.0,2.0,1.0,H,0.0,0.0,D,9.0,8.0,4.0,2.0,10.0,10.0,4.0,5.0,3.0,2.0,0.0,0.0,2.39,3.32,2.9
T1,2021-01-10,Ankaragucu,Buyuksehyr,,1510.72,6.0,7.0,4.0,4.0,1.0,2.0,A,1.0,1.0,D,13.0,12.0,3.0,3.0,16.0,12.0,5.0,3.0,2.0,3.0,0.0,0.0,3.77,3.74,1.89
T1,2021-01-10,Rizespor,Denizlispor,1370.27,1305.26,2.0,5.0,1.0,7.0,1.0,1.0,D,0.0,1.0,A,21.0,11.0,7.0,5.0,20.0,24.0,11.0,5.0,2.0,5.0,0.0,0.0,2.17,3.29,3.35
T1,2021-01-10,Hatayspor,Besiktas,1401.23,1534.84,6.0,9.0,9.0,15.0,2.0,2.0,D,2.0,2.0,D,9.0,18.0,3.0,7.0,17.0,12.0,3.0,9.0,4.0,1.0,0.0,0.0,3.32,3.55,2.09
T1,2021-01-11,Erzurum BB,Fenerbahce,1311.75,1475.88,4.0,4.0,9.0,9.0,0.0,3.0,A,0.0,1.0,A,13.0,11.0,2.0,8.0,10.0,12.0,6.0,5.0,1.0,1.0,0.0,0.0,5.47,4.09,1.56
T1,2021-01-11,Alanyaspor,Kasimpasa,1480.23,1393.43,3.0,4.0,1.0,4.0,1.0,2.0,A,1.0,2.0,A,28.0,6.0,8.0,2.0,16.0,9.0,8.0,1.0,1.0,1.0,0.0,1.0,1.75,3.82,4.32
T1,2021-01-15,Genclerbirligi,Karagumruk,1333.91,1376.5,4.0,7.0,3.0,7.0,1.0,3.0,A,0.0,2.0,A,17.0,14.0,3.0,7.0,21.0,8.0,8.0,3.0,5.0,3.0,0.0,0.0,2.93,3.49,2.29
T1,2021-01-16,Konyaspor,Goztep,1392.63,1370.95,3.0,7.0,1.0,1.0,2.0,3.0,A,0.0,2.0,A,21.0,6.0,10.0,5.0,8.0,8.0,7.0,5.0,2.0,1.0,0.0,0.0,1.98,3.36,3.82
T1,2021-01-16,Buyuksehyr,Sivasspor,1506.32,1435.25,6.0,7.0,5.0,8.0,1.0,1.0,D,1.0,1.0,D,10.0,8.0,4.0,1.0,15.0,15.0,3.0,3.0,2.0,2.0,0.0,0.0,1.89,3.68,3.82
T1,2021-01-16,Gaziantep,Kayserispor,,1319.71,4.0,10.0,6.0,6.0,2.0,1.0,H,1.0,0.0,H,13.0,10.0,6.0,4.0,9.0,11.0,5.0,2.0,1.0,2.0,0.0,0.0,1.71,3.87,4.55
T1,2021-01-16,Antalyaspor,Trabzonspor,1397.0,1503.52,7.0,7.0,6.0,12.0,1.0,1.0,D,1.0,0.0,H,6.0,18.0,2.0,5.0,11.0,2.0,2.0,6.0,5.0,1.0,1.0,0.0,3.06,3.42,2.24
T1,2021-01-17,Denizlispor,Hatayspor,1303.8,1398.05,2.0,5.0,4.0,7.0,0.0,2.0,A,0.0,0.0,D,12.0,12.0,2.0,5.0,19.0,8.0,6.0,2.0,2.0,3.0,0.0,1.0,2.88,3.36,2.39
T1,2021-01-17,Yeni Malatyaspor,Rizespor,,1356.83,1.0,2.0,2.0,6.0,4.0,1.0,H,0.0,1.0,A,20.0,7.0,9.0,3.0,13.0,14.0,4.0,4.0,0.0,2.0,0.0,0.0,2.14,3.14,3.58
T1,2021-01-17,Besiktas,Galatasaray,1545.08,1545.07,7.0,13.0,4.0,10.0,2.0,0.0,H,0.0,0.0,D,14.0,9.0,3.0,2.0,12.0,16.0,10.0,7.0,2.0,2.0,0.0,1.0,2.17,3.35,3.25
T1,2021-01-18,Fenerbahce,Ankaragucu,1503.62,,9.0,12.0,3.0,6.0,3.0,1.0,H,2.0,0.0,H,17.0,13.0,8.0,3.0,22.0,18.0,4.0,4.0,2.0,1.0,0.0,0.0,1.38,5.27,6.76
T1,2021-01-18,Kasimpasa,Erzurum BB,1392.79,1302.98,4.0,4.0,1.0,4.0,1.0,2.0,A,0.0,1.0,A,12.0,13.0,4.0,6.0,18.0,21.0,3.0,2.0,5.0,4.0,1.0,0.0,1.92,3.59,3.91
T1,2021-01-19,Goztep,Genclerbirligi,1370.95,1333.91,3.0,4.0,3.0,7.0,4.0,0.0,H,3.0,0.0,H,12.0,5.0,6.0,2.0,9.0,10.0,2.0,1.0,1.0,2.0,0.0,0.0,1.74,3.75,4.44
T1,2021-01-19,Kayserispor,Buyuksehyr,1319.71,1506.32,6.0,6.0,7.0,8.0,2.0,0.0,H,1.0,0.0,H,14.0,18.0,6.0,1.0,12.0,8.0,4.0,4.0,1.0,0.0,0.0,0.0,4.16,3.71,1.81
T1,2021-01-19,Trabzonspor,Konyaspor,1503.52,1392.63,7.0,10.0,3.0,4.0,3.0,1.0,H,1.0,0.0,H,10.0,13.0,5.0,3.0,16.0,11.0,0.0,6.0,3.0,5.0,0.0,0.0,1.81,3.48,4.43
T1,2021-01-20,Hatayspor,Yeni Malatyaspor,1398.05,,4.0,10.0,4.0,4.0,1.0,2.0,A,0.0,0.0,D,12.0,14.0,5.0,5.0,15.0,11.0,3.0,4.0,3.0,3.0,0.0,0.0,2.12,3.28,3.49
T1,2021-01-20,Rizespor,Gaziantep,1356.83,,1.0,3.0,6.0,10.0,3.0,0.0,H,1.0,0.0,H,9.0,10.0,6.0,0.0,10.0,11.0,3.0,3.0,1.0,2.0,0.0,0.0,2.89,3.33,2.39
T1,2021-01-20,Galatasaray,Denizlispor,1545.07,1303.8,3.0,7.0,1.0,2.0,6.0,1.0,H,3.0,0.0,H,14.0,14.0,10.0,6.0,9.0,15.0,8.0,11.0,1.0,1.0,0.0,0.0,1.33,5.24,8.33
T1,2021-01-21,Erzurum BB,Alanyaspor,1302.98,1474.21,3.0,7.0,3.0,4.0,1.0,1.0,D,1.0,0.0,H,3.0,6.0,2.0,2.0,16.0,11.0,1.0,9.0,4.0,2.0,0.0,1.0,4.66,3.86,1.69
T1,2021-01-21,Karagumruk,Besiktas,1376.5,1545.08,6.0,7.0,7.0,13.0,1.0,4.0,A,0.0,1.0,A,10.0,18.0,3.0,7.0,8.0,13.0,4.0,7.0,2.0,0.0,0.0,0.0,3.62,3.67,1.93
T1,2021-01-21,Ankaragucu,Kasimpasa,,1392.79,0.0,6.0,3.0,4.0,1.0,0.0,H,1.0,0.0,H,15.0,11.0,5.0,4.0,13.0,20.0,0.0,7.0,5.0,5.0,0.0,0.0,2.39,3.33,2.88
T1,2021-01-21,Sivasspor,Fenerbahce,1435.25,1503.62,5.0,6.0,9.0,15.0,1.0,1.0,D,1.0,1.0,D,11.0,8.0,4.0,4.0,15.0,11.0,7.0,3.0,2.0,1.0,0.0,0.0,3.25,3.38,2.16
T1,2021-01-23,Genclerbirligi,Trabzonspor,1333.91,1503.52,0.0,4.0,7.0,10.0,1.0,2.0,A,0.0,1.0,A,13.0,14.0,2.0,8.0,10.0,13.0,5.0,5.0,2.0,2.0,0.0,0.0,4.53,4.05,1.67
T1,2021-01-23,Buyuksehyr,Rizespor,1506.32,1356.83,4.0,7.0,4.0,5.0,1.0,1.0,D,0.0,0.0,D,17.0,4.0,4.0,1.0,13.0,10.0,9.0,1.0,2.0,2.0,0.0,0.0,1.38,4.78,7.67
T1,2021-01-24,Konyaspor,Antalyaspor,1392.63,1397.0,0.0,3.0,7.0,8.0,0.0,0.0,D,0.0,0.0,D,8.0,6.0,0.0,3.0,8.0,12.0,6.0,2.0,1.0,1.0,0.0,0.0,2.16,3.14,3.52
T1,2021-01-24,Denizlispor,Karagumruk,1303.8,1376.5,1.0,2.0,6.0,6.0,1.0,2.0,A,0.0,1.0,A,17.0,11.0,5.0,3.0,16.0,12.0,4.0,1.0,3.0,3.0,0.0,0.0,2.79,3.47,2.38
T1,2021-01-24,Yeni Malatyaspor,Galatasaray,,1545.07,6.0,7.0,6.0,7.0,0.0,1.0,A,0.0,0.0,D,5.0,10.0,3.0,4.0,13.0,13.0,3.0,6.0,3.0,2.0,0.0,0.0,3.77,3.7,1.88
T1,2021-01-24,Besiktas,Goztep,1545.08,1370.95,7.0,13.0,6.0,7.0,2.0,1.0,H,0.0,1.0,A,10.0,5.0,5.0,3.0,15.0,17.0,1.0,2.0,2.0,3.0,0.0,0.0,1.36,4.9,7.6
T1,2021-01-24,Gaziantep,Hatayspor,,1398.05,3.0,7.0,4.0,7.0,1.0,1.0,D,1.0,0.0,H,7.0,12.0,2.0,3.0,18.0,10.0,2.0,5.0,2.0,2.0,0.0,0.0,2.32,3.15,3.13
T1,2021-01-25,Kasimpasa,Sivasspor,1392.79,1435.25,3.0,4.0,5.0,7.0,2.0,0.0,H,2.0,0.0,H,11.0,7.0,3.0,3.0,17.0,16.0,4.0,10.0,2.0,2.0,0.0,0.0,3.02,3.19,2.36
T1,2021-01-25,Alanyaspor,Ankaragucu,1474.21,,1.0,4.0,3.0,6.0,4.0,3.0,H,1.0,2.0,A,24.0,9.0,7.0,5.0,12.0,17.0,13.0,4.0,1.0,3.0,0.0,0.0,1.46,4.47,6.31
T1,2021-01-25,Fenerbahce,Kayserispor,1503.62,1319.71,7.0,13.0,6.0,9.0,3.0,0.0,H,1.0,0.0,H,21.0,6.0,11.0,1.0,12.0,9.0,6.0,5.0,2.0,1.0,0.0,0.0,1.34,5.12,7.89
T1,2021-01-29,Yeni Malatyaspor,Karagumruk,,1376.5,6.0,7.0,6.0,9.0,0.0,0.0,D,0.0,0.0,D,6.0,16.0,1.0,7.0,13.0,9.0,7.0,7.0,3.0,1.0,1.0,0.0,2.34,3.42,2.91
T1,2021-01-29,Gaziantep,Galatasaray,,1545.07,4.0,7.0,6.0,9.0,1.0,2.0,A,0.0,0.0,D,15.0,6.0,6.0,6.0,15.0,9.0,8.0,4.0,1.0,1.0,0.0,0.0,3.87,3.75,1.87
T1,2021-01-30,Kasimpasa,Kayserispor,1392.79,1319.71,3.0,6.0,3.0,9.0,0.0,1.0,A,0.0,0.0,D,15.0,15.0,4.0,5.0,17.0,14.0,3.0,5.0,2.0,0.0,0.0,0.0,1.99,3.54,3.59
T1,2021-01-30,Buyuksehyr,Hatayspor,1506.32,1398.05,2.0,8.0,4.0,5.0,1.0,5.0,A,0.0,3.0,A,17.0,16.0,0.0,10.0,10.0,9.0,4.0,4.0,3.0,1.0,0.0,0.0,1.88,3.63,3.91
T1,2021-01-30,Fenerbahce,Rizespor,1503.62,1356.83,7.0,13.0,4.0,5.0,1.0,0.0,H,1.0,0.0,H,15.0,6.0,4.0,1.0,16.0,16.0,7.0,2.0,1.0,5.0,0.0,1.0,1.36,4.84,7.91
T1,2021-01-31,Erzurum BB,Ankaragucu,1302.98,,4.0,5.0,3.0,3.0,1.0,0.0,H,0.0,0.0,D,11.0,6.0,5.0,2.0,26.0,17.0,3.0,4.0,7.0,6.0,1.0,2.0,2.37,3.27,2.97
T1,2021-01-31,Alanyaspor,Sivasspor,1474.21,1435.25,4.0,7.0,2.0,6.0,3.0,1.0,H,2.0,0.0,H,9.0,11.0,4.0,4.0,15.0,15.0,1.0,5.0,2.0,1.0,0.0,0.0,1.94,3.48,3.87
T1,2021-01-31,Denizlispor,Goztep,1303.8,1370.95,0.0,1.0,6.0,6.0,2.0,1.0,H,1.0,0.0,H,9.0,4.0,4.0,2.0,18.0,13.0,2.0,5.0,2.0,1.0,0.0,0.0,2.77,3.35,2.47
T1,2021-01-31,Genclerbirligi,Antalyaspor,1333.91,1397.0,0.0,3.0,5.0,9.0,0.0,1.0,A,0.0,0.0,D,7.0,10.0,2.0,3.0,15.0,14.0,3.0,4.0,2.0,1.0,0.0,0.0,2.73,3.4,2.47
T1,2021-01-31,Besiktas,Trabzonspor,1545.08,1503.52,9.0,13.0,7.0,13.0,1.0,2.0,A,1.0,1.0,D,22.0,16.0,8.0,5.0,12.0,8.0,7.0,5.0,2.0,3.0,1.0,0.0,1.85,3.63,4.02
T1,2021-02-02,Hatayspor,Fenerbahce,1424.4,1515.54,4.0,8.0,7.0,13.0,1.0,2.0,A,0.0,1.0,A,18.0,10.0,7.0,6.0,17.0,16.0,7.0,4.0,4.0,2.0,0.0,0.0,3.77,3.66,1.9
T1,2021-02-02,Galatasaray,Buyuksehyr,1553.21,1458.1,9.0,12.0,1.0,5.0,3.0,0.0,H,1.0,0.0,H,11.0,10.0,5.0,3.0,6.0,10.0,6.0,5.0,1.0,2.0,0.0,0.0,1.66,3.98,4.75
T1,2021-02-02,Rizespor,Kasimpasa,1363.69,1373.43,4.0,5.0,3.0,6.0,1.0,1.0,D,0.0,0.0,D,16.0,13.0,4.0,5.0,8.0,16.0,1.0,4.0,2.0,2.0,0.0,0.0,2.57,3.19,2.76
T1,2021-02-03,Sivasspor,Erzurum BB,1420.16,1323.99,1.0,5.0,7.0,7.0,0.0,0.0,D,0.0,0.0,D,8.0,9.0,3.0,3.0,19.0,19.0,4.0,5.0,1.0,1.0,0.0,0.0,1.7,3.68,4.88
T1,2021-02-03,Karagumruk,Gaziantep,1388.23,,4.0,10.0,1.0,4.0,2.0,0.0,H,0.0,0.0,D,14.0,12.0,5.0,6.0,13.0,13.0,6.0,7.0,2.0,2.0,0.0,0.0,2.37,3.35,2.91
T1,2021-02-03,Kayserispor,Alanyaspor,1338.4,1482.38,6.0,9.0,7.0,7.0,1.0,1.0,D,0.0,0.0,D,8.0,12.0,4.0,4.0,12.0,11.0,2.0,1.0,6.0,1.0,1.0,0.0,3.84,3.66,1.88
T1,2021-02-03,Antalyaspor,Besiktas,1406.78,1555.42,5.0,11.0,6.0,10.0,1.0,1.0,D,1.0,0.0,H,2.0,17.0,1.0,8.0,9.0,10.0,3.0,7.0,4.0,1.0,1.0,0.0,4.39,3.78,1.74
T1,2021-02-03,Konyaspor,Genclerbirligi,1375.69,1299.73,1.0,4.0,0.0,0.0,0.0,0.0,D,0.0,0.0,D,19.0,7.0,5.0,2.0,10.0,15.0,7.0,2.0,2.0,3.0,0.0,0.0,1.78,3.6,4.42
T1,2021-02-04,Goztep,Yeni Malatyaspor,1379.24,,3.0,6.0,4.0,7.0,2.0,2.0,D,1.0,1.0,D,25.0,10.0,7.0,5.0,18.0,14.0,10.0,2.0,0.0,1.0,0.0,0.0,2.35,3.41,2.85
T1,2021-02-04,Trabzonspor,Denizlispor,1523.14,1290.88,9.0,13.0,3.0,4.0,1.0,0.0,H,0.0,0.0,D,25.0,4.0,5.0,3.0,6.0,18.0,5.0,5.0,0.0,3.0,0.0,0.0,1.55,3.96,5.96
T1,2021-02-06,Kasimpasa,Hatayspor,1373.43,1424.4,4.0,4.0,4.0,7.0,1.0,4.0,A,0.0,1.0,A,15.0,16.0,6.0,8.0,15.0,12.0,9.0,3.0,1.0,0.0,0.0,0.0,2.54,3.38,2.67
T1,2021-02-06,Alanyaspor,Rizespor,1482.38,1363.69,7.0,8.0,2.0,5.0,2.0,1.0,H,1.0,1.0,D,33.0,8.0,10.0,3.0,10.0,10.0,13.0,4.0,2.0,6.0,0.0,0.0,1.58,4.09,5.3
T1,2021-02-06,Buyuksehyr,Karagumruk,1458.1,1388.23,1.0,2.0,7.0,10.0,0.0,1.0,A,0.0,0.0,D,16.0,13.0,7.0,5.0,12.0,11.0,5.0,3.0,1.0,1.0,0.0,0.0,2.03,3.68,3.32
T1,2021-02-06,Fenerbahce,Galatasaray,1515.54,1553.21,9.0,13.0,9.0,12.0,0.0,1.0,A,0.0,0.0,D,12.0,9.0,5.0,2.0,16.0,25.0,8.0,6.0,2.0,2.0,0.0,0.0,2.41,3.45,2.77
T1,2021-02-07,Erzurum BB,Kayserispor,1323.99,1338.4,5.0,8.0,4.0,7.0,1.0,1.0,D,1.0,0.0,H,7.0,8.0,2.0,5.0,12.0,13.0,1.0,5.0,3.0,1.0,1.0,0.0,2.16,3.25,3.38
T1,2021-02-07,Ankaragucu,Sivasspor,,1420.16,3.0,3.0,1.0,3.0,1.0,4.0,A,0.0,1.0,A,14.0,12.0,6.0,7.0,17.0,10.0,3.0,2.0,5.0,1.0,0.0,0.0,2.94,3.3,2.36
T1,2021-02-07,Denizlispor,Antalyaspor,1290.88,1406.78,3.0,3.0,5.0,9.0,1.0,1.0,D,1.0,0.0,H,9.0,13.0,3.0,2.0,20.0,9.0,2.0,3.0,2.0,2.0,0.0,0.0,2.68,3.24,2.59
T1,2021-02-07,Besiktas,Konyaspor,1555.42,1375.69,4.0,10.0,2.0,2.0,1.0,0.0,H,0.0,0.0,D,12.0,3.0,3.0,0.0,12.0,12.0,5.0,3.0,4.0,3.0,1.0,0.0,1.54,4.19,5.55
T1,2021-02-08,Gaziantep,Goztep,,1379.24,1.0,4.0,1.0,7.0,2.0,0.0,H,0.0,0.0,D,8.0,6.0,2.0,4.0,15.0,14.0,2.0,2.0,1.0,0.0,0.0,0.0,2.25,3.19,3.25
T1,2021-02-08,Yeni Malatyaspor,Trabzonspor,,1523.14,2.0,8.0,9.0,13.0,0.0,2.0,A,0.0,0.0,D,11.0,10.0,1.0,2.0,9.0,17.0,11.0,4.0,1.0,2.0,0.0,0.0,3.2,3.23,2.24
T1,2021-02-12,Rizespor,Erzurum BB,1363.69,1323.99,1.0,5.0,5.0,9.0,0.0,2.0,A,0.0,0.0,D,10.0,17.0,4.0,8.0,16.0,15.0,3.0,1.0,4.0,3.0,1.0,0.0,2.27,3.2,3.2
T1,2021-02-13,Kayserispor,Ankaragucu,1338.4,,5.0,8.0,0.0,3.0,0.0,0.0,D,0.0,0.0,D,23.0,4.0,7.0,0.0,16.0,7.0,12.0,4.0,1.0,2.0,0.0,1.0,2.29,3.23,3.1
T1,2021-02-13,Trabzonspor,Gaziantep,1523.14,,9.0,15.0,3.0,4.0,1.0,0.0,H,0.0,0.0,D,8.0,9.0,4.0,2.0,8.0,13.0,2.0,4.0,3.0,4.0,1.0,0.0,1.58,4.03,5.43
T1,2021-02-13,Karagumruk,Fenerbahce,1388.23,1515.54,7.0,10.0,6.0,10.0,1.0,2.0,A,0.0,1.0,A,12.0,7.0,3.0,3.0,12.0,16.0,8.0,4.0,2.0,1.0,0.0,0.0,3.86,3.87,1.82
T1,2021-02-14,Konyaspor,Denizlispor,1375.69,1290.88,2.0,2.0,4.0,4.0,2.0,0.0,H,0.0,0.0,D,11.0,8.0,4.0,3.0,9.0,15.0,3.0,4.0,3.0,2.0,0.0,0.0,1.98,3.24,3.94
T1,2021-02-14,Galatasaray,Kasimpasa,1553.21,1373.43,9.0,15.0,1.0,4.0,2.0,1.0,H,1.0,0.0,H,15.0,8.0,10.0,2.0,13.0,22.0,8.0,2.0,0.0,4.0,0.0,0.0,1.4,4.68,7.17
T1,2021-02-14,Goztep,Buyuksehyr,1379.24,1458.1,1.0,4.0,0.0,1.0,2.0,1.0,H,1.0,0.0,H,13.0,12.0,6.0,4.0,12.0,16.0,3.0,5.0,1.0,2.0,0.0,0.0,2.6,3.29,2.63
T1,2021-02-14,Hatayspor,Alanyaspor,1424.4,1482.38,6.0,7.0,7.0,11.0,0.0,0.0,D,0.0,0.0,D,7.0,13.0,1.0,7.0,13.0,18.0,3.0,7.0,2.0,3.0,1.0,0.0,2.85,3.28,2.43
T1,2021-02-15,Genclerbirligi,Besiktas,1303.54,1555.79,1.0,1.0,4.0,10.0,0.0,3.0,A,0.0,1.0,A,5.0,20.0,1.0,9.0,15.0,7.0,2.0,9.0,3.0,2.0,0.0,0.0,6.29,4.59,1.44
T1,2021-02-15,Antalyaspor,Yeni Malatyaspor,1407.51,,5.0,7.0,2.0,5.0,1.0,1.0,D,1.0,1.0,D,11.0,3.0,4.0,1.0,9.0,14.0,1.0,3.0,0.0,3.0,0.0,0.0,2.55,2.94,2.94
T1,2021-02-19,Buyuksehyr,Trabzonspor,1431.46,1537.55,0.0,1.0,9.0,15.0,0.0,1.0,A,0.0,0.0,D,7.0,10.0,1.0,3.0,11.0,9.0,3.0,3.0,3.0,2.0,1.0,0.0,2.14,3.29,3.38
T1,2021-02-20,Kasimpasa,Karagumruk,1357.91,1403.27,1.0,4.0,6.0,10.0,3.0,2.0,H,1.0,1.0,D,13.0,8.0,6.0,3.0,11.0,10.0,13.0,3.0,1.0,2.0,0.0,0.0,2.73,3.4,2.46
T1,2021-02-20,Denizlispor,Genclerbirligi,1283.67,1303.54,1.0,4.0,1.0,1.0,1.0,0.0,H,1.0,0.0,H,10.0,12.0,4.0,1.0,17.0,15.0,5.0,4.0,2.0,1.0,0.0,0.0,2.06,3.32,3.58
T1,2021-02-20,Yeni Malatyaspor,Konyaspor,,1375.88,2.0,3.0,4.0,5.0,2.0,3.0,A,2.0,0.0,H,7.0,11.0,2.0,4.0,10.0,17.0,3.0,8.0,2.0,3.0,0.0,0.0,2.39,3.01,3.17
T1,2021-02-20,Alanyaspor,Galatasaray,1484.1,1571.59,5.0,11.0,9.0,15.0,0.0,1.0,A,0.0,1.0,A,24.0,8.0,6.0,1.0,16.0,18.0,12.0,1.0,3.0,0.0,0.0,0.0,2.79,3.38,2.43
T1,2021-02-21,Erzurum BB,Hatayspor,1341.66,1431.6,5.0,9.0,4.0,8.0,1.0,3.0,A,0.0,2.0,A,15.0,10.0,5.0,7.0,15.0,16.0,3.0,7.0,3.0,2.0,1.0,0.0,2.84,3.32,2.42
T1,2021-02-21,Gaziantep,Antalyaspor,,1407.51,3.0,4.0,3.0,7.0,0.0,0.0,D,0.0,0.0,D,9.0,13.0,2.0,2.0,12.0,10.0,7.0,4.0,2.0,1.0,0.0,0.0,2.18,3.05,3.58
T1,2021-02-21,Sivasspor,Kayserispor,1428.15,1339.33,4.0,5.0,3.0,6.0,2.0,0.0,H,1.0,0.0,H,21.0,7.0,7.0,1.0,15.0,17.0,6.0,5.0,3.0,5.0,0.0,0.0,1.81,3.58,4.26
T1,2021-02-21,Fenerbahce,Goztep,1521.08,1378.13,6.0,12.0,4.0,4.0,0.0,1.0,A,0.0,1.0,A,22.0,6.0,5.0,2.0,17.0,18.0,13.0,1.0,1.0,2.0,0.0,0.0,1.5,4.2,6.1
T1,2021-02-22,Ankaragucu,Rizespor,,1343.59,1.0,4.0,1.0,2.0,1.0,1.0,D,1.0,1.0,D,14.0,7.0,7.0,3.0,13.0,12.0,5.0,1.0,2.0,1.0,0.0,0.0,2.49,3.31,2.74
T1,2021-02-26,Genclerbirligi,Yeni Malatyaspor,1303.54,,1.0,1.0,1.0,3.0,1.0,1.0,D,0.0,1.0,A,13.0,12.0,3.0,2.0,14.0,10.0,13.0,4.0,3.0,0.0,1.0,1.0,3.01,3.26,2.35
T1,2021-02-26,Konyaspor,Gaziantep,1375.88,,6.0,8.0,4.0,4.0,0.0,0.0,D,0.0,0.0,D,10.0,13.0,2.0,2.0,9.0,17.0,6.0,7.0,2.0,2.0,0.0,0.0,2.51,2.93,3.07
T1,2021-02-26,Besiktas,Denizlispor,1555.79,1283.67,7.0,10.0,4.0,7.0,3.0,0.0,H,3.0,0.0,H,14.0,6.0,7.0,2.0,7.0,9.0,9.0,6.0,0.0,1.0,0.0,0.0,1.31,5.44,8.66
T1,2021-02-27,Hatayspor,Ankaragucu,1431.6,,7.0,10.0,2.0,2.0,4.0,1.0,H,1.0,1.0,D,19.0,6.0,6.0,2.0,16.0,20.0,14.0,4.0,1.0,3.0,0.0,1.0,1.85,3.69,3.94
T1,2021-02-27,Karagumruk,Alanyaspor,1403.27,1484.1,3.0,7.0,4.0,8.0,2.0,0.0,H,0.0,0.0,D,10.0,8.0,2.0,1.0,12.0,15.0,4.0,7.0,2.0,3.0,0.0,0.0,2.85,3.56,2.31
T1,2021-02-27,Antalyaspor,Buyuksehyr,1407.51,1431.46,3.0,7.0,0.0,0.0,0.0,0.0,D,0.0,0.0,D,1.0,2.0,0.0,0.0,13.0,8.0,2.0,2.0,1.0,0.0,0.0,0.0,2.66,3.03,2.78
T1,2021-02-27,Rizespor,Sivasspor,1343.59,1428.15,1.0,2.0,7.0,7.0,0.0,0.0,D,0.0,0.0,D,11.0,7.0,3.0,1.0,15.0,14.0,3.0,4.0,3.0,2.0,0.0,1.0,2.92,3.09,2.5
T1,2021-02-27,Galatasaray,Erzurum BB,1571.59,1341.66,9.0,15.0,4.0,8.0,2.0,0.0,H,2.0,0.0,H,10.0,8.0,4.0,3.0,11.0,14.0,5.0,3.0,3.0,3.0,0.0,0.0,1.36,4.96,7.51
T1,2021-02-28,Goztep,Kasimpasa,1378.13,1357.91,6.0,7.0,3.0,4.0,1.0,0.0,H,1.0,0.0,H,5.0,6.0,1.0,3.0,15.0,7.0,3.0,4.0,3.0,2.0,1.0,1.0,2.25,3.16,3.25
T1,2021-02-28,Trabzonspor,Fenerbahce,1537.55,1521.08,9.0,15.0,3.0,9.0,0.0,1.0,A,0.0,0.0,D,16.0,12.0,1.0,8.0,13.0,15.0,5.0,7.0,1.0,2.0,0.0,0.0,2.98,3.25,2.35
T1,2021-03-02,Gaziantep,Genclerbirligi,,1290.87,2.0,5.0,1.0,2.0,2.0,1.0,H,0.0,1.0,A,15.0,14.0,7.0,5.0,11.0,17.0,7.0,3.0,0.0,2.0,1.0,0.0,1.74,3.63,4.66
T1,2021-03-02,Yeni Malatyaspor,Besiktas,,1564.98,2.0,3.0,9.0,10.0,0.0,1.0,A,0.0,0.0,D,9.0,13.0,4.0,3.0,17.0,14.0,4.0,10.0,2.0,0.0,0.0,0.0,5.25,4.02,1.6
T1,2021-03-03,Erzurum BB,Karagumruk,1328.46,1407.8,3.0,5.0,3.0,9.0,2.0,2.0,D,1.0,1.0,D,14.0,11.0,4.0,6.0,15.0,12.0,3.0,6.0,4.0,1.0,0.0,0.0,2.76,3.22,2.55
T1,2021-03-03,Buyuksehyr,Konyaspor,1425.78,1385.01,1.0,1.0,7.0,8.0,1.0,1.0,D,0.0,0.0,D,13.0,10.0,5.0,2.0,10.0,12.0,4.0,4.0,0.0,1.0,0.0,0.0,2.07,3.25,3.68
T1,2021-03-03,Sivasspor,Hatayspor,1433.65,1448.19,7.0,8.0,7.0,10.0,1.0,1.0,D,0.0,0.0,D,12.0,5.0,4.0,1.0,15.0,18.0,6.0,3.0,1.0,3.0,0.0,0.0,2.29,3.19,3.18
T1,2021-03-03,Ankaragucu,Galatasaray,,1581.74,2.0,2.0,9.0,15.0,2.0,1.0,H,1.0,0.0,H,8.0,8.0,3.0,4.0,15.0,14.0,1.0,5.0,6.0,4.0,0.0,1.0,6.01,4.26,1.51
T1,2021-03-03,Kayserispor,Rizespor,1332.89,1345.11,2.0,6.0,2.0,3.0,2.0,1.0,H,0.0,0.0,D,7.0,17.0,4.0,3.0,11.0,9.0,4.0,6.0,0.0,0.0,0.0,0.0,2.37,3.24,2.99
T1,2021-03-04,Alanyaspor,Goztep,1464.64,1396.78,1.0,5.0,9.0,10.0,1.0,1.0,D,0.0,1.0,A,15.0,7.0,7.0,0.0,9.0,12.0,10.0,3.0,1.0,2.0,0.0,0.0,1.81,3.67,4.13
T1,2021-03-04,Kasimpasa,Trabzonspor,1359.78,1533.92,3.0,4.0,6.0,12.0,1.0,2.0,A,1.0,1.0,D,13.0,14.0,5.0,4.0,17.0,16.0,6.0,5.0,1.0,2.0,0.0,0.0,3.51,3.53,2.01
T1,2021-03-04,Fenerbahce,Antalyaspor,1518.66,1405.94,6.0,9.0,3.0,5.0,1.0,1.0,D,0.0,1.0,A,16.0,7.0,6.0,2.0,16.0,17.0,11.0,1.0,5.0,5.0,0.0,1.0,1.45,4.46,6.47
T1,2021-03-06,Denizlispor,Yeni Malatyaspor,1287.48,,3.0,4.0,1.0,2.0,3.0,2.0,H,2.0,1.0,H,13.0,11.0,6.0,5.0,18.0,14.0,4.0,4.0,3.0,2.0,0.0,0.0,2.38,3.23,2.97
T1,2021-03-06,Besiktas,Gaziantep,1564.98,,9.0,13.0,5.0,8.0,2.0,1.0,H,1.0,0.0,H,10.0,8.0,3.0,3.0,15.0,10.0,4.0,5.0,1.0,1.0,0.0,0.0,1.37,5.0,7.33
T1,2021-03-07,Karagumruk,Ankaragucu,1407.8,,4.0,7.0,4.0,5.0,0.0,1.0,A,0.0,0.0,D,16.0,4.0,3.0,3.0,20.0,11.0,4.0,2.0,1.0,1.0,0.0,0.0,1.75,3.73,4.44
T1,2021-03-07,Genclerbirligi,Buyuksehyr,1290.87,1425.78,1.0,2.0,2.0,2.0,0.0,1.0,A,0.0,0.0,D,10.0,9.0,3.0,4.0,14.0,10.0,1.0,7.0,2.0,2.0,1.0,0.0,3.94,3.54,1.89
T1,2021-03-07,Hatayspor,Kayserispor,1448.19,1332.89,7.0,11.0,4.0,6.0,1.0,3.0,A,0.0,2.0,A,10.0,16.0,4.0,6.0,3.0,13.0,7.0,5.0,2.0,1.0,1.0,0.0,1.72,3.57,4.91
T1,2021-03-07,Galatasaray,Sivasspor,1581.74,1433.65,6.0,12.0,5.0,9.0,2.0,2.0,D,1.0,2.0,A,17.0,12.0,7.0,4.0,11.0,13.0,6.0,4.0,4.0,4.0,0.0,1.0,1.66,3.71,5.14
T1,2021-03-08,Antalyaspor,Kasimpasa,1405.94,1359.78,3.0,5.0,3.0,3.0,1.0,1.0,D,1.0,0.0,H,8.0,11.0,3.0,2.0,13.0,10.0,0.0,4.0,1.0,3.0,0.0,0.0,2.24,3.19,3.25
T1,2021-03-08,Trabzonspor,Alanyaspor,1533.92,1464.64,6.0,12.0,1.0,5.0,1.0,3.0,A,0.0,0.0,D,18.0,11.0,5.0,6.0,17.0,8.0,3.0,4.0,3.0,3.0,0.0,0.0,2.05,3.34,3.59
T1,2021-03-08,Goztep,Erzurum BB,1396.78,1328.46,7.0,10.0,1.0,5.0,3.0,1.0,H,1.0,0.0,H,16.0,11.0,7.0,4.0,18.0,14.0,7.0,2.0,2.0,3.0,0.0,1.0,1.93,3.38,3.96
T1,2021-03-08,Konyaspor,Fenerbahce,1385.01,1518.66,5.0,8.0,4.0,7.0,0.0,3.0,A,0.0,2.0,A,15.0,14.0,5.0,7.0,10.0,11.0,2.0,2.0,2.0,2.0,0.0,0.0,4.05,3.49,1.87
T1,2021-03-12,Buyuksehyr,Besiktas,1425.78,1564.98,5.0,5.0,9.0,15.0,2.0,3.0,A,0.0,1.0,A,9.0,14.0,3.0,5.0,13.0,10.0,4.0,1.0,3.0,1.0,0.0,0.0,4.27,3.6,1.82
T1,2021-03-13,Sivasspor,Karagumruk,1433.65,1407.8,3.0,9.0,4.0,4.0,1.0,0.0,H,1.0,0.0,H,10.0,14.0,4.0,3.0,14.0,9.0,1.0,8.0,1.0,1.0,0.0,0.0,2.23,3.31,3.19
T1,2021-03-13,Alanyaspor,Antalyaspor,1464.64,1405.94,4.0,5.0,3.0,5.0,4.0,0.0,H,2.0,0.0,H,14.0,7.0,7.0,2.0,13.0,18.0,5.0,5.0,0.0,5.0,0.0,0.0,1.72,3.62,4.81
T1,2021-03-13,Rizespor,Hatayspor,1345.11,1448.19,2.0,2.0,4.0,8.0,1.0,0.0,H,0.0,0.0,D,17.0,17.0,6.0,3.0,13.0,17.0,3.0,5.0,5.0,4.0,0.0,0.0,2.96,3.3,2.36
T1,2021-03-13,Kayserispor,Galatasaray,1332.89,1581.74,6.0,8.0,4.0,10.0,0.0,3.0,A,0.0,1.0,A,7.0,18.0,1.0,7.0,17.0,11.0,3.0,3.0,1.0,1.0,0.0,0.0,4.92,3.96,1.64
T1,2021-03-14,Ankaragucu,Goztep,,1396.78,6.0,8.0,7.0,13.0,3.0,0.0,H,1.0,0.0,H,17.0,8.0,9.0,2.0,15.0,10.0,5.0,7.0,1.0,1.0,0.0,0.0,2.83,3.42,2.39
T1,2021-03-14,Erzurum BB,Trabzonspor,1328.46,1533.92,1.0,4.0,3.0,9.0,0.0,0.0,D,0.0,0.0,D,11.0,8.0,3.0,1.0,15.0,6.0,12.0,2.0,2.0,0.0,0.0,0.0,3.66,3.17,2.09
T1,2021-03-14,Gaziantep,Denizlispor,,1287.48,4.0,5.0,6.0,7.0,2.0,0.0,H,0.0,0.0,D,14.0,6.0,3.0,3.0,15.0,11.0,8.0,3.0,2.0,2.0,0.0,1.0,1.85,3.52,4.12
T1,2021-03-14,Fenerbahce,Genclerbirligi,1518.66,1290.87,7.0,10.0,1.0,1.0,1.0,2.0,A,1.0,1.0,D,16.0,7.0,6.0,3.0,11.0,13.0,6.0,1.0,1.0,5.0,0.0,0.0,1.23,6.15,11.24
T1,2021-03-15,Kasimpasa,Konyaspor,1357.88,1376.9,1.0,4.0,2.0,8.0,1.0,1.0,D,0.0,0.0,D,12.0,7.0,4.0,2.0,12.0,16.0,8.0,0.0,1.0,1.0,0.0,0.0,2.43,3.06,3.04
T1,2021-03-19,Karagumruk,Kayserispor,1389.72,1349.26,1.0,4.0,6.0,7.0,3.0,0.0,H,1.0,0.0,H,10.0,12.0,7.0,3.0,16.0,9.0,7.0,7.0,2.0,1.0,0.0,0.0,1.67,3.91,4.73
T1,2021-03-19,Galatasaray,Rizespor,1570.72,1347.37,4.0,10.0,4.0,5.0,3.0,4.0,A,2.0,2.0,D,10.0,12.0,6.0,6.0,12.0,18.0,7.0,1.0,4.0,2.0,1.0,0.0,1.3,5.26,9.51
T1,2021-03-20,Genclerbirligi,Kasimpasa,1295.93,1357.88,3.0,4.0,2.0,5.0,2.0,1.0,H,0.0,0.0,D,8.0,12.0,2.0,7.0,8.0,6.0,3.0,8.0,3.0,1.0,0.0,0.0,2.91,3.26,2.41
T1,2021-03-20,Goztep,Sivasspor,1392.15,1443.08,4.0,10.0,5.0,9.0,3.0,5.0,A,0.0,4.0,A,14.0,9.0,6.0,5.0,12.0,18.0,8.0,3.0,2.0,2.0,0.0,0.0,2.49,3.26,2.8
T1,2021-03-20,Yeni Malatyaspor,Gaziantep,,,1.0,2.0,6.0,8.0,2.0,2.0,D,1.0,1.0,D,6.0,10.0,3.0,3.0,13.0,12.0,7.0,5.0,1.0,4.0,1.0,0.0,2.29,3.35,3.02
T1,2021-03-20,Trabzonspor,Ankaragucu,1518.83,,4.0,7.0,9.0,10.0,4.0,1.0,H,3.0,1.0,H,14.0,12.0,9.0,7.0,14.0,10.0,4.0,1.0,1.0,2.0,0.0,0.0,1.56,3.96,5.69
T1,2021-03-21,Antalyaspor,Erzurum BB,1397.3,1325.98,2.0,4.0,2.0,2.0,3.0,1.0,H,0.0,1.0,A,9.0,8.0,5.0,4.0,12.0,15.0,6.0,3.0,2.0,3.0,0.0,0.0,2.35,3.19,3.05
T1,2021-03-21,Konyaspor,Alanyaspor,1376.9,1487.41,2.0,6.0,7.0,7.0,1.0,0.0,H,1.0,0.0,H,8.0,10.0,4.0,0.0,22.0,18.0,3.0,4.0,3.0,4.0,0.0,0.0,3.31,3.27,2.19
T1,2021-03-21,Denizlispor,Buyuksehyr,1290.55,1423.41,3.0,6.0,4.0,5.0,0.0,0.0,D,0.0,0.0,D,8.0,16.0,2.0,3.0,8.0,10.0,2.0,5.0,1.0,2.0,0.0,0.0,3.42,3.3,2.12
T1,2021-03-21,Besiktas,Fenerbahce,1578.63,1510.22,9.0,15.0,4.0,7.0,1.0,1.0,D,0.0,0.0,D,14.0,14.0,7.0,3.0,17.0,20.0,3.0,7.0,2.0,5.0,0.0,0.0,2.14,3.47,3.2
T1,2021-04-03,Kayserispor,Goztep,1339.52,1380.47,3.0,6.0,3.0,7.0,1.0,1.0,D,1.0,0.0,H,15.0,5.0,6.0,2.0,8.0,12.0,6.0,4.0,1.0,1.0,0.0,0.0,2.58,3.27,2.69
T1,2021-04-03,Rizespor,Karagumruk,1361.8,1399.46,6.0,8.0,3.0,7.0,0.0,0.0,D,0.0,0.0,D,7.0,14.0,2.0,2.0,17.0,17.0,5.0,7.0,3.0,2.0,1.0,0.0,2.9,3.17,2.47
T1,2021-04-03,Sivasspor,Trabzonspor,1454.76,1523.9,7.0,9.0,4.0,7.0,0.0,0.0,D,0.0,0.0,D,11.0,12.0,1.0,3.0,15.0,8.0,7.0,9.0,3.0,2.0,0.0,0.0,2.72,3.02,2.73
T1,2021-04-03,Hatayspor,Galatasaray,1423.2,1556.29,1.0,7.0,4.0,7.0,3.0,0.0,H,2.0,0.0,H,8.0,12.0,6.0,4.0,19.0,10.0,5.0,7.0,5.0,2.0,1.0,0.0,3.52,3.75,1.94
T1,2021-04-04,Erzurum BB,Konyaspor,1318.91,1387.48,1.0,2.0,4.0,6.0,1.0,2.0,A,1.0,2.0,A,14.0,14.0,3.0,7.0,15.0,13.0,4.0,6.0,2.0,2.0,0.0,0.0,2.45,3.16,2.93
T1,2021-04-04,Alanyaspor,Genclerbirligi,1477.92,1304.07,6.0,7.0,6.0,7.0,1.0,2.0,A,1.0,1.0,D,16.0,10.0,8.0,3.0,13.0,14.0,7.0,4.0,1.0,4.0,0.0,0.0,1.41,4.82,6.59
T1,2021-04-04,Ankaragucu,Antalyaspor,,1404.38,6.0,9.0,4.0,6.0,1.0,0.0,H,0.0,0.0,D,9.0,13.0,3.0,3.0,10.0,13.0,3.0,9.0,2.0,4.0,0.0,0.0,2.42,3.17,2.95
T1,2021-04-04,Buyuksehyr,Yeni Malatyaspor,1421.26,,4.0,6.0,1.0,2.0,3.0,1.0,H,1.0,0.0,H,11.0,8.0,7.0,2.0,12.0,11.0,7.0,3.0,2.0,1.0,0.0,0.0,1.81,3.54,4.34
T1,2021-04-04,Kasimpasa,Besiktas,1348.64,1575.17,2.0,2.0,7.0,13.0,1.0,0.0,H,1.0,0.0,H,11.0,16.0,4.0,2.0,13.0,9.0,2.0,5.0,3.0,1.0,0.0,0.0,4.86,4.04,1.63
T1,2021-04-05,Fenerbahce,Denizlispor,1513.68,1292.7,4.0,8.0,4.0,7.0,1.0,0.0,H,0.0,0.0,D,20.0,3.0,2.0,1.0,13.0,23.0,13.0,1.0,1.0,0.0,0.0,0.0,1.3,5.33,8.84
T1,2021-04-06,Goztep,Rizespor,1380.47,1361.8,1.0,5.0,7.0,8.0,2.0,0.0,H,0.0,0.0,D,11.0,8.0,4.0,0.0,15.0,11.0,5.0,1.0,2.0,2.0,0.0,1.0,2.34,3.26,3.05
T1,2021-04-06,Karagumruk,Hatayspor,1399.46,1423.2,4.0,5.0,3.0,7.0,1.0,0.0,H,0.0,0.0,D,9.0,10.0,3.0,4.0,16.0,10.0,10.0,3.0,1.0,1.0,0.0,0.0,2.38,3.33,2.91
T1,2021-04-06,Trabzonspor,Kayserispor,1523.9,1339.52,5.0,8.0,1.0,7.0,1.0,1.0,D,1.0,1.0,D,28.0,5.0,11.0,2.0,7.0,11.0,7.0,4.0,1.0,4.0,0.0,0.0,1.67,3.71,5.19
T1,2021-04-07,Genclerbirligi,Erzurum BB,1304.07,1318.91,9.0,9.0,1.0,2.0,1.0,1.0,D,1.0,0.0,H,6.0,23.0,2.0,5.0,17.0,8.0,4.0,8.0,2.0,2.0,0.0,0.0,2.81,3.32,2.46
T1,2021-04-07,Konyaspor,Ankaragucu,1387.48,,7.0,8.0,6.0,12.0,1.0,1.0,D,0.0,0.0,D,11.0,11.0,3.0,5.0,14.0,9.0,4.0,4.0,2.0,1.0,0.0,0.0,2.07,3.25,3.68
T1,2021-04-07,Antalyaspor,Sivasspor,1404.38,1454.76,3.0,5.0,7.0,9.0,2.0,4.0,A,1.0,2.0,A,12.0,11.0,7.0,8.0,5.0,10.0,1.0,1.0,3.0,2.0,0.0,0.0,2.83,3.01,2.64
T1,2021-04-07,Besiktas,Alanyaspor,1575.17,1477.92,4.0,10.0,3.0,7.0,3.0,0.0,H,1.0,0.0,H,17.0,13.0,7.0,6.0,14.0,11.0,4.0,5.0,2.0,2.0,0.0,0.0,1.8,3.75,4.13
T1,2021-04-08,Denizlispor,Kasimpasa,1292.7,1348.64,1.0,4.0,4.0,5.0,1.0,1.0,D,0.0,0.0,D,15.0,13.0,6.0,3.0,9.0,16.0,1.0,2.0,2.0,0.0,0.0,0.0,2.86,3.3,2.42
T1,2021-04-08,Gaziantep,Buyuksehyr,,1421.26,4.0,8.0,4.0,8.0,2.0,0.0,H,1.0,0.0,H,6.0,16.0,2.0,5.0,8.0,3.0,2.0,13.0,1.0,1.0,0.0,0.0,2.68,3.39,2.52
T1,2021-04-08,Yeni Malatyaspor,Fenerbahce,,1513.68,1.0,2.0,4.0,8.0,1.0,1.0,D,1.0,1.0,D,8.0,14.0,1.0,4.0,14.0,15.0,4.0,7.0,0.0,0.0,0.0,0.0,4.61,3.77,1.71
T1,2021-04-10,Hatayspor,Goztep,1423.2,1380.47,3.0,4.0,4.0,7.0,2.0,3.0,A,0.0,2.0,A,16.0,16.0,3.0,7.0,8.0,15.0,5.0,2.0,2.0,4.0,0.0,0.0,2.02,3.46,3.6
T1,2021-04-10,Rizespor,Trabzonspor,1361.8,1523.9,4.0,7.0,5.0,6.0,0.0,0.0,D,0.0,0.0,D,12.0,17.0,3.0,7.0,13.0,10.0,2.0,7.0,4.0,3.0,0.0,1.0,3.61,3.21,2.11
T1,2021-04-10,Galatasaray,Karagumruk,1556.29,1399.46,3.0,4.0,7.0,7.0,1.0,1.0,D,0.0,0.0,D,17.0,9.0,4.0,7.0,15.0,15.0,3.0,9.0,5.0,2.0,1.0,0.0,1.51,4.24,5.94
T1,2021-04-11,Sivasspor,Konyaspor,1454.76,1387.48,7.0,11.0,7.0,8.0,3.0,1.0,H,1.0,0.0,H,9.0,13.0,6.0,5.0,15.0,15.0,2.0,5.0,1.0,2.0,1.0,0.0,2.03,3.29,3.75
T1,2021-04-11,Ankaragucu,Genclerbirligi,,1304.07,4.0,10.0,7.0,10.0,2.0,1.0,H,0.0,0.0,D,15.0,12.0,5.0,6.0,14.0,20.0,5.0,3.0,4.0,4.0,0.0,0.0,2.06,3.39,3.54
T1,2021-04-11,Kayserispor,Antalyaspor,1339.52,1404.38,2.0,5.0,3.0,4.0,0.0,1.0,A,0.0,1.0,A,13.0,5.0,5.0,3.0,9.0,10.0,7.0,3.0,2.0,4.0,0.0,0.0,2.45,3.09,2.99
T1,2021-04-11,Erzurum BB,Besiktas,1318.91,1575.17,1.0,2.0,4.0,10.0,2.0,4.0,A,2.0,2.0,D,12.0,10.0,4.0,6.0,16.0,19.0,3.0,2.0,1.0,2.0,0.0,0.0,4.84,3.98,1.65
T1,2021-04-12,Kasimpasa,Yeni Malatyaspor,1348.64,,4.0,6.0,2.0,2.0,0.0,0.0,D,0.0,0.0,D,14.0,5.0,3.0,1.0,11.0,9.0,4.0,4.0,1.0,1.0,0.0,0.0,2.11,3.41,3.34
T1,2021-04-12,Alanyaspor,Denizlispor,1477.92,1292.7,0.0,6.0,2.0,5.0,3.0,2.0,H,0.0,1.0,A,25.0,10.0,10.0,3.0,13.0,12.0,8.0,1.0,2.0,4.0,0.0,0.0,1.48,4.35,6.12
T1,2021-04-12,Fenerbahce,Gaziantep,1513.68,,5.0,8.0,7.0,10.0,3.0,1.0,H,0.0,0.0,D,17.0,11.0,9.0,3.0,10.0,15.0,8.0,3.0,2.0,2.0,0.0,0.0,1.44,4.54,6.63
T1,2021-04-16,Genclerbirligi,Sivasspor,1309.92,1473.41,4.0,10.0,7.0,13.0,2.0,3.0,A,2.0,0.0,H,8.0,17.0,5.0,8.0,11.0,8.0,3.0,5.0,2.0,3.0,0.0,0.0,3.88,3.44,1.94
T1,2021-04-16,Konyaspor,Kayserispor,1385.34,1336.39,4.0,8.0,2.0,2.0,0.0,0.0,D,0.0,0.0,D,19.0,8.0,6.0,1.0,6.0,15.0,10.0,3.0,0.0,3.0,0.0,0.0,2.19,3.14,3.48
T1,2021-04-16,Antalyaspor,Rizespor,1393.18,1355.73,3.0,6.0,2.0,8.0,2.0,3.0,A,1.0,2.0,A,17.0,8.0,5.0,6.0,11.0,13.0,7.0,3.0,2.0,2.0,0.0,0.0,2.58,3.0,2.93
T1,2021-04-16,Besiktas,Ankaragucu,1575.45,,6.0,10.0,7.0,10.0,2.0,2.0,D,1.0,0.0,H,9.0,7.0,3.0,3.0,12.0,17.0,5.0,2.0,1.0,2.0,0.0,0.0,1.36,4.95,7.85
T1,2021-04-17,Denizlispor,Erzurum BB,1287.55,1308.12,1.0,2.0,1.0,2.0,2.0,3.0,A,0.0,1.0,A,12.0,12.0,5.0,5.0,13.0,14.0,6.0,4.0,1.0,3.0,0.0,0.0,2.69,3.15,2.67
T1,2021-04-17,Trabzonspor,Hatayspor,1514.62,1422.2,3.0,7.0,3.0,3.0,1.0,1.0,D,1.0,0.0,H,10.0,10.0,3.0,2.0,17.0,22.0,6.0,1.0,3.0,4.0,0.0,0.0,2.05,3.44,3.52
T1,2021-04-17,Yeni Malatyaspor,Alanyaspor,,1460.22,2.0,3.0,3.0,6.0,1.0,0.0,H,0.0,0.0,D,3.0,9.0,1.0,4.0,13.0,16.0,2.0,7.0,4.0,0.0,0.0,0.0,3.11,3.35,2.26
T1,2021-04-17,Goztep,Galatasaray,1400.11,1533.97,7.0,7.0,1.0,5.0,1.0,3.0,A,1.0,2.0,A,6.0,14.0,1.0,6.0,13.0,11.0,3.0,8.0,1.0,1.0,0.0,0.0,3.69,3.78,1.9
T1,2021-04-18,Gaziantep,Kasimpasa,,1358.13,4.0,7.0,5.0,6.0,2.0,2.0,D,0.0,1.0,A,18.0,14.0,3.0,7.0,14.0,12.0,9.0,6.0,2.0,2.0,0.0,0.0,2.25,3.3,3.15
T1,2021-04-18,Buyuksehyr,Fenerbahce,1418.98,1519.72,4.0,7.0,7.0,8.0,1.0,2.0,A,1.0,1.0,D,8.0,17.0,5.0,7.0,18.0,12.0,1.0,6.0,3.0,3.0,1.0,0.0,3.4,3.68,2.0
T1,2021-04-20,Karagumruk,Goztep,1412.6,1400.11,5.0,8.0,6.0,7.0,1.0,1.0,D,1.0,0.0,H,8.0,13.0,6.0,3.0,11.0,11.0,4.0,7.0,1.0,1.0,0.0,0.0,2.73,3.39,2.47
T1,2021-04-20,Kayserispor,Genclerbirligi,1336.39,1309.92,2.0,3.0,1.0,7.0,2.0,2.0,D,1.0,0.0,H,9.0,9.0,4.0,3.0,19.0,11.0,6.0,3.0,5.0,2.0,0.0,0.0,1.93,3.5,3.87
T1,2021-04-20,Rizespor,Konyaspor,1355.73,1385.34,4.0,8.0,2.0,8.0,5.0,3.0,H,2.0,2.0,D,19.0,24.0,9.0,8.0,11.0,7.0,9.0,6.0,2.0,1.0,0.0,0.0,2.42,3.0,3.17
T1,2021-04-20,Hatayspor,Antalyaspor,1422.2,1393.18,1.0,4.0,3.0,6.0,3.0,2.0,H,1.0,0.0,H,21.0,13.0,9.0,9.0,13.0,11.0,7.0,7.0,2.0,0.0,0.0,0.0,1.78,3.62,4.44
T1,2021-04-20,Sivasspor,Besiktas,1473.41,1575.45,9.0,13.0,7.0,8.0,0.0,0.0,D,0.0,0.0,D,6.0,7.0,0.0,3.0,22.0,11.0,1.0,1.0,1.0,3.0,0.0,0.0,3.63,3.45,2.01
T1,2021-04-21,Ankaragucu,Denizlispor,,1287.55,5.0,8.0,1.0,2.0,1.0,1.0,D,1.0,1.0,D,15.0,5.0,6.0,2.0,13.0,22.0,6.0,3.0,2.0,3.0,0.0,0.0,1.77,3.7,4.43
T1,2021-04-21,Erzurum BB,Yeni Malatyaspor,1308.12,,4.0,4.0,5.0,6.0,1.0,0.0,H,0.0,0.0,D,15.0,8.0,4.0,2.0,16.0,12.0,2.0,6.0,1.0,1.0,0.0,0.0,2.36,3.39,2.92
T1,2021-04-21,Galatasaray,Trabzonspor,1533.97,1514.62,4.0,7.0,3.0,7.0,1.0,1.0,D,0.0,0.0,D,15.0,9.0,4.0,5.0,15.0,11.0,7.0,5.0,1.0,3.0,0.0,0.0,1.84,3.58,4.13
T1,2021-04-22,Alanyaspor,Gaziantep,1460.22,,3.0,3.0,4.0,8.0,3.0,2.0,H,2.0,2.0,D,17.0,8.0,7.0,4.0,10.0,13.0,4.0,4.0,3.0,1.0,0.0,0.0,1.69,3.79,4.73
T1,2021-04-22,Kasimpasa,Buyuksehyr,1358.13,1418.98,3.0,6.0,3.0,4.0,0.0,1.0,A,0.0,1.0,A,9.0,7.0,3.0,4.0,11.0,10.0,4.0,3.0,2.0,1.0,0.0,0.0,2.6,3.29,2.65
T1,2021-04-23,Genclerbirligi,Rizespor,1309.92,1355.73,1.0,5.0,7.0,8.0,2.0,1.0,H,1.0,0.0,H,12.0,14.0,6.0,3.0,11.0,10.0,4.0,7.0,1.0,0.0,0.0,0.0,2.76,3.37,2.47
T1,2021-04-24,Konyaspor,Hatayspor,1385.34,1422.2,1.0,5.0,4.0,7.0,0.0,0.0,D,0.0,0.0,D,12.0,5.0,4.0,4.0,10.0,14.0,4.0,0.0,4.0,1.0,1.0,0.0,2.71,3.3,2.55
T1,2021-04-24,Trabzonspor,Karagumruk,1514.62,1412.6,3.0,5.0,5.0,9.0,2.0,0.0,H,1.0,0.0,H,15.0,15.0,6.0,6.0,9.0,15.0,2.0,10.0,1.0,3.0,0.0,0.0,1.76,3.67,4.51
T1,2021-04-24,Antalyaspor,Galatasaray,1393.18,1533.97,3.0,3.0,5.0,5.0,0.0,1.0,A,0.0,0.0,D,3.0,22.0,1.0,8.0,17.0,13.0,1.0,8.0,7.0,1.0,2.0,0.0,5.41,3.93,1.6
T1,2021-04-24,Besiktas,Kayserispor,1575.45,1336.39,5.0,8.0,2.0,4.0,3.0,1.0,H,2.0,1.0,H,19.0,6.0,7.0,1.0,19.0,18.0,3.0,0.0,4.0,1.0,0.0,0.0,1.39,4.79,7.22
T1,2021-04-24,Denizlispor,Sivasspor,1287.55,1473.41,1.0,2.0,7.0,11.0,1.0,1.0,D,0.0,1.0,A,7.0,10.0,3.0,2.0,12.0,9.0,5.0,5.0,0.0,1.0,0.0,0.0,3.61,3.55,1.98
T1,2021-04-25,Yeni Malatyaspor,Ankaragucu,,,4.0,5.0,5.0,9.0,2.0,1.0,H,0.0,0.0,D,12.0,9.0,6.0,4.0,12.0,9.0,4.0,4.0,2.0,5.0,0.0,1.0,2.25,3.24,3.22
T1,2021-04-25,Buyuksehyr,Alanyaspor,1418.98,1460.22,3.0,7.0,6.0,6.0,0.0,0.0,D,0.0,0.0,D,3.0,13.0,0.0,5.0,17.0,7.0,4.0,3.0,1.0,0.0,0.0,0.0,2.4,3.33,2.88
T1,2021-04-25,Gaziantep,Erzurum BB,,1308.12,1.0,5.0,6.0,7.0,2.0,3.0,A,0.0,0.0,D,14.0,12.0,6.0,6.0,10.0,14.0,7.0,5.0,0.0,3.0,0.0,0.0,2.08,3.38,3.48
T1,2021-04-25,Fenerbahce,Kasimpasa,1519.72,1358.13,7.0,11.0,2.0,6.0,3.0,2.0,H,3.0,1.0,H,21.0,11.0,11.0,3.0,8.0,12.0,7.0,3.0,2.0,1.0,0.0,0.0,1.44,4.61,6.43
T1,2021-04-27,Hatayspor,Genclerbirligi,1422.2,1309.92,5.0,5.0,4.0,5.0,3.0,1.0,H,1.0,0.0,H,16.0,19.0,9.0,6.0,14.0,10.0,4.0,4.0,3.0,2.0,0.0,0.0,1.68,4.07,4.54
T1,2021-04-28,Goztep,Trabzonspor,1400.11,1514.62,4.0,8.0,5.0,7.0,1.0,1.0,D,1.0,0.0,H,14.0,14.0,3.0,7.0,10.0,14.0,7.0,2.0,5.0,2.0,1.0,1.0,3.17,3.49,2.17
T1,2021-04-28,Karagumruk,Antalyaspor,1412.6,1393.18,2.0,6.0,0.0,3.0,2.0,2.0,D,2.0,1.0,H,5.0,10.0,3.0,5.0,19.0,22.0,0.0,4.0,5.0,2.0,0.0,0.0,2.03,3.49,3.54
T1,2021-04-28,Kayserispor,Denizlispor,1336.39,1287.55,2.0,3.0,2.0,3.0,6.0,3.0,H,3.0,1.0,H,18.0,16.0,15.0,7.0,16.0,11.0,7.0,6.0,1.0,6.0,0.0,1.0,1.69,3.86,4.75
T1,2021-04-28,Galatasaray,Konyaspor,1533.97,1385.34,7.0,8.0,2.0,3.0,1.0,0.0,H,0.0,0.0,D,16.0,8.0,6.0,2.0,7.0,9.0,11.0,1.0,0.0,2.0,0.0,0.0,1.49,4.22,6.36
T1,2021-04-28,Rizespor,Besiktas,1355.73,1575.45,6.0,7.0,5.0,11.0,2.0,3.0,A,0.0,1.0,A,8.0,16.0,3.0,9.0,18.0,16.0,5.0,6.0,1.0,1.0,0.0,0.0,4.51,3.77,1.74
T1,2021-04-29,Erzurum BB,Buyuksehyr,1308.12,1418.98,9.0,10.0,4.0,7.0,1.0,2.0,A,1.0,0.0,H,21.0,12.0,5.0,5.0,11.0,9.0,5.0,6.0,2.0,3.0,0.0,1.0,3.23,3.31,2.21
T1,2021-04-29,Sivasspor,Yeni Malatyaspor,1473.41,,5.0,11.0,6.0,8.0,1.0,0.0,H,0.0,0.0,D,21.0,7.0,5.0,2.0,11.0,10.0,8.0,2.0,1.0,3.0,0.0,0.0,1.88,3.44,4.14
T1,2021-04-29,Alanyaspor,Fenerbahce,1460.22,1519.72,4.0,7.0,9.0,13.0,0.0,0.0,D,0.0,0.0,D,16.0,11.0,2.0,1.0,15.0,11.0,4.0,3.0,3.0,0.0,0.0,1.0,2.97,3.57,2.23
T1,2021-04-29,Ankaragucu,Gaziantep,,,2.0,6.0,1.0,4.0,0.0,1.0,A,0.0,0.0,D,15.0,10.0,0.0,3.0,8.0,19.0,8.0,4.0,1.0,4.0,0.0,0.0,2.15,3.59,3.12
T1,2021-05-01,Besiktas,Hatayspor,1575.29,1437.35,7.0,11.0,7.0,8.0,7.0,0.0,H,5.0,0.0,H,17.0,9.0,13.0,1.0,8.0,14.0,3.0,3.0,0.0,3.0,0.0,0.0,1.58,4.18,5.23
T1,2021-05-02,Antalyaspor,Goztep,1374.21,1395.71,1.0,4.0,2.0,8.0,2.0,3.0,A,1.0,1.0,D,14.0,7.0,5.0,3.0,12.0,10.0,7.0,2.0,0.0,1.0,0.0,0.0,2.71,3.36,2.52
T1,2021-05-02,Denizlispor,Rizespor,1276.58,1363.6,2.0,2.0,3.0,7.0,0.0,1.0,A,0.0,0.0,D,8.0,13.0,1.0,5.0,12.0,8.0,0.0,4.0,2.0,2.0,0.0,0.0,2.94,3.42,2.32
T1,2021-05-02,Konyaspor,Karagumruk,1369.36,1401.75,1.0,2.0,2.0,6.0,5.0,1.0,H,1.0,1.0,D,20.0,10.0,9.0,3.0,14.0,20.0,7.0,5.0,2.0,4.0,0.0,0.0,2.31,3.29,3.06
T1,2021-05-02,Genclerbirligi,Galatasaray,1309.85,1548.31,4.0,4.0,7.0,11.0,0.0,2.0,A,0.0,1.0,A,6.0,22.0,1.0,10.0,10.0,17.0,2.0,6.0,1.0,1.0,0.0,0.0,5.73,4.24,1.53
T1,2021-05-03,Buyuksehyr,Ankaragucu,1427.1,,7.0,7.0,1.0,5.0,2.0,1.0,H,0.0,1.0,A,8.0,8.0,3.0,3.0,10.0,10.0,7.0,5.0,3.0,5.0,0.0,0.0,1.76,3.66,4.46
T1,2021-05-03,Kasimpasa,Alanyaspor,1350.64,1457.8,1.0,3.0,5.0,8.0,3.0,0.0,H,2.0,0.0,H,9.0,18.0,8.0,5.0,17.0,9.0,1.0,5.0,0.0,1.0,0.0,0.0,2.98,3.44,2.28
T1,2021-05-03,Yeni Malatyaspor,Kayserispor,,1343.2,3.0,7.0,4.0,5.0,1.0,1.0,D,0.0,1.0,A,17.0,7.0,2.0,1.0,10.0,13.0,9.0,4.0,2.0,1.0,0.0,0.0,2.27,3.38,3.06
T1,2021-05-03,Fenerbahce,Erzurum BB,1529.25,1329.3,7.0,11.0,6.0,9.0,3.0,1.0,H,3.0,0.0,H,28.0,11.0,10.0,2.0,17.0,12.0,10.0,5.0,0.0,3.0,0.0,0.0,1.45,4.51,6.56
T1,2021-05-03,Gaziantep,Sivasspor,,1479.79,3.0,4.0,5.0,11.0,0.0,1.0,A,0.0,1.0,A,11.0,11.0,5.0,5.0,15.0,13.0,4.0,14.0,2.0,1.0,0.0,0.0,2.88,3.33,2.41
T1,2021-05-08,Ankaragucu,Fenerbahce,,1529.25,0.0,2.0,7.0,13.0,1.0,2.0,A,1.0,1.0,D,15.0,19.0,5.0,7.0,17.0,10.0,5.0,12.0,2.0,0.0,0.0,0.0,5.02,4.24,1.59
T1,2021-05-08,Erzurum BB,Kasimpasa,1329.3,1350.64,3.0,9.0,3.0,5.0,0.0,1.0,A,0.0,0.0,D,12.0,13.0,2.0,3.0,8.0,16.0,3.0,4.0,0.0,5.0,1.0,1.0,2.72,3.33,2.53
T1,2021-05-08,Galatasaray,Besiktas,1548.31,1575.29,9.0,13.0,9.0,11.0,3.0,1.0,H,2.0,1.0,H,9.0,7.0,5.0,2.0,18.0,18.0,4.0,5.0,4.0,3.0,0.0,0.0,2.4,3.39,2.86
T1,2021-05-08,Goztep,Konyaspor,1395.71,1369.36,5.0,8.0,4.0,5.0,0.0,1.0,A,0.0,0.0,D,8.0,10.0,3.0,6.0,12.0,9.0,5.0,3.0,3.0,0.0,0.0,0.0,2.32,3.4,2.96
T1,2021-05-08,Hatayspor,Denizlispor,1437.35,1276.58,4.0,8.0,1.0,2.0,1.0,0.0,H,0.0,0.0,D,14.0,11.0,3.0,2.0,11.0,8.0,1.0,3.0,1.0,1.0,0.0,0.0,1.46,4.53,6.34
T1,2021-05-08,Karagumruk,Genclerbirligi,1401.75,1309.85,1.0,3.0,3.0,4.0,5.0,1.0,H,2.0,0.0,H,14.0,8.0,7.0,2.0,20.0,10.0,8.0,6.0,2.0,2.0,0.0,0.0,2.15,3.58,3.15
T1,2021-05-08,Kayserispor,Gaziantep,1343.2,,4.0,6.0,3.0,4.0,0.0,0.0,D,0.0,0.0,D,10.0,11.0,2.0,1.0,9.0,12.0,5.0,3.0,2.0,2.0,0.0,0.0,2.2,3.46,3.14
T1,2021-05-08,Rizespor,Yeni Malatyaspor,1363.6,,3.0,9.0,4.0,7.0,0.0,4.0,A,0.0,2.0,A,8.0,12.0,1.0,9.0,10.0,10.0,4.0,3.0,3.0,0.0,1.0,0.0,2.5,3.27,2.81
T1,2021-05-08,Sivasspor,Buyuksehyr,1479.79,1427.1,7.0,11.0,7.0,10.0,0.0,0.0,D,0.0,0.0,D,11.0,7.0,2.0,2.0,6.0,8.0,5.0,7.0,0.0,2.0,0.0,0.0,2.46,3.1,3.01
T1,2021-05-08,Trabzonspor,Antalyaspor,1517.23,1374.21,5.0,7.0,1.0,1.0,2.0,1.0,H,1.0,0.0,H,14.0,7.0,8.0,2.0,11.0,14.0,5.0,3.0,1.0,3.0,0.0,0.0,1.71,3.53,5.17
T1,2021-05-11,Konyaspor,Trabzonspor,1369.36,1517.23,6.0,7.0,7.0,9.0,1.0,1.0,D,0.0,0.0,D,26.0,10.0,6.0,5.0,10.0,7.0,10.0,1.0,2.0,2.0,0.0,1.0,3.09,3.34,2.3
T1,2021-05-11,Alanyaspor,Erzurum BB,1457.8,1329.3,2.0,5.0,0.0,6.0,2.0,3.0,A,2.0,1.0,H,13.0,10.0,6.0,6.0,18.0,11.0,7.0,2.0,4.0,1.0,0.0,0.0,1.57,4.23,5.4
T1,2021-05-11,Besiktas,Karagumruk,1575.29,1401.75,6.0,10.0,4.0,5.0,1.0,2.0,A,0.0,1.0,A,17.0,5.0,5.0,5.0,21.0,19.0,8.0,2.0,2.0,7.0,0.0,1.0,1.23,6.32,11.27
T1,2021-05-11,Buyuksehyr,Kayserispor,1427.1,1343.2,7.0,11.0,5.0,6.0,0.0,0.0,D,0.0,0.0,D,3.0,7.0,0.0,2.0,7.0,7.0,1.0,6.0,1.0,1.0,0.0,0.0,2.2,3.23,3.39
T1,2021-05-11,Denizlispor,Galatasaray,1276.58,1548.31,0.0,2.0,9.0,13.0,1.0,4.0,A,0.0,2.0,A,7.0,19.0,3.0,10.0,12.0,6.0,1.0,6.0,5.0,0.0,1.0,0.0,12.61,6.86,1.2
T1,2021-05-11,Fenerbahce,Sivasspor,1529.25,1479.79,7.0,13.0,7.0,9.0,1.0,2.0,A,0.0,1.0,A,19.0,14.0,7.0,3.0,14.0,9.0,8.0,1.0,2.0,3.0,0.0,0.0,1.53,4.42,5.51
T1,2021-05-11,Gaziantep,Rizespor,,1363.6,4.0,4.0,3.0,6.0,4.0,5.0,A,0.0,3.0,A,19.0,10.0,7.0,6.0,14.0,12.0,9.0,3.0,4.0,2.0,0.0,0.0,1.98,3.67,3.56
T1,2021-05-11,Genclerbirligi,Goztep,1309.85,1395.71,0.0,4.0,4.0,5.0,5.0,3.0,H,1.0,2.0,A,12.0,5.0,8.0,3.0,4.0,11.0,4.0,6.0,2.0,2.0,0.0,0.0,2.83,3.53,2.36
T1,2021-05-11,Kasimpasa,Ankaragucu,1350.64,,6.0,7.0,0.0,1.0,3.0,1.0,H,2.0,0.0,H,10.0,16.0,5.0,7.0,27.0,12.0,2.0,3.0,4.0,3.0,0.0,0.0,2.22,3.54,3.06
T1,2021-05-11,Yeni Malatyaspor,Hatayspor,,1437.35,4.0,7.0,6.0,10.0,1.0,1.0,D,0.0,1.0,A,12.0,11.0,4.0,2.0,12.0,14.0,5.0,4.0,2.0,1.0,0.0,0.0,2.71,3.39,2.52
T1,2021-05-15,Ankaragucu,Alanyaspor,,1429.2,0.0,0.0,1.0,5.0,0.0,1.0,A,0.0,1.0,A,10.0,21.0,3.0,9.0,11.0,18.0,6.0,3.0,2.0,1.0,0.0,0.0,2.96,3.59,2.24
T1,2021-05-15,Antalyaspor,Konyaspor,1361.84,1396.28,1.0,1.0,7.0,8.0,0.0,0.0,D,0.0,0.0,D,10.0,8.0,3.0,3.0,13.0,16.0,1.0,4.0,3.0,2.0,0.0,0.0,3.23,3.38,2.19
T1,2021-05-15,Hatayspor,Gaziantep,1431.23,,4.0,8.0,1.0,4.0,0.0,1.0,A,0.0,0.0,D,12.0,9.0,4.0,4.0,12.0,14.0,3.0,1.0,1.0,1.0,0.0,0.0,1.53,4.26,5.79
T1,2021-05-15,Karagumruk,Denizlispor,1409.6,1261.18,6.0,7.0,0.0,1.0,5.0,1.0,H,2.0,1.0,H,24.0,8.0,11.0,3.0,13.0,16.0,6.0,0.0,0.0,2.0,0.0,1.0,1.44,4.69,6.36
T1,2021-05-15,Rizespor,Buyuksehyr,1361.51,1430.89,6.0,6.0,5.0,9.0,0.0,2.0,A,0.0,2.0,A,14.0,9.0,5.0,3.0,12.0,8.0,6.0,1.0,1.0,0.0,0.0,0.0,3.02,3.46,2.26
T1,2021-05-15,Sivasspor,Kasimpasa,1495.57,1382.96,7.0,11.0,9.0,9.0,2.0,1.0,H,1.0,0.0,H,19.0,6.0,9.0,3.0,14.0,11.0,7.0,1.0,2.0,3.0,0.0,0.0,1.64,3.88,5.12
T1,2021-05-15,Galatasaray,Yeni Malatyaspor,1568.79,,9.0,15.0,5.0,8.0,3.0,1.0,H,0.0,1.0,A,33.0,5.0,10.0,1.0,8.0,12.0,15.0,0.0,0.0,0.0,0.0,0.0,1.12,9.62,16.6
T1,2021-05-15,Goztep,Besiktas,1381.66,1560.97,3.0,5.0,3.0,9.0,1.0,2.0,A,1.0,1.0,D,9.0,14.0,3.0,3.0,17.0,13.0,3.0,6.0,1.0,1.0,0.0,0.0,8.51,5.7,1.3
T1,2021-05-15,Kayserispor,Fenerbahce,1349.38,1526.59,3.0,6.0,6.0,10.0,1.0,2.0,A,1.0,0.0,H,9.0,9.0,3.0,4.0,14.0,10.0,2.0,11.0,5.0,2.0,1.0,0.0,5.26,4.2,1.58
T1,2021-05-15,Trabzonspor,Genclerbirligi,1518.62,1308.11,5.0,9.0,3.0,6.0,2.0,1.0,H,1.0,0.0,H,20.0,9.0,11.0,4.0,7.0,8.0,9.0,2.0,1.0,2.0,0.0,0.0,1.86,4.26,3.46
T1,2021-08-13,Besiktas,Rizespor,1559.64,1344.7,3.0,9.0,3.0,6.0,3.0,0.0,H,1.0,0.0,H,19.0,3.0,6.0,0.0,23.0,16.0,4.0,5.0,2.0,1.0,0.0,0.0,1.53,4.36,5.72
T1,2021-08-14,Karagumruk,Gaziantep,1410.38,,9.0,10.0,4.0,7.0,3.0,2.0,H,2.0,1.0,H,11.0,11.0,5.0,4.0,10.0,15.0,4.0,1.0,2.0,3.0,0.0,1.0,2.11,3.37,3.48
T1,2021-08-14,Altay,Kayserispor,1298.4,1338.35,4.0,10.0,2.0,6.0,3.0,0.0,H,2.0,0.0,H,15.0,8.0,7.0,3.0,15.0,10.0,2.0,4.0,0.0,0.0,0.0,0.0,2.63,3.3,2.63
T1,2021-08-14,Hatayspor,Kasimpasa,1414.96,1372.85,4.0,7.0,6.0,9.0,1.0,1.0,D,0.0,1.0,A,10.0,11.0,2.0,4.0,12.0,13.0,7.0,3.0,3.0,3.0,0.0,0.0,2.1,3.5,3.35
T1,2021-08-15,Buyuksehyr,Alanyaspor,1440.01,1434.35,5.0,11.0,3.0,5.0,0.0,1.0,A,0.0,1.0,A,17.0,8.0,5.0,4.0,17.0,9.0,8.0,0.0,0.0,2.0,0.0,0.0,2.51,3.31,2.77
T1,2021-08-15,Ad. Demirspor,Fenerbahce,1302.84,1529.93,0.0,0.0,6.0,10.0,0.0,1.0,A,0.0,0.0,D,20.0,14.0,7.0,4.0,9.0,13.0,5.0,5.0,1.0,2.0,0.0,0.0,4.37,3.91,1.73
T1,2021-08-15,Antalyaspor,Goztep,1359.6,1375.3,1.0,2.0,0.0,4.0,1.0,1.0,D,1.0,0.0,H,4.0,12.0,2.0,4.0,17.0,13.0,2.0,8.0,3.0,5.0,0.0,0.0,2.38,3.31,2.94
T1,2021-08-16,Sivasspor,Konyaspor,1501.91,1395.27,7.0,13.0,5.0,8.0,0.0,1.0,A,0.0,0.0,D,14.0,14.0,3.0,5.0,13.0,9.0,5.0,3.0,0.0,2.0,0.0,0.0,2.02,3.3,3.79
T1,2021-08-16,Yeni Malatyaspor,Trabzonspor,,1522.67,4.0,5.0,7.0,11.0,1.0,5.0,A,1.0,4.0,A,16.0,14.0,3.0,8.0,7.0,11.0,8.0,2.0,2.0,1.0,0.0,0.0,3.85,3.49,1.94
T1,2021-08-16,Giresunspor,Galatasaray,1302.84,1560.96,0.0,0.0,9.0,15.0,0.0,2.0,A,0.0,2.0,A,7.0,10.0,1.0,6.0,12.0,14.0,5.0,4.0,0.0,2.0,1.0,1.0,5.38,4.1,1.58
T1,2021-08-20,Kayserispor,Ad. Demirspor,1329.44,1302.84,1.0,3.0,0.0,0.0,1.0,1.0,D,1.0,0.0,H,12.0,12.0,3.0,6.0,12.0,13.0,6.0,6.0,1.0,6.0,0.0,0.0,3.12,3.3,2.3
T1,2021-08-21,Kasimpasa,Giresunspor,1380.0,1302.84,4.0,10.0,0.0,0.0,2.0,0.0,H,1.0,0.0,H,9.0,15.0,3.0,1.0,15.0,9.0,3.0,2.0,3.0,3.0,0.0,0.0,2.05,3.38,3.58
T1,2021-08-21,Rizespor,Karagumruk,1345.08,1421.36,3.0,6.0,9.0,12.0,0.0,0.0,D,0.0,0.0,D,7.0,10.0,1.0,4.0,13.0,13.0,2.0,6.0,1.0,1.0,0.0,0.0,2.61,3.25,2.68
T1,2021-08-21,Alanyaspor,Altay,1434.35,1316.19,6.0,7.0,6.0,10.0,1.0,4.0,A,0.0,2.0,A,10.0,23.0,2.0,7.0,10.0,11.0,1.0,5.0,3.0,0.0,2.0,0.0,2.11,3.23,3.58
T1,2021-08-21,Gaziantep,Besiktas,,1568.13,3.0,4.0,6.0,9.0,0.0,0.0,D,0.0,0.0,D,10.0,7.0,1.0,3.0,9.0,10.0,5.0,2.0,2.0,2.0,0.0,0.0,4.07,3.71,1.83
T1,2021-08-22,Konyaspor,Buyuksehyr,1395.27,1440.01,5.0,11.0,4.0,8.0,2.0,1.0,H,0.0,1.0,A,15.0,13.0,6.0,4.0,7.0,12.0,4.0,5.0,1.0,0.0,0.0,0.0,2.58,3.01,2.9
T1,2021-08-22,Fenerbahce,Antalyaspor,1529.93,1359.6,6.0,12.0,2.0,3.0,2.0,0.0,H,0.0,0.0,D,21.0,11.0,7.0,4.0,8.0,8.0,13.0,2.0,1.0,2.0,0.0,0.0,1.51,4.27,5.88
T1,2021-08-22,Goztep,Yeni Malatyaspor,1375.3,,1.0,4.0,1.0,5.0,0.0,1.0,A,0.0,0.0,D,10.0,11.0,3.0,2.0,8.0,11.0,4.0,1.0,1.0,1.0,0.0,0.0,2.16,3.25,3.41
T1,2021-08-23,Trabzonspor,Sivasspor,1522.67,1501.91,7.0,11.0,6.0,10.0,2.0,1.0,H,1.0,0.0,H,14.0,17.0,6.0,4.0,18.0,9.0,4.0,4.0,4.0,2.0,0.0,0.0,1.86,3.53,4.08
T1,2021-08-23,Galatasaray,Hatayspor,1560.96,1416.69,9.0,15.0,2.0,5.0,2.0,1.0,H,1.0,1.0,D,14.0,6.0,4.0,4.0,11.0,14.0,17.0,1.0,1.0,2.0,0.0,0.0,1.46,4.54,6.23
T1,2021-08-27,Antalyaspor,Rizespor,1359.6,1345.08,2.0,2.0,1.0,4.0,3.0,2.0,H,1.0,0.0,H,11.0,12.0,5.0,6.0,18.0,16.0,7.0,1.0,2.0,3.0,0.0,0.0,1.93,3.52,3.92
T1,2021-08-27,Ad. Demirspor,Konyaspor,1302.84,1395.27,2.0,3.0,7.0,11.0,1.0,1.0,D,0.0,0.0,D,14.0,9.0,3.0,2.0,13.0,14.0,1.0,3.0,0.0,3.0,0.0,0.0,2.11,3.37,3.49
T1,2021-08-28,Buyuksehyr,Kayserispor,1440.01,1329.44,3.0,5.0,1.0,3.0,0.0,1.0,A,0.0,1.0,A,14.0,5.0,2.0,3.0,16.0,9.0,11.0,2.0,3.0,1.0,0.0,0.0,1.78,3.61,4.5
T1,2021-08-28,Yeni Malatyaspor,Gaziantep,,,3.0,7.0,4.0,5.0,2.0,0.0,H,1.0,0.0,H,9.0,20.0,3.0,4.0,5.0,9.0,1.0,6.0,1.0,3.0,0.0,0.0,2.32,3.57,2.86
T1,2021-08-28,Besiktas,Karagumruk,1568.13,1421.36,7.0,7.0,7.0,13.0,1.0,0.0,H,1.0,0.0,H,18.0,10.0,7.0,1.0,12.0,20.0,9.0,1.0,3.0,4.0,1.0,0.0,1.57,4.26,5.35
T1,2021-08-28,Hatayspor,Alanyaspor,1416.69,1434.35,1.0,5.0,6.0,6.0,5.0,0.0,H,3.0,0.0,H,16.0,8.0,8.0,1.0,14.0,14.0,3.0,4.0,5.0,1.0,0.0,0.0,2.29,3.51,2.96
T1,2021-08-29,Kasimpasa,Galatasaray,1380.0,1560.96,4.0,10.0,9.0,15.0,2.0,2.0,D,1.0,2.0,A,17.0,13.0,5.0,6.0,7.0,10.0,4.0,2.0,2.0,0.0,0.0,0.0,4.4,3.86,1.74
T1,2021-08-29,Sivasspor,Goztep,1501.91,1375.3,3.0,7.0,1.0,1.0,2.0,2.0,D,1.0,0.0,H,11.0,8.0,3.0,5.0,14.0,12.0,5.0,7.0,0.0,1.0,1.0,0.0,2.09,3.36,3.54
T1,2021-08-29,Altay,Fenerbahce,1316.19,1529.93,6.0,10.0,9.0,12.0,0.0,2.0,A,0.0,0.0,D,9.0,9.0,0.0,5.0,15.0,15.0,3.0,5.0,0.0,1.0,0.0,0.0,3.17,3.47,2.19
T1,2021-08-29,Giresunspor,Trabzonspor,1302.84,1522.67,0.0,0.0,9.0,13.0,0.0,1.0,A,0.0,1.0,A,10.0,13.0,3.0,5.0,8.0,13.0,2.0,4.0,1.0,3.0,0.0,0.0,4.73,3.91,1.69
T1,2021-09-11,Karagumruk,Ad. Demirspor,1411.3,1297.02,4.0,10.0,2.0,3.0,4.0,0.0,H,2.0,0.0,H,16.0,11.0,8.0,2.0,8.0,11.0,6.0,4.0,0.0,2.0,0.0,0.0,2.19,3.47,3.16
T1,2021-09-11,Konyaspor,Altay,1407.04,1325.59,7.0,9.0,6.0,9.0,3.0,1.0,H,2.0,0.0,H,14.0,15.0,5.0,7.0,14.0,13.0,6.0,7.0,3.0,2.0,0.0,0.0,2.38,3.3,2.97
T1,2021-09-11,Besiktas,Yeni Malatyaspor,1562.56,,7.0,10.0,6.0,7.0,3.0,0.0,H,2.0,0.0,H,16.0,7.0,9.0,2.0,14.0,10.0,9.0,3.0,1.0,0.0,0.0,0.0,1.35,4.98,8.42
T1,2021-09-11,Kayserispor,Kasimpasa,1333.04,1384.44,4.0,5.0,5.0,8.0,2.0,0.0,H,1.0,0.0,H,8.0,6.0,4.0,1.0,18.0,11.0,0.0,4.0,3.0,2.0,0.0,0.0,2.66,3.23,2.66
T1,2021-09-12,Fenerbahce,Sivasspor,1542.72,1457.22,9.0,12.0,1.0,7.0,1.0,1.0,D,1.0,1.0,D,13.0,7.0,5.0,3.0,9.0,12.0,2.0,2.0,2.0,3.0,0.0,0.0,1.59,4.04,5.37
T1,2021-09-12,Rizespor,Hatayspor,1333.33,1422.7,1.0,4.0,4.0,5.0,0.0,2.0,A,0.0,0.0,D,5.0,20.0,0.0,10.0,12.0,11.0,5.0,3.0,0.0,2.0,0.0,0.0,2.83,3.36,2.44
T1,2021-09-12,Goztep,Buyuksehyr,1364.74,1405.06,2.0,2.0,0.0,4.0,2.0,1.0,H,0.0,1.0,A,10.0,22.0,5.0,7.0,11.0,8.0,2.0,6.0,4.0,3.0,0.0,0.0,2.62,3.25,2.69
T1,2021-09-12,Trabzonspor,Galatasaray,1531.57,1564.98,9.0,13.0,7.0,13.0,2.0,2.0,D,1.0,2.0,A,19.0,15.0,6.0,6.0,9.0,6.0,7.0,3.0,2.0,1.0,0.0,0.0,2.37,3.42,2.89
T1,2021-09-13,Alanyaspor,Giresunspor,1401.32,1281.73,3.0,6.0,0.0,0.0,1.0,0.0,H,1.0,0.0,H,9.0,15.0,2.0,6.0,14.0,11.0,7.0,11.0,3.0,4.0,0.0,0.0,2.03,3.48,3.56
T1,2021-09-13,Gaziantep,Antalyaspor,,1354.68,1.0,4.0,4.0,5.0,2.0,0.0,H,0.0,0.0,D,10.0,15.0,2.0,2.0,8.0,9.0,3.0,4.0,5.0,2.0,0.0,0.0,2.31,3.37,3.01
T1,2021-09-17,Altay,Goztep,1318.79,1372.38,3.0,6.0,4.0,5.0,2.0,1.0,H,0.0,1.0,A,19.0,10.0,8.0,7.0,12.0,10.0,5.0,3.0,2.0,2.0,0.0,0.0,2.25,3.34,3.2
T1,2021-09-17,Yeni Malatyaspor,Karagumruk,,1419.46,6.0,6.0,4.0,10.0,3.0,4.0,A,3.0,2.0,H,8.0,12.0,4.0,5.0,13.0,13.0,2.0,5.0,7.0,3.0,1.0,0.0,2.87,3.32,2.45
T1,2021-09-18,Sivasspor,Gaziantep,1461.08,,2.0,5.0,4.0,7.0,1.0,1.0,D,1.0,0.0,H,8.0,15.0,3.0,5.0,15.0,7.0,5.0,3.0,3.0,0.0,0.0,0.0,1.93,3.53,3.89
T1,2021-09-18,Kasimpasa,Trabzonspor,1373.08,1530.92,4.0,5.0,7.0,13.0,0.0,1.0,A,0.0,0.0,D,15.0,12.0,3.0,9.0,11.0,9.0,8.0,3.0,3.0,2.0,0.0,0.0,3.8,3.77,1.89
T1,2021-09-18,Ad. Demirspor,Rizespor,1288.86,1323.32,2.0,3.0,1.0,1.0,3.0,1.0,H,2.0,0.0,H,23.0,9.0,7.0,3.0,17.0,13.0,5.0,12.0,2.0,4.0,0.0,0.0,1.87,3.62,4.06
T1,2021-09-18,Antalyaspor,Besiktas,1346.57,1567.26,3.0,5.0,7.0,13.0,2.0,3.0,A,2.0,0.0,H,11.0,19.0,5.0,7.0,10.0,14.0,7.0,5.0,0.0,2.0,0.0,0.0,4.52,3.7,1.76
T1,2021-09-19,Giresunspor,Konyaspor,1277.78,1413.83,0.0,0.0,7.0,11.0,0.0,0.0,D,0.0,0.0,D,16.0,9.0,3.0,0.0,12.0,9.0,9.0,0.0,2.0,1.0,0.0,0.0,2.62,3.19,2.76
T1,2021-09-19,Galatasaray,Alanyaspor,1565.63,1405.26,5.0,11.0,3.0,9.0,0.0,1.0,A,0.0,0.0,D,17.0,9.0,3.0,3.0,6.0,8.0,13.0,3.0,0.0,5.0,0.0,0.0,1.49,4.45,6.19
T1,2021-09-19,Buyuksehyr,Fenerbahce,1397.42,1538.86,0.0,3.0,7.0,13.0,2.0,0.0,H,1.0,0.0,H,6.0,14.0,2.0,5.0,9.0,10.0,1.0,6.0,0.0,1.0,0.0,0.0,3.46,3.46,2.07
T1,2021-09-19,Hatayspor,Kayserispor,1432.71,1344.4,6.0,7.0,7.0,7.0,2.0,1.0,H,0.0,1.0,A,21.0,6.0,5.0,1.0,15.0,11.0,12.0,4.0,4.0,2.0,0.0,0.0,1.92,3.73,3.68
T1,2021-09-21,Karagumruk,Antalyaspor,1419.46,1346.57,6.0,10.0,3.0,4.0,0.0,0.0,D,0.0,0.0,D,16.0,12.0,5.0,5.0,12.0,16.0,4.0,3.0,4.0,2.0,0.0,0.0,2.09,3.38,3.49
T1,2021-09-21,Rizespor,Altay,1323.32,1318.79,0.0,1.0,3.0,9.0,1.0,2.0,A,0.0,1.0,A,16.0,11.0,4.0,3.0,12.0,22.0,3.0,4.0,2.0,4.0,0.0,1.0,3.18,3.45,2.2
T1,2021-09-21,Besiktas,Ad. Demirspor,1567.26,1288.86,9.0,13.0,4.0,5.0,3.0,3.0,D,2.0,0.0,H,13.0,12.0,6.0,4.0,14.0,13.0,5.0,6.0,4.0,2.0,1.0,0.0,1.41,4.91,6.82
T1,2021-09-21,Yeni Malatyaspor,Sivasspor,,1461.08,3.0,6.0,3.0,3.0,0.0,1.0,A,0.0,0.0,D,9.0,11.0,3.0,4.0,7.0,15.0,5.0,6.0,2.0,3.0,0.0,0.0,2.83,3.25,2.5
T1,2021-09-22,Gaziantep,Buyuksehyr,,1397.42,4.0,5.0,3.0,3.0,1.0,0.0,H,1.0,0.0,H,9.0,15.0,2.0,2.0,7.0,4.0,3.0,15.0,2.0,1.0,0.0,0.0,2.62,3.31,2.65
T1,2021-09-22,Goztep,Hatayspor,1372.38,1432.71,4.0,5.0,9.0,10.0,0.0,2.0,A,0.0,1.0,A,13.0,17.0,3.0,5.0,16.0,13.0,9.0,3.0,2.0,3.0,1.0,0.0,2.56,3.31,2.72
T1,2021-09-22,Kayserispor,Galatasaray,1344.4,1565.63,6.0,7.0,2.0,8.0,3.0,0.0,H,2.0,0.0,H,11.0,19.0,4.0,2.0,12.0,11.0,3.0,9.0,3.0,3.0,0.0,0.0,4.52,3.71,1.76
T1,2021-09-23,Konyaspor,Trabzonspor,1413.83,1530.92,5.0,11.0,7.0,13.0,2.0,2.0,D,1.0,1.0,D,31.0,14.0,10.0,5.0,14.0,10.0,9.0,4.0,3.0,1.0,0.0,1.0,3.37,3.52,2.08
T1,2021-09-23,Alanyaspor,Kasimpasa,1405.26,1373.08,6.0,9.0,1.0,5.0,2.0,0.0,H,0.0,0.0,D,14.0,10.0,3.0,3.0,14.0,13.0,6.0,4.0,1.0,4.0,0.0,0.0,1.9,3.67,3.79
T1,2021-09-23,Fenerbahce,Giresunspor,1538.86,1277.78,4.0,10.0,1.0,1.0,2.0,1.0,H,1.0,0.0,H,7.0,8.0,4.0,2.0,16.0,13.0,6.0,2.0,2.0,1.0,0.0,0.0,1.39,4.65,7.88
T1,2021-09-24,Altay,Besiktas,1318.79,1567.26,6.0,9.0,7.0,11.0,2.0,1.0,H,0.0,0.0,D,10.0,12.0,3.0,7.0,12.0,8.0,2.0,5.0,0.0,0.0,0.0,0.0,2.72,3.37,2.52
T1,2021-09-25,Sivasspor,Karagumruk,1461.08,1419.46,5.0,6.0,7.0,8.0,4.0,0.0,H,1.0,0.0,H,17.0,12.0,9.0,4.0,9.0,8.0,6.0,7.0,0.0,2.0,0.0,0.0,2.26,3.33,3.16
T1,2021-09-25,Antalyaspor,Yeni Malatyaspor,1346.57,,1.0,4.0,0.0,6.0,1.0,0.0,H,0.0,0.0,D,17.0,9.0,2.0,2.0,12.0,10.0,8.0,2.0,2.0,1.0,0.0,0.0,2.05,3.49,3.5
T1,2021-09-25,Ad. Demirspor,Gaziantep,1288.86,,4.0,6.0,7.0,8.0,4.0,0.0,H,1.0,0.0,H,6.0,8.0,4.0,0.0,7.0,12.0,1.0,9.0,1.0,3.0,0.0,0.0,2.18,3.3,3.36
T1,2021-09-26,Giresunspor,Kayserispor,1277.78,1344.4,1.0,1.0,6.0,10.0,1.0,1.0,D,1.0,1.0,D,21.0,6.0,5.0,2.0,13.0,13.0,7.0,3.0,3.0,2.0,0.0,0.0,2.41,3.23,2.98
T1,2021-09-26,Buyuksehyr,Rizespor,1397.42,1323.32,3.0,3.0,0.0,1.0,3.0,0.0,H,1.0,0.0,H,15.0,14.0,8.0,2.0,10.0,9.0,1.0,3.0,0.0,0.0,0.0,0.0,1.68,3.77,5.02
T1,2021-09-26,Hatayspor,Fenerbahce,1432.71,1538.86,9.0,12.0,4.0,10.0,1.0,2.0,A,0.0,2.0,A,9.0,15.0,3.0,6.0,4.0,15.0,5.0,4.0,2.0,2.0,0.0,0.0,3.02,3.43,2.29
T1,2021-09-26,Galatasaray,Goztep,1565.63,1372.38,1.0,5.0,3.0,4.0,2.0,1.0,H,0.0,1.0,A,14.0,6.0,5.0,1.0,15.0,12.0,5.0,5.0,3.0,0.0,0.0,0.0,1.51,4.31,6.06
T1,2021-09-27,Kasimpasa,Konyaspor,1373.08,1413.83,0.0,4.0,5.0,9.0,2.0,2.0,D,1.0,2.0,A,18.0,9.0,6.0,5.0,14.0,16.0,8.0,2.0,3.0,1.0,0.0,0.0,2.5,3.26,2.8
T1,2021-09-27,Trabzonspor,Alanyaspor,1530.92,1405.26,5.0,11.0,9.0,9.0,1.0,1.0,D,1.0,1.0,D,19.0,19.0,7.0,6.0,10.0,7.0,10.0,3.0,2.0,2.0,1.0,0.0,1.58,4.2,5.26
T1,2021-10-01,Antalyaspor,Ad. Demirspor,1355.88,1327.92,4.0,7.0,7.0,8.0,1.0,2.0,A,0.0,1.0,A,13.0,11.0,3.0,3.0,13.0,13.0,10.0,2.0,3.0,1.0,0.0,0.0,2.47,3.37,2.8
T1,2021-10-01,Karagumruk,Buyuksehyr,1415.47,1415.45,4.0,7.0,6.0,6.0,3.0,1.0,H,3.0,0.0,H,8.0,18.0,4.0,6.0,5.0,11.0,1.0,10.0,0.0,3.0,0.0,0.0,3.22,3.44,2.2
T1,2021-10-02,Konyaspor,Alanyaspor,1416.67,1433.61,3.0,7.0,7.0,10.0,1.0,1.0,D,0.0,0.0,D,17.0,10.0,4.0,5.0,9.0,9.0,7.0,5.0,2.0,3.0,0.0,0.0,2.4,3.2,3.05
T1,2021-10-02,Goztep,Giresunspor,1354.12,1281.59,0.0,4.0,2.0,2.0,0.0,1.0,A,0.0,0.0,D,16.0,9.0,5.0,5.0,16.0,6.0,8.0,3.0,3.0,6.0,0.0,0.0,1.95,3.41,3.94
T1,2021-10-02,Kayserispor,Trabzonspor,1363.37,1532.78,4.0,10.0,5.0,9.0,1.0,2.0,A,1.0,1.0,D,16.0,16.0,4.0,6.0,14.0,10.0,7.0,1.0,3.0,1.0,0.0,0.0,3.91,3.55,1.92
T1,2021-10-02,Besiktas,Sivasspor,1549.89,1478.73,4.0,10.0,7.0,9.0,2.0,1.0,H,1.0,0.0,H,10.0,8.0,4.0,2.0,14.0,15.0,3.0,2.0,2.0,1.0,0.0,0.0,1.87,3.61,4.03
T1,2021-10-03,Yeni Malatyaspor,Hatayspor,,1443.39,0.0,3.0,6.0,12.0,0.0,2.0,A,0.0,1.0,A,15.0,15.0,2.0,6.0,9.0,6.0,7.0,5.0,2.0,3.0,0.0,0.0,3.22,3.49,2.17
T1,2021-10-03,Fenerbahce,Kasimpasa,1532.54,1362.84,6.0,10.0,1.0,2.0,2.0,1.0,H,2.0,0.0,H,10.0,8.0,5.0,2.0,20.0,12.0,3.0,3.0,5.0,3.0,0.0,0.0,1.49,4.36,6.28
T1,2021-10-03,Gaziantep,Altay,,1350.88,4.0,7.0,9.0,9.0,4.0,1.0,H,0.0,0.0,D,16.0,13.0,8.0,3.0,12.0,13.0,8.0,7.0,2.0,1.0,0.0,0.0,2.67,3.33,2.61
T1,2021-10-03,Rizespor,Galatasaray,1299.44,1551.89,0.0,0.0,3.0,5.0,2.0,3.0,A,2.0,1.0,H,12.0,21.0,5.0,8.0,19.0,11.0,6.0,6.0,4.0,4.0,0.0,1.0,4.63,3.88,1.71
T1,2021-10-15,Buyuksehyr,Besiktas,1406.17,1554.7,3.0,6.0,4.0,10.0,3.0,2.0,H,1.0,0.0,H,11.0,18.0,8.0,8.0,16.0,10.0,2.0,5.0,2.0,2.0,0.0,0.0,3.05,3.4,2.28
T1,2021-10-16,Giresunspor,Rizespor,1293.04,1295.92,4.0,5.0,0.0,0.0,2.0,0.0,H,0.0,0.0,D,16.0,5.0,5.0,3.0,10.0,8.0,7.0,7.0,3.0,0.0,0.0,1.0,1.93,3.4,3.98
T1,2021-10-16,Sivasspor,Antalyaspor,1473.93,1345.48,6.0,8.0,4.0,4.0,2.0,2.0,D,2.0,2.0,D,9.0,9.0,2.0,3.0,17.0,16.0,1.0,2.0,2.0,6.0,0.0,0.0,1.81,3.58,4.29
T1,2021-10-16,Ad. Demirspor,Yeni Malatyaspor,1338.32,,7.0,10.0,0.0,0.0,0.0,2.0,A,0.0,1.0,A,25.0,9.0,6.0,6.0,6.0,12.0,7.0,3.0,2.0,2.0,0.0,0.0,1.73,3.85,4.4
T1,2021-10-17,Kasimpasa,Goztep,1359.84,1342.67,1.0,1.0,0.0,3.0,1.0,2.0,A,0.0,0.0,D,13.0,13.0,4.0,10.0,14.0,16.0,5.0,4.0,3.0,1.0,0.0,0.0,2.3,3.37,3.01
T1,2021-10-17,Altay,Karagumruk,1341.41,1424.75,6.0,9.0,4.0,10.0,0.0,1.0,A,0.0,1.0,A,18.0,4.0,2.0,3.0,24.0,10.0,6.0,2.0,3.0,4.0,0.0,0.0,2.06,3.52,3.4
T1,2021-10-17,Galatasaray,Konyaspor,1555.42,1415.42,6.0,7.0,3.0,7.0,1.0,0.0,H,1.0,0.0,H,11.0,16.0,5.0,3.0,15.0,8.0,3.0,6.0,3.0,2.0,0.0,0.0,1.53,4.16,5.93
T1,2021-10-17,Trabzonspor,Fenerbahce,1538.11,1535.54,5.0,9.0,9.0,10.0,3.0,1.0,H,1.0,1.0,D,20.0,5.0,7.0,4.0,15.0,13.0,1.0,2.0,2.0,5.0,0.0,1.0,2.39,3.28,2.94
T1,2021-10-18,Alanyaspor,Kayserispor,1434.85,1358.04,5.0,11.0,4.0,7.0,6.0,3.0,H,3.0,2.0,H,18.0,13.0,12.0,5.0,8.0,13.0,6.0,5.0,3.0,3.0,0.0,0.0,1.7,3.91,4.54
T1,2021-10-18,Hatayspor,Gaziantep,1453.37,,6.0,12.0,6.0,10.0,2.0,1.0,H,0.0,0.0,D,15.0,7.0,6.0,5.0,14.0,9.0,6.0,3.0,2.0,5.0,0.0,0.0,1.78,3.73,4.26
T1,2021-10-22,Yeni Malatyaspor,Altay,,1341.41,3.0,3.0,3.0,9.0,2.0,1.0,H,0.0,0.0,D,13.0,10.0,5.0,3.0,18.0,14.0,6.0,3.0,2.0,3.0,0.0,0.0,2.59,3.42,2.61
T1,2021-10-23,Rizespor,Kasimpasa,1295.92,1359.84,0.0,0.0,1.0,1.0,2.0,1.0,H,1.0,0.0,H,8.0,18.0,3.0,5.0,18.0,16.0,7.0,5.0,3.0,4.0,0.0,0.0,2.84,3.36,2.42
T1,2021-10-23,Gaziantep,Giresunspor,,1293.04,3.0,7.0,7.0,8.0,1.0,1.0,D,0.0,0.0,D,6.0,15.0,3.0,6.0,11.0,6.0,3.0,5.0,3.0,3.0,0.0,0.0,2.34,3.18,3.13
T1,2021-10-23,Konyaspor,Kayserispor,1415.42,1358.04,2.0,4.0,1.0,4.0,2.0,0.0,H,2.0,0.0,H,11.0,11.0,3.0,3.0,17.0,12.0,4.0,5.0,2.0,3.0,0.0,0.0,1.74,3.79,4.5
T1,2021-10-23,Goztep,Trabzonspor,1342.67,1538.11,3.0,3.0,7.0,11.0,0.0,1.0,A,0.0,0.0,D,17.0,6.0,3.0,1.0,17.0,13.0,1.0,2.0,4.0,4.0,0.0,0.0,3.79,3.68,1.89
T1,2021-10-24,Karagumruk,Hatayspor,1424.75,1453.37,6.0,10.0,6.0,12.0,1.0,1.0,D,1.0,1.0,D,12.0,9.0,3.0,4.0,13.0,19.0,8.0,3.0,5.0,3.0,1.0,0.0,2.19,3.63,3.02
T1,2021-10-24,Antalyaspor,Buyuksehyr,1345.48,1406.17,4.0,5.0,6.0,9.0,1.0,2.0,A,0.0,1.0,A,13.0,7.0,6.0,3.0,9.0,17.0,5.0,3.0,0.0,1.0,0.0,0.0,2.62,3.26,2.66
T1,2021-10-24,Sivasspor,Ad. Demirspor,1473.93,1338.32,4.0,8.0,6.0,10.0,1.0,1.0,D,1.0,0.0,H,5.0,12.0,2.0,3.0,19.0,11.0,4.0,4.0,6.0,2.0,1.0,1.0,2.13,3.52,3.23
T1,2021-10-24,Fenerbahce,Alanyaspor,1535.54,1434.85,6.0,9.0,5.0,11.0,1.0,2.0,A,0.0,0.0,D,20.0,3.0,5.0,2.0,18.0,5.0,9.0,4.0,2.0,1.0,0.0,0.0,1.84,3.55,4.18
T1,2021-10-25,Besiktas,Galatasaray,1554.7,1555.42,3.0,7.0,9.0,9.0,2.0,1.0,H,1.0,1.0,D,10.0,12.0,3.0,4.0,17.0,19.0,5.0,5.0,3.0,2.0,0.0,0.0,2.33,3.48,2.87
T1,2021-10-29,Trabzonspor,Rizespor,1538.11,1295.92,9.0,11.0,3.0,3.0,2.0,1.0,H,1.0,1.0,D,12.0,13.0,4.0,4.0,9.0,14.0,9.0,4.0,3.0,5.0,0.0,0.0,1.37,4.91,7.66
T1,2021-10-30,Kasimpasa,Yeni Malatyaspor,1359.84,,0.0,1.0,6.0,6.0,2.0,0.0,H,0.0,0.0,D,15.0,5.0,5.0,4.0,15.0,17.0,5.0,5.0,1.0,0.0,0.0,0.0,2.05,3.49,3.49
T1,2021-10-30,Altay,Sivasspor,1341.41,1473.93,0.0,6.0,2.0,8.0,1.0,1.0,D,1.0,1.0,D,13.0,12.0,3.0,3.0,16.0,13.0,6.0,6.0,4.0,2.0,0.0,0.0,2.61,3.32,2.65
T1,2021-10-30,Hatayspor,Besiktas,1453.37,1554.7,7.0,10.0,6.0,7.0,1.0,0.0,H,1.0,0.0,H,9.0,17.0,2.0,3.0,12.0,13.0,4.0,9.0,3.0,1.0,0.0,0.0,2.77,3.57,2.37
T1,2021-10-30,Konyaspor,Fenerbahce,1415.42,1535.54,4.0,6.0,3.0,9.0,2.0,1.0,H,2.0,0.0,H,16.0,13.0,5.0,4.0,17.0,13.0,7.0,5.0,1.0,2.0,0.0,0.0,2.99,3.36,2.31
T1,2021-10-31,Kayserispor,Karagumruk,1358.04,1424.75,0.0,4.0,7.0,8.0,2.0,1.0,H,0.0,1.0,A,17.0,10.0,8.0,6.0,23.0,9.0,7.0,5.0,3.0,3.0,1.0,1.0,2.71,3.44,2.46
T1,2021-10-31,Alanyaspor,Goztep,1434.85,1342.67,7.0,11.0,3.0,3.0,2.0,2.0,D,1.0,0.0,H,19.0,11.0,8.0,5.0,10.0,19.0,8.0,4.0,3.0,6.0,0.0,0.0,1.68,3.91,4.65
T1,2021-10-31,Galatasaray,Gaziantep,1555.42,,6.0,9.0,4.0,7.0,2.0,0.0,H,1.0,0.0,H,11.0,9.0,5.0,3.0,6.0,15.0,3.0,2.0,1.0,3.0,0.0,0.0,1.44,4.45,6.81
T1,2021-11-01,Buyuksehyr,Ad. Demirspor,1423.84,1329.25,6.0,9.0,4.0,8.0,2.0,1.0,H,0.0,0.0,D,18.0,16.0,9.0,6.0,9.0,10.0,6.0,8.0,1.0,0.0,0.0,0.0,2.04,3.49,3.43
T1,2021-11-01,Giresunspor,Antalyaspor,1305.96,1341.88,7.0,8.0,1.0,5.0,1.0,2.0,A,0.0,1.0,A,16.0,6.0,3.0,5.0,7.0,12.0,2.0,1.0,4.0,5.0,0.0,0.0,2.14,3.23,3.4
T1,2021-11-05,Gaziantep,Kasimpasa,,1350.87,1.0,4.0,3.0,4.0,2.0,0.0,H,1.0,0.0,H,13.0,11.0,5.0,4.0,12.0,11.0,4.0,3.0,1.0,1.0,0.0,1.0,2.33,3.36,2.99
T1,2021-11-05,Rizespor,Alanyaspor,1292.15,1449.69,3.0,3.0,7.0,9.0,2.0,0.0,H,1.0,0.0,H,8.0,13.0,4.0,1.0,11.0,10.0,4.0,5.0,2.0,0.0,0.0,0.0,3.09,3.51,2.21
T1,2021-11-06,Sivasspor,Giresunspor,1460.93,1305.96,3.0,6.0,4.0,8.0,0.0,0.0,D,0.0,0.0,D,7.0,13.0,0.0,4.0,9.0,10.0,4.0,4.0,1.0,5.0,1.0,1.0,1.89,3.43,4.18
T1,2021-11-06,Antalyaspor,Altay,1341.88,1329.56,4.0,7.0,1.0,4.0,1.0,0.0,H,0.0,0.0,D,14.0,9.0,6.0,2.0,13.0,12.0,8.0,3.0,1.0,3.0,0.0,0.0,2.49,3.33,2.78
T1,2021-11-06,Yeni Malatyaspor,Buyuksehyr,,1423.84,6.0,6.0,9.0,12.0,1.0,3.0,A,0.0,1.0,A,5.0,11.0,1.0,7.0,11.0,12.0,6.0,3.0,3.0,1.0,0.0,0.0,3.43,3.41,2.11
T1,2021-11-06,Besiktas,Trabzonspor,1533.16,1553.27,3.0,6.0,9.0,13.0,1.0,2.0,A,0.0,1.0,A,17.0,8.0,6.0,4.0,10.0,10.0,7.0,4.0,5.0,4.0,0.0,1.0,2.37,3.49,2.81
T1,2021-11-07,Goztep,Konyaspor,1351.89,1427.55,4.0,4.0,6.0,8.0,0.0,2.0,A,0.0,1.0,A,16.0,20.0,6.0,10.0,9.0,10.0,6.0,5.0,3.0,3.0,1.0,0.0,2.5,3.24,2.82
T1,2021-11-07,Ad. Demirspor,Hatayspor,1329.25,1467.46,1.0,7.0,7.0,10.0,1.0,0.0,H,0.0,0.0,D,18.0,12.0,7.0,1.0,9.0,5.0,7.0,8.0,3.0,2.0,0.0,0.0,2.41,3.43,2.81
T1,2021-11-07,Karagumruk,Galatasaray,1421.89,1565.5,4.0,7.0,6.0,12.0,1.0,1.0,D,0.0,0.0,D,5.0,20.0,3.0,5.0,10.0,15.0,0.0,11.0,6.0,3.0,0.0,0.0,3.27,3.49,2.12
T1,2021-11-07,Fenerbahce,Kayserispor,1503.32,1350.56,0.0,6.0,3.0,4.0,2.0,2.0,D,0.0,1.0,A,19.0,8.0,4.0,3.0,12.0,11.0,7.0,1.0,0.0,1.0,0.0,0.0,1.44,4.58,6.63
T1,2021-11-20,Hatayspor,Antalyaspor,1462.49,1361.73,4.0,10.0,6.0,7.0,3.0,1.0,H,1.0,1.0,D,11.0,12.0,6.0,3.0,8.0,8.0,4.0,5.0,2.0,3.0,0.0,0.0,1.8,3.63,4.37
T1,2021-11-20,Buyuksehyr,Sivasspor,1444.18,1460.39,9.0,12.0,3.0,4.0,2.0,1.0,H,2.0,0.0,H,7.0,13.0,3.0,5.0,17.0,15.0,2.0,1.0,5.0,2.0,0.0,0.0,1.97,3.28,4.02
T1,2021-11-20,Giresunspor,Yeni Malatyaspor,1308.1,,2.0,8.0,3.0,6.0,1.0,0.0,H,0.0,0.0,D,8.0,10.0,3.0,3.0,15.0,16.0,3.0,7.0,0.0,2.0,0.0,0.0,1.84,3.48,4.38
T1,2021-11-20,Alanyaspor,Besiktas,1440.3,1524.54,4.0,8.0,3.0,6.0,2.0,0.0,H,1.0,0.0,H,12.0,16.0,3.0,5.0,8.0,9.0,5.0,7.0,2.0,1.0,0.0,0.0,2.81,3.51,2.38
T1,2021-11-21,Kasimpasa,Karagumruk,1348.37,1429.33,3.0,3.0,2.0,8.0,1.0,3.0,A,1.0,3.0,A,19.0,14.0,6.0,7.0,15.0,21.0,4.0,1.0,1.0,5.0,0.0,2.0,2.35,3.45,2.88
T1,2021-11-21,Altay,Ad. Demirspor,1328.94,1340.28,1.0,1.0,4.0,7.0,1.0,3.0,A,0.0,1.0,A,17.0,15.0,8.0,7.0,10.0,10.0,7.0,4.0,0.0,2.0,0.0,0.0,2.2,3.47,3.13
T1,2021-11-21,Konyaspor,Rizespor,1443.67,1311.95,9.0,10.0,6.0,6.0,3.0,0.0,H,1.0,0.0,H,14.0,26.0,5.0,4.0,16.0,8.0,2.0,5.0,2.0,1.0,0.0,0.0,1.67,3.83,4.87
T1,2021-11-21,Galatasaray,Fenerbahce,1566.33,1521.27,4.0,10.0,1.0,4.0,1.0,2.0,A,1.0,1.0,D,14.0,10.0,4.0,6.0,13.0,17.0,4.0,1.0,4.0,5.0,0.0,1.0,2.15,3.34,3.36
T1,2021-11-22,Kayserispor,Goztep,1361.63,1346.18,4.0,4.0,1.0,4.0,1.0,1.0,D,1.0,0.0,H,16.0,8.0,3.0,2.0,19.0,11.0,4.0,2.0,4.0,2.0,0.0,0.0,2.47,3.38,2.75
T1,2021-11-22,Trabzonspor,Gaziantep,1567.41,,9.0,15.0,4.0,7.0,3.0,0.0,H,3.0,0.0,H,11.0,25.0,5.0,5.0,6.0,16.0,2.0,12.0,0.0,4.0,0.0,0.0,1.53,4.16,5.79
T1,2021-11-26,Ad. Demirspor,Kasimpasa,1340.28,1348.37,6.0,7.0,3.0,3.0,0.0,0.0,D,0.0,0.0,D,12.0,13.0,1.0,4.0,8.0,11.0,8.0,8.0,2.0,3.0,0.0,0.0,1.8,3.65,4.29
T1,2021-11-26,Buyuksehyr,Altay,1444.18,1328.94,9.0,15.0,1.0,1.0,0.0,0.0,D,0.0,0.0,D,20.0,6.0,7.0,0.0,14.0,6.0,7.0,1.0,2.0,2.0,0.0,0.0,1.67,3.76,5.06
T1,2021-11-27,Antalyaspor,Alanyaspor,1361.73,1440.3,6.0,7.0,4.0,10.0,3.0,0.0,H,1.0,0.0,H,18.0,8.0,5.0,1.0,9.0,6.0,2.0,1.0,1.0,3.0,0.0,1.0,2.69,3.34,2.53
T1,2021-11-27,Rizespor,Kayserispor,1311.95,1361.63,3.0,6.0,5.0,5.0,1.0,0.0,H,0.0,0.0,D,9.0,12.0,3.0,1.0,12.0,13.0,5.0,5.0,0.0,1.0,0.0,0.0,2.24,3.43,3.08
T1,2021-11-27,Besiktas,Giresunspor,1524.54,1308.1,0.0,3.0,4.0,8.0,0.0,4.0,A,0.0,1.0,A,13.0,12.0,4.0,7.0,9.0,10.0,8.0,3.0,1.0,0.0,1.0,0.0,1.53,4.17,5.87
T1,2021-11-28,Gaziantep,Konyaspor,,1443.67,3.0,4.0,9.0,12.0,3.0,2.0,H,1.0,1.0,D,20.0,13.0,5.0,8.0,12.0,10.0,5.0,6.0,4.0,2.0,0.0,0.0,2.67,3.25,2.59
T1,2021-11-28,Karagumruk,Trabzonspor,1429.33,1567.41,4.0,8.0,9.0,15.0,0.0,2.0,A,0.0,1.0,A,17.0,9.0,2.0,2.0,8.0,13.0,4.0,0.0,1.0,2.0,0.0,0.0,3.2,3.6,2.1
T1,2021-11-28,Sivasspor,Hatayspor,1460.39,1462.49,2.0,4.0,6.0,10.0,4.0,0.0,H,2.0,0.0,H,15.0,2.0,8.0,0.0,15.0,9.0,4.0,2.0,1.0,3.0,0.0,1.0,2.3,3.24,3.1
T1,2021-11-28,Yeni Malatyaspor,Galatasaray,,1566.33,0.0,6.0,4.0,7.0,0.0,0.0,D,0.0,0.0,D,7.0,13.0,2.0,2.0,8.0,13.0,4.0,7.0,5.0,2.0,0.0,0.0,4.53,3.74,1.73
T1,2021-11-29,Goztep,Fenerbahce,1346.18,1521.27,2.0,5.0,4.0,4.0,1.0,1.0,D,1.0,0.0,H,12.0,4.0,2.0,2.0,9.0,14.0,6.0,3.0,2.0,6.0,0.0,1.0,3.63,3.52,1.97
T1,2021-12-03,Kasimpasa,Besiktas,1343.79,1486.4,1.0,4.0,0.0,3.0,1.0,1.0,D,0.0,1.0,A,8.0,14.0,4.0,6.0,13.0,16.0,8.0,6.0,3.0,3.0,0.0,0.0,3.48,3.68,1.99
T1,2021-12-04,Alanyaspor,Sivasspor,1440.56,1470.99,3.0,7.0,4.0,6.0,0.0,1.0,A,0.0,0.0,D,9.0,10.0,1.0,2.0,15.0,14.0,5.0,5.0,2.0,3.0,0.0,1.0,2.29,3.36,3.07
T1,2021-12-04,Trabzonspor,Ad. Demirspor,1585.22,1355.35,9.0,15.0,7.0,8.0,2.0,0.0,H,1.0,0.0,H,5.0,18.0,3.0,4.0,6.0,10.0,2.0,7.0,0.0,1.0,0.0,0.0,1.78,3.86,4.2
T1,2021-12-04,Galatasaray,Altay,1568.29,1324.5,2.0,5.0,1.0,2.0,2.0,2.0,D,1.0,1.0,D,24.0,13.0,7.0,6.0,9.0,12.0,12.0,7.0,2.0,4.0,0.0,0.0,1.46,4.48,6.57
T1,2021-12-05,Kayserispor,Antalyaspor,1355.45,1375.11,2.0,5.0,6.0,9.0,2.0,0.0,H,2.0,0.0,H,2.0,24.0,2.0,5.0,10.0,12.0,1.0,11.0,6.0,4.0,2.0,0.0,2.54,3.3,2.72
T1,2021-12-05,Giresunspor,Karagumruk,1347.48,1435.16,7.0,8.0,4.0,5.0,3.0,1.0,H,0.0,1.0,A,15.0,6.0,9.0,2.0,7.0,9.0,7.0,1.0,1.0,1.0,0.0,0.0,2.33,3.39,2.95
T1,2021-12-05,Hatayspor,Buyuksehyr,1458.63,1449.77,3.0,7.0,7.0,13.0,0.0,3.0,A,0.0,3.0,A,5.0,16.0,2.0,9.0,10.0,5.0,5.0,7.0,2.0,0.0,0.0,0.0,2.5,3.41,2.69
T1,2021-12-05,Fenerbahce,Rizespor,1529.57,1317.48,5.0,5.0,6.0,9.0,4.0,0.0,H,1.0,0.0,H,16.0,4.0,8.0,1.0,22.0,9.0,5.0,3.0,1.0,1.0,0.0,0.0,1.42,4.61,7.13
T1,2021-12-06,Goztep,Gaziantep,1355.5,,2.0,3.0,6.0,7.0,2.0,1.0,H,2.0,0.0,H,11.0,15.0,4.0,2.0,13.0,11.0,7.0,3.0,5.0,3.0,1.0,0.0,2.31,3.36,2.98
T1,2021-12-06,Konyaspor,Yeni Malatyaspor,1445.71,,6.0,12.0,1.0,4.0,0.0,0.0,D,0.0,0.0,D,17.0,8.0,5.0,4.0,12.0,9.0,4.0,2.0,2.0,2.0,0.0,0.0,1.71,3.75,4.64
T1,2021-12-10,Altay,Hatayspor,1324.5,1458.63,2.0,3.0,3.0,6.0,1.0,2.0,A,1.0,1.0,D,5.0,12.0,2.0,6.0,16.0,11.0,3.0,6.0,3.0,3.0,0.0,0.0,2.37,3.48,2.84
T1,2021-12-11,Karagumruk,Konyaspor,1435.16,1445.71,3.0,4.0,4.0,10.0,1.0,4.0,A,1.0,1.0,D,9.0,11.0,3.0,6.0,8.0,12.0,3.0,3.0,0.0,0.0,1.0,0.0,2.42,3.31,2.91
T1,2021-12-11,Buyuksehyr,Kasimpasa,1449.77,1343.79,7.0,13.0,2.0,5.0,2.0,1.0,H,0.0,0.0,D,13.0,10.0,3.0,3.0,14.0,13.0,8.0,3.0,2.0,3.0,0.0,0.0,1.62,3.98,5.21
T1,2021-12-11,Rizespor,Goztep,1317.48,1355.5,3.0,6.0,5.0,6.0,3.0,1.0,H,1.0,0.0,H,15.0,14.0,5.0,6.0,15.0,11.0,5.0,8.0,2.0,0.0,0.0,1.0,2.51,3.4,2.7
T1,2021-12-11,Antalyaspor,Trabzonspor,1375.11,1585.22,3.0,9.0,9.0,15.0,2.0,1.0,H,1.0,1.0,D,13.0,12.0,5.0,5.0,13.0,9.0,5.0,3.0,1.0,4.0,0.0,0.0,3.39,3.5,2.08
T1,2021-12-12,Ad. Demirspor,Giresunspor,1355.35,1347.48,4.0,7.0,9.0,10.0,1.0,0.0,H,0.0,0.0,D,11.0,13.0,5.0,3.0,14.0,11.0,1.0,3.0,2.0,2.0,0.0,0.0,2.08,3.41,3.47
T1,2021-12-12,Yeni Malatyaspor,Alanyaspor,,1440.56,2.0,2.0,3.0,4.0,2.0,6.0,A,2.0,3.0,A,20.0,20.0,7.0,13.0,6.0,10.0,8.0,5.0,4.0,3.0,1.0,0.0,2.99,3.34,2.33
T1,2021-12-12,Besiktas,Kayserispor,1486.4,1355.45,1.0,1.0,4.0,8.0,4.0,2.0,H,1.0,1.0,D,21.0,6.0,8.0,3.0,14.0,18.0,7.0,2.0,3.0,3.0,0.0,0.0,1.5,4.28,6.24
T1,2021-12-13,Sivasspor,Galatasaray,1470.99,1568.29,6.0,8.0,2.0,6.0,1.0,0.0,H,0.0,0.0,D,12.0,6.0,5.0,3.0,13.0,6.0,6.0,5.0,5.0,3.0,0.0,0.0,2.88,3.28,2.42
T1,2021-12-13,Gaziantep,Fenerbahce,,1529.57,3.0,6.0,7.0,8.0,3.0,2.0,H,1.0,1.0,D,15.0,14.0,7.0,4.0,12.0,13.0,4.0,5.0,3.0,2.0,0.0,0.0,3.26,3.43,2.14
T1,2021-12-17,Giresunspor,Altay,1356.28,1327.92,6.0,10.0,2.0,2.0,3.0,1.0,H,1.0,0.0,H,11.0,15.0,5.0,5.0,13.0,12.0,4.0,6.0,1.0,2.0,0.0,0.0,1.92,3.58,3.84
T1,2021-12-18,Kasimpasa,Sivasspor,1345.46,1491.73,2.0,2.0,9.0,10.0,1.0,3.0,A,1.0,0.0,H,12.0,7.0,3.0,4.0,11.0,13.0,10.0,5.0,4.0,2.0,0.0,0.0,2.84,3.32,2.45
T1,2021-12-18,Konyaspor,Antalyaspor,1460.53,1380.69,4.0,10.0,6.0,9.0,1.0,0.0,H,0.0,0.0,D,14.0,6.0,3.0,2.0,14.0,14.0,8.0,3.0,5.0,2.0,0.0,0.0,2.01,3.48,3.63
T1,2021-12-18,Trabzonspor,Hatayspor,1579.32,1451.38,6.0,12.0,3.0,6.0,2.0,0.0,H,2.0,0.0,H,17.0,6.0,9.0,3.0,7.0,8.0,6.0,1.0,0.0,0.0,0.0,0.0,1.79,3.78,4.19
T1,2021-12-18,Alanyaspor,Ad. Demirspor,1449.89,1362.17,3.0,6.0,4.0,10.0,1.0,3.0,A,1.0,2.0,A,10.0,11.0,4.0,6.0,17.0,16.0,4.0,3.0,2.0,1.0,0.0,0.0,2.24,3.52,3.03
T1,2021-12-18,Galatasaray,Buyuksehyr,1561.39,1474.12,2.0,3.0,7.0,13.0,1.0,1.0,D,0.0,1.0,A,18.0,8.0,4.0,3.0,16.0,13.0,5.0,1.0,4.0,7.0,0.0,1.0,2.08,3.55,3.36
T1,2021-12-19,Rizespor,Yeni Malatyaspor,1326.88,,6.0,9.0,2.0,2.0,1.0,0.0,H,0.0,0.0,D,14.0,8.0,4.0,2.0,17.0,9.0,7.0,1.0,2.0,2.0,0.0,0.0,2.18,3.39,3.23
T1,2021-12-19,Goztep,Karagumruk,1355.65,1410.01,4.0,5.0,0.0,4.0,0.0,1.0,A,0.0,0.0,D,12.0,17.0,4.0,3.0,16.0,12.0,3.0,3.0,3.0,1.0,0.0,0.0,2.35,3.45,2.88
T1,2021-12-19,Kayserispor,Gaziantep,1363.12,,3.0,5.0,6.0,9.0,0.0,0.0,D,0.0,0.0,D,9.0,10.0,3.0,3.0,9.0,10.0,5.0,4.0,1.0,2.0,0.0,1.0,2.52,3.32,2.74
T1,2021-12-19,Fenerbahce,Besiktas,1531.33,1490.47,4.0,8.0,4.0,4.0,2.0,2.0,D,2.0,1.0,H,11.0,14.0,5.0,3.0,20.0,12.0,0.0,7.0,2.0,5.0,0.0,0.0,2.18,3.52,3.12
T1,2021-12-21,Antalyaspor,Kasimpasa,1380.69,1345.46,3.0,6.0,1.0,2.0,1.0,1.0,D,1.0,0.0,H,9.0,11.0,4.0,5.0,18.0,18.0,6.0,3.0,2.0,4.0,0.0,0.0,1.89,3.52,4.04
T1,2021-12-21,Buyuksehyr,Giresunspor,1474.12,1356.28,7.0,11.0,6.0,12.0,3.0,1.0,H,1.0,1.0,D,20.0,6.0,8.0,2.0,12.0,9.0,6.0,3.0,1.0,1.0,0.0,0.0,1.87,3.47,4.19
T1,2021-12-21,Ad. Demirspor,Galatasaray,1362.17,1561.39,6.0,10.0,2.0,3.0,2.0,0.0,H,0.0,0.0,D,10.0,15.0,3.0,7.0,20.0,14.0,2.0,7.0,3.0,2.0,0.0,0.0,2.74,3.42,2.48
T1,2021-12-21,Altay,Trabzonspor,1327.92,1579.32,1.0,2.0,6.0,12.0,1.0,2.0,A,1.0,0.0,H,14.0,15.0,8.0,5.0,16.0,8.0,4.0,5.0,3.0,3.0,0.0,0.0,3.38,3.44,2.1
T1,2021-12-22,Hatayspor,Konyaspor,1451.38,1460.53,3.0,6.0,7.0,10.0,1.0,3.0,A,1.0,1.0,D,7.0,12.0,2.0,5.0,7.0,12.0,2.0,5.0,4.0,3.0,1.0,1.0,2.33,3.35,3.0
T1,2021-12-22,Sivasspor,Rizespor,1491.73,1326.88,9.0,12.0,6.0,9.0,1.0,1.0,D,0.0,0.0,D,22.0,6.0,7.0,2.0,12.0,13.0,3.0,2.0,0.0,5.0,0.0,2.0,1.59,4.0,5.48
T1,2021-12-22,Gaziantep,Alanyaspor,,1449.89,4.0,7.0,3.0,6.0,2.0,1.0,H,0.0,0.0,D,14.0,13.0,5.0,5.0,16.0,13.0,7.0,3.0,1.0,1.0,0.0,0.0,2.34,3.42,2.9
T1,2021-12-22,Karagumruk,Fenerbahce,1410.01,1531.33,3.0,6.0,4.0,8.0,1.0,1.0,D,1.0,1.0,D,2.0,29.0,2.0,14.0,6.0,12.0,0.0,5.0,1.0,1.0,2.0,0.0,3.27,3.49,2.13
T1,2021-12-23,Yeni Malatyaspor,Kayserispor,,1363.12,1.0,2.0,4.0,5.0,2.0,2.0,D,2.0,0.0,H,13.0,9.0,5.0,5.0,13.0,15.0,2.0,2.0,2.0,2.0,0.0,0.0,2.34,3.32,2.99
T1,2021-12-23,Besiktas,Goztep,1490.47,1355.65,5.0,5.0,3.0,5.0,2.0,1.0,H,1.0,1.0,D,10.0,19.0,3.0,5.0,11.0,17.0,3.0,2.0,3.0,4.0,1.0,0.0,1.62,4.11,4.98
T1,2021-12-25,Kasimpasa,Altay,1345.46,1327.92,1.0,3.0,0.0,2.0,2.0,0.0,H,1.0,0.0,H,21.0,8.0,10.0,2.0,18.0,23.0,7.0,4.0,1.0,6.0,0.0,1.0,2.26,3.47,3.03
T1,2021-12-25,Galatasaray,Antalyaspor,1561.39,1380.69,1.0,3.0,4.0,7.0,2.0,0.0,H,1.0,0.0,H,17.0,13.0,6.0,5.0,18.0,13.0,4.0,6.0,4.0,3.0,0.0,0.0,1.61,3.97,5.37
T1,2021-12-25,Giresunspor,Hatayspor,1356.28,1451.38,3.0,9.0,3.0,3.0,0.0,1.0,A,0.0,0.0,D,19.0,7.0,5.0,3.0,14.0,11.0,7.0,6.0,3.0,3.0,0.0,0.0,2.09,3.34,3.51
T1,2021-12-25,Trabzonspor,Buyuksehyr,1579.32,1474.12,6.0,12.0,7.0,11.0,0.0,0.0,D,0.0,0.0,D,10.0,7.0,4.0,5.0,7.0,14.0,4.0,4.0,1.0,2.0,0.0,0.0,2.19,3.36,3.25
T1,2021-12-26,Rizespor,Gaziantep,1326.88,,7.0,10.0,7.0,10.0,0.0,1.0,A,0.0,1.0,A,9.0,12.0,1.0,3.0,14.0,11.0,5.0,3.0,0.0,0.0,0.0,0.0,2.69,3.45,2.5
T1,2021-12-26,Alanyaspor,Karagumruk,1449.89,1410.01,3.0,3.0,4.0,4.0,1.0,1.0,D,0.0,0.0,D,17.0,13.0,5.0,4.0,13.0,8.0,7.0,4.0,1.0,2.0,0.0,0.0,2.12,3.48,3.29
T1,2021-12-26,Goztep,Ad. Demirspor,1355.65,1362.17,0.0,4.0,9.0,10.0,1.0,1.0,D,0.0,1.0,A,15.0,9.0,4.0,4.0,15.0,14.0,7.0,3.0,2.0,1.0,0.0,0.0,2.4,3.39,2.86
T1,2021-12-26,Fenerbahce,Yeni Malatyaspor,1531.33,,2.0,6.0,1.0,3.0,2.0,0.0,H,1.0,0.0,H,17.0,8.0,8.0,1.0,15.0,10.0,3.0,1.0,1.0,1.0,0.0,0.0,1.36,4.85,8.33
T1,2021-12-27,Kayserispor,Sivasspor,1363.12,1491.73,2.0,5.0,7.0,13.0,3.0,0.0,H,3.0,0.0,H,10.0,10.0,6.0,5.0,14.0,10.0,2.0,7.0,3.0,0.0,0.0,0.0,3.05,3.23,2.34
T1,2021-12-27,Konyaspor,Besiktas,1460.53,1490.47,9.0,10.0,7.0,8.0,1.0,0.0,H,0.0,0.0,D,12.0,12.0,4.0,6.0,16.0,14.0,6.0,3.0,3.0,4.0,0.0,0.0,2.64,3.51,2.49
T1,2022-01-07,Trabzonspor,Yeni Malatyaspor,1583.39,,7.0,10.0,1.0,2.0,1.0,0.0,H,1.0,0.0,H,24.0,3.0,7.0,0.0,9.0,12.0,7.0,2.0,0.0,2.0,0.0,0.0,1.32,5.17,9.07
T1,2022-01-08,Gaziantep,Karagumruk,,1421.57,7.0,10.0,5.0,5.0,3.0,1.0,H,2.0,0.0,H,13.0,15.0,5.0,4.0,22.0,7.0,5.0,4.0,1.0,3.0,0.0,0.0,2.09,3.47,3.39
T1,2022-01-08,Alanyaspor,Buyuksehyr,1424.32,1488.38,1.0,4.0,5.0,11.0,1.0,1.0,D,1.0,1.0,D,13.0,12.0,2.0,3.0,11.0,12.0,5.0,3.0,2.0,4.0,1.0,1.0,3.06,3.48,2.23
T1,2022-01-08,Kasimpasa,Hatayspor,1348.04,1440.83,4.0,5.0,3.0,6.0,3.0,1.0,H,2.0,0.0,H,15.0,13.0,8.0,5.0,9.0,15.0,6.0,4.0,2.0,0.0,0.0,0.0,2.31,3.48,2.94
T1,2022-01-08,Galatasaray,Giresunspor,1545.86,1350.94,4.0,5.0,3.0,6.0,0.0,1.0,A,0.0,1.0,A,22.0,6.0,7.0,3.0,18.0,12.0,12.0,1.0,2.0,0.0,0.0,0.0,1.67,3.86,4.86
T1,2022-01-09,Konyaspor,Sivasspor,1485.12,1477.21,9.0,13.0,4.0,10.0,0.0,1.0,A,0.0,0.0,D,15.0,11.0,4.0,2.0,9.0,14.0,8.0,5.0,3.0,3.0,0.0,0.0,2.32,3.23,3.11
T1,2022-01-09,Goztep,Antalyaspor,1343.78,1368.99,1.0,4.0,1.0,4.0,4.0,0.0,H,1.0,0.0,H,6.0,15.0,4.0,3.0,17.0,14.0,1.0,12.0,4.0,1.0,1.0,0.0,2.11,3.4,3.38
T1,2022-01-09,Kayserispor,Altay,1380.6,1308.31,5.0,8.0,0.0,1.0,1.0,0.0,H,1.0,0.0,H,10.0,8.0,3.0,1.0,14.0,12.0,8.0,2.0,0.0,1.0,0.0,0.0,2.14,3.45,3.27
T1,2022-01-09,Rizespor,Besiktas,1331.73,1489.83,4.0,7.0,4.0,8.0,2.0,2.0,D,0.0,1.0,A,10.0,22.0,5.0,10.0,16.0,17.0,3.0,4.0,5.0,3.0,1.0,1.0,2.96,3.5,2.26
T1,2022-01-10,Fenerbahce,Ad. Demirspor,1530.63,1395.0,5.0,8.0,7.0,10.0,1.0,2.0,A,1.0,1.0,D,15.0,15.0,3.0,8.0,17.0,11.0,9.0,1.0,2.0,3.0,0.0,0.0,1.81,3.65,4.18
T1,2022-01-14,Besiktas,Gaziantep,1489.83,,4.0,8.0,9.0,13.0,1.0,0.0,H,0.0,0.0,D,16.0,7.0,4.0,3.0,9.0,15.0,10.0,4.0,1.0,3.0,0.0,0.0,1.67,4.06,4.67
T1,2022-01-14,Yeni Malatyaspor,Goztep,,1343.78,1.0,1.0,4.0,4.0,1.0,2.0,A,1.0,1.0,D,14.0,11.0,2.0,3.0,7.0,14.0,3.0,6.0,1.0,1.0,0.0,0.0,3.16,3.3,2.27
T1,2022-01-15,Ad. Demirspor,Kayserispor,1408.05,1385.26,7.0,13.0,7.0,8.0,1.0,1.0,D,1.0,0.0,H,12.0,16.0,7.0,11.0,11.0,7.0,5.0,10.0,0.0,0.0,0.0,0.0,1.8,3.55,4.47
T1,2022-01-15,Karagumruk,Rizespor,1412.93,1334.33,2.0,5.0,2.0,8.0,2.0,0.0,H,1.0,0.0,H,9.0,14.0,3.0,4.0,15.0,11.0,4.0,3.0,4.0,2.0,1.0,0.0,1.85,3.56,3.98
T1,2022-01-15,Sivasspor,Trabzonspor,1487.3,1585.22,4.0,10.0,7.0,10.0,1.0,1.0,D,1.0,1.0,D,10.0,10.0,4.0,3.0,13.0,10.0,3.0,2.0,2.0,1.0,0.0,0.0,3.0,3.24,2.39
T1,2022-01-15,Antalyaspor,Fenerbahce,1355.03,1517.59,1.0,4.0,4.0,5.0,1.0,1.0,D,0.0,0.0,D,14.0,4.0,3.0,2.0,18.0,10.0,1.0,1.0,3.0,1.0,0.0,0.0,3.39,3.46,2.09
T1,2022-01-16,Altay,Alanyaspor,1303.65,1424.28,0.0,0.0,2.0,5.0,0.0,2.0,A,0.0,1.0,A,16.0,12.0,5.0,7.0,20.0,7.0,9.0,0.0,4.0,1.0,0.0,0.0,2.47,3.44,2.72
T1,2022-01-16,Giresunspor,Kasimpasa,1365.14,1360.3,3.0,6.0,7.0,7.0,0.0,2.0,A,0.0,1.0,A,11.0,14.0,2.0,4.0,12.0,13.0,7.0,7.0,0.0,0.0,1.0,0.0,1.97,3.4,3.83
T1,2022-01-16,Hatayspor,Galatasaray,1428.57,1531.66,3.0,6.0,3.0,4.0,4.0,2.0,H,1.0,2.0,A,16.0,13.0,7.0,5.0,8.0,7.0,9.0,5.0,5.0,5.0,0.0,1.0,3.2,3.47,2.17
T1,2022-01-18,Karagumruk,Besiktas,1412.93,1492.32,4.0,8.0,4.0,8.0,0.0,1.0,A,0.0,1.0,A,12.0,11.0,5.0,3.0,10.0,13.0,3.0,4.0,1.0,1.0,0.0,0.0,3.18,3.56,2.14
T1,2022-01-18,Konyaspor,Ad. Demirspor,1475.03,1408.05,6.0,12.0,5.0,11.0,1.0,0.0,H,0.0,0.0,D,20.0,15.0,8.0,5.0,10.0,15.0,8.0,7.0,3.0,2.0,0.0,0.0,2.11,3.43,3.4
T1,2022-01-19,Goztep,Sivasspor,1366.55,1487.3,7.0,7.0,4.0,8.0,2.0,1.0,H,1.0,0.0,H,10.0,20.0,3.0,5.0,19.0,14.0,5.0,1.0,4.0,4.0,0.0,0.0,2.43,3.23,2.93
T1,2022-01-19,Kayserispor,Buyuksehyr,1385.26,1488.42,7.0,9.0,5.0,9.0,1.0,0.0,H,0.0,0.0,D,3.0,14.0,1.0,4.0,14.0,13.0,2.0,1.0,2.0,3.0,0.0,0.0,3.37,3.25,2.19
T1,2022-01-19,Fenerbahce,Altay,1517.59,1303.65,4.0,6.0,0.0,0.0,2.0,1.0,H,1.0,1.0,D,18.0,3.0,5.0,1.0,16.0,23.0,4.0,2.0,2.0,4.0,0.0,0.0,1.38,4.85,7.55
T1,2022-01-19,Trabzonspor,Giresunspor,1585.22,1365.14,5.0,11.0,3.0,6.0,1.0,1.0,D,0.0,0.0,D,23.0,6.0,9.0,3.0,13.0,11.0,9.0,2.0,2.0,2.0,0.0,0.0,1.62,3.93,5.3
T1,2022-01-20,Alanyaspor,Hatayspor,1424.28,1428.57,5.0,5.0,6.0,6.0,6.0,0.0,H,2.0,0.0,H,20.0,2.0,10.0,1.0,8.0,13.0,3.0,1.0,1.0,1.0,0.0,0.0,2.36,3.47,2.85
T1,2022-01-20,Rizespor,Antalyaspor,1334.33,1355.03,1.0,5.0,1.0,2.0,2.0,1.0,H,1.0,1.0,D,11.0,18.0,4.0,10.0,15.0,15.0,6.0,7.0,2.0,3.0,0.0,1.0,2.58,3.37,2.65
T1,2022-01-20,Galatasaray,Kasimpasa,1531.66,1360.3,3.0,4.0,9.0,10.0,1.0,3.0,A,1.0,1.0,D,14.0,17.0,6.0,4.0,8.0,11.0,5.0,6.0,0.0,1.0,0.0,0.0,1.71,3.8,4.66
T1,2022-01-22,Yeni Malatyaspor,Besiktas,,1492.32,0.0,1.0,7.0,10.0,1.0,1.0,D,0.0,0.0,D,11.0,18.0,4.0,3.0,13.0,12.0,3.0,6.0,2.0,2.0,0.0,0.0,4.47,3.8,1.74
T1,2022-01-22,Ad. Demirspor,Karagumruk,1408.05,1412.93,4.0,8.0,3.0,5.0,5.0,0.0,H,1.0,0.0,H,17.0,8.0,9.0,5.0,15.0,9.0,7.0,4.0,1.0,4.0,0.0,1.0,1.95,3.43,3.87
T1,2022-01-22,Sivasspor,Fenerbahce,1487.3,1517.59,4.0,5.0,4.0,8.0,1.0,1.0,D,0.0,1.0,A,18.0,9.0,5.0,3.0,14.0,19.0,9.0,6.0,2.0,3.0,0.0,0.0,2.73,3.12,2.67
T1,2022-01-22,Buyuksehyr,Goztep,1488.42,1366.55,2.0,6.0,9.0,10.0,1.0,2.0,A,0.0,1.0,A,20.0,6.0,7.0,5.0,7.0,9.0,6.0,2.0,1.0,1.0,0.0,0.0,1.9,3.43,4.09
T1,2022-01-23,Hatayspor,Rizespor,1428.57,1334.33,3.0,6.0,4.0,5.0,0.0,0.0,D,0.0,0.0,D,13.0,7.0,2.0,0.0,14.0,7.0,6.0,4.0,3.0,1.0,0.0,0.0,1.82,3.63,4.21
T1,2022-01-23,Kasimpasa,Kayserispor,1360.3,1385.26,9.0,13.0,7.0,11.0,3.0,1.0,H,2.0,1.0,H,16.0,10.0,6.0,2.0,16.0,14.0,4.0,3.0,2.0,2.0,0.0,0.0,2.11,3.47,3.32
T1,2022-01-23,Altay,Konyaspor,1303.65,1475.03,0.0,0.0,6.0,12.0,0.0,1.0,A,0.0,0.0,D,8.0,13.0,3.0,4.0,15.0,11.0,6.0,4.0,4.0,1.0,1.0,0.0,3.03,3.37,2.29
T1,2022-01-23,Antalyaspor,Gaziantep,1355.03,,1.0,2.0,6.0,10.0,0.0,0.0,D,0.0,0.0,D,11.0,14.0,5.0,7.0,15.0,14.0,3.0,5.0,3.0,1.0,0.0,0.0,2.24,3.3,3.19
T1,2022-01-23,Giresunspor,Alanyaspor,1365.14,1424.28,4.0,4.0,7.0,8.0,1.0,3.0,A,1.0,2.0,A,15.0,12.0,5.0,5.0,14.0,13.0,7.0,2.0,1.0,4.0,0.0,0.0,2.42,3.27,2.91
T1,2022-01-23,Galatasaray,Trabzonspor,1531.66,1585.22,0.0,3.0,5.0,9.0,1.0,2.0,A,1.0,0.0,H,16.0,19.0,6.0,5.0,15.0,16.0,4.0,8.0,2.0,4.0,0.0,0.0,2.49,3.26,2.84
T1,2022-02-04,Kayserispor,Hatayspor,1387.67,1421.32,4.0,10.0,4.0,7.0,4.0,3.0,H,1.0,0.0,H,10.0,16.0,7.0,4.0,12.0,12.0,5.0,5.0,0.0,2.0,0.0,0.0,2.25,3.38,3.14
T1,2022-02-04,Konyaspor,Giresunspor,1484.92,1347.4,6.0,12.0,1.0,4.0,1.0,0.0,H,0.0,0.0,D,13.0,6.0,3.0,3.0,11.0,7.0,6.0,2.0,1.0,0.0,0.0,0.0,1.99,3.22,4.07
T1,2022-02-05,Gaziantep,Sivasspor,,1477.91,4.0,10.0,2.0,5.0,5.0,1.0,H,3.0,1.0,H,11.0,13.0,7.0,5.0,15.0,11.0,4.0,3.0,4.0,3.0,0.0,1.0,2.34,3.06,3.26
T1,2022-02-05,Karagumruk,Yeni Malatyaspor,1396.83,,3.0,4.0,1.0,2.0,1.0,0.0,H,0.0,0.0,D,15.0,13.0,7.0,4.0,10.0,13.0,5.0,5.0,1.0,5.0,0.0,0.0,1.84,3.61,4.14
T1,2022-02-05,Trabzonspor,Kasimpasa,1585.14,1402.13,5.0,9.0,9.0,15.0,1.0,0.0,H,1.0,0.0,H,7.0,15.0,4.0,4.0,19.0,14.0,2.0,3.0,3.0,5.0,1.0,1.0,1.78,3.68,4.36
T1,2022-02-05,Fenerbahce,Buyuksehyr,1517.92,1467.14,5.0,8.0,1.0,5.0,0.0,1.0,A,0.0,0.0,D,12.0,14.0,2.0,6.0,17.0,12.0,1.0,6.0,3.0,4.0,0.0,0.0,2.21,3.37,3.2
T1,2022-02-06,Alanyaspor,Galatasaray,1460.12,1492.53,9.0,11.0,0.0,3.0,1.0,1.0,D,1.0,1.0,D,14.0,7.0,5.0,4.0,13.0,13.0,8.0,1.0,0.0,1.0,1.0,0.0,2.52,3.39,2.7
T1,2022-02-06,Rizespor,Ad. Demirspor,1345.9,1415.52,4.0,5.0,4.0,8.0,1.0,3.0,A,0.0,2.0,A,19.0,15.0,11.0,8.0,15.0,9.0,8.0,6.0,5.0,3.0,0.0,0.0,3.08,3.37,2.27
T1,2022-02-06,Besiktas,Antalyaspor,1496.57,1344.57,7.0,8.0,2.0,2.0,0.0,0.0,D,0.0,0.0,D,17.0,5.0,4.0,2.0,18.0,13.0,11.0,2.0,6.0,5.0,1.0,0.0,1.76,3.75,4.43
T1,2022-02-06,Goztep,Altay,1388.28,1286.99,9.0,13.0,0.0,0.0,0.0,2.0,A,0.0,1.0,A,21.0,5.0,4.0,2.0,13.0,14.0,6.0,6.0,3.0,3.0,0.0,0.0,1.88,3.6,3.99
T1,2022-02-11,Altay,Rizespor,1286.99,1345.9,3.0,3.0,4.0,5.0,0.0,0.0,D,0.0,0.0,D,12.0,10.0,3.0,2.0,23.0,12.0,6.0,3.0,3.0,2.0,0.0,0.0,2.0,3.37,3.84
T1,2022-02-12,Buyuksehyr,Gaziantep,1467.14,,3.0,5.0,4.0,10.0,2.0,0.0,H,1.0,0.0,H,10.0,21.0,3.0,2.0,11.0,7.0,2.0,6.0,1.0,1.0,0.0,0.0,1.82,3.56,4.39
T1,2022-02-12,Giresunspor,Fenerbahce,1347.4,1517.92,1.0,4.0,4.0,5.0,1.0,2.0,A,1.0,1.0,D,13.0,18.0,5.0,2.0,8.0,15.0,3.0,8.0,2.0,4.0,1.0,0.0,3.3,3.3,2.2
T1,2022-02-12,Galatasaray,Kayserispor,1492.53,1387.67,1.0,1.0,6.0,10.0,1.0,1.0,D,0.0,0.0,D,26.0,5.0,7.0,3.0,8.0,13.0,13.0,3.0,1.0,1.0,0.0,0.0,1.78,3.73,4.37
T1,2022-02-13,Sivasspor,Yeni Malatyaspor,1477.91,,1.0,5.0,1.0,1.0,2.0,1.0,H,0.0,1.0,A,14.0,14.0,5.0,5.0,16.0,12.0,6.0,2.0,2.0,1.0,0.0,0.0,1.64,3.83,5.25
T1,2022-02-13,Antalyaspor,Karagumruk,1344.57,1396.83,2.0,3.0,3.0,6.0,3.0,0.0,H,2.0,0.0,H,15.0,9.0,7.0,3.0,13.0,12.0,4.0,1.0,1.0,3.0,0.0,0.0,2.06,3.37,3.58
T1,2022-02-13,Kasimpasa,Alanyaspor,1402.13,1460.12,6.0,12.0,7.0,11.0,2.0,2.0,D,0.0,1.0,A,22.0,10.0,5.0,3.0,12.0,7.0,13.0,3.0,3.0,1.0,0.0,0.0,2.49,3.32,2.8
T1,2022-02-13,Trabzonspor,Konyaspor,1585.14,1484.92,7.0,11.0,9.0,12.0,2.0,1.0,H,1.0,0.0,H,15.0,11.0,6.0,4.0,10.0,13.0,6.0,4.0,0.0,3.0,0.0,0.0,1.97,3.3,3.98
T1,2022-02-14,Ad. Demirspor,Besiktas,1415.52,1496.57,6.0,10.0,5.0,9.0,1.0,1.0,D,0.0,1.0,A,17.0,12.0,3.0,6.0,17.0,13.0,8.0,4.0,3.0,2.0,0.0,0.0,2.43,3.41,2.77
T1,2022-02-14,Hatayspor,Goztep,1421.32,1388.28,1.0,4.0,6.0,12.0,2.0,1.0,H,2.0,0.0,H,15.0,7.0,6.0,3.0,20.0,9.0,4.0,6.0,5.0,3.0,0.0,0.0,2.5,3.24,2.82
T1,2022-02-18,Konyaspor,Kasimpasa,1484.21,1399.27,6.0,9.0,4.0,10.0,4.0,4.0,D,2.0,1.0,H,14.0,10.0,6.0,5.0,9.0,14.0,4.0,4.0,2.0,6.0,0.0,0.0,2.16,3.37,3.34
T1,2022-02-18,Rizespor,Buyuksehyr,1335.62,1486.2,2.0,5.0,6.0,7.0,0.0,2.0,A,0.0,1.0,A,17.0,7.0,5.0,4.0,3.0,18.0,7.0,2.0,2.0,4.0,0.0,0.0,4.17,3.48,1.89
T1,2022-02-19,Yeni Malatyaspor,Antalyaspor,,1363.56,1.0,1.0,5.0,6.0,1.0,2.0,A,0.0,1.0,A,15.0,11.0,3.0,5.0,7.0,7.0,9.0,2.0,1.0,1.0,0.0,0.0,3.03,3.32,2.34
T1,2022-02-19,Kayserispor,Giresunspor,1399.22,1338.28,4.0,8.0,0.0,1.0,2.0,1.0,H,2.0,0.0,H,14.0,12.0,3.0,6.0,13.0,16.0,2.0,8.0,4.0,3.0,0.0,0.0,2.33,3.22,3.15
T1,2022-02-19,Besiktas,Altay,1491.04,1303.16,3.0,9.0,4.0,4.0,1.0,0.0,H,0.0,0.0,D,18.0,9.0,8.0,1.0,16.0,11.0,7.0,2.0,3.0,1.0,0.0,0.0,1.45,4.58,6.5
T1,2022-02-20,Gaziantep,Ad. Demirspor,,1426.72,4.0,7.0,7.0,8.0,0.0,3.0,A,0.0,1.0,A,9.0,18.0,4.0,9.0,13.0,6.0,4.0,7.0,2.0,1.0,0.0,0.0,2.59,3.4,2.65
T1,2022-02-20,Alanyaspor,Trabzonspor,1459.25,1592.11,5.0,11.0,9.0,11.0,0.0,4.0,A,0.0,4.0,A,17.0,18.0,4.0,6.0,8.0,9.0,5.0,10.0,0.0,0.0,0.0,0.0,2.98,3.31,2.37
T1,2022-02-20,Karagumruk,Sivasspor,1387.87,1466.01,3.0,6.0,4.0,5.0,1.0,0.0,H,0.0,0.0,D,13.0,9.0,3.0,2.0,13.0,13.0,5.0,3.0,2.0,4.0,0.0,0.0,2.55,3.32,2.72
T1,2022-02-20,Fenerbahce,Hatayspor,1512.39,1419.36,4.0,8.0,4.0,7.0,2.0,0.0,H,0.0,0.0,D,15.0,11.0,6.0,5.0,14.0,16.0,10.0,4.0,0.0,2.0,0.0,0.0,1.7,3.88,4.67
T1,2022-02-21,Goztep,Galatasaray,1365.91,1489.15,3.0,9.0,2.0,2.0,2.0,3.0,A,1.0,1.0,D,13.0,10.0,5.0,7.0,19.0,10.0,5.0,6.0,3.0,3.0,0.0,0.0,2.93,3.25,2.43
T1,2022-02-22,Buyuksehyr,Konyaspor,1486.2,1484.21,9.0,9.0,4.0,10.0,2.0,1.0,H,0.0,1.0,A,13.0,12.0,4.0,4.0,11.0,11.0,2.0,3.0,2.0,1.0,0.0,0.0,2.05,3.35,3.68
T1,2022-02-23,Gaziantep,Yeni Malatyaspor,,,3.0,4.0,0.0,1.0,0.0,0.0,D,0.0,0.0,D,16.0,10.0,6.0,1.0,16.0,13.0,6.0,4.0,2.0,3.0,0.0,0.0,1.71,3.83,4.64
T1,2022-02-25,Ad. Demirspor,Antalyaspor,1426.72,1363.56,7.0,10.0,7.0,8.0,0.0,0.0,D,0.0,0.0,D,14.0,10.0,4.0,3.0,16.0,6.0,2.0,3.0,0.0,1.0,0.0,0.0,1.92,3.57,3.92
T1,2022-02-25,Trabzonspor,Kayserispor,1592.11,1399.22,9.0,13.0,7.0,10.0,3.0,2.0,H,0.0,2.0,A,22.0,17.0,10.0,7.0,4.0,8.0,6.0,5.0,0.0,0.0,0.0,0.0,1.52,4.15,6.41
T1,2022-02-26,Buyuksehyr,Karagumruk,1486.2,1387.87,9.0,12.0,6.0,6.0,1.0,2.0,A,1.0,2.0,A,13.0,5.0,3.0,4.0,14.0,8.0,2.0,3.0,2.0,2.0,0.0,0.0,1.69,3.79,4.89
T1,2022-02-26,Sivasspor,Besiktas,1466.01,1491.04,3.0,4.0,5.0,9.0,2.0,3.0,A,1.0,2.0,A,20.0,17.0,6.0,10.0,8.0,16.0,6.0,6.0,0.0,3.0,0.0,0.0,2.61,3.22,2.74
T1,2022-02-27,Altay,Gaziantep,1303.16,,4.0,4.0,1.0,5.0,3.0,2.0,H,2.0,2.0,D,9.0,12.0,5.0,3.0,17.0,10.0,8.0,4.0,2.0,3.0,0.0,0.0,2.7,3.26,2.63
T1,2022-02-27,Giresunspor,Goztep,1338.28,1365.91,0.0,1.0,0.0,6.0,3.0,1.0,H,1.0,0.0,H,16.0,9.0,6.0,4.0,10.0,16.0,7.0,5.0,0.0,1.0,0.0,0.0,2.42,3.16,3.03
T1,2022-02-27,Alanyaspor,Konyaspor,1459.25,1484.21,2.0,8.0,1.0,7.0,5.0,1.0,H,4.0,1.0,H,17.0,14.0,10.0,3.0,11.0,12.0,4.0,5.0,1.0,3.0,0.0,1.0,2.43,3.26,2.95
T1,2022-02-27,Hatayspor,Yeni Malatyaspor,1419.36,,3.0,4.0,1.0,2.0,5.0,2.0,H,3.0,0.0,H,13.0,14.0,8.0,7.0,10.0,9.0,2.0,4.0,1.0,0.0,0.0,0.0,1.66,3.84,5.09
T1,2022-02-27,Galatasaray,Rizespor,1489.15,1335.62,5.0,5.0,1.0,5.0,4.0,2.0,H,1.0,1.0,D,18.0,7.0,9.0,4.0,19.0,15.0,9.0,4.0,6.0,5.0,0.0,1.0,1.44,4.41,7.19
T1,2022-02-28,Kasimpasa,Fenerbahce,1399.27,1512.39,2.0,8.0,6.0,10.0,1.0,2.0,A,0.0,1.0,A,16.0,9.0,8.0,2.0,15.0,18.0,8.0,4.0,6.0,1.0,1.0,0.0,2.59,3.41,2.62
T1,2022-03-04,Yeni Malatyaspor,Ad. Demirspor,,1437.39,1.0,1.0,5.0,11.0,1.0,0.0,H,0.0,0.0,D,15.0,20.0,5.0,2.0,13.0,11.0,5.0,6.0,1.0,0.0,0.0,0.0,4.35,3.75,1.78
T1,2022-03-05,Goztep,Kasimpasa,1346.34,1393.5,0.0,3.0,2.0,5.0,2.0,3.0,A,1.0,1.0,D,8.0,14.0,3.0,5.0,25.0,10.0,4.0,4.0,4.0,3.0,0.0,0.0,2.35,3.36,2.98
T1,2022-03-05,Rizespor,Giresunspor,1320.1,1340.3,1.0,2.0,3.0,3.0,1.0,2.0,A,1.0,1.0,D,5.0,15.0,2.0,7.0,13.0,17.0,5.0,2.0,3.0,1.0,0.0,0.0,2.8,3.32,2.51
T1,2022-03-05,Konyaspor,Galatasaray,1456.85,1496.93,1.0,4.0,7.0,8.0,2.0,0.0,H,2.0,0.0,H,12.0,11.0,6.0,5.0,15.0,10.0,7.0,5.0,0.0,0.0,0.0,0.0,2.5,3.36,2.76
T1,2022-03-06,Karagumruk,Altay,1405.39,1306.96,6.0,9.0,4.0,7.0,0.0,0.0,D,0.0,0.0,D,17.0,6.0,4.0,1.0,8.0,15.0,6.0,1.0,3.0,2.0,0.0,1.0,1.94,3.59,3.79
T1,2022-03-06,Antalyaspor,Sivasspor,1372.78,1445.92,7.0,9.0,3.0,4.0,1.0,0.0,H,1.0,0.0,H,6.0,11.0,4.0,2.0,15.0,13.0,3.0,6.0,0.0,0.0,0.0,0.0,2.48,3.19,2.91
T1,2022-03-06,Fenerbahce,Trabzonspor,1515.77,1604.23,9.0,10.0,9.0,15.0,1.0,1.0,D,0.0,1.0,A,11.0,17.0,5.0,3.0,11.0,15.0,4.0,4.0,2.0,1.0,1.0,0.0,2.29,3.33,3.09
T1,2022-03-07,Besiktas,Buyuksehyr,1499.5,1485.38,7.0,9.0,6.0,12.0,2.0,2.0,D,1.0,2.0,A,16.0,4.0,4.0,2.0,10.0,15.0,3.0,3.0,3.0,3.0,0.0,0.0,2.15,3.41,3.32
T1,2022-03-07,Gaziantep,Hatayspor,,1417.26,1.0,4.0,6.0,7.0,2.0,2.0,D,1.0,2.0,A,19.0,7.0,5.0,3.0,6.0,12.0,11.0,3.0,1.0,2.0,0.0,0.0,2.34,3.38,2.95
T1,2022-03-07,Kayserispor,Alanyaspor,1398.73,1457.86,4.0,7.0,4.0,8.0,1.0,2.0,A,1.0,1.0,D,3.0,15.0,1.0,4.0,9.0,9.0,2.0,4.0,3.0,1.0,0.0,0.0,2.52,3.39,2.72
T1,2022-03-12,Hatayspor,Karagumruk,1417.26,1405.39,4.0,7.0,7.0,10.0,3.0,0.0,H,2.0,0.0,H,13.0,10.0,6.0,3.0,19.0,9.0,2.0,6.0,0.0,0.0,0.0,0.0,1.98,3.54,3.71
T1,2022-03-12,Altay,Yeni Malatyaspor,1306.96,,4.0,8.0,4.0,4.0,1.0,0.0,H,1.0,0.0,H,8.0,6.0,1.0,1.0,16.0,13.0,3.0,2.0,4.0,4.0,0.0,0.0,1.93,3.49,3.94
T1,2022-03-12,Kasimpasa,Rizespor,1393.5,1320.1,4.0,5.0,0.0,1.0,3.0,1.0,H,1.0,0.0,H,22.0,9.0,7.0,4.0,16.0,5.0,3.0,4.0,1.0,0.0,0.0,1.0,1.63,4.09,5.04
T1,2022-03-12,Trabzonspor,Goztep,1604.23,1346.34,7.0,13.0,0.0,0.0,4.0,2.0,H,2.0,2.0,D,16.0,15.0,10.0,6.0,10.0,14.0,3.0,6.0,2.0,3.0,0.0,0.0,1.61,4.03,5.23
T1,2022-03-13,Kayserispor,Konyaspor,1398.73,1456.85,3.0,7.0,3.0,4.0,2.0,3.0,A,2.0,1.0,H,14.0,18.0,4.0,10.0,11.0,9.0,8.0,2.0,2.0,3.0,0.0,0.0,2.82,3.35,2.47
T1,2022-03-13,Ad. Demirspor,Sivasspor,1437.39,1445.92,4.0,8.0,0.0,3.0,2.0,3.0,A,0.0,1.0,A,11.0,9.0,5.0,6.0,14.0,12.0,6.0,2.0,2.0,3.0,0.0,0.0,1.92,3.53,3.94
T1,2022-03-13,Alanyaspor,Fenerbahce,1457.86,1515.77,6.0,8.0,7.0,10.0,2.0,5.0,A,0.0,1.0,A,14.0,18.0,9.0,9.0,14.0,14.0,12.0,4.0,1.0,2.0,0.0,0.0,2.69,3.44,2.52
T1,2022-03-14,Buyuksehyr,Antalyaspor,1485.38,1372.78,4.0,10.0,7.0,11.0,0.0,1.0,A,0.0,1.0,A,15.0,6.0,4.0,3.0,13.0,7.0,7.0,6.0,3.0,0.0,0.0,0.0,1.77,3.61,4.64
T1,2022-03-14,Galatasaray,Besiktas,1496.93,1499.5,6.0,8.0,7.0,9.0,2.0,1.0,H,2.0,0.0,H,19.0,10.0,7.0,1.0,12.0,16.0,4.0,5.0,4.0,4.0,0.0,0.0,2.48,3.38,2.76
T1,2022-03-14,Giresunspor,Gaziantep,1340.3,,6.0,6.0,2.0,2.0,2.0,1.0,H,1.0,1.0,D,13.0,10.0,5.0,3.0,10.0,11.0,6.0,2.0,2.0,0.0,0.0,0.0,2.33,3.3,3.05
T1,2022-03-18,Karagumruk,Kayserispor,1391.82,1383.56,4.0,7.0,0.0,4.0,3.0,0.0,H,2.0,0.0,H,15.0,15.0,6.0,4.0,11.0,8.0,3.0,6.0,2.0,3.0,0.0,0.0,2.01,3.54,3.62
T1,2022-03-18,Rizespor,Trabzonspor,1305.63,1606.88,0.0,1.0,7.0,13.0,3.0,2.0,H,0.0,0.0,D,12.0,10.0,6.0,3.0,18.0,16.0,6.0,9.0,2.0,3.0,0.0,0.0,4.59,3.85,1.72
T1,2022-03-19,Yeni Malatyaspor,Kasimpasa,,1408.73,3.0,4.0,6.0,8.0,0.0,2.0,A,0.0,0.0,D,8.0,14.0,2.0,6.0,11.0,15.0,3.0,4.0,1.0,0.0,0.0,0.0,3.8,3.71,1.9
T1,2022-03-19,Ad. Demirspor,Buyuksehyr,1418.27,1476.07,1.0,5.0,1.0,7.0,2.0,1.0,H,1.0,0.0,H,15.0,11.0,6.0,2.0,14.0,14.0,6.0,4.0,2.0,2.0,0.0,0.0,2.38,3.4,2.89
T1,2022-03-19,Goztep,Alanyaspor,1336.21,1452.31,0.0,0.0,6.0,7.0,0.0,2.0,A,0.0,0.0,D,7.0,12.0,0.0,4.0,15.0,10.0,2.0,4.0,2.0,1.0,0.0,0.0,2.44,3.43,2.8
T1,2022-03-19,Besiktas,Hatayspor,1491.49,1429.56,4.0,8.0,7.0,10.0,1.0,1.0,D,1.0,1.0,D,22.0,10.0,12.0,3.0,9.0,15.0,7.0,4.0,1.0,4.0,0.0,0.0,1.72,3.97,4.49
T1,2022-03-20,Antalyaspor,Giresunspor,1394.31,1358.29,7.0,13.0,9.0,9.0,4.0,1.0,H,1.0,0.0,H,13.0,14.0,8.0,6.0,17.0,16.0,4.0,2.0,3.0,0.0,0.0,0.0,2.14,3.29,3.5
T1,2022-03-20,Sivasspor,Altay,1448.06,1318.41,3.0,6.0,7.0,8.0,2.0,1.0,H,0.0,0.0,D,12.0,10.0,5.0,3.0,14.0,17.0,7.0,1.0,1.0,2.0,0.0,0.0,1.85,3.53,4.26
T1,2022-03-20,Gaziantep,Galatasaray,,1495.74,1.0,2.0,6.0,10.0,3.0,1.0,H,1.0,1.0,D,19.0,13.0,7.0,4.0,10.0,11.0,7.0,7.0,0.0,3.0,0.0,0.0,2.76,3.4,2.48
T1,2022-03-20,Fenerbahce,Konyaspor,1531.84,1475.82,7.0,13.0,6.0,7.0,2.0,1.0,H,0.0,1.0,A,27.0,7.0,12.0,2.0,7.0,12.0,11.0,2.0,3.0,3.0,0.0,0.0,2.0,3.49,3.66
T1,2022-04-02,Giresunspor,Sivasspor,1347.54,1450.62,6.0,9.0,6.0,6.0,2.0,2.0,D,0.0,2.0,A,18.0,12.0,7.0,5.0,8.0,11.0,7.0,3.0,0.0,1.0,0.0,0.0,2.44,3.16,3.03
T1,2022-04-02,Altay,Antalyaspor,1313.72,1402.92,4.0,7.0,9.0,13.0,1.0,2.0,A,0.0,1.0,A,13.0,12.0,5.0,4.0,12.0,13.0,2.0,7.0,5.0,2.0,0.0,0.0,2.84,3.26,2.5
T1,2022-04-02,Kayserispor,Fenerbahce,1371.92,1535.86,0.0,3.0,7.0,13.0,0.0,4.0,A,0.0,2.0,A,7.0,17.0,1.0,9.0,17.0,15.0,4.0,0.0,1.0,2.0,0.0,0.0,3.62,3.7,1.96
T1,2022-04-02,Galatasaray,Karagumruk,1479.76,1401.34,3.0,9.0,4.0,10.0,2.0,0.0,H,2.0,0.0,H,10.0,11.0,4.0,7.0,12.0,8.0,5.0,7.0,1.0,2.0,0.0,0.0,1.69,3.94,4.69
T1,2022-04-03,Kasimpasa,Gaziantep,1417.45,,9.0,10.0,4.0,5.0,2.0,1.0,H,1.0,1.0,D,17.0,6.0,8.0,3.0,11.0,8.0,7.0,3.0,4.0,3.0,1.0,1.0,2.04,3.59,3.46
T1,2022-04-03,Alanyaspor,Rizespor,1460.6,1318.38,6.0,9.0,3.0,3.0,2.0,1.0,H,1.0,0.0,H,12.0,12.0,5.0,3.0,17.0,14.0,7.0,8.0,0.0,1.0,0.0,0.0,1.65,4.11,4.84
T1,2022-04-03,Konyaspor,Goztep,1469.67,1325.79,6.0,6.0,0.0,0.0,3.0,0.0,H,2.0,0.0,H,17.0,7.0,7.0,1.0,12.0,7.0,6.0,9.0,0.0,1.0,0.0,1.0,1.85,3.66,4.11
T1,2022-04-03,Trabzonspor,Besiktas,1592.01,1486.89,4.0,10.0,2.0,8.0,1.0,1.0,D,0.0,0.0,D,8.0,15.0,2.0,3.0,16.0,18.0,3.0,4.0,3.0,4.0,0.0,1.0,2.14,3.5,3.27
T1,2022-04-04,Buyuksehyr,Yeni Malatyaspor,1467.03,,1.0,4.0,3.0,4.0,1.0,0.0,H,1.0,0.0,H,28.0,7.0,11.0,2.0,17.0,12.0,12.0,1.0,0.0,1.0,0.0,0.0,1.36,4.81,8.54
T1,2022-04-04,Hatayspor,Ad. Demirspor,1432.03,1425.18,5.0,8.0,3.0,7.0,0.0,0.0,D,0.0,0.0,D,10.0,17.0,2.0,5.0,11.0,15.0,3.0,3.0,4.0,1.0,1.0,0.0,2.71,3.47,2.48
T1,2022-04-09,Karagumruk,Kasimpasa,1401.34,1417.45,3.0,7.0,9.0,12.0,3.0,2.0,H,2.0,0.0,H,10.0,16.0,5.0,4.0,13.0,18.0,3.0,4.0,3.0,3.0,0.0,0.0,2.6,3.47,2.59
T1,2022-04-09,Goztep,Kayserispor,1325.79,1371.92,0.0,0.0,0.0,0.0,1.0,2.0,A,1.0,2.0,A,19.0,8.0,7.0,3.0,17.0,8.0,6.0,4.0,1.0,2.0,0.0,0.0,2.1,3.57,3.31
T1,2022-04-09,Rizespor,Konyaspor,1318.38,1469.67,3.0,3.0,6.0,9.0,2.0,1.0,H,1.0,1.0,D,11.0,9.0,3.0,3.0,12.0,18.0,5.0,3.0,3.0,2.0,0.0,2.0,3.53,3.61,2.01
T1,2022-04-09,Besiktas,Alanyaspor,1486.89,1460.6,2.0,6.0,6.0,12.0,4.0,1.0,H,3.0,1.0,H,11.0,4.0,6.0,1.0,23.0,8.0,0.0,3.0,3.0,0.0,0.0,0.0,1.83,3.8,3.98
T1,2022-04-09,Gaziantep,Trabzonspor,,1592.01,3.0,4.0,4.0,8.0,0.0,0.0,D,0.0,0.0,D,17.0,19.0,6.0,5.0,7.0,9.0,5.0,6.0,3.0,1.0,0.0,0.0,3.2,3.43,2.2
T1,2022-04-10,Yeni Malatyaspor,Giresunspor,,1347.54,0.0,3.0,4.0,10.0,0.0,1.0,A,0.0,1.0,A,10.0,12.0,4.0,4.0,12.0,18.0,4.0,4.0,3.0,1.0,0.0,0.0,3.62,3.42,2.04
T1,2022-04-10,Ad. Demirspor,Altay,1425.18,1313.72,4.0,5.0,3.0,7.0,3.0,1.0,H,2.0,0.0,H,18.0,13.0,9.0,4.0,6.0,10.0,7.0,7.0,1.0,1.0,0.0,0.0,1.61,4.04,5.29
T1,2022-04-10,Sivasspor,Buyuksehyr,1450.62,1467.03,7.0,7.0,3.0,4.0,0.0,2.0,A,0.0,1.0,A,19.0,14.0,7.0,2.0,13.0,15.0,6.0,5.0,2.0,3.0,0.0,0.0,2.74,3.27,2.58
T1,2022-04-10,Fenerbahce,Galatasaray,1535.86,1479.76,9.0,13.0,6.0,9.0,2.0,0.0,H,1.0,0.0,H,8.0,6.0,3.0,1.0,18.0,18.0,4.0,2.0,3.0,4.0,0.0,0.0,1.92,3.67,3.78
T1,2022-04-11,Antalyaspor,Hatayspor,1402.92,1432.03,9.0,13.0,5.0,9.0,4.0,1.0,H,3.0,1.0,H,14.0,6.0,8.0,4.0,11.0,11.0,3.0,5.0,1.0,1.0,0.0,1.0,2.15,3.49,3.2
T1,2022-04-15,Kayserispor,Rizespor,1369.65,1325.49,3.0,3.0,6.0,6.0,1.0,1.0,D,0.0,0.0,D,14.0,9.0,5.0,3.0,14.0,16.0,8.0,5.0,2.0,2.0,0.0,0.0,2.05,3.53,3.46
T1,2022-04-15,Trabzonspor,Karagumruk,1584.13,1401.92,2.0,6.0,6.0,7.0,1.0,1.0,D,0.0,1.0,A,30.0,11.0,6.0,1.0,11.0,8.0,15.0,4.0,1.0,3.0,0.0,0.0,1.49,4.33,6.26
T1,2022-04-16,Hatayspor,Sivasspor,1418.28,1436.18,2.0,6.0,4.0,7.0,1.0,1.0,D,0.0,1.0,A,7.0,8.0,3.0,4.0,8.0,11.0,4.0,4.0,2.0,1.0,0.0,0.0,2.55,3.32,2.72
T1,2022-04-16,Alanyaspor,Antalyaspor,1454.39,1422.16,6.0,9.0,9.0,15.0,1.0,3.0,A,0.0,2.0,A,14.0,8.0,5.0,4.0,15.0,7.0,7.0,1.0,1.0,3.0,0.0,0.0,2.12,3.37,3.44
T1,2022-04-16,Altay,Buyuksehyr,1300.88,1483.3,0.0,4.0,6.0,7.0,1.0,1.0,D,0.0,1.0,A,11.0,18.0,4.0,6.0,12.0,14.0,3.0,9.0,2.0,1.0,0.0,0.0,3.74,3.43,1.99
T1,2022-04-16,Fenerbahce,Goztep,1553.66,1311.41,9.0,13.0,0.0,0.0,2.0,0.0,H,1.0,0.0,H,14.0,9.0,3.0,3.0,7.0,17.0,2.0,6.0,0.0,3.0,0.0,1.0,1.38,4.81,7.84
T1,2022-04-17,Konyaspor,Gaziantep,1465.01,,3.0,9.0,4.0,5.0,4.0,1.0,H,2.0,0.0,H,20.0,8.0,9.0,6.0,10.0,10.0,3.0,7.0,1.0,2.0,0.0,1.0,1.8,3.74,4.19
T1,2022-04-17,Kasimpasa,Ad. Demirspor,1416.47,1432.54,6.0,12.0,7.0,7.0,4.0,0.0,H,2.0,0.0,H,22.0,9.0,8.0,5.0,13.0,11.0,3.0,7.0,1.0,1.0,0.0,1.0,2.33,3.49,2.89
T1,2022-04-17,Giresunspor,Besiktas,1356.95,1500.91,4.0,10.0,5.0,6.0,0.0,0.0,D,0.0,0.0,D,9.0,14.0,3.0,4.0,12.0,15.0,3.0,8.0,1.0,1.0,0.0,0.0,2.93,3.38,2.34
T1,2022-04-18,Galatasaray,Yeni Malatyaspor,1479.23,,3.0,6.0,0.0,3.0,2.0,0.0,H,0.0,0.0,D,19.0,15.0,10.0,8.0,10.0,9.0,6.0,3.0,1.0,2.0,0.0,0.0,1.3,5.18,10.2
T1,2022-04-22,Rizespor,Fenerbahce,1325.49,1553.66,4.0,7.0,9.0,15.0,0.0,6.0,A,0.0,3.0,A,9.0,20.0,3.0,14.0,13.0,10.0,6.0,11.0,3.0,1.0,1.0,0.0,5.55,4.21,1.56
T1,2022-04-23,Gaziantep,Goztep,,1311.41,1.0,4.0,0.0,0.0,1.0,1.0,D,0.0,0.0,D,16.0,13.0,4.0,5.0,12.0,11.0,12.0,2.0,1.0,1.0,0.0,0.0,1.85,3.77,3.96
T1,2022-04-23,Karagumruk,Giresunspor,1401.92,1356.95,4.0,7.0,5.0,8.0,2.0,1.0,H,0.0,0.0,D,7.0,8.0,2.0,4.0,12.0,6.0,2.0,5.0,1.0,0.0,1.0,0.0,2.38,3.34,2.92
T1,2022-04-23,Ad. Demirspor,Trabzonspor,1432.54,1584.13,4.0,7.0,3.0,6.0,1.0,3.0,A,0.0,2.0,A,14.0,11.0,3.0,6.0,12.0,9.0,9.0,0.0,1.0,1.0,0.0,0.0,2.33,3.43,2.96
T1,2022-04-24,Buyuksehyr,Hatayspor,1483.3,1418.28,7.0,7.0,2.0,6.0,3.0,0.0,H,0.0,0.0,D,21.0,3.0,8.0,1.0,6.0,10.0,3.0,2.0,1.0,1.0,0.0,0.0,1.66,3.81,5.16
T1,2022-04-24,Yeni Malatyaspor,Konyaspor,,1465.01,0.0,0.0,6.0,9.0,2.0,3.0,A,0.0,2.0,A,11.0,13.0,5.0,7.0,9.0,11.0,1.0,10.0,2.0,2.0,1.0,0.0,5.51,4.06,1.59
T1,2022-04-24,Altay,Galatasaray,1300.88,1479.23,1.0,4.0,6.0,9.0,0.0,1.0,A,0.0,1.0,A,14.0,7.0,4.0,5.0,15.0,8.0,6.0,5.0,3.0,4.0,0.0,0.0,3.92,3.63,1.89
T1,2022-04-24,Antalyaspor,Kayserispor,1422.16,1369.65,9.0,15.0,4.0,4.0,1.0,1.0,D,0.0,0.0,D,7.0,12.0,1.0,4.0,11.0,10.0,5.0,4.0,0.0,1.0,0.0,0.0,1.72,3.76,4.66
T1,2022-04-25,Besiktas,Kasimpasa,1500.91,1416.47,5.0,6.0,6.0,12.0,0.0,3.0,A,0.0,2.0,A,15.0,9.0,3.0,5.0,16.0,10.0,4.0,5.0,5.0,5.0,0.0,0.0,1.75,3.95,4.22
T1,2022-04-25,Sivasspor,Alanyaspor,1436.18,1454.39,2.0,8.0,3.0,6.0,1.0,0.0,H,0.0,0.0,D,4.0,13.0,1.0,2.0,7.0,11.0,4.0,7.0,2.0,5.0,0.0,0.0,2.32,3.37,3.01
T1,2022-04-29,Fenerbahce,Gaziantep,1553.66,,9.0,15.0,2.0,5.0,3.0,2.0,H,1.0,0.0,H,14.0,8.0,6.0,3.0,16.0,8.0,4.0,7.0,2.0,4.0,0.0,0.0,1.37,5.09,7.5
T1,2022-04-29,Giresunspor,Ad. Demirspor,1356.95,1432.54,4.0,5.0,3.0,7.0,2.0,0.0,H,1.0,0.0,H,14.0,9.0,5.0,1.0,11.0,15.0,4.0,2.0,0.0,1.0,0.0,0.0,2.58,3.4,2.67
T1,2022-04-30,Kasimpasa,Buyuksehyr,1416.47,1483.3,6.0,12.0,7.0,10.0,2.0,3.0,A,1.0,2.0,A,13.0,16.0,3.0,8.0,12.0,14.0,5.0,3.0,0.0,2.0,0.0,0.0,2.73,3.46,2.47
T1,2022-04-30,Konyaspor,Karagumruk,1465.01,1401.92,6.0,9.0,7.0,10.0,1.0,2.0,A,1.0,0.0,H,15.0,11.0,2.0,3.0,12.0,12.0,4.0,3.0,1.0,1.0,0.0,0.0,1.74,3.86,4.44
T1,2022-04-30,Hatayspor,Altay,1418.28,1300.88,1.0,3.0,1.0,1.0,0.0,1.0,A,0.0,1.0,A,10.0,7.0,1.0,3.0,7.0,14.0,9.0,2.0,3.0,1.0,0.0,0.0,1.8,3.8,4.13
T1,2022-04-30,Trabzonspor,Antalyaspor,1584.13,1422.16,5.0,6.0,7.0,13.0,2.0,2.0,D,1.0,0.0,H,9.0,12.0,5.0,7.0,9.0,12.0,5.0,4.0,3.0,4.0,0.0,0.0,1.8,3.66,4.33
T1,2022-05-01,Alanyaspor,Yeni Malatyaspor,1433.03,,0.0,6.0,0.0,0.0,2.0,1.0,H,0.0,1.0,A,40.0,4.0,11.0,3.0,15.0,11.0,17.0,2.0,2.0,1.0,0.0,1.0,1.27,5.69,10.39
T1,2022-05-01,Kayserispor,Besiktas,1370.3,1479.02,5.0,5.0,4.0,6.0,2.0,3.0,A,1.0,0.0,H,13.0,17.0,4.0,6.0,13.0,20.0,4.0,6.0,0.0,4.0,0.0,1.0,3.61,3.75,1.94
T1,2022-05-01,Galatasaray,Sivasspor,1488.02,1443.91,6.0,9.0,4.0,8.0,2.0,3.0,A,1.0,1.0,D,10.0,14.0,3.0,5.0,10.0,17.0,6.0,1.0,2.0,4.0,0.0,0.0,1.9,3.59,3.92
T1,2022-05-01,Goztep,Rizespor,1312.91,1318.46,1.0,1.0,4.0,7.0,1.0,7.0,A,1.0,3.0,A,19.0,13.0,5.0,7.0,8.0,7.0,7.0,1.0,1.0,0.0,0.0,0.0,2.04,3.6,3.45
T1,2022-05-06,Gaziantep,Kayserispor,,1370.3,1.0,2.0,2.0,5.0,1.0,1.0,D,1.0,1.0,D,12.0,8.0,4.0,4.0,14.0,6.0,4.0,3.0,1.0,3.0,0.0,0.0,1.78,3.67,4.41
T1,2022-05-06,Hatayspor,Trabzonspor,1395.97,1580.46,1.0,2.0,5.0,7.0,1.0,1.0,D,0.0,0.0,D,10.0,15.0,5.0,6.0,12.0,9.0,10.0,4.0,1.0,0.0,0.0,0.0,2.54,3.53,2.62
T1,2022-05-07,Karagumruk,Goztep,1424.7,1312.91,7.0,10.0,1.0,1.0,3.0,1.0,H,1.0,0.0,H,19.0,5.0,7.0,1.0,14.0,10.0,7.0,4.0,2.0,1.0,0.0,0.0,1.59,4.33,5.03
T1,2022-05-07,Sivasspor,Kasimpasa,1443.91,1440.57,7.0,8.0,6.0,9.0,1.0,3.0,A,0.0,0.0,D,14.0,10.0,4.0,4.0,14.0,15.0,3.0,4.0,2.0,2.0,0.0,0.0,2.33,3.48,2.91
T1,2022-05-07,Ad. Demirspor,Alanyaspor,1400.02,1433.03,0.0,4.0,3.0,6.0,1.0,2.0,A,1.0,1.0,D,14.0,11.0,6.0,5.0,12.0,22.0,6.0,3.0,3.0,4.0,0.0,0.0,2.0,3.72,3.45
T1,2022-05-07,Buyuksehyr,Galatasaray,1497.37,1488.02,7.0,13.0,6.0,9.0,0.0,0.0,D,0.0,0.0,D,21.0,11.0,10.0,4.0,9.0,4.0,10.0,3.0,0.0,0.0,0.0,0.0,1.94,3.51,3.84
T1,2022-05-08,Altay,Giresunspor,1311.2,1365.08,4.0,4.0,4.0,8.0,1.0,1.0,D,0.0,1.0,A,17.0,8.0,5.0,2.0,10.0,15.0,8.0,5.0,1.0,4.0,0.0,0.0,2.45,3.48,2.74
T1,2022-05-08,Yeni Malatyaspor,Rizespor,,1318.46,0.0,0.0,4.0,7.0,1.0,3.0,A,1.0,2.0,A,13.0,12.0,2.0,8.0,9.0,11.0,4.0,6.0,1.0,2.0,0.0,0.0,3.83,3.76,1.87
T1,2022-05-08,Besiktas,Fenerbahce,1479.02,1569.35,4.0,8.0,9.0,15.0,1.0,1.0,D,1.0,1.0,D,9.0,8.0,3.0,2.0,22.0,13.0,6.0,8.0,6.0,3.0,0.0,0.0,2.52,3.5,2.64
T1,2022-05-09,Antalyaspor,Konyaspor,1439.05,1467.0,5.0,11.0,6.0,9.0,3.0,2.0,H,2.0,2.0,D,16.0,15.0,6.0,4.0,13.0,10.0,2.0,5.0,1.0,2.0,0.0,0.0,2.67,3.45,2.51
T1,2022-05-14,Kayserispor,Yeni Malatyaspor,1370.3,,2.0,6.0,0.0,0.0,3.0,0.0,H,2.0,0.0,H,11.0,12.0,6.0,3.0,16.0,19.0,6.0,1.0,1.0,3.0,0.0,0.0,1.44,4.75,6.49
T1,2022-05-15,Goztep,Besiktas,1284.74,1486.53,1.0,1.0,4.0,8.0,0.0,2.0,A,0.0,2.0,A,18.0,8.0,7.0,3.0,20.0,10.0,5.0,1.0,6.0,4.0,1.0,2.0,4.74,4.47,1.61
T1,2022-05-15,Trabzonspor,Altay,1577.08,1310.99,5.0,7.0,4.0,5.0,2.0,1.0,H,1.0,0.0,H,16.0,5.0,3.0,3.0,6.0,6.0,5.0,1.0,1.0,0.0,0.0,0.0,1.4,5.01,7.0
T1,2022-05-15,Alanyaspor,Gaziantep,1444.71,,6.0,6.0,2.0,3.0,3.0,0.0,H,0.0,0.0,D,20.0,11.0,8.0,3.0,17.0,10.0,5.0,2.0,3.0,3.0,0.0,0.0,1.61,4.2,4.99
T1,2022-05-15,Fenerbahce,Karagumruk,1568.71,1429.57,7.0,13.0,9.0,13.0,0.0,0.0,D,0.0,0.0,D,16.0,12.0,6.0,4.0,11.0,2.0,8.0,5.0,4.0,2.0,0.0,0.0,1.46,4.7,6.16
T1,2022-05-15,Giresunspor,Buyuksehyr,1365.28,1495.03,4.0,8.0,7.0,11.0,1.0,1.0,D,0.0,1.0,A,9.0,8.0,3.0,2.0,13.0,7.0,4.0,5.0,4.0,2.0,0.0,0.0,3.91,3.46,1.94
T1,2022-05-15,Kasimpasa,Antalyaspor,1454.58,1446.25,6.0,9.0,5.0,11.0,2.0,4.0,A,1.0,1.0,D,16.0,20.0,4.0,8.0,9.0,7.0,3.0,6.0,2.0,1.0,0.0,0.0,1.99,3.79,3.39
T1,2022-05-15,Konyaspor,Hatayspor,1459.8,1399.34,3.0,6.0,1.0,2.0,3.0,1.0,H,1.0,1.0,D,22.0,7.0,7.0,1.0,10.0,13.0,7.0,2.0,1.0,2.0,0.0,0.0,1.64,4.18,4.79
T1,2022-05-16,Galatasaray,Ad. Demirspor,1479.44,1391.32,4.0,7.0,0.0,3.0,3.0,2.0,H,1.0,1.0,D,20.0,10.0,9.0,4.0,15.0,11.0,7.0,1.0,3.0,2.0,0.0,0.0,1.94,3.75,3.58
T1,2022-05-16,Rizespor,Sivasspor,1352.53,1440.82,6.0,10.0,6.0,7.0,1.0,2.0,A,1.0,1.0,D,9.0,14.0,3.0,3.0,11.0,12.0,3.0,6.0,2.0,3.0,0.0,0.0,2.77,3.42,2.45
T1,2022-05-20,Antalyaspor,Galatasaray,1446.25,1479.44,7.0,11.0,4.0,10.0,1.0,1.0,D,1.0,0.0,H,14.0,13.0,3.0,3.0,13.0,10.0,5.0,6.0,2.0,2.0,0.0,0.0,2.28,3.67,2.9
T1,2022-05-20,Gaziantep,Rizespor,,1352.53,1.0,2.0,6.0,7.0,2.0,0.0,H,1.0,0.0,H,21.0,11.0,6.0,6.0,9.0,11.0,8.0,6.0,2.0,0.0,0.0,0.0,1.86,3.99,3.71
T1,2022-05-21,Altay,Kasimpasa,1310.99,1454.58,4.0,5.0,3.0,9.0,2.0,4.0,A,1.0,2.0,A,12.0,12.0,7.0,6.0,11.0,12.0,6.0,3.0,0.0,1.0,0.0,0.0,3.02,3.87,2.14
T1,2022-05-21,Sivasspor,Kayserispor,1440.82,1372.81,6.0,10.0,4.0,6.0,2.0,1.0,H,1.0,0.0,H,9.0,5.0,6.0,2.0,10.0,8.0,3.0,5.0,0.0,0.0,0.0,0.0,1.81,3.71,4.25
T1,2022-05-21,Besiktas,Konyaspor,1486.53,1459.8,7.0,8.0,3.0,9.0,1.0,1.0,D,0.0,1.0,A,21.0,12.0,5.0,1.0,19.0,11.0,7.0,5.0,3.0,3.0,0.0,0.0,1.93,3.87,3.57
T1,2022-05-21,Yeni Malatyaspor,Fenerbahce,,1568.71,0.0,0.0,5.0,11.0,0.0,5.0,A,0.0,1.0,A,7.0,29.0,4.0,12.0,8.0,8.0,0.0,10.0,1.0,3.0,1.0,0.0,11.22,6.78,1.22
T1,2022-05-22,Buyuksehyr,Trabzonspor,1495.03,1577.08,5.0,9.0,5.0,9.0,3.0,1.0,H,3.0,0.0,H,12.0,14.0,4.0,6.0,20.0,11.0,3.0,7.0,2.0,0.0,0.0,0.0,1.8,3.77,4.22
T1,2022-05-22,Karagumruk,Alanyaspor,1429.57,1444.71,7.0,11.0,9.0,9.0,0.0,1.0,A,0.0,1.0,A,17.0,18.0,5.0,6.0,11.0,14.0,8.0,7.0,1.0,2.0,0.0,0.0,3.01,3.68,2.2
T1,2022-05-22,Ad. Demirspor,Goztep,1391.32,1284.74,0.0,0.0,0.0,1.0,7.0,0.0,H,5.0,0.0,H,23.0,6.0,10.0,1.0,11.0,8.0,2.0,1.0,0.0,2.0,0.0,0.0,1.41,5.09,6.41
T1,2022-05-22,Hatayspor,Giresunspor,1399.34,1365.28,1.0,2.0,5.0,6.0,4.0,1.0,H,1.0,1.0,D,18.0,6.0,8.0,3.0,10.0,6.0,11.0,3.0,0.0,1.0,0.0,0.0,2.11,3.56,3.3
T1,2022-08-05,Istanbulspor,Trabzonspor,1320.04,1570.37,1.0,4.0,4.0,8.0,0.0,2.0,A,0.0,1.0,A,3.0,13.0,2.0,5.0,13.0,11.0,1.0,10.0,2.0,2.0,0.0,0.0,4.66,3.8,1.71
T1,2022-08-06,Sivasspor,Gaziantep,1456.66,,6.0,12.0,4.0,5.0,1.0,1.0,D,0.0,1.0,A,9.0,16.0,3.0,6.0,11.0,14.0,2.0,6.0,2.0,3.0,0.0,0.0,2.0,3.56,3.56
T1,2022-08-06,Besiktas,Kayserispor,1494.31,1372.01,5.0,8.0,4.0,5.0,1.0,0.0,H,0.0,0.0,D,20.0,5.0,6.0,1.0,22.0,14.0,9.0,4.0,5.0,2.0,1.0,1.0,1.5,4.39,6.04
T1,2022-08-07,Giresunspor,Ad. Demirspor,1361.07,1401.27,2.0,5.0,3.0,3.0,2.0,3.0,A,0.0,2.0,A,14.0,10.0,5.0,4.0,21.0,16.0,6.0,1.0,3.0,2.0,0.0,0.0,2.94,3.49,2.3
T1,2022-08-07,Karagumruk,Alanyaspor,1429.63,1466.36,4.0,10.0,9.0,12.0,2.0,4.0,A,0.0,2.0,A,17.0,10.0,4.0,6.0,19.0,19.0,10.0,3.0,2.0,3.0,0.0,0.0,2.65,3.46,2.53
T1,2022-08-07,Antalyaspor,Galatasaray,1462.84,1488.83,7.0,9.0,5.0,8.0,0.0,1.0,A,0.0,0.0,D,12.0,13.0,4.0,4.0,17.0,16.0,1.0,6.0,2.0,4.0,0.0,0.0,2.48,3.47,2.7
T1,2022-08-08,Buyuksehyr,Kasimpasa,1515.1,1453.39,5.0,11.0,6.0,9.0,4.0,0.0,H,2.0,0.0,H,15.0,9.0,7.0,3.0,14.0,15.0,6.0,5.0,2.0,3.0,0.0,0.0,1.82,3.62,4.19
T1,2022-08-08,Ankaragucu,Konyaspor,,1483.44,0.0,0.0,4.0,7.0,0.0,0.0,D,0.0,0.0,D,12.0,10.0,3.0,0.0,14.0,6.0,6.0,3.0,1.0,0.0,0.0,0.0,3.14,3.44,2.2
T1,2022-08-08,Fenerbahce,Umraniyespor,1565.7,1320.04,5.0,11.0,0.0,0.0,3.0,3.0,D,2.0,1.0,H,17.0,10.0,6.0,5.0,14.0,13.0,5.0,5.0,7.0,2.0,0.0,0.0,1.32,5.21,8.79
T1,2022-08-12,Trabzonspor,Hatayspor,1570.37,1406.15,6.0,8.0,4.0,4.0,1.0,0.0,H,0.0,0.0,D,21.0,7.0,6.0,3.0,18.0,10.0,11.0,2.0,2.0,3.0,0.0,0.0,1.49,4.4,6.33
T1,2022-08-13,Kayserispor,Istanbulspor,1372.01,1320.04,3.0,4.0,0.0,4.0,1.0,0.0,H,1.0,0.0,H,8.0,13.0,4.0,1.0,8.0,10.0,4.0,5.0,3.0,2.0,0.0,0.0,1.87,3.78,3.87
T1,2022-08-13,Ad. Demirspor,Sivasspor,1401.27,1456.66,6.0,6.0,7.0,10.0,3.0,0.0,H,1.0,0.0,H,27.0,10.0,13.0,1.0,12.0,6.0,7.0,1.0,2.0,0.0,0.0,0.0,1.94,3.64,3.73
T1,2022-08-13,Galatasaray,Giresunspor,1488.83,1361.07,7.0,8.0,1.0,5.0,0.0,1.0,A,0.0,0.0,D,14.0,5.0,2.0,4.0,7.0,11.0,10.0,3.0,3.0,2.0,0.0,0.0,1.43,4.59,7.1
T1,2022-08-14,Gaziantep,Ankaragucu,,,4.0,5.0,1.0,1.0,1.0,0.0,H,0.0,0.0,D,20.0,6.0,9.0,0.0,12.0,12.0,9.0,4.0,2.0,3.0,0.0,0.0,1.99,3.51,3.66
T1,2022-08-14,Umraniyespor,Antalyaspor,1320.04,1462.84,3.0,5.0,4.0,8.0,0.0,1.0,A,0.0,0.0,D,14.0,11.0,2.0,2.0,15.0,12.0,4.0,5.0,1.0,2.0,0.0,0.0,2.99,3.41,2.31
T1,2022-08-14,Alanyaspor,Besiktas,1466.36,1494.31,9.0,15.0,7.0,11.0,3.0,3.0,D,1.0,3.0,A,11.0,6.0,3.0,4.0,22.0,16.0,12.0,1.0,3.0,4.0,0.0,1.0,2.81,3.55,2.37
T1,2022-08-15,Konyaspor,Buyuksehyr,1453.71,1524.43,5.0,5.0,7.0,11.0,0.0,0.0,D,0.0,0.0,D,9.0,9.0,2.0,3.0,7.0,8.0,0.0,5.0,1.0,3.0,0.0,0.0,2.73,3.41,2.49
T1,2022-08-15,Kasimpasa,Fenerbahce,1439.43,1565.94,3.0,6.0,5.0,9.0,0.0,6.0,A,0.0,3.0,A,6.0,24.0,2.0,9.0,18.0,10.0,2.0,8.0,3.0,1.0,1.0,0.0,3.1,3.75,2.12
T1,2022-08-19,Umraniyespor,Galatasaray,1317.0,1480.87,2.0,3.0,4.0,8.0,0.0,1.0,A,0.0,0.0,D,15.0,24.0,3.0,10.0,18.0,14.0,3.0,5.0,6.0,2.0,0.0,0.0,4.22,3.74,1.8
T1,2022-08-20,Giresunspor,Kasimpasa,1361.66,1439.43,3.0,5.0,3.0,6.0,1.0,0.0,H,0.0,0.0,D,14.0,11.0,7.0,4.0,11.0,13.0,8.0,6.0,3.0,2.0,0.0,0.0,2.31,3.47,2.97
T1,2022-08-20,Hatayspor,Gaziantep,1399.29,,3.0,4.0,7.0,8.0,1.0,2.0,A,1.0,1.0,D,14.0,11.0,3.0,3.0,5.0,10.0,4.0,3.0,2.0,3.0,0.0,0.0,2.15,3.56,3.18
T1,2022-08-20,Antalyaspor,Trabzonspor,1456.28,1574.73,4.0,10.0,6.0,10.0,5.0,2.0,H,2.0,1.0,H,13.0,17.0,6.0,5.0,10.0,8.0,3.0,5.0,1.0,2.0,0.0,0.0,2.51,3.27,2.81
T1,2022-08-21,Buyuksehyr,Kayserispor,1524.43,1369.67,7.0,9.0,3.0,7.0,2.0,0.0,H,1.0,0.0,H,12.0,10.0,8.0,2.0,16.0,7.0,4.0,3.0,5.0,0.0,0.0,0.0,1.56,4.03,5.87
T1,2022-08-21,Besiktas,Karagumruk,1495.32,1413.56,5.0,9.0,1.0,7.0,4.0,1.0,H,2.0,0.0,H,19.0,7.0,8.0,3.0,19.0,7.0,6.0,3.0,3.0,3.0,0.0,0.0,1.6,4.2,5.14
T1,2022-08-22,Istanbulspor,Konyaspor,1305.7,1453.71,0.0,1.0,3.0,6.0,0.0,4.0,A,0.0,2.0,A,11.0,14.0,4.0,9.0,16.0,7.0,7.0,3.0,1.0,3.0,0.0,0.0,3.65,3.45,2.01
T1,2022-08-22,Sivasspor,Alanyaspor,1436.16,1473.51,4.0,7.0,7.0,13.0,1.0,1.0,D,1.0,0.0,H,10.0,13.0,3.0,5.0,14.0,8.0,4.0,6.0,2.0,2.0,0.0,0.0,2.48,3.38,2.76
T1,2022-08-22,Fenerbahce,Ad. Demirspor,1565.94,1419.14,7.0,9.0,9.0,9.0,4.0,2.0,H,2.0,0.0,H,11.0,14.0,7.0,9.0,15.0,13.0,2.0,2.0,3.0,4.0,0.0,1.0,1.72,4.1,4.21
T1,2022-08-26,Gaziantep,Antalyaspor,,1456.28,7.0,10.0,6.0,10.0,5.0,2.0,H,1.0,2.0,A,13.0,10.0,8.0,5.0,13.0,8.0,3.0,4.0,3.0,3.0,0.0,0.0,2.49,3.31,2.81
T1,2022-08-27,Karagumruk,Ankaragucu,1413.56,,0.0,4.0,1.0,1.0,4.0,1.0,H,2.0,0.0,H,13.0,10.0,9.0,4.0,9.0,13.0,0.0,7.0,2.0,3.0,0.0,0.0,1.9,3.72,3.82
T1,2022-08-27,Ad. Demirspor,Umraniyespor,1419.14,1317.0,6.0,9.0,1.0,2.0,1.0,0.0,H,1.0,0.0,H,15.0,15.0,4.0,2.0,9.0,12.0,4.0,1.0,2.0,2.0,0.0,0.0,1.54,4.25,5.71
T1,2022-08-27,Alanyaspor,Istanbulspor,1473.51,1305.7,5.0,11.0,0.0,0.0,0.0,1.0,A,0.0,0.0,D,14.0,10.0,3.0,5.0,12.0,15.0,9.0,1.0,3.0,4.0,0.0,1.0,1.47,4.59,6.28
T1,2022-08-28,Kasimpasa,Hatayspor,1439.43,1399.29,0.0,3.0,3.0,4.0,1.0,0.0,H,1.0,0.0,H,12.0,11.0,6.0,3.0,14.0,12.0,5.0,4.0,3.0,1.0,0.0,0.0,2.01,3.62,3.48
T1,2022-08-28,Kayserispor,Giresunspor,1369.67,1361.66,3.0,6.0,6.0,7.0,3.0,0.0,H,1.0,0.0,H,15.0,11.0,3.0,6.0,6.0,13.0,3.0,7.0,1.0,2.0,0.0,0.0,2.13,3.41,3.36
T1,2022-08-28,Trabzonspor,Galatasaray,1574.73,1480.87,6.0,9.0,6.0,10.0,0.0,0.0,D,0.0,0.0,D,10.0,13.0,3.0,4.0,18.0,16.0,2.0,5.0,3.0,2.0,0.0,0.0,2.34,3.33,2.98
T1,2022-08-29,Konyaspor,Fenerbahce,1453.71,1565.94,5.0,9.0,7.0,11.0,1.0,0.0,H,0.0,0.0,D,6.0,8.0,4.0,2.0,8.0,4.0,4.0,2.0,4.0,0.0,1.0,1.0,3.3,3.6,2.08
T1,2022-08-29,Besiktas,Sivasspor,1495.32,1436.16,7.0,11.0,2.0,8.0,3.0,1.0,H,3.0,0.0,H,18.0,6.0,10.0,3.0,13.0,15.0,5.0,4.0,0.0,2.0,0.0,0.0,1.52,4.33,5.83
T1,2022-09-02,Umraniyespor,Trabzonspor,1309.57,1547.41,0.0,1.0,4.0,7.0,0.0,1.0,A,0.0,0.0,D,7.0,23.0,2.0,7.0,10.0,12.0,7.0,5.0,0.0,3.0,0.0,0.0,3.83,3.61,1.92
T1,2022-09-03,Buyuksehyr,Alanyaspor,1546.51,1462.45,7.0,11.0,2.0,8.0,2.0,0.0,H,1.0,0.0,H,10.0,8.0,3.0,1.0,8.0,18.0,3.0,8.0,1.0,3.0,0.0,0.0,1.94,3.58,3.77
T1,2022-09-03,Sivasspor,Karagumruk,1414.79,1415.32,1.0,5.0,3.0,4.0,0.0,0.0,D,0.0,0.0,D,7.0,12.0,3.0,3.0,7.0,13.0,11.0,6.0,2.0,2.0,1.0,0.0,2.25,3.35,3.17
T1,2022-09-03,Fenerbahce,Kayserispor,1592.9,1378.53,6.0,10.0,6.0,6.0,2.0,0.0,H,1.0,0.0,H,17.0,5.0,4.0,2.0,19.0,15.0,3.0,1.0,2.0,2.0,0.0,0.0,1.4,5.01,6.94
T1,2022-09-03,Giresunspor,Konyaspor,1360.32,1477.54,6.0,6.0,7.0,9.0,0.0,1.0,A,0.0,0.0,D,10.0,18.0,3.0,4.0,11.0,16.0,7.0,8.0,3.0,0.0,0.0,0.0,2.6,3.26,2.72
T1,2022-09-04,Hatayspor,Ad. Demirspor,1386.22,1421.16,0.0,3.0,6.0,12.0,1.0,1.0,D,1.0,0.0,H,15.0,23.0,5.0,7.0,12.0,9.0,2.0,5.0,6.0,2.0,0.0,0.0,2.98,3.5,2.28
T1,2022-09-04,Ankaragucu,Besiktas,,1511.52,1.0,1.0,7.0,11.0,2.0,3.0,A,1.0,2.0,A,7.0,11.0,2.0,6.0,13.0,19.0,2.0,1.0,4.0,1.0,1.0,0.0,4.06,3.62,1.86
T1,2022-09-04,Antalyaspor,Kasimpasa,1460.55,1423.98,6.0,7.0,3.0,6.0,0.0,2.0,A,0.0,1.0,A,15.0,13.0,6.0,7.0,14.0,20.0,8.0,3.0,2.0,5.0,1.0,0.0,1.74,3.72,4.59
T1,2022-09-05,Galatasaray,Gaziantep,1491.81,,4.0,8.0,9.0,13.0,2.0,1.0,H,1.0,1.0,D,20.0,12.0,12.0,3.0,11.0,13.0,7.0,3.0,4.0,5.0,1.0,0.0,1.6,3.99,5.34
T1,2022-09-09,Alanyaspor,Ankaragucu,1462.45,,1.0,5.0,0.0,1.0,2.0,1.0,H,0.0,0.0,D,11.0,11.0,6.0,3.0,17.0,9.0,4.0,3.0,2.0,0.0,0.0,0.0,1.71,3.91,4.54
T1,2022-09-10,Konyaspor,Hatayspor,1477.54,1386.22,9.0,11.0,1.0,4.0,1.0,0.0,H,0.0,0.0,D,13.0,6.0,6.0,1.0,5.0,11.0,6.0,4.0,1.0,1.0,0.0,0.0,1.72,3.85,4.62
T1,2022-09-10,Karagumruk,Giresunspor,1415.32,1360.32,4.0,4.0,3.0,6.0,1.0,1.0,D,0.0,0.0,D,10.0,4.0,3.0,2.0,14.0,14.0,5.0,1.0,3.0,3.0,0.0,0.0,1.93,3.49,3.92
T1,2022-09-11,Sivasspor,Istanbulspor,1414.79,1309.84,2.0,3.0,3.0,3.0,1.0,1.0,D,0.0,0.0,D,13.0,6.0,5.0,4.0,10.0,10.0,9.0,1.0,2.0,3.0,0.0,0.0,1.79,3.72,4.3
T1,2022-09-11,Gaziantep,Umraniyespor,,1309.57,6.0,10.0,0.0,1.0,1.0,1.0,D,0.0,0.0,D,5.0,18.0,4.0,6.0,14.0,11.0,2.0,3.0,3.0,3.0,0.0,0.0,1.74,3.83,4.44
T1,2022-09-11,Kasimpasa,Galatasaray,1423.98,1491.81,6.0,6.0,7.0,10.0,2.0,3.0,A,1.0,1.0,D,13.0,22.0,7.0,6.0,14.0,10.0,6.0,8.0,2.0,0.0,0.0,0.0,3.94,3.82,1.84
T1,2022-09-11,Kayserispor,Antalyaspor,1378.53,1460.55,3.0,6.0,3.0,6.0,1.0,0.0,H,0.0,0.0,D,9.0,10.0,3.0,3.0,13.0,9.0,3.0,2.0,2.0,2.0,0.0,0.0,2.55,3.35,2.71
T1,2022-09-12,Besiktas,Buyuksehyr,1511.52,1546.51,9.0,13.0,7.0,13.0,0.0,1.0,A,0.0,0.0,D,21.0,7.0,2.0,1.0,9.0,11.0,5.0,4.0,3.0,5.0,0.0,0.0,1.97,3.47,3.76
T1,2022-09-12,Ad. Demirspor,Trabzonspor,1421.16,1547.41,4.0,10.0,4.0,10.0,3.0,2.0,H,1.0,1.0,D,18.0,12.0,6.0,4.0,12.0,13.0,2.0,3.0,3.0,4.0,0.0,0.0,2.23,3.54,3.0
T1,2022-09-16,Galatasaray,Konyaspor,1510.63,1494.21,7.0,10.0,9.0,13.0,2.0,1.0,H,1.0,1.0,D,18.0,19.0,5.0,5.0,14.0,13.0,6.0,4.0,4.0,4.0,0.0,1.0,1.72,3.79,4.69
T1,2022-09-16,Hatayspor,Kayserispor,1387.08,1389.28,1.0,1.0,6.0,9.0,0.0,4.0,A,0.0,2.0,A,16.0,9.0,4.0,6.0,9.0,12.0,8.0,3.0,0.0,1.0,1.0,0.0,2.23,3.36,3.18
T1,2022-09-17,Umraniyespor,Kasimpasa,1315.98,1436.45,1.0,1.0,6.0,6.0,1.0,2.0,A,0.0,1.0,A,20.0,13.0,7.0,5.0,14.0,16.0,11.0,5.0,4.0,4.0,0.0,0.0,2.34,3.5,2.89
T1,2022-09-17,Antalyaspor,Ad. Demirspor,1443.28,1437.34,0.0,6.0,7.0,10.0,0.0,3.0,A,0.0,1.0,A,9.0,13.0,4.0,7.0,9.0,11.0,6.0,2.0,1.0,3.0,2.0,1.0,2.12,3.57,3.24
T1,2022-09-17,Istanbulspor,Besiktas,1320.19,1513.36,4.0,4.0,6.0,10.0,2.0,2.0,D,1.0,2.0,A,8.0,8.0,2.0,5.0,14.0,18.0,3.0,5.0,1.0,3.0,0.0,0.0,5.49,4.36,1.54
T1,2022-09-18,Buyuksehyr,Karagumruk,1576.53,1419.44,9.0,13.0,5.0,5.0,0.0,0.0,D,0.0,0.0,D,8.0,7.0,1.0,3.0,8.0,19.0,6.0,3.0,0.0,3.0,1.0,1.0,1.53,4.21,5.9
T1,2022-09-18,Trabzonspor,Gaziantep,1540.41,,4.0,7.0,4.0,10.0,3.0,2.0,H,2.0,2.0,D,21.0,10.0,8.0,3.0,9.0,9.0,9.0,2.0,2.0,3.0,0.0,0.0,1.64,4.0,4.96
T1,2022-09-18,Ankaragucu,Sivasspor,,1418.86,0.0,1.0,2.0,3.0,2.0,1.0,H,2.0,0.0,H,11.0,13.0,6.0,5.0,17.0,13.0,5.0,5.0,3.0,4.0,0.0,0.0,2.34,3.42,2.92
T1,2022-09-18,Fenerbahce,Alanyaspor,1608.42,1465.18,6.0,10.0,3.0,5.0,5.0,0.0,H,3.0,0.0,H,17.0,7.0,11.0,2.0,14.0,18.0,12.0,3.0,0.0,2.0,0.0,0.0,1.47,4.62,6.0
T1,2022-10-01,Kasimpasa,Gaziantep,1459.71,,6.0,9.0,1.0,7.0,1.0,0.0,H,0.0,0.0,D,11.0,8.0,4.0,1.0,16.0,21.0,4.0,6.0,2.0,1.0,0.0,0.0,2.26,3.59,2.95
T1,2022-10-01,Ankaragucu,Buyuksehyr,,1602.17,3.0,3.0,7.0,11.0,1.0,2.0,A,0.0,1.0,A,10.0,8.0,4.0,3.0,16.0,13.0,8.0,6.0,1.0,2.0,0.0,0.0,3.94,3.49,1.92
T1,2022-10-01,Kayserispor,Trabzonspor,1425.07,1569.44,6.0,9.0,6.0,7.0,1.0,2.0,A,1.0,0.0,H,12.0,20.0,3.0,9.0,12.0,13.0,7.0,6.0,4.0,4.0,0.0,0.0,3.47,3.54,2.04
T1,2022-10-01,Ad. Demirspor,Galatasaray,1470.83,1533.52,7.0,10.0,9.0,13.0,0.0,0.0,D,0.0,0.0,D,8.0,23.0,2.0,4.0,12.0,15.0,4.0,7.0,2.0,5.0,1.0,0.0,2.64,3.43,2.57
T1,2022-10-02,Alanyaspor,Giresunspor,1474.75,1379.73,3.0,4.0,1.0,7.0,1.0,1.0,D,0.0,0.0,D,12.0,8.0,5.0,6.0,21.0,7.0,11.0,3.0,4.0,2.0,0.0,1.0,1.9,3.63,3.85
T1,2022-10-02,Sivasspor,Hatayspor,1437.19,1384.98,2.0,3.0,1.0,1.0,1.0,2.0,A,1.0,2.0,A,29.0,4.0,8.0,2.0,8.0,11.0,12.0,4.0,1.0,5.0,0.0,1.0,2.04,3.43,3.59
T1,2022-10-02,Konyaspor,Umraniyespor,1505.02,1326.41,6.0,12.0,1.0,1.0,1.0,0.0,H,1.0,0.0,H,8.0,16.0,3.0,6.0,11.0,18.0,4.0,8.0,3.0,1.0,0.0,0.0,1.61,3.91,5.44
T1,2022-10-02,Besiktas,Fenerbahce,1526.57,1637.09,4.0,10.0,6.0,12.0,0.0,0.0,D,0.0,0.0,D,9.0,9.0,1.0,3.0,19.0,17.0,3.0,4.0,2.0,2.0,0.0,0.0,2.34,3.63,2.82
T1,2022-10-03,Karagumruk,Istanbulspor,1442.1,1340.67,3.0,6.0,5.0,5.0,1.0,2.0,A,1.0,0.0,H,7.0,15.0,2.0,4.0,13.0,7.0,5.0,4.0,2.0,2.0,0.0,0.0,1.68,3.96,4.65
T1,2022-10-07,Gaziantep,Ad. Demirspor,,1470.83,1.0,4.0,7.0,11.0,1.0,1.0,D,0.0,0.0,D,8.0,22.0,4.0,7.0,15.0,14.0,2.0,5.0,2.0,1.0,1.0,0.0,2.96,3.53,2.29
T1,2022-10-08,Istanbulspor,Ankaragucu,1340.67,,5.0,8.0,3.0,3.0,1.0,2.0,A,0.0,1.0,A,10.0,14.0,2.0,7.0,13.0,14.0,5.0,2.0,2.0,2.0,0.0,0.0,2.53,3.37,2.72
T1,2022-10-08,Antalyaspor,Konyaspor,1443.49,1505.02,0.0,3.0,6.0,12.0,1.0,1.0,D,0.0,0.0,D,12.0,11.0,3.0,5.0,15.0,12.0,2.0,3.0,4.0,4.0,0.0,0.0,2.42,3.3,2.91
T1,2022-10-08,Giresunspor,Besiktas,1379.73,1526.57,2.0,5.0,2.0,8.0,0.0,1.0,A,0.0,1.0,A,8.0,14.0,1.0,5.0,20.0,13.0,5.0,8.0,4.0,3.0,0.0,0.0,4.19,3.6,1.84
T1,2022-10-09,Umraniyespor,Kayserispor,1326.41,1425.07,1.0,1.0,6.0,9.0,2.0,2.0,D,0.0,1.0,A,10.0,12.0,5.0,3.0,11.0,16.0,3.0,4.0,3.0,0.0,1.0,0.0,2.58,3.45,2.63
T1,2022-10-09,Hatayspor,Alanyaspor,1384.98,1474.75,3.0,4.0,4.0,4.0,1.0,0.0,H,0.0,0.0,D,11.0,10.0,4.0,5.0,9.0,11.0,5.0,5.0,2.0,2.0,0.0,0.0,2.52,3.47,2.67
T1,2022-10-09,Fenerbahce,Karagumruk,1637.09,1442.1,7.0,10.0,2.0,6.0,5.0,4.0,H,2.0,2.0,D,16.0,6.0,9.0,4.0,17.0,16.0,3.0,0.0,1.0,4.0,0.0,0.0,1.37,5.13,7.46
T1,2022-10-10,Buyuksehyr,Sivasspor,1602.17,1437.19,7.0,13.0,1.0,2.0,0.0,2.0,A,0.0,1.0,A,21.0,7.0,6.0,5.0,10.0,9.0,9.0,3.0,2.0,0.0,0.0,0.0,1.55,4.07,5.78
T1,2022-10-10,Trabzonspor,Kasimpasa,1569.44,1459.71,6.0,10.0,6.0,12.0,0.0,0.0,D,0.0,0.0,D,20.0,7.0,3.0,1.0,10.0,18.0,10.0,3.0,1.0,3.0,0.0,0.0,1.44,4.67,6.55
T1,2022-10-14,Alanyaspor,Antalyaspor,1474.75,1443.49,1.0,4.0,1.0,1.0,3.0,2.0,H,1.0,0.0,H,9.0,13.0,5.0,7.0,6.0,9.0,7.0,2.0,2.0,2.0,0.0,0.0,2.24,3.4,3.12
T1,2022-10-15,Karagumruk,Hatayspor,1431.15,1407.81,1.0,3.0,6.0,7.0,3.0,0.0,H,2.0,0.0,H,14.0,13.0,5.0,0.0,6.0,18.0,5.0,6.0,3.0,2.0,0.0,0.0,1.95,3.66,3.65
T1,2022-10-15,Kasimpasa,Ad. Demirspor,1473.22,1474.82,7.0,10.0,5.0,9.0,1.0,4.0,A,0.0,2.0,A,23.0,14.0,8.0,5.0,15.0,15.0,9.0,4.0,1.0,3.0,0.0,0.0,3.05,3.53,2.23
T1,2022-10-15,Kayserispor,Galatasaray,1421.74,1537.05,4.0,7.0,7.0,11.0,2.0,1.0,H,2.0,0.0,H,18.0,12.0,5.0,3.0,11.0,10.0,6.0,15.0,2.0,1.0,0.0,0.0,4.03,3.68,1.85
T1,2022-10-15,Konyaspor,Gaziantep,1511.35,,4.0,10.0,1.0,2.0,0.0,1.0,A,0.0,0.0,D,19.0,6.0,5.0,2.0,15.0,17.0,8.0,5.0,2.0,5.0,0.0,0.0,1.83,3.73,4.12
T1,2022-10-16,Buyuksehyr,Istanbulspor,1584.93,1346.25,4.0,10.0,4.0,8.0,2.0,0.0,H,1.0,0.0,H,11.0,10.0,5.0,1.0,10.0,14.0,5.0,2.0,4.0,1.0,0.0,0.0,1.42,4.54,7.32
T1,2022-10-16,Besiktas,Trabzonspor,1537.41,1592.7,5.0,8.0,7.0,10.0,2.0,2.0,D,1.0,2.0,A,17.0,10.0,7.0,4.0,11.0,12.0,4.0,3.0,2.0,3.0,0.0,1.0,2.06,3.55,3.41
T1,2022-10-17,Ankaragucu,Fenerbahce,,1650.78,6.0,6.0,7.0,10.0,0.0,3.0,A,0.0,2.0,A,8.0,10.0,1.0,5.0,12.0,15.0,5.0,2.0,2.0,1.0,0.0,0.0,4.85,3.99,1.65
T1,2022-10-17,Sivasspor,Giresunspor,1435.63,1381.71,3.0,5.0,2.0,2.0,3.0,0.0,H,2.0,0.0,H,16.0,11.0,6.0,1.0,10.0,10.0,2.0,0.0,0.0,1.0,0.0,0.0,2.08,3.37,3.5
T1,2022-10-21,Antalyaspor,Istanbulspor,1441.27,1346.25,1.0,1.0,3.0,5.0,2.0,1.0,H,1.0,1.0,D,20.0,11.0,8.0,6.0,11.0,15.0,11.0,4.0,3.0,6.0,0.0,1.0,1.74,3.78,4.54
T1,2022-10-22,Umraniyespor,Karagumruk,1328.2,1431.15,1.0,2.0,3.0,5.0,1.0,3.0,A,1.0,1.0,D,9.0,12.0,1.0,6.0,13.0,14.0,5.0,4.0,0.0,3.0,0.0,0.0,2.46,3.46,2.74
T1,2022-10-22,Trabzonspor,Sivasspor,1592.7,1435.63,5.0,8.0,6.0,7.0,1.0,0.0,H,1.0,0.0,H,15.0,12.0,4.0,5.0,17.0,16.0,4.0,3.0,2.0,2.0,0.0,0.0,1.61,4.07,5.14
T1,2022-10-22,Fenerbahce,Buyuksehyr,1650.78,1584.93,7.0,13.0,6.0,10.0,1.0,0.0,H,0.0,0.0,D,14.0,3.0,3.0,1.0,19.0,19.0,6.0,3.0,1.0,2.0,0.0,0.0,1.92,3.64,3.79
T1,2022-10-23,Kasimpasa,Kayserispor,1473.22,1421.74,4.0,7.0,4.0,10.0,0.0,1.0,A,0.0,1.0,A,27.0,11.0,11.0,3.0,11.0,19.0,10.0,6.0,2.0,1.0,0.0,0.0,2.19,3.5,3.16
T1,2022-10-23,Ad. Demirspor,Konyaspor,1474.82,1511.35,5.0,11.0,4.0,7.0,1.0,1.0,D,1.0,1.0,D,24.0,12.0,4.0,4.0,12.0,17.0,2.0,2.0,1.0,6.0,0.0,0.0,2.16,3.47,3.22
T1,2022-10-23,Galatasaray,Alanyaspor,1537.05,1471.84,4.0,10.0,4.0,7.0,2.0,2.0,D,2.0,0.0,H,18.0,15.0,12.0,6.0,12.0,10.0,7.0,5.0,3.0,3.0,2.0,0.0,1.55,4.32,5.43
T1,2022-10-24,Giresunspor,Ankaragucu,1381.71,,1.0,2.0,3.0,6.0,1.0,1.0,D,0.0,0.0,D,17.0,8.0,7.0,3.0,12.0,17.0,5.0,2.0,3.0,5.0,0.0,0.0,2.32,3.3,3.03
T1,2022-10-24,Hatayspor,Besiktas,1407.81,1537.41,6.0,6.0,5.0,6.0,2.0,1.0,H,0.0,1.0,A,8.0,18.0,3.0,4.0,9.0,10.0,1.0,11.0,4.0,2.0,0.0,0.0,4.78,4.0,1.65
T1,2022-10-28,Karagumruk,Galatasaray,1431.15,1537.05,6.0,7.0,2.0,8.0,0.0,2.0,A,0.0,0.0,D,6.0,35.0,1.0,12.0,9.0,13.0,3.0,11.0,2.0,1.0,1.0,0.0,3.92,3.77,1.84
T1,2022-10-29,Konyaspor,Kasimpasa,1511.35,1473.22,2.0,5.0,1.0,7.0,1.0,1.0,D,0.0,0.0,D,17.0,7.0,3.0,1.0,16.0,18.0,6.0,2.0,4.0,5.0,0.0,0.0,1.69,3.84,4.69
T1,2022-10-29,Alanyaspor,Gaziantep,1471.84,,4.0,5.0,4.0,5.0,2.0,0.0,H,1.0,0.0,H,9.0,15.0,5.0,4.0,13.0,8.0,1.0,4.0,2.0,1.0,0.0,0.0,1.94,3.72,3.59
T1,2022-10-30,Ankaragucu,Hatayspor,,1407.81,4.0,7.0,6.0,9.0,4.0,1.0,H,1.0,0.0,H,17.0,6.0,9.0,1.0,6.0,9.0,6.0,5.0,2.0,1.0,0.0,0.0,2.01,3.55,3.52
T1,2022-10-30,Besiktas,Umraniyespor,1537.41,1328.2,4.0,6.0,1.0,2.0,5.0,2.0,H,2.0,1.0,H,16.0,9.0,10.0,3.0,16.0,10.0,9.0,4.0,2.0,3.0,0.0,0.0,1.33,5.19,8.25
T1,2022-10-30,Kayserispor,Ad. Demirspor,1421.74,1474.82,7.0,10.0,5.0,9.0,2.0,2.0,D,0.0,1.0,A,11.0,14.0,6.0,5.0,17.0,12.0,8.0,3.0,3.0,2.0,0.0,0.0,2.85,3.47,2.35
T1,2022-10-30,Istanbulspor,Fenerbahce,1346.25,1650.78,0.0,4.0,9.0,13.0,2.0,5.0,A,0.0,2.0,A,4.0,13.0,2.0,7.0,15.0,12.0,2.0,2.0,1.0,1.0,0.0,0.0,6.32,4.43,1.46
T1,2022-10-31,Buyuksehyr,Giresunspor,1584.93,1381.71,3.0,7.0,1.0,3.0,3.0,1.0,H,1.0,0.0,H,14.0,11.0,4.0,4.0,19.0,13.0,2.0,4.0,1.0,2.0,0.0,0.0,1.49,4.04,6.76
T1,2022-10-31,Sivasspor,Antalyaspor,1435.63,1441.27,6.0,6.0,4.0,4.0,0.0,2.0,A,0.0,2.0,A,6.0,7.0,0.0,3.0,9.0,10.0,2.0,3.0,2.0,2.0,0.0,0.0,2.26,3.28,3.11
T1,2022-11-04,Kasimpasa,Ankaragucu,1451.55,,1.0,5.0,4.0,7.0,1.0,1.0,D,0.0,0.0,D,11.0,12.0,3.0,2.0,8.0,12.0,4.0,0.0,1.0,2.0,0.0,0.0,2.48,3.49,2.72
T1,2022-11-04,Umraniyespor,Alanyaspor,1315.78,1484.11,1.0,1.0,7.0,8.0,3.0,1.0,H,2.0,0.0,H,12.0,8.0,6.0,3.0,7.0,12.0,4.0,7.0,1.0,2.0,0.0,0.0,2.55,3.55,2.59
T1,2022-11-05,Giresunspor,Istanbulspor,1367.46,1335.83,1.0,2.0,0.0,3.0,3.0,2.0,H,1.0,1.0,D,16.0,12.0,4.0,3.0,4.0,13.0,9.0,2.0,1.0,5.0,0.0,1.0,1.89,3.55,4.03
T1,2022-11-05,Galatasaray,Besiktas,1536.35,1532.84,4.0,8.0,4.0,8.0,2.0,1.0,H,1.0,1.0,D,19.0,12.0,5.0,5.0,15.0,13.0,10.0,7.0,3.0,4.0,0.0,0.0,2.09,3.59,3.31
T1,2022-11-06,Gaziantep,Kayserispor,,1442.33,4.0,4.0,7.0,8.0,1.0,2.0,A,0.0,1.0,A,16.0,12.0,4.0,5.0,10.0,15.0,4.0,6.0,3.0,5.0,0.0,0.0,2.26,3.43,3.08
T1,2022-11-06,Antalyaspor,Karagumruk,1460.45,1441.1,6.0,7.0,6.0,6.0,4.0,2.0,H,3.0,2.0,H,22.0,16.0,7.0,7.0,17.0,17.0,9.0,1.0,1.0,3.0,0.0,0.0,1.97,3.58,3.69
T1,2022-11-06,Trabzonspor,Konyaspor,1591.68,1499.22,5.0,11.0,2.0,6.0,2.0,2.0,D,2.0,1.0,H,21.0,10.0,8.0,5.0,13.0,16.0,5.0,3.0,3.0,6.0,0.0,1.0,1.88,3.51,4.1
T1,2022-11-07,Fenerbahce,Sivasspor,1666.31,1443.08,9.0,13.0,3.0,6.0,1.0,0.0,H,0.0,0.0,D,12.0,8.0,3.0,3.0,18.0,23.0,2.0,3.0,7.0,5.0,1.0,0.0,1.35,5.1,8.14
T1,2022-11-07,Hatayspor,Buyuksehyr,1394.73,1582.26,3.0,9.0,6.0,9.0,3.0,3.0,D,1.0,0.0,H,8.0,11.0,5.0,4.0,12.0,10.0,1.0,5.0,3.0,3.0,0.0,0.0,4.23,3.51,1.85
T1,2022-11-11,Alanyaspor,Ad. Demirspor,1484.11,1490.91,4.0,7.0,5.0,7.0,0.0,0.0,D,0.0,0.0,D,16.0,9.0,4.0,1.0,21.0,11.0,4.0,6.0,4.0,1.0,0.0,1.0,2.93,3.62,2.26
T1,2022-11-11,Ankaragucu,Trabzonspor,,1591.68,5.0,8.0,5.0,9.0,1.0,1.0,D,0.0,0.0,D,10.0,9.0,1.0,3.0,11.0,7.0,5.0,4.0,2.0,2.0,0.0,0.0,3.01,3.34,2.34
T1,2022-11-12,Sivasspor,Umraniyespor,1443.08,1315.78,0.0,6.0,3.0,4.0,2.0,2.0,D,1.0,1.0,D,13.0,15.0,9.0,6.0,12.0,16.0,6.0,5.0,1.0,0.0,0.0,0.0,1.96,3.59,3.7
T1,2022-11-12,Fenerbahce,Giresunspor,1666.31,1367.46,9.0,15.0,4.0,4.0,1.0,2.0,A,1.0,0.0,H,16.0,9.0,4.0,4.0,16.0,18.0,6.0,3.0,3.0,3.0,1.0,0.0,1.29,5.6,9.69
T1,2022-11-12,Buyuksehyr,Galatasaray,1582.26,1536.35,4.0,7.0,7.0,8.0,0.0,7.0,A,0.0,3.0,A,10.0,16.0,3.0,10.0,14.0,15.0,2.0,6.0,2.0,2.0,0.0,0.0,2.75,3.4,2.49
T1,2022-11-13,Karagumruk,Gaziantep,1441.1,,3.0,6.0,3.0,4.0,3.0,3.0,D,1.0,2.0,A,18.0,11.0,8.0,5.0,16.0,11.0,7.0,5.0,1.0,3.0,0.0,0.0,2.06,3.5,3.48
T1,2022-11-13,Istanbulspor,Hatayspor,1335.83,1394.73,0.0,0.0,4.0,7.0,0.0,1.0,A,0.0,1.0,A,9.0,11.0,4.0,5.0,6.0,11.0,5.0,3.0,3.0,4.0,0.0,0.0,2.3,3.41,3.0
T1,2022-11-13,Kayserispor,Konyaspor,1442.33,1499.22,7.0,11.0,3.0,4.0,1.0,2.0,A,1.0,2.0,A,15.0,9.0,2.0,2.0,11.0,16.0,9.0,2.0,4.0,4.0,0.0,0.0,2.67,3.34,2.58
T1,2022-12-23,Antalyaspor,Ankaragucu,1478.46,,9.0,10.0,5.0,6.0,0.0,2.0,A,0.0,0.0,D,11.0,8.0,2.0,2.0,9.0,12.0,1.0,6.0,2.0,2.0,0.0,0.0,2.12,3.35,3.45
T1,2022-12-23,Umraniyespor,Buyuksehyr,1345.35,1562.54,4.0,5.0,4.0,7.0,1.0,3.0,A,1.0,1.0,D,11.0,12.0,5.0,4.0,16.0,18.0,1.0,2.0,3.0,1.0,0.0,0.0,3.34,3.31,2.19
T1,2022-12-24,Hatayspor,Giresunspor,1415.56,1398.52,4.0,7.0,6.0,7.0,1.0,1.0,D,0.0,0.0,D,11.0,12.0,4.0,4.0,10.0,12.0,4.0,4.0,2.0,3.0,0.0,0.0,2.16,3.57,3.14
T1,2022-12-24,Kasimpasa,Sivasspor,1457.01,1451.19,2.0,3.0,1.0,4.0,1.0,2.0,A,1.0,1.0,D,10.0,9.0,1.0,3.0,18.0,9.0,4.0,6.0,4.0,2.0,0.0,0.0,2.26,3.4,3.09
T1,2022-12-24,Trabzonspor,Fenerbahce,1597.72,1672.13,5.0,7.0,6.0,12.0,2.0,0.0,H,0.0,0.0,D,18.0,8.0,7.0,0.0,20.0,19.0,5.0,2.0,4.0,5.0,0.0,1.0,2.75,3.43,2.47
T1,2022-12-25,Ad. Demirspor,Karagumruk,1501.49,1440.37,3.0,7.0,1.0,7.0,2.0,1.0,H,2.0,1.0,H,16.0,14.0,6.0,3.0,15.0,10.0,4.0,4.0,3.0,2.0,0.0,0.0,1.71,3.89,4.6
T1,2022-12-25,Gaziantep,Besiktas,,1535.93,1.0,5.0,3.0,7.0,1.0,1.0,D,0.0,0.0,D,10.0,20.0,3.0,1.0,15.0,9.0,2.0,4.0,4.0,2.0,0.0,0.0,3.8,3.88,1.85
T1,2022-12-25,Konyaspor,Alanyaspor,1521.24,1477.24,5.0,6.0,4.0,8.0,2.0,2.0,D,1.0,0.0,H,10.0,15.0,3.0,6.0,9.0,21.0,4.0,5.0,3.0,4.0,0.0,0.0,1.79,3.67,4.36
T1,2022-12-25,Galatasaray,Istanbulspor,1580.72,1331.92,9.0,10.0,0.0,0.0,2.0,1.0,H,2.0,0.0,H,17.0,12.0,5.0,2.0,13.0,7.0,12.0,5.0,4.0,2.0,0.0,0.0,1.25,6.12,10.43
T1,2022-12-27,Ankaragucu,Umraniyespor,,1345.35,5.0,9.0,4.0,4.0,1.0,2.0,A,1.0,1.0,D,17.0,8.0,5.0,3.0,13.0,14.0,8.0,5.0,1.0,4.0,0.0,0.0,1.89,3.62,3.96
T1,2022-12-27,Buyuksehyr,Antalyaspor,1562.54,1478.46,4.0,7.0,6.0,9.0,2.0,0.0,H,0.0,0.0,D,6.0,6.0,2.0,1.0,14.0,15.0,1.0,3.0,2.0,2.0,0.0,0.0,1.93,3.5,3.92
T1,2022-12-27,Fenerbahce,Hatayspor,1672.13,1415.56,3.0,9.0,5.0,8.0,4.0,0.0,H,2.0,0.0,H,25.0,4.0,15.0,0.0,9.0,15.0,11.0,0.0,2.0,3.0,0.0,0.0,1.3,5.69,9.07
T1,2022-12-28,Alanyaspor,Kayserispor,1477.24,1452.89,2.0,6.0,4.0,10.0,3.0,1.0,H,2.0,0.0,H,5.0,14.0,3.0,4.0,23.0,18.0,0.0,7.0,3.0,4.0,0.0,0.0,2.09,3.65,3.25
T1,2022-12-28,Istanbulspor,Kasimpasa,1331.92,1457.01,0.0,0.0,2.0,2.0,2.0,1.0,H,1.0,1.0,D,10.0,11.0,4.0,3.0,15.0,15.0,3.0,5.0,2.0,4.0,0.0,0.0,2.74,3.61,2.4
T1,2022-12-28,Karagumruk,Trabzonspor,1440.37,1597.72,1.0,4.0,5.0,9.0,4.0,1.0,H,2.0,1.0,H,10.0,13.0,6.0,7.0,16.0,10.0,4.0,4.0,4.0,1.0,1.0,1.0,3.61,3.62,1.98
T1,2022-12-29,Giresunspor,Gaziantep,1398.52,,7.0,8.0,2.0,5.0,2.0,1.0,H,1.0,0.0,H,13.0,11.0,6.0,6.0,13.0,13.0,6.0,3.0,5.0,3.0,0.0,0.0,2.25,3.42,3.07
T1,2022-12-29,Sivasspor,Galatasaray,1451.19,1580.72,4.0,4.0,9.0,13.0,1.0,2.0,A,0.0,1.0,A,15.0,12.0,6.0,8.0,14.0,14.0,2.0,3.0,4.0,5.0,1.0,0.0,4.47,3.8,1.74
T1,2022-12-29,Besiktas,Ad. Demirspor,1535.93,1501.49,4.0,5.0,5.0,9.0,1.0,0.0,H,1.0,0.0,H,16.0,13.0,5.0,3.0,18.0,15.0,7.0,4.0,5.0,2.0,0.0,0.0,1.78,4.02,3.97
T1,2023-01-03,Umraniyespor,Hatayspor,1350.3,1409.53,4.0,7.0,4.0,5.0,2.0,2.0,D,1.0,1.0,D,11.0,17.0,3.0,5.0,10.0,14.0,5.0,2.0,3.0,2.0,1.0,0.0,2.22,3.43,3.14
T1,2023-01-03,Antalyaspor,Fenerbahce,1455.52,1664.15,3.0,9.0,3.0,9.0,1.0,2.0,A,1.0,0.0,H,8.0,18.0,2.0,4.0,21.0,17.0,3.0,8.0,4.0,2.0,0.0,0.0,4.25,3.82,1.78
T1,2023-01-04,Kasimpasa,Alanyaspor,1438.05,1488.21,1.0,2.0,5.0,8.0,4.0,1.0,H,2.0,0.0,H,11.0,14.0,6.0,2.0,14.0,13.0,1.0,7.0,2.0,0.0,0.0,0.0,2.3,3.57,2.89
T1,2023-01-04,Kayserispor,Karagumruk,1444.61,1454.41,3.0,7.0,4.0,4.0,2.0,4.0,A,0.0,2.0,A,19.0,11.0,5.0,7.0,12.0,16.0,6.0,2.0,1.0,3.0,0.0,0.0,1.93,3.84,3.53
T1,2023-01-04,Galatasaray,Ankaragucu,1589.12,,9.0,15.0,4.0,8.0,2.0,1.0,H,2.0,1.0,H,12.0,9.0,5.0,2.0,17.0,15.0,6.0,4.0,2.0,3.0,0.0,0.0,1.42,4.69,6.9
T1,2023-01-04,Konyaspor,Sivasspor,1518.55,1454.24,5.0,7.0,4.0,4.0,2.0,2.0,D,1.0,1.0,D,10.0,10.0,5.0,3.0,13.0,13.0,4.0,3.0,4.0,1.0,0.0,0.0,1.93,3.52,3.84
T1,2023-01-05,Gaziantep,Buyuksehyr,,1574.43,2.0,2.0,6.0,10.0,1.0,1.0,D,0.0,1.0,A,14.0,16.0,3.0,6.0,8.0,6.0,5.0,5.0,2.0,0.0,0.0,0.0,3.23,3.43,2.17
T1,2023-01-05,Ad. Demirspor,Istanbulspor,1500.87,1339.43,4.0,6.0,3.0,3.0,6.0,0.0,H,1.0,0.0,H,17.0,8.0,11.0,3.0,12.0,11.0,4.0,5.0,1.0,3.0,0.0,0.0,1.44,4.7,6.33
T1,2023-01-05,Trabzonspor,Giresunspor,1590.56,1407.97,4.0,8.0,7.0,10.0,3.0,0.0,H,1.0,0.0,H,17.0,5.0,8.0,1.0,11.0,9.0,10.0,1.0,2.0,2.0,0.0,0.0,1.49,4.33,6.21
T1,2023-01-07,Hatayspor,Antalyaspor,1409.53,1455.52,2.0,6.0,0.0,6.0,0.0,0.0,D,0.0,0.0,D,9.0,11.0,4.0,4.0,17.0,8.0,3.0,2.0,2.0,2.0,0.0,0.0,2.77,3.44,2.47
T1,2023-01-07,Besiktas,Kasimpasa,1540.31,1438.05,4.0,7.0,3.0,5.0,2.0,1.0,H,2.0,0.0,H,14.0,12.0,8.0,4.0,18.0,13.0,6.0,7.0,2.0,4.0,0.0,0.0,1.59,4.46,4.93
T1,2023-01-08,Karagumruk,Konyaspor,1454.41,1518.55,6.0,7.0,5.0,7.0,3.0,3.0,D,2.0,0.0,H,6.0,17.0,5.0,9.0,16.0,11.0,1.0,6.0,5.0,1.0,0.0,0.0,2.68,3.54,2.48
T1,2023-01-08,Ankaragucu,Kayserispor,,1444.61,3.0,5.0,0.0,4.0,2.0,1.0,H,1.0,1.0,D,20.0,10.0,5.0,1.0,16.0,10.0,8.0,2.0,4.0,1.0,0.0,0.0,2.13,3.51,3.28
T1,2023-01-08,Giresunspor,Umraniyespor,1407.97,1350.3,4.0,10.0,4.0,8.0,0.0,1.0,A,0.0,0.0,D,24.0,11.0,6.0,2.0,10.0,11.0,14.0,7.0,2.0,2.0,0.0,0.0,2.15,3.49,3.25
T1,2023-01-08,Fenerbahce,Galatasaray,1664.15,1589.12,6.0,9.0,9.0,15.0,0.0,3.0,A,0.0,1.0,A,13.0,13.0,4.0,8.0,10.0,20.0,8.0,4.0,2.0,5.0,1.0,0.0,2.11,3.57,3.29
T1,2023-01-09,Buyuksehyr,Ad. Demirspor,1574.43,1500.87,7.0,8.0,6.0,8.0,2.0,1.0,H,0.0,0.0,D,16.0,18.0,5.0,5.0,19.0,12.0,6.0,4.0,2.0,2.0,0.0,0.0,2.03,3.58,3.46
T1,2023-01-09,Alanyaspor,Trabzonspor,1488.21,1590.56,4.0,5.0,6.0,8.0,5.0,0.0,H,3.0,0.0,H,11.0,15.0,6.0,5.0,12.0,12.0,2.0,4.0,2.0,3.0,0.0,0.0,3.04,3.57,2.21
T1,2023-01-09,Istanbulspor,Gaziantep,1339.43,,3.0,3.0,2.0,3.0,1.0,1.0,D,0.0,1.0,A,12.0,8.0,2.0,4.0,6.0,8.0,7.0,3.0,1.0,1.0,0.0,0.0,2.7,3.51,2.46
T1,2023-01-13,Kayserispor,Sivasspor,1444.61,1454.24,0.0,3.0,4.0,5.0,4.0,1.0,H,3.0,0.0,H,15.0,17.0,11.0,6.0,15.0,15.0,5.0,4.0,2.0,5.0,0.0,0.0,2.26,3.47,3.04
T1,2023-01-13,Galatasaray,Hatayspor,1589.12,1409.53,9.0,15.0,2.0,6.0,4.0,0.0,H,3.0,0.0,H,28.0,10.0,10.0,4.0,11.0,10.0,8.0,3.0,0.0,0.0,0.0,0.0,1.31,5.69,8.59
T1,2023-01-14,Antalyaspor,Giresunspor,1455.52,1407.97,1.0,4.0,3.0,7.0,2.0,2.0,D,1.0,1.0,D,12.0,21.0,5.0,9.0,12.0,13.0,5.0,4.0,3.0,4.0,1.0,0.0,1.92,3.53,3.9
T1,2023-01-14,Ad. Demirspor,Ankaragucu,1500.87,,3.0,7.0,3.0,7.0,3.0,1.0,H,0.0,0.0,D,12.0,25.0,5.0,11.0,8.0,10.0,5.0,13.0,2.0,1.0,0.0,0.0,1.81,3.79,4.12
T1,2023-01-14,Konyaspor,Besiktas,1518.55,1540.31,3.0,7.0,7.0,10.0,1.0,2.0,A,1.0,0.0,H,15.0,20.0,6.0,4.0,10.0,18.0,4.0,5.0,1.0,1.0,0.0,0.0,2.77,3.51,2.42
T1,2023-01-14,Trabzonspor,Buyuksehyr,1590.56,1574.43,3.0,7.0,7.0,10.0,1.0,0.0,H,1.0,0.0,H,9.0,17.0,4.0,3.0,17.0,14.0,2.0,10.0,1.0,4.0,0.0,1.0,2.08,3.52,3.4
T1,2023-01-15,Umraniyespor,Istanbulspor,1361.39,1332.85,7.0,8.0,4.0,4.0,0.0,2.0,A,0.0,2.0,A,27.0,8.0,6.0,3.0,10.0,12.0,12.0,2.0,2.0,4.0,0.0,0.0,1.94,3.73,3.61
T1,2023-01-15,Kasimpasa,Karagumruk,1447.18,1467.05,3.0,4.0,7.0,8.0,2.0,2.0,D,1.0,0.0,H,12.0,11.0,4.0,4.0,13.0,16.0,5.0,8.0,3.0,2.0,0.0,0.0,2.18,3.69,3.02
T1,2023-01-15,Gaziantep,Fenerbahce,,1648.65,2.0,4.0,6.0,6.0,1.0,2.0,A,0.0,1.0,A,10.0,20.0,3.0,7.0,15.0,17.0,4.0,11.0,5.0,3.0,1.0,0.0,4.75,4.03,1.66
T1,2023-01-20,Ad. Demirspor,Giresunspor,1509.06,1395.2,6.0,9.0,1.0,5.0,1.0,1.0,D,0.0,1.0,A,31.0,9.0,6.0,2.0,13.0,17.0,17.0,1.0,6.0,4.0,1.0,1.0,1.78,4.02,4.03
T1,2023-01-21,Kasimpasa,Buyuksehyr,1447.18,1570.42,4.0,4.0,4.0,10.0,1.0,3.0,A,1.0,0.0,H,11.0,19.0,4.0,11.0,19.0,12.0,4.0,8.0,7.0,1.0,1.0,0.0,3.04,3.3,2.33
T1,2023-01-21,Galatasaray,Antalyaspor,1616.54,1448.41,9.0,15.0,2.0,2.0,2.0,1.0,H,0.0,0.0,D,20.0,7.0,6.0,2.0,12.0,18.0,16.0,1.0,2.0,3.0,0.0,1.0,1.35,5.0,8.37
T1,2023-01-22,Gaziantep,Sivasspor,,1444.82,2.0,3.0,1.0,5.0,1.0,2.0,A,0.0,1.0,A,11.0,13.0,3.0,8.0,13.0,11.0,7.0,4.0,3.0,0.0,0.0,0.0,2.67,3.33,2.6
T1,2023-01-22,Alanyaspor,Karagumruk,1496.17,1467.05,6.0,8.0,5.0,8.0,2.0,2.0,D,1.0,0.0,H,15.0,9.0,5.0,5.0,9.0,6.0,7.0,2.0,1.0,1.0,0.0,0.0,1.89,3.96,3.62
T1,2023-01-22,Kayserispor,Besiktas,1436.47,1553.47,3.0,3.0,9.0,10.0,0.0,2.0,A,0.0,2.0,A,15.0,7.0,3.0,4.0,10.0,20.0,5.0,3.0,1.0,2.0,0.0,1.0,3.31,3.69,2.06
T1,2023-01-22,Trabzonspor,Istanbulspor,1580.79,1332.85,6.0,9.0,4.0,7.0,4.0,0.0,H,1.0,0.0,H,20.0,10.0,10.0,4.0,12.0,14.0,6.0,2.0,1.0,0.0,0.0,0.0,1.34,4.98,8.55
T1,2023-01-23,Konyaspor,Ankaragucu,1506.7,,2.0,6.0,3.0,6.0,0.0,1.0,A,0.0,0.0,D,13.0,8.0,7.0,3.0,14.0,15.0,6.0,4.0,3.0,2.0,0.0,0.0,1.98,3.51,3.68
T1,2023-01-23,Umraniyespor,Fenerbahce,1361.39,1648.65,4.0,7.0,6.0,9.0,1.0,2.0,A,0.0,0.0,D,7.0,22.0,2.0,7.0,11.0,15.0,1.0,6.0,3.0,4.0,1.0,0.0,5.66,4.41,1.52
T1,2023-01-27,Besiktas,Alanyaspor,1553.47,1496.17,9.0,13.0,4.0,8.0,3.0,0.0,H,1.0,0.0,H,21.0,6.0,8.0,3.0,14.0,15.0,3.0,3.0,0.0,2.0,0.0,0.0,1.62,4.25,4.83
T1,2023-01-28,Sivasspor,Ad. Demirspor,1444.82,1509.06,4.0,7.0,4.0,7.0,1.0,2.0,A,0.0,1.0,A,19.0,11.0,7.0,3.0,8.0,9.0,7.0,6.0,0.0,2.0,0.0,0.0,2.66,3.48,2.53
T1,2023-01-28,Ankaragucu,Gaziantep,,,6.0,6.0,1.0,2.0,0.0,2.0,A,0.0,0.0,D,17.0,16.0,5.0,8.0,7.0,12.0,5.0,11.0,1.0,4.0,0.0,0.0,1.85,3.71,4.0
T1,2023-01-28,Hatayspor,Trabzonspor,1403.88,1580.79,2.0,3.0,6.0,9.0,2.0,1.0,H,0.0,1.0,A,10.0,16.0,3.0,5.0,13.0,11.0,4.0,9.0,4.0,2.0,0.0,0.0,4.38,3.75,1.78
T1,2023-01-28,Antalyaspor,Umraniyespor,1448.41,1361.39,2.0,2.0,3.0,7.0,3.0,2.0,H,1.0,1.0,D,25.0,7.0,10.0,4.0,12.0,8.0,8.0,2.0,3.0,1.0,0.0,0.0,1.85,3.78,3.98
T1,2023-01-28,Giresunspor,Galatasaray,1395.2,1616.54,2.0,5.0,9.0,15.0,0.0,4.0,A,0.0,1.0,A,12.0,16.0,1.0,9.0,16.0,16.0,9.0,3.0,3.0,0.0,0.0,0.0,5.73,4.24,1.54
T1,2023-01-29,Istanbulspor,Kayserispor,1332.85,1436.47,4.0,7.0,3.0,3.0,2.0,4.0,A,2.0,1.0,H,8.0,15.0,3.0,7.0,11.0,20.0,1.0,7.0,0.0,1.0,0.0,0.0,2.95,3.52,2.29
T1,2023-01-29,Buyuksehyr,Konyaspor,1570.42,1506.7,6.0,10.0,1.0,3.0,2.0,0.0,H,1.0,0.0,H,13.0,12.0,5.0,2.0,13.0,10.0,6.0,3.0,0.0,0.0,0.0,0.0,1.94,3.51,3.89
T1,2023-01-29,Fenerbahce,Kasimpasa,1648.65,1447.18,6.0,12.0,1.0,4.0,5.0,1.0,H,2.0,1.0,H,22.0,4.0,11.0,1.0,16.0,23.0,6.0,1.0,2.0,4.0,0.0,0.0,1.31,5.56,8.56
T1,2023-01-31,Alanyaspor,Sivasspor,1496.17,1444.82,4.0,7.0,3.0,4.0,0.0,3.0,A,0.0,2.0,A,8.0,10.0,2.0,6.0,9.0,16.0,4.0,4.0,2.0,2.0,0.0,0.0,2.07,3.56,3.4
T1,2023-01-31,Karagumruk,Besiktas,1467.05,1553.47,3.0,9.0,9.0,15.0,1.0,1.0,D,0.0,1.0,A,9.0,11.0,2.0,2.0,12.0,10.0,6.0,8.0,1.0,1.0,0.0,0.0,3.76,3.87,1.87
T1,2023-02-01,Gaziantep,Hatayspor,,1415.05,3.0,5.0,4.0,5.0,4.0,1.0,H,1.0,1.0,D,12.0,12.0,5.0,2.0,15.0,13.0,4.0,2.0,4.0,2.0,0.0,0.0,2.03,3.51,3.56
T1,2023-02-01,Kasimpasa,Giresunspor,1432.65,1391.48,1.0,4.0,2.0,2.0,5.0,1.0,H,3.0,1.0,H,13.0,12.0,7.0,6.0,15.0,8.0,4.0,6.0,2.0,2.0,0.0,0.0,2.0,3.67,3.47
T1,2023-02-01,Galatasaray,Umraniyespor,1627.89,1339.98,9.0,15.0,0.0,4.0,3.0,2.0,H,1.0,2.0,A,30.0,5.0,12.0,5.0,13.0,14.0,13.0,1.0,0.0,3.0,0.0,1.0,1.2,7.06,12.57
T1,2023-02-01,Trabzonspor,Antalyaspor,1574.03,1449.62,6.0,9.0,4.0,5.0,2.0,0.0,H,1.0,0.0,H,18.0,6.0,7.0,1.0,10.0,15.0,3.0,4.0,1.0,0.0,0.0,0.0,1.63,3.89,5.25
T1,2023-02-02,Kayserispor,Buyuksehyr,1437.66,1585.87,6.0,6.0,6.0,10.0,1.0,0.0,H,0.0,0.0,D,20.0,25.0,9.0,5.0,13.0,18.0,5.0,10.0,2.0,3.0,0.0,0.0,2.96,3.25,2.4
T1,2023-02-02,Konyaspor,Istanbulspor,1487.45,1332.76,0.0,2.0,3.0,4.0,0.0,1.0,A,0.0,0.0,D,15.0,14.0,2.0,3.0,13.0,8.0,5.0,4.0,2.0,1.0,0.0,0.0,1.49,4.42,6.06
T1,2023-02-02,Ad. Demirspor,Fenerbahce,1512.72,1660.05,7.0,10.0,9.0,12.0,1.0,1.0,D,0.0,0.0,D,22.0,8.0,10.0,3.0,15.0,15.0,8.0,3.0,2.0,3.0,0.0,0.0,3.27,3.75,2.05
T1,2023-02-04,Ankaragucu,Karagumruk,,1471.88,3.0,6.0,3.0,7.0,0.0,2.0,A,0.0,1.0,A,14.0,17.0,4.0,4.0,12.0,12.0,10.0,2.0,0.0,1.0,0.0,0.0,2.13,3.63,3.18
T1,2023-02-04,Sivasspor,Besiktas,1463.48,1569.69,6.0,7.0,7.0,13.0,1.0,0.0,H,1.0,0.0,H,9.0,9.0,2.0,0.0,15.0,20.0,3.0,5.0,2.0,2.0,0.0,0.0,3.42,3.54,2.06
T1,2023-02-04,Antalyaspor,Gaziantep,1449.62,,3.0,5.0,6.0,7.0,1.0,0.0,H,1.0,0.0,H,10.0,12.0,2.0,3.0,14.0,8.0,5.0,7.0,3.0,5.0,0.0,1.0,1.94,3.65,3.74
T1,2023-02-05,Istanbulspor,Alanyaspor,1332.76,1467.35,3.0,7.0,1.0,4.0,2.0,1.0,H,0.0,0.0,D,7.0,14.0,4.0,5.0,7.0,10.0,1.0,11.0,1.0,0.0,0.0,0.0,3.15,3.69,2.13
T1,2023-02-05,Hatayspor,Kasimpasa,1415.05,1432.65,3.0,5.0,3.0,4.0,1.0,0.0,H,0.0,0.0,D,13.0,14.0,3.0,0.0,13.0,12.0,5.0,8.0,2.0,3.0,0.0,0.0,2.36,3.6,2.78
T1,2023-02-05,Galatasaray,Trabzonspor,1627.89,1574.03,9.0,15.0,6.0,9.0,2.0,1.0,H,1.0,1.0,D,23.0,11.0,10.0,2.0,19.0,16.0,6.0,5.0,1.0,3.0,0.0,0.0,1.66,4.04,4.73
T1,2023-02-25,Umraniyespor,Gaziantep,1338.31,,0.0,3.0,6.0,6.0,3.0,0.0,H,,,,,,,,,,,,,,,,,,
T1,2023-02-25,Fenerbahce,Konyaspor,1657.43,1474.32,7.0,10.0,0.0,1.0,4.0,0.0,H,2.0,0.0,H,14.0,6.0,5.0,4.0,19.0,16.0,3.0,1.0,1.0,4.0,0.0,1.0,1.48,4.47,6.16
T1,2023-02-25,Giresunspor,Kayserispor,1380.28,1448.1,1.0,2.0,6.0,9.0,1.0,2.0,A,0.0,2.0,A,29.0,11.0,6.0,5.0,16.0,15.0,9.0,4.0,3.0,7.0,0.0,0.0,2.53,3.36,2.73
T1,2023-02-26,Umraniyespor,Ad. Demirspor,1338.31,1515.33,3.0,3.0,5.0,8.0,1.0,1.0,D,0.0,0.0,D,17.0,22.0,7.0,10.0,20.0,10.0,7.0,7.0,0.0,0.0,0.0,0.0,3.33,3.73,2.05
T1,2023-02-26,Besiktas,Antalyaspor,1560.35,1450.59,4.0,10.0,6.0,7.0,0.0,0.0,D,0.0,0.0,D,20.0,3.0,5.0,1.0,12.0,16.0,8.0,1.0,1.0,3.0,0.0,0.0,1.66,3.93,4.92
T1,2023-03-03,Alanyaspor,Buyuksehyr,1451.75,1569.39,0.0,4.0,6.0,9.0,1.0,0.0,H,0.0,0.0,D,9.0,12.0,3.0,4.0,9.0,16.0,2.0,10.0,1.0,2.0,1.0,0.0,2.63,3.26,2.67
T1,2023-03-04,Karagumruk,Sivasspor,1475.76,1466.78,5.0,7.0,6.0,9.0,4.0,3.0,H,1.0,1.0,D,16.0,20.0,9.0,7.0,18.0,8.0,4.0,5.0,3.0,1.0,0.0,0.0,2.2,3.43,3.16
T1,2023-03-04,Trabzonspor,Umraniyespor,1554.09,1350.88,3.0,9.0,4.0,4.0,1.0,2.0,A,0.0,0.0,D,25.0,12.0,7.0,7.0,12.0,11.0,7.0,3.0,2.0,4.0,1.0,0.0,1.41,4.66,7.11
T1,2023-03-04,Kayserispor,Fenerbahce,1449.82,1657.05,9.0,12.0,7.0,13.0,1.0,2.0,A,0.0,1.0,A,15.0,17.0,3.0,4.0,13.0,11.0,10.0,7.0,0.0,1.0,0.0,0.0,4.12,3.68,1.83
T1,2023-03-05,Ad. Demirspor,Hatayspor,1506.39,1405.58,5.0,9.0,6.0,7.0,3.0,0.0,H,,,,,,,,,,,,,,,,,,
T1,2023-03-05,Gaziantep,Galatasaray,,1628.91,3.0,6.0,9.0,15.0,0.0,3.0,A,,,,,,,,,,,,,,,,,,
T1,2023-03-05,Konyaspor,Giresunspor,1462.61,1366.47,0.0,0.0,0.0,2.0,0.0,0.0,D,0.0,0.0,D,18.0,6.0,6.0,1.0,14.0,13.0,2.0,1.0,3.0,4.0,0.0,0.0,1.85,3.65,4.04
T1,2023-03-05,Besiktas,Ankaragucu,1549.83,,2.0,8.0,3.0,6.0,2.0,1.0,H,1.0,0.0,H,20.0,10.0,10.0,4.0,18.0,15.0,2.0,6.0,3.0,1.0,0.0,0.0,1.51,4.47,5.67
T1,2023-03-06,Kasimpasa,Antalyaspor,1430.41,1449.02,3.0,4.0,4.0,7.0,3.0,1.0,H,2.0,1.0,H,10.0,15.0,4.0,2.0,15.0,10.0,3.0,7.0,2.0,1.0,0.0,0.0,2.32,3.46,2.91
T1,2023-03-10,Giresunspor,Karagumruk,1366.47,1475.76,1.0,2.0,7.0,9.0,2.0,2.0,D,2.0,1.0,H,5.0,12.0,3.0,5.0,18.0,16.0,2.0,2.0,2.0,2.0,0.0,0.0,2.4,3.54,2.75
T1,2023-03-11,Antalyaspor,Kayserispor,1449.02,1449.82,4.0,7.0,6.0,9.0,4.0,0.0,H,1.0,0.0,H,20.0,5.0,10.0,1.0,13.0,18.0,7.0,2.0,1.0,0.0,0.0,0.0,2.18,3.34,3.25
T1,2023-03-11,Galatasaray,Kasimpasa,1628.91,1430.41,9.0,15.0,6.0,6.0,1.0,0.0,H,0.0,0.0,D,16.0,7.0,3.0,2.0,13.0,18.0,7.0,1.0,3.0,2.0,0.0,0.0,1.27,5.95,9.2
T1,2023-03-12,Ankaragucu,Alanyaspor,,1451.75,0.0,3.0,3.0,4.0,2.0,0.0,H,1.0,0.0,H,18.0,10.0,6.0,1.0,16.0,17.0,4.0,2.0,2.0,2.0,0.0,0.0,2.25,3.44,3.03
T1,2023-03-12,Hatayspor,Konyaspor,1405.58,1462.61,3.0,6.0,1.0,1.0,0.0,3.0,A,,,,,,,,,,,,,,,,,,
T1,2023-03-12,Trabzonspor,Ad. Demirspor,1554.09,1506.39,3.0,6.0,5.0,9.0,4.0,1.0,H,1.0,1.0,D,15.0,21.0,6.0,4.0,12.0,11.0,7.0,6.0,1.0,1.0,0.0,1.0,1.69,3.89,4.57
T1,2023-03-12,Buyuksehyr,Besiktas,1569.39,1549.83,3.0,6.0,4.0,8.0,0.0,2.0,A,0.0,1.0,A,13.0,12.0,2.0,4.0,9.0,15.0,10.0,5.0,0.0,2.0,1.0,0.0,2.71,3.32,2.54
T1,2023-03-13,Istanbulspor,Sivasspor,1349.4,1466.78,6.0,9.0,6.0,9.0,3.0,0.0,H,1.0,0.0,H,8.0,7.0,4.0,2.0,13.0,12.0,3.0,3.0,3.0,4.0,0.0,1.0,3.06,3.36,2.25
T1,2023-03-17,Konyaspor,Galatasaray,1469.77,1636.03,4.0,4.0,9.0,15.0,2.0,1.0,H,0.0,1.0,A,15.0,17.0,3.0,7.0,19.0,19.0,4.0,6.0,6.0,4.0,0.0,0.0,4.15,3.71,1.8
T1,2023-03-18,Kasimpasa,Umraniyespor,1434.96,1362.3,3.0,6.0,7.0,7.0,1.0,1.0,D,1.0,1.0,D,20.0,7.0,3.0,2.0,14.0,23.0,9.0,5.0,1.0,1.0,0.0,0.0,1.77,4.01,4.09
T1,2023-03-18,Ad. Demirspor,Antalyaspor,1500.81,1449.8,4.0,8.0,4.0,7.0,2.0,0.0,H,2.0,0.0,H,17.0,10.0,6.0,2.0,11.0,14.0,4.0,2.0,1.0,2.0,0.0,0.0,1.76,3.95,4.13
T1,2023-03-18,Besiktas,Istanbulspor,1563.8,1362.97,7.0,8.0,9.0,9.0,3.0,1.0,H,1.0,0.0,H,12.0,10.0,3.0,2.0,13.0,9.0,8.0,2.0,0.0,2.0,0.0,0.0,1.26,5.95,10.23
T1,2023-03-19,Karagumruk,Buyuksehyr,1477.75,1544.88,7.0,9.0,0.0,6.0,2.0,2.0,D,1.0,1.0,D,12.0,14.0,5.0,5.0,14.0,11.0,2.0,7.0,2.0,1.0,0.0,0.0,2.82,3.36,2.43
T1,2023-03-19,Sivasspor,Ankaragucu,1441.02,,3.0,6.0,3.0,6.0,2.0,0.0,H,1.0,0.0,H,24.0,7.0,7.0,1.0,10.0,6.0,3.0,5.0,0.0,0.0,0.0,0.0,2.2,3.31,3.25
T1,2023-03-19,Alanyaspor,Fenerbahce,1445.82,1651.5,3.0,3.0,7.0,13.0,1.0,3.0,A,1.0,0.0,H,4.0,14.0,2.0,5.0,10.0,7.0,1.0,7.0,2.0,2.0,0.0,0.0,4.21,4.01,1.74
T1,2023-03-19,Gaziantep,Trabzonspor,,1547.4,0.0,6.0,3.0,6.0,0.0,3.0,A,,,,,,,,,,,,,,,,,,
T1,2023-03-19,Kayserispor,Hatayspor,1429.55,1381.67,3.0,9.0,3.0,6.0,3.0,0.0,H,,,,,,,,,,,,,,,,,,
T1,2023-04-01,Buyuksehyr,Ankaragucu,1515.79,,1.0,4.0,3.0,3.0,1.0,0.0,H,1.0,0.0,H,16.0,11.0,9.0,2.0,16.0,18.0,3.0,5.0,3.0,2.0,0.0,0.0,1.76,3.63,4.57
T1,2023-04-01,Trabzonspor,Kayserispor,1547.38,1428.48,6.0,9.0,3.0,9.0,3.0,4.0,A,1.0,2.0,A,21.0,14.0,6.0,4.0,11.0,12.0,4.0,2.0,0.0,1.0,0.0,0.0,1.49,4.37,6.16
T1,2023-04-01,Galatasaray,Ad. Demirspor,1615.07,1498.12,6.0,12.0,6.0,8.0,2.0,0.0,H,0.0,0.0,D,19.0,9.0,4.0,1.0,22.0,13.0,8.0,4.0,4.0,4.0,0.0,0.0,1.43,4.93,6.19
T1,2023-04-02,Umraniyespor,Konyaspor,1355.89,1470.58,5.0,8.0,7.0,7.0,2.0,2.0,D,0.0,0.0,D,7.0,11.0,3.0,3.0,14.0,7.0,4.0,7.0,2.0,1.0,0.0,0.0,2.98,3.47,2.29
T1,2023-04-02,Giresunspor,Alanyaspor,1359.39,1429.53,2.0,2.0,3.0,3.0,2.0,2.0,D,0.0,1.0,A,22.0,10.0,7.0,4.0,15.0,20.0,7.0,2.0,2.0,4.0,0.0,0.0,2.43,3.56,2.7
T1,2023-04-02,Gaziantep,Kasimpasa,,1421.22,0.0,3.0,4.0,7.0,0.0,3.0,A,,,,,,,,,,,,,,,,,,
T1,2023-04-02,Hatayspor,Sivasspor,1362.6,1434.37,0.0,3.0,3.0,9.0,0.0,3.0,A,,,,,,,,,,,,,,,,,,
T1,2023-04-02,Fenerbahce,Besiktas,1647.14,1557.31,9.0,13.0,9.0,10.0,2.0,4.0,A,1.0,0.0,H,21.0,8.0,8.0,5.0,16.0,18.0,8.0,2.0,3.0,6.0,0.0,1.0,1.85,3.79,3.89
T1,2023-04-03,Istanbulspor,Karagumruk,1349.31,1467.28,6.0,9.0,5.0,9.0,0.0,1.0,A,0.0,1.0,A,11.0,11.0,3.0,5.0,11.0,19.0,8.0,3.0,5.0,3.0,0.0,1.0,3.1,3.58,2.17
T1,2023-04-07,Konyaspor,Antalyaspor,1470.58,1432.34,7.0,8.0,3.0,7.0,1.0,1.0,D,1.0,1.0,D,11.0,9.0,3.0,2.0,13.0,14.0,6.0,4.0,2.0,3.0,0.0,0.0,2.24,3.25,3.24
T1,2023-04-08,Ankaragucu,Istanbulspor,,1349.31,3.0,3.0,3.0,9.0,3.0,2.0,H,2.0,0.0,H,9.0,13.0,6.0,8.0,16.0,17.0,8.0,4.0,1.0,4.0,0.0,0.0,1.67,4.02,4.74
T1,2023-04-08,Kasimpasa,Trabzonspor,1421.22,1547.38,4.0,7.0,6.0,6.0,2.0,0.0,H,1.0,0.0,H,15.0,11.0,7.0,3.0,17.0,10.0,5.0,5.0,0.0,0.0,0.0,0.0,2.98,3.7,2.2
T1,2023-04-09,Sivasspor,Buyuksehyr,1434.37,1515.79,6.0,9.0,4.0,4.0,1.0,1.0,D,1.0,0.0,H,11.0,7.0,5.0,2.0,14.0,10.0,6.0,2.0,2.0,0.0,0.0,0.0,2.88,3.03,2.6
T1,2023-04-09,Ad. Demirspor,Gaziantep,1498.12,,3.0,7.0,0.0,0.0,3.0,0.0,H,,,,,,,,,,,,,,,,,,
T1,2023-04-09,Alanyaspor,Hatayspor,1429.53,1362.6,1.0,4.0,0.0,3.0,3.0,0.0,H,,,,,,,,,,,,,,,,,,
T1,2023-04-09,Besiktas,Giresunspor,1557.31,1359.39,9.0,13.0,3.0,3.0,3.0,1.0,H,2.0,1.0,H,16.0,8.0,10.0,1.0,16.0,11.0,7.0,3.0,2.0,4.0,0.0,0.0,1.4,4.83,7.25
T1,2023-04-10,Kayserispor,Umraniyespor,1428.48,1355.89,6.0,9.0,5.0,9.0,3.0,1.0,H,1.0,1.0,D,18.0,20.0,5.0,5.0,22.0,12.0,5.0,7.0,4.0,4.0,0.0,1.0,1.85,3.76,3.9
T1,2023-04-10,Karagumruk,Fenerbahce,1467.28,1647.14,5.0,11.0,6.0,10.0,1.0,2.0,A,1.0,0.0,H,8.0,11.0,4.0,4.0,16.0,15.0,1.0,4.0,1.0,1.0,0.0,0.0,4.59,4.13,1.64
T1,2023-04-14,Antalyaspor,Alanyaspor,1432.34,1429.53,4.0,5.0,4.0,7.0,3.0,1.0,H,2.0,1.0,H,15.0,9.0,8.0,3.0,12.0,13.0,4.0,1.0,2.0,2.0,0.0,1.0,1.9,3.62,3.86
T1,2023-04-14,Galatasaray,Kayserispor,1615.07,1428.48,6.0,12.0,9.0,9.0,6.0,0.0,H,4.0,0.0,H,29.0,8.0,17.0,1.0,11.0,15.0,2.0,7.0,2.0,0.0,0.0,1.0,1.3,5.72,8.4
T1,2023-04-15,Ad. Demirspor,Kasimpasa,1499.13,1448.83,6.0,9.0,7.0,10.0,5.0,0.0,H,3.0,0.0,H,22.0,6.0,12.0,2.0,7.0,17.0,7.0,0.0,2.0,3.0,0.0,0.0,1.72,4.12,4.22
T1,2023-04-15,Istanbulspor,Buyuksehyr,1336.62,1518.61,0.0,6.0,5.0,5.0,1.0,0.0,H,1.0,0.0,H,9.0,13.0,4.0,5.0,16.0,15.0,4.0,6.0,2.0,6.0,0.0,0.0,4.49,3.54,1.79
T1,2023-04-15,Fenerbahce,Ankaragucu,1635.73,,6.0,12.0,3.0,6.0,2.0,1.0,H,0.0,0.0,D,19.0,10.0,9.0,4.0,14.0,26.0,8.0,7.0,2.0,7.0,0.0,0.0,1.34,5.22,8.19
T1,2023-04-16,Giresunspor,Sivasspor,1356.25,1448.12,2.0,3.0,7.0,7.0,1.0,0.0,H,1.0,0.0,H,9.0,11.0,3.0,4.0,13.0,13.0,2.0,6.0,3.0,2.0,0.0,0.0,2.54,3.3,2.75
T1,2023-04-16,Gaziantep,Konyaspor,,1466.41,0.0,0.0,5.0,9.0,0.0,3.0,A,,,,,,,,,,,,,,,,,,
T1,2023-04-16,Hatayspor,Karagumruk,1341.38,1468.26,0.0,0.0,4.0,8.0,0.0,3.0,A,,,,,,,,,,,,,,,,,,
T1,2023-04-16,Trabzonspor,Besiktas,1522.06,1577.46,3.0,6.0,9.0,15.0,0.0,0.0,D,0.0,0.0,D,12.0,12.0,4.0,5.0,11.0,18.0,6.0,8.0,4.0,2.0,0.0,0.0,2.84,3.42,2.41
T1,2023-04-18,Alanyaspor,Galatasaray,1427.99,1627.62,4.0,4.0,6.0,12.0,1.0,4.0,A,1.0,2.0,A,10.0,19.0,2.0,13.0,16.0,12.0,6.0,3.0,3.0,1.0,0.0,0.0,5.88,4.63,1.48
T1,2023-04-18,Karagumruk,Umraniyespor,1468.26,1351.11,6.0,8.0,2.0,6.0,4.0,2.0,H,2.0,1.0,H,16.0,19.0,8.0,4.0,15.0,11.0,5.0,8.0,5.0,2.0,0.0,0.0,1.82,3.95,3.86
T1,2023-04-19,Istanbulspor,Antalyaspor,1336.62,1444.1,3.0,6.0,4.0,7.0,3.0,3.0,D,2.0,1.0,H,8.0,17.0,6.0,6.0,19.0,10.0,3.0,5.0,8.0,1.0,0.0,0.0,3.21,3.41,2.21
T1,2023-04-19,Kayserispor,Kasimpasa,1440.25,1448.83,6.0,9.0,6.0,7.0,0.0,0.0,D,0.0,0.0,D,8.0,8.0,3.0,2.0,15.0,10.0,3.0,3.0,1.0,2.0,0.0,1.0,2.33,3.65,2.81
T1,2023-04-19,Besiktas,Hatayspor,1577.46,1341.38,7.0,13.0,0.0,0.0,3.0,0.0,H,,,,,,,,,,,,,,,,,,
T1,2023-04-19,Buyuksehyr,Fenerbahce,1518.61,1635.73,4.0,5.0,6.0,12.0,1.0,2.0,A,1.0,0.0,H,6.0,20.0,3.0,5.0,18.0,6.0,5.0,4.0,9.0,1.0,2.0,0.0,4.02,3.72,1.85
T1,2023-04-19,Konyaspor,Ad. Demirspor,1466.41,1499.13,5.0,11.0,6.0,9.0,1.0,2.0,A,1.0,1.0,D,12.0,11.0,2.0,7.0,17.0,12.0,6.0,3.0,3.0,2.0,0.0,1.0,2.44,3.57,2.71
T1,2023-04-20,Ankaragucu,Giresunspor,,1356.25,3.0,6.0,4.0,6.0,3.0,1.0,H,0.0,1.0,A,20.0,3.0,6.0,0.0,8.0,6.0,6.0,2.0,1.0,2.0,0.0,0.0,1.95,3.66,3.67
T1,2023-04-20,Sivasspor,Trabzonspor,1448.12,1522.06,4.0,7.0,1.0,7.0,4.0,1.0,H,2.0,1.0,H,18.0,4.0,10.0,2.0,10.0,11.0,6.0,1.0,1.0,1.0,0.0,1.0,2.73,3.26,2.58
T1,2023-04-22,Umraniyespor,Besiktas,1351.11,1577.46,1.0,5.0,7.0,13.0,0.0,2.0,A,0.0,1.0,A,8.0,16.0,2.0,6.0,7.0,19.0,3.0,9.0,0.0,2.0,0.0,0.0,4.43,3.99,1.7
T1,2023-04-23,Kasimpasa,Konyaspor,1448.83,1466.41,4.0,8.0,4.0,8.0,1.0,2.0,A,1.0,2.0,A,17.0,13.0,9.0,6.0,12.0,12.0,9.0,4.0,2.0,1.0,0.0,0.0,2.37,3.51,2.8
T1,2023-04-23,Ad. Demirspor,Kayserispor,1499.13,1440.25,9.0,12.0,4.0,10.0,5.0,3.0,H,4.0,3.0,H,16.0,14.0,6.0,3.0,8.0,13.0,5.0,3.0,2.0,3.0,0.0,1.0,1.59,4.35,4.92
T1,2023-04-23,Galatasaray,Karagumruk,1627.62,1468.26,9.0,12.0,6.0,10.0,3.0,3.0,D,2.0,3.0,A,24.0,7.0,9.0,3.0,14.0,14.0,5.0,4.0,0.0,3.0,0.0,0.0,1.28,5.93,8.63
T1,2023-04-23,Gaziantep,Alanyaspor,,1427.99,0.0,0.0,3.0,4.0,0.0,3.0,A,,,,,,,,,,,,,,,,,,
T1,2023-04-23,Hatayspor,Ankaragucu,1341.38,,0.0,0.0,6.0,6.0,0.0,3.0,A,,,,,,,,,,,,,,,,,,
T1,2023-04-24,Giresunspor,Buyuksehyr,1356.25,1518.61,3.0,5.0,1.0,5.0,2.0,4.0,A,0.0,4.0,A,25.0,14.0,8.0,6.0,14.0,20.0,9.0,1.0,2.0,3.0,0.0,0.0,2.92,3.41,2.31
T1,2023-04-24,Antalyaspor,Sivasspor,1444.1,1448.12,5.0,8.0,4.0,10.0,1.0,2.0,A,0.0,2.0,A,21.0,9.0,7.0,3.0,12.0,16.0,14.0,4.0,0.0,2.0,0.0,0.0,2.17,3.31,3.35
T1,2023-04-24,Fenerbahce,Istanbulspor,1635.73,1336.62,9.0,12.0,4.0,4.0,3.0,3.0,D,1.0,0.0,H,15.0,7.0,5.0,4.0,14.0,14.0,6.0,1.0,3.0,4.0,0.0,0.0,1.22,6.58,10.88
T1,2023-04-28,Alanyaspor,Umraniyespor,1427.99,1351.11,3.0,7.0,0.0,2.0,1.0,0.0,H,1.0,0.0,H,8.0,13.0,4.0,6.0,11.0,13.0,4.0,6.0,0.0,2.0,0.0,0.0,1.98,3.84,3.37
T1,2023-04-29,Karagumruk,Antalyaspor,1468.26,1444.1,7.0,10.0,4.0,5.0,0.0,1.0,A,0.0,1.0,A,4.0,8.0,2.0,2.0,14.0,10.0,5.0,5.0,1.0,0.0,0.0,0.0,2.41,3.62,2.67
T1,2023-04-29,Konyaspor,Trabzonspor,1466.41,1522.06,6.0,8.0,1.0,4.0,2.0,1.0,H,1.0,1.0,D,12.0,8.0,5.0,3.0,13.0,17.0,6.0,5.0,2.0,2.0,0.0,1.0,2.49,3.31,2.76
T1,2023-04-29,Ankaragucu,Kasimpasa,,1448.83,6.0,9.0,1.0,7.0,0.0,0.0,D,0.0,0.0,D,6.0,8.0,2.0,3.0,14.0,12.0,5.0,3.0,1.0,2.0,0.0,0.0,1.97,3.65,3.56
T1,2023-04-29,Sivasspor,Fenerbahce,1448.12,1635.73,6.0,10.0,7.0,10.0,1.0,3.0,A,0.0,3.0,A,10.0,7.0,3.0,4.0,9.0,19.0,3.0,1.0,0.0,4.0,0.0,1.0,4.5,3.81,1.73
T1,2023-04-30,Besiktas,Galatasaray,1577.46,1627.62,7.0,13.0,7.0,10.0,3.0,1.0,H,1.0,1.0,D,13.0,7.0,6.0,1.0,12.0,13.0,4.0,1.0,6.0,2.0,0.0,0.0,2.64,3.51,2.48
T1,2023-04-30,Buyuksehyr,Hatayspor,1518.61,1341.38,3.0,7.0,0.0,0.0,3.0,0.0,H,,,,,,,,,,,,,,,,,,
T1,2023-04-30,Kayserispor,Gaziantep,1440.25,,1.0,7.0,0.0,0.0,3.0,0.0,H,,,,,,,,,,,,,,,,,,
T1,2023-05-01,Istanbulspor,Giresunspor,1356.51,1347.21,5.0,5.0,3.0,4.0,1.0,0.0,H,1.0,0.0,H,5.0,20.0,2.0,6.0,5.0,12.0,3.0,4.0,3.0,2.0,1.0,0.0,2.42,3.39,2.78
T1,2023-05-06,Antalyaspor,Besiktas,1444.66,1597.44,4.0,8.0,9.0,13.0,1.0,3.0,A,1.0,0.0,H,9.0,11.0,3.0,5.0,11.0,10.0,3.0,5.0,1.0,0.0,1.0,0.0,3.47,3.53,2.03
T1,2023-05-06,Ad. Demirspor,Alanyaspor,1525.83,1437.63,9.0,12.0,6.0,9.0,4.0,2.0,H,2.0,2.0,D,17.0,13.0,8.0,5.0,9.0,13.0,2.0,2.0,1.0,2.0,0.0,0.0,1.54,4.58,5.14
T1,2023-05-07,Umraniyespor,Sivasspor,1336.27,1456.28,0.0,1.0,6.0,7.0,4.0,1.0,H,2.0,1.0,H,15.0,5.0,9.0,2.0,21.0,14.0,7.0,7.0,6.0,1.0,0.0,1.0,2.94,3.39,2.34
T1,2023-05-07,Konyaspor,Kayserispor,1485.67,1439.39,6.0,10.0,4.0,7.0,2.0,2.0,D,0.0,0.0,D,7.0,8.0,3.0,4.0,14.0,7.0,3.0,7.0,1.0,1.0,0.0,0.0,1.71,3.93,4.45
T1,2023-05-07,Giresunspor,Fenerbahce,1347.21,1643.09,0.0,3.0,7.0,13.0,1.0,1.0,D,0.0,1.0,A,7.0,11.0,5.0,4.0,14.0,14.0,3.0,11.0,5.0,2.0,0.0,0.0,6.03,4.52,1.48
T1,2023-05-07,Gaziantep,Karagumruk,,1478.66,0.0,0.0,4.0,7.0,0.0,3.0,A,,,,,,,,,,,,,,,,,,
T1,2023-05-07,Hatayspor,Istanbulspor,1307.66,1356.51,0.0,0.0,5.0,8.0,0.0,3.0,A,,,,,,,,,,,,,,,,,,
T1,2023-05-08,Galatasaray,Buyuksehyr,1619.24,1514.1,4.0,10.0,6.0,7.0,1.0,0.0,H,1.0,0.0,H,19.0,8.0,5.0,5.0,10.0,5.0,10.0,4.0,2.0,1.0,0.0,0.0,1.43,4.58,6.86
T1,2023-05-08,Trabzonspor,Ankaragucu,1499.71,,1.0,1.0,7.0,10.0,2.0,0.0,H,1.0,0.0,H,14.0,3.0,5.0,0.0,11.0,5.0,5.0,4.0,1.0,1.0,0.0,1.0,1.8,3.73,4.12
T1,2023-05-16,Sivasspor,Kasimpasa,1439.72,1430.55,3.0,6.0,2.0,5.0,1.0,2.0,A,0.0,0.0,D,15.0,6.0,1.0,3.0,11.0,11.0,6.0,1.0,3.0,1.0,0.0,1.0,1.91,3.68,3.77
T1,2023-05-16,Alanyaspor,Konyaspor,1431.53,1482.72,6.0,6.0,7.0,10.0,0.0,3.0,A,0.0,1.0,A,12.0,14.0,5.0,6.0,12.0,11.0,3.0,3.0,4.0,2.0,0.0,0.0,2.36,3.71,2.73
T1,2023-05-16,Istanbulspor,Galatasaray,1376.89,1623.38,7.0,11.0,4.0,10.0,0.0,2.0,A,0.0,1.0,A,9.0,20.0,1.0,5.0,12.0,10.0,3.0,9.0,3.0,1.0,0.0,1.0,8.45,5.88,1.3
T1,2023-05-17,Buyuksehyr,Umraniyespor,1509.96,1352.83,6.0,6.0,3.0,3.0,1.0,1.0,D,1.0,0.0,H,6.0,14.0,3.0,4.0,13.0,7.0,3.0,4.0,2.0,1.0,1.0,0.0,1.69,3.98,4.6
T1,2023-05-17,Ankaragucu,Antalyaspor,,1436.74,4.0,7.0,3.0,7.0,1.0,1.0,D,0.0,0.0,D,10.0,7.0,3.0,4.0,7.0,15.0,3.0,2.0,1.0,3.0,0.0,0.0,2.35,3.39,2.92
T1,2023-05-17,Besiktas,Gaziantep,1605.36,,9.0,13.0,0.0,0.0,3.0,0.0,H,,,,,,,,,,,,,,,,,,
T1,2023-05-17,Giresunspor,Hatayspor,1347.0,1293.53,1.0,4.0,0.0,0.0,3.0,0.0,H,,,,,,,,,,,,,,,,,,
T1,2023-05-17,Karagumruk,Ad. Demirspor,1488.21,1531.93,4.0,10.0,9.0,15.0,2.0,3.0,A,1.0,0.0,H,13.0,19.0,6.0,6.0,12.0,10.0,1.0,8.0,4.0,2.0,0.0,0.0,3.02,3.97,2.09
T1,2023-05-18,Fenerbahce,Trabzonspor,1637.06,1505.23,5.0,11.0,3.0,4.0,3.0,1.0,H,1.0,0.0,H,13.0,9.0,9.0,6.0,10.0,14.0,9.0,3.0,0.0,2.0,0.0,0.0,1.55,4.23,5.46
T1,2023-05-20,Kasimpasa,Istanbulspor,1430.55,1376.89,4.0,5.0,6.0,8.0,1.0,0.0,H,0.0,0.0,D,11.0,9.0,7.0,3.0,16.0,9.0,8.0,4.0,2.0,1.0,0.0,0.0,1.84,3.89,3.85
T1,2023-05-20,Galatasaray,Sivasspor,1623.38,1439.72,6.0,10.0,0.0,6.0,2.0,0.0,H,1.0,0.0,H,11.0,4.0,3.0,2.0,13.0,12.0,6.0,3.0,1.0,1.0,0.0,0.0,1.28,5.93,8.94
T1,2023-05-20,Kayserispor,Alanyaspor,1442.34,1431.53,4.0,5.0,3.0,6.0,0.0,4.0,A,0.0,2.0,A,19.0,7.0,7.0,6.0,3.0,19.0,12.0,2.0,0.0,2.0,0.0,0.0,2.12,3.73,3.13
T1,2023-05-21,Umraniyespor,Ankaragucu,1352.83,,4.0,4.0,2.0,8.0,1.0,2.0,A,1.0,1.0,D,12.0,14.0,3.0,6.0,12.0,10.0,4.0,9.0,2.0,2.0,0.0,0.0,2.5,3.6,2.63
T1,2023-05-21,Ad. Demirspor,Besiktas,1531.93,1605.36,9.0,15.0,9.0,15.0,1.0,4.0,A,1.0,1.0,D,18.0,14.0,7.0,11.0,13.0,15.0,6.0,8.0,4.0,5.0,0.0,0.0,2.34,3.71,2.76
T1,2023-05-21,Antalyaspor,Buyuksehyr,1436.74,1509.96,4.0,5.0,4.0,7.0,0.0,0.0,D,0.0,0.0,D,15.0,5.0,9.0,4.0,12.0,7.0,6.0,2.0,0.0,2.0,0.0,0.0,2.16,3.46,3.28
T1,2023-05-21,Gaziantep,Giresunspor,,1347.0,0.0,0.0,4.0,4.0,0.0,3.0,A,,,,,,,,,,,,,,,,,,
T1,2023-05-21,Hatayspor,Fenerbahce,1293.53,1637.06,0.0,0.0,7.0,11.0,0.0,3.0,A,,,,,,,,,,,,,,,,,,
T1,2023-05-22,Trabzonspor,Karagumruk,1505.23,1488.21,3.0,4.0,3.0,7.0,4.0,1.0,H,3.0,1.0,H,12.0,9.0,6.0,3.0,13.0,7.0,2.0,1.0,1.0,0.0,0.0,0.0,1.62,4.25,4.81
T1,2023-05-30,Alanyaspor,Kasimpasa,1431.53,1430.55,3.0,9.0,7.0,8.0,1.0,3.0,A,0.0,0.0,D,14.0,18.0,4.0,8.0,14.0,3.0,5.0,2.0,1.0,1.0,0.0,0.0,2.24,3.74,2.87
T1,2023-05-30,Ankaragucu,Galatasaray,,1623.38,4.0,8.0,9.0,10.0,1.0,4.0,A,1.0,2.0,A,14.0,18.0,7.0,10.0,9.0,13.0,4.0,7.0,3.0,0.0,0.0,0.0,5.51,4.79,1.48
T1,2023-05-30,Buyuksehyr,Gaziantep,1509.96,,2.0,8.0,0.0,0.0,3.0,0.0,H,,,,,,,,,,,,,,,,,,
T1,2023-05-30,Fenerbahce,Antalyaspor,1637.06,1436.74,7.0,11.0,2.0,5.0,2.0,0.0,H,1.0,0.0,H,15.0,8.0,8.0,3.0,11.0,10.0,8.0,2.0,1.0,3.0,0.0,0.0,1.33,5.39,7.92
T1,2023-05-30,Giresunspor,Trabzonspor,1347.0,1505.23,7.0,7.0,6.0,6.0,2.0,4.0,A,0.0,2.0,A,11.0,25.0,3.0,12.0,12.0,13.0,1.0,7.0,1.0,3.0,0.0,0.0,2.46,3.72,2.58
T1,2023-05-30,Hatayspor,Umraniyespor,1293.53,1352.83,0.0,0.0,4.0,4.0,0.0,3.0,A,,,,,,,,,,,,,,,,,,
T1,2023-05-30,Istanbulspor,Ad. Demirspor,1376.89,1531.93,3.0,7.0,6.0,12.0,0.0,2.0,A,0.0,1.0,A,20.0,25.0,6.0,9.0,7.0,6.0,16.0,8.0,1.0,1.0,0.0,0.0,2.13,4.13,2.83
T1,2023-05-30,Karagumruk,Kayserispor,1488.21,1442.34,3.0,4.0,4.0,5.0,2.0,0.0,H,2.0,0.0,H,19.0,7.0,6.0,0.0,7.0,11.0,4.0,4.0,2.0,2.0,0.0,1.0,1.99,4.13,3.15
T1,2023-05-30,Sivasspor,Konyaspor,1439.72,1482.72,0.0,3.0,7.0,10.0,1.0,0.0,H,1.0,0.0,H,9.0,6.0,2.0,2.0,17.0,14.0,4.0,2.0,1.0,2.0,0.0,0.0,2.0,3.61,3.5
T1,2023-06-03,Konyaspor,Karagumruk,1488.57,1476.95,4.0,10.0,3.0,6.0,1.0,1.0,D,1.0,1.0,D,21.0,18.0,6.0,5.0,13.0,6.0,3.0,3.0,3.0,1.0,0.0,0.0,1.86,4.29,3.43
T1,2023-06-03,Ad. Demirspor,Buyuksehyr,1534.45,1508.71,6.0,12.0,5.0,8.0,2.0,3.0,A,1.0,2.0,A,25.0,15.0,11.0,6.0,7.0,14.0,9.0,8.0,1.0,1.0,0.0,0.0,1.76,4.05,4.06
T1,2023-06-03,Antalyaspor,Hatayspor,1433.44,1267.88,2.0,5.0,0.0,0.0,3.0,0.0,H,,,,,,,,,,,,,,,,,,
T1,2023-06-03,Gaziantep,Istanbulspor,,1359.33,0.0,0.0,0.0,6.0,0.0,3.0,A,,,,,,,,,,,,,,,,,,
T1,2023-06-03,Kasimpasa,Besiktas,1457.88,1621.39,9.0,10.0,9.0,15.0,2.0,5.0,A,0.0,2.0,A,15.0,16.0,6.0,6.0,11.0,13.0,5.0,5.0,2.0,3.0,0.0,0.0,4.27,4.37,1.67
T1,2023-06-03,Kayserispor,Ankaragucu,1415.12,,1.0,4.0,4.0,5.0,0.0,1.0,A,0.0,1.0,A,8.0,5.0,4.0,1.0,16.0,9.0,7.0,1.0,0.0,1.0,0.0,0.0,2.31,3.55,2.9
T1,2023-06-03,Trabzonspor,Alanyaspor,1518.68,1424.2,6.0,9.0,3.0,6.0,5.0,1.0,H,4.0,1.0,H,23.0,6.0,10.0,4.0,7.0,9.0,5.0,2.0,0.0,0.0,0.0,1.0,1.49,4.73,5.6
T1,2023-06-03,Umraniyespor,Giresunspor,1362.33,1362.7,4.0,7.0,6.0,7.0,0.0,1.0,A,0.0,1.0,A,8.0,8.0,1.0,4.0,17.0,13.0,5.0,4.0,5.0,1.0,0.0,0.0,2.39,3.82,2.64
T1,2023-06-04,Galatasaray,Fenerbahce,1638.5,1649.02,9.0,12.0,9.0,13.0,3.0,0.0,H,1.0,0.0,H,13.0,2.0,6.0,0.0,12.0,14.0,6.0,3.0,1.0,2.0,0.0,1.0,2.04,3.66,3.37
T1,2023-06-06,Karagumruk,Kasimpasa,1476.95,1457.88,4.0,7.0,6.0,10.0,3.0,0.0,H,1.0,0.0,H,11.0,14.0,6.0,2.0,10.0,12.0,0.0,11.0,3.0,1.0,0.0,0.0,2.15,4.06,2.83
T1,2023-06-06,Sivasspor,Kayserispor,1434.93,1415.12,3.0,3.0,0.0,4.0,1.0,1.0,D,1.0,1.0,D,15.0,10.0,3.0,2.0,16.0,10.0,6.0,1.0,0.0,1.0,0.0,0.0,1.7,4.11,4.29
T1,2023-06-06,Buyuksehyr,Trabzonspor,1508.71,1518.68,7.0,8.0,9.0,12.0,3.0,1.0,H,1.0,0.0,H,16.0,17.0,6.0,4.0,6.0,10.0,3.0,5.0,0.0,0.0,0.0,0.0,2.34,3.66,2.74
T1,2023-06-07,Ankaragucu,Ad. Demirspor,,1534.45,6.0,7.0,3.0,9.0,1.0,2.0,A,0.0,1.0,A,16.0,11.0,7.0,5.0,13.0,9.0,7.0,1.0,0.0,0.0,0.0,0.0,2.21,3.95,2.79
T1,2023-06-07,Besiktas,Konyaspor,1621.39,1488.57,9.0,15.0,4.0,8.0,3.0,3.0,D,2.0,1.0,H,17.0,6.0,8.0,3.0,13.0,12.0,9.0,3.0,1.0,3.0,0.0,1.0,1.38,5.08,7.07
T1,2023-06-07,Fenerbahce,Gaziantep,1649.02,,6.0,10.0,0.0,0.0,3.0,0.0,H,,,,,,,,,,,,,,,,,,
T1,2023-06-07,Giresunspor,Antalyaspor,1362.7,1433.44,6.0,10.0,4.0,5.0,2.0,0.0,H,1.0,0.0,H,5.0,18.0,3.0,5.0,12.0,11.0,3.0,11.0,3.0,1.0,1.0,0.0,1.86,3.9,3.67
T1,2023-06-07,Hatayspor,Galatasaray,1267.88,1638.5,0.0,0.0,9.0,15.0,0.0,3.0,A,,,,,,,,,,,,,,,,,,
T1,2023-06-07,Istanbulspor,Umraniyespor,1359.33,1362.33,3.0,6.0,3.0,7.0,4.0,0.0,H,1.0,0.0,H,24.0,3.0,12.0,1.0,13.0,10.0,8.0,1.0,3.0,1.0,0.0,0.0,1.47,4.61,5.73
T1,2023-08-11,Trabzonspor,Antalyaspor,1518.04,1427.49,6.0,9.0,3.0,5.0,1.0,0.0,H,1.0,0.0,H,13.0,11.0,5.0,2.0,18.0,11.0,6.0,9.0,0.0,1.0,0.0,0.0,1.88,3.67,3.83
T1,2023-08-12,Kasimpasa,Ankaragucu,1439.59,,3.0,9.0,3.0,7.0,3.0,2.0,H,1.0,0.0,H,15.0,9.0,5.0,3.0,8.0,15.0,3.0,5.0,1.0,0.0,0.0,0.0,2.3,3.58,2.86
T1,2023-08-12,Konyaspor,Istanbulspor,1492.41,1385.6,2.0,6.0,6.0,6.0,1.0,1.0,D,0.0,1.0,A,15.0,4.0,2.0,2.0,13.0,10.0,10.0,2.0,3.0,5.0,1.0,2.0,1.78,3.77,4.22
T1,2023-08-12,Kayserispor,Galatasaray,1407.71,1653.49,1.0,2.0,9.0,15.0,0.0,0.0,D,0.0,0.0,D,12.0,17.0,3.0,3.0,11.0,6.0,3.0,9.0,2.0,2.0,0.0,0.0,4.95,4.19,1.6
T1,2023-08-12,Pendikspor,Hatayspor,1316.27,1260.17,0.0,0.0,0.0,0.0,1.0,5.0,A,0.0,2.0,A,6.0,15.0,4.0,9.0,10.0,18.0,4.0,2.0,0.0,1.0,0.0,0.0,2.16,3.5,3.16
T1,2023-08-13,Sivasspor,Samsunspor,1433.21,1316.27,4.0,4.0,6.0,7.0,1.0,1.0,D,1.0,0.0,H,6.0,11.0,2.0,3.0,11.0,11.0,4.0,5.0,2.0,1.0,0.0,0.0,2.28,3.49,2.93
T1,2023-08-13,Ad. Demirspor,Rizespor,1531.58,1316.27,6.0,9.0,3.0,6.0,2.0,1.0,H,1.0,0.0,H,9.0,13.0,6.0,4.0,15.0,14.0,4.0,5.0,6.0,6.0,0.0,0.0,1.57,4.27,5.08
T1,2023-08-13,Fenerbahce,Gaziantep,1640.15,,6.0,12.0,0.0,0.0,2.0,1.0,H,2.0,1.0,H,21.0,4.0,5.0,1.0,13.0,12.0,3.0,1.0,0.0,6.0,0.0,1.0,1.31,5.6,8.48
T1,2023-08-14,Alanyaspor,Buyuksehyr,1416.1,1529.15,3.0,3.0,9.0,11.0,2.0,0.0,H,1.0,0.0,H,11.0,8.0,4.0,3.0,15.0,14.0,4.0,5.0,5.0,4.0,0.0,1.0,2.73,3.5,2.41
T1,2023-08-14,Karagumruk,Besiktas,1489.29,1626.02,7.0,7.0,7.0,13.0,0.0,1.0,A,0.0,0.0,D,2.0,9.0,0.0,6.0,13.0,14.0,4.0,4.0,4.0,1.0,0.0,0.0,4.39,4.22,1.66
T1,2023-08-18,Antalyaspor,Konyaspor,1432.42,1497.53,3.0,4.0,3.0,6.0,1.0,1.0,D,0.0,0.0,D,14.0,7.0,3.0,3.0,14.0,12.0,5.0,5.0,2.0,2.0,0.0,0.0,2.23,3.46,3.02
T1,2023-08-18,Istanbulspor,Kayserispor,1399.34,1422.23,7.0,7.0,2.0,2.0,1.0,1.0,D,0.0,0.0,D,7.0,9.0,3.0,4.0,11.0,11.0,4.0,6.0,1.0,0.0,0.0,0.0,2.56,3.46,2.58
T1,2023-08-19,Rizespor,Alanyaspor,1323.47,1438.91,0.0,6.0,3.0,6.0,0.0,0.0,D,0.0,0.0,D,10.0,8.0,3.0,2.0,12.0,13.0,3.0,3.0,3.0,3.0,0.0,1.0,2.36,3.52,2.79
T1,2023-08-19,Galatasaray,Trabzonspor,1660.53,1531.97,7.0,13.0,6.0,12.0,2.0,0.0,H,1.0,0.0,H,15.0,5.0,5.0,1.0,21.0,3.0,7.0,1.0,4.0,3.0,0.0,0.0,1.6,4.29,4.86
T1,2023-08-19,Hatayspor,Kasimpasa,1291.39,1454.27,3.0,3.0,3.0,9.0,0.0,0.0,D,0.0,0.0,D,8.0,11.0,2.0,2.0,7.0,6.0,3.0,1.0,0.0,0.0,0.0,0.0,2.38,3.63,2.71
T1,2023-08-20,Buyuksehyr,Karagumruk,1525.21,1493.16,6.0,10.0,4.0,7.0,0.0,2.0,A,0.0,2.0,A,15.0,9.0,5.0,2.0,11.0,14.0,5.0,4.0,3.0,4.0,0.0,0.0,1.64,4.09,4.73
T1,2023-08-20,Besiktas,Pendikspor,1642.9,1303.91,7.0,13.0,0.0,0.0,1.0,1.0,D,1.0,0.0,H,15.0,11.0,6.0,1.0,11.0,9.0,6.0,4.0,4.0,2.0,0.0,0.0,1.24,6.09,10.58
T1,2023-08-20,Gaziantep,Sivasspor,,1438.12,0.0,0.0,5.0,5.0,1.0,3.0,A,0.0,2.0,A,11.0,13.0,2.0,7.0,19.0,16.0,7.0,4.0,6.0,4.0,0.0,0.0,2.6,3.54,2.5
T1,2023-08-21,Ankaragucu,Ad. Demirspor,,1558.36,3.0,6.0,6.0,9.0,1.0,1.0,D,1.0,1.0,D,18.0,12.0,5.0,4.0,9.0,10.0,3.0,4.0,1.0,1.0,0.0,0.0,2.64,3.69,2.4
T1,2023-08-21,Samsunspor,Fenerbahce,1330.22,1652.63,4.0,7.0,6.0,12.0,0.0,2.0,A,0.0,0.0,D,5.0,13.0,1.0,6.0,11.0,10.0,2.0,5.0,1.0,1.0,0.0,0.0,5.18,4.29,1.56
T1,2023-08-25,Konyaspor,Gaziantep,1497.53,,3.0,4.0,0.0,0.0,2.0,0.0,H,0.0,0.0,D,17.0,8.0,8.0,3.0,9.0,8.0,10.0,2.0,1.0,2.0,0.0,0.0,1.77,3.87,4.25
T1,2023-08-26,Kasimpasa,Pendikspor,1454.27,1303.91,4.0,7.0,2.0,3.0,1.0,1.0,D,0.0,1.0,A,7.0,16.0,3.0,6.0,10.0,19.0,9.0,2.0,3.0,2.0,0.0,1.0,1.76,3.84,4.3
T1,2023-08-26,Trabzonspor,Rizespor,1531.97,1323.47,3.0,9.0,1.0,4.0,2.0,3.0,A,0.0,2.0,A,20.0,12.0,7.0,7.0,10.0,17.0,9.0,2.0,1.0,2.0,0.0,0.0,1.48,4.51,6.07
T1,2023-08-26,Sivasspor,Antalyaspor,1438.12,1432.42,5.0,8.0,1.0,4.0,1.0,1.0,D,1.0,1.0,D,6.0,8.0,2.0,4.0,11.0,15.0,3.0,4.0,3.0,3.0,0.0,0.0,2.27,3.35,3.11
T1,2023-08-27,Karagumruk,Ankaragucu,1493.16,,6.0,10.0,1.0,4.0,1.0,1.0,D,1.0,0.0,H,6.0,7.0,2.0,5.0,15.0,12.0,3.0,5.0,1.0,1.0,0.0,0.0,2.25,3.55,2.99
T1,2023-08-27,Kayserispor,Samsunspor,1422.23,1330.22,3.0,3.0,1.0,7.0,2.0,1.0,H,2.0,1.0,H,11.0,6.0,4.0,1.0,7.0,8.0,3.0,2.0,0.0,0.0,0.0,0.0,2.43,3.49,2.74
T1,2023-08-27,Alanyaspor,Hatayspor,1438.91,1291.39,4.0,7.0,4.0,4.0,0.0,0.0,D,0.0,0.0,D,15.0,5.0,5.0,0.0,9.0,17.0,9.0,1.0,4.0,3.0,0.0,0.0,1.93,3.73,3.61
T1,2023-09-01,Kasimpasa,Trabzonspor,1463.28,1529.85,5.0,5.0,3.0,6.0,1.0,5.0,A,0.0,3.0,A,19.0,7.0,6.0,6.0,10.0,16.0,9.0,3.0,3.0,3.0,0.0,0.0,2.91,3.47,2.33
T1,2023-09-01,Rizespor,Karagumruk,1356.18,1520.2,4.0,4.0,4.0,8.0,1.0,0.0,H,1.0,0.0,H,13.0,17.0,4.0,3.0,12.0,17.0,1.0,6.0,3.0,2.0,0.0,0.0,2.0,3.71,3.31
T1,2023-09-02,Buyuksehyr,Konyaspor,1527.87,1517.76,3.0,9.0,5.0,7.0,0.0,1.0,A,0.0,0.0,D,11.0,13.0,2.0,5.0,13.0,13.0,2.0,4.0,4.0,2.0,1.0,0.0,2.34,3.38,2.94
T1,2023-09-02,Pendikspor,Alanyaspor,1334.09,1449.16,2.0,3.0,5.0,5.0,1.0,1.0,D,0.0,0.0,D,10.0,8.0,3.0,4.0,9.0,14.0,8.0,4.0,2.0,2.0,0.0,0.0,2.32,3.54,2.87
T1,2023-09-02,Antalyaspor,Kayserispor,1451.69,1444.62,2.0,5.0,5.0,6.0,1.0,1.0,D,1.0,1.0,D,20.0,7.0,7.0,3.0,14.0,11.0,9.0,3.0,2.0,3.0,0.0,0.0,1.92,3.69,3.68
T1,2023-09-02,Gaziantep,Galatasaray,,1691.46,0.0,0.0,7.0,13.0,0.0,3.0,A,0.0,1.0,A,15.0,15.0,7.0,4.0,12.0,13.0,4.0,7.0,2.0,0.0,0.0,0.0,6.89,4.87,1.4
T1,2023-09-03,Besiktas,Sivasspor,1658.43,1461.22,5.0,11.0,5.0,9.0,2.0,0.0,H,2.0,0.0,H,17.0,5.0,8.0,1.0,17.0,17.0,7.0,2.0,2.0,4.0,0.0,0.0,1.42,4.66,6.85
T1,2023-09-03,Ankaragucu,Fenerbahce,,1696.1,2.0,5.0,9.0,12.0,0.0,1.0,A,0.0,0.0,D,14.0,14.0,2.0,2.0,15.0,14.0,4.0,2.0,2.0,3.0,0.0,1.0,4.6,3.99,1.68
T1,2023-09-03,Hatayspor,Ad. Demirspor,1316.57,1574.86,5.0,5.0,7.0,10.0,3.0,3.0,D,0.0,1.0,A,14.0,11.0,7.0,6.0,19.0,9.0,3.0,7.0,6.0,2.0,0.0,0.0,3.22,3.68,2.08
T1,2023-09-16,Kayserispor,Gaziantep,1446.22,,5.0,7.0,0.0,0.0,2.0,0.0,H,1.0,0.0,H,10.0,16.0,4.0,5.0,11.0,8.0,3.0,7.0,0.0,1.0,0.0,0.0,1.86,3.7,3.92
T1,2023-09-16,Konyaspor,Rizespor,1527.43,1367.13,7.0,9.0,7.0,7.0,1.0,2.0,A,1.0,0.0,H,6.0,11.0,4.0,2.0,12.0,14.0,2.0,4.0,2.0,1.0,0.0,0.0,1.95,3.57,3.7
T1,2023-09-16,Ad. Demirspor,Pendikspor,1569.45,1335.97,5.0,8.0,3.0,4.0,3.0,0.0,H,2.0,0.0,H,18.0,15.0,7.0,5.0,8.0,6.0,6.0,6.0,0.0,3.0,0.0,0.0,1.49,4.63,5.65
T1,2023-09-16,Galatasaray,Samsunspor,1694.17,1339.49,7.0,13.0,1.0,4.0,4.0,2.0,H,3.0,0.0,H,9.0,9.0,5.0,4.0,17.0,15.0,2.0,6.0,1.0,3.0,0.0,0.0,1.33,5.35,8.18
T1,2023-09-17,Fenerbahce,Antalyaspor,1698.98,1450.09,9.0,12.0,3.0,3.0,3.0,2.0,H,1.0,1.0,D,17.0,14.0,10.0,6.0,13.0,11.0,7.0,5.0,3.0,4.0,0.0,0.0,1.38,4.99,7.45
T1,2023-09-17,Istanbulspor,Buyuksehyr,1415.56,1518.21,5.0,8.0,0.0,6.0,0.0,2.0,A,0.0,0.0,D,5.0,20.0,0.0,8.0,15.0,9.0,0.0,7.0,4.0,0.0,0.0,0.0,3.13,3.38,2.24
T1,2023-09-17,Alanyaspor,Kasimpasa,1447.28,1448.4,3.0,6.0,2.0,5.0,3.0,3.0,D,2.0,1.0,H,13.0,17.0,6.0,3.0,9.0,11.0,5.0,7.0,0.0,0.0,0.0,0.0,2.07,3.56,3.35
T1,2023-09-17,Trabzonspor,Besiktas,1544.73,1662.3,3.0,6.0,7.0,11.0,3.0,0.0,H,2.0,0.0,H,8.0,7.0,5.0,1.0,15.0,11.0,2.0,7.0,4.0,1.0,0.0,0.0,3.03,3.48,2.25
T1,2023-09-18,Karagumruk,Hatayspor,1509.25,1321.98,4.0,7.0,3.0,6.0,0.0,0.0,D,0.0,0.0,D,5.0,18.0,2.0,5.0,14.0,9.0,3.0,3.0,3.0,2.0,0.0,0.0,1.97,3.54,3.67
T1,2023-09-18,Sivasspor,Ankaragucu,1457.35,,4.0,6.0,2.0,2.0,1.0,3.0,A,1.0,1.0,D,15.0,15.0,9.0,5.0,7.0,12.0,5.0,3.0,3.0,2.0,1.0,0.0,2.34,3.34,2.95
T1,2023-09-22,Gaziantep,Istanbulspor,,1415.56,0.0,0.0,2.0,8.0,2.0,0.0,H,0.0,0.0,D,13.0,5.0,2.0,0.0,11.0,13.0,8.0,4.0,1.0,5.0,0.0,0.0,1.87,3.71,3.93
T1,2023-09-23,Pendikspor,Karagumruk,1335.97,1509.25,2.0,3.0,2.0,5.0,1.0,1.0,D,1.0,0.0,H,8.0,10.0,4.0,4.0,13.0,10.0,5.0,4.0,0.0,1.0,0.0,0.0,2.52,3.42,2.74
T1,2023-09-23,Rizespor,Sivasspor,1367.13,1457.35,9.0,10.0,1.0,5.0,1.0,1.0,D,1.0,1.0,D,14.0,14.0,4.0,4.0,12.0,17.0,5.0,4.0,7.0,3.0,0.0,0.0,2.2,3.42,3.19
T1,2023-09-23,Antalyaspor,Samsunspor,1450.09,1339.49,2.0,3.0,0.0,1.0,2.0,0.0,H,2.0,0.0,H,7.0,9.0,3.0,1.0,22.0,11.0,1.0,4.0,2.0,1.0,0.0,0.0,2.06,3.57,3.39
T1,2023-09-23,Buyuksehyr,Galatasaray,1518.21,1694.17,3.0,6.0,9.0,13.0,1.0,2.0,A,0.0,1.0,A,6.0,17.0,2.0,4.0,18.0,15.0,2.0,4.0,3.0,2.0,0.0,0.0,4.16,3.75,1.81
T1,2023-09-24,Ankaragucu,Konyaspor,,1527.43,4.0,5.0,6.0,8.0,1.0,1.0,D,1.0,1.0,D,15.0,7.0,1.0,1.0,15.0,8.0,4.0,2.0,1.0,1.0,0.0,0.0,2.31,3.47,2.93
T1,2023-09-24,Besiktas,Kayserispor,1662.3,1446.22,4.0,8.0,7.0,9.0,2.0,1.0,H,0.0,0.0,D,23.0,5.0,10.0,1.0,13.0,10.0,7.0,2.0,1.0,0.0,0.0,0.0,1.37,5.04,7.5
T1,2023-09-24,Alanyaspor,Fenerbahce,1447.28,1698.98,3.0,7.0,9.0,15.0,0.0,1.0,A,0.0,1.0,A,2.0,14.0,1.0,7.0,15.0,14.0,4.0,5.0,2.0,6.0,0.0,0.0,4.91,4.17,1.62
T1,2023-09-24,Kasimpasa,Ad. Demirspor,1448.4,1569.45,2.0,6.0,5.0,11.0,2.0,1.0,H,1.0,0.0,H,13.0,19.0,7.0,6.0,21.0,7.0,6.0,11.0,4.0,2.0,0.0,3.0,3.05,3.78,2.13
T1,2023-09-25,Hatayspor,Trabzonspor,1321.98,1544.73,3.0,7.0,6.0,9.0,3.0,2.0,H,0.0,1.0,A,9.0,6.0,3.0,3.0,22.0,13.0,9.0,1.0,6.0,2.0,0.0,0.0,3.0,3.55,2.22
T1,2023-09-26,Istanbulspor,Galatasaray,1415.56,1694.17,1.0,5.0,9.0,13.0,0.0,1.0,A,0.0,1.0,A,4.0,17.0,3.0,7.0,12.0,16.0,3.0,4.0,1.0,2.0,0.0,0.0,8.49,5.51,1.31
T1,2023-09-27,Ad. Demirspor,Besiktas,1569.45,1662.3,4.0,8.0,6.0,10.0,4.0,2.0,H,2.0,0.0,H,14.0,16.0,7.0,5.0,16.0,15.0,1.0,5.0,2.0,1.0,0.0,0.0,3.24,3.81,2.04
T1,2023-09-28,Fenerbahce,Buyuksehyr,1698.98,1518.21,9.0,15.0,3.0,3.0,4.0,0.0,H,3.0,0.0,H,16.0,6.0,8.0,0.0,22.0,9.0,14.0,2.0,4.0,1.0,0.0,0.0,1.42,4.71,6.76
T1,2023-09-29,Samsunspor,Gaziantep,1339.49,,0.0,1.0,3.0,3.0,1.0,2.0,A,0.0,2.0,A,18.0,4.0,2.0,3.0,13.0,12.0,9.0,2.0,2.0,3.0,0.0,0.0,1.91,3.6,3.87
T1,2023-09-30,Sivasspor,Hatayspor,1457.35,1321.98,1.0,5.0,5.0,7.0,0.0,0.0,D,0.0,0.0,D,12.0,4.0,4.0,1.0,9.0,20.0,6.0,7.0,3.0,3.0,0.0,0.0,2.05,3.52,3.46
T1,2023-09-30,Istanbulspor,Antalyaspor,1415.56,1450.09,0.0,2.0,4.0,6.0,1.0,2.0,A,1.0,0.0,H,4.0,17.0,3.0,5.0,8.0,17.0,4.0,8.0,2.0,3.0,0.0,0.0,3.14,3.58,2.16
T1,2023-09-30,Trabzonspor,Pendikspor,1544.73,1335.97,6.0,6.0,2.0,4.0,2.0,1.0,H,2.0,1.0,H,11.0,9.0,3.0,4.0,19.0,8.0,4.0,2.0,2.0,1.0,1.0,0.0,1.51,4.45,5.7
T1,2023-09-30,Galatasaray,Ankaragucu,1694.17,,9.0,15.0,4.0,6.0,2.0,1.0,H,0.0,0.0,D,34.0,7.0,13.0,2.0,11.0,10.0,12.0,3.0,0.0,3.0,0.0,0.0,1.3,5.73,8.65
T1,2023-10-01,Karagumruk,Kasimpasa,1501.28,1460.72,2.0,6.0,4.0,6.0,2.0,3.0,A,1.0,3.0,A,13.0,4.0,4.0,3.0,9.0,14.0,8.0,0.0,3.0,3.0,0.0,0.0,2.28,3.55,2.92
T1,2023-10-01,Fenerbahce,Rizespor,1715.97,1382.07,9.0,15.0,7.0,11.0,5.0,0.0,H,1.0,0.0,H,23.0,5.0,11.0,1.0,10.0,15.0,8.0,2.0,1.0,3.0,0.0,0.0,1.34,5.3,8.02
T1,2023-10-01,Ad. Demirspor,Alanyaspor,1577.61,1444.12,6.0,8.0,2.0,4.0,4.0,0.0,H,1.0,0.0,H,15.0,9.0,7.0,1.0,11.0,14.0,7.0,3.0,2.0,3.0,0.0,0.0,1.73,4.08,4.23
T1,2023-10-01,Konyaspor,Besiktas,1514.41,1639.7,4.0,8.0,3.0,7.0,0.0,2.0,A,0.0,1.0,A,5.0,6.0,3.0,1.0,13.0,20.0,2.0,6.0,2.0,3.0,1.0,0.0,3.31,3.6,2.08
T1,2023-10-02,Kayserispor,Buyuksehyr,1449.66,1518.07,4.0,8.0,3.0,3.0,0.0,0.0,D,0.0,0.0,D,14.0,8.0,1.0,4.0,6.0,15.0,10.0,5.0,2.0,2.0,0.0,0.0,2.53,3.38,2.7
T1,2023-10-06,Ad. Demirspor,Trabzonspor,1577.61,1552.62,6.0,10.0,6.0,9.0,1.0,0.0,H,1.0,0.0,H,13.0,18.0,8.0,3.0,17.0,9.0,3.0,3.0,5.0,3.0,0.0,0.0,2.02,3.78,3.3
T1,2023-10-06,Alanyaspor,Karagumruk,1444.12,1501.28,1.0,3.0,2.0,3.0,2.0,1.0,H,1.0,0.0,H,6.0,10.0,3.0,4.0,16.0,16.0,3.0,6.0,4.0,1.0,0.0,0.0,2.24,3.29,3.2
T1,2023-10-07,Pendikspor,Sivasspor,1334.33,1439.14,1.0,3.0,2.0,3.0,2.0,3.0,A,0.0,1.0,A,15.0,15.0,6.0,7.0,14.0,13.0,9.0,4.0,5.0,2.0,0.0,0.0,2.63,3.47,2.54
T1,2023-10-07,Ankaragucu,Kayserispor,,1449.66,4.0,5.0,4.0,8.0,3.0,0.0,H,0.0,0.0,D,12.0,4.0,8.0,1.0,1.0,10.0,1.0,3.0,0.0,0.0,0.0,0.0,2.12,3.49,3.28
T1,2023-10-07,Antalyaspor,Galatasaray,1463.05,1702.96,6.0,8.0,9.0,15.0,0.0,2.0,A,0.0,0.0,D,12.0,11.0,4.0,7.0,15.0,21.0,3.0,7.0,1.0,3.0,0.0,0.0,4.79,4.03,1.65
T1,2023-10-07,Buyuksehyr,Gaziantep,1518.07,,1.0,4.0,6.0,6.0,2.0,0.0,H,2.0,0.0,H,8.0,12.0,3.0,1.0,12.0,10.0,5.0,7.0,0.0,0.0,0.0,0.0,1.82,3.59,4.23
T1,2023-10-08,Rizespor,Samsunspor,1382.07,1323.02,4.0,10.0,0.0,0.0,1.0,0.0,H,0.0,0.0,D,8.0,12.0,4.0,3.0,9.0,15.0,4.0,8.0,3.0,3.0,1.0,0.0,2.12,3.48,3.28
T1,2023-10-08,Besiktas,Istanbulspor,1639.7,1383.26,6.0,9.0,0.0,1.0,2.0,0.0,H,1.0,0.0,H,17.0,4.0,5.0,2.0,12.0,10.0,4.0,4.0,2.0,2.0,0.0,0.0,1.22,6.49,11.04
T1,2023-10-08,Hatayspor,Konyaspor,1345.94,1514.41,5.0,7.0,1.0,7.0,3.0,1.0,H,1.0,1.0,D,10.0,8.0,5.0,5.0,19.0,10.0,3.0,2.0,2.0,0.0,0.0,0.0,2.64,3.21,2.67
T1,2023-10-08,Kasimpasa,Fenerbahce,1460.72,1715.97,7.0,8.0,9.0,15.0,0.0,2.0,A,0.0,2.0,A,6.0,20.0,1.0,7.0,13.0,12.0,1.0,8.0,5.0,0.0,0.0,0.0,6.11,4.67,1.46
T1,2023-10-21,Kayserispor,Rizespor,1438.36,1385.48,1.0,5.0,4.0,10.0,3.0,1.0,H,1.0,0.0,H,20.0,12.0,7.0,3.0,13.0,12.0,5.0,2.0,5.0,2.0,0.0,0.0,2.27,3.36,3.07
T1,2023-10-21,Gaziantep,Antalyaspor,,1459.06,6.0,6.0,6.0,7.0,1.0,0.0,H,0.0,0.0,D,10.0,8.0,2.0,2.0,16.0,14.0,6.0,4.0,1.0,2.0,0.0,0.0,2.72,3.29,2.56
T1,2023-10-21,Konyaspor,Pendikspor,1491.26,1328.55,1.0,4.0,1.0,2.0,1.0,2.0,A,0.0,0.0,D,16.0,8.0,8.0,3.0,4.0,12.0,5.0,2.0,1.0,3.0,0.0,0.0,1.74,3.74,4.56
T1,2023-10-21,Galatasaray,Besiktas,1721.78,1638.53,9.0,15.0,6.0,9.0,2.0,1.0,H,1.0,0.0,H,25.0,2.0,10.0,2.0,12.0,19.0,6.0,2.0,3.0,5.0,0.0,1.0,1.62,4.2,4.83
T1,2023-10-22,Sivasspor,Kasimpasa,1446.71,1467.11,5.0,5.0,6.0,7.0,0.0,1.0,A,0.0,0.0,D,17.0,17.0,8.0,6.0,10.0,9.0,7.0,8.0,0.0,2.0,0.0,0.0,2.2,3.47,3.14
T1,2023-10-22,Istanbulspor,Ankaragucu,1381.27,,0.0,0.0,4.0,7.0,2.0,1.0,H,1.0,1.0,D,7.0,9.0,3.0,1.0,14.0,14.0,2.0,5.0,0.0,3.0,0.0,0.0,3.14,3.5,2.17
T1,2023-10-22,Fenerbahce,Hatayspor,1726.96,1362.28,9.0,15.0,7.0,9.0,4.0,2.0,H,3.0,0.0,H,17.0,8.0,6.0,5.0,10.0,14.0,7.0,5.0,1.0,4.0,0.0,0.0,1.21,6.56,11.85
T1,2023-10-22,Samsunspor,Buyuksehyr,1318.53,1522.22,0.0,0.0,4.0,7.0,0.0,0.0,D,0.0,0.0,D,20.0,7.0,5.0,0.0,17.0,8.0,8.0,0.0,2.0,2.0,0.0,0.0,2.37,3.39,2.9
T1,2023-10-23,Karagumruk,Ad. Demirspor,1483.99,1591.45,1.0,2.0,9.0,12.0,2.0,0.0,H,0.0,0.0,D,10.0,11.0,6.0,5.0,18.0,8.0,5.0,4.0,0.0,1.0,0.0,0.0,3.29,3.77,2.02
T1,2023-10-23,Trabzonspor,Alanyaspor,1547.78,1445.72,3.0,9.0,3.0,5.0,1.0,0.0,H,0.0,0.0,D,14.0,15.0,3.0,3.0,15.0,4.0,7.0,5.0,1.0,2.0,0.0,0.0,1.64,4.06,4.87
T1,2023-10-27,Hatayspor,Kayserispor,1362.28,1438.36,4.0,8.0,4.0,7.0,1.0,2.0,A,0.0,1.0,A,18.0,8.0,9.0,2.0,10.0,15.0,12.0,1.0,5.0,0.0,0.0,0.0,2.23,3.44,3.11
T1,2023-10-27,Kasimpasa,Istanbulspor,1467.11,1381.27,6.0,10.0,3.0,3.0,3.0,1.0,H,1.0,0.0,H,19.0,17.0,11.0,6.0,13.0,11.0,8.0,5.0,2.0,2.0,0.0,0.0,1.78,3.9,4.11
T1,2023-10-28,Alanyaspor,Sivasspor,1445.72,1446.71,3.0,4.0,4.0,5.0,1.0,2.0,A,0.0,0.0,D,12.0,15.0,5.0,4.0,13.0,12.0,7.0,2.0,3.0,1.0,0.0,0.0,2.13,3.52,3.27
T1,2023-10-28,Ad. Demirspor,Konyaspor,1591.45,1491.26,6.0,9.0,0.0,1.0,3.0,0.0,H,0.0,0.0,D,15.0,13.0,5.0,4.0,12.0,10.0,4.0,5.0,1.0,1.0,0.0,0.0,1.68,4.12,4.54
T1,2023-10-28,Rizespor,Galatasaray,1385.48,1721.78,3.0,7.0,9.0,15.0,0.0,1.0,A,0.0,0.0,D,11.0,20.0,3.0,5.0,14.0,11.0,6.0,5.0,2.0,2.0,0.0,0.0,5.54,4.44,1.53
T1,2023-10-29,Karagumruk,Trabzonspor,1483.99,1547.78,3.0,5.0,6.0,9.0,0.0,0.0,D,0.0,0.0,D,6.0,12.0,3.0,0.0,8.0,11.0,6.0,3.0,2.0,1.0,0.0,0.0,2.88,3.52,2.33
T1,2023-10-29,Ankaragucu,Samsunspor,,1318.53,3.0,7.0,1.0,1.0,2.0,0.0,H,0.0,0.0,D,12.0,3.0,5.0,2.0,8.0,14.0,4.0,6.0,0.0,2.0,0.0,0.0,2.32,3.48,2.92
T1,2023-10-29,Antalyaspor,Buyuksehyr,1459.06,1522.22,3.0,6.0,5.0,5.0,1.0,0.0,H,1.0,0.0,H,11.0,8.0,1.0,3.0,20.0,19.0,7.0,5.0,3.0,5.0,0.0,0.0,2.2,3.32,3.29
T1,2023-10-29,Pendikspor,Fenerbahce,1328.55,1726.96,3.0,4.0,9.0,15.0,0.0,5.0,A,0.0,2.0,A,2.0,19.0,0.0,10.0,7.0,11.0,0.0,7.0,1.0,2.0,0.0,0.0,8.82,5.66,1.3
T1,2023-10-30,Besiktas,Gaziantep,1638.53,,6.0,9.0,6.0,9.0,2.0,0.0,H,0.0,0.0,D,13.0,12.0,6.0,6.0,15.0,16.0,7.0,3.0,2.0,5.0,1.0,1.0,1.37,5.03,7.55
T1,2023-11-03,Galatasaray,Kasimpasa,1716.59,1476.47,9.0,15.0,6.0,12.0,2.0,1.0,H,1.0,0.0,H,13.0,12.0,3.0,5.0,11.0,12.0,5.0,3.0,2.0,3.0,0.0,0.0,1.18,7.73,11.65
T1,2023-11-04,Istanbulspor,Pendikspor,1377.22,1332.28,3.0,3.0,3.0,4.0,2.0,4.0,A,1.0,2.0,A,15.0,22.0,4.0,11.0,14.0,8.0,4.0,7.0,2.0,3.0,0.0,0.0,2.38,3.51,2.81
T1,2023-11-04,Samsunspor,Hatayspor,1310.8,1347.82,1.0,1.0,3.0,7.0,2.0,1.0,H,0.0,1.0,A,15.0,10.0,6.0,3.0,7.0,16.0,12.0,4.0,3.0,7.0,0.0,1.0,2.15,3.36,3.35
T1,2023-11-04,Fenerbahce,Trabzonspor,1728.74,1546.04,9.0,15.0,4.0,7.0,2.0,3.0,A,0.0,1.0,A,12.0,6.0,4.0,4.0,14.0,27.0,10.0,4.0,5.0,4.0,1.0,0.0,1.34,5.21,8.13
T1,2023-11-05,Sivasspor,Ad. Demirspor,1441.4,1580.03,6.0,8.0,6.0,12.0,1.0,1.0,D,1.0,0.0,H,19.0,14.0,10.0,4.0,14.0,15.0,5.0,6.0,1.0,3.0,0.0,0.0,2.91,3.61,2.27
T1,2023-11-05,Buyuksehyr,Ankaragucu,1503.72,,4.0,5.0,6.0,7.0,3.0,3.0,D,2.0,2.0,D,9.0,10.0,4.0,5.0,7.0,12.0,1.0,3.0,2.0,0.0,0.0,0.0,2.13,3.38,3.4
T1,2023-11-05,Konyaspor,Karagumruk,1464.79,1490.99,0.0,1.0,4.0,5.0,1.0,1.0,D,0.0,0.0,D,10.0,9.0,3.0,2.0,13.0,19.0,2.0,8.0,2.0,4.0,0.0,0.0,2.11,3.43,3.39
T1,2023-11-05,Antalyaspor,Besiktas,1451.15,1619.48,3.0,9.0,6.0,9.0,3.0,2.0,H,0.0,1.0,A,5.0,17.0,3.0,5.0,13.0,13.0,3.0,6.0,1.0,3.0,0.0,0.0,3.16,3.49,2.19
T1,2023-11-06,Gaziantep,Rizespor,,1369.79,3.0,9.0,3.0,4.0,2.0,0.0,H,1.0,0.0,H,9.0,14.0,5.0,2.0,8.0,8.0,3.0,5.0,3.0,1.0,0.0,0.0,2.27,3.38,3.07
T1,2023-11-06,Kayserispor,Alanyaspor,1447.25,1426.3,6.0,7.0,3.0,3.0,1.0,0.0,H,0.0,0.0,D,12.0,9.0,4.0,6.0,17.0,9.0,8.0,5.0,1.0,3.0,0.0,0.0,2.1,3.5,3.35
T1,2023-11-08,Samsunspor,Istanbulspor,1310.8,1377.22,4.0,4.0,3.0,3.0,2.0,1.0,H,0.0,1.0,A,12.0,6.0,4.0,3.0,16.0,12.0,7.0,2.0,3.0,5.0,0.0,0.0,1.9,3.68,3.81
T1,2023-11-10,Ankaragucu,Antalyaspor,,1451.15,4.0,7.0,6.0,9.0,0.0,4.0,A,0.0,2.0,A,10.0,21.0,2.0,9.0,9.0,11.0,2.0,5.0,3.0,0.0,0.0,0.0,2.45,3.31,2.85
T1,2023-11-10,Trabzonspor,Konyaspor,1546.04,1464.79,7.0,10.0,1.0,1.0,2.0,1.0,H,0.0,0.0,D,13.0,13.0,5.0,3.0,16.0,14.0,6.0,4.0,1.0,3.0,0.0,0.0,1.66,3.83,5.11
T1,2023-11-11,Kasimpasa,Kayserispor,1476.47,1447.25,6.0,9.0,9.0,10.0,3.0,4.0,A,1.0,3.0,A,19.0,8.0,9.0,5.0,4.0,15.0,6.0,4.0,0.0,1.0,0.0,0.0,2.23,3.57,2.99
T1,2023-11-11,Alanyaspor,Gaziantep,1426.3,,0.0,3.0,6.0,9.0,0.0,3.0,A,0.0,2.0,A,13.0,9.0,3.0,5.0,12.0,10.0,8.0,1.0,3.0,1.0,0.0,0.0,2.2,3.47,3.15
T1,2023-11-11,Karagumruk,Sivasspor,1490.99,1441.4,5.0,5.0,4.0,8.0,3.0,0.0,H,1.0,0.0,H,13.0,11.0,7.0,3.0,16.0,4.0,5.0,4.0,2.0,2.0,0.0,0.0,2.21,3.35,3.22
T1,2023-11-11,Hatayspor,Galatasaray,1347.82,1716.59,0.0,4.0,9.0,15.0,2.0,1.0,H,1.0,1.0,D,6.0,18.0,4.0,6.0,16.0,11.0,2.0,9.0,2.0,1.0,0.0,0.0,6.57,4.93,1.42
T1,2023-11-12,Pendikspor,Samsunspor,1332.28,1310.8,6.0,6.0,6.0,7.0,1.0,0.0,H,0.0,0.0,D,10.0,16.0,4.0,8.0,10.0,18.0,4.0,3.0,1.0,3.0,0.0,0.0,2.93,3.41,2.34
T1,2023-11-12,Besiktas,Buyuksehyr,1619.48,1503.72,3.0,9.0,2.0,6.0,1.0,0.0,H,0.0,0.0,D,12.0,7.0,4.0,2.0,18.0,17.0,5.0,6.0,2.0,3.0,0.0,0.0,1.77,3.76,4.34
T1,2023-11-12,Rizespor,Istanbulspor,1369.79,1377.22,0.0,3.0,0.0,3.0,1.0,0.0,H,1.0,0.0,H,8.0,7.0,3.0,0.0,17.0,7.0,6.0,6.0,1.0,0.0,0.0,0.0,1.73,3.84,4.51
T1,2023-11-12,Ad. Demirspor,Fenerbahce,1580.03,1728.74,4.0,10.0,6.0,12.0,0.0,0.0,D,0.0,0.0,D,4.0,18.0,0.0,9.0,13.0,15.0,3.0,5.0,3.0,3.0,0.0,0.0,3.46,4.03,1.91
T1,2023-11-25,Istanbulspor,Hatayspor,1336.17,1343.84,0.0,3.0,3.0,6.0,2.0,1.0,H,1.0,0.0,H,15.0,10.0,10.0,3.0,9.0,14.0,8.0,6.0,2.0,3.0,0.0,0.0,3.12,3.49,2.2
T1,2023-11-25,Gaziantep,Ankaragucu,,,6.0,9.0,4.0,7.0,0.0,1.0,A,0.0,1.0,A,9.0,12.0,2.0,5.0,8.0,19.0,2.0,4.0,4.0,5.0,0.0,0.0,2.14,3.37,3.34
T1,2023-11-25,Konyaspor,Kasimpasa,1448.05,1452.97,1.0,1.0,3.0,6.0,2.0,0.0,H,0.0,0.0,D,17.0,8.0,7.0,1.0,11.0,12.0,2.0,9.0,0.0,1.0,0.0,0.0,1.99,3.56,3.61
T1,2023-11-25,Galatasaray,Alanyaspor,1690.36,1388.16,6.0,12.0,0.0,3.0,4.0,0.0,H,2.0,0.0,H,26.0,4.0,11.0,1.0,12.0,8.0,9.0,3.0,1.0,1.0,0.0,0.0,1.19,7.13,12.05
T1,2023-11-26,Kayserispor,Ad. Demirspor,1451.44,1567.93,9.0,12.0,5.0,8.0,1.0,1.0,D,0.0,1.0,A,14.0,9.0,4.0,3.0,23.0,8.0,9.0,4.0,3.0,3.0,0.0,0.0,2.64,3.76,2.39
T1,2023-11-26,Antalyaspor,Rizespor,1468.38,1353.24,9.0,9.0,3.0,6.0,0.0,0.0,D,0.0,0.0,D,16.0,8.0,10.0,3.0,12.0,17.0,6.0,4.0,1.0,5.0,0.0,0.0,1.79,3.63,4.36
T1,2023-11-26,Samsunspor,Besiktas,1308.38,1591.08,6.0,7.0,6.0,9.0,1.0,2.0,A,1.0,1.0,D,13.0,16.0,5.0,5.0,17.0,9.0,9.0,5.0,2.0,1.0,0.0,0.0,3.27,3.47,2.14
T1,2023-11-26,Fenerbahce,Karagumruk,1685.08,1489.54,4.0,10.0,5.0,8.0,2.0,1.0,H,0.0,1.0,A,9.0,9.0,3.0,2.0,20.0,17.0,1.0,2.0,5.0,4.0,0.0,0.0,1.23,6.46,10.83
T1,2023-11-27,Buyuksehyr,Pendikspor,1484.29,1341.94,1.0,5.0,6.0,9.0,4.0,1.0,H,1.0,1.0,D,10.0,12.0,5.0,3.0,13.0,14.0,7.0,4.0,1.0,2.0,0.0,0.0,1.76,3.69,4.45
T1,2023-11-27,Sivasspor,Trabzonspor,1422.86,1552.24,4.0,7.0,7.0,10.0,3.0,3.0,D,2.0,2.0,D,17.0,13.0,9.0,6.0,11.0,10.0,5.0,2.0,1.0,1.0,0.0,0.0,3.35,3.39,2.12
T1,2023-12-01,Hatayspor,Antalyaspor,1321.0,1447.69,3.0,3.0,7.0,10.0,3.0,3.0,D,1.0,1.0,D,14.0,13.0,8.0,7.0,14.0,5.0,6.0,5.0,2.0,2.0,0.0,0.0,2.98,3.32,2.37
T1,2023-12-01,Karagumruk,Istanbulspor,1470.85,1326.83,4.0,8.0,3.0,3.0,3.0,0.0,H,1.0,0.0,H,15.0,6.0,5.0,0.0,12.0,9.0,3.0,5.0,3.0,1.0,0.0,0.0,1.66,3.8,5.1
T1,2023-12-02,Alanyaspor,Konyaspor,1369.12,1441.36,0.0,0.0,4.0,4.0,2.0,2.0,D,2.0,1.0,H,19.0,13.0,5.0,6.0,10.0,20.0,4.0,6.0,2.0,2.0,0.0,0.0,2.31,3.36,3.02
T1,2023-12-02,Rizespor,Buyuksehyr,1341.74,1474.35,4.0,4.0,4.0,5.0,3.0,2.0,H,2.0,2.0,D,19.0,16.0,7.0,9.0,10.0,13.0,6.0,5.0,2.0,3.0,0.0,0.0,2.4,3.33,2.91
T1,2023-12-02,Ad. Demirspor,Samsunspor,1550.15,1289.24,3.0,6.0,3.0,6.0,2.0,3.0,A,1.0,2.0,A,11.0,11.0,4.0,6.0,9.0,13.0,7.0,4.0,2.0,2.0,0.0,0.0,1.7,4.24,4.24
T1,2023-12-02,Pendikspor,Galatasaray,1319.69,1678.74,6.0,9.0,6.0,12.0,0.0,2.0,A,0.0,0.0,D,9.0,18.0,0.0,6.0,8.0,11.0,2.0,6.0,2.0,3.0,0.0,0.0,8.52,5.61,1.31
T1,2023-12-03,Kasimpasa,Gaziantep,1427.48,,0.0,6.0,6.0,9.0,4.0,2.0,H,3.0,0.0,H,24.0,15.0,7.0,4.0,19.0,13.0,5.0,6.0,5.0,5.0,1.0,0.0,2.21,3.52,3.1
T1,2023-12-03,Trabzonspor,Kayserispor,1534.1,1437.02,7.0,11.0,7.0,13.0,0.0,1.0,A,0.0,0.0,D,15.0,9.0,2.0,4.0,7.0,15.0,4.0,2.0,3.0,2.0,0.0,0.0,1.76,3.83,4.31
T1,2023-12-03,Ankaragucu,Besiktas,,1557.52,4.0,7.0,6.0,9.0,1.0,1.0,D,1.0,0.0,H,11.0,9.0,4.0,4.0,19.0,10.0,1.0,5.0,1.0,1.0,0.0,0.0,3.35,3.53,2.09
T1,2023-12-04,Fenerbahce,Sivasspor,1650.89,1408.81,4.0,10.0,2.0,5.0,4.0,1.0,H,2.0,0.0,H,8.0,9.0,5.0,3.0,18.0,12.0,4.0,2.0,1.0,1.0,0.0,0.0,1.22,6.5,11.01
T1,2023-12-08,Galatasaray,Ad. Demirspor,1678.74,1550.15,6.0,12.0,2.0,6.0,3.0,1.0,H,2.0,1.0,H,22.0,13.0,7.0,5.0,15.0,9.0,7.0,4.0,2.0,0.0,0.0,0.0,1.27,6.24,8.93
T1,2023-12-09,Antalyaspor,Karagumruk,1447.69,1470.85,5.0,11.0,6.0,8.0,2.0,1.0,H,2.0,1.0,H,2.0,11.0,2.0,2.0,15.0,17.0,2.0,4.0,4.0,7.0,1.0,0.0,1.84,3.6,4.14
T1,2023-12-09,Samsunspor,Kasimpasa,1289.24,1427.48,3.0,9.0,3.0,6.0,4.0,2.0,H,2.0,0.0,H,12.0,13.0,7.0,6.0,15.0,9.0,3.0,4.0,1.0,0.0,0.0,0.0,2.07,3.62,3.28
T1,2023-12-09,Besiktas,Fenerbahce,1557.52,1650.89,7.0,10.0,7.0,10.0,1.0,3.0,A,1.0,1.0,D,4.0,23.0,1.0,10.0,18.0,13.0,1.0,6.0,5.0,4.0,0.0,0.0,3.88,3.65,1.88
T1,2023-12-10,Istanbulspor,Alanyaspor,1326.83,1369.12,3.0,3.0,1.0,1.0,0.0,1.0,A,0.0,0.0,D,11.0,18.0,2.0,7.0,23.0,10.0,1.0,9.0,1.0,2.0,0.0,0.0,2.65,3.39,2.56
T1,2023-12-10,Buyuksehyr,Hatayspor,1474.35,1321.0,3.0,4.0,4.0,4.0,1.0,0.0,H,1.0,0.0,H,9.0,16.0,4.0,3.0,19.0,18.0,1.0,7.0,3.0,3.0,1.0,0.0,1.93,3.54,3.83
T1,2023-12-10,Kayserispor,Pendikspor,1437.02,1319.69,7.0,13.0,3.0,6.0,2.0,0.0,H,0.0,0.0,D,11.0,11.0,5.0,4.0,9.0,9.0,4.0,5.0,0.0,1.0,0.0,0.0,1.87,3.76,3.82
T1,2023-12-10,Gaziantep,Trabzonspor,,1534.1,3.0,6.0,4.0,8.0,1.0,3.0,A,0.0,0.0,D,8.0,20.0,4.0,11.0,6.0,11.0,2.0,3.0,1.0,2.0,0.0,0.0,3.02,3.33,2.32
T1,2023-12-11,Ankaragucu,Rizespor,,1341.74,4.0,8.0,7.0,7.0,1.0,1.0,D,1.0,0.0,H,15.0,13.0,7.0,2.0,11.0,19.0,2.0,1.0,4.0,6.0,1.0,1.0,2.06,3.45,3.46
T1,2023-12-11,Konyaspor,Sivasspor,1441.36,1408.81,4.0,5.0,1.0,5.0,0.0,1.0,A,0.0,1.0,A,13.0,10.0,1.0,3.0,8.0,13.0,7.0,2.0,3.0,4.0,0.0,0.0,2.12,3.43,3.33
T1,2023-12-19,Buyuksehyr,Sivasspor,1470.4,1418.42,6.0,7.0,4.0,5.0,3.0,1.0,H,1.0,1.0,D,15.0,7.0,6.0,4.0,22.0,11.0,3.0,1.0,1.0,2.0,0.0,0.0,2.21,3.38,3.19
T1,2023-12-19,Gaziantep,Ad. Demirspor,,1532.82,0.0,6.0,1.0,3.0,2.0,2.0,D,1.0,0.0,H,15.0,15.0,5.0,7.0,15.0,9.0,5.0,5.0,0.0,1.0,0.0,0.0,2.7,3.64,2.39
T1,2023-12-19,Istanbulspor,Trabzonspor,1315.28,1530.8,3.0,3.0,4.0,10.0,0.0,3.0,A,,,,,,,,,,,,,,,,5.64,4.27,1.54
T1,2023-12-20,Kayserispor,Fenerbahce,1456.59,1669.61,7.0,13.0,9.0,10.0,3.0,4.0,A,1.0,2.0,A,16.0,13.0,6.0,6.0,22.0,11.0,5.0,3.0,2.0,5.0,0.0,2.0,6.24,4.71,1.45
T1,2023-12-20,Antalyaspor,Kasimpasa,1455.64,1421.96,5.0,11.0,3.0,3.0,0.0,0.0,D,0.0,0.0,D,9.0,6.0,1.0,3.0,10.0,11.0,5.0,11.0,2.0,2.0,0.0,0.0,1.73,3.96,4.35
T1,2023-12-20,Galatasaray,Karagumruk,1681.74,1472.07,9.0,12.0,3.0,7.0,1.0,0.0,H,1.0,0.0,H,18.0,7.0,8.0,3.0,11.0,11.0,7.0,4.0,3.0,3.0,0.0,0.0,1.23,6.29,10.88
T1,2023-12-21,Rizespor,Pendikspor,1357.4,1314.36,5.0,8.0,0.0,6.0,5.0,1.0,H,3.0,1.0,H,8.0,12.0,5.0,5.0,9.0,11.0,5.0,6.0,2.0,3.0,0.0,1.0,1.9,3.7,3.74
T1,2023-12-21,Samsunspor,Konyaspor,1320.71,1433.06,6.0,9.0,4.0,5.0,1.0,1.0,D,0.0,1.0,A,8.0,12.0,3.0,2.0,18.0,11.0,4.0,8.0,3.0,0.0,0.0,0.0,2.03,3.52,3.48
T1,2023-12-21,Ankaragucu,Hatayspor,,1322.1,5.0,6.0,1.0,4.0,0.0,0.0,D,0.0,0.0,D,13.0,11.0,4.0,5.0,9.0,15.0,6.0,5.0,0.0,2.0,0.0,0.0,1.95,3.66,3.6
T1,2023-12-21,Besiktas,Alanyaspor,1558.47,1380.42,4.0,7.0,4.0,4.0,1.0,3.0,A,1.0,1.0,D,16.0,10.0,3.0,3.0,16.0,7.0,10.0,3.0,3.0,2.0,0.0,0.0,1.5,4.42,5.8
T1,2023-12-23,Sivasspor,Istanbulspor,1418.42,1315.28,3.0,4.0,0.0,3.0,1.0,0.0,H,0.0,0.0,D,16.0,6.0,6.0,0.0,7.0,12.0,9.0,7.0,0.0,2.0,0.0,0.0,1.66,3.97,4.75
T1,2023-12-23,Karagumruk,Gaziantep,1472.07,,3.0,6.0,1.0,4.0,0.0,3.0,A,0.0,1.0,A,9.0,7.0,3.0,3.0,15.0,9.0,2.0,3.0,3.0,1.0,0.0,0.0,1.99,3.48,3.66
T1,2023-12-23,Trabzonspor,Buyuksehyr,1530.8,1470.4,6.0,10.0,6.0,9.0,1.0,1.0,D,1.0,1.0,D,18.0,6.0,4.0,1.0,13.0,18.0,5.0,6.0,0.0,2.0,0.0,0.0,1.67,3.8,4.94
T1,2023-12-24,Konyaspor,Kayserispor,1433.06,1456.59,2.0,5.0,6.0,10.0,2.0,0.0,H,0.0,0.0,D,11.0,13.0,4.0,4.0,6.0,19.0,2.0,5.0,1.0,4.0,0.0,0.0,2.41,3.42,2.81
T1,2023-12-24,Ad. Demirspor,Antalyaspor,1532.82,1455.64,1.0,3.0,5.0,9.0,2.0,1.0,H,2.0,0.0,H,6.0,22.0,2.0,3.0,17.0,10.0,1.0,10.0,4.0,2.0,0.0,0.0,2.07,3.76,3.19
T1,2023-12-24,Fenerbahce,Galatasaray,1669.61,1681.74,9.0,13.0,9.0,12.0,0.0,0.0,D,0.0,0.0,D,6.0,8.0,0.0,1.0,19.0,26.0,2.0,6.0,3.0,4.0,0.0,0.0,2.17,3.68,3.02
T1,2023-12-25,Alanyaspor,Samsunspor,1380.42,1320.71,7.0,7.0,7.0,7.0,3.0,1.0,H,2.0,0.0,H,15.0,17.0,7.0,3.0,9.0,19.0,3.0,4.0,1.0,4.0,0.0,0.0,2.31,3.37,2.98
T1,2023-12-25,Kasimpasa,Rizespor,1421.96,1357.4,4.0,4.0,7.0,11.0,2.0,2.0,D,1.0,1.0,D,21.0,11.0,9.0,3.0,9.0,16.0,3.0,4.0,0.0,1.0,0.0,0.0,2.02,3.62,3.4
T1,2023-12-25,Hatayspor,Besiktas,1322.1,1558.47,2.0,5.0,1.0,7.0,1.0,2.0,A,0.0,1.0,A,7.0,15.0,2.0,7.0,11.0,9.0,5.0,8.0,1.0,1.0,0.0,0.0,3.14,3.57,2.14
T1,2023-12-25,Pendikspor,Ankaragucu,1314.36,,0.0,3.0,3.0,6.0,1.0,1.0,D,0.0,1.0,A,14.0,8.0,4.0,1.0,10.0,12.0,5.0,3.0,0.0,3.0,0.0,0.0,2.86,3.48,2.34
T1,2024-01-05,Gaziantep,Pendikspor,,1304.34,4.0,4.0,1.0,1.0,2.0,2.0,D,1.0,0.0,H,9.0,8.0,2.0,4.0,7.0,16.0,1.0,5.0,2.0,6.0,0.0,0.0,1.98,3.58,3.58
T1,2024-01-05,Antalyaspor,Alanyaspor,1448.26,1406.11,4.0,6.0,9.0,10.0,0.0,0.0,D,0.0,0.0,D,11.0,8.0,2.0,2.0,15.0,12.0,9.0,5.0,2.0,0.0,0.0,0.0,2.1,3.38,3.44
T1,2024-01-05,Besiktas,Kasimpasa,1543.65,1421.41,3.0,7.0,2.0,5.0,1.0,3.0,A,1.0,1.0,D,10.0,14.0,3.0,7.0,20.0,13.0,4.0,3.0,2.0,2.0,0.0,0.0,1.55,4.43,5.14
T1,2024-01-06,Rizespor,Hatayspor,1371.57,1321.62,5.0,9.0,1.0,2.0,2.0,0.0,H,1.0,0.0,H,10.0,16.0,3.0,0.0,11.0,10.0,3.0,4.0,0.0,2.0,0.0,0.0,2.08,3.51,3.35
T1,2024-01-06,Buyuksehyr,Ad. Demirspor,1481.22,1532.99,7.0,10.0,4.0,5.0,0.0,0.0,D,0.0,0.0,D,8.0,11.0,1.0,4.0,11.0,12.0,6.0,6.0,3.0,0.0,0.0,0.0,1.96,3.72,3.49
T1,2024-01-06,Ankaragucu,Trabzonspor,,1534.8,3.0,7.0,7.0,8.0,0.0,1.0,A,0.0,1.0,A,16.0,10.0,2.0,2.0,18.0,8.0,4.0,3.0,1.0,1.0,0.0,0.0,3.2,3.45,2.17
T1,2024-01-06,Samsunspor,Karagumruk,1315.58,1446.64,4.0,7.0,0.0,3.0,1.0,0.0,H,0.0,0.0,D,12.0,7.0,4.0,1.0,22.0,14.0,3.0,5.0,2.0,3.0,0.0,0.0,2.08,3.45,3.43
T1,2024-01-07,Kayserispor,Sivasspor,1442.27,1415.04,3.0,7.0,6.0,7.0,1.0,3.0,A,1.0,1.0,D,15.0,10.0,3.0,5.0,8.0,11.0,7.0,7.0,4.0,3.0,0.0,0.0,1.96,3.59,3.64
T1,2024-01-07,Istanbulspor,Fenerbahce,1303.84,1672.5,0.0,3.0,7.0,13.0,1.0,5.0,A,1.0,4.0,A,15.0,23.0,8.0,15.0,12.0,13.0,4.0,8.0,3.0,1.0,0.0,0.0,11.88,6.64,1.21
T1,2024-01-07,Galatasaray,Konyaspor,1685.47,1441.65,7.0,13.0,4.0,8.0,3.0,0.0,H,0.0,0.0,D,27.0,7.0,9.0,4.0,20.0,14.0,13.0,3.0,3.0,3.0,0.0,0.0,1.25,5.89,10.44
T1,2024-01-09,Alanyaspor,Ankaragucu,1406.11,,7.0,11.0,2.0,4.0,1.0,1.0,D,0.0,0.0,D,8.0,11.0,3.0,3.0,10.0,10.0,3.0,3.0,3.0,2.0,1.0,1.0,2.21,3.32,3.25
T1,2024-01-09,Pendikspor,Antalyaspor,1304.34,1448.26,2.0,2.0,2.0,6.0,0.0,1.0,A,0.0,1.0,A,14.0,12.0,3.0,2.0,10.0,16.0,5.0,7.0,2.0,4.0,0.0,0.0,2.91,3.41,2.35
T1,2024-01-09,Kasimpasa,Buyuksehyr,1421.41,1481.22,5.0,8.0,5.0,8.0,0.0,3.0,A,0.0,1.0,A,15.0,7.0,1.0,5.0,16.0,12.0,6.0,3.0,2.0,1.0,0.0,0.0,2.31,3.55,2.88
T1,2024-01-09,Rizespor,Besiktas,1371.57,1543.65,7.0,11.0,3.0,4.0,0.0,4.0,A,0.0,2.0,A,28.0,15.0,7.0,7.0,10.0,15.0,10.0,5.0,3.0,1.0,0.0,0.0,2.31,3.54,2.88
T1,2024-01-10,Hatayspor,Gaziantep,1321.62,,1.0,2.0,5.0,5.0,0.0,0.0,D,0.0,0.0,D,14.0,7.0,7.0,2.0,14.0,4.0,5.0,5.0,3.0,0.0,0.0,0.0,2.03,3.47,3.54
T1,2024-01-10,Karagumruk,Kayserispor,1446.64,1442.27,0.0,3.0,0.0,6.0,4.0,1.0,H,3.0,1.0,H,15.0,14.0,10.0,6.0,9.0,6.0,5.0,3.0,0.0,2.0,0.0,0.0,2.11,3.5,3.32
T1,2024-01-10,Ad. Demirspor,Istanbulspor,1532.99,1303.84,5.0,5.0,0.0,0.0,2.0,2.0,D,1.0,0.0,H,18.0,13.0,7.0,5.0,6.0,15.0,7.0,7.0,0.0,3.0,0.0,0.0,1.31,5.51,8.33
T1,2024-01-10,Fenerbahce,Konyaspor,1672.5,1441.65,7.0,13.0,4.0,5.0,7.0,1.0,H,5.0,0.0,H,17.0,6.0,11.0,1.0,14.0,8.0,7.0,0.0,1.0,2.0,0.0,0.0,1.21,6.41,12.27
T1,2024-01-11,Sivasspor,Galatasaray,1415.04,1685.47,6.0,9.0,7.0,13.0,1.0,1.0,D,0.0,1.0,A,14.0,21.0,5.0,8.0,9.0,21.0,4.0,8.0,0.0,3.0,0.0,1.0,6.45,4.54,1.45
T1,2024-01-11,Trabzonspor,Samsunspor,1534.8,1315.58,7.0,10.0,4.0,10.0,2.0,1.0,H,2.0,0.0,H,13.0,19.0,7.0,8.0,12.0,19.0,5.0,1.0,3.0,1.0,0.0,0.0,1.71,3.79,4.71
T1,2024-01-13,Ankaragucu,Kasimpasa,,1421.41,2.0,4.0,4.0,5.0,3.0,1.0,H,1.0,1.0,D,12.0,16.0,8.0,2.0,14.0,15.0,2.0,5.0,1.0,1.0,0.0,0.0,2.14,3.55,3.13
T1,2024-01-13,Hatayspor,Pendikspor,1321.62,1304.34,1.0,2.0,2.0,2.0,1.0,1.0,D,0.0,0.0,D,8.0,12.0,4.0,2.0,8.0,10.0,4.0,6.0,4.0,1.0,0.0,0.0,2.11,3.51,3.27
T1,2024-01-13,Buyuksehyr,Alanyaspor,1481.22,1406.11,5.0,11.0,5.0,11.0,3.0,2.0,H,2.0,1.0,H,11.0,13.0,6.0,3.0,19.0,12.0,4.0,3.0,1.0,1.0,0.0,0.0,1.91,3.48,3.98
T1,2024-01-13,Besiktas,Karagumruk,1543.65,1446.64,6.0,6.0,3.0,3.0,3.0,0.0,H,0.0,0.0,D,19.0,7.0,6.0,3.0,17.0,9.0,6.0,4.0,3.0,0.0,0.0,0.0,1.64,3.96,4.97
T1,2024-01-13,Rizespor,Ad. Demirspor,1371.57,1532.99,4.0,8.0,5.0,6.0,1.0,0.0,H,0.0,0.0,D,15.0,15.0,6.0,3.0,19.0,11.0,9.0,4.0,1.0,0.0,0.0,0.0,2.16,3.78,2.98
T1,2024-01-14,Istanbulspor,Konyaspor,1303.84,1441.65,1.0,1.0,3.0,4.0,0.0,0.0,D,0.0,0.0,D,19.0,8.0,7.0,1.0,14.0,7.0,8.0,3.0,2.0,1.0,0.0,0.0,3.39,3.53,2.06
T1,2024-01-14,Antalyaspor,Trabzonspor,1448.26,1534.8,4.0,8.0,7.0,13.0,1.0,1.0,D,0.0,1.0,A,14.0,4.0,3.0,2.0,17.0,9.0,6.0,2.0,1.0,0.0,0.0,0.0,2.89,3.39,2.37
T1,2024-01-14,Samsunspor,Sivasspor,1315.58,1415.04,3.0,7.0,7.0,10.0,2.0,0.0,H,2.0,0.0,H,16.0,6.0,10.0,2.0,22.0,10.0,5.0,2.0,5.0,0.0,1.0,1.0,2.19,3.33,3.28
T1,2024-01-14,Gaziantep,Fenerbahce,,1672.5,5.0,6.0,7.0,13.0,0.0,1.0,A,0.0,0.0,D,5.0,17.0,4.0,6.0,14.0,8.0,4.0,10.0,3.0,2.0,0.0,0.0,8.13,5.24,1.33
T1,2024-01-15,Galatasaray,Kayserispor,1683.81,1416.78,5.0,11.0,0.0,3.0,2.0,1.0,H,1.0,0.0,H,29.0,10.0,8.0,3.0,7.0,17.0,8.0,5.0,1.0,6.0,0.0,0.0,1.26,6.12,9.02
T1,2024-01-20,Kasimpasa,Hatayspor,1413.84,1311.0,3.0,5.0,2.0,3.0,3.0,0.0,H,0.0,0.0,D,16.0,5.0,4.0,2.0,5.0,10.0,5.0,7.0,1.0,2.0,0.0,0.0,1.94,3.73,3.59
T1,2024-01-20,Alanyaspor,Rizespor,1402.18,1378.74,2.0,8.0,6.0,10.0,2.0,1.0,H,0.0,0.0,D,23.0,17.0,5.0,3.0,9.0,9.0,8.0,4.0,4.0,0.0,0.0,0.0,2.29,3.42,2.98
T1,2024-01-20,Karagumruk,Buyuksehyr,1440.12,1500.21,3.0,3.0,7.0,11.0,1.0,1.0,D,0.0,1.0,A,14.0,16.0,5.0,6.0,16.0,13.0,4.0,3.0,3.0,2.0,1.0,0.0,2.28,3.35,3.06
T1,2024-01-20,Ad. Demirspor,Ankaragucu,1515.57,,2.0,6.0,4.0,6.0,1.0,1.0,D,0.0,0.0,D,12.0,9.0,4.0,3.0,11.0,13.0,6.0,5.0,0.0,1.0,0.0,0.0,2.08,3.49,3.38
T1,2024-01-20,Pendikspor,Besiktas,1302.62,1545.21,2.0,3.0,6.0,9.0,4.0,0.0,H,1.0,0.0,H,9.0,17.0,5.0,4.0,10.0,11.0,1.0,6.0,1.0,2.0,0.0,0.0,3.77,3.76,1.88
T1,2024-01-21,Sivasspor,Gaziantep,1421.41,,4.0,7.0,2.0,6.0,2.0,2.0,D,2.0,2.0,D,14.0,15.0,5.0,7.0,9.0,15.0,3.0,5.0,3.0,5.0,0.0,1.0,1.99,3.38,3.77
T1,2024-01-21,Fenerbahce,Samsunspor,1683.51,1336.38,9.0,13.0,6.0,7.0,1.0,1.0,D,1.0,0.0,H,21.0,6.0,7.0,4.0,7.0,14.0,8.0,1.0,1.0,3.0,0.0,0.0,1.21,6.58,12.04
T1,2024-01-21,Konyaspor,Antalyaspor,1430.65,1452.39,1.0,5.0,5.0,6.0,1.0,1.0,D,1.0,0.0,H,8.0,12.0,2.0,1.0,8.0,11.0,5.0,4.0,2.0,3.0,0.0,0.0,2.63,3.22,2.69
T1,2024-01-21,Trabzonspor,Galatasaray,1542.03,1683.81,7.0,11.0,7.0,11.0,1.0,5.0,A,0.0,1.0,A,16.0,16.0,1.0,10.0,14.0,17.0,11.0,6.0,1.0,4.0,0.0,0.0,3.68,3.82,1.89
T1,2024-01-22,Kayserispor,Istanbulspor,1416.78,1308.89,0.0,0.0,2.0,2.0,0.0,1.0,A,0.0,0.0,D,10.0,16.0,4.0,8.0,15.0,11.0,5.0,7.0,2.0,3.0,0.0,0.0,1.58,4.21,5.23
T1,2024-01-23,Hatayspor,Alanyaspor,1311.0,1402.18,2.0,2.0,4.0,8.0,1.0,1.0,D,1.0,0.0,H,4.0,18.0,1.0,3.0,17.0,4.0,3.0,5.0,4.0,2.0,0.0,0.0,2.29,3.31,3.07
T1,2024-01-23,Besiktas,Ad. Demirspor,1545.21,1515.57,6.0,9.0,2.0,6.0,0.0,0.0,D,0.0,0.0,D,20.0,6.0,7.0,0.0,13.0,10.0,8.0,2.0,4.0,4.0,0.0,1.0,1.75,3.92,4.18
T1,2024-01-23,Pendikspor,Kasimpasa,1302.62,1413.84,4.0,6.0,3.0,7.0,3.0,2.0,H,2.0,2.0,D,11.0,8.0,5.0,3.0,12.0,10.0,6.0,2.0,2.0,2.0,0.0,0.0,2.5,3.59,2.59
T1,2024-01-24,Ankaragucu,Karagumruk,,1440.12,5.0,6.0,4.0,4.0,2.0,0.0,H,1.0,0.0,H,8.0,11.0,5.0,4.0,14.0,9.0,2.0,9.0,1.0,3.0,0.0,0.0,2.27,3.16,3.25
T1,2024-01-24,Gaziantep,Konyaspor,,1430.65,2.0,6.0,2.0,5.0,1.0,1.0,D,1.0,1.0,D,8.0,7.0,1.0,4.0,19.0,13.0,3.0,5.0,2.0,2.0,0.0,0.0,2.19,3.38,3.22
T1,2024-01-24,Antalyaspor,Sivasspor,1452.39,1421.41,5.0,6.0,2.0,8.0,2.0,1.0,H,2.0,1.0,H,24.0,8.0,12.0,4.0,10.0,15.0,8.0,6.0,2.0,1.0,0.0,0.0,1.73,3.61,4.81
T1,2024-01-24,Buyuksehyr,Fenerbahce,1500.21,1683.51,7.0,9.0,7.0,11.0,0.0,1.0,A,0.0,0.0,D,4.0,31.0,1.0,9.0,16.0,14.0,1.0,7.0,9.0,4.0,2.0,0.0,5.57,4.17,1.55
T1,2024-01-25,Samsunspor,Kayserispor,1336.38,1416.78,4.0,7.0,0.0,0.0,2.0,0.0,H,1.0,0.0,H,11.0,8.0,5.0,2.0,3.0,12.0,3.0,5.0,0.0,0.0,0.0,0.0,2.01,3.59,3.43
T1,2024-01-25,Galatasaray,Istanbulspor,1683.81,1308.89,7.0,11.0,5.0,5.0,3.0,1.0,H,1.0,1.0,D,16.0,6.0,4.0,2.0,11.0,22.0,3.0,2.0,2.0,5.0,0.0,1.0,1.12,8.79,17.56
T1,2024-01-25,Rizespor,Trabzonspor,1378.74,1542.03,3.0,7.0,4.0,8.0,1.0,0.0,H,0.0,0.0,D,15.0,10.0,5.0,3.0,21.0,12.0,3.0,3.0,3.0,1.0,0.0,0.0,2.68,3.4,2.52
T1,2024-01-27,Alanyaspor,Pendikspor,1402.18,1302.62,4.0,6.0,7.0,8.0,1.0,1.0,D,0.0,0.0,D,8.0,10.0,2.0,3.0,9.0,15.0,5.0,5.0,2.0,1.0,0.0,0.0,1.85,3.7,3.87
T1,2024-01-27,Ad. Demirspor,Hatayspor,1515.57,1311.0,2.0,4.0,2.0,3.0,0.0,1.0,A,0.0,1.0,A,13.0,4.0,0.0,2.0,12.0,24.0,5.0,3.0,5.0,4.0,1.0,0.0,1.93,3.66,3.62
T1,2024-01-28,Konyaspor,Buyuksehyr,1430.65,1500.21,3.0,3.0,4.0,8.0,2.0,3.0,A,2.0,0.0,H,12.0,15.0,3.0,5.0,6.0,12.0,1.0,4.0,3.0,2.0,0.0,0.0,2.4,3.29,2.9
T1,2024-01-28,Karagumruk,Rizespor,1440.12,1378.74,1.0,4.0,6.0,9.0,4.0,0.0,H,1.0,0.0,H,17.0,5.0,5.0,3.0,13.0,15.0,5.0,7.0,2.0,2.0,0.0,0.0,2.4,3.41,2.81
T1,2024-01-28,Sivasspor,Besiktas,1421.41,1545.21,1.0,5.0,4.0,7.0,1.0,0.0,H,1.0,0.0,H,8.0,14.0,4.0,3.0,22.0,9.0,3.0,10.0,6.0,4.0,0.0,0.0,3.53,3.65,1.97
T1,2024-01-28,Fenerbahce,Ankaragucu,1683.51,,7.0,13.0,7.0,8.0,2.0,1.0,H,2.0,1.0,H,22.0,4.0,10.0,2.0,17.0,13.0,9.0,0.0,0.0,0.0,0.0,0.0,1.18,7.06,13.66
T1,2024-01-29,Istanbulspor,Samsunspor,1308.89,1336.38,4.0,5.0,7.0,10.0,1.0,1.0,D,0.0,0.0,D,9.0,12.0,5.0,3.0,15.0,13.0,4.0,4.0,3.0,1.0,0.0,0.0,3.31,3.47,2.08
T1,2024-01-29,Kayserispor,Antalyaspor,1416.78,1452.39,0.0,0.0,5.0,9.0,1.0,1.0,D,0.0,1.0,A,15.0,13.0,5.0,3.0,13.0,12.0,6.0,7.0,2.0,1.0,0.0,0.0,2.89,3.41,2.32
T1,2024-01-29,Galatasaray,Gaziantep,1683.81,,9.0,13.0,2.0,4.0,2.0,1.0,H,0.0,1.0,A,33.0,6.0,9.0,4.0,7.0,10.0,13.0,2.0,1.0,5.0,0.0,0.0,1.17,7.11,13.15
T1,2024-01-29,Trabzonspor,Kasimpasa,1542.03,1413.84,1.0,7.0,3.0,6.0,2.0,3.0,A,1.0,0.0,H,21.0,15.0,8.0,6.0,15.0,11.0,7.0,3.0,1.0,2.0,0.0,0.0,1.67,4.01,4.54
T1,2024-02-02,Ankaragucu,Sivasspor,,1420.66,4.0,8.0,4.0,5.0,0.0,0.0,D,0.0,0.0,D,10.0,9.0,2.0,5.0,7.0,10.0,7.0,1.0,2.0,2.0,0.0,0.0,1.97,3.38,3.87
T1,2024-02-02,Hatayspor,Karagumruk,1319.42,1440.55,4.0,6.0,4.0,7.0,3.0,1.0,H,1.0,0.0,H,5.0,18.0,3.0,4.0,14.0,7.0,4.0,5.0,0.0,2.0,0.0,0.0,2.79,3.11,2.6
T1,2024-02-02,Samsunspor,Galatasaray,1356.63,1699.65,5.0,8.0,9.0,13.0,0.0,2.0,A,0.0,2.0,A,17.0,16.0,5.0,5.0,14.0,5.0,4.0,4.0,2.0,1.0,0.0,0.0,4.68,4.03,1.66
T1,2024-02-03,Rizespor,Konyaspor,1372.62,1420.39,3.0,6.0,2.0,3.0,0.0,0.0,D,0.0,0.0,D,24.0,19.0,3.0,6.0,9.0,10.0,12.0,4.0,1.0,1.0,0.0,0.0,1.91,3.5,3.94
T1,2024-02-03,Buyuksehyr,Istanbulspor,1503.05,1318.97,4.0,10.0,4.0,6.0,2.0,0.0,H,1.0,0.0,H,22.0,7.0,9.0,3.0,8.0,9.0,8.0,3.0,1.0,1.0,0.0,0.0,1.52,4.25,6.0
T1,2024-02-03,Antalyaspor,Fenerbahce,1458.93,1682.11,5.0,9.0,7.0,13.0,0.0,2.0,A,0.0,1.0,A,16.0,14.0,5.0,7.0,13.0,17.0,6.0,7.0,1.0,0.0,0.0,0.0,5.5,4.11,1.56
T1,2024-02-03,Gaziantep,Kayserispor,,1391.74,2.0,3.0,1.0,1.0,1.0,1.0,D,0.0,1.0,A,12.0,15.0,3.0,4.0,10.0,12.0,9.0,4.0,2.0,4.0,0.0,0.0,2.16,3.44,3.23
T1,2024-02-04,Pendikspor,Ad. Demirspor,1340.44,1498.73,7.0,8.0,2.0,3.0,2.0,1.0,H,2.0,0.0,H,16.0,16.0,5.0,6.0,20.0,7.0,7.0,6.0,3.0,1.0,1.0,0.0,2.23,3.57,2.96
T1,2024-02-04,Kasimpasa,Alanyaspor,1424.11,1403.2,6.0,6.0,5.0,6.0,2.0,1.0,H,1.0,1.0,D,19.0,7.0,7.0,3.0,10.0,8.0,7.0,9.0,0.0,4.0,0.0,0.0,2.31,3.62,2.81
T1,2024-02-04,Besiktas,Trabzonspor,1508.81,1507.68,1.0,7.0,0.0,4.0,2.0,0.0,H,1.0,0.0,H,9.0,13.0,3.0,2.0,22.0,11.0,6.0,6.0,3.0,0.0,0.0,0.0,1.95,3.54,3.72
T1,2024-02-09,Ad. Demirspor,Kasimpasa,1498.73,1424.11,1.0,2.0,6.0,9.0,1.0,3.0,A,0.0,2.0,A,23.0,13.0,4.0,7.0,15.0,11.0,7.0,4.0,5.0,3.0,0.0,0.0,2.24,3.72,2.89
T1,2024-02-10,Karagumruk,Pendikspor,1440.55,1340.44,3.0,4.0,7.0,11.0,2.0,0.0,H,1.0,0.0,H,12.0,8.0,6.0,1.0,11.0,17.0,6.0,9.0,1.0,0.0,0.0,0.0,2.21,3.43,3.13
T1,2024-02-10,Galatasaray,Buyuksehyr,1699.65,1503.05,9.0,15.0,6.0,10.0,2.0,0.0,H,2.0,0.0,H,18.0,9.0,7.0,1.0,13.0,11.0,7.0,3.0,2.0,2.0,0.0,0.0,1.28,5.53,9.55
T1,2024-02-11,Sivasspor,Rizespor,1420.66,1372.62,4.0,5.0,4.0,7.0,1.0,0.0,H,1.0,0.0,H,7.0,17.0,2.0,5.0,15.0,10.0,0.0,6.0,1.0,1.0,0.0,0.0,2.36,3.39,2.9
T1,2024-02-11,Istanbulspor,Gaziantep,1318.97,,1.0,5.0,2.0,3.0,1.0,3.0,A,1.0,1.0,D,3.0,8.0,1.0,5.0,14.0,12.0,3.0,3.0,4.0,2.0,1.0,0.0,2.8,3.3,2.47
T1,2024-02-11,Konyaspor,Ankaragucu,1420.39,,2.0,4.0,4.0,8.0,1.0,0.0,H,1.0,0.0,H,14.0,9.0,1.0,1.0,15.0,6.0,4.0,2.0,3.0,1.0,0.0,0.0,2.57,3.13,2.82
T1,2024-02-11,Fenerbahce,Alanyaspor,1682.11,1403.2,9.0,13.0,2.0,5.0,2.0,2.0,D,0.0,1.0,A,21.0,5.0,8.0,3.0,10.0,20.0,9.0,0.0,3.0,5.0,0.0,0.0,1.2,6.71,12.05
T1,2024-02-12,Trabzonspor,Hatayspor,1507.68,1319.42,0.0,1.0,7.0,8.0,2.0,0.0,H,0.0,0.0,D,23.0,11.0,11.0,2.0,10.0,9.0,10.0,5.0,2.0,1.0,0.0,0.0,1.73,3.66,4.66
T1,2024-02-12,Kayserispor,Besiktas,1391.74,1508.81,2.0,2.0,4.0,7.0,0.0,0.0,D,0.0,0.0,D,14.0,6.0,4.0,1.0,17.0,9.0,7.0,3.0,3.0,0.0,0.0,0.0,3.48,3.63,1.99
T1,2024-02-12,Samsunspor,Antalyaspor,1356.63,1458.93,4.0,8.0,4.0,6.0,2.0,0.0,H,0.0,0.0,D,11.0,11.0,6.0,2.0,18.0,8.0,3.0,2.0,2.0,2.0,0.0,0.0,2.38,3.25,2.97
T1,2024-02-16,Kasimpasa,Karagumruk,1445.22,1433.8,9.0,12.0,6.0,7.0,1.0,1.0,D,1.0,1.0,D,7.0,16.0,4.0,5.0,17.0,12.0,3.0,11.0,2.0,1.0,0.0,0.0,2.51,3.6,2.59
T1,2024-02-17,Antalyaspor,Istanbulspor,1440.11,1301.72,1.0,5.0,1.0,4.0,2.0,2.0,D,2.0,0.0,H,14.0,12.0,5.0,8.0,11.0,16.0,6.0,6.0,2.0,2.0,0.0,0.0,1.47,4.36,6.59
T1,2024-02-17,Hatayspor,Sivasspor,1328.47,1427.49,6.0,7.0,7.0,8.0,1.0,1.0,D,0.0,1.0,A,15.0,4.0,6.0,2.0,14.0,10.0,6.0,2.0,1.0,1.0,0.0,0.0,2.27,3.3,3.12
T1,2024-02-17,Rizespor,Fenerbahce,1366.96,1680.24,1.0,4.0,7.0,11.0,1.0,3.0,A,1.0,0.0,H,8.0,13.0,4.0,5.0,16.0,18.0,3.0,6.0,4.0,2.0,0.0,0.0,6.32,4.62,1.45
T1,2024-02-18,Alanyaspor,Ad. Demirspor,1405.06,1472.84,2.0,6.0,0.0,2.0,3.0,3.0,D,2.0,0.0,H,8.0,19.0,6.0,9.0,12.0,15.0,3.0,6.0,4.0,1.0,0.0,0.0,1.99,3.58,3.56
T1,2024-02-18,Gaziantep,Samsunspor,,1366.45,4.0,6.0,4.0,8.0,1.0,1.0,D,0.0,0.0,D,12.0,10.0,2.0,5.0,13.0,17.0,2.0,4.0,3.0,3.0,0.0,0.0,2.5,3.24,2.82
T1,2024-02-18,Pendikspor,Trabzonspor,1344.45,1502.83,4.0,10.0,3.0,3.0,0.0,2.0,A,0.0,0.0,D,7.0,11.0,1.0,3.0,12.0,12.0,4.0,6.0,0.0,1.0,0.0,0.0,3.13,3.54,2.17
T1,2024-02-18,Ankaragucu,Galatasaray,,1706.66,1.0,5.0,9.0,15.0,0.0,3.0,A,0.0,3.0,A,8.0,24.0,3.0,10.0,6.0,14.0,3.0,16.0,1.0,1.0,0.0,0.0,6.16,4.37,1.48
T1,2024-02-19,Besiktas,Konyaspor,1516.05,1427.14,4.0,5.0,4.0,6.0,2.0,0.0,H,0.0,0.0,D,19.0,4.0,6.0,2.0,8.0,8.0,6.0,4.0,2.0,0.0,0.0,0.0,1.55,4.16,5.55
T1,2024-02-19,Buyuksehyr,Kayserispor,1503.3,1393.55,6.0,7.0,3.0,3.0,2.0,3.0,A,0.0,2.0,A,18.0,14.0,8.0,7.0,7.0,26.0,7.0,3.0,2.0,4.0,0.0,0.0,1.74,3.7,4.54
T1,2024-02-23,Samsunspor,Rizespor,1366.45,1366.96,4.0,8.0,1.0,4.0,3.0,0.0,H,1.0,0.0,H,15.0,11.0,3.0,4.0,19.0,8.0,2.0,8.0,2.0,1.0,0.0,0.0,1.91,3.51,3.92
T1,2024-02-24,Kayserispor,Ankaragucu,1393.55,,5.0,6.0,1.0,4.0,3.0,2.0,H,0.0,2.0,A,10.0,9.0,4.0,5.0,10.0,13.0,4.0,3.0,4.0,3.0,0.0,0.0,2.24,3.38,3.1
T1,2024-02-24,Gaziantep,Buyuksehyr,,1503.3,5.0,6.0,3.0,6.0,0.0,2.0,A,0.0,0.0,D,13.0,4.0,6.0,4.0,13.0,12.0,5.0,0.0,1.0,3.0,0.0,0.0,2.7,3.2,2.62
T1,2024-02-24,Fenerbahce,Kasimpasa,1680.24,1445.22,7.0,13.0,7.0,10.0,2.0,1.0,H,0.0,0.0,D,18.0,10.0,5.0,2.0,10.0,23.0,4.0,3.0,2.0,3.0,0.0,0.0,1.19,7.47,11.52
T1,2024-02-24,Konyaspor,Hatayspor,1427.14,1328.47,4.0,5.0,4.0,8.0,2.0,0.0,H,0.0,0.0,D,13.0,7.0,4.0,4.0,8.0,15.0,4.0,3.0,6.0,3.0,0.0,0.0,2.28,3.22,3.18
T1,2024-02-25,Sivasspor,Pendikspor,1427.49,1344.45,5.0,8.0,3.0,7.0,4.0,1.0,H,1.0,1.0,D,12.0,12.0,5.0,6.0,10.0,14.0,3.0,3.0,2.0,4.0,0.0,0.0,2.13,3.43,3.3
T1,2024-02-25,Karagumruk,Alanyaspor,1433.8,1405.06,4.0,7.0,2.0,4.0,1.0,1.0,D,1.0,0.0,H,6.0,19.0,1.0,3.0,10.0,14.0,1.0,11.0,3.0,2.0,1.0,0.0,1.92,3.43,3.98
T1,2024-02-25,Trabzonspor,Ad. Demirspor,1502.83,1472.84,6.0,6.0,1.0,2.0,1.0,0.0,H,1.0,0.0,H,19.0,12.0,7.0,3.0,16.0,16.0,4.0,5.0,2.0,3.0,0.0,1.0,1.74,3.81,4.41
T1,2024-02-25,Istanbulspor,Besiktas,1301.72,1516.05,1.0,2.0,7.0,8.0,0.0,2.0,A,0.0,1.0,A,14.0,15.0,6.0,6.0,9.0,16.0,4.0,7.0,1.0,3.0,0.0,0.0,5.6,4.26,1.53
T1,2024-02-26,Galatasaray,Antalyaspor,1706.66,1440.11,9.0,15.0,1.0,5.0,2.0,1.0,H,2.0,1.0,H,14.0,15.0,8.0,4.0,14.0,14.0,5.0,6.0,2.0,4.0,0.0,0.0,1.3,5.56,8.57
T1,2024-03-01,Kasimpasa,Sivasspor,1434.21,1427.05,4.0,10.0,7.0,11.0,0.0,0.0,D,0.0,0.0,D,17.0,7.0,3.0,3.0,16.0,10.0,5.0,1.0,2.0,1.0,0.0,0.0,2.06,3.55,3.4
T1,2024-03-02,Ankaragucu,Istanbulspor,,1293.88,0.0,1.0,1.0,2.0,1.0,1.0,D,0.0,1.0,A,15.0,14.0,5.0,6.0,4.0,12.0,10.0,2.0,3.0,4.0,1.0,1.0,1.44,4.32,7.14
T1,2024-03-02,Rizespor,Kayserispor,1344.86,1405.41,0.0,1.0,7.0,9.0,3.0,0.0,H,0.0,0.0,D,21.0,14.0,8.0,6.0,11.0,13.0,3.0,2.0,1.0,3.0,0.0,0.0,1.99,3.54,3.6
T1,2024-03-02,Hatayspor,Fenerbahce,1316.33,1679.0,1.0,7.0,7.0,13.0,0.0,2.0,A,0.0,2.0,A,10.0,14.0,1.0,6.0,14.0,14.0,3.0,4.0,1.0,5.0,0.0,0.0,8.99,5.36,1.31
T1,2024-03-03,Buyuksehyr,Samsunspor,1492.18,1371.91,3.0,9.0,7.0,8.0,1.0,0.0,H,0.0,0.0,D,10.0,8.0,6.0,2.0,6.0,13.0,5.0,5.0,0.0,3.0,0.0,1.0,2.26,3.37,3.08
T1,2024-03-03,Pendikspor,Konyaspor,1322.12,1420.12,0.0,4.0,6.0,7.0,0.0,2.0,A,0.0,1.0,A,9.0,13.0,0.0,5.0,16.0,20.0,4.0,4.0,5.0,5.0,0.0,0.0,2.17,3.49,3.17
T1,2024-03-03,Besiktas,Galatasaray,1521.45,1689.68,7.0,10.0,9.0,15.0,0.0,1.0,A,0.0,1.0,A,12.0,13.0,3.0,3.0,7.0,14.0,4.0,11.0,2.0,0.0,1.0,0.0,3.46,3.8,1.95
T1,2024-03-04,Ad. Demirspor,Karagumruk,1460.19,1426.33,1.0,1.0,5.0,8.0,1.0,0.0,H,1.0,0.0,H,13.0,12.0,5.0,1.0,17.0,12.0,7.0,7.0,4.0,4.0,0.0,1.0,2.22,3.52,3.03
T1,2024-03-04,Alanyaspor,Trabzonspor,1400.86,1509.09,3.0,4.0,9.0,9.0,3.0,1.0,H,2.0,0.0,H,11.0,24.0,5.0,7.0,17.0,8.0,1.0,9.0,3.0,0.0,0.0,0.0,2.85,3.46,2.36
T1,2024-03-04,Antalyaspor,Gaziantep,1426.07,,1.0,2.0,4.0,5.0,1.0,0.0,H,1.0,0.0,H,20.0,8.0,10.0,3.0,12.0,11.0,11.0,5.0,1.0,2.0,0.0,0.0,1.83,3.67,4.05
T1,2024-03-08,Galatasaray,Rizespor,1689.68,1344.86,9.0,15.0,3.0,4.0,6.0,2.0,H,4.0,1.0,H,14.0,10.0,10.0,4.0,18.0,13.0,3.0,3.0,1.0,1.0,0.0,0.0,1.25,6.27,9.84
T1,2024-03-09,Sivasspor,Alanyaspor,1427.05,1400.86,5.0,9.0,5.0,6.0,1.0,2.0,A,0.0,0.0,D,16.0,5.0,5.0,4.0,9.0,17.0,5.0,4.0,3.0,2.0,0.0,0.0,2.47,3.37,2.8
T1,2024-03-09,Konyaspor,Ad. Demirspor,1420.12,1460.19,6.0,10.0,4.0,4.0,2.0,2.0,D,2.0,1.0,H,13.0,13.0,5.0,3.0,12.0,12.0,3.0,6.0,0.0,3.0,0.0,0.0,2.42,3.36,2.87
T1,2024-03-09,Buyuksehyr,Antalyaspor,1492.18,1426.07,6.0,9.0,4.0,4.0,1.0,0.0,H,0.0,0.0,D,12.0,9.0,4.0,0.0,11.0,10.0,10.0,3.0,1.0,1.0,0.0,0.0,2.23,3.35,3.19
T1,2024-03-09,Trabzonspor,Karagumruk,1509.09,1426.33,6.0,9.0,2.0,5.0,5.0,1.0,H,1.0,1.0,D,27.0,6.0,12.0,2.0,10.0,13.0,8.0,2.0,0.0,3.0,0.0,0.0,1.76,3.7,4.44
T1,2024-03-10,Kayserispor,Hatayspor,1405.41,1316.33,6.0,8.0,1.0,4.0,1.0,1.0,D,1.0,1.0,D,18.0,5.0,3.0,1.0,10.0,13.0,3.0,2.0,3.0,3.0,1.0,0.0,1.94,3.56,3.72
T1,2024-03-10,Istanbulspor,Kasimpasa,1293.88,1434.21,2.0,2.0,2.0,8.0,1.0,2.0,A,1.0,0.0,H,8.0,24.0,2.0,9.0,10.0,6.0,4.0,9.0,2.0,0.0,0.0,0.0,4.07,3.83,1.8
T1,2024-03-10,Samsunspor,Ankaragucu,1371.91,,4.0,7.0,1.0,2.0,2.0,1.0,H,1.0,1.0,D,22.0,7.0,4.0,2.0,13.0,14.0,2.0,2.0,1.0,3.0,0.0,0.0,2.0,3.27,3.93
T1,2024-03-10,Fenerbahce,Pendikspor,1679.0,1322.12,9.0,13.0,0.0,3.0,4.0,1.0,H,0.0,1.0,A,20.0,4.0,7.0,1.0,15.0,29.0,8.0,1.0,7.0,8.0,0.0,2.0,1.17,7.65,13.13
T1,2024-03-11,Gaziantep,Besiktas,,1521.45,1.0,5.0,6.0,10.0,2.0,0.0,H,1.0,0.0,H,8.0,13.0,4.0,5.0,10.0,12.0,2.0,3.0,3.0,3.0,0.0,0.0,3.67,3.55,1.97
T1,2024-03-15,Karagumruk,Konyaspor,1417.88,1435.75,1.0,5.0,7.0,10.0,1.0,1.0,D,0.0,1.0,A,11.0,11.0,5.0,4.0,12.0,11.0,9.0,4.0,2.0,0.0,0.0,0.0,1.97,3.27,4.04
T1,2024-03-15,Pendikspor,Istanbulspor,1316.97,1298.36,0.0,0.0,1.0,2.0,1.0,0.0,H,0.0,0.0,D,19.0,3.0,5.0,1.0,12.0,20.0,6.0,2.0,1.0,6.0,0.0,1.0,1.59,4.22,5.13
T1,2024-03-16,Alanyaspor,Kayserispor,1430.07,1394.02,7.0,9.0,4.0,8.0,1.0,0.0,H,0.0,0.0,D,8.0,13.0,3.0,3.0,11.0,18.0,0.0,3.0,1.0,3.0,0.0,0.0,2.1,3.44,3.42
T1,2024-03-16,Ankaragucu,Buyuksehyr,,1507.45,1.0,1.0,9.0,9.0,2.0,1.0,H,0.0,0.0,D,13.0,12.0,6.0,4.0,10.0,10.0,1.0,2.0,0.0,2.0,0.0,0.0,2.46,3.14,2.97
T1,2024-03-16,Ad. Demirspor,Sivasspor,1472.89,1425.36,4.0,5.0,4.0,8.0,4.0,1.0,H,1.0,0.0,H,13.0,6.0,7.0,2.0,11.0,13.0,3.0,6.0,3.0,2.0,1.0,0.0,1.81,3.49,4.53
T1,2024-03-16,Besiktas,Antalyaspor,1506.31,1431.68,3.0,7.0,3.0,4.0,1.0,2.0,A,0.0,2.0,A,20.0,10.0,7.0,2.0,11.0,14.0,8.0,5.0,2.0,3.0,0.0,0.0,1.91,3.52,3.95
T1,2024-03-17,Rizespor,Gaziantep,1362.71,,3.0,3.0,3.0,7.0,3.0,1.0,H,0.0,0.0,D,10.0,14.0,6.0,8.0,14.0,10.0,6.0,8.0,1.0,2.0,0.0,0.0,1.81,3.58,4.37
T1,2024-03-17,Hatayspor,Samsunspor,1323.73,1381.29,1.0,2.0,6.0,10.0,3.0,0.0,H,1.0,0.0,H,9.0,12.0,3.0,2.0,13.0,9.0,0.0,7.0,4.0,1.0,0.0,0.0,2.94,3.22,2.44
T1,2024-03-17,Kasimpasa,Galatasaray,1444.69,1703.79,4.0,8.0,9.0,15.0,3.0,4.0,A,1.0,1.0,D,16.0,12.0,5.0,6.0,12.0,8.0,2.0,4.0,4.0,1.0,1.0,0.0,6.03,4.85,1.45
T1,2024-03-17,Trabzonspor,Fenerbahce,1511.78,1704.91,6.0,12.0,9.0,13.0,2.0,3.0,A,0.0,2.0,A,7.0,7.0,3.0,5.0,13.0,18.0,10.0,2.0,5.0,3.0,0.0,0.0,4.56,3.92,1.7
T1,2024-04-02,Istanbulspor,Rizespor,1292.42,1371.2,1.0,2.0,6.0,6.0,0.0,4.0,A,0.0,2.0,A,7.0,20.0,3.0,11.0,10.0,13.0,2.0,6.0,4.0,2.0,0.0,0.0,4.27,3.82,1.77
T1,2024-04-02,Antalyaspor,Ankaragucu,1443.38,,6.0,7.0,4.0,4.0,1.0,1.0,D,1.0,0.0,H,6.0,16.0,2.0,6.0,6.0,12.0,3.0,9.0,1.0,1.0,0.0,0.0,1.92,3.45,4.01
T1,2024-04-02,Galatasaray,Hatayspor,1707.27,1337.47,9.0,15.0,4.0,5.0,1.0,0.0,H,1.0,0.0,H,17.0,9.0,2.0,2.0,16.0,8.0,8.0,5.0,2.0,2.0,0.0,0.0,1.17,7.49,14.24
T1,2024-04-02,Gaziantep,Alanyaspor,,1435.48,3.0,4.0,9.0,11.0,0.0,3.0,A,0.0,2.0,A,20.0,13.0,4.0,7.0,10.0,10.0,7.0,3.0,0.0,2.0,0.0,0.0,2.21,3.3,3.26
T1,2024-04-03,Sivasspor,Karagumruk,1416.27,1416.56,1.0,5.0,1.0,3.0,1.0,0.0,H,0.0,0.0,D,15.0,18.0,6.0,6.0,12.0,13.0,6.0,7.0,1.0,4.0,0.0,0.0,2.55,3.2,2.81
T1,2024-04-03,Fenerbahce,Ad. Demirspor,1709.62,1481.99,9.0,15.0,7.0,8.0,4.0,2.0,H,1.0,1.0,D,22.0,13.0,4.0,6.0,17.0,11.0,4.0,2.0,2.0,1.0,0.0,0.0,1.26,6.13,9.63
T1,2024-04-03,Kayserispor,Kasimpasa,1388.61,1441.21,1.0,7.0,4.0,5.0,0.0,2.0,A,0.0,1.0,A,14.0,12.0,3.0,3.0,14.0,5.0,6.0,4.0,3.0,2.0,1.0,0.0,2.14,3.7,3.06
T1,2024-04-03,Konyaspor,Trabzonspor,1437.06,1507.07,5.0,8.0,3.0,9.0,1.0,3.0,A,0.0,1.0,A,14.0,7.0,5.0,3.0,11.0,10.0,6.0,4.0,3.0,3.0,0.0,0.0,3.49,3.37,2.09
T1,2024-04-04,Buyuksehyr,Besiktas,1497.82,1494.61,6.0,9.0,0.0,6.0,1.0,1.0,D,0.0,1.0,A,19.0,7.0,4.0,2.0,14.0,25.0,9.0,4.0,3.0,3.0,0.0,0.0,2.48,3.31,2.8
T1,2024-04-04,Samsunspor,Pendikspor,1367.55,1322.91,3.0,7.0,3.0,3.0,0.0,0.0,D,0.0,0.0,D,6.0,12.0,2.0,4.0,12.0,7.0,10.0,9.0,1.0,2.0,0.0,0.0,1.83,3.65,4.04
T1,2024-04-12,Trabzonspor,Sivasspor,1507.07,1416.27,6.0,9.0,3.0,7.0,0.0,1.0,A,0.0,0.0,D,22.0,10.0,5.0,5.0,14.0,11.0,14.0,4.0,3.0,3.0,0.0,0.0,1.44,4.41,6.98
T1,2024-04-13,Kasimpasa,Konyaspor,1441.21,1437.06,6.0,7.0,2.0,8.0,0.0,2.0,A,0.0,1.0,A,5.0,4.0,0.0,2.0,15.0,14.0,5.0,5.0,3.0,4.0,0.0,0.0,2.08,3.52,3.39
T1,2024-04-13,Ankaragucu,Gaziantep,,,4.0,5.0,3.0,3.0,3.0,1.0,H,1.0,1.0,D,12.0,7.0,7.0,2.0,12.0,7.0,5.0,6.0,1.0,1.0,0.0,0.0,1.87,3.46,4.22
T1,2024-04-13,Ad. Demirspor,Kayserispor,1481.99,1388.61,4.0,7.0,1.0,4.0,0.0,0.0,D,0.0,0.0,D,27.0,13.0,6.0,4.0,6.0,12.0,9.0,2.0,0.0,1.0,0.0,0.0,1.94,3.68,3.65
T1,2024-04-13,Besiktas,Samsunspor,1494.61,1367.55,1.0,4.0,4.0,7.0,1.0,1.0,D,1.0,0.0,H,17.0,11.0,4.0,3.0,14.0,17.0,0.0,2.0,1.0,2.0,0.0,0.0,1.76,3.69,4.49
T1,2024-04-14,Pendikspor,Buyuksehyr,1322.91,1497.82,4.0,4.0,4.0,10.0,2.0,3.0,A,1.0,1.0,D,14.0,12.0,8.0,5.0,8.0,13.0,6.0,4.0,4.0,1.0,1.0,0.0,2.57,3.35,2.68
T1,2024-04-14,Hatayspor,Istanbulspor,1337.47,1292.42,4.0,4.0,0.0,1.0,0.0,3.0,A,0.0,0.0,D,12.0,15.0,2.0,7.0,17.0,9.0,4.0,7.0,2.0,0.0,0.0,0.0,1.44,4.47,7.03
T1,2024-04-14,Rizespor,Antalyaspor,1371.2,1443.38,6.0,9.0,4.0,7.0,3.0,0.0,H,1.0,0.0,H,14.0,14.0,4.0,3.0,13.0,7.0,4.0,7.0,4.0,2.0,0.0,0.0,2.23,3.38,3.15
T1,2024-04-14,Karagumruk,Fenerbahce,1416.56,1709.62,1.0,2.0,9.0,15.0,1.0,2.0,A,1.0,0.0,H,11.0,16.0,7.0,7.0,11.0,14.0,3.0,6.0,5.0,3.0,2.0,0.0,7.18,4.92,1.39
T1,2024-04-15,Alanyaspor,Galatasaray,1446.07,1706.48,9.0,13.0,9.0,15.0,0.0,4.0,A,0.0,0.0,D,13.0,22.0,3.0,8.0,12.0,14.0,6.0,6.0,2.0,0.0,1.0,0.0,5.53,4.63,1.5
T1,2024-04-19,Besiktas,Ankaragucu,1489.7,,2.0,2.0,7.0,8.0,2.0,0.0,H,1.0,0.0,H,17.0,17.0,5.0,2.0,12.0,13.0,8.0,6.0,2.0,2.0,0.0,0.0,1.8,3.69,4.25
T1,2024-04-20,Istanbulspor,Karagumruk,1294.44,1405.59,3.0,4.0,1.0,1.0,1.0,2.0,A,0.0,0.0,D,13.0,24.0,5.0,5.0,11.0,15.0,1.0,7.0,3.0,3.0,0.0,0.0,5.0,4.0,1.63
T1,2024-04-20,Konyaspor,Alanyaspor,1438.75,1446.07,4.0,8.0,6.0,12.0,0.0,2.0,A,0.0,1.0,A,5.0,11.0,1.0,3.0,6.0,9.0,2.0,1.0,2.0,3.0,0.0,0.0,2.2,3.41,3.17
T1,2024-04-20,Kayserispor,Trabzonspor,1379.61,1504.44,1.0,2.0,3.0,6.0,1.0,2.0,A,0.0,1.0,A,17.0,9.0,3.0,3.0,13.0,4.0,4.0,1.0,0.0,3.0,0.0,0.0,3.07,3.71,2.14
T1,2024-04-20,Samsunspor,Ad. Demirspor,1367.87,1472.88,2.0,5.0,4.0,8.0,1.0,1.0,D,0.0,1.0,A,14.0,8.0,5.0,3.0,18.0,6.0,7.0,4.0,2.0,3.0,0.0,0.0,2.21,3.39,3.15
T1,2024-04-21,Buyuksehyr,Rizespor,1499.57,1398.75,4.0,10.0,9.0,12.0,2.0,0.0,H,1.0,0.0,H,12.0,11.0,4.0,2.0,10.0,12.0,1.0,4.0,1.0,1.0,0.0,1.0,2.11,3.56,3.25
T1,2024-04-21,Antalyaspor,Hatayspor,1424.64,1315.53,4.0,7.0,3.0,4.0,2.0,1.0,H,0.0,1.0,A,12.0,12.0,4.0,6.0,12.0,14.0,0.0,3.0,4.0,3.0,0.0,0.0,1.89,3.46,4.03
T1,2024-04-21,Galatasaray,Pendikspor,1706.48,1318.82,9.0,15.0,4.0,4.0,4.0,1.0,H,2.0,0.0,H,19.0,7.0,8.0,4.0,15.0,8.0,4.0,3.0,1.0,2.0,0.0,0.0,1.22,6.62,10.63
T1,2024-04-21,Gaziantep,Kasimpasa,,1436.56,0.0,3.0,3.0,7.0,2.0,0.0,H,2.0,0.0,H,12.0,13.0,5.0,1.0,11.0,10.0,5.0,8.0,0.0,1.0,0.0,0.0,2.29,3.51,2.91
T1,2024-04-22,Sivasspor,Fenerbahce,1433.06,1709.52,6.0,7.0,9.0,15.0,2.0,2.0,D,0.0,1.0,A,9.0,15.0,4.0,6.0,6.0,11.0,3.0,2.0,4.0,1.0,0.0,0.0,7.27,4.85,1.39
T1,2024-04-26,Ad. Demirspor,Galatasaray,1472.88,1706.48,2.0,6.0,9.0,15.0,0.0,3.0,A,0.0,0.0,D,18.0,25.0,8.0,9.0,8.0,9.0,5.0,6.0,2.0,0.0,0.0,0.0,5.8,4.76,1.47
T1,2024-04-27,Kasimpasa,Samsunspor,1436.56,1367.87,3.0,6.0,3.0,6.0,1.0,0.0,H,1.0,0.0,H,11.0,13.0,2.0,2.0,16.0,17.0,4.0,8.0,2.0,3.0,0.0,0.0,2.19,3.64,3.03
T1,2024-04-27,Sivasspor,Konyaspor,1433.06,1438.75,7.0,7.0,3.0,5.0,1.0,0.0,H,0.0,0.0,D,7.0,7.0,2.0,2.0,12.0,11.0,1.0,6.0,2.0,2.0,0.0,0.0,2.46,3.15,2.96
T1,2024-04-27,Fenerbahce,Besiktas,1709.52,1489.7,7.0,13.0,5.0,5.0,2.0,1.0,H,1.0,0.0,H,13.0,6.0,6.0,4.0,14.0,18.0,4.0,2.0,1.0,3.0,0.0,1.0,1.43,4.77,6.35
T1,2024-04-27,Hatayspor,Buyuksehyr,1315.53,1499.57,0.0,4.0,7.0,10.0,1.0,2.0,A,0.0,1.0,A,23.0,7.0,8.0,4.0,12.0,20.0,6.0,0.0,1.0,3.0,0.0,0.0,2.88,3.33,2.4
T1,2024-04-28,Alanyaspor,Istanbulspor,1446.07,1294.44,6.0,12.0,3.0,3.0,6.0,0.0,H,3.0,0.0,H,18.0,10.0,7.0,5.0,12.0,10.0,4.0,3.0,1.0,4.0,0.0,0.0,1.36,4.99,7.71
T1,2024-04-28,Pendikspor,Kayserispor,1318.82,1379.61,1.0,4.0,1.0,2.0,1.0,2.0,A,1.0,1.0,D,21.0,10.0,4.0,2.0,12.0,14.0,5.0,5.0,2.0,4.0,0.0,1.0,2.12,3.53,3.25
T1,2024-04-28,Rizespor,Ankaragucu,1398.75,,6.0,9.0,4.0,7.0,2.0,2.0,D,2.0,0.0,H,13.0,20.0,3.0,8.0,12.0,11.0,2.0,3.0,3.0,5.0,0.0,0.0,2.09,3.39,3.44
T1,2024-04-28,Trabzonspor,Gaziantep,1504.44,,6.0,9.0,3.0,6.0,4.0,2.0,H,0.0,2.0,A,12.0,14.0,7.0,3.0,12.0,12.0,4.0,2.0,2.0,2.0,0.0,0.0,1.46,4.39,6.55
T1,2024-04-29,Karagumruk,Antalyaspor,1405.59,1424.64,3.0,4.0,4.0,7.0,4.0,1.0,H,1.0,0.0,H,14.0,9.0,8.0,3.0,14.0,10.0,1.0,4.0,1.0,2.0,0.0,1.0,2.17,3.32,3.31
T1,2024-05-03,Ankaragucu,Alanyaspor,,1459.88,4.0,8.0,6.0,12.0,1.0,1.0,D,1.0,0.0,H,11.0,14.0,5.0,6.0,12.0,8.0,5.0,2.0,3.0,3.0,0.0,1.0,2.13,3.43,3.33
T1,2024-05-03,Besiktas,Rizespor,1493.31,1390.73,4.0,5.0,4.0,10.0,3.0,2.0,H,1.0,1.0,D,24.0,9.0,7.0,5.0,14.0,10.0,7.0,3.0,2.0,3.0,0.0,0.0,1.77,3.9,4.15
T1,2024-05-04,Istanbulspor,Ad. Demirspor,1280.01,1464.82,3.0,3.0,2.0,5.0,0.0,1.0,A,0.0,1.0,A,14.0,14.0,5.0,4.0,9.0,15.0,7.0,5.0,3.0,2.0,0.0,0.0,5.15,4.49,1.55
T1,2024-05-04,Kayserispor,Karagumruk,1381.21,1423.98,4.0,4.0,6.0,7.0,2.0,2.0,D,1.0,0.0,H,12.0,14.0,5.0,5.0,14.0,7.0,3.0,3.0,1.0,3.0,0.0,1.0,2.31,3.46,2.92
T1,2024-05-04,Samsunspor,Trabzonspor,1363.68,1514.34,2.0,3.0,6.0,9.0,3.0,1.0,H,3.0,1.0,H,8.0,6.0,4.0,3.0,21.0,12.0,3.0,2.0,5.0,2.0,0.0,0.0,2.7,3.3,2.56
T1,2024-05-05,Buyuksehyr,Kasimpasa,1510.09,1428.14,9.0,10.0,3.0,6.0,4.0,1.0,H,2.0,0.0,H,15.0,6.0,7.0,1.0,16.0,8.0,5.0,4.0,2.0,0.0,0.0,0.0,1.97,3.6,3.55
T1,2024-05-05,Galatasaray,Sivasspor,1720.86,1444.56,9.0,15.0,7.0,10.0,6.0,1.0,H,2.0,0.0,H,23.0,9.0,9.0,3.0,13.0,12.0,5.0,1.0,0.0,3.0,0.0,0.0,1.14,8.41,15.32
T1,2024-05-05,Gaziantep,Hatayspor,,1306.28,3.0,3.0,0.0,3.0,1.0,1.0,D,1.0,1.0,D,14.0,17.0,5.0,5.0,15.0,13.0,8.0,3.0,2.0,5.0,0.0,0.0,2.19,3.27,3.28
T1,2024-05-06,Antalyaspor,Pendikspor,1416.45,1308.86,3.0,7.0,0.0,4.0,1.0,2.0,A,1.0,2.0,A,15.0,23.0,8.0,10.0,10.0,14.0,8.0,5.0,4.0,2.0,1.0,0.0,2.22,3.57,2.96
T1,2024-05-06,Konyaspor,Fenerbahce,1418.64,1705.35,3.0,4.0,7.0,13.0,0.0,0.0,D,0.0,0.0,D,6.0,19.0,1.0,6.0,16.0,8.0,2.0,11.0,4.0,1.0,0.0,0.0,7.13,5.11,1.37
T1,2024-05-12,Ad. Demirspor,Gaziantep,1464.82,,4.0,5.0,4.0,4.0,1.0,6.0,A,1.0,3.0,A,6.0,15.0,4.0,9.0,8.0,13.0,0.0,2.0,4.0,3.0,1.0,0.0,2.07,3.61,3.27
T1,2024-05-12,Alanyaspor,Besiktas,1459.88,1493.31,7.0,10.0,6.0,8.0,1.0,1.0,D,0.0,0.0,D,18.0,8.0,5.0,2.0,14.0,11.0,3.0,1.0,1.0,3.0,0.0,0.0,2.58,3.46,2.56
T1,2024-05-12,Fenerbahce,Kayserispor,1705.35,1381.21,5.0,11.0,4.0,5.0,3.0,0.0,H,2.0,0.0,H,25.0,10.0,15.0,3.0,12.0,11.0,7.0,3.0,1.0,4.0,0.0,0.0,1.16,7.8,13.03
T1,2024-05-12,Hatayspor,Ankaragucu,1306.28,,1.0,1.0,2.0,6.0,2.0,1.0,H,0.0,0.0,D,16.0,12.0,5.0,5.0,10.0,5.0,2.0,6.0,6.0,2.0,0.0,0.0,2.46,3.4,2.73
T1,2024-05-12,Karagumruk,Galatasaray,1423.98,1720.86,7.0,7.0,9.0,15.0,2.0,3.0,A,1.0,1.0,D,15.0,25.0,5.0,6.0,11.0,9.0,5.0,10.0,0.0,0.0,0.0,0.0,6.26,4.61,1.45
T1,2024-05-12,Kasimpasa,Antalyaspor,1428.14,1416.45,3.0,6.0,3.0,4.0,3.0,1.0,H,2.0,0.0,H,14.0,9.0,8.0,1.0,21.0,6.0,4.0,5.0,1.0,1.0,0.0,1.0,2.01,3.7,3.34
T1,2024-05-12,Konyaspor,Samsunspor,1418.64,1363.68,1.0,4.0,4.0,6.0,3.0,0.0,H,3.0,0.0,H,9.0,5.0,6.0,1.0,14.0,17.0,5.0,6.0,2.0,3.0,0.0,0.0,2.24,3.17,3.29
T1,2024-05-12,Pendikspor,Rizespor,1308.86,1390.73,3.0,4.0,1.0,7.0,2.0,1.0,H,0.0,1.0,A,15.0,14.0,6.0,4.0,14.0,15.0,7.0,3.0,3.0,5.0,0.0,0.0,1.97,3.8,3.37
T1,2024-05-12,Sivasspor,Buyuksehyr,1444.56,1510.09,4.0,10.0,9.0,13.0,0.0,1.0,A,0.0,1.0,A,10.0,9.0,2.0,5.0,8.0,14.0,10.0,3.0,2.0,2.0,1.0,0.0,3.3,3.33,2.16
T1,2024-05-12,Trabzonspor,Istanbulspor,1514.34,1280.01,6.0,9.0,0.0,3.0,3.0,0.0,H,2.0,0.0,H,12.0,14.0,5.0,4.0,9.0,7.0,7.0,12.0,0.0,0.0,0.0,0.0,1.16,7.54,14.13
T1,2024-05-17,Istanbulspor,Sivasspor,1271.32,1433.08,0.0,3.0,3.0,7.0,1.0,3.0,A,0.0,2.0,A,16.0,17.0,7.0,9.0,7.0,10.0,5.0,7.0,3.0,1.0,1.0,0.0,3.12,3.48,2.2
T1,2024-05-17,Antalyaspor,Ad. Demirspor,1395.6,1440.34,0.0,3.0,3.0,5.0,2.0,1.0,H,1.0,0.0,H,11.0,15.0,5.0,6.0,11.0,14.0,3.0,8.0,1.0,1.0,0.0,0.0,2.18,3.68,3.02
T1,2024-05-18,Ankaragucu,Pendikspor,,1329.31,2.0,5.0,6.0,6.0,0.0,0.0,D,0.0,0.0,D,12.0,7.0,5.0,2.0,7.0,12.0,4.0,4.0,2.0,3.0,0.0,0.0,1.96,3.68,3.54
T1,2024-05-18,Besiktas,Hatayspor,1498.16,1317.36,4.0,8.0,4.0,4.0,2.0,2.0,D,0.0,1.0,A,19.0,9.0,7.0,3.0,6.0,17.0,7.0,3.0,6.0,3.0,0.0,0.0,1.51,4.34,5.84
T1,2024-05-18,Buyuksehyr,Trabzonspor,1525.58,1503.47,9.0,15.0,6.0,9.0,0.0,1.0,A,0.0,1.0,A,12.0,11.0,3.0,2.0,16.0,14.0,6.0,4.0,3.0,2.0,0.0,0.0,2.61,3.39,2.59
T1,2024-05-18,Gaziantep,Karagumruk,,1421.72,4.0,7.0,4.0,7.0,3.0,1.0,H,0.0,0.0,D,11.0,7.0,4.0,3.0,12.0,8.0,6.0,12.0,2.0,2.0,0.0,1.0,2.41,3.33,2.86
T1,2024-05-18,Kayserispor,Konyaspor,1378.47,1433.78,4.0,5.0,4.0,7.0,2.0,2.0,D,1.0,1.0,D,8.0,15.0,3.0,7.0,5.0,14.0,1.0,9.0,4.0,2.0,1.0,0.0,2.98,2.48,3.08
T1,2024-05-18,Rizespor,Kasimpasa,1378.51,1428.82,1.0,4.0,6.0,6.0,0.0,0.0,D,0.0,0.0,D,10.0,18.0,2.0,8.0,20.0,13.0,5.0,4.0,3.0,4.0,0.0,0.0,2.33,3.74,2.71
T1,2024-05-18,Samsunspor,Alanyaspor,1368.92,1459.11,3.0,5.0,5.0,8.0,1.0,1.0,D,0.0,1.0,A,10.0,7.0,3.0,4.0,9.0,8.0,4.0,1.0,1.0,0.0,0.0,0.0,2.15,3.38,3.29
T1,2024-05-19,Galatasaray,Fenerbahce,1727.44,1701.89,9.0,15.0,7.0,11.0,0.0,1.0,A,0.0,0.0,D,11.0,11.0,0.0,1.0,18.0,10.0,1.0,5.0,4.0,7.0,0.0,1.0,2.25,3.69,2.84
T1,2024-05-24,Alanyaspor,Antalyaspor,1459.11,1395.6,3.0,9.0,3.0,6.0,1.0,1.0,D,1.0,0.0,H,14.0,7.0,3.0,3.0,12.0,14.0,3.0,2.0,0.0,1.0,0.0,0.0,1.65,4.15,4.54
T1,2024-05-25,Karagumruk,Samsunspor,1421.72,1368.92,1.0,7.0,4.0,5.0,3.0,1.0,H,1.0,0.0,H,13.0,12.0,7.0,5.0,12.0,9.0,2.0,7.0,2.0,1.0,0.0,1.0,1.8,3.79,4.06
T1,2024-05-25,Sivasspor,Kayserispor,1433.08,1378.47,3.0,7.0,2.0,5.0,2.0,1.0,H,1.0,1.0,D,16.0,11.0,4.0,5.0,13.0,14.0,10.0,4.0,1.0,3.0,0.0,0.0,1.93,3.7,3.57
T1,2024-05-26,Ad. Demirspor,Buyuksehyr,1440.34,1525.58,3.0,4.0,6.0,12.0,2.0,6.0,A,1.0,4.0,A,13.0,12.0,6.0,7.0,8.0,13.0,2.0,1.0,0.0,2.0,0.0,0.0,3.72,3.99,1.81
T1,2024-05-26,Fenerbahce,Istanbulspor,1701.89,1271.32,7.0,11.0,0.0,0.0,6.0,0.0,H,3.0,0.0,H,26.0,9.0,14.0,2.0,12.0,8.0,4.0,5.0,2.0,1.0,0.0,0.0,1.05,14.18,27.07
T1,2024-05-26,Hatayspor,Rizespor,1317.36,1378.51,5.0,5.0,1.0,2.0,2.0,0.0,H,1.0,0.0,H,13.0,10.0,6.0,3.0,12.0,7.0,2.0,4.0,0.0,0.0,0.0,0.0,1.54,4.48,5.07
T1,2024-05-26,Kasimpasa,Besiktas,1428.82,1498.16,4.0,7.0,5.0,8.0,2.0,1.0,H,1.0,0.0,H,18.0,6.0,8.0,4.0,10.0,9.0,8.0,3.0,1.0,2.0,0.0,0.0,3.32,3.83,1.98
T1,2024-05-26,Konyaspor,Galatasaray,1433.78,1727.44,5.0,5.0,6.0,12.0,1.0,3.0,A,0.0,1.0,A,9.0,23.0,2.0,6.0,9.0,13.0,3.0,10.0,2.0,2.0,0.0,0.0,9.72,2.11,2.04
T1,2024-05-26,Pendikspor,Gaziantep,1329.31,,7.0,7.0,7.0,10.0,0.0,1.0,A,0.0,1.0,A,6.0,11.0,1.0,4.0,9.0,14.0,2.0,3.0,5.0,4.0,0.0,0.0,3.12,3.41,2.2
T1,2024-05-26,Trabzonspor,Ankaragucu,1503.47,,6.0,12.0,2.0,3.0,4.0,2.0,H,0.0,1.0,A,12.0,15.0,5.0,8.0,6.0,12.0,3.0,6.0,2.0,3.0,0.0,0.0,2.83,3.68,2.25
T1,2024-08-09,Galatasaray,Hatayspor,1725.56,1338.44,6.0,12.0,7.0,8.0,2.0,1.0,H,0.0,0.0,D,29.0,10.0,11.0,4.0,13.0,17.0,12.0,2.0,0.0,3.0,0.0,0.0,1.26,6.17,9.74
T1,2024-08-10,Kasimpasa,Konyaspor,1441.04,1433.51,7.0,10.0,4.0,5.0,2.0,3.0,A,0.0,1.0,A,4.0,6.0,3.0,3.0,6.0,7.0,2.0,7.0,5.0,3.0,0.0,0.0,2.1,3.5,3.35
T1,2024-08-10,Antalyaspor,Goztep,1410.32,1342.3,4.0,4.0,0.0,1.0,0.0,0.0,D,0.0,0.0,D,10.0,10.0,3.0,2.0,9.0,24.0,4.0,6.0,2.0,1.0,0.0,0.0,1.99,3.62,3.56
T1,2024-08-10,Fenerbahce,Ad. Demirspor,1721.04,1421.72,9.0,13.0,0.0,3.0,1.0,0.0,H,1.0,0.0,H,8.0,6.0,5.0,1.0,17.0,13.0,9.0,4.0,3.0,2.0,0.0,0.0,1.14,8.62,14.64
T1,2024-08-11,Sivasspor,Trabzonspor,1449.88,1528.35,6.0,9.0,9.0,12.0,0.0,0.0,D,0.0,0.0,D,15.0,17.0,5.0,2.0,14.0,12.0,5.0,7.0,1.0,0.0,0.0,0.0,3.47,3.51,2.05
T1,2024-08-11,Alanyaspor,Eyupspor,1459.02,1342.3,3.0,7.0,0.0,0.0,1.0,1.0,D,0.0,0.0,D,17.0,6.0,9.0,3.0,6.0,14.0,6.0,1.0,1.0,1.0,0.0,0.0,2.0,3.53,3.62
T1,2024-08-11,Samsunspor,Besiktas,1365.9,1488.13,1.0,4.0,2.0,5.0,0.0,2.0,A,0.0,2.0,A,7.0,10.0,4.0,2.0,12.0,10.0,6.0,2.0,2.0,1.0,0.0,0.0,3.87,3.61,1.9
T1,2024-08-12,Bodrumspor,Gaziantep,1342.3,,0.0,0.0,9.0,10.0,0.0,1.0,A,0.0,0.0,D,18.0,6.0,3.0,1.0,15.0,9.0,4.0,1.0,2.0,2.0,0.0,1.0,2.38,3.34,2.94
T1,2024-08-12,Rizespor,Buyuksehyr,1371.01,1534.29,1.0,2.0,6.0,12.0,1.0,1.0,D,1.0,1.0,D,27.0,6.0,6.0,1.0,16.0,16.0,12.0,1.0,0.0,2.0,0.0,0.0,2.93,3.45,2.32
T1,2024-08-16,Konyaspor,Galatasaray,1437.17,1720.35,4.0,8.0,6.0,12.0,1.0,2.0,A,1.0,1.0,D,17.0,7.0,3.0,3.0,4.0,20.0,5.0,8.0,1.0,1.0,0.0,0.0,4.53,4.01,1.7
T1,2024-08-17,Kayserispor,Sivasspor,1371.11,1444.14,1.0,5.0,7.0,7.0,1.0,2.0,A,1.0,1.0,D,22.0,9.0,8.0,4.0,14.0,15.0,5.0,4.0,1.0,3.0,0.0,1.0,2.37,3.3,2.99
T1,2024-08-17,Ad. Demirspor,Rizespor,1414.2,1367.86,0.0,3.0,2.0,2.0,1.0,2.0,A,0.0,1.0,A,12.0,10.0,5.0,5.0,15.0,18.0,1.0,6.0,2.0,0.0,0.0,0.0,2.91,3.69,2.25
T1,2024-08-17,Goztep,Fenerbahce,1339.79,1707.7,1.0,1.0,9.0,13.0,2.0,2.0,D,0.0,2.0,A,16.0,13.0,8.0,5.0,22.0,14.0,5.0,5.0,3.0,3.0,0.0,0.0,8.02,4.74,1.38
T1,2024-08-18,Buyuksehyr,Alanyaspor,1526.13,1448.25,4.0,10.0,3.0,5.0,4.0,2.0,H,1.0,2.0,A,12.0,13.0,8.0,3.0,19.0,11.0,4.0,4.0,4.0,3.0,0.0,0.0,2.04,3.51,3.51
T1,2024-08-18,Besiktas,Antalyaspor,1491.22,1400.69,4.0,8.0,5.0,5.0,4.0,2.0,H,2.0,1.0,H,17.0,7.0,9.0,3.0,18.0,15.0,3.0,0.0,4.0,1.0,0.0,1.0,1.51,4.32,5.92
T1,2024-08-18,Gaziantep,Samsunspor,,1350.66,9.0,13.0,1.0,4.0,0.0,1.0,A,0.0,1.0,A,20.0,14.0,8.0,4.0,9.0,14.0,6.0,3.0,3.0,3.0,0.0,0.0,2.62,3.21,2.7
T1,2024-08-19,Eyupspor,Bodrumspor,1340.93,1327.47,3.0,5.0,0.0,0.0,4.0,1.0,H,0.0,1.0,A,16.0,15.0,9.0,5.0,8.0,13.0,3.0,4.0,1.0,1.0,0.0,0.0,2.04,3.33,3.69
T1,2024-08-19,Hatayspor,Kasimpasa,1331.49,1425.23,4.0,8.0,4.0,7.0,1.0,1.0,D,1.0,0.0,H,9.0,14.0,1.0,6.0,8.0,10.0,3.0,7.0,2.0,1.0,0.0,0.0,2.36,3.5,2.83
T1,2024-08-23,Alanyaspor,Goztep,1448.25,1339.79,2.0,4.0,2.0,2.0,1.0,1.0,D,0.0,1.0,A,11.0,10.0,3.0,3.0,6.0,23.0,8.0,2.0,1.0,4.0,0.0,0.0,1.96,3.37,3.93
T1,2024-08-24,Sivasspor,Eyupspor,1444.14,1340.93,7.0,10.0,6.0,10.0,0.0,1.0,A,0.0,1.0,A,7.0,6.0,3.0,3.0,8.0,8.0,4.0,4.0,2.0,3.0,0.0,0.0,2.29,3.36,3.07
T1,2024-08-24,Bodrumspor,Konyaspor,1327.47,1437.17,0.0,0.0,3.0,7.0,3.0,1.0,H,2.0,1.0,H,8.0,3.0,5.0,2.0,6.0,8.0,5.0,5.0,2.0,2.0,0.0,0.0,2.88,3.29,2.44
T1,2024-08-25,Kasimpasa,Ad. Demirspor,1425.23,1414.2,4.0,8.0,0.0,0.0,2.0,2.0,D,1.0,0.0,H,15.0,10.0,6.0,3.0,10.0,10.0,8.0,4.0,1.0,0.0,0.0,0.0,1.56,4.38,5.1
T1,2024-08-25,Antalyaspor,Hatayspor,1400.69,1331.49,2.0,5.0,4.0,8.0,3.0,2.0,H,0.0,2.0,A,11.0,9.0,7.0,5.0,14.0,16.0,10.0,2.0,4.0,6.0,0.0,1.0,2.19,3.36,3.28
T1,2024-08-25,Rizespor,Fenerbahce,1367.86,1707.7,4.0,5.0,7.0,13.0,0.0,5.0,A,0.0,1.0,A,10.0,18.0,4.0,9.0,8.0,16.0,1.0,6.0,3.0,2.0,0.0,0.0,4.65,4.03,1.67
T1,2024-08-30,Fenerbahce,Alanyaspor,1707.7,1448.25,7.0,13.0,2.0,4.0,3.0,0.0,H,1.0,0.0,H,18.0,8.0,7.0,1.0,12.0,11.0,2.0,1.0,1.0,4.0,0.0,0.0,1.29,5.72,9.34
T1,2024-08-31,Konyaspor,Kayserispor,1437.17,1371.11,3.0,4.0,1.0,2.0,0.0,0.0,D,0.0,0.0,D,9.0,10.0,1.0,3.0,8.0,15.0,6.0,5.0,1.0,1.0,0.0,0.0,1.87,3.57,4.15
T1,2024-08-31,Rizespor,Kasimpasa,1367.86,1425.23,4.0,5.0,2.0,6.0,0.0,1.0,A,0.0,1.0,A,13.0,6.0,4.0,3.0,11.0,13.0,10.0,3.0,0.0,0.0,0.0,0.0,2.2,3.53,3.15
T1,2024-08-31,Ad. Demirspor,Galatasaray,1414.2,1720.35,1.0,1.0,9.0,12.0,1.0,5.0,A,0.0,4.0,A,15.0,19.0,5.0,8.0,10.0,6.0,2.0,2.0,3.0,0.0,1.0,0.0,6.76,5.03,1.41
T1,2024-08-31,Goztep,Bodrumspor,1339.79,1327.47,3.0,3.0,3.0,5.0,2.0,0.0,H,2.0,0.0,H,11.0,10.0,4.0,1.0,13.0,5.0,6.0,2.0,4.0,1.0,0.0,0.0,2.07,3.32,3.72
T1,2024-09-01,Buyuksehyr,Antalyaspor,1531.33,1394.26,7.0,10.0,4.0,8.0,5.0,2.0,H,1.0,2.0,A,14.0,10.0,8.0,3.0,17.0,14.0,3.0,5.0,1.0,2.0,0.0,0.0,1.8,3.63,4.42
T1,2024-09-01,Eyupspor,Trabzonspor,1358.72,1498.83,7.0,12.0,7.0,10.0,0.0,0.0,D,0.0,0.0,D,13.0,7.0,6.0,3.0,6.0,10.0,3.0,4.0,3.0,0.0,0.0,0.0,2.36,3.48,2.89
T1,2024-09-01,Besiktas,Sivasspor,1512.38,1434.4,6.0,8.0,4.0,10.0,2.0,0.0,H,1.0,0.0,H,12.0,7.0,8.0,1.0,15.0,9.0,5.0,5.0,4.0,5.0,0.0,0.0,1.44,4.69,6.68
T1,2024-09-01,Hatayspor,Samsunspor,1322.11,1355.81,1.0,5.0,3.0,4.0,0.0,3.0,A,0.0,1.0,A,5.0,14.0,1.0,7.0,7.0,12.0,2.0,4.0,0.0,2.0,0.0,0.0,2.79,3.28,2.54
T1,2024-09-14,Samsunspor,Konyaspor,1355.81,1412.18,6.0,7.0,1.0,4.0,0.0,1.0,A,0.0,1.0,A,12.0,6.0,2.0,3.0,11.0,14.0,12.0,1.0,0.0,2.0,0.0,0.0,1.81,3.54,4.44
T1,2024-09-14,Sivasspor,Gaziantep,1434.4,,3.0,7.0,6.0,12.0,3.0,2.0,H,1.0,1.0,D,16.0,14.0,4.0,5.0,15.0,15.0,3.0,5.0,5.0,6.0,1.0,0.0,2.19,3.33,3.3
T1,2024-09-14,Bodrumspor,Buyuksehyr,1316.24,1531.33,3.0,4.0,7.0,10.0,0.0,1.0,A,0.0,0.0,D,7.0,11.0,3.0,5.0,23.0,13.0,5.0,7.0,0.0,0.0,0.0,0.0,3.06,3.17,2.39
T1,2024-09-14,Galatasaray,Rizespor,1699.08,1359.53,9.0,12.0,3.0,4.0,5.0,0.0,H,2.0,0.0,H,23.0,2.0,9.0,1.0,15.0,11.0,6.0,1.0,0.0,0.0,0.0,0.0,1.21,7.05,11.08
T1,2024-09-15,Kasimpasa,Fenerbahce,1424.99,1703.91,5.0,8.0,7.0,13.0,0.0,2.0,A,0.0,2.0,A,13.0,6.0,3.0,2.0,11.0,15.0,6.0,5.0,3.0,1.0,0.0,0.0,5.79,4.82,1.46
T1,2024-09-15,Kayserispor,Eyupspor,1361.43,1361.03,1.0,2.0,7.0,10.0,2.0,2.0,D,0.0,2.0,A,10.0,10.0,6.0,5.0,11.0,10.0,6.0,8.0,4.0,2.0,0.0,0.0,2.95,3.49,2.28
T1,2024-09-15,Alanyaspor,Hatayspor,1429.23,1306.86,1.0,3.0,1.0,4.0,0.0,0.0,D,0.0,0.0,D,8.0,9.0,2.0,2.0,11.0,15.0,5.0,4.0,3.0,1.0,0.0,0.0,1.75,3.72,4.51
T1,2024-09-15,Trabzonspor,Besiktas,1496.52,1519.02,5.0,11.0,9.0,10.0,1.0,1.0,D,1.0,1.0,D,5.0,14.0,1.0,4.0,14.0,8.0,1.0,13.0,2.0,3.0,1.0,0.0,3.36,3.51,2.09
T1,2024-09-16,Antalyaspor,Ad. Demirspor,1387.98,1394.77,3.0,5.0,1.0,1.0,2.0,1.0,H,0.0,0.0,D,12.0,16.0,5.0,9.0,9.0,9.0,8.0,4.0,1.0,2.0,0.0,0.0,1.72,3.95,4.39
T1,2024-09-17,Galatasaray,Gaziantep,1701.71,,9.0,15.0,3.0,9.0,3.0,1.0,H,2.0,0.0,H,25.0,6.0,7.0,4.0,11.0,6.0,11.0,4.0,1.0,1.0,0.0,0.0,1.19,7.1,12.48
T1,2024-09-18,Samsunspor,Buyuksehyr,1362.41,1541.77,6.0,6.0,9.0,13.0,2.0,0.0,H,0.0,0.0,D,13.0,15.0,6.0,6.0,12.0,11.0,4.0,2.0,5.0,2.0,0.0,0.0,2.44,3.21,2.93
T1,2024-09-19,Trabzonspor,Kayserispor,1496.52,1361.43,3.0,9.0,2.0,3.0,2.0,2.0,D,0.0,1.0,A,21.0,10.0,8.0,3.0,3.0,12.0,8.0,3.0,0.0,6.0,0.0,1.0,1.62,4.15,4.92
T1,2024-09-20,Hatayspor,Bodrumspor,1306.86,1312.08,1.0,2.0,3.0,3.0,0.0,1.0,A,0.0,1.0,A,13.0,8.0,2.0,1.0,11.0,13.0,9.0,7.0,2.0,6.0,0.0,0.0,2.59,3.03,2.91
T1,2024-09-21,Konyaspor,Sivasspor,1420.84,1432.86,4.0,7.0,3.0,7.0,0.0,0.0,D,0.0,0.0,D,14.0,9.0,5.0,5.0,16.0,13.0,7.0,4.0,5.0,4.0,0.0,0.0,2.12,3.36,3.43
T1,2024-09-21,Fenerbahce,Galatasaray,1703.91,1701.71,9.0,13.0,9.0,15.0,1.0,3.0,A,0.0,2.0,A,27.0,14.0,12.0,8.0,13.0,23.0,10.0,2.0,3.0,6.0,0.0,0.0,2.12,3.58,3.22
T1,2024-09-22,Kasimpasa,Antalyaspor,1424.99,1387.98,4.0,5.0,6.0,7.0,0.0,0.0,D,0.0,0.0,D,13.0,4.0,3.0,2.0,18.0,18.0,3.0,1.0,1.0,6.0,1.0,0.0,1.88,3.76,3.77
T1,2024-09-22,Rizespor,Samsunspor,1356.91,1362.41,0.0,4.0,6.0,9.0,0.0,1.0,A,0.0,0.0,D,13.0,9.0,2.0,2.0,13.0,11.0,3.0,0.0,2.0,2.0,0.0,0.0,2.36,3.36,2.91
T1,2024-09-22,Ad. Demirspor,Alanyaspor,1394.77,1429.23,1.0,1.0,2.0,3.0,0.0,2.0,A,0.0,2.0,A,8.0,12.0,1.0,5.0,9.0,10.0,6.0,6.0,1.0,3.0,0.0,0.0,2.96,3.56,2.24
T1,2024-09-22,Besiktas,Eyupspor,1519.02,1361.03,7.0,10.0,5.0,9.0,2.0,1.0,H,1.0,0.0,H,16.0,10.0,6.0,3.0,11.0,14.0,8.0,4.0,1.0,4.0,0.0,0.0,1.42,4.68,6.93
T1,2024-09-23,Gaziantep,Trabzonspor,,1496.52,0.0,6.0,3.0,7.0,0.0,0.0,D,0.0,0.0,D,12.0,10.0,4.0,3.0,15.0,12.0,9.0,2.0,5.0,4.0,0.0,0.0,3.27,3.39,2.16
T1,2024-09-23,Goztep,Kayserispor,1354.36,1361.43,5.0,6.0,3.0,3.0,3.0,0.0,H,2.0,0.0,H,18.0,8.0,8.0,3.0,14.0,10.0,6.0,4.0,2.0,2.0,0.0,0.0,1.83,3.67,4.11
T1,2024-09-27,Sivasspor,Buyuksehyr,1432.86,1541.77,4.0,7.0,6.0,10.0,1.0,2.0,A,0.0,1.0,A,10.0,13.0,3.0,4.0,12.0,11.0,2.0,3.0,1.0,4.0,0.0,0.0,2.85,3.24,2.5
T1,2024-09-28,Samsunspor,Goztep,1362.41,1354.36,6.0,12.0,7.0,9.0,4.0,3.0,H,1.0,2.0,A,22.0,9.0,11.0,4.0,6.0,9.0,6.0,3.0,0.0,2.0,0.0,0.0,1.96,3.32,4.01
T1,2024-09-28,Alanyaspor,Rizespor,1429.23,1356.91,4.0,5.0,0.0,3.0,1.0,0.0,H,1.0,0.0,H,7.0,7.0,2.0,2.0,10.0,13.0,7.0,2.0,3.0,3.0,0.0,0.0,2.06,3.51,3.46
T1,2024-09-28,Galatasaray,Kasimpasa,1701.71,1424.99,9.0,15.0,4.0,6.0,3.0,3.0,D,3.0,1.0,H,5.0,10.0,3.0,6.0,11.0,7.0,2.0,4.0,2.0,3.0,0.0,0.0,1.25,6.48,9.22
T1,2024-09-29,Eyupspor,Gaziantep,1361.03,,2.0,8.0,1.0,4.0,3.0,2.0,H,1.0,1.0,D,11.0,11.0,5.0,4.0,13.0,8.0,5.0,5.0,1.0,4.0,0.0,0.0,1.9,3.57,3.92
T1,2024-09-29,Trabzonspor,Konyaspor,1496.52,1420.84,3.0,5.0,5.0,5.0,3.0,2.0,H,2.0,1.0,H,11.0,9.0,4.0,4.0,11.0,7.0,4.0,2.0,4.0,1.0,0.0,0.0,1.87,3.45,4.24
T1,2024-09-29,Antalyaspor,Fenerbahce,1387.98,1703.91,4.0,7.0,6.0,10.0,0.0,2.0,A,0.0,0.0,D,10.0,14.0,1.0,6.0,10.0,13.0,2.0,5.0,1.0,1.0,0.0,0.0,6.95,4.82,1.4
T1,2024-09-29,Bodrumspor,Ad. Demirspor,1312.08,1394.77,3.0,6.0,0.0,1.0,3.0,1.0,H,1.0,0.0,H,14.0,8.0,6.0,3.0,12.0,12.0,7.0,6.0,3.0,5.0,0.0,0.0,1.78,3.73,4.31
T1,2024-09-30,Kayserispor,Besiktas,1361.43,1519.02,2.0,3.0,7.0,13.0,0.0,3.0,A,0.0,0.0,D,10.0,9.0,4.0,5.0,12.0,11.0,7.0,3.0,4.0,3.0,0.0,0.0,4.93,4.25,1.61
T1,2024-10-04,Rizespor,Antalyaspor,1344.21,1393.97,0.0,0.0,4.0,7.0,2.0,1.0,H,2.0,0.0,H,7.0,16.0,2.0,3.0,13.0,10.0,3.0,3.0,6.0,2.0,0.0,0.0,1.75,3.76,4.47
T1,2024-10-05,Kasimpasa,Bodrumspor,1427.05,1333.76,2.0,6.0,6.0,9.0,0.0,0.0,D,0.0,0.0,D,20.0,4.0,5.0,1.0,9.0,15.0,5.0,0.0,0.0,4.0,0.0,1.0,1.97,3.45,3.82
T1,2024-10-05,Goztep,Sivasspor,1360.91,1427.88,6.0,8.0,4.0,4.0,3.0,2.0,H,2.0,0.0,H,12.0,10.0,4.0,6.0,17.0,6.0,4.0,4.0,3.0,2.0,0.0,0.0,1.78,3.62,4.5
T1,2024-10-05,Buyuksehyr,Kayserispor,1533.82,1344.57,6.0,12.0,1.0,3.0,1.0,1.0,D,0.0,1.0,A,16.0,11.0,8.0,4.0,12.0,17.0,3.0,3.0,1.0,1.0,0.0,0.0,1.59,4.1,5.32
T1,2024-10-05,Hatayspor,Trabzonspor,1302.89,1494.15,1.0,2.0,5.0,7.0,1.0,1.0,D,1.0,0.0,H,13.0,15.0,6.0,7.0,14.0,14.0,4.0,7.0,4.0,6.0,0.0,0.0,3.63,3.28,2.08
T1,2024-10-06,Konyaspor,Eyupspor,1415.3,1366.96,4.0,5.0,4.0,8.0,2.0,1.0,H,0.0,0.0,D,12.0,7.0,6.0,4.0,10.0,11.0,5.0,2.0,5.0,2.0,0.0,0.0,2.21,3.26,3.33
T1,2024-10-06,Ad. Demirspor,Samsunspor,1365.79,1394.5,0.0,1.0,9.0,12.0,1.0,3.0,A,1.0,0.0,H,15.0,6.0,6.0,5.0,9.0,14.0,5.0,5.0,3.0,3.0,0.0,0.0,4.64,3.87,1.7
T1,2024-10-06,Galatasaray,Alanyaspor,1715.28,1441.8,7.0,13.0,7.0,8.0,1.0,0.0,H,1.0,0.0,H,12.0,4.0,8.0,0.0,14.0,6.0,10.0,3.0,2.0,3.0,0.0,0.0,1.3,5.77,8.54
T1,2024-10-06,Gaziantep,Besiktas,,1525.46,1.0,1.0,7.0,13.0,1.0,1.0,D,0.0,1.0,A,11.0,13.0,5.0,3.0,14.0,14.0,4.0,4.0,4.0,2.0,0.0,0.0,4.91,3.99,1.64
T1,2024-10-19,Kayserispor,Gaziantep,1339.77,,1.0,3.0,2.0,2.0,2.0,2.0,D,1.0,2.0,A,14.0,8.0,4.0,3.0,11.0,12.0,13.0,0.0,3.0,1.0,0.0,0.0,2.17,3.51,3.19
T1,2024-10-19,Trabzonspor,Buyuksehyr,1479.78,1505.93,5.0,7.0,4.0,10.0,1.0,0.0,H,0.0,0.0,D,15.0,6.0,4.0,2.0,16.0,17.0,8.0,1.0,0.0,4.0,0.0,0.0,1.99,3.5,3.66
T1,2024-10-19,Antalyaspor,Galatasaray,1375.42,1698.32,1.0,4.0,7.0,13.0,0.0,3.0,A,0.0,1.0,A,12.0,14.0,5.0,9.0,10.0,7.0,5.0,7.0,2.0,4.0,0.0,0.0,7.29,5.16,1.37
T1,2024-10-19,Eyupspor,Goztep,1350.85,1358.58,3.0,5.0,6.0,10.0,1.0,0.0,H,1.0,0.0,H,9.0,10.0,6.0,4.0,13.0,16.0,4.0,3.0,0.0,2.0,0.0,0.0,2.15,3.43,3.29
T1,2024-10-20,Sivasspor,Hatayspor,1408.83,1295.88,1.0,4.0,2.0,2.0,3.0,2.0,H,1.0,1.0,D,14.0,9.0,6.0,3.0,2.0,11.0,8.0,7.0,1.0,1.0,0.0,0.0,2.18,3.28,3.32
T1,2024-10-20,Besiktas,Konyaspor,1504.56,1410.04,7.0,11.0,4.0,8.0,2.0,0.0,H,2.0,0.0,H,16.0,11.0,4.0,3.0,13.0,9.0,9.0,5.0,2.0,4.0,0.0,0.0,1.41,4.62,7.22
T1,2024-10-20,Alanyaspor,Kasimpasa,1429.32,1412.29,6.0,7.0,3.0,6.0,1.0,2.0,A,0.0,2.0,A,13.0,10.0,4.0,3.0,10.0,9.0,7.0,2.0,4.0,1.0,0.0,0.0,2.24,3.47,3.04
T1,2024-10-20,Samsunspor,Fenerbahce,1396.24,1693.5,9.0,12.0,6.0,12.0,2.0,2.0,D,0.0,1.0,A,11.0,9.0,3.0,4.0,8.0,8.0,4.0,2.0,5.0,5.0,0.0,0.0,4.24,3.58,1.82
T1,2024-10-21,Bodrumspor,Rizespor,1327.15,1341.38,7.0,7.0,3.0,3.0,0.0,1.0,A,0.0,0.0,D,13.0,6.0,2.0,2.0,13.0,13.0,5.0,0.0,2.0,2.0,0.0,0.0,2.41,3.2,2.97
T1,2024-11-23,Eyupspor,Rizespor,1380.45,1362.53,6.0,7.0,6.0,6.0,1.0,2.0,A,1.0,0.0,H,15.0,13.0,6.0,4.0,10.0,15.0,5.0,7.0,5.0,5.0,0.0,1.0,1.99,3.5,3.63
T1,2024-11-23,Gaziantep,Buyuksehyr,,1474.11,2.0,3.0,4.0,7.0,3.0,0.0,H,2.0,0.0,H,15.0,15.0,7.0,6.0,19.0,12.0,2.0,6.0,2.0,1.0,0.0,0.0,2.64,3.33,2.62
T1,2024-11-23,Kayserispor,Fenerbahce,1358.79,1687.57,2.0,3.0,4.0,10.0,2.0,6.0,A,1.0,3.0,A,16.0,17.0,2.0,10.0,11.0,11.0,10.0,5.0,4.0,3.0,0.0,0.0,6.66,4.73,1.43
T1,2024-11-23,Bodrumspor,Galatasaray,1315.06,1720.98,4.0,7.0,7.0,13.0,0.0,1.0,A,0.0,0.0,D,9.0,23.0,2.0,7.0,10.0,10.0,7.0,9.0,3.0,2.0,1.0,0.0,6.75,4.85,1.41
T1,2024-11-24,Sivasspor,Kasimpasa,1427.6,1413.79,3.0,7.0,5.0,6.0,0.0,0.0,D,0.0,0.0,D,11.0,19.0,5.0,2.0,22.0,12.0,5.0,4.0,3.0,1.0,0.0,0.0,2.77,3.42,2.42
T1,2024-11-24,Konyaspor,Hatayspor,1393.17,1292.29,3.0,7.0,1.0,2.0,1.0,1.0,D,1.0,0.0,H,10.0,14.0,2.0,3.0,12.0,15.0,2.0,8.0,4.0,3.0,0.0,0.0,1.94,3.38,3.94
T1,2024-11-24,Samsunspor,Alanyaspor,1428.82,1410.47,7.0,13.0,3.0,7.0,1.0,1.0,D,1.0,0.0,H,11.0,15.0,4.0,4.0,13.0,13.0,1.0,9.0,1.0,4.0,0.0,0.0,1.74,3.71,4.49
T1,2024-11-24,Besiktas,Goztep,1515.49,1369.09,7.0,11.0,3.0,9.0,2.0,4.0,A,2.0,2.0,D,12.0,18.0,3.0,9.0,8.0,12.0,4.0,4.0,1.0,0.0,0.0,1.0,1.47,4.49,6.04
T1,2024-11-25,Trabzonspor,Ad. Demirspor,1461.7,1328.22,7.0,9.0,0.0,0.0,5.0,0.0,H,1.0,0.0,H,23.0,10.0,8.0,3.0,20.0,9.0,8.0,1.0,1.0,2.0,0.0,0.0,1.46,4.65,5.95
T1,2024-11-29,Antalyaspor,Sivasspor,1382.08,1427.6,0.0,4.0,4.0,5.0,2.0,1.0,H,1.0,1.0,D,16.0,17.0,7.0,4.0,16.0,14.0,9.0,5.0,0.0,0.0,0.0,0.0,1.99,3.5,3.68
T1,2024-11-30,Samsunspor,Bodrumspor,1428.82,1315.06,5.0,11.0,1.0,7.0,4.0,0.0,H,1.0,0.0,H,15.0,7.0,6.0,0.0,14.0,9.0,3.0,4.0,0.0,0.0,0.0,0.0,1.67,3.66,5.29
T1,2024-11-30,Ad. Demirspor,Konyaspor,1328.22,1393.17,0.0,0.0,4.0,5.0,0.0,1.0,A,0.0,0.0,D,13.0,15.0,4.0,5.0,10.0,16.0,1.0,9.0,2.0,3.0,0.0,0.0,3.22,3.56,2.12
T1,2024-11-30,Alanyaspor,Trabzonspor,1410.47,1461.7,1.0,7.0,7.0,11.0,2.0,1.0,H,1.0,1.0,D,12.0,16.0,4.0,3.0,15.0,15.0,5.0,10.0,5.0,3.0,1.0,0.0,2.48,3.39,2.74
T1,2024-11-30,Buyuksehyr,Goztep,1474.11,1369.09,1.0,4.0,6.0,9.0,4.0,1.0,H,4.0,0.0,H,13.0,6.0,7.0,2.0,6.0,19.0,5.0,5.0,2.0,3.0,0.0,0.0,2.36,3.23,3.07
T1,2024-12-01,Rizespor,Kayserispor,1368.07,1349.54,9.0,9.0,2.0,2.0,3.0,0.0,H,1.0,0.0,H,12.0,8.0,6.0,2.0,9.0,11.0,3.0,8.0,4.0,4.0,0.0,1.0,1.82,3.66,4.12
T1,2024-12-01,Galatasaray,Eyupspor,1716.98,1365.96,9.0,13.0,3.0,6.0,2.0,2.0,D,1.0,1.0,D,28.0,5.0,14.0,4.0,10.0,22.0,11.0,1.0,3.0,4.0,0.0,0.0,1.26,6.24,9.08
T1,2024-12-02,Fenerbahce,Gaziantep,1699.07,,7.0,10.0,5.0,6.0,3.0,1.0,H,1.0,1.0,D,17.0,6.0,4.0,2.0,8.0,10.0,17.0,3.0,4.0,3.0,0.0,0.0,1.24,6.38,9.96
T1,2024-12-02,Hatayspor,Besiktas,1292.11,1479.03,2.0,3.0,4.0,10.0,1.0,1.0,D,1.0,1.0,D,12.0,11.0,4.0,2.0,16.0,11.0,6.0,9.0,9.0,3.0,0.0,0.0,4.02,3.81,1.81
T1,2024-12-06,Trabzonspor,Kasimpasa,1457.26,1411.37,6.0,10.0,5.0,7.0,2.0,2.0,D,0.0,1.0,A,20.0,9.0,7.0,3.0,14.0,14.0,8.0,1.0,2.0,4.0,0.0,0.0,1.91,3.67,3.78
T1,2024-12-07,Konyaspor,Antalyaspor,1392.12,1385.28,4.0,7.0,3.0,4.0,1.0,1.0,D,1.0,0.0,H,17.0,11.0,5.0,2.0,20.0,13.0,5.0,3.0,3.0,1.0,0.0,0.0,2.04,3.29,3.68
T1,2024-12-07,Goztep,Ad. Demirspor,1374.21,1307.98,3.0,6.0,0.0,0.0,3.0,1.0,H,2.0,0.0,H,26.0,12.0,7.0,5.0,16.0,4.0,7.0,6.0,2.0,1.0,1.0,0.0,1.28,5.67,9.77
T1,2024-12-07,Besiktas,Fenerbahce,1479.03,1699.07,4.0,8.0,7.0,10.0,1.0,0.0,H,0.0,0.0,D,12.0,12.0,5.0,2.0,12.0,14.0,1.0,3.0,2.0,1.0,1.0,0.0,3.62,3.77,1.92
T1,2024-12-08,Eyupspor,Samsunspor,1365.96,1430.34,4.0,7.0,5.0,11.0,3.0,0.0,H,0.0,0.0,D,15.0,12.0,5.0,2.0,14.0,18.0,5.0,3.0,2.0,2.0,0.0,0.0,2.87,3.23,2.45
T1,2024-12-08,Kayserispor,Alanyaspor,1349.54,1416.18,1.0,2.0,4.0,7.0,2.0,0.0,H,0.0,0.0,D,11.0,9.0,6.0,5.0,15.0,10.0,5.0,10.0,5.0,3.0,0.0,0.0,2.33,3.41,2.92
T1,2024-12-08,Sivasspor,Galatasaray,1413.39,1716.98,4.0,4.0,7.0,11.0,2.0,3.0,A,1.0,2.0,A,11.0,16.0,5.0,8.0,16.0,8.0,3.0,7.0,6.0,4.0,0.0,1.0,5.55,5.22,1.43
T1,2024-12-08,Buyuksehyr,Hatayspor,1454.23,1292.11,3.0,7.0,2.0,3.0,3.0,0.0,H,0.0,0.0,D,19.0,8.0,6.0,1.0,12.0,19.0,7.0,5.0,1.0,3.0,0.0,0.0,1.74,3.72,4.44
T1,2024-12-09,Gaziantep,Rizespor,,1368.07,4.0,5.0,9.0,12.0,1.0,0.0,H,1.0,0.0,H,7.0,13.0,2.0,3.0,13.0,11.0,3.0,5.0,3.0,1.0,0.0,0.0,2.5,3.4,2.66
T1,2024-12-13,Bodrumspor,Sivasspor,1300.85,1413.39,0.0,4.0,1.0,4.0,2.0,0.0,H,0.0,0.0,D,10.0,7.0,5.0,0.0,17.0,11.0,4.0,2.0,3.0,1.0,0.0,1.0,2.02,3.45,3.65
T1,2024-12-13,Kasimpasa,Eyupspor,1411.37,1365.96,5.0,7.0,4.0,7.0,2.0,0.0,H,0.0,0.0,D,17.0,9.0,4.0,3.0,12.0,12.0,7.0,6.0,3.0,2.0,0.0,0.0,2.38,3.4,2.89
T1,2024-12-14,Rizespor,Konyaspor,1368.07,1392.12,6.0,12.0,5.0,8.0,1.0,1.0,D,1.0,0.0,H,23.0,8.0,8.0,2.0,18.0,16.0,8.0,4.0,2.0,2.0,0.0,0.0,2.1,3.26,3.6
T1,2024-12-14,Alanyaspor,Gaziantep,1416.18,,4.0,4.0,6.0,8.0,3.0,0.0,H,0.0,0.0,D,20.0,8.0,6.0,1.0,7.0,13.0,6.0,1.0,2.0,3.0,0.0,0.0,1.96,3.56,3.64
T1,2024-12-15,Hatayspor,Goztep,1288.52,1379.51,2.0,3.0,6.0,9.0,1.0,1.0,D,0.0,1.0,A,18.0,15.0,5.0,6.0,7.0,14.0,7.0,6.0,1.0,3.0,0.0,0.0,2.93,3.41,2.34
T1,2024-12-15,Antalyaspor,Kayserispor,1385.58,1349.45,4.0,4.0,3.0,5.0,2.0,0.0,H,1.0,0.0,H,10.0,6.0,4.0,1.0,13.0,17.0,4.0,9.0,1.0,3.0,0.0,0.0,2.07,3.48,3.39
T1,2024-12-15,Fenerbahce,Buyuksehyr,1676.5,1472.0,6.0,10.0,6.0,7.0,3.0,1.0,H,1.0,0.0,H,22.0,2.0,7.0,1.0,14.0,9.0,14.0,0.0,1.0,5.0,0.0,1.0,1.36,5.14,7.32
T1,2024-12-16,Ad. Demirspor,Besiktas,1299.5,1482.16,0.0,0.0,4.0,8.0,2.0,1.0,H,2.0,0.0,H,14.0,18.0,7.0,10.0,10.0,13.0,2.0,14.0,3.0,1.0,0.0,1.0,7.88,5.25,1.34
T1,2024-12-16,Galatasaray,Trabzonspor,1706.7,1452.73,7.0,13.0,4.0,8.0,4.0,3.0,H,2.0,1.0,H,22.0,16.0,11.0,6.0,13.0,17.0,10.0,6.0,3.0,3.0,0.0,0.0,1.32,5.72,7.29
T1,2024-12-20,Eyupspor,Fenerbahce,1378.36,1676.5,4.0,7.0,6.0,10.0,1.0,1.0,D,1.0,1.0,D,13.0,14.0,3.0,9.0,12.0,10.0,3.0,9.0,6.0,4.0,0.0,0.0,5.19,4.45,1.55
T1,2024-12-21,Sivasspor,Samsunspor,1395.73,1414.97,0.0,4.0,4.0,8.0,0.0,0.0,D,0.0,0.0,D,10.0,17.0,2.0,6.0,9.0,14.0,2.0,10.0,4.0,3.0,1.0,0.0,3.67,3.41,2.02
T1,2024-12-21,Besiktas,Alanyaspor,1482.16,1412.28,4.0,7.0,6.0,7.0,1.0,1.0,D,1.0,1.0,D,12.0,9.0,5.0,1.0,16.0,16.0,6.0,7.0,1.0,2.0,0.0,0.0,1.65,4.1,4.63
T1,2024-12-22,Gaziantep,Antalyaspor,,1385.58,3.0,7.0,7.0,7.0,2.0,0.0,H,1.0,0.0,H,20.0,8.0,7.0,1.0,13.0,12.0,4.0,3.0,1.0,4.0,0.0,1.0,2.19,3.39,3.22
T1,2024-12-22,Goztep,Rizespor,1379.51,1368.93,4.0,7.0,4.0,10.0,3.0,0.0,H,1.0,0.0,H,16.0,11.0,5.0,2.0,12.0,16.0,3.0,5.0,0.0,0.0,0.0,0.0,2.04,3.42,3.58
T1,2024-12-22,Kayserispor,Galatasaray,1349.45,1706.7,3.0,4.0,7.0,13.0,1.0,5.0,A,1.0,2.0,A,15.0,20.0,6.0,11.0,7.0,5.0,7.0,7.0,1.0,0.0,0.0,0.0,7.34,5.51,1.34
T1,2024-12-22,Trabzonspor,Bodrumspor,1452.73,1312.48,1.0,7.0,3.0,4.0,1.0,0.0,H,0.0,0.0,D,14.0,12.0,5.0,5.0,16.0,12.0,8.0,4.0,4.0,2.0,0.0,0.0,1.56,4.19,5.36
T1,2024-12-23,Buyuksehyr,Kasimpasa,1472.0,1420.82,6.0,6.0,5.0,9.0,2.0,2.0,D,2.0,1.0,H,19.0,13.0,8.0,4.0,17.0,19.0,4.0,4.0,2.0,4.0,0.0,0.0,2.08,3.48,3.38
T1,2024-12-23,Hatayspor,Ad. Demirspor,1288.52,1299.5,2.0,3.0,3.0,3.0,1.0,3.0,A,1.0,0.0,H,15.0,12.0,7.0,3.0,13.0,9.0,4.0,6.0,5.0,3.0,1.0,0.0,1.62,4.04,4.96
T1,2025-01-03,Alanyaspor,Konyaspor,1417.34,1391.55,4.0,8.0,5.0,6.0,2.0,1.0,H,1.0,0.0,H,12.0,8.0,6.0,3.0,17.0,15.0,7.0,2.0,3.0,4.0,0.0,0.0,2.08,3.27,3.61
T1,2025-01-03,Rizespor,Besiktas,1359.98,1469.28,1.0,7.0,4.0,5.0,1.0,1.0,D,1.0,1.0,D,21.0,9.0,5.0,2.0,17.0,15.0,6.0,2.0,4.0,2.0,0.0,0.0,2.57,3.42,2.61
T1,2025-01-04,Ad. Demirspor,Buyuksehyr,1325.15,1470.81,6.0,6.0,4.0,7.0,0.0,1.0,A,0.0,1.0,A,10.0,11.0,2.0,6.0,6.0,12.0,3.0,3.0,0.0,5.0,0.0,0.0,5.15,4.15,1.59
T1,2025-01-04,Antalyaspor,Eyupspor,1384.81,1385.8,4.0,7.0,4.0,5.0,1.0,4.0,A,0.0,3.0,A,22.0,15.0,8.0,6.0,13.0,5.0,11.0,4.0,2.0,3.0,0.0,0.0,2.49,3.44,2.68
T1,2025-01-04,Galatasaray,Goztep,1714.03,1390.86,9.0,13.0,7.0,10.0,2.0,1.0,H,1.0,1.0,D,11.0,7.0,3.0,2.0,12.0,15.0,9.0,4.0,1.0,2.0,0.0,0.0,1.31,5.7,8.0
T1,2025-01-04,Samsunspor,Trabzonspor,1417.92,1455.86,4.0,6.0,4.0,7.0,2.0,1.0,H,1.0,0.0,H,9.0,14.0,3.0,5.0,7.0,8.0,2.0,8.0,1.0,1.0,0.0,0.0,2.14,3.56,3.15
T1,2025-01-05,Kasimpasa,Gaziantep,1425.73,,5.0,9.0,6.0,9.0,2.0,2.0,D,2.0,1.0,H,17.0,9.0,4.0,5.0,11.0,11.0,7.0,2.0,3.0,4.0,0.0,0.0,1.8,3.75,4.12
T1,2025-01-05,Bodrumspor,Kayserispor,1310.67,1339.32,3.0,3.0,3.0,3.0,1.0,1.0,D,0.0,0.0,D,14.0,8.0,4.0,3.0,10.0,13.0,6.0,6.0,2.0,4.0,0.0,0.0,2.1,3.3,3.49
T1,2025-01-05,Fenerbahce,Hatayspor,1675.59,1277.68,4.0,10.0,1.0,3.0,2.0,1.0,H,2.0,1.0,H,18.0,4.0,9.0,2.0,8.0,7.0,7.0,1.0,3.0,4.0,0.0,0.0,1.08,10.37,24.24
T1,2025-01-11,Kayserispor,Samsunspor,1339.32,1417.92,1.0,4.0,4.0,8.0,0.0,1.0,A,0.0,1.0,A,8.0,11.0,1.0,3.0,15.0,14.0,5.0,3.0,1.0,2.0,0.0,0.0,3.18,3.44,2.17
T1,2025-01-11,Hatayspor,Rizespor,1277.68,1359.98,1.0,2.0,2.0,5.0,1.0,2.0,A,1.0,1.0,D,15.0,15.0,5.0,5.0,7.0,8.0,3.0,4.0,4.0,2.0,0.0,0.0,3.42,3.49,2.06
T1,2025-01-11,Besiktas,Bodrumspor,1469.28,1310.67,2.0,6.0,4.0,4.0,2.0,1.0,H,2.0,0.0,H,8.0,17.0,5.0,4.0,8.0,6.0,4.0,12.0,1.0,1.0,0.0,0.0,1.5,4.37,5.79
T1,2025-01-12,Sivasspor,Alanyaspor,1395.9,1417.34,1.0,2.0,7.0,10.0,1.0,1.0,D,1.0,0.0,H,9.0,8.0,3.0,2.0,7.0,12.0,2.0,6.0,2.0,1.0,0.0,0.0,2.8,3.37,2.44
T1,2025-01-12,Trabzonspor,Antalyaspor,1455.86,1384.81,3.0,4.0,3.0,7.0,5.0,0.0,H,1.0,0.0,H,16.0,10.0,6.0,2.0,14.0,19.0,7.0,5.0,1.0,0.0,0.0,0.0,1.54,4.33,5.36
T1,2025-01-12,Buyuksehyr,Galatasaray,1470.81,1714.03,4.0,10.0,9.0,13.0,1.0,2.0,A,0.0,1.0,A,7.0,14.0,2.0,3.0,17.0,16.0,7.0,5.0,4.0,4.0,0.0,0.0,4.75,4.38,1.59
T1,2025-01-12,Gaziantep,Ad. Demirspor,,1325.15,4.0,7.0,6.0,6.0,1.0,0.0,H,1.0,0.0,H,10.0,10.0,6.0,3.0,10.0,7.0,2.0,11.0,4.0,1.0,0.0,0.0,1.46,4.62,6.02
T1,2025-01-13,Goztep,Kasimpasa,1390.86,1425.73,4.0,7.0,5.0,7.0,5.0,0.0,H,1.0,0.0,H,18.0,10.0,10.0,0.0,10.0,11.0,8.0,3.0,1.0,4.0,0.0,1.0,1.94,3.62,3.63
T1,2025-01-13,Konyaspor,Fenerbahce,1391.55,1675.59,2.0,6.0,7.0,10.0,2.0,3.0,A,2.0,2.0,D,11.0,11.0,4.0,5.0,16.0,11.0,2.0,6.0,2.0,2.0,0.0,0.0,6.07,4.36,1.48
T1,2025-01-17,Hatayspor,Galatasaray,1269.27,1719.1,0.0,1.0,9.0,15.0,1.0,1.0,D,1.0,0.0,H,8.0,26.0,3.0,5.0,11.0,8.0,5.0,9.0,4.0,1.0,0.0,0.0,9.62,5.99,1.27
T1,2025-01-18,Buyuksehyr,Rizespor,1472.82,1368.8,4.0,7.0,4.0,5.0,2.0,0.0,H,1.0,0.0,H,7.0,11.0,4.0,3.0,27.0,15.0,2.0,8.0,3.0,3.0,0.0,0.0,2.22,3.43,3.13
T1,2025-01-18,Gaziantep,Bodrumspor,,1306.47,7.0,10.0,1.0,4.0,0.0,0.0,D,0.0,0.0,D,10.0,11.0,3.0,4.0,9.0,19.0,5.0,7.0,2.0,3.0,0.0,0.0,2.03,3.33,3.72
T1,2025-01-18,Besiktas,Samsunspor,1471.18,1432.75,5.0,8.0,7.0,10.0,0.0,0.0,D,0.0,0.0,D,24.0,5.0,6.0,3.0,6.0,16.0,5.0,4.0,0.0,4.0,0.0,1.0,2.11,3.56,3.2
T1,2025-01-19,Goztep,Antalyaspor,1405.44,1357.92,6.0,10.0,0.0,4.0,1.0,0.0,H,1.0,0.0,H,22.0,6.0,4.0,2.0,11.0,8.0,5.0,4.0,1.0,2.0,0.0,0.0,1.56,4.11,5.52
T1,2025-01-19,Konyaspor,Kasimpasa,1382.74,1406.62,1.0,5.0,2.0,6.0,3.0,3.0,D,1.0,0.0,H,16.0,14.0,7.0,7.0,17.0,7.0,12.0,7.0,0.0,0.0,0.0,0.0,2.09,3.37,3.4
T1,2025-01-19,Ad. Demirspor,Fenerbahce,1314.28,1679.44,3.0,6.0,7.0,10.0,0.0,4.0,A,0.0,0.0,D,3.0,21.0,2.0,10.0,14.0,11.0,2.0,11.0,1.0,1.0,1.0,0.0,14.52,8.21,1.15
T1,2025-01-19,Eyupspor,Alanyaspor,1402.79,1424.2,4.0,8.0,5.0,8.0,3.0,0.0,H,1.0,0.0,H,17.0,11.0,9.0,2.0,13.0,13.0,11.0,5.0,1.0,2.0,0.0,0.0,2.1,3.36,3.43
T1,2025-01-20,Trabzonspor,Sivasspor,1458.49,1394.79,6.0,7.0,2.0,2.0,4.0,0.0,H,3.0,0.0,H,14.0,12.0,6.0,3.0,20.0,7.0,7.0,3.0,0.0,2.0,0.0,0.0,1.49,4.52,5.77
T1,2025-01-24,Samsunspor,Gaziantep,1432.75,,7.0,8.0,5.0,8.0,2.0,1.0,H,1.0,0.0,H,15.0,12.0,3.0,3.0,20.0,14.0,7.0,2.0,0.0,0.0,0.0,0.0,1.68,3.87,4.9
T1,2025-01-25,Sivasspor,Kayserispor,1394.79,1332.86,2.0,2.0,1.0,4.0,5.0,2.0,H,3.0,0.0,H,19.0,15.0,8.0,5.0,8.0,14.0,6.0,6.0,2.0,3.0,0.0,2.0,2.2,3.4,3.22
T1,2025-01-25,Alanyaspor,Buyuksehyr,1424.2,1472.82,4.0,8.0,6.0,7.0,5.0,4.0,H,2.0,2.0,D,14.0,12.0,7.0,6.0,16.0,14.0,4.0,4.0,8.0,5.0,0.0,0.0,2.56,3.16,2.83
T1,2025-01-25,Galatasaray,Konyaspor,1719.1,1382.74,7.0,13.0,1.0,3.0,1.0,0.0,H,1.0,0.0,H,18.0,7.0,9.0,0.0,15.0,18.0,6.0,2.0,2.0,1.0,0.0,0.0,1.21,7.01,10.93
T1,2025-01-26,Rizespor,Ad. Demirspor,1368.8,1314.28,4.0,5.0,0.0,6.0,3.0,2.0,H,1.0,0.0,H,14.0,12.0,6.0,3.0,23.0,9.0,8.0,2.0,4.0,3.0,0.0,0.0,1.32,5.29,8.59
T1,2025-01-26,Antalyaspor,Besiktas,1357.92,1471.18,0.0,3.0,5.0,6.0,1.0,1.0,D,0.0,0.0,D,6.0,8.0,3.0,3.0,18.0,9.0,1.0,5.0,1.0,2.0,0.0,0.0,3.86,3.7,1.87
T1,2025-01-26,Bodrumspor,Eyupspor,1306.47,1402.79,2.0,5.0,7.0,10.0,0.0,1.0,A,0.0,1.0,A,17.0,5.0,2.0,1.0,14.0,14.0,7.0,2.0,2.0,6.0,0.0,0.0,2.64,3.27,2.65
T1,2025-01-26,Fenerbahce,Goztep,1679.44,1405.44,9.0,13.0,6.0,10.0,3.0,2.0,H,0.0,1.0,A,13.0,15.0,6.0,6.0,16.0,25.0,4.0,4.0,3.0,2.0,0.0,0.0,1.37,4.98,7.35
T1,2025-01-27,Kasimpasa,Hatayspor,1406.62,1269.27,2.0,6.0,1.0,2.0,5.0,4.0,H,2.0,3.0,A,31.0,10.0,10.0,8.0,11.0,10.0,11.0,5.0,3.0,3.0,0.0,1.0,1.7,3.94,4.52
T1,2025-01-31,Eyupspor,Sivasspor,1402.79,1394.79,9.0,10.0,4.0,5.0,1.0,0.0,H,0.0,0.0,D,13.0,8.0,9.0,2.0,15.0,7.0,4.0,2.0,2.0,1.0,0.0,2.0,1.86,3.59,4.08
T1,2025-01-31,Konyaspor,Bodrumspor,1382.74,1306.47,1.0,2.0,1.0,2.0,3.0,1.0,H,2.0,0.0,H,12.0,11.0,3.0,3.0,13.0,11.0,5.0,7.0,2.0,1.0,0.0,0.0,1.97,3.29,4.0
T1,2025-02-01,Hatayspor,Antalyaspor,1276.51,1357.34,1.0,1.0,1.0,1.0,2.0,3.0,A,1.0,2.0,A,6.0,14.0,3.0,7.0,13.0,13.0,5.0,2.0,1.0,1.0,0.0,0.0,2.22,3.45,3.13
T1,2025-02-01,Kayserispor,Trabzonspor,1326.72,1470.64,1.0,1.0,6.0,9.0,0.0,0.0,D,0.0,0.0,D,11.0,9.0,5.0,4.0,17.0,9.0,4.0,4.0,4.0,3.0,0.0,1.0,3.83,3.75,1.87
T1,2025-02-01,Buyuksehyr,Samsunspor,1473.17,1443.3,3.0,7.0,7.0,11.0,4.0,0.0,H,1.0,0.0,H,16.0,8.0,6.0,1.0,8.0,7.0,4.0,6.0,2.0,2.0,0.0,0.0,2.15,3.35,3.32
T1,2025-02-02,Ad. Demirspor,Kasimpasa,1307.97,1413.9,0.0,3.0,4.0,6.0,3.0,5.0,A,1.0,1.0,D,11.0,14.0,7.0,7.0,13.0,11.0,5.0,4.0,2.0,2.0,0.0,0.0,4.03,3.94,1.78
T1,2025-02-02,Goztep,Alanyaspor,1411.62,1423.0,6.0,9.0,4.0,8.0,0.0,1.0,A,0.0,1.0,A,25.0,8.0,9.0,3.0,15.0,10.0,7.0,3.0,3.0,2.0,0.0,0.0,1.73,3.75,4.52
T1,2025-02-02,Fenerbahce,Rizespor,1686.0,1370.73,9.0,13.0,6.0,7.0,3.0,2.0,H,1.0,2.0,A,36.0,6.0,10.0,4.0,9.0,16.0,10.0,1.0,4.0,6.0,0.0,2.0,1.33,5.26,8.22
T1,2025-02-03,Gaziantep,Galatasaray,,1701.53,4.0,8.0,7.0,13.0,0.0,1.0,A,0.0,1.0,A,17.0,16.0,4.0,7.0,15.0,16.0,7.0,8.0,4.0,5.0,0.0,0.0,7.06,5.04,1.38
T1,2025-02-07,Samsunspor,Hatayspor,1443.3,1276.51,4.0,10.0,1.0,1.0,2.0,0.0,H,2.0,0.0,H,16.0,14.0,6.0,4.0,13.0,18.0,4.0,7.0,1.0,2.0,0.0,0.0,1.48,4.49,6.35
T1,2025-02-08,Kayserispor,Konyaspor,1326.72,1389.24,1.0,2.0,4.0,4.0,3.0,2.0,H,2.0,1.0,H,14.0,18.0,8.0,7.0,16.0,11.0,4.0,7.0,3.0,3.0,0.0,1.0,2.45,3.35,2.83
T1,2025-02-08,Sivasspor,Besiktas,1391.1,1490.46,3.0,5.0,5.0,7.0,0.0,2.0,A,0.0,1.0,A,7.0,13.0,4.0,6.0,8.0,12.0,5.0,5.0,0.0,0.0,0.0,0.0,3.66,3.66,1.95
T1,2025-02-09,Kasimpasa,Rizespor,1413.9,1370.73,7.0,8.0,3.0,7.0,3.0,2.0,H,2.0,1.0,H,12.0,10.0,5.0,2.0,10.0,16.0,4.0,11.0,2.0,5.0,0.0,0.0,2.03,3.58,3.4
T1,2025-02-09,Alanyaspor,Fenerbahce,1423.0,1686.0,6.0,10.0,9.0,15.0,0.0,2.0,A,0.0,2.0,A,12.0,8.0,3.0,5.0,17.0,13.0,2.0,3.0,4.0,4.0,0.0,0.0,5.87,4.38,1.5
T1,2025-02-09,Antalyaspor,Buyuksehyr,1357.34,1473.17,4.0,4.0,6.0,9.0,0.0,0.0,D,0.0,0.0,D,14.0,5.0,0.0,0.0,17.0,18.0,3.0,2.0,3.0,4.0,0.0,0.0,2.89,3.52,2.3
T1,2025-02-10,Bodrumspor,Goztep,1299.4,1411.62,1.0,2.0,3.0,6.0,0.0,0.0,D,0.0,0.0,D,8.0,14.0,1.0,1.0,4.0,14.0,4.0,5.0,0.0,1.0,0.0,0.0,3.17,3.36,2.21
T1,2025-02-10,Trabzonspor,Eyupspor,1470.64,1429.99,7.0,10.0,9.0,13.0,1.0,0.0,H,0.0,0.0,D,13.0,14.0,2.0,5.0,7.0,7.0,6.0,4.0,0.0,1.0,0.0,0.0,1.74,4.01,4.14
T1,2025-02-14,Ad. Demirspor,Antalyaspor,1307.97,1357.34,0.0,0.0,5.0,5.0,1.0,1.0,D,1.0,1.0,D,5.0,17.0,3.0,8.0,19.0,12.0,0.0,9.0,3.0,6.0,0.0,0.0,4.18,3.78,1.81
T1,2025-02-15,Gaziantep,Sivasspor,,1378.48,1.0,5.0,3.0,4.0,2.0,1.0,H,1.0,1.0,D,12.0,10.0,6.0,2.0,20.0,15.0,6.0,2.0,4.0,5.0,0.0,0.0,2.04,3.53,3.51
T1,2025-02-15,Buyuksehyr,Bodrumspor,1480.56,1298.0,4.0,7.0,1.0,2.0,0.0,1.0,A,0.0,0.0,D,14.0,7.0,3.0,3.0,10.0,11.0,1.0,1.0,4.0,1.0,1.0,0.0,1.79,3.49,4.71
T1,2025-02-15,Besiktas,Trabzonspor,1498.51,1471.64,5.0,9.0,7.0,10.0,2.0,1.0,H,0.0,1.0,A,12.0,6.0,3.0,1.0,16.0,16.0,8.0,1.0,2.0,1.0,0.0,0.0,1.85,3.66,4.04
T1,2025-02-16,Hatayspor,Alanyaspor,1262.19,1425.02,0.0,1.0,6.0,7.0,1.0,0.0,H,0.0,0.0,D,14.0,16.0,5.0,4.0,16.0,16.0,3.0,6.0,5.0,3.0,0.0,1.0,2.93,3.42,2.32
T1,2025-02-16,Eyupspor,Kayserispor,1422.4,1334.21,6.0,12.0,4.0,5.0,1.0,1.0,D,0.0,0.0,D,6.0,9.0,2.0,5.0,12.0,15.0,4.0,6.0,3.0,3.0,0.0,0.0,1.86,3.6,4.02
T1,2025-02-16,Konyaspor,Samsunspor,1379.2,1434.13,3.0,4.0,6.0,10.0,0.0,1.0,A,0.0,1.0,A,9.0,10.0,3.0,6.0,12.0,14.0,7.0,5.0,4.0,6.0,0.0,0.0,2.54,3.26,2.76
T1,2025-02-16,Fenerbahce,Kasimpasa,1698.83,1426.23,9.0,15.0,9.0,10.0,3.0,1.0,H,1.0,0.0,H,13.0,13.0,6.0,5.0,15.0,12.0,1.0,3.0,1.0,1.0,0.0,0.0,1.23,6.55,9.77
T1,2025-02-17,Rizespor,Galatasaray,1362.35,1687.33,3.0,6.0,7.0,13.0,1.0,2.0,A,0.0,0.0,D,16.0,18.0,4.0,3.0,11.0,15.0,3.0,7.0,3.0,2.0,0.0,0.0,4.71,4.28,1.62
T1,2025-02-21,Bodrumspor,Hatayspor,1298.0,1262.19,4.0,5.0,3.0,4.0,1.0,0.0,H,1.0,0.0,H,10.0,8.0,4.0,3.0,10.0,13.0,9.0,6.0,1.0,2.0,0.0,0.0,1.67,3.71,5.29
T1,2025-02-21,Eyupspor,Besiktas,1422.4,1498.51,4.0,10.0,7.0,11.0,1.0,3.0,A,1.0,2.0,A,7.0,18.0,3.0,7.0,10.0,7.0,4.0,2.0,2.0,1.0,0.0,0.0,3.22,3.38,2.22
T1,2025-02-22,Sivasspor,Konyaspor,1378.48,1379.2,0.0,3.0,3.0,4.0,1.0,1.0,D,1.0,1.0,D,11.0,9.0,2.0,5.0,11.0,18.0,4.0,2.0,2.0,4.0,1.0,0.0,2.69,3.2,2.69
T1,2025-02-22,Antalyaspor,Kasimpasa,1364.39,1426.23,5.0,6.0,6.0,10.0,2.0,1.0,H,2.0,0.0,H,9.0,11.0,5.0,5.0,19.0,11.0,4.0,6.0,1.0,2.0,0.0,0.0,2.36,3.54,2.84
T1,2025-02-22,Samsunspor,Rizespor,1434.13,1362.35,6.0,10.0,0.0,3.0,2.0,3.0,A,2.0,0.0,H,9.0,13.0,3.0,4.0,12.0,13.0,1.0,5.0,1.0,2.0,0.0,0.0,2.04,3.44,3.56
T1,2025-02-23,Kayserispor,Goztep,1334.21,1398.93,5.0,5.0,1.0,7.0,1.0,0.0,H,1.0,0.0,H,10.0,15.0,4.0,3.0,14.0,14.0,5.0,3.0,1.0,2.0,0.0,0.0,3.15,3.53,2.15
T1,2025-02-23,Alanyaspor,Ad. Demirspor,1425.02,1295.8,3.0,6.0,1.0,1.0,3.0,2.0,H,0.0,2.0,A,25.0,7.0,9.0,5.0,15.0,16.0,10.0,1.0,5.0,2.0,0.0,0.0,1.31,5.5,8.49
T1,2025-02-23,Trabzonspor,Gaziantep,1471.64,,4.0,10.0,3.0,7.0,3.0,2.0,H,2.0,0.0,H,20.0,17.0,6.0,6.0,18.0,14.0,1.0,6.0,1.0,1.0,0.0,0.0,1.69,4.06,4.39
T1,2025-02-24,Galatasaray,Fenerbahce,1687.33,1698.83,9.0,13.0,9.0,15.0,0.0,0.0,D,0.0,0.0,D,4.0,10.0,1.0,3.0,20.0,15.0,0.0,5.0,5.0,2.0,0.0,0.0,2.27,3.65,2.85
