Div,Date,HomeTeam,AwayTeam,HomeElo,AwayElo,Form3Home,Form5Home,Form3Away,Form5Away,FTHG,FTAG,FTR,HTHG,HTAG,HTR,HS,AS,HST,AST,HF,AF,HC,AC,HY,AY,HR,AR,B365H,B365D,B365A
E0,2017-01-01,Arsenal,Crystal Palace,1871.21,1621.97,3.0,9.0,1.0,5.0,2.0,0.0,H,1.0,0.0,H,22.0,7.0,7.0,4.0,9.0,7.0,8.0,4.0,1.0,1.0,0.0,0.0,1.29,5.5,9.5
E0,2017-01-01,Watford,Tottenham,1628.69,1826.26,1.0,4.0,9.0,12.0,1.0,4.0,A,0.0,3.0,A,6.0,19.0,2.0,6.0,11.0,6.0,0.0,3.0,3.0,0.0,0.0,0.0,5.5,3.75,1.62
E0,2017-01-02,Everton,Southampton,1707.4,1714.78,4.0,7.0,3.0,7.0,3.0,0.0,H,0.0,0.0,D,17.0,12.0,6.0,3.0,5.0,14.0,10.0,8.0,0.0,1.0,0.0,0.0,2.2,3.4,3.6
E0,2017-01-02,Man City,Burnley,1849.76,1636.49,6.0,9.0,6.0,9.0,2.0,1.0,H,0.0,0.0,D,14.0,11.0,3.0,3.0,11.0,11.0,8.0,8.0,4.0,3.0,1.0,0.0,1.17,8.5,19.0
E0,2017-01-02,Middlesbrough,Leicester,1604.71,1731.6,3.0,3.0,4.0,7.0,0.0,0.0,D,0.0,0.0,D,9.0,10.0,1.0,4.0,10.0,9.0,2.0,2.0,3.0,0.0,0.0,0.0,2.75,3.2,2.88
E0,2017-01-02,Sunderland,Liverpool,1600.66,1846.62,3.0,3.0,9.0,13.0,2.0,2.0,D,1.0,1.0,D,10.0,21.0,5.0,15.0,10.0,10.0,2.0,5.0,2.0,3.0,0.0,0.0,11.0,5.5,1.33
E0,2017-01-02,West Brom,Hull,1675.0,1550.28,3.0,6.0,1.0,2.0,3.0,1.0,H,0.0,1.0,A,8.0,17.0,5.0,6.0,5.0,4.0,7.0,9.0,0.0,0.0,0.0,0.0,1.75,3.7,5.5
E0,2017-01-02,West Ham,Man United,1673.26,1807.3,6.0,10.0,9.0,15.0,0.0,2.0,A,0.0,0.0,D,8.0,13.0,2.0,6.0,9.0,13.0,2.0,1.0,1.0,2.0,1.0,0.0,6.0,4.0,1.65
E0,2017-01-03,Bournemouth,Arsenal,1639.61,1871.21,3.0,6.0,6.0,9.0,3.0,3.0,D,2.0,0.0,H,12.0,14.0,6.0,4.0,10.0,12.0,4.0,7.0,3.0,3.0,1.0,0.0,4.33,3.4,1.85
E0,2017-01-03,Crystal Palace,Swansea,1621.97,1594.86,1.0,2.0,0.0,3.0,1.0,2.0,A,0.0,1.0,A,7.0,11.0,3.0,4.0,13.0,14.0,4.0,5.0,2.0,1.0,0.0,0.0,1.75,3.5,4.75
E0,2017-01-03,Stoke,Watford,1663.59,1628.69,1.0,2.0,1.0,4.0,2.0,0.0,H,1.0,0.0,H,17.0,9.0,5.0,2.0,10.0,15.0,7.0,6.0,1.0,2.0,0.0,0.0,1.8,3.5,4.5
E0,2017-01-04,Tottenham,Chelsea,1826.26,1876.37,9.0,12.0,9.0,15.0,2.0,0.0,H,1.0,0.0,H,9.0,11.0,2.0,2.0,9.0,8.0,1.0,6.0,3.0,2.0,0.0,0.0,2.63,3.25,2.63
E0,2017-01-14,Burnley,Southampton,1636.49,1714.78,6.0,6.0,0.0,4.0,1.0,0.0,H,0.0,0.0,D,9.0,20.0,3.0,5.0,14.0,14.0,2.0,7.0,1.0,2.0,0.0,0.0,3.6,3.4,2.2
E0,2017-01-14,Hull,Bournemouth,1550.28,1639.61,1.0,1.0,4.0,7.0,3.0,1.0,H,1.0,1.0,D,14.0,8.0,3.0,6.0,13.0,11.0,4.0,5.0,0.0,1.0,0.0,0.0,3.3,3.5,2.3
E0,2017-01-14,Leicester,Chelsea,1731.6,1876.37,4.0,5.0,6.0,12.0,0.0,3.0,A,0.0,1.0,A,7.0,8.0,2.0,3.0,8.0,9.0,3.0,5.0,1.0,0.0,0.0,0.0,6.0,4.1,1.62
E0,2017-01-14,Sunderland,Stoke,1600.66,1663.59,1.0,4.0,3.0,5.0,1.0,3.0,A,1.0,3.0,A,14.0,14.0,3.0,6.0,16.0,11.0,5.0,2.0,3.0,1.0,0.0,0.0,3.1,3.3,2.5
E0,2017-01-14,Swansea,Arsenal,1594.86,1871.21,3.0,3.0,7.0,7.0,0.0,4.0,A,0.0,1.0,A,12.0,14.0,3.0,6.0,12.0,8.0,3.0,2.0,2.0,0.0,0.0,0.0,7.0,4.75,1.5
E0,2017-01-14,Tottenham,West Brom,1826.26,1675.0,9.0,15.0,6.0,9.0,4.0,0.0,H,2.0,0.0,H,21.0,3.0,11.0,0.0,11.0,12.0,8.0,0.0,0.0,2.0,0.0,0.0,1.33,5.5,11.0
E0,2017-01-14,Watford,Middlesbrough,1628.69,1604.71,1.0,1.0,1.0,4.0,0.0,0.0,D,0.0,0.0,D,12.0,5.0,5.0,1.0,15.0,15.0,3.0,1.0,3.0,1.0,0.0,0.0,2.5,3.2,3.2
E0,2017-01-14,West Ham,Crystal Palace,1673.26,1621.97,3.0,9.0,1.0,1.0,3.0,0.0,H,0.0,0.0,D,14.0,10.0,3.0,1.0,10.0,14.0,2.0,2.0,4.0,2.0,0.0,0.0,2.38,3.4,3.2
E0,2017-01-15,Everton,Man City,1719.02,1852.16,7.0,10.0,6.0,12.0,4.0,0.0,H,1.0,0.0,H,6.0,13.0,4.0,5.0,17.0,7.0,3.0,6.0,2.0,2.0,0.0,0.0,4.5,4.0,1.8
E0,2017-01-15,Man United,Liverpool,1815.99,1841.74,9.0,15.0,7.0,13.0,1.0,1.0,D,0.0,1.0,A,9.0,13.0,3.0,4.0,17.0,13.0,5.0,7.0,1.0,3.0,0.0,0.0,2.15,3.4,3.75
E0,2017-01-21,Bournemouth,Watford,1631.47,1610.99,4.0,4.0,1.0,2.0,2.0,2.0,D,0.0,1.0,A,15.0,10.0,5.0,3.0,6.0,16.0,9.0,4.0,1.0,1.0,0.0,0.0,1.83,3.75,4.75
E0,2017-01-21,Crystal Palace,Everton,1600.11,1719.02,0.0,1.0,7.0,10.0,0.0,1.0,A,0.0,0.0,D,8.0,16.0,2.0,8.0,10.0,15.0,8.0,7.0,0.0,1.0,0.0,0.0,3.25,3.4,2.38
E0,2017-01-21,Liverpool,Swansea,1841.74,1598.42,5.0,11.0,3.0,3.0,2.0,3.0,A,0.0,0.0,D,16.0,6.0,5.0,3.0,7.0,7.0,6.0,3.0,1.0,1.0,0.0,0.0,1.22,7.0,15.0
E0,2017-01-21,Man City,Tottenham,1852.16,1851.05,3.0,9.0,9.0,15.0,2.0,2.0,D,0.0,0.0,D,17.0,6.0,7.0,2.0,10.0,7.0,5.0,4.0,2.0,4.0,0.0,0.0,2.15,3.5,3.6
E0,2017-01-21,Middlesbrough,West Ham,1608.53,1673.5,2.0,5.0,3.0,9.0,1.0,3.0,A,1.0,2.0,A,11.0,13.0,2.0,5.0,7.0,14.0,7.0,5.0,2.0,1.0,0.0,0.0,2.5,3.2,3.25
E0,2017-01-21,Stoke,Man United,1682.38,1815.99,6.0,7.0,7.0,13.0,1.0,1.0,D,1.0,0.0,H,6.0,25.0,1.0,8.0,12.0,13.0,1.0,7.0,4.0,0.0,0.0,0.0,6.0,4.2,1.6
E0,2017-01-21,West Brom,Sunderland,1674.35,1594.44,6.0,6.0,1.0,4.0,2.0,0.0,H,2.0,0.0,H,14.0,9.0,5.0,3.0,15.0,12.0,1.0,4.0,1.0,1.0,0.0,0.0,1.7,3.8,5.75
E0,2017-01-22,Arsenal,Burnley,1875.97,1642.42,7.0,10.0,6.0,9.0,2.0,1.0,H,0.0,0.0,D,24.0,13.0,8.0,7.0,12.0,11.0,10.0,4.0,1.0,3.0,1.0,0.0,1.2,7.5,17.0
E0,2017-01-22,Chelsea,Hull,1876.33,1557.51,6.0,12.0,4.0,4.0,2.0,0.0,H,1.0,0.0,H,9.0,9.0,5.0,4.0,12.0,10.0,9.0,7.0,1.0,3.0,0.0,0.0,1.18,8.0,19.0
E0,2017-01-22,Southampton,Leicester,1694.83,1719.21,0.0,3.0,4.0,5.0,3.0,0.0,H,2.0,0.0,H,20.0,11.0,7.0,2.0,8.0,10.0,7.0,2.0,0.0,1.0,0.0,0.0,1.83,3.5,5.25
E0,2017-01-31,Arsenal,Watford,1875.97,1610.99,7.0,13.0,2.0,3.0,1.0,2.0,A,0.0,2.0,A,20.0,10.0,5.0,6.0,12.0,15.0,9.0,5.0,3.0,3.0,0.0,0.0,1.22,7.0,15.0
E0,2017-01-31,Bournemouth,Crystal Palace,1631.47,1600.11,2.0,5.0,0.0,1.0,0.0,2.0,A,0.0,0.0,D,10.0,11.0,2.0,4.0,14.0,23.0,2.0,3.0,0.0,4.0,0.0,0.0,2.05,3.5,3.9
E0,2017-01-31,Burnley,Leicester,1642.42,1719.21,3.0,9.0,1.0,4.0,1.0,0.0,H,0.0,0.0,D,24.0,13.0,3.0,5.0,4.0,8.0,10.0,2.0,1.0,0.0,0.0,0.0,2.9,3.25,2.7
E0,2017-01-31,Liverpool,Chelsea,1841.74,1876.33,2.0,8.0,6.0,12.0,1.0,1.0,D,0.0,1.0,A,7.0,8.0,3.0,2.0,13.0,8.0,3.0,3.0,2.0,1.0,0.0,0.0,2.65,3.25,2.9
E0,2017-01-31,Middlesbrough,West Brom,1608.53,1674.35,2.0,2.0,6.0,9.0,1.0,1.0,D,1.0,1.0,D,11.0,16.0,3.0,5.0,12.0,13.0,4.0,2.0,2.0,1.0,0.0,0.0,2.7,3.1,3.0
E0,2017-01-31,Sunderland,Tottenham,1594.44,1851.05,1.0,1.0,7.0,13.0,0.0,0.0,D,0.0,0.0,D,3.0,14.0,1.0,3.0,9.0,13.0,2.0,12.0,2.0,1.0,0.0,0.0,9.5,5.25,1.36
E0,2017-01-31,Swansea,Southampton,1598.42,1694.83,6.0,6.0,3.0,3.0,2.0,1.0,H,1.0,0.0,H,11.0,10.0,5.0,2.0,10.0,19.0,5.0,4.0,2.0,0.0,0.0,0.0,3.4,3.4,2.3
E0,2017-02-01,Man United,Hull,1813.0,1555.68,5.0,11.0,3.0,4.0,0.0,0.0,D,0.0,0.0,D,15.0,6.0,6.0,2.0,20.0,16.0,7.0,1.0,1.0,4.0,0.0,0.0,1.2,7.5,17.0
E0,2017-02-01,Stoke,Everton,1684.28,1744.8,7.0,7.0,9.0,13.0,1.0,1.0,D,1.0,1.0,D,14.0,14.0,7.0,5.0,21.0,12.0,5.0,5.0,1.0,0.0,0.0,0.0,2.88,3.4,2.63
E0,2017-02-01,West Ham,Man City,1685.08,1831.11,6.0,9.0,4.0,7.0,0.0,4.0,A,0.0,3.0,A,6.0,11.0,1.0,4.0,11.0,14.0,2.0,4.0,3.0,3.0,0.0,0.0,6.0,4.5,1.57
E0,2017-02-04,Chelsea,Arsenal,1878.69,1862.85,7.0,10.0,6.0,10.0,3.0,1.0,H,1.0,0.0,H,13.0,9.0,6.0,5.0,14.0,8.0,10.0,13.0,1.0,1.0,0.0,0.0,1.95,3.6,4.2
E0,2017-02-04,Crystal Palace,Sunderland,1609.36,1593.02,3.0,3.0,1.0,2.0,0.0,4.0,A,0.0,4.0,A,21.0,10.0,9.0,7.0,8.0,8.0,6.0,1.0,3.0,3.0,0.0,0.0,1.7,3.9,5.5
E0,2017-02-04,Everton,Bournemouth,1744.8,1613.71,7.0,11.0,1.0,5.0,6.0,3.0,H,3.0,0.0,H,15.0,18.0,10.0,8.0,14.0,4.0,4.0,8.0,3.0,1.0,0.0,0.0,1.7,4.0,5.25
E0,2017-02-04,Hull,Liverpool,1555.68,1827.38,4.0,5.0,2.0,6.0,2.0,0.0,H,1.0,0.0,H,7.0,22.0,4.0,5.0,9.0,12.0,1.0,15.0,2.0,1.0,0.0,0.0,8.0,4.75,1.45
E0,2017-02-04,Southampton,West Ham,1698.14,1685.08,3.0,3.0,6.0,6.0,1.0,3.0,A,1.0,2.0,A,21.0,6.0,7.0,4.0,12.0,15.0,3.0,2.0,0.0,2.0,0.0,0.0,1.85,3.75,4.5
E0,2017-02-04,Tottenham,Middlesbrough,1847.3,1597.38,5.0,11.0,2.0,3.0,1.0,0.0,H,0.0,0.0,D,17.0,8.0,5.0,0.0,8.0,11.0,11.0,2.0,0.0,1.0,0.0,0.0,1.29,6.0,13.0
E0,2017-02-04,Watford,Burnley,1628.61,1648.4,5.0,5.0,6.0,9.0,2.0,1.0,H,2.0,0.0,H,16.0,11.0,7.0,7.0,12.0,10.0,3.0,6.0,5.0,0.0,0.0,1.0,2.15,3.3,3.9
E0,2017-02-04,West Brom,Stoke,1680.44,1684.28,4.0,10.0,5.0,8.0,1.0,0.0,H,1.0,0.0,H,16.0,12.0,4.0,2.0,6.0,13.0,5.0,6.0,2.0,2.0,0.0,0.0,2.3,3.25,3.5
E0,2017-02-05,Leicester,Man United,1699.12,1813.0,0.0,4.0,3.0,9.0,0.0,3.0,A,0.0,2.0,A,11.0,15.0,1.0,9.0,12.0,13.0,10.0,3.0,2.0,4.0,0.0,0.0,5.75,4.0,1.65
E0,2017-02-05,Man City,Swansea,1831.11,1622.07,4.0,7.0,6.0,9.0,2.0,1.0,H,1.0,0.0,H,17.0,4.0,5.0,2.0,9.0,13.0,10.0,3.0,2.0,3.0,0.0,0.0,1.22,7.0,15.0
E0,2017-02-11,Arsenal,Hull,1862.85,1555.68,3.0,7.0,4.0,7.0,2.0,0.0,H,1.0,0.0,H,17.0,9.0,7.0,4.0,12.0,9.0,3.0,8.0,3.0,1.0,0.0,1.0,1.29,6.0,13.0
E0,2017-02-11,Liverpool,Tottenham,1827.38,1847.3,1.0,3.0,5.0,11.0,2.0,0.0,H,2.0,0.0,H,17.0,7.0,9.0,2.0,14.0,14.0,10.0,3.0,3.0,4.0,0.0,0.0,2.3,3.4,3.4
E0,2017-02-11,Man United,Watford,1813.0,1628.61,5.0,9.0,7.0,8.0,2.0,0.0,H,1.0,0.0,H,22.0,9.0,11.0,3.0,10.0,12.0,5.0,1.0,1.0,0.0,0.0,0.0,1.25,6.5,14.0
E0,2017-02-11,Middlesbrough,Everton,1597.38,1744.8,1.0,3.0,7.0,13.0,0.0,0.0,D,0.0,0.0,D,9.0,7.0,3.0,3.0,14.0,9.0,5.0,2.0,2.0,0.0,0.0,0.0,3.9,3.3,2.15
E0,2017-02-11,Stoke,Crystal Palace,1684.28,1609.36,2.0,8.0,3.0,3.0,1.0,0.0,H,0.0,0.0,D,7.0,6.0,4.0,1.0,10.0,14.0,5.0,5.0,1.0,3.0,0.0,0.0,2.15,3.3,3.9
E0,2017-02-11,Sunderland,Southampton,1593.02,1698.14,4.0,5.0,3.0,3.0,0.0,4.0,A,0.0,2.0,A,6.0,15.0,1.0,8.0,12.0,14.0,6.0,2.0,1.0,0.0,0.0,0.0,3.9,3.4,2.1
E0,2017-02-11,West Ham,West Brom,1685.08,1680.44,6.0,9.0,7.0,10.0,2.0,2.0,D,0.0,1.0,A,16.0,8.0,4.0,3.0,7.0,14.0,7.0,5.0,3.0,2.0,0.0,0.0,2.25,3.3,3.6
E0,2017-02-12,Burnley,Chelsea,1648.4,1878.69,3.0,6.0,7.0,10.0,1.0,1.0,D,1.0,1.0,D,6.0,13.0,4.0,2.0,12.0,11.0,1.0,1.0,3.0,2.0,0.0,0.0,9.0,5.0,1.4
E0,2017-02-12,Swansea,Leicester,1622.07,1699.12,6.0,9.0,0.0,1.0,2.0,0.0,H,2.0,0.0,H,10.0,9.0,4.0,1.0,7.0,14.0,7.0,3.0,2.0,2.0,0.0,0.0,2.4,3.3,3.25
E0,2017-02-13,Bournemouth,Man City,1613.71,1831.11,1.0,2.0,7.0,10.0,0.0,2.0,A,0.0,1.0,A,5.0,17.0,1.0,5.0,8.0,11.0,3.0,7.0,2.0,3.0,0.0,0.0,7.5,5.0,1.44
E0,2017-02-25,Chelsea,Swansea,1882.35,1631.15,5.0,11.0,6.0,9.0,3.0,1.0,H,1.0,1.0,D,16.0,3.0,5.0,2.0,11.0,14.0,8.0,1.0,1.0,3.0,0.0,0.0,1.25,6.5,15.0
E0,2017-02-25,Crystal Palace,Middlesbrough,1584.73,1597.84,3.0,3.0,2.0,3.0,1.0,0.0,H,1.0,0.0,H,15.0,11.0,3.0,4.0,13.0,15.0,4.0,2.0,3.0,1.0,0.0,0.0,2.1,3.2,4.2
E0,2017-02-25,Everton,Sunderland,1748.66,1597.27,5.0,11.0,4.0,4.0,2.0,0.0,H,1.0,0.0,H,20.0,10.0,8.0,1.0,10.0,16.0,10.0,6.0,0.0,2.0,0.0,0.0,1.4,5.25,8.5
E0,2017-02-25,Hull,Burnley,1578.93,1646.21,4.0,7.0,4.0,7.0,1.0,1.0,D,0.0,0.0,D,15.0,10.0,1.0,3.0,8.0,13.0,6.0,3.0,1.0,1.0,0.0,1.0,2.15,3.3,3.9
E0,2017-02-25,Watford,West Ham,1631.68,1686.14,6.0,8.0,4.0,10.0,1.0,1.0,D,1.0,0.0,H,9.0,13.0,1.0,2.0,18.0,14.0,4.0,6.0,4.0,1.0,0.0,1.0,2.63,3.3,2.9
E0,2017-02-25,West Brom,Bournemouth,1688.98,1602.18,5.0,8.0,0.0,1.0,2.0,1.0,H,2.0,1.0,H,13.0,12.0,4.0,4.0,12.0,5.0,8.0,6.0,2.0,0.0,0.0,0.0,2.1,3.4,4.0
E0,2017-02-26,Tottenham,Stoke,1839.24,1681.82,4.0,8.0,4.0,8.0,4.0,0.0,H,4.0,0.0,H,21.0,5.0,9.0,3.0,11.0,14.0,8.0,5.0,2.0,3.0,0.0,0.0,1.44,5.0,7.5
E0,2017-02-27,Leicester,Liverpool,1675.5,1819.18,0.0,0.0,4.0,5.0,3.0,1.0,H,2.0,0.0,H,13.0,17.0,7.0,7.0,8.0,5.0,5.0,12.0,0.0,0.0,0.0,0.0,5.5,4.2,1.65
E0,2017-03-04,Leicester,Hull,1685.54,1575.28,3.0,3.0,4.0,5.0,3.0,1.0,H,1.0,1.0,D,17.0,10.0,5.0,4.0,12.0,13.0,10.0,4.0,1.0,1.0,0.0,0.0,1.85,3.6,4.75
E0,2017-03-04,Liverpool,Arsenal,1801.24,1844.3,3.0,4.0,3.0,9.0,3.0,1.0,H,2.0,0.0,H,18.0,7.0,7.0,3.0,8.0,15.0,9.0,3.0,1.0,2.0,0.0,0.0,2.15,3.6,3.6
E0,2017-03-04,Man United,Bournemouth,1830.49,1594.02,7.0,9.0,0.0,1.0,1.0,1.0,D,1.0,1.0,D,20.0,3.0,7.0,1.0,9.0,11.0,15.0,2.0,3.0,2.0,0.0,1.0,1.25,6.5,15.0
E0,2017-03-04,Stoke,Middlesbrough,1671.08,1587.2,3.0,5.0,1.0,2.0,2.0,0.0,H,2.0,0.0,H,13.0,8.0,8.0,2.0,16.0,20.0,6.0,1.0,1.0,2.0,0.0,0.0,1.95,3.4,4.5
E0,2017-03-04,Swansea,Burnley,1624.75,1642.37,3.0,9.0,2.0,5.0,3.0,2.0,H,1.0,1.0,D,23.0,6.0,10.0,4.0,7.0,13.0,9.0,2.0,2.0,2.0,0.0,0.0,2.0,3.5,4.2
E0,2017-03-04,Watford,Southampton,1627.66,1695.66,4.0,8.0,3.0,6.0,3.0,4.0,A,1.0,2.0,A,16.0,20.0,4.0,11.0,16.0,9.0,6.0,5.0,3.0,2.0,0.0,0.0,3.6,3.4,2.2
E0,2017-03-04,West Brom,Crystal Palace,1689.65,1587.89,7.0,11.0,3.0,6.0,0.0,2.0,A,0.0,0.0,D,11.0,10.0,1.0,4.0,8.0,12.0,5.0,5.0,0.0,1.0,0.0,0.0,2.2,3.3,3.8
E0,2017-03-05,Sunderland,Man City,1588.99,1853.88,3.0,4.0,9.0,10.0,0.0,2.0,A,0.0,1.0,A,11.0,14.0,3.0,7.0,11.0,4.0,6.0,4.0,1.0,0.0,0.0,0.0,11.0,6.5,1.29
E0,2017-03-05,Tottenham,Everton,1820.44,1749.45,6.0,8.0,7.0,11.0,3.0,2.0,H,1.0,0.0,H,20.0,8.0,7.0,4.0,9.0,14.0,7.0,2.0,1.0,2.0,0.0,0.0,1.67,4.2,5.25
E0,2017-03-06,West Ham,Chelsea,1682.67,1881.26,5.0,8.0,7.0,11.0,1.0,2.0,A,0.0,1.0,A,11.0,9.0,2.0,4.0,8.0,8.0,6.0,4.0,0.0,1.0,0.0,0.0,6.0,4.1,1.62
E0,2017-03-08,Man City,Stoke,1853.88,1671.08,9.0,13.0,6.0,7.0,0.0,0.0,D,0.0,0.0,D,12.0,5.0,1.0,2.0,8.0,11.0,8.0,1.0,1.0,3.0,0.0,0.0,1.25,6.5,15.0
E0,2017-03-11,Bournemouth,West Ham,1594.02,1682.67,1.0,1.0,2.0,5.0,3.0,2.0,H,1.0,1.0,D,21.0,15.0,9.0,7.0,20.0,15.0,5.0,6.0,4.0,2.0,0.0,0.0,2.6,3.5,2.8
E0,2017-03-11,Everton,West Brom,1749.45,1689.65,4.0,8.0,4.0,8.0,3.0,0.0,H,2.0,0.0,H,16.0,5.0,5.0,2.0,8.0,12.0,4.0,6.0,1.0,2.0,0.0,0.0,1.67,3.8,6.0
E0,2017-03-11,Hull,Swansea,1575.28,1624.75,1.0,5.0,6.0,9.0,2.0,1.0,H,0.0,0.0,D,15.0,11.0,7.0,3.0,14.0,5.0,2.0,7.0,3.0,1.0,0.0,0.0,2.55,3.3,3.0
E0,2017-03-12,Liverpool,Burnley,1801.24,1642.37,6.0,7.0,2.0,5.0,2.0,1.0,H,1.0,1.0,D,10.0,11.0,3.0,1.0,12.0,16.0,11.0,1.0,2.0,2.0,0.0,0.0,1.25,6.5,14.0
E0,2017-03-18,Bournemouth,Swansea,1614.75,1629.34,4.0,4.0,3.0,6.0,2.0,0.0,H,1.0,0.0,H,12.0,10.0,6.0,1.0,10.0,9.0,2.0,4.0,0.0,2.0,0.0,0.0,2.15,3.5,3.6
E0,2017-03-18,Crystal Palace,Watford,1611.19,1625.29,6.0,9.0,1.0,7.0,1.0,0.0,H,0.0,0.0,D,7.0,6.0,0.0,2.0,8.0,15.0,3.0,2.0,0.0,2.0,0.0,0.0,1.91,3.5,4.75
E0,2017-03-18,Everton,Hull,1758.61,1583.18,6.0,10.0,4.0,7.0,4.0,0.0,H,1.0,0.0,H,14.0,6.0,8.0,0.0,9.0,7.0,5.0,8.0,2.0,0.0,0.0,1.0,1.53,4.33,7.0
E0,2017-03-18,Stoke,Chelsea,1689.41,1891.72,4.0,7.0,7.0,11.0,1.0,2.0,A,1.0,1.0,D,5.0,20.0,1.0,7.0,16.0,11.0,5.0,11.0,4.0,2.0,1.0,0.0,6.5,4.0,1.62
E0,2017-03-18,Sunderland,Burnley,1589.72,1638.51,0.0,4.0,1.0,2.0,0.0,0.0,D,0.0,0.0,D,14.0,17.0,5.0,3.0,14.0,7.0,3.0,5.0,2.0,1.0,0.0,0.0,2.55,3.3,3.0
E0,2017-03-18,West Brom,Arsenal,1669.58,1836.79,3.0,7.0,3.0,6.0,3.0,1.0,H,1.0,1.0,D,12.0,11.0,8.0,2.0,5.0,6.0,4.0,5.0,1.0,0.0,0.0,0.0,5.25,4.0,1.73
E0,2017-03-18,West Ham,Leicester,1675.54,1716.0,1.0,5.0,6.0,6.0,2.0,3.0,A,1.0,3.0,A,20.0,11.0,7.0,5.0,10.0,14.0,6.0,5.0,0.0,1.0,0.0,0.0,2.3,3.5,3.3
E0,2017-03-19,Man City,Liverpool,1858.33,1819.77,7.0,13.0,6.0,9.0,1.0,1.0,D,0.0,0.0,D,13.0,13.0,3.0,4.0,14.0,7.0,9.0,8.0,3.0,3.0,0.0,0.0,2.0,3.75,3.8
E0,2017-03-19,Middlesbrough,Man United,1586.38,1830.71,1.0,2.0,7.0,9.0,1.0,3.0,A,0.0,1.0,A,10.0,14.0,3.0,6.0,9.0,8.0,8.0,3.0,1.0,1.0,0.0,0.0,6.0,3.7,1.7
E0,2017-03-19,Tottenham,Southampton,1830.75,1709.37,6.0,10.0,6.0,9.0,2.0,1.0,H,2.0,0.0,H,12.0,8.0,6.0,3.0,12.0,13.0,5.0,1.0,3.0,3.0,0.0,0.0,1.73,3.8,5.5
E0,2017-04-01,Burnley,Tottenham,1635.49,1830.86,1.0,3.0,9.0,12.0,0.0,2.0,A,0.0,0.0,D,13.0,19.0,2.0,7.0,9.0,6.0,3.0,7.0,2.0,0.0,0.0,0.0,5.75,3.8,1.7
E0,2017-04-01,Chelsea,Crystal Palace,1892.9,1614.2,9.0,13.0,9.0,9.0,1.0,2.0,A,1.0,2.0,A,24.0,8.0,11.0,3.0,12.0,14.0,9.0,3.0,3.0,2.0,0.0,0.0,1.3,5.75,12.0
E0,2017-04-01,Hull,West Ham,1573.99,1663.36,3.0,4.0,0.0,2.0,2.0,1.0,H,0.0,1.0,A,7.0,12.0,3.0,4.0,16.0,9.0,5.0,5.0,2.0,2.0,0.0,0.0,2.45,3.4,3.1
E0,2017-04-01,Leicester,Stoke,1720.99,1681.05,9.0,9.0,4.0,7.0,2.0,0.0,H,1.0,0.0,H,23.0,10.0,10.0,2.0,7.0,11.0,10.0,4.0,1.0,4.0,0.0,0.0,2.05,3.5,4.0
E0,2017-04-01,Liverpool,Everton,1818.8,1760.61,7.0,10.0,6.0,10.0,3.0,1.0,H,2.0,1.0,H,10.0,9.0,6.0,4.0,17.0,10.0,2.0,3.0,1.0,3.0,0.0,0.0,1.73,3.9,5.25
E0,2017-04-01,Man United,West Brom,1837.49,1680.72,7.0,11.0,3.0,7.0,0.0,0.0,D,0.0,0.0,D,18.0,3.0,3.0,1.0,15.0,13.0,6.0,1.0,3.0,3.0,0.0,0.0,1.36,5.0,11.0
E0,2017-04-01,Southampton,Bournemouth,1702.08,1620.27,6.0,6.0,7.0,7.0,0.0,0.0,D,0.0,0.0,D,14.0,12.0,4.0,3.0,14.0,8.0,6.0,3.0,1.0,0.0,0.0,0.0,1.65,4.0,6.0
E0,2017-04-01,Watford,Sunderland,1615.09,1585.54,1.0,4.0,1.0,4.0,1.0,0.0,H,0.0,0.0,D,23.0,11.0,10.0,3.0,12.0,8.0,13.0,9.0,1.0,3.0,0.0,0.0,1.85,3.6,4.75
E0,2017-04-02,Arsenal,Man City,1818.45,1836.25,3.0,3.0,5.0,11.0,2.0,2.0,D,1.0,2.0,A,8.0,14.0,3.0,5.0,8.0,15.0,3.0,8.0,3.0,2.0,0.0,0.0,3.1,3.75,2.3
E0,2017-04-02,Swansea,Middlesbrough,1616.64,1577.07,3.0,6.0,0.0,1.0,0.0,0.0,D,0.0,0.0,D,15.0,8.0,3.0,1.0,9.0,16.0,11.0,3.0,2.0,3.0,0.0,0.0,2.0,3.4,4.33
E0,2017-04-04,Burnley,Stoke,1635.49,1681.05,1.0,2.0,1.0,4.0,1.0,0.0,H,0.0,0.0,D,7.0,15.0,3.0,2.0,9.0,16.0,3.0,5.0,3.0,2.0,0.0,0.0,2.5,3.1,3.3
E0,2017-04-04,Leicester,Sunderland,1720.99,1585.54,9.0,12.0,1.0,1.0,2.0,0.0,H,0.0,0.0,D,19.0,15.0,8.0,3.0,12.0,13.0,5.0,6.0,0.0,1.0,0.0,0.0,1.45,4.5,8.5
E0,2017-04-04,Man United,Everton,1837.49,1760.61,5.0,11.0,6.0,9.0,1.0,1.0,D,0.0,1.0,A,18.0,11.0,3.0,4.0,10.0,18.0,6.0,5.0,1.0,4.0,0.0,1.0,1.57,4.2,6.5
E0,2017-04-04,Watford,West Brom,1615.09,1680.72,3.0,4.0,4.0,7.0,2.0,0.0,H,1.0,0.0,H,9.0,18.0,2.0,2.0,11.0,14.0,5.0,6.0,1.0,4.0,1.0,0.0,2.5,3.2,3.2
E0,2017-04-05,Arsenal,West Ham,1818.45,1663.36,1.0,4.0,0.0,1.0,3.0,0.0,H,0.0,0.0,D,21.0,7.0,8.0,2.0,11.0,5.0,5.0,0.0,2.0,2.0,0.0,0.0,1.4,5.25,8.0
E0,2017-04-05,Chelsea,Man City,1892.9,1836.25,6.0,10.0,3.0,9.0,2.0,1.0,H,2.0,1.0,H,10.0,17.0,4.0,7.0,10.0,14.0,2.0,9.0,1.0,3.0,0.0,0.0,2.4,3.5,3.1
E0,2017-04-05,Hull,Middlesbrough,1573.99,1577.07,6.0,7.0,1.0,2.0,4.0,2.0,H,3.0,2.0,H,17.0,12.0,5.0,4.0,13.0,12.0,8.0,4.0,2.0,1.0,0.0,0.0,2.05,3.3,4.2
E0,2017-04-05,Liverpool,Bournemouth,1818.8,1620.27,7.0,10.0,7.0,8.0,2.0,2.0,D,1.0,1.0,D,20.0,7.0,8.0,2.0,11.0,8.0,7.0,2.0,1.0,1.0,0.0,0.0,1.36,5.25,9.5
E0,2017-04-05,Southampton,Crystal Palace,1702.08,1614.2,4.0,7.0,9.0,12.0,3.0,1.0,H,1.0,1.0,D,25.0,17.0,9.0,3.0,16.0,11.0,11.0,11.0,2.0,1.0,0.0,0.0,1.83,3.7,4.75
E0,2017-04-05,Swansea,Tottenham,1616.64,1830.86,1.0,4.0,9.0,12.0,1.0,3.0,A,1.0,0.0,H,4.0,18.0,1.0,8.0,7.0,8.0,5.0,7.0,1.0,1.0,0.0,0.0,5.0,4.0,1.73
E0,2017-04-08,Bournemouth,Chelsea,1620.27,1892.9,5.0,9.0,6.0,12.0,1.0,3.0,A,1.0,2.0,A,12.0,15.0,1.0,5.0,7.0,11.0,4.0,4.0,2.0,3.0,0.0,0.0,6.5,4.0,1.6
E0,2017-04-08,Man City,Hull,1836.25,1573.99,2.0,6.0,6.0,9.0,3.0,1.0,H,1.0,0.0,H,23.0,6.0,7.0,1.0,6.0,8.0,7.0,3.0,0.0,2.0,0.0,0.0,1.2,7.5,17.0
E0,2017-04-08,Middlesbrough,Burnley,1577.07,1635.49,1.0,1.0,4.0,4.0,0.0,0.0,D,0.0,0.0,D,12.0,7.0,5.0,2.0,9.0,12.0,4.0,3.0,0.0,3.0,0.0,0.0,2.45,3.1,3.4
E0,2017-04-08,Stoke,Liverpool,1681.05,1818.8,0.0,4.0,5.0,11.0,1.0,2.0,A,1.0,0.0,H,9.0,14.0,4.0,4.0,7.0,11.0,5.0,8.0,0.0,2.0,0.0,0.0,4.0,3.75,1.95
E0,2017-04-08,Tottenham,Watford,1830.86,1615.09,9.0,15.0,6.0,7.0,4.0,0.0,H,3.0,0.0,H,19.0,8.0,6.0,2.0,12.0,12.0,7.0,5.0,0.0,1.0,0.0,0.0,1.25,6.5,15.0
E0,2017-04-08,West Brom,Southampton,1680.72,1702.08,4.0,4.0,4.0,10.0,0.0,1.0,A,0.0,1.0,A,17.0,10.0,6.0,3.0,12.0,12.0,7.0,3.0,2.0,2.0,0.0,0.0,3.0,3.3,2.55
E0,2017-04-08,West Ham,Swansea,1663.36,1616.64,0.0,0.0,1.0,4.0,1.0,0.0,H,1.0,0.0,H,14.0,4.0,6.0,1.0,12.0,12.0,4.0,3.0,5.0,1.0,0.0,0.0,2.1,3.6,3.7
E0,2017-04-09,Everton,Leicester,1760.61,1720.99,4.0,7.0,9.0,15.0,4.0,2.0,H,3.0,2.0,H,12.0,6.0,7.0,4.0,8.0,15.0,4.0,6.0,2.0,2.0,0.0,0.0,1.75,3.9,5.0
E0,2017-04-09,Sunderland,Man United,1585.54,1837.49,1.0,1.0,5.0,9.0,0.0,3.0,A,0.0,1.0,A,9.0,18.0,4.0,9.0,14.0,20.0,4.0,5.0,1.0,5.0,1.0,0.0,10.0,5.25,1.36
E0,2017-04-10,Crystal Palace,Arsenal,1614.2,1818.45,6.0,12.0,4.0,7.0,3.0,0.0,H,1.0,0.0,H,17.0,11.0,6.0,3.0,11.0,10.0,5.0,8.0,0.0,1.0,0.0,0.0,4.5,3.9,1.83
E0,2017-04-15,Crystal Palace,Leicester,1642.02,1724.19,6.0,12.0,6.0,12.0,2.0,2.0,D,0.0,1.0,A,15.0,6.0,4.0,2.0,10.0,16.0,8.0,5.0,0.0,2.0,0.0,0.0,1.73,3.6,4.75
E0,2017-04-15,Everton,Burnley,1765.41,1636.29,4.0,10.0,4.0,5.0,3.0,1.0,H,0.0,0.0,D,29.0,13.0,7.0,6.0,15.0,14.0,6.0,7.0,2.0,0.0,0.0,0.0,1.4,4.5,8.0
E0,2017-04-15,Southampton,Man City,1713.96,1835.28,7.0,10.0,4.0,6.0,0.0,3.0,A,0.0,0.0,D,8.0,18.0,1.0,5.0,9.0,8.0,3.0,8.0,3.0,0.0,0.0,0.0,4.33,4.0,1.73
E0,2017-04-15,Stoke,Hull,1660.13,1588.82,0.0,1.0,6.0,9.0,3.0,1.0,H,1.0,0.0,H,14.0,14.0,4.0,3.0,12.0,5.0,3.0,7.0,0.0,2.0,0.0,0.0,1.95,3.3,4.0
E0,2017-04-15,Sunderland,West Ham,1568.5,1655.14,0.0,1.0,3.0,3.0,2.0,2.0,D,1.0,1.0,D,14.0,7.0,4.0,3.0,14.0,10.0,8.0,1.0,1.0,0.0,0.0,1.0,3.3,3.25,2.2
E0,2017-04-15,Tottenham,Bournemouth,1848.49,1625.66,9.0,15.0,2.0,8.0,4.0,0.0,H,2.0,0.0,H,24.0,5.0,14.0,1.0,8.0,10.0,13.0,1.0,0.0,1.0,0.0,0.0,1.25,6.0,10.0
E0,2017-04-15,Watford,Swansea,1627.6,1602.37,6.0,6.0,1.0,1.0,1.0,0.0,H,1.0,0.0,H,15.0,13.0,7.0,4.0,8.0,13.0,6.0,2.0,0.0,0.0,0.0,0.0,2.4,3.3,2.9
E0,2017-04-16,Man United,Chelsea,1836.24,1888.05,5.0,9.0,6.0,12.0,2.0,0.0,H,1.0,0.0,H,9.0,5.0,3.0,0.0,16.0,20.0,1.0,3.0,3.0,3.0,0.0,0.0,2.55,3.2,2.8
E0,2017-04-16,West Brom,Liverpool,1665.84,1825.09,1.0,4.0,7.0,11.0,0.0,1.0,A,0.0,1.0,A,7.0,15.0,2.0,2.0,15.0,9.0,4.0,4.0,3.0,1.0,0.0,0.0,4.0,3.8,1.8
E0,2017-04-17,Middlesbrough,Arsenal,1570.97,1802.87,2.0,2.0,4.0,4.0,1.0,2.0,A,0.0,1.0,A,13.0,12.0,5.0,4.0,11.0,16.0,2.0,4.0,2.0,2.0,0.0,0.0,7.0,4.0,1.5
E0,2017-04-22,Bournemouth,Middlesbrough,1625.66,1570.97,1.0,5.0,1.0,2.0,4.0,0.0,H,2.0,0.0,H,20.0,5.0,10.0,2.0,4.0,14.0,4.0,3.0,0.0,2.0,0.0,1.0,1.85,3.75,4.5
E0,2017-04-22,Hull,Watford,1588.82,1627.6,3.0,6.0,6.0,9.0,2.0,0.0,H,0.0,0.0,D,8.0,13.0,3.0,2.0,10.0,11.0,4.0,7.0,3.0,1.0,1.0,0.0,1.91,3.7,4.33
E0,2017-04-22,Swansea,Stoke,1602.37,1660.13,0.0,1.0,3.0,3.0,2.0,0.0,H,1.0,0.0,H,10.0,9.0,6.0,3.0,5.0,14.0,11.0,4.0,2.0,2.0,0.0,0.0,2.2,3.4,3.6
E0,2017-04-22,West Ham,Everton,1655.14,1765.41,4.0,4.0,7.0,10.0,0.0,0.0,D,0.0,0.0,D,15.0,4.0,3.0,0.0,9.0,15.0,8.0,4.0,2.0,3.0,0.0,0.0,3.3,3.6,2.25
E0,2017-04-23,Burnley,Man United,1636.29,1836.24,4.0,5.0,7.0,11.0,0.0,2.0,A,0.0,2.0,A,8.0,12.0,0.0,6.0,17.0,16.0,3.0,3.0,2.0,1.0,0.0,0.0,5.75,4.0,1.67
E0,2017-04-23,Liverpool,Crystal Palace,1825.09,1642.02,7.0,11.0,4.0,10.0,1.0,2.0,A,1.0,1.0,D,14.0,7.0,1.0,3.0,8.0,10.0,4.0,3.0,1.0,2.0,0.0,0.0,1.5,4.75,7.0
E0,2017-04-25,Chelsea,Southampton,1888.05,1713.96,6.0,9.0,6.0,7.0,4.0,2.0,H,2.0,1.0,H,17.0,12.0,7.0,4.0,13.0,9.0,6.0,7.0,2.0,2.0,0.0,0.0,1.45,4.6,8.5
E0,2017-04-26,Arsenal,Leicester,1802.87,1724.19,6.0,7.0,4.0,10.0,1.0,0.0,H,0.0,0.0,D,12.0,7.0,5.0,3.0,9.0,13.0,12.0,1.0,2.0,4.0,0.0,0.0,1.6,4.5,5.75
E0,2017-04-26,Crystal Palace,Tottenham,1642.02,1848.49,7.0,10.0,9.0,15.0,0.0,1.0,A,0.0,0.0,D,6.0,18.0,1.0,4.0,13.0,15.0,2.0,11.0,3.0,3.0,0.0,0.0,5.5,4.2,1.65
E0,2017-04-26,Middlesbrough,Sunderland,1570.97,1568.5,1.0,2.0,1.0,2.0,1.0,0.0,H,1.0,0.0,H,6.0,10.0,2.0,4.0,15.0,11.0,3.0,5.0,3.0,3.0,0.0,0.0,2.3,3.4,3.4
E0,2017-04-27,Man City,Man United,1835.28,1836.24,6.0,8.0,9.0,11.0,0.0,0.0,D,0.0,0.0,D,19.0,3.0,6.0,1.0,10.0,8.0,7.0,4.0,1.0,0.0,0.0,1.0,1.91,3.75,4.2
E0,2017-04-29,Crystal Palace,Burnley,1642.02,1636.29,4.0,7.0,1.0,4.0,0.0,2.0,A,0.0,1.0,A,15.0,9.0,5.0,3.0,11.0,12.0,14.0,4.0,2.0,0.0,0.0,0.0,1.75,3.5,4.75
E0,2017-04-29,Southampton,Hull,1713.96,1588.82,3.0,7.0,3.0,9.0,0.0,0.0,D,0.0,0.0,D,11.0,9.0,2.0,1.0,9.0,13.0,6.0,6.0,0.0,3.0,0.0,0.0,1.6,3.75,5.75
E0,2017-04-29,Stoke,West Ham,1660.13,1655.14,3.0,3.0,5.0,5.0,0.0,0.0,D,0.0,0.0,D,19.0,12.0,4.0,4.0,12.0,3.0,5.0,3.0,1.0,0.0,0.0,0.0,2.0,3.5,3.6
E0,2017-04-29,Sunderland,Bournemouth,1568.5,1625.66,1.0,1.0,3.0,5.0,0.0,1.0,A,0.0,0.0,D,17.0,15.0,5.0,7.0,13.0,9.0,6.0,5.0,3.0,2.0,0.0,0.0,3.0,3.4,2.3
E0,2017-04-29,West Brom,Leicester,1665.84,1724.19,0.0,4.0,1.0,7.0,0.0,1.0,A,0.0,1.0,A,16.0,6.0,4.0,1.0,14.0,9.0,5.0,6.0,2.0,2.0,0.0,0.0,2.4,3.5,2.75
E0,2017-04-30,Everton,Chelsea,1765.41,1888.05,7.0,8.0,6.0,9.0,0.0,3.0,A,0.0,0.0,D,12.0,11.0,4.0,5.0,13.0,11.0,2.0,4.0,3.0,4.0,0.0,0.0,3.5,3.6,2.0
E0,2017-04-30,Man United,Swansea,1836.24,1602.37,7.0,11.0,3.0,4.0,1.0,1.0,D,1.0,0.0,H,12.0,12.0,6.0,4.0,11.0,13.0,5.0,2.0,2.0,2.0,0.0,0.0,1.36,4.75,8.0
E0,2017-04-30,Middlesbrough,Man City,1570.97,1835.28,3.0,4.0,7.0,8.0,2.0,2.0,D,1.0,0.0,H,14.0,22.0,6.0,4.0,9.0,9.0,4.0,11.0,4.0,4.0,0.0,0.0,13.0,5.25,1.25
E0,2017-04-30,Tottenham,Arsenal,1848.49,1802.87,9.0,15.0,6.0,10.0,2.0,0.0,H,0.0,0.0,D,20.0,12.0,11.0,4.0,7.0,15.0,14.0,5.0,1.0,3.0,0.0,0.0,1.85,3.75,4.0
E0,2017-05-01,Watford,Liverpool,1623.73,1817.71,3.0,9.0,6.0,10.0,0.0,1.0,A,0.0,1.0,A,9.0,12.0,2.0,8.0,11.0,9.0,3.0,5.0,3.0,1.0,0.0,0.0,5.75,4.5,1.5
E0,2017-05-05,West Ham,Tottenham,1659.27,1865.51,3.0,6.0,9.0,15.0,1.0,0.0,H,0.0,0.0,D,13.0,11.0,5.0,5.0,8.0,9.0,3.0,7.0,4.0,2.0,0.0,0.0,8.5,5.25,1.4
E0,2017-05-06,Bournemouth,Stoke,1640.7,1654.06,6.0,7.0,4.0,4.0,2.0,2.0,D,0.0,1.0,A,12.0,14.0,2.0,3.0,10.0,15.0,0.0,7.0,2.0,0.0,0.0,0.0,2.25,3.6,3.3
E0,2017-05-06,Burnley,West Brom,1641.38,1652.12,3.0,7.0,0.0,1.0,2.0,2.0,D,0.0,0.0,D,14.0,11.0,4.0,3.0,9.0,14.0,5.0,8.0,1.0,3.0,0.0,0.0,2.25,3.3,3.6
E0,2017-05-06,Hull,Sunderland,1598.54,1554.9,4.0,7.0,1.0,1.0,0.0,2.0,A,0.0,0.0,D,16.0,12.0,6.0,5.0,10.0,8.0,7.0,4.0,3.0,1.0,0.0,0.0,1.44,4.75,8.0
E0,2017-05-06,Leicester,Watford,1728.14,1623.73,4.0,7.0,3.0,6.0,3.0,0.0,H,1.0,0.0,H,11.0,14.0,5.0,7.0,8.0,10.0,10.0,1.0,0.0,0.0,0.0,0.0,1.57,4.2,6.5
E0,2017-05-06,Man City,Crystal Palace,1841.05,1636.2,5.0,8.0,3.0,7.0,5.0,0.0,H,1.0,0.0,H,26.0,5.0,12.0,2.0,12.0,8.0,9.0,3.0,1.0,3.0,0.0,0.0,1.29,6.5,11.0
E0,2017-05-06,Swansea,Everton,1616.38,1757.71,4.0,4.0,4.0,8.0,1.0,0.0,H,1.0,0.0,H,9.0,8.0,4.0,2.0,5.0,13.0,9.0,5.0,0.0,0.0,0.0,0.0,2.8,3.5,2.63
E0,2017-05-07,Arsenal,Man United,1805.3,1853.59,6.0,9.0,5.0,11.0,2.0,0.0,H,0.0,0.0,D,9.0,10.0,4.0,4.0,14.0,10.0,5.0,9.0,1.0,0.0,0.0,0.0,1.91,3.7,4.33
E0,2017-05-07,Liverpool,Southampton,1817.71,1694.13,6.0,10.0,1.0,7.0,0.0,0.0,D,0.0,0.0,D,17.0,4.0,8.0,0.0,9.0,4.0,3.0,6.0,1.0,3.0,0.0,0.0,1.62,4.2,6.0
E0,2017-05-08,Chelsea,Middlesbrough,1894.75,1569.34,6.0,12.0,4.0,5.0,3.0,0.0,H,2.0,0.0,H,21.0,2.0,7.0,1.0,8.0,21.0,8.0,1.0,0.0,2.0,0.0,0.0,1.17,9.0,19.0
E0,2017-05-10,Southampton,Arsenal,1694.13,1805.3,2.0,5.0,6.0,9.0,0.0,2.0,A,0.0,0.0,D,14.0,11.0,3.0,4.0,5.0,5.0,8.0,5.0,1.0,2.0,0.0,0.0,3.6,3.8,2.05
E0,2017-05-12,Everton,Watford,1757.71,1623.73,1.0,7.0,0.0,3.0,1.0,0.0,H,0.0,0.0,D,15.0,14.0,6.0,2.0,7.0,11.0,9.0,8.0,0.0,3.0,0.0,0.0,1.5,4.5,7.5
E0,2017-05-12,West Brom,Chelsea,1652.12,1894.75,1.0,1.0,9.0,12.0,0.0,1.0,A,0.0,0.0,D,7.0,24.0,2.0,5.0,13.0,8.0,5.0,8.0,3.0,0.0,0.0,0.0,10.0,5.25,1.36
E0,2017-05-13,Bournemouth,Burnley,1640.7,1641.38,7.0,7.0,4.0,5.0,2.0,1.0,H,1.0,0.0,H,18.0,14.0,6.0,3.0,6.0,11.0,7.0,1.0,0.0,1.0,0.0,0.0,1.91,3.75,4.2
E0,2017-05-13,Man City,Leicester,1841.05,1728.14,5.0,11.0,6.0,7.0,2.0,1.0,H,2.0,1.0,H,17.0,9.0,5.0,4.0,12.0,16.0,9.0,3.0,3.0,3.0,0.0,0.0,1.25,7.0,12.0
E0,2017-05-13,Middlesbrough,Southampton,1569.34,1694.13,4.0,4.0,2.0,2.0,1.0,2.0,A,0.0,1.0,A,14.0,14.0,3.0,4.0,19.0,11.0,6.0,3.0,3.0,0.0,0.0,0.0,4.0,3.6,2.0
E0,2017-05-13,Stoke,Arsenal,1654.06,1805.3,2.0,5.0,6.0,12.0,1.0,4.0,A,0.0,1.0,A,10.0,10.0,4.0,6.0,13.0,7.0,7.0,6.0,1.0,2.0,0.0,0.0,4.75,4.1,1.75
E0,2017-05-13,Sunderland,Swansea,1554.9,1616.38,3.0,4.0,7.0,7.0,0.0,2.0,A,0.0,2.0,A,13.0,3.0,4.0,3.0,13.0,6.0,8.0,4.0,4.0,0.0,0.0,0.0,4.2,3.8,1.91
E0,2017-05-14,Crystal Palace,Hull,1636.2,1598.54,0.0,4.0,4.0,4.0,4.0,0.0,H,2.0,0.0,H,12.0,9.0,4.0,0.0,13.0,14.0,3.0,7.0,3.0,5.0,0.0,0.0,2.1,3.6,3.75
E0,2017-05-14,Tottenham,Man United,1865.51,1853.59,6.0,12.0,2.0,8.0,2.0,1.0,H,1.0,0.0,H,14.0,8.0,7.0,2.0,14.0,15.0,8.0,3.0,1.0,2.0,0.0,0.0,1.73,3.9,5.25
E0,2017-05-14,West Ham,Liverpool,1659.27,1817.71,5.0,9.0,4.0,10.0,0.0,4.0,A,0.0,1.0,A,10.0,26.0,3.0,11.0,5.0,10.0,4.0,6.0,2.0,0.0,0.0,0.0,5.25,4.0,1.7
E0,2017-05-15,Chelsea,Watford,1902.82,1610.79,9.0,12.0,0.0,3.0,4.0,3.0,H,2.0,1.0,H,24.0,9.0,9.0,3.0,7.0,12.0,8.0,3.0,2.0,4.0,0.0,1.0,1.25,6.75,13.0
E0,2017-05-16,Arsenal,Sunderland,1837.19,1560.65,9.0,12.0,3.0,4.0,2.0,0.0,H,0.0,0.0,D,36.0,6.0,13.0,2.0,15.0,10.0,17.0,3.0,4.0,2.0,0.0,0.0,1.09,13.0,29.0
E0,2017-05-16,Man City,West Brom,1851.57,1651.82,7.0,11.0,1.0,1.0,3.0,1.0,H,2.0,0.0,H,21.0,5.0,10.0,2.0,8.0,11.0,7.0,1.0,1.0,2.0,0.0,0.0,1.14,9.0,23.0
E0,2017-05-17,Southampton,Man United,1698.48,1844.77,4.0,5.0,1.0,5.0,0.0,0.0,D,0.0,0.0,D,17.0,11.0,6.0,1.0,7.0,10.0,7.0,3.0,2.0,1.0,0.0,0.0,2.75,3.3,2.8
E0,2017-05-18,Leicester,Tottenham,1732.78,1862.23,6.0,7.0,6.0,12.0,1.0,6.0,A,0.0,2.0,A,12.0,26.0,5.0,12.0,11.0,8.0,4.0,4.0,3.0,1.0,0.0,0.0,4.5,3.8,1.85
E0,2017-05-21,Arsenal,Everton,1837.19,1753.27,9.0,12.0,3.0,7.0,3.0,1.0,H,2.0,0.0,H,17.0,22.0,9.0,7.0,10.0,15.0,4.0,6.0,2.0,4.0,1.0,0.0,1.45,5.0,7.5
E0,2017-05-21,Burnley,West Ham,1635.23,1660.15,4.0,4.0,4.0,6.0,1.0,2.0,A,1.0,1.0,D,9.0,14.0,1.0,4.0,11.0,14.0,2.0,5.0,2.0,2.0,0.0,0.0,2.45,3.5,3.0
E0,2017-05-21,Chelsea,Sunderland,1902.82,1560.65,9.0,15.0,3.0,3.0,5.0,1.0,H,1.0,1.0,D,28.0,7.0,8.0,3.0,8.0,15.0,11.0,1.0,1.0,1.0,0.0,0.0,1.14,9.0,23.0
E0,2017-05-21,Hull,Tottenham,1574.22,1862.23,1.0,4.0,6.0,12.0,1.0,7.0,A,0.0,3.0,A,10.0,19.0,4.0,14.0,14.0,5.0,2.0,3.0,0.0,0.0,0.0,0.0,7.0,4.75,1.5
E0,2017-05-21,Leicester,Bournemouth,1732.78,1646.69,3.0,6.0,7.0,10.0,1.0,1.0,D,0.0,1.0,A,21.0,10.0,5.0,4.0,11.0,10.0,9.0,1.0,4.0,1.0,0.0,0.0,2.0,3.6,4.0
E0,2017-05-21,Liverpool,Middlesbrough,1831.47,1562.03,7.0,10.0,1.0,4.0,3.0,0.0,H,1.0,0.0,H,25.0,9.0,10.0,3.0,13.0,8.0,3.0,3.0,0.0,1.0,0.0,0.0,1.14,9.0,23.0
E0,2017-05-21,Man United,Crystal Palace,1844.77,1643.24,1.0,3.0,3.0,6.0,2.0,0.0,H,2.0,0.0,H,9.0,6.0,2.0,1.0,16.0,10.0,3.0,6.0,2.0,0.0,0.0,0.0,2.5,3.3,3.1
E0,2017-05-21,Southampton,Stoke,1698.48,1648.08,4.0,6.0,2.0,5.0,0.0,1.0,A,0.0,0.0,D,14.0,14.0,6.0,3.0,12.0,10.0,4.0,10.0,2.0,4.0,0.0,0.0,1.8,3.8,4.75
E0,2017-05-21,Swansea,West Brom,1639.89,1651.82,7.0,10.0,1.0,1.0,2.0,1.0,H,0.0,1.0,A,12.0,16.0,2.0,5.0,8.0,10.0,7.0,4.0,1.0,1.0,0.0,0.0,2.1,3.5,3.75
E0,2017-05-21,Watford,Man City,1610.79,1851.57,0.0,0.0,9.0,11.0,0.0,5.0,A,0.0,4.0,A,6.0,15.0,3.0,9.0,12.0,10.0,4.0,5.0,1.0,0.0,0.0,0.0,11.0,6.0,1.3
E0,2017-08-11,Arsenal,Leicester,1847.96,1716.67,9.0,15.0,1.0,7.0,4.0,3.0,H,2.0,2.0,D,27.0,6.0,10.0,3.0,9.0,12.0,9.0,4.0,0.0,1.0,0.0,0.0,1.53,4.5,6.5
E0,2017-08-12,Brighton,Man City,1583.48,1866.48,1.0,7.0,9.0,13.0,0.0,2.0,A,0.0,0.0,D,6.0,14.0,2.0,4.0,6.0,9.0,3.0,10.0,0.0,2.0,0.0,0.0,11.0,5.5,1.33
E0,2017-08-12,Chelsea,Burnley,1909.08,1628.67,9.0,15.0,1.0,4.0,2.0,3.0,A,0.0,3.0,A,19.0,10.0,6.0,5.0,16.0,11.0,8.0,5.0,3.0,3.0,2.0,0.0,1.25,6.5,15.0
E0,2017-08-12,Crystal Palace,Huddersfield,1642.54,1475.48,3.0,3.0,3.0,4.0,0.0,3.0,A,0.0,2.0,A,14.0,8.0,4.0,6.0,7.0,19.0,12.0,9.0,1.0,3.0,0.0,0.0,1.83,3.6,5.0
E0,2017-08-12,Everton,Stoke,1750.22,1662.29,3.0,4.0,4.0,5.0,1.0,0.0,H,1.0,0.0,H,9.0,9.0,4.0,1.0,13.0,10.0,6.0,7.0,1.0,1.0,0.0,0.0,1.7,3.8,5.75
E0,2017-08-12,Southampton,Swansea,1691.74,1649.05,4.0,5.0,9.0,13.0,0.0,0.0,D,0.0,0.0,D,29.0,4.0,2.0,0.0,10.0,13.0,13.0,0.0,2.0,1.0,0.0,0.0,1.62,4.0,6.5
E0,2017-08-12,Watford,Liverpool,1603.35,1837.09,0.0,0.0,7.0,10.0,3.0,3.0,D,2.0,1.0,H,9.0,14.0,4.0,5.0,14.0,8.0,3.0,3.0,0.0,3.0,0.0,0.0,6.0,4.2,1.62
E0,2017-08-12,West Brom,Bournemouth,1644.81,1653.44,0.0,1.0,5.0,11.0,1.0,0.0,H,1.0,0.0,H,16.0,9.0,6.0,2.0,15.0,3.0,8.0,2.0,3.0,1.0,0.0,0.0,2.4,3.3,3.3
E0,2017-08-13,Man United,West Ham,1857.48,1672.23,4.0,5.0,6.0,8.0,4.0,0.0,H,1.0,0.0,H,22.0,9.0,6.0,1.0,19.0,7.0,11.0,1.0,2.0,2.0,0.0,0.0,1.3,5.75,12.0
E0,2017-08-13,Newcastle,Tottenham,1622.86,1887.19,9.0,10.0,9.0,12.0,0.0,2.0,A,0.0,0.0,D,6.0,18.0,3.0,6.0,6.0,10.0,5.0,7.0,1.0,2.0,1.0,0.0,5.5,4.0,1.7
E0,2017-08-19,Bournemouth,Watford,1647.5,1607.9,4.0,8.0,1.0,1.0,0.0,2.0,A,0.0,0.0,D,6.0,19.0,2.0,7.0,6.0,14.0,8.0,5.0,1.0,3.0,0.0,0.0,2.0,3.6,4.0
E0,2017-08-19,Burnley,West Brom,1644.61,1651.39,3.0,7.0,3.0,4.0,0.0,1.0,A,0.0,0.0,D,20.0,8.0,0.0,1.0,11.0,11.0,5.0,5.0,1.0,0.0,0.0,1.0,2.63,3.2,3.0
E0,2017-08-19,Leicester,Brighton,1713.68,1579.08,1.0,4.0,1.0,4.0,2.0,0.0,H,1.0,0.0,H,14.0,5.0,4.0,2.0,8.0,10.0,6.0,2.0,1.0,0.0,0.0,0.0,1.73,3.8,5.5
E0,2017-08-19,Liverpool,Crystal Palace,1833.19,1618.87,7.0,11.0,3.0,3.0,1.0,0.0,H,0.0,0.0,D,23.0,4.0,13.0,1.0,12.0,13.0,4.0,2.0,1.0,3.0,0.0,0.0,1.36,5.25,9.5
E0,2017-08-19,Southampton,West Ham,1688.75,1667.23,2.0,5.0,3.0,7.0,3.0,2.0,H,2.0,1.0,H,14.0,16.0,5.0,8.0,18.0,10.0,7.0,2.0,1.0,1.0,0.0,1.0,1.75,3.8,5.25
E0,2017-08-19,Stoke,Arsenal,1658.45,1851.6,3.0,5.0,9.0,15.0,1.0,0.0,H,0.0,0.0,D,11.0,18.0,4.0,6.0,6.0,11.0,2.0,9.0,0.0,0.0,0.0,0.0,4.5,3.8,1.85
E0,2017-08-19,Swansea,Man United,1652.69,1863.12,7.0,11.0,7.0,7.0,0.0,4.0,A,0.0,1.0,A,6.0,17.0,1.0,8.0,12.0,11.0,3.0,5.0,1.0,1.0,0.0,0.0,11.0,5.0,1.36
E0,2017-08-20,Huddersfield,Newcastle,1499.79,1618.11,3.0,6.0,6.0,9.0,1.0,0.0,H,0.0,0.0,D,7.0,13.0,3.0,5.0,13.0,10.0,7.0,3.0,3.0,4.0,0.0,0.0,2.5,3.25,3.2
E0,2017-08-20,Tottenham,Chelsea,1892.58,1893.78,9.0,12.0,6.0,12.0,1.0,2.0,A,0.0,1.0,A,18.0,9.0,6.0,2.0,14.0,21.0,14.0,3.0,3.0,3.0,0.0,0.0,2.1,3.6,3.75
E0,2017-08-21,Man City,Everton,1871.53,1755.67,9.0,15.0,6.0,6.0,1.0,1.0,D,0.0,1.0,A,19.0,7.0,6.0,2.0,7.0,9.0,7.0,1.0,1.0,2.0,1.0,1.0,1.33,5.75,10.0
E0,2017-08-26,Bournemouth,Man City,1647.5,1871.53,1.0,5.0,7.0,13.0,1.0,2.0,A,1.0,1.0,D,9.0,19.0,3.0,8.0,13.0,14.0,2.0,5.0,5.0,4.0,0.0,1.0,11.0,6.0,1.3
E0,2017-08-26,Crystal Palace,Swansea,1618.87,1652.69,0.0,3.0,4.0,10.0,0.0,2.0,A,0.0,1.0,A,16.0,7.0,3.0,3.0,9.0,6.0,1.0,1.0,4.0,1.0,0.0,0.0,1.95,3.5,4.33
E0,2017-08-26,Huddersfield,Southampton,1499.79,1688.75,6.0,9.0,4.0,8.0,0.0,0.0,D,0.0,0.0,D,16.0,6.0,6.0,3.0,10.0,10.0,5.0,4.0,0.0,1.0,0.0,0.0,3.9,3.4,2.1
E0,2017-08-26,Man United,Leicester,1863.12,1713.68,9.0,10.0,4.0,4.0,2.0,0.0,H,0.0,0.0,D,22.0,11.0,7.0,4.0,8.0,7.0,9.0,3.0,1.0,2.0,0.0,0.0,1.33,5.5,11.0
E0,2017-08-26,Newcastle,West Ham,1618.11,1667.23,3.0,9.0,3.0,6.0,3.0,0.0,H,1.0,0.0,H,16.0,8.0,8.0,3.0,17.0,11.0,7.0,5.0,1.0,3.0,0.0,0.0,2.3,3.4,3.4
E0,2017-08-26,Watford,Brighton,1607.9,1579.08,4.0,4.0,1.0,1.0,0.0,0.0,D,0.0,0.0,D,8.0,16.0,0.0,2.0,7.0,18.0,3.0,11.0,0.0,1.0,1.0,0.0,1.91,3.4,4.0
E0,2017-08-27,Chelsea,Everton,1893.78,1755.67,6.0,12.0,4.0,7.0,2.0,0.0,H,2.0,0.0,H,18.0,7.0,7.0,0.0,12.0,7.0,6.0,3.0,2.0,2.0,0.0,0.0,1.45,4.5,8.5
E0,2017-08-27,Liverpool,Arsenal,1833.19,1851.6,7.0,11.0,6.0,12.0,4.0,0.0,H,2.0,0.0,H,18.0,8.0,10.0,0.0,6.0,9.0,4.0,3.0,2.0,4.0,0.0,0.0,2.15,3.7,3.5
E0,2017-08-27,Tottenham,Burnley,1892.58,1644.61,6.0,12.0,3.0,4.0,1.0,1.0,D,0.0,0.0,D,28.0,13.0,5.0,3.0,9.0,9.0,10.0,7.0,0.0,0.0,0.0,0.0,1.25,6.5,15.0
E0,2017-08-27,West Brom,Stoke,1651.39,1658.45,6.0,6.0,6.0,7.0,1.0,1.0,D,0.0,0.0,D,10.0,16.0,2.0,2.0,10.0,9.0,10.0,4.0,2.0,2.0,0.0,0.0,2.4,3.1,3.5
E0,2017-09-09,Arsenal,Bournemouth,1834.61,1633.6,3.0,9.0,0.0,4.0,3.0,0.0,H,2.0,0.0,H,17.0,7.0,9.0,2.0,14.0,10.0,10.0,3.0,0.0,1.0,0.0,0.0,1.36,5.5,9.0
E0,2017-09-09,Brighton,West Brom,1583.24,1664.93,1.0,2.0,7.0,7.0,3.0,1.0,H,1.0,0.0,H,12.0,12.0,6.0,3.0,9.0,4.0,2.0,6.0,2.0,0.0,0.0,0.0,2.7,3.1,3.0
E0,2017-09-09,Everton,Tottenham,1765.9,1881.32,4.0,7.0,4.0,10.0,0.0,3.0,A,0.0,2.0,A,12.0,15.0,1.0,6.0,14.0,14.0,7.0,3.0,3.0,1.0,0.0,0.0,3.8,3.5,2.1
E0,2017-09-09,Leicester,Chelsea,1719.74,1913.67,3.0,4.0,6.0,12.0,1.0,2.0,A,0.0,1.0,A,8.0,16.0,2.0,6.0,11.0,8.0,2.0,9.0,1.0,0.0,0.0,0.0,4.75,3.9,1.8
E0,2017-09-09,Man City,Liverpool,1876.28,1864.92,7.0,13.0,7.0,13.0,5.0,0.0,H,2.0,0.0,H,13.0,10.0,7.0,3.0,10.0,9.0,8.0,3.0,2.0,2.0,0.0,1.0,1.85,4.0,4.2
E0,2017-09-09,Southampton,Watford,1696.97,1625.73,5.0,6.0,5.0,5.0,0.0,2.0,A,0.0,1.0,A,9.0,12.0,1.0,3.0,8.0,11.0,7.0,4.0,0.0,0.0,0.0,0.0,1.65,4.0,6.0
E0,2017-09-09,Stoke,Man United,1677.01,1882.75,4.0,7.0,9.0,13.0,2.0,2.0,D,1.0,1.0,D,10.0,18.0,5.0,8.0,10.0,10.0,5.0,11.0,0.0,0.0,0.0,0.0,7.5,4.5,1.5
E0,2017-09-10,Burnley,Crystal Palace,1647.77,1609.45,4.0,4.0,0.0,3.0,1.0,0.0,H,1.0,0.0,H,4.0,23.0,2.0,5.0,7.0,14.0,3.0,13.0,1.0,1.0,0.0,0.0,2.3,3.25,3.5
E0,2017-09-10,Swansea,Newcastle,1661.72,1627.33,4.0,10.0,3.0,9.0,0.0,1.0,A,0.0,0.0,D,10.0,16.0,4.0,8.0,11.0,15.0,7.0,5.0,2.0,3.0,0.0,0.0,2.4,3.25,3.3
E0,2017-09-11,West Ham,Huddersfield,1654.33,1517.81,0.0,3.0,7.0,7.0,2.0,0.0,H,0.0,0.0,D,19.0,10.0,3.0,2.0,11.0,14.0,10.0,3.0,1.0,2.0,0.0,0.0,1.95,3.5,4.5
E0,2017-09-15,Bournemouth,Brighton,1631.95,1597.35,0.0,1.0,4.0,5.0,2.0,1.0,H,0.0,0.0,D,15.0,9.0,3.0,2.0,5.0,12.0,6.0,4.0,0.0,0.0,0.0,0.0,2.15,3.4,3.8
E0,2017-09-16,Crystal Palace,Southampton,1606.33,1682.36,0.0,0.0,4.0,5.0,0.0,1.0,A,0.0,1.0,A,14.0,13.0,3.0,4.0,14.0,13.0,5.0,5.0,5.0,1.0,0.0,0.0,3.0,3.3,2.6
E0,2017-09-16,Huddersfield,Leicester,1515.37,1717.02,4.0,7.0,3.0,4.0,1.0,1.0,D,0.0,0.0,D,15.0,10.0,3.0,1.0,6.0,6.0,8.0,4.0,1.0,1.0,0.0,0.0,3.5,3.4,2.25
E0,2017-09-16,Liverpool,Burnley,1850.94,1655.42,6.0,10.0,4.0,7.0,1.0,1.0,D,1.0,1.0,D,35.0,5.0,9.0,4.0,7.0,9.0,12.0,2.0,1.0,2.0,0.0,0.0,1.29,6.0,13.0
E0,2017-09-16,Newcastle,Stoke,1640.66,1682.85,6.0,9.0,5.0,8.0,2.0,1.0,H,1.0,0.0,H,14.0,13.0,3.0,4.0,13.0,11.0,7.0,5.0,3.0,1.0,0.0,0.0,2.38,3.25,3.4
E0,2017-09-16,Tottenham,Swansea,1902.21,1652.92,4.0,10.0,3.0,7.0,0.0,0.0,D,0.0,0.0,D,26.0,4.0,8.0,0.0,11.0,9.0,11.0,1.0,1.0,3.0,0.0,0.0,1.22,7.0,15.0
E0,2017-09-16,Watford,Man City,1644.88,1899.49,7.0,8.0,7.0,13.0,0.0,6.0,A,0.0,3.0,A,7.0,28.0,1.0,10.0,8.0,6.0,3.0,11.0,2.0,0.0,0.0,0.0,9.0,6.0,1.33
E0,2017-09-16,West Brom,West Ham,1655.36,1661.3,4.0,7.0,3.0,6.0,0.0,0.0,D,0.0,0.0,D,6.0,9.0,1.0,1.0,15.0,7.0,2.0,3.0,2.0,2.0,0.0,0.0,2.38,3.25,3.4
E0,2017-09-17,Chelsea,Arsenal,1922.44,1843.91,9.0,12.0,3.0,9.0,0.0,0.0,D,0.0,0.0,D,13.0,11.0,4.0,2.0,11.0,15.0,5.0,1.0,1.0,3.0,1.0,0.0,1.8,4.0,4.5
E0,2017-09-17,Man United,Everton,1884.01,1744.38,7.0,13.0,1.0,4.0,4.0,0.0,H,1.0,0.0,H,16.0,7.0,7.0,3.0,15.0,14.0,4.0,1.0,1.0,1.0,0.0,0.0,1.36,5.25,10.0
E0,2017-09-23,Burnley,Huddersfield,1655.42,1515.37,5.0,8.0,2.0,8.0,0.0,0.0,D,0.0,0.0,D,5.0,9.0,3.0,2.0,9.0,13.0,3.0,4.0,3.0,2.0,0.0,0.0,2.15,3.25,3.9
E0,2017-09-23,Everton,Bournemouth,1744.38,1631.95,0.0,4.0,3.0,3.0,2.0,1.0,H,0.0,0.0,D,12.0,8.0,4.0,4.0,12.0,11.0,4.0,6.0,3.0,1.0,0.0,0.0,1.65,4.0,5.75
E0,2017-09-23,Leicester,Liverpool,1717.02,1850.94,1.0,4.0,4.0,8.0,2.0,3.0,A,1.0,2.0,A,12.0,23.0,7.0,6.0,13.0,14.0,3.0,6.0,3.0,3.0,0.0,0.0,4.1,3.9,1.91
E0,2017-09-23,Man City,Crystal Palace,1899.49,1606.33,9.0,13.0,0.0,0.0,5.0,0.0,H,1.0,0.0,H,25.0,5.0,9.0,0.0,6.0,7.0,8.0,2.0,3.0,1.0,0.0,0.0,1.14,10.0,21.0
E0,2017-09-23,Southampton,Man United,1682.36,1884.01,4.0,8.0,7.0,13.0,0.0,1.0,A,0.0,1.0,A,14.0,9.0,4.0,4.0,12.0,9.0,8.0,4.0,1.0,4.0,0.0,0.0,5.5,3.8,1.73
E0,2017-09-23,Stoke,Chelsea,1682.85,1922.44,2.0,5.0,7.0,10.0,0.0,4.0,A,0.0,2.0,A,13.0,7.0,2.0,4.0,5.0,14.0,5.0,0.0,2.0,2.0,0.0,0.0,6.0,4.1,1.62
E0,2017-09-23,Swansea,Watford,1652.92,1644.88,4.0,5.0,4.0,8.0,1.0,2.0,A,0.0,1.0,A,10.0,8.0,3.0,4.0,9.0,16.0,5.0,4.0,1.0,3.0,0.0,0.0,2.4,3.3,3.25
E0,2017-09-23,West Ham,Tottenham,1661.3,1902.21,4.0,4.0,5.0,8.0,2.0,3.0,A,0.0,2.0,A,10.0,15.0,4.0,5.0,10.0,20.0,4.0,3.0,4.0,2.0,0.0,1.0,6.0,4.33,1.6
E0,2017-09-24,Brighton,Newcastle,1597.35,1640.66,4.0,4.0,9.0,9.0,1.0,0.0,H,0.0,0.0,D,7.0,17.0,3.0,5.0,6.0,8.0,2.0,8.0,2.0,1.0,0.0,0.0,2.8,3.1,2.9
E0,2017-09-25,Arsenal,West Brom,1843.91,1655.36,4.0,7.0,2.0,8.0,2.0,0.0,H,1.0,0.0,H,16.0,7.0,6.0,3.0,8.0,17.0,7.0,4.0,1.0,4.0,0.0,0.0,1.33,5.5,11.0
E0,2017-09-30,Bournemouth,Leicester,1631.95,1717.02,3.0,3.0,1.0,4.0,0.0,0.0,D,0.0,0.0,D,19.0,8.0,4.0,1.0,6.0,10.0,7.0,5.0,1.0,0.0,0.0,0.0,2.8,3.25,2.5
E0,2017-09-30,Chelsea,Man City,1922.44,1899.49,7.0,13.0,9.0,13.0,0.0,1.0,A,0.0,0.0,D,4.0,17.0,2.0,6.0,8.0,13.0,4.0,8.0,0.0,2.0,0.0,0.0,2.75,3.3,2.5
E0,2017-09-30,Huddersfield,Tottenham,1515.37,1902.21,2.0,6.0,7.0,8.0,0.0,4.0,A,0.0,3.0,A,6.0,14.0,1.0,7.0,7.0,4.0,4.0,7.0,1.0,1.0,0.0,0.0,8.5,4.75,1.36
E0,2017-09-30,Man United,Crystal Palace,1884.01,1606.33,7.0,13.0,0.0,0.0,4.0,0.0,H,2.0,0.0,H,18.0,6.0,7.0,1.0,6.0,9.0,6.0,5.0,0.0,0.0,0.0,0.0,1.17,7.0,15.0
E0,2017-09-30,Stoke,Southampton,1682.85,1682.36,1.0,5.0,3.0,7.0,2.0,1.0,H,1.0,0.0,H,17.0,21.0,6.0,3.0,11.0,10.0,5.0,6.0,1.0,2.0,0.0,0.0,2.88,3.2,2.45
E0,2017-09-30,West Brom,Watford,1655.36,1644.88,1.0,5.0,6.0,10.0,2.0,2.0,D,2.0,1.0,H,9.0,15.0,4.0,3.0,12.0,11.0,7.0,6.0,3.0,0.0,0.0,0.0,2.15,3.2,3.5
E0,2017-09-30,West Ham,Swansea,1661.3,1652.92,4.0,4.0,1.0,4.0,1.0,0.0,H,0.0,0.0,D,9.0,6.0,4.0,1.0,15.0,13.0,2.0,1.0,3.0,2.0,0.0,0.0,1.8,3.5,4.5
E0,2017-10-01,Arsenal,Brighton,1863.26,1608.49,7.0,7.0,6.0,7.0,2.0,0.0,H,1.0,0.0,H,25.0,9.0,12.0,1.0,7.0,8.0,6.0,5.0,0.0,2.0,0.0,0.0,1.2,6.5,13.0
E0,2017-10-01,Everton,Burnley,1742.5,1665.17,3.0,4.0,5.0,6.0,0.0,1.0,A,0.0,1.0,A,23.0,5.0,4.0,2.0,14.0,7.0,9.0,3.0,2.0,2.0,0.0,0.0,1.67,3.6,5.75
E0,2017-10-01,Newcastle,Liverpool,1648.84,1856.85,6.0,9.0,4.0,10.0,1.0,1.0,D,1.0,1.0,D,8.0,17.0,5.0,2.0,11.0,6.0,1.0,5.0,1.0,1.0,0.0,0.0,5.0,3.8,1.67
E0,2017-10-14,Burnley,West Ham,1665.17,1673.87,5.0,9.0,4.0,7.0,1.0,1.0,D,0.0,1.0,A,20.0,8.0,5.0,6.0,11.0,14.0,7.0,4.0,2.0,2.0,0.0,1.0,2.75,3.25,2.8
E0,2017-10-14,Crystal Palace,Chelsea,1601.38,1936.75,0.0,0.0,4.0,10.0,2.0,1.0,H,2.0,1.0,H,14.0,15.0,5.0,5.0,7.0,6.0,5.0,8.0,2.0,1.0,0.0,0.0,9.0,5.0,1.4
E0,2017-10-14,Liverpool,Man United,1856.85,1919.19,5.0,8.0,9.0,13.0,0.0,0.0,D,0.0,0.0,D,19.0,6.0,5.0,1.0,7.0,13.0,7.0,3.0,0.0,2.0,0.0,0.0,2.8,3.25,2.8
E0,2017-10-14,Man City,Stoke,1934.3,1683.29,9.0,15.0,3.0,5.0,7.0,2.0,H,3.0,1.0,H,20.0,5.0,11.0,1.0,5.0,8.0,5.0,0.0,0.0,1.0,0.0,0.0,1.14,9.5,21.0
E0,2017-10-14,Swansea,Huddersfield,1652.41,1529.39,1.0,4.0,2.0,3.0,2.0,0.0,H,1.0,0.0,H,7.0,7.0,3.0,2.0,12.0,16.0,5.0,3.0,1.0,5.0,0.0,0.0,2.2,3.25,3.75
E0,2017-10-14,Tottenham,Bournemouth,1918.13,1642.29,7.0,11.0,4.0,4.0,1.0,0.0,H,0.0,0.0,D,18.0,5.0,6.0,1.0,9.0,7.0,9.0,5.0,1.0,3.0,0.0,0.0,1.2,8.0,15.0
E0,2017-10-14,Watford,Arsenal,1657.04,1863.26,4.0,8.0,7.0,10.0,2.0,1.0,H,0.0,1.0,A,11.0,9.0,2.0,6.0,8.0,10.0,2.0,5.0,1.0,0.0,0.0,0.0,5.25,4.33,1.65
E0,2017-10-15,Brighton,Everton,1605.87,1730.71,3.0,7.0,3.0,3.0,1.0,1.0,D,0.0,0.0,D,12.0,13.0,3.0,6.0,12.0,10.0,7.0,1.0,4.0,1.0,0.0,0.0,3.25,3.3,2.4
E0,2017-10-15,Southampton,Newcastle,1687.33,1652.76,3.0,4.0,4.0,10.0,2.0,2.0,D,0.0,1.0,A,12.0,19.0,2.0,5.0,11.0,12.0,3.0,8.0,1.0,2.0,0.0,0.0,1.91,3.6,4.5
E0,2017-10-16,Leicester,West Brom,1715.67,1656.52,2.0,2.0,2.0,3.0,1.0,1.0,D,0.0,0.0,D,11.0,5.0,3.0,1.0,13.0,6.0,4.0,1.0,2.0,2.0,0.0,0.0,2.05,3.4,4.2
E0,2017-10-20,West Ham,Brighton,1675.81,1605.87,4.0,8.0,4.0,7.0,0.0,3.0,A,0.0,2.0,A,16.0,7.0,2.0,5.0,5.0,13.0,10.0,3.0,1.0,0.0,0.0,0.0,1.83,3.5,5.25
E0,2017-10-21,Chelsea,Watford,1922.47,1668.63,3.0,7.0,7.0,10.0,4.0,2.0,H,1.0,1.0,D,14.0,16.0,8.0,5.0,13.0,16.0,6.0,6.0,2.0,3.0,0.0,0.0,1.36,5.25,10.0
E0,2017-10-21,Huddersfield,Man United,1524.06,1919.16,1.0,2.0,7.0,11.0,2.0,1.0,H,2.0,0.0,H,5.0,9.0,3.0,3.0,10.0,12.0,4.0,7.0,4.0,2.0,0.0,0.0,11.0,5.0,1.36
E0,2017-10-21,Man City,Burnley,1938.48,1675.01,9.0,15.0,5.0,9.0,3.0,0.0,H,1.0,0.0,H,15.0,6.0,10.0,0.0,10.0,6.0,4.0,5.0,2.0,3.0,0.0,0.0,1.11,12.0,26.0
E0,2017-10-21,Newcastle,Crystal Palace,1652.76,1615.66,2.0,8.0,3.0,3.0,1.0,0.0,H,0.0,0.0,D,7.0,10.0,3.0,0.0,12.0,14.0,3.0,5.0,4.0,2.0,0.0,0.0,2.0,3.5,4.2
E0,2017-10-21,Southampton,West Brom,1687.33,1656.52,1.0,4.0,2.0,3.0,1.0,0.0,H,0.0,0.0,D,20.0,7.0,6.0,2.0,10.0,8.0,8.0,3.0,0.0,1.0,0.0,0.0,1.85,3.39,5.25
E0,2017-10-21,Stoke,Bournemouth,1679.11,1640.69,3.0,4.0,1.0,4.0,1.0,2.0,A,0.0,2.0,A,10.0,7.0,2.0,3.0,17.0,10.0,8.0,3.0,0.0,1.0,0.0,0.0,2.14,3.5,3.6
E0,2017-10-21,Swansea,Leicester,1657.74,1715.67,3.0,4.0,2.0,3.0,1.0,2.0,A,0.0,1.0,A,19.0,11.0,4.0,6.0,6.0,9.0,7.0,6.0,0.0,1.0,0.0,0.0,2.79,3.25,2.75
E0,2017-10-22,Everton,Arsenal,1730.71,1854.29,4.0,4.0,6.0,10.0,2.0,5.0,A,1.0,1.0,D,8.0,30.0,3.0,14.0,14.0,14.0,0.0,7.0,1.0,1.0,1.0,0.0,3.79,3.6,2.04
E0,2017-10-22,Tottenham,Liverpool,1919.73,1852.96,9.0,13.0,5.0,6.0,4.0,1.0,H,3.0,1.0,H,14.0,12.0,6.0,7.0,2.0,8.0,3.0,5.0,0.0,1.0,0.0,0.0,2.25,3.5,3.39
E0,2017-10-28,Arsenal,Swansea,1854.29,1657.74,6.0,10.0,3.0,4.0,2.0,1.0,H,0.0,1.0,A,17.0,4.0,5.0,2.0,9.0,9.0,5.0,2.0,0.0,0.0,0.0,0.0,1.25,7.0,12.0
E0,2017-10-28,Bournemouth,Chelsea,1640.69,1922.47,4.0,7.0,3.0,7.0,0.0,1.0,A,0.0,0.0,D,7.0,18.0,1.0,5.0,5.0,5.0,5.0,5.0,2.0,0.0,0.0,0.0,6.0,4.2,1.61
E0,2017-10-28,Crystal Palace,West Ham,1615.66,1675.81,3.0,3.0,4.0,5.0,2.0,2.0,D,0.0,2.0,A,19.0,6.0,9.0,2.0,18.0,15.0,11.0,2.0,1.0,2.0,0.0,0.0,2.39,3.29,3.29
E0,2017-10-28,Liverpool,Huddersfield,1852.96,1524.06,2.0,6.0,3.0,5.0,3.0,0.0,H,0.0,0.0,D,16.0,1.0,8.0,0.0,10.0,8.0,9.0,2.0,0.0,1.0,0.0,0.0,1.25,6.75,13.0
E0,2017-10-28,Man United,Tottenham,1919.16,1919.73,4.0,10.0,9.0,13.0,1.0,0.0,H,0.0,0.0,D,11.0,13.0,3.0,4.0,12.0,14.0,6.0,3.0,1.0,0.0,0.0,0.0,2.14,3.39,3.79
E0,2017-10-28,Watford,Stoke,1668.63,1679.11,4.0,7.0,3.0,3.0,0.0,1.0,A,0.0,1.0,A,13.0,6.0,0.0,2.0,10.0,9.0,8.0,1.0,4.0,4.0,0.0,0.0,2.04,3.6,3.79
E0,2017-10-28,West Brom,Man City,1656.52,1938.48,2.0,3.0,9.0,15.0,2.0,3.0,A,1.0,2.0,A,6.0,15.0,4.0,5.0,10.0,7.0,1.0,2.0,2.0,3.0,0.0,0.0,11.0,6.5,1.28
E0,2017-10-29,Brighton,Southampton,1605.87,1687.33,4.0,7.0,4.0,7.0,1.0,1.0,D,0.0,1.0,A,7.0,6.0,2.0,1.0,9.0,10.0,2.0,7.0,3.0,1.0,0.0,0.0,3.29,3.2,2.45
E0,2017-10-29,Leicester,Everton,1715.67,1730.71,5.0,6.0,1.0,4.0,2.0,0.0,H,2.0,0.0,H,9.0,16.0,3.0,2.0,6.0,10.0,3.0,10.0,0.0,2.0,0.0,0.0,2.14,3.39,3.75
E0,2017-10-30,Burnley,Newcastle,1675.01,1652.76,4.0,6.0,5.0,8.0,1.0,0.0,H,0.0,0.0,D,12.0,12.0,5.0,5.0,9.0,10.0,5.0,3.0,3.0,0.0,0.0,0.0,2.89,3.2,2.7
E0,2017-11-04,Huddersfield,West Brom,1538.02,1651.63,3.0,4.0,1.0,2.0,1.0,0.0,H,1.0,0.0,H,7.0,9.0,3.0,3.0,8.0,15.0,3.0,5.0,1.0,4.0,1.0,0.0,2.79,3.0,3.0
E0,2017-11-04,Newcastle,Bournemouth,1655.36,1648.79,4.0,5.0,3.0,4.0,0.0,1.0,A,0.0,0.0,D,16.0,16.0,4.0,6.0,11.0,12.0,11.0,9.0,2.0,2.0,0.0,0.0,2.0,3.5,4.2
E0,2017-11-04,Southampton,Burnley,1690.87,1678.86,5.0,5.0,4.0,8.0,0.0,1.0,A,0.0,0.0,D,13.0,5.0,3.0,1.0,4.0,4.0,9.0,1.0,0.0,0.0,0.0,0.0,1.66,3.75,6.5
E0,2017-11-04,Stoke,Leicester,1678.19,1729.58,3.0,6.0,7.0,8.0,2.0,2.0,D,1.0,1.0,D,11.0,14.0,7.0,4.0,12.0,8.0,4.0,10.0,0.0,0.0,0.0,0.0,2.7,3.29,2.87
E0,2017-11-04,Swansea,Brighton,1647.73,1628.14,3.0,3.0,5.0,8.0,0.0,1.0,A,0.0,1.0,A,12.0,5.0,2.0,2.0,13.0,12.0,8.0,7.0,2.0,1.0,0.0,0.0,2.39,3.2,3.39
E0,2017-11-04,West Ham,Liverpool,1656.85,1852.82,2.0,5.0,4.0,8.0,1.0,4.0,A,0.0,2.0,A,6.0,15.0,1.0,7.0,9.0,13.0,2.0,3.0,3.0,0.0,0.0,0.0,5.25,4.33,1.66
E0,2017-11-05,Chelsea,Man United,1912.55,1920.01,6.0,9.0,4.0,10.0,1.0,0.0,H,0.0,0.0,D,18.0,10.0,8.0,2.0,16.0,20.0,4.0,7.0,1.0,3.0,0.0,0.0,2.5,3.2,3.2
E0,2017-11-05,Everton,Watford,1699.35,1657.09,1.0,4.0,3.0,7.0,3.0,2.0,H,0.0,0.0,D,10.0,11.0,5.0,3.0,14.0,12.0,2.0,5.0,0.0,2.0,0.0,0.0,2.2,3.39,3.6
E0,2017-11-05,Man City,Arsenal,1949.94,1871.23,9.0,15.0,6.0,12.0,3.0,1.0,H,1.0,0.0,H,9.0,6.0,5.0,3.0,15.0,15.0,5.0,5.0,1.0,6.0,0.0,0.0,1.39,5.5,7.5
E0,2017-11-05,Tottenham,Crystal Palace,1927.62,1610.08,6.0,12.0,4.0,4.0,1.0,0.0,H,0.0,0.0,D,12.0,11.0,2.0,3.0,6.0,7.0,10.0,9.0,0.0,2.0,0.0,0.0,1.28,6.0,12.0
E0,2017-11-18,Arsenal,Tottenham,1860.02,1943.15,6.0,9.0,6.0,12.0,2.0,0.0,H,2.0,0.0,H,14.0,14.0,5.0,4.0,11.0,16.0,7.0,4.0,4.0,1.0,0.0,0.0,2.5,3.6,2.89
E0,2017-11-18,Bournemouth,Huddersfield,1661.12,1550.45,6.0,7.0,6.0,6.0,4.0,0.0,H,2.0,0.0,H,11.0,20.0,5.0,3.0,13.0,10.0,8.0,11.0,3.0,2.0,1.0,0.0,1.83,3.5,5.25
E0,2017-11-18,Burnley,Swansea,1691.64,1640.56,6.0,10.0,0.0,3.0,2.0,0.0,H,2.0,0.0,H,16.0,13.0,7.0,1.0,12.0,12.0,8.0,6.0,1.0,1.0,0.0,0.0,2.14,3.2,4.0
E0,2017-11-18,Crystal Palace,Everton,1611.69,1699.58,1.0,4.0,3.0,4.0,2.0,2.0,D,2.0,2.0,D,16.0,8.0,7.0,5.0,9.0,26.0,9.0,4.0,2.0,3.0,0.0,0.0,2.39,3.25,3.29
E0,2017-11-18,Leicester,Man City,1732.67,1971.46,7.0,9.0,9.0,15.0,0.0,2.0,A,0.0,1.0,A,2.0,12.0,0.0,4.0,8.0,10.0,1.0,7.0,1.0,1.0,0.0,0.0,9.5,5.75,1.33
E0,2017-11-18,Liverpool,Southampton,1864.64,1683.8,6.0,8.0,4.0,5.0,3.0,0.0,H,2.0,0.0,H,21.0,5.0,8.0,0.0,15.0,9.0,10.0,2.0,1.0,1.0,0.0,0.0,1.39,5.0,9.0
E0,2017-11-18,Man United,Newcastle,1916.18,1648.75,3.0,7.0,3.0,5.0,4.0,1.0,H,2.0,1.0,H,16.0,12.0,7.0,5.0,10.0,9.0,11.0,4.0,1.0,1.0,0.0,0.0,1.28,5.75,13.0
E0,2017-11-18,West Brom,Chelsea,1644.92,1922.1,0.0,2.0,9.0,9.0,0.0,4.0,A,0.0,3.0,A,7.0,11.0,2.0,7.0,13.0,12.0,3.0,4.0,2.0,3.0,0.0,0.0,6.5,4.0,1.61
E0,2017-11-19,Watford,West Ham,1654.26,1651.84,0.0,4.0,1.0,5.0,2.0,0.0,H,1.0,0.0,H,17.0,10.0,7.0,6.0,13.0,10.0,3.0,1.0,1.0,4.0,0.0,0.0,2.1,3.5,3.75
E0,2017-11-20,Brighton,Stoke,1641.02,1680.82,7.0,8.0,4.0,7.0,2.0,2.0,D,1.0,2.0,A,9.0,13.0,3.0,6.0,13.0,5.0,6.0,7.0,1.0,0.0,0.0,0.0,2.39,3.2,3.39
E0,2017-11-24,West Ham,Leicester,1651.84,1732.67,1.0,2.0,4.0,8.0,1.0,1.0,D,1.0,1.0,D,8.0,7.0,4.0,2.0,9.0,12.0,5.0,5.0,1.0,1.0,0.0,0.0,2.7,3.39,2.75
E0,2017-11-25,Crystal Palace,Stoke,1611.69,1680.82,2.0,5.0,5.0,5.0,2.0,1.0,H,0.0,0.0,D,10.0,9.0,5.0,3.0,9.0,5.0,5.0,2.0,1.0,1.0,0.0,0.0,2.04,3.5,4.0
E0,2017-11-25,Liverpool,Chelsea,1864.64,1922.1,9.0,10.0,9.0,12.0,1.0,1.0,D,0.0,0.0,D,16.0,11.0,4.0,3.0,10.0,7.0,7.0,8.0,0.0,0.0,0.0,0.0,2.14,3.6,3.5
E0,2017-11-25,Man United,Brighton,1916.18,1641.02,6.0,7.0,5.0,9.0,1.0,0.0,H,0.0,0.0,D,15.0,8.0,4.0,2.0,9.0,9.0,5.0,0.0,0.0,2.0,0.0,0.0,1.19,7.0,19.0
E0,2017-11-25,Newcastle,Watford,1648.75,1654.26,0.0,4.0,3.0,6.0,0.0,3.0,A,0.0,2.0,A,12.0,12.0,2.0,4.0,8.0,13.0,6.0,3.0,1.0,2.0,0.0,0.0,2.2,3.5,3.5
E0,2017-11-25,Swansea,Bournemouth,1640.56,1661.12,0.0,3.0,6.0,9.0,0.0,0.0,D,0.0,0.0,D,10.0,9.0,1.0,5.0,18.0,6.0,4.0,5.0,4.0,2.0,0.0,0.0,2.79,3.25,2.79
E0,2017-11-25,Tottenham,West Brom,1943.15,1644.92,3.0,9.0,0.0,1.0,1.0,1.0,D,0.0,1.0,A,24.0,5.0,5.0,2.0,10.0,13.0,8.0,0.0,1.0,4.0,0.0,0.0,1.25,6.0,16.0
E0,2017-11-26,Burnley,Arsenal,1691.64,1860.02,9.0,10.0,6.0,9.0,0.0,1.0,A,0.0,0.0,D,8.0,17.0,2.0,2.0,8.0,14.0,5.0,5.0,2.0,0.0,0.0,0.0,6.5,4.5,1.53
E0,2017-11-26,Huddersfield,Man City,1550.45,1971.46,3.0,6.0,9.0,15.0,1.0,2.0,A,1.0,0.0,H,4.0,14.0,0.0,5.0,10.0,10.0,3.0,7.0,2.0,3.0,1.0,0.0,17.0,8.0,1.18
E0,2017-11-26,Southampton,Everton,1683.8,1699.58,1.0,5.0,4.0,5.0,4.0,1.0,H,1.0,1.0,D,17.0,5.0,5.0,2.0,6.0,13.0,7.0,2.0,0.0,0.0,0.0,0.0,1.9,3.39,4.75
E0,2017-11-28,Brighton,Crystal Palace,1641.02,1611.69,4.0,8.0,4.0,5.0,0.0,0.0,D,0.0,0.0,D,10.0,10.0,4.0,4.0,13.0,8.0,10.0,5.0,2.0,0.0,0.0,0.0,2.7,3.1,3.0
E0,2017-11-28,Leicester,Tottenham,1732.67,1943.15,2.0,8.0,4.0,7.0,2.0,1.0,H,2.0,0.0,H,7.0,18.0,4.0,6.0,7.0,10.0,4.0,9.0,1.0,2.0,0.0,0.0,5.0,3.89,1.75
E0,2017-11-28,Watford,Man United,1654.26,1916.18,6.0,6.0,6.0,9.0,2.0,4.0,A,0.0,3.0,A,12.0,15.0,3.0,7.0,12.0,10.0,5.0,5.0,2.0,1.0,0.0,0.0,5.25,3.89,1.72
E0,2017-11-28,West Brom,Newcastle,1644.92,1648.75,1.0,1.0,0.0,3.0,2.0,2.0,D,1.0,0.0,H,8.0,14.0,4.0,4.0,13.0,12.0,1.0,6.0,0.0,0.0,0.0,0.0,2.37,3.1,3.5
E0,2017-11-29,Arsenal,Huddersfield,1860.02,1550.45,6.0,12.0,3.0,6.0,5.0,0.0,H,1.0,0.0,H,21.0,7.0,7.0,2.0,10.0,12.0,7.0,2.0,0.0,1.0,0.0,0.0,1.19,7.5,17.0
E0,2017-11-29,Bournemouth,Burnley,1661.12,1691.64,7.0,10.0,6.0,9.0,1.0,2.0,A,0.0,1.0,A,10.0,10.0,2.0,4.0,9.0,11.0,4.0,6.0,0.0,1.0,0.0,0.0,2.0,3.39,4.33
E0,2017-11-29,Chelsea,Swansea,1922.1,1640.56,7.0,13.0,1.0,1.0,1.0,0.0,H,0.0,0.0,D,21.0,2.0,10.0,0.0,10.0,7.0,15.0,1.0,1.0,0.0,0.0,0.0,1.18,8.0,17.0
E0,2017-11-29,Everton,West Ham,1699.58,1651.84,4.0,4.0,1.0,2.0,4.0,0.0,H,2.0,0.0,H,8.0,7.0,5.0,3.0,16.0,6.0,2.0,6.0,2.0,1.0,0.0,0.0,2.37,3.29,3.29
E0,2017-11-29,Man City,Southampton,1971.46,1683.8,9.0,15.0,3.0,7.0,2.0,1.0,H,0.0,0.0,D,26.0,7.0,12.0,2.0,12.0,11.0,6.0,5.0,1.0,1.0,0.0,0.0,1.19,8.0,15.0
E0,2017-11-29,Stoke,Liverpool,1680.82,1864.64,2.0,5.0,7.0,10.0,0.0,3.0,A,0.0,1.0,A,10.0,14.0,1.0,7.0,8.0,10.0,5.0,9.0,1.0,5.0,0.0,0.0,6.5,4.5,1.55
E0,2017-12-02,Arsenal,Man United,1856.59,1903.22,9.0,12.0,9.0,12.0,1.0,3.0,A,0.0,2.0,A,33.0,8.0,15.0,4.0,11.0,10.0,12.0,1.0,3.0,2.0,0.0,1.0,2.5,3.39,3.0
E0,2017-12-02,Brighton,Liverpool,1625.32,1866.78,2.0,6.0,7.0,13.0,1.0,5.0,A,0.0,2.0,A,6.0,12.0,2.0,6.0,8.0,7.0,2.0,2.0,1.0,0.0,0.0,0.0,7.5,4.5,1.5
E0,2017-12-02,Chelsea,Newcastle,1922.91,1620.8,7.0,13.0,1.0,1.0,3.0,1.0,H,2.0,1.0,H,23.0,8.0,9.0,2.0,8.0,13.0,11.0,4.0,0.0,1.0,0.0,0.0,1.25,6.5,15.0
E0,2017-12-02,Everton,Huddersfield,1668.01,1527.09,4.0,7.0,0.0,3.0,2.0,0.0,H,0.0,0.0,D,6.0,5.0,4.0,3.0,12.0,9.0,2.0,5.0,2.0,1.0,0.0,0.0,1.72,3.79,5.5
E0,2017-12-02,Leicester,Burnley,1727.5,1691.81,4.0,8.0,6.0,12.0,1.0,0.0,H,1.0,0.0,H,16.0,14.0,3.0,4.0,3.0,11.0,10.0,7.0,0.0,2.0,0.0,0.0,1.83,3.6,5.0
E0,2017-12-02,Stoke,Swansea,1654.28,1619.52,1.0,5.0,1.0,1.0,2.0,1.0,H,2.0,1.0,H,10.0,10.0,3.0,3.0,12.0,10.0,2.0,6.0,2.0,0.0,0.0,0.0,1.95,3.39,4.5
E0,2017-12-02,Watford,Tottenham,1662.33,1906.75,6.0,6.0,1.0,4.0,1.0,1.0,D,1.0,1.0,D,6.0,8.0,2.0,2.0,16.0,8.0,7.0,2.0,4.0,1.0,0.0,1.0,5.0,4.0,1.72
E0,2017-12-02,West Brom,Crystal Palace,1633.11,1611.83,2.0,2.0,5.0,6.0,0.0,0.0,D,0.0,0.0,D,20.0,10.0,6.0,2.0,11.0,10.0,3.0,7.0,3.0,1.0,0.0,0.0,2.5,3.2,3.2
E0,2017-12-03,Bournemouth,Southampton,1649.94,1677.63,4.0,7.0,3.0,4.0,1.0,1.0,D,1.0,0.0,H,16.0,15.0,5.0,4.0,6.0,12.0,5.0,4.0,2.0,1.0,0.0,0.0,2.89,3.25,2.39
E0,2017-12-03,Man City,West Ham,1969.09,1620.78,9.0,15.0,1.0,2.0,2.0,1.0,H,0.0,1.0,A,24.0,7.0,8.0,4.0,5.0,7.0,10.0,4.0,2.0,2.0,0.0,0.0,1.08,11.0,21.0
E0,2017-12-09,Burnley,Watford,1691.81,1662.33,3.0,9.0,4.0,7.0,1.0,0.0,H,1.0,0.0,H,8.0,11.0,5.0,2.0,10.0,12.0,3.0,5.0,1.0,0.0,0.0,1.0,2.6,3.25,3.0
E0,2017-12-09,Crystal Palace,Bournemouth,1611.83,1649.94,5.0,6.0,2.0,8.0,2.0,2.0,D,2.0,2.0,D,24.0,11.0,8.0,5.0,14.0,14.0,6.0,3.0,5.0,2.0,0.0,0.0,2.04,3.5,4.0
E0,2017-12-09,Huddersfield,Brighton,1527.09,1625.32,0.0,3.0,1.0,5.0,2.0,0.0,H,2.0,0.0,H,19.0,7.0,6.0,2.0,6.0,10.0,8.0,1.0,0.0,0.0,0.0,0.0,2.7,3.1,3.0
E0,2017-12-09,Newcastle,Leicester,1620.8,1727.5,1.0,1.0,7.0,8.0,2.0,3.0,A,1.0,1.0,D,10.0,13.0,4.0,5.0,10.0,9.0,6.0,5.0,2.0,1.0,0.0,0.0,2.62,3.29,2.89
E0,2017-12-09,Swansea,West Brom,1619.52,1633.11,1.0,1.0,3.0,3.0,1.0,0.0,H,0.0,0.0,D,18.0,7.0,3.0,1.0,8.0,18.0,6.0,3.0,2.0,5.0,0.0,0.0,2.7,3.1,3.0
E0,2017-12-09,Tottenham,Stoke,1906.75,1654.28,2.0,5.0,3.0,5.0,5.0,1.0,H,1.0,0.0,H,20.0,4.0,11.0,3.0,12.0,9.0,12.0,6.0,1.0,0.0,0.0,0.0,1.28,6.5,11.0
E0,2017-12-09,West Ham,Chelsea,1620.78,1922.91,1.0,1.0,7.0,13.0,1.0,0.0,H,1.0,0.0,H,5.0,19.0,2.0,2.0,10.0,10.0,4.0,3.0,6.0,1.0,0.0,0.0,7.5,4.5,1.5
E0,2017-12-10,Liverpool,Everton,1866.78,1668.01,7.0,13.0,6.0,10.0,1.0,1.0,D,1.0,0.0,H,23.0,3.0,3.0,2.0,8.0,11.0,12.0,1.0,1.0,3.0,0.0,0.0,1.3,6.0,11.0
E0,2017-12-10,Man United,Man City,1903.22,1969.09,9.0,12.0,9.0,15.0,1.0,2.0,A,1.0,1.0,D,8.0,14.0,5.0,7.0,16.0,10.0,2.0,8.0,4.0,2.0,0.0,0.0,3.39,3.5,2.25
E0,2017-12-10,Southampton,Arsenal,1677.63,1856.59,4.0,4.0,6.0,9.0,1.0,1.0,D,1.0,0.0,H,6.0,11.0,3.0,6.0,12.0,10.0,4.0,5.0,2.0,2.0,0.0,0.0,4.0,3.75,1.95
E0,2017-12-12,Burnley,Stoke,1691.81,1654.28,6.0,9.0,3.0,4.0,1.0,0.0,H,0.0,0.0,D,10.0,14.0,2.0,7.0,6.0,14.0,6.0,4.0,0.0,0.0,0.0,0.0,2.29,3.2,3.6
E0,2017-12-12,Crystal Palace,Watford,1611.83,1662.33,3.0,7.0,1.0,7.0,2.0,1.0,H,0.0,1.0,A,14.0,7.0,4.0,2.0,14.0,18.0,4.0,6.0,2.0,1.0,0.0,1.0,2.29,3.5,3.25
E0,2017-12-12,Huddersfield,Chelsea,1527.09,1922.91,3.0,3.0,6.0,10.0,1.0,3.0,A,0.0,2.0,A,7.0,12.0,2.0,5.0,11.0,4.0,1.0,3.0,0.0,0.0,0.0,0.0,9.0,4.5,1.44
E0,2017-12-13,Liverpool,West Brom,1866.78,1633.11,7.0,11.0,2.0,3.0,0.0,0.0,D,0.0,0.0,D,14.0,6.0,5.0,1.0,16.0,6.0,5.0,7.0,1.0,0.0,0.0,0.0,1.22,7.0,15.0
E0,2017-12-13,Man United,Bournemouth,1903.22,1649.94,6.0,12.0,2.0,6.0,1.0,0.0,H,1.0,0.0,H,9.0,14.0,2.0,7.0,14.0,12.0,4.0,9.0,1.0,2.0,0.0,0.0,1.28,6.0,12.0
E0,2017-12-13,Newcastle,Everton,1620.8,1668.01,1.0,1.0,7.0,8.0,0.0,1.0,A,0.0,1.0,A,16.0,7.0,4.0,4.0,10.0,11.0,4.0,1.0,1.0,2.0,1.0,0.0,2.39,3.29,3.25
E0,2017-12-13,Southampton,Leicester,1677.63,1727.5,2.0,5.0,9.0,10.0,1.0,4.0,A,0.0,3.0,A,12.0,16.0,4.0,11.0,13.0,9.0,9.0,9.0,1.0,0.0,0.0,0.0,2.1,3.39,3.89
E0,2017-12-13,Swansea,Man City,1619.52,1969.09,3.0,4.0,9.0,15.0,0.0,4.0,A,0.0,2.0,A,7.0,23.0,3.0,10.0,12.0,6.0,2.0,5.0,0.0,0.0,0.0,0.0,15.0,6.5,1.25
E0,2017-12-13,Tottenham,Brighton,1906.75,1625.32,4.0,5.0,1.0,2.0,2.0,0.0,H,1.0,0.0,H,25.0,7.0,8.0,4.0,5.0,10.0,10.0,2.0,1.0,1.0,0.0,0.0,1.25,6.5,15.0
E0,2017-12-13,West Ham,Arsenal,1620.78,1856.59,3.0,4.0,4.0,10.0,0.0,0.0,D,0.0,0.0,D,6.0,22.0,0.0,3.0,9.0,9.0,1.0,7.0,1.0,0.0,0.0,0.0,5.25,4.2,1.66
E0,2017-12-16,Arsenal,Newcastle,1842.88,1607.64,2.0,8.0,0.0,1.0,1.0,0.0,H,1.0,0.0,H,23.0,10.0,5.0,2.0,13.0,9.0,7.0,5.0,2.0,1.0,0.0,0.0,1.25,6.5,14.0
E0,2017-12-16,Brighton,Burnley,1606.02,1700.95,0.0,1.0,6.0,9.0,0.0,0.0,D,0.0,0.0,D,12.0,11.0,2.0,6.0,13.0,13.0,8.0,2.0,4.0,2.0,0.0,0.0,2.62,3.0,3.2
E0,2017-12-16,Chelsea,Southampton,1914.79,1670.41,6.0,10.0,2.0,5.0,1.0,0.0,H,1.0,0.0,H,24.0,6.0,8.0,2.0,8.0,16.0,8.0,4.0,1.0,3.0,0.0,0.0,1.39,5.0,9.0
E0,2017-12-16,Leicester,Crystal Palace,1757.48,1624.05,9.0,13.0,5.0,9.0,0.0,3.0,A,0.0,2.0,A,11.0,13.0,2.0,6.0,12.0,13.0,6.0,4.0,2.0,2.0,1.0,0.0,1.89,3.6,4.5
E0,2017-12-16,Man City,Tottenham,1975.23,1913.42,9.0,15.0,7.0,8.0,4.0,1.0,H,1.0,0.0,H,20.0,7.0,11.0,2.0,13.0,20.0,5.0,1.0,2.0,4.0,0.0,0.0,1.55,4.59,6.0
E0,2017-12-16,Stoke,West Ham,1653.51,1640.59,3.0,3.0,4.0,5.0,0.0,3.0,A,0.0,1.0,A,17.0,14.0,0.0,7.0,12.0,13.0,7.0,9.0,2.0,1.0,0.0,0.0,2.29,3.29,3.5
E0,2017-12-16,Watford,Huddersfield,1656.77,1535.49,1.0,4.0,3.0,3.0,1.0,4.0,A,0.0,2.0,A,13.0,15.0,3.0,9.0,12.0,17.0,8.0,7.0,2.0,1.0,1.0,1.0,1.8,3.75,5.0
E0,2017-12-17,Bournemouth,Liverpool,1651.03,1870.26,2.0,3.0,5.0,9.0,0.0,4.0,A,0.0,3.0,A,6.0,21.0,2.0,7.0,5.0,10.0,2.0,3.0,1.0,1.0,0.0,0.0,6.5,4.5,1.53
E0,2017-12-17,West Brom,Man United,1634.24,1914.03,2.0,4.0,6.0,12.0,1.0,2.0,A,0.0,2.0,A,12.0,8.0,5.0,3.0,14.0,7.0,6.0,3.0,1.0,3.0,0.0,0.0,6.5,4.0,1.6
E0,2017-12-18,Everton,Swansea,1700.45,1619.42,7.0,10.0,3.0,4.0,3.0,1.0,H,1.0,1.0,D,12.0,8.0,7.0,3.0,12.0,12.0,6.0,3.0,2.0,3.0,0.0,0.0,1.72,3.75,5.5
E0,2017-12-22,Arsenal,Liverpool,1842.88,1870.26,5.0,8.0,5.0,11.0,3.0,3.0,D,0.0,1.0,A,11.0,14.0,4.0,9.0,9.0,11.0,7.0,8.0,1.0,0.0,0.0,0.0,2.54,3.6,2.79
E0,2017-12-23,Brighton,Watford,1606.02,1656.77,1.0,2.0,0.0,1.0,1.0,0.0,H,0.0,0.0,D,14.0,13.0,3.0,1.0,8.0,11.0,6.0,4.0,0.0,0.0,0.0,0.0,2.62,3.2,3.0
E0,2017-12-23,Burnley,Tottenham,1700.95,1913.42,7.0,10.0,6.0,7.0,0.0,3.0,A,0.0,1.0,A,5.0,18.0,2.0,8.0,10.0,10.0,4.0,4.0,1.0,2.0,0.0,0.0,7.0,4.2,1.55
E0,2017-12-23,Everton,Chelsea,1700.45,1914.79,7.0,13.0,6.0,12.0,0.0,0.0,D,0.0,0.0,D,5.0,25.0,0.0,8.0,8.0,4.0,2.0,7.0,3.0,0.0,0.0,0.0,6.0,3.89,1.66
E0,2017-12-23,Leicester,Man United,1757.48,1914.03,6.0,12.0,6.0,12.0,2.0,2.0,D,1.0,1.0,D,11.0,19.0,3.0,6.0,19.0,8.0,4.0,6.0,2.0,2.0,1.0,0.0,4.5,3.6,1.9
E0,2017-12-23,Man City,Bournemouth,1975.23,1651.03,9.0,15.0,1.0,2.0,4.0,0.0,H,1.0,0.0,H,14.0,5.0,5.0,1.0,8.0,7.0,4.0,6.0,0.0,1.0,0.0,0.0,1.12,11.0,23.0
E0,2017-12-23,Southampton,Huddersfield,1670.41,1535.49,1.0,2.0,6.0,6.0,1.0,1.0,D,1.0,0.0,H,12.0,10.0,6.0,3.0,16.0,9.0,9.0,1.0,2.0,1.0,0.0,0.0,1.61,3.89,6.5
E0,2017-12-23,Stoke,West Brom,1653.51,1634.24,0.0,3.0,1.0,3.0,3.0,1.0,H,2.0,0.0,H,9.0,17.0,5.0,7.0,9.0,11.0,1.0,11.0,1.0,0.0,0.0,0.0,2.29,3.25,3.5
E0,2017-12-23,Swansea,Crystal Palace,1619.42,1624.05,3.0,3.0,7.0,9.0,1.0,1.0,D,0.0,0.0,D,7.0,13.0,2.0,5.0,13.0,11.0,6.0,3.0,2.0,3.0,0.0,0.0,3.29,3.2,2.45
E0,2017-12-23,West Ham,Newcastle,1640.59,1607.64,7.0,7.0,0.0,1.0,2.0,3.0,A,1.0,1.0,D,19.0,11.0,6.0,4.0,9.0,12.0,6.0,3.0,1.0,1.0,0.0,0.0,2.1,3.39,3.89
E0,2017-12-26,Bournemouth,West Ham,1651.03,1640.59,0.0,2.0,4.0,7.0,3.0,3.0,D,1.0,1.0,D,26.0,10.0,10.0,5.0,12.0,14.0,7.0,4.0,3.0,4.0,0.0,0.0,2.79,3.29,2.75
E0,2017-12-26,Chelsea,Brighton,1914.79,1606.02,7.0,10.0,4.0,4.0,2.0,0.0,H,0.0,0.0,D,25.0,8.0,8.0,1.0,8.0,8.0,13.0,1.0,0.0,1.0,0.0,0.0,1.19,7.5,17.0
E0,2017-12-26,Huddersfield,Stoke,1535.49,1653.51,4.0,7.0,3.0,6.0,1.0,1.0,D,1.0,0.0,H,18.0,15.0,8.0,7.0,9.0,12.0,8.0,5.0,2.0,4.0,0.0,0.0,2.5,3.2,3.2
E0,2017-12-26,Liverpool,Swansea,1870.26,1619.42,5.0,9.0,1.0,4.0,5.0,0.0,H,1.0,0.0,H,22.0,7.0,9.0,4.0,5.0,8.0,4.0,2.0,0.0,1.0,0.0,0.0,1.16,9.0,19.0
E0,2017-12-26,Man United,Burnley,1914.03,1700.95,7.0,10.0,4.0,7.0,2.0,2.0,D,0.0,2.0,A,23.0,3.0,6.0,2.0,10.0,14.0,12.0,2.0,3.0,7.0,0.0,0.0,1.25,6.5,15.0
E0,2017-12-26,Tottenham,Southampton,1913.42,1670.41,6.0,10.0,1.0,3.0,5.0,2.0,H,2.0,0.0,H,16.0,16.0,7.0,6.0,8.0,15.0,3.0,8.0,0.0,2.0,0.0,0.0,1.36,5.25,10.0
E0,2017-12-26,Watford,Leicester,1656.77,1757.48,0.0,1.0,4.0,10.0,2.0,1.0,H,1.0,1.0,D,11.0,11.0,1.0,5.0,7.0,13.0,8.0,8.0,3.0,3.0,0.0,0.0,2.54,3.5,2.87
E0,2017-12-26,West Brom,Everton,1634.24,1700.45,1.0,2.0,7.0,11.0,0.0,0.0,D,0.0,0.0,D,17.0,7.0,3.0,3.0,14.0,13.0,10.0,2.0,2.0,0.0,0.0,0.0,2.54,3.2,3.1
E0,2017-12-27,Newcastle,Man City,1607.64,1975.23,3.0,3.0,9.0,15.0,0.0,1.0,A,0.0,1.0,A,6.0,22.0,2.0,6.0,11.0,6.0,3.0,8.0,1.0,0.0,0.0,0.0,13.0,6.75,1.25
E0,2017-12-28,Crystal Palace,Arsenal,1624.05,1842.88,7.0,9.0,5.0,6.0,2.0,3.0,A,0.0,1.0,A,16.0,16.0,2.0,9.0,12.0,7.0,5.0,4.0,0.0,1.0,0.0,0.0,4.5,4.0,1.8
E0,2017-12-30,Bournemouth,Everton,1651.03,1700.45,1.0,2.0,5.0,9.0,2.0,1.0,H,1.0,0.0,H,19.0,6.0,7.0,1.0,8.0,13.0,4.0,4.0,0.0,0.0,0.0,0.0,2.37,3.29,3.29
E0,2017-12-30,Chelsea,Stoke,1914.79,1653.51,7.0,10.0,4.0,4.0,5.0,0.0,H,3.0,0.0,H,21.0,1.0,12.0,1.0,5.0,10.0,7.0,0.0,1.0,1.0,0.0,0.0,1.16,8.5,19.0
E0,2017-12-30,Huddersfield,Burnley,1535.49,1700.95,5.0,8.0,2.0,8.0,0.0,0.0,D,0.0,0.0,D,3.0,11.0,1.0,4.0,14.0,14.0,5.0,4.0,2.0,1.0,0.0,0.0,2.37,3.1,3.5
E0,2017-12-30,Liverpool,Leicester,1870.26,1757.48,7.0,9.0,1.0,7.0,2.0,1.0,H,0.0,1.0,A,17.0,7.0,6.0,1.0,7.0,3.0,7.0,1.0,3.0,2.0,0.0,0.0,1.3,6.0,11.0
E0,2017-12-30,Man United,Southampton,1914.03,1670.41,5.0,8.0,1.0,2.0,0.0,0.0,D,0.0,0.0,D,15.0,8.0,3.0,3.0,12.0,13.0,10.0,7.0,2.0,4.0,0.0,0.0,1.36,5.5,9.0
E0,2017-12-30,Newcastle,Brighton,1607.64,1606.02,3.0,3.0,4.0,4.0,0.0,0.0,D,0.0,0.0,D,11.0,10.0,2.0,3.0,11.0,10.0,3.0,6.0,2.0,2.0,0.0,0.0,2.14,3.2,4.0
E0,2017-12-30,Watford,Swansea,1656.77,1619.42,3.0,3.0,1.0,4.0,1.0,2.0,A,1.0,0.0,H,9.0,9.0,4.0,4.0,14.0,13.0,1.0,8.0,4.0,2.0,0.0,0.0,1.66,3.79,6.0
E0,2017-12-31,Crystal Palace,Man City,1624.05,1975.23,4.0,8.0,9.0,15.0,0.0,0.0,D,0.0,0.0,D,10.0,15.0,1.0,4.0,14.0,11.0,7.0,8.0,5.0,4.0,0.0,0.0,11.0,6.5,1.28
E0,2017-12-31,West Brom,Arsenal,1634.24,1842.88,1.0,2.0,7.0,9.0,1.0,1.0,D,0.0,0.0,D,14.0,14.0,3.0,4.0,14.0,9.0,5.0,6.0,3.0,3.0,0.0,0.0,5.0,4.0,1.72
E0,2018-01-01,Brighton,Bournemouth,1613.72,1647.4,4.0,5.0,4.0,4.0,2.0,2.0,D,1.0,1.0,D,15.0,26.0,6.0,8.0,13.0,9.0,5.0,12.0,2.0,1.0,0.0,0.0,2.37,3.2,3.39
E0,2018-01-01,Burnley,Liverpool,1696.47,1886.25,2.0,6.0,7.0,11.0,1.0,2.0,A,0.0,0.0,D,13.0,19.0,4.0,5.0,4.0,12.0,3.0,9.0,0.0,0.0,0.0,0.0,7.5,4.5,1.5
E0,2018-01-01,Everton,Man United,1702.06,1900.16,2.0,8.0,3.0,9.0,0.0,2.0,A,0.0,0.0,D,12.0,21.0,0.0,6.0,11.0,10.0,6.0,6.0,2.0,0.0,0.0,0.0,5.5,3.5,1.8
E0,2018-01-01,Leicester,Huddersfield,1726.59,1564.53,1.0,4.0,3.0,6.0,3.0,0.0,H,0.0,0.0,D,11.0,6.0,5.0,1.0,7.0,9.0,4.0,1.0,1.0,1.0,0.0,0.0,1.66,3.79,6.0
E0,2018-01-01,Stoke,Newcastle,1641.16,1613.03,4.0,4.0,4.0,4.0,0.0,1.0,A,0.0,0.0,D,11.0,14.0,4.0,6.0,10.0,11.0,10.0,5.0,3.0,1.0,0.0,0.0,2.29,3.29,3.5
E0,2018-01-02,Man City,Watford,1981.2,1626.99,7.0,13.0,3.0,3.0,3.0,1.0,H,2.0,0.0,H,17.0,7.0,7.0,4.0,8.0,12.0,9.0,1.0,1.0,1.0,0.0,0.0,1.12,8.5,19.0
E0,2018-01-02,Southampton,Crystal Palace,1667.45,1648.83,2.0,2.0,2.0,8.0,1.0,2.0,A,1.0,0.0,H,10.0,11.0,3.0,4.0,8.0,11.0,4.0,7.0,0.0,1.0,0.0,0.0,1.9,3.39,4.0
E0,2018-01-02,Swansea,Tottenham,1618.33,1916.21,4.0,4.0,6.0,12.0,0.0,2.0,A,0.0,1.0,A,8.0,12.0,1.0,5.0,12.0,9.0,6.0,5.0,2.0,2.0,0.0,0.0,12.0,4.75,1.3
E0,2018-01-02,West Ham,West Brom,1647.93,1627.17,4.0,8.0,2.0,3.0,2.0,1.0,H,0.0,1.0,A,13.0,10.0,5.0,3.0,12.0,12.0,3.0,4.0,3.0,2.0,0.0,0.0,1.9,3.39,4.09
E0,2018-01-03,Arsenal,Chelsea,1844.33,1918.83,5.0,9.0,7.0,13.0,2.0,2.0,D,0.0,0.0,D,14.0,19.0,6.0,6.0,11.0,11.0,10.0,8.0,3.0,2.0,0.0,0.0,2.6,3.39,2.6
E0,2018-01-04,Tottenham,West Ham,1916.21,1647.93,9.0,12.0,4.0,8.0,1.0,1.0,D,0.0,0.0,D,31.0,3.0,8.0,1.0,10.0,6.0,7.0,1.0,0.0,2.0,0.0,0.0,1.25,6.0,10.0
E0,2018-01-13,Chelsea,Leicester,1918.83,1726.59,7.0,11.0,3.0,4.0,0.0,0.0,D,0.0,0.0,D,17.0,14.0,7.0,1.0,14.0,13.0,6.0,3.0,2.0,2.0,0.0,1.0,1.3,5.75,12.0
E0,2018-01-13,Crystal Palace,Burnley,1648.83,1696.47,4.0,8.0,2.0,3.0,1.0,0.0,H,1.0,0.0,H,17.0,8.0,2.0,2.0,16.0,10.0,3.0,2.0,0.0,3.0,0.0,0.0,2.0,3.29,4.5
E0,2018-01-13,Huddersfield,West Ham,1564.53,1647.93,2.0,6.0,5.0,8.0,1.0,4.0,A,1.0,1.0,D,8.0,8.0,2.0,6.0,7.0,9.0,7.0,3.0,1.0,1.0,0.0,0.0,2.62,3.1,3.1
E0,2018-01-13,Newcastle,Swansea,1613.03,1618.33,4.0,7.0,3.0,4.0,1.0,1.0,D,0.0,0.0,D,12.0,8.0,4.0,5.0,11.0,10.0,4.0,5.0,0.0,3.0,0.0,0.0,1.95,3.39,4.5
E0,2018-01-13,Tottenham,Everton,1916.21,1702.06,7.0,10.0,1.0,5.0,4.0,0.0,H,1.0,0.0,H,20.0,7.0,10.0,0.0,11.0,15.0,3.0,3.0,0.0,2.0,0.0,0.0,1.28,6.0,13.0
E0,2018-01-13,Watford,Southampton,1626.99,1667.45,3.0,3.0,1.0,2.0,2.0,2.0,D,0.0,2.0,A,16.0,10.0,4.0,4.0,11.0,13.0,5.0,4.0,0.0,5.0,0.0,0.0,2.5,3.39,3.0
E0,2018-01-13,West Brom,Brighton,1627.17,1613.72,2.0,2.0,2.0,6.0,2.0,0.0,H,1.0,0.0,H,15.0,13.0,4.0,1.0,8.0,15.0,9.0,6.0,0.0,0.0,0.0,0.0,2.14,3.0,4.33
E0,2018-01-14,Bournemouth,Arsenal,1647.4,1844.33,5.0,5.0,5.0,9.0,2.0,1.0,H,0.0,0.0,D,13.0,12.0,5.0,3.0,8.0,10.0,4.0,5.0,2.0,2.0,0.0,0.0,4.75,4.2,1.75
E0,2018-01-14,Liverpool,Man City,1886.25,1981.2,9.0,13.0,7.0,13.0,4.0,3.0,H,1.0,1.0,D,16.0,11.0,7.0,4.0,10.0,7.0,5.0,6.0,2.0,3.0,0.0,0.0,3.1,3.75,2.29
E0,2018-01-15,Man United,Stoke,1906.77,1630.94,5.0,9.0,1.0,4.0,3.0,0.0,H,2.0,0.0,H,20.0,11.0,9.0,5.0,14.0,10.0,6.0,1.0,2.0,1.0,0.0,0.0,1.22,7.0,15.0
E0,2018-01-20,Arsenal,Crystal Palace,1833.3,1666.34,2.0,6.0,7.0,8.0,4.0,1.0,H,4.0,0.0,H,16.0,9.0,10.0,5.0,6.0,8.0,5.0,10.0,0.0,0.0,0.0,0.0,1.5,4.75,7.0
E0,2018-01-20,Brighton,Chelsea,1603.62,1912.28,2.0,5.0,5.0,9.0,0.0,4.0,A,0.0,2.0,A,10.0,14.0,3.0,10.0,12.0,5.0,5.0,3.0,3.0,0.0,0.0,0.0,6.5,3.89,1.61
E0,2018-01-20,Burnley,Man United,1684.05,1906.77,1.0,2.0,7.0,9.0,0.0,1.0,A,0.0,0.0,D,13.0,12.0,2.0,2.0,7.0,12.0,5.0,4.0,3.0,3.0,0.0,0.0,7.5,3.89,1.57
E0,2018-01-20,Everton,West Brom,1690.68,1630.46,0.0,2.0,4.0,5.0,1.0,1.0,D,0.0,1.0,A,9.0,15.0,4.0,5.0,15.0,10.0,0.0,3.0,2.0,1.0,0.0,0.0,2.14,3.2,4.0
E0,2018-01-20,Leicester,Watford,1738.09,1624.83,4.0,5.0,1.0,4.0,2.0,0.0,H,1.0,0.0,H,9.0,11.0,5.0,3.0,11.0,10.0,4.0,5.0,0.0,0.0,0.0,0.0,1.85,3.89,4.33
E0,2018-01-20,Man City,Newcastle,1973.84,1621.44,4.0,10.0,5.0,8.0,3.0,1.0,H,1.0,0.0,H,21.0,6.0,9.0,4.0,5.0,10.0,18.0,0.0,0.0,1.0,0.0,0.0,1.12,10.0,26.0
E0,2018-01-20,Stoke,Huddersfield,1630.94,1547.2,0.0,4.0,1.0,3.0,2.0,0.0,H,0.0,0.0,D,11.0,6.0,6.0,3.0,18.0,13.0,3.0,2.0,1.0,1.0,0.0,0.0,2.04,3.39,4.09
E0,2018-01-20,West Ham,Bournemouth,1673.15,1659.69,7.0,8.0,7.0,8.0,1.0,1.0,D,0.0,0.0,D,12.0,8.0,4.0,3.0,8.0,7.0,6.0,3.0,3.0,1.0,0.0,0.0,2.0,3.6,4.0
E0,2018-01-21,Southampton,Tottenham,1658.18,1917.62,2.0,3.0,7.0,13.0,1.0,1.0,D,1.0,1.0,D,10.0,17.0,4.0,2.0,8.0,15.0,2.0,9.0,2.0,3.0,0.0,0.0,5.75,4.09,1.64
E0,2018-01-22,Swansea,Liverpool,1616.22,1899.96,4.0,5.0,9.0,13.0,1.0,0.0,H,1.0,0.0,H,3.0,21.0,2.0,4.0,5.0,9.0,3.0,9.0,0.0,2.0,0.0,0.0,12.0,5.75,1.3
E0,2018-01-30,Huddersfield,Liverpool,1547.2,1899.96,0.0,2.0,6.0,12.0,0.0,3.0,A,0.0,2.0,A,5.0,14.0,1.0,7.0,8.0,8.0,1.0,4.0,0.0,0.0,0.0,0.0,12.0,5.75,1.3
E0,2018-01-30,Swansea,Arsenal,1616.22,1833.3,4.0,7.0,4.0,8.0,3.0,1.0,H,1.0,1.0,D,12.0,9.0,4.0,4.0,4.0,8.0,4.0,3.0,0.0,3.0,0.0,0.0,7.0,4.59,1.5
E0,2018-01-30,West Ham,Crystal Palace,1673.15,1666.34,5.0,9.0,6.0,7.0,1.0,1.0,D,1.0,1.0,D,8.0,9.0,3.0,3.0,11.0,15.0,5.0,3.0,1.0,3.0,0.0,0.0,3.1,3.25,2.54
E0,2018-01-31,Chelsea,Bournemouth,1912.28,1659.69,5.0,11.0,5.0,9.0,0.0,3.0,A,0.0,0.0,D,21.0,11.0,5.0,5.0,5.0,12.0,8.0,5.0,1.0,0.0,0.0,0.0,1.28,6.5,11.0
E0,2018-01-31,Everton,Leicester,1690.68,1738.09,1.0,2.0,7.0,7.0,2.0,1.0,H,2.0,0.0,H,9.0,8.0,4.0,1.0,9.0,10.0,5.0,5.0,0.0,2.0,0.0,0.0,3.0,3.2,2.62
E0,2018-01-31,Man City,West Brom,1973.84,1630.46,6.0,10.0,4.0,6.0,3.0,0.0,H,1.0,0.0,H,19.0,3.0,10.0,1.0,10.0,10.0,9.0,1.0,1.0,3.0,0.0,0.0,1.14,10.0,21.0
E0,2018-01-31,Newcastle,Burnley,1621.44,1684.05,4.0,5.0,0.0,2.0,1.0,1.0,D,0.0,0.0,D,14.0,11.0,4.0,2.0,15.0,15.0,7.0,4.0,1.0,2.0,0.0,0.0,2.2,3.2,3.89
E0,2018-01-31,Southampton,Brighton,1658.18,1603.62,2.0,3.0,1.0,2.0,1.0,1.0,D,0.0,1.0,A,18.0,9.0,3.0,2.0,8.0,10.0,7.0,2.0,3.0,1.0,0.0,0.0,1.75,3.5,6.0
E0,2018-01-31,Stoke,Watford,1630.94,1624.83,3.0,4.0,1.0,4.0,0.0,0.0,D,0.0,0.0,D,11.0,12.0,4.0,2.0,12.0,12.0,2.0,6.0,4.0,3.0,0.0,0.0,2.25,3.5,3.39
E0,2018-01-31,Tottenham,Man United,1917.62,1906.77,5.0,11.0,9.0,11.0,2.0,0.0,H,2.0,0.0,H,22.0,6.0,6.0,3.0,10.0,13.0,6.0,3.0,2.0,2.0,0.0,0.0,2.35,3.29,3.39
E0,2018-02-03,Arsenal,Everton,1821.6,1695.6,3.0,5.0,4.0,4.0,5.0,1.0,H,4.0,0.0,H,15.0,11.0,7.0,2.0,8.0,8.0,4.0,6.0,2.0,0.0,0.0,0.0,1.3,5.75,12.0
E0,2018-02-03,Bournemouth,Stoke,1687.61,1632.81,7.0,11.0,4.0,4.0,2.0,1.0,H,0.0,1.0,A,15.0,13.0,8.0,4.0,14.0,19.0,8.0,1.0,2.0,3.0,0.0,0.0,1.9,3.7,4.33
E0,2018-02-03,Brighton,West Ham,1601.47,1669.44,1.0,3.0,5.0,9.0,3.0,1.0,H,1.0,1.0,D,21.0,4.0,5.0,1.0,11.0,7.0,4.0,1.0,3.0,1.0,0.0,0.0,2.35,3.0,3.7
E0,2018-02-03,Burnley,Man City,1679.62,1977.56,1.0,2.0,6.0,10.0,1.0,1.0,D,0.0,1.0,A,8.0,20.0,3.0,7.0,9.0,6.0,3.0,13.0,4.0,1.0,0.0,0.0,13.0,6.0,1.28
E0,2018-02-03,Leicester,Swansea,1735.67,1646.9,4.0,7.0,7.0,10.0,1.0,1.0,D,1.0,0.0,H,13.0,3.0,5.0,1.0,9.0,8.0,3.0,3.0,1.0,0.0,0.0,0.0,1.8,3.6,5.25
E0,2018-02-03,Man United,Huddersfield,1904.47,1536.83,6.0,10.0,0.0,1.0,2.0,0.0,H,0.0,0.0,D,16.0,4.0,7.0,0.0,5.0,19.0,5.0,2.0,2.0,4.0,0.0,0.0,1.16,8.5,19.0
E0,2018-02-03,West Brom,Southampton,1631.51,1660.3,4.0,5.0,3.0,4.0,2.0,3.0,A,1.0,2.0,A,9.0,13.0,3.0,5.0,12.0,10.0,5.0,7.0,2.0,1.0,0.0,0.0,2.54,3.2,3.1
E0,2018-02-04,Crystal Palace,Newcastle,1662.71,1620.11,4.0,8.0,2.0,6.0,1.0,1.0,D,0.0,1.0,A,21.0,11.0,6.0,8.0,11.0,8.0,5.0,6.0,1.0,1.0,0.0,0.0,2.04,3.39,4.2
E0,2018-02-04,Liverpool,Tottenham,1889.91,1921.82,6.0,12.0,7.0,11.0,2.0,2.0,D,1.0,0.0,H,9.0,13.0,3.0,6.0,15.0,9.0,3.0,7.0,3.0,1.0,0.0,0.0,2.1,3.75,3.6
E0,2018-02-05,Watford,Chelsea,1621.03,1891.67,2.0,2.0,4.0,8.0,4.0,1.0,H,1.0,0.0,H,21.0,7.0,8.0,3.0,11.0,8.0,6.0,2.0,2.0,2.0,0.0,1.0,6.25,4.0,1.61
E0,2018-02-10,Everton,Crystal Palace,1695.6,1662.71,4.0,4.0,2.0,8.0,3.0,1.0,H,0.0,0.0,D,11.0,16.0,5.0,4.0,14.0,15.0,8.0,7.0,1.0,1.0,0.0,0.0,2.25,3.25,3.2
E0,2018-02-10,Man City,Leicester,1977.56,1735.67,7.0,10.0,4.0,8.0,5.0,1.0,H,1.0,1.0,D,19.0,2.0,11.0,2.0,10.0,12.0,8.0,2.0,2.0,3.0,0.0,0.0,1.19,6.5,13.0
E0,2018-02-10,Stoke,Brighton,1632.81,1601.47,4.0,4.0,4.0,5.0,1.0,1.0,D,0.0,1.0,A,15.0,14.0,3.0,6.0,6.0,10.0,7.0,4.0,0.0,0.0,0.0,0.0,2.2,3.2,3.39
E0,2018-02-10,Swansea,Burnley,1646.9,1679.62,7.0,8.0,2.0,2.0,1.0,0.0,H,0.0,0.0,D,12.0,13.0,4.0,1.0,10.0,9.0,5.0,2.0,2.0,1.0,0.0,0.0,2.37,3.0,3.25
E0,2018-02-10,Tottenham,Arsenal,1921.82,1821.6,5.0,9.0,6.0,7.0,1.0,0.0,H,0.0,0.0,D,18.0,6.0,6.0,1.0,13.0,9.0,10.0,2.0,2.0,1.0,0.0,0.0,2.0,3.6,3.5
E0,2018-02-10,West Ham,Watford,1669.44,1621.03,2.0,6.0,4.0,5.0,2.0,0.0,H,1.0,0.0,H,8.0,11.0,4.0,4.0,11.0,7.0,8.0,7.0,1.0,1.0,0.0,0.0,2.5,3.29,2.79
E0,2018-02-11,Huddersfield,Bournemouth,1536.83,1687.61,0.0,0.0,7.0,11.0,4.0,1.0,H,2.0,1.0,H,15.0,7.0,4.0,2.0,12.0,12.0,2.0,6.0,0.0,3.0,0.0,0.0,3.25,3.2,2.25
E0,2018-02-11,Newcastle,Man United,1620.11,1904.47,2.0,6.0,6.0,12.0,1.0,0.0,H,0.0,0.0,D,10.0,13.0,3.0,6.0,12.0,15.0,0.0,10.0,0.0,2.0,0.0,0.0,5.5,3.75,1.61
E0,2018-02-11,Southampton,Liverpool,1660.3,1889.91,5.0,6.0,4.0,10.0,0.0,2.0,A,0.0,2.0,A,6.0,16.0,4.0,4.0,5.0,8.0,3.0,1.0,1.0,2.0,0.0,0.0,4.2,3.79,1.8
E0,2018-02-12,Chelsea,West Brom,1891.67,1631.51,3.0,5.0,1.0,4.0,3.0,0.0,H,1.0,0.0,H,20.0,8.0,8.0,1.0,11.0,11.0,8.0,7.0,0.0,2.0,0.0,0.0,1.36,4.75,8.0
E0,2018-02-24,Bournemouth,Newcastle,1681.62,1643.49,6.0,10.0,5.0,6.0,2.0,2.0,D,0.0,2.0,A,18.0,15.0,5.0,4.0,12.0,10.0,8.0,1.0,1.0,4.0,0.0,0.0,2.1,3.5,3.79
E0,2018-02-24,Brighton,Swansea,1622.45,1665.4,5.0,5.0,7.0,11.0,4.0,1.0,H,1.0,0.0,H,16.0,11.0,5.0,1.0,17.0,6.0,3.0,5.0,1.0,0.0,0.0,0.0,2.14,3.25,4.0
E0,2018-02-24,Burnley,Southampton,1684.91,1670.29,2.0,2.0,4.0,6.0,1.0,1.0,D,0.0,0.0,D,9.0,13.0,3.0,6.0,8.0,14.0,7.0,5.0,1.0,0.0,0.0,0.0,2.89,3.1,2.79
E0,2018-02-24,Leicester,Stoke,1734.6,1632.44,1.0,5.0,2.0,5.0,1.0,1.0,D,0.0,1.0,A,19.0,6.0,9.0,2.0,10.0,16.0,13.0,1.0,1.0,3.0,0.0,0.0,1.72,3.89,5.25
E0,2018-02-24,Liverpool,West Ham,1914.43,1673.04,7.0,10.0,4.0,8.0,4.0,1.0,H,1.0,0.0,H,21.0,7.0,12.0,4.0,7.0,7.0,8.0,2.0,0.0,2.0,0.0,0.0,1.22,7.5,13.0
E0,2018-02-24,Watford,Everton,1642.21,1703.32,4.0,5.0,6.0,7.0,1.0,0.0,H,0.0,0.0,D,13.0,7.0,5.0,2.0,10.0,9.0,6.0,5.0,3.0,1.0,0.0,0.0,2.25,3.39,3.5
E0,2018-02-24,West Brom,Huddersfield,1626.13,1560.52,0.0,4.0,3.0,3.0,1.0,2.0,A,0.0,0.0,D,10.0,16.0,3.0,7.0,11.0,9.0,6.0,3.0,1.0,1.0,0.0,0.0,1.95,3.29,4.75
E0,2018-02-25,Crystal Palace,Tottenham,1658.52,1939.09,2.0,5.0,7.0,11.0,0.0,1.0,A,0.0,0.0,D,5.0,14.0,3.0,4.0,12.0,5.0,2.0,13.0,0.0,1.0,0.0,0.0,7.5,4.5,1.5
E0,2018-02-25,Man United,Chelsea,1899.15,1879.12,3.0,9.0,3.0,7.0,2.0,1.0,H,1.0,1.0,D,10.0,14.0,5.0,7.0,13.0,12.0,3.0,4.0,2.0,2.0,0.0,0.0,2.29,3.25,3.5
E0,2018-03-01,Arsenal,Man City,1833.16,1986.26,3.0,6.0,7.0,10.0,0.0,3.0,A,0.0,3.0,A,10.0,9.0,5.0,5.0,11.0,11.0,6.0,1.0,1.0,1.0,0.0,0.0,4.5,4.0,1.72
E0,2018-03-03,Burnley,Everton,1682.91,1695.45,2.0,3.0,3.0,7.0,2.0,1.0,H,0.0,1.0,A,21.0,10.0,8.0,4.0,9.0,12.0,10.0,4.0,1.0,1.0,0.0,1.0,2.5,3.1,3.29
E0,2018-03-03,Leicester,Bournemouth,1730.36,1678.98,2.0,5.0,4.0,8.0,1.0,1.0,D,0.0,1.0,A,23.0,8.0,4.0,3.0,11.0,7.0,13.0,1.0,2.0,1.0,0.0,0.0,1.85,3.75,4.5
E0,2018-03-03,Liverpool,Newcastle,1917.92,1646.37,7.0,10.0,5.0,6.0,2.0,0.0,H,1.0,0.0,H,14.0,7.0,3.0,2.0,7.0,9.0,8.0,3.0,0.0,0.0,0.0,0.0,1.22,7.0,15.0
E0,2018-03-03,Southampton,Stoke,1672.53,1636.92,4.0,6.0,2.0,6.0,0.0,0.0,D,0.0,0.0,D,18.0,12.0,6.0,3.0,8.0,13.0,15.0,4.0,0.0,1.0,0.0,0.0,1.75,3.75,5.25
E0,2018-03-03,Swansea,West Ham,1652.17,1669.8,4.0,10.0,3.0,5.0,4.0,1.0,H,2.0,0.0,H,9.0,7.0,8.0,2.0,9.0,14.0,4.0,5.0,0.0,3.0,0.0,0.0,2.6,3.25,3.0
E0,2018-03-03,Tottenham,Huddersfield,1942.27,1572.12,7.0,11.0,6.0,6.0,2.0,0.0,H,1.0,0.0,H,15.0,3.0,7.0,3.0,6.0,8.0,8.0,1.0,1.0,1.0,0.0,0.0,1.19,7.5,17.0
E0,2018-03-03,Watford,West Brom,1650.32,1614.77,6.0,7.0,0.0,1.0,1.0,0.0,H,0.0,0.0,D,15.0,9.0,4.0,2.0,11.0,12.0,4.0,6.0,2.0,0.0,0.0,0.0,2.14,3.29,3.89
E0,2018-03-04,Brighton,Arsenal,1635.92,1833.16,7.0,8.0,3.0,6.0,2.0,1.0,H,2.0,1.0,H,13.0,15.0,6.0,7.0,13.0,12.0,6.0,11.0,3.0,3.0,0.0,0.0,4.2,3.79,1.9
E0,2018-03-04,Man City,Chelsea,1986.26,1872.44,7.0,13.0,3.0,6.0,1.0,0.0,H,0.0,0.0,D,13.0,3.0,3.0,0.0,8.0,9.0,5.0,2.0,2.0,1.0,0.0,0.0,1.61,4.2,6.0
E0,2018-03-05,Crystal Palace,Man United,1655.58,1905.14,1.0,2.0,6.0,9.0,2.0,3.0,A,1.0,0.0,H,10.0,17.0,4.0,8.0,10.0,8.0,3.0,7.0,1.0,3.0,0.0,0.0,7.0,4.0,1.57
E0,2018-03-10,Chelsea,Crystal Palace,1872.44,1655.58,3.0,3.0,0.0,2.0,2.0,1.0,H,2.0,0.0,H,27.0,9.0,11.0,2.0,8.0,9.0,12.0,3.0,1.0,2.0,0.0,0.0,1.3,5.75,12.0
E0,2018-03-10,Everton,Brighton,1695.45,1635.92,3.0,6.0,7.0,11.0,2.0,0.0,H,0.0,0.0,D,13.0,10.0,3.0,4.0,10.0,14.0,10.0,3.0,0.0,1.0,0.0,1.0,2.2,3.2,3.89
E0,2018-03-10,Huddersfield,Swansea,1572.12,1652.17,6.0,6.0,6.0,10.0,0.0,0.0,D,0.0,0.0,D,30.0,0.0,4.0,0.0,9.0,9.0,12.0,0.0,2.0,3.0,0.0,1.0,2.54,3.1,3.2
E0,2018-03-10,Man United,Liverpool,1905.14,1917.92,6.0,9.0,9.0,13.0,2.0,1.0,H,2.0,0.0,H,5.0,14.0,2.0,2.0,10.0,16.0,1.0,13.0,2.0,1.0,0.0,0.0,2.75,3.39,2.75
E0,2018-03-10,Newcastle,Southampton,1646.37,1672.53,4.0,6.0,2.0,6.0,3.0,0.0,H,2.0,0.0,H,7.0,6.0,5.0,2.0,10.0,10.0,2.0,6.0,0.0,2.0,0.0,0.0,2.79,3.2,2.79
E0,2018-03-10,West Brom,Leicester,1614.77,1730.36,0.0,0.0,2.0,3.0,1.0,4.0,A,1.0,1.0,D,6.0,14.0,2.0,6.0,6.0,7.0,7.0,6.0,1.0,3.0,0.0,0.0,3.0,3.25,2.6
E0,2018-03-10,West Ham,Burnley,1669.8,1682.91,3.0,4.0,4.0,6.0,0.0,3.0,A,0.0,0.0,D,13.0,7.0,4.0,4.0,13.0,7.0,5.0,1.0,2.0,2.0,0.0,0.0,2.29,3.2,3.6
E0,2018-03-11,Arsenal,Watford,1833.16,1650.32,0.0,3.0,6.0,10.0,3.0,0.0,H,1.0,0.0,H,11.0,11.0,7.0,4.0,12.0,9.0,4.0,9.0,2.0,1.0,0.0,0.0,1.44,5.0,7.5
E0,2018-03-11,Bournemouth,Tottenham,1678.98,1942.27,2.0,8.0,9.0,13.0,1.0,4.0,A,1.0,1.0,D,14.0,12.0,3.0,8.0,10.0,7.0,4.0,5.0,1.0,1.0,0.0,0.0,6.5,4.5,1.55
E0,2018-03-12,Stoke,Man City,1636.92,1986.26,3.0,4.0,9.0,13.0,0.0,2.0,A,0.0,1.0,A,3.0,17.0,0.0,6.0,6.0,8.0,3.0,10.0,1.0,0.0,0.0,0.0,15.0,6.5,1.25
E0,2018-03-17,Bournemouth,West Brom,1665.7,1587.5,2.0,5.0,0.0,0.0,2.0,1.0,H,0.0,0.0,D,17.0,11.0,5.0,6.0,6.0,9.0,3.0,2.0,1.0,2.0,0.0,0.0,1.83,3.6,5.0
E0,2018-03-17,Huddersfield,Crystal Palace,1561.7,1639.34,4.0,7.0,0.0,1.0,0.0,2.0,A,0.0,1.0,A,6.0,17.0,2.0,6.0,11.0,12.0,4.0,7.0,3.0,2.0,0.0,0.0,3.0,3.1,2.7
E0,2018-03-17,Liverpool,Watford,1902.26,1640.89,6.0,10.0,6.0,9.0,5.0,0.0,H,2.0,0.0,H,13.0,4.0,10.0,1.0,5.0,4.0,6.0,1.0,1.0,0.0,0.0,0.0,1.19,8.0,15.0
E0,2018-03-17,Stoke,Everton,1626.66,1686.49,2.0,3.0,3.0,6.0,1.0,2.0,A,0.0,0.0,D,9.0,17.0,4.0,9.0,13.0,12.0,1.0,9.0,1.0,1.0,1.0,0.0,2.5,3.29,3.1
E0,2018-03-31,Brighton,Leicester,1629.19,1728.59,6.0,10.0,5.0,6.0,0.0,2.0,A,0.0,0.0,D,15.0,6.0,3.0,4.0,11.0,13.0,6.0,1.0,2.0,4.0,0.0,1.0,2.7,3.2,2.62
E0,2018-03-31,Crystal Palace,Liverpool,1639.34,1902.26,3.0,3.0,6.0,12.0,1.0,2.0,A,1.0,0.0,H,6.0,16.0,3.0,6.0,6.0,8.0,4.0,6.0,2.0,2.0,0.0,0.0,7.0,4.33,1.44
E0,2018-03-31,Everton,Man City,1686.49,1990.83,6.0,9.0,9.0,13.0,1.0,3.0,A,0.0,3.0,A,6.0,18.0,2.0,4.0,10.0,8.0,2.0,11.0,0.0,0.0,0.0,0.0,9.0,5.0,1.33
E0,2018-03-31,Man United,Swansea,1887.72,1652.98,9.0,12.0,4.0,8.0,2.0,0.0,H,2.0,0.0,H,11.0,3.0,5.0,2.0,5.0,13.0,3.0,3.0,0.0,0.0,0.0,0.0,1.25,6.0,10.0
E0,2018-03-31,Newcastle,Huddersfield,1646.49,1561.7,4.0,8.0,1.0,7.0,1.0,0.0,H,0.0,0.0,D,18.0,4.0,3.0,0.0,9.0,10.0,3.0,3.0,1.0,4.0,0.0,0.0,1.75,3.39,5.0
E0,2018-03-31,Watford,Bournemouth,1640.89,1665.7,3.0,6.0,4.0,5.0,2.0,2.0,D,1.0,1.0,D,16.0,13.0,5.0,6.0,16.0,6.0,7.0,4.0,4.0,0.0,0.0,0.0,2.29,3.29,3.1
E0,2018-03-31,West Brom,Burnley,1587.5,1694.97,0.0,0.0,7.0,8.0,1.0,2.0,A,0.0,1.0,A,8.0,11.0,3.0,4.0,12.0,9.0,1.0,6.0,1.0,3.0,0.0,0.0,2.5,3.0,3.1
E0,2018-03-31,West Ham,Southampton,1632.58,1647.22,0.0,3.0,2.0,5.0,3.0,0.0,H,3.0,0.0,H,13.0,9.0,5.0,0.0,9.0,16.0,5.0,9.0,0.0,3.0,0.0,0.0,2.7,3.25,2.6
E0,2018-04-01,Arsenal,Stoke,1822.28,1619.94,3.0,6.0,1.0,3.0,3.0,0.0,H,0.0,0.0,D,24.0,8.0,11.0,2.0,9.0,13.0,6.0,5.0,1.0,2.0,0.0,0.0,1.28,5.5,10.0
E0,2018-04-01,Chelsea,Tottenham,1855.87,1925.91,3.0,6.0,9.0,13.0,1.0,3.0,A,1.0,1.0,D,14.0,12.0,4.0,7.0,4.0,11.0,5.0,5.0,0.0,1.0,0.0,0.0,2.29,3.29,3.1
E0,2018-04-07,Bournemouth,Crystal Palace,1672.29,1647.71,4.0,6.0,3.0,3.0,2.0,2.0,D,0.0,0.0,D,20.0,13.0,5.0,6.0,8.0,9.0,11.0,3.0,2.0,2.0,0.0,0.0,2.5,3.39,3.0
E0,2018-04-07,Brighton,Huddersfield,1620.49,1547.62,3.0,7.0,1.0,4.0,1.0,1.0,D,1.0,1.0,D,13.0,14.0,4.0,5.0,13.0,7.0,5.0,3.0,1.0,0.0,1.0,0.0,1.85,3.5,5.0
E0,2018-04-07,Everton,Liverpool,1691.59,1910.77,6.0,6.0,6.0,12.0,0.0,0.0,D,0.0,0.0,D,6.0,10.0,1.0,3.0,12.0,7.0,3.0,2.0,0.0,0.0,0.0,0.0,4.2,3.75,1.9
E0,2018-04-07,Leicester,Newcastle,1739.49,1652.15,7.0,8.0,6.0,10.0,1.0,2.0,A,0.0,1.0,A,8.0,8.0,1.0,4.0,7.0,14.0,7.0,5.0,1.0,3.0,0.0,0.0,1.95,3.6,4.2
E0,2018-04-07,Man City,Man United,1995.76,1892.02,9.0,15.0,9.0,12.0,2.0,3.0,A,2.0,0.0,H,20.0,5.0,6.0,4.0,17.0,9.0,8.0,4.0,6.0,3.0,0.0,0.0,1.89,3.79,4.2
E0,2018-04-07,Stoke,Tottenham,1619.94,1925.91,0.0,2.0,9.0,15.0,1.0,2.0,A,0.0,0.0,D,10.0,15.0,4.0,4.0,19.0,8.0,6.0,3.0,4.0,3.0,0.0,0.0,11.0,5.5,1.33
E0,2018-04-07,Watford,Burnley,1637.33,1702.91,1.0,7.0,9.0,10.0,1.0,2.0,A,0.0,0.0,D,14.0,7.0,5.0,4.0,18.0,12.0,11.0,1.0,2.0,2.0,0.0,0.0,2.39,3.2,3.39
E0,2018-04-07,West Brom,Swansea,1576.88,1650.89,0.0,0.0,4.0,7.0,1.0,1.0,D,0.0,0.0,D,15.0,7.0,3.0,1.0,15.0,5.0,5.0,1.0,3.0,2.0,0.0,0.0,2.37,3.2,3.39
E0,2018-04-08,Arsenal,Southampton,1822.28,1636.38,6.0,6.0,1.0,2.0,3.0,2.0,H,2.0,1.0,H,13.0,15.0,7.0,8.0,11.0,7.0,8.0,6.0,2.0,1.0,1.0,1.0,1.57,4.5,6.0
E0,2018-04-08,Chelsea,West Ham,1855.87,1645.63,3.0,6.0,3.0,6.0,1.0,1.0,D,1.0,0.0,H,23.0,5.0,6.0,2.0,7.0,11.0,10.0,6.0,0.0,1.0,0.0,0.0,1.28,6.0,12.0
E0,2018-04-14,Burnley,Leicester,1702.91,1739.49,9.0,13.0,6.0,8.0,2.0,1.0,H,2.0,0.0,H,8.0,15.0,3.0,6.0,9.0,10.0,4.0,8.0,2.0,1.0,0.0,0.0,2.62,3.2,3.0
E0,2018-04-14,Crystal Palace,Brighton,1647.71,1620.49,4.0,4.0,1.0,7.0,3.0,2.0,H,3.0,2.0,H,15.0,12.0,8.0,3.0,12.0,16.0,5.0,6.0,3.0,2.0,0.0,0.0,1.9,3.5,4.75
E0,2018-04-14,Huddersfield,Watford,1547.62,1637.33,1.0,2.0,1.0,4.0,1.0,0.0,H,0.0,0.0,D,9.0,4.0,1.0,2.0,9.0,8.0,9.0,6.0,2.0,2.0,0.0,0.0,2.62,3.25,3.0
E0,2018-04-14,Liverpool,Bournemouth,1910.77,1672.29,7.0,10.0,5.0,6.0,3.0,0.0,H,1.0,0.0,H,20.0,6.0,7.0,1.0,9.0,9.0,7.0,5.0,1.0,1.0,0.0,0.0,1.25,7.0,12.0
E0,2018-04-14,Southampton,Chelsea,1636.38,1855.87,0.0,2.0,4.0,4.0,2.0,3.0,A,1.0,0.0,H,10.0,17.0,7.0,5.0,13.0,14.0,4.0,7.0,5.0,3.0,0.0,0.0,4.5,3.75,1.85
E0,2018-04-14,Swansea,Everton,1650.89,1691.59,2.0,5.0,4.0,7.0,1.0,1.0,D,0.0,1.0,A,17.0,12.0,7.0,3.0,10.0,11.0,6.0,3.0,1.0,1.0,0.0,0.0,2.54,3.25,3.1
E0,2018-04-14,Tottenham,Man City,1925.91,1995.76,9.0,15.0,6.0,12.0,1.0,3.0,A,1.0,2.0,A,8.0,17.0,3.0,6.0,11.0,12.0,5.0,7.0,3.0,4.0,0.0,0.0,2.62,3.6,2.7
E0,2018-04-15,Man United,West Brom,1907.44,1581.37,9.0,15.0,1.0,1.0,0.0,1.0,A,0.0,0.0,D,14.0,10.0,4.0,4.0,8.0,13.0,4.0,4.0,1.0,1.0,0.0,0.0,1.18,8.0,19.0
E0,2018-04-15,Newcastle,Arsenal,1667.6,1845.36,9.0,10.0,9.0,9.0,2.0,1.0,H,1.0,1.0,D,8.0,15.0,4.0,3.0,11.0,9.0,2.0,5.0,1.0,0.0,0.0,0.0,3.29,3.6,2.25
E0,2018-04-16,West Ham,Stoke,1655.76,1616.95,4.0,4.0,0.0,1.0,1.0,1.0,D,0.0,0.0,D,18.0,11.0,6.0,7.0,15.0,21.0,10.0,1.0,2.0,3.0,0.0,0.0,2.0,3.6,4.0
E0,2018-04-17,Brighton,Tottenham,1614.95,1930.3,1.0,4.0,6.0,12.0,1.0,1.0,D,0.0,0.0,D,8.0,16.0,5.0,6.0,6.0,5.0,3.0,4.0,1.0,0.0,0.0,0.0,6.5,4.33,1.55
E0,2018-04-18,Bournemouth,Man United,1670.93,1907.44,2.0,5.0,6.0,12.0,0.0,2.0,A,0.0,1.0,A,13.0,13.0,2.0,4.0,9.0,8.0,8.0,5.0,3.0,1.0,0.0,0.0,5.0,3.89,1.75
E0,2018-04-19,Burnley,Chelsea,1721.62,1847.36,9.0,15.0,4.0,7.0,1.0,2.0,A,0.0,1.0,A,5.0,16.0,2.0,5.0,9.0,11.0,3.0,2.0,1.0,0.0,0.0,0.0,4.0,3.39,1.9
E0,2018-04-19,Leicester,Southampton,1724.79,1633.19,3.0,7.0,0.0,1.0,0.0,0.0,D,0.0,0.0,D,11.0,6.0,3.0,2.0,10.0,10.0,11.0,3.0,0.0,0.0,0.0,0.0,2.25,3.29,3.2
E0,2018-04-21,Watford,Crystal Palace,1624.71,1659.75,1.0,1.0,4.0,7.0,0.0,0.0,D,0.0,0.0,D,14.0,6.0,4.0,1.0,17.0,13.0,4.0,3.0,3.0,5.0,0.0,0.0,2.89,3.39,2.54
E0,2018-04-21,West Brom,Liverpool,1581.37,1939.76,4.0,4.0,7.0,10.0,2.0,2.0,D,0.0,1.0,A,13.0,9.0,6.0,3.0,12.0,5.0,7.0,4.0,0.0,1.0,0.0,0.0,7.5,4.5,1.5
E0,2018-04-22,Arsenal,West Ham,1845.36,1655.76,6.0,9.0,5.0,5.0,4.0,1.0,H,0.0,0.0,D,20.0,11.0,8.0,4.0,11.0,9.0,8.0,6.0,3.0,2.0,0.0,0.0,1.55,4.59,6.0
E0,2018-04-22,Man City,Swansea,1973.77,1653.86,6.0,12.0,2.0,6.0,5.0,0.0,H,2.0,0.0,H,19.0,4.0,12.0,1.0,6.0,8.0,5.0,1.0,0.0,1.0,0.0,0.0,1.14,9.0,23.0
E0,2018-04-22,Stoke,Burnley,1616.95,1721.62,1.0,1.0,6.0,12.0,1.0,1.0,D,1.0,0.0,H,8.0,16.0,3.0,7.0,15.0,5.0,3.0,8.0,2.0,1.0,0.0,0.0,2.29,3.29,3.5
E0,2018-04-23,Everton,Newcastle,1700.63,1667.6,2.0,8.0,9.0,12.0,1.0,0.0,H,0.0,0.0,D,9.0,9.0,1.0,2.0,10.0,11.0,4.0,6.0,2.0,1.0,0.0,0.0,2.29,3.39,3.39
E0,2018-04-28,Burnley,Brighton,1721.62,1614.95,4.0,10.0,2.0,2.0,0.0,0.0,D,0.0,0.0,D,10.0,9.0,4.0,1.0,5.0,17.0,3.0,4.0,0.0,2.0,0.0,0.0,2.25,3.2,3.7
E0,2018-04-28,Crystal Palace,Leicester,1659.75,1724.79,5.0,8.0,1.0,7.0,5.0,0.0,H,2.0,0.0,H,15.0,6.0,9.0,1.0,11.0,9.0,8.0,2.0,1.0,1.0,0.0,1.0,2.04,3.6,3.79
E0,2018-04-28,Huddersfield,Everton,1563.7,1700.63,4.0,5.0,5.0,8.0,0.0,2.0,A,0.0,1.0,A,9.0,7.0,2.0,5.0,9.0,8.0,4.0,3.0,1.0,0.0,0.0,0.0,2.62,3.1,3.1
E0,2018-04-28,Liverpool,Stoke,1939.76,1616.95,5.0,11.0,2.0,2.0,0.0,0.0,D,0.0,0.0,D,20.0,5.0,2.0,1.0,7.0,14.0,9.0,2.0,1.0,2.0,0.0,0.0,1.33,5.75,10.0
E0,2018-04-28,Newcastle,West Brom,1667.6,1581.37,6.0,12.0,5.0,5.0,0.0,1.0,A,0.0,1.0,A,17.0,9.0,2.0,2.0,8.0,13.0,5.0,1.0,1.0,3.0,0.0,0.0,1.85,3.6,4.75
E0,2018-04-28,Southampton,Bournemouth,1633.19,1670.93,1.0,1.0,1.0,5.0,2.0,1.0,H,1.0,1.0,D,14.0,14.0,6.0,7.0,12.0,11.0,5.0,8.0,5.0,1.0,0.0,0.0,1.72,4.0,5.0
E0,2018-04-28,Swansea,Chelsea,1653.86,1847.36,2.0,3.0,7.0,10.0,0.0,1.0,A,0.0,1.0,A,10.0,11.0,3.0,3.0,13.0,9.0,1.0,2.0,1.0,1.0,0.0,0.0,7.0,4.33,1.53
E0,2018-04-29,Man United,Arsenal,1907.44,1845.36,6.0,12.0,6.0,12.0,2.0,1.0,H,1.0,0.0,H,17.0,8.0,3.0,3.0,12.0,7.0,9.0,0.0,0.0,1.0,0.0,0.0,1.44,4.75,8.0
E0,2018-04-29,West Ham,Man City,1655.76,1973.77,2.0,5.0,6.0,12.0,1.0,4.0,A,1.0,2.0,A,4.0,19.0,1.0,7.0,5.0,11.0,0.0,7.0,0.0,1.0,0.0,0.0,10.0,5.75,1.33
E0,2018-04-30,Tottenham,Watford,1930.3,1624.71,4.0,10.0,1.0,2.0,2.0,0.0,H,1.0,0.0,H,13.0,13.0,3.0,5.0,11.0,10.0,4.0,0.0,1.0,0.0,0.0,0.0,1.16,8.5,21.0
E0,2018-05-04,Brighton,Man United,1627.71,1904.71,2.0,3.0,6.0,12.0,1.0,0.0,H,0.0,0.0,D,11.0,16.0,4.0,3.0,5.0,3.0,5.0,6.0,2.0,0.0,0.0,0.0,4.75,3.6,1.85
E0,2018-05-05,Bournemouth,Swansea,1660.31,1648.68,0.0,2.0,1.0,2.0,1.0,0.0,H,1.0,0.0,H,13.0,12.0,5.0,3.0,10.0,10.0,11.0,6.0,1.0,4.0,0.0,0.0,2.1,3.6,3.7
E0,2018-05-05,Everton,Southampton,1717.38,1646.72,7.0,8.0,4.0,4.0,1.0,1.0,D,0.0,0.0,D,9.0,11.0,3.0,5.0,14.0,12.0,3.0,4.0,2.0,4.0,0.0,1.0,2.89,3.29,2.62
E0,2018-05-05,Leicester,West Ham,1704.95,1646.66,1.0,4.0,1.0,5.0,0.0,2.0,A,0.0,1.0,A,13.0,13.0,2.0,3.0,8.0,9.0,8.0,3.0,1.0,2.0,0.0,0.0,2.25,3.5,3.39
E0,2018-05-05,Stoke,Crystal Palace,1631.15,1680.86,3.0,3.0,7.0,8.0,1.0,2.0,A,1.0,0.0,H,7.0,13.0,2.0,2.0,18.0,12.0,1.0,7.0,5.0,2.0,0.0,0.0,2.7,3.39,2.79
E0,2018-05-05,Watford,Newcastle,1624.37,1663.49,1.0,2.0,3.0,9.0,2.0,1.0,H,2.0,0.0,H,11.0,9.0,8.0,1.0,9.0,11.0,2.0,5.0,2.0,1.0,0.0,0.0,2.37,3.39,3.2
E0,2018-05-05,West Brom,Tottenham,1618.2,1928.47,7.0,8.0,4.0,10.0,1.0,0.0,H,0.0,0.0,D,9.0,18.0,1.0,5.0,13.0,12.0,5.0,9.0,4.0,1.0,0.0,0.0,8.0,4.75,1.44
E0,2018-05-06,Arsenal,Burnley,1834.04,1712.33,3.0,9.0,2.0,8.0,5.0,0.0,H,2.0,0.0,H,16.0,6.0,8.0,2.0,6.0,7.0,4.0,5.0,0.0,1.0,0.0,0.0,1.57,4.2,6.5
E0,2018-05-06,Chelsea,Liverpool,1860.62,1936.86,9.0,10.0,5.0,9.0,1.0,0.0,H,1.0,0.0,H,12.0,10.0,4.0,5.0,12.0,9.0,3.0,1.0,3.0,2.0,0.0,0.0,2.25,3.6,3.29
E0,2018-05-06,Man City,Huddersfield,1983.09,1557.77,9.0,12.0,4.0,4.0,0.0,0.0,D,0.0,0.0,D,15.0,5.0,2.0,3.0,9.0,4.0,10.0,1.0,0.0,3.0,0.0,0.0,1.08,13.0,34.0
E0,2018-05-08,Swansea,Southampton,1648.68,1646.72,0.0,2.0,5.0,5.0,0.0,1.0,A,0.0,0.0,D,11.0,13.0,3.0,8.0,7.0,15.0,7.0,6.0,2.0,1.0,0.0,0.0,3.1,3.25,2.54
E0,2018-05-09,Chelsea,Huddersfield,1860.62,1557.77,9.0,13.0,4.0,5.0,1.0,1.0,D,0.0,0.0,D,22.0,3.0,5.0,2.0,7.0,10.0,9.0,0.0,0.0,1.0,0.0,0.0,1.16,8.5,19.0
E0,2018-05-09,Leicester,Arsenal,1704.95,1834.04,1.0,1.0,6.0,9.0,3.0,1.0,H,1.0,0.0,H,19.0,14.0,10.0,7.0,7.0,12.0,6.0,6.0,2.0,2.0,0.0,1.0,3.75,3.79,2.0
E0,2018-05-09,Man City,Brighton,1983.09,1627.71,7.0,10.0,5.0,6.0,3.0,1.0,H,2.0,1.0,H,19.0,6.0,7.0,3.0,5.0,7.0,4.0,3.0,0.0,1.0,0.0,0.0,1.12,10.0,27.0
E0,2018-05-09,Tottenham,Newcastle,1928.47,1663.49,4.0,7.0,0.0,6.0,1.0,0.0,H,0.0,0.0,D,11.0,14.0,7.0,3.0,10.0,8.0,6.0,4.0,2.0,3.0,0.0,0.0,1.18,8.5,17.0
E0,2018-05-10,West Ham,Man United,1646.66,1904.71,3.0,5.0,6.0,9.0,0.0,0.0,D,0.0,0.0,D,9.0,16.0,2.0,6.0,12.0,12.0,1.0,6.0,1.0,1.0,0.0,0.0,4.75,3.79,1.8
E0,2018-05-13,Burnley,Bournemouth,1712.33,1660.31,2.0,5.0,3.0,4.0,1.0,2.0,A,1.0,0.0,H,12.0,16.0,4.0,5.0,14.0,9.0,7.0,8.0,0.0,0.0,0.0,0.0,2.14,3.5,3.6
E0,2018-05-13,Crystal Palace,West Brom,1680.86,1618.2,7.0,11.0,7.0,11.0,2.0,0.0,H,0.0,0.0,D,11.0,7.0,5.0,1.0,10.0,11.0,4.0,2.0,2.0,3.0,0.0,0.0,1.8,3.79,4.75
E0,2018-05-13,Huddersfield,Arsenal,1557.77,1834.04,2.0,6.0,3.0,6.0,0.0,1.0,A,0.0,1.0,A,18.0,9.0,3.0,4.0,11.0,7.0,7.0,4.0,1.0,0.0,0.0,0.0,6.0,4.33,1.6
E0,2018-05-13,Liverpool,Brighton,1936.86,1627.71,2.0,6.0,4.0,5.0,4.0,0.0,H,2.0,0.0,H,22.0,2.0,11.0,1.0,3.0,6.0,7.0,3.0,0.0,0.0,0.0,0.0,1.19,8.0,15.0
E0,2018-05-13,Man United,Watford,1904.71,1624.37,4.0,7.0,4.0,4.0,1.0,0.0,H,1.0,0.0,H,7.0,7.0,1.0,3.0,6.0,11.0,6.0,5.0,4.0,0.0,0.0,0.0,1.39,5.25,8.5
E0,2018-05-13,Newcastle,Chelsea,1663.49,1860.62,0.0,3.0,7.0,13.0,3.0,0.0,H,1.0,0.0,H,16.0,6.0,6.0,2.0,11.0,10.0,4.0,2.0,0.0,1.0,0.0,0.0,6.5,4.2,1.6
E0,2018-05-13,Southampton,Man City,1646.72,1983.09,7.0,8.0,7.0,13.0,0.0,1.0,A,0.0,0.0,D,8.0,13.0,3.0,2.0,8.0,10.0,1.0,12.0,3.0,1.0,0.0,0.0,9.0,5.0,1.39
E0,2018-05-13,Swansea,Stoke,1648.68,1631.15,0.0,1.0,2.0,3.0,1.0,2.0,A,1.0,2.0,A,26.0,8.0,11.0,5.0,12.0,9.0,6.0,0.0,1.0,2.0,0.0,0.0,1.9,3.79,4.2
E0,2018-05-13,Tottenham,Leicester,1928.47,1704.95,6.0,7.0,3.0,4.0,5.0,4.0,H,1.0,2.0,A,14.0,16.0,6.0,9.0,9.0,13.0,4.0,4.0,1.0,2.0,0.0,0.0,1.33,6.0,9.0
E0,2018-05-13,West Ham,Everton,1646.66,1717.38,4.0,5.0,7.0,9.0,3.0,1.0,H,1.0,0.0,H,15.0,14.0,4.0,7.0,10.0,13.0,6.0,6.0,0.0,1.0,0.0,0.0,2.45,3.5,3.0
E0,2018-08-10,Man United,Leicester,1883.61,1696.17,4.0,10.0,3.0,4.0,2.0,1.0,H,1.0,0.0,H,8.0,13.0,6.0,4.0,11.0,8.0,2.0,5.0,2.0,1.0,0.0,0.0,1.57,3.9,7.5
E0,2018-08-11,Bournemouth,Cardiff,1672.45,1575.16,6.0,6.0,4.0,10.0,2.0,0.0,H,1.0,0.0,H,12.0,10.0,4.0,1.0,11.0,9.0,7.0,4.0,1.0,1.0,0.0,0.0,1.9,3.6,4.5
E0,2018-08-11,Fulham,Crystal Palace,1632.47,1691.62,6.0,10.0,9.0,13.0,0.0,2.0,A,0.0,1.0,A,15.0,10.0,6.0,9.0,9.0,11.0,5.0,5.0,1.0,2.0,0.0,0.0,2.5,3.4,3.0
E0,2018-08-11,Huddersfield,Chelsea,1565.77,1835.68,2.0,5.0,4.0,10.0,0.0,3.0,A,0.0,2.0,A,6.0,13.0,1.0,4.0,9.0,8.0,2.0,5.0,2.0,1.0,0.0,0.0,6.5,4.0,1.61
E0,2018-08-11,Newcastle,Tottenham,1669.54,1913.52,3.0,3.0,6.0,10.0,1.0,2.0,A,1.0,2.0,A,15.0,15.0,2.0,5.0,11.0,12.0,3.0,5.0,2.0,2.0,0.0,0.0,3.9,3.5,2.04
E0,2018-08-11,Watford,Brighton,1625.11,1631.54,3.0,4.0,3.0,5.0,2.0,0.0,H,1.0,0.0,H,19.0,6.0,5.0,0.0,10.0,16.0,8.0,2.0,2.0,2.0,0.0,0.0,2.37,3.2,3.4
E0,2018-08-11,Wolves,Everton,1591.75,1698.23,4.0,10.0,4.0,8.0,2.0,2.0,D,1.0,1.0,D,11.0,6.0,4.0,5.0,8.0,7.0,3.0,6.0,0.0,1.0,0.0,1.0,2.37,3.3,3.3
E0,2018-08-12,Arsenal,Man City,1822.67,1973.63,6.0,9.0,7.0,13.0,0.0,2.0,A,0.0,1.0,A,9.0,17.0,3.0,8.0,11.0,14.0,2.0,9.0,2.0,2.0,0.0,0.0,4.0,3.8,1.95
E0,2018-08-12,Liverpool,West Ham,1916.0,1672.4,4.0,8.0,7.0,7.0,4.0,0.0,H,2.0,0.0,H,18.0,5.0,8.0,2.0,14.0,9.0,5.0,4.0,1.0,2.0,0.0,0.0,1.25,6.5,14.0
E0,2018-08-12,Southampton,Burnley,1652.17,1687.59,4.0,8.0,1.0,2.0,0.0,0.0,D,0.0,0.0,D,18.0,16.0,3.0,6.0,10.0,9.0,8.0,5.0,0.0,1.0,0.0,0.0,1.85,3.5,5.0
E0,2018-08-18,Cardiff,Newcastle,1570.64,1666.97,4.0,7.0,3.0,3.0,0.0,0.0,D,0.0,0.0,D,12.0,12.0,1.0,6.0,14.0,16.0,5.0,5.0,2.0,2.0,0.0,1.0,3.25,3.1,2.54
E0,2018-08-18,Chelsea,Arsenal,1843.05,1816.1,4.0,10.0,3.0,6.0,3.0,2.0,H,2.0,2.0,D,24.0,15.0,11.0,6.0,12.0,9.0,5.0,1.0,0.0,2.0,0.0,0.0,1.8,4.0,4.5
E0,2018-08-18,Everton,Southampton,1698.44,1652.75,2.0,8.0,4.0,8.0,2.0,1.0,H,2.0,0.0,H,13.0,15.0,7.0,4.0,8.0,20.0,2.0,5.0,0.0,5.0,0.0,0.0,1.9,3.5,4.75
E0,2018-08-18,Leicester,Wolves,1694.81,1594.2,3.0,3.0,2.0,8.0,2.0,0.0,H,2.0,0.0,H,6.0,11.0,2.0,3.0,10.0,8.0,1.0,9.0,2.0,1.0,1.0,0.0,2.04,3.5,3.9
E0,2018-08-18,Tottenham,Fulham,1918.75,1622.17,9.0,12.0,3.0,7.0,3.0,1.0,H,1.0,0.0,H,25.0,10.0,11.0,3.0,9.0,5.0,5.0,2.0,0.0,0.0,0.0,0.0,1.28,6.0,12.0
E0,2018-08-18,West Ham,Bournemouth,1669.98,1679.63,4.0,7.0,9.0,9.0,1.0,2.0,A,1.0,0.0,H,11.0,12.0,5.0,5.0,14.0,10.0,6.0,4.0,6.0,2.0,0.0,0.0,2.1,3.6,3.7
E0,2018-08-19,Brighton,Man United,1623.59,1887.63,0.0,4.0,7.0,10.0,3.0,2.0,H,3.0,1.0,H,6.0,9.0,3.0,3.0,16.0,13.0,3.0,5.0,1.0,1.0,0.0,0.0,5.5,3.6,1.75
E0,2018-08-19,Burnley,Watford,1693.69,1635.71,1.0,3.0,6.0,7.0,1.0,3.0,A,1.0,1.0,D,8.0,9.0,3.0,6.0,8.0,19.0,5.0,2.0,1.0,2.0,0.0,0.0,2.45,3.1,3.4
E0,2018-08-19,Man City,Huddersfield,1982.87,1561.06,9.0,13.0,1.0,2.0,6.0,1.0,H,3.0,1.0,H,32.0,5.0,14.0,1.0,9.0,4.0,10.0,3.0,0.0,2.0,0.0,0.0,1.1,13.0,26.0
E0,2018-08-20,Crystal Palace,Liverpool,1704.58,1921.08,9.0,13.0,6.0,8.0,0.0,2.0,A,0.0,1.0,A,8.0,16.0,2.0,6.0,6.0,13.0,6.0,7.0,1.0,1.0,1.0,0.0,7.0,5.0,1.44
E0,2018-08-25,Arsenal,West Ham,1816.1,1669.98,3.0,6.0,3.0,7.0,3.0,1.0,H,1.0,1.0,D,17.0,13.0,10.0,5.0,16.0,13.0,10.0,2.0,1.0,3.0,0.0,0.0,1.36,5.5,9.0
E0,2018-08-25,Bournemouth,Everton,1679.63,1698.44,9.0,12.0,4.0,8.0,2.0,2.0,D,0.0,0.0,D,17.0,11.0,5.0,3.0,12.0,10.0,6.0,2.0,0.0,3.0,1.0,1.0,2.62,3.6,2.75
E0,2018-08-25,Huddersfield,Cardiff,1561.06,1570.64,0.0,2.0,2.0,5.0,0.0,0.0,D,0.0,0.0,D,5.0,14.0,1.0,4.0,8.0,10.0,7.0,7.0,0.0,1.0,1.0,0.0,2.37,3.0,3.7
E0,2018-08-25,Liverpool,Brighton,1921.08,1623.59,9.0,10.0,3.0,6.0,1.0,0.0,H,1.0,0.0,H,22.0,6.0,8.0,2.0,8.0,14.0,8.0,5.0,1.0,1.0,0.0,0.0,1.16,8.5,19.0
E0,2018-08-25,Southampton,Leicester,1652.75,1694.81,1.0,5.0,3.0,6.0,1.0,2.0,A,0.0,0.0,D,11.0,8.0,5.0,5.0,13.0,11.0,10.0,3.0,1.0,1.0,1.0,0.0,2.45,3.2,3.25
E0,2018-08-25,Wolves,Man City,1594.2,1982.87,1.0,5.0,9.0,13.0,1.0,1.0,D,0.0,0.0,D,11.0,18.0,2.0,6.0,13.0,8.0,5.0,9.0,1.0,2.0,0.0,0.0,11.0,6.5,1.28
E0,2018-08-26,Fulham,Burnley,1622.17,1693.69,0.0,6.0,1.0,2.0,4.0,2.0,H,3.0,2.0,H,25.0,12.0,12.0,2.0,11.0,8.0,6.0,4.0,2.0,1.0,0.0,0.0,2.0,3.4,4.33
E0,2018-08-26,Newcastle,Chelsea,1666.97,1843.05,4.0,4.0,6.0,10.0,1.0,2.0,A,0.0,0.0,D,6.0,15.0,2.0,3.0,16.0,8.0,4.0,5.0,3.0,1.0,0.0,0.0,5.75,4.0,1.66
E0,2018-08-26,Watford,Crystal Palace,1635.71,1704.58,6.0,9.0,6.0,12.0,2.0,1.0,H,0.0,0.0,D,13.0,9.0,5.0,3.0,14.0,11.0,6.0,3.0,4.0,2.0,0.0,0.0,2.6,3.25,3.0
E0,2018-08-27,Man United,Tottenham,1887.63,1918.75,6.0,7.0,9.0,12.0,0.0,3.0,A,0.0,0.0,D,23.0,9.0,5.0,5.0,11.0,16.0,5.0,2.0,2.0,4.0,0.0,0.0,2.62,3.3,2.9
E0,2018-09-01,Brighton,Fulham,1631.78,1627.83,3.0,3.0,3.0,6.0,2.0,2.0,D,0.0,1.0,A,15.0,10.0,5.0,5.0,12.0,14.0,7.0,1.0,3.0,3.0,0.0,0.0,2.3,3.4,3.4
E0,2018-09-01,Chelsea,Bournemouth,1850.36,1683.92,9.0,10.0,7.0,13.0,2.0,0.0,H,0.0,0.0,D,24.0,8.0,6.0,1.0,10.0,7.0,7.0,6.0,2.0,2.0,0.0,0.0,1.3,6.0,11.0
E0,2018-09-01,Crystal Palace,Southampton,1687.42,1635.49,3.0,9.0,1.0,4.0,0.0,2.0,A,0.0,0.0,D,20.0,19.0,6.0,6.0,11.0,12.0,7.0,4.0,1.0,1.0,0.0,0.0,2.0,3.5,4.2
E0,2018-09-01,Everton,Huddersfield,1701.75,1554.48,5.0,6.0,1.0,2.0,1.0,1.0,D,1.0,1.0,D,11.0,9.0,1.0,6.0,13.0,14.0,4.0,3.0,3.0,3.0,0.0,0.0,1.53,4.2,7.5
E0,2018-09-01,Leicester,Liverpool,1705.46,1925.17,6.0,9.0,9.0,12.0,1.0,2.0,A,0.0,2.0,A,12.0,10.0,5.0,4.0,9.0,12.0,4.0,4.0,3.0,2.0,0.0,0.0,7.5,5.0,1.44
E0,2018-09-01,Man City,Newcastle,1973.53,1657.48,7.0,13.0,1.0,4.0,2.0,1.0,H,1.0,1.0,D,24.0,3.0,8.0,2.0,5.0,13.0,4.0,0.0,0.0,0.0,0.0,0.0,1.11,11.0,26.0
E0,2018-09-01,West Ham,Wolves,1652.86,1592.34,0.0,4.0,2.0,3.0,0.0,1.0,A,0.0,0.0,D,13.0,15.0,3.0,6.0,10.0,11.0,4.0,4.0,2.0,1.0,0.0,0.0,2.6,3.4,2.87
E0,2018-09-02,Burnley,Man United,1651.97,1856.08,1.0,1.0,3.0,7.0,0.0,2.0,A,0.0,2.0,A,9.0,21.0,2.0,9.0,7.0,13.0,2.0,5.0,2.0,3.0,0.0,1.0,6.0,3.75,1.7
E0,2018-09-02,Cardiff,Arsenal,1569.53,1811.32,2.0,6.0,3.0,6.0,2.0,3.0,A,1.0,1.0,D,14.0,17.0,3.0,11.0,12.0,14.0,3.0,9.0,3.0,4.0,0.0,0.0,6.5,4.33,1.57
E0,2018-09-02,Watford,Tottenham,1656.29,1932.13,9.0,12.0,9.0,15.0,2.0,1.0,H,0.0,0.0,D,7.0,11.0,3.0,2.0,9.0,8.0,3.0,10.0,2.0,1.0,0.0,0.0,5.5,4.2,1.64
E0,2018-09-15,Bournemouth,Leicester,1679.81,1701.35,4.0,10.0,6.0,6.0,4.0,2.0,H,3.0,0.0,H,10.0,14.0,5.0,8.0,13.0,15.0,4.0,6.0,3.0,2.0,0.0,1.0,2.45,3.5,3.0
E0,2018-09-15,Chelsea,Cardiff,1854.48,1565.73,9.0,12.0,2.0,3.0,4.0,1.0,H,2.0,1.0,H,18.0,6.0,7.0,2.0,8.0,10.0,5.0,4.0,0.0,0.0,0.0,0.0,1.18,8.0,19.0
E0,2018-09-15,Huddersfield,Crystal Palace,1559.92,1671.54,2.0,2.0,0.0,6.0,0.0,1.0,A,0.0,1.0,A,15.0,7.0,2.0,2.0,11.0,17.0,5.0,3.0,1.0,2.0,0.0,0.0,3.3,3.1,2.5
E0,2018-09-15,Man City,Fulham,1974.86,1629.78,7.0,13.0,4.0,4.0,3.0,0.0,H,2.0,0.0,H,28.0,9.0,9.0,3.0,7.0,7.0,10.0,4.0,0.0,0.0,0.0,0.0,1.12,10.0,26.0
E0,2018-09-15,Newcastle,Arsenal,1656.15,1815.11,1.0,4.0,6.0,9.0,1.0,2.0,A,0.0,0.0,D,4.0,12.0,2.0,2.0,13.0,11.0,10.0,4.0,0.0,0.0,0.0,0.0,4.2,3.8,1.9
E0,2018-09-15,Tottenham,Liverpool,1918.99,1929.28,6.0,12.0,9.0,15.0,1.0,2.0,A,0.0,1.0,A,11.0,17.0,3.0,10.0,17.0,16.0,5.0,4.0,0.0,0.0,0.0,0.0,3.0,3.6,2.4
E0,2018-09-15,Watford,Man United,1669.43,1862.83,9.0,12.0,3.0,9.0,1.0,2.0,A,0.0,2.0,A,14.0,9.0,5.0,6.0,9.0,11.0,6.0,8.0,2.0,1.0,0.0,1.0,4.33,3.6,1.95
E0,2018-09-16,Everton,West Ham,1696.32,1641.62,5.0,6.0,0.0,3.0,1.0,3.0,A,1.0,2.0,A,16.0,9.0,4.0,4.0,15.0,12.0,4.0,2.0,2.0,5.0,0.0,0.0,2.0,3.75,3.9
E0,2018-09-16,Wolves,Burnley,1603.58,1645.22,4.0,5.0,0.0,1.0,1.0,0.0,H,0.0,0.0,D,30.0,7.0,7.0,2.0,10.0,9.0,8.0,2.0,2.0,4.0,0.0,0.0,1.75,3.6,5.75
E0,2018-09-17,Southampton,Brighton,1651.37,1629.83,3.0,4.0,4.0,4.0,2.0,2.0,D,1.0,0.0,H,14.0,12.0,5.0,4.0,10.0,13.0,1.0,4.0,2.0,3.0,0.0,0.0,2.1,3.4,3.9
E0,2018-09-22,Brighton,Tottenham,1629.83,1918.99,2.0,5.0,3.0,9.0,1.0,2.0,A,0.0,1.0,A,8.0,16.0,4.0,7.0,15.0,9.0,5.0,7.0,2.0,1.0,0.0,0.0,5.0,4.0,1.75
E0,2018-09-22,Burnley,Bournemouth,1645.22,1679.81,0.0,1.0,4.0,10.0,4.0,0.0,H,2.0,0.0,H,12.0,19.0,5.0,5.0,17.0,6.0,3.0,8.0,2.0,0.0,0.0,0.0,3.0,3.4,2.5
E0,2018-09-22,Cardiff,Man City,1565.73,1974.86,1.0,2.0,7.0,13.0,0.0,5.0,A,0.0,3.0,A,2.0,21.0,2.0,10.0,6.0,4.0,1.0,9.0,1.0,1.0,0.0,0.0,23.0,8.0,1.16
E0,2018-09-22,Crystal Palace,Newcastle,1671.54,1656.15,3.0,6.0,0.0,1.0,0.0,0.0,D,0.0,0.0,D,16.0,6.0,4.0,3.0,8.0,11.0,9.0,5.0,1.0,1.0,0.0,0.0,2.14,3.4,3.75
E0,2018-09-22,Fulham,Watford,1629.78,1669.43,4.0,4.0,6.0,12.0,1.0,1.0,D,0.0,1.0,A,15.0,11.0,3.0,6.0,11.0,9.0,8.0,8.0,2.0,1.0,0.0,0.0,2.54,3.5,2.9
E0,2018-09-22,Leicester,Huddersfield,1701.35,1559.92,3.0,6.0,2.0,2.0,3.0,1.0,H,1.0,1.0,D,18.0,9.0,8.0,2.0,10.0,16.0,3.0,1.0,2.0,1.0,0.0,0.0,1.61,4.0,6.5
E0,2018-09-22,Liverpool,Southampton,1929.28,1651.37,9.0,15.0,4.0,5.0,3.0,0.0,H,3.0,0.0,H,12.0,7.0,4.0,1.0,7.0,10.0,5.0,4.0,0.0,2.0,0.0,0.0,1.2,7.5,17.0
E0,2018-09-22,Man United,Wolves,1862.83,1603.58,6.0,9.0,7.0,8.0,1.0,1.0,D,1.0,0.0,H,15.0,11.0,6.0,8.0,5.0,17.0,5.0,4.0,1.0,1.0,0.0,0.0,1.57,4.33,6.5
E0,2018-09-23,Arsenal,Everton,1815.11,1696.32,9.0,9.0,2.0,6.0,2.0,0.0,H,0.0,0.0,D,9.0,9.0,5.0,6.0,17.0,12.0,5.0,9.0,2.0,1.0,0.0,0.0,1.44,5.0,7.5
E0,2018-09-23,West Ham,Chelsea,1641.62,1854.48,3.0,3.0,9.0,15.0,0.0,0.0,D,0.0,0.0,D,6.0,17.0,1.0,6.0,11.0,9.0,1.0,8.0,2.0,1.0,0.0,0.0,6.0,4.5,1.57
E0,2018-09-29,Arsenal,Watford,1815.11,1669.43,9.0,12.0,4.0,10.0,2.0,0.0,H,0.0,0.0,D,9.0,13.0,2.0,4.0,11.0,17.0,6.0,6.0,2.0,2.0,0.0,0.0,1.44,5.1,7.0
E0,2018-09-29,Chelsea,Liverpool,1854.48,1929.28,7.0,13.0,9.0,15.0,1.0,1.0,D,1.0,0.0,H,10.0,13.0,4.0,6.0,7.0,9.0,4.0,4.0,0.0,2.0,0.0,0.0,2.8,3.6,2.54
E0,2018-09-29,Everton,Fulham,1696.32,1629.78,1.0,5.0,2.0,5.0,3.0,0.0,H,0.0,0.0,D,19.0,6.0,6.0,0.0,13.0,13.0,12.0,1.0,0.0,3.0,0.0,0.0,1.75,4.2,4.75
E0,2018-09-29,Huddersfield,Tottenham,1559.92,1918.99,1.0,2.0,3.0,9.0,0.0,2.0,A,0.0,2.0,A,9.0,10.0,5.0,6.0,17.0,16.0,3.0,0.0,2.0,2.0,0.0,0.0,8.5,4.5,1.44
E0,2018-09-29,Man City,Brighton,1974.86,1629.83,9.0,13.0,2.0,5.0,2.0,0.0,H,1.0,0.0,H,28.0,4.0,8.0,1.0,4.0,10.0,10.0,3.0,0.0,3.0,0.0,0.0,1.1,12.0,34.0
E0,2018-09-29,Newcastle,Leicester,1656.15,1701.35,1.0,2.0,3.0,9.0,0.0,2.0,A,0.0,1.0,A,6.0,12.0,1.0,5.0,11.0,5.0,5.0,9.0,0.0,0.0,0.0,0.0,2.6,3.3,3.0
E0,2018-09-29,West Ham,Man United,1641.62,1862.83,4.0,4.0,7.0,7.0,3.0,1.0,H,2.0,0.0,H,8.0,9.0,3.0,4.0,12.0,12.0,4.0,9.0,0.0,1.0,0.0,0.0,4.5,3.8,1.85
E0,2018-09-29,Wolves,Southampton,1603.58,1651.37,7.0,8.0,4.0,4.0,2.0,0.0,H,0.0,0.0,D,14.0,17.0,6.0,6.0,11.0,7.0,8.0,6.0,3.0,1.0,0.0,0.0,1.8,3.6,5.25
E0,2018-09-30,Cardiff,Burnley,1565.73,1645.22,0.0,2.0,3.0,3.0,1.0,2.0,A,0.0,0.0,D,19.0,3.0,5.0,2.0,11.0,15.0,10.0,2.0,1.0,3.0,0.0,0.0,2.62,3.0,3.2
E0,2018-10-01,Bournemouth,Crystal Palace,1672.42,1674.39,3.0,7.0,4.0,4.0,2.0,1.0,H,1.0,0.0,H,11.0,10.0,5.0,2.0,9.0,12.0,3.0,3.0,3.0,4.0,0.0,0.0,2.25,3.5,3.4
E0,2018-10-05,Brighton,West Ham,1625.68,1676.32,1.0,2.0,7.0,7.0,1.0,0.0,H,1.0,0.0,H,9.0,17.0,4.0,4.0,12.0,8.0,2.0,9.0,3.0,2.0,0.0,0.0,2.7,3.3,2.87
E0,2018-10-06,Burnley,Huddersfield,1659.14,1543.56,6.0,6.0,0.0,2.0,1.0,1.0,D,1.0,0.0,H,6.0,19.0,3.0,2.0,8.0,11.0,1.0,10.0,2.0,2.0,0.0,0.0,2.14,3.1,4.2
E0,2018-10-06,Crystal Palace,Wolves,1674.39,1627.26,4.0,4.0,7.0,11.0,0.0,1.0,A,0.0,0.0,D,11.0,7.0,4.0,2.0,11.0,13.0,6.0,3.0,3.0,4.0,0.0,0.0,3.0,3.2,2.62
E0,2018-10-06,Leicester,Everton,1707.37,1683.57,6.0,9.0,3.0,5.0,1.0,2.0,A,1.0,1.0,D,8.0,17.0,2.0,8.0,10.0,11.0,2.0,10.0,2.0,1.0,1.0,0.0,2.2,3.4,3.6
E0,2018-10-06,Man United,Newcastle,1851.55,1639.72,4.0,7.0,1.0,1.0,3.0,2.0,H,0.0,2.0,A,18.0,13.0,10.0,8.0,16.0,8.0,10.0,6.0,2.0,2.0,0.0,0.0,1.44,4.5,9.0
E0,2018-10-06,Tottenham,Cardiff,1904.81,1550.23,6.0,9.0,0.0,1.0,1.0,0.0,H,1.0,0.0,H,19.0,8.0,7.0,6.0,7.0,11.0,6.0,2.0,2.0,1.0,0.0,1.0,1.22,7.0,15.0
E0,2018-10-06,Watford,Bournemouth,1659.81,1672.42,1.0,7.0,6.0,7.0,0.0,4.0,A,0.0,3.0,A,14.0,10.0,2.0,7.0,11.0,9.0,10.0,7.0,3.0,1.0,1.0,0.0,2.14,3.6,3.5
E0,2018-10-07,Fulham,Arsenal,1616.7,1829.4,1.0,5.0,9.0,15.0,1.0,5.0,A,1.0,1.0,D,21.0,9.0,4.0,7.0,11.0,12.0,4.0,2.0,2.0,0.0,0.0,0.0,5.25,4.33,1.66
E0,2018-10-07,Liverpool,Man City,1943.64,1965.5,7.0,13.0,9.0,13.0,0.0,0.0,D,0.0,0.0,D,7.0,6.0,2.0,2.0,10.0,10.0,2.0,6.0,1.0,3.0,0.0,0.0,2.54,3.6,2.8
E0,2018-10-07,Southampton,Chelsea,1634.99,1858.14,1.0,4.0,5.0,11.0,0.0,3.0,A,0.0,1.0,A,15.0,21.0,6.0,6.0,13.0,11.0,4.0,12.0,6.0,0.0,0.0,0.0,6.0,4.1,1.61
E0,2018-10-20,Bournemouth,Southampton,1692.61,1623.3,6.0,9.0,0.0,4.0,0.0,0.0,D,0.0,0.0,D,10.0,8.0,2.0,4.0,10.0,14.0,6.0,4.0,1.0,2.0,0.0,0.0,2.04,3.7,3.75
E0,2018-10-20,Cardiff,Fulham,1544.74,1604.19,0.0,0.0,1.0,2.0,4.0,2.0,H,2.0,2.0,D,22.0,9.0,5.0,4.0,15.0,16.0,4.0,4.0,3.0,3.0,0.0,0.0,2.5,3.5,2.95
E0,2018-10-20,Chelsea,Man United,1861.61,1845.23,5.0,11.0,4.0,10.0,2.0,2.0,D,1.0,0.0,H,21.0,7.0,6.0,4.0,9.0,17.0,5.0,3.0,2.0,5.0,0.0,0.0,1.75,3.8,5.25
E0,2018-10-20,Huddersfield,Liverpool,1543.99,1930.77,1.0,2.0,5.0,11.0,0.0,1.0,A,0.0,1.0,A,13.0,11.0,1.0,2.0,9.0,6.0,2.0,4.0,0.0,2.0,0.0,0.0,11.0,5.5,1.33
E0,2018-10-20,Man City,Burnley,1966.16,1649.96,7.0,13.0,7.0,7.0,5.0,0.0,H,1.0,0.0,H,24.0,5.0,10.0,0.0,11.0,5.0,10.0,1.0,2.0,2.0,0.0,0.0,1.08,13.0,34.0
E0,2018-10-20,Newcastle,Brighton,1632.84,1628.99,1.0,1.0,3.0,5.0,0.0,1.0,A,0.0,1.0,A,27.0,8.0,6.0,2.0,13.0,17.0,10.0,2.0,0.0,2.0,0.0,0.0,2.2,3.25,3.8
E0,2018-10-20,West Ham,Tottenham,1664.26,1890.49,4.0,7.0,9.0,9.0,0.0,1.0,A,0.0,1.0,A,13.0,10.0,4.0,2.0,8.0,10.0,10.0,6.0,3.0,0.0,0.0,0.0,4.1,3.9,1.9
E0,2018-10-20,Wolves,Watford,1633.92,1637.17,7.0,13.0,1.0,4.0,0.0,2.0,A,0.0,2.0,A,10.0,9.0,1.0,3.0,23.0,13.0,8.0,2.0,3.0,1.0,0.0,0.0,1.75,3.75,5.25
E0,2018-10-21,Everton,Crystal Palace,1689.47,1652.66,6.0,7.0,1.0,4.0,2.0,0.0,H,0.0,0.0,D,20.0,7.0,4.0,3.0,13.0,17.0,10.0,5.0,2.0,1.0,0.0,0.0,1.85,3.6,4.75
E0,2018-10-22,Arsenal,Leicester,1838.27,1692.71,9.0,15.0,6.0,6.0,3.0,1.0,H,1.0,1.0,D,19.0,8.0,6.0,2.0,10.0,10.0,6.0,4.0,2.0,2.0,0.0,0.0,1.53,4.5,6.5
E0,2018-10-27,Brighton,Wolves,1628.99,1633.92,6.0,7.0,6.0,10.0,1.0,0.0,H,0.0,0.0,D,2.0,25.0,1.0,7.0,11.0,8.0,1.0,10.0,3.0,0.0,0.0,0.0,3.2,3.2,2.5
E0,2018-10-27,Fulham,Bournemouth,1604.19,1692.61,0.0,1.0,7.0,10.0,0.0,3.0,A,0.0,1.0,A,11.0,12.0,1.0,5.0,16.0,3.0,5.0,5.0,2.0,1.0,1.0,0.0,2.9,3.75,2.4
E0,2018-10-27,Leicester,West Ham,1692.71,1664.26,3.0,6.0,3.0,7.0,1.0,1.0,D,0.0,1.0,A,21.0,11.0,7.0,3.0,17.0,5.0,8.0,0.0,1.0,1.0,0.0,1.0,2.1,3.5,3.8
E0,2018-10-27,Liverpool,Cardiff,1930.77,1544.74,5.0,11.0,3.0,3.0,4.0,1.0,H,1.0,0.0,H,19.0,2.0,7.0,1.0,6.0,4.0,8.0,0.0,0.0,0.0,0.0,0.0,1.11,11.0,26.0
E0,2018-10-27,Southampton,Newcastle,1623.3,1632.84,1.0,2.0,0.0,1.0,0.0,0.0,D,0.0,0.0,D,22.0,6.0,4.0,0.0,9.0,12.0,7.0,2.0,0.0,1.0,0.0,0.0,2.1,3.4,3.9
E0,2018-10-27,Watford,Huddersfield,1637.17,1543.99,3.0,4.0,1.0,1.0,3.0,0.0,H,2.0,0.0,H,12.0,13.0,6.0,7.0,9.0,13.0,3.0,3.0,1.0,2.0,0.0,0.0,1.75,3.75,5.25
E0,2018-10-28,Burnley,Chelsea,1649.96,1861.61,4.0,7.0,5.0,9.0,0.0,4.0,A,0.0,1.0,A,7.0,24.0,1.0,8.0,14.0,10.0,4.0,4.0,4.0,2.0,0.0,0.0,11.0,5.0,1.36
E0,2018-10-28,Crystal Palace,Arsenal,1652.66,1838.27,0.0,4.0,9.0,15.0,2.0,2.0,D,1.0,0.0,H,16.0,7.0,3.0,2.0,10.0,16.0,6.0,4.0,1.0,2.0,0.0,0.0,4.75,4.1,1.75
E0,2018-10-28,Man United,Everton,1845.23,1689.47,4.0,8.0,9.0,9.0,2.0,1.0,H,1.0,0.0,H,14.0,14.0,10.0,6.0,15.0,12.0,8.0,4.0,2.0,1.0,0.0,0.0,1.72,3.9,5.25
E0,2018-10-29,Tottenham,Man City,1890.49,1966.16,9.0,12.0,7.0,13.0,0.0,1.0,A,0.0,1.0,A,4.0,13.0,1.0,6.0,13.0,13.0,3.0,6.0,2.0,2.0,0.0,0.0,4.75,4.1,1.75
E0,2018-11-03,Arsenal,Liverpool,1849.14,1940.2,7.0,13.0,7.0,11.0,1.0,1.0,D,0.0,0.0,D,12.0,13.0,4.0,4.0,7.0,7.0,5.0,8.0,1.0,1.0,0.0,0.0,3.9,3.9,1.95
E0,2018-11-03,Bournemouth,Man United,1704.27,1846.91,7.0,10.0,7.0,8.0,1.0,2.0,A,1.0,1.0,D,18.0,18.0,7.0,8.0,12.0,12.0,9.0,5.0,4.0,3.0,0.0,0.0,3.6,3.7,2.1
E0,2018-11-03,Cardiff,Leicester,1557.79,1688.85,3.0,3.0,1.0,7.0,0.0,1.0,A,0.0,0.0,D,11.0,13.0,2.0,5.0,13.0,12.0,6.0,12.0,2.0,2.0,0.0,0.0,3.8,3.4,2.14
E0,2018-11-03,Everton,Brighton,1697.35,1648.11,6.0,9.0,9.0,9.0,3.0,1.0,H,1.0,1.0,D,14.0,5.0,3.0,3.0,9.0,17.0,6.0,4.0,0.0,1.0,0.0,0.0,1.61,4.0,6.5
E0,2018-11-03,Newcastle,Watford,1628.27,1661.01,1.0,2.0,6.0,7.0,1.0,0.0,H,0.0,0.0,D,10.0,16.0,2.0,1.0,12.0,11.0,8.0,9.0,1.0,5.0,0.0,0.0,2.75,3.25,2.8
E0,2018-11-03,West Ham,Burnley,1666.05,1641.27,1.0,5.0,1.0,7.0,4.0,2.0,H,1.0,1.0,D,22.0,6.0,10.0,3.0,7.0,9.0,10.0,4.0,1.0,4.0,0.0,0.0,1.75,3.75,5.25
E0,2018-11-03,Wolves,Tottenham,1617.62,1887.91,3.0,7.0,6.0,12.0,2.0,3.0,A,0.0,2.0,A,16.0,10.0,7.0,8.0,11.0,8.0,5.0,1.0,1.0,2.0,0.0,0.0,3.1,3.4,2.45
E0,2018-11-04,Chelsea,Crystal Palace,1872.73,1651.75,7.0,9.0,1.0,2.0,3.0,1.0,H,1.0,0.0,H,15.0,7.0,6.0,2.0,6.0,13.0,4.0,2.0,0.0,1.0,0.0,0.0,1.25,6.75,13.0
E0,2018-11-04,Man City,Southampton,1988.71,1628.28,7.0,13.0,2.0,2.0,6.0,1.0,H,4.0,1.0,H,18.0,12.0,8.0,6.0,14.0,9.0,4.0,4.0,1.0,1.0,0.0,0.0,1.11,11.0,29.0
E0,2018-11-05,Huddersfield,Fulham,1538.3,1584.13,1.0,1.0,0.0,1.0,1.0,0.0,H,1.0,0.0,H,10.0,7.0,2.0,1.0,11.0,8.0,5.0,4.0,1.0,2.0,0.0,0.0,2.3,3.5,3.3
E0,2018-11-10,Cardiff,Brighton,1557.79,1648.11,3.0,3.0,6.0,9.0,2.0,1.0,H,1.0,1.0,D,20.0,7.0,6.0,3.0,7.0,21.0,4.0,1.0,2.0,1.0,0.0,1.0,2.6,3.1,3.1
E0,2018-11-10,Crystal Palace,Tottenham,1651.75,1887.91,1.0,1.0,6.0,12.0,0.0,1.0,A,0.0,0.0,D,11.0,11.0,4.0,2.0,12.0,9.0,10.0,6.0,1.0,1.0,0.0,0.0,4.5,3.75,1.85
E0,2018-11-10,Huddersfield,West Ham,1538.3,1666.05,3.0,4.0,4.0,7.0,1.0,1.0,D,1.0,0.0,H,15.0,12.0,7.0,5.0,9.0,8.0,5.0,6.0,1.0,1.0,0.0,0.0,3.4,3.25,2.35
E0,2018-11-10,Leicester,Burnley,1688.85,1641.27,4.0,7.0,0.0,4.0,0.0,0.0,D,0.0,0.0,D,22.0,6.0,5.0,1.0,13.0,10.0,12.0,1.0,2.0,0.0,0.0,0.0,1.5,4.33,8.0
E0,2018-11-10,Newcastle,Bournemouth,1628.27,1704.27,4.0,4.0,4.0,10.0,2.0,1.0,H,2.0,1.0,H,18.0,14.0,6.0,4.0,9.0,11.0,7.0,10.0,2.0,1.0,0.0,0.0,2.9,3.4,2.6
E0,2018-11-10,Southampton,Watford,1628.28,1661.01,2.0,2.0,6.0,6.0,1.0,1.0,D,1.0,0.0,H,14.0,12.0,4.0,6.0,13.0,13.0,7.0,6.0,3.0,2.0,0.0,0.0,2.5,3.3,3.1
E0,2018-11-11,Arsenal,Wolves,1849.14,1617.62,5.0,11.0,0.0,6.0,1.0,1.0,D,0.0,1.0,A,10.0,12.0,3.0,5.0,9.0,16.0,11.0,2.0,2.0,2.0,0.0,0.0,1.66,4.2,5.25
E0,2018-11-11,Chelsea,Everton,1872.73,1697.35,7.0,11.0,6.0,12.0,0.0,0.0,D,0.0,0.0,D,15.0,6.0,4.0,1.0,7.0,11.0,5.0,5.0,4.0,3.0,0.0,0.0,1.4,5.25,8.5
E0,2018-11-11,Liverpool,Fulham,1940.2,1584.13,7.0,9.0,0.0,0.0,2.0,0.0,H,1.0,0.0,H,20.0,8.0,7.0,3.0,11.0,9.0,6.0,3.0,1.0,1.0,0.0,0.0,1.11,11.0,26.0
E0,2018-11-11,Man City,Man United,1988.71,1846.91,9.0,13.0,7.0,10.0,3.0,1.0,H,1.0,0.0,H,17.0,6.0,5.0,1.0,12.0,12.0,5.0,1.0,1.0,1.0,0.0,0.0,1.4,5.25,8.5
E0,2018-11-24,Brighton,Leicester,1631.4,1691.35,3.0,9.0,5.0,5.0,1.0,1.0,D,1.0,0.0,H,14.0,8.0,3.0,3.0,10.0,7.0,6.0,1.0,3.0,1.0,0.0,1.0,2.9,3.4,2.6
E0,2018-11-24,Everton,Cardiff,1710.79,1560.37,4.0,10.0,3.0,6.0,1.0,0.0,H,0.0,0.0,D,16.0,7.0,8.0,1.0,12.0,13.0,7.0,3.0,0.0,3.0,0.0,0.0,1.4,5.0,9.0
E0,2018-11-24,Fulham,Southampton,1574.84,1624.76,0.0,0.0,2.0,3.0,3.0,2.0,H,2.0,1.0,H,10.0,19.0,5.0,8.0,10.0,6.0,2.0,5.0,2.0,3.0,0.0,0.0,2.62,3.5,2.8
E0,2018-11-24,Man United,Crystal Palace,1861.59,1644.6,6.0,10.0,1.0,1.0,0.0,0.0,D,0.0,0.0,D,12.0,13.0,5.0,2.0,13.0,12.0,10.0,3.0,1.0,2.0,0.0,0.0,1.4,5.25,8.0
E0,2018-11-24,Tottenham,Chelsea,1897.19,1872.18,6.0,12.0,7.0,11.0,3.0,1.0,H,2.0,0.0,H,18.0,13.0,9.0,2.0,19.0,12.0,4.0,4.0,0.0,3.0,0.0,0.0,2.8,3.5,2.6
E0,2018-11-24,Watford,Liverpool,1654.54,1923.12,4.0,7.0,7.0,11.0,0.0,3.0,A,0.0,0.0,D,5.0,10.0,1.0,7.0,12.0,13.0,5.0,5.0,0.0,0.0,0.0,1.0,6.5,4.33,1.55
E0,2018-11-24,West Ham,Man City,1672.54,2000.37,5.0,5.0,9.0,13.0,0.0,4.0,A,0.0,3.0,A,9.0,9.0,1.0,6.0,6.0,3.0,8.0,1.0,0.0,0.0,0.0,0.0,13.0,6.5,1.25
E0,2018-11-25,Bournemouth,Arsenal,1690.21,1836.89,3.0,7.0,3.0,9.0,1.0,2.0,A,1.0,1.0,D,11.0,20.0,5.0,4.0,6.0,9.0,5.0,8.0,2.0,1.0,0.0,0.0,3.5,3.75,1.95
E0,2018-11-25,Wolves,Huddersfield,1621.02,1547.58,1.0,4.0,4.0,5.0,0.0,2.0,A,0.0,1.0,A,12.0,14.0,3.0,6.0,9.0,8.0,3.0,5.0,1.0,2.0,0.0,0.0,1.5,4.33,8.0
E0,2018-11-26,Burnley,Newcastle,1636.14,1643.52,1.0,2.0,7.0,7.0,1.0,2.0,A,1.0,2.0,A,14.0,17.0,4.0,3.0,6.0,11.0,5.0,5.0,0.0,1.0,0.0,0.0,2.9,3.2,2.75
E0,2018-11-30,Cardiff,Wolves,1560.37,1621.02,3.0,6.0,1.0,1.0,2.0,1.0,H,0.0,1.0,A,17.0,15.0,3.0,4.0,3.0,12.0,7.0,6.0,1.0,2.0,0.0,0.0,3.8,3.25,2.2
E0,2018-12-01,Crystal Palace,Burnley,1652.21,1627.47,1.0,2.0,1.0,1.0,2.0,0.0,H,1.0,0.0,H,29.0,4.0,9.0,0.0,9.0,10.0,10.0,2.0,1.0,1.0,0.0,0.0,1.61,3.9,6.5
E0,2018-12-01,Huddersfield,Brighton,1565.01,1632.2,7.0,7.0,1.0,7.0,1.0,2.0,A,1.0,1.0,D,7.0,14.0,2.0,6.0,10.0,12.0,2.0,6.0,0.0,2.0,1.0,0.0,2.5,3.0,3.4
E0,2018-12-01,Leicester,Watford,1692.38,1649.65,5.0,6.0,1.0,7.0,2.0,0.0,H,2.0,0.0,H,7.0,8.0,3.0,0.0,7.0,6.0,4.0,8.0,2.0,1.0,0.0,1.0,2.25,3.3,3.6
E0,2018-12-01,Man City,Bournemouth,2001.5,1685.55,9.0,15.0,0.0,4.0,3.0,1.0,H,1.0,1.0,D,16.0,4.0,6.0,1.0,9.0,3.0,8.0,4.0,0.0,0.0,0.0,0.0,1.11,11.0,26.0
E0,2018-12-01,Newcastle,West Ham,1654.03,1668.66,9.0,10.0,4.0,5.0,0.0,3.0,A,0.0,1.0,A,16.0,7.0,4.0,4.0,10.0,10.0,7.0,3.0,3.0,3.0,0.0,0.0,2.5,3.3,3.1
E0,2018-12-01,Southampton,Man United,1617.96,1858.06,1.0,3.0,4.0,8.0,2.0,2.0,D,2.0,2.0,D,16.0,11.0,6.0,5.0,12.0,13.0,3.0,5.0,4.0,4.0,0.0,0.0,4.33,3.6,1.95
E0,2018-12-02,Arsenal,Tottenham,1847.62,1909.84,5.0,9.0,9.0,12.0,4.0,2.0,H,1.0,2.0,A,22.0,11.0,7.0,6.0,15.0,17.0,8.0,5.0,3.0,3.0,0.0,1.0,2.62,3.6,2.75
E0,2018-12-02,Chelsea,Fulham,1868.64,1583.48,4.0,8.0,3.0,3.0,2.0,0.0,H,1.0,0.0,H,16.0,9.0,9.0,4.0,8.0,17.0,4.0,6.0,2.0,1.0,0.0,0.0,1.18,8.0,17.0
E0,2018-12-02,Liverpool,Everton,1923.57,1714.99,7.0,13.0,7.0,10.0,1.0,0.0,H,0.0,0.0,D,16.0,9.0,3.0,3.0,12.0,7.0,8.0,1.0,3.0,2.0,0.0,0.0,1.4,5.0,9.0
E0,2018-12-04,Bournemouth,Huddersfield,1685.55,1565.01,0.0,3.0,4.0,7.0,2.0,1.0,H,2.0,1.0,H,6.0,23.0,2.0,6.0,14.0,11.0,4.0,8.0,4.0,2.0,0.0,0.0,1.66,3.8,6.0
E0,2018-12-04,Brighton,Crystal Palace,1632.2,1652.21,4.0,7.0,4.0,5.0,3.0,1.0,H,3.0,0.0,H,9.0,18.0,3.0,5.0,14.0,12.0,4.0,5.0,2.0,3.0,1.0,0.0,3.0,3.1,2.7
E0,2018-12-04,Watford,Man City,1649.65,2001.5,1.0,4.0,9.0,15.0,1.0,2.0,A,0.0,1.0,A,11.0,15.0,7.0,7.0,4.0,8.0,3.0,11.0,0.0,1.0,0.0,0.0,11.0,6.0,1.3
E0,2018-12-04,West Ham,Cardiff,1668.66,1565.93,4.0,8.0,6.0,6.0,3.0,1.0,H,0.0,0.0,D,17.0,9.0,11.0,5.0,10.0,10.0,10.0,4.0,1.0,2.0,0.0,0.0,1.66,4.0,5.75
E0,2018-12-05,Burnley,Liverpool,1627.47,1923.57,1.0,1.0,9.0,13.0,1.0,3.0,A,0.0,0.0,D,10.0,18.0,6.0,12.0,10.0,3.0,5.0,9.0,1.0,0.0,0.0,0.0,14.0,5.75,1.28
E0,2018-12-05,Everton,Newcastle,1714.99,1654.03,4.0,7.0,6.0,10.0,1.0,1.0,D,1.0,1.0,D,19.0,8.0,3.0,5.0,7.0,18.0,14.0,2.0,0.0,5.0,0.0,0.0,1.6,4.0,6.5
E0,2018-12-05,Fulham,Leicester,1583.48,1692.38,3.0,3.0,5.0,9.0,1.0,1.0,D,1.0,0.0,H,25.0,13.0,7.0,5.0,12.0,7.0,10.0,8.0,0.0,0.0,0.0,0.0,3.0,3.5,2.45
E0,2018-12-05,Man United,Arsenal,1858.06,1847.62,2.0,8.0,7.0,9.0,2.0,2.0,D,1.0,1.0,D,10.0,9.0,7.0,4.0,13.0,10.0,4.0,4.0,3.0,3.0,0.0,0.0,2.45,3.5,3.0
E0,2018-12-05,Tottenham,Southampton,1909.84,1617.96,6.0,9.0,2.0,3.0,3.0,1.0,H,1.0,0.0,H,13.0,18.0,8.0,5.0,7.0,5.0,8.0,6.0,0.0,0.0,0.0,0.0,1.36,5.25,9.5
E0,2018-12-05,Wolves,Chelsea,1597.49,1868.64,1.0,1.0,4.0,10.0,2.0,1.0,H,0.0,1.0,A,6.0,17.0,2.0,3.0,18.0,10.0,1.0,5.0,4.0,4.0,0.0,0.0,5.0,3.75,1.8
E0,2018-12-08,Arsenal,Huddersfield,1847.62,1565.01,7.0,9.0,3.0,7.0,1.0,0.0,H,0.0,0.0,D,14.0,6.0,2.0,0.0,13.0,20.0,7.0,1.0,5.0,4.0,0.0,0.0,1.28,6.0,12.0
E0,2018-12-08,Bournemouth,Liverpool,1685.55,1923.57,3.0,3.0,9.0,13.0,0.0,4.0,A,0.0,1.0,A,8.0,10.0,2.0,4.0,9.0,11.0,6.0,6.0,2.0,1.0,0.0,0.0,5.75,4.5,1.6
E0,2018-12-08,Burnley,Brighton,1627.47,1632.2,0.0,1.0,7.0,7.0,1.0,0.0,H,1.0,0.0,H,14.0,14.0,4.0,1.0,11.0,11.0,2.0,7.0,2.0,0.0,0.0,0.0,2.9,3.2,2.75
E0,2018-12-08,Cardiff,Southampton,1565.93,1617.96,3.0,6.0,1.0,2.0,1.0,0.0,H,0.0,0.0,D,13.0,12.0,4.0,1.0,9.0,10.0,7.0,7.0,2.0,2.0,0.0,0.0,2.9,3.25,2.7
E0,2018-12-08,Chelsea,Man City,1868.64,2001.5,3.0,7.0,9.0,15.0,2.0,0.0,H,1.0,0.0,H,8.0,14.0,5.0,4.0,12.0,11.0,1.0,13.0,2.0,0.0,0.0,0.0,4.0,3.8,1.95
E0,2018-12-08,Leicester,Tottenham,1692.38,1909.84,5.0,9.0,6.0,12.0,0.0,2.0,A,0.0,1.0,A,11.0,7.0,3.0,2.0,12.0,7.0,6.0,5.0,3.0,1.0,0.0,0.0,3.8,3.75,2.0
E0,2018-12-08,Man United,Fulham,1858.06,1583.48,3.0,6.0,4.0,4.0,4.0,1.0,H,3.0,0.0,H,20.0,10.0,11.0,4.0,11.0,15.0,10.0,3.0,1.0,1.0,0.0,1.0,1.33,5.75,10.0
E0,2018-12-08,West Ham,Crystal Palace,1668.66,1652.21,6.0,10.0,4.0,4.0,3.0,2.0,H,0.0,1.0,A,13.0,8.0,6.0,4.0,10.0,8.0,5.0,3.0,1.0,2.0,0.0,0.0,2.3,3.4,3.4
E0,2018-12-09,Newcastle,Wolves,1654.03,1597.49,4.0,10.0,3.0,4.0,1.0,2.0,A,1.0,1.0,D,12.0,13.0,4.0,6.0,10.0,17.0,4.0,6.0,2.0,5.0,1.0,0.0,2.9,3.2,2.7
E0,2018-12-10,Everton,Watford,1714.99,1649.65,4.0,8.0,0.0,1.0,2.0,2.0,D,1.0,0.0,H,12.0,15.0,5.0,3.0,13.0,13.0,6.0,6.0,1.0,1.0,0.0,0.0,1.8,3.75,5.0
E0,2018-12-15,Crystal Palace,Leicester,1644.14,1691.03,3.0,4.0,4.0,6.0,1.0,0.0,H,1.0,0.0,H,8.0,12.0,1.0,2.0,10.0,8.0,4.0,4.0,2.0,1.0,0.0,0.0,2.62,3.2,3.0
E0,2018-12-15,Fulham,West Ham,1578.77,1694.57,1.0,4.0,9.0,10.0,0.0,2.0,A,0.0,2.0,A,16.0,6.0,4.0,3.0,14.0,10.0,6.0,4.0,2.0,1.0,0.0,0.0,2.9,3.6,2.5
E0,2018-12-15,Huddersfield,Newcastle,1550.76,1630.05,0.0,4.0,1.0,7.0,0.0,1.0,A,0.0,0.0,D,15.0,8.0,5.0,5.0,5.0,13.0,10.0,1.0,1.0,1.0,0.0,0.0,2.6,3.1,3.1
E0,2018-12-15,Man City,Everton,1991.25,1704.23,6.0,12.0,2.0,6.0,3.0,1.0,H,1.0,0.0,H,13.0,9.0,5.0,2.0,7.0,9.0,6.0,2.0,1.0,2.0,0.0,0.0,1.22,7.5,13.0
E0,2018-12-15,Tottenham,Burnley,1911.63,1621.37,6.0,12.0,3.0,4.0,1.0,0.0,H,0.0,0.0,D,15.0,4.0,3.0,0.0,7.0,8.0,8.0,3.0,0.0,2.0,0.0,0.0,1.18,8.0,19.0
E0,2018-12-15,Watford,Cardiff,1642.37,1567.5,1.0,2.0,6.0,9.0,3.0,2.0,H,1.0,0.0,H,17.0,10.0,8.0,3.0,7.0,5.0,5.0,0.0,0.0,0.0,0.0,0.0,1.64,3.9,6.0
E0,2018-12-15,Wolves,Bournemouth,1620.34,1679.03,6.0,7.0,3.0,3.0,2.0,0.0,H,1.0,0.0,H,9.0,13.0,3.0,3.0,15.0,7.0,5.0,3.0,1.0,2.0,0.0,0.0,1.95,3.6,4.33
E0,2018-12-16,Brighton,Chelsea,1641.64,1863.27,6.0,7.0,6.0,7.0,1.0,2.0,A,0.0,2.0,A,6.0,10.0,2.0,3.0,14.0,6.0,4.0,1.0,2.0,2.0,0.0,0.0,7.5,4.5,1.5
E0,2018-12-16,Liverpool,Man United,1940.57,1845.86,9.0,15.0,5.0,6.0,3.0,1.0,H,1.0,1.0,D,36.0,6.0,11.0,2.0,6.0,14.0,13.0,2.0,0.0,2.0,0.0,0.0,1.57,4.5,6.0
E0,2018-12-16,Southampton,Arsenal,1611.13,1861.6,1.0,2.0,7.0,11.0,3.0,2.0,H,2.0,1.0,H,12.0,13.0,7.0,4.0,12.0,10.0,4.0,5.0,3.0,1.0,0.0,0.0,4.1,3.9,1.9
E0,2018-12-21,Wolves,Liverpool,1620.34,1940.57,9.0,9.0,9.0,15.0,0.0,2.0,A,0.0,1.0,A,11.0,15.0,5.0,6.0,7.0,3.0,1.0,10.0,0.0,0.0,0.0,0.0,7.0,4.0,1.57
E0,2018-12-22,Arsenal,Burnley,1861.6,1621.37,4.0,10.0,3.0,3.0,3.0,1.0,H,1.0,0.0,H,10.0,7.0,6.0,2.0,10.0,14.0,1.0,3.0,2.0,5.0,0.0,0.0,1.25,6.5,15.0
E0,2018-12-22,Bournemouth,Brighton,1679.03,1641.64,3.0,3.0,3.0,7.0,2.0,0.0,H,1.0,0.0,H,14.0,10.0,3.0,5.0,8.0,18.0,6.0,5.0,2.0,0.0,0.0,1.0,1.9,3.7,4.33
E0,2018-12-22,Cardiff,Man United,1567.5,1845.86,3.0,6.0,4.0,6.0,1.0,5.0,A,1.0,3.0,A,9.0,17.0,3.0,9.0,13.0,13.0,4.0,7.0,2.0,1.0,0.0,0.0,6.5,4.2,1.57
E0,2018-12-22,Chelsea,Leicester,1863.27,1691.03,6.0,9.0,1.0,5.0,0.0,1.0,A,0.0,0.0,D,17.0,8.0,5.0,3.0,10.0,9.0,9.0,5.0,0.0,2.0,0.0,0.0,1.33,5.5,11.0
E0,2018-12-22,Huddersfield,Southampton,1550.76,1611.13,0.0,3.0,3.0,4.0,1.0,3.0,A,0.0,2.0,A,16.0,13.0,5.0,6.0,12.0,9.0,8.0,2.0,2.0,3.0,0.0,0.0,3.1,3.1,2.6
E0,2018-12-22,Man City,Crystal Palace,1991.25,1644.14,6.0,12.0,3.0,7.0,2.0,3.0,A,1.0,2.0,A,19.0,5.0,5.0,3.0,7.0,6.0,13.0,0.0,0.0,4.0,0.0,0.0,1.14,10.0,21.0
E0,2018-12-22,Newcastle,Fulham,1630.05,1578.77,4.0,7.0,1.0,4.0,0.0,0.0,D,0.0,0.0,D,9.0,4.0,0.0,2.0,9.0,12.0,6.0,0.0,1.0,2.0,0.0,0.0,2.0,3.6,4.0
E0,2018-12-22,West Ham,Watford,1694.57,1642.37,9.0,12.0,4.0,4.0,0.0,2.0,A,0.0,1.0,A,18.0,11.0,7.0,5.0,9.0,11.0,10.0,4.0,3.0,2.0,0.0,0.0,2.37,3.5,3.1
E0,2018-12-23,Everton,Tottenham,1704.23,1911.63,2.0,5.0,9.0,12.0,2.0,6.0,A,1.0,3.0,A,10.0,17.0,3.0,8.0,13.0,9.0,2.0,1.0,0.0,2.0,0.0,0.0,3.25,3.5,2.3
E0,2018-12-26,Brighton,Arsenal,1641.64,1861.6,0.0,6.0,6.0,10.0,1.0,1.0,D,1.0,1.0,D,12.0,7.0,3.0,4.0,10.0,4.0,4.0,9.0,2.0,1.0,0.0,0.0,5.25,3.9,1.72
E0,2018-12-26,Burnley,Everton,1621.37,1704.23,3.0,3.0,1.0,2.0,1.0,5.0,A,1.0,3.0,A,11.0,13.0,4.0,6.0,11.0,19.0,5.0,7.0,2.0,4.0,0.0,0.0,4.33,3.5,1.95
E0,2018-12-26,Crystal Palace,Cardiff,1644.14,1567.5,6.0,9.0,3.0,6.0,0.0,0.0,D,0.0,0.0,D,31.0,9.0,5.0,4.0,9.0,11.0,12.0,1.0,0.0,3.0,0.0,0.0,1.66,4.0,5.75
E0,2018-12-26,Fulham,Wolves,1578.77,1620.34,1.0,2.0,6.0,9.0,1.0,1.0,D,0.0,0.0,D,11.0,14.0,9.0,5.0,9.0,6.0,2.0,0.0,2.0,1.0,0.0,0.0,3.25,3.4,2.37
E0,2018-12-26,Leicester,Man City,1691.03,1991.25,3.0,7.0,3.0,9.0,2.0,1.0,H,1.0,1.0,D,10.0,11.0,5.0,4.0,5.0,8.0,3.0,7.0,2.0,2.0,0.0,1.0,9.5,5.25,1.36
E0,2018-12-26,Liverpool,Newcastle,1940.57,1630.05,9.0,15.0,4.0,5.0,4.0,0.0,H,1.0,0.0,H,16.0,6.0,8.0,2.0,7.0,9.0,10.0,2.0,0.0,0.0,0.0,0.0,1.16,8.5,19.0
E0,2018-12-26,Man United,Huddersfield,1845.86,1550.76,6.0,8.0,0.0,0.0,3.0,1.0,H,1.0,0.0,H,16.0,10.0,10.0,2.0,9.0,13.0,5.0,3.0,1.0,1.0,0.0,0.0,1.25,6.5,15.0
E0,2018-12-26,Tottenham,Bournemouth,1911.63,1679.03,9.0,12.0,3.0,6.0,5.0,0.0,H,3.0,0.0,H,10.0,14.0,7.0,4.0,4.0,8.0,3.0,4.0,2.0,1.0,0.0,0.0,1.36,5.5,9.0
E0,2018-12-26,Watford,Chelsea,1642.37,1863.27,7.0,7.0,6.0,9.0,1.0,2.0,A,1.0,1.0,D,10.0,10.0,2.0,4.0,15.0,5.0,3.0,4.0,1.0,0.0,0.0,0.0,5.25,3.8,1.75
E0,2018-12-27,Southampton,West Ham,1611.13,1694.57,6.0,7.0,6.0,12.0,1.0,2.0,A,0.0,0.0,D,11.0,16.0,5.0,5.0,10.0,3.0,4.0,5.0,2.0,0.0,0.0,0.0,2.3,3.5,3.3
E0,2018-12-29,Brighton,Everton,1641.64,1704.23,1.0,4.0,3.0,5.0,1.0,0.0,H,0.0,0.0,D,11.0,13.0,3.0,4.0,10.0,11.0,6.0,6.0,0.0,2.0,0.0,0.0,3.25,3.4,2.14
E0,2018-12-29,Fulham,Huddersfield,1578.77,1550.76,2.0,3.0,0.0,0.0,1.0,0.0,H,0.0,0.0,D,14.0,9.0,5.0,5.0,12.0,10.0,4.0,3.0,3.0,1.0,0.0,0.0,2.0,3.4,3.75
E0,2018-12-29,Leicester,Cardiff,1691.03,1567.5,6.0,7.0,1.0,4.0,0.0,1.0,A,0.0,0.0,D,16.0,12.0,7.0,3.0,14.0,16.0,10.0,4.0,0.0,2.0,0.0,0.0,1.55,4.0,6.0
E0,2018-12-29,Liverpool,Arsenal,1940.57,1861.6,9.0,15.0,4.0,8.0,5.0,1.0,H,4.0,1.0,H,15.0,8.0,10.0,2.0,8.0,13.0,5.0,3.0,1.0,2.0,0.0,0.0,1.5,4.5,5.75
E0,2018-12-29,Tottenham,Wolves,1911.63,1620.34,9.0,15.0,4.0,10.0,1.0,3.0,A,1.0,0.0,H,10.0,11.0,3.0,4.0,7.0,7.0,6.0,7.0,3.0,2.0,0.0,0.0,1.33,5.0,8.5
E0,2018-12-29,Watford,Newcastle,1642.37,1630.05,6.0,7.0,4.0,5.0,1.0,1.0,D,0.0,1.0,A,12.0,8.0,5.0,2.0,17.0,16.0,3.0,6.0,1.0,2.0,0.0,0.0,1.85,3.6,4.0
E0,2018-12-30,Burnley,West Ham,1621.37,1694.57,0.0,3.0,6.0,12.0,2.0,0.0,H,2.0,0.0,H,17.0,11.0,5.0,4.0,15.0,11.0,5.0,5.0,1.0,4.0,0.0,0.0,3.3,3.2,2.25
E0,2018-12-30,Crystal Palace,Chelsea,1644.14,1863.27,7.0,7.0,6.0,9.0,0.0,1.0,A,0.0,0.0,D,4.0,12.0,0.0,4.0,11.0,8.0,3.0,4.0,0.0,1.0,0.0,0.0,4.75,4.0,1.66
E0,2018-12-30,Man United,Bournemouth,1845.86,1679.03,6.0,10.0,3.0,6.0,4.0,1.0,H,3.0,1.0,H,11.0,7.0,8.0,3.0,10.0,7.0,4.0,5.0,2.0,0.0,1.0,0.0,1.33,4.75,10.0
E0,2018-12-30,Southampton,Man City,1611.13,1991.25,6.0,6.0,3.0,6.0,1.0,3.0,A,1.0,3.0,A,5.0,14.0,4.0,6.0,11.0,10.0,3.0,8.0,2.0,3.0,1.0,0.0,10.0,5.25,1.3
E0,2019-01-01,Arsenal,Fulham,1839.27,1578.94,4.0,7.0,5.0,5.0,4.0,1.0,H,1.0,0.0,H,16.0,9.0,9.0,4.0,7.0,12.0,8.0,3.0,0.0,1.0,0.0,0.0,1.33,5.75,9.5
E0,2019-01-01,Cardiff,Tottenham,1573.44,1904.31,4.0,7.0,6.0,12.0,0.0,3.0,A,0.0,3.0,A,6.0,13.0,3.0,4.0,6.0,6.0,5.0,3.0,1.0,0.0,0.0,0.0,7.5,4.5,1.5
E0,2019-01-01,Everton,Leicester,1699.82,1697.38,3.0,4.0,6.0,6.0,0.0,1.0,A,0.0,0.0,D,17.0,8.0,2.0,4.0,5.0,8.0,6.0,5.0,3.0,1.0,0.0,0.0,2.0,3.5,4.2
E0,2019-01-02,Bournemouth,Watford,1666.25,1655.81,3.0,3.0,4.0,8.0,3.0,3.0,D,3.0,3.0,D,25.0,11.0,12.0,3.0,9.0,15.0,4.0,2.0,1.0,4.0,0.0,0.0,2.6,3.6,2.75
E0,2019-01-02,Chelsea,Southampton,1863.15,1623.51,6.0,12.0,3.0,6.0,0.0,0.0,D,0.0,0.0,D,17.0,6.0,6.0,2.0,8.0,11.0,7.0,2.0,1.0,2.0,0.0,0.0,1.28,6.5,11.0
E0,2019-01-02,Huddersfield,Burnley,1524.44,1614.66,0.0,0.0,3.0,6.0,1.0,2.0,A,1.0,1.0,D,9.0,16.0,2.0,8.0,11.0,9.0,5.0,2.0,0.0,4.0,1.0,1.0,2.14,3.1,4.2
E0,2019-01-02,Newcastle,Man United,1633.63,1853.44,2.0,5.0,9.0,12.0,0.0,2.0,A,0.0,0.0,D,14.0,16.0,3.0,7.0,10.0,9.0,1.0,2.0,1.0,2.0,0.0,0.0,6.0,4.2,1.61
E0,2019-01-02,West Ham,Brighton,1683.25,1642.42,3.0,9.0,4.0,4.0,2.0,2.0,D,0.0,0.0,D,13.0,13.0,6.0,6.0,9.0,11.0,1.0,5.0,0.0,1.0,0.0,0.0,1.95,3.75,4.0
E0,2019-01-02,Wolves,Crystal Palace,1649.81,1658.87,4.0,10.0,4.0,7.0,0.0,2.0,A,0.0,0.0,D,9.0,17.0,1.0,4.0,9.0,7.0,3.0,10.0,4.0,1.0,0.0,0.0,2.0,3.4,4.33
E0,2019-01-03,Man City,Liverpool,1967.11,1961.6,3.0,6.0,9.0,15.0,2.0,1.0,H,1.0,0.0,H,9.0,7.0,4.0,5.0,12.0,7.0,2.0,1.0,4.0,2.0,0.0,0.0,2.04,3.8,3.6
E0,2019-01-12,Brighton,Liverpool,1642.42,1961.6,5.0,5.0,6.0,12.0,0.0,1.0,A,0.0,0.0,D,7.0,10.0,0.0,3.0,15.0,5.0,2.0,7.0,0.0,0.0,0.0,0.0,11.0,6.0,1.3
E0,2019-01-12,Burnley,Fulham,1614.66,1578.94,6.0,6.0,4.0,5.0,2.0,1.0,H,2.0,1.0,H,11.0,12.0,0.0,4.0,5.0,9.0,2.0,6.0,1.0,2.0,0.0,0.0,2.4,3.3,3.25
E0,2019-01-12,Cardiff,Huddersfield,1573.44,1524.44,4.0,4.0,0.0,0.0,0.0,0.0,D,0.0,0.0,D,3.0,14.0,0.0,2.0,12.0,14.0,3.0,10.0,3.0,1.0,0.0,0.0,2.25,3.25,3.6
E0,2019-01-12,Chelsea,Newcastle,1863.15,1633.63,7.0,10.0,1.0,5.0,2.0,1.0,H,1.0,1.0,D,10.0,9.0,6.0,2.0,6.0,13.0,8.0,5.0,1.0,1.0,0.0,0.0,1.22,7.0,15.0
E0,2019-01-12,Crystal Palace,Watford,1658.87,1655.81,4.0,10.0,2.0,8.0,1.0,2.0,A,1.0,0.0,H,15.0,16.0,6.0,2.0,11.0,11.0,7.0,7.0,1.0,4.0,0.0,0.0,2.25,3.4,3.5
E0,2019-01-12,Leicester,Southampton,1697.38,1623.51,6.0,9.0,1.0,7.0,1.0,2.0,A,0.0,2.0,A,23.0,8.0,6.0,3.0,7.0,9.0,10.0,3.0,2.0,1.0,0.0,1.0,1.95,3.5,4.33
E0,2019-01-12,West Ham,Arsenal,1683.25,1839.27,4.0,7.0,4.0,7.0,1.0,0.0,H,0.0,0.0,D,11.0,11.0,3.0,2.0,7.0,10.0,7.0,3.0,0.0,2.0,0.0,0.0,3.5,4.0,2.05
E0,2019-01-13,Everton,Bournemouth,1699.82,1666.25,3.0,3.0,1.0,4.0,2.0,0.0,H,0.0,0.0,D,15.0,16.0,3.0,7.0,17.0,8.0,5.0,9.0,5.0,0.0,0.0,0.0,1.75,4.0,4.8
E0,2019-01-13,Tottenham,Man United,1904.31,1853.44,6.0,12.0,9.0,12.0,0.0,1.0,A,0.0,1.0,A,21.0,13.0,11.0,8.0,8.0,8.0,7.0,4.0,1.0,2.0,0.0,0.0,2.05,3.7,3.75
E0,2019-01-14,Man City,Wolves,1967.11,1649.81,6.0,9.0,4.0,7.0,3.0,0.0,H,2.0,0.0,H,24.0,3.0,9.0,0.0,6.0,3.0,12.0,1.0,1.0,0.0,0.0,1.0,1.18,8.0,17.0
E0,2019-01-19,Arsenal,Chelsea,1831.83,1858.68,3.0,7.0,7.0,10.0,2.0,0.0,H,2.0,0.0,H,13.0,13.0,5.0,1.0,13.0,15.0,5.0,6.0,0.0,2.0,0.0,0.0,3.1,3.6,2.37
E0,2019-01-19,Bournemouth,West Ham,1656.11,1691.23,1.0,4.0,4.0,7.0,2.0,0.0,H,0.0,0.0,D,10.0,9.0,4.0,1.0,6.0,10.0,2.0,3.0,0.0,1.0,0.0,0.0,2.37,3.7,3.0
E0,2019-01-19,Liverpool,Crystal Palace,1957.69,1662.41,6.0,12.0,3.0,7.0,4.0,3.0,H,0.0,1.0,A,19.0,9.0,9.0,3.0,6.0,8.0,8.0,3.0,0.0,1.0,1.0,0.0,1.2,7.5,17.0
E0,2019-01-19,Man United,Brighton,1870.08,1642.47,9.0,15.0,4.0,5.0,2.0,1.0,H,2.0,0.0,H,20.0,7.0,5.0,3.0,11.0,11.0,6.0,5.0,1.0,0.0,0.0,0.0,1.3,5.75,12.0
E0,2019-01-19,Newcastle,Cardiff,1625.36,1566.54,1.0,2.0,4.0,5.0,3.0,0.0,H,1.0,0.0,H,16.0,9.0,6.0,1.0,11.0,6.0,7.0,10.0,0.0,1.0,0.0,0.0,1.95,3.4,4.5
E0,2019-01-19,Southampton,Everton,1641.73,1698.83,4.0,7.0,3.0,6.0,2.0,1.0,H,0.0,0.0,D,11.0,7.0,4.0,2.0,12.0,11.0,7.0,6.0,2.0,1.0,0.0,0.0,2.75,3.4,2.7
E0,2019-01-19,Watford,Burnley,1667.18,1627.58,5.0,8.0,9.0,9.0,0.0,0.0,D,0.0,0.0,D,9.0,11.0,4.0,3.0,14.0,9.0,1.0,7.0,1.0,2.0,0.0,0.0,1.65,4.0,5.75
E0,2019-01-19,Wolves,Leicester,1634.53,1695.36,3.0,4.0,3.0,9.0,4.0,3.0,H,2.0,0.0,H,12.0,16.0,7.0,6.0,11.0,10.0,5.0,9.0,3.0,3.0,0.0,0.0,2.37,3.2,3.4
E0,2019-01-20,Fulham,Tottenham,1570.11,1897.57,3.0,5.0,3.0,9.0,1.0,2.0,A,1.0,0.0,H,12.0,14.0,4.0,5.0,10.0,8.0,7.0,10.0,2.0,3.0,0.0,0.0,5.25,3.8,1.75
E0,2019-01-20,Huddersfield,Man City,1520.07,1975.75,1.0,1.0,9.0,9.0,0.0,3.0,A,0.0,1.0,A,5.0,12.0,2.0,4.0,10.0,9.0,1.0,4.0,2.0,2.0,0.0,0.0,21.0,8.5,1.16
E0,2019-01-29,Arsenal,Cardiff,1831.83,1566.54,6.0,7.0,1.0,5.0,2.0,1.0,H,0.0,0.0,D,15.0,19.0,4.0,2.0,14.0,12.0,4.0,7.0,3.0,3.0,0.0,0.0,1.22,7.0,15.0
E0,2019-01-29,Fulham,Brighton,1570.11,1642.47,0.0,4.0,1.0,5.0,4.0,2.0,H,0.0,2.0,A,24.0,15.0,7.0,6.0,10.0,5.0,10.0,1.0,2.0,3.0,0.0,0.0,2.37,3.3,3.3
E0,2019-01-29,Huddersfield,Everton,1520.07,1698.83,1.0,1.0,3.0,6.0,0.0,1.0,A,0.0,1.0,A,10.0,10.0,2.0,5.0,13.0,10.0,3.0,4.0,1.0,4.0,0.0,1.0,4.0,3.3,2.1
E0,2019-01-29,Man United,Burnley,1870.08,1627.58,9.0,15.0,7.0,10.0,2.0,2.0,D,0.0,0.0,D,28.0,6.0,9.0,4.0,10.0,9.0,11.0,3.0,1.0,3.0,0.0,0.0,1.28,6.0,12.0
E0,2019-01-29,Newcastle,Man City,1625.36,1975.75,3.0,4.0,9.0,12.0,2.0,1.0,H,0.0,1.0,A,6.0,12.0,2.0,4.0,9.0,7.0,1.0,8.0,2.0,3.0,0.0,0.0,19.0,8.0,1.18
E0,2019-01-29,Wolves,West Ham,1634.53,1691.23,3.0,7.0,4.0,7.0,3.0,0.0,H,0.0,0.0,D,20.0,4.0,9.0,0.0,8.0,10.0,5.0,1.0,4.0,1.0,0.0,0.0,2.1,3.5,3.75
E0,2019-01-30,Bournemouth,Chelsea,1656.11,1858.68,4.0,4.0,4.0,10.0,4.0,0.0,H,0.0,0.0,D,12.0,11.0,7.0,7.0,8.0,6.0,3.0,7.0,1.0,0.0,0.0,0.0,5.25,4.2,1.66
E0,2019-01-30,Liverpool,Leicester,1957.69,1695.36,6.0,12.0,3.0,6.0,1.0,1.0,D,1.0,1.0,D,10.0,5.0,3.0,2.0,13.0,6.0,7.0,1.0,1.0,3.0,0.0,0.0,1.22,7.0,15.0
E0,2019-01-30,Southampton,Crystal Palace,1641.73,1662.41,7.0,7.0,3.0,4.0,1.0,1.0,D,0.0,1.0,A,13.0,15.0,4.0,3.0,11.0,8.0,3.0,8.0,2.0,2.0,0.0,1.0,2.4,3.4,3.2
E0,2019-01-30,Tottenham,Watford,1897.57,1667.18,6.0,9.0,5.0,6.0,2.0,1.0,H,0.0,1.0,A,17.0,9.0,3.0,1.0,6.0,9.0,9.0,5.0,0.0,4.0,0.0,0.0,1.66,4.0,5.75
E0,2019-02-02,Brighton,Watford,1628.03,1662.44,0.0,4.0,4.0,6.0,0.0,0.0,D,0.0,0.0,D,21.0,5.0,4.0,0.0,15.0,10.0,7.0,0.0,1.0,0.0,0.0,0.0,2.55,3.3,3.0
E0,2019-02-02,Burnley,Southampton,1637.17,1648.53,5.0,11.0,7.0,8.0,1.0,1.0,D,0.0,0.0,D,15.0,10.0,6.0,4.0,10.0,9.0,4.0,2.0,3.0,1.0,0.0,0.0,2.55,3.5,2.87
E0,2019-02-02,Cardiff,Bournemouth,1555.5,1688.95,1.0,4.0,6.0,7.0,2.0,0.0,H,1.0,0.0,H,12.0,9.0,5.0,2.0,17.0,14.0,6.0,7.0,1.0,2.0,0.0,0.0,3.25,3.5,2.3
E0,2019-02-02,Chelsea,Huddersfield,1826.05,1512.88,3.0,7.0,1.0,1.0,5.0,0.0,H,2.0,0.0,H,23.0,5.0,7.0,2.0,8.0,5.0,11.0,2.0,0.0,0.0,0.0,0.0,1.2,7.5,19.0
E0,2019-02-02,Crystal Palace,Fulham,1662.18,1579.86,1.0,4.0,3.0,6.0,2.0,0.0,H,1.0,0.0,H,17.0,8.0,6.0,0.0,9.0,12.0,11.0,1.0,2.0,3.0,0.0,0.0,2.05,3.5,4.0
E0,2019-02-02,Everton,Wolves,1695.88,1655.89,6.0,6.0,6.0,9.0,1.0,3.0,A,1.0,2.0,A,13.0,8.0,4.0,4.0,12.0,14.0,3.0,1.0,3.0,1.0,0.0,0.0,2.37,3.4,3.25
E0,2019-02-02,Tottenham,Newcastle,1902.02,1649.35,6.0,9.0,6.0,7.0,1.0,0.0,H,0.0,0.0,D,21.0,8.0,4.0,2.0,6.0,6.0,6.0,3.0,0.0,1.0,0.0,0.0,1.44,4.5,9.0
E0,2019-02-03,Leicester,Man United,1694.47,1865.47,1.0,4.0,7.0,13.0,0.0,1.0,A,0.0,1.0,A,17.0,10.0,6.0,6.0,14.0,9.0,7.0,2.0,4.0,4.0,0.0,0.0,3.6,3.5,2.15
E0,2019-02-03,Man City,Arsenal,1963.16,1843.64,6.0,12.0,6.0,9.0,3.0,1.0,H,2.0,1.0,H,19.0,4.0,12.0,2.0,11.0,8.0,4.0,2.0,1.0,1.0,0.0,0.0,1.33,6.0,9.0
E0,2019-02-04,West Ham,Liverpool,1667.76,1951.87,3.0,4.0,7.0,10.0,1.0,1.0,D,1.0,1.0,D,13.0,11.0,2.0,6.0,9.0,11.0,2.0,5.0,1.0,1.0,0.0,0.0,8.0,5.25,1.4
E0,2019-02-06,Everton,Man City,1695.88,1963.16,3.0,6.0,6.0,12.0,0.0,2.0,A,0.0,1.0,A,4.0,15.0,1.0,4.0,12.0,6.0,5.0,6.0,1.0,1.0,0.0,0.0,10.0,6.25,1.3
E0,2019-02-09,Brighton,Burnley,1628.03,1637.17,1.0,2.0,3.0,9.0,1.0,3.0,A,0.0,1.0,A,16.0,9.0,6.0,5.0,8.0,7.0,9.0,3.0,1.0,1.0,0.0,0.0,2.05,3.3,4.2
E0,2019-02-09,Crystal Palace,West Ham,1662.18,1667.76,4.0,7.0,1.0,5.0,1.0,1.0,D,0.0,1.0,A,25.0,6.0,5.0,4.0,12.0,9.0,10.0,4.0,3.0,0.0,0.0,0.0,2.1,3.5,3.75
E0,2019-02-09,Fulham,Man United,1579.86,1865.47,3.0,3.0,7.0,13.0,0.0,3.0,A,0.0,2.0,A,15.0,15.0,3.0,7.0,14.0,9.0,5.0,4.0,3.0,2.0,0.0,0.0,5.5,4.4,1.61
E0,2019-02-09,Huddersfield,Arsenal,1512.88,1843.64,0.0,1.0,6.0,9.0,1.0,2.0,A,0.0,2.0,A,15.0,9.0,6.0,4.0,17.0,12.0,5.0,0.0,3.0,2.0,0.0,0.0,5.75,4.4,1.6
E0,2019-02-09,Liverpool,Bournemouth,1951.87,1688.95,5.0,8.0,6.0,7.0,3.0,0.0,H,2.0,0.0,H,20.0,12.0,9.0,2.0,14.0,6.0,8.0,5.0,2.0,2.0,0.0,0.0,1.22,7.5,14.0
E0,2019-02-09,Southampton,Cardiff,1648.53,1555.5,5.0,9.0,3.0,4.0,1.0,2.0,A,0.0,0.0,D,14.0,6.0,7.0,3.0,15.0,12.0,8.0,2.0,3.0,3.0,0.0,0.0,1.75,3.9,5.0
E0,2019-02-09,Watford,Everton,1662.44,1695.88,2.0,6.0,3.0,6.0,1.0,0.0,H,0.0,0.0,D,7.0,9.0,2.0,4.0,21.0,10.0,8.0,2.0,2.0,0.0,0.0,1.0,2.35,3.5,3.2
E0,2019-02-10,Man City,Chelsea,1963.16,1826.05,6.0,12.0,3.0,7.0,6.0,0.0,H,4.0,0.0,H,15.0,12.0,9.0,4.0,9.0,13.0,2.0,2.0,1.0,2.0,0.0,0.0,1.5,4.75,7.0
E0,2019-02-10,Tottenham,Leicester,1902.02,1694.47,9.0,12.0,1.0,4.0,3.0,1.0,H,1.0,0.0,H,12.0,20.0,5.0,9.0,11.0,4.0,2.0,9.0,3.0,1.0,0.0,0.0,1.7,3.9,5.5
E0,2019-02-11,Wolves,Newcastle,1655.89,1649.35,9.0,9.0,6.0,6.0,1.0,1.0,D,0.0,0.0,D,22.0,9.0,6.0,3.0,7.0,9.0,13.0,1.0,1.0,3.0,0.0,0.0,1.7,3.75,5.75
E0,2019-02-22,Cardiff,Watford,1580.25,1668.76,6.0,7.0,4.0,8.0,1.0,5.0,A,0.0,1.0,A,15.0,12.0,6.0,7.0,10.0,11.0,3.0,3.0,1.0,2.0,0.0,0.0,3.1,3.4,2.45
E0,2019-02-22,West Ham,Fulham,1673.9,1567.18,2.0,5.0,3.0,3.0,3.0,1.0,H,2.0,1.0,H,21.0,8.0,7.0,5.0,11.0,11.0,12.0,0.0,1.0,1.0,0.0,0.0,1.95,3.8,4.0
E0,2019-02-23,Bournemouth,Wolves,1670.83,1667.57,3.0,6.0,7.0,10.0,1.0,1.0,D,1.0,0.0,H,10.0,10.0,3.0,2.0,10.0,15.0,9.0,8.0,4.0,5.0,0.0,0.0,2.87,3.4,2.62
E0,2019-02-23,Burnley,Tottenham,1648.18,1918.02,5.0,9.0,9.0,12.0,2.0,1.0,H,0.0,0.0,D,10.0,17.0,4.0,6.0,9.0,12.0,7.0,6.0,1.0,3.0,0.0,0.0,5.75,3.8,1.7
E0,2019-02-23,Leicester,Crystal Palace,1684.7,1666.05,1.0,1.0,5.0,5.0,1.0,4.0,A,0.0,1.0,A,27.0,7.0,5.0,5.0,7.0,14.0,8.0,3.0,2.0,1.0,0.0,0.0,2.25,3.4,3.5
E0,2019-02-23,Newcastle,Huddersfield,1648.61,1506.05,4.0,7.0,0.0,1.0,2.0,0.0,H,0.0,0.0,D,29.0,3.0,12.0,1.0,11.0,7.0,12.0,0.0,2.0,0.0,0.0,1.0,1.83,3.5,5.25
E0,2019-02-24,Arsenal,Southampton,1834.27,1637.0,6.0,9.0,2.0,8.0,2.0,0.0,H,2.0,0.0,H,12.0,10.0,4.0,4.0,7.0,14.0,6.0,4.0,0.0,0.0,0.0,0.0,1.5,4.75,7.0
E0,2019-02-24,Man United,Liverpool,1862.41,1947.96,7.0,13.0,5.0,11.0,0.0,0.0,D,0.0,0.0,D,6.0,7.0,3.0,1.0,15.0,17.0,3.0,7.0,1.0,3.0,0.0,0.0,3.1,3.5,2.37
E0,2019-02-26,Cardiff,Everton,1580.25,1668.69,6.0,6.0,0.0,3.0,0.0,3.0,A,0.0,1.0,A,6.0,12.0,0.0,4.0,12.0,12.0,3.0,4.0,3.0,1.0,0.0,0.0,3.75,3.4,2.15
E0,2019-02-26,Huddersfield,Wolves,1506.05,1667.57,0.0,0.0,5.0,11.0,1.0,0.0,H,0.0,0.0,D,15.0,7.0,3.0,0.0,10.0,10.0,3.0,5.0,2.0,2.0,0.0,0.0,5.0,3.5,1.85
E0,2019-02-26,Leicester,Brighton,1684.7,1612.67,0.0,1.0,1.0,1.0,2.0,1.0,H,1.0,0.0,H,19.0,15.0,3.0,3.0,6.0,4.0,4.0,8.0,1.0,1.0,0.0,0.0,1.9,3.5,4.6
E0,2019-02-26,Newcastle,Burnley,1648.61,1648.18,4.0,10.0,7.0,9.0,2.0,0.0,H,2.0,0.0,H,12.0,12.0,3.0,2.0,8.0,8.0,4.0,7.0,1.0,3.0,0.0,0.0,2.15,3.3,3.9
E0,2019-02-27,Arsenal,Bournemouth,1834.27,1670.83,6.0,12.0,1.0,7.0,5.0,1.0,H,2.0,1.0,H,16.0,13.0,6.0,5.0,11.0,9.0,9.0,4.0,2.0,2.0,0.0,0.0,1.44,5.0,7.5
E0,2019-02-27,Chelsea,Tottenham,1822.09,1918.02,3.0,6.0,6.0,12.0,2.0,0.0,H,0.0,0.0,D,11.0,9.0,1.0,0.0,7.0,14.0,2.0,2.0,1.0,1.0,0.0,0.0,2.3,3.5,3.25
E0,2019-02-27,Crystal Palace,Man United,1666.05,1862.41,7.0,8.0,7.0,11.0,1.0,3.0,A,0.0,1.0,A,17.0,13.0,2.0,4.0,8.0,9.0,5.0,6.0,2.0,3.0,0.0,0.0,3.25,3.5,2.3
E0,2019-02-27,Liverpool,Watford,1947.96,1668.76,5.0,9.0,7.0,8.0,5.0,0.0,H,2.0,0.0,H,19.0,5.0,10.0,3.0,5.0,7.0,6.0,4.0,0.0,2.0,0.0,0.0,1.28,6.0,12.0
E0,2019-02-27,Man City,West Ham,1979.81,1673.9,9.0,12.0,5.0,5.0,1.0,0.0,H,0.0,0.0,D,20.0,2.0,7.0,1.0,2.0,6.0,12.0,2.0,0.0,2.0,0.0,0.0,1.16,9.0,19.0
E0,2019-02-27,Southampton,Fulham,1637.0,1567.18,1.0,5.0,0.0,3.0,2.0,0.0,H,2.0,0.0,H,14.0,14.0,4.0,4.0,15.0,13.0,7.0,4.0,0.0,1.0,0.0,0.0,1.9,3.7,4.33
E0,2019-03-02,Bournemouth,Man City,1666.56,1986.25,1.0,4.0,9.0,12.0,0.0,1.0,A,0.0,0.0,D,0.0,23.0,0.0,7.0,7.0,7.0,0.0,14.0,1.0,2.0,0.0,0.0,13.0,7.5,1.22
E0,2019-03-02,Brighton,Huddersfield,1610.38,1514.86,1.0,1.0,3.0,3.0,1.0,0.0,H,0.0,0.0,D,13.0,6.0,4.0,4.0,11.0,6.0,6.0,3.0,2.0,2.0,0.0,0.0,1.85,3.4,5.25
E0,2019-03-02,Burnley,Crystal Palace,1654.73,1679.0,6.0,8.0,4.0,8.0,1.0,3.0,A,0.0,1.0,A,18.0,10.0,4.0,4.0,9.0,9.0,8.0,5.0,1.0,2.0,0.0,0.0,2.8,3.3,2.75
E0,2019-03-02,Man United,Southampton,1873.43,1643.36,7.0,11.0,3.0,5.0,3.0,2.0,H,0.0,1.0,A,16.0,6.0,6.0,3.0,7.0,10.0,9.0,7.0,2.0,1.0,0.0,0.0,1.45,4.5,8.5
E0,2019-03-02,Tottenham,Arsenal,1895.68,1853.62,3.0,9.0,9.0,12.0,1.0,1.0,D,0.0,1.0,A,10.0,9.0,3.0,4.0,15.0,14.0,3.0,4.0,3.0,2.0,0.0,1.0,2.05,3.7,3.75
E0,2019-03-02,West Ham,Newcastle,1681.26,1666.51,4.0,5.0,7.0,10.0,2.0,0.0,H,2.0,0.0,H,10.0,17.0,4.0,2.0,8.0,14.0,1.0,6.0,3.0,4.0,0.0,0.0,2.15,3.5,3.6
E0,2019-03-02,Wolves,Cardiff,1661.35,1556.61,2.0,8.0,3.0,6.0,2.0,0.0,H,2.0,0.0,H,13.0,12.0,6.0,4.0,11.0,6.0,7.0,8.0,1.0,2.0,0.0,0.0,1.5,4.33,8.0
E0,2019-03-03,Everton,Liverpool,1683.74,1952.34,3.0,6.0,7.0,9.0,0.0,0.0,D,0.0,0.0,D,7.0,10.0,3.0,3.0,12.0,10.0,3.0,7.0,1.0,2.0,0.0,0.0,6.0,4.2,1.61
E0,2019-03-03,Fulham,Chelsea,1557.57,1839.2,0.0,3.0,6.0,6.0,1.0,2.0,A,1.0,2.0,A,12.0,20.0,5.0,7.0,11.0,10.0,5.0,4.0,2.0,1.0,0.0,0.0,6.5,4.5,1.53
E0,2019-03-03,Watford,Leicester,1682.35,1675.78,6.0,7.0,3.0,4.0,2.0,1.0,H,1.0,0.0,H,6.0,14.0,5.0,2.0,15.0,12.0,1.0,5.0,5.0,1.0,0.0,0.0,2.55,3.3,3.0
E0,2019-03-09,Cardiff,West Ham,1556.61,1681.26,0.0,6.0,6.0,8.0,2.0,0.0,H,1.0,0.0,H,16.0,9.0,7.0,2.0,7.0,12.0,7.0,5.0,2.0,1.0,0.0,0.0,3.6,3.5,2.15
E0,2019-03-09,Crystal Palace,Brighton,1679.0,1610.38,6.0,10.0,3.0,4.0,1.0,2.0,A,0.0,1.0,A,15.0,4.0,3.0,3.0,8.0,18.0,8.0,0.0,1.0,5.0,0.0,0.0,1.83,3.6,5.0
E0,2019-03-09,Huddersfield,Bournemouth,1514.86,1666.56,3.0,3.0,1.0,1.0,0.0,2.0,A,0.0,1.0,A,8.0,8.0,1.0,5.0,14.0,9.0,6.0,5.0,3.0,1.0,0.0,0.0,3.4,3.3,2.35
E0,2019-03-09,Leicester,Fulham,1675.78,1557.57,3.0,3.0,0.0,0.0,3.0,1.0,H,1.0,0.0,H,18.0,6.0,8.0,3.0,9.0,13.0,6.0,5.0,0.0,2.0,0.0,0.0,1.57,4.5,6.0
E0,2019-03-09,Man City,Watford,1986.25,1682.35,9.0,15.0,6.0,10.0,3.0,1.0,H,0.0,0.0,D,19.0,2.0,9.0,1.0,11.0,7.0,9.0,1.0,1.0,1.0,0.0,0.0,1.16,9.0,19.0
E0,2019-03-09,Newcastle,Everton,1666.51,1683.74,6.0,7.0,4.0,4.0,3.0,2.0,H,0.0,2.0,A,19.0,7.0,7.0,3.0,13.0,10.0,8.0,2.0,3.0,1.0,0.0,0.0,2.8,3.25,2.8
E0,2019-03-09,Southampton,Tottenham,1643.36,1895.68,3.0,4.0,1.0,7.0,2.0,1.0,H,0.0,1.0,A,12.0,16.0,4.0,5.0,16.0,9.0,1.0,10.0,4.0,2.0,0.0,0.0,4.5,3.8,1.85
E0,2019-03-10,Arsenal,Man United,1853.62,1873.43,7.0,10.0,7.0,13.0,2.0,0.0,H,1.0,0.0,H,14.0,14.0,3.0,4.0,12.0,18.0,5.0,2.0,2.0,2.0,0.0,0.0,2.4,3.6,3.0
E0,2019-03-10,Chelsea,Wolves,1839.2,1661.35,6.0,9.0,4.0,8.0,1.0,1.0,D,0.0,0.0,D,22.0,2.0,6.0,1.0,8.0,14.0,13.0,0.0,1.0,4.0,0.0,0.0,1.55,4.2,7.0
E0,2019-03-10,Liverpool,Burnley,1952.34,1654.73,5.0,9.0,3.0,7.0,4.0,2.0,H,2.0,1.0,H,23.0,3.0,5.0,2.0,4.0,7.0,7.0,3.0,2.0,0.0,0.0,0.0,1.16,8.5,21.0
E0,2019-03-16,Bournemouth,Newcastle,1690.96,1683.61,3.0,4.0,6.0,10.0,2.0,2.0,D,0.0,1.0,A,10.0,12.0,3.0,4.0,9.0,12.0,6.0,6.0,3.0,2.0,0.0,0.0,2.05,3.6,3.8
E0,2019-03-16,Burnley,Leicester,1658.42,1693.51,0.0,6.0,6.0,6.0,1.0,2.0,A,1.0,1.0,D,13.0,9.0,2.0,4.0,9.0,10.0,9.0,3.0,1.0,1.0,0.0,1.0,3.1,3.4,2.45
E0,2019-03-16,West Ham,Huddersfield,1694.45,1520.77,3.0,7.0,3.0,3.0,4.0,3.0,H,1.0,2.0,A,16.0,15.0,5.0,5.0,7.0,15.0,5.0,8.0,0.0,2.0,0.0,0.0,1.55,4.2,7.0
E0,2019-03-17,Everton,Chelsea,1700.44,1866.08,4.0,4.0,7.0,10.0,2.0,0.0,H,0.0,0.0,D,15.0,16.0,8.0,5.0,17.0,9.0,3.0,4.0,1.0,2.0,0.0,0.0,4.0,3.8,1.95
E0,2019-03-17,Fulham,Liverpool,1567.74,1984.5,0.0,0.0,7.0,11.0,1.0,2.0,A,0.0,1.0,A,7.0,16.0,2.0,6.0,11.0,7.0,1.0,10.0,2.0,1.0,0.0,0.0,12.0,7.0,1.25
E0,2019-03-30,Brighton,Southampton,1645.26,1672.52,6.0,7.0,6.0,6.0,0.0,1.0,A,0.0,0.0,D,14.0,8.0,1.0,2.0,8.0,10.0,6.0,5.0,1.0,2.0,0.0,0.0,2.55,3.2,3.1
E0,2019-03-30,Burnley,Wolves,1658.42,1691.97,0.0,3.0,4.0,6.0,2.0,0.0,H,1.0,0.0,H,5.0,8.0,1.0,1.0,12.0,10.0,1.0,5.0,1.0,1.0,0.0,0.0,3.2,3.25,2.45
E0,2019-03-30,Crystal Palace,Huddersfield,1698.7,1520.77,3.0,7.0,0.0,3.0,2.0,0.0,H,0.0,0.0,D,19.0,15.0,5.0,5.0,10.0,7.0,5.0,5.0,0.0,0.0,0.0,0.0,1.45,4.4,9.0
E0,2019-03-30,Fulham,Man City,1567.74,2010.86,0.0,0.0,9.0,15.0,0.0,2.0,A,0.0,2.0,A,5.0,24.0,0.0,7.0,4.0,12.0,0.0,11.0,2.0,0.0,0.0,0.0,21.0,11.0,1.12
E0,2019-03-30,Leicester,Bournemouth,1693.51,1690.96,6.0,9.0,4.0,5.0,2.0,0.0,H,1.0,0.0,H,18.0,8.0,4.0,2.0,6.0,12.0,6.0,1.0,0.0,2.0,0.0,0.0,1.85,3.8,4.5
E0,2019-03-30,Man United,Watford,1904.84,1705.14,6.0,10.0,3.0,9.0,2.0,1.0,H,1.0,0.0,H,8.0,20.0,5.0,8.0,14.0,9.0,3.0,5.0,1.0,2.0,0.0,0.0,1.44,4.75,8.0
E0,2019-03-30,West Ham,Everton,1694.45,1700.44,6.0,9.0,4.0,7.0,0.0,2.0,A,0.0,2.0,A,3.0,17.0,1.0,9.0,7.0,14.0,4.0,9.0,1.0,1.0,0.0,0.0,2.55,3.5,2.9
E0,2019-03-31,Cardiff,Chelsea,1583.44,1866.08,3.0,6.0,4.0,7.0,1.0,2.0,A,0.0,0.0,D,8.0,21.0,3.0,3.0,8.0,14.0,2.0,7.0,2.0,3.0,0.0,0.0,9.0,4.5,1.44
E0,2019-03-31,Liverpool,Tottenham,1984.5,1903.11,7.0,11.0,1.0,4.0,2.0,1.0,H,1.0,0.0,H,14.0,11.0,3.0,2.0,5.0,8.0,10.0,3.0,0.0,1.0,0.0,0.0,1.61,4.2,6.0
E0,2019-04-01,Arsenal,Newcastle,1888.32,1685.69,7.0,13.0,4.0,10.0,2.0,0.0,H,1.0,0.0,H,7.0,3.0,4.0,1.0,11.0,10.0,6.0,2.0,2.0,0.0,0.0,0.0,1.36,5.25,9.5
E0,2019-04-02,Watford,Fulham,1702.65,1564.54,3.0,6.0,0.0,0.0,4.0,1.0,H,1.0,1.0,D,15.0,17.0,7.0,7.0,12.0,5.0,6.0,4.0,3.0,2.0,0.0,0.0,1.72,4.0,5.0
E0,2019-04-02,Wolves,Man United,1681.41,1907.33,4.0,5.0,6.0,10.0,2.0,1.0,H,1.0,1.0,D,9.0,18.0,2.0,4.0,5.0,11.0,3.0,5.0,1.0,2.0,0.0,1.0,4.0,3.6,2.0
E0,2019-04-03,Chelsea,Brighton,1854.66,1636.11,4.0,10.0,6.0,6.0,3.0,0.0,H,1.0,0.0,H,17.0,3.0,4.0,1.0,5.0,9.0,7.0,1.0,0.0,0.0,0.0,0.0,1.25,6.5,15.0
E0,2019-04-03,Man City,Cardiff,2012.6,1579.96,9.0,15.0,3.0,3.0,2.0,0.0,H,2.0,0.0,H,27.0,4.0,11.0,1.0,3.0,17.0,7.0,4.0,0.0,3.0,0.0,0.0,1.06,17.0,34.0
E0,2019-04-03,Tottenham,Crystal Palace,1898.61,1702.67,1.0,1.0,6.0,9.0,2.0,0.0,H,0.0,0.0,D,26.0,5.0,10.0,1.0,8.0,5.0,8.0,2.0,1.0,0.0,0.0,0.0,1.45,5.0,7.5
E0,2019-04-05,Southampton,Liverpool,1681.66,1990.46,6.0,9.0,9.0,13.0,1.0,3.0,A,1.0,1.0,D,11.0,17.0,1.0,5.0,8.0,7.0,7.0,5.0,2.0,4.0,0.0,0.0,9.0,5.0,1.4
E0,2019-04-06,Bournemouth,Burnley,1680.55,1660.22,4.0,4.0,3.0,3.0,1.0,3.0,A,1.0,2.0,A,10.0,11.0,2.0,3.0,12.0,16.0,3.0,6.0,2.0,3.0,0.0,0.0,2.1,3.6,3.75
E0,2019-04-06,Huddersfield,Leicester,1513.89,1710.61,0.0,3.0,9.0,12.0,1.0,4.0,A,0.0,1.0,A,10.0,18.0,4.0,9.0,13.0,11.0,8.0,5.0,3.0,0.0,0.0,0.0,5.0,4.0,1.72
E0,2019-04-06,Newcastle,Crystal Palace,1685.69,1702.67,4.0,7.0,3.0,6.0,0.0,1.0,A,0.0,0.0,D,18.0,3.0,5.0,1.0,12.0,13.0,9.0,4.0,1.0,2.0,0.0,0.0,2.6,3.25,3.0
E0,2019-04-07,Everton,Arsenal,1728.39,1888.32,6.0,10.0,7.0,13.0,1.0,0.0,H,1.0,0.0,H,23.0,7.0,6.0,2.0,8.0,9.0,9.0,6.0,1.0,4.0,0.0,0.0,3.0,3.75,2.35
E0,2019-04-08,Chelsea,West Ham,1854.66,1684.31,6.0,10.0,3.0,6.0,2.0,0.0,H,1.0,0.0,H,16.0,9.0,7.0,2.0,8.0,7.0,7.0,4.0,2.0,1.0,0.0,0.0,1.33,5.75,9.5
E0,2019-04-12,Leicester,Newcastle,1710.61,1685.69,9.0,12.0,1.0,4.0,0.0,1.0,A,0.0,1.0,A,12.0,11.0,5.0,5.0,6.0,10.0,2.0,3.0,2.0,3.0,0.0,0.0,1.66,4.0,5.75
E0,2019-04-13,Brighton,Bournemouth,1636.11,1680.55,3.0,6.0,1.0,4.0,0.0,5.0,A,0.0,1.0,A,8.0,14.0,1.0,7.0,10.0,6.0,4.0,1.0,2.0,4.0,1.0,0.0,2.3,3.4,3.4
E0,2019-04-13,Burnley,Cardiff,1660.22,1579.96,6.0,6.0,3.0,3.0,2.0,0.0,H,1.0,0.0,H,14.0,14.0,7.0,2.0,7.0,10.0,8.0,4.0,2.0,3.0,0.0,0.0,1.9,3.6,4.5
E0,2019-04-13,Fulham,Everton,1564.54,1728.39,0.0,0.0,9.0,10.0,2.0,0.0,H,0.0,0.0,D,12.0,8.0,5.0,1.0,8.0,10.0,7.0,3.0,2.0,1.0,0.0,0.0,5.0,4.0,1.75
E0,2019-04-13,Man United,West Ham,1907.33,1684.31,3.0,9.0,3.0,6.0,2.0,1.0,H,1.0,0.0,H,14.0,18.0,4.0,4.0,14.0,5.0,3.0,11.0,1.0,1.0,0.0,0.0,1.4,5.25,8.5
E0,2019-04-13,Southampton,Wolves,1681.66,1681.41,6.0,9.0,4.0,7.0,3.0,1.0,H,2.0,1.0,H,13.0,17.0,6.0,2.0,13.0,8.0,4.0,9.0,1.0,3.0,0.0,0.0,2.6,3.25,3.0
E0,2019-04-13,Tottenham,Huddersfield,1898.61,1513.89,3.0,4.0,0.0,0.0,4.0,0.0,H,2.0,0.0,H,22.0,7.0,5.0,1.0,10.0,12.0,4.0,2.0,2.0,2.0,0.0,0.0,1.22,7.0,15.0
E0,2019-04-14,Crystal Palace,Man City,1702.67,2012.6,6.0,9.0,9.0,15.0,1.0,3.0,A,0.0,1.0,A,7.0,20.0,3.0,6.0,5.0,11.0,2.0,9.0,0.0,0.0,0.0,0.0,11.0,6.0,1.3
E0,2019-04-14,Liverpool,Chelsea,1990.46,1854.66,9.0,13.0,9.0,10.0,2.0,0.0,H,0.0,0.0,D,15.0,6.0,7.0,3.0,5.0,9.0,9.0,2.0,0.0,1.0,0.0,0.0,1.66,4.2,5.25
E0,2019-04-15,Watford,Arsenal,1712.35,1893.81,3.0,6.0,6.0,10.0,0.0,1.0,A,0.0,1.0,A,11.0,19.0,3.0,6.0,12.0,8.0,6.0,4.0,2.0,0.0,1.0,0.0,3.2,3.75,2.25
E0,2019-04-16,Brighton,Cardiff,1616.33,1576.89,0.0,6.0,0.0,3.0,0.0,2.0,A,0.0,1.0,A,14.0,10.0,2.0,3.0,11.0,13.0,5.0,4.0,0.0,1.0,0.0,0.0,2.0,3.3,4.5
E0,2019-04-20,Bournemouth,Fulham,1689.42,1577.81,3.0,7.0,3.0,3.0,0.0,1.0,A,0.0,0.0,D,15.0,17.0,5.0,5.0,11.0,18.0,3.0,7.0,1.0,3.0,0.0,0.0,1.65,4.4,5.25
E0,2019-04-20,Huddersfield,Watford,1507.59,1712.35,0.0,0.0,3.0,6.0,1.0,2.0,A,0.0,1.0,A,13.0,11.0,3.0,6.0,15.0,9.0,2.0,2.0,2.0,2.0,0.0,0.0,4.4,3.9,1.85
E0,2019-04-20,Man City,Tottenham,2015.55,1913.61,9.0,15.0,6.0,7.0,1.0,0.0,H,1.0,0.0,H,15.0,10.0,4.0,4.0,11.0,11.0,4.0,4.0,1.0,2.0,0.0,0.0,1.3,6.0,11.0
E0,2019-04-20,Newcastle,Southampton,1687.7,1691.08,3.0,7.0,6.0,9.0,3.0,1.0,H,2.0,0.0,H,15.0,15.0,6.0,3.0,5.0,11.0,4.0,11.0,0.0,2.0,0.0,0.0,2.55,3.2,3.1
E0,2019-04-20,West Ham,Leicester,1681.89,1711.86,0.0,3.0,6.0,12.0,2.0,2.0,D,1.0,0.0,H,11.0,11.0,3.0,5.0,8.0,9.0,6.0,8.0,2.0,0.0,0.0,0.0,3.3,3.5,2.3
E0,2019-04-20,Wolves,Brighton,1687.81,1616.33,3.0,7.0,0.0,3.0,0.0,0.0,D,0.0,0.0,D,22.0,5.0,5.0,0.0,0.0,8.0,14.0,1.0,0.0,1.0,0.0,0.0,1.75,3.5,6.0
E0,2019-04-21,Arsenal,Crystal Palace,1893.81,1708.23,6.0,10.0,3.0,6.0,2.0,3.0,A,0.0,1.0,A,12.0,16.0,5.0,7.0,15.0,12.0,8.0,3.0,4.0,1.0,0.0,0.0,1.53,4.6,6.5
E0,2019-04-21,Cardiff,Liverpool,1576.89,2007.74,3.0,6.0,9.0,15.0,0.0,2.0,A,0.0,0.0,D,7.0,17.0,2.0,6.0,6.0,5.0,5.0,10.0,1.0,1.0,0.0,0.0,17.0,7.5,1.2
E0,2019-04-21,Everton,Man United,1727.35,1896.66,6.0,9.0,6.0,9.0,4.0,0.0,H,2.0,0.0,H,15.0,7.0,8.0,1.0,11.0,7.0,10.0,2.0,1.0,1.0,0.0,0.0,3.25,3.5,2.3
E0,2019-04-22,Chelsea,Burnley,1865.08,1684.76,6.0,9.0,9.0,9.0,2.0,2.0,D,2.0,2.0,D,22.0,6.0,9.0,3.0,9.0,4.0,10.0,1.0,2.0,1.0,0.0,0.0,1.25,6.25,15.0
E0,2019-04-23,Tottenham,Brighton,1913.61,1616.33,6.0,6.0,1.0,1.0,1.0,0.0,H,0.0,0.0,D,29.0,6.0,5.0,1.0,7.0,13.0,6.0,3.0,1.0,2.0,0.0,0.0,1.28,6.0,13.0
E0,2019-04-23,Watford,Southampton,1712.35,1691.08,6.0,6.0,3.0,9.0,1.0,1.0,D,0.0,1.0,A,15.0,8.0,4.0,4.0,10.0,14.0,3.0,4.0,5.0,2.0,0.0,0.0,2.25,3.5,3.4
E0,2019-04-24,Man United,Man City,1896.66,2015.55,3.0,6.0,9.0,15.0,0.0,2.0,A,0.0,0.0,D,12.0,8.0,1.0,5.0,10.0,10.0,1.0,1.0,2.0,2.0,0.0,0.0,7.5,5.0,1.44
E0,2019-04-24,Wolves,Arsenal,1687.81,1893.81,4.0,5.0,3.0,9.0,3.0,1.0,H,3.0,0.0,H,11.0,11.0,3.0,1.0,12.0,9.0,5.0,5.0,2.0,3.0,0.0,0.0,2.9,3.5,2.55
E0,2019-04-26,Liverpool,Huddersfield,2007.74,1507.59,9.0,15.0,0.0,0.0,5.0,0.0,H,3.0,0.0,H,21.0,5.0,7.0,1.0,5.0,14.0,4.0,4.0,0.0,0.0,0.0,0.0,1.07,15.0,41.0
E0,2019-04-27,Brighton,Newcastle,1616.33,1687.7,1.0,1.0,6.0,7.0,1.0,1.0,D,0.0,1.0,A,9.0,9.0,2.0,1.0,7.0,10.0,7.0,4.0,2.0,3.0,0.0,0.0,2.3,3.2,3.6
E0,2019-04-27,Crystal Palace,Everton,1708.23,1727.35,6.0,9.0,6.0,12.0,0.0,0.0,D,0.0,0.0,D,8.0,22.0,0.0,3.0,9.0,15.0,5.0,10.0,2.0,0.0,0.0,0.0,2.62,3.5,2.8
E0,2019-04-27,Fulham,Cardiff,1577.81,1576.89,6.0,6.0,3.0,3.0,1.0,0.0,H,0.0,0.0,D,8.0,13.0,2.0,8.0,10.0,8.0,10.0,3.0,0.0,0.0,0.0,0.0,2.4,3.6,3.0
E0,2019-04-27,Southampton,Bournemouth,1691.08,1689.42,4.0,7.0,3.0,4.0,3.0,3.0,D,1.0,2.0,A,22.0,9.0,7.0,5.0,8.0,9.0,9.0,3.0,2.0,1.0,0.0,0.0,1.9,3.9,4.1
E0,2019-04-27,Tottenham,West Ham,1913.61,1681.89,6.0,9.0,1.0,4.0,0.0,1.0,A,0.0,0.0,D,14.0,16.0,4.0,7.0,3.0,8.0,2.0,7.0,0.0,2.0,0.0,0.0,1.4,5.5,7.5
E0,2019-04-27,Watford,Wolves,1712.35,1687.81,4.0,7.0,4.0,7.0,1.0,2.0,A,0.0,1.0,A,10.0,11.0,1.0,4.0,10.0,11.0,4.0,5.0,3.0,2.0,0.0,0.0,2.62,3.3,2.9
E0,2019-04-28,Burnley,Man City,1684.76,2015.55,7.0,10.0,9.0,15.0,0.0,1.0,A,0.0,0.0,D,2.0,25.0,0.0,7.0,5.0,7.0,0.0,6.0,1.0,1.0,0.0,0.0,23.0,9.0,1.14
E0,2019-04-28,Leicester,Arsenal,1711.86,1893.81,4.0,10.0,3.0,6.0,3.0,0.0,H,0.0,0.0,D,24.0,6.0,12.0,1.0,13.0,13.0,8.0,6.0,3.0,1.0,0.0,1.0,2.75,3.6,2.6
E0,2019-04-28,Man United,Chelsea,1896.66,1865.08,3.0,6.0,4.0,10.0,1.0,1.0,D,1.0,1.0,D,7.0,16.0,5.0,3.0,9.0,14.0,6.0,6.0,3.0,2.0,0.0,0.0,2.7,3.5,2.7
E0,2019-05-03,Everton,Burnley,1748.07,1686.8,4.0,10.0,4.0,10.0,2.0,0.0,H,2.0,0.0,H,20.0,5.0,6.0,1.0,8.0,9.0,8.0,1.0,0.0,2.0,0.0,0.0,1.66,4.0,5.75
E0,2019-05-04,Bournemouth,Tottenham,1677.72,1888.83,4.0,4.0,3.0,9.0,1.0,0.0,H,0.0,0.0,D,20.0,11.0,6.0,5.0,11.0,12.0,10.0,6.0,1.0,5.0,0.0,2.0,4.0,4.0,1.9
E0,2019-05-04,Cardiff,Crystal Palace,1582.55,1719.45,3.0,3.0,4.0,7.0,2.0,3.0,A,1.0,2.0,A,18.0,21.0,8.0,7.0,14.0,11.0,10.0,5.0,0.0,0.0,0.0,0.0,2.6,3.75,2.7
E0,2019-05-04,Newcastle,Liverpool,1694.67,2013.48,7.0,7.0,9.0,15.0,2.0,3.0,A,1.0,2.0,A,14.0,11.0,7.0,4.0,10.0,4.0,2.0,3.0,1.0,1.0,0.0,0.0,9.5,5.25,1.36
E0,2019-05-04,West Ham,Southampton,1693.79,1680.76,4.0,4.0,2.0,5.0,3.0,0.0,H,1.0,0.0,H,17.0,11.0,6.0,1.0,2.0,11.0,2.0,7.0,1.0,1.0,0.0,0.0,2.3,3.75,3.1
E0,2019-05-04,Wolves,Fulham,1708.35,1594.66,7.0,10.0,9.0,9.0,1.0,0.0,H,0.0,0.0,D,19.0,6.0,6.0,2.0,10.0,15.0,7.0,1.0,1.0,3.0,0.0,0.0,1.53,4.2,7.5
E0,2019-05-05,Arsenal,Brighton,1854.51,1602.46,0.0,3.0,2.0,2.0,1.0,1.0,D,1.0,0.0,H,20.0,11.0,8.0,5.0,9.0,14.0,16.0,3.0,5.0,2.0,0.0,0.0,1.4,5.0,9.0
E0,2019-05-05,Chelsea,Watford,1860.63,1697.42,2.0,8.0,4.0,7.0,3.0,0.0,H,0.0,0.0,D,19.0,15.0,9.0,3.0,6.0,12.0,6.0,6.0,0.0,1.0,0.0,0.0,1.4,5.25,8.0
E0,2019-05-05,Huddersfield,Man United,1500.13,1857.66,0.0,0.0,1.0,4.0,1.0,1.0,D,0.0,1.0,A,7.0,23.0,3.0,7.0,10.0,10.0,3.0,7.0,1.0,1.0,0.0,0.0,11.0,6.0,1.3
E0,2019-05-06,Man City,Leicester,2023.95,1729.15,9.0,15.0,4.0,10.0,1.0,0.0,H,0.0,0.0,D,19.0,7.0,5.0,2.0,12.0,5.0,11.0,0.0,3.0,2.0,0.0,0.0,1.12,8.5,17.0
E0,2019-05-12,Brighton,Man City,1602.46,2023.95,2.0,3.0,9.0,15.0,1.0,4.0,A,1.0,2.0,A,6.0,20.0,2.0,9.0,12.0,8.0,2.0,6.0,0.0,0.0,0.0,0.0,19.0,8.5,1.16
E0,2019-05-12,Burnley,Arsenal,1686.8,1854.51,1.0,7.0,1.0,4.0,1.0,3.0,A,0.0,0.0,D,14.0,17.0,5.0,6.0,11.0,3.0,4.0,5.0,5.0,1.0,0.0,0.0,3.25,3.8,2.2
E0,2019-05-12,Crystal Palace,Bournemouth,1719.45,1677.72,7.0,10.0,4.0,7.0,5.0,3.0,H,3.0,1.0,H,17.0,16.0,8.0,8.0,11.0,8.0,4.0,4.0,3.0,0.0,0.0,0.0,1.9,4.2,3.8
E0,2019-05-12,Fulham,Newcastle,1594.66,1694.67,6.0,9.0,4.0,7.0,0.0,4.0,A,0.0,2.0,A,16.0,13.0,2.0,6.0,6.0,8.0,5.0,5.0,1.0,0.0,0.0,0.0,2.5,3.6,2.9
E0,2019-05-12,Leicester,Chelsea,1729.15,1860.63,4.0,7.0,5.0,8.0,0.0,0.0,D,0.0,0.0,D,9.0,14.0,3.0,4.0,9.0,8.0,4.0,5.0,0.0,1.0,0.0,0.0,2.4,3.75,2.9
E0,2019-05-12,Liverpool,Wolves,2013.48,1708.35,9.0,15.0,9.0,10.0,2.0,0.0,H,1.0,0.0,H,13.0,7.0,5.0,2.0,3.0,11.0,4.0,1.0,0.0,2.0,0.0,0.0,1.3,6.0,11.0
E0,2019-05-12,Man United,Cardiff,1857.66,1582.55,2.0,5.0,0.0,3.0,0.0,2.0,A,0.0,1.0,A,26.0,13.0,10.0,4.0,9.0,6.0,11.0,2.0,3.0,3.0,0.0,0.0,1.28,6.5,11.0
E0,2019-05-12,Southampton,Huddersfield,1680.76,1500.13,2.0,5.0,1.0,1.0,1.0,1.0,D,1.0,0.0,H,10.0,10.0,3.0,3.0,8.0,6.0,4.0,3.0,0.0,1.0,0.0,0.0,1.44,4.75,8.5
E0,2019-05-12,Tottenham,Everton,1888.83,1748.07,3.0,6.0,7.0,10.0,2.0,2.0,D,1.0,0.0,H,11.0,17.0,3.0,9.0,10.0,13.0,7.0,4.0,0.0,2.0,0.0,0.0,2.2,3.5,3.5
E0,2019-05-12,Watford,West Ham,1697.42,1693.79,1.0,4.0,7.0,7.0,1.0,4.0,A,0.0,2.0,A,17.0,16.0,8.0,9.0,10.0,10.0,7.0,2.0,1.0,0.0,1.0,0.0,2.25,3.75,3.2
E0,2019-08-09,Liverpool,Norwich,2050.22,1634.67,9.0,15.0,7.0,9.0,4.0,1.0,H,4.0,0.0,H,15.0,12.0,7.0,5.0,9.0,9.0,11.0,2.0,0.0,2.0,0.0,0.0,1.14,8.75,19.83
E0,2019-08-10,West Ham,Man City,1733.45,2041.28,9.0,10.0,9.0,15.0,0.0,5.0,A,0.0,1.0,A,5.0,14.0,3.0,9.0,6.0,13.0,1.0,1.0,2.0,2.0,0.0,0.0,11.84,6.28,1.25
E0,2019-08-10,Bournemouth,Sheffield United,1694.9,1623.57,4.0,7.0,7.0,11.0,1.0,1.0,D,0.0,0.0,D,13.0,8.0,3.0,3.0,10.0,19.0,3.0,4.0,2.0,1.0,0.0,0.0,2.01,3.53,3.83
E0,2019-08-10,Burnley,Southampton,1685.67,1677.79,0.0,4.0,2.0,3.0,3.0,0.0,H,0.0,0.0,D,10.0,11.0,4.0,3.0,6.0,12.0,2.0,7.0,0.0,0.0,0.0,0.0,2.68,3.22,2.78
E0,2019-08-10,Crystal Palace,Everton,1746.54,1773.67,7.0,10.0,5.0,8.0,0.0,0.0,D,0.0,0.0,D,6.0,10.0,2.0,3.0,16.0,14.0,6.0,2.0,2.0,1.0,0.0,1.0,3.13,3.27,2.4
E0,2019-08-10,Watford,Brighton,1689.31,1620.26,0.0,4.0,2.0,3.0,0.0,3.0,A,0.0,1.0,A,11.0,5.0,3.0,3.0,15.0,11.0,5.0,2.0,0.0,1.0,0.0,0.0,1.94,3.41,4.26
E0,2019-08-10,Tottenham,Aston Villa,1894.82,1616.21,1.0,4.0,4.0,10.0,3.0,1.0,H,0.0,1.0,A,31.0,7.0,7.0,4.0,13.0,9.0,14.0,0.0,1.0,0.0,0.0,0.0,1.3,5.53,10.51
E0,2019-08-11,Leicester,Wolves,1742.67,1723.56,4.0,5.0,6.0,10.0,0.0,0.0,D,0.0,0.0,D,15.0,8.0,1.0,2.0,3.0,13.0,12.0,3.0,0.0,2.0,0.0,0.0,2.22,3.28,3.48
E0,2019-08-11,Newcastle,Arsenal,1719.59,1870.89,4.0,10.0,4.0,4.0,0.0,1.0,A,0.0,0.0,D,9.0,8.0,2.0,2.0,12.0,7.0,5.0,3.0,1.0,3.0,0.0,0.0,4.49,3.82,1.79
E0,2019-08-11,Man United,Chelsea,1842.23,1887.01,2.0,2.0,5.0,6.0,4.0,0.0,H,1.0,0.0,H,11.0,18.0,5.0,7.0,15.0,13.0,3.0,5.0,3.0,4.0,0.0,0.0,2.19,3.32,3.49
E0,2019-08-17,Arsenal,Burnley,1876.8,1696.69,7.0,7.0,3.0,4.0,2.0,1.0,H,1.0,1.0,D,16.0,18.0,9.0,5.0,13.0,11.0,10.0,7.0,2.0,1.0,0.0,0.0,1.33,5.49,9.48
E0,2019-08-17,Aston Villa,Bournemouth,1614.07,1691.37,1.0,7.0,4.0,5.0,1.0,2.0,A,0.0,2.0,A,22.0,12.0,7.0,4.0,10.0,13.0,10.0,5.0,0.0,2.0,0.0,0.0,2.33,3.49,3.08
E0,2019-08-17,Brighton,West Ham,1640.38,1727.6,4.0,5.0,6.0,10.0,1.0,1.0,D,0.0,0.0,D,16.0,8.0,4.0,3.0,11.0,10.0,8.0,6.0,0.0,2.0,0.0,0.0,2.52,3.33,2.9
E0,2019-08-17,Everton,Watford,1774.9,1669.56,5.0,9.0,0.0,1.0,1.0,0.0,H,1.0,0.0,H,12.0,8.0,2.0,2.0,11.0,11.0,4.0,7.0,2.0,3.0,0.0,0.0,1.73,3.9,4.86
E0,2019-08-17,Norwich,Newcastle,1633.65,1714.03,6.0,8.0,3.0,7.0,3.0,1.0,H,1.0,0.0,H,15.0,10.0,8.0,3.0,9.0,11.0,7.0,5.0,1.0,3.0,0.0,0.0,2.23,3.38,3.38
E0,2019-08-17,Southampton,Liverpool,1667.12,2051.6,1.0,3.0,9.0,15.0,1.0,2.0,A,0.0,1.0,A,14.0,15.0,3.0,6.0,10.0,6.0,5.0,9.0,2.0,1.0,0.0,0.0,6.77,4.67,1.47
E0,2019-08-17,Man City,Tottenham,2047.48,1897.31,9.0,15.0,4.0,7.0,2.0,2.0,D,2.0,1.0,H,30.0,3.0,10.0,2.0,14.0,4.0,13.0,2.0,1.0,0.0,0.0,0.0,1.36,5.32,8.46
E0,2019-08-18,Sheffield United,Crystal Palace,1627.45,1745.66,5.0,11.0,7.0,11.0,1.0,0.0,H,0.0,0.0,D,15.0,6.0,3.0,4.0,16.0,11.0,8.0,4.0,3.0,1.0,0.0,0.0,2.57,3.19,2.95
E0,2019-08-18,Chelsea,Leicester,1872.04,1740.52,4.0,6.0,2.0,6.0,1.0,1.0,D,1.0,0.0,H,14.0,12.0,5.0,3.0,9.0,14.0,4.0,5.0,1.0,0.0,0.0,0.0,1.73,3.77,5.07
E0,2019-08-19,Wolves,Man United,1726.63,1857.55,4.0,10.0,4.0,5.0,1.0,1.0,D,0.0,1.0,A,6.0,9.0,2.0,2.0,17.0,8.0,4.0,6.0,2.0,2.0,0.0,0.0,3.32,3.28,2.3
E0,2019-08-23,Aston Villa,Everton,1614.07,1774.9,0.0,4.0,5.0,9.0,2.0,0.0,H,1.0,0.0,H,7.0,12.0,3.0,1.0,10.0,18.0,0.0,6.0,2.0,3.0,0.0,0.0,3.16,3.5,2.27
E0,2019-08-24,Norwich,Chelsea,1633.65,1872.04,6.0,10.0,2.0,6.0,2.0,3.0,A,2.0,2.0,D,6.0,23.0,5.0,8.0,9.0,9.0,1.0,8.0,1.0,1.0,0.0,0.0,4.18,3.92,1.83
E0,2019-08-24,Brighton,Southampton,1640.38,1667.12,4.0,6.0,1.0,2.0,0.0,2.0,A,0.0,0.0,D,12.0,12.0,3.0,4.0,9.0,10.0,8.0,5.0,1.0,3.0,1.0,0.0,2.43,3.25,3.08
E0,2019-08-24,Man United,Crystal Palace,1857.55,1745.66,4.0,6.0,4.0,8.0,1.0,2.0,A,0.0,1.0,A,22.0,5.0,3.0,3.0,8.0,18.0,8.0,1.0,2.0,4.0,0.0,0.0,1.36,5.06,9.16
E0,2019-08-24,Sheffield United,Leicester,1627.45,1740.52,5.0,11.0,3.0,6.0,1.0,2.0,A,0.0,1.0,A,8.0,10.0,3.0,2.0,11.0,6.0,7.0,4.0,1.0,0.0,0.0,0.0,3.45,3.23,2.26
E0,2019-08-24,Watford,West Ham,1669.56,1727.6,0.0,0.0,4.0,10.0,1.0,3.0,A,1.0,1.0,D,23.0,16.0,3.0,10.0,12.0,11.0,8.0,7.0,1.0,1.0,0.0,0.0,2.13,3.53,3.47
E0,2019-08-24,Liverpool,Arsenal,2051.6,1876.8,9.0,15.0,9.0,10.0,3.0,1.0,H,1.0,0.0,H,25.0,9.0,5.0,3.0,8.0,5.0,6.0,4.0,1.0,1.0,0.0,0.0,1.5,4.76,6.09
E0,2019-08-25,Bournemouth,Man City,1691.37,2047.48,4.0,8.0,7.0,13.0,1.0,3.0,A,1.0,2.0,A,10.0,19.0,7.0,5.0,7.0,13.0,4.0,5.0,1.0,3.0,0.0,0.0,14.52,7.28,1.19
E0,2019-08-25,Tottenham,Newcastle,1897.31,1714.03,5.0,5.0,3.0,4.0,0.0,1.0,A,0.0,1.0,A,17.0,8.0,2.0,3.0,10.0,5.0,6.0,6.0,2.0,2.0,0.0,0.0,1.24,6.26,12.35
E0,2019-08-25,Wolves,Burnley,1726.63,1696.69,2.0,8.0,3.0,3.0,1.0,1.0,D,0.0,1.0,A,17.0,13.0,2.0,4.0,9.0,11.0,4.0,3.0,0.0,2.0,0.0,0.0,1.85,3.43,4.78
E0,2019-08-31,Southampton,Man United,1667.12,1857.55,3.0,4.0,4.0,5.0,1.0,1.0,D,0.0,1.0,A,10.0,21.0,2.0,8.0,17.0,7.0,2.0,3.0,1.0,2.0,1.0,0.0,3.75,3.38,2.1
E0,2019-08-31,Chelsea,Sheffield United,1872.04,1627.45,4.0,8.0,4.0,8.0,2.0,2.0,D,2.0,0.0,H,13.0,8.0,5.0,2.0,6.0,11.0,3.0,4.0,0.0,1.0,0.0,0.0,1.36,4.98,9.53
E0,2019-08-31,Crystal Palace,Aston Villa,1745.66,1614.07,4.0,10.0,3.0,4.0,1.0,0.0,H,0.0,0.0,D,22.0,10.0,5.0,2.0,15.0,16.0,13.0,2.0,2.0,4.0,0.0,1.0,2.21,3.38,3.43
E0,2019-08-31,Leicester,Bournemouth,1740.52,1691.37,5.0,6.0,4.0,7.0,3.0,1.0,H,2.0,1.0,H,13.0,8.0,5.0,2.0,9.0,11.0,4.0,5.0,1.0,3.0,0.0,0.0,1.72,4.02,4.81
E0,2019-08-31,Man City,Brighton,2047.48,1640.38,7.0,13.0,4.0,5.0,4.0,0.0,H,2.0,0.0,H,15.0,6.0,6.0,2.0,10.0,6.0,8.0,1.0,1.0,1.0,0.0,0.0,1.09,11.73,30.92
E0,2019-08-31,Newcastle,Watford,1714.03,1669.56,3.0,6.0,0.0,0.0,1.0,1.0,D,1.0,1.0,D,13.0,13.0,5.0,3.0,5.0,11.0,6.0,5.0,2.0,3.0,0.0,0.0,2.63,3.24,2.86
E0,2019-08-31,West Ham,Norwich,1727.6,1633.65,4.0,10.0,3.0,9.0,2.0,0.0,H,1.0,0.0,H,18.0,8.0,8.0,3.0,16.0,10.0,8.0,2.0,2.0,1.0,0.0,0.0,1.89,3.91,3.92
E0,2019-08-31,Burnley,Liverpool,1696.69,2051.6,4.0,4.0,9.0,15.0,0.0,3.0,A,0.0,2.0,A,7.0,15.0,2.0,7.0,10.0,16.0,6.0,4.0,0.0,0.0,0.0,0.0,9.45,5.43,1.33
E0,2019-09-01,Everton,Wolves,1768.16,1742.96,4.0,8.0,3.0,6.0,3.0,2.0,H,2.0,1.0,H,15.0,8.0,6.0,5.0,12.0,12.0,7.0,7.0,1.0,4.0,0.0,1.0,2.17,3.29,3.65
E0,2019-09-01,Arsenal,Tottenham,1879.97,1892.84,6.0,10.0,4.0,5.0,2.0,2.0,D,1.0,2.0,A,26.0,13.0,8.0,9.0,13.0,19.0,11.0,6.0,3.0,5.0,0.0,0.0,2.38,3.63,2.9
E0,2019-09-14,Liverpool,Newcastle,2065.0,1717.12,9.0,15.0,4.0,7.0,3.0,1.0,H,2.0,1.0,H,21.0,8.0,9.0,1.0,5.0,4.0,10.0,1.0,0.0,0.0,0.0,0.0,1.15,8.27,19.45
E0,2019-09-14,Brighton,Burnley,1630.69,1697.65,1.0,4.0,1.0,4.0,1.0,1.0,D,0.0,0.0,D,14.0,7.0,5.0,1.0,13.0,7.0,3.0,6.0,0.0,2.0,0.0,0.0,2.15,3.34,3.62
E0,2019-09-14,Man United,Leicester,1844.43,1764.16,2.0,5.0,7.0,9.0,1.0,0.0,H,1.0,0.0,H,10.0,9.0,5.0,3.0,14.0,14.0,3.0,9.0,1.0,2.0,0.0,0.0,1.94,3.55,4.12
E0,2019-09-14,Sheffield United,Southampton,1641.1,1685.63,4.0,6.0,4.0,5.0,0.0,1.0,A,0.0,0.0,D,17.0,11.0,4.0,7.0,10.0,7.0,12.0,6.0,1.0,1.0,1.0,0.0,2.46,3.26,3.06
E0,2019-09-14,Tottenham,Crystal Palace,1892.84,1756.89,2.0,6.0,6.0,10.0,4.0,0.0,H,4.0,0.0,H,13.0,11.0,5.0,6.0,19.0,11.0,4.0,3.0,4.0,2.0,0.0,0.0,1.39,5.0,8.24
E0,2019-09-14,Wolves,Chelsea,1742.96,1868.36,2.0,3.0,5.0,6.0,2.0,5.0,A,0.0,3.0,A,11.0,15.0,4.0,6.0,8.0,11.0,7.0,5.0,1.0,2.0,0.0,0.0,2.97,3.36,2.46
E0,2019-09-14,Norwich,Man City,1639.79,2050.77,3.0,6.0,7.0,13.0,3.0,2.0,H,2.0,1.0,H,7.0,25.0,3.0,8.0,8.0,7.0,3.0,16.0,3.0,1.0,0.0,0.0,17.04,9.03,1.15
E0,2019-09-15,Bournemouth,Everton,1692.85,1774.09,3.0,4.0,6.0,8.0,3.0,1.0,H,1.0,1.0,D,13.0,14.0,6.0,5.0,5.0,14.0,7.0,7.0,0.0,4.0,0.0,0.0,3.01,3.48,2.37
E0,2019-09-15,Watford,Arsenal,1661.65,1878.59,1.0,1.0,4.0,10.0,2.0,2.0,D,0.0,2.0,A,31.0,10.0,7.0,4.0,14.0,4.0,7.0,1.0,3.0,3.0,0.0,0.0,3.64,3.74,2.01
E0,2019-09-16,Aston Villa,West Ham,1622.26,1748.57,3.0,3.0,7.0,10.0,0.0,0.0,D,0.0,0.0,D,10.0,13.0,5.0,1.0,13.0,12.0,2.0,4.0,2.0,1.0,0.0,1.0,2.64,3.56,2.63
E0,2019-09-20,Southampton,Bournemouth,1694.12,1692.85,7.0,7.0,3.0,7.0,1.0,3.0,A,0.0,2.0,A,25.0,6.0,6.0,3.0,8.0,9.0,4.0,5.0,1.0,3.0,0.0,0.0,2.1,3.62,3.5
E0,2019-09-21,Leicester,Tottenham,1759.47,1901.34,6.0,8.0,4.0,8.0,2.0,1.0,H,0.0,1.0,A,16.0,11.0,7.0,4.0,16.0,13.0,8.0,2.0,1.0,2.0,0.0,0.0,2.87,3.5,2.45
E0,2019-09-21,Burnley,Norwich,1697.48,1655.46,2.0,5.0,3.0,6.0,2.0,0.0,H,2.0,0.0,H,13.0,11.0,6.0,2.0,11.0,10.0,7.0,3.0,0.0,1.0,0.0,0.0,1.99,3.76,3.67
E0,2019-09-21,Everton,Sheffield United,1774.09,1632.61,3.0,7.0,1.0,5.0,0.0,2.0,A,0.0,1.0,A,16.0,2.0,3.0,1.0,9.0,9.0,12.0,3.0,1.0,3.0,0.0,0.0,1.67,3.8,5.58
E0,2019-09-21,Man City,Watford,2035.1,1661.65,6.0,10.0,2.0,2.0,8.0,0.0,H,5.0,0.0,H,28.0,5.0,11.0,4.0,5.0,9.0,5.0,4.0,2.0,2.0,0.0,0.0,1.11,10.24,23.21
E0,2019-09-21,Newcastle,Brighton,1715.51,1630.85,4.0,4.0,1.0,5.0,0.0,0.0,D,0.0,0.0,D,11.0,16.0,4.0,3.0,12.0,8.0,5.0,3.0,2.0,1.0,0.0,0.0,2.5,3.16,3.07
E0,2019-09-22,Crystal Palace,Wolves,1749.76,1726.18,6.0,7.0,1.0,3.0,1.0,1.0,D,0.0,0.0,D,13.0,14.0,4.0,4.0,7.0,10.0,6.0,7.0,2.0,1.0,0.0,1.0,2.64,3.11,2.93
E0,2019-09-22,West Ham,Man United,1748.57,1849.11,7.0,8.0,4.0,8.0,2.0,0.0,H,1.0,0.0,H,8.0,9.0,6.0,3.0,8.0,9.0,3.0,7.0,2.0,2.0,0.0,0.0,3.24,3.59,2.21
E0,2019-09-22,Arsenal,Aston Villa,1878.59,1622.26,2.0,8.0,4.0,4.0,3.0,2.0,H,0.0,1.0,A,21.0,14.0,6.0,9.0,13.0,15.0,9.0,4.0,5.0,1.0,1.0,0.0,1.42,4.9,7.49
E0,2019-09-22,Chelsea,Liverpool,1879.2,2066.6,7.0,8.0,9.0,15.0,1.0,2.0,A,0.0,2.0,A,13.0,6.0,2.0,3.0,8.0,13.0,6.0,4.0,3.0,3.0,0.0,0.0,3.58,3.69,2.04
E0,2019-09-28,Sheffield United,Liverpool,1632.61,2066.6,4.0,7.0,9.0,15.0,0.0,1.0,A,0.0,0.0,D,12.0,16.0,2.0,4.0,8.0,4.0,6.0,5.0,1.0,1.0,0.0,0.0,8.9,5.17,1.36
E0,2019-09-28,Aston Villa,Burnley,1622.26,1697.48,1.0,4.0,4.0,5.0,2.0,2.0,D,1.0,0.0,H,16.0,10.0,3.0,3.0,10.0,16.0,7.0,3.0,1.0,4.0,0.0,0.0,2.38,3.38,3.08
E0,2019-09-28,Bournemouth,West Ham,1692.85,1748.57,6.0,9.0,7.0,11.0,2.0,2.0,D,1.0,1.0,D,13.0,17.0,5.0,6.0,7.0,8.0,6.0,6.0,3.0,1.0,0.0,0.0,2.48,3.56,2.79
E0,2019-09-28,Chelsea,Brighton,1879.2,1630.85,4.0,8.0,2.0,3.0,2.0,0.0,H,0.0,0.0,D,24.0,8.0,10.0,1.0,5.0,13.0,5.0,2.0,2.0,3.0,0.0,0.0,1.44,4.64,7.64
E0,2019-09-28,Crystal Palace,Norwich,1749.76,1655.46,4.0,7.0,3.0,6.0,2.0,0.0,H,1.0,0.0,H,15.0,10.0,3.0,3.0,14.0,10.0,5.0,5.0,3.0,1.0,0.0,0.0,1.94,3.75,3.88
E0,2019-09-28,Tottenham,Southampton,1901.34,1694.12,4.0,5.0,4.0,7.0,2.0,1.0,H,2.0,1.0,H,9.0,14.0,4.0,6.0,5.0,16.0,6.0,6.0,0.0,2.0,1.0,0.0,1.44,4.67,7.61
E0,2019-09-28,Wolves,Watford,1726.18,1661.65,1.0,3.0,2.0,2.0,2.0,0.0,H,1.0,0.0,H,6.0,14.0,2.0,5.0,5.0,6.0,1.0,6.0,0.0,1.0,0.0,0.0,1.89,3.49,4.46
E0,2019-09-28,Everton,Man City,1774.09,2035.1,3.0,6.0,6.0,10.0,1.0,3.0,A,1.0,1.0,D,12.0,20.0,8.0,9.0,4.0,8.0,5.0,2.0,2.0,2.0,0.0,0.0,9.84,5.86,1.3
E0,2019-09-29,Leicester,Newcastle,1759.47,1715.51,6.0,10.0,2.0,5.0,5.0,0.0,H,1.0,0.0,H,13.0,3.0,5.0,0.0,12.0,9.0,9.0,0.0,1.0,1.0,0.0,1.0,1.53,4.09,7.06
E0,2019-09-30,Man United,Arsenal,1849.11,1878.59,4.0,5.0,5.0,8.0,1.0,1.0,D,1.0,0.0,H,16.0,10.0,4.0,5.0,18.0,13.0,8.0,7.0,4.0,2.0,0.0,0.0,2.36,3.53,2.99
E0,2019-10-05,Brighton,Tottenham,1623.6,1883.08,2.0,2.0,6.0,7.0,3.0,0.0,H,2.0,0.0,H,17.0,8.0,6.0,3.0,11.0,7.0,4.0,4.0,2.0,1.0,0.0,0.0,3.9,3.63,1.96
E0,2019-10-05,Burnley,Everton,1696.42,1732.17,5.0,6.0,0.0,3.0,1.0,0.0,H,0.0,0.0,D,9.0,11.0,3.0,2.0,5.0,12.0,7.0,9.0,2.0,1.0,0.0,1.0,2.93,3.3,2.52
E0,2019-10-05,Liverpool,Leicester,2047.68,1773.47,9.0,15.0,6.0,12.0,2.0,1.0,H,1.0,0.0,H,18.0,2.0,8.0,1.0,9.0,17.0,4.0,6.0,1.0,4.0,0.0,0.0,1.46,4.66,7.0
E0,2019-10-05,Norwich,Aston Villa,1633.81,1614.97,3.0,3.0,2.0,5.0,1.0,5.0,A,0.0,2.0,A,21.0,22.0,5.0,12.0,14.0,17.0,10.0,6.0,1.0,3.0,0.0,0.0,2.41,3.6,2.85
E0,2019-10-05,Watford,Sheffield United,1647.78,1641.03,1.0,2.0,3.0,4.0,0.0,0.0,D,0.0,0.0,D,8.0,9.0,2.0,3.0,7.0,6.0,7.0,7.0,0.0,2.0,0.0,0.0,2.14,3.38,3.58
E0,2019-10-05,West Ham,Crystal Palace,1752.27,1745.09,5.0,11.0,4.0,10.0,1.0,2.0,A,0.0,0.0,D,9.0,7.0,4.0,4.0,11.0,7.0,2.0,2.0,3.0,2.0,0.0,0.0,2.0,3.58,3.8
E0,2019-10-06,Arsenal,Bournemouth,1880.61,1709.39,5.0,6.0,7.0,7.0,1.0,0.0,H,1.0,0.0,H,12.0,10.0,2.0,2.0,12.0,6.0,14.0,5.0,1.0,2.0,0.0,0.0,1.45,4.97,6.68
E0,2019-10-06,Man City,Wolves,2040.0,1715.67,6.0,12.0,4.0,5.0,0.0,2.0,A,0.0,0.0,D,18.0,7.0,2.0,2.0,11.0,14.0,9.0,1.0,5.0,2.0,0.0,0.0,1.13,9.26,21.61
E0,2019-10-06,Southampton,Chelsea,1670.57,1857.51,3.0,7.0,6.0,10.0,1.0,4.0,A,1.0,3.0,A,10.0,13.0,3.0,7.0,8.0,15.0,3.0,4.0,0.0,1.0,0.0,0.0,4.02,3.84,1.87
E0,2019-10-06,Newcastle,Man United,1691.68,1828.96,1.0,5.0,4.0,5.0,1.0,0.0,H,0.0,0.0,D,12.0,12.0,2.0,3.0,12.0,10.0,4.0,6.0,3.0,3.0,0.0,0.0,4.42,3.44,1.9
E0,2019-10-19,Everton,West Ham,1723.21,1741.14,0.0,3.0,4.0,8.0,2.0,0.0,H,1.0,0.0,H,19.0,8.0,10.0,4.0,15.0,15.0,11.0,2.0,2.0,2.0,0.0,0.0,1.97,3.71,3.81
E0,2019-10-19,Aston Villa,Brighton,1633.26,1643.92,4.0,5.0,4.0,5.0,2.0,1.0,H,1.0,1.0,D,24.0,20.0,8.0,5.0,9.0,17.0,7.0,5.0,1.0,2.0,0.0,1.0,2.38,3.43,3.05
E0,2019-10-19,Bournemouth,Norwich,1705.13,1612.47,4.0,7.0,0.0,3.0,0.0,0.0,D,0.0,0.0,D,11.0,10.0,2.0,1.0,8.0,11.0,6.0,7.0,1.0,3.0,0.0,0.0,1.73,4.33,4.35
E0,2019-10-19,Chelsea,Newcastle,1869.82,1700.29,6.0,10.0,4.0,5.0,1.0,0.0,H,0.0,0.0,D,16.0,5.0,8.0,0.0,9.0,12.0,11.0,0.0,2.0,1.0,0.0,0.0,1.31,5.62,10.38
E0,2019-10-19,Leicester,Burnley,1770.26,1702.32,6.0,9.0,7.0,8.0,2.0,1.0,H,1.0,1.0,D,19.0,13.0,3.0,4.0,4.0,10.0,9.0,4.0,0.0,3.0,0.0,0.0,1.57,4.09,6.37
E0,2019-10-19,Tottenham,Watford,1840.65,1644.38,3.0,7.0,1.0,3.0,1.0,1.0,D,0.0,1.0,A,12.0,7.0,2.0,2.0,5.0,9.0,11.0,2.0,4.0,3.0,0.0,0.0,1.42,4.9,7.48
E0,2019-10-19,Wolves,Southampton,1742.24,1660.67,7.0,7.0,0.0,4.0,1.0,1.0,D,0.0,0.0,D,4.0,14.0,1.0,5.0,10.0,17.0,1.0,3.0,3.0,2.0,0.0,0.0,1.85,3.58,4.52
E0,2019-10-19,Crystal Palace,Man City,1753.17,2017.58,7.0,10.0,6.0,9.0,0.0,2.0,A,0.0,2.0,A,7.0,21.0,2.0,10.0,8.0,10.0,1.0,8.0,1.0,1.0,0.0,0.0,11.88,6.72,1.24
E0,2019-10-20,Man United,Liverpool,1814.12,2049.65,1.0,5.0,9.0,15.0,1.0,1.0,D,1.0,0.0,H,7.0,10.0,2.0,4.0,6.0,14.0,3.0,1.0,0.0,1.0,0.0,0.0,5.03,3.96,1.7
E0,2019-10-21,Sheffield United,Arsenal,1641.38,1884.89,4.0,5.0,7.0,9.0,1.0,0.0,H,1.0,0.0,H,8.0,9.0,2.0,3.0,10.0,12.0,7.0,12.0,4.0,4.0,0.0,0.0,3.88,3.79,1.93
E0,2019-10-25,Southampton,Leicester,1660.67,1770.26,1.0,4.0,6.0,9.0,0.0,9.0,A,0.0,5.0,A,6.0,25.0,3.0,15.0,3.0,12.0,2.0,7.0,0.0,0.0,1.0,0.0,3.2,3.34,2.36
E0,2019-10-26,Man City,Aston Villa,2017.58,1633.26,6.0,9.0,7.0,8.0,3.0,0.0,H,0.0,0.0,D,25.0,11.0,9.0,5.0,10.0,5.0,13.0,7.0,1.0,1.0,1.0,0.0,1.09,11.64,28.3
E0,2019-10-26,Brighton,Everton,1643.92,1723.21,3.0,5.0,3.0,3.0,3.0,2.0,H,1.0,1.0,D,8.0,10.0,4.0,6.0,12.0,12.0,0.0,5.0,2.0,1.0,0.0,0.0,2.87,3.3,2.58
E0,2019-10-26,Watford,Bournemouth,1644.38,1705.13,2.0,3.0,2.0,8.0,0.0,0.0,D,0.0,0.0,D,7.0,15.0,3.0,5.0,14.0,8.0,5.0,10.0,5.0,3.0,0.0,0.0,2.19,3.53,3.31
E0,2019-10-26,West Ham,Sheffield United,1741.14,1641.38,1.0,5.0,4.0,7.0,1.0,1.0,D,1.0,0.0,H,12.0,10.0,4.0,4.0,7.0,10.0,10.0,4.0,2.0,2.0,0.0,0.0,2.11,3.46,3.6
E0,2019-10-26,Burnley,Chelsea,1702.32,1869.82,4.0,8.0,9.0,12.0,2.0,4.0,A,0.0,2.0,A,13.0,16.0,5.0,7.0,7.0,8.0,5.0,6.0,3.0,2.0,0.0,0.0,4.53,4.02,1.75
E0,2019-10-27,Newcastle,Wolves,1700.29,1742.24,3.0,4.0,7.0,8.0,1.0,1.0,D,1.0,0.0,H,13.0,13.0,2.0,5.0,8.0,15.0,3.0,6.0,2.0,2.0,1.0,0.0,3.02,3.09,2.59
E0,2019-10-27,Arsenal,Crystal Palace,1884.89,1753.17,4.0,8.0,6.0,7.0,2.0,2.0,D,2.0,1.0,H,15.0,10.0,6.0,4.0,18.0,9.0,12.0,5.0,2.0,0.0,0.0,0.0,1.49,4.63,6.49
E0,2019-10-27,Liverpool,Tottenham,2049.65,1840.65,7.0,13.0,4.0,7.0,2.0,1.0,H,0.0,1.0,A,21.0,11.0,13.0,4.0,9.0,11.0,8.0,3.0,3.0,3.0,0.0,0.0,1.54,4.45,6.11
E0,2019-10-27,Norwich,Man United,1612.47,1814.12,1.0,4.0,2.0,5.0,1.0,3.0,A,0.0,2.0,A,10.0,21.0,3.0,11.0,13.0,10.0,1.0,10.0,2.0,2.0,0.0,0.0,4.36,3.91,1.8
E0,2019-11-02,Bournemouth,Man United,1710.52,1837.1,2.0,6.0,4.0,5.0,1.0,0.0,H,1.0,0.0,H,12.0,15.0,6.0,4.0,14.0,12.0,4.0,10.0,4.0,3.0,0.0,0.0,3.33,3.55,2.19
E0,2019-11-02,Arsenal,Wolves,1877.68,1750.68,4.0,8.0,5.0,9.0,1.0,1.0,D,1.0,0.0,H,10.0,25.0,4.0,8.0,6.0,15.0,8.0,9.0,0.0,2.0,0.0,0.0,1.78,3.8,4.65
E0,2019-11-02,Aston Villa,Liverpool,1647.74,2059.16,6.0,7.0,7.0,13.0,1.0,2.0,A,1.0,0.0,H,5.0,25.0,2.0,6.0,12.0,9.0,2.0,10.0,1.0,2.0,0.0,0.0,8.4,5.37,1.36
E0,2019-11-02,Brighton,Norwich,1655.21,1619.16,6.0,7.0,1.0,1.0,2.0,0.0,H,0.0,0.0,D,21.0,7.0,5.0,0.0,11.0,8.0,8.0,3.0,0.0,1.0,0.0,0.0,1.71,4.17,4.65
E0,2019-11-02,Man City,Southampton,2035.76,1652.91,6.0,12.0,1.0,1.0,2.0,1.0,H,0.0,1.0,A,26.0,3.0,4.0,3.0,11.0,10.0,17.0,0.0,3.0,1.0,0.0,0.0,1.08,11.99,29.72
E0,2019-11-02,Sheffield United,Burnley,1666.69,1699.39,5.0,8.0,3.0,7.0,3.0,0.0,H,3.0,0.0,H,13.0,6.0,6.0,0.0,8.0,12.0,7.0,6.0,1.0,2.0,0.0,0.0,2.26,3.22,3.46
E0,2019-11-02,West Ham,Newcastle,1736.68,1705.74,1.0,5.0,4.0,5.0,2.0,3.0,A,0.0,2.0,A,16.0,12.0,6.0,9.0,10.0,7.0,7.0,3.0,2.0,1.0,0.0,0.0,1.79,3.82,4.55
E0,2019-11-02,Watford,Chelsea,1659.41,1899.36,3.0,3.0,9.0,12.0,1.0,2.0,A,0.0,1.0,A,12.0,16.0,3.0,10.0,8.0,5.0,1.0,6.0,4.0,2.0,0.0,0.0,4.99,4.24,1.65
E0,2019-11-03,Crystal Palace,Leicester,1762.57,1805.15,4.0,8.0,6.0,12.0,0.0,2.0,A,0.0,0.0,D,12.0,14.0,3.0,5.0,15.0,16.0,5.0,6.0,2.0,2.0,0.0,0.0,3.5,3.38,2.17
E0,2019-11-03,Everton,Tottenham,1733.11,1848.2,3.0,3.0,1.0,4.0,1.0,1.0,D,0.0,0.0,D,7.0,4.0,3.0,2.0,9.0,8.0,5.0,2.0,1.0,2.0,0.0,1.0,2.73,3.49,2.57
E0,2019-11-08,Norwich,Watford,1619.16,1659.41,1.0,1.0,2.0,3.0,0.0,2.0,A,0.0,1.0,A,17.0,12.0,5.0,2.0,7.0,13.0,10.0,4.0,1.0,2.0,0.0,1.0,2.68,3.57,2.6
E0,2019-11-09,Chelsea,Crystal Palace,1899.36,1762.57,9.0,15.0,1.0,7.0,2.0,0.0,H,0.0,0.0,D,23.0,3.0,5.0,1.0,9.0,17.0,7.0,0.0,3.0,2.0,0.0,0.0,1.34,5.35,9.29
E0,2019-11-09,Burnley,West Ham,1699.39,1736.68,0.0,4.0,1.0,2.0,3.0,0.0,H,2.0,0.0,H,14.0,7.0,12.0,4.0,17.0,10.0,11.0,4.0,2.0,1.0,0.0,0.0,2.27,3.55,3.13
E0,2019-11-09,Newcastle,Bournemouth,1705.74,1710.52,4.0,7.0,5.0,6.0,2.0,1.0,H,1.0,1.0,D,20.0,16.0,9.0,3.0,10.0,5.0,5.0,4.0,2.0,0.0,0.0,0.0,2.64,3.21,2.84
E0,2019-11-09,Southampton,Everton,1652.91,1733.11,1.0,1.0,4.0,4.0,1.0,2.0,A,0.0,1.0,A,4.0,24.0,3.0,5.0,12.0,12.0,5.0,9.0,1.0,1.0,0.0,0.0,2.96,3.37,2.44
E0,2019-11-09,Tottenham,Sheffield United,1848.2,1666.69,2.0,5.0,7.0,8.0,1.0,1.0,D,0.0,0.0,D,17.0,14.0,5.0,4.0,6.0,9.0,4.0,4.0,2.0,2.0,0.0,0.0,1.58,4.14,6.02
E0,2019-11-09,Leicester,Arsenal,1805.15,1877.68,9.0,12.0,2.0,6.0,2.0,0.0,H,0.0,0.0,D,19.0,8.0,7.0,1.0,10.0,10.0,5.0,4.0,1.0,1.0,0.0,0.0,1.99,3.78,3.62
E0,2019-11-10,Man United,Brighton,1837.1,1655.21,4.0,5.0,6.0,9.0,3.0,1.0,H,2.0,0.0,H,21.0,6.0,11.0,2.0,10.0,14.0,5.0,2.0,2.0,5.0,0.0,0.0,1.67,3.67,5.82
E0,2019-11-10,Wolves,Aston Villa,1750.68,1647.74,3.0,9.0,3.0,7.0,2.0,1.0,H,1.0,0.0,H,17.0,13.0,5.0,4.0,17.0,8.0,6.0,3.0,4.0,3.0,0.0,0.0,1.9,3.6,4.24
E0,2019-11-10,Liverpool,Man City,2059.16,2035.76,7.0,13.0,9.0,12.0,3.0,1.0,H,2.0,0.0,H,12.0,18.0,5.0,3.0,10.0,5.0,4.0,13.0,0.0,2.0,0.0,0.0,2.56,3.58,2.68
E0,2019-11-23,West Ham,Tottenham,1713.09,1851.82,1.0,1.0,2.0,3.0,2.0,3.0,A,0.0,2.0,A,11.0,15.0,4.0,6.0,12.0,14.0,3.0,7.0,3.0,2.0,0.0,0.0,4.32,4.14,1.75
E0,2019-11-23,Arsenal,Southampton,1855.17,1644.41,2.0,5.0,0.0,1.0,2.0,2.0,D,1.0,1.0,D,12.0,21.0,5.0,6.0,13.0,19.0,6.0,8.0,6.0,2.0,0.0,0.0,1.47,4.75,6.55
E0,2019-11-23,Bournemouth,Wolves,1713.38,1760.56,4.0,5.0,5.0,9.0,1.0,2.0,A,0.0,2.0,A,9.0,17.0,2.0,7.0,10.0,12.0,5.0,9.0,2.0,1.0,1.0,0.0,2.82,3.3,2.59
E0,2019-11-23,Brighton,Leicester,1658.38,1827.72,6.0,9.0,9.0,12.0,0.0,2.0,A,0.0,0.0,D,7.0,19.0,0.0,9.0,9.0,1.0,6.0,7.0,2.0,0.0,0.0,0.0,3.69,3.53,2.04
E0,2019-11-23,Crystal Palace,Liverpool,1745.7,2068.91,1.0,4.0,9.0,13.0,1.0,2.0,A,0.0,0.0,D,16.0,12.0,6.0,4.0,8.0,7.0,9.0,8.0,0.0,1.0,0.0,0.0,7.33,4.62,1.45
E0,2019-11-23,Everton,Norwich,1741.82,1599.45,4.0,7.0,0.0,1.0,0.0,2.0,A,0.0,0.0,D,18.0,13.0,7.0,5.0,12.0,11.0,7.0,7.0,3.0,5.0,0.0,0.0,1.4,5.0,7.73
E0,2019-11-23,Watford,Burnley,1667.12,1699.41,4.0,6.0,3.0,6.0,0.0,3.0,A,0.0,0.0,D,15.0,11.0,4.0,5.0,14.0,13.0,7.0,5.0,0.0,3.0,0.0,0.0,2.33,3.31,3.2
E0,2019-11-23,Man City,Chelsea,2022.6,1904.98,6.0,9.0,9.0,15.0,2.0,1.0,H,2.0,1.0,H,15.0,11.0,4.0,2.0,5.0,9.0,8.0,2.0,1.0,1.0,0.0,0.0,1.45,4.96,6.64
E0,2019-11-24,Sheffield United,Man United,1685.04,1833.66,5.0,9.0,6.0,7.0,3.0,3.0,D,1.0,0.0,H,12.0,11.0,8.0,5.0,13.0,10.0,6.0,3.0,1.0,2.0,0.0,0.0,3.55,3.28,2.18
E0,2019-11-25,Aston Villa,Newcastle,1642.02,1722.82,0.0,6.0,7.0,10.0,2.0,0.0,H,2.0,0.0,H,17.0,11.0,8.0,5.0,10.0,9.0,11.0,6.0,1.0,1.0,0.0,0.0,2.11,3.46,3.55
E0,2019-11-30,Newcastle,Man City,1722.82,2022.6,6.0,7.0,6.0,12.0,2.0,2.0,D,1.0,1.0,D,6.0,24.0,3.0,9.0,4.0,6.0,1.0,10.0,1.0,2.0,0.0,0.0,15.11,7.59,1.18
E0,2019-11-30,Burnley,Crystal Palace,1699.41,1745.7,6.0,6.0,0.0,1.0,0.0,2.0,A,0.0,1.0,A,15.0,7.0,4.0,2.0,13.0,10.0,5.0,6.0,2.0,0.0,0.0,0.0,2.31,3.26,3.3
E0,2019-11-30,Chelsea,West Ham,1904.98,1713.09,6.0,12.0,0.0,1.0,0.0,1.0,A,0.0,0.0,D,19.0,5.0,6.0,4.0,0.0,16.0,9.0,3.0,0.0,3.0,0.0,0.0,1.3,5.94,9.63
E0,2019-11-30,Liverpool,Brighton,2068.91,1658.38,9.0,13.0,3.0,6.0,2.0,1.0,H,2.0,0.0,H,15.0,12.0,7.0,5.0,3.0,10.0,4.0,5.0,0.0,0.0,1.0,0.0,1.21,6.85,14.67
E0,2019-11-30,Tottenham,Bournemouth,1851.82,1713.38,5.0,6.0,3.0,5.0,3.0,2.0,H,1.0,0.0,H,15.0,20.0,5.0,6.0,10.0,12.0,4.0,8.0,0.0,2.0,0.0,0.0,1.38,5.19,7.86
E0,2019-11-30,Southampton,Watford,1644.41,1667.12,1.0,2.0,3.0,5.0,2.0,1.0,H,0.0,1.0,A,11.0,6.0,6.0,3.0,6.0,10.0,6.0,7.0,1.0,0.0,0.0,0.0,2.12,3.5,3.51
E0,2019-12-01,Norwich,Arsenal,1604.77,1823.33,3.0,4.0,2.0,3.0,2.0,2.0,D,2.0,1.0,H,15.0,16.0,8.0,7.0,8.0,10.0,7.0,12.0,2.0,1.0,0.0,0.0,4.14,4.22,1.77
E0,2019-12-01,Wolves,Sheffield United,1753.9,1674.7,7.0,9.0,5.0,9.0,1.0,1.0,D,0.0,1.0,A,13.0,9.0,3.0,4.0,12.0,18.0,7.0,2.0,1.0,4.0,0.0,0.0,1.92,3.43,4.35
E0,2019-12-01,Leicester,Everton,1822.53,1710.86,9.0,15.0,4.0,7.0,2.0,1.0,H,0.0,1.0,A,16.0,11.0,6.0,3.0,7.0,9.0,4.0,4.0,0.0,1.0,0.0,0.0,1.64,4.08,5.33
E0,2019-12-01,Man United,Aston Villa,1803.6,1641.39,4.0,8.0,3.0,6.0,2.0,2.0,D,1.0,1.0,D,16.0,9.0,6.0,3.0,16.0,8.0,9.0,9.0,4.0,1.0,0.0,0.0,1.49,4.38,7.08
E0,2019-12-03,Crystal Palace,Bournemouth,1742.87,1689.08,3.0,4.0,0.0,4.0,1.0,0.0,H,0.0,0.0,D,7.0,6.0,2.0,3.0,6.0,15.0,6.0,9.0,3.0,3.0,1.0,0.0,2.24,3.38,3.34
E0,2019-12-03,Burnley,Man City,1689.26,2000.07,6.0,6.0,4.0,10.0,1.0,4.0,A,0.0,1.0,A,4.0,17.0,2.0,8.0,9.0,6.0,3.0,6.0,1.0,1.0,0.0,0.0,11.59,6.41,1.25
E0,2019-12-04,Chelsea,Aston Villa,1873.69,1641.39,3.0,9.0,4.0,4.0,2.0,1.0,H,1.0,1.0,D,25.0,9.0,9.0,3.0,18.0,10.0,9.0,5.0,2.0,1.0,0.0,0.0,1.3,5.85,9.89
E0,2019-12-04,Leicester,Watford,1822.53,1632.59,9.0,15.0,3.0,4.0,2.0,0.0,H,0.0,0.0,D,12.0,4.0,6.0,1.0,13.0,16.0,7.0,2.0,3.0,2.0,0.0,0.0,1.36,5.13,8.81
E0,2019-12-04,Man United,Tottenham,1803.6,1852.07,5.0,8.0,7.0,8.0,2.0,1.0,H,1.0,1.0,D,12.0,8.0,7.0,5.0,9.0,9.0,4.0,3.0,0.0,1.0,0.0,0.0,2.69,3.47,2.61
E0,2019-12-04,Southampton,Norwich,1644.65,1604.77,4.0,4.0,4.0,4.0,2.0,1.0,H,2.0,0.0,H,14.0,10.0,5.0,3.0,12.0,7.0,6.0,1.0,1.0,1.0,0.0,0.0,1.78,3.99,4.35
E0,2019-12-04,Wolves,West Ham,1753.9,1707.99,7.0,9.0,3.0,4.0,2.0,0.0,H,1.0,0.0,H,13.0,6.0,7.0,3.0,8.0,9.0,5.0,4.0,1.0,2.0,0.0,0.0,1.77,3.73,4.74
E0,2019-12-04,Liverpool,Everton,2051.72,1710.86,9.0,15.0,3.0,4.0,5.0,2.0,H,4.0,2.0,H,11.0,12.0,5.0,4.0,13.0,17.0,5.0,6.0,1.0,2.0,0.0,0.0,1.39,4.99,8.28
E0,2019-12-05,Sheffield United,Newcastle,1674.7,1703.88,3.0,7.0,4.0,8.0,0.0,2.0,A,0.0,1.0,A,13.0,6.0,6.0,4.0,10.0,6.0,8.0,1.0,2.0,0.0,0.0,0.0,1.86,3.45,4.62
E0,2019-12-05,Arsenal,Brighton,1823.33,1637.17,2.0,4.0,0.0,6.0,1.0,2.0,A,0.0,1.0,A,12.0,20.0,5.0,9.0,10.0,11.0,9.0,9.0,3.0,1.0,0.0,0.0,1.61,4.23,5.41
E0,2019-12-07,Everton,Chelsea,1710.86,1873.69,0.0,4.0,3.0,9.0,3.0,1.0,H,1.0,0.0,H,13.0,15.0,7.0,4.0,14.0,9.0,1.0,5.0,3.0,0.0,0.0,0.0,3.52,3.8,2.02
E0,2019-12-07,Bournemouth,Liverpool,1689.08,2051.72,0.0,3.0,9.0,15.0,0.0,3.0,A,0.0,2.0,A,3.0,21.0,0.0,9.0,5.0,6.0,1.0,3.0,0.0,1.0,0.0,0.0,7.01,5.03,1.42
E0,2019-12-07,Tottenham,Burnley,1852.07,1689.26,6.0,8.0,3.0,6.0,5.0,0.0,H,3.0,0.0,H,13.0,7.0,7.0,1.0,12.0,8.0,1.0,1.0,1.0,1.0,0.0,0.0,1.41,4.82,7.98
E0,2019-12-07,Watford,Crystal Palace,1632.59,1742.87,0.0,3.0,6.0,6.0,0.0,0.0,D,0.0,0.0,D,13.0,3.0,3.0,0.0,15.0,16.0,6.0,2.0,4.0,2.0,0.0,0.0,2.37,3.34,3.12
E0,2019-12-07,Man City,Man United,2000.07,1803.6,7.0,10.0,5.0,8.0,1.0,2.0,A,0.0,2.0,A,22.0,11.0,5.0,7.0,10.0,10.0,16.0,3.0,3.0,2.0,0.0,0.0,1.31,5.67,9.9
E0,2019-12-08,Aston Villa,Leicester,1641.39,1822.53,4.0,4.0,9.0,15.0,1.0,4.0,A,1.0,2.0,A,15.0,23.0,2.0,8.0,21.0,15.0,8.0,5.0,6.0,2.0,0.0,0.0,4.27,3.88,1.82
E0,2019-12-08,Newcastle,Southampton,1703.88,1644.65,4.0,10.0,7.0,7.0,2.0,1.0,H,0.0,0.0,D,12.0,19.0,6.0,4.0,11.0,17.0,3.0,12.0,1.0,3.0,0.0,0.0,2.59,3.23,2.87
E0,2019-12-08,Norwich,Sheffield United,1604.77,1674.7,4.0,4.0,2.0,6.0,1.0,2.0,A,1.0,0.0,H,14.0,9.0,4.0,3.0,6.0,12.0,9.0,1.0,0.0,4.0,0.0,0.0,2.98,3.45,2.4
E0,2019-12-08,Brighton,Wolves,1637.17,1753.9,3.0,6.0,7.0,11.0,2.0,2.0,D,2.0,2.0,D,13.0,13.0,4.0,5.0,10.0,7.0,3.0,4.0,3.0,0.0,0.0,0.0,2.69,3.16,2.81
E0,2019-12-09,West Ham,Arsenal,1707.99,1823.33,3.0,3.0,2.0,3.0,1.0,3.0,A,1.0,0.0,H,11.0,10.0,4.0,3.0,12.0,6.0,4.0,3.0,2.0,0.0,0.0,0.0,3.43,4.02,1.98
E0,2019-12-14,Liverpool,Watford,2051.72,1632.59,9.0,15.0,1.0,4.0,2.0,0.0,H,1.0,0.0,H,16.0,8.0,6.0,2.0,8.0,6.0,6.0,3.0,2.0,1.0,0.0,0.0,1.17,7.72,16.32
E0,2019-12-14,Burnley,Newcastle,1689.26,1703.88,0.0,6.0,7.0,10.0,1.0,0.0,H,0.0,0.0,D,7.0,9.0,4.0,0.0,15.0,12.0,4.0,3.0,0.0,2.0,0.0,0.0,1.96,3.5,4.07
E0,2019-12-14,Chelsea,Bournemouth,1873.69,1689.08,3.0,6.0,0.0,0.0,0.0,1.0,A,0.0,0.0,D,18.0,11.0,5.0,2.0,9.0,14.0,9.0,4.0,1.0,2.0,0.0,0.0,1.25,6.48,11.64
E0,2019-12-14,Leicester,Norwich,1822.53,1604.77,9.0,15.0,1.0,4.0,1.0,1.0,D,1.0,1.0,D,18.0,10.0,5.0,3.0,11.0,15.0,12.0,4.0,0.0,4.0,0.0,0.0,1.22,6.73,13.29
E0,2019-12-14,Sheffield United,Aston Villa,1674.7,1641.39,4.0,6.0,1.0,4.0,2.0,0.0,H,0.0,0.0,D,7.0,8.0,3.0,0.0,10.0,9.0,3.0,2.0,2.0,2.0,0.0,0.0,1.86,3.75,4.17
E0,2019-12-14,Southampton,West Ham,1644.65,1707.99,6.0,7.0,3.0,3.0,0.0,1.0,A,0.0,1.0,A,11.0,11.0,2.0,4.0,9.0,14.0,5.0,8.0,1.0,3.0,0.0,0.0,1.92,3.86,3.83
E0,2019-12-15,Man United,Everton,1830.26,1724.22,7.0,11.0,3.0,6.0,1.0,1.0,D,0.0,1.0,A,24.0,8.0,8.0,3.0,10.0,12.0,6.0,5.0,1.0,2.0,0.0,0.0,1.78,3.71,4.76
E0,2019-12-15,Wolves,Tottenham,1765.24,1849.09,5.0,11.0,6.0,10.0,1.0,2.0,A,0.0,1.0,A,18.0,9.0,5.0,5.0,14.0,10.0,11.0,2.0,4.0,4.0,0.0,0.0,3.22,3.45,2.26
E0,2019-12-15,Arsenal,Man City,1815.04,2000.03,4.0,5.0,4.0,7.0,0.0,3.0,A,0.0,3.0,A,6.0,14.0,1.0,7.0,9.0,24.0,3.0,3.0,1.0,4.0,0.0,0.0,6.03,5.33,1.45
E0,2019-12-16,Crystal Palace,Brighton,1750.46,1656.16,7.0,7.0,4.0,4.0,1.0,1.0,D,0.0,0.0,D,11.0,15.0,4.0,10.0,7.0,12.0,3.0,7.0,1.0,1.0,0.0,0.0,2.55,3.22,2.91
E0,2019-12-21,Everton,Arsenal,1724.22,1815.04,4.0,4.0,3.0,5.0,0.0,0.0,D,0.0,0.0,D,9.0,6.0,0.0,2.0,10.0,11.0,5.0,4.0,2.0,3.0,0.0,0.0,2.33,3.75,2.9
E0,2019-12-21,Aston Villa,Southampton,1632.57,1640.89,0.0,4.0,3.0,7.0,1.0,3.0,A,0.0,2.0,A,19.0,17.0,6.0,8.0,16.0,15.0,7.0,5.0,2.0,1.0,0.0,0.0,2.43,3.54,2.87
E0,2019-12-21,Bournemouth,Burnley,1698.26,1689.37,3.0,3.0,3.0,6.0,0.0,1.0,A,0.0,0.0,D,3.0,2.0,0.0,1.0,13.0,21.0,4.0,5.0,2.0,4.0,0.0,0.0,2.43,3.38,2.97
E0,2019-12-21,Brighton,Sheffield United,1656.16,1685.53,5.0,5.0,6.0,8.0,0.0,1.0,A,0.0,1.0,A,9.0,7.0,2.0,2.0,6.0,11.0,4.0,3.0,1.0,3.0,0.0,0.0,2.21,3.27,3.52
E0,2019-12-21,Newcastle,Crystal Palace,1718.14,1750.46,6.0,7.0,5.0,8.0,1.0,0.0,H,0.0,0.0,D,8.0,16.0,3.0,4.0,12.0,11.0,4.0,5.0,2.0,0.0,0.0,0.0,2.43,3.11,3.22
E0,2019-12-21,Norwich,Wolves,1606.71,1765.24,1.0,5.0,4.0,8.0,1.0,2.0,A,1.0,0.0,H,13.0,14.0,7.0,4.0,7.0,14.0,3.0,11.0,2.0,4.0,0.0,0.0,3.71,3.75,1.97
E0,2019-12-21,Man City,Leicester,2000.03,1835.68,6.0,10.0,7.0,13.0,3.0,1.0,H,2.0,1.0,H,23.0,5.0,12.0,2.0,14.0,9.0,6.0,1.0,2.0,2.0,0.0,0.0,1.37,5.41,7.72
E0,2019-12-22,Watford,Man United,1633.67,1830.26,1.0,1.0,7.0,9.0,2.0,0.0,H,0.0,0.0,D,11.0,17.0,3.0,8.0,16.0,11.0,3.0,5.0,3.0,1.0,0.0,0.0,4.39,3.89,1.8
E0,2019-12-22,Tottenham,Chelsea,1849.09,1853.43,6.0,12.0,3.0,3.0,0.0,2.0,A,0.0,2.0,A,5.0,13.0,1.0,3.0,9.0,11.0,3.0,5.0,4.0,3.0,1.0,0.0,2.37,3.65,2.88
E0,2019-12-26,Tottenham,Brighton,1849.09,1656.16,6.0,9.0,2.0,5.0,2.0,1.0,H,0.0,1.0,A,11.0,11.0,5.0,5.0,10.0,9.0,9.0,2.0,4.0,2.0,0.0,0.0,1.55,4.41,5.73
E0,2019-12-26,Aston Villa,Norwich,1632.57,1606.71,0.0,1.0,1.0,2.0,1.0,0.0,H,0.0,0.0,D,11.0,16.0,2.0,6.0,15.0,12.0,5.0,8.0,2.0,3.0,0.0,0.0,2.11,3.77,3.28
E0,2019-12-26,Bournemouth,Arsenal,1698.26,1815.04,3.0,3.0,4.0,5.0,1.0,1.0,D,1.0,0.0,H,12.0,17.0,4.0,2.0,5.0,13.0,8.0,3.0,4.0,4.0,0.0,0.0,3.5,3.85,2.01
E0,2019-12-26,Chelsea,Southampton,1853.43,1640.89,3.0,6.0,3.0,9.0,0.0,2.0,A,0.0,1.0,A,10.0,5.0,3.0,3.0,10.0,9.0,8.0,1.0,3.0,2.0,0.0,0.0,1.35,5.31,8.58
E0,2019-12-26,Crystal Palace,West Ham,1750.46,1702.98,2.0,8.0,3.0,6.0,2.0,1.0,H,0.0,0.0,D,13.0,10.0,4.0,2.0,5.0,10.0,7.0,6.0,0.0,2.0,0.0,0.0,2.32,3.42,3.12
E0,2019-12-26,Everton,Burnley,1724.22,1689.37,5.0,5.0,6.0,6.0,1.0,0.0,H,0.0,0.0,D,21.0,6.0,5.0,0.0,15.0,14.0,10.0,2.0,0.0,0.0,0.0,0.0,1.71,3.76,5.15
E0,2019-12-26,Sheffield United,Watford,1685.53,1633.67,9.0,10.0,4.0,4.0,1.0,1.0,D,1.0,1.0,D,16.0,5.0,4.0,2.0,11.0,8.0,9.0,1.0,1.0,3.0,0.0,0.0,1.86,3.54,4.46
E0,2019-12-26,Man United,Newcastle,1830.26,1718.14,4.0,8.0,6.0,10.0,4.0,1.0,H,3.0,1.0,H,22.0,7.0,10.0,2.0,10.0,7.0,5.0,0.0,2.0,2.0,0.0,0.0,1.35,5.19,9.18
E0,2019-12-26,Leicester,Liverpool,1835.68,2066.76,4.0,10.0,9.0,15.0,0.0,4.0,A,0.0,1.0,A,3.0,15.0,0.0,6.0,5.0,7.0,2.0,8.0,1.0,1.0,0.0,0.0,3.38,3.72,2.08
E0,2019-12-27,Wolves,Man City,1765.24,2000.03,4.0,8.0,6.0,10.0,3.0,2.0,H,0.0,1.0,A,20.0,7.0,8.0,3.0,7.0,13.0,3.0,1.0,0.0,1.0,0.0,1.0,7.73,4.95,1.4
E0,2019-12-28,Brighton,Bournemouth,1656.16,1698.26,1.0,5.0,4.0,4.0,2.0,0.0,H,1.0,0.0,H,16.0,10.0,6.0,2.0,8.0,11.0,9.0,2.0,0.0,2.0,0.0,0.0,1.79,3.85,4.43
E0,2019-12-28,Newcastle,Everton,1718.14,1724.22,3.0,9.0,5.0,8.0,1.0,2.0,A,0.0,1.0,A,20.0,22.0,5.0,9.0,13.0,13.0,5.0,8.0,2.0,2.0,0.0,0.0,3.55,3.4,2.14
E0,2019-12-28,Southampton,Crystal Palace,1640.89,1750.46,6.0,9.0,4.0,8.0,1.0,1.0,D,0.0,0.0,D,14.0,5.0,5.0,2.0,13.0,7.0,12.0,4.0,1.0,2.0,0.0,0.0,1.98,3.57,3.91
E0,2019-12-28,Watford,Aston Villa,1633.67,1632.57,4.0,5.0,3.0,3.0,3.0,0.0,H,1.0,0.0,H,20.0,11.0,6.0,2.0,16.0,9.0,6.0,3.0,3.0,1.0,1.0,0.0,1.99,3.77,3.65
E0,2019-12-28,Norwich,Tottenham,1606.71,1849.09,1.0,1.0,6.0,9.0,2.0,2.0,D,1.0,0.0,H,5.0,15.0,2.0,7.0,12.0,10.0,4.0,6.0,3.0,3.0,0.0,0.0,4.93,4.07,1.69
E0,2019-12-28,West Ham,Leicester,1702.98,1835.68,3.0,6.0,1.0,7.0,1.0,2.0,A,1.0,1.0,D,14.0,13.0,4.0,8.0,16.0,4.0,5.0,5.0,4.0,1.0,0.0,0.0,4.03,3.87,1.86
E0,2019-12-28,Burnley,Man United,1689.37,1830.26,6.0,6.0,4.0,10.0,0.0,2.0,A,0.0,1.0,A,8.0,14.0,1.0,5.0,17.0,10.0,5.0,4.0,4.0,3.0,0.0,0.0,4.31,3.7,1.85
E0,2019-12-29,Arsenal,Chelsea,1815.04,1853.43,2.0,5.0,3.0,6.0,1.0,2.0,A,1.0,0.0,H,7.0,13.0,2.0,4.0,13.0,19.0,2.0,3.0,5.0,4.0,0.0,0.0,2.86,3.73,2.35
E0,2019-12-29,Liverpool,Wolves,2066.76,1765.24,9.0,15.0,6.0,10.0,1.0,0.0,H,1.0,0.0,H,10.0,10.0,3.0,2.0,7.0,3.0,5.0,6.0,1.0,0.0,0.0,0.0,1.28,5.84,10.92
E0,2019-12-29,Man City,Sheffield United,2000.03,1685.53,6.0,9.0,7.0,10.0,2.0,0.0,H,0.0,0.0,D,16.0,8.0,4.0,0.0,5.0,6.0,8.0,5.0,1.0,1.0,0.0,0.0,1.18,7.62,14.91
E0,2020-01-01,Brighton,Chelsea,1659.32,1855.04,3.0,5.0,6.0,6.0,1.0,1.0,D,0.0,1.0,A,16.0,16.0,5.0,5.0,8.0,15.0,5.0,3.0,2.0,3.0,0.0,0.0,3.7,3.64,2.01
E0,2020-01-01,Burnley,Aston Villa,1683.98,1615.34,3.0,6.0,3.0,3.0,1.0,2.0,A,0.0,2.0,A,20.0,11.0,1.0,6.0,12.0,10.0,8.0,4.0,1.0,1.0,0.0,0.0,1.81,3.81,4.37
E0,2020-01-01,Newcastle,Leicester,1708.02,1830.2,3.0,6.0,3.0,7.0,0.0,3.0,A,0.0,2.0,A,5.0,17.0,2.0,10.0,8.0,12.0,4.0,5.0,1.0,1.0,0.0,0.0,5.26,3.9,1.67
E0,2020-01-01,Southampton,Tottenham,1674.35,1840.87,7.0,7.0,4.0,10.0,1.0,0.0,H,1.0,0.0,H,12.0,11.0,3.0,5.0,21.0,8.0,6.0,9.0,3.0,4.0,0.0,0.0,3.34,3.54,2.16
E0,2020-01-01,Watford,Wolves,1662.98,1774.71,7.0,8.0,6.0,7.0,2.0,1.0,H,1.0,0.0,H,9.0,16.0,3.0,4.0,12.0,6.0,4.0,7.0,3.0,1.0,1.0,0.0,3.16,3.37,2.32
E0,2020-01-01,Man City,Everton,2001.57,1744.27,6.0,9.0,7.0,11.0,2.0,1.0,H,0.0,0.0,D,16.0,7.0,7.0,2.0,11.0,11.0,3.0,6.0,0.0,4.0,0.0,0.0,1.27,6.19,10.49
E0,2020-01-01,Norwich,Crystal Palace,1600.27,1744.37,1.0,2.0,4.0,6.0,1.0,1.0,D,1.0,0.0,H,15.0,12.0,4.0,3.0,12.0,9.0,2.0,5.0,5.0,0.0,0.0,0.0,2.53,3.46,2.77
E0,2020-01-01,West Ham,Bournemouth,1691.03,1679.68,3.0,3.0,1.0,4.0,4.0,0.0,H,3.0,0.0,H,14.0,3.0,7.0,2.0,3.0,12.0,9.0,2.0,1.0,2.0,0.0,0.0,1.95,3.84,3.68
E0,2020-01-01,Arsenal,Man United,1796.17,1826.83,2.0,5.0,6.0,10.0,2.0,0.0,H,2.0,0.0,H,10.0,10.0,4.0,4.0,11.0,15.0,1.0,4.0,2.0,0.0,0.0,0.0,2.58,3.64,2.61
E0,2020-01-02,Liverpool,Sheffield United,2075.85,1689.63,9.0,15.0,4.0,10.0,2.0,0.0,H,1.0,0.0,H,19.0,3.0,7.0,2.0,5.0,8.0,8.0,4.0,0.0,0.0,0.0,0.0,1.23,6.32,13.64
E0,2020-01-10,Sheffield United,West Ham,1689.63,1691.03,1.0,7.0,3.0,6.0,1.0,0.0,H,0.0,0.0,D,13.0,7.0,3.0,2.0,11.0,6.0,7.0,3.0,1.0,0.0,0.0,0.0,2.02,3.43,3.94
E0,2020-01-11,Crystal Palace,Arsenal,1744.37,1796.17,5.0,6.0,4.0,5.0,1.0,1.0,D,0.0,1.0,A,6.0,7.0,3.0,4.0,14.0,22.0,1.0,4.0,2.0,3.0,0.0,1.0,4.19,3.87,1.83
E0,2020-01-11,Chelsea,Burnley,1855.04,1683.98,4.0,7.0,0.0,6.0,3.0,0.0,H,2.0,0.0,H,18.0,7.0,8.0,2.0,7.0,4.0,10.0,3.0,0.0,3.0,0.0,0.0,1.29,5.61,11.06
E0,2020-01-11,Everton,Brighton,1744.27,1659.32,6.0,8.0,4.0,5.0,1.0,0.0,H,1.0,0.0,H,14.0,9.0,6.0,2.0,7.0,7.0,4.0,3.0,2.0,1.0,0.0,0.0,1.9,3.63,4.16
E0,2020-01-11,Leicester,Southampton,1830.2,1674.35,6.0,7.0,7.0,10.0,1.0,2.0,A,1.0,1.0,D,5.0,16.0,5.0,10.0,9.0,17.0,2.0,4.0,0.0,3.0,0.0,0.0,1.64,4.02,5.46
E0,2020-01-11,Man United,Norwich,1826.83,1600.27,6.0,7.0,2.0,3.0,4.0,0.0,H,1.0,0.0,H,13.0,8.0,6.0,3.0,18.0,7.0,4.0,2.0,0.0,0.0,0.0,0.0,1.36,5.16,8.82
E0,2020-01-11,Wolves,Newcastle,1774.71,1708.02,3.0,6.0,0.0,3.0,1.0,1.0,D,1.0,1.0,D,9.0,5.0,4.0,1.0,13.0,12.0,5.0,2.0,0.0,3.0,0.0,0.0,1.46,4.35,7.91
E0,2020-01-11,Tottenham,Liverpool,1840.87,2075.85,4.0,7.0,9.0,15.0,0.0,1.0,A,0.0,1.0,A,14.0,13.0,4.0,7.0,4.0,8.0,4.0,3.0,0.0,2.0,0.0,0.0,4.59,4.22,1.7
E0,2020-01-12,Bournemouth,Watford,1679.68,1662.98,1.0,4.0,7.0,10.0,0.0,3.0,A,0.0,1.0,A,10.0,18.0,1.0,6.0,3.0,13.0,5.0,5.0,1.0,1.0,0.0,0.0,2.61,3.37,2.75
E0,2020-01-12,Aston Villa,Man City,1615.34,2001.57,6.0,6.0,6.0,12.0,1.0,6.0,A,0.0,4.0,A,7.0,22.0,1.0,12.0,5.0,12.0,2.0,4.0,2.0,1.0,0.0,0.0,14.5,8.39,1.17
E0,2020-01-18,Watford,Tottenham,1688.64,1826.59,9.0,13.0,1.0,4.0,0.0,0.0,D,0.0,0.0,D,15.0,17.0,2.0,5.0,13.0,13.0,3.0,3.0,2.0,3.0,0.0,0.0,3.18,3.52,2.25
E0,2020-01-18,Arsenal,Sheffield United,1806.23,1695.27,4.0,6.0,3.0,7.0,1.0,1.0,D,1.0,0.0,H,11.0,12.0,4.0,4.0,9.0,13.0,4.0,5.0,1.0,2.0,0.0,0.0,1.85,3.61,4.46
E0,2020-01-18,Brighton,Aston Villa,1658.28,1622.75,4.0,4.0,3.0,6.0,1.0,1.0,D,1.0,0.0,H,10.0,8.0,2.0,3.0,11.0,13.0,3.0,4.0,3.0,3.0,0.0,0.0,1.65,4.29,4.94
E0,2020-01-18,Man City,Crystal Palace,2007.32,1742.14,9.0,12.0,3.0,6.0,2.0,2.0,D,0.0,1.0,A,25.0,5.0,6.0,3.0,9.0,7.0,14.0,2.0,1.0,2.0,0.0,0.0,1.1,10.64,24.53
E0,2020-01-18,Norwich,Bournemouth,1597.93,1651.19,2.0,2.0,0.0,1.0,1.0,0.0,H,1.0,0.0,H,16.0,6.0,5.0,3.0,10.0,10.0,4.0,5.0,2.0,2.0,1.0,1.0,2.22,3.56,3.19
E0,2020-01-18,Southampton,Wolves,1698.04,1761.72,7.0,13.0,1.0,7.0,2.0,3.0,A,2.0,0.0,H,11.0,8.0,5.0,4.0,13.0,12.0,1.0,3.0,2.0,1.0,0.0,0.0,2.39,3.37,3.05
E0,2020-01-18,West Ham,Everton,1696.43,1747.21,3.0,6.0,6.0,10.0,1.0,1.0,D,1.0,1.0,D,12.0,11.0,6.0,3.0,11.0,13.0,7.0,6.0,1.0,0.0,0.0,0.0,2.96,3.46,2.4
E0,2020-01-18,Newcastle,Chelsea,1700.29,1856.31,1.0,4.0,7.0,10.0,1.0,0.0,H,0.0,0.0,D,7.0,19.0,2.0,4.0,9.0,14.0,1.0,10.0,1.0,1.0,0.0,0.0,6.02,4.53,1.52
E0,2020-01-19,Burnley,Leicester,1667.65,1828.4,0.0,3.0,6.0,6.0,2.0,1.0,H,0.0,1.0,A,8.0,18.0,5.0,8.0,14.0,8.0,4.0,5.0,1.0,0.0,0.0,0.0,4.19,3.71,1.87
E0,2020-01-19,Liverpool,Man United,2080.73,1821.34,9.0,15.0,6.0,9.0,2.0,0.0,H,1.0,0.0,H,16.0,9.0,5.0,4.0,7.0,10.0,11.0,5.0,1.0,3.0,0.0,0.0,1.37,5.12,8.31
E0,2020-01-21,Aston Villa,Watford,1622.75,1688.64,4.0,7.0,7.0,11.0,2.0,1.0,H,0.0,1.0,A,16.0,8.0,5.0,2.0,11.0,18.0,6.0,3.0,2.0,2.0,0.0,0.0,2.86,3.46,2.49
E0,2020-01-21,Bournemouth,Brighton,1651.19,1658.28,0.0,1.0,2.0,5.0,3.0,1.0,H,2.0,0.0,H,11.0,21.0,3.0,8.0,9.0,12.0,5.0,8.0,1.0,1.0,0.0,0.0,2.94,3.35,2.47
E0,2020-01-21,Crystal Palace,Southampton,1742.14,1698.04,3.0,7.0,6.0,10.0,0.0,2.0,A,0.0,1.0,A,6.0,15.0,0.0,6.0,12.0,13.0,0.0,8.0,1.0,2.0,0.0,0.0,2.73,3.26,2.72
E0,2020-01-21,Everton,Newcastle,1747.21,1700.29,4.0,10.0,4.0,4.0,2.0,2.0,D,1.0,0.0,H,17.0,8.0,8.0,2.0,13.0,10.0,6.0,4.0,1.0,1.0,0.0,0.0,1.6,3.99,6.06
E0,2020-01-21,Sheffield United,Man City,1695.27,2007.32,4.0,5.0,7.0,10.0,0.0,1.0,A,0.0,0.0,D,4.0,18.0,1.0,5.0,13.0,13.0,5.0,13.0,4.0,3.0,0.0,0.0,7.41,4.82,1.43
E0,2020-01-21,Chelsea,Arsenal,1856.31,1806.23,4.0,7.0,5.0,6.0,2.0,2.0,D,1.0,0.0,H,19.0,2.0,8.0,2.0,11.0,6.0,17.0,5.0,2.0,1.0,0.0,1.0,1.74,3.95,4.71
E0,2020-01-22,Leicester,West Ham,1828.4,1696.43,3.0,6.0,4.0,4.0,4.0,1.0,H,2.0,0.0,H,19.0,6.0,8.0,2.0,10.0,19.0,7.0,8.0,1.0,1.0,0.0,0.0,1.53,4.49,5.97
E0,2020-01-22,Tottenham,Norwich,1826.59,1597.93,1.0,5.0,4.0,5.0,2.0,1.0,H,1.0,0.0,H,14.0,12.0,3.0,2.0,12.0,7.0,7.0,3.0,0.0,1.0,0.0,0.0,1.42,4.89,7.5
E0,2020-01-22,Man United,Burnley,1821.34,1667.65,3.0,9.0,3.0,3.0,0.0,2.0,A,0.0,1.0,A,24.0,5.0,7.0,2.0,11.0,7.0,5.0,2.0,0.0,2.0,0.0,0.0,1.41,4.65,8.43
E0,2020-01-23,Wolves,Liverpool,1761.72,2080.73,4.0,7.0,9.0,15.0,1.0,2.0,A,0.0,1.0,A,10.0,13.0,3.0,6.0,6.0,11.0,2.0,4.0,0.0,1.0,0.0,0.0,5.63,3.92,1.64
E0,2020-01-29,West Ham,Liverpool,1696.43,2080.73,1.0,4.0,9.0,15.0,0.0,2.0,A,0.0,1.0,A,7.0,13.0,4.0,5.0,6.0,6.0,3.0,7.0,2.0,0.0,0.0,0.0,8.76,5.55,1.33
E0,2020-02-01,Leicester,Chelsea,1824.44,1842.85,3.0,9.0,4.0,8.0,2.0,2.0,D,0.0,0.0,D,14.0,7.0,4.0,3.0,16.0,14.0,4.0,6.0,2.0,2.0,0.0,0.0,2.52,3.59,2.72
E0,2020-02-01,Bournemouth,Aston Villa,1653.1,1633.55,3.0,3.0,4.0,7.0,2.0,1.0,H,2.0,0.0,H,16.0,18.0,6.0,5.0,10.0,15.0,1.0,8.0,1.0,3.0,1.0,0.0,2.13,3.57,3.39
E0,2020-02-01,Crystal Palace,Sheffield United,1733.72,1696.93,2.0,4.0,4.0,4.0,0.0,1.0,A,0.0,0.0,D,13.0,10.0,3.0,3.0,9.0,15.0,9.0,5.0,3.0,2.0,0.0,0.0,3.11,3.06,2.52
E0,2020-02-01,Liverpool,Southampton,2088.26,1706.0,9.0,15.0,6.0,10.0,4.0,0.0,H,0.0,0.0,D,16.0,17.0,9.0,4.0,9.0,15.0,6.0,11.0,0.0,2.0,0.0,0.0,1.28,5.86,10.73
E0,2020-02-01,Newcastle,Norwich,1713.55,1603.52,5.0,5.0,3.0,5.0,0.0,0.0,D,0.0,0.0,D,15.0,19.0,5.0,4.0,10.0,15.0,8.0,12.0,2.0,1.0,0.0,0.0,2.24,3.39,3.31
E0,2020-02-01,Watford,Everton,1682.74,1744.72,4.0,10.0,5.0,8.0,2.0,3.0,A,2.0,2.0,D,11.0,12.0,2.0,5.0,17.0,14.0,4.0,4.0,2.0,2.0,0.0,1.0,2.75,3.31,2.64
E0,2020-02-01,West Ham,Brighton,1687.38,1645.94,1.0,4.0,1.0,5.0,3.0,3.0,D,2.0,0.0,H,12.0,19.0,6.0,6.0,8.0,9.0,4.0,6.0,1.0,1.0,0.0,0.0,2.56,3.37,2.8
E0,2020-02-01,Man United,Wolves,1800.49,1766.86,3.0,6.0,4.0,4.0,0.0,0.0,D,0.0,0.0,D,15.0,14.0,5.0,3.0,14.0,15.0,4.0,6.0,3.0,2.0,0.0,0.0,2.23,3.24,3.48
E0,2020-02-02,Burnley,Arsenal,1696.46,1804.59,6.0,6.0,3.0,6.0,0.0,0.0,D,0.0,0.0,D,15.0,13.0,2.0,2.0,8.0,11.0,5.0,7.0,1.0,3.0,0.0,0.0,3.75,3.53,2.02
E0,2020-02-02,Tottenham,Man City,1826.54,2002.82,4.0,5.0,7.0,13.0,2.0,0.0,H,0.0,0.0,D,3.0,18.0,3.0,5.0,8.0,14.0,2.0,6.0,2.0,3.0,0.0,1.0,5.64,4.45,1.56
E0,2020-02-08,Everton,Crystal Palace,1744.72,1733.72,5.0,8.0,1.0,3.0,3.0,1.0,H,1.0,0.0,H,14.0,10.0,8.0,2.0,11.0,12.0,4.0,6.0,0.0,1.0,0.0,0.0,1.63,3.77,6.02
E0,2020-02-08,Brighton,Watford,1645.94,1682.74,2.0,3.0,1.0,7.0,1.0,1.0,D,0.0,1.0,A,10.0,5.0,2.0,2.0,9.0,12.0,3.0,2.0,2.0,2.0,0.0,0.0,2.15,3.37,3.53
E0,2020-02-09,Sheffield United,Bournemouth,1696.93,1653.1,4.0,7.0,6.0,6.0,2.0,1.0,H,1.0,1.0,D,16.0,10.0,6.0,2.0,10.0,8.0,8.0,4.0,2.0,2.0,0.0,0.0,1.72,3.54,5.58
E0,2020-02-14,Wolves,Leicester,1766.86,1824.44,4.0,5.0,4.0,7.0,0.0,0.0,D,0.0,0.0,D,15.0,9.0,3.0,3.0,13.0,10.0,7.0,0.0,2.0,2.0,0.0,1.0,2.55,3.29,2.91
E0,2020-02-15,Southampton,Burnley,1704.13,1698.07,3.0,9.0,7.0,7.0,1.0,2.0,A,1.0,1.0,D,10.0,9.0,2.0,6.0,8.0,11.0,4.0,3.0,2.0,2.0,0.0,0.0,1.79,3.69,4.7
E0,2020-02-15,Norwich,Liverpool,1607.93,2090.14,4.0,5.0,9.0,15.0,0.0,1.0,A,0.0,0.0,D,5.0,17.0,1.0,6.0,5.0,11.0,2.0,7.0,1.0,2.0,0.0,0.0,10.02,6.0,1.29
E0,2020-02-16,Aston Villa,Tottenham,1627.55,1842.44,4.0,7.0,7.0,7.0,2.0,3.0,A,1.0,2.0,A,18.0,23.0,4.0,10.0,12.0,10.0,12.0,7.0,2.0,0.0,0.0,0.0,4.01,3.78,1.89
E0,2020-02-16,Arsenal,Newcastle,1802.98,1709.13,3.0,7.0,5.0,6.0,4.0,0.0,H,0.0,0.0,D,15.0,10.0,7.0,2.0,15.0,9.0,5.0,6.0,2.0,0.0,0.0,0.0,1.43,4.6,7.72
E0,2020-02-17,Chelsea,Man United,1843.89,1798.0,2.0,6.0,1.0,4.0,0.0,2.0,A,0.0,1.0,A,17.0,9.0,1.0,3.0,11.0,11.0,9.0,8.0,4.0,3.0,0.0,0.0,1.86,3.6,4.35
E0,2020-02-19,Man City,West Ham,1986.93,1684.68,4.0,10.0,1.0,2.0,2.0,0.0,H,1.0,0.0,H,20.0,3.0,7.0,0.0,5.0,7.0,6.0,1.0,0.0,1.0,0.0,0.0,1.13,9.37,18.28
E0,2020-02-22,Chelsea,Tottenham,1843.89,1842.44,2.0,5.0,9.0,10.0,2.0,1.0,H,1.0,0.0,H,17.0,5.0,7.0,3.0,14.0,14.0,3.0,5.0,1.0,2.0,0.0,0.0,1.73,3.94,4.72
E0,2020-02-22,Burnley,Bournemouth,1698.07,1653.54,7.0,10.0,6.0,6.0,3.0,0.0,H,0.0,0.0,D,16.0,12.0,10.0,4.0,9.0,9.0,7.0,3.0,4.0,3.0,0.0,0.0,2.15,3.28,3.65
E0,2020-02-22,Crystal Palace,Newcastle,1714.66,1709.13,0.0,2.0,2.0,6.0,1.0,0.0,H,1.0,0.0,H,18.0,8.0,9.0,2.0,15.0,11.0,7.0,5.0,2.0,6.0,0.0,1.0,1.96,3.3,4.35
E0,2020-02-22,Sheffield United,Brighton,1713.08,1647.91,6.0,10.0,2.0,3.0,1.0,1.0,D,1.0,1.0,D,14.0,8.0,3.0,2.0,3.0,6.0,12.0,2.0,0.0,2.0,0.0,0.0,1.96,3.34,4.31
E0,2020-02-22,Southampton,Aston Villa,1704.13,1627.55,3.0,6.0,3.0,4.0,2.0,0.0,H,1.0,0.0,H,28.0,4.0,9.0,1.0,13.0,17.0,9.0,6.0,1.0,4.0,0.0,0.0,1.64,4.23,5.1
E0,2020-02-22,Leicester,Man City,1823.29,1986.93,5.0,5.0,6.0,10.0,0.0,1.0,A,0.0,0.0,D,10.0,18.0,3.0,7.0,14.0,10.0,3.0,7.0,0.0,0.0,0.0,0.0,4.49,4.15,1.73
E0,2020-02-23,Man United,Watford,1798.0,1675.69,4.0,7.0,1.0,5.0,3.0,0.0,H,1.0,0.0,H,21.0,7.0,9.0,2.0,6.0,15.0,3.0,5.0,0.0,1.0,0.0,0.0,1.6,3.97,5.98
E0,2020-02-23,Wolves,Norwich,1769.46,1607.93,2.0,6.0,1.0,4.0,3.0,0.0,H,2.0,0.0,H,19.0,6.0,6.0,4.0,11.0,6.0,4.0,1.0,2.0,3.0,0.0,0.0,1.52,4.27,6.55
E0,2020-02-23,Arsenal,Everton,1802.98,1760.98,5.0,7.0,7.0,11.0,3.0,2.0,H,2.0,2.0,D,9.0,17.0,4.0,5.0,12.0,12.0,6.0,3.0,0.0,4.0,0.0,0.0,2.04,3.6,3.63
E0,2020-02-24,Liverpool,West Ham,2090.14,1684.68,9.0,15.0,1.0,2.0,3.0,2.0,H,1.0,1.0,D,25.0,7.0,7.0,4.0,4.0,10.0,16.0,8.0,0.0,3.0,0.0,0.0,1.17,7.81,16.2
E0,2020-02-28,Norwich,Leicester,1607.93,1823.29,1.0,4.0,2.0,5.0,1.0,0.0,H,0.0,0.0,D,11.0,19.0,6.0,4.0,13.0,16.0,6.0,7.0,1.0,2.0,0.0,0.0,4.66,4.02,1.74
E0,2020-02-29,Brighton,Crystal Palace,1647.91,1714.66,3.0,4.0,3.0,4.0,0.0,1.0,A,0.0,0.0,D,24.0,12.0,8.0,3.0,8.0,9.0,8.0,7.0,1.0,1.0,0.0,0.0,2.08,3.24,3.93
E0,2020-02-29,Bournemouth,Chelsea,1653.54,1843.89,3.0,6.0,4.0,5.0,2.0,2.0,D,0.0,1.0,A,9.0,23.0,5.0,6.0,8.0,5.0,4.0,14.0,2.0,2.0,0.0,0.0,4.68,3.84,1.76
E0,2020-02-29,Newcastle,Burnley,1709.13,1698.07,1.0,5.0,7.0,13.0,0.0,0.0,D,0.0,0.0,D,21.0,8.0,4.0,1.0,11.0,9.0,11.0,7.0,4.0,3.0,0.0,0.0,2.64,3.11,2.9
E0,2020-02-29,West Ham,Southampton,1684.68,1704.13,1.0,1.0,3.0,6.0,3.0,1.0,H,2.0,1.0,H,14.0,10.0,7.0,2.0,8.0,11.0,4.0,9.0,1.0,1.0,0.0,0.0,2.71,3.54,2.55
E0,2020-02-29,Watford,Liverpool,1675.69,2090.14,1.0,2.0,9.0,15.0,3.0,0.0,H,0.0,0.0,D,14.0,7.0,5.0,1.0,4.0,8.0,3.0,5.0,0.0,0.0,0.0,0.0,7.52,4.84,1.42
E0,2020-03-01,Everton,Man United,1753.55,1831.32,6.0,8.0,7.0,7.0,1.0,1.0,D,1.0,1.0,D,16.0,14.0,5.0,5.0,11.0,11.0,13.0,8.0,3.0,4.0,0.0,0.0,2.54,3.33,2.85
E0,2020-03-01,Tottenham,Wolves,1828.44,1783.19,6.0,10.0,5.0,8.0,2.0,3.0,A,2.0,1.0,H,13.0,14.0,5.0,4.0,12.0,14.0,4.0,5.0,3.0,2.0,0.0,0.0,2.44,3.17,3.13
E0,2020-03-07,Liverpool,Bournemouth,2054.53,1645.49,6.0,12.0,1.0,7.0,2.0,1.0,H,2.0,1.0,H,14.0,6.0,6.0,4.0,10.0,12.0,9.0,4.0,0.0,1.0,0.0,0.0,1.25,6.24,11.93
E0,2020-03-07,Arsenal,West Ham,1804.78,1689.69,7.0,9.0,3.0,4.0,1.0,0.0,H,0.0,0.0,D,9.0,14.0,2.0,6.0,11.0,9.0,6.0,7.0,1.0,2.0,0.0,0.0,1.56,4.37,5.78
E0,2020-03-07,Crystal Palace,Watford,1726.93,1694.97,6.0,6.0,4.0,4.0,1.0,0.0,H,1.0,0.0,H,10.0,10.0,3.0,4.0,12.0,19.0,8.0,8.0,4.0,4.0,0.0,0.0,2.57,3.19,2.95
E0,2020-03-07,Sheffield United,Norwich,1708.01,1611.6,7.0,8.0,3.0,4.0,1.0,0.0,H,1.0,0.0,H,10.0,12.0,4.0,5.0,12.0,8.0,10.0,5.0,0.0,0.0,0.0,0.0,1.66,3.78,5.71
E0,2020-03-07,Southampton,Newcastle,1689.84,1690.16,3.0,6.0,1.0,3.0,0.0,1.0,A,0.0,0.0,D,6.0,14.0,3.0,7.0,14.0,15.0,5.0,8.0,0.0,3.0,1.0,0.0,1.67,3.95,5.27
E0,2020-03-07,Wolves,Brighton,1783.19,1641.31,7.0,8.0,2.0,3.0,0.0,0.0,D,0.0,0.0,D,11.0,7.0,1.0,1.0,4.0,7.0,2.0,0.0,1.0,3.0,0.0,0.0,1.65,3.95,5.48
E0,2020-03-07,Burnley,Tottenham,1715.97,1828.44,7.0,11.0,3.0,9.0,1.0,1.0,D,1.0,0.0,H,21.0,13.0,8.0,2.0,16.0,11.0,3.0,5.0,5.0,4.0,0.0,0.0,2.72,3.3,2.69
E0,2020-03-08,Chelsea,Everton,1821.15,1753.55,4.0,6.0,4.0,8.0,4.0,0.0,H,2.0,0.0,H,17.0,3.0,11.0,1.0,8.0,10.0,6.0,1.0,1.0,2.0,0.0,0.0,1.87,3.74,4.2
E0,2020-03-08,Man United,Man City,1831.32,1997.88,7.0,8.0,6.0,10.0,2.0,0.0,H,1.0,0.0,H,12.0,7.0,6.0,2.0,11.0,9.0,2.0,11.0,2.0,4.0,0.0,0.0,5.04,4.28,1.64
E0,2020-03-09,Leicester,Aston Villa,1804.42,1614.23,1.0,5.0,0.0,4.0,4.0,0.0,H,1.0,0.0,H,15.0,4.0,7.0,1.0,15.0,12.0,9.0,0.0,2.0,1.0,0.0,0.0,1.38,5.12,8.05
E0,2020-06-17,Aston Villa,Sheffield United,1602.38,1706.3,0.0,3.0,7.0,10.0,0.0,0.0,D,0.0,0.0,D,14.0,5.0,6.0,1.0,11.0,14.0,12.0,4.0,1.0,1.0,0.0,0.0,3.3,3.33,2.27
E0,2020-06-17,Man City,Arsenal,1975.79,1802.53,6.0,9.0,9.0,11.0,3.0,0.0,H,1.0,0.0,H,20.0,3.0,12.0,0.0,9.0,7.0,5.0,2.0,1.0,1.0,0.0,1.0,1.35,5.5,8.11
E0,2020-06-19,Norwich,Southampton,1600.69,1674.09,3.0,4.0,3.0,3.0,0.0,3.0,A,0.0,0.0,D,9.0,22.0,1.0,9.0,9.0,15.0,9.0,7.0,1.0,1.0,0.0,0.0,2.84,3.4,2.53
E0,2020-06-19,Tottenham,Man United,1798.41,1851.97,1.0,7.0,7.0,11.0,1.0,1.0,D,1.0,0.0,H,10.0,12.0,3.0,6.0,17.0,18.0,7.0,6.0,0.0,1.0,0.0,0.0,3.03,3.4,2.43
E0,2020-06-20,Watford,Leicester,1682.67,1803.66,3.0,4.0,3.0,5.0,1.0,1.0,D,0.0,0.0,D,8.0,15.0,4.0,2.0,15.0,12.0,2.0,7.0,0.0,1.0,0.0,0.0,3.59,3.52,2.09
E0,2020-06-20,Brighton,Arsenal,1640.25,1802.53,2.0,4.0,6.0,10.0,2.0,1.0,H,0.0,0.0,D,9.0,13.0,5.0,6.0,13.0,8.0,10.0,7.0,2.0,1.0,0.0,0.0,3.04,3.37,2.39
E0,2020-06-20,West Ham,Wolves,1679.32,1784.29,3.0,4.0,7.0,9.0,0.0,2.0,A,0.0,0.0,D,7.0,10.0,2.0,6.0,8.0,7.0,5.0,7.0,1.0,1.0,0.0,0.0,3.57,3.36,2.15
E0,2020-06-20,Bournemouth,Crystal Palace,1638.36,1726.62,1.0,4.0,9.0,9.0,0.0,2.0,A,0.0,2.0,A,12.0,7.0,1.0,2.0,13.0,15.0,11.0,4.0,3.0,2.0,0.0,0.0,2.51,3.24,2.98
E0,2020-06-21,Newcastle,Sheffield United,1693.3,1706.3,4.0,5.0,5.0,11.0,3.0,0.0,H,0.0,0.0,D,12.0,7.0,8.0,1.0,9.0,10.0,2.0,4.0,2.0,0.0,0.0,1.0,3.31,3.1,2.38
E0,2020-06-21,Aston Villa,Chelsea,1602.38,1825.26,1.0,1.0,7.0,8.0,1.0,2.0,A,1.0,0.0,H,8.0,19.0,4.0,5.0,9.0,17.0,2.0,10.0,2.0,1.0,0.0,0.0,6.0,4.5,1.53
E0,2020-06-21,Everton,Liverpool,1737.56,2026.43,1.0,7.0,6.0,12.0,0.0,0.0,D,0.0,0.0,D,9.0,10.0,3.0,3.0,15.0,12.0,1.0,6.0,2.0,2.0,0.0,0.0,5.66,4.23,1.59
E0,2020-06-22,Man City,Burnley,1975.79,1711.15,6.0,9.0,5.0,9.0,5.0,0.0,H,3.0,0.0,H,19.0,1.0,7.0,0.0,8.0,7.0,3.0,1.0,1.0,1.0,0.0,0.0,1.13,8.97,19.85
E0,2020-06-23,Leicester,Brighton,1803.66,1640.25,4.0,5.0,4.0,6.0,0.0,0.0,D,0.0,0.0,D,11.0,10.0,2.0,2.0,10.0,13.0,6.0,7.0,2.0,2.0,0.0,0.0,1.64,3.97,5.64
E0,2020-06-23,Tottenham,West Ham,1798.41,1679.32,2.0,5.0,3.0,3.0,2.0,0.0,H,0.0,0.0,D,15.0,10.0,4.0,2.0,12.0,7.0,9.0,4.0,2.0,2.0,0.0,0.0,1.67,4.01,5.21
E0,2020-06-24,Man United,Sheffield United,1851.97,1706.3,5.0,11.0,4.0,8.0,3.0,0.0,H,2.0,0.0,H,15.0,4.0,6.0,1.0,10.0,6.0,10.0,5.0,1.0,0.0,0.0,0.0,1.43,4.39,8.62
E0,2020-06-24,Newcastle,Aston Villa,1693.3,1602.38,7.0,7.0,1.0,1.0,1.0,1.0,D,0.0,0.0,D,13.0,14.0,3.0,2.0,15.0,13.0,6.0,9.0,2.0,2.0,0.0,0.0,2.33,3.33,3.17
E0,2020-06-24,Norwich,Everton,1600.69,1737.56,3.0,3.0,2.0,5.0,0.0,1.0,A,0.0,0.0,D,9.0,12.0,1.0,5.0,8.0,13.0,6.0,5.0,0.0,1.0,0.0,0.0,3.94,3.66,1.94
E0,2020-06-24,Wolves,Bournemouth,1784.29,1638.36,7.0,11.0,1.0,1.0,1.0,0.0,H,0.0,0.0,D,10.0,4.0,2.0,0.0,11.0,11.0,6.0,4.0,3.0,3.0,0.0,0.0,1.58,4.03,6.11
E0,2020-06-24,Liverpool,Crystal Palace,2026.43,1726.62,4.0,10.0,9.0,12.0,4.0,0.0,H,2.0,0.0,H,21.0,3.0,7.0,0.0,7.0,5.0,6.0,0.0,0.0,0.0,0.0,0.0,1.24,6.13,13.09
E0,2020-06-25,Burnley,Watford,1711.15,1682.67,2.0,8.0,4.0,5.0,1.0,0.0,H,0.0,0.0,D,9.0,10.0,5.0,4.0,13.0,15.0,1.0,7.0,1.0,0.0,0.0,0.0,3.02,3.22,2.48
E0,2020-06-25,Southampton,Arsenal,1674.09,1802.53,3.0,6.0,3.0,9.0,0.0,2.0,A,0.0,1.0,A,12.0,10.0,3.0,5.0,10.0,14.0,4.0,6.0,0.0,2.0,1.0,0.0,2.64,3.47,2.65
E0,2020-06-25,Chelsea,Man City,1825.26,1975.79,7.0,10.0,6.0,12.0,2.0,1.0,H,1.0,0.0,H,15.0,11.0,10.0,2.0,13.0,3.0,5.0,7.0,1.0,1.0,0.0,1.0,4.14,4.07,1.8
E0,2020-06-27,Aston Villa,Wolves,1602.38,1784.29,2.0,2.0,7.0,13.0,0.0,1.0,A,0.0,0.0,D,11.0,9.0,1.0,2.0,16.0,16.0,2.0,2.0,1.0,1.0,0.0,0.0,4.79,3.68,1.78
E0,2020-06-28,Watford,Southampton,1682.67,1674.09,1.0,4.0,3.0,6.0,1.0,3.0,A,0.0,1.0,A,8.0,11.0,0.0,7.0,18.0,9.0,5.0,3.0,3.0,0.0,0.0,0.0,2.49,3.32,2.92
E0,2020-06-29,Crystal Palace,Burnley,1726.62,1711.15,6.0,12.0,4.0,8.0,0.0,1.0,A,0.0,0.0,D,17.0,8.0,4.0,4.0,12.0,13.0,9.0,1.0,1.0,1.0,0.0,0.0,2.29,3.16,3.41
E0,2020-06-30,Brighton,Man United,1640.25,1851.97,5.0,6.0,7.0,11.0,0.0,3.0,A,0.0,2.0,A,8.0,12.0,2.0,6.0,10.0,9.0,4.0,5.0,0.0,1.0,0.0,0.0,6.31,3.85,1.61
E0,2020-07-01,Arsenal,Norwich,1796.02,1582.65,3.0,9.0,0.0,3.0,4.0,0.0,H,2.0,0.0,H,13.0,8.0,8.0,2.0,10.0,10.0,6.0,2.0,1.0,4.0,0.0,0.0,1.44,4.69,7.23
E0,2020-07-01,Bournemouth,Newcastle,1625.02,1701.8,0.0,1.0,7.0,8.0,1.0,4.0,A,0.0,2.0,A,12.0,12.0,1.0,7.0,11.0,10.0,6.0,3.0,2.0,0.0,0.0,0.0,2.4,3.16,3.21
E0,2020-07-01,Everton,Leicester,1748.86,1796.51,4.0,5.0,5.0,5.0,2.0,1.0,H,2.0,0.0,H,7.0,15.0,2.0,3.0,13.0,10.0,3.0,5.0,1.0,1.0,0.0,0.0,2.54,3.28,2.9
E0,2020-07-01,West Ham,Chelsea,1664.46,1839.75,0.0,3.0,9.0,13.0,3.0,2.0,H,1.0,1.0,D,10.0,17.0,4.0,6.0,10.0,9.0,2.0,3.0,2.0,1.0,0.0,0.0,5.48,4.27,1.59
E0,2020-07-02,Sheffield United,Tottenham,1686.15,1803.88,1.0,5.0,5.0,5.0,3.0,1.0,H,1.0,0.0,H,7.0,9.0,5.0,2.0,13.0,13.0,1.0,6.0,2.0,0.0,0.0,0.0,4.1,3.41,1.98
E0,2020-07-02,Man City,Liverpool,1974.56,2023.97,6.0,9.0,7.0,10.0,4.0,0.0,H,3.0,0.0,H,14.0,11.0,6.0,3.0,8.0,7.0,3.0,3.0,2.0,2.0,0.0,0.0,2.07,3.85,3.32
E0,2020-07-04,Norwich,Brighton,1582.65,1648.52,0.0,3.0,4.0,5.0,0.0,1.0,A,0.0,1.0,A,12.0,8.0,1.0,2.0,11.0,13.0,0.0,2.0,2.0,2.0,0.0,0.0,3.39,3.32,2.23
E0,2020-07-04,Leicester,Crystal Palace,1796.51,1723.21,2.0,5.0,3.0,9.0,3.0,0.0,H,0.0,0.0,D,15.0,7.0,4.0,1.0,18.0,8.0,3.0,7.0,2.0,1.0,0.0,0.0,1.68,3.63,5.84
E0,2020-07-04,Man United,Bournemouth,1865.59,1625.02,7.0,11.0,0.0,1.0,5.0,2.0,H,3.0,1.0,H,19.0,7.0,10.0,3.0,13.0,12.0,8.0,3.0,0.0,1.0,0.0,0.0,1.17,7.46,17.41
E0,2020-07-04,Wolves,Arsenal,1801.53,1796.02,9.0,13.0,6.0,9.0,0.0,2.0,A,0.0,1.0,A,10.0,8.0,1.0,5.0,6.0,11.0,3.0,5.0,2.0,4.0,0.0,0.0,2.27,3.3,3.32
E0,2020-07-04,Chelsea,Watford,1839.75,1665.08,6.0,10.0,1.0,4.0,3.0,0.0,H,2.0,0.0,H,21.0,7.0,9.0,3.0,9.0,12.0,5.0,3.0,0.0,2.0,0.0,0.0,1.43,4.61,7.96
E0,2020-07-05,Burnley,Sheffield United,1723.12,1686.15,6.0,8.0,3.0,7.0,1.0,1.0,D,1.0,0.0,H,9.0,10.0,4.0,3.0,8.0,14.0,3.0,9.0,0.0,0.0,0.0,0.0,2.91,2.97,2.75
E0,2020-07-05,Newcastle,West Ham,1701.8,1664.46,7.0,11.0,3.0,6.0,2.0,2.0,D,1.0,1.0,D,11.0,17.0,4.0,7.0,9.0,11.0,6.0,4.0,0.0,0.0,0.0,0.0,2.66,3.28,2.74
E0,2020-07-05,Liverpool,Aston Villa,2023.97,1599.6,4.0,7.0,1.0,2.0,2.0,0.0,H,0.0,0.0,D,6.0,9.0,4.0,3.0,18.0,8.0,7.0,5.0,1.0,1.0,0.0,0.0,1.35,5.45,8.4
E0,2020-07-05,Southampton,Man City,1690.72,1974.56,6.0,6.0,6.0,9.0,1.0,0.0,H,1.0,0.0,H,8.0,26.0,4.0,6.0,6.0,7.0,2.0,13.0,1.0,2.0,0.0,0.0,9.03,5.56,1.33
E0,2020-07-06,Tottenham,Everton,1803.88,1748.86,4.0,5.0,7.0,8.0,1.0,0.0,H,1.0,0.0,H,12.0,11.0,2.0,3.0,14.0,18.0,5.0,6.0,3.0,2.0,0.0,0.0,2.13,3.51,3.45
E0,2020-07-07,Crystal Palace,Chelsea,1723.21,1839.75,0.0,6.0,6.0,12.0,2.0,3.0,A,1.0,2.0,A,13.0,14.0,4.0,6.0,11.0,10.0,7.0,9.0,1.0,0.0,0.0,0.0,8.43,4.5,1.43
E0,2020-07-07,Watford,Norwich,1665.08,1582.65,0.0,1.0,0.0,0.0,2.0,1.0,H,1.0,1.0,D,9.0,12.0,4.0,3.0,11.0,15.0,4.0,3.0,2.0,4.0,0.0,0.0,1.75,3.71,5.02
E0,2020-07-07,Arsenal,Leicester,1796.02,1796.51,9.0,9.0,4.0,8.0,1.0,1.0,D,1.0,0.0,H,11.0,13.0,7.0,5.0,10.0,14.0,10.0,1.0,1.0,0.0,1.0,0.0,2.38,3.43,3.03
E0,2020-07-08,Man City,Newcastle,1974.56,1701.8,3.0,9.0,5.0,11.0,5.0,0.0,H,2.0,0.0,H,23.0,6.0,9.0,1.0,12.0,7.0,8.0,1.0,0.0,0.0,0.0,0.0,1.13,9.15,22.2
E0,2020-07-08,Sheffield United,Wolves,1686.15,1801.53,4.0,5.0,6.0,10.0,1.0,0.0,H,0.0,0.0,D,7.0,6.0,3.0,1.0,5.0,6.0,6.0,1.0,2.0,0.0,0.0,0.0,3.96,3.08,2.14
E0,2020-07-08,West Ham,Burnley,1664.46,1723.12,4.0,4.0,7.0,8.0,0.0,1.0,A,0.0,1.0,A,21.0,8.0,5.0,4.0,7.0,7.0,10.0,3.0,1.0,1.0,0.0,0.0,2.02,3.42,3.89
E0,2020-07-08,Brighton,Liverpool,1648.52,2023.97,4.0,8.0,6.0,10.0,1.0,3.0,A,1.0,2.0,A,12.0,19.0,2.0,8.0,7.0,15.0,6.0,10.0,1.0,4.0,0.0,0.0,5.99,4.26,1.56
E0,2020-07-09,Bournemouth,Tottenham,1625.02,1803.88,0.0,0.0,6.0,8.0,0.0,0.0,D,0.0,0.0,D,9.0,9.0,2.0,0.0,11.0,14.0,8.0,12.0,3.0,2.0,0.0,0.0,5.03,4.0,1.68
E0,2020-07-09,Everton,Southampton,1748.86,1690.72,6.0,7.0,6.0,9.0,1.0,1.0,D,1.0,1.0,D,11.0,17.0,4.0,4.0,13.0,14.0,3.0,5.0,3.0,3.0,0.0,0.0,2.07,3.51,3.62
E0,2020-07-09,Aston Villa,Man United,1599.6,1865.59,1.0,2.0,9.0,13.0,0.0,3.0,A,0.0,2.0,A,9.0,14.0,1.0,6.0,7.0,13.0,3.0,5.0,2.0,3.0,0.0,0.0,9.26,5.15,1.35
E0,2020-07-11,Norwich,West Ham,1582.65,1664.46,0.0,0.0,4.0,4.0,0.0,4.0,A,0.0,2.0,A,11.0,19.0,2.0,7.0,9.0,8.0,1.0,6.0,1.0,0.0,0.0,0.0,3.76,3.65,1.99
E0,2020-07-11,Watford,Newcastle,1665.08,1701.8,3.0,4.0,4.0,8.0,2.0,1.0,H,0.0,1.0,A,17.0,8.0,5.0,4.0,23.0,15.0,2.0,4.0,1.0,4.0,0.0,0.0,1.82,3.58,4.65
E0,2020-07-11,Liverpool,Burnley,2023.97,1723.12,6.0,10.0,7.0,10.0,1.0,1.0,D,1.0,0.0,H,23.0,6.0,9.0,2.0,7.0,4.0,12.0,6.0,1.0,2.0,0.0,0.0,1.25,6.27,11.44
E0,2020-07-11,Sheffield United,Chelsea,1686.15,1839.75,7.0,7.0,6.0,12.0,3.0,0.0,H,2.0,0.0,H,9.0,15.0,4.0,4.0,8.0,6.0,4.0,6.0,1.0,0.0,0.0,0.0,6.07,3.93,1.6
E0,2020-07-11,Brighton,Man City,1648.52,1974.56,3.0,7.0,6.0,9.0,0.0,5.0,A,0.0,2.0,A,3.0,26.0,0.0,8.0,7.0,3.0,2.0,7.0,1.0,0.0,0.0,0.0,9.95,5.62,1.31
E0,2020-07-12,Wolves,Everton,1801.53,1748.86,3.0,9.0,4.0,8.0,3.0,0.0,H,1.0,0.0,H,14.0,6.0,7.0,2.0,9.0,9.0,5.0,2.0,0.0,2.0,0.0,0.0,2.06,3.25,4.01
E0,2020-07-12,Aston Villa,Crystal Palace,1599.6,1723.21,0.0,1.0,0.0,3.0,2.0,0.0,H,1.0,0.0,H,12.0,9.0,9.0,5.0,21.0,21.0,5.0,1.0,2.0,4.0,0.0,1.0,2.29,3.35,3.24
E0,2020-07-12,Tottenham,Arsenal,1803.88,1796.02,4.0,8.0,7.0,10.0,2.0,1.0,H,1.0,1.0,D,15.0,13.0,9.0,4.0,16.0,11.0,6.0,5.0,5.0,3.0,0.0,0.0,2.6,3.48,2.68
E0,2020-07-12,Bournemouth,Leicester,1625.02,1796.51,1.0,1.0,4.0,6.0,4.0,1.0,H,0.0,1.0,A,10.0,13.0,4.0,5.0,11.0,12.0,2.0,6.0,2.0,1.0,0.0,1.0,5.14,3.82,1.7
E0,2020-07-13,Man United,Southampton,1865.59,1690.72,9.0,13.0,7.0,10.0,2.0,2.0,D,2.0,1.0,H,8.0,9.0,4.0,5.0,14.0,15.0,4.0,6.0,1.0,3.0,0.0,0.0,1.29,5.73,10.41
E0,2020-07-14,Chelsea,Norwich,1839.75,1582.65,6.0,9.0,0.0,0.0,1.0,0.0,H,1.0,0.0,H,22.0,2.0,6.0,0.0,10.0,9.0,8.0,1.0,2.0,2.0,0.0,0.0,1.13,9.5,20.76
E0,2020-07-15,Burnley,Wolves,1736.64,1789.94,5.0,11.0,3.0,9.0,1.0,1.0,D,0.0,0.0,D,9.0,14.0,1.0,5.0,10.0,8.0,3.0,8.0,0.0,0.0,0.0,0.0,4.65,3.3,1.9
E0,2020-07-15,Man City,Bournemouth,1986.37,1632.91,6.0,9.0,4.0,4.0,2.0,1.0,H,2.0,0.0,H,8.0,15.0,4.0,3.0,10.0,10.0,3.0,5.0,1.0,1.0,0.0,0.0,1.15,8.68,16.72
E0,2020-07-15,Newcastle,Tottenham,1699.46,1799.15,1.0,5.0,7.0,10.0,1.0,3.0,A,0.0,1.0,A,22.0,8.0,6.0,5.0,6.0,13.0,5.0,4.0,2.0,3.0,0.0,0.0,4.56,3.77,1.79
E0,2020-07-15,Arsenal,Liverpool,1804.94,2004.42,4.0,10.0,7.0,10.0,2.0,1.0,H,2.0,1.0,H,3.0,24.0,2.0,8.0,14.0,10.0,2.0,13.0,3.0,1.0,0.0,0.0,3.89,3.89,1.89
E0,2020-07-16,Everton,Aston Villa,1737.68,1607.38,1.0,7.0,3.0,4.0,1.0,1.0,D,0.0,0.0,D,9.0,15.0,1.0,1.0,15.0,13.0,5.0,5.0,2.0,1.0,0.0,0.0,2.02,3.57,3.74
E0,2020-07-16,Leicester,Sheffield United,1779.36,1729.4,4.0,5.0,7.0,10.0,2.0,0.0,H,1.0,0.0,H,15.0,5.0,7.0,1.0,12.0,10.0,9.0,5.0,1.0,2.0,0.0,0.0,2.02,3.34,4.01
E0,2020-07-16,Crystal Palace,Man United,1693.46,1868.96,0.0,0.0,7.0,13.0,0.0,2.0,A,0.0,1.0,A,13.0,17.0,5.0,5.0,10.0,15.0,2.0,7.0,1.0,2.0,0.0,0.0,9.84,5.0,1.35
E0,2020-07-16,Southampton,Brighton,1712.57,1648.1,5.0,8.0,3.0,4.0,1.0,1.0,D,0.0,1.0,A,21.0,10.0,6.0,2.0,6.0,10.0,8.0,2.0,1.0,0.0,0.0,0.0,2.18,3.31,3.53
E0,2020-07-17,West Ham,Watford,1682.96,1672.28,4.0,7.0,6.0,6.0,3.0,1.0,H,3.0,0.0,H,10.0,14.0,4.0,3.0,11.0,11.0,9.0,3.0,0.0,2.0,0.0,0.0,2.42,3.04,3.31
E0,2020-07-18,Norwich,Burnley,1550.65,1736.64,0.0,0.0,5.0,9.0,0.0,2.0,A,0.0,1.0,A,6.0,23.0,2.0,8.0,9.0,16.0,6.0,8.0,0.0,0.0,2.0,0.0,3.32,3.33,2.25
E0,2020-07-19,Bournemouth,Southampton,1632.91,1712.57,4.0,4.0,3.0,9.0,0.0,2.0,A,0.0,1.0,A,11.0,16.0,3.0,8.0,12.0,11.0,12.0,6.0,2.0,2.0,0.0,0.0,2.39,3.65,2.84
E0,2020-07-19,Tottenham,Leicester,1799.15,1779.36,7.0,10.0,4.0,7.0,3.0,0.0,H,3.0,0.0,H,7.0,24.0,3.0,6.0,15.0,10.0,4.0,13.0,2.0,1.0,0.0,0.0,2.32,3.42,3.11
E0,2020-07-20,Brighton,Newcastle,1648.1,1699.46,1.0,4.0,0.0,4.0,0.0,0.0,D,0.0,0.0,D,11.0,12.0,3.0,1.0,13.0,12.0,9.0,7.0,4.0,2.0,0.0,0.0,1.93,3.42,4.23
E0,2020-07-20,Sheffield United,Everton,1729.4,1737.68,6.0,10.0,2.0,5.0,0.0,1.0,A,0.0,0.0,D,8.0,5.0,0.0,2.0,11.0,19.0,7.0,1.0,1.0,3.0,0.0,0.0,2.17,3.29,3.52
E0,2020-07-20,Wolves,Crystal Palace,1789.94,1693.46,4.0,7.0,0.0,0.0,2.0,0.0,H,1.0,0.0,H,11.0,7.0,5.0,3.0,11.0,15.0,5.0,2.0,2.0,1.0,0.0,0.0,1.5,4.03,7.72
E0,2020-07-21,Watford,Man City,1672.28,1986.37,6.0,6.0,9.0,12.0,0.0,4.0,A,0.0,2.0,A,2.0,26.0,0.0,10.0,14.0,11.0,0.0,8.0,2.0,0.0,0.0,0.0,8.62,5.6,1.33
E0,2020-07-21,Aston Villa,Arsenal,1607.38,1804.94,4.0,4.0,4.0,10.0,1.0,0.0,H,1.0,0.0,H,8.0,7.0,3.0,0.0,13.0,19.0,8.0,9.0,2.0,4.0,0.0,0.0,3.24,3.78,2.11
E0,2020-07-22,Man United,West Ham,1868.96,1682.96,7.0,13.0,6.0,10.0,1.0,1.0,D,0.0,1.0,A,11.0,12.0,4.0,3.0,10.0,9.0,2.0,3.0,3.0,1.0,0.0,0.0,1.24,6.38,11.56
E0,2020-07-22,Liverpool,Chelsea,2004.42,1824.38,4.0,7.0,6.0,9.0,5.0,3.0,H,3.0,1.0,H,10.0,10.0,7.0,5.0,8.0,11.0,6.0,0.0,1.0,0.0,0.0,0.0,2.04,3.7,3.51
E0,2020-07-26,Arsenal,Watford,1804.94,1672.28,3.0,7.0,3.0,6.0,3.0,2.0,H,3.0,1.0,H,13.0,19.0,5.0,6.0,9.0,12.0,4.0,8.0,3.0,3.0,0.0,0.0,1.93,3.89,3.72
E0,2020-07-26,Burnley,Brighton,1736.64,1648.1,5.0,9.0,2.0,5.0,1.0,2.0,A,1.0,1.0,D,13.0,14.0,2.0,4.0,11.0,11.0,6.0,7.0,3.0,0.0,0.0,0.0,2.32,3.44,3.09
E0,2020-07-26,Chelsea,Wolves,1824.38,1789.94,3.0,9.0,7.0,7.0,2.0,0.0,H,2.0,0.0,H,11.0,5.0,3.0,1.0,10.0,16.0,3.0,3.0,2.0,3.0,0.0,0.0,1.84,3.76,4.23
E0,2020-07-26,Crystal Palace,Tottenham,1693.46,1799.15,0.0,0.0,9.0,13.0,1.0,1.0,D,0.0,1.0,A,13.0,7.0,2.0,2.0,11.0,13.0,7.0,2.0,3.0,2.0,0.0,0.0,6.12,4.23,1.55
E0,2020-07-26,Everton,Bournemouth,1737.68,1632.91,4.0,5.0,3.0,4.0,1.0,3.0,A,1.0,2.0,A,13.0,13.0,5.0,7.0,11.0,9.0,2.0,5.0,1.0,0.0,0.0,0.0,2.24,3.78,2.98
E0,2020-07-26,Leicester,Man United,1779.36,1868.96,3.0,7.0,5.0,11.0,0.0,2.0,A,0.0,0.0,D,14.0,7.0,3.0,3.0,12.0,11.0,3.0,3.0,1.0,4.0,1.0,0.0,3.17,3.49,2.24
E0,2020-07-26,Man City,Norwich,1986.37,1550.65,9.0,12.0,0.0,0.0,5.0,0.0,H,2.0,0.0,H,31.0,5.0,10.0,4.0,7.0,4.0,9.0,0.0,1.0,1.0,0.0,0.0,1.07,12.8,30.42
E0,2020-07-26,Newcastle,Liverpool,1699.46,2004.42,1.0,2.0,4.0,10.0,1.0,3.0,A,1.0,1.0,D,3.0,14.0,2.0,6.0,11.0,5.0,2.0,4.0,1.0,0.0,0.0,0.0,7.6,4.99,1.4
E0,2020-07-26,Southampton,Sheffield United,1712.57,1729.4,5.0,9.0,3.0,7.0,3.0,1.0,H,0.0,1.0,A,13.0,5.0,4.0,3.0,9.0,16.0,9.0,1.0,0.0,1.0,0.0,0.0,2.18,3.47,3.34
E0,2020-07-26,West Ham,Aston Villa,1682.96,1607.38,7.0,8.0,7.0,7.0,1.0,1.0,D,0.0,0.0,D,10.0,13.0,1.0,4.0,16.0,13.0,0.0,7.0,2.0,1.0,0.0,0.0,3.05,3.57,2.28
E0,2020-09-12,Fulham,Arsenal,1591.55,1799.52,5.0,11.0,6.0,7.0,0.0,3.0,A,0.0,1.0,A,5.0,13.0,2.0,6.0,12.0,12.0,2.0,3.0,2.0,2.0,0.0,0.0,5.94,4.34,1.55
E0,2020-09-12,Crystal Palace,Southampton,1673.69,1720.21,1.0,1.0,7.0,9.0,1.0,0.0,H,1.0,0.0,H,5.0,9.0,3.0,5.0,14.0,11.0,7.0,3.0,2.0,1.0,0.0,0.0,3.18,3.22,2.39
E0,2020-09-12,Liverpool,Leeds,1991.63,1624.62,6.0,10.0,9.0,15.0,4.0,3.0,H,3.0,2.0,H,22.0,6.0,6.0,3.0,9.0,6.0,9.0,0.0,1.0,0.0,0.0,0.0,1.3,5.96,9.68
E0,2020-09-12,West Ham,Newcastle,1685.76,1677.56,5.0,8.0,1.0,1.0,0.0,2.0,A,0.0,0.0,D,15.0,15.0,3.0,2.0,13.0,7.0,8.0,7.0,2.0,2.0,0.0,0.0,2.15,3.48,3.42
E0,2020-09-13,West Brom,Leicester,1593.79,1757.99,2.0,6.0,3.0,4.0,0.0,3.0,A,0.0,0.0,D,7.0,13.0,1.0,7.0,12.0,9.0,2.0,5.0,1.0,1.0,0.0,0.0,3.87,3.57,1.97
E0,2020-09-13,Tottenham,Everton,1807.71,1715.94,7.0,11.0,4.0,5.0,0.0,1.0,A,0.0,0.0,D,9.0,15.0,5.0,4.0,15.0,7.0,5.0,3.0,1.0,0.0,0.0,0.0,1.9,3.55,4.2
E0,2020-09-14,Sheffield United,Wolves,1693.68,1778.45,0.0,6.0,4.0,7.0,0.0,2.0,A,0.0,2.0,A,9.0,11.0,2.0,4.0,13.0,7.0,12.0,5.0,2.0,1.0,0.0,0.0,3.36,3.0,2.41
E0,2020-09-14,Brighton,Chelsea,1653.63,1818.56,5.0,5.0,6.0,9.0,1.0,3.0,A,0.0,1.0,A,13.0,10.0,3.0,5.0,8.0,13.0,4.0,3.0,1.0,0.0,0.0,0.0,5.12,4.13,1.65
E0,2020-09-19,Everton,West Brom,1727.31,1585.29,6.0,7.0,1.0,3.0,5.0,2.0,H,2.0,1.0,H,17.0,6.0,7.0,4.0,9.0,11.0,11.0,1.0,1.0,0.0,0.0,1.0,1.54,4.25,6.3
E0,2020-09-19,Leeds,Fulham,1623.53,1584.41,6.0,12.0,4.0,8.0,4.0,3.0,H,2.0,1.0,H,10.0,14.0,7.0,6.0,13.0,18.0,5.0,3.0,1.0,2.0,0.0,0.0,1.64,3.97,5.5
E0,2020-09-19,Man United,Crystal Palace,1860.73,1681.91,7.0,11.0,4.0,4.0,1.0,3.0,A,0.0,1.0,A,13.0,14.0,4.0,5.0,13.0,10.0,9.0,3.0,2.0,1.0,0.0,0.0,1.32,5.57,9.56
E0,2020-09-19,Arsenal,West Ham,1806.66,1672.36,6.0,9.0,2.0,8.0,2.0,1.0,H,1.0,1.0,D,7.0,14.0,3.0,3.0,11.0,13.0,7.0,5.0,0.0,1.0,0.0,0.0,1.53,4.51,5.91
E0,2020-09-20,Southampton,Tottenham,1711.99,1796.34,6.0,8.0,4.0,10.0,2.0,5.0,A,1.0,1.0,D,14.0,9.0,7.0,6.0,16.0,18.0,3.0,2.0,4.0,3.0,0.0,0.0,3.1,3.35,2.37
E0,2020-09-20,Newcastle,Brighton,1690.96,1646.71,4.0,4.0,4.0,5.0,0.0,3.0,A,0.0,2.0,A,6.0,13.0,0.0,6.0,16.0,15.0,7.0,1.0,3.0,0.0,0.0,1.0,2.68,3.15,2.82
E0,2020-09-20,Chelsea,Liverpool,1825.48,1992.73,6.0,9.0,9.0,10.0,0.0,2.0,A,0.0,0.0,D,5.0,18.0,3.0,6.0,10.0,6.0,1.0,11.0,0.0,0.0,1.0,0.0,3.15,3.72,2.18
E0,2020-09-20,Leicester,Burnley,1766.49,1722.7,3.0,6.0,4.0,8.0,4.0,2.0,H,1.0,1.0,D,14.0,16.0,6.0,5.0,11.0,13.0,15.0,4.0,1.0,2.0,0.0,0.0,1.63,3.98,5.64
E0,2020-09-21,Aston Villa,Sheffield United,1618.25,1683.67,5.0,8.0,0.0,3.0,1.0,0.0,H,0.0,0.0,D,18.0,4.0,2.0,1.0,12.0,13.0,10.0,4.0,3.0,1.0,0.0,1.0,2.71,3.19,2.75
E0,2020-09-21,Wolves,Man City,1788.46,1967.78,6.0,10.0,9.0,15.0,1.0,3.0,A,0.0,2.0,A,10.0,14.0,1.0,9.0,6.0,8.0,4.0,6.0,0.0,3.0,0.0,0.0,6.11,4.35,1.54
E0,2020-09-26,Brighton,Man United,1646.71,1860.73,6.0,8.0,4.0,8.0,2.0,3.0,A,1.0,1.0,D,18.0,7.0,5.0,3.0,18.0,16.0,7.0,1.0,4.0,2.0,0.0,0.0,4.83,3.75,1.75
E0,2020-09-26,Crystal Palace,Everton,1681.91,1727.31,7.0,7.0,6.0,10.0,1.0,2.0,A,1.0,2.0,A,8.0,10.0,1.0,5.0,16.0,15.0,7.0,6.0,3.0,1.0,0.0,0.0,3.69,3.32,2.12
E0,2020-09-26,West Brom,Chelsea,1585.29,1825.48,1.0,2.0,6.0,9.0,3.0,3.0,D,3.0,0.0,H,9.0,22.0,3.0,10.0,8.0,16.0,3.0,9.0,1.0,3.0,0.0,0.0,8.24,5.02,1.38
E0,2020-09-26,Burnley,Southampton,1722.7,1711.99,3.0,5.0,3.0,7.0,0.0,1.0,A,0.0,1.0,A,10.0,5.0,2.0,1.0,8.0,10.0,8.0,2.0,1.0,0.0,0.0,0.0,3.3,3.25,2.31
E0,2020-09-27,Sheffield United,Leeds,1683.67,1623.53,0.0,0.0,6.0,12.0,0.0,1.0,A,0.0,0.0,D,14.0,17.0,4.0,9.0,18.0,4.0,5.0,7.0,2.0,1.0,0.0,0.0,2.72,3.37,2.63
E0,2020-09-27,Tottenham,Newcastle,1796.34,1690.96,4.0,10.0,3.0,4.0,1.0,1.0,D,1.0,0.0,H,23.0,6.0,12.0,1.0,15.0,9.0,10.0,4.0,1.0,4.0,0.0,0.0,1.47,4.5,6.95
E0,2020-09-27,Man City,Leicester,1967.78,1766.49,9.0,15.0,6.0,9.0,2.0,5.0,A,1.0,1.0,D,16.0,7.0,5.0,7.0,13.0,8.0,3.0,4.0,1.0,3.0,0.0,0.0,1.29,5.93,9.68
E0,2020-09-27,West Ham,Wolves,1672.36,1788.46,1.0,5.0,3.0,7.0,4.0,0.0,H,1.0,0.0,H,15.0,11.0,7.0,2.0,7.0,11.0,1.0,3.0,0.0,1.0,0.0,0.0,3.74,3.38,2.07
E0,2020-09-28,Fulham,Aston Villa,1584.41,1618.25,1.0,5.0,7.0,11.0,0.0,3.0,A,0.0,2.0,A,16.0,12.0,3.0,5.0,18.0,14.0,5.0,3.0,6.0,3.0,0.0,0.0,2.92,3.26,2.52
E0,2020-09-28,Liverpool,Arsenal,1992.73,1806.66,9.0,12.0,9.0,12.0,3.0,1.0,H,2.0,1.0,H,21.0,4.0,8.0,3.0,11.0,7.0,7.0,3.0,2.0,2.0,0.0,0.0,1.49,4.68,6.3
E0,2020-10-03,Chelsea,Crystal Palace,1814.26,1693.22,4.0,7.0,6.0,7.0,4.0,0.0,H,0.0,0.0,D,17.0,4.0,6.0,0.0,17.0,13.0,8.0,5.0,2.0,0.0,0.0,0.0,1.43,4.77,7.39
E0,2020-10-03,Everton,Brighton,1743.02,1660.67,9.0,12.0,3.0,7.0,4.0,2.0,H,2.0,1.0,H,11.0,11.0,6.0,3.0,13.0,14.0,3.0,10.0,0.0,1.0,0.0,0.0,1.76,3.73,4.79
E0,2020-10-03,Leeds,Man City,1640.38,1951.98,6.0,12.0,6.0,12.0,1.0,1.0,D,0.0,1.0,A,12.0,23.0,7.0,2.0,11.0,12.0,7.0,10.0,2.0,1.0,0.0,0.0,7.45,5.34,1.38
E0,2020-10-03,Newcastle,Burnley,1678.23,1705.61,4.0,5.0,0.0,4.0,3.0,1.0,H,1.0,0.0,H,10.0,7.0,5.0,3.0,13.0,17.0,3.0,4.0,2.0,3.0,0.0,0.0,2.47,3.15,3.08
E0,2020-10-04,Leicester,West Ham,1798.5,1689.52,9.0,9.0,3.0,5.0,0.0,3.0,A,0.0,2.0,A,4.0,14.0,0.0,6.0,11.0,8.0,6.0,4.0,2.0,2.0,0.0,0.0,1.68,4.12,4.86
E0,2020-10-04,Southampton,West Brom,1710.29,1584.54,3.0,9.0,1.0,2.0,2.0,0.0,H,1.0,0.0,H,13.0,5.0,7.0,2.0,19.0,10.0,5.0,1.0,2.0,1.0,0.0,0.0,1.76,3.86,4.58
E0,2020-10-04,Arsenal,Sheffield United,1806.9,1665.33,6.0,9.0,0.0,0.0,2.0,1.0,H,0.0,0.0,D,6.0,6.0,5.0,2.0,3.0,9.0,2.0,4.0,0.0,1.0,0.0,0.0,1.56,4.09,6.25
E0,2020-10-04,Wolves,Fulham,1762.35,1566.02,3.0,6.0,0.0,4.0,1.0,0.0,H,0.0,0.0,D,14.0,10.0,5.0,2.0,15.0,8.0,6.0,2.0,1.0,1.0,0.0,0.0,1.51,4.07,7.19
E0,2020-10-04,Man United,Tottenham,1847.26,1806.49,6.0,10.0,4.0,8.0,1.0,6.0,A,1.0,4.0,A,5.0,22.0,2.0,8.0,14.0,10.0,2.0,4.0,2.0,1.0,1.0,0.0,1.92,3.71,3.97
E0,2020-10-04,Aston Villa,Liverpool,1640.96,2004.49,7.0,11.0,9.0,15.0,7.0,2.0,H,4.0,1.0,H,18.0,14.0,11.0,8.0,7.0,10.0,2.0,7.0,2.0,1.0,0.0,0.0,9.35,5.41,1.33
E0,2020-10-17,Everton,Liverpool,1751.31,1970.78,9.0,12.0,6.0,12.0,2.0,2.0,D,1.0,1.0,D,11.0,22.0,5.0,8.0,15.0,9.0,2.0,5.0,3.0,2.0,1.0,0.0,3.91,4.08,1.85
E0,2020-10-17,Chelsea,Southampton,1823.93,1717.06,4.0,10.0,6.0,9.0,3.0,3.0,D,2.0,1.0,H,11.0,13.0,5.0,6.0,11.0,9.0,6.0,2.0,1.0,1.0,0.0,0.0,1.53,4.56,5.92
E0,2020-10-17,Man City,Arsenal,1946.12,1811.67,4.0,10.0,6.0,12.0,1.0,0.0,H,1.0,0.0,H,13.0,11.0,5.0,3.0,15.0,10.0,6.0,6.0,4.0,1.0,0.0,0.0,1.49,4.85,6.09
E0,2020-10-17,Newcastle,Man United,1690.58,1825.89,4.0,7.0,3.0,7.0,1.0,4.0,A,1.0,1.0,D,7.0,28.0,4.0,14.0,9.0,12.0,0.0,7.0,1.0,1.0,0.0,0.0,4.78,4.08,1.7
E0,2020-10-18,Sheffield United,Fulham,1662.18,1563.8,0.0,0.0,0.0,1.0,1.0,1.0,D,0.0,0.0,D,10.0,15.0,6.0,6.0,5.0,9.0,2.0,5.0,0.0,2.0,0.0,0.0,2.11,3.32,3.74
E0,2020-10-18,Crystal Palace,Brighton,1685.17,1653.99,3.0,7.0,3.0,6.0,1.0,1.0,D,1.0,0.0,H,1.0,20.0,1.0,3.0,13.0,12.0,2.0,5.0,3.0,2.0,0.0,1.0,2.68,3.25,2.76
E0,2020-10-18,Tottenham,West Ham,1831.92,1710.38,7.0,8.0,6.0,7.0,3.0,3.0,D,3.0,0.0,H,11.0,13.0,6.0,4.0,13.0,12.0,3.0,7.0,0.0,5.0,0.0,0.0,1.62,4.19,5.34
E0,2020-10-18,Leicester,Aston Villa,1779.25,1676.29,6.0,9.0,9.0,13.0,0.0,1.0,A,0.0,0.0,D,11.0,10.0,5.0,4.0,18.0,18.0,2.0,7.0,4.0,3.0,0.0,0.0,1.89,3.82,3.97
E0,2020-10-19,West Brom,Burnley,1579.39,1694.89,1.0,2.0,0.0,3.0,0.0,0.0,D,0.0,0.0,D,13.0,9.0,6.0,4.0,15.0,17.0,8.0,2.0,2.0,2.0,0.0,0.0,2.49,3.3,2.97
E0,2020-10-19,Leeds,Wolves,1647.85,1766.19,7.0,10.0,3.0,6.0,0.0,1.0,A,0.0,0.0,D,13.0,7.0,2.0,3.0,13.0,12.0,8.0,3.0,2.0,1.0,0.0,0.0,2.5,3.26,2.97
E0,2020-10-23,Aston Villa,Leeds,1676.29,1647.85,9.0,13.0,4.0,7.0,0.0,3.0,A,0.0,0.0,D,12.0,27.0,4.0,9.0,14.0,17.0,6.0,5.0,2.0,2.0,0.0,0.0,2.11,3.75,3.33
E0,2020-10-24,West Ham,Man City,1710.38,1946.12,7.0,7.0,4.0,10.0,1.0,1.0,D,1.0,0.0,H,6.0,14.0,2.0,7.0,14.0,6.0,2.0,10.0,2.0,0.0,0.0,0.0,7.2,5.16,1.41
E0,2020-10-24,Fulham,Crystal Palace,1563.8,1685.17,1.0,1.0,1.0,7.0,1.0,2.0,A,0.0,1.0,A,16.0,14.0,3.0,10.0,11.0,11.0,4.0,4.0,0.0,1.0,1.0,0.0,2.74,3.14,2.77
E0,2020-10-24,Man United,Chelsea,1825.89,1823.93,6.0,9.0,5.0,8.0,0.0,0.0,D,0.0,0.0,D,14.0,6.0,4.0,1.0,8.0,6.0,9.0,6.0,3.0,1.0,0.0,0.0,2.38,3.59,2.9
E0,2020-10-24,Liverpool,Sheffield United,1970.78,1662.18,4.0,10.0,1.0,1.0,2.0,1.0,H,1.0,1.0,D,17.0,13.0,5.0,2.0,7.0,15.0,7.0,3.0,0.0,3.0,0.0,0.0,1.25,6.36,11.55
E0,2020-10-25,Southampton,Everton,1717.06,1751.31,7.0,7.0,7.0,13.0,2.0,0.0,H,2.0,0.0,H,12.0,6.0,6.0,2.0,11.0,11.0,4.0,5.0,1.0,2.0,0.0,1.0,2.78,3.47,2.54
E0,2020-10-25,Wolves,Newcastle,1766.19,1690.58,6.0,9.0,4.0,7.0,1.0,1.0,D,0.0,0.0,D,16.0,5.0,3.0,2.0,10.0,10.0,2.0,3.0,0.0,1.0,0.0,0.0,1.78,3.49,5.16
E0,2020-10-25,Arsenal,Leicester,1811.67,1779.25,3.0,9.0,3.0,9.0,0.0,1.0,A,0.0,0.0,D,12.0,6.0,4.0,2.0,13.0,9.0,9.0,3.0,3.0,5.0,0.0,0.0,1.93,3.74,3.92
E0,2020-10-26,Brighton,West Brom,1653.99,1579.39,1.0,4.0,2.0,2.0,1.0,1.0,D,1.0,0.0,H,5.0,9.0,3.0,3.0,14.0,7.0,6.0,2.0,2.0,0.0,0.0,0.0,1.75,3.93,4.61
E0,2020-10-26,Burnley,Tottenham,1694.89,1831.92,1.0,1.0,5.0,8.0,0.0,1.0,A,0.0,0.0,D,13.0,9.0,4.0,3.0,9.0,7.0,4.0,5.0,2.0,0.0,0.0,0.0,5.49,4.02,1.63
E0,2020-10-30,Wolves,Crystal Palace,1766.19,1685.17,7.0,7.0,4.0,7.0,2.0,0.0,H,2.0,0.0,H,15.0,11.0,5.0,2.0,13.0,4.0,7.0,6.0,0.0,2.0,0.0,1.0,2.05,3.13,4.27
E0,2020-10-31,Sheffield United,Man City,1662.18,1946.12,1.0,1.0,5.0,8.0,0.0,1.0,A,0.0,1.0,A,5.0,16.0,1.0,8.0,14.0,6.0,2.0,5.0,0.0,0.0,0.0,0.0,9.43,5.76,1.31
E0,2020-10-31,Burnley,Chelsea,1694.89,1823.93,1.0,1.0,5.0,6.0,0.0,3.0,A,0.0,1.0,A,5.0,14.0,0.0,9.0,10.0,15.0,3.0,4.0,1.0,0.0,0.0,0.0,6.05,4.37,1.54
E0,2020-10-31,Liverpool,West Ham,1970.78,1710.38,4.0,10.0,5.0,8.0,2.0,1.0,H,1.0,1.0,D,9.0,4.0,5.0,3.0,13.0,14.0,1.0,2.0,0.0,1.0,0.0,0.0,1.39,5.26,7.43
E0,2020-11-01,Aston Villa,Southampton,1687.51,1749.71,6.0,12.0,7.0,10.0,3.0,4.0,A,0.0,3.0,A,19.0,9.0,10.0,4.0,12.0,17.0,11.0,1.0,1.0,2.0,0.0,0.0,2.46,3.6,2.78
E0,2020-11-01,Newcastle,Everton,1701.44,1761.68,4.0,5.0,4.0,10.0,2.0,1.0,H,0.0,0.0,D,11.0,15.0,4.0,4.0,9.0,10.0,5.0,4.0,2.0,4.0,0.0,0.0,3.71,3.47,2.06
E0,2020-11-01,Man United,Arsenal,1877.63,1820.2,4.0,7.0,3.0,6.0,0.0,1.0,A,0.0,0.0,D,8.0,7.0,2.0,2.0,12.0,12.0,6.0,3.0,3.0,3.0,0.0,0.0,2.04,3.66,3.58
E0,2020-11-01,Tottenham,Brighton,1841.13,1670.11,7.0,11.0,2.0,5.0,2.0,1.0,H,1.0,0.0,H,9.0,6.0,3.0,2.0,14.0,13.0,4.0,5.0,2.0,1.0,0.0,0.0,1.63,4.17,5.29
E0,2020-11-02,Fulham,West Brom,1578.71,1601.77,1.0,1.0,2.0,3.0,2.0,0.0,H,2.0,0.0,H,13.0,10.0,6.0,1.0,13.0,11.0,5.0,2.0,3.0,2.0,0.0,0.0,2.44,3.32,3.01
E0,2020-11-02,Leeds,Leicester,1676.47,1802.63,4.0,10.0,3.0,9.0,1.0,4.0,A,0.0,2.0,A,11.0,10.0,4.0,8.0,9.0,5.0,10.0,3.0,1.0,1.0,0.0,0.0,2.56,3.56,2.68
E0,2020-11-06,Brighton,Burnley,1670.11,1695.47,2.0,2.0,1.0,1.0,0.0,0.0,D,0.0,0.0,D,19.0,4.0,3.0,1.0,11.0,5.0,5.0,3.0,1.0,0.0,0.0,0.0,1.9,3.48,4.42
E0,2020-11-06,Southampton,Newcastle,1749.71,1701.44,7.0,13.0,4.0,8.0,2.0,0.0,H,1.0,0.0,H,15.0,4.0,8.0,2.0,12.0,11.0,8.0,3.0,1.0,2.0,0.0,0.0,2.04,3.58,3.7
E0,2020-11-07,Everton,Man United,1761.68,1877.63,1.0,7.0,4.0,7.0,1.0,3.0,A,1.0,2.0,A,7.0,13.0,1.0,5.0,12.0,19.0,5.0,2.0,4.0,2.0,0.0,0.0,2.91,3.52,2.42
E0,2020-11-07,Crystal Palace,Leeds,1698.5,1676.47,4.0,4.0,3.0,7.0,4.0,1.0,H,3.0,1.0,H,10.0,9.0,6.0,3.0,9.0,1.0,3.0,6.0,0.0,2.0,0.0,0.0,2.92,3.37,2.47
E0,2020-11-07,Chelsea,Sheffield United,1854.57,1671.59,5.0,9.0,1.0,1.0,4.0,1.0,H,2.0,1.0,H,20.0,6.0,9.0,3.0,5.0,14.0,6.0,7.0,0.0,2.0,0.0,0.0,1.39,4.93,8.23
E0,2020-11-07,West Ham,Fulham,1734.86,1578.71,2.0,8.0,4.0,4.0,1.0,0.0,H,0.0,0.0,D,16.0,13.0,7.0,3.0,10.0,9.0,9.0,5.0,2.0,2.0,0.0,0.0,1.83,3.82,4.23
E0,2020-11-08,West Brom,Tottenham,1601.77,1841.13,2.0,3.0,7.0,11.0,0.0,1.0,A,0.0,0.0,D,12.0,19.0,2.0,5.0,17.0,12.0,9.0,6.0,1.0,0.0,0.0,0.0,6.38,4.38,1.52
E0,2020-11-08,Leicester,Wolves,1802.63,1793.67,6.0,9.0,7.0,10.0,1.0,0.0,H,1.0,0.0,H,10.0,7.0,3.0,2.0,12.0,8.0,6.0,3.0,2.0,3.0,0.0,0.0,2.38,3.14,3.28
E0,2020-11-08,Man City,Liverpool,1973.09,1992.73,7.0,8.0,7.0,10.0,1.0,1.0,D,1.0,1.0,D,7.0,10.0,2.0,3.0,19.0,11.0,1.0,2.0,3.0,1.0,0.0,0.0,1.99,4.03,3.42
E0,2020-11-08,Arsenal,Aston Villa,1820.2,1687.51,3.0,6.0,3.0,9.0,0.0,3.0,A,0.0,1.0,A,13.0,15.0,2.0,6.0,11.0,13.0,3.0,8.0,0.0,0.0,0.0,0.0,1.7,3.97,4.92
E0,2020-11-21,Newcastle,Chelsea,1707.1,1870.15,4.0,7.0,7.0,11.0,0.0,2.0,A,0.0,1.0,A,8.0,14.0,1.0,3.0,11.0,12.0,7.0,4.0,2.0,0.0,0.0,0.0,6.39,4.54,1.5
E0,2020-11-21,Aston Villa,Brighton,1707.1,1672.07,3.0,9.0,2.0,3.0,1.0,2.0,A,0.0,1.0,A,15.0,7.0,4.0,3.0,5.0,18.0,12.0,3.0,2.0,1.0,0.0,1.0,2.19,3.61,3.21
E0,2020-11-21,Tottenham,Man City,1856.59,1981.81,9.0,13.0,5.0,9.0,2.0,0.0,H,1.0,0.0,H,4.0,22.0,2.0,5.0,13.0,19.0,0.0,10.0,2.0,2.0,0.0,0.0,4.1,4.03,1.81
E0,2020-11-21,Man United,West Brom,1867.11,1592.92,4.0,7.0,1.0,2.0,1.0,0.0,H,0.0,0.0,D,17.0,7.0,7.0,2.0,12.0,17.0,8.0,2.0,1.0,1.0,0.0,0.0,1.34,5.34,9.21
E0,2020-11-22,Fulham,Everton,1591.43,1749.59,3.0,4.0,0.0,4.0,2.0,3.0,A,1.0,3.0,A,14.0,9.0,6.0,7.0,14.0,10.0,2.0,5.0,2.0,0.0,0.0,0.0,3.93,3.79,1.9
E0,2020-11-22,Sheffield United,West Ham,1671.26,1744.23,0.0,1.0,4.0,8.0,0.0,1.0,A,0.0,0.0,D,9.0,15.0,5.0,3.0,7.0,6.0,2.0,6.0,0.0,0.0,0.0,0.0,3.06,3.26,2.43
E0,2020-11-22,Leeds,Arsenal,1660.92,1817.16,3.0,4.0,3.0,6.0,0.0,0.0,D,0.0,0.0,D,25.0,9.0,4.0,2.0,9.0,8.0,5.0,3.0,3.0,0.0,0.0,1.0,3.13,3.7,2.21
E0,2020-11-22,Liverpool,Leicester,2009.2,1829.92,7.0,8.0,9.0,9.0,3.0,0.0,H,2.0,0.0,H,24.0,11.0,13.0,4.0,15.0,6.0,10.0,3.0,0.0,2.0,0.0,0.0,1.9,3.92,3.82
E0,2020-11-23,Burnley,Crystal Palace,1700.77,1715.33,1.0,2.0,6.0,7.0,1.0,0.0,H,1.0,0.0,H,10.0,15.0,4.0,5.0,13.0,9.0,4.0,7.0,2.0,0.0,0.0,0.0,2.79,3.06,2.8
E0,2020-11-23,Wolves,Southampton,1792.35,1770.88,4.0,10.0,9.0,13.0,1.0,1.0,D,0.0,0.0,D,20.0,7.0,9.0,2.0,14.0,13.0,7.0,4.0,2.0,0.0,0.0,0.0,2.32,3.25,3.27
E0,2020-11-27,Crystal Palace,Newcastle,1715.33,1707.1,3.0,7.0,3.0,4.0,0.0,2.0,A,0.0,0.0,D,12.0,14.0,3.0,7.0,9.0,10.0,7.0,3.0,2.0,2.0,0.0,0.0,2.15,3.21,3.74
E0,2020-11-28,Brighton,Liverpool,1672.07,2009.2,4.0,6.0,7.0,11.0,1.0,1.0,D,0.0,0.0,D,11.0,6.0,3.0,2.0,9.0,13.0,4.0,3.0,2.0,1.0,0.0,0.0,5.32,4.19,1.62
E0,2020-11-28,Man City,Burnley,1981.81,1700.77,4.0,8.0,4.0,5.0,5.0,0.0,H,3.0,0.0,H,19.0,9.0,6.0,1.0,12.0,4.0,6.0,4.0,0.0,0.0,0.0,0.0,1.17,7.84,16.81
E0,2020-11-28,Everton,Leeds,1749.59,1660.92,3.0,4.0,1.0,4.0,0.0,1.0,A,0.0,0.0,D,15.0,23.0,8.0,7.0,8.0,14.0,4.0,2.0,1.0,2.0,0.0,0.0,2.02,3.72,3.57
E0,2020-11-28,West Brom,Sheffield United,1592.92,1671.26,0.0,2.0,0.0,1.0,1.0,0.0,H,1.0,0.0,H,17.0,21.0,6.0,5.0,10.0,9.0,14.0,9.0,2.0,3.0,0.0,0.0,2.6,3.17,2.9
E0,2020-11-29,Southampton,Man United,1770.88,1867.11,7.0,11.0,6.0,10.0,2.0,3.0,A,2.0,0.0,H,10.0,15.0,5.0,6.0,12.0,12.0,5.0,9.0,1.0,0.0,0.0,0.0,3.8,3.57,2.0
E0,2020-11-29,Chelsea,Tottenham,1870.15,1856.59,9.0,11.0,9.0,13.0,0.0,0.0,D,0.0,0.0,D,13.0,5.0,3.0,1.0,20.0,9.0,3.0,3.0,4.0,2.0,0.0,0.0,2.1,3.52,3.53
E0,2020-11-29,Arsenal,Wolves,1817.16,1792.35,4.0,4.0,4.0,8.0,1.0,2.0,A,1.0,2.0,A,13.0,11.0,2.0,5.0,13.0,13.0,8.0,4.0,3.0,4.0,0.0,0.0,2.13,3.28,3.72
E0,2020-11-30,Leicester,Fulham,1829.92,1591.43,6.0,9.0,3.0,4.0,1.0,2.0,A,0.0,2.0,A,16.0,10.0,3.0,5.0,9.0,21.0,6.0,5.0,0.0,2.0,0.0,0.0,1.54,4.35,6.15
E0,2020-11-30,West Ham,Aston Villa,1744.23,1707.1,6.0,8.0,3.0,6.0,2.0,1.0,H,1.0,1.0,D,6.0,16.0,2.0,6.0,20.0,7.0,3.0,7.0,1.0,1.0,0.0,0.0,2.32,3.57,3.01
E0,2020-12-05,Burnley,Everton,1702.03,1741.76,4.0,4.0,3.0,3.0,1.0,1.0,D,1.0,1.0,D,8.0,13.0,3.0,6.0,6.0,9.0,8.0,4.0,0.0,0.0,0.0,0.0,4.02,3.5,1.97
E0,2020-12-05,Man City,Fulham,1974.16,1599.09,4.0,8.0,3.0,6.0,2.0,0.0,H,2.0,0.0,H,16.0,6.0,6.0,1.0,7.0,6.0,9.0,3.0,0.0,0.0,0.0,0.0,1.12,9.74,21.84
E0,2020-12-05,West Ham,Man United,1755.27,1876.23,9.0,10.0,9.0,10.0,1.0,3.0,A,1.0,0.0,H,19.0,15.0,6.0,6.0,9.0,10.0,5.0,4.0,0.0,0.0,0.0,0.0,3.62,3.57,2.05
E0,2020-12-05,Chelsea,Leeds,1877.78,1673.65,7.0,11.0,4.0,7.0,3.0,1.0,H,1.0,1.0,D,23.0,8.0,11.0,3.0,12.0,9.0,8.0,4.0,0.0,2.0,0.0,0.0,1.54,4.5,5.82
E0,2020-12-06,West Brom,Crystal Palace,1598.51,1692.95,3.0,4.0,3.0,6.0,1.0,5.0,A,1.0,1.0,D,9.0,18.0,4.0,6.0,10.0,16.0,4.0,6.0,2.0,2.0,1.0,0.0,2.9,3.21,2.58
E0,2020-12-06,Sheffield United,Leicester,1653.21,1805.05,0.0,0.0,3.0,9.0,1.0,2.0,A,1.0,1.0,D,4.0,13.0,1.0,4.0,13.0,6.0,6.0,5.0,1.0,3.0,0.0,0.0,3.86,3.49,2.01
E0,2020-12-06,Tottenham,Arsenal,1873.09,1807.75,7.0,13.0,1.0,4.0,2.0,0.0,H,2.0,0.0,H,6.0,11.0,3.0,2.0,16.0,12.0,3.0,9.0,1.0,2.0,0.0,0.0,2.01,3.54,3.79
E0,2020-12-06,Liverpool,Wolves,1986.29,1798.93,5.0,11.0,4.0,8.0,4.0,0.0,H,1.0,0.0,H,11.0,9.0,6.0,3.0,8.0,14.0,4.0,6.0,1.0,1.0,0.0,0.0,1.52,4.25,6.59
E0,2020-12-07,Brighton,Southampton,1686.75,1764.36,5.0,6.0,4.0,10.0,1.0,2.0,A,1.0,1.0,D,12.0,10.0,4.0,3.0,12.0,12.0,4.0,3.0,3.0,3.0,0.0,0.0,2.52,3.36,2.86
E0,2020-12-11,Leeds,West Ham,1673.65,1755.27,4.0,4.0,6.0,9.0,1.0,2.0,A,1.0,1.0,D,13.0,19.0,7.0,8.0,12.0,10.0,5.0,6.0,1.0,2.0,0.0,0.0,2.18,3.67,3.2
E0,2020-12-12,Wolves,Aston Villa,1798.93,1690.01,4.0,7.0,3.0,3.0,0.0,1.0,A,0.0,0.0,D,16.0,13.0,7.0,2.0,23.0,15.0,5.0,8.0,2.0,5.0,0.0,0.0,2.34,3.27,3.21
E0,2020-12-12,Newcastle,West Brom,1711.64,1598.51,3.0,7.0,3.0,3.0,2.0,1.0,H,1.0,0.0,H,12.0,13.0,7.0,3.0,9.0,12.0,4.0,3.0,2.0,3.0,0.0,0.0,2.51,3.25,2.95
E0,2020-12-12,Man United,Man City,1876.23,1974.16,9.0,12.0,6.0,10.0,0.0,0.0,D,0.0,0.0,D,11.0,9.0,2.0,2.0,13.0,6.0,4.0,3.0,1.0,1.0,0.0,0.0,4.39,4.16,1.74
E0,2020-12-12,Everton,Chelsea,1741.76,1877.78,4.0,4.0,7.0,13.0,1.0,0.0,H,1.0,0.0,H,9.0,10.0,4.0,3.0,10.0,11.0,6.0,6.0,2.0,3.0,0.0,0.0,4.36,4.12,1.75
E0,2020-12-13,Southampton,Sheffield United,1764.36,1653.21,4.0,10.0,0.0,0.0,3.0,0.0,H,1.0,0.0,H,16.0,3.0,6.0,0.0,8.0,14.0,8.0,4.0,0.0,1.0,0.0,0.0,1.72,3.83,4.95
E0,2020-12-13,Crystal Palace,Tottenham,1692.95,1873.09,3.0,6.0,7.0,13.0,1.0,1.0,D,0.0,1.0,A,16.0,14.0,5.0,6.0,15.0,11.0,4.0,7.0,1.0,1.0,0.0,0.0,4.71,3.75,1.76
E0,2020-12-13,Fulham,Liverpool,1599.09,1986.29,3.0,6.0,7.0,11.0,1.0,1.0,D,1.0,0.0,H,10.0,12.0,5.0,6.0,9.0,5.0,6.0,8.0,3.0,1.0,0.0,0.0,8.44,5.66,1.34
E0,2020-12-13,Arsenal,Burnley,1807.75,1702.03,1.0,4.0,4.0,5.0,0.0,1.0,A,0.0,0.0,D,18.0,10.0,6.0,2.0,5.0,11.0,13.0,4.0,2.0,1.0,1.0,0.0,1.54,4.22,6.42
E0,2020-12-13,Leicester,Brighton,1805.05,1686.75,3.0,9.0,4.0,5.0,3.0,0.0,H,3.0,0.0,H,15.0,12.0,6.0,4.0,9.0,11.0,9.0,5.0,2.0,1.0,0.0,0.0,2.03,3.49,3.76
E0,2020-12-15,Wolves,Chelsea,1773.47,1872.55,3.0,4.0,4.0,10.0,2.0,1.0,H,0.0,0.0,D,12.0,13.0,4.0,3.0,12.0,12.0,5.0,6.0,2.0,2.0,0.0,0.0,5.44,3.79,1.68
E0,2020-12-15,Man City,West Brom,1964.96,1573.52,7.0,8.0,3.0,3.0,1.0,1.0,D,1.0,1.0,D,26.0,5.0,7.0,1.0,5.0,8.0,13.0,2.0,2.0,3.0,0.0,0.0,1.12,9.96,22.77
E0,2020-12-16,Arsenal,Southampton,1785.37,1771.36,0.0,1.0,6.0,10.0,1.0,1.0,D,0.0,1.0,A,9.0,13.0,4.0,3.0,13.0,13.0,2.0,7.0,1.0,3.0,1.0,0.0,2.25,3.47,3.19
E0,2020-12-16,Leeds,Newcastle,1655.56,1708.46,3.0,4.0,6.0,9.0,5.0,2.0,H,1.0,1.0,D,25.0,10.0,10.0,4.0,10.0,13.0,7.0,4.0,3.0,1.0,0.0,0.0,1.76,3.89,4.49
E0,2020-12-16,Leicester,Everton,1799.85,1744.99,6.0,9.0,4.0,7.0,0.0,2.0,A,0.0,1.0,A,14.0,11.0,2.0,6.0,12.0,9.0,4.0,6.0,2.0,3.0,0.0,0.0,2.2,3.55,3.22
E0,2020-12-16,Fulham,Brighton,1597.64,1664.54,4.0,4.0,1.0,5.0,0.0,0.0,D,0.0,0.0,D,9.0,9.0,4.0,4.0,15.0,11.0,1.0,8.0,1.0,0.0,0.0,0.0,2.9,3.28,2.51
E0,2020-12-16,Liverpool,Tottenham,1972.5,1867.27,5.0,9.0,5.0,11.0,2.0,1.0,H,1.0,1.0,D,17.0,8.0,11.0,2.0,8.0,9.0,7.0,4.0,0.0,2.0,0.0,0.0,1.79,3.84,4.44
E0,2020-12-16,West Ham,Crystal Palace,1746.17,1702.27,6.0,12.0,4.0,7.0,1.0,1.0,D,0.0,1.0,A,9.0,8.0,2.0,2.0,8.0,12.0,5.0,3.0,0.0,1.0,0.0,1.0,2.1,3.4,3.64
E0,2020-12-17,Aston Villa,Burnley,1693.89,1706.22,3.0,6.0,4.0,8.0,0.0,0.0,D,0.0,0.0,D,27.0,6.0,7.0,4.0,17.0,19.0,11.0,1.0,1.0,1.0,0.0,0.0,1.74,3.84,4.73
E0,2020-12-17,Sheffield United,Man United,1632.52,1859.64,0.0,0.0,7.0,13.0,2.0,3.0,A,1.0,2.0,A,12.0,14.0,6.0,8.0,17.0,8.0,6.0,3.0,3.0,2.0,0.0,0.0,7.14,4.54,1.46
E0,2020-12-19,Crystal Palace,Liverpool,1702.27,1972.5,5.0,5.0,7.0,11.0,0.0,7.0,A,0.0,3.0,A,5.0,14.0,3.0,8.0,5.0,11.0,5.0,4.0,1.0,0.0,0.0,0.0,6.2,4.45,1.52
E0,2020-12-19,Southampton,Man City,1771.36,1964.96,7.0,8.0,5.0,8.0,0.0,1.0,A,0.0,1.0,A,9.0,11.0,3.0,5.0,9.0,11.0,6.0,6.0,2.0,2.0,0.0,0.0,6.48,4.63,1.48
E0,2020-12-19,Everton,Arsenal,1744.99,1785.37,7.0,10.0,1.0,2.0,2.0,1.0,H,2.0,1.0,H,9.0,13.0,2.0,2.0,9.0,9.0,4.0,3.0,1.0,3.0,0.0,0.0,2.42,3.44,2.93
E0,2020-12-19,Newcastle,Fulham,1708.46,1597.64,6.0,6.0,2.0,5.0,1.0,1.0,D,0.0,1.0,A,12.0,11.0,5.0,4.0,7.0,17.0,2.0,9.0,1.0,2.0,0.0,1.0,2.58,3.25,2.87
E0,2020-12-20,Brighton,Sheffield United,1664.54,1632.52,1.0,5.0,0.0,0.0,1.0,1.0,D,0.0,0.0,D,21.0,5.0,5.0,3.0,9.0,11.0,14.0,2.0,1.0,5.0,0.0,1.0,1.69,3.72,5.43
E0,2020-12-20,Tottenham,Leicester,1867.27,1799.85,4.0,8.0,6.0,6.0,0.0,2.0,A,0.0,1.0,A,8.0,17.0,3.0,4.0,15.0,14.0,5.0,3.0,2.0,2.0,0.0,0.0,2.08,3.48,3.62
E0,2020-12-20,Man United,Leeds,1859.64,1655.56,7.0,13.0,3.0,7.0,6.0,2.0,H,4.0,1.0,H,26.0,17.0,14.0,3.0,6.0,6.0,11.0,13.0,1.0,0.0,0.0,0.0,1.71,4.23,4.49
E0,2020-12-20,West Brom,Aston Villa,1573.52,1693.89,1.0,4.0,4.0,7.0,0.0,3.0,A,0.0,1.0,A,1.0,19.0,1.0,10.0,14.0,8.0,1.0,7.0,1.0,2.0,1.0,0.0,3.69,3.7,1.99
E0,2020-12-21,Burnley,Wolves,1706.22,1773.47,5.0,8.0,3.0,7.0,2.0,1.0,H,1.0,0.0,H,10.0,15.0,4.0,3.0,11.0,15.0,1.0,7.0,2.0,1.0,0.0,0.0,3.61,3.13,2.23
E0,2020-12-21,Chelsea,West Ham,1872.55,1746.17,3.0,7.0,4.0,10.0,3.0,0.0,H,1.0,0.0,H,11.0,6.0,7.0,0.0,11.0,6.0,5.0,4.0,0.0,0.0,0.0,0.0,1.49,4.63,6.29
E0,2020-12-26,Leicester,Man United,1799.85,1859.64,6.0,9.0,7.0,13.0,2.0,2.0,D,1.0,1.0,D,10.0,9.0,2.0,4.0,10.0,17.0,5.0,0.0,2.0,1.0,0.0,0.0,3.01,3.55,2.32
E0,2020-12-26,Aston Villa,Crystal Palace,1693.89,1702.27,7.0,7.0,2.0,5.0,3.0,0.0,H,1.0,0.0,H,21.0,13.0,10.0,6.0,18.0,16.0,4.0,4.0,1.0,4.0,1.0,0.0,1.94,3.75,3.8
E0,2020-12-26,Fulham,Southampton,1597.64,1771.36,3.0,6.0,4.0,7.0,0.0,0.0,D,0.0,0.0,D,10.0,3.0,1.0,2.0,15.0,12.0,6.0,3.0,2.0,0.0,0.0,0.0,3.19,3.32,2.32
E0,2020-12-26,Arsenal,Chelsea,1785.37,1872.55,1.0,1.0,3.0,7.0,3.0,1.0,H,2.0,0.0,H,15.0,19.0,7.0,3.0,13.0,10.0,7.0,9.0,2.0,1.0,0.0,0.0,4.06,3.59,1.93
E0,2020-12-26,Man City,Newcastle,1964.96,1708.46,5.0,11.0,4.0,7.0,2.0,0.0,H,1.0,0.0,H,11.0,7.0,6.0,2.0,5.0,12.0,7.0,3.0,2.0,2.0,0.0,0.0,1.12,9.31,23.28
E0,2020-12-26,Sheffield United,Everton,1632.52,1744.99,1.0,1.0,9.0,10.0,0.0,1.0,A,0.0,0.0,D,10.0,7.0,2.0,3.0,11.0,10.0,6.0,3.0,2.0,4.0,0.0,0.0,4.2,3.59,1.9
E0,2020-12-27,Leeds,Burnley,1655.56,1706.22,3.0,6.0,7.0,8.0,1.0,0.0,H,1.0,0.0,H,11.0,14.0,4.0,6.0,8.0,14.0,4.0,12.0,0.0,3.0,0.0,0.0,1.75,3.98,4.5
E0,2020-12-27,West Ham,Brighton,1746.17,1664.54,4.0,7.0,2.0,3.0,2.0,2.0,D,0.0,1.0,A,11.0,13.0,4.0,4.0,6.0,8.0,5.0,4.0,0.0,0.0,0.0,0.0,2.37,3.32,3.11
E0,2020-12-27,Liverpool,West Brom,1972.5,1573.52,7.0,11.0,1.0,4.0,1.0,1.0,D,1.0,0.0,H,17.0,5.0,2.0,3.0,8.0,5.0,8.0,3.0,0.0,1.0,0.0,0.0,1.13,9.05,20.61
E0,2020-12-27,Wolves,Tottenham,1773.47,1867.27,3.0,6.0,1.0,5.0,1.0,1.0,D,0.0,1.0,A,11.0,6.0,6.0,3.0,20.0,13.0,9.0,2.0,4.0,1.0,0.0,0.0,3.62,3.28,2.16
E0,2020-12-28,Crystal Palace,Leicester,1702.27,1799.85,1.0,5.0,4.0,10.0,1.0,1.0,D,0.0,0.0,D,4.0,17.0,1.0,3.0,10.0,7.0,2.0,5.0,0.0,1.0,0.0,0.0,3.81,3.52,2.01
E0,2020-12-28,Chelsea,Aston Villa,1872.55,1693.89,3.0,6.0,7.0,10.0,1.0,1.0,D,1.0,0.0,H,16.0,10.0,5.0,2.0,16.0,3.0,11.0,4.0,3.0,1.0,0.0,0.0,1.69,4.18,4.72
E0,2020-12-29,Brighton,Arsenal,1664.54,1785.37,3.0,3.0,4.0,4.0,0.0,1.0,A,0.0,0.0,D,13.0,11.0,2.0,3.0,11.0,4.0,5.0,4.0,2.0,0.0,0.0,0.0,3.22,3.38,2.29
E0,2020-12-29,Burnley,Sheffield United,1706.22,1632.52,4.0,8.0,1.0,1.0,1.0,0.0,H,1.0,0.0,H,5.0,7.0,3.0,3.0,13.0,17.0,3.0,5.0,1.0,2.0,0.0,0.0,2.41,3.15,3.22
E0,2020-12-29,Southampton,West Ham,1771.36,1746.17,2.0,8.0,2.0,5.0,0.0,0.0,D,0.0,0.0,D,8.0,8.0,3.0,3.0,16.0,15.0,4.0,3.0,3.0,1.0,0.0,0.0,2.19,3.48,3.33
E0,2020-12-29,West Brom,Leeds,1573.52,1655.56,2.0,2.0,6.0,6.0,0.0,5.0,A,0.0,4.0,A,4.0,14.0,1.0,6.0,7.0,10.0,3.0,10.0,0.0,1.0,0.0,0.0,3.59,3.67,2.03
E0,2020-12-29,Man United,Wolves,1859.64,1773.47,7.0,11.0,4.0,4.0,1.0,0.0,H,0.0,0.0,D,11.0,9.0,3.0,5.0,11.0,7.0,2.0,2.0,1.0,1.0,0.0,0.0,1.55,4.21,6.1
E0,2020-12-30,Newcastle,Liverpool,1708.46,1972.5,1.0,7.0,7.0,11.0,0.0,0.0,D,0.0,0.0,D,8.0,11.0,2.0,4.0,9.0,13.0,5.0,12.0,2.0,3.0,0.0,0.0,9.81,5.93,1.29
E0,2021-01-01,Everton,West Ham,1772.91,1735.36,9.0,13.0,2.0,6.0,0.0,1.0,A,0.0,0.0,D,10.0,11.0,2.0,5.0,9.0,7.0,5.0,4.0,2.0,0.0,0.0,0.0,2.15,3.44,3.5
E0,2021-01-01,Man United,Aston Villa,1873.16,1720.49,7.0,11.0,7.0,11.0,2.0,1.0,H,1.0,0.0,H,19.0,5.0,9.0,5.0,22.0,10.0,5.0,10.0,4.0,0.0,0.0,0.0,1.74,4.14,4.42
E0,2021-01-02,Tottenham,Leeds,1846.27,1687.72,1.0,5.0,6.0,9.0,3.0,0.0,H,2.0,0.0,H,20.0,18.0,7.0,5.0,15.0,13.0,3.0,5.0,2.0,1.0,1.0,0.0,1.8,4.05,4.15
E0,2021-01-02,Crystal Palace,Sheffield United,1687.11,1620.09,1.0,3.0,1.0,1.0,2.0,0.0,H,2.0,0.0,H,9.0,7.0,4.0,2.0,8.0,18.0,3.0,6.0,1.0,3.0,0.0,0.0,2.01,3.4,3.93
E0,2021-01-02,Brighton,Wolves,1658.85,1770.05,2.0,3.0,1.0,4.0,3.0,3.0,D,1.0,3.0,A,13.0,11.0,4.0,4.0,13.0,8.0,5.0,8.0,2.0,1.0,0.0,0.0,2.66,3.15,2.85
E0,2021-01-02,West Brom,Arsenal,1565.13,1795.33,1.0,2.0,6.0,7.0,0.0,4.0,A,0.0,2.0,A,7.0,21.0,3.0,12.0,7.0,4.0,3.0,5.0,1.0,2.0,0.0,0.0,5.78,4.01,1.61
E0,2021-01-03,Newcastle,Leicester,1693.43,1799.36,2.0,5.0,5.0,8.0,1.0,2.0,A,0.0,0.0,D,8.0,9.0,2.0,3.0,10.0,11.0,3.0,6.0,0.0,2.0,0.0,0.0,5.19,3.97,1.67
E0,2021-01-03,Chelsea,Man City,1852.19,1963.75,4.0,4.0,7.0,11.0,1.0,3.0,A,0.0,3.0,A,9.0,18.0,2.0,6.0,11.0,10.0,5.0,3.0,3.0,1.0,0.0,0.0,3.01,3.66,2.24
E0,2021-01-04,Southampton,Liverpool,1762.79,1970.0,2.0,6.0,5.0,9.0,1.0,0.0,H,1.0,0.0,H,7.0,17.0,3.0,1.0,5.0,12.0,1.0,10.0,1.0,3.0,0.0,0.0,4.89,4.24,1.65
E0,2021-01-12,Sheffield United,Newcastle,1620.09,1693.43,0.0,1.0,1.0,2.0,1.0,0.0,H,0.0,0.0,D,17.0,7.0,4.0,3.0,13.0,12.0,5.0,2.0,2.0,3.0,0.0,1.0,2.49,3.11,3.13
E0,2021-01-12,Burnley,Man United,1713.03,1873.16,6.0,10.0,7.0,13.0,0.0,1.0,A,0.0,0.0,D,11.0,13.0,0.0,7.0,15.0,13.0,3.0,4.0,1.0,2.0,0.0,0.0,7.03,4.56,1.47
E0,2021-01-12,Wolves,Everton,1770.05,1772.91,2.0,5.0,6.0,12.0,1.0,2.0,A,1.0,1.0,D,12.0,5.0,3.0,3.0,6.0,11.0,6.0,5.0,2.0,2.0,0.0,0.0,2.5,3.12,3.1
E0,2021-01-13,Man City,Brighton,1963.75,1658.85,9.0,11.0,2.0,4.0,1.0,0.0,H,1.0,0.0,H,16.0,5.0,6.0,1.0,4.0,12.0,8.0,4.0,0.0,2.0,0.0,0.0,1.18,7.48,15.78
E0,2021-01-13,Tottenham,Fulham,1846.27,1605.75,4.0,5.0,3.0,4.0,1.0,1.0,D,1.0,0.0,H,15.0,15.0,6.0,4.0,13.0,15.0,6.0,5.0,1.0,2.0,0.0,0.0,1.4,4.91,7.98
E0,2021-01-14,Arsenal,Crystal Palace,1795.33,1687.11,9.0,10.0,4.0,5.0,0.0,0.0,D,0.0,0.0,D,11.0,12.0,4.0,2.0,10.0,11.0,7.0,3.0,1.0,1.0,0.0,0.0,1.55,4.1,6.37
E0,2021-01-16,Wolves,West Brom,1758.83,1557.89,1.0,2.0,1.0,2.0,2.0,3.0,A,2.0,1.0,H,23.0,12.0,6.0,5.0,10.0,14.0,11.0,0.0,2.0,1.0,0.0,0.0,1.61,3.67,6.71
E0,2021-01-16,Leeds,Brighton,1681.71,1659.26,6.0,9.0,1.0,3.0,0.0,1.0,A,0.0,1.0,A,7.0,7.0,2.0,2.0,8.0,9.0,5.0,2.0,1.0,1.0,0.0,0.0,2.17,3.57,3.31
E0,2021-01-16,West Ham,Burnley,1745.33,1708.13,5.0,6.0,3.0,7.0,1.0,0.0,H,1.0,0.0,H,15.0,10.0,4.0,2.0,12.0,9.0,7.0,4.0,2.0,1.0,0.0,0.0,1.84,3.49,4.69
E0,2021-01-16,Fulham,Chelsea,1612.45,1843.69,3.0,5.0,1.0,4.0,0.0,1.0,A,0.0,0.0,D,10.0,21.0,3.0,6.0,11.0,10.0,1.0,12.0,2.0,3.0,1.0,0.0,6.3,4.21,1.55
E0,2021-01-16,Leicester,Southampton,1805.64,1774.94,5.0,8.0,5.0,6.0,2.0,0.0,H,1.0,0.0,H,16.0,8.0,5.0,3.0,10.0,11.0,2.0,5.0,2.0,2.0,0.0,0.0,1.8,3.72,4.58
E0,2021-01-17,Sheffield United,Tottenham,1621.52,1845.58,3.0,4.0,5.0,5.0,1.0,3.0,A,0.0,2.0,A,15.0,14.0,5.0,5.0,13.0,4.0,5.0,7.0,4.0,0.0,0.0,0.0,5.96,3.73,1.65
E0,2021-01-17,Liverpool,Man United,1957.86,1881.65,2.0,8.0,9.0,13.0,0.0,0.0,D,0.0,0.0,D,17.0,8.0,3.0,4.0,15.0,6.0,7.0,3.0,2.0,1.0,0.0,0.0,1.97,3.84,3.65
E0,2021-01-17,Man City,Crystal Palace,1973.87,1698.8,9.0,13.0,5.0,5.0,4.0,0.0,H,1.0,0.0,H,13.0,2.0,6.0,0.0,9.0,8.0,11.0,1.0,0.0,0.0,0.0,0.0,1.17,7.67,17.03
E0,2021-01-18,Arsenal,Newcastle,1798.69,1677.92,7.0,10.0,1.0,2.0,3.0,0.0,H,0.0,0.0,D,20.0,4.0,6.0,1.0,9.0,8.0,7.0,2.0,0.0,0.0,0.0,0.0,1.44,4.61,7.54
E0,2021-01-19,West Ham,West Brom,1745.33,1557.89,7.0,8.0,3.0,4.0,2.0,1.0,H,1.0,0.0,H,14.0,6.0,6.0,2.0,10.0,10.0,3.0,1.0,0.0,1.0,0.0,0.0,1.58,4.08,6.09
E0,2021-01-19,Leicester,Chelsea,1805.64,1843.69,7.0,11.0,4.0,7.0,2.0,0.0,H,2.0,0.0,H,8.0,9.0,6.0,5.0,7.0,16.0,6.0,3.0,1.0,3.0,0.0,0.0,2.9,3.41,2.49
E0,2021-01-20,Man City,Aston Villa,1973.87,1716.9,9.0,15.0,4.0,8.0,2.0,0.0,H,0.0,0.0,D,28.0,11.0,9.0,4.0,10.0,9.0,16.0,2.0,0.0,2.0,0.0,0.0,1.25,6.21,11.36
E0,2021-01-20,Fulham,Man United,1612.45,1881.65,2.0,4.0,7.0,11.0,1.0,2.0,A,1.0,1.0,D,12.0,15.0,5.0,5.0,6.0,10.0,2.0,8.0,3.0,1.0,0.0,0.0,6.05,4.31,1.55
E0,2021-01-21,Liverpool,Burnley,1957.86,1708.13,2.0,6.0,3.0,6.0,0.0,1.0,A,0.0,0.0,D,27.0,6.0,6.0,4.0,11.0,8.0,12.0,0.0,2.0,1.0,0.0,0.0,1.2,7.05,14.89
E0,2021-01-23,Aston Villa,Newcastle,1716.9,1677.92,1.0,7.0,0.0,1.0,2.0,0.0,H,2.0,0.0,H,14.0,7.0,5.0,1.0,9.0,18.0,5.0,4.0,0.0,3.0,0.0,0.0,1.5,4.53,6.37
E0,2021-01-26,Crystal Palace,West Ham,1698.8,1745.33,4.0,5.0,9.0,11.0,2.0,3.0,A,1.0,2.0,A,6.0,17.0,3.0,7.0,9.0,8.0,3.0,4.0,0.0,0.0,0.0,0.0,3.16,3.27,2.39
E0,2021-01-26,Newcastle,Leeds,1677.92,1681.71,0.0,1.0,3.0,6.0,1.0,2.0,A,0.0,1.0,A,22.0,9.0,5.0,2.0,10.0,15.0,9.0,5.0,1.0,3.0,0.0,0.0,3.83,3.83,1.93
E0,2021-01-26,Southampton,Arsenal,1774.94,1798.69,4.0,5.0,7.0,13.0,1.0,3.0,A,1.0,2.0,A,13.0,9.0,5.0,5.0,11.0,6.0,4.0,5.0,1.0,2.0,0.0,0.0,3.49,3.6,2.09
E0,2021-01-26,West Brom,Man City,1557.89,1973.87,3.0,4.0,9.0,15.0,0.0,5.0,A,0.0,4.0,A,4.0,18.0,1.0,7.0,8.0,8.0,3.0,8.0,2.0,0.0,0.0,0.0,15.44,7.06,1.2
E0,2021-01-27,Burnley,Aston Villa,1708.13,1716.9,3.0,6.0,3.0,7.0,3.0,2.0,H,0.0,1.0,A,10.0,18.0,5.0,10.0,16.0,7.0,2.0,4.0,1.0,0.0,0.0,0.0,3.84,3.53,2.0
E0,2021-01-27,Chelsea,Wolves,1843.69,1758.83,3.0,4.0,1.0,2.0,0.0,0.0,D,0.0,0.0,D,14.0,4.0,5.0,0.0,14.0,7.0,13.0,1.0,1.0,1.0,0.0,0.0,1.62,4.08,5.53
E0,2021-01-27,Brighton,Fulham,1659.26,1612.45,4.0,5.0,1.0,3.0,0.0,0.0,D,0.0,0.0,D,16.0,10.0,5.0,3.0,10.0,14.0,10.0,0.0,2.0,1.0,0.0,0.0,2.06,3.38,3.82
E0,2021-01-27,Everton,Leicester,1772.12,1805.64,6.0,12.0,9.0,11.0,1.0,1.0,D,1.0,0.0,H,8.0,19.0,2.0,6.0,12.0,10.0,5.0,11.0,1.0,1.0,0.0,0.0,2.83,3.25,2.61
E0,2021-01-27,Man United,Sheffield United,1881.65,1621.52,7.0,13.0,3.0,3.0,1.0,2.0,A,0.0,1.0,A,16.0,5.0,4.0,3.0,10.0,12.0,7.0,2.0,1.0,1.0,0.0,0.0,1.28,5.94,10.6
E0,2021-01-28,Tottenham,Liverpool,1845.58,1957.86,7.0,8.0,1.0,3.0,1.0,3.0,A,0.0,1.0,A,3.0,14.0,2.0,7.0,9.0,11.0,1.0,2.0,1.0,2.0,0.0,0.0,3.22,3.54,2.22
E0,2021-01-30,Everton,Newcastle,1772.12,1677.92,4.0,10.0,0.0,0.0,0.0,2.0,A,0.0,0.0,D,11.0,13.0,3.0,3.0,13.0,6.0,7.0,12.0,3.0,4.0,0.0,0.0,1.59,3.95,6.27
E0,2021-01-30,Crystal Palace,Wolves,1698.8,1758.83,1.0,5.0,1.0,2.0,1.0,0.0,H,0.0,0.0,D,11.0,6.0,2.0,4.0,7.0,10.0,1.0,6.0,1.0,2.0,0.0,0.0,2.96,3.1,2.61
E0,2021-01-30,Man City,Sheffield United,1973.87,1621.52,9.0,15.0,6.0,6.0,1.0,0.0,H,1.0,0.0,H,10.0,4.0,5.0,1.0,7.0,10.0,10.0,0.0,0.0,3.0,0.0,0.0,1.13,8.75,21.73
E0,2021-01-30,West Brom,Fulham,1557.89,1612.45,3.0,3.0,1.0,3.0,2.0,2.0,D,0.0,1.0,A,5.0,12.0,3.0,7.0,9.0,10.0,2.0,3.0,1.0,0.0,0.0,0.0,3.33,3.19,2.32
E0,2021-01-30,Arsenal,Man United,1798.69,1881.65,7.0,13.0,4.0,10.0,0.0,0.0,D,0.0,0.0,D,17.0,14.0,3.0,3.0,9.0,16.0,4.0,7.0,1.0,3.0,0.0,0.0,2.86,3.4,2.51
E0,2021-01-30,Southampton,Aston Villa,1774.94,1716.9,3.0,5.0,3.0,4.0,0.0,1.0,A,0.0,1.0,A,20.0,8.0,5.0,4.0,12.0,11.0,7.0,1.0,1.0,0.0,0.0,0.0,2.86,3.59,2.41
E0,2021-01-31,Chelsea,Burnley,1843.69,1708.13,4.0,5.0,6.0,9.0,2.0,0.0,H,1.0,0.0,H,19.0,1.0,8.0,0.0,7.0,9.0,4.0,2.0,0.0,1.0,0.0,0.0,1.34,5.15,9.64
E0,2021-01-31,Leicester,Leeds,1805.64,1681.71,7.0,11.0,3.0,9.0,1.0,3.0,A,1.0,1.0,D,18.0,8.0,8.0,7.0,17.0,16.0,6.0,4.0,0.0,3.0,0.0,0.0,1.82,4.02,4.11
E0,2021-01-31,West Ham,Liverpool,1745.33,1957.86,9.0,13.0,4.0,5.0,1.0,3.0,A,0.0,0.0,D,8.0,14.0,2.0,5.0,7.0,8.0,6.0,5.0,2.0,0.0,0.0,0.0,4.39,3.99,1.77
E0,2021-01-31,Brighton,Tottenham,1659.26,1845.58,4.0,5.0,4.0,8.0,1.0,0.0,H,1.0,0.0,H,16.0,8.0,5.0,4.0,11.0,11.0,9.0,2.0,2.0,1.0,0.0,0.0,3.12,3.36,2.35
E0,2021-02-02,Sheffield United,West Brom,1629.71,1565.8,3.0,6.0,1.0,4.0,2.0,1.0,H,0.0,1.0,A,14.0,8.0,6.0,4.0,11.0,9.0,9.0,2.0,2.0,1.0,0.0,0.0,2.05,3.3,3.99
E0,2021-02-02,Wolves,Arsenal,1739.54,1818.13,1.0,2.0,7.0,11.0,2.0,1.0,H,1.0,1.0,D,11.0,9.0,7.0,3.0,11.0,8.0,9.0,6.0,3.0,2.0,0.0,2.0,3.63,3.29,2.17
E0,2021-02-02,Man United,Southampton,1871.97,1745.28,4.0,8.0,0.0,4.0,9.0,0.0,H,4.0,0.0,H,24.0,3.0,14.0,1.0,11.0,6.0,5.0,3.0,2.0,3.0,0.0,2.0,1.44,4.73,7.22
E0,2021-02-02,Newcastle,Crystal Palace,1669.76,1696.49,3.0,3.0,3.0,7.0,1.0,2.0,A,1.0,2.0,A,21.0,6.0,5.0,3.0,14.0,11.0,9.0,1.0,1.0,3.0,0.0,0.0,2.91,3.15,2.63
E0,2021-02-03,Burnley,Man City,1717.27,1985.09,6.0,6.0,9.0,15.0,0.0,2.0,A,0.0,2.0,A,2.0,17.0,0.0,6.0,8.0,5.0,1.0,3.0,2.0,1.0,0.0,0.0,14.33,6.54,1.22
E0,2021-02-03,Fulham,Leicester,1608.27,1808.24,2.0,3.0,4.0,10.0,0.0,2.0,A,0.0,2.0,A,8.0,9.0,1.0,5.0,17.0,10.0,5.0,2.0,3.0,1.0,0.0,0.0,4.0,3.49,1.97
E0,2021-02-03,Leeds,Everton,1697.79,1756.05,6.0,9.0,4.0,7.0,1.0,2.0,A,0.0,2.0,A,16.0,10.0,7.0,6.0,12.0,12.0,7.0,1.0,2.0,3.0,0.0,0.0,2.47,3.63,2.75
E0,2021-02-03,Aston Villa,West Ham,1724.78,1756.22,6.0,6.0,6.0,12.0,1.0,3.0,A,0.0,0.0,D,9.0,20.0,2.0,10.0,11.0,15.0,7.0,3.0,1.0,1.0,0.0,0.0,2.21,3.43,3.33
E0,2021-02-03,Liverpool,Brighton,1955.27,1677.98,6.0,7.0,7.0,8.0,0.0,1.0,A,0.0,0.0,D,11.0,13.0,1.0,4.0,12.0,6.0,6.0,3.0,1.0,0.0,0.0,0.0,1.36,5.23,8.38
E0,2021-02-04,Tottenham,Chelsea,1829.83,1839.28,3.0,7.0,4.0,7.0,0.0,1.0,A,0.0,1.0,A,7.0,18.0,2.0,2.0,20.0,14.0,2.0,7.0,2.0,3.0,0.0,0.0,3.48,3.43,2.16
E0,2021-02-06,Aston Villa,Arsenal,1724.78,1818.13,3.0,6.0,4.0,8.0,1.0,0.0,H,1.0,0.0,H,12.0,14.0,8.0,3.0,12.0,12.0,3.0,7.0,3.0,2.0,0.0,0.0,2.74,3.47,2.56
E0,2021-02-06,Burnley,Brighton,1717.27,1677.98,3.0,6.0,7.0,10.0,1.0,1.0,D,0.0,1.0,A,20.0,10.0,7.0,2.0,8.0,10.0,8.0,7.0,2.0,0.0,0.0,0.0,3.58,3.17,2.22
E0,2021-02-06,Newcastle,Southampton,1669.76,1745.28,3.0,3.0,0.0,3.0,3.0,2.0,H,3.0,1.0,H,6.0,14.0,4.0,5.0,11.0,14.0,0.0,7.0,2.0,1.0,1.0,0.0,2.99,3.27,2.47
E0,2021-02-06,Fulham,West Ham,1608.27,1756.22,2.0,2.0,6.0,12.0,0.0,0.0,D,0.0,0.0,D,20.0,8.0,2.0,1.0,11.0,10.0,7.0,3.0,1.0,2.0,0.0,1.0,3.57,3.46,2.1
E0,2021-02-06,Man United,Everton,1871.97,1756.05,4.0,8.0,4.0,7.0,3.0,3.0,D,2.0,0.0,H,14.0,6.0,5.0,3.0,14.0,10.0,5.0,1.0,2.0,1.0,0.0,0.0,1.56,4.26,5.99
E0,2021-02-07,Tottenham,West Brom,1829.83,1565.8,0.0,4.0,1.0,4.0,2.0,0.0,H,0.0,0.0,D,13.0,4.0,6.0,1.0,16.0,12.0,8.0,0.0,1.0,2.0,0.0,0.0,1.46,4.51,7.23
E0,2021-02-07,Wolves,Leicester,1739.54,1808.24,4.0,4.0,4.0,10.0,0.0,0.0,D,0.0,0.0,D,13.0,13.0,1.0,3.0,11.0,15.0,8.0,2.0,1.0,3.0,0.0,0.0,3.52,3.37,2.16
E0,2021-02-07,Liverpool,Man City,1955.27,1985.09,6.0,7.0,9.0,15.0,1.0,4.0,A,0.0,0.0,D,8.0,8.0,3.0,5.0,13.0,8.0,6.0,1.0,2.0,1.0,0.0,0.0,3.37,3.63,2.12
E0,2021-02-07,Sheffield United,Chelsea,1629.71,1839.28,6.0,9.0,7.0,10.0,1.0,2.0,A,0.0,1.0,A,8.0,9.0,3.0,3.0,8.0,8.0,1.0,8.0,1.0,0.0,0.0,0.0,7.18,4.38,1.48
E0,2021-02-08,Leeds,Crystal Palace,1697.79,1696.49,6.0,6.0,6.0,7.0,2.0,0.0,H,1.0,0.0,H,17.0,8.0,7.0,3.0,7.0,8.0,5.0,3.0,0.0,2.0,0.0,0.0,1.86,3.82,4.06
E0,2021-02-13,Leicester,Liverpool,1808.24,1955.27,4.0,8.0,3.0,6.0,3.0,1.0,H,0.0,0.0,D,11.0,15.0,6.0,4.0,9.0,6.0,2.0,12.0,1.0,2.0,0.0,0.0,3.45,3.49,2.14
E0,2021-02-13,Crystal Palace,Burnley,1696.49,1717.27,6.0,6.0,1.0,7.0,0.0,3.0,A,0.0,2.0,A,13.0,16.0,3.0,4.0,15.0,14.0,7.0,4.0,0.0,0.0,0.0,0.0,2.42,3.11,3.22
E0,2021-02-13,Man City,Tottenham,1985.09,1829.83,9.0,15.0,3.0,6.0,3.0,0.0,H,1.0,0.0,H,15.0,7.0,6.0,3.0,12.0,13.0,4.0,2.0,1.0,3.0,0.0,0.0,1.33,5.56,8.65
E0,2021-02-13,Brighton,Aston Villa,1677.98,1724.78,7.0,11.0,6.0,9.0,0.0,0.0,D,0.0,0.0,D,26.0,4.0,9.0,1.0,16.0,12.0,9.0,2.0,2.0,3.0,0.0,0.0,2.77,3.4,2.56
E0,2021-02-14,Southampton,Wolves,1745.28,1739.54,0.0,0.0,4.0,5.0,1.0,2.0,A,1.0,0.0,H,7.0,10.0,3.0,4.0,10.0,9.0,4.0,6.0,2.0,2.0,0.0,0.0,2.42,3.21,3.12
E0,2021-02-14,West Brom,Man United,1565.8,1871.97,1.0,1.0,5.0,8.0,1.0,1.0,D,1.0,1.0,D,7.0,10.0,3.0,7.0,13.0,10.0,4.0,5.0,5.0,0.0,0.0,0.0,9.19,5.52,1.33
E0,2021-02-14,Arsenal,Leeds,1818.13,1697.79,1.0,7.0,6.0,9.0,4.0,2.0,H,3.0,0.0,H,13.0,9.0,5.0,5.0,8.0,17.0,4.0,5.0,0.0,2.0,0.0,0.0,1.89,3.77,3.98
E0,2021-02-14,Everton,Fulham,1756.05,1608.27,4.0,8.0,2.0,3.0,0.0,2.0,A,0.0,0.0,D,7.0,12.0,2.0,3.0,7.0,16.0,5.0,4.0,1.0,1.0,0.0,0.0,1.93,3.53,4.09
E0,2021-02-15,West Ham,Sheffield United,1763.46,1631.75,4.0,10.0,3.0,6.0,3.0,0.0,H,1.0,0.0,H,13.0,8.0,9.0,5.0,11.0,12.0,7.0,7.0,0.0,2.0,0.0,0.0,1.73,3.74,5.04
E0,2021-02-15,Chelsea,Newcastle,1851.41,1670.91,9.0,10.0,6.0,6.0,2.0,0.0,H,2.0,0.0,H,18.0,10.0,5.0,4.0,9.0,13.0,10.0,5.0,0.0,0.0,0.0,0.0,1.24,6.36,11.97
E0,2021-02-17,Burnley,Fulham,1726.47,1624.33,4.0,7.0,4.0,6.0,1.0,1.0,D,0.0,0.0,D,8.0,8.0,3.0,3.0,7.0,13.0,5.0,5.0,1.0,1.0,0.0,0.0,2.77,3.15,2.72
E0,2021-02-17,Everton,Man City,1749.36,2008.04,4.0,5.0,9.0,15.0,1.0,3.0,A,1.0,1.0,D,3.0,16.0,2.0,7.0,8.0,8.0,0.0,10.0,2.0,1.0,0.0,0.0,8.56,5.33,1.35
E0,2021-02-19,Wolves,Leeds,1758.13,1694.56,7.0,8.0,3.0,9.0,1.0,0.0,H,0.0,0.0,D,15.0,18.0,5.0,7.0,13.0,8.0,7.0,9.0,1.0,0.0,0.0,0.0,2.38,3.36,3.08
E0,2021-02-20,Southampton,Chelsea,1714.8,1851.41,0.0,0.0,9.0,13.0,1.0,1.0,D,1.0,0.0,H,4.0,9.0,1.0,3.0,10.0,10.0,3.0,6.0,1.0,1.0,0.0,0.0,4.93,3.76,1.74
E0,2021-02-20,Burnley,West Brom,1726.47,1563.86,5.0,5.0,1.0,2.0,0.0,0.0,D,0.0,0.0,D,6.0,10.0,1.0,3.0,16.0,10.0,5.0,5.0,3.0,0.0,0.0,1.0,2.04,3.31,3.96
E0,2021-02-20,Liverpool,Everton,1912.95,1749.36,0.0,6.0,1.0,4.0,0.0,2.0,A,0.0,1.0,A,15.0,9.0,6.0,6.0,10.0,10.0,7.0,2.0,2.0,1.0,0.0,0.0,1.47,4.59,6.79
E0,2021-02-20,Fulham,Sheffield United,1624.33,1631.75,5.0,6.0,3.0,6.0,1.0,0.0,H,0.0,0.0,D,15.0,4.0,7.0,2.0,11.0,14.0,6.0,4.0,1.0,2.0,0.0,0.0,2.2,3.19,3.61
E0,2021-02-21,West Ham,Tottenham,1763.46,1818.59,7.0,10.0,3.0,3.0,2.0,1.0,H,1.0,0.0,H,4.0,20.0,4.0,4.0,14.0,7.0,5.0,7.0,4.0,3.0,0.0,0.0,2.64,3.33,2.73
E0,2021-02-21,Aston Villa,Leicester,1723.39,1827.35,4.0,7.0,7.0,8.0,1.0,2.0,A,0.0,2.0,A,11.0,16.0,2.0,7.0,11.0,12.0,7.0,8.0,2.0,1.0,0.0,0.0,2.87,3.5,2.44
E0,2021-02-21,Arsenal,Man City,1805.93,2008.04,3.0,7.0,9.0,15.0,0.0,1.0,A,0.0,1.0,A,7.0,15.0,1.0,3.0,11.0,9.0,1.0,3.0,2.0,2.0,0.0,0.0,6.27,4.36,1.53
E0,2021-02-21,Man United,Newcastle,1874.21,1670.91,5.0,6.0,3.0,6.0,3.0,1.0,H,1.0,1.0,D,15.0,10.0,7.0,6.0,9.0,11.0,6.0,4.0,1.0,2.0,0.0,0.0,1.3,5.75,10.27
E0,2021-02-22,Brighton,Crystal Palace,1694.3,1678.95,5.0,9.0,3.0,6.0,1.0,2.0,A,0.0,1.0,A,25.0,3.0,5.0,2.0,11.0,6.0,13.0,0.0,2.0,0.0,0.0,0.0,1.74,3.53,5.36
E0,2021-02-23,Leeds,Southampton,1694.56,1714.8,3.0,6.0,1.0,1.0,3.0,0.0,H,0.0,0.0,D,11.0,13.0,7.0,5.0,11.0,13.0,2.0,4.0,1.0,2.0,0.0,0.0,2.34,3.47,3.06
E0,2021-02-27,Man City,West Ham,2008.04,1763.46,9.0,15.0,7.0,10.0,2.0,1.0,H,1.0,1.0,D,10.0,9.0,3.0,3.0,8.0,11.0,4.0,2.0,1.0,1.0,0.0,0.0,1.23,6.55,12.55
E0,2021-02-27,West Brom,Brighton,1563.86,1694.3,2.0,3.0,2.0,8.0,1.0,0.0,H,1.0,0.0,H,6.0,15.0,2.0,6.0,11.0,12.0,7.0,4.0,0.0,0.0,0.0,0.0,4.14,3.44,1.96
E0,2021-02-27,Leeds,Aston Villa,1694.56,1723.39,3.0,6.0,4.0,7.0,0.0,1.0,A,0.0,1.0,A,13.0,9.0,3.0,4.0,14.0,14.0,7.0,5.0,3.0,2.0,0.0,0.0,2.23,3.63,3.12
E0,2021-02-27,Newcastle,Wolves,1670.91,1758.13,3.0,6.0,7.0,10.0,1.0,1.0,D,0.0,0.0,D,19.0,14.0,7.0,4.0,11.0,13.0,3.0,5.0,2.0,0.0,0.0,0.0,3.51,3.12,2.28
E0,2021-02-28,Crystal Palace,Fulham,1678.95,1624.33,3.0,9.0,7.0,8.0,0.0,0.0,D,0.0,0.0,D,3.0,16.0,0.0,4.0,10.0,14.0,1.0,3.0,1.0,1.0,0.0,0.0,3.49,3.17,2.26
E0,2021-02-28,Leicester,Arsenal,1827.35,1805.93,7.0,10.0,3.0,4.0,1.0,3.0,A,1.0,2.0,A,8.0,12.0,3.0,4.0,15.0,3.0,2.0,7.0,2.0,1.0,0.0,0.0,2.51,3.34,2.89
E0,2021-02-28,Tottenham,Burnley,1818.59,1726.47,3.0,3.0,5.0,6.0,4.0,0.0,H,3.0,0.0,H,16.0,10.0,7.0,3.0,6.0,10.0,3.0,4.0,0.0,0.0,0.0,0.0,1.55,4.04,6.66
E0,2021-02-28,Chelsea,Man United,1851.41,1874.21,7.0,13.0,5.0,9.0,0.0,0.0,D,0.0,0.0,D,18.0,11.0,6.0,4.0,11.0,12.0,3.0,4.0,1.0,2.0,0.0,0.0,2.27,3.29,3.35
E0,2021-02-28,Sheffield United,Liverpool,1631.75,1912.95,0.0,3.0,0.0,3.0,0.0,2.0,A,0.0,0.0,D,8.0,16.0,2.0,8.0,9.0,9.0,4.0,3.0,0.0,0.0,0.0,0.0,7.56,4.94,1.41
E0,2021-03-01,Everton,Southampton,1770.33,1710.75,3.0,7.0,1.0,1.0,1.0,0.0,H,1.0,0.0,H,7.0,9.0,1.0,1.0,13.0,9.0,4.0,10.0,0.0,2.0,0.0,0.0,2.19,3.45,3.34
E0,2021-03-02,Man City,Wolves,2028.57,1768.55,9.0,15.0,7.0,11.0,4.0,1.0,H,1.0,0.0,H,22.0,6.0,10.0,1.0,9.0,5.0,10.0,2.0,0.0,1.0,0.0,0.0,1.22,6.41,15.26
E0,2021-03-03,Burnley,Leicester,1714.81,1803.04,2.0,6.0,6.0,10.0,1.0,1.0,D,1.0,1.0,D,12.0,15.0,7.0,4.0,6.0,12.0,5.0,8.0,0.0,2.0,0.0,0.0,3.97,3.3,2.05
E0,2021-03-03,Sheffield United,Aston Villa,1619.52,1732.35,0.0,3.0,4.0,7.0,1.0,0.0,H,1.0,0.0,H,9.0,16.0,2.0,4.0,13.0,6.0,2.0,7.0,1.0,0.0,1.0,0.0,3.73,3.44,2.07
E0,2021-03-03,Crystal Palace,Man United,1692.6,1895.59,4.0,7.0,5.0,9.0,0.0,0.0,D,0.0,0.0,D,8.0,11.0,2.0,1.0,4.0,13.0,4.0,6.0,1.0,0.0,0.0,0.0,7.56,4.6,1.44
E0,2021-03-04,Fulham,Tottenham,1644.29,1831.44,5.0,9.0,3.0,6.0,0.0,1.0,A,0.0,1.0,A,11.0,9.0,3.0,2.0,13.0,9.0,4.0,1.0,2.0,1.0,0.0,0.0,3.95,3.57,1.96
E0,2021-03-04,West Brom,Everton,1585.82,1770.33,5.0,5.0,6.0,7.0,0.0,1.0,A,0.0,0.0,D,11.0,11.0,3.0,3.0,9.0,7.0,3.0,3.0,3.0,1.0,0.0,0.0,4.43,3.67,1.84
E0,2021-03-04,Liverpool,Chelsea,1916.54,1868.27,3.0,3.0,5.0,11.0,0.0,1.0,A,0.0,1.0,A,7.0,11.0,1.0,5.0,9.0,8.0,5.0,2.0,0.0,0.0,0.0,0.0,2.26,3.59,3.1
E0,2021-03-06,Burnley,Arsenal,1714.81,1827.84,2.0,6.0,6.0,6.0,1.0,1.0,D,1.0,1.0,D,9.0,15.0,5.0,3.0,5.0,12.0,2.0,4.0,1.0,1.0,0.0,0.0,5.48,3.94,1.64
E0,2021-03-06,Sheffield United,Southampton,1619.52,1710.75,3.0,3.0,1.0,1.0,0.0,2.0,A,0.0,1.0,A,8.0,15.0,2.0,5.0,17.0,11.0,7.0,3.0,4.0,3.0,0.0,0.0,3.67,3.4,2.09
E0,2021-03-06,Aston Villa,Wolves,1732.35,1768.55,3.0,7.0,4.0,8.0,0.0,0.0,D,0.0,0.0,D,9.0,10.0,1.0,2.0,13.0,13.0,5.0,3.0,1.0,0.0,0.0,0.0,2.42,3.2,3.14
E0,2021-03-06,Brighton,Leicester,1681.25,1803.04,1.0,5.0,4.0,8.0,1.0,2.0,A,1.0,0.0,H,7.0,8.0,2.0,4.0,14.0,8.0,6.0,6.0,0.0,1.0,0.0,0.0,2.56,3.24,2.9
E0,2021-03-07,West Brom,Newcastle,1585.82,1670.96,4.0,5.0,1.0,4.0,0.0,0.0,D,0.0,0.0,D,13.0,9.0,3.0,5.0,11.0,10.0,9.0,7.0,0.0,0.0,0.0,0.0,2.45,3.2,3.09
E0,2021-03-07,Liverpool,Fulham,1916.54,1644.29,3.0,3.0,4.0,8.0,0.0,1.0,A,0.0,1.0,A,16.0,10.0,3.0,3.0,10.0,8.0,9.0,4.0,2.0,3.0,0.0,0.0,1.38,4.98,8.39
E0,2021-03-07,Man City,Man United,2028.57,1895.59,9.0,15.0,5.0,7.0,0.0,2.0,A,0.0,1.0,A,23.0,8.0,6.0,6.0,9.0,12.0,6.0,2.0,0.0,3.0,0.0,0.0,1.5,4.35,6.74
E0,2021-03-07,Tottenham,Crystal Palace,1831.44,1692.6,6.0,9.0,5.0,5.0,4.0,1.0,H,1.0,1.0,D,12.0,5.0,5.0,1.0,8.0,17.0,1.0,5.0,2.0,3.0,0.0,0.0,1.47,4.48,7.11
E0,2021-03-08,Chelsea,Everton,1868.27,1770.33,5.0,11.0,9.0,9.0,2.0,0.0,H,1.0,0.0,H,19.0,7.0,9.0,1.0,11.0,12.0,7.0,3.0,0.0,3.0,0.0,0.0,1.55,4.14,6.29
E0,2021-03-08,West Ham,Leeds,1783.98,1701.06,6.0,10.0,3.0,6.0,2.0,0.0,H,2.0,0.0,H,16.0,17.0,5.0,2.0,9.0,9.0,6.0,6.0,1.0,1.0,0.0,0.0,2.09,3.59,3.46
E0,2021-03-10,Man City,Southampton,2028.57,1710.75,6.0,12.0,3.0,4.0,5.0,2.0,H,3.0,1.0,H,17.0,11.0,10.0,6.0,6.0,4.0,5.0,5.0,1.0,0.0,0.0,0.0,1.21,6.91,14.17
E0,2021-03-12,Newcastle,Aston Villa,1670.96,1732.35,2.0,5.0,4.0,5.0,1.0,1.0,D,0.0,0.0,D,12.0,15.0,3.0,6.0,10.0,10.0,2.0,2.0,2.0,3.0,0.0,0.0,3.8,3.33,2.09
E0,2021-03-13,Leeds,Chelsea,1701.06,1868.27,3.0,3.0,7.0,11.0,0.0,0.0,D,0.0,0.0,D,7.0,15.0,4.0,8.0,16.0,6.0,8.0,5.0,3.0,0.0,0.0,0.0,4.57,3.9,1.76
E0,2021-03-13,Crystal Palace,West Brom,1692.6,1585.82,2.0,5.0,4.0,6.0,1.0,0.0,H,1.0,0.0,H,6.0,12.0,4.0,1.0,16.0,15.0,3.0,2.0,3.0,1.0,0.0,0.0,2.24,3.17,3.55
E0,2021-03-13,Everton,Burnley,1770.33,1714.81,6.0,9.0,2.0,4.0,1.0,2.0,A,1.0,2.0,A,14.0,14.0,4.0,5.0,9.0,6.0,7.0,4.0,0.0,4.0,0.0,0.0,1.88,3.49,4.42
E0,2021-03-13,Fulham,Man City,1644.29,2028.57,4.0,8.0,6.0,12.0,0.0,3.0,A,0.0,0.0,D,3.0,8.0,0.0,7.0,14.0,13.0,4.0,2.0,0.0,0.0,0.0,0.0,9.63,4.98,1.35
E0,2021-03-14,Southampton,Brighton,1710.75,1681.25,3.0,4.0,0.0,2.0,1.0,2.0,A,1.0,1.0,D,9.0,8.0,4.0,6.0,11.0,10.0,4.0,5.0,0.0,0.0,0.0,0.0,2.98,3.07,2.6
E0,2021-03-14,Leicester,Sheffield United,1803.04,1619.52,4.0,10.0,3.0,3.0,5.0,0.0,H,1.0,0.0,H,19.0,1.0,10.0,0.0,10.0,9.0,9.0,1.0,0.0,2.0,0.0,0.0,1.54,4.12,6.6
E0,2021-03-14,Arsenal,Tottenham,1827.84,1831.44,4.0,7.0,9.0,9.0,2.0,1.0,H,1.0,1.0,D,13.0,6.0,3.0,3.0,12.0,14.0,6.0,3.0,1.0,2.0,0.0,1.0,2.56,3.34,2.82
E0,2021-03-14,Man United,West Ham,1895.59,1783.98,5.0,9.0,6.0,10.0,1.0,0.0,H,0.0,0.0,D,15.0,7.0,4.0,0.0,12.0,2.0,6.0,3.0,4.0,0.0,0.0,0.0,1.86,3.57,4.42
E0,2021-03-15,Wolves,Liverpool,1770.09,1905.02,2.0,8.0,3.0,3.0,0.0,1.0,A,0.0,1.0,A,10.0,12.0,5.0,4.0,17.0,10.0,3.0,2.0,2.0,1.0,0.0,0.0,4.81,3.74,1.76
E0,2021-03-19,Fulham,Leeds,1657.53,1703.84,3.0,7.0,1.0,4.0,1.0,2.0,A,1.0,1.0,D,13.0,13.0,6.0,4.0,13.0,12.0,13.0,7.0,2.0,2.0,0.0,0.0,2.43,3.35,3.0
E0,2021-03-20,Brighton,Newcastle,1691.05,1675.72,3.0,4.0,3.0,3.0,3.0,0.0,H,1.0,0.0,H,11.0,3.0,6.0,1.0,12.0,5.0,3.0,1.0,0.0,1.0,0.0,0.0,1.66,3.54,6.24
E0,2021-03-21,West Ham,Arsenal,1792.51,1846.93,3.0,9.0,7.0,10.0,3.0,3.0,D,3.0,1.0,H,15.0,16.0,5.0,7.0,18.0,8.0,3.0,5.0,3.0,1.0,0.0,0.0,2.83,3.43,2.5
E0,2021-03-21,Aston Villa,Tottenham,1727.48,1846.67,2.0,5.0,6.0,9.0,0.0,2.0,A,0.0,1.0,A,8.0,9.0,1.0,3.0,18.0,13.0,5.0,8.0,3.0,2.0,0.0,0.0,2.97,3.38,2.42
E0,2021-04-03,Chelsea,West Brom,1898.07,1582.69,7.0,9.0,1.0,5.0,2.0,5.0,A,1.0,2.0,A,18.0,14.0,8.0,7.0,11.0,6.0,10.0,3.0,1.0,1.0,1.0,0.0,1.22,6.33,14.99
E0,2021-04-03,Leeds,Sheffield United,1709.89,1616.64,4.0,7.0,3.0,3.0,2.0,1.0,H,1.0,1.0,D,23.0,9.0,8.0,1.0,12.0,13.0,5.0,7.0,1.0,2.0,0.0,0.0,1.52,4.4,6.36
E0,2021-04-03,Leicester,Man City,1818.86,2026.04,7.0,10.0,6.0,12.0,0.0,2.0,A,0.0,0.0,D,5.0,11.0,2.0,4.0,13.0,12.0,1.0,1.0,2.0,3.0,0.0,0.0,6.16,4.07,1.57
E0,2021-04-03,Arsenal,Liverpool,1841.8,1908.83,5.0,8.0,3.0,6.0,0.0,3.0,A,0.0,0.0,D,3.0,16.0,2.0,7.0,10.0,10.0,1.0,2.0,1.0,1.0,0.0,0.0,3.13,3.56,2.26
E0,2021-04-04,Southampton,Burnley,1706.3,1733.34,3.0,3.0,5.0,6.0,3.0,2.0,H,2.0,2.0,D,24.0,7.0,9.0,5.0,11.0,10.0,6.0,7.0,0.0,0.0,0.0,0.0,2.1,3.29,3.78
E0,2021-04-04,Newcastle,Tottenham,1661.96,1829.95,2.0,3.0,6.0,12.0,2.0,2.0,D,1.0,2.0,A,22.0,11.0,6.0,5.0,13.0,14.0,7.0,3.0,3.0,2.0,0.0,0.0,5.56,4.03,1.62
E0,2021-04-04,Aston Villa,Fulham,1717.05,1648.29,2.0,5.0,3.0,4.0,3.0,1.0,H,0.0,0.0,D,14.0,15.0,4.0,7.0,14.0,20.0,4.0,4.0,1.0,2.0,0.0,0.0,2.28,3.29,3.32
E0,2021-04-04,Man United,Brighton,1922.34,1701.61,7.0,11.0,6.0,6.0,2.0,1.0,H,0.0,1.0,A,15.0,5.0,7.0,3.0,14.0,7.0,5.0,6.0,2.0,2.0,0.0,0.0,1.64,3.97,5.39
E0,2021-04-05,Everton,Crystal Palace,1767.01,1699.05,3.0,9.0,4.0,8.0,1.0,1.0,D,0.0,0.0,D,15.0,13.0,7.0,6.0,10.0,10.0,3.0,4.0,2.0,0.0,0.0,0.0,1.8,3.46,4.91
E0,2021-04-05,Wolves,West Ham,1763.08,1791.64,1.0,5.0,4.0,7.0,2.0,3.0,A,1.0,3.0,A,20.0,9.0,5.0,6.0,9.0,9.0,4.0,2.0,1.0,4.0,0.0,0.0,2.95,3.13,2.58
E0,2021-04-09,Fulham,Wolves,1648.29,1763.08,0.0,3.0,1.0,2.0,0.0,1.0,A,0.0,0.0,D,14.0,7.0,3.0,3.0,11.0,8.0,3.0,4.0,0.0,0.0,0.0,0.0,2.57,3.01,3.14
E0,2021-04-10,Man City,Leeds,2026.04,1709.89,9.0,12.0,7.0,7.0,1.0,2.0,A,0.0,1.0,A,29.0,2.0,7.0,2.0,12.0,15.0,9.0,3.0,3.0,1.0,0.0,1.0,1.3,5.92,9.56
E0,2021-04-10,Liverpool,Aston Villa,1908.83,1717.05,6.0,9.0,4.0,5.0,2.0,1.0,H,0.0,1.0,A,23.0,9.0,10.0,5.0,16.0,11.0,7.0,0.0,2.0,4.0,0.0,0.0,1.52,4.51,6.22
E0,2021-04-10,Crystal Palace,Chelsea,1699.05,1898.07,4.0,6.0,4.0,8.0,1.0,4.0,A,0.0,3.0,A,1.0,23.0,1.0,10.0,7.0,12.0,0.0,8.0,1.0,0.0,0.0,0.0,6.95,3.98,1.54
E0,2021-04-11,Burnley,Newcastle,1733.34,1661.96,4.0,5.0,2.0,4.0,1.0,2.0,A,1.0,0.0,H,24.0,10.0,4.0,5.0,11.0,12.0,13.0,3.0,1.0,0.0,0.0,0.0,2.34,3.12,3.39
E0,2021-04-11,West Ham,Leicester,1791.64,1818.86,4.0,7.0,6.0,7.0,3.0,2.0,H,2.0,0.0,H,4.0,15.0,4.0,5.0,7.0,13.0,1.0,9.0,3.0,3.0,0.0,0.0,3.01,3.38,2.41
E0,2021-04-11,Tottenham,Man United,1829.95,1922.34,4.0,10.0,9.0,11.0,1.0,3.0,A,1.0,0.0,H,12.0,12.0,3.0,7.0,11.0,15.0,7.0,5.0,1.0,5.0,0.0,0.0,2.87,3.44,2.49
E0,2021-04-11,Sheffield United,Arsenal,1616.64,1841.8,0.0,3.0,4.0,8.0,0.0,3.0,A,0.0,1.0,A,7.0,14.0,2.0,5.0,9.0,6.0,2.0,4.0,1.0,1.0,0.0,0.0,6.15,3.97,1.59
E0,2021-04-12,West Brom,Southampton,1582.69,1706.3,4.0,7.0,3.0,6.0,3.0,0.0,H,2.0,0.0,H,15.0,14.0,6.0,4.0,12.0,11.0,5.0,10.0,0.0,1.0,0.0,0.0,3.55,3.28,2.19
E0,2021-04-12,Brighton,Everton,1701.61,1767.01,6.0,6.0,1.0,7.0,0.0,0.0,D,0.0,0.0,D,23.0,8.0,3.0,1.0,12.0,7.0,10.0,3.0,1.0,2.0,0.0,0.0,2.3,3.26,3.31
E0,2021-04-16,Everton,Tottenham,1762.54,1817.02,2.0,5.0,4.0,7.0,2.0,2.0,D,1.0,1.0,D,18.0,12.0,7.0,3.0,8.0,8.0,6.0,3.0,1.0,1.0,0.0,0.0,3.42,3.47,2.17
E0,2021-04-17,Newcastle,West Ham,1675.67,1806.78,4.0,6.0,7.0,10.0,3.0,2.0,H,2.0,0.0,H,16.0,16.0,8.0,6.0,9.0,7.0,3.0,8.0,2.0,0.0,0.0,1.0,3.65,3.45,2.08
E0,2021-04-17,Wolves,Sheffield United,1760.35,1604.47,3.0,4.0,0.0,3.0,1.0,0.0,H,0.0,0.0,D,10.0,8.0,5.0,2.0,8.0,15.0,3.0,3.0,1.0,2.0,0.0,0.0,1.69,3.55,5.81
E0,2021-04-18,Arsenal,Fulham,1832.67,1633.59,4.0,8.0,0.0,3.0,1.0,1.0,D,0.0,0.0,D,18.0,3.0,5.0,1.0,9.0,11.0,11.0,1.0,0.0,3.0,0.0,0.0,1.75,3.72,4.91
E0,2021-04-18,Man United,Burnley,1936.62,1714.1,9.0,13.0,3.0,5.0,3.0,1.0,H,0.0,0.0,D,17.0,10.0,9.0,3.0,9.0,12.0,8.0,3.0,1.0,2.0,0.0,0.0,1.36,5.05,9.25
E0,2021-04-19,Leeds,Liverpool,1729.89,1909.68,9.0,10.0,9.0,9.0,1.0,1.0,D,0.0,1.0,A,12.0,17.0,5.0,7.0,17.0,15.0,10.0,8.0,2.0,1.0,0.0,0.0,4.7,4.26,1.68
E0,2021-04-20,Chelsea,Brighton,1885.6,1699.36,4.0,10.0,4.0,7.0,0.0,0.0,D,0.0,0.0,D,7.0,11.0,4.0,2.0,8.0,9.0,0.0,3.0,2.0,0.0,0.0,1.0,1.61,3.85,6.26
E0,2021-04-21,Tottenham,Southampton,1817.02,1696.38,2.0,5.0,3.0,6.0,2.0,1.0,H,0.0,1.0,A,12.0,10.0,3.0,5.0,10.0,14.0,5.0,5.0,2.0,1.0,0.0,0.0,1.8,3.79,4.42
E0,2021-04-21,Aston Villa,Man City,1721.3,2019.04,3.0,5.0,6.0,9.0,1.0,2.0,A,1.0,2.0,A,8.0,13.0,3.0,3.0,12.0,7.0,1.0,11.0,0.0,1.0,1.0,1.0,8.68,4.88,1.38
E0,2021-04-22,Leicester,West Brom,1805.15,1626.66,3.0,7.0,6.0,7.0,3.0,0.0,H,3.0,0.0,H,17.0,4.0,7.0,1.0,13.0,12.0,7.0,3.0,0.0,2.0,0.0,0.0,1.59,4.08,5.94
E0,2021-04-23,Arsenal,Everton,1832.67,1762.54,4.0,8.0,3.0,3.0,0.0,1.0,A,0.0,0.0,D,14.0,8.0,3.0,1.0,13.0,10.0,7.0,3.0,1.0,3.0,0.0,0.0,2.06,3.46,3.77
E0,2021-04-24,Liverpool,Newcastle,1909.68,1675.67,7.0,10.0,7.0,8.0,1.0,1.0,D,1.0,0.0,H,22.0,7.0,9.0,4.0,9.0,7.0,6.0,3.0,2.0,1.0,0.0,0.0,1.24,6.38,12.06
E0,2021-04-24,West Ham,Chelsea,1806.78,1885.6,6.0,7.0,4.0,8.0,0.0,1.0,A,0.0,1.0,A,9.0,17.0,2.0,6.0,9.0,11.0,4.0,2.0,0.0,4.0,1.0,0.0,4.74,3.75,1.77
E0,2021-04-24,Sheffield United,Brighton,1604.47,1699.36,0.0,0.0,2.0,8.0,1.0,0.0,H,1.0,0.0,H,7.0,17.0,3.0,4.0,13.0,7.0,2.0,12.0,3.0,0.0,0.0,0.0,5.33,3.56,1.74
E0,2021-04-25,Wolves,Burnley,1760.35,1714.1,6.0,7.0,0.0,4.0,0.0,4.0,A,0.0,3.0,A,12.0,14.0,2.0,7.0,8.0,9.0,8.0,5.0,1.0,2.0,0.0,0.0,2.07,3.31,3.88
E0,2021-04-25,Leeds,Man United,1729.89,1936.62,7.0,11.0,9.0,15.0,0.0,0.0,D,0.0,0.0,D,6.0,16.0,3.0,4.0,21.0,11.0,2.0,6.0,4.0,1.0,0.0,0.0,4.05,4.05,1.82
E0,2021-04-25,Aston Villa,West Brom,1721.3,1626.66,3.0,4.0,6.0,7.0,2.0,2.0,D,1.0,1.0,D,24.0,10.0,11.0,4.0,14.0,9.0,11.0,4.0,0.0,2.0,0.0,0.0,1.88,3.67,4.19
E0,2021-04-26,Leicester,Crystal Palace,1805.15,1693.49,3.0,9.0,4.0,5.0,2.0,1.0,H,0.0,1.0,A,13.0,4.0,5.0,2.0,13.0,12.0,7.0,2.0,0.0,1.0,0.0,0.0,1.47,4.26,7.71
E0,2021-04-30,Southampton,Leicester,1696.38,1805.15,3.0,3.0,6.0,9.0,1.0,1.0,D,0.0,0.0,D,5.0,23.0,3.0,9.0,9.0,13.0,0.0,10.0,1.0,0.0,1.0,0.0,3.82,3.81,1.94
E0,2021-05-01,Crystal Palace,Man City,1696.73,2033.76,1.0,4.0,6.0,12.0,0.0,2.0,A,0.0,0.0,D,9.0,20.0,4.0,3.0,9.0,10.0,2.0,6.0,2.0,0.0,0.0,0.0,10.1,5.14,1.34
E0,2021-05-01,Brighton,Leeds,1702.3,1746.88,2.0,5.0,5.0,11.0,2.0,0.0,H,1.0,0.0,H,17.0,11.0,5.0,2.0,17.0,6.0,2.0,9.0,1.0,1.0,0.0,0.0,2.16,3.45,3.43
E0,2021-05-01,Chelsea,Fulham,1896.95,1647.52,7.0,8.0,1.0,1.0,2.0,0.0,H,1.0,0.0,H,9.0,10.0,5.0,3.0,15.0,8.0,1.0,8.0,1.0,1.0,0.0,0.0,1.48,4.27,7.59
E0,2021-05-01,Everton,Aston Villa,1782.1,1723.48,5.0,6.0,1.0,4.0,1.0,2.0,A,1.0,1.0,D,16.0,13.0,3.0,5.0,10.0,13.0,3.0,6.0,0.0,2.0,0.0,0.0,2.02,3.62,3.69
E0,2021-05-02,Newcastle,Arsenal,1700.34,1835.24,7.0,8.0,4.0,5.0,0.0,2.0,A,0.0,1.0,A,5.0,19.0,1.0,5.0,10.0,9.0,3.0,7.0,2.0,1.0,1.0,0.0,3.64,3.57,2.05
E0,2021-05-02,Tottenham,Sheffield United,1828.58,1618.85,4.0,8.0,3.0,3.0,4.0,0.0,H,1.0,0.0,H,20.0,8.0,11.0,1.0,8.0,9.0,6.0,6.0,1.0,1.0,0.0,0.0,1.29,5.73,11.16
E0,2021-05-03,West Brom,Wolves,1631.94,1751.57,4.0,7.0,6.0,6.0,1.0,1.0,D,0.0,1.0,A,10.0,20.0,4.0,10.0,17.0,11.0,5.0,6.0,2.0,0.0,0.0,0.0,2.91,3.19,2.58
E0,2021-05-03,Burnley,West Ham,1738.77,1797.58,3.0,6.0,3.0,7.0,1.0,2.0,A,1.0,2.0,A,8.0,22.0,3.0,4.0,4.0,8.0,5.0,4.0,2.0,1.0,0.0,0.0,3.17,3.49,2.26
E0,2021-05-07,Leicester,Newcastle,1820.88,1700.34,7.0,7.0,4.0,8.0,2.0,4.0,A,0.0,2.0,A,25.0,14.0,9.0,6.0,12.0,9.0,9.0,6.0,1.0,1.0,0.0,0.0,1.42,4.8,7.83
E0,2021-05-08,Leeds,Tottenham,1746.88,1828.58,2.0,8.0,7.0,8.0,3.0,1.0,H,2.0,1.0,H,16.0,11.0,7.0,3.0,12.0,10.0,8.0,6.0,1.0,2.0,0.0,0.0,3.46,3.8,2.04
E0,2021-05-08,Sheffield United,Crystal Palace,1618.85,1696.73,3.0,3.0,0.0,4.0,0.0,2.0,A,0.0,1.0,A,7.0,21.0,0.0,8.0,11.0,8.0,5.0,11.0,1.0,1.0,0.0,0.0,2.97,3.25,2.52
E0,2021-05-08,Man City,Chelsea,2033.76,1896.95,6.0,12.0,7.0,10.0,1.0,2.0,A,1.0,0.0,H,16.0,12.0,4.0,5.0,12.0,10.0,6.0,2.0,2.0,0.0,0.0,0.0,1.94,3.45,4.26
E0,2021-05-08,Liverpool,Southampton,1907.41,1702.72,5.0,11.0,1.0,4.0,2.0,0.0,H,1.0,0.0,H,14.0,12.0,6.0,6.0,10.0,6.0,8.0,4.0,0.0,1.0,0.0,0.0,1.29,5.97,10.14
E0,2021-05-09,Wolves,Brighton,1751.57,1702.3,4.0,7.0,4.0,5.0,2.0,1.0,H,0.0,1.0,A,16.0,5.0,6.0,3.0,12.0,7.0,10.0,5.0,2.0,2.0,0.0,2.0,3.35,3.3,2.27
E0,2021-05-09,Aston Villa,Man United,1723.48,1951.35,4.0,7.0,7.0,13.0,1.0,3.0,A,1.0,0.0,H,11.0,18.0,5.0,7.0,13.0,18.0,5.0,6.0,1.0,1.0,1.0,0.0,4.38,3.81,1.82
E0,2021-05-09,West Ham,Everton,1797.58,1782.1,3.0,9.0,4.0,6.0,0.0,1.0,A,0.0,1.0,A,11.0,9.0,0.0,3.0,8.0,10.0,5.0,6.0,2.0,1.0,0.0,0.0,2.27,3.44,3.22
E0,2021-05-09,Arsenal,West Brom,1835.24,1631.94,4.0,7.0,2.0,8.0,3.0,1.0,H,2.0,0.0,H,15.0,12.0,7.0,1.0,7.0,9.0,6.0,6.0,1.0,2.0,0.0,0.0,1.47,4.53,7.01
E0,2021-05-10,Fulham,Burnley,1647.52,1738.77,1.0,1.0,3.0,3.0,0.0,2.0,A,0.0,2.0,A,21.0,14.0,3.0,5.0,11.0,10.0,8.0,4.0,2.0,0.0,0.0,0.0,2.21,3.41,3.35
E0,2021-05-11,Man United,Leicester,1951.35,1820.88,7.0,13.0,4.0,7.0,1.0,2.0,A,1.0,1.0,D,4.0,12.0,1.0,3.0,9.0,12.0,3.0,4.0,0.0,0.0,0.0,0.0,2.54,3.37,2.88
E0,2021-05-11,Southampton,Crystal Palace,1702.72,1696.73,1.0,4.0,3.0,4.0,3.0,1.0,H,1.0,1.0,D,13.0,11.0,6.0,4.0,20.0,13.0,12.0,8.0,2.0,3.0,0.0,0.0,2.1,3.56,3.56
E0,2021-05-12,Chelsea,Arsenal,1896.95,1835.24,9.0,13.0,6.0,10.0,0.0,1.0,A,0.0,1.0,A,19.0,5.0,5.0,2.0,7.0,6.0,9.0,1.0,0.0,1.0,0.0,0.0,1.73,3.8,5.04
E0,2021-05-13,Aston Villa,Everton,1723.48,1782.1,4.0,4.0,6.0,8.0,0.0,0.0,D,0.0,0.0,D,13.0,15.0,2.0,5.0,9.0,12.0,9.0,1.0,2.0,0.0,0.0,0.0,2.72,3.44,2.61
E0,2021-05-13,Man United,Liverpool,1951.35,1907.41,4.0,10.0,5.0,11.0,2.0,4.0,A,1.0,2.0,A,18.0,17.0,3.0,8.0,10.0,12.0,6.0,4.0,3.0,0.0,0.0,0.0,3.15,3.76,2.18
E0,2021-05-14,Newcastle,Man City,1700.34,2033.76,4.0,10.0,6.0,9.0,3.0,4.0,A,2.0,2.0,D,11.0,15.0,5.0,6.0,11.0,10.0,4.0,5.0,2.0,2.0,0.0,0.0,10.52,5.8,1.3
E0,2021-05-15,Burnley,Leeds,1744.23,1752.07,6.0,6.0,4.0,8.0,0.0,4.0,A,0.0,1.0,A,16.0,16.0,4.0,6.0,10.0,10.0,6.0,8.0,1.0,1.0,0.0,0.0,3.14,3.64,2.23
E0,2021-05-15,Southampton,Fulham,1712.61,1638.15,4.0,4.0,1.0,1.0,3.0,1.0,H,1.0,0.0,H,11.0,10.0,7.0,3.0,9.0,15.0,6.0,5.0,0.0,1.0,0.0,0.0,2.02,3.58,3.73
E0,2021-05-15,Brighton,West Ham,1711.25,1798.71,3.0,5.0,3.0,6.0,1.0,1.0,D,0.0,0.0,D,10.0,15.0,2.0,3.0,7.0,5.0,3.0,3.0,1.0,1.0,0.0,0.0,2.98,3.49,2.39
E0,2021-05-16,Crystal Palace,Aston Villa,1696.2,1733.03,3.0,3.0,4.0,5.0,3.0,2.0,H,1.0,2.0,A,23.0,19.0,8.0,5.0,23.0,13.0,7.0,7.0,3.0,2.0,0.0,0.0,3.05,3.5,2.33
E0,2021-05-16,Tottenham,Wolves,1823.86,1759.11,6.0,7.0,4.0,10.0,2.0,0.0,H,1.0,0.0,H,24.0,15.0,13.0,3.0,8.0,11.0,10.0,3.0,1.0,0.0,0.0,0.0,1.54,4.28,6.27
E0,2021-05-16,West Brom,Liverpool,1633.59,1928.49,2.0,5.0,7.0,11.0,1.0,2.0,A,1.0,1.0,D,10.0,26.0,3.0,6.0,7.0,14.0,9.0,13.0,0.0,0.0,0.0,0.0,12.37,6.75,1.23
E0,2021-05-16,Everton,Sheffield United,1783.8,1606.75,4.0,8.0,3.0,3.0,0.0,1.0,A,0.0,1.0,A,16.0,10.0,6.0,3.0,8.0,12.0,11.0,4.0,1.0,3.0,0.0,0.0,1.4,4.73,8.34
E0,2021-05-18,Man United,Fulham,1932.99,1638.15,3.0,7.0,0.0,1.0,1.0,1.0,D,1.0,0.0,H,13.0,8.0,6.0,5.0,10.0,15.0,6.0,1.0,2.0,3.0,0.0,0.0,1.32,5.71,9.38
E0,2021-05-18,Southampton,Leeds,1712.61,1752.07,6.0,7.0,6.0,8.0,0.0,2.0,A,0.0,0.0,D,18.0,15.0,3.0,7.0,10.0,12.0,4.0,5.0,0.0,3.0,0.0,0.0,2.6,3.81,2.54
E0,2021-05-18,Brighton,Man City,1711.25,2033.9,4.0,5.0,6.0,9.0,3.0,2.0,H,0.0,1.0,A,19.0,8.0,6.0,4.0,13.0,11.0,5.0,3.0,3.0,3.0,0.0,1.0,6.93,4.49,1.49
E0,2021-05-18,Chelsea,Leicester,1920.44,1819.59,6.0,10.0,4.0,10.0,2.0,1.0,H,0.0,0.0,D,17.0,7.0,6.0,3.0,15.0,16.0,6.0,5.0,2.0,4.0,0.0,0.0,1.72,3.71,5.37
E0,2021-05-19,Everton,Wolves,1783.8,1759.11,4.0,7.0,4.0,7.0,1.0,0.0,H,0.0,0.0,D,14.0,9.0,4.0,3.0,11.0,11.0,7.0,12.0,0.0,2.0,0.0,0.0,1.89,3.61,4.25
E0,2021-05-19,Newcastle,Sheffield United,1711.05,1606.75,3.0,7.0,3.0,6.0,1.0,0.0,H,1.0,0.0,H,16.0,11.0,5.0,1.0,7.0,7.0,5.0,2.0,0.0,2.0,0.0,0.0,1.75,3.83,4.75
E0,2021-05-19,Tottenham,Aston Villa,1823.86,1733.03,6.0,10.0,1.0,5.0,1.0,2.0,A,1.0,2.0,A,10.0,20.0,4.0,4.0,14.0,13.0,4.0,5.0,1.0,1.0,0.0,0.0,1.53,4.65,5.85
E0,2021-05-19,Crystal Palace,Arsenal,1696.2,1854.46,6.0,6.0,9.0,10.0,1.0,3.0,A,0.0,1.0,A,12.0,6.0,6.0,3.0,7.0,7.0,6.0,7.0,2.0,1.0,0.0,0.0,6.14,4.41,1.53
E0,2021-05-19,Burnley,Liverpool,1744.23,1928.49,3.0,6.0,9.0,11.0,0.0,3.0,A,0.0,1.0,A,10.0,20.0,4.0,3.0,10.0,7.0,6.0,7.0,0.0,0.0,0.0,0.0,10.82,6.67,1.25
E0,2021-05-19,West Brom,West Ham,1633.59,1798.71,1.0,2.0,4.0,4.0,1.0,3.0,A,1.0,1.0,D,14.0,21.0,4.0,9.0,8.0,11.0,6.0,8.0,2.0,2.0,0.0,0.0,5.26,4.25,1.62
E0,2021-05-23,Arsenal,Brighton,1854.46,1711.25,9.0,12.0,4.0,7.0,2.0,0.0,H,0.0,0.0,D,16.0,5.0,5.0,1.0,10.0,8.0,11.0,3.0,0.0,0.0,0.0,0.0,1.62,4.29,5.23
E0,2021-05-23,Aston Villa,Chelsea,1733.03,1920.44,4.0,7.0,6.0,12.0,2.0,1.0,H,1.0,0.0,H,6.0,23.0,3.0,7.0,11.0,12.0,2.0,9.0,3.0,3.0,0.0,1.0,6.62,4.56,1.49
E0,2021-05-23,Fulham,Newcastle,1638.15,1711.05,1.0,2.0,6.0,7.0,0.0,2.0,A,0.0,1.0,A,14.0,10.0,0.0,4.0,12.0,6.0,5.0,4.0,1.0,0.0,0.0,0.0,2.09,3.81,3.32
E0,2021-05-23,Leeds,West Brom,1752.07,1633.59,9.0,10.0,0.0,2.0,3.0,1.0,H,2.0,0.0,H,17.0,14.0,9.0,5.0,12.0,12.0,8.0,3.0,2.0,1.0,0.0,0.0,1.44,5.18,6.51
E0,2021-05-23,Leicester,Tottenham,1819.59,1823.86,3.0,7.0,3.0,9.0,2.0,4.0,A,1.0,1.0,D,10.0,11.0,6.0,4.0,9.0,8.0,8.0,7.0,0.0,2.0,0.0,0.0,2.04,4.02,3.33
E0,2021-05-23,Liverpool,Crystal Palace,1928.49,1696.2,9.0,13.0,3.0,6.0,2.0,0.0,H,1.0,0.0,H,19.0,5.0,5.0,4.0,10.0,8.0,14.0,1.0,2.0,2.0,0.0,0.0,1.16,8.28,17.35
E0,2021-05-23,Man City,Everton,2033.9,1783.8,3.0,9.0,4.0,7.0,5.0,0.0,H,2.0,0.0,H,21.0,8.0,11.0,3.0,8.0,10.0,7.0,5.0,2.0,2.0,0.0,0.0,1.44,4.94,6.83
E0,2021-05-23,Sheffield United,Burnley,1606.75,1744.23,3.0,6.0,3.0,6.0,1.0,0.0,H,1.0,0.0,H,12.0,10.0,3.0,3.0,11.0,1.0,8.0,9.0,3.0,1.0,0.0,0.0,2.84,3.63,2.41
E0,2021-05-23,West Ham,Southampton,1798.71,1712.61,4.0,7.0,6.0,7.0,3.0,0.0,H,2.0,0.0,H,14.0,17.0,7.0,5.0,5.0,9.0,2.0,3.0,0.0,3.0,0.0,0.0,1.72,4.0,4.76
E0,2021-05-23,Wolves,Man United,1759.11,1932.99,3.0,4.0,1.0,5.0,1.0,2.0,A,1.0,2.0,A,14.0,9.0,4.0,4.0,14.0,3.0,6.0,2.0,4.0,1.0,0.0,0.0,2.53,3.63,2.69
E0,2021-08-13,Brentford,Arsenal,1671.98,1866.67,9.0,13.0,9.0,15.0,2.0,0.0,H,1.0,0.0,H,8.0,22.0,3.0,4.0,12.0,8.0,2.0,5.0,0.0,0.0,0.0,0.0,4.02,3.43,2.02
E0,2021-08-14,Man United,Leeds,1925.87,1783.74,4.0,7.0,9.0,12.0,5.0,1.0,H,1.0,0.0,H,16.0,10.0,8.0,3.0,11.0,9.0,5.0,4.0,1.0,2.0,0.0,0.0,1.55,4.48,5.87
E0,2021-08-14,Burnley,Brighton,1709.37,1720.88,0.0,3.0,4.0,7.0,1.0,2.0,A,1.0,0.0,H,14.0,14.0,3.0,8.0,10.0,7.0,7.0,6.0,2.0,1.0,0.0,0.0,3.19,3.09,2.49
E0,2021-08-14,Chelsea,Crystal Palace,1923.2,1693.31,3.0,9.0,3.0,6.0,3.0,0.0,H,2.0,0.0,H,13.0,4.0,6.0,1.0,15.0,11.0,5.0,2.0,0.0,0.0,0.0,0.0,1.26,5.92,12.8
E0,2021-08-14,Everton,Southampton,1771.19,1700.75,3.0,7.0,3.0,6.0,3.0,1.0,H,0.0,1.0,A,14.0,6.0,6.0,3.0,13.0,15.0,6.0,8.0,2.0,0.0,0.0,0.0,1.97,3.53,4.04
E0,2021-08-14,Leicester,Wolves,1801.9,1738.54,3.0,4.0,0.0,4.0,1.0,0.0,H,1.0,0.0,H,9.0,17.0,5.0,3.0,6.0,10.0,5.0,4.0,1.0,2.0,0.0,0.0,1.71,3.75,5.32
E0,2021-08-14,Watford,Aston Villa,1673.34,1747.11,6.0,9.0,6.0,7.0,3.0,2.0,H,2.0,0.0,H,13.0,11.0,7.0,2.0,18.0,13.0,2.0,4.0,3.0,1.0,0.0,0.0,3.14,3.26,2.41
E0,2021-08-14,Norwich,Liverpool,1655.2,1940.2,7.0,7.0,9.0,15.0,0.0,3.0,A,0.0,1.0,A,14.0,19.0,3.0,8.0,4.0,14.0,3.0,11.0,1.0,1.0,0.0,0.0,8.78,5.71,1.33
E0,2021-08-15,Newcastle,West Ham,1724.9,1811.0,6.0,9.0,7.0,10.0,2.0,4.0,A,2.0,1.0,H,17.0,8.0,3.0,9.0,4.0,3.0,7.0,6.0,1.0,0.0,0.0,0.0,3.2,3.51,2.26
E0,2021-08-15,Tottenham,Man City,1831.75,2012.77,6.0,9.0,6.0,9.0,1.0,0.0,H,0.0,0.0,D,13.0,18.0,3.0,4.0,11.0,8.0,3.0,11.0,2.0,1.0,0.0,0.0,5.49,4.1,1.64
E0,2021-08-21,Liverpool,Burnley,1944.61,1700.82,9.0,15.0,0.0,3.0,2.0,0.0,H,1.0,0.0,H,27.0,9.0,9.0,3.0,6.0,12.0,8.0,4.0,0.0,0.0,0.0,0.0,1.21,6.97,14.41
E0,2021-08-21,Aston Villa,Newcastle,1737.63,1724.9,6.0,7.0,6.0,9.0,2.0,0.0,H,1.0,0.0,H,10.0,9.0,2.0,1.0,8.0,18.0,3.0,4.0,3.0,4.0,0.0,0.0,1.82,3.92,4.25
E0,2021-08-21,Crystal Palace,Brentford,1688.61,1689.42,0.0,3.0,9.0,15.0,0.0,0.0,D,0.0,0.0,D,7.0,14.0,2.0,3.0,12.0,9.0,3.0,5.0,3.0,1.0,0.0,0.0,2.61,3.18,2.9
E0,2021-08-21,Leeds,Everton,1775.53,1779.23,6.0,12.0,6.0,7.0,2.0,2.0,D,1.0,1.0,D,17.0,17.0,4.0,8.0,6.0,13.0,8.0,5.0,2.0,4.0,0.0,0.0,2.37,3.47,3.03
E0,2021-08-21,Man City,Norwich,2012.77,1650.78,3.0,6.0,4.0,7.0,5.0,0.0,H,2.0,0.0,H,16.0,1.0,4.0,0.0,13.0,7.0,6.0,1.0,1.0,0.0,0.0,0.0,1.11,10.58,25.64
E0,2021-08-21,Brighton,Watford,1729.43,1682.82,6.0,7.0,6.0,12.0,2.0,0.0,H,2.0,0.0,H,13.0,10.0,3.0,1.0,11.0,6.0,7.0,2.0,4.0,0.0,0.0,0.0,1.74,3.52,5.53
E0,2021-08-22,Southampton,Man United,1692.71,1934.08,0.0,6.0,7.0,7.0,1.0,1.0,D,1.0,0.0,H,8.0,15.0,3.0,4.0,12.0,10.0,7.0,7.0,2.0,3.0,0.0,0.0,5.36,4.26,1.61
E0,2021-08-22,Wolves,Tottenham,1732.68,1831.75,0.0,3.0,6.0,9.0,0.0,1.0,A,0.0,1.0,A,25.0,8.0,6.0,6.0,9.0,7.0,5.0,4.0,1.0,4.0,0.0,0.0,3.2,3.15,2.43
E0,2021-08-22,Arsenal,Chelsea,1849.23,1927.9,6.0,12.0,6.0,9.0,0.0,2.0,A,0.0,2.0,A,6.0,22.0,3.0,5.0,10.0,4.0,9.0,8.0,3.0,0.0,0.0,0.0,4.76,3.74,1.78
E0,2021-08-23,West Ham,Leicester,1811.0,1807.76,9.0,10.0,3.0,6.0,4.0,1.0,H,1.0,0.0,H,13.0,5.0,7.0,1.0,8.0,8.0,10.0,0.0,0.0,1.0,0.0,1.0,2.58,3.44,2.75
E0,2021-08-28,Man City,Arsenal,2012.77,1849.23,6.0,9.0,3.0,9.0,5.0,0.0,H,3.0,0.0,H,25.0,1.0,10.0,0.0,5.0,7.0,14.0,0.0,1.0,2.0,0.0,1.0,1.26,6.16,11.99
E0,2021-08-28,Aston Villa,Brentford,1737.63,1689.42,6.0,9.0,7.0,13.0,1.0,1.0,D,1.0,1.0,D,7.0,9.0,5.0,2.0,15.0,14.0,3.0,2.0,3.0,3.0,0.0,0.0,2.0,3.57,3.84
E0,2021-08-28,Brighton,Everton,1729.43,1779.23,6.0,10.0,4.0,7.0,0.0,2.0,A,0.0,1.0,A,14.0,14.0,3.0,5.0,7.0,9.0,4.0,5.0,1.0,2.0,0.0,0.0,2.35,3.25,3.27
E0,2021-08-28,Newcastle,Southampton,1724.9,1692.71,3.0,6.0,1.0,4.0,2.0,2.0,D,0.0,0.0,D,10.0,22.0,5.0,6.0,11.0,6.0,4.0,4.0,3.0,3.0,0.0,0.0,2.52,3.47,2.82
E0,2021-08-28,Norwich,Leicester,1650.78,1807.76,1.0,7.0,3.0,6.0,1.0,2.0,A,1.0,1.0,D,14.0,9.0,4.0,3.0,8.0,9.0,9.0,9.0,2.0,1.0,0.0,0.0,4.34,3.55,1.9
E0,2021-08-28,West Ham,Crystal Palace,1811.0,1688.61,9.0,13.0,1.0,4.0,2.0,2.0,D,1.0,0.0,H,14.0,9.0,4.0,2.0,10.0,7.0,5.0,3.0,1.0,0.0,0.0,0.0,1.58,4.02,6.29
E0,2021-08-28,Liverpool,Chelsea,1944.61,1927.9,9.0,15.0,6.0,9.0,1.0,1.0,D,1.0,1.0,D,24.0,6.0,7.0,3.0,13.0,4.0,12.0,3.0,0.0,2.0,0.0,1.0,2.5,3.33,2.95
E0,2021-08-29,Burnley,Leeds,1700.82,1775.53,0.0,0.0,4.0,10.0,1.0,1.0,D,0.0,0.0,D,12.0,12.0,3.0,2.0,13.0,9.0,5.0,5.0,4.0,3.0,0.0,0.0,3.07,3.51,2.33
E0,2021-08-29,Tottenham,Watford,1831.75,1682.82,9.0,12.0,6.0,9.0,1.0,0.0,H,1.0,0.0,H,15.0,9.0,8.0,2.0,8.0,14.0,10.0,3.0,3.0,3.0,0.0,0.0,1.44,4.48,8.42
E0,2021-08-29,Wolves,Man United,1732.68,1934.08,0.0,0.0,7.0,8.0,0.0,1.0,A,0.0,0.0,D,15.0,10.0,6.0,3.0,7.0,9.0,5.0,7.0,3.0,4.0,0.0,0.0,4.91,3.48,1.82
E0,2021-09-11,Crystal Palace,Tottenham,1692.8,1854.27,2.0,2.0,9.0,12.0,3.0,0.0,H,0.0,0.0,D,18.0,2.0,4.0,1.0,13.0,15.0,8.0,2.0,2.0,1.0,0.0,1.0,4.25,3.44,1.95
E0,2021-09-11,Arsenal,Norwich,1831.82,1643.16,0.0,6.0,0.0,4.0,1.0,0.0,H,0.0,0.0,D,30.0,10.0,7.0,1.0,9.0,11.0,8.0,4.0,1.0,2.0,0.0,0.0,1.52,4.48,6.4
E0,2021-09-11,Brentford,Brighton,1692.5,1728.15,5.0,11.0,6.0,9.0,0.0,1.0,A,0.0,0.0,D,7.0,4.0,1.0,2.0,9.0,12.0,1.0,6.0,3.0,2.0,0.0,0.0,2.86,3.14,2.69
E0,2021-09-11,Leicester,Man City,1800.7,2012.69,6.0,6.0,6.0,9.0,0.0,1.0,A,0.0,0.0,D,6.0,25.0,1.0,8.0,4.0,11.0,5.0,8.0,1.0,2.0,0.0,0.0,5.7,4.22,1.6
E0,2021-09-11,Man United,Newcastle,1932.66,1705.55,7.0,11.0,1.0,7.0,4.0,1.0,H,1.0,0.0,H,21.0,12.0,7.0,3.0,9.0,2.0,7.0,3.0,1.0,0.0,0.0,0.0,1.2,7.27,14.77
E0,2021-09-11,Southampton,West Ham,1699.46,1828.11,2.0,2.0,7.0,13.0,0.0,0.0,D,0.0,0.0,D,11.0,13.0,3.0,3.0,10.0,12.0,5.0,4.0,3.0,1.0,0.0,1.0,2.89,3.46,2.47
E0,2021-09-11,Watford,Wolves,1670.37,1723.32,3.0,6.0,0.0,0.0,0.0,2.0,A,0.0,0.0,D,6.0,14.0,2.0,5.0,15.0,13.0,6.0,8.0,3.0,3.0,0.0,0.0,3.36,3.19,2.33
E0,2021-09-11,Chelsea,Aston Villa,1938.49,1745.5,7.0,10.0,4.0,10.0,3.0,0.0,H,1.0,0.0,H,12.0,18.0,4.0,6.0,11.0,11.0,4.0,11.0,1.0,4.0,0.0,0.0,1.3,5.46,11.28
E0,2021-09-12,Leeds,Liverpool,1773.81,1947.65,2.0,8.0,7.0,13.0,0.0,3.0,A,0.0,1.0,A,9.0,30.0,4.0,9.0,9.0,8.0,2.0,11.0,2.0,1.0,1.0,0.0,4.34,4.05,1.78
E0,2021-09-13,Everton,Burnley,1790.84,1699.08,7.0,10.0,1.0,1.0,3.0,1.0,H,0.0,0.0,D,14.0,11.0,6.0,6.0,3.0,6.0,4.0,6.0,1.0,1.0,0.0,0.0,1.75,3.71,5.01
E0,2021-09-17,Newcastle,Leeds,1697.6,1762.73,1.0,4.0,2.0,5.0,1.0,1.0,D,1.0,1.0,D,17.0,22.0,7.0,9.0,9.0,11.0,4.0,5.0,2.0,2.0,0.0,0.0,3.01,3.62,2.33
E0,2021-09-18,Wolves,Brentford,1730.61,1681.34,3.0,3.0,2.0,8.0,0.0,2.0,A,0.0,2.0,A,11.0,9.0,0.0,3.0,10.0,7.0,4.0,2.0,4.0,2.0,0.0,1.0,1.9,3.27,4.83
E0,2021-09-18,Burnley,Arsenal,1688.36,1831.77,1.0,1.0,3.0,6.0,0.0,1.0,A,0.0,1.0,A,18.0,13.0,3.0,3.0,9.0,8.0,8.0,3.0,2.0,1.0,0.0,0.0,3.82,3.5,2.03
E0,2021-09-18,Liverpool,Crystal Palace,1952.08,1709.4,7.0,13.0,5.0,5.0,3.0,0.0,H,1.0,0.0,H,25.0,13.0,10.0,2.0,17.0,11.0,10.0,5.0,3.0,1.0,0.0,0.0,1.22,6.84,14.04
E0,2021-09-18,Man City,Southampton,2012.97,1699.07,9.0,12.0,3.0,3.0,0.0,0.0,D,0.0,0.0,D,18.0,10.0,1.0,2.0,5.0,12.0,8.0,5.0,0.0,2.0,0.0,0.0,1.15,8.46,18.55
E0,2021-09-18,Norwich,Watford,1636.56,1656.43,0.0,1.0,0.0,6.0,1.0,3.0,A,1.0,1.0,D,12.0,12.0,5.0,8.0,10.0,14.0,4.0,8.0,1.0,1.0,0.0,0.0,2.18,3.39,3.47
E0,2021-09-18,Aston Villa,Everton,1736.56,1794.91,4.0,7.0,7.0,10.0,3.0,0.0,H,0.0,0.0,D,15.0,11.0,3.0,1.0,7.0,10.0,5.0,4.0,1.0,1.0,0.0,0.0,2.4,3.36,3.06
E0,2021-09-19,Brighton,Leicester,1732.65,1793.77,6.0,9.0,3.0,6.0,2.0,1.0,H,1.0,0.0,H,12.0,14.0,5.0,3.0,8.0,10.0,4.0,9.0,2.0,1.0,0.0,0.0,2.75,3.23,2.73
E0,2021-09-19,West Ham,Man United,1821.85,1921.89,5.0,11.0,7.0,13.0,1.0,2.0,A,1.0,1.0,D,13.0,17.0,4.0,10.0,5.0,8.0,2.0,11.0,0.0,0.0,0.0,0.0,4.51,3.9,1.78
E0,2021-09-19,Tottenham,Chelsea,1831.02,1942.39,6.0,12.0,7.0,10.0,0.0,3.0,A,0.0,0.0,D,8.0,20.0,2.0,10.0,4.0,15.0,5.0,11.0,0.0,1.0,0.0,0.0,4.89,3.83,1.74
E0,2021-09-25,Chelsea,Man City,1942.39,2012.97,7.0,13.0,7.0,10.0,0.0,1.0,A,0.0,0.0,D,5.0,15.0,0.0,4.0,12.0,10.0,4.0,13.0,3.0,2.0,0.0,0.0,2.66,3.26,2.79
E0,2021-09-25,Man United,Aston Villa,1921.89,1736.56,9.0,13.0,4.0,7.0,0.0,1.0,A,0.0,0.0,D,28.0,7.0,4.0,3.0,9.0,13.0,5.0,5.0,2.0,2.0,0.0,0.0,1.4,5.08,7.84
E0,2021-09-25,Everton,Norwich,1794.91,1636.56,6.0,10.0,0.0,0.0,2.0,0.0,H,1.0,0.0,H,11.0,10.0,4.0,2.0,12.0,9.0,6.0,4.0,2.0,3.0,0.0,0.0,1.63,3.86,5.96
E0,2021-09-25,Leeds,West Ham,1762.73,1821.85,2.0,3.0,2.0,8.0,1.0,2.0,A,1.0,0.0,H,15.0,20.0,5.0,7.0,10.0,6.0,5.0,7.0,3.0,2.0,0.0,0.0,3.04,3.67,2.29
E0,2021-09-25,Leicester,Burnley,1793.77,1688.36,3.0,6.0,1.0,1.0,2.0,2.0,D,1.0,2.0,A,22.0,9.0,5.0,3.0,10.0,8.0,8.0,4.0,2.0,4.0,0.0,0.0,1.59,4.05,6.12
E0,2021-09-25,Watford,Newcastle,1656.43,1697.6,3.0,6.0,2.0,2.0,1.0,1.0,D,0.0,1.0,A,15.0,20.0,4.0,6.0,19.0,12.0,5.0,6.0,4.0,3.0,0.0,0.0,2.27,3.37,3.32
E0,2021-09-25,Brentford,Liverpool,1681.34,1952.08,4.0,8.0,7.0,13.0,3.0,3.0,D,1.0,1.0,D,12.0,16.0,4.0,6.0,8.0,7.0,2.0,11.0,1.0,1.0,0.0,0.0,6.96,4.48,1.49
E0,2021-09-26,Southampton,Wolves,1699.07,1730.61,3.0,4.0,3.0,3.0,0.0,1.0,A,0.0,0.0,D,18.0,5.0,6.0,3.0,12.0,8.0,5.0,5.0,0.0,0.0,0.0,0.0,2.65,3.24,2.83
E0,2021-09-26,Arsenal,Tottenham,1831.77,1831.02,6.0,6.0,3.0,9.0,3.0,1.0,H,3.0,0.0,H,12.0,10.0,7.0,4.0,12.0,13.0,4.0,4.0,2.0,1.0,0.0,0.0,2.28,3.31,3.35
E0,2021-09-27,Crystal Palace,Brighton,1709.4,1732.65,4.0,5.0,6.0,12.0,1.0,1.0,D,1.0,0.0,H,8.0,8.0,3.0,4.0,12.0,10.0,6.0,5.0,2.0,3.0,0.0,0.0,3.04,3.15,2.54
E0,2021-10-02,Man United,Everton,1916.83,1782.85,6.0,10.0,6.0,10.0,1.0,1.0,D,1.0,0.0,H,13.0,12.0,6.0,2.0,10.0,9.0,10.0,1.0,1.0,1.0,0.0,0.0,1.5,4.38,7.08
E0,2021-10-02,Burnley,Norwich,1684.43,1617.0,1.0,2.0,0.0,0.0,0.0,0.0,D,0.0,0.0,D,14.0,10.0,4.0,2.0,13.0,3.0,9.0,5.0,5.0,2.0,0.0,0.0,1.88,3.61,4.33
E0,2021-10-02,Chelsea,Southampton,1933.44,1695.9,6.0,10.0,2.0,4.0,3.0,1.0,H,1.0,0.0,H,20.0,6.0,9.0,2.0,11.0,13.0,7.0,2.0,1.0,3.0,0.0,1.0,1.38,4.9,8.92
E0,2021-10-02,Leeds,Watford,1752.49,1666.29,1.0,3.0,4.0,4.0,1.0,0.0,H,1.0,0.0,H,20.0,5.0,4.0,1.0,10.0,16.0,6.0,3.0,0.0,3.0,0.0,0.0,1.76,3.9,4.63
E0,2021-10-02,Wolves,Newcastle,1722.51,1696.3,6.0,6.0,2.0,3.0,2.0,1.0,H,1.0,1.0,D,7.0,8.0,3.0,2.0,15.0,5.0,0.0,4.0,0.0,2.0,0.0,0.0,1.69,4.0,5.02
E0,2021-10-02,Brighton,Arsenal,1739.22,1844.3,7.0,10.0,9.0,9.0,0.0,0.0,D,0.0,0.0,D,21.0,8.0,2.0,2.0,8.0,5.0,8.0,5.0,2.0,1.0,0.0,0.0,3.05,3.22,2.5
E0,2021-10-03,Crystal Palace,Leicester,1703.31,1764.42,4.0,6.0,1.0,4.0,2.0,2.0,D,0.0,2.0,A,18.0,9.0,4.0,5.0,15.0,11.0,1.0,3.0,2.0,3.0,0.0,0.0,3.11,3.41,2.36
E0,2021-10-03,Tottenham,Aston Villa,1806.19,1762.6,0.0,6.0,6.0,10.0,2.0,1.0,H,1.0,0.0,H,17.0,14.0,8.0,3.0,11.0,14.0,5.0,8.0,2.0,1.0,0.0,0.0,2.12,3.53,3.5
E0,2021-10-03,West Ham,Brentford,1830.03,1699.6,4.0,8.0,4.0,6.0,1.0,2.0,A,0.0,1.0,A,18.0,13.0,5.0,6.0,16.0,13.0,11.0,6.0,2.0,3.0,0.0,0.0,1.82,3.62,4.67
E0,2021-10-03,Liverpool,Man City,1963.76,2001.37,7.0,11.0,7.0,13.0,2.0,2.0,D,0.0,0.0,D,6.0,12.0,4.0,3.0,10.0,12.0,3.0,4.0,3.0,3.0,0.0,0.0,2.9,3.53,2.43
E0,2021-10-16,Watford,Liverpool,1661.07,1963.91,4.0,4.0,5.0,9.0,0.0,5.0,A,0.0,2.0,A,6.0,19.0,2.0,8.0,4.0,10.0,1.0,9.0,0.0,0.0,0.0,0.0,8.67,5.33,1.36
E0,2021-10-16,Aston Villa,Wolves,1756.6,1729.2,6.0,7.0,6.0,9.0,2.0,3.0,A,0.0,0.0,D,14.0,9.0,5.0,4.0,8.0,17.0,6.0,7.0,2.0,3.0,0.0,0.0,2.25,3.28,3.42
E0,2021-10-16,Leicester,Man United,1763.59,1912.42,2.0,5.0,4.0,10.0,4.0,2.0,H,1.0,1.0,D,22.0,18.0,11.0,6.0,5.0,17.0,4.0,3.0,0.0,3.0,0.0,0.0,3.49,3.59,2.1
E0,2021-10-16,Man City,Burnley,2001.22,1681.68,5.0,11.0,2.0,3.0,2.0,0.0,H,1.0,0.0,H,15.0,7.0,6.0,2.0,11.0,5.0,6.0,2.0,1.0,0.0,0.0,0.0,1.12,9.47,22.12
E0,2021-10-16,Norwich,Brighton,1619.75,1741.33,1.0,1.0,5.0,8.0,0.0,0.0,D,0.0,0.0,D,15.0,11.0,3.0,3.0,5.0,14.0,8.0,4.0,3.0,5.0,0.0,0.0,3.67,3.34,2.13
E0,2021-10-16,Southampton,Leeds,1692.41,1757.71,1.0,3.0,4.0,5.0,1.0,0.0,H,0.0,0.0,D,19.0,3.0,5.0,0.0,16.0,14.0,8.0,1.0,2.0,3.0,0.0,0.0,2.4,3.52,2.93
E0,2021-10-16,Brentford,Chelsea,1711.52,1936.94,7.0,8.0,6.0,10.0,0.0,1.0,A,0.0,1.0,A,17.0,5.0,7.0,1.0,13.0,8.0,5.0,5.0,1.0,1.0,0.0,0.0,6.37,3.84,1.6
E0,2021-10-17,Everton,West Ham,1787.26,1818.1,4.0,10.0,3.0,5.0,0.0,1.0,A,0.0,0.0,D,15.0,16.0,2.0,4.0,3.0,3.0,7.0,9.0,0.0,2.0,0.0,0.0,2.52,3.35,2.89
E0,2021-10-17,Newcastle,Tottenham,1689.62,1812.19,2.0,3.0,3.0,6.0,2.0,3.0,A,1.0,3.0,A,7.0,14.0,1.0,4.0,13.0,4.0,2.0,9.0,4.0,1.0,1.0,0.0,3.51,3.58,2.09
E0,2021-10-18,Arsenal,Crystal Palace,1842.19,1704.14,7.0,10.0,2.0,6.0,2.0,2.0,D,1.0,0.0,H,17.0,9.0,6.0,6.0,7.0,4.0,6.0,4.0,1.0,1.0,0.0,0.0,1.65,3.87,5.65
E0,2021-10-22,Arsenal,Aston Villa,1842.19,1756.6,5.0,11.0,3.0,6.0,3.0,1.0,H,2.0,0.0,H,22.0,10.0,9.0,4.0,17.0,10.0,7.0,4.0,2.0,5.0,0.0,0.0,1.91,3.73,4.05
E0,2021-10-23,Chelsea,Norwich,1936.94,1619.75,6.0,12.0,2.0,2.0,7.0,0.0,H,3.0,0.0,H,23.0,3.0,13.0,1.0,14.0,16.0,5.0,0.0,0.0,2.0,0.0,1.0,1.19,7.07,17.21
E0,2021-10-23,Crystal Palace,Newcastle,1704.14,1689.62,3.0,6.0,1.0,2.0,1.0,1.0,D,0.0,0.0,D,15.0,6.0,3.0,2.0,13.0,9.0,3.0,7.0,3.0,4.0,0.0,0.0,1.97,3.61,3.88
E0,2021-10-23,Everton,Watford,1787.26,1661.07,4.0,7.0,1.0,4.0,2.0,5.0,A,1.0,1.0,D,15.0,20.0,4.0,8.0,9.0,13.0,3.0,5.0,4.0,3.0,0.0,0.0,1.67,3.86,5.49
E0,2021-10-23,Leeds,Wolves,1757.71,1729.2,3.0,4.0,9.0,12.0,1.0,1.0,D,0.0,1.0,A,18.0,8.0,4.0,4.0,15.0,14.0,6.0,3.0,2.0,3.0,0.0,0.0,2.57,3.37,2.79
E0,2021-10-23,Southampton,Burnley,1692.41,1681.68,3.0,5.0,2.0,2.0,2.0,2.0,D,1.0,1.0,D,16.0,9.0,4.0,5.0,10.0,11.0,6.0,2.0,1.0,3.0,0.0,0.0,2.0,3.54,3.87
E0,2021-10-23,Brighton,Man City,1741.33,2001.22,3.0,9.0,7.0,11.0,1.0,4.0,A,0.0,3.0,A,10.0,23.0,5.0,14.0,10.0,6.0,7.0,6.0,2.0,3.0,0.0,0.0,7.71,4.77,1.42
E0,2021-10-24,Brentford,Leicester,1711.52,1763.59,4.0,7.0,5.0,5.0,1.0,2.0,A,0.0,1.0,A,15.0,10.0,5.0,6.0,13.0,7.0,9.0,2.0,1.0,1.0,0.0,0.0,2.63,3.39,2.72
E0,2021-10-24,West Ham,Tottenham,1818.1,1812.19,6.0,7.0,6.0,6.0,1.0,0.0,H,0.0,0.0,D,13.0,7.0,4.0,4.0,11.0,4.0,2.0,4.0,2.0,1.0,0.0,0.0,2.35,3.49,3.01
E0,2021-10-24,Man United,Liverpool,1912.42,1963.91,1.0,7.0,5.0,11.0,0.0,5.0,A,0.0,4.0,A,12.0,19.0,4.0,8.0,10.0,8.0,6.0,3.0,6.0,0.0,1.0,0.0,3.06,3.66,2.27
E0,2021-10-30,Leicester,Arsenal,1763.59,1842.19,7.0,8.0,5.0,11.0,0.0,2.0,A,0.0,2.0,A,16.0,9.0,8.0,5.0,8.0,11.0,7.0,6.0,2.0,0.0,0.0,0.0,2.47,3.47,2.87
E0,2021-10-30,Burnley,Brentford,1681.68,1711.52,2.0,3.0,3.0,7.0,3.0,1.0,H,3.0,0.0,H,15.0,12.0,6.0,5.0,7.0,10.0,4.0,2.0,1.0,1.0,0.0,0.0,2.66,3.24,2.78
E0,2021-10-30,Liverpool,Brighton,1963.91,1741.33,7.0,11.0,2.0,6.0,2.0,2.0,D,2.0,1.0,H,14.0,9.0,3.0,6.0,8.0,5.0,5.0,3.0,2.0,2.0,0.0,0.0,1.24,6.49,12.11
E0,2021-10-30,Man City,Crystal Palace,2001.22,1704.14,7.0,11.0,3.0,4.0,0.0,2.0,A,0.0,1.0,A,14.0,8.0,3.0,3.0,11.0,11.0,7.0,1.0,2.0,3.0,1.0,0.0,1.16,8.13,18.61
E0,2021-10-30,Newcastle,Chelsea,1689.62,1936.94,1.0,3.0,9.0,12.0,0.0,3.0,A,0.0,0.0,D,6.0,19.0,1.0,6.0,14.0,12.0,0.0,2.0,3.0,2.0,0.0,0.0,8.63,4.91,1.38
E0,2021-10-30,Watford,Southampton,1661.07,1692.41,3.0,7.0,4.0,5.0,0.0,1.0,A,0.0,1.0,A,10.0,12.0,4.0,1.0,16.0,6.0,5.0,8.0,2.0,2.0,0.0,0.0,3.12,3.37,2.35
E0,2021-10-30,Tottenham,Man United,1812.19,1912.42,6.0,6.0,1.0,4.0,0.0,3.0,A,0.0,1.0,A,9.0,10.0,0.0,4.0,12.0,14.0,10.0,2.0,2.0,3.0,0.0,0.0,2.93,3.57,2.37
E0,2021-10-31,Norwich,Leeds,1619.75,1757.71,2.0,2.0,4.0,5.0,1.0,2.0,A,0.0,0.0,D,14.0,13.0,3.0,6.0,14.0,23.0,5.0,0.0,1.0,4.0,0.0,0.0,3.44,3.6,2.11
E0,2021-10-31,Aston Villa,West Ham,1756.6,1818.1,0.0,6.0,6.0,9.0,1.0,4.0,A,1.0,2.0,A,9.0,21.0,3.0,9.0,7.0,13.0,3.0,6.0,1.0,2.0,1.0,0.0,2.83,3.5,2.48
E0,2021-11-01,Wolves,Everton,1743.67,1761.7,7.0,10.0,1.0,4.0,2.0,1.0,H,2.0,0.0,H,10.0,14.0,4.0,5.0,10.0,8.0,4.0,3.0,1.0,1.0,0.0,0.0,2.24,3.28,3.39
E0,2021-11-05,Southampton,Aston Villa,1711.38,1732.32,7.0,7.0,0.0,3.0,1.0,0.0,H,1.0,0.0,H,9.0,14.0,3.0,3.0,12.0,12.0,10.0,8.0,2.0,2.0,0.0,0.0,2.02,3.66,3.68
E0,2021-11-06,Man United,Man City,1900.48,1994.31,3.0,4.0,6.0,10.0,0.0,2.0,A,0.0,2.0,A,5.0,16.0,1.0,5.0,9.0,12.0,1.0,9.0,1.0,2.0,0.0,0.0,4.69,4.09,1.72
E0,2021-11-06,Brentford,Norwich,1693.24,1616.05,0.0,4.0,1.0,2.0,1.0,2.0,A,0.0,2.0,A,19.0,9.0,7.0,5.0,12.0,13.0,6.0,2.0,2.0,3.0,0.0,0.0,1.63,3.92,5.8
E0,2021-11-06,Chelsea,Burnley,1955.1,1695.51,9.0,12.0,4.0,6.0,1.0,1.0,D,1.0,0.0,H,25.0,5.0,4.0,2.0,6.0,9.0,14.0,2.0,1.0,4.0,0.0,0.0,1.26,5.94,12.51
E0,2021-11-06,Crystal Palace,Wolves,1732.42,1743.67,5.0,7.0,7.0,13.0,2.0,0.0,H,0.0,0.0,D,13.0,4.0,6.0,2.0,14.0,13.0,4.0,6.0,2.0,1.0,0.0,0.0,2.5,3.15,3.08
E0,2021-11-06,Brighton,Newcastle,1743.95,1683.83,2.0,4.0,1.0,2.0,1.0,1.0,D,1.0,0.0,H,14.0,6.0,5.0,1.0,16.0,10.0,2.0,5.0,3.0,4.0,1.0,0.0,1.62,3.99,5.76
E0,2021-11-07,Arsenal,Watford,1858.58,1671.48,7.0,11.0,3.0,4.0,1.0,0.0,H,0.0,0.0,D,14.0,7.0,6.0,1.0,6.0,19.0,4.0,2.0,4.0,2.0,0.0,1.0,1.39,4.9,8.25
E0,2021-11-07,Everton,Tottenham,1761.7,1790.28,0.0,4.0,3.0,6.0,0.0,0.0,D,0.0,0.0,D,12.0,8.0,2.0,0.0,13.0,17.0,4.0,2.0,2.0,4.0,1.0,0.0,3.06,3.28,2.42
E0,2021-11-07,Leeds,Leicester,1756.53,1782.75,4.0,7.0,6.0,8.0,1.0,1.0,D,1.0,1.0,D,18.0,9.0,5.0,3.0,12.0,5.0,10.0,5.0,1.0,1.0,0.0,0.0,2.76,3.56,2.5
E0,2021-11-07,West Ham,Liverpool,1849.27,1989.3,9.0,12.0,7.0,9.0,3.0,2.0,H,1.0,1.0,D,7.0,16.0,3.0,5.0,11.0,6.0,3.0,2.0,1.0,1.0,0.0,0.0,4.59,4.11,1.72
E0,2021-11-20,Leicester,Chelsea,1774.28,1948.96,4.0,8.0,7.0,13.0,0.0,3.0,A,0.0,2.0,A,4.0,16.0,3.0,7.0,15.0,8.0,3.0,5.0,3.0,1.0,0.0,0.0,4.74,3.72,1.78
E0,2021-11-20,Aston Villa,Brighton,1723.38,1740.41,0.0,0.0,2.0,4.0,2.0,0.0,H,0.0,0.0,D,9.0,6.0,5.0,2.0,7.0,13.0,5.0,7.0,3.0,3.0,0.0,0.0,2.43,3.31,3.04
E0,2021-11-20,Burnley,Crystal Palace,1701.29,1742.68,5.0,6.0,7.0,9.0,3.0,3.0,D,2.0,3.0,A,15.0,18.0,9.0,8.0,14.0,15.0,3.0,6.0,2.0,3.0,0.0,0.0,2.77,3.23,2.7
E0,2021-11-20,Newcastle,Brentford,1685.28,1681.41,2.0,2.0,0.0,3.0,3.0,3.0,D,2.0,2.0,D,23.0,10.0,9.0,4.0,13.0,11.0,8.0,2.0,2.0,2.0,0.0,0.0,2.64,3.37,2.72
E0,2021-11-20,Norwich,Southampton,1625.79,1718.23,3.0,5.0,7.0,10.0,2.0,1.0,H,1.0,1.0,D,8.0,17.0,4.0,5.0,8.0,9.0,5.0,7.0,3.0,2.0,0.0,0.0,3.63,3.46,2.1
E0,2021-11-20,Watford,Man United,1667.14,1890.05,3.0,3.0,3.0,4.0,4.0,1.0,H,2.0,0.0,H,20.0,9.0,7.0,3.0,7.0,5.0,9.0,3.0,2.0,1.0,0.0,1.0,6.22,4.65,1.5
E0,2021-11-20,Wolves,West Ham,1739.28,1853.25,4.0,10.0,9.0,12.0,1.0,0.0,H,0.0,0.0,D,15.0,8.0,5.0,3.0,6.0,9.0,7.0,3.0,1.0,1.0,0.0,0.0,3.02,3.27,2.47
E0,2021-11-20,Liverpool,Arsenal,1982.67,1860.83,4.0,8.0,9.0,11.0,4.0,0.0,H,1.0,0.0,H,19.0,5.0,9.0,3.0,15.0,12.0,6.0,1.0,2.0,0.0,0.0,0.0,1.48,4.77,6.38
E0,2021-11-21,Man City,Everton,2003.69,1753.02,6.0,10.0,1.0,2.0,3.0,0.0,H,1.0,0.0,H,17.0,4.0,7.0,1.0,5.0,7.0,7.0,1.0,1.0,1.0,0.0,0.0,1.18,7.56,15.95
E0,2021-11-21,Tottenham,Leeds,1790.93,1755.22,1.0,7.0,5.0,8.0,2.0,1.0,H,0.0,1.0,A,13.0,18.0,4.0,7.0,11.0,12.0,4.0,8.0,1.0,4.0,0.0,0.0,1.73,4.07,4.56
E0,2021-11-27,Arsenal,Newcastle,1860.83,1685.28,6.0,10.0,2.0,3.0,2.0,0.0,H,0.0,0.0,D,24.0,9.0,6.0,5.0,6.0,12.0,4.0,4.0,1.0,3.0,0.0,0.0,1.47,4.77,6.61
E0,2021-11-27,Crystal Palace,Aston Villa,1742.68,1723.38,7.0,9.0,3.0,3.0,1.0,2.0,A,0.0,1.0,A,8.0,10.0,3.0,3.0,12.0,10.0,7.0,3.0,3.0,3.0,0.0,0.0,2.24,3.37,3.36
E0,2021-11-27,Liverpool,Southampton,1982.67,1718.23,4.0,10.0,6.0,10.0,4.0,0.0,H,3.0,0.0,H,20.0,7.0,6.0,3.0,7.0,14.0,5.0,7.0,0.0,1.0,0.0,0.0,1.29,5.99,9.78
E0,2021-11-27,Norwich,Wolves,1625.79,1739.28,6.0,7.0,6.0,10.0,0.0,0.0,D,0.0,0.0,D,14.0,5.0,4.0,2.0,11.0,10.0,4.0,3.0,2.0,2.0,0.0,0.0,3.54,3.35,2.17
E0,2021-11-27,Brighton,Leeds,1740.41,1755.22,2.0,3.0,4.0,5.0,0.0,0.0,D,0.0,0.0,D,20.0,11.0,4.0,4.0,12.0,14.0,6.0,1.0,1.0,3.0,0.0,0.0,2.11,3.41,3.67
E0,2021-11-28,Brentford,Everton,1681.41,1753.02,1.0,1.0,1.0,1.0,1.0,0.0,H,1.0,0.0,H,6.0,14.0,4.0,5.0,8.0,11.0,3.0,3.0,4.0,3.0,0.0,0.0,2.25,3.27,3.4
E0,2021-11-28,Leicester,Watford,1774.28,1667.14,1.0,7.0,3.0,6.0,4.0,2.0,H,3.0,1.0,H,18.0,16.0,8.0,5.0,5.0,19.0,8.0,6.0,0.0,0.0,0.0,0.0,1.63,4.15,5.26
E0,2021-11-28,Man City,West Ham,2003.69,1853.25,6.0,12.0,6.0,12.0,2.0,1.0,H,1.0,0.0,H,19.0,5.0,9.0,3.0,7.0,6.0,8.0,4.0,2.0,0.0,0.0,0.0,1.3,5.82,10.01
E0,2021-11-28,Chelsea,Man United,1948.96,1890.05,7.0,13.0,3.0,3.0,1.0,1.0,D,0.0,0.0,D,24.0,3.0,6.0,2.0,13.0,14.0,15.0,2.0,2.0,5.0,0.0,0.0,1.61,4.12,5.67
E0,2021-11-30,Newcastle,Norwich,1685.28,1625.79,2.0,3.0,7.0,7.0,1.0,1.0,D,0.0,0.0,D,9.0,16.0,1.0,6.0,8.0,11.0,2.0,5.0,0.0,0.0,0.0,1.0,1.99,3.63,3.82
E0,2021-11-30,Leeds,Crystal Palace,1755.22,1742.68,2.0,6.0,4.0,8.0,1.0,0.0,H,0.0,0.0,D,15.0,9.0,3.0,1.0,15.0,15.0,7.0,4.0,5.0,3.0,0.0,0.0,2.42,3.33,3.06
E0,2021-12-01,Southampton,Leicester,1709.61,1779.94,3.0,7.0,4.0,7.0,2.0,2.0,D,2.0,1.0,H,15.0,15.0,7.0,6.0,14.0,11.0,2.0,4.0,1.0,3.0,0.0,0.0,2.43,3.47,2.91
E0,2021-12-01,Watford,Chelsea,1686.6,1965.56,3.0,6.0,5.0,11.0,1.0,2.0,A,1.0,1.0,D,13.0,8.0,6.0,4.0,18.0,16.0,6.0,0.0,4.0,3.0,0.0,0.0,10.3,5.43,1.31
E0,2021-12-01,West Ham,Brighton,1847.87,1733.41,3.0,9.0,2.0,3.0,1.0,1.0,D,1.0,0.0,H,14.0,9.0,6.0,3.0,10.0,8.0,9.0,5.0,1.0,1.0,0.0,0.0,2.01,3.53,3.79
E0,2021-12-01,Wolves,Burnley,1751.88,1706.19,4.0,8.0,5.0,6.0,0.0,0.0,D,0.0,0.0,D,16.0,6.0,2.0,1.0,5.0,7.0,5.0,5.0,2.0,3.0,0.0,0.0,1.95,3.41,4.23
E0,2021-12-01,Aston Villa,Man City,1748.21,2019.78,6.0,6.0,9.0,12.0,1.0,2.0,A,0.0,2.0,A,9.0,17.0,3.0,7.0,8.0,12.0,4.0,11.0,0.0,0.0,0.0,0.0,8.6,5.2,1.36
E0,2021-12-01,Everton,Liverpool,1744.82,2003.65,1.0,1.0,6.0,10.0,1.0,4.0,A,1.0,2.0,A,8.0,16.0,2.0,7.0,8.0,16.0,3.0,11.0,4.0,3.0,0.0,0.0,7.52,5.05,1.41
E0,2021-12-02,Tottenham,Brentford,1784.37,1695.8,4.0,7.0,4.0,4.0,2.0,0.0,H,1.0,0.0,H,11.0,6.0,6.0,2.0,13.0,11.0,11.0,5.0,0.0,0.0,0.0,0.0,1.64,4.07,5.25
E0,2021-12-02,Man United,Arsenal,1886.35,1861.47,1.0,4.0,6.0,12.0,3.0,2.0,H,1.0,1.0,D,14.0,17.0,10.0,8.0,9.0,10.0,3.0,8.0,1.0,0.0,0.0,0.0,2.02,3.66,3.66
E0,2021-12-04,West Ham,Chelsea,1847.87,1965.56,1.0,7.0,7.0,11.0,3.0,2.0,H,1.0,2.0,A,11.0,19.0,5.0,7.0,10.0,10.0,1.0,9.0,1.0,3.0,0.0,0.0,4.7,3.6,1.82
E0,2021-12-04,Newcastle,Burnley,1681.87,1706.19,2.0,3.0,3.0,7.0,1.0,0.0,H,1.0,0.0,H,19.0,10.0,4.0,1.0,11.0,9.0,10.0,3.0,1.0,1.0,0.0,0.0,2.33,3.35,3.19
E0,2021-12-04,Southampton,Brighton,1709.61,1733.41,1.0,7.0,2.0,4.0,1.0,1.0,D,1.0,0.0,H,14.0,14.0,4.0,4.0,15.0,12.0,6.0,2.0,4.0,2.0,0.0,0.0,2.45,3.21,3.1
E0,2021-12-04,Wolves,Liverpool,1751.88,2003.65,5.0,8.0,9.0,10.0,0.0,1.0,A,0.0,0.0,D,3.0,17.0,1.0,5.0,4.0,7.0,2.0,8.0,2.0,2.0,0.0,0.0,7.73,4.75,1.43
E0,2021-12-04,Watford,Man City,1686.6,2019.78,3.0,3.0,9.0,12.0,1.0,3.0,A,0.0,2.0,A,11.0,26.0,4.0,13.0,10.0,7.0,5.0,11.0,3.0,0.0,0.0,0.0,14.65,7.19,1.2
E0,2021-12-05,Leeds,Brentford,1760.75,1695.8,4.0,8.0,4.0,4.0,2.0,2.0,D,1.0,0.0,H,13.0,9.0,6.0,3.0,11.0,9.0,5.0,1.0,5.0,3.0,0.0,0.0,1.94,3.62,3.99
E0,2021-12-05,Man United,Crystal Palace,1886.35,1731.03,4.0,7.0,1.0,7.0,1.0,0.0,H,0.0,0.0,D,16.0,8.0,3.0,2.0,16.0,9.0,9.0,6.0,2.0,2.0,0.0,0.0,1.57,4.19,6.09
E0,2021-12-05,Tottenham,Norwich,1784.37,1644.3,7.0,7.0,5.0,8.0,3.0,0.0,H,1.0,0.0,H,17.0,10.0,7.0,1.0,11.0,4.0,6.0,4.0,1.0,2.0,0.0,0.0,1.41,4.75,8.11
E0,2021-12-05,Aston Villa,Leicester,1748.21,1779.94,6.0,6.0,4.0,5.0,2.0,1.0,H,1.0,1.0,D,13.0,12.0,4.0,5.0,8.0,25.0,3.0,6.0,1.0,1.0,0.0,0.0,2.36,3.45,3.03
E0,2021-12-06,Everton,Arsenal,1744.82,1861.47,0.0,1.0,3.0,9.0,2.0,1.0,H,0.0,1.0,A,11.0,10.0,5.0,3.0,8.0,12.0,3.0,3.0,2.0,2.0,0.0,0.0,3.38,3.52,2.16
E0,2021-12-10,Brentford,Watford,1695.8,1686.6,4.0,5.0,0.0,3.0,2.0,1.0,H,0.0,1.0,A,14.0,6.0,5.0,2.0,12.0,18.0,8.0,2.0,4.0,0.0,0.0,0.0,2.29,3.32,3.34
E0,2021-12-11,Man City,Wolves,2019.78,1751.88,9.0,15.0,2.0,5.0,1.0,0.0,H,0.0,0.0,D,24.0,2.0,10.0,1.0,12.0,5.0,14.0,1.0,3.0,2.0,0.0,1.0,1.16,8.11,20.35
E0,2021-12-11,Arsenal,Southampton,1861.47,1709.61,3.0,6.0,2.0,5.0,3.0,0.0,H,2.0,0.0,H,15.0,11.0,5.0,6.0,5.0,9.0,9.0,8.0,2.0,0.0,0.0,0.0,1.67,3.99,5.32
E0,2021-12-11,Chelsea,Leeds,1965.56,1760.75,4.0,8.0,5.0,6.0,3.0,2.0,H,1.0,1.0,D,16.0,12.0,6.0,5.0,9.0,15.0,5.0,2.0,2.0,5.0,0.0,0.0,1.28,5.95,11.46
E0,2021-12-11,Liverpool,Aston Villa,2003.65,1748.21,9.0,12.0,6.0,9.0,1.0,0.0,H,0.0,0.0,D,20.0,4.0,5.0,0.0,13.0,6.0,11.0,3.0,1.0,2.0,0.0,0.0,1.23,6.85,11.92
E0,2021-12-11,Norwich,Man United,1644.3,1886.35,2.0,8.0,7.0,7.0,0.0,1.0,A,0.0,0.0,D,11.0,13.0,5.0,5.0,6.0,17.0,8.0,6.0,1.0,1.0,0.0,0.0,7.25,4.73,1.45
E0,2021-12-12,Burnley,West Ham,1706.19,1847.87,2.0,6.0,4.0,7.0,0.0,0.0,D,0.0,0.0,D,9.0,16.0,1.0,3.0,13.0,11.0,6.0,4.0,2.0,1.0,0.0,0.0,3.61,3.64,2.05
E0,2021-12-12,Leicester,Newcastle,1779.94,1681.87,4.0,5.0,4.0,6.0,4.0,0.0,H,1.0,0.0,H,8.0,12.0,5.0,3.0,9.0,16.0,4.0,6.0,2.0,3.0,0.0,0.0,1.75,4.01,4.56
E0,2021-12-12,Crystal Palace,Everton,1731.03,1744.82,0.0,4.0,3.0,4.0,3.0,1.0,H,1.0,0.0,H,17.0,12.0,6.0,6.0,15.0,14.0,8.0,2.0,0.0,2.0,0.0,0.0,2.29,3.21,3.42
E0,2021-12-14,Norwich,Aston Villa,1644.3,1748.21,1.0,5.0,3.0,9.0,0.0,2.0,A,0.0,1.0,A,7.0,17.0,3.0,6.0,12.0,9.0,7.0,10.0,3.0,1.0,0.0,0.0,3.37,3.26,2.29
E0,2021-12-14,Man City,Leeds,2019.78,1760.75,9.0,15.0,4.0,5.0,7.0,0.0,H,3.0,0.0,H,31.0,6.0,15.0,3.0,5.0,9.0,6.0,2.0,1.0,1.0,0.0,0.0,1.15,8.7,18.17
E0,2021-12-15,Brighton,Wolves,1725.31,1732.02,3.0,4.0,1.0,5.0,0.0,1.0,A,0.0,1.0,A,12.0,8.0,2.0,5.0,11.0,14.0,7.0,4.0,2.0,0.0,0.0,0.0,2.32,3.05,3.51
E0,2021-12-15,Crystal Palace,Southampton,1726.03,1691.13,3.0,4.0,2.0,2.0,2.0,2.0,D,1.0,2.0,A,9.0,15.0,6.0,4.0,16.0,20.0,4.0,6.0,2.0,4.0,0.0,0.0,2.14,3.38,3.59
E0,2021-12-15,Arsenal,West Ham,1839.24,1823.76,3.0,6.0,5.0,5.0,2.0,0.0,H,0.0,0.0,D,21.0,7.0,8.0,1.0,8.0,9.0,5.0,2.0,2.0,0.0,0.0,1.0,2.2,3.58,3.26
E0,2021-12-16,Chelsea,Everton,1943.07,1726.53,6.0,10.0,3.0,3.0,1.0,1.0,D,0.0,0.0,D,23.0,5.0,10.0,3.0,11.0,11.0,7.0,1.0,2.0,3.0,0.0,0.0,1.24,6.17,13.27
E0,2021-12-16,Liverpool,Newcastle,2006.39,1667.2,9.0,15.0,4.0,5.0,3.0,1.0,H,2.0,1.0,H,23.0,4.0,8.0,2.0,9.0,4.0,11.0,0.0,1.0,3.0,0.0,0.0,1.12,9.52,21.43
E0,2021-12-18,Leeds,Arsenal,1736.91,1839.24,1.0,5.0,6.0,9.0,1.0,4.0,A,0.0,3.0,A,9.0,21.0,2.0,12.0,11.0,7.0,1.0,4.0,3.0,1.0,0.0,0.0,3.89,3.78,1.91
E0,2021-12-19,Newcastle,Man City,1667.2,2008.13,3.0,4.0,9.0,15.0,0.0,4.0,A,0.0,2.0,A,5.0,18.0,1.0,7.0,9.0,6.0,3.0,6.0,1.0,2.0,0.0,0.0,16.25,7.72,1.18
E0,2021-12-19,Wolves,Chelsea,1732.02,1943.07,3.0,5.0,4.0,8.0,0.0,0.0,D,0.0,0.0,D,4.0,8.0,1.0,1.0,9.0,7.0,4.0,9.0,0.0,2.0,0.0,0.0,6.42,3.93,1.58
E0,2021-12-19,Tottenham,Liverpool,1785.6,2006.39,9.0,10.0,9.0,15.0,2.0,2.0,D,1.0,1.0,D,10.0,18.0,5.0,6.0,12.0,11.0,6.0,4.0,4.0,4.0,0.0,1.0,5.18,4.5,1.59
E0,2021-12-26,Man City,Leicester,2008.13,1763.63,9.0,15.0,4.0,7.0,6.0,3.0,H,4.0,0.0,H,17.0,14.0,9.0,8.0,11.0,9.0,14.0,4.0,1.0,2.0,0.0,0.0,1.18,7.85,14.75
E0,2021-12-26,Norwich,Arsenal,1613.68,1839.24,0.0,2.0,9.0,9.0,0.0,5.0,A,0.0,2.0,A,4.0,16.0,2.0,6.0,13.0,7.0,3.0,5.0,1.0,2.0,0.0,0.0,7.73,4.77,1.42
E0,2021-12-26,Tottenham,Crystal Palace,1785.6,1726.03,7.0,11.0,4.0,4.0,3.0,0.0,H,2.0,0.0,H,17.0,4.0,6.0,0.0,16.0,10.0,4.0,2.0,1.0,1.0,0.0,1.0,1.72,3.87,4.97
E0,2021-12-26,West Ham,Southampton,1823.76,1691.13,4.0,5.0,2.0,3.0,2.0,3.0,A,0.0,1.0,A,11.0,11.0,5.0,6.0,10.0,9.0,10.0,2.0,2.0,3.0,0.0,0.0,1.85,3.8,4.18
E0,2021-12-26,Aston Villa,Chelsea,1747.36,1943.07,6.0,9.0,5.0,8.0,1.0,3.0,A,1.0,1.0,D,8.0,10.0,1.0,4.0,8.0,11.0,2.0,5.0,3.0,1.0,0.0,0.0,5.35,3.77,1.7
E0,2021-12-26,Brighton,Brentford,1725.31,1686.12,2.0,3.0,4.0,8.0,2.0,0.0,H,2.0,0.0,H,15.0,16.0,5.0,6.0,8.0,10.0,6.0,9.0,1.0,3.0,0.0,0.0,1.95,3.45,4.15
E0,2021-12-27,Newcastle,Man United,1667.2,1879.9,0.0,4.0,9.0,10.0,1.0,1.0,D,1.0,0.0,H,13.0,13.0,8.0,4.0,11.0,8.0,2.0,4.0,3.0,3.0,0.0,0.0,6.66,4.58,1.48
E0,2021-12-28,Crystal Palace,Norwich,1726.03,1613.68,4.0,4.0,0.0,1.0,3.0,0.0,H,3.0,0.0,H,19.0,12.0,6.0,3.0,9.0,13.0,8.0,8.0,1.0,2.0,0.0,0.0,1.68,3.74,5.68
E0,2021-12-28,Southampton,Tottenham,1691.13,1785.6,4.0,6.0,7.0,13.0,1.0,1.0,D,1.0,1.0,D,9.0,21.0,2.0,11.0,15.0,5.0,3.0,7.0,2.0,2.0,1.0,0.0,3.74,3.51,2.05
E0,2021-12-28,Watford,West Ham,1661.75,1823.76,0.0,3.0,1.0,5.0,1.0,4.0,A,1.0,2.0,A,14.0,13.0,5.0,6.0,12.0,12.0,4.0,5.0,0.0,1.0,0.0,0.0,3.28,3.58,2.2
E0,2021-12-28,Leicester,Liverpool,1763.63,2006.39,3.0,7.0,7.0,13.0,1.0,0.0,H,0.0,0.0,D,6.0,21.0,1.0,4.0,8.0,11.0,1.0,12.0,0.0,1.0,0.0,0.0,7.72,5.72,1.36
E0,2021-12-29,Chelsea,Brighton,1943.07,1725.31,5.0,8.0,4.0,6.0,1.0,1.0,D,1.0,0.0,H,11.0,18.0,5.0,6.0,14.0,7.0,10.0,8.0,4.0,1.0,0.0,0.0,1.43,4.5,8.18
E0,2021-12-29,Brentford,Man City,1686.12,2008.13,4.0,7.0,9.0,15.0,0.0,1.0,A,0.0,1.0,A,6.0,12.0,2.0,3.0,12.0,10.0,3.0,5.0,0.0,0.0,0.0,0.0,17.6,7.93,1.17
E0,2021-12-30,Man United,Burnley,1879.9,1690.97,7.0,11.0,2.0,4.0,3.0,1.0,H,3.0,1.0,H,18.0,10.0,6.0,3.0,5.0,10.0,7.0,5.0,0.0,0.0,0.0,0.0,1.38,4.99,8.54
E0,2022-01-01,Arsenal,Man City,1866.73,2017.76,9.0,12.0,9.0,15.0,1.0,2.0,A,1.0,0.0,H,7.0,15.0,2.0,2.0,13.0,5.0,5.0,5.0,3.0,2.0,1.0,0.0,5.91,4.62,1.53
E0,2022-01-01,Watford,Tottenham,1652.24,1798.12,0.0,0.0,5.0,11.0,0.0,1.0,A,0.0,0.0,D,6.0,21.0,4.0,9.0,6.0,9.0,3.0,7.0,0.0,1.0,0.0,0.0,5.32,4.17,1.62
E0,2022-01-01,Crystal Palace,West Ham,1722.39,1812.04,4.0,7.0,3.0,7.0,2.0,3.0,A,0.0,3.0,A,22.0,10.0,6.0,5.0,6.0,16.0,9.0,1.0,0.0,2.0,0.0,0.0,3.09,3.46,2.33
E0,2022-01-02,Brentford,Aston Villa,1675.1,1740.97,3.0,4.0,3.0,6.0,2.0,1.0,H,1.0,1.0,D,10.0,16.0,4.0,5.0,17.0,11.0,3.0,7.0,2.0,2.0,0.0,0.0,3.0,3.31,2.45
E0,2022-01-02,Everton,Brighton,1732.8,1731.34,4.0,4.0,4.0,6.0,2.0,3.0,A,0.0,2.0,A,17.0,12.0,6.0,5.0,5.0,12.0,8.0,5.0,1.0,1.0,0.0,0.0,2.78,3.16,2.72
E0,2022-01-02,Leeds,Burnley,1726.35,1686.56,0.0,4.0,1.0,3.0,3.0,1.0,H,1.0,0.0,H,22.0,8.0,7.0,2.0,11.0,7.0,9.0,3.0,2.0,1.0,0.0,0.0,2.03,3.57,3.65
E0,2022-01-02,Chelsea,Liverpool,1932.72,1990.65,5.0,9.0,4.0,10.0,2.0,2.0,D,2.0,2.0,D,15.0,10.0,6.0,6.0,5.0,13.0,6.0,7.0,1.0,2.0,0.0,0.0,3.06,3.54,2.31
E0,2022-01-03,Man United,Wolves,1879.6,1745.45,7.0,13.0,4.0,5.0,0.0,1.0,A,0.0,0.0,D,9.0,19.0,2.0,6.0,9.0,8.0,3.0,8.0,3.0,1.0,0.0,0.0,1.56,4.17,6.08
E0,2022-01-11,Southampton,Brentford,1706.65,1675.1,5.0,6.0,3.0,7.0,4.0,1.0,H,2.0,1.0,H,12.0,5.0,6.0,4.0,9.0,8.0,5.0,2.0,0.0,1.0,0.0,0.0,2.11,3.37,3.73
E0,2022-01-12,West Ham,Norwich,1812.04,1598.38,6.0,7.0,0.0,0.0,2.0,0.0,H,1.0,0.0,H,13.0,7.0,5.0,3.0,9.0,8.0,11.0,2.0,0.0,0.0,0.0,0.0,1.31,5.52,10.28
E0,2022-01-14,Brighton,Crystal Palace,1731.34,1722.39,7.0,8.0,3.0,7.0,1.0,1.0,D,0.0,0.0,D,19.0,3.0,4.0,1.0,11.0,7.0,9.0,0.0,0.0,2.0,0.0,0.0,2.1,3.28,3.91
E0,2022-01-15,Man City,Chelsea,2022.91,1933.27,9.0,15.0,5.0,7.0,1.0,0.0,H,0.0,0.0,D,11.0,4.0,6.0,1.0,11.0,6.0,9.0,1.0,0.0,2.0,0.0,0.0,1.72,3.87,5.0
E0,2022-01-15,Newcastle,Watford,1666.16,1646.89,1.0,4.0,0.0,0.0,1.0,1.0,D,0.0,0.0,D,12.0,18.0,1.0,5.0,13.0,13.0,4.0,6.0,3.0,2.0,0.0,0.0,2.06,3.62,3.55
E0,2022-01-15,Norwich,Everton,1594.73,1723.47,0.0,0.0,1.0,4.0,2.0,1.0,H,2.0,0.0,H,14.0,12.0,3.0,5.0,12.0,14.0,8.0,8.0,3.0,1.0,0.0,0.0,3.74,3.48,2.05
E0,2022-01-15,Wolves,Southampton,1757.82,1717.91,7.0,7.0,7.0,8.0,3.0,1.0,H,1.0,0.0,H,9.0,13.0,5.0,10.0,13.0,14.0,2.0,10.0,2.0,3.0,0.0,0.0,2.32,3.16,3.4
E0,2022-01-15,Aston Villa,Man United,1732.29,1867.23,3.0,6.0,4.0,10.0,2.0,2.0,D,0.0,1.0,A,13.0,13.0,9.0,6.0,8.0,13.0,3.0,6.0,1.0,2.0,0.0,0.0,2.92,3.49,2.42
E0,2022-01-16,Liverpool,Brentford,1990.1,1672.51,2.0,8.0,3.0,6.0,3.0,0.0,H,1.0,0.0,H,27.0,6.0,13.0,1.0,6.0,6.0,9.0,0.0,0.0,1.0,0.0,0.0,1.3,5.68,10.64
E0,2022-01-16,West Ham,Leeds,1822.43,1734.78,9.0,9.0,3.0,4.0,2.0,3.0,A,1.0,2.0,A,15.0,18.0,5.0,5.0,6.0,9.0,4.0,3.0,3.0,2.0,0.0,0.0,1.65,4.21,4.98
E0,2022-01-18,Brighton,Chelsea,1738.89,1933.27,5.0,8.0,2.0,6.0,1.0,1.0,D,0.0,1.0,A,10.0,15.0,2.0,3.0,8.0,5.0,5.0,7.0,1.0,2.0,0.0,0.0,4.81,3.72,1.77
E0,2022-01-19,Leicester,Tottenham,1772.71,1803.46,6.0,7.0,7.0,11.0,2.0,3.0,A,1.0,1.0,D,14.0,27.0,4.0,10.0,6.0,12.0,3.0,8.0,1.0,2.0,0.0,0.0,3.04,3.42,2.36
E0,2022-01-19,Brentford,Man United,1672.51,1867.23,3.0,3.0,4.0,8.0,1.0,3.0,A,0.0,0.0,D,18.0,13.0,8.0,5.0,7.0,9.0,6.0,9.0,0.0,0.0,0.0,0.0,4.51,3.64,1.83
E0,2022-01-21,Watford,Norwich,1646.89,1594.73,1.0,1.0,3.0,3.0,0.0,3.0,A,0.0,0.0,D,15.0,7.0,4.0,2.0,16.0,11.0,5.0,1.0,0.0,1.0,1.0,0.0,2.07,3.52,3.63
E0,2022-01-22,Everton,Aston Villa,1723.47,1732.29,1.0,4.0,1.0,4.0,0.0,1.0,A,0.0,1.0,A,15.0,8.0,1.0,3.0,14.0,16.0,9.0,2.0,5.0,3.0,0.0,0.0,2.75,3.29,2.66
E0,2022-01-22,Brentford,Wolves,1672.51,1757.82,0.0,3.0,7.0,10.0,1.0,2.0,A,0.0,0.0,D,11.0,7.0,1.0,2.0,6.0,7.0,6.0,3.0,2.0,3.0,0.0,0.0,3.09,3.05,2.54
E0,2022-01-22,Leeds,Newcastle,1734.78,1666.16,6.0,6.0,2.0,2.0,0.0,1.0,A,0.0,0.0,D,13.0,15.0,4.0,3.0,9.0,9.0,6.0,7.0,4.0,2.0,0.0,0.0,2.01,3.72,3.63
E0,2022-01-22,Man United,West Ham,1867.23,1822.43,4.0,8.0,6.0,9.0,1.0,0.0,H,0.0,0.0,D,18.0,6.0,3.0,1.0,9.0,8.0,3.0,3.0,1.0,1.0,0.0,0.0,1.91,3.8,3.88
E0,2022-01-22,Southampton,Man City,1717.91,2022.91,4.0,8.0,9.0,15.0,1.0,1.0,D,1.0,0.0,H,7.0,20.0,3.0,5.0,13.0,5.0,2.0,11.0,3.0,0.0,0.0,0.0,10.18,6.08,1.28
E0,2022-01-23,Arsenal,Burnley,1861.58,1678.13,6.0,12.0,1.0,2.0,0.0,0.0,D,0.0,0.0,D,20.0,10.0,5.0,1.0,9.0,13.0,12.0,4.0,0.0,2.0,0.0,0.0,1.36,4.97,9.11
E0,2022-01-23,Crystal Palace,Liverpool,1717.44,1990.1,4.0,5.0,4.0,8.0,1.0,3.0,A,0.0,2.0,A,8.0,15.0,5.0,7.0,12.0,10.0,2.0,5.0,4.0,1.0,0.0,0.0,5.73,4.21,1.58
E0,2022-01-23,Leicester,Brighton,1772.71,1738.89,3.0,6.0,5.0,9.0,1.0,1.0,D,0.0,0.0,D,15.0,14.0,5.0,5.0,6.0,8.0,4.0,5.0,0.0,1.0,0.0,0.0,2.55,3.37,2.8
E0,2022-01-23,Chelsea,Tottenham,1933.27,1803.46,2.0,6.0,7.0,11.0,2.0,0.0,H,0.0,0.0,D,15.0,6.0,7.0,3.0,17.0,14.0,10.0,3.0,2.0,1.0,0.0,0.0,1.69,3.99,4.96
E0,2022-02-05,Burnley,Watford,1683.75,1630.75,1.0,2.0,1.0,1.0,0.0,0.0,D,0.0,0.0,D,13.0,11.0,2.0,5.0,16.0,9.0,4.0,7.0,1.0,2.0,0.0,0.0,2.21,3.27,3.51
E0,2022-02-08,Newcastle,Everton,1675.48,1704.6,5.0,5.0,0.0,1.0,3.0,1.0,H,1.0,1.0,D,20.0,11.0,9.0,3.0,13.0,13.0,6.0,2.0,2.0,3.0,0.0,0.0,2.52,3.38,2.88
E0,2022-02-08,West Ham,Watford,1805.83,1630.75,3.0,9.0,2.0,2.0,1.0,0.0,H,0.0,0.0,D,9.0,6.0,3.0,1.0,1.0,6.0,5.0,6.0,1.0,0.0,0.0,0.0,1.55,4.3,6.28
E0,2022-02-08,Burnley,Man United,1683.75,1875.96,2.0,3.0,7.0,10.0,1.0,1.0,D,0.0,1.0,A,9.0,22.0,3.0,5.0,11.0,10.0,2.0,10.0,2.0,1.0,0.0,0.0,5.82,4.07,1.61
E0,2022-02-09,Man City,Brentford,2021.13,1657.44,7.0,13.0,0.0,3.0,2.0,0.0,H,1.0,0.0,H,15.0,6.0,7.0,2.0,7.0,13.0,9.0,3.0,0.0,0.0,0.0,0.0,1.11,9.98,23.47
E0,2022-02-09,Norwich,Crystal Palace,1622.88,1713.45,6.0,6.0,1.0,4.0,1.0,1.0,D,1.0,0.0,H,5.0,13.0,1.0,5.0,11.0,15.0,4.0,6.0,1.0,2.0,0.0,0.0,3.5,3.36,2.18
E0,2022-02-09,Tottenham,Southampton,1805.39,1715.99,6.0,10.0,4.0,8.0,2.0,3.0,A,1.0,1.0,D,8.0,23.0,3.0,10.0,7.0,13.0,2.0,8.0,2.0,3.0,0.0,0.0,1.61,4.13,5.57
E0,2022-02-09,Aston Villa,Leeds,1743.5,1734.98,4.0,7.0,6.0,6.0,3.0,3.0,D,3.0,2.0,H,12.0,16.0,4.0,8.0,11.0,9.0,6.0,11.0,1.0,3.0,1.0,0.0,1.8,3.96,4.26
E0,2022-02-10,Liverpool,Leicester,1996.65,1762.85,7.0,8.0,4.0,7.0,2.0,0.0,H,1.0,0.0,H,22.0,5.0,11.0,1.0,11.0,7.0,7.0,6.0,1.0,0.0,0.0,0.0,1.26,6.56,10.5
E0,2022-02-10,Wolves,Arsenal,1772.93,1855.96,9.0,13.0,4.0,10.0,0.0,1.0,A,0.0,1.0,A,15.0,12.0,4.0,2.0,12.0,13.0,7.0,4.0,2.0,3.0,0.0,1.0,3.57,3.25,2.2
E0,2022-02-12,Man United,Southampton,1875.96,1715.99,7.0,8.0,4.0,8.0,1.0,1.0,D,1.0,0.0,H,12.0,13.0,8.0,4.0,12.0,13.0,1.0,4.0,4.0,0.0,0.0,0.0,1.61,4.22,5.43
E0,2022-02-12,Brentford,Crystal Palace,1657.44,1713.45,0.0,0.0,2.0,5.0,0.0,0.0,D,0.0,0.0,D,9.0,6.0,2.0,3.0,10.0,10.0,3.0,9.0,1.0,0.0,0.0,0.0,2.66,3.09,2.92
E0,2022-02-12,Everton,Leeds,1704.6,1734.98,0.0,1.0,4.0,7.0,3.0,0.0,H,2.0,0.0,H,21.0,7.0,10.0,0.0,8.0,9.0,5.0,3.0,1.0,1.0,0.0,0.0,2.32,3.64,2.99
E0,2022-02-12,Watford,Brighton,1630.75,1744.66,1.0,2.0,3.0,7.0,0.0,2.0,A,0.0,1.0,A,9.0,11.0,1.0,6.0,16.0,9.0,4.0,5.0,3.0,2.0,0.0,0.0,3.7,3.27,2.14
E0,2022-02-12,Norwich,Man City,1622.88,2021.13,7.0,7.0,7.0,13.0,0.0,4.0,A,0.0,1.0,A,8.0,22.0,3.0,9.0,7.0,8.0,4.0,12.0,0.0,2.0,0.0,0.0,18.09,7.86,1.17
E0,2022-02-13,Burnley,Liverpool,1683.75,1996.65,3.0,3.0,9.0,10.0,0.0,1.0,A,0.0,1.0,A,8.0,12.0,5.0,4.0,7.0,6.0,5.0,8.0,0.0,1.0,0.0,0.0,10.72,5.75,1.29
E0,2022-02-13,Newcastle,Aston Villa,1675.48,1743.5,7.0,8.0,5.0,5.0,1.0,0.0,H,1.0,0.0,H,10.0,11.0,2.0,1.0,22.0,15.0,3.0,6.0,3.0,4.0,0.0,0.0,2.72,3.44,2.6
E0,2022-02-13,Tottenham,Wolves,1805.39,1772.93,3.0,7.0,6.0,10.0,0.0,2.0,A,0.0,2.0,A,17.0,11.0,7.0,7.0,13.0,13.0,7.0,3.0,3.0,1.0,0.0,0.0,1.68,3.76,5.57
E0,2022-02-13,Leicester,West Ham,1762.85,1805.83,1.0,4.0,3.0,9.0,2.0,2.0,D,1.0,1.0,D,13.0,8.0,2.0,3.0,10.0,9.0,5.0,4.0,1.0,2.0,0.0,0.0,2.88,3.58,2.4
E0,2022-02-15,Man United,Brighton,1866.84,1753.62,5.0,9.0,5.0,9.0,2.0,0.0,H,0.0,0.0,D,19.0,10.0,7.0,3.0,8.0,10.0,10.0,2.0,3.0,1.0,0.0,1.0,1.78,3.78,4.74
E0,2022-02-19,West Ham,Newcastle,1808.98,1694.79,4.0,7.0,9.0,11.0,1.0,1.0,D,1.0,1.0,D,11.0,14.0,3.0,3.0,3.0,7.0,3.0,7.0,3.0,3.0,0.0,0.0,1.7,3.91,5.11
E0,2022-02-19,Arsenal,Brentford,1863.17,1656.26,4.0,10.0,1.0,1.0,2.0,1.0,H,0.0,0.0,D,24.0,6.0,8.0,2.0,10.0,5.0,14.0,0.0,1.0,1.0,0.0,0.0,1.46,4.46,7.68
E0,2022-02-19,Aston Villa,Watford,1733.81,1621.09,4.0,5.0,1.0,2.0,0.0,1.0,A,0.0,0.0,D,20.0,8.0,1.0,4.0,12.0,7.0,10.0,5.0,1.0,2.0,0.0,0.0,1.67,3.93,5.41
E0,2022-02-19,Brighton,Burnley,1753.62,1682.93,4.0,6.0,2.0,3.0,0.0,3.0,A,0.0,2.0,A,11.0,10.0,1.0,4.0,12.0,12.0,4.0,4.0,1.0,4.0,0.0,0.0,1.67,3.74,5.75
E0,2022-02-19,Crystal Palace,Chelsea,1711.71,1930.51,2.0,3.0,4.0,6.0,0.0,1.0,A,0.0,0.0,D,7.0,9.0,0.0,3.0,4.0,20.0,4.0,4.0,1.0,3.0,0.0,0.0,5.59,3.9,1.65
E0,2022-02-19,Liverpool,Norwich,2002.28,1621.26,9.0,13.0,4.0,7.0,3.0,1.0,H,0.0,0.0,D,29.0,6.0,8.0,1.0,7.0,8.0,9.0,4.0,0.0,1.0,0.0,0.0,1.12,9.63,24.83
E0,2022-02-19,Southampton,Everton,1732.24,1707.39,5.0,8.0,3.0,3.0,2.0,0.0,H,0.0,0.0,D,19.0,9.0,11.0,0.0,6.0,9.0,4.0,4.0,0.0,2.0,0.0,0.0,2.08,3.56,3.58
E0,2022-02-19,Man City,Tottenham,2025.69,1779.87,7.0,13.0,0.0,6.0,2.0,3.0,A,1.0,1.0,D,21.0,6.0,4.0,5.0,5.0,7.0,10.0,0.0,0.0,3.0,0.0,0.0,1.29,5.87,10.84
E0,2022-02-20,Leeds,Man United,1722.57,1866.84,1.0,7.0,5.0,11.0,2.0,4.0,A,0.0,2.0,A,16.0,15.0,6.0,9.0,13.0,19.0,3.0,3.0,6.0,3.0,0.0,0.0,3.91,3.86,1.9
E0,2022-02-20,Wolves,Leicester,1779.93,1759.81,6.0,12.0,2.0,5.0,2.0,1.0,H,1.0,1.0,D,11.0,17.0,3.0,7.0,12.0,9.0,7.0,10.0,4.0,4.0,0.0,0.0,2.29,3.28,3.33
E0,2022-02-23,Burnley,Tottenham,1682.93,1779.87,4.0,6.0,3.0,6.0,1.0,0.0,H,0.0,0.0,D,15.0,12.0,4.0,2.0,8.0,8.0,3.0,7.0,0.0,0.0,0.0,0.0,4.72,3.73,1.79
E0,2022-02-23,Watford,Crystal Palace,1621.09,1711.71,3.0,4.0,2.0,3.0,1.0,4.0,A,1.0,2.0,A,8.0,7.0,1.0,5.0,12.0,9.0,6.0,4.0,2.0,1.0,0.0,0.0,3.2,3.24,2.4
E0,2022-02-23,Liverpool,Leeds,2002.28,1722.57,9.0,15.0,1.0,4.0,6.0,0.0,H,3.0,0.0,H,23.0,3.0,15.0,2.0,5.0,11.0,4.0,0.0,0.0,3.0,0.0,0.0,1.16,8.73,16.66
E0,2022-02-24,Arsenal,Wolves,1863.17,1779.93,7.0,10.0,6.0,12.0,2.0,1.0,H,0.0,1.0,A,26.0,6.0,5.0,2.0,8.0,9.0,5.0,4.0,1.0,1.0,0.0,0.0,1.65,3.8,5.83
E0,2022-02-25,Southampton,Norwich,1732.24,1621.26,7.0,8.0,1.0,7.0,2.0,0.0,H,1.0,0.0,H,27.0,8.0,9.0,1.0,12.0,9.0,13.0,6.0,1.0,2.0,0.0,0.0,1.54,4.37,6.22
E0,2022-02-26,Leeds,Tottenham,1722.57,1779.87,0.0,1.0,3.0,3.0,0.0,4.0,A,0.0,3.0,A,19.0,15.0,3.0,11.0,16.0,11.0,3.0,6.0,4.0,2.0,0.0,0.0,4.03,3.96,1.86
E0,2022-02-26,Brentford,Newcastle,1656.26,1694.79,1.0,1.0,7.0,11.0,0.0,2.0,A,0.0,2.0,A,6.0,26.0,1.0,11.0,9.0,7.0,6.0,6.0,3.0,1.0,1.0,0.0,2.52,3.17,3.04
E0,2022-02-26,Crystal Palace,Burnley,1711.71,1682.93,4.0,5.0,6.0,8.0,1.0,1.0,D,1.0,0.0,H,11.0,5.0,4.0,1.0,5.0,17.0,5.0,4.0,0.0,2.0,0.0,0.0,1.97,3.42,4.19
E0,2022-02-26,Man United,Watford,1866.84,1621.09,7.0,11.0,3.0,4.0,0.0,0.0,D,0.0,0.0,D,22.0,10.0,3.0,2.0,2.0,7.0,4.0,3.0,0.0,0.0,0.0,0.0,1.34,5.44,9.04
E0,2022-02-26,Brighton,Aston Villa,1753.62,1733.81,3.0,5.0,1.0,5.0,0.0,2.0,A,0.0,1.0,A,12.0,9.0,1.0,4.0,17.0,11.0,7.0,2.0,4.0,5.0,0.0,0.0,2.27,3.28,3.41
E0,2022-02-26,Everton,Man City,1707.39,2025.69,3.0,3.0,6.0,10.0,0.0,1.0,A,0.0,0.0,D,6.0,13.0,2.0,8.0,7.0,14.0,3.0,4.0,3.0,2.0,0.0,0.0,10.95,6.04,1.28
E0,2022-02-27,West Ham,Wolves,1808.98,1779.93,5.0,5.0,6.0,9.0,1.0,0.0,H,0.0,0.0,D,13.0,14.0,4.0,1.0,8.0,2.0,3.0,5.0,1.0,0.0,0.0,0.0,2.11,3.24,3.89
E0,2022-03-01,Burnley,Leicester,1718.43,1761.1,7.0,8.0,1.0,2.0,0.0,2.0,A,0.0,0.0,D,9.0,22.0,2.0,6.0,10.0,13.0,6.0,8.0,1.0,1.0,0.0,0.0,2.94,3.34,2.52
E0,2022-03-05,Leicester,Leeds,1761.1,1702.18,4.0,5.0,0.0,1.0,1.0,0.0,H,0.0,0.0,D,7.0,19.0,4.0,4.0,9.0,12.0,5.0,10.0,1.0,2.0,0.0,0.0,1.8,4.12,4.14
E0,2022-03-05,Aston Villa,Southampton,1740.63,1752.05,3.0,7.0,7.0,11.0,4.0,0.0,H,2.0,0.0,H,14.0,11.0,9.0,1.0,10.0,8.0,4.0,7.0,1.0,1.0,0.0,0.0,2.36,3.48,3.04
E0,2022-03-05,Burnley,Chelsea,1718.43,1943.13,4.0,7.0,7.0,8.0,0.0,4.0,A,0.0,0.0,D,6.0,11.0,1.0,5.0,12.0,7.0,5.0,2.0,2.0,0.0,0.0,0.0,7.44,4.15,1.5
E0,2022-03-05,Newcastle,Brighton,1715.69,1719.85,7.0,13.0,0.0,4.0,2.0,1.0,H,2.0,0.0,H,10.0,15.0,4.0,4.0,8.0,10.0,4.0,7.0,1.0,1.0,0.0,0.0,2.77,3.19,2.74
E0,2022-03-05,Norwich,Brentford,1619.4,1647.59,0.0,4.0,1.0,1.0,1.0,3.0,A,0.0,1.0,A,15.0,10.0,7.0,6.0,13.0,18.0,5.0,5.0,2.0,5.0,0.0,0.0,2.95,3.15,2.6
E0,2022-03-05,Wolves,Crystal Palace,1780.05,1724.23,3.0,6.0,4.0,6.0,0.0,2.0,A,0.0,2.0,A,12.0,12.0,5.0,8.0,13.0,8.0,7.0,7.0,0.0,3.0,0.0,0.0,2.37,3.1,3.4
E0,2022-03-05,Liverpool,West Ham,2019.52,1816.47,9.0,15.0,5.0,8.0,1.0,0.0,H,1.0,0.0,H,22.0,13.0,5.0,5.0,7.0,7.0,4.0,6.0,2.0,1.0,0.0,0.0,1.3,5.86,9.95
E0,2022-03-06,Watford,Arsenal,1632.76,1876.36,4.0,4.0,9.0,10.0,2.0,3.0,A,1.0,2.0,A,13.0,16.0,7.0,4.0,5.0,11.0,1.0,5.0,1.0,2.0,0.0,0.0,6.14,4.02,1.59
E0,2022-03-06,Man City,Man United,2021.69,1880.24,6.0,10.0,7.0,9.0,4.0,1.0,H,2.0,1.0,H,24.0,5.0,10.0,2.0,10.0,14.0,9.0,3.0,0.0,1.0,0.0,0.0,1.41,4.91,7.86
E0,2022-03-07,Tottenham,Everton,1804.85,1701.64,6.0,6.0,3.0,3.0,5.0,0.0,H,3.0,0.0,H,14.0,6.0,7.0,0.0,15.0,10.0,5.0,2.0,2.0,0.0,0.0,0.0,1.61,4.13,5.61
E0,2022-03-10,Norwich,Chelsea,1619.4,1943.13,0.0,1.0,9.0,10.0,1.0,3.0,A,0.0,2.0,A,9.0,15.0,3.0,7.0,8.0,15.0,3.0,8.0,0.0,2.0,0.0,0.0,11.9,5.59,1.29
E0,2022-03-10,Southampton,Newcastle,1752.05,1715.69,6.0,10.0,7.0,13.0,1.0,2.0,A,1.0,1.0,D,14.0,8.0,5.0,4.0,6.0,7.0,12.0,5.0,1.0,1.0,0.0,0.0,2.0,3.7,3.71
E0,2022-03-10,Wolves,Watford,1780.05,1632.76,0.0,6.0,1.0,4.0,4.0,0.0,H,2.0,0.0,H,10.0,9.0,5.0,0.0,11.0,10.0,5.0,2.0,2.0,2.0,0.0,0.0,1.82,3.5,4.84
E0,2022-03-10,Leeds,Aston Villa,1702.18,1740.63,0.0,0.0,6.0,7.0,0.0,3.0,A,0.0,1.0,A,4.0,15.0,1.0,9.0,17.0,11.0,3.0,5.0,5.0,3.0,0.0,0.0,2.72,3.59,2.54
E0,2022-03-12,Brighton,Liverpool,1719.85,2019.52,0.0,3.0,9.0,15.0,0.0,2.0,A,0.0,1.0,A,8.0,18.0,3.0,9.0,12.0,15.0,7.0,6.0,3.0,1.0,0.0,0.0,6.2,4.47,1.53
E0,2022-03-12,Brentford,Burnley,1647.59,1718.43,3.0,4.0,1.0,7.0,2.0,0.0,H,0.0,0.0,D,13.0,7.0,4.0,1.0,6.0,10.0,2.0,9.0,1.0,1.0,0.0,1.0,2.2,3.23,3.65
E0,2022-03-12,Man United,Tottenham,1880.24,1804.85,4.0,8.0,6.0,9.0,3.0,2.0,H,2.0,1.0,H,10.0,10.0,6.0,3.0,8.0,7.0,4.0,5.0,2.0,1.0,0.0,0.0,2.18,3.56,3.33
E0,2022-03-13,Chelsea,Newcastle,1943.13,1715.69,9.0,13.0,9.0,13.0,1.0,0.0,H,0.0,0.0,D,8.0,7.0,3.0,2.0,17.0,16.0,7.0,2.0,4.0,3.0,0.0,0.0,1.33,5.3,10.16
E0,2022-03-13,Everton,Wolves,1701.64,1780.05,0.0,3.0,3.0,6.0,0.0,1.0,A,0.0,0.0,D,8.0,14.0,2.0,3.0,13.0,11.0,5.0,2.0,2.0,1.0,1.0,0.0,2.31,3.24,3.35
E0,2022-03-13,Leeds,Norwich,1702.18,1619.4,0.0,0.0,0.0,0.0,2.0,1.0,H,1.0,0.0,H,13.0,12.0,7.0,4.0,18.0,8.0,6.0,2.0,3.0,1.0,0.0,0.0,1.6,4.31,5.51
E0,2022-03-13,Southampton,Watford,1752.05,1632.76,3.0,7.0,1.0,4.0,1.0,2.0,A,1.0,2.0,A,13.0,9.0,7.0,5.0,8.0,12.0,11.0,3.0,3.0,2.0,0.0,0.0,1.61,4.17,5.59
E0,2022-03-13,West Ham,Aston Villa,1816.47,1740.63,4.0,8.0,9.0,9.0,2.0,1.0,H,0.0,0.0,D,11.0,13.0,4.0,7.0,9.0,3.0,5.0,7.0,1.0,0.0,0.0,0.0,2.33,3.31,3.24
E0,2022-03-13,Arsenal,Leicester,1876.36,1761.1,9.0,13.0,6.0,7.0,2.0,0.0,H,1.0,0.0,H,21.0,6.0,8.0,3.0,8.0,10.0,2.0,6.0,0.0,3.0,0.0,0.0,1.53,4.55,6.0
E0,2022-03-14,Crystal Palace,Man City,1724.23,2021.69,7.0,8.0,6.0,12.0,0.0,0.0,D,0.0,0.0,D,7.0,18.0,1.0,4.0,6.0,11.0,2.0,6.0,3.0,1.0,0.0,0.0,9.82,5.5,1.32
E0,2022-03-16,Brighton,Tottenham,1709.72,1810.05,0.0,0.0,6.0,9.0,0.0,2.0,A,0.0,1.0,A,15.0,17.0,0.0,7.0,11.0,9.0,6.0,3.0,2.0,2.0,0.0,0.0,3.28,3.34,2.3
E0,2022-03-16,Arsenal,Liverpool,1886.84,2024.37,9.0,15.0,9.0,15.0,0.0,2.0,A,0.0,0.0,D,9.0,9.0,2.0,3.0,9.0,9.0,1.0,6.0,0.0,1.0,0.0,0.0,3.78,3.98,1.92
E0,2022-03-17,Everton,Newcastle,1684.89,1730.33,0.0,3.0,6.0,10.0,1.0,0.0,H,0.0,0.0,D,9.0,17.0,3.0,6.0,13.0,11.0,5.0,7.0,2.0,1.0,1.0,0.0,2.37,3.38,3.11
E0,2022-03-18,Wolves,Leeds,1780.86,1689.81,6.0,6.0,3.0,3.0,2.0,3.0,A,2.0,0.0,H,14.0,15.0,8.0,6.0,13.0,14.0,2.0,5.0,1.0,4.0,1.0,0.0,2.14,3.49,3.56
E0,2022-03-19,Aston Villa,Arsenal,1762.61,1886.84,6.0,9.0,6.0,12.0,0.0,1.0,A,0.0,1.0,A,8.0,10.0,1.0,3.0,13.0,14.0,6.0,5.0,3.0,3.0,0.0,0.0,2.99,3.47,2.41
E0,2022-03-20,Leicester,Brentford,1778.0,1671.77,6.0,7.0,6.0,7.0,2.0,1.0,H,2.0,0.0,H,12.0,15.0,4.0,6.0,10.0,10.0,2.0,5.0,1.0,2.0,0.0,0.0,2.19,3.45,3.41
E0,2022-03-20,Tottenham,West Ham,1810.05,1816.56,6.0,9.0,6.0,8.0,3.0,1.0,H,2.0,1.0,H,17.0,6.0,4.0,1.0,7.0,7.0,5.0,3.0,0.0,1.0,0.0,0.0,1.75,3.94,4.7
E0,2022-04-02,Liverpool,Watford,2033.88,1635.16,9.0,15.0,3.0,4.0,2.0,0.0,H,1.0,0.0,H,20.0,5.0,3.0,2.0,9.0,8.0,9.0,3.0,1.0,1.0,0.0,0.0,1.13,9.36,21.82
E0,2022-04-02,Brighton,Norwich,1701.97,1601.74,0.0,0.0,0.0,0.0,0.0,0.0,D,0.0,0.0,D,31.0,6.0,4.0,0.0,12.0,11.0,11.0,2.0,1.0,1.0,0.0,0.0,1.5,4.12,7.51
E0,2022-04-02,Burnley,Man City,1690.4,2025.21,0.0,4.0,7.0,10.0,0.0,2.0,A,0.0,2.0,A,3.0,18.0,1.0,6.0,11.0,6.0,1.0,8.0,1.0,0.0,0.0,0.0,13.75,6.54,1.23
E0,2022-04-02,Chelsea,Brentford,1960.77,1669.12,9.0,15.0,6.0,6.0,1.0,4.0,A,0.0,0.0,D,21.0,17.0,8.0,6.0,11.0,7.0,12.0,7.0,0.0,0.0,0.0,0.0,1.35,4.99,10.04
E0,2022-04-02,Leeds,Southampton,1703.09,1718.7,6.0,6.0,0.0,6.0,1.0,1.0,D,1.0,0.0,H,12.0,14.0,3.0,6.0,14.0,7.0,4.0,7.0,1.0,1.0,0.0,0.0,2.42,3.61,2.86
E0,2022-04-02,Wolves,Aston Villa,1770.93,1758.21,6.0,6.0,3.0,9.0,2.0,1.0,H,2.0,0.0,H,11.0,15.0,5.0,5.0,15.0,8.0,4.0,9.0,4.0,3.0,0.0,0.0,3.01,3.1,2.59
E0,2022-04-02,Man United,Leicester,1868.27,1785.13,4.0,10.0,6.0,9.0,1.0,1.0,D,0.0,0.0,D,11.0,11.0,5.0,3.0,13.0,6.0,6.0,5.0,2.0,2.0,0.0,0.0,1.52,4.6,6.1
E0,2022-04-03,West Ham,Everton,1823.1,1694.7,3.0,7.0,3.0,3.0,2.0,1.0,H,1.0,0.0,H,11.0,13.0,5.0,2.0,9.0,12.0,2.0,4.0,1.0,1.0,0.0,1.0,1.79,3.75,4.6
E0,2022-04-03,Tottenham,Newcastle,1831.22,1723.86,6.0,12.0,3.0,9.0,5.0,1.0,H,1.0,1.0,D,19.0,8.0,6.0,1.0,10.0,7.0,2.0,3.0,2.0,3.0,0.0,0.0,1.52,4.36,6.58
E0,2022-04-04,Crystal Palace,Arsenal,1747.73,1886.75,5.0,8.0,6.0,12.0,3.0,0.0,H,2.0,0.0,H,6.0,12.0,5.0,3.0,11.0,15.0,0.0,2.0,0.0,2.0,0.0,0.0,4.05,3.41,1.99
E0,2022-04-06,Burnley,Everton,1690.4,1694.7,0.0,1.0,3.0,3.0,3.0,2.0,H,1.0,2.0,A,13.0,16.0,4.0,4.0,11.0,16.0,9.0,6.0,2.0,2.0,0.0,0.0,2.57,3.16,2.98
E0,2022-04-08,Newcastle,Wolves,1723.86,1770.93,0.0,6.0,6.0,9.0,1.0,0.0,H,0.0,0.0,D,12.0,5.0,4.0,2.0,6.0,13.0,1.0,2.0,1.0,1.0,0.0,0.0,2.31,3.11,3.51
E0,2022-04-09,Everton,Man United,1694.7,1868.27,3.0,3.0,4.0,8.0,1.0,0.0,H,1.0,0.0,H,7.0,12.0,3.0,4.0,4.0,10.0,5.0,7.0,2.0,2.0,0.0,0.0,4.48,3.84,1.8
E0,2022-04-09,Arsenal,Brighton,1886.75,1701.97,3.0,9.0,1.0,1.0,1.0,2.0,A,0.0,1.0,A,20.0,8.0,4.0,3.0,12.0,19.0,11.0,2.0,3.0,4.0,0.0,0.0,1.65,3.9,5.64
E0,2022-04-09,Southampton,Chelsea,1718.7,1960.77,1.0,4.0,6.0,12.0,0.0,6.0,A,0.0,4.0,A,4.0,24.0,1.0,14.0,11.0,10.0,3.0,3.0,1.0,0.0,0.0,0.0,3.98,3.69,1.93
E0,2022-04-09,Watford,Leeds,1635.16,1703.09,3.0,4.0,7.0,7.0,0.0,3.0,A,0.0,1.0,A,8.0,10.0,1.0,5.0,8.0,12.0,3.0,8.0,2.0,0.0,0.0,0.0,2.69,3.54,2.58
E0,2022-04-09,Aston Villa,Tottenham,1758.21,1831.22,0.0,6.0,9.0,12.0,0.0,4.0,A,0.0,1.0,A,9.0,11.0,8.0,5.0,12.0,14.0,9.0,3.0,2.0,3.0,0.0,0.0,3.15,3.55,2.27
E0,2022-04-10,Brentford,West Ham,1669.12,1823.1,6.0,9.0,6.0,9.0,2.0,0.0,H,0.0,0.0,D,15.0,5.0,7.0,1.0,2.0,6.0,4.0,6.0,0.0,1.0,0.0,0.0,2.69,3.31,2.73
E0,2022-04-10,Leicester,Crystal Palace,1785.13,1747.73,4.0,10.0,7.0,11.0,2.0,1.0,H,2.0,0.0,H,12.0,11.0,3.0,3.0,11.0,12.0,3.0,4.0,1.0,1.0,0.0,0.0,2.41,3.44,2.98
E0,2022-04-10,Norwich,Burnley,1601.74,1690.4,1.0,1.0,3.0,3.0,2.0,0.0,H,1.0,0.0,H,17.0,18.0,6.0,4.0,12.0,10.0,6.0,7.0,1.0,1.0,0.0,0.0,2.97,3.19,2.56
E0,2022-04-10,Man City,Liverpool,2025.21,2033.88,7.0,10.0,9.0,15.0,2.0,2.0,D,2.0,1.0,H,11.0,6.0,5.0,4.0,9.0,11.0,4.0,1.0,1.0,4.0,0.0,0.0,2.06,3.71,3.5
E0,2022-04-16,Tottenham,Brighton,1859.46,1717.14,9.0,12.0,4.0,4.0,0.0,1.0,A,0.0,0.0,D,5.0,12.0,0.0,5.0,14.0,10.0,4.0,4.0,3.0,3.0,0.0,0.0,1.54,4.25,6.35
E0,2022-04-16,Man United,Norwich,1859.1,1624.58,4.0,5.0,4.0,4.0,3.0,2.0,H,2.0,1.0,H,20.0,15.0,9.0,4.0,7.0,6.0,6.0,7.0,0.0,0.0,0.0,0.0,1.24,6.45,12.84
E0,2022-04-16,Southampton,Arsenal,1714.91,1860.64,1.0,1.0,3.0,6.0,1.0,0.0,H,1.0,0.0,H,9.0,23.0,3.0,6.0,6.0,6.0,6.0,8.0,2.0,1.0,0.0,0.0,3.9,3.68,1.95
E0,2022-04-16,Watford,Brentford,1626.79,1716.36,3.0,3.0,6.0,12.0,1.0,2.0,A,0.0,1.0,A,17.0,16.0,4.0,5.0,11.0,9.0,6.0,5.0,2.0,1.0,0.0,0.0,2.86,3.28,2.59
E0,2022-04-17,Newcastle,Leicester,1729.23,1809.32,3.0,6.0,7.0,10.0,2.0,1.0,H,1.0,1.0,D,16.0,8.0,7.0,2.0,10.0,10.0,3.0,5.0,2.0,2.0,0.0,0.0,2.25,3.38,3.32
E0,2022-04-17,West Ham,Burnley,1830.66,1686.84,3.0,6.0,3.0,3.0,1.0,1.0,D,0.0,1.0,A,21.0,9.0,8.0,1.0,9.0,10.0,13.0,4.0,2.0,2.0,0.0,0.0,1.72,3.84,5.02
E0,2022-04-19,Liverpool,Man United,2044.28,1859.1,7.0,13.0,4.0,7.0,4.0,0.0,H,2.0,0.0,H,14.0,2.0,5.0,1.0,3.0,6.0,10.0,2.0,1.0,2.0,0.0,0.0,1.41,5.21,7.44
E0,2022-04-20,Chelsea,Arsenal,1940.49,1860.64,6.0,12.0,0.0,3.0,2.0,4.0,A,2.0,2.0,D,11.0,14.0,2.0,4.0,7.0,6.0,6.0,1.0,3.0,1.0,0.0,0.0,1.87,3.64,4.34
E0,2022-04-20,Everton,Leicester,1700.57,1809.32,3.0,6.0,4.0,7.0,1.0,1.0,D,0.0,1.0,A,13.0,11.0,3.0,3.0,8.0,17.0,5.0,4.0,3.0,1.0,0.0,0.0,2.32,3.45,3.15
E0,2022-04-20,Newcastle,Crystal Palace,1729.23,1765.35,6.0,6.0,4.0,8.0,1.0,0.0,H,1.0,0.0,H,13.0,10.0,4.0,2.0,12.0,12.0,2.0,5.0,1.0,1.0,0.0,0.0,2.34,3.26,3.25
E0,2022-04-20,Man City,Brighton,2037.5,1717.14,5.0,11.0,7.0,7.0,3.0,0.0,H,0.0,0.0,D,17.0,2.0,5.0,1.0,12.0,7.0,7.0,4.0,0.0,3.0,0.0,0.0,1.2,6.85,17.12
E0,2022-04-21,Burnley,Southampton,1686.84,1714.91,4.0,4.0,4.0,4.0,2.0,0.0,H,2.0,0.0,H,16.0,11.0,6.0,3.0,7.0,7.0,10.0,10.0,2.0,2.0,0.0,0.0,2.76,3.41,2.61
E0,2022-04-23,Arsenal,Man United,1860.64,1859.1,3.0,6.0,3.0,7.0,3.0,1.0,H,2.0,1.0,H,14.0,14.0,7.0,5.0,9.0,12.0,1.0,7.0,3.0,4.0,0.0,0.0,2.11,3.58,3.5
E0,2022-04-23,Leicester,Aston Villa,1809.32,1743.5,4.0,8.0,0.0,3.0,0.0,0.0,D,0.0,0.0,D,5.0,11.0,2.0,3.0,15.0,16.0,7.0,6.0,3.0,2.0,0.0,0.0,2.85,3.39,2.54
E0,2022-04-23,Man City,Watford,2037.5,1626.79,7.0,11.0,0.0,3.0,5.0,1.0,H,3.0,1.0,H,21.0,5.0,8.0,2.0,9.0,7.0,11.0,4.0,1.0,0.0,0.0,0.0,1.11,9.78,25.83
E0,2022-04-23,Norwich,Newcastle,1624.58,1729.23,4.0,4.0,9.0,9.0,0.0,3.0,A,0.0,2.0,A,5.0,13.0,2.0,7.0,11.0,10.0,2.0,3.0,0.0,2.0,0.0,0.0,3.55,3.33,2.18
E0,2022-04-23,Brentford,Tottenham,1716.36,1859.46,9.0,12.0,6.0,12.0,0.0,0.0,D,0.0,0.0,D,15.0,9.0,2.0,0.0,8.0,7.0,12.0,8.0,2.0,1.0,0.0,0.0,4.28,3.67,1.87
E0,2022-04-24,Brighton,Southampton,1717.14,1714.91,6.0,7.0,3.0,4.0,2.0,2.0,D,2.0,1.0,H,8.0,18.0,5.0,5.0,12.0,7.0,6.0,6.0,1.0,0.0,0.0,0.0,2.17,3.32,3.59
E0,2022-04-24,Burnley,Wolves,1686.84,1774.72,4.0,7.0,3.0,9.0,1.0,0.0,H,0.0,0.0,D,14.0,10.0,5.0,4.0,8.0,7.0,3.0,6.0,3.0,1.0,0.0,0.0,2.71,3.11,2.86
E0,2022-04-24,Chelsea,West Ham,1940.49,1830.66,3.0,9.0,4.0,7.0,1.0,0.0,H,0.0,0.0,D,26.0,6.0,5.0,2.0,11.0,9.0,3.0,1.0,1.0,0.0,0.0,1.0,1.53,4.37,6.4
E0,2022-04-24,Liverpool,Everton,2044.28,1700.57,7.0,13.0,4.0,7.0,2.0,0.0,H,0.0,0.0,D,18.0,9.0,4.0,1.0,8.0,8.0,13.0,1.0,2.0,5.0,0.0,0.0,1.19,7.35,15.64
E0,2022-04-25,Crystal Palace,Leeds,1765.35,1720.74,3.0,7.0,7.0,10.0,0.0,0.0,D,0.0,0.0,D,17.0,9.0,7.0,2.0,12.0,13.0,6.0,3.0,2.0,2.0,0.0,0.0,2.08,3.59,3.53
E0,2022-04-28,Man United,Chelsea,1859.1,1940.49,3.0,4.0,6.0,9.0,1.0,1.0,D,0.0,0.0,D,6.0,21.0,3.0,6.0,9.0,12.0,2.0,9.0,0.0,1.0,0.0,0.0,3.17,3.57,2.25
E0,2022-04-30,Newcastle,Liverpool,1729.23,2044.28,9.0,12.0,7.0,13.0,0.0,1.0,A,0.0,1.0,A,4.0,24.0,2.0,10.0,11.0,11.0,0.0,6.0,1.0,3.0,0.0,0.0,7.81,4.87,1.41
E0,2022-04-30,Aston Villa,Norwich,1743.5,1624.58,1.0,1.0,3.0,4.0,2.0,0.0,H,1.0,0.0,H,21.0,9.0,6.0,3.0,16.0,8.0,2.0,3.0,4.0,1.0,0.0,0.0,1.4,4.94,8.3
E0,2022-04-30,Southampton,Crystal Palace,1714.91,1765.35,4.0,5.0,1.0,5.0,1.0,2.0,A,1.0,0.0,H,8.0,14.0,3.0,5.0,13.0,11.0,6.0,7.0,1.0,3.0,0.0,0.0,2.41,3.37,3.05
E0,2022-04-30,Watford,Burnley,1626.79,1686.84,0.0,3.0,7.0,10.0,1.0,2.0,A,1.0,0.0,H,13.0,17.0,1.0,6.0,13.0,9.0,5.0,6.0,1.0,2.0,0.0,0.0,2.68,3.31,2.75
E0,2022-04-30,Wolves,Brighton,1774.72,1717.14,3.0,6.0,4.0,8.0,0.0,3.0,A,0.0,1.0,A,11.0,17.0,1.0,9.0,6.0,4.0,7.0,3.0,2.0,1.0,0.0,0.0,2.75,3.09,2.83
E0,2022-04-30,Leeds,Man City,1720.74,2037.5,5.0,11.0,7.0,11.0,0.0,4.0,A,0.0,1.0,A,7.0,19.0,2.0,6.0,13.0,3.0,3.0,6.0,1.0,2.0,0.0,0.0,9.69,5.85,1.31
E0,2022-05-01,Everton,Chelsea,1698.75,1925.98,4.0,4.0,4.0,7.0,1.0,0.0,H,0.0,0.0,D,9.0,17.0,4.0,5.0,9.0,12.0,3.0,8.0,3.0,5.0,0.0,0.0,4.83,3.71,1.77
E0,2022-05-01,Tottenham,Leicester,1842.69,1791.86,4.0,10.0,2.0,6.0,3.0,1.0,H,1.0,0.0,H,13.0,6.0,7.0,2.0,13.0,8.0,7.0,3.0,2.0,3.0,0.0,0.0,1.46,4.8,6.88
E0,2022-05-01,West Ham,Arsenal,1810.74,1873.72,1.0,4.0,6.0,6.0,1.0,2.0,A,1.0,1.0,D,8.0,13.0,3.0,7.0,8.0,9.0,3.0,7.0,2.0,2.0,0.0,0.0,4.54,3.84,1.79
E0,2022-05-02,Man United,Brentford,1845.41,1723.81,1.0,4.0,7.0,10.0,3.0,0.0,H,1.0,0.0,H,9.0,12.0,5.0,4.0,4.0,6.0,3.0,8.0,1.0,0.0,0.0,0.0,1.76,3.95,4.51
E0,2022-05-07,Brentford,Southampton,1723.81,1706.04,4.0,10.0,1.0,4.0,3.0,0.0,H,2.0,0.0,H,18.0,19.0,5.0,4.0,12.0,9.0,4.0,7.0,0.0,1.0,0.0,0.0,2.21,3.44,3.35
E0,2022-05-07,Burnley,Aston Villa,1717.11,1750.06,9.0,10.0,4.0,4.0,1.0,3.0,A,0.0,2.0,A,14.0,12.0,6.0,7.0,13.0,11.0,4.0,5.0,1.0,2.0,0.0,0.0,3.0,3.33,2.46
E0,2022-05-07,Chelsea,Wolves,1925.98,1745.92,4.0,7.0,0.0,3.0,2.0,2.0,D,0.0,0.0,D,19.0,14.0,6.0,4.0,7.0,11.0,9.0,3.0,1.0,3.0,0.0,0.0,1.36,4.95,9.62
E0,2022-05-07,Crystal Palace,Watford,1761.73,1609.69,4.0,7.0,0.0,0.0,1.0,0.0,H,1.0,0.0,H,15.0,6.0,7.0,1.0,11.0,18.0,8.0,5.0,2.0,1.0,0.0,1.0,1.69,3.89,5.2
E0,2022-05-07,Brighton,Man United,1741.71,1845.41,4.0,10.0,4.0,7.0,4.0,0.0,H,1.0,0.0,H,17.0,15.0,6.0,5.0,13.0,9.0,7.0,6.0,0.0,2.0,0.0,0.0,2.8,3.44,2.56
E0,2022-05-07,Liverpool,Tottenham,2055.51,1842.69,9.0,13.0,4.0,10.0,1.0,1.0,D,0.0,0.0,D,22.0,8.0,3.0,3.0,12.0,8.0,11.0,5.0,3.0,2.0,0.0,0.0,1.46,4.89,6.68
E0,2022-05-08,Arsenal,Leeds,1873.72,1716.87,9.0,9.0,4.0,8.0,2.0,1.0,H,2.0,0.0,H,19.0,3.0,9.0,2.0,13.0,15.0,8.0,2.0,2.0,2.0,0.0,1.0,1.46,4.81,6.77
E0,2022-05-08,Leicester,Everton,1791.86,1698.75,2.0,5.0,4.0,7.0,1.0,2.0,A,1.0,2.0,A,16.0,10.0,9.0,4.0,11.0,6.0,6.0,1.0,3.0,0.0,0.0,0.0,2.61,3.34,2.8
E0,2022-05-08,Norwich,West Ham,1604.65,1810.74,0.0,4.0,1.0,4.0,0.0,4.0,A,0.0,3.0,A,8.0,13.0,2.0,5.0,7.0,7.0,9.0,5.0,1.0,1.0,0.0,0.0,4.51,3.81,1.8
E0,2022-05-08,Man City,Newcastle,2047.45,1751.81,9.0,13.0,6.0,12.0,5.0,0.0,H,2.0,0.0,H,21.0,7.0,9.0,3.0,6.0,11.0,8.0,2.0,1.0,3.0,0.0,0.0,1.18,7.63,17.16
E0,2022-05-10,Aston Villa,Liverpool,1750.06,2055.51,7.0,7.0,7.0,11.0,1.0,2.0,A,1.0,1.0,D,9.0,17.0,4.0,6.0,10.0,12.0,2.0,3.0,0.0,0.0,0.0,0.0,7.35,4.85,1.44
E0,2022-05-11,Leeds,Chelsea,1716.87,1925.98,1.0,5.0,2.0,5.0,0.0,3.0,A,0.0,1.0,A,5.0,17.0,0.0,4.0,10.0,14.0,1.0,5.0,1.0,0.0,1.0,0.0,4.98,4.17,1.67
E0,2022-05-11,Leicester,Norwich,1791.86,1604.65,1.0,2.0,0.0,3.0,3.0,0.0,H,0.0,0.0,D,20.0,9.0,8.0,5.0,10.0,5.0,10.0,2.0,0.0,0.0,0.0,0.0,1.44,4.9,7.02
E0,2022-05-11,Watford,Everton,1609.69,1698.75,0.0,0.0,6.0,10.0,0.0,0.0,D,0.0,0.0,D,6.0,16.0,0.0,5.0,5.0,12.0,1.0,13.0,1.0,2.0,0.0,0.0,4.26,3.68,1.87
E0,2022-05-11,Wolves,Man City,1745.92,2047.45,1.0,4.0,9.0,13.0,1.0,5.0,A,1.0,3.0,A,7.0,16.0,3.0,5.0,2.0,10.0,6.0,2.0,0.0,1.0,0.0,0.0,12.83,5.88,1.26
E0,2022-05-12,Tottenham,Arsenal,1842.69,1873.72,5.0,8.0,9.0,12.0,3.0,0.0,H,2.0,0.0,H,16.0,8.0,6.0,4.0,8.0,15.0,2.0,2.0,1.0,3.0,0.0,1.0,2.12,3.6,3.42
E0,2022-05-15,Tottenham,Burnley,1859.87,1695.22,7.0,8.0,6.0,10.0,1.0,0.0,H,1.0,0.0,H,21.0,8.0,8.0,1.0,12.0,8.0,8.0,2.0,3.0,2.0,0.0,0.0,1.34,5.36,9.11
E0,2022-05-15,Aston Villa,Crystal Palace,1749.29,1755.43,6.0,7.0,7.0,7.0,1.0,1.0,D,0.0,0.0,D,13.0,16.0,4.0,4.0,11.0,15.0,1.0,5.0,1.0,3.0,0.0,0.0,2.06,3.55,3.63
E0,2022-05-15,Leeds,Brighton,1696.19,1751.83,0.0,4.0,7.0,10.0,1.0,1.0,D,0.0,1.0,A,19.0,16.0,5.0,6.0,16.0,8.0,8.0,1.0,3.0,2.0,0.0,0.0,2.67,3.52,2.61
E0,2022-05-15,Watford,Leicester,1598.12,1759.51,1.0,1.0,3.0,5.0,1.0,5.0,A,1.0,2.0,A,13.0,13.0,5.0,7.0,4.0,6.0,7.0,3.0,0.0,1.0,0.0,0.0,3.65,3.68,2.02
E0,2022-05-15,West Ham,Man City,1792.56,2031.49,3.0,4.0,9.0,15.0,2.0,2.0,D,2.0,0.0,H,6.0,31.0,2.0,8.0,9.0,5.0,4.0,9.0,3.0,1.0,0.0,0.0,8.01,5.2,1.38
E0,2022-05-15,Wolves,Norwich,1735.53,1579.95,1.0,1.0,0.0,0.0,1.0,1.0,D,0.0,1.0,A,17.0,11.0,4.0,2.0,5.0,10.0,5.0,3.0,0.0,3.0,0.0,0.0,1.46,4.58,7.25
E0,2022-05-15,Everton,Brentford,1710.38,1718.08,7.0,8.0,4.0,10.0,2.0,3.0,A,2.0,1.0,H,10.0,18.0,5.0,7.0,8.0,8.0,5.0,2.0,0.0,3.0,2.0,0.0,2.1,3.55,3.53
E0,2022-05-16,Newcastle,Arsenal,1737.79,1861.3,3.0,9.0,6.0,12.0,2.0,0.0,H,0.0,0.0,D,16.0,11.0,4.0,2.0,11.0,8.0,12.0,8.0,0.0,3.0,0.0,0.0,4.14,3.68,1.88
E0,2022-05-17,Southampton,Liverpool,1684.59,2044.17,1.0,4.0,7.0,13.0,1.0,2.0,A,1.0,1.0,D,4.0,24.0,2.0,5.0,6.0,6.0,1.0,9.0,2.0,0.0,0.0,0.0,8.02,5.49,1.37
E0,2022-05-19,Everton,Crystal Palace,1710.38,1755.43,4.0,7.0,7.0,8.0,3.0,2.0,H,0.0,2.0,A,12.0,7.0,6.0,5.0,9.0,13.0,4.0,5.0,2.0,3.0,0.0,0.0,1.95,3.47,4.16
E0,2022-05-19,Aston Villa,Burnley,1749.29,1695.22,4.0,8.0,3.0,9.0,1.0,1.0,D,0.0,1.0,A,22.0,10.0,9.0,5.0,11.0,20.0,13.0,6.0,0.0,1.0,0.0,1.0,2.05,3.56,3.7
E0,2022-05-19,Chelsea,Leicester,1905.3,1759.51,4.0,8.0,6.0,7.0,1.0,1.0,D,1.0,1.0,D,20.0,2.0,7.0,1.0,13.0,7.0,6.0,0.0,4.0,1.0,0.0,0.0,1.38,4.91,8.66
E0,2022-05-22,Arsenal,Everton,1861.3,1710.38,3.0,9.0,4.0,10.0,5.0,1.0,H,2.0,1.0,H,26.0,6.0,9.0,2.0,8.0,9.0,12.0,2.0,0.0,1.0,0.0,0.0,1.37,5.15,8.69
E0,2022-05-22,Brentford,Leeds,1718.08,1696.19,6.0,10.0,1.0,2.0,1.0,2.0,A,0.0,0.0,D,14.0,14.0,5.0,6.0,11.0,13.0,3.0,2.0,2.0,1.0,1.0,0.0,2.41,3.76,2.79
E0,2022-05-22,Brighton,West Ham,1751.83,1792.56,7.0,8.0,4.0,5.0,3.0,1.0,H,0.0,1.0,A,18.0,7.0,7.0,2.0,9.0,9.0,5.0,6.0,1.0,1.0,0.0,0.0,2.4,3.57,2.91
E0,2022-05-22,Burnley,Newcastle,1695.22,1737.79,1.0,7.0,3.0,9.0,1.0,2.0,A,0.0,1.0,A,12.0,8.0,5.0,6.0,8.0,9.0,8.0,2.0,1.0,0.0,0.0,0.0,2.24,3.48,3.25
E0,2022-05-22,Chelsea,Watford,1905.3,1598.12,5.0,6.0,1.0,1.0,2.0,1.0,H,1.0,0.0,H,19.0,8.0,8.0,3.0,9.0,9.0,3.0,3.0,0.0,0.0,0.0,0.0,1.17,7.89,17.63
E0,2022-05-22,Crystal Palace,Man United,1755.43,1822.61,4.0,8.0,4.0,4.0,1.0,0.0,H,1.0,0.0,H,6.0,10.0,3.0,4.0,12.0,22.0,3.0,6.0,2.0,4.0,0.0,0.0,3.1,3.66,2.25
E0,2022-05-22,Leicester,Southampton,1759.51,1684.59,7.0,7.0,0.0,1.0,4.0,1.0,H,0.0,0.0,D,12.0,7.0,6.0,2.0,10.0,5.0,3.0,3.0,0.0,1.0,0.0,0.0,1.88,4.03,3.86
E0,2022-05-22,Liverpool,Wolves,2044.17,1735.53,7.0,13.0,2.0,2.0,3.0,1.0,H,1.0,1.0,D,29.0,7.0,8.0,5.0,6.0,3.0,5.0,3.0,1.0,0.0,0.0,0.0,1.16,8.12,18.95
E0,2022-05-22,Man City,Aston Villa,2031.49,1749.29,7.0,13.0,2.0,8.0,3.0,2.0,H,0.0,1.0,A,24.0,4.0,5.0,2.0,5.0,11.0,13.0,1.0,0.0,1.0,0.0,0.0,1.16,8.18,18.24
E0,2022-05-22,Norwich,Tottenham,1579.95,1859.87,1.0,1.0,7.0,11.0,0.0,5.0,A,0.0,2.0,A,9.0,19.0,0.0,13.0,13.0,7.0,3.0,2.0,3.0,1.0,0.0,0.0,11.19,6.45,1.26
E0,2022-08-05,Crystal Palace,Arsenal,1753.9,1851.46,4.0,10.0,3.0,9.0,0.0,2.0,A,0.0,1.0,A,10.0,10.0,2.0,2.0,16.0,11.0,3.0,5.0,1.0,2.0,0.0,0.0,4.39,3.59,1.88
E0,2022-08-06,Fulham,Liverpool,1636.0,2035.03,3.0,7.0,9.0,13.0,2.0,2.0,D,1.0,0.0,H,9.0,11.0,3.0,4.0,7.0,9.0,4.0,4.0,2.0,0.0,0.0,0.0,10.99,6.05,1.28
E0,2022-08-06,Bournemouth,Aston Villa,1630.37,1740.58,9.0,11.0,2.0,5.0,2.0,0.0,H,1.0,0.0,H,7.0,15.0,3.0,2.0,18.0,16.0,5.0,5.0,3.0,3.0,0.0,0.0,3.8,3.5,2.04
E0,2022-08-06,Leeds,Wolves,1703.28,1725.12,4.0,4.0,1.0,2.0,2.0,1.0,H,1.0,1.0,D,12.0,15.0,4.0,6.0,13.0,9.0,6.0,4.0,2.0,0.0,0.0,0.0,2.34,3.34,3.18
E0,2022-08-06,Newcastle,Nottm Forest,1756.95,1612.12,6.0,9.0,4.0,10.0,2.0,0.0,H,0.0,0.0,D,23.0,5.0,10.0,0.0,9.0,14.0,11.0,1.0,0.0,3.0,0.0,0.0,1.67,3.8,5.57
E0,2022-08-06,Tottenham,Southampton,1866.62,1671.66,9.0,13.0,0.0,1.0,4.0,1.0,H,2.0,1.0,H,18.0,10.0,8.0,2.0,11.0,6.0,10.0,2.0,3.0,0.0,0.0,0.0,1.36,5.27,8.64
E0,2022-08-06,Everton,Chelsea,1698.98,1899.04,3.0,7.0,7.0,8.0,0.0,1.0,A,0.0,1.0,A,8.0,15.0,4.0,6.0,14.0,11.0,4.0,16.0,3.0,2.0,0.0,0.0,5.74,3.96,1.63
E0,2022-08-07,Leicester,Brentford,1779.34,1714.31,7.0,10.0,6.0,7.0,2.0,2.0,D,1.0,0.0,H,14.0,8.0,5.0,3.0,6.0,5.0,5.0,6.0,0.0,0.0,0.0,0.0,2.03,3.66,3.64
E0,2022-08-07,Man United,Brighton,1810.7,1760.1,3.0,4.0,7.0,11.0,1.0,2.0,A,0.0,2.0,A,17.0,15.0,5.0,4.0,7.0,12.0,6.0,2.0,4.0,1.0,0.0,0.0,1.62,4.01,5.68
E0,2022-08-07,West Ham,Man City,1782.93,2025.13,4.0,4.0,7.0,13.0,0.0,2.0,A,0.0,1.0,A,6.0,14.0,1.0,2.0,8.0,4.0,1.0,4.0,0.0,1.0,0.0,0.0,8.32,5.25,1.37
E0,2022-08-13,Aston Villa,Everton,1740.58,1698.98,1.0,2.0,3.0,4.0,2.0,1.0,H,1.0,0.0,H,12.0,15.0,4.0,4.0,9.0,7.0,5.0,8.0,4.0,1.0,0.0,0.0,1.82,3.56,4.87
E0,2022-08-13,Arsenal,Leicester,1851.46,1779.34,6.0,9.0,5.0,11.0,4.0,2.0,H,2.0,0.0,H,19.0,6.0,7.0,2.0,15.0,9.0,6.0,2.0,1.0,1.0,0.0,0.0,1.55,4.37,6.04
E0,2022-08-13,Brighton,Newcastle,1760.1,1756.95,7.0,13.0,9.0,9.0,0.0,0.0,D,0.0,0.0,D,13.0,4.0,7.0,1.0,8.0,6.0,7.0,3.0,2.0,3.0,0.0,0.0,2.44,3.25,3.1
E0,2022-08-13,Man City,Bournemouth,2025.13,1630.37,7.0,13.0,9.0,13.0,4.0,0.0,H,3.0,0.0,H,19.0,3.0,7.0,1.0,9.0,9.0,11.0,1.0,0.0,3.0,0.0,0.0,1.07,12.72,37.57
E0,2022-08-13,Southampton,Leeds,1671.66,1703.28,0.0,0.0,7.0,7.0,2.0,2.0,D,0.0,0.0,D,14.0,13.0,4.0,5.0,10.0,12.0,2.0,5.0,1.0,3.0,0.0,0.0,2.32,3.51,3.1
E0,2022-08-13,Wolves,Fulham,1725.12,1636.0,1.0,2.0,4.0,5.0,0.0,0.0,D,0.0,0.0,D,7.0,9.0,1.0,3.0,7.0,14.0,5.0,3.0,3.0,3.0,0.0,0.0,2.4,3.28,3.15
E0,2022-08-13,Brentford,Man United,1714.31,1810.7,4.0,7.0,0.0,4.0,4.0,0.0,H,4.0,0.0,H,13.0,15.0,7.0,4.0,6.0,15.0,8.0,2.0,0.0,4.0,0.0,0.0,3.77,3.56,2.02
E0,2022-08-14,Nottm Forest,West Ham,1612.12,1782.93,1.0,7.0,1.0,4.0,1.0,0.0,H,1.0,0.0,H,13.0,19.0,6.0,5.0,10.0,11.0,6.0,7.0,4.0,1.0,0.0,0.0,4.21,3.64,1.9
E0,2022-08-14,Chelsea,Tottenham,1899.04,1866.62,7.0,11.0,9.0,13.0,2.0,2.0,D,1.0,0.0,H,16.0,10.0,3.0,5.0,9.0,9.0,8.0,5.0,3.0,0.0,0.0,0.0,2.29,3.44,3.21
E0,2022-08-15,Liverpool,Crystal Palace,2027.36,1744.34,7.0,11.0,3.0,7.0,1.0,1.0,D,0.0,1.0,A,24.0,7.0,4.0,3.0,7.0,8.0,4.0,2.0,2.0,4.0,1.0,0.0,1.2,6.85,16.33
E0,2022-08-20,Tottenham,Wolves,1873.76,1714.36,7.0,13.0,1.0,2.0,1.0,0.0,H,0.0,0.0,D,11.0,20.0,4.0,3.0,10.0,8.0,8.0,6.0,2.0,2.0,0.0,0.0,1.41,4.88,7.96
E0,2022-08-20,Crystal Palace,Aston Villa,1744.34,1732.88,4.0,5.0,3.0,5.0,3.0,1.0,H,1.0,1.0,D,17.0,13.0,9.0,5.0,16.0,14.0,4.0,2.0,2.0,1.0,0.0,0.0,2.52,3.2,3.0
E0,2022-08-20,Everton,Nottm Forest,1688.76,1618.16,0.0,3.0,4.0,7.0,1.0,1.0,D,0.0,0.0,D,19.0,14.0,8.0,5.0,6.0,9.0,6.0,2.0,3.0,2.0,0.0,0.0,1.97,3.48,4.05
E0,2022-08-20,Fulham,Brentford,1647.06,1735.38,2.0,5.0,4.0,10.0,3.0,2.0,H,2.0,1.0,H,18.0,13.0,9.0,5.0,13.0,7.0,6.0,3.0,3.0,2.0,0.0,0.0,2.46,3.42,2.92
E0,2022-08-20,Leicester,Southampton,1769.5,1666.77,4.0,8.0,1.0,1.0,1.0,2.0,A,0.0,0.0,D,6.0,9.0,1.0,3.0,11.0,15.0,2.0,5.0,2.0,3.0,0.0,0.0,1.85,3.97,4.01
E0,2022-08-20,Bournemouth,Arsenal,1642.1,1867.69,6.0,12.0,9.0,9.0,0.0,3.0,A,0.0,2.0,A,6.0,14.0,1.0,6.0,12.0,10.0,3.0,4.0,2.0,1.0,0.0,0.0,7.65,4.7,1.43
E0,2022-08-21,Leeds,Chelsea,1710.79,1900.98,7.0,8.0,7.0,11.0,3.0,0.0,H,2.0,0.0,H,12.0,14.0,6.0,3.0,16.0,15.0,4.0,6.0,0.0,1.0,0.0,1.0,5.93,4.43,1.55
E0,2022-08-21,West Ham,Brighton,1766.68,1769.16,0.0,4.0,7.0,11.0,0.0,2.0,A,0.0,1.0,A,13.0,11.0,3.0,2.0,10.0,7.0,5.0,4.0,2.0,0.0,0.0,0.0,2.32,3.41,3.14
E0,2022-08-21,Newcastle,Man City,1763.8,2032.0,7.0,10.0,9.0,13.0,3.0,3.0,D,2.0,1.0,H,12.0,21.0,6.0,10.0,14.0,7.0,5.0,5.0,4.0,2.0,0.0,0.0,8.67,5.11,1.37
E0,2022-08-22,Man United,Liverpool,1782.1,2027.36,0.0,3.0,5.0,11.0,2.0,1.0,H,1.0,0.0,H,12.0,17.0,4.0,5.0,11.0,7.0,6.0,8.0,3.0,1.0,0.0,0.0,5.22,4.38,1.6
E0,2022-08-27,Southampton,Man United,1666.77,1782.1,4.0,4.0,3.0,3.0,0.0,1.0,A,0.0,0.0,D,17.0,11.0,5.0,6.0,4.0,14.0,5.0,3.0,0.0,3.0,0.0,0.0,4.27,4.06,1.8
E0,2022-08-27,Brentford,Everton,1735.38,1688.76,4.0,7.0,1.0,4.0,1.0,1.0,D,0.0,1.0,A,19.0,14.0,5.0,7.0,8.0,8.0,8.0,5.0,2.0,2.0,0.0,0.0,2.06,3.47,3.77
E0,2022-08-27,Brighton,Leeds,1769.16,1710.79,7.0,11.0,7.0,11.0,1.0,0.0,H,0.0,0.0,D,13.0,10.0,4.0,2.0,10.0,14.0,5.0,3.0,2.0,3.0,0.0,0.0,1.91,3.73,4.04
E0,2022-08-27,Chelsea,Leicester,1900.98,1769.5,4.0,8.0,1.0,5.0,2.0,1.0,H,0.0,0.0,D,7.0,17.0,3.0,5.0,10.0,7.0,3.0,11.0,1.0,2.0,1.0,0.0,1.42,4.93,7.52
E0,2022-08-27,Liverpool,Bournemouth,2027.36,1642.1,2.0,8.0,3.0,9.0,9.0,0.0,H,5.0,0.0,H,19.0,5.0,12.0,2.0,6.0,5.0,8.0,1.0,0.0,1.0,0.0,0.0,1.11,10.17,25.51
E0,2022-08-27,Man City,Crystal Palace,2032.0,1744.34,7.0,11.0,4.0,7.0,4.0,2.0,H,0.0,2.0,A,18.0,2.0,5.0,2.0,14.0,8.0,6.0,1.0,1.0,2.0,0.0,0.0,1.19,7.56,15.25
E0,2022-08-27,Arsenal,Fulham,1867.69,1647.06,9.0,12.0,5.0,8.0,2.0,1.0,H,0.0,0.0,D,22.0,11.0,8.0,3.0,6.0,12.0,9.0,2.0,2.0,3.0,0.0,0.0,1.32,5.77,9.44
E0,2022-08-28,Aston Villa,West Ham,1732.88,1766.68,3.0,4.0,0.0,1.0,0.0,1.0,A,0.0,0.0,D,9.0,7.0,3.0,2.0,10.0,10.0,3.0,2.0,2.0,0.0,0.0,0.0,2.3,3.43,3.18
E0,2022-08-28,Wolves,Newcastle,1714.36,1763.8,1.0,2.0,5.0,11.0,1.0,1.0,D,1.0,0.0,H,10.0,21.0,4.0,6.0,10.0,11.0,4.0,13.0,2.0,1.0,0.0,0.0,2.75,3.26,2.7
E0,2022-08-28,Nottm Forest,Tottenham,1618.16,1873.76,4.0,5.0,7.0,13.0,0.0,2.0,A,0.0,1.0,A,17.0,18.0,1.0,7.0,11.0,13.0,6.0,1.0,6.0,1.0,0.0,0.0,6.98,4.59,1.47
E0,2022-08-30,Crystal Palace,Brentford,1744.34,1735.38,4.0,7.0,4.0,5.0,1.0,1.0,D,0.0,0.0,D,13.0,9.0,4.0,3.0,11.0,8.0,4.0,6.0,1.0,2.0,0.0,0.0,2.1,3.42,3.72
E0,2022-08-30,Fulham,Brighton,1647.06,1769.16,4.0,5.0,7.0,13.0,2.0,1.0,H,0.0,0.0,D,10.0,7.0,3.0,4.0,9.0,11.0,3.0,3.0,2.0,1.0,0.0,0.0,3.21,3.35,2.33
E0,2022-08-30,Southampton,Chelsea,1666.77,1900.98,4.0,4.0,4.0,10.0,2.0,1.0,H,2.0,1.0,H,9.0,10.0,7.0,4.0,15.0,10.0,5.0,3.0,2.0,1.0,0.0,0.0,5.22,4.16,1.65
E0,2022-08-30,Leeds,Everton,1710.79,1688.76,4.0,10.0,2.0,2.0,1.0,1.0,D,0.0,1.0,A,14.0,7.0,5.0,2.0,10.0,9.0,10.0,2.0,3.0,3.0,0.0,0.0,2.14,3.57,3.46
E0,2022-08-31,Arsenal,Aston Villa,1867.69,1732.88,9.0,15.0,3.0,3.0,2.0,1.0,H,1.0,0.0,H,22.0,4.0,9.0,3.0,10.0,14.0,10.0,3.0,2.0,3.0,0.0,0.0,1.47,4.63,7.0
E0,2022-08-31,Bournemouth,Wolves,1642.1,1714.36,0.0,6.0,2.0,2.0,0.0,0.0,D,0.0,0.0,D,5.0,17.0,2.0,4.0,12.0,12.0,2.0,5.0,2.0,1.0,0.0,0.0,3.53,3.38,2.16
E0,2022-08-31,Man City,Nottm Forest,2032.0,1618.16,7.0,13.0,4.0,5.0,6.0,0.0,H,3.0,0.0,H,17.0,8.0,9.0,1.0,9.0,7.0,10.0,1.0,0.0,1.0,0.0,0.0,1.08,12.84,30.99
E0,2022-08-31,West Ham,Tottenham,1766.68,1873.76,3.0,3.0,7.0,13.0,1.0,1.0,D,0.0,1.0,A,14.0,13.0,4.0,4.0,10.0,9.0,3.0,4.0,2.0,5.0,0.0,0.0,3.63,3.74,2.01
E0,2022-08-31,Liverpool,Newcastle,2027.36,1763.8,4.0,8.0,3.0,9.0,2.0,1.0,H,0.0,1.0,A,23.0,5.0,6.0,2.0,9.0,10.0,13.0,0.0,0.0,2.0,0.0,0.0,1.31,5.81,9.58
E0,2022-09-01,Leicester,Man United,1754.66,1801.75,0.0,4.0,6.0,6.0,0.0,1.0,A,0.0,1.0,A,10.0,9.0,2.0,2.0,7.0,15.0,1.0,3.0,1.0,3.0,0.0,0.0,3.41,3.81,2.07
E0,2022-09-03,Everton,Liverpool,1691.31,2013.16,3.0,3.0,6.0,8.0,0.0,0.0,D,0.0,0.0,D,14.0,23.0,3.0,8.0,7.0,11.0,7.0,9.0,2.0,2.0,0.0,0.0,7.77,5.06,1.4
E0,2022-09-03,Brentford,Leeds,1726.94,1723.25,2.0,6.0,4.0,8.0,5.0,2.0,H,2.0,1.0,H,14.0,17.0,8.0,6.0,8.0,9.0,2.0,6.0,2.0,2.0,0.0,0.0,2.17,3.59,3.33
E0,2022-09-03,Chelsea,West Ham,1873.87,1766.68,3.0,7.0,4.0,4.0,2.0,1.0,H,0.0,0.0,D,8.0,6.0,3.0,3.0,6.0,11.0,10.0,3.0,4.0,2.0,0.0,0.0,1.55,4.38,6.03
E0,2022-09-03,Newcastle,Crystal Palace,1767.82,1756.2,2.0,6.0,4.0,5.0,0.0,0.0,D,0.0,0.0,D,23.0,19.0,6.0,9.0,19.0,12.0,13.0,5.0,2.0,1.0,0.0,0.0,2.05,3.48,3.8
E0,2022-09-03,Nottm Forest,Bournemouth,1615.51,1633.62,1.0,4.0,1.0,4.0,2.0,3.0,A,2.0,0.0,H,11.0,8.0,3.0,3.0,13.0,10.0,4.0,6.0,2.0,1.0,0.0,0.0,2.02,3.47,3.89
E0,2022-09-03,Tottenham,Fulham,1880.94,1664.69,7.0,11.0,6.0,8.0,2.0,1.0,H,1.0,0.0,H,23.0,9.0,10.0,3.0,9.0,6.0,10.0,3.0,3.0,4.0,0.0,0.0,1.49,4.62,6.54
E0,2022-09-03,Wolves,Southampton,1711.24,1684.94,2.0,3.0,6.0,7.0,1.0,0.0,H,1.0,0.0,H,7.0,12.0,2.0,1.0,10.0,14.0,5.0,6.0,4.0,2.0,0.0,0.0,2.24,3.4,3.33
E0,2022-09-03,Aston Villa,Man City,1713.08,2031.74,0.0,3.0,7.0,13.0,1.0,1.0,D,0.0,0.0,D,3.0,13.0,1.0,4.0,7.0,6.0,1.0,4.0,2.0,0.0,0.0,0.0,8.75,5.63,1.34
E0,2022-09-04,Brighton,Leicester,1778.41,1754.66,6.0,10.0,0.0,1.0,5.0,2.0,H,2.0,2.0,D,23.0,6.0,11.0,4.0,6.0,8.0,10.0,1.0,1.0,1.0,0.0,0.0,1.87,3.6,4.43
E0,2022-09-04,Man United,Arsenal,1801.75,1880.84,9.0,9.0,9.0,15.0,3.0,1.0,H,1.0,0.0,H,10.0,16.0,6.0,3.0,13.0,9.0,2.0,5.0,3.0,3.0,0.0,0.0,2.61,3.55,2.67
E0,2022-09-16,Aston Villa,Southampton,1708.05,1667.58,1.0,4.0,3.0,7.0,1.0,0.0,H,1.0,0.0,H,11.0,7.0,3.0,1.0,13.0,13.0,6.0,3.0,3.0,1.0,0.0,0.0,2.1,3.55,3.53
E0,2022-09-16,Nottm Forest,Fulham,1594.93,1650.92,0.0,4.0,3.0,7.0,2.0,3.0,A,1.0,0.0,H,11.0,15.0,3.0,7.0,11.0,10.0,2.0,10.0,2.0,4.0,0.0,0.0,2.81,3.4,2.57
E0,2022-09-17,Wolves,Man City,1705.76,2023.86,5.0,6.0,7.0,11.0,0.0,3.0,A,0.0,2.0,A,6.0,16.0,1.0,7.0,7.0,9.0,5.0,7.0,2.0,1.0,1.0,0.0,9.25,5.47,1.34
E0,2022-09-17,Newcastle,Bournemouth,1754.47,1631.37,2.0,4.0,4.0,4.0,1.0,1.0,D,0.0,0.0,D,20.0,10.0,7.0,3.0,10.0,11.0,8.0,1.0,2.0,2.0,0.0,0.0,1.47,4.47,7.39
E0,2022-09-17,Tottenham,Leicester,1863.82,1724.98,7.0,11.0,0.0,0.0,6.0,2.0,H,2.0,2.0,D,16.0,19.0,11.0,7.0,9.0,9.0,6.0,1.0,1.0,2.0,0.0,0.0,1.49,4.59,6.7
E0,2022-09-18,Brentford,Arsenal,1726.69,1859.54,5.0,8.0,6.0,12.0,0.0,3.0,A,0.0,2.0,A,5.0,13.0,2.0,7.0,10.0,10.0,3.0,3.0,0.0,2.0,0.0,0.0,4.3,3.91,1.81
E0,2022-09-18,Everton,West Ham,1686.33,1753.22,3.0,4.0,4.0,4.0,1.0,0.0,H,0.0,0.0,D,7.0,14.0,2.0,4.0,8.0,11.0,5.0,14.0,3.0,1.0,0.0,0.0,2.95,3.31,2.5
E0,2022-10-01,Arsenal,Tottenham,1871.76,1872.88,6.0,12.0,7.0,13.0,3.0,1.0,H,1.0,1.0,D,22.0,7.0,9.0,3.0,10.0,10.0,5.0,2.0,2.0,1.0,0.0,1.0,2.08,3.7,3.48
E0,2022-10-01,Bournemouth,Brentford,1638.14,1718.62,5.0,5.0,4.0,5.0,0.0,0.0,D,0.0,0.0,D,7.0,13.0,1.0,4.0,11.0,10.0,7.0,8.0,1.0,2.0,0.0,0.0,3.36,3.44,2.21
E0,2022-10-01,Crystal Palace,Chelsea,1748.79,1852.83,2.0,6.0,6.0,7.0,1.0,2.0,A,1.0,1.0,D,7.0,13.0,3.0,3.0,11.0,13.0,5.0,2.0,1.0,3.0,0.0,0.0,4.29,3.57,1.9
E0,2022-10-01,Fulham,Newcastle,1661.1,1751.85,6.0,9.0,2.0,4.0,1.0,4.0,A,0.0,3.0,A,3.0,19.0,1.0,10.0,9.0,10.0,1.0,8.0,2.0,0.0,1.0,0.0,3.04,3.46,2.37
E0,2022-10-01,Liverpool,Brighton,1982.14,1779.06,7.0,8.0,6.0,10.0,3.0,3.0,D,1.0,2.0,A,15.0,6.0,7.0,6.0,9.0,13.0,9.0,2.0,1.0,1.0,0.0,0.0,1.37,5.33,8.25
E0,2022-10-01,Southampton,Everton,1664.11,1696.84,3.0,6.0,5.0,7.0,1.0,2.0,A,0.0,0.0,D,22.0,12.0,6.0,5.0,11.0,10.0,7.0,6.0,2.0,2.0,0.0,0.0,2.19,3.41,3.44
E0,2022-10-01,West Ham,Wolves,1749.47,1703.45,1.0,4.0,4.0,5.0,2.0,0.0,H,1.0,0.0,H,18.0,15.0,5.0,4.0,8.0,6.0,1.0,6.0,2.0,2.0,0.0,0.0,1.96,3.48,4.12
E0,2022-10-02,Man City,Man United,2030.33,1805.44,7.0,11.0,9.0,12.0,6.0,3.0,H,4.0,0.0,H,22.0,12.0,10.0,8.0,3.0,9.0,5.0,1.0,0.0,3.0,0.0,0.0,1.35,5.7,8.0
E0,2022-10-02,Leeds,Aston Villa,1702.75,1715.67,1.0,5.0,4.0,4.0,0.0,0.0,D,0.0,0.0,D,9.0,19.0,1.0,7.0,23.0,12.0,2.0,9.0,3.0,2.0,1.0,0.0,2.36,3.46,3.03
E0,2022-10-03,Leicester,Nottm Forest,1720.06,1588.9,0.0,0.0,0.0,1.0,4.0,0.0,H,3.0,0.0,H,17.0,10.0,7.0,3.0,13.0,12.0,6.0,6.0,2.0,4.0,0.0,0.0,1.76,4.05,4.41
E0,2022-10-08,Bournemouth,Leicester,1638.14,1720.06,5.0,6.0,3.0,3.0,2.0,1.0,H,0.0,1.0,A,10.0,9.0,4.0,5.0,8.0,16.0,7.0,2.0,1.0,2.0,0.0,0.0,3.53,3.63,2.09
E0,2022-10-08,Chelsea,Wolves,1852.83,1703.45,6.0,9.0,3.0,5.0,3.0,0.0,H,1.0,0.0,H,20.0,8.0,7.0,2.0,8.0,8.0,4.0,2.0,2.0,0.0,0.0,0.0,1.4,4.82,8.5
E0,2022-10-08,Man City,Southampton,2030.33,1664.11,7.0,13.0,0.0,3.0,4.0,0.0,H,2.0,0.0,H,21.0,5.0,8.0,0.0,4.0,8.0,9.0,1.0,0.0,1.0,0.0,0.0,1.12,10.3,21.15
E0,2022-10-08,Newcastle,Brentford,1751.85,1718.62,5.0,6.0,4.0,6.0,5.0,1.0,H,2.0,0.0,H,16.0,6.0,6.0,3.0,14.0,9.0,9.0,5.0,0.0,1.0,0.0,0.0,1.8,3.92,4.38
E0,2022-10-08,Brighton,Tottenham,1779.06,1872.88,4.0,10.0,6.0,10.0,0.0,1.0,A,0.0,1.0,A,14.0,8.0,4.0,3.0,9.0,14.0,6.0,2.0,1.0,2.0,0.0,0.0,2.76,3.47,2.58
E0,2022-10-09,Crystal Palace,Leeds,1748.79,1702.75,2.0,5.0,2.0,5.0,2.0,1.0,H,1.0,1.0,D,13.0,10.0,5.0,4.0,13.0,23.0,5.0,3.0,3.0,3.0,0.0,0.0,2.07,3.62,3.57
E0,2022-10-09,West Ham,Fulham,1749.47,1661.1,3.0,7.0,3.0,6.0,3.0,1.0,H,1.0,1.0,D,17.0,8.0,8.0,2.0,9.0,7.0,4.0,2.0,1.0,3.0,0.0,0.0,1.78,3.9,4.56
E0,2022-10-09,Arsenal,Liverpool,1871.76,1982.14,6.0,12.0,5.0,8.0,3.0,2.0,H,2.0,1.0,H,11.0,8.0,7.0,3.0,11.0,11.0,4.0,3.0,1.0,2.0,0.0,0.0,2.58,3.72,2.62
E0,2022-10-09,Everton,Man United,1696.84,1805.44,7.0,9.0,6.0,12.0,1.0,2.0,A,1.0,2.0,A,11.0,12.0,2.0,4.0,7.0,13.0,5.0,4.0,2.0,1.0,0.0,0.0,3.56,3.58,2.09
E0,2022-10-10,Nottm Forest,Aston Villa,1588.9,1715.67,0.0,0.0,5.0,5.0,1.0,1.0,D,1.0,1.0,D,6.0,12.0,3.0,2.0,13.0,19.0,1.0,4.0,3.0,3.0,0.0,0.0,3.35,3.49,2.19
E0,2022-10-14,Brentford,Brighton,1718.62,1779.06,1.0,5.0,4.0,7.0,2.0,0.0,H,1.0,0.0,H,7.0,21.0,3.0,7.0,12.0,15.0,2.0,11.0,3.0,1.0,0.0,0.0,3.21,3.44,2.3
E0,2022-10-15,Leicester,Crystal Palace,1731.24,1760.18,3.0,3.0,4.0,5.0,0.0,0.0,D,0.0,0.0,D,14.0,8.0,5.0,1.0,18.0,13.0,9.0,2.0,2.0,2.0,0.0,0.0,2.31,3.49,3.12
E0,2022-10-15,Fulham,Bournemouth,1655.8,1660.5,3.0,6.0,5.0,9.0,2.0,2.0,D,1.0,2.0,A,19.0,10.0,4.0,6.0,9.0,11.0,5.0,6.0,2.0,0.0,0.0,0.0,1.89,3.72,4.13
E0,2022-10-15,Wolves,Nottm Forest,1702.53,1596.23,0.0,4.0,1.0,1.0,1.0,0.0,H,0.0,0.0,D,9.0,10.0,2.0,2.0,17.0,13.0,4.0,5.0,2.0,2.0,0.0,0.0,1.72,3.81,5.13
E0,2022-10-15,Tottenham,Everton,1885.38,1711.14,6.0,10.0,6.0,8.0,2.0,0.0,H,0.0,0.0,D,21.0,4.0,7.0,0.0,12.0,13.0,7.0,1.0,1.0,4.0,0.0,0.0,1.49,4.56,6.81
E0,2022-10-16,Aston Villa,Chelsea,1727.12,1900.36,5.0,6.0,9.0,12.0,0.0,2.0,A,0.0,1.0,A,18.0,8.0,7.0,4.0,12.0,11.0,7.0,1.0,0.0,3.0,0.0,0.0,4.54,3.69,1.82
E0,2022-10-16,Leeds,Arsenal,1708.7,1907.52,1.0,2.0,9.0,12.0,0.0,1.0,A,0.0,1.0,A,16.0,9.0,4.0,4.0,10.0,11.0,6.0,3.0,0.0,2.0,0.0,0.0,5.83,4.41,1.56
E0,2022-10-16,Man United,Newcastle,1823.84,1787.82,6.0,12.0,7.0,8.0,0.0,0.0,D,0.0,0.0,D,15.0,9.0,2.0,2.0,13.0,11.0,4.0,4.0,3.0,1.0,0.0,0.0,2.0,3.78,3.65
E0,2022-10-16,Southampton,West Ham,1666.26,1782.74,0.0,3.0,6.0,7.0,1.0,1.0,D,1.0,0.0,H,10.0,25.0,8.0,4.0,7.0,3.0,4.0,14.0,1.0,1.0,0.0,0.0,2.96,3.42,2.44
E0,2022-10-16,Liverpool,Man City,1988.67,2041.55,2.0,8.0,9.0,13.0,1.0,0.0,H,0.0,0.0,D,13.0,16.0,2.0,6.0,10.0,7.0,5.0,6.0,3.0,1.0,0.0,0.0,3.74,4.06,1.91
E0,2022-10-18,Brighton,Nottm Forest,1778.58,1596.23,1.0,4.0,1.0,1.0,0.0,0.0,D,0.0,0.0,D,19.0,3.0,7.0,0.0,10.0,14.0,9.0,1.0,3.0,1.0,0.0,0.0,1.4,4.91,8.19
E0,2022-10-18,Crystal Palace,Wolves,1760.18,1702.53,4.0,6.0,3.0,6.0,2.0,1.0,H,0.0,1.0,A,14.0,10.0,4.0,4.0,14.0,18.0,4.0,3.0,3.0,1.0,0.0,0.0,2.29,3.19,3.46
E0,2022-10-19,Bournemouth,Southampton,1660.5,1666.26,5.0,9.0,1.0,1.0,0.0,1.0,A,0.0,1.0,A,15.0,9.0,3.0,3.0,8.0,13.0,7.0,3.0,1.0,3.0,0.0,0.0,2.72,3.33,2.69
E0,2022-10-19,Brentford,Chelsea,1731.23,1900.36,4.0,7.0,9.0,12.0,0.0,0.0,D,0.0,0.0,D,8.0,14.0,5.0,5.0,7.0,7.0,6.0,2.0,0.0,0.0,0.0,0.0,4.79,3.92,1.74
E0,2022-10-19,Liverpool,West Ham,1988.67,1782.74,4.0,8.0,7.0,7.0,1.0,0.0,H,1.0,0.0,H,22.0,8.0,7.0,3.0,9.0,8.0,8.0,3.0,0.0,0.0,0.0,0.0,1.44,5.01,6.96
E0,2022-10-19,Newcastle,Everton,1787.82,1711.14,7.0,9.0,3.0,7.0,1.0,0.0,H,1.0,0.0,H,16.0,1.0,4.0,0.0,9.0,12.0,8.0,2.0,2.0,4.0,0.0,0.0,1.64,4.05,5.46
E0,2022-10-19,Man United,Tottenham,1823.84,1885.38,4.0,10.0,6.0,12.0,2.0,0.0,H,0.0,0.0,D,28.0,9.0,10.0,2.0,7.0,7.0,8.0,3.0,1.0,0.0,0.0,0.0,2.45,3.57,2.86
E0,2022-10-20,Fulham,Aston Villa,1655.8,1727.12,1.0,4.0,2.0,6.0,3.0,0.0,H,1.0,0.0,H,18.0,12.0,8.0,6.0,11.0,11.0,9.0,7.0,0.0,2.0,0.0,1.0,2.88,3.42,2.51
E0,2022-10-20,Leicester,Leeds,1731.24,1708.7,4.0,4.0,1.0,2.0,2.0,0.0,H,2.0,0.0,H,5.0,14.0,1.0,2.0,15.0,11.0,2.0,9.0,2.0,1.0,0.0,0.0,2.32,3.58,3.03
E0,2022-10-22,Nottm Forest,Liverpool,1596.23,1988.67,2.0,2.0,6.0,8.0,1.0,0.0,H,0.0,0.0,D,10.0,15.0,7.0,7.0,14.0,8.0,2.0,11.0,2.0,1.0,0.0,0.0,11.31,6.19,1.26
E0,2022-10-22,Everton,Crystal Palace,1711.14,1760.18,0.0,6.0,7.0,8.0,3.0,0.0,H,1.0,0.0,H,9.0,9.0,6.0,2.0,16.0,14.0,3.0,4.0,3.0,4.0,0.0,0.0,2.58,3.18,2.96
E0,2022-10-22,Man City,Brighton,2041.55,1778.58,6.0,10.0,1.0,5.0,3.0,1.0,H,2.0,0.0,H,10.0,8.0,4.0,2.0,11.0,12.0,7.0,3.0,1.0,3.0,0.0,0.0,1.21,6.94,14.36
E0,2022-10-22,Chelsea,Man United,1900.36,1823.84,7.0,13.0,7.0,10.0,1.0,1.0,D,0.0,0.0,D,6.0,13.0,2.0,6.0,8.0,10.0,6.0,4.0,1.0,4.0,0.0,0.0,2.14,3.51,3.5
E0,2022-10-23,Aston Villa,Brentford,1727.12,1731.23,1.0,5.0,4.0,5.0,4.0,0.0,H,3.0,0.0,H,19.0,12.0,11.0,3.0,14.0,11.0,7.0,6.0,1.0,0.0,0.0,0.0,2.14,3.5,3.49
E0,2022-10-23,Leeds,Fulham,1708.7,1655.8,0.0,1.0,4.0,7.0,2.0,3.0,A,1.0,1.0,D,14.0,11.0,5.0,5.0,12.0,8.0,3.0,6.0,1.0,1.0,0.0,0.0,2.06,3.62,3.59
E0,2022-10-23,Southampton,Arsenal,1666.26,1907.52,4.0,4.0,9.0,12.0,1.0,1.0,D,0.0,1.0,A,10.0,12.0,3.0,3.0,11.0,8.0,9.0,4.0,2.0,1.0,0.0,0.0,5.78,4.27,1.58
E0,2022-10-23,Wolves,Leicester,1702.53,1731.24,3.0,3.0,4.0,7.0,0.0,4.0,A,0.0,2.0,A,21.0,5.0,5.0,4.0,10.0,13.0,9.0,2.0,2.0,1.0,0.0,0.0,2.3,3.38,3.24
E0,2022-10-23,Tottenham,Newcastle,1885.38,1787.82,6.0,9.0,7.0,11.0,1.0,2.0,A,0.0,2.0,A,17.0,13.0,5.0,5.0,12.0,6.0,6.0,7.0,4.0,2.0,0.0,0.0,2.09,3.58,3.53
E0,2022-10-24,West Ham,Bournemouth,1782.74,1660.5,4.0,7.0,4.0,6.0,2.0,0.0,H,1.0,0.0,H,20.0,5.0,4.0,3.0,9.0,11.0,5.0,0.0,0.0,2.0,0.0,0.0,1.55,4.16,6.2
E0,2022-10-29,Leicester,Man City,1731.24,2041.55,7.0,10.0,6.0,12.0,0.0,1.0,A,0.0,0.0,D,10.0,15.0,5.0,5.0,5.0,10.0,3.0,10.0,0.0,0.0,0.0,0.0,9.66,6.09,1.29
E0,2022-10-29,Bournemouth,Tottenham,1660.5,1885.38,1.0,5.0,3.0,6.0,2.0,3.0,A,1.0,0.0,H,6.0,23.0,4.0,7.0,10.0,5.0,2.0,19.0,1.0,2.0,0.0,0.0,5.1,3.91,1.69
E0,2022-10-29,Brentford,Wolves,1731.23,1702.53,4.0,5.0,3.0,3.0,1.0,1.0,D,0.0,0.0,D,12.0,14.0,3.0,4.0,10.0,17.0,3.0,6.0,3.0,3.0,0.0,1.0,2.2,3.46,3.33
E0,2022-10-29,Brighton,Chelsea,1778.58,1900.36,1.0,2.0,5.0,11.0,4.0,1.0,H,3.0,0.0,H,19.0,15.0,9.0,7.0,16.0,6.0,8.0,7.0,1.0,2.0,0.0,0.0,3.03,3.34,2.41
E0,2022-10-29,Crystal Palace,Southampton,1760.18,1666.26,4.0,7.0,5.0,5.0,1.0,0.0,H,1.0,0.0,H,12.0,14.0,3.0,4.0,13.0,12.0,8.0,4.0,3.0,3.0,0.0,0.0,1.95,3.57,4.03
E0,2022-10-29,Newcastle,Aston Villa,1787.82,1727.12,7.0,13.0,3.0,5.0,4.0,0.0,H,1.0,0.0,H,20.0,3.0,7.0,0.0,11.0,11.0,3.0,0.0,1.0,1.0,0.0,0.0,1.83,3.73,4.41
E0,2022-10-29,Fulham,Everton,1655.8,1711.14,7.0,7.0,3.0,6.0,0.0,0.0,D,0.0,0.0,D,24.0,9.0,6.0,4.0,10.0,8.0,13.0,4.0,2.0,1.0,0.0,0.0,2.36,3.43,3.07
E0,2022-10-29,Liverpool,Leeds,1988.67,1708.7,6.0,7.0,0.0,1.0,1.0,2.0,A,1.0,1.0,D,22.0,14.0,10.0,6.0,9.0,3.0,14.0,5.0,0.0,1.0,0.0,0.0,1.3,6.07,9.16
E0,2022-10-30,Arsenal,Nottm Forest,1907.52,1596.23,7.0,13.0,4.0,5.0,5.0,0.0,H,1.0,0.0,H,24.0,5.0,10.0,2.0,9.0,8.0,9.0,4.0,0.0,1.0,0.0,0.0,1.2,6.96,14.82
E0,2022-10-30,Man United,West Ham,1823.84,1782.74,5.0,8.0,4.0,10.0,1.0,0.0,H,1.0,0.0,H,16.0,13.0,3.0,5.0,12.0,10.0,5.0,10.0,1.0,3.0,0.0,0.0,1.7,4.02,4.85
E0,2022-11-05,Leeds,Bournemouth,1700.49,1641.99,3.0,3.0,0.0,4.0,4.0,3.0,H,1.0,2.0,A,18.0,9.0,4.0,6.0,16.0,10.0,13.0,3.0,2.0,2.0,0.0,0.0,1.74,3.93,4.73
E0,2022-11-05,Man City,Fulham,2033.52,1676.82,6.0,12.0,7.0,8.0,2.0,1.0,H,1.0,1.0,D,16.0,4.0,5.0,2.0,6.0,11.0,9.0,0.0,2.0,4.0,1.0,0.0,1.13,9.74,19.8
E0,2022-11-05,Nottm Forest,Brentford,1608.63,1716.26,4.0,5.0,2.0,5.0,2.0,2.0,D,1.0,1.0,D,15.0,6.0,7.0,2.0,10.0,11.0,3.0,3.0,2.0,2.0,0.0,0.0,2.78,3.39,2.59
E0,2022-11-05,Wolves,Brighton,1685.47,1786.37,1.0,4.0,4.0,4.0,2.0,3.0,A,2.0,2.0,D,8.0,19.0,5.0,8.0,15.0,11.0,4.0,9.0,2.0,0.0,1.0,0.0,3.39,3.33,2.24
E0,2022-11-05,Everton,Leicester,1716.06,1751.65,4.0,4.0,6.0,7.0,0.0,2.0,A,0.0,1.0,A,12.0,22.0,2.0,8.0,9.0,5.0,8.0,3.0,0.0,0.0,0.0,0.0,2.43,3.33,3.03
E0,2022-11-06,Chelsea,Arsenal,1887.5,1896.91,2.0,8.0,7.0,13.0,0.0,1.0,A,0.0,0.0,D,5.0,14.0,1.0,2.0,20.0,13.0,4.0,6.0,5.0,2.0,0.0,0.0,2.64,3.42,2.7
E0,2022-11-06,Aston Villa,Man United,1709.82,1842.47,3.0,4.0,7.0,11.0,3.0,1.0,H,2.0,1.0,H,6.0,8.0,4.0,3.0,6.0,12.0,3.0,5.0,3.0,3.0,0.0,0.0,3.39,3.54,2.15
E0,2022-11-06,Southampton,Newcastle,1675.83,1814.74,4.0,5.0,9.0,13.0,1.0,4.0,A,0.0,1.0,A,16.0,7.0,5.0,4.0,7.0,10.0,8.0,2.0,1.0,0.0,0.0,0.0,4.02,3.66,1.92
E0,2022-11-06,West Ham,Crystal Palace,1778.96,1755.79,3.0,7.0,6.0,10.0,1.0,2.0,A,1.0,1.0,D,5.0,15.0,2.0,6.0,10.0,7.0,2.0,5.0,1.0,1.0,0.0,0.0,1.94,3.49,4.18
E0,2022-11-06,Tottenham,Liverpool,1864.38,1976.0,3.0,9.0,3.0,6.0,1.0,2.0,A,0.0,2.0,A,14.0,13.0,5.0,6.0,10.0,8.0,5.0,3.0,0.0,0.0,0.0,0.0,3.28,3.67,2.16
E0,2022-11-12,Man City,Brentford,2033.52,1716.26,9.0,12.0,2.0,6.0,1.0,2.0,A,1.0,1.0,D,29.0,10.0,6.0,8.0,9.0,7.0,10.0,2.0,2.0,2.0,0.0,0.0,1.14,8.92,19.14
E0,2022-11-12,Bournemouth,Everton,1641.99,1716.06,0.0,1.0,4.0,4.0,3.0,0.0,H,2.0,0.0,H,16.0,15.0,9.0,3.0,12.0,8.0,3.0,5.0,2.0,0.0,0.0,0.0,2.86,3.25,2.6
E0,2022-11-12,Liverpool,Southampton,1976.0,1675.83,3.0,9.0,1.0,5.0,3.0,1.0,H,3.0,1.0,H,15.0,9.0,7.0,5.0,8.0,8.0,6.0,0.0,0.0,2.0,0.0,0.0,1.25,6.52,11.38
E0,2022-11-12,Nottm Forest,Crystal Palace,1608.63,1755.79,4.0,5.0,6.0,10.0,1.0,0.0,H,0.0,0.0,D,9.0,8.0,2.0,0.0,11.0,13.0,1.0,5.0,1.0,4.0,0.0,0.0,3.12,3.24,2.43
E0,2022-11-12,Tottenham,Leeds,1864.38,1700.49,3.0,6.0,6.0,6.0,4.0,3.0,H,1.0,2.0,A,14.0,12.0,8.0,5.0,8.0,7.0,9.0,2.0,1.0,1.0,0.0,1.0,1.64,4.26,5.04
E0,2022-11-12,West Ham,Leicester,1778.96,1751.65,3.0,4.0,6.0,10.0,0.0,2.0,A,0.0,1.0,A,18.0,9.0,6.0,6.0,9.0,8.0,7.0,2.0,3.0,1.0,0.0,0.0,2.09,3.51,3.6
E0,2022-11-12,Newcastle,Chelsea,1814.74,1887.5,9.0,13.0,1.0,5.0,1.0,0.0,H,0.0,0.0,D,10.0,5.0,3.0,2.0,14.0,11.0,5.0,3.0,3.0,2.0,0.0,0.0,2.33,3.44,3.11
E0,2022-11-12,Wolves,Arsenal,1685.47,1896.91,1.0,4.0,7.0,13.0,0.0,2.0,A,0.0,0.0,D,11.0,14.0,2.0,4.0,5.0,6.0,6.0,4.0,3.0,2.0,0.0,0.0,6.15,4.26,1.55
E0,2022-11-13,Brighton,Aston Villa,1786.37,1709.82,6.0,7.0,6.0,6.0,1.0,2.0,A,1.0,1.0,D,7.0,8.0,2.0,2.0,14.0,11.0,11.0,4.0,2.0,7.0,0.0,0.0,1.86,3.71,4.21
E0,2022-11-13,Fulham,Man United,1676.82,1842.47,4.0,8.0,4.0,8.0,1.0,2.0,A,0.0,1.0,A,14.0,14.0,7.0,9.0,9.0,10.0,10.0,3.0,1.0,1.0,0.0,0.0,3.91,3.88,1.89
E0,2022-12-26,Brentford,Tottenham,1738.86,1875.4,5.0,6.0,6.0,6.0,2.0,2.0,D,1.0,0.0,H,9.0,16.0,5.0,8.0,11.0,10.0,6.0,5.0,3.0,1.0,0.0,0.0,3.85,3.74,1.95
E0,2022-12-26,Crystal Palace,Fulham,1763.27,1678.96,6.0,9.0,1.0,7.0,0.0,3.0,A,0.0,1.0,A,4.0,23.0,0.0,11.0,12.0,15.0,1.0,8.0,0.0,0.0,2.0,0.0,2.07,3.55,3.58
E0,2022-12-26,Everton,Wolves,1697.44,1681.09,1.0,4.0,1.0,1.0,1.0,2.0,A,1.0,1.0,D,12.0,7.0,6.0,4.0,9.0,22.0,2.0,2.0,1.0,6.0,0.0,0.0,2.35,3.25,3.24
E0,2022-12-26,Leicester,Newcastle,1785.4,1841.32,6.0,12.0,9.0,15.0,0.0,3.0,A,0.0,3.0,A,8.0,12.0,2.0,5.0,9.0,6.0,5.0,5.0,0.0,0.0,0.0,0.0,3.24,3.54,2.21
E0,2022-12-26,Southampton,Brighton,1672.2,1790.72,0.0,4.0,6.0,7.0,1.0,3.0,A,0.0,2.0,A,14.0,7.0,4.0,4.0,9.0,10.0,4.0,2.0,1.0,2.0,0.0,0.0,3.4,3.51,2.15
E0,2022-12-26,Aston Villa,Liverpool,1743.85,1999.23,6.0,9.0,6.0,9.0,1.0,3.0,A,0.0,2.0,A,12.0,16.0,6.0,9.0,7.0,12.0,0.0,6.0,0.0,0.0,0.0,0.0,4.51,4.04,1.75
E0,2022-12-26,Arsenal,West Ham,1920.6,1767.14,9.0,13.0,0.0,3.0,3.0,1.0,H,0.0,1.0,A,16.0,8.0,5.0,4.0,13.0,17.0,7.0,5.0,0.0,2.0,0.0,0.0,1.51,4.39,6.52
E0,2022-12-27,Chelsea,Bournemouth,1880.5,1659.95,0.0,2.0,3.0,3.0,2.0,0.0,H,2.0,0.0,H,15.0,9.0,5.0,4.0,8.0,10.0,6.0,8.0,0.0,0.0,0.0,0.0,1.32,5.46,9.72
E0,2022-12-27,Man United,Nottm Forest,1848.86,1629.33,6.0,10.0,4.0,8.0,3.0,0.0,H,2.0,0.0,H,17.0,8.0,8.0,3.0,13.0,4.0,9.0,9.0,3.0,1.0,0.0,0.0,1.31,5.51,10.4
E0,2022-12-28,Leeds,Man City,1710.7,2029.2,6.0,6.0,6.0,9.0,1.0,3.0,A,0.0,1.0,A,9.0,26.0,1.0,9.0,11.0,14.0,3.0,5.0,3.0,3.0,0.0,0.0,9.46,5.99,1.3
E0,2022-12-30,West Ham,Brentford,1767.14,1738.86,0.0,3.0,5.0,6.0,0.0,2.0,A,0.0,2.0,A,20.0,9.0,5.0,6.0,9.0,5.0,8.0,1.0,1.0,0.0,0.0,0.0,2.06,3.59,3.64
E0,2022-12-30,Liverpool,Leicester,1999.23,1785.4,9.0,9.0,6.0,9.0,2.0,1.0,H,2.0,1.0,H,21.0,7.0,5.0,2.0,8.0,15.0,4.0,5.0,0.0,1.0,0.0,0.0,1.3,6.03,9.64
E0,2022-12-31,Wolves,Man United,1681.09,1848.86,3.0,4.0,6.0,10.0,0.0,1.0,A,0.0,0.0,D,10.0,16.0,3.0,6.0,11.0,11.0,7.0,5.0,1.0,3.0,0.0,0.0,4.09,3.64,1.92
E0,2022-12-31,Bournemouth,Crystal Palace,1659.95,1763.27,3.0,3.0,3.0,6.0,0.0,2.0,A,0.0,2.0,A,6.0,15.0,2.0,6.0,17.0,11.0,2.0,7.0,4.0,1.0,0.0,0.0,2.91,3.27,2.55
E0,2022-12-31,Fulham,Southampton,1678.96,1672.2,3.0,7.0,0.0,1.0,2.0,1.0,H,1.0,0.0,H,8.0,9.0,2.0,3.0,8.0,13.0,4.0,4.0,0.0,1.0,0.0,0.0,2.02,3.57,3.77
E0,2022-12-31,Man City,Everton,2029.2,1697.44,6.0,12.0,0.0,4.0,1.0,1.0,D,1.0,0.0,H,16.0,2.0,3.0,1.0,13.0,14.0,7.0,1.0,3.0,4.0,0.0,0.0,1.14,8.61,21.51
E0,2022-12-31,Newcastle,Leeds,1841.32,1710.7,9.0,15.0,3.0,6.0,0.0,0.0,D,0.0,0.0,D,16.0,8.0,5.0,1.0,13.0,19.0,9.0,3.0,3.0,5.0,0.0,0.0,1.47,4.73,6.73
E0,2022-12-31,Brighton,Arsenal,1790.72,1920.6,6.0,9.0,9.0,13.0,2.0,4.0,A,0.0,2.0,A,9.0,14.0,5.0,7.0,7.0,11.0,7.0,4.0,3.0,3.0,0.0,0.0,3.46,3.56,2.12
E0,2023-01-01,Tottenham,Aston Villa,1872.78,1739.26,4.0,7.0,6.0,9.0,0.0,2.0,A,0.0,0.0,D,6.0,13.0,2.0,4.0,15.0,10.0,5.0,3.0,4.0,3.0,0.0,0.0,1.68,4.06,4.94
E0,2023-01-01,Nottm Forest,Chelsea,1624.77,1884.17,4.0,7.0,3.0,4.0,1.0,1.0,D,0.0,1.0,A,12.0,7.0,5.0,2.0,16.0,14.0,1.0,2.0,2.0,2.0,0.0,0.0,5.21,3.88,1.69
E0,2023-01-02,Brentford,Liverpool,1754.92,2006.19,7.0,9.0,9.0,12.0,3.0,1.0,H,2.0,0.0,H,10.0,16.0,7.0,6.0,5.0,8.0,4.0,9.0,1.0,3.0,0.0,0.0,5.65,4.52,1.56
E0,2023-01-03,Arsenal,Newcastle,1933.81,1849.75,9.0,15.0,7.0,13.0,0.0,0.0,D,0.0,0.0,D,17.0,8.0,4.0,1.0,10.0,16.0,5.0,5.0,4.0,4.0,0.0,0.0,1.82,3.83,4.39
E0,2023-01-03,Everton,Brighton,1695.72,1791.14,1.0,2.0,3.0,9.0,1.0,4.0,A,0.0,1.0,A,10.0,19.0,4.0,8.0,8.0,10.0,5.0,2.0,3.0,1.0,0.0,0.0,3.56,3.46,2.13
E0,2023-01-03,Leicester,Fulham,1769.74,1704.49,3.0,6.0,6.0,7.0,0.0,1.0,A,0.0,1.0,A,15.0,11.0,6.0,2.0,12.0,11.0,6.0,3.0,2.0,6.0,0.0,0.0,2.23,3.63,3.16
E0,2023-01-03,Man United,Bournemouth,1858.39,1646.68,9.0,12.0,3.0,3.0,3.0,0.0,H,1.0,0.0,H,18.0,7.0,6.0,4.0,13.0,7.0,6.0,5.0,0.0,3.0,0.0,0.0,1.29,5.94,10.56
E0,2023-01-04,Southampton,Nottm Forest,1657.57,1624.77,0.0,0.0,4.0,5.0,0.0,1.0,A,0.0,1.0,A,8.0,11.0,0.0,1.0,14.0,17.0,6.0,2.0,2.0,2.0,0.0,0.0,2.03,3.46,3.82
E0,2023-01-04,Leeds,West Ham,1712.42,1748.67,1.0,7.0,0.0,0.0,2.0,2.0,D,1.0,1.0,D,14.0,15.0,6.0,2.0,11.0,18.0,8.0,1.0,3.0,1.0,0.0,0.0,2.62,3.52,2.65
E0,2023-01-04,Aston Villa,Wolves,1739.26,1685.84,6.0,9.0,3.0,4.0,1.0,1.0,D,0.0,1.0,A,13.0,10.0,4.0,3.0,6.0,12.0,7.0,8.0,1.0,3.0,0.0,0.0,1.99,3.57,3.86
E0,2023-01-04,Crystal Palace,Tottenham,1753.38,1872.78,3.0,9.0,4.0,7.0,0.0,4.0,A,0.0,0.0,D,19.0,14.0,4.0,6.0,11.0,8.0,10.0,4.0,1.0,2.0,0.0,0.0,3.34,3.48,2.19
E0,2023-01-05,Chelsea,Man City,1884.17,2024.33,4.0,4.0,4.0,10.0,0.0,1.0,A,0.0,0.0,D,8.0,12.0,2.0,3.0,9.0,9.0,3.0,2.0,2.0,0.0,0.0,0.0,5.17,4.03,1.66
E0,2023-01-12,Fulham,Chelsea,1704.49,1884.17,9.0,9.0,4.0,4.0,2.0,1.0,H,1.0,0.0,H,8.0,20.0,3.0,10.0,12.0,16.0,5.0,7.0,4.0,3.0,0.0,1.0,3.36,3.54,2.18
E0,2023-01-13,Aston Villa,Leeds,1739.26,1712.42,4.0,10.0,2.0,5.0,2.0,1.0,H,1.0,0.0,H,11.0,16.0,5.0,4.0,12.0,8.0,0.0,11.0,2.0,2.0,0.0,0.0,1.94,3.63,4.02
E0,2023-01-14,Man United,Man City,1858.39,2024.33,9.0,12.0,7.0,10.0,2.0,1.0,H,0.0,0.0,D,8.0,5.0,4.0,1.0,15.0,5.0,1.0,2.0,3.0,0.0,0.0,0.0,4.21,3.9,1.84
E0,2023-01-14,Brighton,Liverpool,1791.14,2006.19,6.0,9.0,6.0,12.0,3.0,0.0,H,0.0,0.0,D,16.0,6.0,9.0,2.0,8.0,15.0,7.0,1.0,1.0,3.0,0.0,0.0,3.31,3.76,2.12
E0,2023-01-14,Everton,Southampton,1695.72,1657.57,1.0,1.0,0.0,0.0,1.0,2.0,A,1.0,0.0,H,12.0,13.0,4.0,5.0,7.0,19.0,6.0,4.0,0.0,3.0,0.0,0.0,2.25,3.39,3.32
E0,2023-01-14,Nottm Forest,Leicester,1624.77,1769.74,4.0,8.0,0.0,6.0,2.0,0.0,H,0.0,0.0,D,15.0,6.0,5.0,1.0,11.0,12.0,3.0,5.0,1.0,2.0,0.0,0.0,2.72,3.4,2.65
E0,2023-01-14,Wolves,West Ham,1685.84,1748.67,4.0,4.0,1.0,1.0,1.0,0.0,H,0.0,0.0,D,17.0,16.0,4.0,4.0,10.0,7.0,4.0,3.0,0.0,2.0,0.0,0.0,2.7,3.27,2.75
E0,2023-01-14,Brentford,Bournemouth,1754.92,1646.68,7.0,11.0,0.0,3.0,2.0,0.0,H,1.0,0.0,H,12.0,7.0,4.0,2.0,5.0,9.0,5.0,3.0,1.0,1.0,0.0,0.0,1.66,4.09,5.2
E0,2023-01-15,Chelsea,Crystal Palace,1862.17,1741.03,1.0,4.0,3.0,6.0,1.0,0.0,H,0.0,0.0,D,15.0,10.0,5.0,5.0,10.0,17.0,11.0,7.0,2.0,5.0,0.0,0.0,1.66,3.93,5.47
E0,2023-01-15,Newcastle,Fulham,1853.0,1726.15,5.0,11.0,9.0,12.0,1.0,0.0,H,0.0,0.0,D,20.0,5.0,5.0,0.0,6.0,14.0,10.0,5.0,1.0,3.0,0.0,0.0,1.52,4.42,6.32
E0,2023-01-15,Tottenham,Arsenal,1867.87,1930.57,4.0,7.0,7.0,13.0,0.0,2.0,A,0.0,2.0,A,17.0,14.0,7.0,5.0,16.0,15.0,4.0,3.0,4.0,2.0,0.0,0.0,3.24,3.63,2.18
E0,2023-01-18,Crystal Palace,Man United,1741.03,1874.46,3.0,3.0,9.0,15.0,1.0,1.0,D,0.0,1.0,A,10.0,15.0,5.0,4.0,9.0,10.0,3.0,3.0,1.0,2.0,0.0,0.0,4.56,3.78,1.8
E0,2023-01-19,Man City,Tottenham,2018.16,1867.87,4.0,7.0,3.0,7.0,4.0,2.0,H,0.0,2.0,A,16.0,9.0,6.0,3.0,10.0,14.0,8.0,3.0,1.0,2.0,0.0,0.0,1.37,5.41,8.06
E0,2023-01-21,Liverpool,Chelsea,1966.57,1862.17,3.0,9.0,3.0,7.0,0.0,0.0,D,0.0,0.0,D,15.0,11.0,3.0,2.0,16.0,9.0,5.0,5.0,3.0,1.0,0.0,0.0,1.89,3.82,4.08
E0,2023-01-21,Bournemouth,Nottm Forest,1636.04,1654.59,0.0,3.0,7.0,10.0,1.0,1.0,D,1.0,0.0,H,16.0,20.0,4.0,5.0,10.0,7.0,4.0,6.0,1.0,2.0,0.0,0.0,2.76,3.18,2.76
E0,2023-01-21,Leicester,Brighton,1744.72,1823.11,0.0,3.0,6.0,9.0,2.0,2.0,D,1.0,1.0,D,9.0,13.0,2.0,4.0,9.0,9.0,5.0,6.0,0.0,1.0,0.0,0.0,3.51,3.65,2.08
E0,2023-01-21,Southampton,Aston Villa,1657.72,1759.75,3.0,3.0,7.0,10.0,0.0,1.0,A,0.0,0.0,D,8.0,16.0,5.0,5.0,19.0,9.0,2.0,2.0,1.0,2.0,0.0,0.0,2.88,3.38,2.53
E0,2023-01-21,West Ham,Everton,1739.55,1674.79,1.0,1.0,1.0,1.0,2.0,0.0,H,2.0,0.0,H,11.0,5.0,4.0,2.0,9.0,6.0,4.0,9.0,1.0,1.0,0.0,0.0,1.8,3.68,4.76
E0,2023-01-21,Crystal Palace,Newcastle,1741.03,1853.0,1.0,4.0,5.0,11.0,0.0,0.0,D,0.0,0.0,D,6.0,16.0,1.0,7.0,13.0,7.0,3.0,15.0,4.0,2.0,0.0,0.0,4.4,3.58,1.88
E0,2023-01-22,Leeds,Brentford,1706.46,1779.65,2.0,2.0,9.0,13.0,0.0,0.0,D,0.0,0.0,D,9.0,6.0,5.0,0.0,10.0,18.0,2.0,3.0,2.0,2.0,0.0,0.0,2.38,3.67,2.89
E0,2023-01-22,Man City,Wolves,2018.16,1697.68,6.0,10.0,4.0,7.0,3.0,0.0,H,1.0,0.0,H,13.0,10.0,7.0,1.0,10.0,10.0,5.0,7.0,1.0,2.0,0.0,0.0,1.2,7.38,14.81
E0,2023-01-22,Arsenal,Man United,1930.57,1874.46,7.0,13.0,7.0,13.0,3.0,2.0,H,1.0,1.0,D,25.0,6.0,5.0,4.0,8.0,9.0,12.0,4.0,1.0,2.0,0.0,0.0,1.86,3.86,4.08
E0,2023-01-23,Fulham,Tottenham,1726.15,1867.87,6.0,12.0,3.0,4.0,0.0,1.0,A,0.0,1.0,A,10.0,10.0,5.0,3.0,10.0,10.0,3.0,8.0,1.0,3.0,0.0,0.0,3.25,3.75,2.13
E0,2023-02-03,Chelsea,Fulham,1870.25,1716.52,4.0,5.0,3.0,9.0,0.0,0.0,D,0.0,0.0,D,12.0,10.0,3.0,4.0,16.0,12.0,6.0,2.0,1.0,4.0,0.0,0.0,1.64,4.05,5.55
E0,2023-02-04,Everton,Arsenal,1666.92,1946.27,0.0,1.0,7.0,13.0,1.0,0.0,H,0.0,0.0,D,12.0,15.0,4.0,3.0,13.0,8.0,7.0,5.0,4.0,1.0,0.0,0.0,8.22,4.75,1.41
E0,2023-02-04,Aston Villa,Leicester,1766.03,1745.92,7.0,10.0,1.0,1.0,2.0,4.0,A,2.0,3.0,A,19.0,9.0,4.0,5.0,10.0,10.0,11.0,3.0,0.0,2.0,0.0,0.0,1.99,3.64,3.83
E0,2023-02-04,Brentford,Southampton,1778.54,1651.44,7.0,11.0,3.0,3.0,3.0,0.0,H,2.0,0.0,H,14.0,14.0,4.0,6.0,10.0,9.0,4.0,4.0,1.0,2.0,0.0,0.0,1.89,3.64,4.21
E0,2023-02-04,Brighton,Bournemouth,1821.91,1635.53,7.0,10.0,1.0,1.0,1.0,0.0,H,0.0,0.0,D,20.0,12.0,6.0,2.0,14.0,7.0,7.0,3.0,3.0,1.0,0.0,0.0,1.35,5.22,9.18
E0,2023-02-04,Man United,Crystal Palace,1866.17,1741.85,4.0,10.0,2.0,5.0,2.0,1.0,H,1.0,0.0,H,14.0,10.0,5.0,3.0,9.0,9.0,5.0,5.0,1.0,2.0,1.0,0.0,1.4,4.83,8.33
E0,2023-02-04,Wolves,Liverpool,1695.05,1962.84,4.0,7.0,1.0,7.0,3.0,0.0,H,2.0,0.0,H,12.0,22.0,6.0,4.0,9.0,7.0,2.0,7.0,1.0,1.0,0.0,0.0,4.02,3.85,1.88
E0,2023-02-04,Newcastle,West Ham,1854.86,1747.41,5.0,9.0,4.0,4.0,1.0,1.0,D,1.0,1.0,D,8.0,10.0,2.0,1.0,11.0,13.0,4.0,2.0,2.0,1.0,0.0,0.0,1.62,3.92,6.03
E0,2023-02-05,Nottm Forest,Leeds,1655.1,1707.56,7.0,8.0,2.0,3.0,1.0,0.0,H,1.0,0.0,H,6.0,10.0,2.0,4.0,15.0,14.0,0.0,2.0,4.0,2.0,0.0,0.0,2.64,3.43,2.71
E0,2023-02-05,Tottenham,Man City,1858.2,2025.65,3.0,6.0,6.0,10.0,1.0,0.0,H,1.0,0.0,H,12.0,15.0,3.0,5.0,19.0,14.0,4.0,6.0,2.0,3.0,1.0,0.0,4.43,4.16,1.75
E0,2023-02-08,Man United,Leeds,1866.17,1707.56,4.0,10.0,1.0,3.0,2.0,2.0,D,0.0,1.0,A,24.0,8.0,7.0,2.0,7.0,11.0,6.0,5.0,1.0,3.0,0.0,0.0,1.47,4.83,6.54
E0,2023-02-11,West Ham,Chelsea,1747.41,1870.25,4.0,5.0,5.0,5.0,1.0,1.0,D,1.0,1.0,D,10.0,12.0,2.0,4.0,9.0,11.0,5.0,6.0,1.0,1.0,0.0,0.0,3.4,3.29,2.27
E0,2023-02-11,Arsenal,Brentford,1946.27,1778.54,6.0,10.0,7.0,13.0,1.0,1.0,D,0.0,0.0,D,23.0,9.0,7.0,2.0,9.0,9.0,7.0,4.0,0.0,2.0,0.0,0.0,1.45,4.72,7.52
E0,2023-02-11,Crystal Palace,Brighton,1741.85,1821.91,2.0,2.0,7.0,10.0,1.0,1.0,D,0.0,0.0,D,6.0,17.0,1.0,7.0,10.0,11.0,1.0,6.0,4.0,1.0,0.0,0.0,3.81,3.51,2.04
E0,2023-02-11,Fulham,Nottm Forest,1716.52,1655.1,1.0,7.0,7.0,11.0,2.0,0.0,H,1.0,0.0,H,16.0,10.0,3.0,1.0,9.0,11.0,5.0,4.0,0.0,1.0,0.0,0.0,1.93,3.56,4.22
E0,2023-02-11,Leicester,Tottenham,1745.92,1858.2,4.0,4.0,6.0,9.0,4.0,1.0,H,3.0,1.0,H,15.0,11.0,7.0,4.0,14.0,9.0,1.0,5.0,5.0,2.0,0.0,0.0,3.39,3.64,2.13
E0,2023-02-11,Southampton,Wolves,1651.44,1695.05,3.0,3.0,6.0,7.0,1.0,2.0,A,1.0,0.0,H,17.0,11.0,2.0,2.0,12.0,14.0,5.0,2.0,2.0,2.0,0.0,1.0,3.03,3.18,2.54
E0,2023-02-11,Bournemouth,Newcastle,1635.53,1854.86,1.0,1.0,5.0,7.0,1.0,1.0,D,1.0,1.0,D,11.0,15.0,5.0,7.0,8.0,10.0,4.0,6.0,2.0,3.0,0.0,0.0,6.39,4.06,1.57
E0,2023-02-12,Leeds,Man United,1707.56,1866.17,2.0,3.0,4.0,8.0,0.0,2.0,A,0.0,0.0,D,16.0,11.0,6.0,5.0,10.0,13.0,7.0,3.0,2.0,1.0,0.0,0.0,3.86,3.85,1.92
E0,2023-02-12,Man City,Aston Villa,2025.65,1766.03,6.0,9.0,6.0,10.0,3.0,1.0,H,3.0,0.0,H,17.0,6.0,9.0,2.0,13.0,14.0,8.0,4.0,1.0,2.0,0.0,0.0,1.25,6.59,11.89
E0,2023-02-13,Liverpool,Everton,1962.84,1666.92,1.0,4.0,3.0,4.0,2.0,0.0,H,1.0,0.0,H,15.0,6.0,6.0,1.0,8.0,16.0,3.0,3.0,1.0,3.0,0.0,0.0,1.53,4.38,6.23
E0,2023-02-15,Arsenal,Man City,1926.04,2016.03,4.0,8.0,6.0,9.0,1.0,3.0,A,1.0,1.0,D,10.0,9.0,1.0,6.0,11.0,15.0,1.0,3.0,2.0,3.0,0.0,0.0,2.93,3.51,2.42
E0,2023-02-18,Aston Villa,Arsenal,1748.55,1926.04,3.0,7.0,1.0,7.0,2.0,4.0,A,2.0,1.0,H,7.0,20.0,5.0,5.0,13.0,4.0,2.0,9.0,2.0,1.0,0.0,0.0,4.43,3.71,1.84
E0,2023-02-18,Brentford,Crystal Palace,1789.18,1737.58,5.0,11.0,2.0,3.0,1.0,1.0,D,0.0,0.0,D,12.0,10.0,5.0,4.0,10.0,8.0,2.0,6.0,2.0,2.0,0.0,0.0,1.86,3.54,4.59
E0,2023-02-18,Brighton,Fulham,1822.36,1728.06,5.0,11.0,4.0,7.0,0.0,1.0,A,0.0,0.0,D,21.0,5.0,7.0,2.0,12.0,14.0,10.0,2.0,0.0,5.0,0.0,0.0,1.67,4.06,5.15
E0,2023-02-18,Chelsea,Southampton,1861.85,1635.75,3.0,6.0,0.0,3.0,0.0,1.0,A,0.0,1.0,A,17.0,8.0,5.0,5.0,16.0,24.0,8.0,2.0,3.0,6.0,0.0,0.0,1.38,4.76,9.42
E0,2023-02-18,Everton,Leeds,1676.56,1696.18,3.0,3.0,1.0,2.0,1.0,0.0,H,0.0,0.0,D,15.0,8.0,6.0,0.0,8.0,6.0,6.0,4.0,2.0,3.0,0.0,0.0,2.48,3.31,2.99
E0,2023-02-18,Nottm Forest,Man City,1654.25,2016.03,4.0,10.0,6.0,12.0,1.0,1.0,D,0.0,1.0,A,4.0,26.0,1.0,6.0,8.0,6.0,0.0,10.0,1.0,0.0,0.0,0.0,10.01,5.62,1.31
E0,2023-02-18,Wolves,Bournemouth,1725.1,1635.76,6.0,10.0,2.0,2.0,0.0,1.0,A,0.0,0.0,D,15.0,5.0,4.0,1.0,12.0,10.0,12.0,2.0,3.0,3.0,0.0,0.0,1.68,3.81,5.53
E0,2023-02-18,Newcastle,Liverpool,1844.86,1940.34,3.0,7.0,4.0,4.0,0.0,2.0,A,0.0,2.0,A,14.0,13.0,4.0,7.0,3.0,8.0,6.0,7.0,1.0,1.0,1.0,0.0,2.57,3.51,2.75
E0,2023-02-19,Man United,Leicester,1870.71,1774.42,7.0,8.0,7.0,7.0,3.0,0.0,H,1.0,0.0,H,26.0,19.0,8.0,3.0,9.0,9.0,6.0,6.0,0.0,2.0,0.0,0.0,1.62,4.32,5.22
E0,2023-02-19,Tottenham,West Ham,1847.08,1752.06,6.0,6.0,5.0,6.0,2.0,0.0,H,0.0,0.0,D,16.0,6.0,6.0,1.0,16.0,10.0,4.0,7.0,2.0,1.0,0.0,0.0,1.83,3.76,4.39
E0,2023-02-24,Fulham,Wolves,1728.06,1725.1,7.0,7.0,6.0,9.0,1.0,1.0,D,0.0,1.0,A,10.0,8.0,5.0,2.0,12.0,17.0,4.0,3.0,2.0,0.0,0.0,0.0,2.54,3.22,3.0
E0,2023-02-25,Everton,Aston Villa,1676.56,1748.55,6.0,6.0,0.0,6.0,0.0,2.0,A,0.0,0.0,D,15.0,9.0,5.0,5.0,12.0,12.0,5.0,1.0,2.0,1.0,0.0,0.0,2.54,3.21,2.98
E0,2023-02-25,Leeds,Southampton,1696.18,1635.75,1.0,2.0,3.0,6.0,1.0,0.0,H,0.0,0.0,D,14.0,8.0,4.0,2.0,15.0,13.0,9.0,2.0,2.0,4.0,0.0,0.0,1.99,3.57,3.89
E0,2023-02-25,Leicester,Arsenal,1774.42,1926.04,6.0,7.0,4.0,7.0,0.0,1.0,A,0.0,0.0,D,1.0,10.0,0.0,2.0,14.0,9.0,0.0,8.0,0.0,1.0,0.0,0.0,4.73,4.09,1.71
E0,2023-02-25,West Ham,Nottm Forest,1752.06,1654.25,2.0,5.0,4.0,8.0,4.0,0.0,H,0.0,0.0,D,18.0,8.0,5.0,3.0,8.0,5.0,12.0,3.0,0.0,0.0,0.0,0.0,1.78,3.61,4.97
E0,2023-02-25,Bournemouth,Man City,1635.76,2016.03,4.0,5.0,7.0,10.0,1.0,4.0,A,0.0,3.0,A,13.0,20.0,2.0,5.0,10.0,9.0,4.0,6.0,2.0,2.0,0.0,0.0,10.21,5.81,1.3
E0,2023-02-25,Crystal Palace,Liverpool,1737.58,1940.34,2.0,4.0,6.0,7.0,0.0,0.0,D,0.0,0.0,D,6.0,12.0,0.0,4.0,11.0,14.0,5.0,3.0,2.0,5.0,0.0,0.0,4.7,3.93,1.74
E0,2023-02-26,Tottenham,Chelsea,1847.08,1861.85,6.0,9.0,2.0,6.0,2.0,0.0,H,0.0,0.0,D,8.0,10.0,3.0,2.0,10.0,10.0,4.0,4.0,2.0,3.0,0.0,0.0,2.54,3.33,2.91
E0,2023-03-01,Arsenal,Everton,1926.27,1670.75,6.0,7.0,3.0,6.0,4.0,0.0,H,2.0,0.0,H,15.0,8.0,5.0,5.0,5.0,12.0,5.0,1.0,0.0,2.0,0.0,0.0,1.36,5.04,9.33
E0,2023-03-01,Liverpool,Wolves,1929.21,1713.34,7.0,8.0,4.0,7.0,2.0,0.0,H,0.0,0.0,D,15.0,4.0,6.0,1.0,13.0,14.0,5.0,2.0,2.0,3.0,0.0,0.0,1.49,4.59,6.6
E0,2023-03-04,Man City,Newcastle,2019.35,1833.16,7.0,10.0,2.0,6.0,2.0,0.0,H,1.0,0.0,H,11.0,5.0,3.0,2.0,8.0,13.0,8.0,4.0,2.0,4.0,0.0,0.0,1.48,4.59,6.76
E0,2023-03-04,Arsenal,Bournemouth,1926.27,1642.21,9.0,10.0,4.0,5.0,3.0,2.0,H,0.0,1.0,A,31.0,4.0,9.0,4.0,6.0,8.0,17.0,1.0,0.0,2.0,0.0,0.0,1.22,6.82,13.83
E0,2023-03-04,Aston Villa,Crystal Palace,1750.49,1742.18,3.0,6.0,3.0,4.0,1.0,0.0,H,1.0,0.0,H,8.0,3.0,1.0,0.0,14.0,17.0,2.0,4.0,2.0,3.0,0.0,1.0,2.07,3.32,3.88
E0,2023-03-04,Brighton,West Ham,1808.56,1753.39,4.0,8.0,4.0,8.0,4.0,0.0,H,1.0,0.0,H,20.0,3.0,9.0,2.0,6.0,8.0,7.0,3.0,0.0,3.0,0.0,0.0,1.79,3.8,4.61
E0,2023-03-04,Chelsea,Leeds,1831.93,1692.51,1.0,3.0,3.0,4.0,1.0,0.0,H,0.0,0.0,D,13.0,11.0,3.0,2.0,10.0,7.0,5.0,7.0,2.0,0.0,0.0,0.0,1.64,4.02,5.52
E0,2023-03-04,Wolves,Tottenham,1713.34,1860.91,1.0,7.0,6.0,12.0,1.0,0.0,H,0.0,0.0,D,8.0,21.0,5.0,6.0,11.0,18.0,4.0,8.0,1.0,1.0,0.0,0.0,3.31,3.36,2.27
E0,2023-03-04,Southampton,Leicester,1642.03,1759.36,3.0,3.0,3.0,7.0,1.0,0.0,H,1.0,0.0,H,11.0,11.0,5.0,0.0,12.0,11.0,3.0,4.0,4.0,2.0,0.0,0.0,2.77,3.31,2.64
E0,2023-03-05,Nottm Forest,Everton,1649.34,1670.75,1.0,5.0,3.0,6.0,2.0,2.0,D,1.0,2.0,A,10.0,10.0,4.0,3.0,11.0,17.0,3.0,3.0,3.0,5.0,0.0,0.0,2.68,3.08,2.92
E0,2023-03-05,Liverpool,Man United,1929.21,1887.84,7.0,10.0,7.0,10.0,7.0,0.0,H,1.0,0.0,H,18.0,8.0,8.0,4.0,13.0,14.0,4.0,3.0,2.0,3.0,0.0,0.0,2.4,3.68,2.85
E0,2023-03-06,Brentford,Fulham,1784.35,1735.54,5.0,9.0,7.0,8.0,3.0,2.0,H,1.0,1.0,D,14.0,9.0,6.0,5.0,12.0,17.0,2.0,3.0,0.0,3.0,0.0,0.0,2.0,3.65,3.71
E0,2023-03-11,Bournemouth,Liverpool,1642.21,1929.21,3.0,4.0,7.0,13.0,1.0,0.0,H,1.0,0.0,H,5.0,15.0,2.0,6.0,7.0,9.0,3.0,8.0,2.0,1.0,0.0,0.0,7.07,4.95,1.43
E0,2023-03-11,Everton,Brentford,1670.75,1784.35,1.0,4.0,5.0,9.0,1.0,0.0,H,1.0,0.0,H,13.0,12.0,6.0,4.0,11.0,12.0,5.0,8.0,2.0,1.0,0.0,0.0,2.71,3.2,2.76
E0,2023-03-11,Leeds,Brighton,1692.51,1808.56,3.0,4.0,4.0,8.0,2.0,2.0,D,1.0,1.0,D,12.0,14.0,4.0,2.0,12.0,9.0,4.0,7.0,1.0,1.0,0.0,0.0,3.84,3.67,1.97
E0,2023-03-11,Leicester,Chelsea,1759.36,1831.93,0.0,6.0,3.0,5.0,1.0,3.0,A,1.0,2.0,A,17.0,12.0,7.0,6.0,10.0,11.0,2.0,5.0,1.0,2.0,1.0,0.0,3.83,3.56,2.0
E0,2023-03-11,Tottenham,Nottm Forest,1860.91,1649.34,6.0,9.0,2.0,5.0,3.0,1.0,H,2.0,0.0,H,15.0,9.0,7.0,5.0,13.0,13.0,2.0,10.0,3.0,1.0,0.0,0.0,1.44,4.62,7.52
E0,2023-03-11,Crystal Palace,Man City,1742.18,2019.35,2.0,3.0,7.0,13.0,0.0,1.0,A,0.0,0.0,D,4.0,14.0,0.0,4.0,11.0,17.0,2.0,6.0,2.0,2.0,0.0,0.0,9.05,5.12,1.36
E0,2023-03-12,Fulham,Arsenal,1735.54,1926.27,4.0,8.0,9.0,12.0,0.0,3.0,A,0.0,3.0,A,12.0,15.0,2.0,7.0,10.0,9.0,4.0,8.0,0.0,1.0,0.0,0.0,5.74,4.17,1.59
E0,2023-03-12,Man United,Southampton,1887.84,1642.03,6.0,10.0,6.0,6.0,0.0,0.0,D,0.0,0.0,D,10.0,17.0,4.0,4.0,12.0,9.0,7.0,8.0,2.0,0.0,0.0,0.0,1.34,5.26,9.22
E0,2023-03-12,West Ham,Aston Villa,1753.39,1750.49,3.0,5.0,6.0,6.0,1.0,1.0,D,1.0,1.0,D,17.0,12.0,6.0,4.0,8.0,6.0,13.0,2.0,1.0,0.0,0.0,0.0,2.23,3.37,3.36
E0,2023-03-12,Newcastle,Wolves,1833.16,1713.34,1.0,3.0,4.0,7.0,2.0,1.0,H,1.0,0.0,H,19.0,7.0,8.0,4.0,11.0,10.0,10.0,3.0,1.0,2.0,0.0,0.0,1.67,3.81,5.47
E0,2023-03-15,Brighton,Crystal Palace,1825.34,1740.55,4.0,8.0,1.0,3.0,1.0,0.0,H,1.0,0.0,H,11.0,11.0,5.0,3.0,13.0,20.0,1.0,4.0,1.0,2.0,0.0,0.0,1.46,4.44,7.58
E0,2023-03-15,Southampton,Brentford,1666.37,1787.93,4.0,7.0,4.0,8.0,0.0,2.0,A,0.0,1.0,A,7.0,11.0,1.0,5.0,14.0,10.0,3.0,3.0,1.0,2.0,0.0,0.0,2.97,3.31,2.46
E0,2023-03-17,Nottm Forest,Newcastle,1652.36,1841.24,1.0,2.0,3.0,5.0,1.0,2.0,A,1.0,1.0,D,5.0,15.0,3.0,4.0,17.0,9.0,3.0,7.0,5.0,1.0,0.0,0.0,5.58,3.83,1.67
E0,2023-03-18,Aston Villa,Bournemouth,1766.34,1662.39,7.0,7.0,3.0,7.0,3.0,0.0,H,1.0,0.0,H,20.0,10.0,9.0,3.0,8.0,13.0,9.0,6.0,1.0,4.0,0.0,0.0,1.72,3.85,4.99
E0,2023-03-18,Brentford,Leicester,1787.93,1747.95,6.0,8.0,0.0,3.0,1.0,1.0,D,1.0,0.0,H,11.0,14.0,2.0,1.0,10.0,11.0,8.0,4.0,1.0,2.0,1.0,0.0,1.95,3.7,3.85
E0,2023-03-18,Southampton,Tottenham,1666.37,1854.12,4.0,7.0,6.0,9.0,3.0,3.0,D,0.0,1.0,A,19.0,17.0,7.0,3.0,13.0,8.0,10.0,3.0,1.0,1.0,0.0,0.0,4.56,3.68,1.82
E0,2023-03-18,Wolves,Leeds,1724.16,1698.91,3.0,4.0,4.0,4.0,2.0,4.0,A,0.0,1.0,A,23.0,11.0,8.0,4.0,15.0,9.0,5.0,4.0,3.0,5.0,1.0,0.0,2.28,3.23,3.41
E0,2023-03-18,Chelsea,Everton,1867.66,1685.34,6.0,7.0,4.0,7.0,2.0,2.0,D,0.0,0.0,D,20.0,12.0,7.0,3.0,8.0,12.0,8.0,2.0,2.0,2.0,0.0,0.0,1.49,4.18,7.62
E0,2023-03-19,Arsenal,Crystal Palace,1948.01,1740.55,9.0,15.0,0.0,2.0,4.0,1.0,H,2.0,0.0,H,15.0,8.0,5.0,4.0,8.0,10.0,5.0,4.0,0.0,1.0,0.0,0.0,1.26,5.93,12.83
E0,2023-04-01,Man City,Liverpool,2041.54,1933.89,9.0,13.0,6.0,10.0,4.0,1.0,H,1.0,1.0,D,17.0,4.0,8.0,1.0,9.0,12.0,7.0,1.0,1.0,1.0,0.0,0.0,1.64,4.2,5.19
E0,2023-04-01,Arsenal,Leeds,1942.0,1711.11,9.0,15.0,4.0,7.0,4.0,1.0,H,1.0,0.0,H,13.0,7.0,6.0,5.0,11.0,13.0,4.0,3.0,0.0,2.0,0.0,0.0,1.29,5.84,10.48
E0,2023-04-01,Bournemouth,Fulham,1652.87,1728.15,3.0,6.0,1.0,7.0,2.0,1.0,H,0.0,1.0,A,12.0,10.0,7.0,2.0,15.0,13.0,4.0,3.0,1.0,4.0,0.0,0.0,2.56,3.34,2.84
E0,2023-04-01,Brighton,Brentford,1827.83,1791.74,7.0,8.0,4.0,8.0,3.0,3.0,D,2.0,2.0,D,33.0,7.0,15.0,5.0,16.0,10.0,14.0,0.0,2.0,1.0,0.0,0.0,1.67,4.08,5.05
E0,2023-04-01,Crystal Palace,Leicester,1729.0,1748.66,0.0,1.0,1.0,1.0,2.0,1.0,H,0.0,0.0,D,31.0,3.0,9.0,2.0,12.0,16.0,10.0,1.0,3.0,4.0,0.0,0.0,2.54,3.24,2.94
E0,2023-04-01,Nottm Forest,Wolves,1645.28,1707.54,1.0,2.0,3.0,4.0,1.0,1.0,D,1.0,0.0,H,17.0,8.0,7.0,1.0,14.0,13.0,4.0,3.0,3.0,5.0,0.0,0.0,2.96,3.13,2.61
E0,2023-04-01,Chelsea,Aston Villa,1859.51,1771.43,7.0,7.0,7.0,10.0,0.0,2.0,A,0.0,1.0,A,27.0,5.0,8.0,2.0,14.0,16.0,13.0,2.0,3.0,3.0,0.0,0.0,1.68,3.83,5.4
E0,2023-04-02,West Ham,Southampton,1751.75,1659.07,4.0,5.0,2.0,5.0,1.0,0.0,H,1.0,0.0,H,12.0,9.0,2.0,3.0,10.0,11.0,5.0,3.0,0.0,2.0,0.0,0.0,1.76,3.74,4.87
E0,2023-04-02,Newcastle,Man United,1843.9,1883.71,6.0,7.0,4.0,8.0,2.0,0.0,H,0.0,0.0,D,22.0,6.0,6.0,1.0,8.0,12.0,7.0,4.0,0.0,0.0,0.0,0.0,2.41,3.45,2.96
E0,2023-04-03,Everton,Tottenham,1689.08,1848.05,5.0,5.0,4.0,10.0,1.0,1.0,D,0.0,0.0,D,15.0,8.0,6.0,2.0,10.0,14.0,3.0,3.0,0.0,3.0,1.0,1.0,3.41,3.36,2.21
E0,2023-04-04,Bournemouth,Brighton,1652.87,1827.83,6.0,6.0,5.0,8.0,0.0,2.0,A,0.0,1.0,A,14.0,16.0,3.0,6.0,11.0,5.0,5.0,5.0,1.0,1.0,0.0,0.0,5.94,4.29,1.57
E0,2023-04-04,Leeds,Nottm Forest,1711.11,1645.28,4.0,7.0,1.0,2.0,2.0,1.0,H,2.0,1.0,H,21.0,13.0,6.0,1.0,11.0,13.0,11.0,4.0,1.0,4.0,0.0,0.0,1.73,3.83,5.05
E0,2023-04-04,Leicester,Aston Villa,1748.66,1771.43,1.0,1.0,7.0,13.0,1.0,2.0,A,1.0,1.0,D,9.0,15.0,4.0,5.0,10.0,14.0,4.0,8.0,2.0,0.0,1.0,0.0,2.58,3.41,2.79
E0,2023-04-04,Chelsea,Liverpool,1859.51,1933.89,4.0,7.0,3.0,7.0,0.0,0.0,D,0.0,0.0,D,12.0,7.0,3.0,4.0,6.0,17.0,3.0,5.0,1.0,4.0,0.0,0.0,2.25,3.46,3.28
E0,2023-04-05,Man United,Brentford,1883.71,1791.74,1.0,7.0,5.0,8.0,1.0,0.0,H,1.0,0.0,H,18.0,6.0,3.0,1.0,8.0,13.0,12.0,3.0,3.0,2.0,0.0,0.0,1.65,4.17,5.07
E0,2023-04-05,West Ham,Newcastle,1751.75,1843.9,4.0,7.0,9.0,9.0,1.0,5.0,A,1.0,2.0,A,7.0,15.0,2.0,8.0,11.0,12.0,7.0,6.0,2.0,1.0,0.0,0.0,3.53,3.41,2.15
E0,2023-04-08,Man United,Everton,1883.71,1689.08,4.0,7.0,5.0,6.0,2.0,0.0,H,1.0,0.0,H,29.0,15.0,11.0,1.0,10.0,9.0,10.0,4.0,0.0,0.0,0.0,0.0,1.5,4.37,6.75
E0,2023-04-08,Aston Villa,Nottm Forest,1771.43,1645.28,9.0,13.0,1.0,2.0,2.0,0.0,H,0.0,0.0,D,8.0,6.0,3.0,2.0,7.0,17.0,1.0,8.0,3.0,4.0,0.0,0.0,1.62,4.09,5.55
E0,2023-04-08,Brentford,Newcastle,1791.74,1843.9,2.0,5.0,9.0,12.0,1.0,2.0,A,1.0,0.0,H,12.0,10.0,6.0,4.0,10.0,15.0,6.0,5.0,0.0,0.0,0.0,0.0,3.57,3.46,2.1
E0,2023-04-08,Fulham,West Ham,1728.15,1751.75,0.0,4.0,4.0,7.0,0.0,1.0,A,0.0,1.0,A,16.0,9.0,3.0,5.0,10.0,12.0,11.0,4.0,1.0,1.0,0.0,0.0,2.79,3.24,2.66
E0,2023-04-08,Leicester,Bournemouth,1748.66,1652.87,1.0,1.0,3.0,6.0,0.0,1.0,A,0.0,1.0,A,14.0,19.0,4.0,7.0,10.0,13.0,6.0,6.0,0.0,3.0,0.0,0.0,1.88,3.72,4.11
E0,2023-04-08,Tottenham,Brighton,1848.05,1827.83,5.0,8.0,7.0,11.0,2.0,1.0,H,1.0,1.0,D,9.0,17.0,3.0,4.0,15.0,15.0,3.0,7.0,3.0,1.0,0.0,0.0,2.56,3.56,2.69
E0,2023-04-08,Wolves,Chelsea,1707.54,1859.51,1.0,4.0,2.0,8.0,1.0,0.0,H,1.0,0.0,H,9.0,13.0,4.0,1.0,14.0,10.0,8.0,8.0,2.0,5.0,0.0,0.0,4.14,3.47,1.95
E0,2023-04-08,Southampton,Man City,1659.07,2041.54,1.0,5.0,9.0,13.0,1.0,4.0,A,0.0,1.0,A,4.0,13.0,1.0,8.0,6.0,10.0,0.0,10.0,0.0,2.0,0.0,0.0,12.48,6.19,1.25
E0,2023-04-09,Leeds,Crystal Palace,1711.11,1729.0,6.0,7.0,3.0,3.0,1.0,5.0,A,1.0,1.0,D,11.0,16.0,7.0,8.0,11.0,8.0,2.0,4.0,3.0,1.0,0.0,0.0,2.11,3.41,3.59
E0,2023-04-09,Liverpool,Arsenal,1933.89,1942.0,1.0,7.0,9.0,15.0,2.0,2.0,D,1.0,2.0,A,21.0,9.0,6.0,5.0,11.0,11.0,5.0,4.0,4.0,4.0,0.0,0.0,2.79,3.69,2.41
E0,2023-04-15,Aston Villa,Newcastle,1801.51,1876.32,9.0,13.0,9.0,15.0,3.0,0.0,H,1.0,0.0,H,16.0,8.0,6.0,2.0,13.0,15.0,7.0,2.0,1.0,1.0,0.0,0.0,3.61,3.42,2.13
E0,2023-04-15,Chelsea,Brighton,1827.19,1826.65,1.0,5.0,4.0,8.0,1.0,2.0,A,1.0,1.0,D,8.0,26.0,2.0,10.0,11.0,11.0,2.0,8.0,2.0,2.0,0.0,0.0,2.67,3.42,2.68
E0,2023-04-15,Everton,Fulham,1687.98,1710.9,2.0,6.0,0.0,1.0,1.0,3.0,A,1.0,1.0,D,15.0,21.0,7.0,7.0,10.0,6.0,4.0,8.0,3.0,2.0,0.0,0.0,2.07,3.39,3.78
E0,2023-04-15,Southampton,Crystal Palace,1652.03,1754.0,1.0,2.0,6.0,6.0,0.0,2.0,A,0.0,0.0,D,11.0,9.0,4.0,2.0,6.0,13.0,6.0,2.0,3.0,1.0,0.0,0.0,2.82,3.2,2.68
E0,2023-04-15,Tottenham,Bournemouth,1851.72,1665.28,5.0,8.0,6.0,9.0,2.0,3.0,A,1.0,1.0,D,24.0,6.0,8.0,6.0,8.0,9.0,8.0,1.0,1.0,2.0,0.0,0.0,1.47,4.6,6.83
E0,2023-04-15,Wolves,Brentford,1717.96,1782.33,4.0,7.0,1.0,5.0,2.0,0.0,H,1.0,0.0,H,11.0,10.0,9.0,3.0,12.0,8.0,5.0,2.0,1.0,1.0,0.0,0.0,2.52,3.23,3.0
E0,2023-04-15,Man City,Leicester,2060.53,1722.06,9.0,15.0,0.0,1.0,3.0,1.0,H,3.0,0.0,H,12.0,10.0,4.0,4.0,8.0,8.0,6.0,2.0,1.0,1.0,0.0,0.0,1.16,8.49,17.32
E0,2023-04-16,West Ham,Arsenal,1751.62,1946.85,6.0,7.0,7.0,13.0,2.0,2.0,D,1.0,2.0,A,16.0,11.0,3.0,5.0,11.0,8.0,7.0,2.0,1.0,2.0,0.0,0.0,5.92,4.22,1.57
E0,2023-04-16,Nottm Forest,Man United,1635.67,1878.95,1.0,1.0,6.0,7.0,0.0,2.0,A,0.0,1.0,A,6.0,22.0,0.0,8.0,9.0,9.0,4.0,9.0,2.0,2.0,0.0,0.0,5.0,3.96,1.69
E0,2023-04-17,Leeds,Liverpool,1694.97,1925.26,3.0,7.0,2.0,5.0,1.0,6.0,A,0.0,2.0,A,13.0,13.0,3.0,7.0,6.0,12.0,4.0,2.0,0.0,1.0,0.0,0.0,4.35,4.22,1.73
E0,2023-04-21,Arsenal,Southampton,1946.85,1652.03,5.0,11.0,0.0,1.0,3.0,3.0,D,1.0,2.0,A,25.0,8.0,6.0,6.0,10.0,14.0,7.0,2.0,1.0,5.0,0.0,0.0,1.2,7.18,14.72
E0,2023-04-22,Fulham,Leeds,1710.9,1694.97,3.0,3.0,3.0,6.0,2.0,1.0,H,0.0,0.0,D,12.0,10.0,5.0,2.0,10.0,15.0,8.0,6.0,1.0,4.0,0.0,0.0,2.38,3.44,3.01
E0,2023-04-22,Brentford,Aston Villa,1782.33,1801.51,0.0,2.0,9.0,15.0,1.0,1.0,D,0.0,0.0,D,6.0,14.0,5.0,2.0,12.0,8.0,8.0,4.0,3.0,2.0,0.0,0.0,2.53,3.38,2.84
E0,2023-04-22,Crystal Palace,Everton,1754.0,1687.98,9.0,9.0,1.0,5.0,0.0,0.0,D,0.0,0.0,D,12.0,10.0,2.0,5.0,12.0,14.0,8.0,1.0,1.0,1.0,0.0,1.0,2.11,3.25,3.83
E0,2023-04-22,Leicester,Wolves,1722.06,1717.96,0.0,1.0,7.0,7.0,2.0,1.0,H,1.0,1.0,D,15.0,16.0,8.0,3.0,17.0,16.0,1.0,7.0,1.0,3.0,0.0,0.0,2.45,3.27,3.05
E0,2023-04-22,Liverpool,Nottm Forest,1925.26,1635.67,5.0,5.0,0.0,1.0,3.0,2.0,H,0.0,0.0,D,18.0,11.0,6.0,5.0,9.0,12.0,9.0,3.0,0.0,1.0,0.0,0.0,1.18,7.64,16.06
E0,2023-04-23,Bournemouth,West Ham,1665.28,1751.62,6.0,9.0,4.0,8.0,0.0,4.0,A,0.0,3.0,A,17.0,18.0,5.0,10.0,7.0,8.0,8.0,5.0,1.0,2.0,0.0,0.0,2.83,3.25,2.61
E0,2023-04-23,Newcastle,Tottenham,1876.32,1851.72,6.0,12.0,4.0,8.0,6.0,1.0,H,5.0,0.0,H,25.0,11.0,8.0,3.0,7.0,13.0,9.0,3.0,0.0,3.0,0.0,0.0,1.85,3.81,4.22
E0,2023-04-25,Wolves,Crystal Palace,1717.96,1754.0,6.0,7.0,7.0,10.0,2.0,0.0,H,1.0,0.0,H,9.0,14.0,3.0,4.0,13.0,14.0,6.0,11.0,5.0,4.0,0.0,0.0,2.52,3.14,3.09
E0,2023-04-25,Aston Villa,Fulham,1801.51,1710.9,7.0,13.0,6.0,6.0,1.0,0.0,H,1.0,0.0,H,14.0,1.0,3.0,0.0,6.0,18.0,8.0,2.0,3.0,2.0,0.0,0.0,1.8,3.87,4.43
E0,2023-04-25,Leeds,Leicester,1694.97,1722.06,0.0,3.0,3.0,3.0,1.0,1.0,D,1.0,0.0,H,13.0,15.0,3.0,3.0,14.0,15.0,3.0,6.0,4.0,2.0,0.0,0.0,2.37,3.54,2.98
E0,2023-04-26,Nottm Forest,Brighton,1635.67,1826.65,0.0,1.0,6.0,10.0,3.0,1.0,H,1.0,1.0,D,12.0,17.0,5.0,7.0,7.0,8.0,2.0,7.0,2.0,0.0,0.0,0.0,6.08,4.36,1.54
E0,2023-04-26,Chelsea,Brentford,1827.19,1782.33,1.0,2.0,1.0,2.0,0.0,2.0,A,0.0,1.0,A,15.0,7.0,4.0,1.0,5.0,13.0,5.0,2.0,1.0,2.0,0.0,0.0,1.71,3.89,5.02
E0,2023-04-26,West Ham,Liverpool,1751.62,1925.26,7.0,10.0,7.0,8.0,1.0,2.0,A,1.0,1.0,D,7.0,20.0,2.0,4.0,6.0,8.0,3.0,6.0,0.0,0.0,0.0,0.0,3.96,3.86,1.88
E0,2023-04-26,Man City,Arsenal,2060.53,1946.85,9.0,15.0,3.0,9.0,4.0,1.0,H,2.0,0.0,H,14.0,8.0,9.0,2.0,13.0,13.0,1.0,3.0,3.0,1.0,0.0,0.0,1.56,4.49,5.7
E0,2023-04-27,Everton,Newcastle,1687.98,1876.32,1.0,3.0,6.0,12.0,1.0,4.0,A,0.0,1.0,A,13.0,15.0,5.0,8.0,8.0,6.0,3.0,14.0,2.0,1.0,0.0,0.0,4.84,3.7,1.77
E0,2023-04-27,Southampton,Bournemouth,1652.03,1665.28,1.0,2.0,6.0,9.0,0.0,1.0,A,0.0,0.0,D,11.0,16.0,2.0,2.0,9.0,11.0,6.0,4.0,0.0,3.0,0.0,0.0,2.3,3.43,3.15
E0,2023-04-27,Tottenham,Man United,1851.72,1878.95,3.0,5.0,9.0,10.0,2.0,2.0,D,0.0,2.0,A,18.0,17.0,7.0,8.0,8.0,7.0,6.0,8.0,1.0,2.0,0.0,0.0,2.79,3.65,2.44
E0,2023-04-29,Crystal Palace,West Ham,1754.0,1751.62,4.0,10.0,4.0,7.0,4.0,3.0,H,3.0,2.0,H,16.0,8.0,6.0,4.0,9.0,17.0,8.0,5.0,1.0,2.0,0.0,0.0,2.7,3.18,2.81
E0,2023-04-29,Brentford,Nottm Forest,1782.33,1635.67,4.0,4.0,3.0,3.0,2.0,1.0,H,0.0,1.0,A,14.0,5.0,8.0,3.0,6.0,13.0,6.0,0.0,1.0,2.0,0.0,0.0,1.66,3.88,5.5
E0,2023-04-29,Brighton,Wolves,1826.65,1717.96,3.0,7.0,6.0,10.0,6.0,0.0,H,4.0,0.0,H,22.0,10.0,8.0,2.0,14.0,11.0,2.0,5.0,1.0,1.0,0.0,0.0,1.51,4.37,6.69
E0,2023-04-30,Bournemouth,Leeds,1665.28,1694.97,6.0,9.0,1.0,4.0,4.0,1.0,H,2.0,1.0,H,12.0,15.0,7.0,6.0,12.0,14.0,2.0,6.0,1.0,0.0,0.0,0.0,2.61,3.5,2.68
E0,2023-04-30,Fulham,Man City,1710.9,2060.53,6.0,6.0,9.0,15.0,1.0,2.0,A,1.0,2.0,A,4.0,12.0,1.0,9.0,9.0,10.0,2.0,5.0,1.0,3.0,0.0,0.0,11.95,6.23,1.25
E0,2023-04-30,Man United,Aston Villa,1878.95,1801.51,7.0,10.0,7.0,13.0,1.0,0.0,H,1.0,0.0,H,14.0,7.0,6.0,1.0,16.0,7.0,1.0,4.0,2.0,0.0,0.0,0.0,1.78,3.94,4.35
E0,2023-04-30,Newcastle,Southampton,1876.32,1652.03,6.0,12.0,1.0,1.0,3.0,1.0,H,0.0,1.0,A,22.0,4.0,5.0,3.0,7.0,10.0,11.0,2.0,1.0,4.0,0.0,0.0,1.32,5.46,9.9
E0,2023-04-30,Liverpool,Tottenham,1925.26,1851.72,9.0,11.0,1.0,5.0,4.0,3.0,H,3.0,1.0,H,12.0,10.0,4.0,7.0,12.0,6.0,5.0,2.0,3.0,2.0,0.0,0.0,1.54,4.69,5.68
E0,2023-05-01,Leicester,Everton,1720.8,1664.74,4.0,4.0,1.0,2.0,2.0,2.0,D,2.0,1.0,H,15.0,23.0,6.0,8.0,10.0,12.0,2.0,9.0,4.0,1.0,0.0,0.0,2.04,3.45,3.79
E0,2023-05-02,Arsenal,Chelsea,1921.98,1789.99,2.0,6.0,0.0,1.0,3.0,1.0,H,3.0,0.0,H,16.0,7.0,10.0,4.0,10.0,10.0,7.0,2.0,0.0,2.0,0.0,0.0,1.59,4.22,5.75
E0,2023-05-03,Liverpool,Fulham,1937.75,1715.74,9.0,13.0,3.0,6.0,1.0,0.0,H,1.0,0.0,H,15.0,9.0,3.0,3.0,10.0,8.0,7.0,5.0,0.0,0.0,0.0,0.0,1.26,6.39,10.73
E0,2023-05-03,Man City,West Ham,2066.56,1758.54,9.0,15.0,3.0,7.0,3.0,0.0,H,0.0,0.0,D,16.0,6.0,7.0,2.0,8.0,8.0,6.0,3.0,0.0,1.0,0.0,0.0,1.2,7.21,13.79
E0,2023-05-04,Brighton,Man United,1824.47,1857.52,6.0,9.0,7.0,13.0,1.0,0.0,H,0.0,0.0,D,22.0,16.0,6.0,5.0,10.0,14.0,8.0,6.0,4.0,4.0,0.0,0.0,2.03,3.82,3.5
E0,2023-05-06,Bournemouth,Chelsea,1679.01,1789.99,6.0,12.0,0.0,1.0,1.0,3.0,A,1.0,1.0,D,10.0,11.0,4.0,5.0,9.0,11.0,7.0,7.0,1.0,3.0,0.0,0.0,3.42,3.47,2.17
E0,2023-05-06,Man City,Leeds,2066.56,1662.22,9.0,15.0,1.0,1.0,2.0,1.0,H,2.0,0.0,H,18.0,4.0,6.0,2.0,3.0,16.0,10.0,1.0,0.0,3.0,0.0,0.0,1.17,8.41,15.94
E0,2023-05-06,Tottenham,Crystal Palace,1813.11,1749.28,1.0,4.0,4.0,10.0,1.0,0.0,H,1.0,0.0,H,8.0,7.0,3.0,2.0,15.0,14.0,8.0,4.0,3.0,5.0,0.0,0.0,1.82,3.92,4.21
E0,2023-05-06,Wolves,Aston Villa,1715.4,1808.92,3.0,9.0,4.0,10.0,1.0,0.0,H,1.0,0.0,H,6.0,16.0,2.0,3.0,20.0,9.0,5.0,6.0,3.0,3.0,0.0,0.0,2.98,3.26,2.51
E0,2023-05-06,Liverpool,Brentford,1937.75,1782.07,9.0,15.0,7.0,7.0,1.0,0.0,H,1.0,0.0,H,15.0,5.0,5.0,1.0,19.0,10.0,7.0,3.0,4.0,2.0,0.0,0.0,1.48,4.91,6.16
E0,2023-05-07,Newcastle,Arsenal,1879.39,1921.98,9.0,12.0,4.0,6.0,0.0,2.0,A,0.0,1.0,A,12.0,10.0,5.0,6.0,16.0,12.0,9.0,4.0,2.0,1.0,0.0,0.0,2.49,3.73,2.71
E0,2023-05-07,West Ham,Man United,1758.54,1857.52,0.0,4.0,4.0,10.0,1.0,0.0,H,1.0,0.0,H,15.0,19.0,4.0,4.0,4.0,9.0,5.0,6.0,0.0,2.0,0.0,0.0,3.43,3.74,2.08
E0,2023-05-08,Fulham,Leicester,1715.74,1720.8,0.0,6.0,5.0,5.0,5.0,3.0,H,3.0,0.0,H,17.0,18.0,7.0,9.0,13.0,15.0,2.0,7.0,0.0,3.0,0.0,0.0,2.67,3.53,2.6
E0,2023-05-08,Brighton,Everton,1824.47,1664.74,6.0,9.0,2.0,2.0,1.0,5.0,A,0.0,3.0,A,23.0,10.0,5.0,5.0,11.0,13.0,15.0,1.0,1.0,5.0,0.0,0.0,1.35,5.3,8.47
E0,2023-05-08,Nottm Forest,Southampton,1635.79,1631.33,3.0,3.0,1.0,1.0,4.0,3.0,H,3.0,1.0,H,9.0,19.0,4.0,5.0,16.0,10.0,2.0,11.0,1.0,0.0,0.0,0.0,2.13,3.52,3.46
E0,2023-05-13,Leeds,Newcastle,1662.22,1879.39,1.0,1.0,6.0,9.0,2.0,2.0,D,1.0,1.0,D,9.0,18.0,4.0,5.0,16.0,14.0,2.0,6.0,3.0,2.0,1.0,0.0,4.62,4.2,1.71
E0,2023-05-13,Aston Villa,Tottenham,1808.92,1813.11,3.0,7.0,4.0,4.0,2.0,1.0,H,1.0,0.0,H,8.0,5.0,4.0,2.0,9.0,14.0,8.0,3.0,3.0,3.0,0.0,0.0,2.3,3.6,3.03
E0,2023-05-13,Chelsea,Nottm Forest,1789.99,1635.79,3.0,3.0,6.0,6.0,2.0,2.0,D,0.0,1.0,A,14.0,11.0,6.0,2.0,13.0,15.0,2.0,5.0,3.0,1.0,0.0,0.0,1.51,4.4,6.68
E0,2023-05-13,Crystal Palace,Bournemouth,1749.28,1679.01,3.0,7.0,6.0,9.0,2.0,0.0,H,1.0,0.0,H,17.0,5.0,5.0,0.0,5.0,12.0,11.0,2.0,0.0,2.0,0.0,0.0,1.88,3.7,4.18
E0,2023-05-13,Man United,Wolves,1857.52,1715.4,3.0,7.0,6.0,9.0,2.0,0.0,H,1.0,0.0,H,27.0,5.0,9.0,0.0,9.0,9.0,11.0,7.0,3.0,2.0,0.0,0.0,1.38,5.1,8.37
E0,2023-05-13,Southampton,Fulham,1631.33,1715.74,0.0,1.0,3.0,6.0,0.0,2.0,A,0.0,0.0,D,5.0,9.0,1.0,4.0,17.0,12.0,1.0,8.0,2.0,0.0,0.0,0.0,2.82,3.44,2.51
E0,2023-05-14,Brentford,West Ham,1782.07,1758.54,6.0,7.0,3.0,6.0,2.0,0.0,H,2.0,0.0,H,24.0,4.0,10.0,4.0,5.0,5.0,7.0,5.0,1.0,0.0,0.0,0.0,2.05,3.56,3.66
E0,2023-05-14,Everton,Man City,1664.74,2066.56,4.0,5.0,9.0,15.0,0.0,3.0,A,0.0,2.0,A,7.0,9.0,3.0,4.0,12.0,4.0,8.0,6.0,1.0,0.0,0.0,0.0,8.86,5.21,1.36
E0,2023-05-14,Arsenal,Brighton,1921.98,1824.47,6.0,8.0,6.0,9.0,0.0,3.0,A,0.0,0.0,D,14.0,12.0,2.0,6.0,13.0,17.0,5.0,2.0,1.0,2.0,0.0,0.0,1.77,4.19,4.21
E0,2023-05-15,Leicester,Liverpool,1709.17,1944.24,2.0,5.0,9.0,15.0,0.0,3.0,A,0.0,2.0,A,4.0,16.0,4.0,5.0,11.0,17.0,4.0,4.0,2.0,1.0,0.0,0.0,5.11,4.59,1.59
E0,2023-05-18,Newcastle,Brighton,1864.42,1827.98,4.0,10.0,6.0,9.0,4.0,1.0,H,2.0,0.0,H,22.0,8.0,9.0,2.0,17.0,16.0,6.0,1.0,2.0,4.0,0.0,0.0,2.02,3.86,3.49
E0,2023-05-20,Tottenham,Brentford,1811.93,1788.73,3.0,4.0,6.0,10.0,1.0,3.0,A,1.0,0.0,H,22.0,11.0,8.0,4.0,11.0,9.0,8.0,2.0,1.0,1.0,0.0,0.0,1.85,3.88,4.13
E0,2023-05-20,Bournemouth,Man United,1663.03,1847.6,3.0,6.0,3.0,7.0,0.0,1.0,A,0.0,1.0,A,10.0,20.0,4.0,5.0,6.0,7.0,3.0,6.0,1.0,0.0,0.0,0.0,6.06,4.77,1.51
E0,2023-05-20,Fulham,Crystal Palace,1733.12,1752.17,6.0,6.0,6.0,7.0,2.0,2.0,D,1.0,1.0,D,11.0,11.0,4.0,5.0,13.0,12.0,7.0,4.0,3.0,0.0,0.0,0.0,2.45,3.4,2.97
E0,2023-05-20,Liverpool,Aston Villa,1944.24,1807.63,9.0,15.0,3.0,7.0,1.0,1.0,D,0.0,1.0,A,10.0,6.0,5.0,3.0,16.0,13.0,9.0,4.0,3.0,5.0,0.0,0.0,1.49,4.86,6.16
E0,2023-05-20,Wolves,Everton,1719.55,1691.98,3.0,6.0,4.0,5.0,1.0,1.0,D,1.0,0.0,H,13.0,19.0,5.0,4.0,18.0,10.0,1.0,7.0,5.0,1.0,0.0,0.0,2.77,3.35,2.63
E0,2023-05-20,Nottm Forest,Arsenal,1648.44,1918.08,4.0,7.0,6.0,7.0,1.0,0.0,H,1.0,0.0,H,6.0,11.0,2.0,3.0,11.0,12.0,3.0,6.0,3.0,2.0,0.0,0.0,5.37,4.45,1.59
E0,2023-05-21,West Ham,Leeds,1759.05,1666.53,3.0,3.0,1.0,2.0,3.0,1.0,H,1.0,1.0,D,19.0,12.0,9.0,3.0,6.0,11.0,9.0,5.0,1.0,3.0,0.0,0.0,2.45,3.56,2.84
E0,2023-05-21,Brighton,Southampton,1827.98,1616.06,3.0,9.0,0.0,1.0,3.0,1.0,H,2.0,0.0,H,26.0,5.0,8.0,1.0,8.0,9.0,4.0,3.0,2.0,5.0,0.0,0.0,1.23,6.91,12.43
E0,2023-05-21,Man City,Chelsea,2074.12,1789.66,9.0,15.0,4.0,4.0,1.0,0.0,H,1.0,0.0,H,15.0,13.0,2.0,6.0,12.0,9.0,5.0,2.0,0.0,2.0,0.0,0.0,1.26,6.41,11.48
E0,2023-05-22,Newcastle,Leicester,1864.42,1709.17,4.0,10.0,1.0,5.0,0.0,0.0,D,0.0,0.0,D,23.0,1.0,4.0,1.0,9.0,5.0,12.0,1.0,2.0,0.0,0.0,0.0,1.38,5.39,7.66
E0,2023-05-24,Brighton,Man City,1827.98,2074.12,6.0,9.0,9.0,15.0,1.0,1.0,D,1.0,1.0,D,20.0,13.0,7.0,4.0,16.0,11.0,5.0,1.0,2.0,1.0,0.0,0.0,3.97,4.22,1.81
E0,2023-05-25,Man United,Chelsea,1847.6,1789.66,6.0,9.0,4.0,4.0,4.0,1.0,H,2.0,0.0,H,18.0,14.0,9.0,5.0,12.0,6.0,3.0,4.0,1.0,1.0,0.0,0.0,1.63,4.35,5.12
E0,2023-05-28,Arsenal,Wolves,1918.08,1719.55,3.0,6.0,4.0,7.0,5.0,0.0,H,3.0,0.0,H,14.0,6.0,8.0,0.0,8.0,11.0,8.0,4.0,0.0,0.0,0.0,0.0,1.37,5.33,7.87
E0,2023-05-28,Aston Villa,Brighton,1807.63,1827.98,4.0,7.0,4.0,7.0,2.0,1.0,H,2.0,1.0,H,12.0,8.0,5.0,4.0,15.0,16.0,4.0,3.0,4.0,4.0,0.0,0.0,2.04,3.88,3.37
E0,2023-05-28,Brentford,Man City,1788.73,2074.12,6.0,12.0,7.0,13.0,1.0,0.0,H,0.0,0.0,D,11.0,17.0,4.0,3.0,12.0,8.0,3.0,4.0,4.0,0.0,0.0,0.0,3.88,4.01,1.87
E0,2023-05-28,Chelsea,Newcastle,1789.66,1864.42,1.0,4.0,5.0,8.0,1.0,1.0,D,1.0,1.0,D,22.0,13.0,5.0,4.0,9.0,11.0,10.0,3.0,0.0,0.0,0.0,0.0,2.87,3.64,2.38
E0,2023-05-28,Crystal Palace,Nottm Forest,1752.17,1648.44,4.0,7.0,7.0,10.0,1.0,1.0,D,0.0,1.0,A,16.0,7.0,4.0,4.0,9.0,13.0,5.0,4.0,0.0,2.0,0.0,0.0,1.69,4.15,4.77
E0,2023-05-28,Everton,Bournemouth,1691.98,1663.03,4.0,5.0,0.0,6.0,1.0,0.0,H,0.0,0.0,D,13.0,7.0,6.0,2.0,11.0,12.0,9.0,3.0,1.0,3.0,0.0,0.0,1.49,4.61,6.58
E0,2023-05-28,Leeds,Tottenham,1666.53,1811.93,1.0,2.0,3.0,4.0,1.0,4.0,A,0.0,1.0,A,19.0,11.0,2.0,7.0,7.0,5.0,12.0,3.0,3.0,0.0,0.0,0.0,2.77,3.84,2.37
E0,2023-05-28,Leicester,West Ham,1709.17,1759.05,1.0,3.0,6.0,6.0,2.0,1.0,H,1.0,0.0,H,13.0,16.0,4.0,3.0,8.0,10.0,3.0,5.0,1.0,1.0,0.0,0.0,1.94,3.92,3.65
E0,2023-05-28,Man United,Fulham,1847.6,1733.12,9.0,9.0,7.0,7.0,2.0,1.0,H,1.0,1.0,D,21.0,10.0,8.0,3.0,14.0,10.0,5.0,4.0,1.0,2.0,0.0,0.0,1.53,4.59,5.76
E0,2023-05-28,Southampton,Liverpool,1616.06,1944.24,0.0,0.0,7.0,13.0,4.0,4.0,D,2.0,2.0,D,15.0,30.0,10.0,8.0,4.0,10.0,2.0,9.0,0.0,2.0,0.0,0.0,6.74,5.2,1.42
E0,2023-08-11,Burnley,Man City,1726.42,2077.27,9.0,10.0,4.0,10.0,0.0,3.0,A,0.0,2.0,A,6.0,17.0,1.0,8.0,11.0,8.0,6.0,5.0,0.0,0.0,1.0,0.0,9.02,5.35,1.35
E0,2023-08-12,Arsenal,Nottm Forest,1919.38,1673.98,3.0,9.0,5.0,8.0,2.0,1.0,H,2.0,0.0,H,15.0,6.0,7.0,2.0,12.0,12.0,8.0,3.0,2.0,2.0,0.0,0.0,1.18,7.64,15.67
E0,2023-08-12,Bournemouth,West Ham,1660.66,1779.48,0.0,3.0,3.0,6.0,1.0,1.0,D,0.0,0.0,D,14.0,16.0,5.0,3.0,9.0,14.0,10.0,4.0,1.0,4.0,0.0,0.0,2.69,3.44,2.64
E0,2023-08-12,Brighton,Luton,1828.2,1606.54,4.0,7.0,5.0,9.0,4.0,1.0,H,1.0,0.0,H,27.0,9.0,12.0,3.0,11.0,12.0,6.0,7.0,2.0,2.0,0.0,0.0,1.33,5.52,9.61
E0,2023-08-12,Everton,Fulham,1708.25,1736.65,4.0,8.0,4.0,7.0,0.0,1.0,A,0.0,0.0,D,19.0,9.0,9.0,2.0,12.0,6.0,10.0,4.0,0.0,2.0,0.0,0.0,2.24,3.43,3.3
E0,2023-08-12,Sheffield United,Crystal Palace,1644.08,1757.41,6.0,12.0,5.0,8.0,0.0,1.0,A,0.0,0.0,D,8.0,24.0,1.0,8.0,18.0,11.0,5.0,5.0,3.0,0.0,0.0,0.0,3.12,3.24,2.41
E0,2023-08-12,Newcastle,Aston Villa,1876.02,1828.01,5.0,6.0,7.0,7.0,5.0,1.0,H,2.0,1.0,H,17.0,16.0,13.0,6.0,12.0,17.0,6.0,5.0,4.0,4.0,0.0,0.0,1.76,3.88,4.61
E0,2023-08-13,Brentford,Tottenham,1824.34,1815.89,9.0,12.0,3.0,6.0,2.0,2.0,D,2.0,2.0,D,11.0,18.0,6.0,6.0,12.0,13.0,3.0,6.0,1.0,4.0,0.0,0.0,2.73,3.63,2.5
E0,2023-08-13,Chelsea,Liverpool,1788.12,1946.92,1.0,5.0,5.0,11.0,1.0,1.0,D,1.0,1.0,D,10.0,13.0,4.0,1.0,5.0,12.0,4.0,4.0,3.0,3.0,0.0,0.0,2.87,3.64,2.39
E0,2023-08-14,Man United,Wolves,1873.67,1719.06,9.0,12.0,1.0,4.0,1.0,0.0,H,0.0,0.0,D,15.0,23.0,3.0,6.0,14.0,10.0,8.0,7.0,2.0,3.0,0.0,0.0,1.31,5.65,9.85
E0,2023-08-18,Nottm Forest,Sheffield United,1671.89,1637.48,4.0,8.0,3.0,9.0,2.0,1.0,H,1.0,0.0,H,16.0,7.0,4.0,3.0,5.0,9.0,6.0,7.0,2.0,3.0,0.0,0.0,1.95,3.43,4.25
E0,2023-08-19,Fulham,Brentford,1745.38,1822.56,4.0,10.0,7.0,10.0,0.0,3.0,A,0.0,1.0,A,10.0,17.0,2.0,8.0,13.0,12.0,5.0,5.0,2.0,2.0,1.0,0.0,2.72,3.4,2.63
E0,2023-08-19,Liverpool,Bournemouth,1944.0,1662.56,3.0,9.0,1.0,1.0,3.0,1.0,H,2.0,1.0,H,26.0,13.0,10.0,5.0,11.0,13.0,10.0,2.0,1.0,3.0,1.0,0.0,1.23,6.86,11.82
E0,2023-08-19,Wolves,Brighton,1715.65,1832.39,1.0,4.0,4.0,7.0,1.0,4.0,A,0.0,1.0,A,16.0,16.0,5.0,8.0,14.0,11.0,5.0,3.0,3.0,6.0,1.0,0.0,4.0,3.81,1.89
E0,2023-08-19,Tottenham,Man United,1817.67,1877.08,4.0,7.0,9.0,15.0,2.0,0.0,H,0.0,0.0,D,17.0,22.0,6.0,6.0,9.0,8.0,5.0,6.0,1.0,3.0,0.0,0.0,2.84,3.75,2.37
E0,2023-08-19,Man City,Newcastle,2080.87,1887.08,4.0,10.0,5.0,9.0,1.0,0.0,H,1.0,0.0,H,14.0,7.0,4.0,1.0,12.0,11.0,3.0,0.0,1.0,5.0,0.0,0.0,1.7,4.07,4.83
E0,2023-08-20,Aston Villa,Everton,1816.94,1699.52,4.0,7.0,4.0,7.0,4.0,0.0,H,2.0,0.0,H,13.0,9.0,7.0,2.0,8.0,12.0,7.0,6.0,3.0,4.0,0.0,0.0,1.7,3.91,5.0
E0,2023-08-20,West Ham,Chelsea,1777.58,1791.04,4.0,7.0,2.0,3.0,3.0,1.0,H,1.0,1.0,D,12.0,17.0,6.0,4.0,12.0,9.0,3.0,9.0,2.0,3.0,1.0,0.0,3.66,3.57,2.04
E0,2023-08-21,Crystal Palace,Arsenal,1764.01,1921.48,5.0,8.0,6.0,9.0,0.0,1.0,A,0.0,0.0,D,14.0,14.0,2.0,3.0,14.0,10.0,1.0,8.0,2.0,1.0,0.0,1.0,5.79,4.06,1.6
E0,2023-08-25,Chelsea,Luton,1791.04,1602.34,2.0,2.0,2.0,6.0,3.0,0.0,H,1.0,0.0,H,19.0,11.0,8.0,1.0,15.0,12.0,6.0,4.0,2.0,3.0,0.0,0.0,1.29,5.86,10.78
E0,2023-08-26,Bournemouth,Tottenham,1662.56,1817.67,1.0,1.0,7.0,7.0,0.0,2.0,A,0.0,1.0,A,11.0,17.0,3.0,6.0,18.0,11.0,6.0,2.0,1.0,3.0,0.0,0.0,3.67,3.94,1.95
E0,2023-08-26,Arsenal,Fulham,1921.48,1745.38,9.0,9.0,3.0,7.0,2.0,2.0,D,0.0,1.0,A,19.0,8.0,11.0,3.0,6.0,5.0,8.0,3.0,0.0,3.0,0.0,1.0,1.23,6.49,13.35
E0,2023-08-26,Brentford,Crystal Palace,1822.56,1764.01,7.0,13.0,4.0,8.0,1.0,1.0,D,1.0,0.0,H,12.0,15.0,1.0,5.0,9.0,15.0,8.0,6.0,0.0,0.0,0.0,0.0,2.14,3.41,3.57
E0,2023-08-26,Everton,Wolves,1699.52,1715.65,3.0,4.0,0.0,1.0,0.0,1.0,A,0.0,0.0,D,15.0,11.0,7.0,2.0,10.0,14.0,7.0,0.0,3.0,4.0,0.0,0.0,2.32,3.31,3.24
E0,2023-08-26,Man United,Nottm Forest,1877.08,1671.89,6.0,12.0,4.0,8.0,3.0,2.0,H,1.0,2.0,A,18.0,9.0,9.0,4.0,13.0,11.0,11.0,3.0,4.0,4.0,0.0,1.0,1.31,5.79,9.23
E0,2023-08-26,Brighton,West Ham,1832.39,1777.58,6.0,10.0,4.0,7.0,1.0,3.0,A,0.0,1.0,A,25.0,12.0,10.0,3.0,10.0,9.0,17.0,4.0,1.0,3.0,0.0,0.0,1.53,4.67,5.73
E0,2023-08-27,Burnley,Aston Villa,1722.82,1816.94,6.0,9.0,6.0,10.0,1.0,3.0,A,0.0,2.0,A,9.0,16.0,2.0,6.0,12.0,11.0,4.0,6.0,2.0,0.0,0.0,0.0,3.36,3.55,2.16
E0,2023-08-27,Sheffield United,Man City,1637.48,2080.87,3.0,6.0,6.0,10.0,1.0,2.0,A,0.0,0.0,D,6.0,30.0,2.0,9.0,11.0,2.0,1.0,12.0,3.0,0.0,0.0,0.0,16.67,7.51,1.18
E0,2023-08-27,Newcastle,Liverpool,1887.08,1944.0,4.0,8.0,5.0,9.0,1.0,2.0,A,1.0,0.0,H,23.0,9.0,8.0,4.0,16.0,10.0,5.0,9.0,1.0,2.0,0.0,1.0,2.2,3.9,3.03
E0,2023-09-01,Luton,West Ham,1597.25,1803.24,1.0,5.0,7.0,10.0,1.0,2.0,A,0.0,1.0,A,16.0,9.0,1.0,3.0,8.0,13.0,9.0,6.0,1.0,1.0,0.0,0.0,4.7,3.94,1.74
E0,2023-09-02,Sheffield United,Everton,1630.7,1682.24,0.0,3.0,0.0,4.0,2.0,2.0,D,2.0,1.0,H,13.0,16.0,8.0,6.0,11.0,13.0,4.0,6.0,1.0,2.0,0.0,0.0,3.01,3.23,2.5
E0,2023-09-02,Brentford,Bournemouth,1832.11,1653.28,5.0,11.0,1.0,1.0,2.0,2.0,D,1.0,1.0,D,21.0,12.0,7.0,5.0,6.0,13.0,5.0,2.0,1.0,2.0,0.0,0.0,1.72,4.06,4.67
E0,2023-09-02,Burnley,Tottenham,1713.49,1836.47,3.0,9.0,7.0,10.0,2.0,5.0,A,1.0,2.0,A,16.0,20.0,4.0,10.0,15.0,9.0,7.0,4.0,4.0,3.0,0.0,0.0,3.83,3.99,1.88
E0,2023-09-02,Chelsea,Nottm Forest,1786.49,1675.14,4.0,5.0,3.0,7.0,0.0,1.0,A,0.0,0.0,D,21.0,7.0,2.0,3.0,10.0,9.0,8.0,0.0,3.0,4.0,0.0,0.0,1.38,5.03,8.27
E0,2023-09-02,Man City,Fulham,2084.97,1738.86,9.0,10.0,4.0,5.0,5.0,1.0,H,2.0,1.0,H,7.0,6.0,5.0,4.0,12.0,12.0,4.0,5.0,2.0,4.0,0.0,0.0,1.15,8.46,17.91
E0,2023-09-02,Brighton,Newcastle,1828.58,1876.96,6.0,7.0,3.0,5.0,3.0,1.0,H,1.0,0.0,H,15.0,9.0,6.0,2.0,14.0,17.0,5.0,3.0,4.0,4.0,0.0,0.0,2.55,3.87,2.55
E0,2023-09-03,Crystal Palace,Wolves,1762.41,1713.98,4.0,6.0,3.0,4.0,3.0,2.0,H,0.0,0.0,D,16.0,12.0,11.0,4.0,12.0,12.0,4.0,2.0,1.0,3.0,0.0,0.0,1.95,3.45,4.15
E0,2023-09-03,Liverpool,Aston Villa,1954.3,1835.71,7.0,9.0,6.0,10.0,3.0,0.0,H,2.0,0.0,H,17.0,9.0,4.0,3.0,12.0,7.0,7.0,3.0,0.0,1.0,0.0,0.0,1.66,4.49,4.57
E0,2023-09-03,Arsenal,Man United,1921.01,1868.75,7.0,10.0,6.0,12.0,3.0,1.0,H,1.0,1.0,D,17.0,10.0,5.0,2.0,8.0,7.0,12.0,3.0,2.0,3.0,0.0,0.0,1.77,4.04,4.38
E0,2023-09-16,Wolves,Liverpool,1708.19,1961.35,3.0,3.0,9.0,11.0,1.0,3.0,A,1.0,0.0,H,11.0,16.0,2.0,6.0,10.0,4.0,4.0,4.0,1.0,3.0,0.0,0.0,6.64,4.95,1.45
E0,2023-09-16,Aston Villa,Crystal Palace,1828.66,1768.2,6.0,9.0,4.0,8.0,3.0,1.0,H,0.0,0.0,D,16.0,6.0,5.0,3.0,13.0,9.0,4.0,2.0,5.0,3.0,0.0,0.0,1.9,3.7,4.07
E0,2023-09-16,Fulham,Luton,1736.47,1592.95,1.0,4.0,0.0,2.0,1.0,0.0,H,0.0,0.0,D,13.0,7.0,2.0,2.0,6.0,14.0,6.0,2.0,2.0,2.0,0.0,0.0,1.68,3.96,5.18
E0,2023-09-16,Man United,Brighton,1860.99,1839.81,3.0,9.0,6.0,9.0,1.0,3.0,A,0.0,1.0,A,14.0,10.0,4.0,8.0,8.0,9.0,8.0,1.0,2.0,2.0,0.0,0.0,2.21,3.98,2.96
E0,2023-09-16,Tottenham,Sheffield United,1846.95,1630.78,9.0,13.0,1.0,4.0,2.0,1.0,H,0.0,0.0,D,28.0,7.0,10.0,5.0,13.0,14.0,15.0,2.0,6.0,5.0,0.0,1.0,1.28,6.1,10.52
E0,2023-09-16,West Ham,Man City,1807.55,2087.37,9.0,10.0,9.0,12.0,1.0,3.0,A,1.0,0.0,H,6.0,29.0,3.0,15.0,7.0,11.0,4.0,11.0,3.0,2.0,0.0,0.0,6.57,4.67,1.48
E0,2023-09-16,Newcastle,Brentford,1865.73,1826.36,0.0,4.0,5.0,9.0,1.0,0.0,H,0.0,0.0,D,9.0,11.0,2.0,2.0,8.0,12.0,8.0,3.0,3.0,5.0,0.0,0.0,1.53,4.37,6.12
E0,2023-09-17,Bournemouth,Chelsea,1659.03,1774.23,1.0,2.0,3.0,5.0,0.0,0.0,D,0.0,0.0,D,13.0,14.0,4.0,6.0,15.0,20.0,1.0,7.0,1.0,5.0,0.0,0.0,4.34,3.96,1.79
E0,2023-09-17,Everton,Arsenal,1682.16,1928.77,1.0,4.0,7.0,13.0,0.0,1.0,A,0.0,0.0,D,8.0,13.0,1.0,4.0,12.0,10.0,1.0,11.0,1.0,1.0,0.0,0.0,6.07,4.55,1.52
E0,2023-09-18,Nottm Forest,Burnley,1687.4,1703.0,6.0,7.0,0.0,6.0,1.0,1.0,D,0.0,1.0,A,14.0,10.0,4.0,3.0,16.0,10.0,5.0,4.0,2.0,3.0,0.0,1.0,2.24,3.51,3.22
E0,2023-09-23,Crystal Palace,Fulham,1768.2,1736.47,4.0,7.0,4.0,7.0,0.0,0.0,D,0.0,0.0,D,7.0,10.0,3.0,5.0,10.0,15.0,3.0,2.0,3.0,2.0,0.0,0.0,1.95,3.51,4.09
E0,2023-09-23,Luton,Wolves,1592.95,1708.19,0.0,1.0,3.0,3.0,1.0,1.0,D,0.0,0.0,D,20.0,3.0,4.0,3.0,12.0,17.0,10.0,1.0,0.0,2.0,0.0,1.0,3.3,3.43,2.23
E0,2023-09-23,Man City,Nottm Forest,2087.37,1687.4,9.0,15.0,4.0,7.0,2.0,0.0,H,2.0,0.0,H,7.0,10.0,4.0,3.0,5.0,17.0,6.0,6.0,3.0,7.0,1.0,0.0,1.15,8.55,18.11
E0,2023-09-23,Brentford,Everton,1826.36,1682.16,2.0,6.0,1.0,1.0,1.0,3.0,A,1.0,1.0,D,12.0,18.0,2.0,6.0,9.0,12.0,1.0,4.0,2.0,2.0,0.0,0.0,1.8,3.78,4.49
E0,2023-09-23,Burnley,Man United,1703.0,1860.99,1.0,4.0,3.0,6.0,0.0,1.0,A,0.0,1.0,A,12.0,11.0,4.0,4.0,6.0,12.0,9.0,5.0,1.0,2.0,0.0,0.0,4.31,4.16,1.75
E0,2023-09-24,Arsenal,Tottenham,1928.77,1846.95,7.0,13.0,9.0,13.0,2.0,2.0,D,1.0,1.0,D,13.0,13.0,6.0,5.0,12.0,19.0,11.0,4.0,3.0,4.0,0.0,0.0,1.7,4.36,4.5
E0,2023-09-24,Brighton,Bournemouth,1839.81,1659.03,6.0,12.0,2.0,3.0,3.0,1.0,H,1.0,1.0,D,13.0,12.0,4.0,4.0,12.0,17.0,4.0,4.0,3.0,3.0,0.0,0.0,1.38,5.31,7.58
E0,2023-09-24,Chelsea,Aston Villa,1774.23,1828.66,4.0,5.0,6.0,9.0,0.0,1.0,A,0.0,0.0,D,10.0,15.0,4.0,7.0,9.0,11.0,5.0,11.0,2.0,3.0,0.0,0.0,1.91,3.85,3.87
E0,2023-09-24,Liverpool,West Ham,1961.35,1807.55,9.0,13.0,6.0,10.0,3.0,1.0,H,1.0,1.0,D,22.0,11.0,7.0,4.0,12.0,13.0,7.0,4.0,0.0,2.0,0.0,0.0,1.39,5.38,7.19
E0,2023-09-24,Sheffield United,Newcastle,1630.78,1865.73,1.0,1.0,3.0,6.0,0.0,8.0,A,0.0,3.0,A,9.0,22.0,1.0,15.0,12.0,8.0,2.0,6.0,3.0,0.0,0.0,0.0,7.01,4.78,1.45
E0,2023-09-30,Aston Villa,Brighton,1828.66,1839.81,6.0,12.0,9.0,12.0,6.0,1.0,H,3.0,0.0,H,19.0,11.0,9.0,3.0,19.0,21.0,1.0,3.0,4.0,4.0,0.0,0.0,2.56,3.92,2.55
E0,2023-09-30,Bournemouth,Arsenal,1659.03,1928.77,2.0,2.0,7.0,11.0,0.0,4.0,A,0.0,2.0,A,8.0,15.0,1.0,8.0,11.0,10.0,6.0,6.0,0.0,1.0,0.0,0.0,5.77,4.68,1.53
E0,2023-09-30,Everton,Luton,1682.16,1592.95,4.0,4.0,1.0,1.0,1.0,2.0,A,1.0,2.0,A,23.0,9.0,5.0,2.0,8.0,10.0,3.0,6.0,0.0,1.0,0.0,0.0,1.61,3.94,6.06
E0,2023-09-30,Man United,Crystal Palace,1860.99,1768.2,3.0,6.0,4.0,5.0,0.0,1.0,A,0.0,1.0,A,19.0,8.0,4.0,2.0,10.0,8.0,10.0,4.0,3.0,2.0,0.0,0.0,1.57,4.3,5.89
E0,2023-09-30,Newcastle,Burnley,1865.73,1703.0,6.0,6.0,1.0,1.0,2.0,0.0,H,1.0,0.0,H,20.0,8.0,8.0,2.0,7.0,15.0,5.0,3.0,1.0,3.0,0.0,0.0,1.33,5.62,9.22
E0,2023-09-30,West Ham,Sheffield United,1807.55,1630.78,3.0,9.0,1.0,1.0,2.0,0.0,H,2.0,0.0,H,20.0,16.0,9.0,2.0,6.0,9.0,7.0,4.0,1.0,1.0,0.0,0.0,1.45,4.79,7.1
E0,2023-09-30,Wolves,Man City,1708.19,2087.37,1.0,4.0,9.0,15.0,2.0,1.0,H,1.0,0.0,H,3.0,23.0,1.0,8.0,18.0,12.0,0.0,6.0,5.0,4.0,0.0,0.0,9.2,5.65,1.33
E0,2023-09-30,Tottenham,Liverpool,1846.95,1961.35,7.0,13.0,9.0,15.0,2.0,1.0,H,1.0,1.0,D,24.0,12.0,8.0,4.0,11.0,17.0,12.0,5.0,5.0,4.0,0.0,2.0,2.96,4.03,2.21
E0,2023-10-01,Nottm Forest,Brentford,1677.86,1795.03,4.0,7.0,1.0,5.0,1.0,1.0,D,0.0,0.0,D,6.0,18.0,1.0,5.0,6.0,10.0,1.0,11.0,1.0,2.0,1.0,0.0,2.81,3.27,2.65
E0,2023-10-02,Fulham,Chelsea,1734.7,1756.81,4.0,5.0,1.0,4.0,0.0,2.0,A,0.0,2.0,A,10.0,11.0,3.0,4.0,15.0,12.0,8.0,1.0,1.0,4.0,0.0,0.0,3.73,3.49,2.06
E0,2023-10-03,Luton,Burnley,1595.82,1686.62,4.0,4.0,1.0,1.0,1.0,2.0,A,0.0,1.0,A,18.0,14.0,3.0,4.0,14.0,6.0,7.0,6.0,4.0,2.0,0.0,0.0,2.92,3.18,2.63
E0,2023-10-07,Luton,Tottenham,1595.82,1855.45,4.0,4.0,7.0,13.0,0.0,1.0,A,0.0,0.0,D,12.0,15.0,2.0,4.0,16.0,7.0,5.0,6.0,2.0,1.0,0.0,1.0,6.46,4.79,1.48
E0,2023-10-07,Burnley,Chelsea,1686.62,1756.81,3.0,4.0,4.0,7.0,1.0,4.0,A,1.0,1.0,D,10.0,9.0,3.0,5.0,11.0,8.0,7.0,3.0,2.0,4.0,0.0,0.0,4.63,3.92,1.76
E0,2023-10-07,Everton,Bournemouth,1677.28,1643.41,3.0,4.0,1.0,2.0,3.0,0.0,H,2.0,0.0,H,25.0,11.0,8.0,4.0,14.0,15.0,8.0,7.0,1.0,2.0,0.0,0.0,1.97,3.7,3.81
E0,2023-10-07,Fulham,Sheffield United,1734.7,1606.31,4.0,5.0,0.0,1.0,3.0,1.0,H,0.0,0.0,D,20.0,5.0,6.0,2.0,8.0,10.0,9.0,4.0,1.0,2.0,0.0,0.0,1.64,3.96,5.69
E0,2023-10-07,Man United,Brentford,1829.97,1795.03,3.0,6.0,1.0,3.0,2.0,1.0,H,0.0,1.0,A,21.0,11.0,8.0,3.0,10.0,17.0,7.0,5.0,0.0,5.0,0.0,0.0,1.69,4.2,4.78
E0,2023-10-07,Crystal Palace,Nottm Forest,1762.86,1677.86,4.0,8.0,2.0,5.0,0.0,0.0,D,0.0,0.0,D,8.0,16.0,2.0,5.0,7.0,12.0,3.0,7.0,0.0,1.0,0.0,0.0,2.24,3.25,3.49
E0,2023-10-08,Brighton,Liverpool,1818.51,1955.67,6.0,9.0,6.0,12.0,2.0,2.0,D,1.0,2.0,A,14.0,14.0,3.0,4.0,12.0,20.0,8.0,1.0,1.0,2.0,0.0,0.0,3.05,4.01,2.17
E0,2023-10-08,West Ham,Newcastle,1796.58,1879.94,3.0,9.0,9.0,9.0,2.0,2.0,D,1.0,0.0,H,5.0,10.0,3.0,3.0,11.0,18.0,4.0,2.0,3.0,3.0,0.0,0.0,3.32,3.72,2.13
E0,2023-10-08,Wolves,Aston Villa,1709.83,1838.96,4.0,7.0,9.0,12.0,1.0,1.0,D,0.0,0.0,D,8.0,18.0,3.0,4.0,19.0,9.0,2.0,10.0,2.0,2.0,1.0,0.0,3.4,3.59,2.14
E0,2023-10-08,Arsenal,Man City,1932.64,2070.05,7.0,11.0,6.0,12.0,1.0,0.0,H,0.0,0.0,D,12.0,4.0,2.0,1.0,8.0,7.0,5.0,4.0,2.0,3.0,0.0,0.0,2.92,3.49,2.44
E0,2023-10-21,Liverpool,Everton,1954.83,1687.64,4.0,10.0,6.0,7.0,2.0,0.0,H,0.0,0.0,D,26.0,6.0,6.0,1.0,9.0,9.0,12.0,4.0,1.0,1.0,0.0,1.0,1.36,5.66,8.01
E0,2023-10-21,Bournemouth,Wolves,1633.03,1712.22,0.0,2.0,5.0,5.0,1.0,2.0,A,1.0,0.0,H,7.0,20.0,4.0,7.0,15.0,10.0,3.0,12.0,2.0,6.0,1.0,0.0,2.41,3.48,2.95
E0,2023-10-21,Brentford,Burnley,1786.79,1680.67,1.0,2.0,3.0,4.0,3.0,0.0,H,1.0,0.0,H,23.0,6.0,10.0,1.0,14.0,12.0,5.0,5.0,5.0,2.0,0.0,1.0,1.83,3.74,4.4
E0,2023-10-21,Man City,Brighton,2065.78,1819.86,3.0,9.0,4.0,10.0,2.0,1.0,H,2.0,0.0,H,10.0,5.0,6.0,3.0,9.0,11.0,2.0,2.0,2.0,2.0,1.0,0.0,1.41,5.36,6.83
E0,2023-10-21,Newcastle,Crystal Palace,1887.51,1759.27,7.0,10.0,5.0,8.0,4.0,0.0,H,3.0,0.0,H,10.0,17.0,7.0,3.0,7.0,12.0,6.0,8.0,2.0,3.0,0.0,0.0,1.46,4.53,7.44
E0,2023-10-21,Nottm Forest,Luton,1683.49,1585.72,2.0,6.0,3.0,4.0,2.0,2.0,D,0.0,0.0,D,19.0,13.0,8.0,4.0,12.0,11.0,4.0,2.0,3.0,0.0,0.0,0.0,1.69,3.82,5.33
E0,2023-10-21,Chelsea,Arsenal,1782.08,1932.4,6.0,7.0,7.0,13.0,2.0,2.0,D,1.0,0.0,H,11.0,13.0,5.0,3.0,7.0,14.0,2.0,7.0,3.0,3.0,0.0,0.0,3.24,3.47,2.26
E0,2023-10-21,Sheffield United,Man United,1600.39,1823.07,0.0,1.0,6.0,6.0,1.0,2.0,A,1.0,1.0,D,12.0,14.0,6.0,5.0,12.0,10.0,5.0,4.0,3.0,1.0,0.0,0.0,7.27,5.07,1.42
E0,2023-10-22,Aston Villa,West Ham,1836.85,1805.91,7.0,10.0,4.0,7.0,4.0,1.0,H,1.0,0.0,H,15.0,14.0,7.0,4.0,9.0,15.0,8.0,7.0,0.0,1.0,0.0,0.0,1.9,3.86,3.88
E0,2023-10-23,Tottenham,Fulham,1858.57,1728.23,7.0,13.0,4.0,7.0,2.0,0.0,H,1.0,0.0,H,15.0,10.0,5.0,3.0,10.0,14.0,3.0,5.0,2.0,0.0,0.0,0.0,1.51,4.7,5.99
E0,2023-10-27,Crystal Palace,Tottenham,1759.27,1858.57,4.0,5.0,9.0,13.0,1.0,2.0,A,0.0,0.0,D,13.0,10.0,3.0,1.0,19.0,11.0,11.0,2.0,2.0,1.0,0.0,0.0,4.64,3.83,1.79
E0,2023-10-28,Chelsea,Brentford,1782.08,1786.79,7.0,8.0,4.0,4.0,0.0,2.0,A,0.0,0.0,D,17.0,7.0,2.0,5.0,12.0,7.0,10.0,1.0,1.0,4.0,0.0,0.0,1.65,4.1,5.31
E0,2023-10-28,Arsenal,Sheffield United,1932.4,1600.39,7.0,11.0,0.0,0.0,5.0,0.0,H,1.0,0.0,H,13.0,2.0,8.0,0.0,9.0,13.0,6.0,1.0,0.0,3.0,0.0,0.0,1.13,9.61,21.6
E0,2023-10-28,Bournemouth,Burnley,1633.03,1680.67,0.0,1.0,3.0,3.0,2.0,1.0,H,1.0,1.0,D,13.0,6.0,6.0,3.0,9.0,12.0,10.0,5.0,2.0,3.0,0.0,0.0,2.13,3.66,3.38
E0,2023-10-28,Wolves,Newcastle,1712.22,1887.51,7.0,8.0,7.0,13.0,2.0,2.0,D,1.0,2.0,A,11.0,13.0,6.0,5.0,13.0,15.0,8.0,7.0,1.0,4.0,0.0,0.0,4.26,3.94,1.82
E0,2023-10-29,West Ham,Everton,1805.91,1687.64,4.0,4.0,3.0,6.0,0.0,1.0,A,0.0,0.0,D,12.0,10.0,2.0,4.0,7.0,11.0,4.0,3.0,4.0,1.0,0.0,0.0,2.15,3.64,3.32
E0,2023-10-29,Aston Villa,Luton,1836.85,1585.72,7.0,13.0,1.0,5.0,3.0,1.0,H,1.0,0.0,H,17.0,7.0,6.0,1.0,11.0,10.0,6.0,4.0,3.0,2.0,0.0,0.0,1.28,6.19,10.79
E0,2023-10-29,Brighton,Fulham,1819.86,1728.23,1.0,7.0,3.0,7.0,1.0,1.0,D,1.0,0.0,H,18.0,10.0,7.0,5.0,12.0,8.0,7.0,3.0,0.0,3.0,0.0,0.0,1.56,4.6,5.42
E0,2023-10-29,Liverpool,Nottm Forest,1954.83,1683.49,4.0,10.0,3.0,4.0,3.0,0.0,H,2.0,0.0,H,21.0,9.0,8.0,1.0,9.0,13.0,8.0,3.0,2.0,3.0,0.0,0.0,1.27,6.38,10.39
E0,2023-10-29,Man United,Man City,1823.07,2065.78,6.0,9.0,3.0,9.0,0.0,3.0,A,0.0,1.0,A,7.0,21.0,3.0,10.0,9.0,4.0,7.0,12.0,4.0,1.0,0.0,0.0,4.99,4.04,1.69
E0,2023-11-04,Fulham,Man United,1727.69,1823.92,4.0,5.0,6.0,9.0,0.0,1.0,A,0.0,0.0,D,18.0,12.0,3.0,5.0,9.0,15.0,9.0,4.0,5.0,2.0,0.0,0.0,3.24,3.61,2.2
E0,2023-11-04,Brentford,West Ham,1808.19,1773.47,6.0,7.0,1.0,4.0,3.0,2.0,H,1.0,2.0,A,16.0,12.0,4.0,2.0,12.0,14.0,4.0,3.0,1.0,4.0,0.0,0.0,2.08,3.67,3.46
E0,2023-11-04,Burnley,Crystal Palace,1665.83,1745.74,0.0,3.0,1.0,5.0,0.0,2.0,A,0.0,1.0,A,17.0,4.0,5.0,3.0,9.0,12.0,12.0,1.0,0.0,5.0,0.0,0.0,2.85,3.23,2.63
E0,2023-11-04,Everton,Brighton,1697.61,1818.9,6.0,9.0,2.0,5.0,1.0,1.0,D,1.0,0.0,H,10.0,7.0,4.0,2.0,15.0,5.0,3.0,3.0,4.0,2.0,0.0,0.0,3.09,3.81,2.2
E0,2023-11-04,Man City,Bournemouth,2076.81,1634.7,6.0,9.0,3.0,3.0,6.0,1.0,H,3.0,0.0,H,21.0,5.0,8.0,1.0,8.0,9.0,12.0,1.0,0.0,1.0,0.0,0.0,1.1,11.39,26.19
E0,2023-11-04,Sheffield United,Wolves,1594.48,1723.58,0.0,0.0,5.0,9.0,2.0,1.0,H,0.0,0.0,D,11.0,10.0,2.0,3.0,13.0,10.0,4.0,4.0,2.0,3.0,0.0,0.0,3.83,3.64,1.98
E0,2023-11-04,Newcastle,Arsenal,1881.87,1938.42,5.0,11.0,7.0,11.0,1.0,0.0,H,0.0,0.0,D,9.0,14.0,2.0,1.0,14.0,9.0,0.0,11.0,5.0,1.0,0.0,0.0,2.82,3.39,2.56
E0,2023-11-05,Nottm Forest,Aston Villa,1677.31,1860.01,2.0,3.0,7.0,13.0,2.0,0.0,H,1.0,0.0,H,5.0,13.0,3.0,3.0,6.0,9.0,0.0,10.0,1.0,1.0,0.0,0.0,4.09,3.77,1.89
E0,2023-11-05,Luton,Liverpool,1587.7,1963.41,1.0,4.0,7.0,10.0,1.0,1.0,D,0.0,0.0,D,8.0,24.0,5.0,6.0,7.0,13.0,4.0,7.0,1.0,1.0,0.0,0.0,11.46,6.8,1.24
E0,2023-11-06,Tottenham,Chelsea,1871.06,1772.83,9.0,13.0,4.0,7.0,1.0,4.0,A,1.0,1.0,D,8.0,17.0,5.0,8.0,12.0,21.0,1.0,6.0,1.0,5.0,2.0,0.0,2.13,3.73,3.29
E0,2023-11-11,Wolves,Tottenham,1723.58,1871.06,4.0,8.0,6.0,12.0,2.0,1.0,H,0.0,1.0,A,17.0,6.0,4.0,2.0,19.0,15.0,11.0,3.0,4.0,3.0,0.0,0.0,3.13,3.73,2.21
E0,2023-11-11,Arsenal,Burnley,1938.42,1665.83,4.0,10.0,0.0,3.0,3.0,1.0,H,1.0,0.0,H,16.0,8.0,6.0,5.0,8.0,9.0,3.0,3.0,0.0,1.0,1.0,0.0,1.19,7.34,15.07
E0,2023-11-11,Crystal Palace,Everton,1745.74,1697.61,3.0,7.0,4.0,7.0,2.0,3.0,A,1.0,1.0,D,13.0,8.0,4.0,4.0,9.0,18.0,9.0,2.0,1.0,4.0,0.0,0.0,2.44,3.21,3.11
E0,2023-11-11,Man United,Luton,1823.92,1587.7,6.0,9.0,2.0,2.0,1.0,0.0,H,0.0,0.0,D,15.0,10.0,4.0,4.0,9.0,11.0,11.0,3.0,0.0,2.0,0.0,0.0,1.33,5.6,9.17
E0,2023-11-11,Bournemouth,Newcastle,1634.7,1881.87,3.0,3.0,7.0,11.0,2.0,0.0,H,0.0,0.0,D,19.0,8.0,10.0,5.0,10.0,4.0,6.0,5.0,2.0,1.0,0.0,0.0,4.67,4.03,1.73
E0,2023-11-12,Aston Villa,Fulham,1860.01,1727.69,6.0,10.0,1.0,4.0,3.0,1.0,H,2.0,0.0,H,12.0,9.0,6.0,5.0,4.0,17.0,2.0,2.0,2.0,5.0,0.0,0.0,1.59,4.28,5.66
E0,2023-11-12,Brighton,Sheffield United,1818.9,1594.48,2.0,3.0,3.0,3.0,1.0,1.0,D,1.0,0.0,H,11.0,9.0,6.0,1.0,13.0,16.0,6.0,3.0,3.0,2.0,1.0,0.0,1.24,6.73,11.71
E0,2023-11-12,Liverpool,Brentford,1963.41,1808.19,7.0,8.0,9.0,10.0,3.0,0.0,H,1.0,0.0,H,17.0,16.0,10.0,3.0,16.0,12.0,6.0,8.0,1.0,2.0,0.0,0.0,1.42,5.16,7.05
E0,2023-11-12,West Ham,Nottm Forest,1773.47,1677.31,0.0,4.0,4.0,6.0,3.0,2.0,H,1.0,1.0,D,16.0,10.0,6.0,5.0,9.0,12.0,9.0,4.0,2.0,2.0,0.0,0.0,1.89,3.77,4.09
E0,2023-11-12,Chelsea,Man City,1772.83,2076.81,4.0,10.0,9.0,9.0,4.0,4.0,D,2.0,2.0,D,17.0,15.0,9.0,10.0,12.0,15.0,3.0,3.0,5.0,3.0,0.0,0.0,4.93,3.83,1.74
E0,2023-11-25,Man City,Liverpool,2067.92,1942.72,7.0,10.0,7.0,11.0,1.0,1.0,D,1.0,0.0,H,16.0,8.0,5.0,3.0,9.0,11.0,9.0,6.0,1.0,3.0,0.0,0.0,1.75,4.31,4.29
E0,2023-11-25,Burnley,West Ham,1647.58,1769.92,0.0,0.0,3.0,4.0,1.0,2.0,A,0.0,0.0,D,11.0,11.0,5.0,3.0,11.0,7.0,4.0,5.0,1.0,3.0,0.0,0.0,3.47,3.62,2.1
E0,2023-11-25,Luton,Crystal Palace,1587.15,1739.61,1.0,2.0,3.0,4.0,2.0,1.0,H,0.0,0.0,D,8.0,16.0,3.0,8.0,15.0,12.0,4.0,5.0,6.0,1.0,0.0,0.0,3.63,3.38,2.13
E0,2023-11-25,Newcastle,Chelsea,1856.05,1793.81,4.0,8.0,4.0,8.0,4.0,1.0,H,1.0,1.0,D,14.0,7.0,5.0,4.0,13.0,19.0,4.0,2.0,4.0,4.0,0.0,1.0,2.62,3.5,2.68
E0,2023-11-25,Nottm Forest,Brighton,1683.02,1813.35,3.0,5.0,3.0,4.0,2.0,3.0,A,1.0,2.0,A,18.0,11.0,5.0,5.0,12.0,7.0,6.0,4.0,2.0,4.0,0.0,1.0,3.22,3.64,2.2
E0,2023-11-25,Sheffield United,Bournemouth,1605.86,1646.11,4.0,4.0,6.0,6.0,1.0,3.0,A,0.0,2.0,A,10.0,23.0,2.0,11.0,6.0,8.0,4.0,7.0,4.0,1.0,0.0,0.0,3.29,3.53,2.21
E0,2023-11-25,Brentford,Arsenal,1801.99,1930.78,6.0,9.0,6.0,10.0,0.0,1.0,A,0.0,0.0,D,9.0,15.0,3.0,4.0,9.0,7.0,1.0,8.0,1.0,1.0,0.0,0.0,4.64,3.84,1.77
E0,2023-11-26,Tottenham,Aston Villa,1834.69,1846.18,3.0,9.0,6.0,10.0,1.0,2.0,A,1.0,1.0,D,18.0,15.0,8.0,5.0,11.0,13.0,9.0,3.0,0.0,4.0,0.0,0.0,2.35,3.89,2.8
E0,2023-11-26,Everton,Man United,1705.2,1816.62,7.0,10.0,6.0,12.0,0.0,3.0,A,0.0,1.0,A,24.0,9.0,6.0,4.0,10.0,8.0,6.0,5.0,3.0,0.0,0.0,0.0,2.74,3.52,2.56
E0,2023-11-27,Fulham,Wolves,1709.99,1718.2,1.0,4.0,4.0,8.0,3.0,2.0,H,1.0,1.0,D,12.0,10.0,6.0,6.0,13.0,13.0,6.0,2.0,2.0,2.0,0.0,0.0,2.43,3.34,3.02
E0,2023-12-02,Arsenal,Wolves,1947.97,1716.16,6.0,10.0,3.0,7.0,2.0,1.0,H,2.0,0.0,H,19.0,6.0,6.0,3.0,10.0,10.0,4.0,0.0,1.0,2.0,0.0,0.0,1.27,5.95,11.58
E0,2023-12-02,Brentford,Luton,1801.11,1603.06,3.0,9.0,4.0,5.0,3.0,1.0,H,0.0,0.0,D,27.0,7.0,6.0,1.0,10.0,8.0,7.0,5.0,1.0,2.0,0.0,0.0,1.48,4.63,6.88
E0,2023-12-02,Burnley,Sheffield United,1646.47,1598.98,0.0,0.0,4.0,4.0,5.0,0.0,H,2.0,0.0,H,19.0,6.0,7.0,3.0,9.0,12.0,6.0,1.0,2.0,5.0,0.0,1.0,1.83,3.68,4.55
E0,2023-12-02,Nottm Forest,Everton,1682.15,1699.07,3.0,4.0,4.0,7.0,0.0,1.0,A,0.0,0.0,D,13.0,12.0,2.0,3.0,15.0,14.0,4.0,3.0,1.0,0.0,0.0,0.0,2.8,3.35,2.62
E0,2023-12-02,Newcastle,Man United,1872.55,1831.3,6.0,10.0,9.0,12.0,1.0,0.0,H,0.0,0.0,D,22.0,8.0,4.0,1.0,6.0,13.0,7.0,3.0,1.0,2.0,0.0,0.0,1.94,3.84,3.84
E0,2023-12-03,Bournemouth,Aston Villa,1663.06,1860.94,6.0,9.0,6.0,12.0,2.0,2.0,D,1.0,1.0,D,15.0,11.0,7.0,3.0,16.0,12.0,7.0,7.0,5.0,3.0,0.0,0.0,3.45,4.0,2.01
E0,2023-12-03,Chelsea,Brighton,1789.71,1828.2,4.0,5.0,5.0,6.0,3.0,2.0,H,2.0,1.0,H,8.0,18.0,5.0,9.0,16.0,12.0,5.0,8.0,3.0,5.0,1.0,0.0,1.75,4.24,4.37
E0,2023-12-03,Liverpool,Fulham,1953.79,1722.1,5.0,11.0,3.0,4.0,4.0,3.0,H,2.0,2.0,D,26.0,9.0,12.0,5.0,6.0,7.0,3.0,4.0,0.0,0.0,0.0,0.0,1.26,6.62,10.56
E0,2023-12-03,West Ham,Crystal Palace,1782.53,1733.78,6.0,6.0,3.0,3.0,1.0,1.0,D,1.0,0.0,H,9.0,9.0,3.0,2.0,17.0,7.0,2.0,3.0,2.0,0.0,0.0,0.0,2.02,3.53,3.84
E0,2023-12-03,Man City,Tottenham,2070.27,1830.81,5.0,11.0,0.0,6.0,3.0,3.0,D,2.0,1.0,H,18.0,8.0,4.0,4.0,14.0,14.0,10.0,8.0,4.0,4.0,0.0,0.0,1.3,6.18,9.27
E0,2023-12-05,Wolves,Burnley,1716.16,1646.47,3.0,4.0,3.0,3.0,1.0,0.0,H,1.0,0.0,H,7.0,12.0,4.0,3.0,11.0,15.0,6.0,8.0,2.0,4.0,0.0,0.0,1.89,3.62,4.31
E0,2023-12-05,Luton,Arsenal,1603.06,1947.97,3.0,4.0,9.0,12.0,3.0,4.0,A,1.0,2.0,A,6.0,23.0,4.0,9.0,14.0,7.0,3.0,8.0,2.0,1.0,0.0,0.0,14.98,6.73,1.21
E0,2023-12-06,Brighton,Brentford,1828.2,1801.11,4.0,6.0,3.0,9.0,2.0,1.0,H,1.0,1.0,D,18.0,8.0,7.0,2.0,10.0,8.0,7.0,3.0,3.0,1.0,0.0,0.0,1.93,3.91,3.77
E0,2023-12-06,Crystal Palace,Bournemouth,1733.78,1663.06,1.0,4.0,7.0,10.0,0.0,2.0,A,0.0,1.0,A,16.0,11.0,3.0,4.0,10.0,17.0,3.0,9.0,1.0,3.0,0.0,0.0,2.27,3.45,3.25
E0,2023-12-06,Fulham,Nottm Forest,1722.1,1682.15,3.0,4.0,0.0,3.0,5.0,0.0,H,2.0,0.0,H,14.0,4.0,6.0,1.0,7.0,10.0,6.0,1.0,0.0,1.0,0.0,0.0,2.05,3.49,3.78
E0,2023-12-06,Sheffield United,Liverpool,1598.98,1953.79,1.0,4.0,7.0,11.0,0.0,2.0,A,0.0,1.0,A,6.0,15.0,1.0,8.0,12.0,8.0,2.0,12.0,2.0,3.0,0.0,0.0,13.54,7.67,1.2
E0,2023-12-06,Aston Villa,Man City,1860.94,2070.27,7.0,10.0,3.0,9.0,1.0,0.0,H,0.0,0.0,D,22.0,2.0,7.0,2.0,13.0,13.0,6.0,0.0,2.0,2.0,0.0,0.0,4.45,4.26,1.73
E0,2023-12-06,Man United,Chelsea,1831.3,1789.71,6.0,9.0,4.0,7.0,2.0,1.0,H,1.0,1.0,D,28.0,13.0,9.0,3.0,12.0,12.0,12.0,4.0,4.0,0.0,0.0,0.0,2.82,3.65,2.43
E0,2023-12-07,Everton,Newcastle,1699.07,1872.55,6.0,10.0,6.0,10.0,3.0,0.0,H,0.0,0.0,D,21.0,13.0,6.0,3.0,18.0,8.0,5.0,2.0,3.0,0.0,0.0,0.0,3.13,3.44,2.33
E0,2023-12-07,Tottenham,West Ham,1830.81,1782.53,1.0,4.0,7.0,7.0,1.0,2.0,A,1.0,0.0,H,23.0,11.0,7.0,5.0,11.0,12.0,8.0,4.0,3.0,3.0,0.0,0.0,1.79,4.22,4.08
E0,2023-12-09,Crystal Palace,Liverpool,1733.78,1953.79,1.0,4.0,7.0,11.0,1.0,2.0,A,0.0,0.0,D,8.0,14.0,4.0,2.0,17.0,17.0,6.0,5.0,5.0,2.0,1.0,0.0,6.12,4.54,1.52
E0,2023-12-09,Brighton,Burnley,1828.2,1646.47,6.0,8.0,3.0,3.0,1.0,1.0,D,0.0,1.0,A,29.0,6.0,11.0,3.0,5.0,8.0,9.0,1.0,0.0,4.0,0.0,0.0,1.5,4.69,6.18
E0,2023-12-09,Man United,Bournemouth,1831.3,1663.06,6.0,12.0,7.0,10.0,0.0,3.0,A,0.0,1.0,A,20.0,10.0,3.0,4.0,7.0,10.0,10.0,4.0,3.0,1.0,0.0,0.0,1.55,4.65,5.54
E0,2023-12-09,Sheffield United,Brentford,1598.98,1801.11,0.0,4.0,3.0,6.0,1.0,0.0,H,1.0,0.0,H,9.0,10.0,4.0,4.0,14.0,13.0,3.0,4.0,5.0,1.0,0.0,0.0,4.48,3.82,1.8
E0,2023-12-09,Wolves,Nottm Forest,1716.16,1682.15,3.0,6.0,0.0,3.0,1.0,1.0,D,1.0,1.0,D,10.0,8.0,4.0,2.0,9.0,11.0,4.0,3.0,0.0,1.0,0.0,0.0,1.87,3.64,4.34
E0,2023-12-09,Aston Villa,Arsenal,1860.94,1947.97,7.0,10.0,9.0,12.0,1.0,0.0,H,1.0,0.0,H,10.0,12.0,3.0,5.0,16.0,11.0,3.0,3.0,4.0,2.0,0.0,0.0,3.41,3.66,2.11
E0,2023-12-10,Everton,Chelsea,1699.07,1789.71,6.0,10.0,3.0,7.0,2.0,0.0,H,0.0,0.0,D,9.0,16.0,5.0,4.0,12.0,12.0,4.0,8.0,2.0,2.0,0.0,0.0,3.02,3.59,2.31
E0,2023-12-10,Fulham,West Ham,1722.1,1782.53,6.0,6.0,7.0,10.0,5.0,0.0,H,3.0,0.0,H,14.0,9.0,8.0,5.0,5.0,10.0,3.0,6.0,2.0,1.0,0.0,0.0,2.39,3.49,2.95
E0,2023-12-10,Luton,Man City,1603.06,2070.27,3.0,4.0,2.0,6.0,1.0,2.0,A,1.0,0.0,H,4.0,18.0,2.0,6.0,16.0,6.0,6.0,3.0,2.0,1.0,0.0,0.0,18.02,8.94,1.15
E0,2023-12-10,Tottenham,Newcastle,1830.81,1872.55,1.0,1.0,6.0,9.0,4.0,1.0,H,2.0,0.0,H,23.0,9.0,12.0,3.0,10.0,12.0,3.0,6.0,1.0,3.0,0.0,0.0,2.2,3.84,3.05
E0,2023-12-15,Nottm Forest,Tottenham,1655.74,1831.21,1.0,1.0,4.0,4.0,0.0,2.0,A,0.0,1.0,A,15.0,12.0,1.0,6.0,16.0,11.0,6.0,4.0,2.0,4.0,0.0,1.0,4.52,4.13,1.74
E0,2023-12-16,Chelsea,Sheffield United,1771.25,1587.78,3.0,4.0,3.0,4.0,2.0,0.0,H,0.0,0.0,D,15.0,6.0,6.0,1.0,9.0,14.0,7.0,6.0,1.0,3.0,0.0,0.0,1.24,6.49,12.28
E0,2023-12-16,Man City,Crystal Palace,2045.39,1708.63,4.0,6.0,1.0,1.0,2.0,2.0,D,1.0,0.0,H,19.0,5.0,9.0,2.0,12.0,9.0,6.0,1.0,1.0,1.0,0.0,0.0,1.18,7.77,16.06
E0,2023-12-16,Newcastle,Fulham,1827.07,1741.84,3.0,6.0,6.0,9.0,3.0,0.0,H,0.0,0.0,D,27.0,6.0,10.0,4.0,7.0,12.0,5.0,1.0,0.0,2.0,0.0,1.0,1.87,3.91,4.03
E0,2023-12-16,Burnley,Everton,1651.03,1730.72,4.0,4.0,9.0,12.0,0.0,2.0,A,0.0,2.0,A,14.0,9.0,2.0,6.0,9.0,8.0,8.0,6.0,0.0,1.0,0.0,0.0,3.55,3.45,2.14
E0,2023-12-17,Arsenal,Brighton,1933.94,1817.04,6.0,12.0,4.0,8.0,2.0,0.0,H,0.0,0.0,D,26.0,6.0,9.0,1.0,11.0,9.0,10.0,1.0,1.0,3.0,0.0,0.0,1.48,4.73,6.5
E0,2023-12-17,Brentford,Aston Villa,1778.42,1860.02,3.0,3.0,7.0,13.0,1.0,2.0,A,1.0,0.0,H,4.0,15.0,3.0,5.0,19.0,6.0,7.0,12.0,6.0,4.0,1.0,1.0,3.26,3.71,2.16
E0,2023-12-17,West Ham,Wolves,1771.72,1707.74,4.0,10.0,4.0,7.0,3.0,0.0,H,2.0,0.0,H,13.0,14.0,4.0,3.0,12.0,15.0,6.0,6.0,3.0,1.0,0.0,0.0,2.16,3.55,3.4
E0,2023-12-17,Liverpool,Man United,1941.32,1794.65,9.0,13.0,3.0,9.0,0.0,0.0,D,0.0,0.0,D,34.0,6.0,8.0,1.0,13.0,8.0,12.0,0.0,2.0,4.0,0.0,1.0,1.32,6.09,8.5
E0,2023-12-21,Crystal Palace,Brighton,1708.63,1817.04,1.0,2.0,4.0,7.0,1.0,1.0,D,1.0,0.0,H,11.0,18.0,3.0,6.0,12.0,11.0,3.0,1.0,5.0,2.0,0.0,0.0,3.35,3.5,2.18
E0,2023-12-22,Aston Villa,Sheffield United,1860.02,1587.78,9.0,13.0,3.0,3.0,1.0,1.0,D,0.0,0.0,D,12.0,5.0,4.0,2.0,11.0,16.0,9.0,1.0,3.0,3.0,0.0,0.0,1.24,6.67,11.7
E0,2023-12-23,West Ham,Man United,1771.72,1794.65,6.0,10.0,4.0,7.0,2.0,0.0,H,0.0,0.0,D,12.0,11.0,5.0,3.0,13.0,15.0,4.0,4.0,2.0,3.0,0.0,0.0,2.61,3.65,2.6
E0,2023-12-23,Fulham,Burnley,1741.84,1651.03,6.0,9.0,1.0,4.0,0.0,2.0,A,0.0,0.0,D,19.0,7.0,5.0,2.0,5.0,17.0,8.0,6.0,2.0,1.0,0.0,0.0,1.7,3.94,5.01
E0,2023-12-23,Luton,Newcastle,1587.58,1827.07,0.0,3.0,3.0,9.0,1.0,0.0,H,1.0,0.0,H,16.0,15.0,5.0,2.0,11.0,5.0,6.0,7.0,2.0,1.0,0.0,0.0,5.0,4.23,1.65
E0,2023-12-23,Nottm Forest,Bournemouth,1655.74,1697.19,1.0,1.0,7.0,13.0,2.0,3.0,A,0.0,0.0,D,11.0,18.0,5.0,7.0,10.0,10.0,6.0,6.0,0.0,3.0,1.0,0.0,2.76,3.49,2.54
E0,2023-12-23,Tottenham,Everton,1831.21,1730.72,6.0,7.0,9.0,12.0,2.0,1.0,H,2.0,0.0,H,13.0,18.0,6.0,8.0,6.0,18.0,3.0,8.0,1.0,4.0,0.0,0.0,1.8,4.16,4.08
E0,2023-12-23,Liverpool,Arsenal,1941.32,1933.94,7.0,11.0,6.0,12.0,1.0,1.0,D,1.0,1.0,D,13.0,13.0,3.0,2.0,13.0,14.0,4.0,5.0,2.0,5.0,0.0,0.0,2.43,3.63,2.83
E0,2023-12-24,Wolves,Chelsea,1707.74,1771.25,4.0,4.0,3.0,6.0,2.0,1.0,H,0.0,0.0,D,14.0,16.0,6.0,5.0,11.0,9.0,10.0,6.0,3.0,5.0,0.0,0.0,3.73,3.73,1.98
E0,2023-12-26,Newcastle,Nottm Forest,1827.07,1655.74,3.0,6.0,1.0,1.0,1.0,3.0,A,1.0,1.0,D,19.0,15.0,7.0,6.0,10.0,11.0,10.0,2.0,3.0,3.0,0.0,0.0,1.51,4.41,6.57
E0,2023-12-26,Bournemouth,Fulham,1697.19,1741.84,9.0,13.0,3.0,6.0,3.0,0.0,H,1.0,0.0,H,16.0,8.0,4.0,3.0,10.0,10.0,6.0,5.0,0.0,2.0,0.0,0.0,2.22,3.62,3.2
E0,2023-12-26,Sheffield United,Luton,1587.78,1587.58,4.0,4.0,3.0,6.0,2.0,3.0,A,0.0,1.0,A,21.0,12.0,6.0,4.0,13.0,13.0,9.0,4.0,5.0,0.0,0.0,0.0,2.41,3.32,3.07
E0,2023-12-26,Burnley,Liverpool,1651.03,1941.32,4.0,7.0,5.0,11.0,0.0,2.0,A,0.0,1.0,A,9.0,19.0,0.0,10.0,7.0,10.0,4.0,4.0,2.0,1.0,0.0,0.0,7.67,5.3,1.39
E0,2023-12-26,Man United,Aston Villa,1794.65,1860.02,1.0,4.0,7.0,11.0,3.0,2.0,H,0.0,2.0,A,13.0,10.0,7.0,4.0,10.0,10.0,3.0,6.0,1.0,3.0,0.0,0.0,2.63,3.63,2.61
E0,2023-12-27,Brentford,Wolves,1778.42,1707.74,0.0,3.0,4.0,7.0,1.0,4.0,A,1.0,3.0,A,14.0,11.0,4.0,5.0,5.0,14.0,8.0,2.0,1.0,1.0,0.0,0.0,1.96,3.59,3.97
E0,2023-12-27,Chelsea,Crystal Palace,1771.25,1708.63,3.0,6.0,2.0,3.0,2.0,1.0,H,1.0,1.0,D,9.0,13.0,4.0,5.0,13.0,16.0,4.0,3.0,3.0,2.0,0.0,0.0,1.7,3.91,5.02
E0,2023-12-27,Everton,Man City,1730.72,2045.39,6.0,12.0,4.0,6.0,1.0,3.0,A,1.0,0.0,H,7.0,23.0,2.0,9.0,13.0,5.0,8.0,4.0,4.0,2.0,0.0,0.0,5.84,4.17,1.59
E0,2023-12-28,Brighton,Tottenham,1817.04,1831.21,2.0,5.0,9.0,10.0,4.0,2.0,H,2.0,0.0,H,15.0,19.0,9.0,3.0,18.0,6.0,7.0,6.0,3.0,2.0,0.0,0.0,2.52,3.9,2.57
E0,2023-12-28,Arsenal,West Ham,1933.94,1771.72,4.0,10.0,6.0,10.0,0.0,2.0,A,0.0,1.0,A,30.0,6.0,8.0,3.0,8.0,8.0,10.0,3.0,2.0,0.0,0.0,0.0,1.35,5.39,8.64
E0,2023-12-30,Luton,Chelsea,1587.58,1771.25,6.0,6.0,6.0,6.0,2.0,3.0,A,0.0,2.0,A,15.0,12.0,6.0,8.0,14.0,21.0,7.0,2.0,2.0,2.0,0.0,0.0,6.04,4.53,1.53
E0,2023-12-30,Aston Villa,Burnley,1860.02,1651.03,4.0,10.0,3.0,4.0,3.0,2.0,H,2.0,1.0,H,19.0,9.0,7.0,5.0,9.0,14.0,6.0,2.0,4.0,1.0,0.0,1.0,1.37,5.27,8.15
E0,2023-12-30,Crystal Palace,Brentford,1708.63,1778.42,2.0,2.0,0.0,3.0,3.0,1.0,H,2.0,1.0,H,13.0,9.0,6.0,4.0,14.0,10.0,7.0,4.0,0.0,1.0,0.0,0.0,2.23,3.33,3.43
E0,2023-12-30,Man City,Sheffield United,2045.39,1587.78,7.0,8.0,1.0,4.0,2.0,0.0,H,1.0,0.0,H,18.0,4.0,4.0,2.0,5.0,6.0,12.0,2.0,1.0,1.0,0.0,0.0,1.08,12.85,29.4
E0,2023-12-30,Wolves,Everton,1707.74,1730.72,6.0,10.0,3.0,9.0,3.0,0.0,H,1.0,0.0,H,12.0,10.0,6.0,0.0,9.0,14.0,5.0,2.0,2.0,3.0,0.0,0.0,2.64,3.38,2.74
E0,2023-12-30,Nottm Forest,Man United,1655.74,1794.65,3.0,4.0,4.0,7.0,2.0,1.0,H,0.0,0.0,D,8.0,10.0,2.0,5.0,9.0,11.0,4.0,5.0,2.0,4.0,0.0,0.0,3.27,3.68,2.16
E0,2023-12-31,Fulham,Arsenal,1741.84,1933.94,0.0,6.0,4.0,7.0,2.0,1.0,H,1.0,1.0,D,15.0,13.0,4.0,3.0,11.0,10.0,5.0,4.0,4.0,1.0,0.0,0.0,5.74,4.29,1.57
E0,2023-12-31,Tottenham,Bournemouth,1831.21,1697.19,6.0,9.0,9.0,13.0,3.0,1.0,H,1.0,0.0,H,12.0,24.0,6.0,4.0,9.0,18.0,4.0,13.0,3.0,3.0,0.0,0.0,1.78,4.33,4.04
E0,2024-01-01,Liverpool,Newcastle,1938.96,1802.78,5.0,11.0,3.0,3.0,4.0,2.0,H,0.0,0.0,D,34.0,5.0,15.0,3.0,16.0,15.0,7.0,3.0,3.0,5.0,0.0,0.0,1.46,4.88,6.56
E0,2024-01-02,West Ham,Brighton,1808.97,1820.64,9.0,12.0,4.0,8.0,0.0,0.0,D,0.0,0.0,D,6.0,22.0,2.0,8.0,4.0,6.0,2.0,0.0,1.0,0.0,0.0,0.0,2.47,3.7,2.73
E0,2024-01-12,Burnley,Luton,1650.16,1604.56,3.0,4.0,6.0,6.0,1.0,1.0,D,1.0,0.0,H,13.0,14.0,7.0,5.0,7.0,12.0,2.0,8.0,1.0,0.0,0.0,0.0,2.03,3.58,3.74
E0,2024-01-13,Chelsea,Fulham,1777.53,1717.38,6.0,9.0,3.0,6.0,1.0,0.0,H,1.0,0.0,H,17.0,14.0,3.0,4.0,13.0,9.0,6.0,4.0,5.0,1.0,0.0,0.0,1.64,4.24,5.19
E0,2024-01-13,Newcastle,Man City,1802.78,2042.04,0.0,3.0,7.0,10.0,2.0,3.0,A,2.0,1.0,H,12.0,27.0,5.0,11.0,7.0,7.0,3.0,13.0,1.0,2.0,0.0,0.0,5.5,4.47,1.57
E0,2024-01-14,Everton,Aston Villa,1721.11,1854.15,0.0,6.0,4.0,10.0,0.0,0.0,D,0.0,0.0,D,10.0,16.0,2.0,5.0,13.0,14.0,4.0,5.0,1.0,4.0,0.0,0.0,2.79,3.62,2.45
E0,2024-01-14,Man United,Tottenham,1787.94,1837.71,3.0,4.0,6.0,12.0,2.0,2.0,D,2.0,1.0,H,9.0,16.0,2.0,6.0,8.0,5.0,8.0,13.0,2.0,1.0,0.0,0.0,2.2,3.93,3.0
E0,2024-01-20,Arsenal,Crystal Palace,1910.55,1723.29,1.0,4.0,4.0,5.0,5.0,0.0,H,2.0,0.0,H,21.0,12.0,6.0,5.0,8.0,12.0,6.0,7.0,0.0,0.0,0.0,0.0,1.29,5.74,11.19
E0,2024-01-20,Brentford,Nottm Forest,1740.89,1669.96,0.0,0.0,6.0,7.0,3.0,2.0,H,1.0,1.0,D,11.0,12.0,5.0,3.0,10.0,14.0,6.0,4.0,1.0,3.0,0.0,0.0,1.9,3.72,4.06
E0,2024-01-21,Sheffield United,West Ham,1580.96,1807.66,1.0,4.0,7.0,10.0,2.0,2.0,D,1.0,1.0,D,21.0,16.0,6.0,5.0,11.0,10.0,4.0,1.0,3.0,1.0,1.0,1.0,3.43,3.43,2.18
E0,2024-01-21,Bournemouth,Liverpool,1711.89,1944.01,6.0,12.0,7.0,11.0,0.0,4.0,A,0.0,0.0,D,11.0,14.0,1.0,7.0,9.0,12.0,8.0,5.0,1.0,2.0,0.0,0.0,4.38,4.37,1.71
E0,2024-01-22,Brighton,Wolves,1821.95,1738.8,5.0,6.0,9.0,10.0,0.0,0.0,D,0.0,0.0,D,11.0,8.0,4.0,3.0,10.0,13.0,8.0,2.0,1.0,4.0,0.0,0.0,1.65,4.29,4.95
E0,2024-01-30,Nottm Forest,Arsenal,1669.96,1910.55,6.0,6.0,3.0,7.0,1.0,2.0,A,0.0,0.0,D,9.0,19.0,3.0,3.0,6.0,7.0,2.0,11.0,0.0,1.0,0.0,0.0,8.12,5.09,1.39
E0,2024-01-30,Fulham,Everton,1712.25,1723.25,3.0,3.0,1.0,4.0,0.0,0.0,D,0.0,0.0,D,25.0,21.0,6.0,4.0,6.0,13.0,15.0,6.0,1.0,2.0,0.0,0.0,2.45,3.33,3.01
E0,2024-01-30,Luton,Brighton,1607.44,1821.95,4.0,7.0,5.0,6.0,4.0,0.0,H,3.0,0.0,H,18.0,9.0,8.0,2.0,13.0,14.0,7.0,4.0,2.0,2.0,0.0,0.0,4.34,4.09,1.78
E0,2024-01-30,Crystal Palace,Sheffield United,1723.29,1580.96,3.0,5.0,1.0,2.0,3.0,2.0,H,2.0,2.0,D,12.0,9.0,4.0,5.0,8.0,18.0,11.0,1.0,1.0,4.0,0.0,0.0,1.64,3.87,5.92
E0,2024-01-30,Aston Villa,Newcastle,1852.02,1794.1,4.0,8.0,0.0,3.0,1.0,3.0,A,0.0,2.0,A,12.0,14.0,6.0,5.0,14.0,12.0,8.0,7.0,4.0,1.0,0.0,0.0,1.86,4.07,3.92
E0,2024-01-31,Man City,Burnley,2045.67,1647.28,9.0,13.0,1.0,4.0,3.0,1.0,H,2.0,0.0,H,14.0,8.0,4.0,3.0,3.0,13.0,7.0,3.0,2.0,2.0,0.0,0.0,1.1,11.19,24.13
E0,2024-01-31,Tottenham,Brentford,1837.93,1740.89,4.0,10.0,3.0,3.0,3.0,2.0,H,0.0,1.0,A,19.0,9.0,5.0,5.0,13.0,15.0,5.0,3.0,2.0,3.0,0.0,0.0,1.67,4.34,4.75
E0,2024-01-31,Liverpool,Chelsea,1944.01,1782.66,9.0,11.0,9.0,12.0,4.0,1.0,H,2.0,0.0,H,28.0,4.0,13.0,3.0,15.0,16.0,8.0,1.0,2.0,4.0,0.0,0.0,1.58,4.61,5.15
E0,2024-02-01,West Ham,Bournemouth,1803.15,1704.17,5.0,11.0,3.0,9.0,1.0,1.0,D,0.0,1.0,A,9.0,9.0,3.0,4.0,13.0,11.0,1.0,5.0,1.0,3.0,0.0,0.0,2.43,3.73,2.75
E0,2024-02-01,Wolves,Man United,1742.64,1787.71,7.0,10.0,4.0,5.0,3.0,4.0,A,0.0,2.0,A,16.0,21.0,7.0,8.0,10.0,10.0,4.0,5.0,2.0,5.0,0.0,0.0,2.7,3.58,2.54
E0,2024-02-03,Everton,Tottenham,1724.58,1842.18,2.0,2.0,7.0,10.0,2.0,2.0,D,1.0,2.0,A,14.0,9.0,5.0,6.0,8.0,14.0,9.0,5.0,3.0,0.0,0.0,0.0,2.94,3.69,2.34
E0,2024-02-03,Brighton,Crystal Palace,1794.08,1720.75,2.0,6.0,6.0,7.0,4.0,1.0,H,3.0,0.0,H,13.0,7.0,6.0,5.0,8.0,14.0,3.0,2.0,1.0,3.0,0.0,0.0,1.7,4.07,4.82
E0,2024-02-03,Burnley,Fulham,1646.1,1710.92,1.0,4.0,4.0,4.0,2.0,2.0,D,0.0,2.0,A,12.0,15.0,4.0,7.0,11.0,7.0,2.0,13.0,2.0,2.0,0.0,0.0,2.94,3.45,2.43
E0,2024-02-03,Newcastle,Luton,1809.53,1631.46,3.0,3.0,4.0,10.0,4.0,4.0,D,2.0,2.0,D,19.0,11.0,6.0,8.0,13.0,16.0,8.0,2.0,2.0,2.0,0.0,0.0,1.43,4.97,7.02
E0,2024-02-03,Sheffield United,Aston Villa,1581.74,1836.58,1.0,2.0,4.0,5.0,0.0,5.0,A,0.0,4.0,A,10.0,14.0,5.0,10.0,10.0,7.0,3.0,4.0,1.0,0.0,0.0,0.0,5.1,4.29,1.63
E0,2024-02-04,Bournemouth,Nottm Forest,1704.17,1661.52,1.0,7.0,3.0,6.0,1.0,1.0,D,1.0,1.0,D,9.0,8.0,2.0,6.0,19.0,12.0,11.0,6.0,3.0,2.0,1.0,0.0,1.7,4.15,4.65
E0,2024-02-04,Chelsea,Wolves,1777.44,1742.64,6.0,9.0,4.0,10.0,2.0,4.0,A,1.0,2.0,A,15.0,14.0,6.0,7.0,15.0,11.0,10.0,1.0,3.0,2.0,0.0,0.0,1.63,4.22,5.24
E0,2024-02-04,Man United,West Ham,1787.71,1803.15,4.0,7.0,3.0,9.0,3.0,0.0,H,1.0,0.0,H,12.0,22.0,5.0,3.0,10.0,5.0,5.0,8.0,0.0,1.0,0.0,0.0,1.66,4.23,4.93
E0,2024-02-04,Arsenal,Liverpool,1920.36,1956.96,6.0,7.0,9.0,13.0,3.0,1.0,H,1.0,1.0,D,15.0,10.0,7.0,1.0,11.0,11.0,2.0,4.0,6.0,2.0,0.0,1.0,2.25,3.67,3.07
E0,2024-02-05,Brentford,Man City,1741.56,2046.85,3.0,3.0,9.0,13.0,1.0,3.0,A,1.0,1.0,D,9.0,25.0,3.0,15.0,2.0,4.0,8.0,13.0,1.0,0.0,0.0,0.0,7.17,4.99,1.42
E0,2024-02-10,Man City,Everton,2046.85,1724.58,9.0,15.0,3.0,3.0,2.0,0.0,H,0.0,0.0,D,19.0,5.0,3.0,1.0,6.0,11.0,9.0,0.0,0.0,2.0,0.0,0.0,1.2,7.36,13.47
E0,2024-02-10,Fulham,Bournemouth,1710.92,1704.17,2.0,5.0,2.0,5.0,3.0,1.0,H,2.0,0.0,H,7.0,25.0,6.0,4.0,11.0,11.0,1.0,14.0,1.0,2.0,0.0,0.0,2.4,3.58,2.88
E0,2024-02-10,Liverpool,Burnley,1956.96,1646.1,6.0,12.0,2.0,2.0,3.0,1.0,H,1.0,1.0,D,25.0,9.0,10.0,4.0,11.0,13.0,9.0,3.0,3.0,2.0,0.0,0.0,1.16,8.4,15.8
E0,2024-02-10,Luton,Sheffield United,1631.46,1581.74,5.0,8.0,1.0,1.0,1.0,3.0,A,0.0,2.0,A,20.0,7.0,5.0,3.0,7.0,12.0,13.0,1.0,1.0,2.0,0.0,0.0,1.77,3.88,4.59
E0,2024-02-10,Tottenham,Brighton,1842.18,1794.08,5.0,8.0,4.0,8.0,2.0,1.0,H,0.0,1.0,A,16.0,6.0,6.0,3.0,14.0,13.0,9.0,6.0,2.0,3.0,0.0,0.0,1.82,4.31,3.84
E0,2024-02-10,Wolves,Brentford,1742.64,1741.56,4.0,10.0,3.0,3.0,0.0,2.0,A,0.0,1.0,A,17.0,9.0,5.0,6.0,11.0,9.0,7.0,4.0,2.0,3.0,0.0,0.0,2.12,3.66,3.38
E0,2024-02-10,Nottm Forest,Newcastle,1661.52,1809.53,1.0,7.0,4.0,4.0,2.0,3.0,A,2.0,2.0,D,13.0,7.0,3.0,5.0,9.0,6.0,4.0,4.0,1.0,2.0,0.0,0.0,3.3,3.71,2.13
E0,2024-02-11,West Ham,Arsenal,1803.15,1920.36,2.0,6.0,9.0,9.0,0.0,6.0,A,0.0,4.0,A,5.0,25.0,1.0,12.0,17.0,11.0,2.0,6.0,4.0,0.0,0.0,0.0,5.81,4.38,1.55
E0,2024-02-11,Aston Villa,Man United,1836.58,1787.71,4.0,7.0,7.0,10.0,1.0,2.0,A,0.0,1.0,A,23.0,17.0,10.0,5.0,9.0,7.0,10.0,8.0,3.0,2.0,0.0,0.0,2.17,3.83,3.11
E0,2024-02-12,Crystal Palace,Chelsea,1720.75,1777.44,3.0,6.0,3.0,9.0,1.0,3.0,A,1.0,0.0,H,13.0,14.0,4.0,5.0,14.0,7.0,1.0,7.0,2.0,2.0,0.0,0.0,4.2,3.8,1.84
E0,2024-02-17,Brentford,Liverpool,1751.81,1948.84,3.0,6.0,6.0,12.0,1.0,4.0,A,0.0,1.0,A,15.0,15.0,6.0,8.0,4.0,18.0,1.0,6.0,2.0,1.0,0.0,0.0,5.24,4.52,1.59
E0,2024-02-17,Burnley,Arsenal,1644.39,1944.81,1.0,2.0,9.0,12.0,0.0,5.0,A,0.0,2.0,A,8.0,16.0,0.0,7.0,11.0,8.0,4.0,6.0,2.0,1.0,0.0,0.0,9.94,5.73,1.31
E0,2024-02-17,Fulham,Aston Villa,1719.99,1834.22,5.0,8.0,3.0,7.0,1.0,2.0,A,0.0,1.0,A,15.0,12.0,4.0,3.0,11.0,6.0,4.0,4.0,5.0,2.0,0.0,0.0,2.94,3.77,2.29
E0,2024-02-17,Newcastle,Bournemouth,1809.64,1696.6,7.0,7.0,2.0,2.0,2.0,2.0,D,0.0,0.0,D,17.0,12.0,5.0,7.0,9.0,22.0,4.0,2.0,1.0,3.0,0.0,0.0,1.85,4.16,3.83
E0,2024-02-17,Nottm Forest,West Ham,1658.76,1773.71,1.0,4.0,1.0,3.0,2.0,0.0,H,1.0,0.0,H,19.0,10.0,8.0,3.0,13.0,15.0,5.0,3.0,4.0,4.0,0.0,1.0,2.43,3.51,2.9
E0,2024-02-17,Tottenham,Wolves,1846.06,1735.65,7.0,11.0,3.0,7.0,1.0,2.0,A,0.0,1.0,A,15.0,12.0,4.0,7.0,8.0,13.0,10.0,4.0,0.0,1.0,0.0,0.0,1.55,4.75,5.37
E0,2024-02-17,Man City,Chelsea,2053.2,1774.07,9.0,15.0,3.0,9.0,1.0,1.0,D,0.0,1.0,A,31.0,9.0,5.0,6.0,7.0,12.0,12.0,1.0,1.0,3.0,0.0,0.0,1.35,5.64,8.22
E0,2024-02-18,Sheffield United,Brighton,1589.72,1797.19,3.0,4.0,3.0,5.0,0.0,5.0,A,0.0,2.0,A,6.0,24.0,1.0,10.0,3.0,5.0,5.0,10.0,1.0,4.0,1.0,0.0,4.92,4.3,1.65
E0,2024-02-18,Luton,Man United,1621.88,1818.22,4.0,5.0,9.0,10.0,1.0,2.0,A,1.0,2.0,A,22.0,21.0,4.0,9.0,7.0,21.0,8.0,6.0,3.0,5.0,0.0,0.0,4.07,4.09,1.81
E0,2024-02-19,Everton,Crystal Palace,1724.62,1700.97,2.0,3.0,3.0,6.0,1.0,1.0,D,0.0,0.0,D,19.0,10.0,4.0,4.0,8.0,12.0,3.0,6.0,0.0,2.0,0.0,0.0,1.73,3.68,5.12
E0,2024-02-20,Man City,Brentford,2053.2,1751.81,7.0,13.0,3.0,6.0,1.0,0.0,H,0.0,0.0,D,25.0,6.0,11.0,2.0,12.0,6.0,10.0,1.0,2.0,4.0,0.0,0.0,1.18,8.12,15.16
E0,2024-02-21,Liverpool,Luton,1948.84,1621.88,6.0,12.0,1.0,5.0,4.0,1.0,H,0.0,1.0,A,29.0,12.0,13.0,3.0,15.0,14.0,13.0,4.0,1.0,4.0,0.0,0.0,1.2,7.72,13.14
E0,2024-02-24,Aston Villa,Nottm Forest,1834.22,1658.76,6.0,7.0,4.0,4.0,4.0,2.0,H,3.0,1.0,H,16.0,10.0,6.0,3.0,7.0,16.0,7.0,2.0,1.0,2.0,0.0,0.0,1.55,4.54,5.63
E0,2024-02-24,Brighton,Everton,1797.19,1724.62,6.0,7.0,2.0,4.0,1.0,1.0,D,0.0,0.0,D,23.0,6.0,7.0,3.0,9.0,14.0,11.0,3.0,2.0,3.0,1.0,0.0,1.84,3.93,4.1
E0,2024-02-24,Crystal Palace,Burnley,1700.97,1644.39,1.0,4.0,1.0,2.0,3.0,0.0,H,0.0,0.0,D,15.0,2.0,6.0,0.0,8.0,13.0,12.0,3.0,3.0,1.0,0.0,1.0,2.01,3.46,3.92
E0,2024-02-24,Man United,Fulham,1818.22,1719.99,9.0,13.0,4.0,5.0,1.0,2.0,A,0.0,0.0,D,21.0,17.0,9.0,5.0,6.0,11.0,10.0,9.0,2.0,5.0,0.0,0.0,1.58,4.47,5.33
E0,2024-02-24,Bournemouth,Man City,1696.6,2053.2,2.0,3.0,7.0,13.0,0.0,1.0,A,0.0,1.0,A,13.0,15.0,4.0,6.0,14.0,6.0,3.0,8.0,2.0,2.0,0.0,0.0,6.96,5.16,1.42
E0,2024-02-24,Arsenal,Newcastle,1944.81,1809.64,9.0,15.0,5.0,8.0,4.0,1.0,H,2.0,0.0,H,18.0,3.0,8.0,2.0,15.0,6.0,9.0,0.0,1.0,0.0,0.0,0.0,1.38,5.34,7.53
E0,2024-02-25,Wolves,Sheffield United,1735.65,1589.72,6.0,7.0,3.0,4.0,1.0,0.0,H,1.0,0.0,H,13.0,12.0,2.0,4.0,8.0,4.0,5.0,6.0,2.0,1.0,0.0,0.0,1.46,4.69,6.86
E0,2024-02-26,West Ham,Brentford,1773.71,1751.81,0.0,2.0,3.0,3.0,4.0,2.0,H,2.0,1.0,H,17.0,14.0,6.0,8.0,5.0,9.0,1.0,7.0,1.0,2.0,0.0,0.0,2.5,3.6,2.73
E0,2024-03-02,Brentford,Chelsea,1732.08,1780.22,0.0,3.0,4.0,7.0,2.0,2.0,D,0.0,1.0,A,14.0,17.0,5.0,6.0,10.0,9.0,0.0,6.0,3.0,1.0,0.0,0.0,3.07,3.86,2.19
E0,2024-03-02,Everton,West Ham,1724.86,1768.29,2.0,4.0,3.0,4.0,1.0,3.0,A,0.0,0.0,D,22.0,12.0,11.0,5.0,9.0,6.0,4.0,5.0,1.0,2.0,0.0,0.0,2.09,3.57,3.52
E0,2024-03-02,Fulham,Brighton,1724.17,1801.61,6.0,8.0,4.0,7.0,3.0,0.0,H,2.0,0.0,H,12.0,15.0,5.0,5.0,16.0,10.0,2.0,6.0,1.0,2.0,0.0,0.0,2.59,3.64,2.62
E0,2024-03-02,Newcastle,Wolves,1797.59,1749.7,4.0,8.0,6.0,9.0,3.0,0.0,H,2.0,0.0,H,14.0,12.0,7.0,3.0,8.0,11.0,3.0,5.0,0.0,1.0,0.0,0.0,1.9,3.95,3.8
E0,2024-03-02,Nottm Forest,Liverpool,1666.19,1957.48,3.0,4.0,9.0,12.0,0.0,1.0,A,0.0,0.0,D,8.0,22.0,2.0,2.0,11.0,12.0,3.0,12.0,2.0,2.0,0.0,0.0,5.63,4.67,1.54
E0,2024-03-02,Tottenham,Crystal Palace,1832.72,1710.93,4.0,8.0,4.0,7.0,3.0,1.0,H,0.0,0.0,D,14.0,4.0,6.0,1.0,7.0,16.0,11.0,1.0,1.0,2.0,0.0,0.0,1.49,4.66,6.26
E0,2024-03-02,Luton,Aston Villa,1613.98,1843.88,0.0,4.0,6.0,9.0,2.0,3.0,A,0.0,2.0,A,13.0,12.0,5.0,8.0,8.0,19.0,8.0,6.0,1.0,4.0,0.0,0.0,4.29,4.3,1.74
E0,2024-03-03,Burnley,Bournemouth,1627.76,1697.8,0.0,1.0,1.0,3.0,0.0,2.0,A,0.0,1.0,A,20.0,10.0,6.0,3.0,8.0,13.0,7.0,2.0,2.0,4.0,0.0,0.0,3.72,3.78,1.96
E0,2024-03-03,Man City,Man United,2048.0,1809.47,7.0,13.0,6.0,12.0,3.0,1.0,H,0.0,1.0,A,27.0,3.0,8.0,1.0,5.0,10.0,15.0,2.0,0.0,1.0,0.0,0.0,1.27,6.33,10.06
E0,2024-03-04,Sheffield United,Arsenal,1575.9,1951.69,3.0,3.0,9.0,15.0,0.0,6.0,A,0.0,5.0,A,4.0,22.0,0.0,10.0,11.0,4.0,0.0,7.0,1.0,0.0,0.0,0.0,16.28,7.82,1.17
E0,2024-03-09,Man United,Everton,1809.47,1724.86,3.0,9.0,2.0,3.0,2.0,0.0,H,2.0,0.0,H,15.0,23.0,8.0,6.0,13.0,11.0,5.0,8.0,1.0,2.0,0.0,0.0,1.85,3.89,4.09
E0,2024-03-09,Bournemouth,Sheffield United,1697.8,1575.9,4.0,5.0,0.0,3.0,2.0,2.0,D,0.0,1.0,A,32.0,13.0,12.0,9.0,12.0,11.0,10.0,3.0,3.0,5.0,0.0,0.0,1.34,5.51,8.58
E0,2024-03-09,Crystal Palace,Luton,1710.93,1613.98,4.0,4.0,0.0,1.0,1.0,1.0,D,1.0,0.0,H,21.0,8.0,4.0,2.0,20.0,11.0,8.0,6.0,2.0,3.0,0.0,0.0,1.78,3.89,4.49
E0,2024-03-09,Wolves,Fulham,1749.7,1724.17,6.0,9.0,6.0,10.0,2.0,1.0,H,0.0,0.0,D,8.0,23.0,3.0,6.0,7.0,11.0,3.0,4.0,2.0,2.0,0.0,0.0,2.54,3.45,2.79
E0,2024-03-09,Arsenal,Brentford,1951.69,1732.08,9.0,15.0,1.0,4.0,2.0,1.0,H,1.0,1.0,D,17.0,9.0,6.0,4.0,9.0,10.0,10.0,4.0,2.0,4.0,0.0,0.0,1.23,6.84,12.02
E0,2024-03-10,Aston Villa,Tottenham,1843.88,1832.72,9.0,12.0,6.0,10.0,0.0,4.0,A,0.0,0.0,D,10.0,9.0,1.0,5.0,11.0,15.0,6.0,4.0,0.0,2.0,1.0,0.0,2.42,4.08,2.62
E0,2024-03-10,Brighton,Nottm Forest,1801.61,1666.19,4.0,7.0,3.0,4.0,1.0,0.0,H,1.0,0.0,H,10.0,9.0,3.0,4.0,14.0,14.0,6.0,3.0,4.0,4.0,0.0,0.0,1.78,4.04,4.25
E0,2024-03-10,West Ham,Burnley,1768.29,1627.76,6.0,6.0,0.0,1.0,2.0,2.0,D,0.0,2.0,A,22.0,11.0,4.0,4.0,11.0,18.0,4.0,4.0,2.0,4.0,0.0,0.0,1.67,4.08,4.97
E0,2024-03-10,Liverpool,Man City,1957.48,2048.0,9.0,12.0,9.0,13.0,1.0,1.0,D,0.0,1.0,A,19.0,10.0,6.0,6.0,6.0,10.0,7.0,4.0,0.0,3.0,0.0,0.0,2.95,3.83,2.25
E0,2024-03-11,Chelsea,Newcastle,1780.22,1797.59,5.0,5.0,4.0,8.0,3.0,2.0,H,1.0,1.0,D,12.0,11.0,8.0,3.0,12.0,7.0,0.0,4.0,3.0,1.0,0.0,0.0,1.94,4.08,3.54
E0,2024-03-13,Bournemouth,Luton,1697.8,1613.98,4.0,5.0,1.0,1.0,4.0,3.0,H,0.0,3.0,A,24.0,8.0,10.0,4.0,16.0,11.0,11.0,3.0,1.0,2.0,0.0,0.0,1.5,4.77,6.0
E0,2024-03-16,Burnley,Brentford,1624.47,1731.64,1.0,1.0,1.0,1.0,2.0,1.0,H,1.0,0.0,H,17.0,9.0,6.0,5.0,14.0,17.0,5.0,4.0,2.0,4.0,0.0,1.0,3.27,3.66,2.16
E0,2024-03-16,Luton,Nottm Forest,1611.21,1661.09,1.0,1.0,0.0,3.0,1.0,1.0,D,0.0,1.0,A,10.0,16.0,4.0,6.0,10.0,17.0,6.0,7.0,1.0,2.0,0.0,0.0,2.81,3.63,2.42
E0,2024-03-16,Fulham,Tottenham,1734.47,1858.81,6.0,9.0,6.0,10.0,3.0,0.0,H,1.0,0.0,H,16.0,14.0,7.0,5.0,9.0,10.0,4.0,5.0,2.0,3.0,0.0,0.0,3.4,3.93,2.01
E0,2024-03-17,West Ham,Aston Villa,1791.08,1836.8,7.0,7.0,6.0,9.0,1.0,1.0,D,1.0,0.0,H,13.0,13.0,5.0,5.0,13.0,12.0,7.0,11.0,3.0,3.0,0.0,0.0,2.65,3.73,2.51
E0,2024-03-30,Newcastle,West Ham,1801.73,1791.08,3.0,7.0,5.0,8.0,4.0,3.0,H,1.0,2.0,A,24.0,10.0,9.0,4.0,9.0,8.0,3.0,4.0,1.0,1.0,1.0,0.0,1.84,4.16,3.87
E0,2024-03-30,Bournemouth,Everton,1709.96,1708.61,7.0,8.0,1.0,2.0,2.0,1.0,H,0.0,0.0,D,11.0,7.0,4.0,3.0,14.0,11.0,9.0,8.0,1.0,2.0,0.0,0.0,2.2,3.61,3.23
E0,2024-03-30,Chelsea,Burnley,1789.41,1624.47,5.0,8.0,4.0,4.0,2.0,2.0,D,1.0,0.0,H,33.0,18.0,13.0,7.0,12.0,7.0,12.0,4.0,2.0,2.0,0.0,1.0,1.3,5.96,9.44
E0,2024-03-30,Nottm Forest,Crystal Palace,1661.09,1703.25,1.0,4.0,4.0,5.0,1.0,1.0,D,0.0,1.0,A,12.0,10.0,5.0,3.0,14.0,12.0,4.0,6.0,1.0,1.0,0.0,0.0,2.26,3.36,3.31
E0,2024-03-30,Sheffield United,Fulham,1578.46,1734.47,1.0,4.0,6.0,9.0,3.0,3.0,D,0.0,0.0,D,8.0,24.0,4.0,9.0,10.0,13.0,2.0,15.0,4.0,1.0,0.0,0.0,4.64,4.03,1.73
E0,2024-03-30,Tottenham,Luton,1858.81,1611.21,6.0,9.0,2.0,2.0,2.0,1.0,H,0.0,1.0,A,17.0,7.0,4.0,3.0,16.0,14.0,3.0,6.0,2.0,4.0,0.0,0.0,1.22,7.47,11.31
E0,2024-03-30,Aston Villa,Wolves,1836.8,1748.54,4.0,10.0,6.0,9.0,2.0,0.0,H,1.0,0.0,H,11.0,13.0,5.0,3.0,11.0,19.0,5.0,4.0,3.0,4.0,0.0,0.0,1.64,4.38,4.86
E0,2024-03-30,Brentford,Man United,1731.64,1814.69,1.0,1.0,3.0,9.0,1.0,1.0,D,0.0,0.0,D,31.0,11.0,5.0,5.0,7.0,14.0,14.0,4.0,2.0,2.0,0.0,0.0,3.06,3.83,2.2
E0,2024-03-31,Liverpool,Brighton,1967.72,1775.9,7.0,13.0,4.0,7.0,2.0,1.0,H,1.0,1.0,D,30.0,9.0,8.0,3.0,20.0,6.0,8.0,4.0,5.0,3.0,0.0,0.0,1.37,5.63,7.37
E0,2024-03-31,Man City,Arsenal,2052.31,1956.66,7.0,11.0,9.0,15.0,0.0,0.0,D,0.0,0.0,D,12.0,6.0,1.0,2.0,9.0,20.0,7.0,4.0,0.0,2.0,0.0,0.0,1.92,3.8,3.86
E0,2024-04-02,Newcastle,Everton,1808.21,1701.78,6.0,7.0,0.0,2.0,1.0,1.0,D,1.0,0.0,H,18.0,10.0,6.0,3.0,9.0,14.0,7.0,3.0,0.0,3.0,0.0,0.0,2.01,3.82,3.55
E0,2024-04-02,Nottm Forest,Fulham,1660.84,1748.07,2.0,2.0,4.0,10.0,3.0,1.0,H,3.0,0.0,H,16.0,18.0,4.0,3.0,7.0,8.0,3.0,8.0,0.0,0.0,0.0,0.0,2.71,3.49,2.62
E0,2024-04-02,Bournemouth,Crystal Palace,1716.79,1703.35,7.0,10.0,2.0,6.0,1.0,0.0,H,0.0,0.0,D,11.0,3.0,6.0,2.0,13.0,14.0,9.0,2.0,3.0,2.0,0.0,0.0,1.99,3.76,3.69
E0,2024-04-02,Burnley,Wolves,1639.1,1741.85,5.0,5.0,3.0,9.0,1.0,1.0,D,1.0,1.0,D,13.0,8.0,6.0,2.0,10.0,12.0,7.0,4.0,0.0,2.0,0.0,0.0,2.53,3.49,2.8
E0,2024-04-02,West Ham,Tottenham,1784.58,1843.99,2.0,8.0,6.0,9.0,1.0,1.0,D,1.0,1.0,D,11.0,13.0,4.0,4.0,13.0,9.0,9.0,5.0,1.0,4.0,0.0,0.0,3.3,4.16,2.01
E0,2024-04-03,Arsenal,Luton,1960.57,1609.06,7.0,13.0,1.0,2.0,2.0,0.0,H,2.0,0.0,H,13.0,5.0,4.0,1.0,12.0,8.0,3.0,1.0,1.0,1.0,0.0,0.0,1.1,11.25,22.73
E0,2024-04-03,Brentford,Brighton,1723.56,1773.14,1.0,2.0,3.0,7.0,0.0,0.0,D,0.0,0.0,D,5.0,24.0,2.0,6.0,9.0,12.0,1.0,5.0,1.0,1.0,0.0,0.0,2.39,3.79,2.78
E0,2024-04-03,Man City,Aston Villa,2048.41,1843.52,5.0,11.0,4.0,10.0,4.0,1.0,H,2.0,1.0,H,25.0,8.0,11.0,3.0,6.0,13.0,2.0,3.0,1.0,2.0,0.0,0.0,1.3,6.08,9.06
E0,2024-04-04,Liverpool,Sheffield United,1970.48,1581.97,7.0,13.0,2.0,2.0,3.0,1.0,H,1.0,0.0,H,29.0,8.0,9.0,3.0,6.0,9.0,13.0,1.0,0.0,1.0,0.0,0.0,1.08,12.59,25.43
E0,2024-04-04,Chelsea,Man United,1784.18,1813.36,5.0,9.0,4.0,7.0,4.0,3.0,H,2.0,2.0,D,28.0,19.0,10.0,5.0,7.0,15.0,12.0,3.0,3.0,0.0,0.0,0.0,2.02,4.05,3.31
E0,2024-04-06,Crystal Palace,Man City,1703.35,2048.41,2.0,5.0,5.0,11.0,2.0,4.0,A,1.0,1.0,D,7.0,18.0,4.0,8.0,13.0,3.0,2.0,9.0,1.0,1.0,0.0,0.0,10.3,5.59,1.31
E0,2024-04-06,Aston Villa,Brentford,1843.52,1723.56,4.0,7.0,2.0,3.0,3.0,3.0,D,1.0,0.0,H,11.0,8.0,3.0,3.0,15.0,11.0,11.0,3.0,2.0,2.0,0.0,0.0,1.7,4.2,4.68
E0,2024-04-06,Everton,Burnley,1701.78,1639.1,1.0,2.0,5.0,6.0,1.0,0.0,H,1.0,0.0,H,12.0,6.0,3.0,1.0,11.0,13.0,3.0,5.0,2.0,1.0,0.0,1.0,1.67,4.07,5.04
E0,2024-04-06,Fulham,Newcastle,1748.07,1808.21,4.0,7.0,4.0,7.0,0.0,1.0,A,0.0,0.0,D,14.0,12.0,4.0,5.0,10.0,13.0,14.0,3.0,1.0,2.0,0.0,0.0,2.37,3.82,2.81
E0,2024-04-06,Luton,Bournemouth,1609.06,1716.79,1.0,2.0,9.0,13.0,2.0,1.0,H,0.0,0.0,D,19.0,8.0,9.0,1.0,7.0,14.0,7.0,2.0,0.0,0.0,0.0,0.0,3.68,4.04,1.91
E0,2024-04-06,Wolves,West Ham,1741.85,1784.58,4.0,7.0,2.0,6.0,1.0,2.0,A,1.0,0.0,H,14.0,11.0,7.0,4.0,15.0,7.0,4.0,4.0,5.0,2.0,0.0,0.0,2.51,3.58,2.75
E0,2024-04-06,Brighton,Arsenal,1773.14,1960.57,4.0,5.0,7.0,13.0,0.0,3.0,A,0.0,1.0,A,10.0,20.0,2.0,7.0,14.0,13.0,8.0,7.0,1.0,2.0,0.0,0.0,5.15,4.25,1.64
E0,2024-04-07,Man United,Liverpool,1813.36,1970.48,4.0,4.0,7.0,13.0,2.0,2.0,D,0.0,1.0,A,9.0,28.0,5.0,7.0,9.0,10.0,6.0,11.0,5.0,2.0,0.0,0.0,4.69,4.65,1.63
E0,2024-04-07,Sheffield United,Chelsea,1581.97,1784.18,2.0,2.0,7.0,9.0,2.0,2.0,D,1.0,1.0,D,11.0,6.0,6.0,3.0,12.0,10.0,7.0,6.0,4.0,2.0,0.0,0.0,6.88,5.28,1.41
E0,2024-04-07,Tottenham,Nottm Forest,1843.99,1660.84,4.0,10.0,5.0,5.0,3.0,1.0,H,1.0,1.0,D,17.0,13.0,7.0,6.0,11.0,12.0,12.0,2.0,2.0,3.0,0.0,0.0,1.4,5.3,7.23
E0,2024-04-13,Newcastle,Tottenham,1808.21,1843.99,7.0,10.0,7.0,10.0,4.0,0.0,H,2.0,0.0,H,18.0,11.0,5.0,2.0,14.0,12.0,16.0,3.0,0.0,4.0,0.0,0.0,2.75,4.02,2.34
E0,2024-04-13,Brentford,Sheffield United,1723.56,1581.97,3.0,3.0,2.0,3.0,2.0,0.0,H,0.0,0.0,D,9.0,8.0,5.0,2.0,8.0,11.0,3.0,6.0,3.0,1.0,0.0,0.0,1.43,5.09,6.86
E0,2024-04-13,Burnley,Brighton,1639.1,1773.14,2.0,6.0,1.0,4.0,1.0,1.0,D,0.0,0.0,D,11.0,20.0,3.0,8.0,18.0,8.0,4.0,5.0,1.0,2.0,0.0,0.0,3.5,3.8,2.02
E0,2024-04-13,Man City,Luton,2048.41,1609.06,7.0,11.0,3.0,4.0,5.0,1.0,H,1.0,0.0,H,33.0,4.0,13.0,2.0,7.0,6.0,12.0,1.0,1.0,0.0,0.0,0.0,1.1,11.66,23.86
E0,2024-04-13,Nottm Forest,Wolves,1660.84,1741.85,4.0,5.0,1.0,4.0,2.0,2.0,D,1.0,1.0,D,18.0,11.0,9.0,4.0,15.0,10.0,10.0,1.0,2.0,3.0,0.0,0.0,2.16,3.55,3.37
E0,2024-04-13,Bournemouth,Man United,1716.79,1813.36,6.0,10.0,2.0,5.0,2.0,2.0,D,2.0,1.0,H,20.0,8.0,5.0,2.0,13.0,14.0,7.0,2.0,4.0,0.0,0.0,0.0,2.42,3.91,2.68
E0,2024-04-14,Liverpool,Crystal Palace,1970.48,1703.35,7.0,11.0,1.0,2.0,0.0,1.0,A,0.0,1.0,A,21.0,8.0,6.0,5.0,10.0,10.0,11.0,1.0,1.0,1.0,0.0,0.0,1.21,7.37,13.35
E0,2024-04-14,West Ham,Fulham,1784.58,1748.07,4.0,6.0,1.0,4.0,0.0,2.0,A,0.0,1.0,A,15.0,18.0,4.0,10.0,6.0,13.0,8.0,3.0,1.0,2.0,0.0,0.0,2.38,3.65,2.88
E0,2024-04-14,Arsenal,Aston Villa,1960.57,1843.52,7.0,13.0,4.0,5.0,0.0,2.0,A,0.0,0.0,D,18.0,11.0,4.0,2.0,12.0,7.0,4.0,6.0,3.0,1.0,0.0,0.0,1.28,6.1,9.89
E0,2024-04-15,Chelsea,Everton,1779.1,1702.99,5.0,9.0,4.0,4.0,6.0,0.0,H,4.0,0.0,H,14.0,10.0,10.0,2.0,5.0,21.0,4.0,8.0,1.0,4.0,0.0,0.0,1.71,4.2,4.53
E0,2024-04-20,Luton,Brentford,1607.52,1724.74,3.0,4.0,5.0,6.0,1.0,5.0,A,0.0,2.0,A,6.0,21.0,3.0,9.0,13.0,9.0,4.0,9.0,1.0,2.0,0.0,0.0,3.18,3.75,2.17
E0,2024-04-20,Sheffield United,Burnley,1571.93,1629.41,1.0,3.0,2.0,6.0,1.0,4.0,A,0.0,2.0,A,18.0,16.0,11.0,9.0,10.0,9.0,11.0,2.0,1.0,0.0,0.0,0.0,2.76,3.63,2.47
E0,2024-04-20,Wolves,Arsenal,1723.57,1940.7,2.0,5.0,6.0,10.0,0.0,2.0,A,0.0,1.0,A,5.0,24.0,3.0,9.0,14.0,9.0,1.0,2.0,3.0,2.0,0.0,0.0,8.05,5.05,1.39
E0,2024-04-21,Everton,Nottm Forest,1702.99,1661.41,4.0,4.0,4.0,6.0,2.0,0.0,H,1.0,0.0,H,7.0,8.0,4.0,3.0,15.0,9.0,6.0,4.0,3.0,2.0,0.0,0.0,2.07,3.52,3.63
E0,2024-04-21,Aston Villa,Bournemouth,1846.46,1706.73,4.0,8.0,4.0,10.0,3.0,1.0,H,1.0,1.0,D,14.0,14.0,4.0,6.0,8.0,14.0,8.0,4.0,1.0,3.0,0.0,0.0,1.87,4.11,3.76
E0,2024-04-21,Crystal Palace,West Ham,1700.9,1764.64,3.0,5.0,4.0,5.0,5.0,2.0,H,4.0,1.0,H,18.0,4.0,7.0,1.0,9.0,9.0,4.0,0.0,3.0,2.0,0.0,0.0,2.15,3.59,3.34
E0,2024-04-21,Fulham,Liverpool,1735.09,1922.76,3.0,7.0,4.0,8.0,1.0,3.0,A,1.0,1.0,D,12.0,14.0,5.0,7.0,5.0,11.0,1.0,4.0,3.0,0.0,0.0,0.0,5.19,4.67,1.57
E0,2024-04-23,Arsenal,Chelsea,1940.7,1779.1,6.0,10.0,7.0,11.0,5.0,0.0,H,1.0,0.0,H,27.0,7.0,10.0,1.0,12.0,11.0,4.0,2.0,2.0,2.0,0.0,0.0,1.45,4.93,6.78
E0,2024-04-24,Wolves,Bournemouth,1723.57,1706.73,1.0,2.0,1.0,7.0,0.0,1.0,A,0.0,1.0,A,15.0,21.0,4.0,6.0,10.0,17.0,8.0,12.0,4.0,1.0,0.0,1.0,2.72,3.6,2.52
E0,2024-04-24,Crystal Palace,Newcastle,1700.9,1818.04,6.0,7.0,7.0,10.0,2.0,0.0,H,0.0,0.0,D,20.0,7.0,7.0,2.0,10.0,15.0,7.0,2.0,3.0,3.0,0.0,0.0,2.76,3.68,2.43
E0,2024-04-24,Everton,Liverpool,1702.99,1922.76,6.0,7.0,4.0,10.0,2.0,0.0,H,1.0,0.0,H,16.0,23.0,6.0,7.0,6.0,13.0,4.0,13.0,0.0,3.0,0.0,0.0,7.11,4.98,1.42
E0,2024-04-24,Man United,Sheffield United,1799.7,1571.93,2.0,6.0,1.0,2.0,4.0,2.0,H,1.0,1.0,D,25.0,10.0,13.0,4.0,7.0,9.0,9.0,4.0,0.0,1.0,0.0,0.0,1.31,6.11,8.44
E0,2024-04-25,Brighton,Man City,1754.88,2050.41,2.0,5.0,9.0,11.0,0.0,4.0,A,0.0,3.0,A,7.0,14.0,3.0,6.0,10.0,3.0,4.0,4.0,2.0,0.0,0.0,0.0,6.65,4.95,1.44
E0,2024-04-27,West Ham,Liverpool,1764.64,1922.76,3.0,4.0,3.0,7.0,2.0,2.0,D,1.0,0.0,H,11.0,28.0,8.0,8.0,8.0,10.0,5.0,8.0,0.0,2.0,0.0,0.0,5.63,4.89,1.51
E0,2024-04-27,Fulham,Crystal Palace,1735.09,1700.9,3.0,4.0,9.0,9.0,1.0,1.0,D,0.0,0.0,D,9.0,14.0,2.0,4.0,11.0,15.0,5.0,9.0,0.0,2.0,0.0,0.0,2.11,3.6,3.42
E0,2024-04-27,Man United,Burnley,1799.7,1629.41,5.0,6.0,4.0,6.0,1.0,1.0,D,0.0,0.0,D,27.0,16.0,10.0,7.0,7.0,11.0,6.0,5.0,1.0,3.0,0.0,0.0,1.52,4.9,5.44
E0,2024-04-27,Newcastle,Sheffield United,1818.04,1571.93,6.0,10.0,0.0,1.0,5.0,1.0,H,1.0,1.0,D,20.0,15.0,7.0,5.0,9.0,10.0,4.0,5.0,0.0,0.0,0.0,0.0,1.23,7.04,11.1
E0,2024-04-27,Wolves,Luton,1723.57,1607.52,1.0,2.0,3.0,3.0,2.0,1.0,H,1.0,0.0,H,13.0,9.0,5.0,6.0,14.0,14.0,4.0,4.0,3.0,1.0,0.0,0.0,1.98,3.83,3.58
E0,2024-04-27,Everton,Brentford,1702.99,1724.74,6.0,10.0,7.0,9.0,1.0,0.0,H,0.0,0.0,D,18.0,10.0,1.0,4.0,10.0,12.0,6.0,6.0,1.0,2.0,0.0,0.0,2.36,3.5,2.97
E0,2024-04-27,Aston Villa,Chelsea,1846.46,1779.1,7.0,10.0,4.0,8.0,2.0,2.0,D,2.0,0.0,H,9.0,21.0,4.0,5.0,13.0,14.0,2.0,4.0,3.0,5.0,0.0,0.0,2.17,3.9,3.06
E0,2024-04-28,Bournemouth,Brighton,1706.73,1754.88,4.0,7.0,1.0,2.0,3.0,0.0,H,1.0,0.0,H,15.0,13.0,6.0,1.0,14.0,10.0,8.0,2.0,2.0,2.0,0.0,0.0,2.26,3.8,2.94
E0,2024-04-28,Tottenham,Arsenal,1824.92,1940.7,4.0,7.0,6.0,12.0,2.0,3.0,A,0.0,3.0,A,14.0,9.0,2.0,3.0,12.0,16.0,8.0,6.0,2.0,1.0,0.0,0.0,4.12,4.07,1.8
E0,2024-04-28,Nottm Forest,Man City,1661.41,2050.41,1.0,5.0,9.0,13.0,0.0,2.0,A,0.0,1.0,A,14.0,11.0,2.0,5.0,8.0,6.0,4.0,5.0,0.0,0.0,0.0,0.0,9.5,5.72,1.31
E0,2024-05-02,Chelsea,Tottenham,1780.29,1812.33,4.0,8.0,3.0,7.0,2.0,0.0,H,1.0,0.0,H,16.0,19.0,5.0,3.0,12.0,16.0,4.0,9.0,0.0,1.0,0.0,0.0,2.2,4.05,2.91
E0,2024-05-03,Luton,Everton,1584.42,1717.96,0.0,3.0,9.0,12.0,1.0,1.0,D,1.0,1.0,D,18.0,10.0,5.0,3.0,14.0,12.0,8.0,7.0,1.0,3.0,0.0,0.0,2.66,3.58,2.62
E0,2024-05-04,Arsenal,Bournemouth,1945.49,1717.85,9.0,12.0,6.0,7.0,3.0,0.0,H,1.0,0.0,H,25.0,7.0,9.0,2.0,16.0,12.0,6.0,1.0,2.0,3.0,0.0,0.0,1.2,7.59,12.74
E0,2024-05-04,Brentford,Fulham,1723.67,1720.62,6.0,8.0,4.0,4.0,0.0,0.0,D,0.0,0.0,D,7.0,15.0,3.0,3.0,3.0,6.0,7.0,6.0,1.0,1.0,0.0,0.0,2.12,3.8,3.25
E0,2024-05-04,Burnley,Newcastle,1642.13,1802.54,5.0,6.0,6.0,10.0,1.0,4.0,A,0.0,3.0,A,17.0,23.0,5.0,11.0,8.0,8.0,4.0,11.0,2.0,2.0,0.0,0.0,3.38,3.98,2.02
E0,2024-05-04,Sheffield United,Nottm Forest,1544.85,1644.14,0.0,1.0,1.0,4.0,1.0,3.0,A,1.0,1.0,D,17.0,15.0,5.0,4.0,9.0,7.0,5.0,3.0,0.0,1.0,1.0,0.0,4.68,4.25,1.69
E0,2024-05-04,Man City,Wolves,2046.36,1705.41,9.0,15.0,3.0,4.0,5.0,1.0,H,3.0,0.0,H,20.0,2.0,12.0,1.0,4.0,17.0,6.0,0.0,0.0,4.0,0.0,0.0,1.09,11.51,25.33
E0,2024-05-05,Brighton,Aston Villa,1729.74,1835.85,1.0,2.0,7.0,8.0,1.0,0.0,H,0.0,0.0,D,15.0,2.0,8.0,1.0,13.0,10.0,7.0,3.0,2.0,1.0,0.0,0.0,2.72,3.77,2.43
E0,2024-05-05,Chelsea,West Ham,1780.29,1744.92,4.0,8.0,1.0,5.0,5.0,0.0,H,3.0,0.0,H,25.0,13.0,14.0,2.0,12.0,10.0,8.0,6.0,1.0,3.0,0.0,0.0,1.65,4.55,4.58
E0,2024-05-05,Liverpool,Tottenham,1902.74,1812.33,4.0,5.0,0.0,4.0,4.0,2.0,H,2.0,0.0,H,25.0,11.0,13.0,6.0,14.0,12.0,8.0,3.0,1.0,4.0,0.0,0.0,1.48,5.26,5.61
E0,2024-05-06,Crystal Palace,Man United,1723.38,1790.74,7.0,10.0,5.0,6.0,4.0,0.0,H,2.0,0.0,H,18.0,7.0,10.0,2.0,12.0,8.0,6.0,3.0,1.0,1.0,0.0,0.0,2.38,3.76,2.79
E0,2024-05-11,Fulham,Man City,1720.62,2046.36,2.0,5.0,9.0,15.0,0.0,4.0,A,0.0,1.0,A,1.0,16.0,1.0,9.0,9.0,6.0,1.0,7.0,1.0,0.0,1.0,0.0,12.3,7.05,1.22
E0,2024-05-11,Bournemouth,Brentford,1717.85,1723.67,6.0,7.0,4.0,8.0,1.0,2.0,A,0.0,0.0,D,13.0,11.0,4.0,5.0,16.0,12.0,3.0,8.0,2.0,2.0,0.0,0.0,1.98,3.99,3.5
E0,2024-05-11,Everton,Sheffield United,1717.96,1544.85,7.0,10.0,0.0,0.0,1.0,0.0,H,1.0,0.0,H,15.0,13.0,6.0,1.0,6.0,11.0,3.0,6.0,1.0,2.0,0.0,0.0,1.4,5.13,7.46
E0,2024-05-11,Newcastle,Brighton,1802.54,1729.74,6.0,12.0,3.0,4.0,1.0,1.0,D,1.0,1.0,D,18.0,15.0,7.0,4.0,9.0,16.0,8.0,4.0,3.0,4.0,0.0,0.0,1.59,4.81,4.84
E0,2024-05-11,Tottenham,Burnley,1812.33,1642.13,0.0,3.0,4.0,5.0,2.0,1.0,H,1.0,1.0,D,21.0,7.0,9.0,3.0,10.0,14.0,9.0,3.0,3.0,5.0,0.0,0.0,1.35,6.01,7.33
E0,2024-05-11,West Ham,Luton,1744.92,1584.42,1.0,4.0,1.0,4.0,3.0,1.0,H,0.0,1.0,A,24.0,4.0,8.0,1.0,9.0,15.0,7.0,6.0,1.0,3.0,0.0,0.0,1.82,4.33,3.83
E0,2024-05-11,Wolves,Crystal Palace,1705.41,1723.38,3.0,4.0,7.0,13.0,1.0,3.0,A,0.0,2.0,A,13.0,13.0,7.0,3.0,13.0,12.0,8.0,3.0,3.0,2.0,0.0,1.0,2.86,3.51,2.47
E0,2024-05-11,Nottm Forest,Chelsea,1644.14,1780.29,3.0,4.0,7.0,10.0,2.0,3.0,A,1.0,1.0,D,20.0,12.0,4.0,5.0,14.0,8.0,5.0,6.0,2.0,3.0,0.0,0.0,3.39,3.94,2.03
E0,2024-05-12,Man United,Arsenal,1790.74,1945.49,4.0,6.0,9.0,12.0,0.0,1.0,A,0.0,1.0,A,14.0,11.0,2.0,5.0,5.0,6.0,4.0,7.0,0.0,2.0,0.0,0.0,7.08,5.5,1.39
E0,2024-05-13,Aston Villa,Liverpool,1835.85,1902.74,4.0,8.0,4.0,7.0,3.0,3.0,D,1.0,2.0,A,19.0,14.0,5.0,7.0,11.0,15.0,5.0,4.0,1.0,1.0,0.0,0.0,4.15,4.55,1.71
E0,2024-05-14,Tottenham,Man City,1812.33,2046.36,3.0,3.0,9.0,15.0,0.0,2.0,A,0.0,0.0,D,10.0,8.0,5.0,5.0,14.0,11.0,7.0,4.0,3.0,3.0,0.0,0.0,6.94,5.91,1.38
E0,2024-05-15,Brighton,Chelsea,1732.68,1798.52,4.0,5.0,9.0,10.0,1.0,2.0,A,0.0,1.0,A,12.0,13.0,2.0,6.0,13.0,14.0,4.0,6.0,2.0,2.0,0.0,1.0,3.37,3.99,2.02
E0,2024-05-15,Man United,Newcastle,1759.74,1798.56,1.0,5.0,7.0,10.0,3.0,2.0,H,1.0,0.0,H,17.0,21.0,8.0,8.0,16.0,7.0,9.0,9.0,3.0,3.0,0.0,0.0,2.73,4.04,2.34
E0,2024-05-19,Arsenal,Everton,1944.71,1709.04,9.0,15.0,7.0,13.0,2.0,1.0,H,1.0,1.0,D,26.0,5.0,5.0,2.0,8.0,11.0,8.0,1.0,4.0,3.0,0.0,0.0,1.17,8.04,15.37
E0,2024-05-19,Brentford,Newcastle,1721.75,1798.56,4.0,10.0,4.0,7.0,2.0,4.0,A,0.0,3.0,A,10.0,12.0,5.0,7.0,15.0,11.0,3.0,0.0,4.0,4.0,0.0,0.0,2.94,3.96,2.22
E0,2024-05-19,Brighton,Man United,1732.68,1759.74,4.0,4.0,3.0,7.0,0.0,2.0,A,0.0,0.0,D,17.0,11.0,3.0,4.0,10.0,9.0,7.0,5.0,1.0,3.0,0.0,0.0,2.17,4.11,2.95
E0,2024-05-19,Burnley,Nottm Forest,1620.34,1638.63,1.0,5.0,3.0,4.0,1.0,2.0,A,0.0,2.0,A,20.0,12.0,3.0,6.0,11.0,5.0,4.0,3.0,1.0,0.0,0.0,0.0,2.9,3.74,2.32
E0,2024-05-19,Chelsea,Bournemouth,1798.52,1695.08,9.0,13.0,3.0,6.0,2.0,1.0,H,1.0,0.0,H,16.0,22.0,6.0,5.0,5.0,9.0,6.0,5.0,2.0,3.0,0.0,0.0,1.45,5.32,5.99
E0,2024-05-19,Crystal Palace,Aston Villa,1742.57,1787.57,7.0,13.0,2.0,8.0,5.0,0.0,H,2.0,0.0,H,15.0,8.0,9.0,2.0,10.0,8.0,2.0,4.0,1.0,4.0,0.0,0.0,1.87,4.28,3.67
E0,2024-05-19,Liverpool,Wolves,1897.34,1681.21,5.0,8.0,3.0,3.0,2.0,0.0,H,2.0,0.0,H,36.0,4.0,14.0,3.0,14.0,11.0,10.0,2.0,1.0,1.0,0.0,1.0,1.16,8.71,14.55
E0,2024-05-19,Luton,Fulham,1572.35,1707.9,1.0,1.0,2.0,5.0,2.0,4.0,A,1.0,2.0,A,15.0,15.0,6.0,7.0,15.0,20.0,4.0,4.0,5.0,4.0,0.0,0.0,2.92,3.95,2.23
E0,2024-05-19,Man City,West Ham,2048.74,1728.07,9.0,15.0,4.0,4.0,3.0,1.0,H,2.0,1.0,H,28.0,3.0,12.0,2.0,3.0,12.0,11.0,2.0,0.0,1.0,0.0,0.0,1.1,11.72,21.81
E0,2024-05-19,Sheffield United,Tottenham,1522.76,1784.97,0.0,0.0,3.0,3.0,0.0,3.0,A,0.0,1.0,A,6.0,18.0,1.0,9.0,11.0,9.0,2.0,6.0,2.0,0.0,0.0,0.0,7.32,6.04,1.35
E0,2024-08-16,Man United,Fulham,1779.04,1716.28,6.0,7.0,4.0,5.0,1.0,0.0,H,0.0,0.0,D,14.0,10.0,5.0,2.0,12.0,10.0,7.0,8.0,2.0,3.0,0.0,0.0,1.62,4.36,5.15
E0,2024-08-17,Ipswich,Liverpool,1568.33,1900.69,7.0,9.0,7.0,8.0,0.0,2.0,A,0.0,0.0,D,7.0,18.0,2.0,5.0,9.0,18.0,2.0,10.0,3.0,1.0,0.0,0.0,8.28,5.76,1.34
E0,2024-08-17,Arsenal,Wolves,1946.9,1677.86,9.0,15.0,0.0,3.0,2.0,0.0,H,1.0,0.0,H,18.0,9.0,6.0,3.0,17.0,14.0,8.0,2.0,2.0,2.0,0.0,0.0,1.18,7.86,15.87
E0,2024-08-17,Everton,Brighton,1706.85,1713.16,4.0,10.0,1.0,4.0,0.0,3.0,A,0.0,1.0,A,9.0,10.0,1.0,5.0,8.0,8.0,1.0,5.0,1.0,1.0,1.0,0.0,2.67,3.41,2.68
E0,2024-08-17,Newcastle,Southampton,1801.8,1599.6,4.0,10.0,3.0,6.0,1.0,0.0,H,1.0,0.0,H,3.0,19.0,1.0,4.0,15.0,16.0,3.0,12.0,2.0,4.0,1.0,0.0,1.35,5.62,8.1
E0,2024-08-17,Nottm Forest,Bournemouth,1647.71,1691.12,6.0,6.0,0.0,6.0,1.0,1.0,D,1.0,0.0,H,14.0,13.0,8.0,4.0,17.0,8.0,2.0,6.0,1.0,3.0,0.0,0.0,2.45,3.49,2.89
E0,2024-08-17,West Ham,Aston Villa,1726.24,1770.44,3.0,4.0,1.0,5.0,1.0,2.0,A,1.0,1.0,D,14.0,15.0,3.0,3.0,18.0,11.0,5.0,3.0,1.0,2.0,0.0,0.0,2.44,3.69,2.79
E0,2024-08-18,Brentford,Crystal Palace,1711.08,1759.71,4.0,7.0,9.0,13.0,2.0,1.0,H,1.0,0.0,H,9.0,14.0,5.0,6.0,6.0,15.0,4.0,7.0,1.0,5.0,0.0,0.0,2.46,3.44,2.9
E0,2024-08-18,Chelsea,Man City,1810.12,2050.57,9.0,15.0,9.0,15.0,0.0,2.0,A,0.0,1.0,A,10.0,11.0,3.0,5.0,12.0,9.0,4.0,3.0,1.0,1.0,0.0,0.0,4.05,4.0,1.83
E0,2024-08-19,Leicester,Tottenham,1643.67,1790.56,6.0,9.0,6.0,6.0,1.0,1.0,D,0.0,1.0,A,7.0,15.0,3.0,7.0,11.0,12.0,2.0,13.0,1.0,1.0,0.0,0.0,5.01,4.37,1.63
E0,2024-08-24,Brighton,Man United,1713.16,1779.04,3.0,7.0,9.0,9.0,2.0,1.0,H,1.0,0.0,H,14.0,11.0,5.0,4.0,9.0,13.0,4.0,4.0,1.0,2.0,0.0,0.0,2.5,3.72,2.69
E0,2024-08-24,Crystal Palace,West Ham,1759.71,1726.24,6.0,10.0,3.0,4.0,0.0,2.0,A,0.0,0.0,D,14.0,18.0,2.0,3.0,9.0,17.0,3.0,3.0,1.0,1.0,0.0,0.0,2.17,3.63,3.25
E0,2024-08-24,Fulham,Leicester,1716.28,1643.67,3.0,5.0,4.0,10.0,2.0,1.0,H,1.0,1.0,D,18.0,10.0,6.0,4.0,14.0,13.0,7.0,5.0,2.0,2.0,0.0,0.0,1.83,3.73,4.38
E0,2024-08-24,Man City,Ipswich,2050.57,1568.33,9.0,15.0,6.0,8.0,4.0,1.0,H,3.0,1.0,H,14.0,1.0,5.0,1.0,4.0,15.0,10.0,1.0,2.0,3.0,0.0,0.0,1.09,12.17,26.97
E0,2024-08-24,Southampton,Nottm Forest,1599.6,1647.71,3.0,3.0,4.0,7.0,0.0,1.0,A,0.0,0.0,D,5.0,23.0,1.0,8.0,14.0,14.0,4.0,10.0,3.0,3.0,0.0,0.0,2.57,3.32,2.84
E0,2024-08-24,Tottenham,Everton,1790.56,1706.85,4.0,7.0,3.0,7.0,4.0,0.0,H,2.0,0.0,H,13.0,10.0,7.0,1.0,11.0,15.0,12.0,5.0,0.0,0.0,0.0,0.0,1.44,4.95,6.75
E0,2024-08-24,Aston Villa,Arsenal,1770.44,1946.9,4.0,5.0,9.0,15.0,0.0,2.0,A,0.0,0.0,D,11.0,9.0,3.0,4.0,8.0,15.0,4.0,1.0,1.0,3.0,0.0,0.0,4.41,3.92,1.78
E0,2024-08-25,Bournemouth,Newcastle,1691.12,1801.8,1.0,4.0,6.0,10.0,1.0,1.0,D,1.0,0.0,H,16.0,14.0,4.0,5.0,19.0,8.0,8.0,9.0,2.0,2.0,0.0,0.0,2.99,3.8,2.25
E0,2024-08-25,Wolves,Chelsea,1677.86,1810.12,0.0,3.0,6.0,12.0,2.0,6.0,A,2.0,2.0,D,12.0,14.0,4.0,8.0,13.0,13.0,5.0,5.0,2.0,3.0,0.0,0.0,4.37,4.0,1.77
E0,2024-08-25,Liverpool,Brentford,1900.69,1711.08,7.0,11.0,6.0,7.0,2.0,0.0,H,1.0,0.0,H,19.0,8.0,8.0,2.0,10.0,7.0,9.0,4.0,2.0,3.0,0.0,0.0,1.25,6.78,10.37
E0,2024-08-31,Arsenal,Brighton,1946.9,1713.16,9.0,15.0,6.0,7.0,1.0,1.0,D,1.0,0.0,H,11.0,22.0,7.0,4.0,12.0,7.0,3.0,7.0,3.0,2.0,1.0,0.0,1.35,5.66,8.11
E0,2024-08-31,Brentford,Southampton,1711.08,1599.6,3.0,7.0,3.0,3.0,3.0,1.0,H,1.0,0.0,H,20.0,18.0,7.0,6.0,10.0,7.0,2.0,8.0,2.0,1.0,0.0,0.0,1.77,3.97,4.46
E0,2024-08-31,Everton,Bournemouth,1706.85,1691.12,0.0,4.0,2.0,2.0,2.0,3.0,A,0.0,0.0,D,18.0,17.0,8.0,7.0,6.0,1.0,8.0,4.0,2.0,1.0,0.0,0.0,2.78,3.4,2.59
E0,2024-08-31,Ipswich,Fulham,1568.33,1716.28,3.0,7.0,6.0,7.0,1.0,1.0,D,1.0,1.0,D,11.0,9.0,4.0,4.0,15.0,15.0,8.0,6.0,2.0,3.0,0.0,0.0,3.1,3.5,2.31
E0,2024-08-31,Leicester,Aston Villa,1643.67,1770.44,1.0,7.0,3.0,4.0,1.0,2.0,A,0.0,1.0,A,9.0,10.0,3.0,5.0,13.0,21.0,1.0,4.0,4.0,5.0,0.0,0.0,4.62,4.02,1.74
E0,2024-08-31,Nottm Forest,Wolves,1647.71,1677.86,7.0,10.0,0.0,0.0,1.0,1.0,D,1.0,1.0,D,16.0,11.0,5.0,3.0,15.0,18.0,7.0,3.0,3.0,4.0,0.0,0.0,2.03,3.66,3.65
E0,2024-08-31,West Ham,Man City,1726.24,2050.57,3.0,6.0,9.0,15.0,1.0,3.0,A,1.0,2.0,A,10.0,23.0,2.0,8.0,10.0,3.0,3.0,11.0,3.0,2.0,0.0,0.0,7.57,5.49,1.38
E0,2024-09-01,Chelsea,Crystal Palace,1818.39,1737.58,6.0,12.0,3.0,9.0,1.0,1.0,D,1.0,0.0,H,13.0,9.0,7.0,3.0,9.0,13.0,4.0,5.0,4.0,2.0,0.0,0.0,1.63,4.4,5.01
E0,2024-09-01,Newcastle,Tottenham,1803.01,1796.9,7.0,8.0,7.0,10.0,2.0,1.0,H,1.0,0.0,H,9.0,20.0,3.0,6.0,16.0,13.0,7.0,12.0,4.0,4.0,0.0,0.0,2.51,3.97,2.56
E0,2024-09-01,Man United,Liverpool,1776.54,1908.05,6.0,9.0,9.0,13.0,0.0,3.0,A,0.0,2.0,A,8.0,11.0,3.0,3.0,7.0,7.0,5.0,2.0,4.0,1.0,0.0,0.0,3.82,4.2,1.85
E0,2024-09-14,Southampton,Man United,1583.9,1776.54,0.0,3.0,3.0,9.0,0.0,3.0,A,0.0,2.0,A,6.0,20.0,4.0,10.0,11.0,14.0,0.0,7.0,1.0,4.0,1.0,0.0,4.56,4.04,1.74
E0,2024-09-14,Brighton,Ipswich,1744.24,1567.4,7.0,7.0,1.0,7.0,0.0,0.0,D,0.0,0.0,D,21.0,6.0,6.0,1.0,14.0,16.0,9.0,2.0,4.0,3.0,0.0,0.0,1.38,5.16,7.89
E0,2024-09-14,Crystal Palace,Leicester,1737.58,1635.53,1.0,7.0,1.0,4.0,2.0,2.0,D,0.0,1.0,A,20.0,9.0,4.0,4.0,11.0,15.0,5.0,2.0,0.0,3.0,0.0,0.0,1.63,4.14,5.38
E0,2024-09-14,Fulham,West Ham,1713.83,1729.66,4.0,7.0,3.0,6.0,1.0,1.0,D,1.0,0.0,H,21.0,11.0,5.0,3.0,15.0,18.0,3.0,2.0,2.0,3.0,0.0,0.0,2.42,3.48,2.92
E0,2024-09-14,Liverpool,Nottm Forest,1908.05,1654.59,9.0,13.0,5.0,8.0,0.0,1.0,A,0.0,0.0,D,14.0,5.0,5.0,3.0,15.0,6.0,7.0,2.0,4.0,4.0,0.0,0.0,1.22,7.03,12.4
E0,2024-09-14,Man City,Brentford,2060.21,1720.59,9.0,15.0,6.0,9.0,2.0,1.0,H,2.0,1.0,H,18.0,8.0,7.0,5.0,9.0,3.0,12.0,3.0,3.0,1.0,0.0,0.0,1.17,8.2,14.79
E0,2024-09-14,Aston Villa,Everton,1777.81,1673.04,6.0,7.0,0.0,3.0,3.0,2.0,H,1.0,2.0,A,17.0,6.0,8.0,2.0,10.0,12.0,6.0,2.0,1.0,4.0,0.0,0.0,1.51,4.48,6.34
E0,2024-09-14,Bournemouth,Chelsea,1702.65,1818.39,5.0,5.0,4.0,10.0,0.0,1.0,A,0.0,0.0,D,19.0,10.0,7.0,3.0,16.0,9.0,6.0,3.0,6.0,8.0,0.0,0.0,3.33,3.96,2.05
E0,2024-09-15,Tottenham,Arsenal,1790.58,1950.36,4.0,7.0,7.0,13.0,0.0,1.0,A,0.0,0.0,D,15.0,7.0,5.0,4.0,13.0,10.0,7.0,6.0,5.0,3.0,0.0,0.0,2.99,3.59,2.33
E0,2024-09-15,Wolves,Newcastle,1664.87,1809.33,1.0,1.0,7.0,10.0,1.0,2.0,A,1.0,0.0,H,12.0,14.0,5.0,6.0,17.0,6.0,4.0,7.0,3.0,3.0,0.0,0.0,3.36,3.69,2.11
E0,2024-09-21,West Ham,Chelsea,1730.72,1821.04,4.0,4.0,7.0,10.0,0.0,3.0,A,0.0,2.0,A,15.0,12.0,7.0,5.0,17.0,9.0,6.0,5.0,5.0,2.0,0.0,0.0,3.49,3.89,2.01
E0,2024-09-21,Aston Villa,Wolves,1782.06,1664.87,6.0,9.0,1.0,1.0,3.0,1.0,H,0.0,1.0,A,9.0,10.0,4.0,4.0,11.0,16.0,6.0,5.0,3.0,6.0,0.0,0.0,1.59,4.39,5.35
E0,2024-09-21,Fulham,Newcastle,1712.78,1809.33,5.0,8.0,7.0,13.0,3.0,1.0,H,2.0,0.0,H,22.0,15.0,11.0,4.0,16.0,8.0,6.0,0.0,6.0,0.0,0.0,0.0,2.86,3.51,2.45
E0,2024-09-21,Leicester,Everton,1639.8,1668.79,1.0,2.0,0.0,0.0,1.0,1.0,D,0.0,1.0,A,12.0,16.0,2.0,5.0,11.0,12.0,6.0,1.0,1.0,2.0,0.0,0.0,2.52,3.44,2.82
E0,2024-09-21,Liverpool,Bournemouth,1903.09,1696.31,6.0,12.0,4.0,5.0,3.0,0.0,H,3.0,0.0,H,19.0,19.0,13.0,6.0,10.0,12.0,3.0,9.0,1.0,4.0,0.0,0.0,1.29,6.31,9.35
E0,2024-09-21,Southampton,Ipswich,1575.78,1573.19,0.0,3.0,2.0,5.0,1.0,1.0,D,1.0,0.0,H,11.0,13.0,3.0,6.0,16.0,16.0,2.0,10.0,4.0,4.0,0.0,0.0,2.25,3.52,3.17
E0,2024-09-21,Tottenham,Brentford,1790.58,1719.39,3.0,7.0,3.0,6.0,3.0,1.0,H,2.0,1.0,H,23.0,6.0,10.0,6.0,11.0,9.0,9.0,4.0,3.0,1.0,0.0,0.0,1.55,4.72,5.41
E0,2024-09-21,Crystal Palace,Man United,1737.0,1774.5,2.0,5.0,3.0,9.0,0.0,0.0,D,0.0,0.0,D,9.0,15.0,4.0,6.0,7.0,12.0,4.0,11.0,3.0,1.0,0.0,0.0,2.85,3.72,2.36
E0,2024-09-22,Brighton,Nottm Forest,1738.45,1669.72,5.0,8.0,7.0,11.0,2.0,2.0,D,2.0,1.0,H,14.0,4.0,3.0,3.0,12.0,11.0,9.0,1.0,3.0,4.0,0.0,1.0,1.86,3.83,4.21
E0,2024-09-22,Man City,Arsenal,2061.4,1950.36,9.0,15.0,7.0,13.0,2.0,2.0,D,1.0,2.0,A,33.0,5.0,11.0,3.0,7.0,10.0,8.0,2.0,3.0,4.0,0.0,1.0,1.83,3.62,4.52
E0,2024-09-28,Newcastle,Man City,1809.33,2061.4,6.0,10.0,7.0,13.0,1.0,1.0,D,0.0,1.0,A,11.0,16.0,4.0,6.0,14.0,10.0,5.0,6.0,4.0,4.0,0.0,0.0,5.09,4.47,1.61
E0,2024-09-28,Arsenal,Leicester,1950.36,1639.8,5.0,11.0,2.0,3.0,4.0,2.0,H,2.0,0.0,H,36.0,5.0,16.0,3.0,11.0,6.0,17.0,0.0,2.0,4.0,0.0,0.0,1.18,7.82,15.12
E0,2024-09-28,Brentford,West Ham,1719.39,1730.72,3.0,6.0,1.0,4.0,1.0,1.0,D,1.0,0.0,H,8.0,19.0,3.0,3.0,2.0,11.0,7.0,7.0,2.0,3.0,0.0,0.0,2.23,3.62,3.16
E0,2024-09-28,Chelsea,Brighton,1821.04,1738.45,7.0,10.0,3.0,9.0,4.0,2.0,H,4.0,2.0,H,15.0,15.0,7.0,5.0,11.0,8.0,8.0,2.0,3.0,2.0,0.0,0.0,1.74,4.23,4.35
E0,2024-09-28,Everton,Crystal Palace,1668.79,1737.0,1.0,1.0,3.0,3.0,2.0,1.0,H,0.0,1.0,A,8.0,17.0,2.0,5.0,13.0,11.0,5.0,8.0,2.0,1.0,0.0,0.0,2.73,3.39,2.63
E0,2024-09-28,Nottm Forest,Fulham,1669.72,1712.78,5.0,9.0,5.0,8.0,0.0,1.0,A,0.0,0.0,D,11.0,14.0,1.0,2.0,11.0,15.0,6.0,5.0,2.0,4.0,0.0,0.0,2.4,3.34,3.07
E0,2024-09-28,Wolves,Liverpool,1664.87,1903.09,1.0,1.0,6.0,12.0,1.0,2.0,A,0.0,1.0,A,8.0,10.0,3.0,6.0,16.0,8.0,2.0,10.0,2.0,3.0,0.0,0.0,8.05,5.55,1.35
E0,2024-09-29,Ipswich,Aston Villa,1573.19,1782.06,3.0,3.0,9.0,12.0,2.0,2.0,D,1.0,2.0,A,15.0,7.0,5.0,3.0,10.0,14.0,10.0,0.0,4.0,1.0,0.0,0.0,4.15,3.77,1.87
E0,2024-09-29,Man United,Tottenham,1774.5,1790.58,4.0,7.0,3.0,7.0,0.0,3.0,A,0.0,1.0,A,11.0,24.0,2.0,10.0,16.0,14.0,5.0,3.0,5.0,3.0,1.0,0.0,2.36,3.89,2.77
E0,2024-09-30,Bournemouth,Southampton,1696.31,1575.78,3.0,5.0,1.0,1.0,3.0,1.0,H,3.0,0.0,H,14.0,9.0,6.0,3.0,19.0,12.0,7.0,4.0,2.0,5.0,0.0,0.0,1.65,4.29,4.91
E0,2024-10-05,Crystal Palace,Liverpool,1731.7,1925.49,2.0,3.0,6.0,12.0,0.0,1.0,A,0.0,1.0,A,9.0,16.0,5.0,4.0,7.0,15.0,3.0,8.0,4.0,2.0,0.0,0.0,6.36,4.65,1.49
E0,2024-10-05,Arsenal,Southampton,1964.94,1572.33,7.0,11.0,1.0,1.0,3.0,1.0,H,0.0,0.0,D,29.0,8.0,6.0,2.0,10.0,9.0,13.0,1.0,0.0,3.0,0.0,0.0,1.14,9.2,18.63
E0,2024-10-05,Brentford,Wolves,1714.49,1654.28,1.0,4.0,0.0,1.0,5.0,3.0,H,4.0,2.0,H,19.0,17.0,12.0,6.0,9.0,10.0,10.0,3.0,2.0,3.0,0.0,0.0,2.09,3.64,3.47
E0,2024-10-05,Leicester,Bournemouth,1640.82,1701.15,2.0,2.0,3.0,7.0,1.0,0.0,H,1.0,0.0,H,6.0,17.0,2.0,2.0,12.0,14.0,0.0,9.0,4.0,1.0,0.0,0.0,3.24,3.66,2.17
E0,2024-10-05,Man City,Fulham,2050.6,1737.39,5.0,11.0,7.0,11.0,3.0,2.0,H,1.0,1.0,D,20.0,11.0,7.0,4.0,4.0,10.0,8.0,3.0,2.0,1.0,0.0,0.0,1.24,6.85,11.11
E0,2024-10-05,West Ham,Ipswich,1723.84,1582.58,2.0,5.0,3.0,4.0,4.0,1.0,H,2.0,1.0,H,23.0,9.0,13.0,2.0,12.0,6.0,5.0,5.0,0.0,1.0,0.0,0.0,1.8,3.96,4.25
E0,2024-10-05,Everton,Newcastle,1681.41,1810.56,4.0,4.0,4.0,8.0,0.0,0.0,D,0.0,0.0,D,8.0,14.0,2.0,3.0,12.0,8.0,0.0,10.0,1.0,2.0,0.0,0.0,3.15,3.62,2.23
E0,2024-10-06,Aston Villa,Man United,1794.3,1757.0,7.0,10.0,4.0,4.0,0.0,0.0,D,0.0,0.0,D,11.0,10.0,1.0,4.0,12.0,11.0,6.0,3.0,1.0,5.0,0.0,0.0,2.21,3.82,3.06
E0,2024-10-06,Chelsea,Nottm Forest,1842.41,1668.51,9.0,13.0,4.0,8.0,1.0,1.0,D,0.0,0.0,D,22.0,16.0,8.0,9.0,12.0,11.0,11.0,3.0,6.0,2.0,0.0,1.0,1.48,4.73,6.32
E0,2024-10-06,Brighton,Tottenham,1732.53,1814.53,2.0,6.0,6.0,9.0,3.0,2.0,H,0.0,2.0,A,11.0,13.0,4.0,3.0,14.0,10.0,4.0,7.0,2.0,2.0,0.0,0.0,2.9,4.01,2.23
E0,2024-10-19,Tottenham,West Ham,1817.91,1738.91,6.0,6.0,4.0,5.0,4.0,1.0,H,1.0,1.0,D,22.0,11.0,7.0,4.0,10.0,15.0,13.0,5.0,1.0,3.0,0.0,1.0,1.5,4.91,5.73
E0,2024-10-19,Fulham,Aston Villa,1745.25,1809.55,6.0,8.0,5.0,11.0,1.0,3.0,A,1.0,1.0,D,10.0,14.0,4.0,5.0,8.0,11.0,6.0,11.0,3.0,3.0,1.0,1.0,2.44,3.5,2.89
E0,2024-10-19,Ipswich,Everton,1585.93,1692.6,2.0,4.0,5.0,5.0,0.0,2.0,A,0.0,2.0,A,13.0,11.0,2.0,8.0,12.0,10.0,5.0,8.0,1.0,1.0,0.0,0.0,2.4,3.42,3.01
E0,2024-10-19,Man United,Brentford,1772.52,1730.89,2.0,5.0,4.0,7.0,2.0,1.0,H,0.0,1.0,A,23.0,8.0,11.0,2.0,14.0,5.0,9.0,2.0,2.0,2.0,0.0,0.0,1.71,4.28,4.48
E0,2024-10-19,Newcastle,Brighton,1817.79,1750.22,2.0,8.0,4.0,6.0,0.0,1.0,A,0.0,1.0,A,21.0,10.0,6.0,5.0,11.0,9.0,9.0,4.0,2.0,2.0,0.0,0.0,2.01,3.88,3.51
E0,2024-10-19,Southampton,Leicester,1580.39,1658.03,1.0,1.0,4.0,5.0,2.0,3.0,A,2.0,0.0,H,14.0,18.0,7.0,4.0,10.0,10.0,10.0,6.0,5.0,3.0,1.0,0.0,2.33,3.54,3.03
E0,2024-10-19,Bournemouth,Arsenal,1702.37,1981.59,3.0,6.0,7.0,11.0,2.0,0.0,H,0.0,0.0,D,13.0,6.0,4.0,1.0,12.0,11.0,7.0,4.0,1.0,1.0,0.0,1.0,4.94,4.09,1.68
E0,2024-10-20,Wolves,Man City,1656.29,2062.18,0.0,1.0,5.0,11.0,1.0,2.0,A,1.0,1.0,D,3.0,22.0,2.0,7.0,8.0,5.0,1.0,18.0,4.0,1.0,0.0,0.0,8.88,5.85,1.31
E0,2024-10-20,Liverpool,Chelsea,1943.17,1848.47,9.0,12.0,7.0,11.0,2.0,1.0,H,1.0,0.0,H,9.0,12.0,5.0,2.0,12.0,13.0,1.0,6.0,4.0,3.0,0.0,0.0,1.63,4.39,4.89
E0,2024-10-21,Nottm Forest,Crystal Palace,1683.7,1736.3,2.0,6.0,1.0,3.0,1.0,0.0,H,0.0,0.0,D,20.0,20.0,6.0,7.0,9.0,12.0,6.0,6.0,2.0,3.0,0.0,0.0,2.36,3.31,3.11
E0,2024-10-25,Leicester,Nottm Forest,1658.03,1683.7,6.0,8.0,4.0,8.0,1.0,3.0,A,1.0,1.0,D,11.0,20.0,1.0,5.0,16.0,9.0,6.0,7.0,5.0,2.0,0.0,0.0,3.09,3.32,2.41
E0,2024-10-26,Aston Villa,Bournemouth,1809.55,1702.37,5.0,11.0,6.0,6.0,1.0,1.0,D,0.0,0.0,D,18.0,11.0,8.0,3.0,12.0,14.0,9.0,7.0,7.0,6.0,0.0,0.0,1.86,3.97,3.97
E0,2024-10-26,Brentford,Ipswich,1730.89,1585.93,4.0,4.0,1.0,3.0,4.0,3.0,H,2.0,2.0,D,20.0,11.0,9.0,5.0,7.0,10.0,5.0,5.0,0.0,1.0,0.0,1.0,1.67,4.27,4.86
E0,2024-10-26,Brighton,Wolves,1750.22,1656.29,6.0,8.0,0.0,0.0,2.0,2.0,D,1.0,0.0,H,19.0,14.0,6.0,7.0,12.0,10.0,9.0,6.0,3.0,3.0,0.0,0.0,1.64,4.32,4.94
E0,2024-10-26,Man City,Southampton,2062.18,1580.39,7.0,11.0,0.0,1.0,1.0,0.0,H,1.0,0.0,H,22.0,5.0,8.0,2.0,9.0,9.0,12.0,1.0,1.0,3.0,0.0,0.0,1.11,10.94,21.04
E0,2024-10-26,Everton,Fulham,1692.6,1745.25,7.0,8.0,3.0,7.0,1.0,1.0,D,0.0,0.0,D,10.0,14.0,5.0,3.0,8.0,8.0,4.0,2.0,1.0,0.0,0.0,0.0,2.76,3.37,2.6
E0,2024-10-27,Chelsea,Newcastle,1848.47,1817.79,4.0,10.0,2.0,5.0,2.0,1.0,H,1.0,1.0,D,17.0,11.0,7.0,3.0,13.0,16.0,7.0,4.0,6.0,3.0,0.0,0.0,1.76,4.26,4.15
E0,2024-10-27,Crystal Palace,Tottenham,1736.3,1817.91,0.0,2.0,6.0,9.0,1.0,0.0,H,1.0,0.0,H,14.0,11.0,6.0,3.0,16.0,12.0,8.0,8.0,4.0,4.0,0.0,0.0,3.97,3.97,1.85
E0,2024-10-27,West Ham,Man United,1738.91,1772.52,4.0,5.0,4.0,8.0,2.0,1.0,H,0.0,0.0,D,12.0,18.0,3.0,5.0,6.0,7.0,6.0,5.0,5.0,1.0,0.0,0.0,2.89,3.71,2.33
E0,2024-10-27,Arsenal,Liverpool,1981.59,1943.17,6.0,10.0,9.0,12.0,2.0,2.0,D,2.0,1.0,H,9.0,9.0,3.0,4.0,14.0,14.0,1.0,3.0,2.0,2.0,0.0,0.0,2.49,3.37,2.89
E0,2024-11-02,Newcastle,Arsenal,1808.85,1969.05,1.0,2.0,4.0,8.0,1.0,0.0,H,1.0,0.0,H,9.0,10.0,4.0,1.0,16.0,18.0,4.0,6.0,4.0,4.0,0.0,0.0,3.77,3.69,1.98
E0,2024-11-02,Bournemouth,Man City,1733.11,2073.82,4.0,7.0,9.0,11.0,2.0,1.0,H,1.0,0.0,H,12.0,18.0,6.0,4.0,11.0,6.0,3.0,10.0,2.0,1.0,0.0,0.0,5.32,4.44,1.59
E0,2024-11-02,Ipswich,Leicester,1580.44,1660.33,0.0,2.0,6.0,7.0,1.0,1.0,D,0.0,0.0,D,14.0,20.0,2.0,6.0,11.0,10.0,4.0,6.0,4.0,2.0,1.0,0.0,2.27,3.61,3.09
E0,2024-11-02,Liverpool,Brighton,1964.46,1764.42,7.0,13.0,7.0,8.0,2.0,1.0,H,0.0,1.0,A,16.0,13.0,8.0,5.0,10.0,18.0,10.0,7.0,1.0,1.0,0.0,0.0,1.39,5.4,7.12
E0,2024-11-02,Nottm Forest,West Ham,1711.75,1746.26,7.0,8.0,6.0,7.0,3.0,0.0,H,1.0,0.0,H,19.0,4.0,6.0,2.0,7.0,9.0,11.0,6.0,1.0,2.0,0.0,1.0,2.15,3.52,3.43
E0,2024-11-02,Southampton,Everton,1579.82,1708.98,0.0,1.0,5.0,9.0,1.0,0.0,H,0.0,0.0,D,9.0,16.0,2.0,5.0,14.0,18.0,3.0,6.0,4.0,2.0,0.0,0.0,2.65,3.48,2.66
E0,2024-11-02,Wolves,Crystal Palace,1666.71,1744.99,1.0,1.0,3.0,4.0,2.0,2.0,D,0.0,0.0,D,11.0,19.0,6.0,7.0,7.0,9.0,3.0,6.0,1.0,2.0,0.0,0.0,2.53,3.4,2.85
E0,2024-11-03,Tottenham,Aston Villa,1825.84,1830.11,3.0,9.0,5.0,9.0,4.0,1.0,H,0.0,1.0,A,16.0,12.0,6.0,1.0,14.0,14.0,6.0,4.0,2.0,0.0,0.0,0.0,1.93,4.07,3.55
E0,2024-11-03,Man United,Chelsea,1777.36,1862.51,4.0,5.0,4.0,10.0,1.0,1.0,D,0.0,0.0,D,11.0,12.0,4.0,3.0,19.0,14.0,4.0,8.0,6.0,2.0,0.0,0.0,2.58,3.78,2.56
E0,2024-11-04,Fulham,Brentford,1742.29,1736.28,1.0,7.0,6.0,7.0,2.0,1.0,H,0.0,1.0,A,26.0,5.0,12.0,2.0,3.0,10.0,11.0,3.0,2.0,1.0,0.0,0.0,2.03,3.73,3.52
E0,2024-11-09,Brentford,Bournemouth,1736.28,1733.11,3.0,7.0,7.0,10.0,3.0,2.0,H,1.0,1.0,D,12.0,15.0,6.0,3.0,8.0,16.0,6.0,4.0,2.0,4.0,0.0,0.0,2.53,3.59,2.72
E0,2024-11-09,Crystal Palace,Fulham,1744.99,1742.29,4.0,4.0,4.0,7.0,0.0,2.0,A,0.0,1.0,A,13.0,17.0,5.0,7.0,10.0,11.0,1.0,8.0,1.0,1.0,1.0,0.0,2.7,3.48,2.61
E0,2024-11-09,West Ham,Everton,1746.26,1708.98,3.0,7.0,4.0,8.0,0.0,0.0,D,0.0,0.0,D,11.0,18.0,6.0,4.0,10.0,9.0,7.0,6.0,1.0,2.0,0.0,0.0,2.18,3.47,3.38
E0,2024-11-09,Wolves,Southampton,1666.71,1579.82,2.0,2.0,3.0,3.0,2.0,0.0,H,1.0,0.0,H,8.0,9.0,4.0,0.0,14.0,12.0,1.0,9.0,1.0,4.0,0.0,0.0,1.96,3.84,3.67
E0,2024-11-09,Brighton,Man City,1764.42,2073.82,4.0,7.0,6.0,10.0,2.0,1.0,H,0.0,1.0,A,10.0,15.0,4.0,6.0,12.0,10.0,0.0,4.0,3.0,3.0,0.0,0.0,4.34,4.17,1.75
E0,2024-11-09,Liverpool,Aston Villa,1964.46,1830.11,7.0,13.0,4.0,6.0,2.0,0.0,H,1.0,0.0,H,14.0,12.0,5.0,2.0,11.0,15.0,2.0,9.0,0.0,3.0,0.0,0.0,1.42,5.26,6.7
E0,2024-11-10,Man United,Leicester,1777.36,1660.33,4.0,5.0,4.0,7.0,3.0,0.0,H,2.0,0.0,H,13.0,6.0,3.0,5.0,9.0,5.0,1.0,5.0,0.0,1.0,0.0,0.0,1.39,5.35,7.46
E0,2024-11-10,Nottm Forest,Newcastle,1711.75,1808.85,9.0,10.0,3.0,5.0,1.0,3.0,A,1.0,0.0,H,9.0,17.0,3.0,6.0,13.0,6.0,4.0,5.0,1.0,1.0,0.0,0.0,2.69,3.31,2.72
E0,2024-11-10,Tottenham,Ipswich,1825.84,1580.44,6.0,9.0,1.0,2.0,1.0,2.0,A,0.0,2.0,A,17.0,8.0,5.0,3.0,10.0,19.0,12.0,2.0,1.0,5.0,0.0,0.0,1.26,6.76,9.98
E0,2024-11-10,Chelsea,Arsenal,1862.51,1969.05,4.0,8.0,1.0,7.0,1.0,1.0,D,0.0,0.0,D,17.0,13.0,3.0,3.0,12.0,12.0,4.0,3.0,4.0,2.0,0.0,0.0,2.75,3.49,2.53
E0,2024-11-23,Leicester,Chelsea,1644.4,1854.22,1.0,7.0,5.0,6.0,1.0,2.0,A,0.0,1.0,A,4.0,16.0,1.0,7.0,15.0,12.0,2.0,9.0,4.0,3.0,0.0,0.0,6.75,4.81,1.46
E0,2024-11-23,Arsenal,Nottm Forest,1943.19,1705.01,2.0,5.0,6.0,10.0,3.0,0.0,H,1.0,0.0,H,19.0,7.0,7.0,0.0,10.0,1.0,8.0,1.0,3.0,2.0,0.0,0.0,1.37,4.97,8.9
E0,2024-11-23,Aston Villa,Crystal Palace,1796.74,1721.79,1.0,5.0,4.0,4.0,2.0,2.0,D,1.0,2.0,A,17.0,13.0,5.0,6.0,10.0,11.0,10.0,1.0,3.0,2.0,0.0,0.0,1.63,4.11,5.45
E0,2024-11-23,Bournemouth,Brighton,1731.57,1765.95,4.0,7.0,4.0,10.0,1.0,2.0,A,0.0,1.0,A,19.0,6.0,5.0,4.0,13.0,10.0,7.0,0.0,2.0,2.0,0.0,1.0,2.41,3.62,2.86
E0,2024-11-23,Everton,Brentford,1693.07,1727.7,2.0,6.0,6.0,9.0,0.0,0.0,D,0.0,0.0,D,27.0,9.0,5.0,2.0,8.0,10.0,10.0,4.0,0.0,0.0,0.0,1.0,2.46,3.41,2.94
E0,2024-11-23,Fulham,Wolves,1753.02,1664.36,7.0,7.0,5.0,5.0,1.0,4.0,A,1.0,1.0,D,10.0,10.0,3.0,5.0,14.0,14.0,7.0,2.0,3.0,0.0,0.0,0.0,1.65,4.09,5.23
E0,2024-11-23,Man City,Tottenham,2018.32,1803.9,3.0,9.0,3.0,6.0,0.0,4.0,A,0.0,2.0,A,23.0,9.0,5.0,7.0,19.0,9.0,9.0,3.0,4.0,2.0,0.0,0.0,1.49,5.01,5.92
E0,2024-11-24,Southampton,Liverpool,1574.02,1971.55,3.0,3.0,7.0,13.0,2.0,3.0,A,1.0,1.0,D,7.0,27.0,5.0,11.0,11.0,9.0,3.0,10.0,3.0,4.0,0.0,0.0,10.4,5.96,1.28
E0,2024-11-24,Ipswich,Man United,1586.77,1778.55,4.0,4.0,4.0,8.0,1.0,1.0,D,1.0,1.0,D,11.0,11.0,6.0,4.0,11.0,10.0,4.0,3.0,0.0,0.0,0.0,0.0,5.06,4.22,1.63
E0,2024-11-25,Newcastle,West Ham,1820.42,1721.82,6.0,7.0,4.0,7.0,0.0,2.0,A,0.0,1.0,A,18.0,15.0,2.0,6.0,11.0,8.0,8.0,3.0,1.0,0.0,0.0,0.0,1.5,4.57,6.21
E0,2024-11-29,Brighton,Southampton,1765.95,1574.02,6.0,10.0,3.0,3.0,1.0,1.0,D,1.0,0.0,H,22.0,10.0,5.0,2.0,20.0,16.0,7.0,6.0,2.0,4.0,0.0,0.0,1.39,5.29,7.57
E0,2024-11-30,Brentford,Leicester,1727.7,1644.4,4.0,7.0,1.0,4.0,4.0,1.0,H,3.0,1.0,H,13.0,7.0,6.0,3.0,9.0,10.0,5.0,4.0,1.0,1.0,0.0,0.0,1.66,4.24,4.87
E0,2024-11-30,Crystal Palace,Newcastle,1721.79,1820.42,2.0,5.0,6.0,6.0,1.0,1.0,D,0.0,0.0,D,16.0,1.0,4.0,0.0,12.0,11.0,8.0,9.0,3.0,3.0,0.0,0.0,3.04,3.56,2.3
E0,2024-11-30,Nottm Forest,Ipswich,1705.01,1586.77,3.0,9.0,5.0,5.0,1.0,0.0,H,0.0,0.0,D,12.0,7.0,5.0,3.0,5.0,16.0,8.0,7.0,1.0,3.0,0.0,0.0,1.75,3.82,4.79
E0,2024-11-30,Wolves,Bournemouth,1664.36,1731.57,7.0,8.0,3.0,7.0,2.0,4.0,A,1.0,3.0,A,10.0,12.0,3.0,8.0,13.0,11.0,3.0,4.0,4.0,1.0,0.0,0.0,2.81,3.61,2.44
E0,2024-11-30,West Ham,Arsenal,1721.82,1943.19,4.0,7.0,4.0,5.0,2.0,5.0,A,2.0,5.0,A,12.0,16.0,5.0,7.0,10.0,13.0,2.0,10.0,4.0,1.0,0.0,0.0,7.09,4.68,1.46
E0,2024-12-01,Chelsea,Aston Villa,1871.19,1798.8,5.0,8.0,1.0,5.0,3.0,0.0,H,2.0,0.0,H,17.0,10.0,8.0,4.0,21.0,6.0,3.0,4.0,2.0,2.0,0.0,0.0,1.71,4.21,4.51
E0,2024-12-01,Man United,Everton,1783.57,1698.64,5.0,8.0,2.0,6.0,4.0,0.0,H,2.0,0.0,H,11.0,8.0,5.0,2.0,12.0,12.0,2.0,2.0,2.0,3.0,0.0,0.0,1.54,4.33,6.08
E0,2024-12-01,Tottenham,Fulham,1834.32,1738.84,6.0,9.0,6.0,7.0,1.0,1.0,D,0.0,0.0,D,8.0,14.0,3.0,6.0,4.0,14.0,7.0,11.0,0.0,1.0,0.0,1.0,1.72,4.35,4.24
E0,2024-12-01,Liverpool,Man City,1986.96,1988.89,9.0,13.0,0.0,6.0,2.0,0.0,H,1.0,0.0,H,18.0,8.0,7.0,2.0,9.0,8.0,7.0,4.0,1.0,3.0,0.0,0.0,2.09,3.7,3.37
E0,2024-12-03,Ipswich,Crystal Palace,1592.8,1732.7,4.0,5.0,2.0,6.0,0.0,1.0,A,0.0,0.0,D,9.0,13.0,2.0,3.0,14.0,13.0,4.0,7.0,2.0,4.0,0.0,0.0,3.09,3.37,2.38
E0,2024-12-03,Leicester,West Ham,1638.75,1738.15,0.0,1.0,4.0,7.0,3.0,1.0,H,1.0,0.0,H,8.0,31.0,6.0,10.0,9.0,7.0,3.0,9.0,2.0,2.0,0.0,0.0,2.9,3.44,2.47
E0,2024-12-04,Everton,Wolves,1698.64,1679.43,2.0,3.0,6.0,8.0,4.0,0.0,H,2.0,0.0,H,13.0,6.0,4.0,2.0,10.0,8.0,3.0,4.0,2.0,0.0,0.0,0.0,2.14,3.46,3.51
E0,2024-12-04,Man City,Nottm Forest,1988.89,1711.94,0.0,3.0,3.0,9.0,3.0,0.0,H,2.0,0.0,H,17.0,12.0,7.0,3.0,7.0,15.0,8.0,2.0,2.0,4.0,0.0,0.0,1.37,5.21,8.25
E0,2024-12-04,Newcastle,Liverpool,1809.46,1986.96,4.0,7.0,9.0,13.0,3.0,3.0,D,1.0,0.0,H,17.0,16.0,6.0,5.0,9.0,17.0,5.0,6.0,2.0,5.0,0.0,0.0,4.27,4.04,1.78
E0,2024-12-04,Southampton,Chelsea,1585.16,1871.19,1.0,4.0,7.0,11.0,1.0,5.0,A,1.0,3.0,A,6.0,26.0,4.0,13.0,7.0,14.0,5.0,7.0,1.0,0.0,1.0,0.0,8.39,5.64,1.34
E0,2024-12-04,Arsenal,Man United,1977.47,1783.57,7.0,8.0,7.0,8.0,2.0,0.0,H,0.0,0.0,D,14.0,5.0,6.0,2.0,12.0,8.0,13.0,0.0,1.0,3.0,0.0,0.0,1.46,4.73,6.92
E0,2024-12-04,Aston Villa,Brentford,1798.8,1742.68,1.0,2.0,7.0,10.0,3.0,1.0,H,3.0,0.0,H,20.0,9.0,10.0,1.0,11.0,15.0,10.0,5.0,2.0,2.0,0.0,0.0,1.8,4.01,4.24
E0,2024-12-05,Fulham,Brighton,1738.84,1774.88,4.0,8.0,7.0,8.0,3.0,1.0,H,1.0,0.0,H,6.0,13.0,2.0,3.0,7.0,8.0,5.0,6.0,2.0,2.0,0.0,0.0,2.33,3.65,2.92
E0,2024-12-05,Bournemouth,Tottenham,1741.2,1834.32,3.0,7.0,4.0,7.0,1.0,0.0,H,1.0,0.0,H,21.0,12.0,8.0,4.0,15.0,8.0,5.0,9.0,2.0,2.0,0.0,0.0,2.65,3.92,2.42
E0,2024-12-07,Aston Villa,Southampton,1798.8,1585.16,4.0,4.0,1.0,4.0,1.0,0.0,H,1.0,0.0,H,18.0,4.0,5.0,0.0,18.0,15.0,14.0,1.0,1.0,3.0,0.0,0.0,1.37,5.41,7.78
E0,2024-12-07,Brentford,Newcastle,1742.68,1809.46,4.0,7.0,2.0,8.0,4.0,2.0,H,2.0,2.0,D,11.0,16.0,8.0,3.0,10.0,7.0,3.0,4.0,3.0,0.0,0.0,0.0,2.86,3.74,2.36
E0,2024-12-07,Crystal Palace,Man City,1732.7,1988.89,5.0,6.0,3.0,3.0,2.0,2.0,D,1.0,1.0,D,12.0,12.0,3.0,4.0,4.0,10.0,6.0,8.0,1.0,0.0,0.0,1.0,5.39,4.33,1.6
E0,2024-12-07,Man United,Nottm Forest,1783.57,1711.94,4.0,8.0,3.0,6.0,2.0,3.0,A,1.0,1.0,D,17.0,11.0,7.0,3.0,10.0,13.0,5.0,3.0,0.0,2.0,0.0,0.0,1.67,4.05,5.12
E0,2024-12-08,Fulham,Arsenal,1738.84,1977.47,4.0,10.0,9.0,10.0,1.0,1.0,D,1.0,0.0,H,2.0,12.0,2.0,4.0,10.0,9.0,0.0,6.0,4.0,2.0,0.0,0.0,5.4,4.24,1.61
E0,2024-12-08,Ipswich,Bournemouth,1592.8,1741.2,1.0,5.0,6.0,9.0,1.0,2.0,A,1.0,0.0,H,18.0,22.0,5.0,6.0,9.0,13.0,6.0,13.0,2.0,1.0,0.0,0.0,3.57,3.73,2.02
E0,2024-12-08,Leicester,Brighton,1638.75,1774.88,3.0,4.0,4.0,7.0,2.0,2.0,D,0.0,1.0,A,10.0,16.0,3.0,7.0,9.0,10.0,5.0,5.0,1.0,2.0,0.0,0.0,4.48,4.02,1.75
E0,2024-12-08,Tottenham,Chelsea,1834.32,1871.19,4.0,7.0,9.0,11.0,3.0,4.0,A,2.0,1.0,H,13.0,17.0,5.0,8.0,17.0,11.0,5.0,10.0,2.0,2.0,0.0,0.0,3.21,4.04,2.07
E0,2024-12-09,West Ham,Wolves,1738.15,1679.43,3.0,4.0,3.0,7.0,2.0,1.0,H,0.0,0.0,D,19.0,19.0,4.0,5.0,12.0,17.0,11.0,0.0,5.0,4.0,0.0,0.0,1.91,3.85,3.81
E0,2024-12-14,Arsenal,Everton,1977.47,1698.64,7.0,11.0,4.0,5.0,0.0,0.0,D,0.0,0.0,D,13.0,2.0,5.0,0.0,6.0,9.0,8.0,2.0,0.0,3.0,0.0,0.0,1.23,6.33,13.36
E0,2024-12-14,Liverpool,Fulham,1986.96,1738.84,7.0,13.0,5.0,8.0,2.0,2.0,D,0.0,1.0,A,16.0,12.0,4.0,3.0,10.0,7.0,5.0,4.0,3.0,4.0,1.0,0.0,1.32,5.75,8.89
E0,2024-12-14,Newcastle,Leicester,1809.46,1638.75,2.0,5.0,4.0,4.0,4.0,0.0,H,1.0,0.0,H,27.0,4.0,11.0,1.0,7.0,16.0,5.0,2.0,3.0,3.0,0.0,0.0,1.31,5.83,9.08
E0,2024-12-14,Wolves,Ipswich,1679.43,1592.8,0.0,6.0,0.0,4.0,1.0,2.0,A,0.0,1.0,A,16.0,10.0,6.0,5.0,13.0,9.0,7.0,3.0,0.0,2.0,1.0,0.0,1.9,3.83,3.85
E0,2024-12-14,Nottm Forest,Aston Villa,1711.94,1798.8,6.0,6.0,6.0,7.0,2.0,1.0,H,0.0,0.0,D,17.0,8.0,6.0,2.0,12.0,6.0,4.0,3.0,0.0,1.0,0.0,0.0,2.64,3.39,2.68
E0,2024-12-15,Brighton,Crystal Palace,1765.46,1745.68,2.0,8.0,5.0,6.0,1.0,3.0,A,0.0,2.0,A,17.0,13.0,5.0,5.0,11.0,15.0,8.0,5.0,1.0,4.0,0.0,0.0,1.89,3.82,3.9
E0,2024-12-15,Man City,Man United,1966.65,1785.76,4.0,4.0,3.0,7.0,1.0,2.0,A,1.0,0.0,H,10.0,10.0,3.0,3.0,5.0,14.0,8.0,2.0,1.0,1.0,0.0,0.0,1.58,4.59,5.04
E0,2024-12-15,Chelsea,Brentford,1896.25,1749.33,9.0,13.0,6.0,10.0,2.0,1.0,H,1.0,0.0,H,26.0,9.0,8.0,4.0,11.0,7.0,8.0,5.0,0.0,2.0,1.0,0.0,1.33,5.89,8.08
E0,2024-12-15,Southampton,Tottenham,1579.6,1812.92,1.0,1.0,1.0,4.0,0.0,5.0,A,0.0,5.0,A,9.0,18.0,3.0,9.0,8.0,15.0,2.0,5.0,1.0,3.0,0.0,0.0,4.29,4.47,1.69
E0,2024-12-16,Bournemouth,West Ham,1757.7,1732.55,9.0,9.0,3.0,7.0,1.0,1.0,D,0.0,0.0,D,29.0,16.0,9.0,3.0,6.0,11.0,12.0,6.0,0.0,2.0,0.0,0.0,1.71,4.19,4.43
E0,2024-12-21,Aston Villa,Man City,1803.11,1966.65,6.0,7.0,4.0,4.0,2.0,1.0,H,1.0,0.0,H,11.0,12.0,6.0,6.0,14.0,7.0,5.0,4.0,3.0,3.0,0.0,0.0,3.29,3.71,2.12
E0,2024-12-21,Brentford,Nottm Forest,1749.33,1731.5,3.0,7.0,6.0,9.0,0.0,2.0,A,0.0,1.0,A,7.0,10.0,3.0,6.0,9.0,14.0,9.0,5.0,3.0,4.0,0.0,0.0,2.35,3.52,2.99
E0,2024-12-21,Ipswich,Newcastle,1595.27,1809.88,3.0,4.0,4.0,5.0,0.0,4.0,A,0.0,3.0,A,10.0,15.0,2.0,7.0,9.0,7.0,2.0,1.0,2.0,0.0,0.0,0.0,4.61,3.95,1.74
E0,2024-12-21,West Ham,Brighton,1732.55,1765.46,4.0,7.0,1.0,5.0,1.0,1.0,D,0.0,0.0,D,11.0,12.0,4.0,6.0,14.0,20.0,8.0,4.0,2.0,2.0,0.0,0.0,2.8,3.75,2.38
E0,2024-12-21,Crystal Palace,Arsenal,1745.68,1975.82,7.0,9.0,5.0,11.0,1.0,5.0,A,1.0,3.0,A,15.0,14.0,6.0,6.0,9.0,8.0,3.0,3.0,2.0,2.0,0.0,0.0,6.08,4.11,1.57
E0,2024-12-22,Everton,Chelsea,1711.92,1896.25,4.0,6.0,9.0,15.0,0.0,0.0,D,0.0,0.0,D,5.0,12.0,4.0,5.0,20.0,12.0,2.0,5.0,4.0,1.0,0.0,0.0,5.18,4.13,1.63
E0,2024-12-22,Fulham,Southampton,1766.95,1579.6,5.0,6.0,0.0,1.0,0.0,0.0,D,0.0,0.0,D,16.0,5.0,5.0,1.0,8.0,15.0,6.0,5.0,1.0,3.0,0.0,0.0,1.42,4.96,7.21
E0,2024-12-22,Leicester,Wolves,1648.95,1652.57,4.0,4.0,0.0,3.0,0.0,3.0,A,0.0,3.0,A,9.0,8.0,5.0,4.0,15.0,16.0,6.0,1.0,2.0,0.0,0.0,0.0,2.55,3.56,2.69
E0,2024-12-22,Man United,Bournemouth,1785.76,1757.7,3.0,7.0,7.0,10.0,0.0,3.0,A,0.0,1.0,A,23.0,10.0,7.0,5.0,11.0,11.0,13.0,1.0,1.0,3.0,0.0,0.0,1.85,3.88,4.07
E0,2024-12-22,Tottenham,Liverpool,1812.92,1991.39,3.0,7.0,5.0,11.0,3.0,6.0,A,1.0,3.0,A,9.0,24.0,5.0,12.0,7.0,9.0,7.0,5.0,1.0,2.0,0.0,0.0,4.29,4.33,1.72
E0,2024-12-26,Man City,Everton,1966.65,1711.92,1.0,4.0,5.0,6.0,1.0,1.0,D,1.0,1.0,D,24.0,8.0,5.0,3.0,5.0,10.0,8.0,5.0,1.0,4.0,0.0,0.0,1.34,5.46,8.59
E0,2024-12-26,Bournemouth,Crystal Palace,1757.7,1745.68,7.0,13.0,4.0,8.0,0.0,0.0,D,0.0,0.0,D,18.0,10.0,4.0,4.0,13.0,12.0,5.0,2.0,2.0,2.0,0.0,0.0,1.9,3.77,3.87
E0,2024-12-26,Chelsea,Fulham,1896.25,1766.95,7.0,13.0,3.0,7.0,1.0,2.0,A,1.0,0.0,H,12.0,14.0,8.0,7.0,13.0,13.0,3.0,1.0,1.0,3.0,0.0,0.0,1.47,4.88,6.15
E0,2024-12-26,Newcastle,Aston Villa,1809.88,1803.11,6.0,8.0,6.0,9.0,3.0,0.0,H,1.0,0.0,H,22.0,4.0,8.0,1.0,15.0,10.0,9.0,6.0,2.0,1.0,0.0,1.0,1.93,3.91,3.66
E0,2024-12-26,Nott'm Forest,Tottenham,,1812.92,0.0,0.0,3.0,4.0,1.0,0.0,H,1.0,0.0,H,10.0,13.0,3.0,4.0,12.0,13.0,2.0,7.0,3.0,2.0,0.0,1.0,2.35,3.74,2.82
E0,2024-12-26,Southampton,West Ham,1579.6,1732.55,1.0,2.0,5.0,5.0,0.0,1.0,A,0.0,0.0,D,18.0,16.0,5.0,2.0,15.0,8.0,2.0,2.0,1.0,2.0,0.0,0.0,3.24,3.56,2.18
E0,2024-12-26,Wolves,Man United,1652.57,1785.76,3.0,3.0,3.0,6.0,2.0,0.0,H,0.0,0.0,D,7.0,11.0,4.0,4.0,12.0,12.0,4.0,4.0,2.0,2.0,0.0,1.0,3.8,3.7,1.94
E0,2024-12-26,Liverpool,Leicester,1991.39,1648.95,5.0,11.0,1.0,4.0,3.0,1.0,H,1.0,1.0,D,19.0,4.0,7.0,1.0,17.0,5.0,14.0,1.0,3.0,2.0,0.0,0.0,1.08,12.4,25.35
E0,2024-12-27,Brighton,Brentford,1765.46,1749.33,2.0,3.0,3.0,6.0,0.0,0.0,D,0.0,0.0,D,24.0,8.0,7.0,3.0,6.0,12.0,5.0,3.0,0.0,2.0,0.0,0.0,1.64,4.44,4.89
E0,2024-12-27,Arsenal,Ipswich,1975.82,1595.27,5.0,11.0,3.0,3.0,1.0,0.0,H,1.0,0.0,H,13.0,3.0,5.0,0.0,7.0,12.0,5.0,1.0,1.0,1.0,0.0,0.0,1.16,8.37,17.31
E0,2024-12-29,Leicester,Man City,1648.95,1966.65,0.0,4.0,1.0,5.0,0.0,2.0,A,0.0,1.0,A,11.0,14.0,4.0,5.0,11.0,6.0,4.0,4.0,2.0,1.0,0.0,0.0,7.92,5.62,1.34
E0,2024-12-29,Crystal Palace,Southampton,1745.68,1579.6,4.0,8.0,1.0,1.0,2.0,1.0,H,1.0,1.0,D,19.0,7.0,10.0,3.0,18.0,19.0,8.0,7.0,2.0,3.0,0.0,0.0,1.61,4.11,5.42
E0,2024-12-29,Everton,Nott'm Forest,1711.92,,3.0,6.0,9.0,15.0,0.0,2.0,A,0.0,1.0,A,13.0,11.0,2.0,7.0,13.0,10.0,5.0,4.0,4.0,1.0,0.0,0.0,2.64,3.16,2.83
E0,2024-12-29,Fulham,Bournemouth,1766.95,1757.7,5.0,9.0,5.0,11.0,2.0,2.0,D,1.0,0.0,H,11.0,16.0,6.0,9.0,7.0,16.0,1.0,7.0,1.0,3.0,0.0,0.0,2.35,3.58,2.91
E0,2024-12-29,Tottenham,Wolves,1812.92,1652.57,3.0,3.0,6.0,6.0,2.0,2.0,D,2.0,1.0,H,13.0,11.0,3.0,3.0,9.0,10.0,5.0,5.0,1.0,2.0,0.0,0.0,1.61,4.77,4.56
E0,2024-12-29,West Ham,Liverpool,1732.55,1991.39,5.0,8.0,7.0,11.0,0.0,5.0,A,0.0,3.0,A,7.0,22.0,0.0,13.0,7.0,10.0,3.0,6.0,0.0,0.0,0.0,0.0,7.04,5.21,1.4
E0,2024-12-30,Aston Villa,Brighton,1803.11,1765.46,3.0,9.0,2.0,3.0,2.0,2.0,D,1.0,1.0,D,20.0,13.0,4.0,4.0,9.0,14.0,12.0,3.0,2.0,3.0,0.0,0.0,1.94,3.86,3.61
E0,2024-12-30,Ipswich,Chelsea,1595.27,1896.25,3.0,3.0,4.0,10.0,2.0,0.0,H,1.0,0.0,H,9.0,20.0,6.0,5.0,9.0,5.0,4.0,7.0,4.0,4.0,0.0,0.0,6.87,5.02,1.41
E0,2024-12-30,Man United,Newcastle,1785.76,1809.88,3.0,3.0,9.0,10.0,0.0,2.0,A,0.0,2.0,A,10.0,12.0,0.0,4.0,13.0,8.0,2.0,3.0,1.0,1.0,0.0,0.0,2.7,3.61,2.49
E0,2025-01-01,Brentford,Arsenal,1734.68,1985.34,1.0,4.0,7.0,11.0,1.0,3.0,A,1.0,1.0,D,5.0,14.0,2.0,5.0,6.0,8.0,4.0,3.0,1.0,2.0,0.0,0.0,6.67,4.8,1.44
E0,2025-01-04,Tottenham,Newcastle,1799.63,1840.6,1.0,4.0,9.0,12.0,1.0,2.0,A,1.0,2.0,A,13.0,14.0,4.0,4.0,11.0,15.0,9.0,10.0,1.0,4.0,0.0,0.0,2.88,3.94,2.24
E0,2025-01-04,Aston Villa,Leicester,1799.41,1627.46,4.0,7.0,0.0,1.0,2.0,1.0,H,0.0,0.0,D,13.0,4.0,5.0,2.0,10.0,11.0,7.0,2.0,0.0,1.0,0.0,0.0,1.32,5.51,9.16
E0,2025-01-04,Bournemouth,Everton,1773.64,1709.6,5.0,9.0,2.0,6.0,1.0,0.0,H,0.0,0.0,D,19.0,9.0,8.0,0.0,15.0,14.0,9.0,3.0,2.0,2.0,0.0,0.0,1.75,3.82,4.71
E0,2025-01-04,Crystal Palace,Chelsea,1756.65,1864.35,4.0,8.0,1.0,7.0,1.0,1.0,D,0.0,1.0,A,13.0,15.0,6.0,1.0,9.0,12.0,6.0,6.0,0.0,2.0,0.0,0.0,3.65,3.88,1.95
E0,2025-01-04,Man City,West Ham,1940.05,1731.69,4.0,5.0,4.0,8.0,4.0,1.0,H,2.0,0.0,H,10.0,17.0,7.0,4.0,8.0,13.0,7.0,1.0,2.0,1.0,0.0,0.0,1.31,6.09,8.3
E0,2025-01-04,Southampton,Brentford,1569.21,1734.68,1.0,1.0,1.0,4.0,0.0,5.0,A,0.0,1.0,A,8.0,20.0,1.0,11.0,10.0,4.0,2.0,2.0,2.0,0.0,0.0,0.0,2.78,3.54,2.48
E0,2025-01-04,Brighton,Arsenal,1753.26,1985.34,3.0,4.0,9.0,11.0,1.0,1.0,D,0.0,1.0,A,11.0,9.0,4.0,3.0,17.0,14.0,2.0,5.0,2.0,3.0,0.0,0.0,4.36,3.83,1.8
E0,2025-01-05,Fulham,Ipswich,1771.66,1605.54,5.0,7.0,3.0,6.0,2.0,2.0,D,0.0,1.0,A,15.0,7.0,4.0,3.0,10.0,14.0,9.0,2.0,1.0,5.0,0.0,0.0,1.56,4.34,5.68
E0,2025-01-05,Liverpool,Man United,2009.38,1756.4,9.0,11.0,0.0,3.0,2.0,2.0,D,0.0,0.0,D,19.0,13.0,6.0,4.0,10.0,13.0,6.0,9.0,2.0,4.0,0.0,0.0,1.29,6.05,9.49
E0,2025-01-06,Wolves,Nott'm Forest,1686.93,1766.36,7.0,7.0,9.0,15.0,0.0,3.0,A,0.0,2.0,A,13.0,11.0,6.0,3.0,10.0,8.0,5.0,3.0,1.0,2.0,0.0,0.0,3.22,3.22,2.33
E0,2025-01-14,Brentford,Man City,1734.68,1940.05,4.0,4.0,7.0,7.0,2.0,2.0,D,0.0,0.0,D,18.0,21.0,6.0,8.0,4.0,4.0,4.0,5.0,0.0,0.0,0.0,0.0,4.76,4.47,1.64
E0,2025-01-14,Chelsea,Bournemouth,1864.35,1773.64,1.0,5.0,5.0,9.0,2.0,2.0,D,1.0,0.0,H,26.0,7.0,10.0,3.0,15.0,16.0,9.0,3.0,2.0,3.0,0.0,0.0,1.5,4.81,5.92
E0,2025-01-14,West Ham,Fulham,1731.69,1771.66,3.0,5.0,5.0,7.0,3.0,2.0,H,2.0,0.0,H,4.0,21.0,3.0,5.0,9.0,18.0,0.0,3.0,3.0,3.0,0.0,0.0,2.97,3.43,2.41
E0,2025-01-14,Nott'm Forest,Liverpool,1766.36,2009.38,9.0,15.0,7.0,11.0,1.0,1.0,D,1.0,0.0,H,6.0,23.0,3.0,7.0,7.0,10.0,0.0,9.0,2.0,1.0,0.0,0.0,5.14,4.16,1.64
E0,2025-01-15,Everton,Aston Villa,1704.53,1802.28,1.0,3.0,4.0,7.0,0.0,1.0,A,0.0,0.0,D,10.0,11.0,3.0,3.0,17.0,10.0,8.0,5.0,2.0,1.0,0.0,0.0,3.2,3.24,2.35
E0,2025-01-15,Leicester,Crystal Palace,1624.59,1757.97,0.0,0.0,5.0,8.0,0.0,2.0,A,0.0,0.0,D,21.0,9.0,4.0,4.0,7.0,6.0,4.0,3.0,0.0,0.0,0.0,0.0,3.88,3.73,1.92
E0,2025-01-15,Newcastle,Wolves,1848.97,1673.98,9.0,15.0,4.0,7.0,3.0,0.0,H,1.0,0.0,H,17.0,13.0,5.0,7.0,10.0,13.0,4.0,2.0,0.0,2.0,0.0,0.0,1.35,5.54,8.08
E0,2025-01-15,Arsenal,Tottenham,1985.78,1791.26,7.0,11.0,1.0,4.0,2.0,1.0,H,2.0,1.0,H,14.0,10.0,4.0,2.0,16.0,9.0,10.0,4.0,3.0,1.0,0.0,0.0,1.4,5.29,6.86
E0,2025-01-16,Ipswich,Brighton,1611.27,1757.93,4.0,7.0,3.0,4.0,0.0,2.0,A,0.0,0.0,D,5.0,11.0,3.0,5.0,13.0,14.0,1.0,9.0,2.0,2.0,0.0,0.0,3.8,3.73,1.94
E0,2025-01-16,Man United,Southampton,1763.57,1557.1,1.0,4.0,0.0,1.0,3.0,1.0,H,0.0,1.0,A,23.0,13.0,9.0,5.0,7.0,10.0,5.0,4.0,1.0,3.0,0.0,0.0,1.3,5.79,9.4
E0,2025-01-18,Newcastle,Bournemouth,1848.97,1782.62,9.0,15.0,5.0,9.0,1.0,4.0,A,1.0,2.0,A,13.0,19.0,5.0,10.0,7.0,18.0,7.0,6.0,1.0,6.0,0.0,0.0,1.64,4.3,4.93
E0,2025-01-18,Brentford,Liverpool,1745.59,1997.82,4.0,5.0,5.0,11.0,0.0,2.0,A,0.0,0.0,D,11.0,37.0,6.0,8.0,6.0,14.0,2.0,15.0,2.0,3.0,0.0,0.0,6.43,5.15,1.43
E0,2025-01-18,Leicester,Fulham,1624.59,1758.53,0.0,0.0,2.0,6.0,0.0,2.0,A,0.0,0.0,D,8.0,17.0,4.0,2.0,8.0,8.0,5.0,2.0,3.0,1.0,0.0,0.0,4.17,3.81,1.84
E0,2025-01-18,West Ham,Crystal Palace,1734.95,1757.97,3.0,7.0,7.0,8.0,0.0,2.0,A,0.0,0.0,D,7.0,12.0,0.0,7.0,13.0,10.0,2.0,4.0,1.0,0.0,1.0,0.0,2.62,3.41,2.69
E0,2025-01-18,Arsenal,Aston Villa,1985.78,1802.28,7.0,13.0,7.0,10.0,2.0,2.0,D,1.0,0.0,H,18.0,8.0,6.0,4.0,10.0,18.0,10.0,1.0,2.0,3.0,0.0,0.0,1.51,4.35,6.45
E0,2025-01-19,Everton,Tottenham,1704.53,1791.26,0.0,2.0,1.0,1.0,3.0,2.0,H,3.0,0.0,H,12.0,11.0,6.0,6.0,14.0,14.0,3.0,8.0,2.0,1.0,0.0,0.0,2.91,3.51,2.41
E0,2025-01-19,Man United,Brighton,1763.57,1757.93,4.0,4.0,5.0,7.0,1.0,3.0,A,1.0,1.0,D,10.0,6.0,1.0,3.0,13.0,12.0,4.0,2.0,3.0,3.0,0.0,0.0,2.09,3.71,3.36
E0,2025-01-19,Nott'm Forest,Southampton,1783.71,1557.1,7.0,13.0,0.0,1.0,3.0,2.0,H,3.0,0.0,H,14.0,10.0,5.0,4.0,4.0,18.0,2.0,8.0,0.0,4.0,0.0,0.0,1.39,4.86,8.03
E0,2025-01-19,Ipswich,Man City,1611.27,1940.29,4.0,4.0,7.0,8.0,0.0,6.0,A,0.0,3.0,A,8.0,17.0,4.0,9.0,4.0,7.0,4.0,7.0,0.0,1.0,0.0,0.0,7.72,5.36,1.36
E0,2025-01-20,Chelsea,Wolves,1859.11,1673.98,2.0,3.0,1.0,7.0,3.0,1.0,H,1.0,1.0,D,19.0,9.0,7.0,4.0,8.0,14.0,3.0,6.0,4.0,2.0,0.0,0.0,1.37,5.51,7.3
E0,2025-01-25,Bournemouth,Nott'm Forest,1782.62,1783.71,7.0,9.0,7.0,13.0,5.0,0.0,H,1.0,0.0,H,16.0,18.0,10.0,4.0,9.0,12.0,3.0,9.0,2.0,3.0,0.0,0.0,2.09,3.64,3.42
E0,2025-01-25,Brighton,Everton,1757.93,1704.53,7.0,9.0,3.0,4.0,0.0,1.0,A,0.0,1.0,A,16.0,3.0,1.0,1.0,8.0,11.0,9.0,1.0,3.0,4.0,0.0,0.0,1.67,3.86,5.39
E0,2025-01-25,Liverpool,Ipswich,1997.82,1611.27,5.0,11.0,1.0,4.0,4.0,1.0,H,3.0,0.0,H,16.0,3.0,6.0,3.0,10.0,11.0,3.0,4.0,0.0,2.0,0.0,0.0,1.1,11.04,20.87
E0,2025-01-25,Southampton,Newcastle,1557.1,1848.97,0.0,0.0,6.0,12.0,1.0,3.0,A,1.0,2.0,A,12.0,17.0,5.0,9.0,10.0,5.0,3.0,8.0,1.0,0.0,0.0,0.0,6.82,5.09,1.42
E0,2025-01-25,Wolves,Arsenal,1673.98,1985.78,0.0,4.0,5.0,11.0,0.0,1.0,A,0.0,0.0,D,9.0,9.0,4.0,3.0,20.0,10.0,1.0,5.0,0.0,1.0,1.0,1.0,6.85,4.65,1.46
E0,2025-01-25,Man City,Chelsea,1940.29,1859.11,7.0,11.0,5.0,5.0,3.0,1.0,H,1.0,1.0,D,15.0,10.0,6.0,4.0,6.0,8.0,2.0,4.0,3.0,2.0,0.0,0.0,2.03,4.03,3.29
E0,2025-01-26,Crystal Palace,Brentford,1757.97,1745.59,7.0,11.0,4.0,5.0,1.0,2.0,A,0.0,0.0,D,16.0,13.0,5.0,6.0,8.0,11.0,4.0,7.0,2.0,2.0,0.0,0.0,2.06,3.68,3.47
E0,2025-01-26,Tottenham,Leicester,1791.26,1624.59,0.0,1.0,0.0,0.0,1.0,2.0,A,1.0,0.0,H,15.0,12.0,6.0,3.0,6.0,16.0,6.0,4.0,1.0,5.0,0.0,0.0,1.46,5.21,5.89
E0,2025-01-26,Aston Villa,West Ham,1802.28,1734.95,7.0,8.0,3.0,6.0,1.0,1.0,D,1.0,0.0,H,14.0,14.0,4.0,4.0,13.0,16.0,4.0,3.0,2.0,3.0,0.0,0.0,1.55,4.39,5.81
E0,2025-01-26,Fulham,Man United,1758.53,1763.57,4.0,8.0,4.0,4.0,0.0,1.0,A,0.0,0.0,D,9.0,4.0,3.0,1.0,7.0,9.0,3.0,0.0,0.0,1.0,0.0,0.0,2.31,3.44,3.1
E0,2025-02-01,Nott'm Forest,Brighton,1773.07,1769.32,4.0,10.0,6.0,8.0,7.0,0.0,H,3.0,0.0,H,14.0,10.0,9.0,5.0,8.0,13.0,4.0,6.0,1.0,3.0,0.0,0.0,2.44,3.46,2.89
E0,2025-02-01,Bournemouth,Liverpool,1817.39,1996.88,7.0,11.0,7.0,11.0,0.0,2.0,A,0.0,1.0,A,14.0,19.0,3.0,7.0,15.0,9.0,3.0,3.0,2.0,3.0,0.0,0.0,4.56,4.32,1.68
E0,2025-02-01,Everton,Leicester,1719.11,1622.28,6.0,6.0,3.0,3.0,4.0,0.0,H,3.0,0.0,H,13.0,9.0,7.0,1.0,7.0,13.0,5.0,6.0,0.0,0.0,0.0,0.0,1.79,3.67,4.67
E0,2025-02-01,Ipswich,Southampton,1597.46,1548.53,0.0,4.0,0.0,0.0,1.0,2.0,A,1.0,1.0,D,15.0,9.0,6.0,4.0,11.0,14.0,1.0,2.0,0.0,3.0,0.0,0.0,1.98,3.67,3.74
E0,2025-02-01,Newcastle,Fulham,1839.71,1758.32,6.0,12.0,3.0,5.0,1.0,2.0,A,1.0,0.0,H,11.0,15.0,4.0,4.0,10.0,15.0,4.0,7.0,4.0,4.0,0.0,0.0,1.71,4.07,4.66
E0,2025-02-01,Wolves,Aston Villa,1664.06,1810.13,0.0,1.0,5.0,9.0,2.0,0.0,H,1.0,0.0,H,8.0,10.0,5.0,3.0,20.0,13.0,5.0,8.0,2.0,3.0,0.0,0.0,3.36,3.58,2.14
E0,2025-02-02,Brentford,Tottenham,1752.4,1775.76,4.0,7.0,0.0,1.0,0.0,2.0,A,0.0,1.0,A,20.0,13.0,4.0,2.0,4.0,11.0,10.0,3.0,0.0,1.0,0.0,0.0,2.11,3.97,3.1
E0,2025-02-02,Man United,Crystal Palace,1773.39,1769.54,6.0,7.0,6.0,10.0,0.0,2.0,A,0.0,0.0,D,17.0,11.0,2.0,3.0,12.0,13.0,11.0,0.0,3.0,1.0,0.0,0.0,2.04,3.48,3.71
E0,2025-02-02,Arsenal,Man City,1990.55,1947.53,7.0,11.0,7.0,13.0,5.0,1.0,H,1.0,0.0,H,12.0,7.0,7.0,4.0,6.0,7.0,5.0,2.0,2.0,0.0,0.0,0.0,1.97,3.58,3.83
E0,2025-02-03,Chelsea,West Ham,1857.31,1727.7,4.0,5.0,4.0,4.0,2.0,1.0,H,0.0,1.0,A,22.0,14.0,3.0,5.0,11.0,10.0,4.0,3.0,3.0,1.0,0.0,0.0,1.36,5.54,7.58
E0,2025-02-12,Everton,Liverpool,1719.11,1996.88,9.0,9.0,9.0,11.0,2.0,2.0,D,1.0,1.0,D,10.0,6.0,3.0,4.0,9.0,20.0,2.0,3.0,2.0,2.0,1.0,1.0,7.36,4.71,1.44
E0,2025-02-14,Brighton,Chelsea,1769.32,1857.31,3.0,7.0,6.0,8.0,3.0,0.0,H,2.0,0.0,H,13.0,8.0,5.0,0.0,12.0,15.0,2.0,9.0,1.0,2.0,0.0,0.0,2.85,3.6,2.43
E0,2025-02-15,Leicester,Arsenal,1611.02,1999.49,3.0,3.0,7.0,11.0,0.0,2.0,A,0.0,0.0,D,6.0,11.0,2.0,5.0,9.0,10.0,3.0,7.0,2.0,1.0,0.0,0.0,9.45,5.29,1.34
E0,2025-02-15,Aston Villa,Ipswich,1793.17,1584.51,2.0,8.0,0.0,1.0,1.0,1.0,D,0.0,0.0,D,25.0,4.0,6.0,3.0,7.0,11.0,16.0,1.0,0.0,3.0,0.0,1.0,1.41,4.96,7.45
E0,2025-02-15,Fulham,Nott'm Forest,1767.26,1788.28,6.0,7.0,6.0,10.0,2.0,1.0,H,1.0,1.0,D,24.0,8.0,10.0,2.0,13.0,8.0,8.0,4.0,0.0,0.0,0.0,0.0,2.22,3.35,3.39
E0,2025-02-15,Man City,Newcastle,1926.48,1826.18,6.0,10.0,3.0,9.0,4.0,0.0,H,3.0,0.0,H,11.0,3.0,7.0,1.0,5.0,13.0,7.0,4.0,0.0,1.0,0.0,0.0,1.97,4.07,3.44
E0,2025-02-15,Southampton,Bournemouth,1556.9,1808.38,3.0,3.0,6.0,10.0,1.0,3.0,A,0.0,2.0,A,11.0,14.0,4.0,7.0,13.0,15.0,4.0,6.0,1.0,3.0,0.0,0.0,5.83,4.64,1.52
E0,2025-02-15,West Ham,Brentford,1721.72,1738.05,1.0,4.0,3.0,7.0,0.0,1.0,A,0.0,1.0,A,13.0,14.0,3.0,5.0,10.0,13.0,9.0,2.0,1.0,1.0,0.0,0.0,2.41,3.64,2.82
E0,2025-02-15,Crystal Palace,Everton,1780.71,1731.52,6.0,10.0,7.0,10.0,1.0,2.0,A,0.0,1.0,A,17.0,11.0,6.0,6.0,9.0,12.0,6.0,2.0,0.0,1.0,0.0,0.0,1.81,3.45,4.94
E0,2025-02-16,Liverpool,Wolves,1995.58,1676.43,7.0,11.0,3.0,3.0,2.0,1.0,H,2.0,0.0,H,10.0,16.0,3.0,4.0,15.0,13.0,4.0,3.0,2.0,2.0,0.0,0.0,1.19,7.85,12.84
E0,2025-02-16,Tottenham,Man United,1785.53,1757.62,3.0,3.0,3.0,7.0,1.0,0.0,H,1.0,0.0,H,22.0,16.0,7.0,6.0,13.0,9.0,10.0,5.0,1.0,2.0,0.0,0.0,2.45,3.73,2.69
E0,2025-02-19,Aston Villa,Liverpool,1793.17,1995.58,2.0,6.0,7.0,13.0,2.0,2.0,D,2.0,1.0,H,9.0,17.0,4.0,3.0,8.0,6.0,6.0,8.0,1.0,0.0,0.0,0.0,3.93,4.0,1.85
E0,2025-02-21,Leicester,Brentford,1611.02,1738.05,3.0,3.0,6.0,7.0,0.0,4.0,A,0.0,3.0,A,8.0,14.0,3.0,6.0,10.0,10.0,5.0,6.0,4.0,0.0,0.0,0.0,3.7,3.86,1.96
E0,2025-02-22,Everton,Man United,1731.52,1757.62,7.0,13.0,3.0,6.0,2.0,2.0,D,2.0,0.0,H,9.0,9.0,8.0,3.0,12.0,9.0,7.0,9.0,4.0,1.0,0.0,0.0,2.55,3.2,2.96
E0,2025-02-22,Arsenal,West Ham,1999.49,1721.72,9.0,13.0,1.0,4.0,0.0,1.0,A,0.0,1.0,A,20.0,5.0,2.0,2.0,16.0,15.0,2.0,0.0,1.0,3.0,1.0,0.0,1.25,6.2,11.63
E0,2025-02-22,Bournemouth,Wolves,1808.38,1676.43,6.0,10.0,3.0,3.0,0.0,1.0,A,0.0,1.0,A,8.0,13.0,3.0,5.0,17.0,9.0,6.0,7.0,3.0,3.0,1.0,0.0,1.56,4.45,5.5
E0,2025-02-22,Fulham,Crystal Palace,1767.26,1780.71,6.0,9.0,3.0,9.0,0.0,2.0,A,0.0,1.0,A,10.0,10.0,0.0,5.0,10.0,7.0,7.0,7.0,1.0,3.0,0.0,0.0,2.05,3.48,3.74
E0,2025-02-22,Ipswich,Tottenham,1584.51,1785.53,1.0,1.0,6.0,6.0,1.0,4.0,A,1.0,2.0,A,17.0,10.0,5.0,6.0,15.0,14.0,4.0,4.0,2.0,1.0,0.0,0.0,3.87,3.89,1.89
E0,2025-02-22,Southampton,Brighton,1556.9,1765.52,3.0,3.0,3.0,9.0,0.0,4.0,A,0.0,1.0,A,6.0,18.0,1.0,12.0,11.0,12.0,5.0,6.0,2.0,0.0,0.0,0.0,5.52,4.38,1.57
E0,2025-02-22,Aston Villa,Chelsea,1793.17,1842.71,2.0,4.0,3.0,7.0,2.0,1.0,H,0.0,1.0,A,12.0,15.0,6.0,7.0,15.0,16.0,2.0,3.0,1.0,3.0,0.0,0.0,2.62,3.7,2.56
E0,2025-02-23,Newcastle,Nott'm Forest,1826.18,1788.28,3.0,6.0,3.0,7.0,4.0,3.0,H,4.0,1.0,H,13.0,17.0,5.0,5.0,11.0,13.0,7.0,6.0,1.0,4.0,0.0,0.0,1.81,3.96,4.11
E0,2025-02-23,Man City,Liverpool,1926.48,1995.58,6.0,10.0,5.0,11.0,0.0,2.0,A,0.0,2.0,A,16.0,8.0,5.0,4.0,3.0,10.0,7.0,5.0,0.0,0.0,0.0,0.0,2.9,3.86,2.26
E0,2025-02-25,Brighton,Bournemouth,1765.52,1808.38,6.0,9.0,3.0,9.0,2.0,1.0,H,1.0,0.0,H,11.0,19.0,4.0,5.0,12.0,14.0,1.0,9.0,2.0,1.0,0.0,0.0,2.06,3.81,3.43
E0,2025-02-25,Crystal Palace,Aston Villa,1780.71,1793.17,6.0,9.0,5.0,6.0,4.0,1.0,H,1.0,0.0,H,19.0,6.0,6.0,2.0,19.0,10.0,3.0,8.0,3.0,1.0,0.0,0.0,2.55,3.38,2.83
E0,2025-02-25,Wolves,Fulham,1676.43,1767.26,6.0,6.0,6.0,9.0,1.0,2.0,A,1.0,1.0,D,18.0,11.0,5.0,5.0,8.0,15.0,7.0,5.0,1.0,3.0,0.0,0.0,2.71,3.34,2.69
E0,2025-02-25,Chelsea,Southampton,1842.71,1556.9,3.0,6.0,3.0,3.0,4.0,0.0,H,3.0,0.0,H,19.0,7.0,10.0,2.0,6.0,9.0,4.0,2.0,1.0,2.0,0.0,0.0,1.17,8.55,14.69
E0,2025-02-26,Brentford,Everton,1738.05,1731.52,6.0,9.0,5.0,11.0,1.0,1.0,D,1.0,0.0,H,12.0,14.0,3.0,4.0,3.0,6.0,2.0,5.0,2.0,1.0,0.0,0.0,2.02,3.68,3.59
E0,2025-02-26,Man United,Ipswich,1757.62,1584.51,1.0,4.0,1.0,1.0,3.0,2.0,H,2.0,2.0,D,10.0,12.0,6.0,3.0,9.0,16.0,5.0,6.0,4.0,4.0,1.0,0.0,1.52,4.55,5.83
E0,2025-02-26,Nott'm Forest,Arsenal,1788.28,1999.49,3.0,6.0,6.0,10.0,0.0,0.0,D,0.0,0.0,D,6.0,13.0,2.0,1.0,10.0,17.0,3.0,11.0,1.0,1.0,0.0,0.0,3.94,3.48,1.98
E0,2025-02-26,Tottenham,Man City,1785.53,1926.48,9.0,9.0,3.0,9.0,0.0,1.0,A,0.0,1.0,A,11.0,12.0,6.0,5.0,12.0,15.0,8.0,3.0,3.0,0.0,0.0,0.0,3.22,4.09,2.04
E0,2025-02-26,Liverpool,Newcastle,1995.58,1826.18,7.0,11.0,3.0,6.0,2.0,0.0,H,1.0,0.0,H,12.0,3.0,3.0,0.0,12.0,11.0,4.0,2.0,0.0,1.0,0.0,0.0,1.52,4.77,5.64
