Div,Date,HomeTeam,AwayTeam,HomeElo,AwayElo,Form3Home,Form5Home,Form3Away,Form5Away,FTHG,FTAG,FTR,HTHG,HTAG,HTR,HS,AS,HST,AST,HF,AF,HC,AC,HY,AY,HR,AR,B365H,B365D,B365A
SP1,2017-01-06,Espanol,La Coruna,1704.27,1667.82,4.0,10.0,6.0,6.0,1.0,1.0,D,0.0,0.0,D,14.0,13.0,4.0,3.0,13.0,14.0,2.0,8.0,1.0,1.0,0.0,1.0,2.05,3.3,3.8
SP1,2017-01-07,Eibar,Ath Madrid,1672.66,1935.48,2.0,8.0,4.0,7.0,0.0,2.0,A,0.0,0.0,D,15.0,8.0,2.0,4.0,11.0,10.0,5.0,3.0,2.0,2.0,0.0,0.0,5.5,3.5,1.73
SP1,2017-01-07,Las Palmas,Sp Gijon,1697.55,1633.02,2.0,5.0,3.0,3.0,1.0,0.0,H,0.0,0.0,D,16.0,10.0,10.0,2.0,8.0,18.0,8.0,3.0,2.0,3.0,0.0,0.0,1.67,3.75,5.5
SP1,2017-01-07,Real Madrid,Granada,2050.4,1621.42,7.0,13.0,4.0,5.0,5.0,0.0,H,4.0,0.0,H,23.0,3.0,13.0,1.0,11.0,12.0,9.0,1.0,1.0,4.0,0.0,0.0,1.07,13.0,26.0
SP1,2017-01-07,Sociedad,Sevilla,1773.53,1833.13,6.0,10.0,6.0,12.0,0.0,4.0,A,0.0,2.0,A,11.0,11.0,5.0,10.0,15.0,18.0,7.0,4.0,2.0,3.0,0.0,0.0,2.25,3.4,3.2
SP1,2017-01-08,Ath Bilbao,Alaves,1778.67,1646.58,6.0,9.0,5.0,8.0,0.0,0.0,D,0.0,0.0,D,15.0,10.0,4.0,4.0,10.0,13.0,13.0,4.0,2.0,4.0,0.0,0.0,1.53,3.8,7.5
SP1,2017-01-08,Betis,Leganes,1674.24,1620.41,4.0,7.0,3.0,6.0,2.0,0.0,H,0.0,0.0,D,16.0,9.0,3.0,3.0,10.0,20.0,4.0,2.0,2.0,6.0,0.0,0.0,2.1,3.25,3.75
SP1,2017-01-08,Celta,Malaga,1727.08,1724.19,1.0,4.0,2.0,6.0,3.0,1.0,H,1.0,0.0,H,6.0,13.0,3.0,4.0,17.0,15.0,2.0,7.0,1.0,4.0,0.0,0.0,1.85,3.6,4.33
SP1,2017-01-08,Villarreal,Barcelona,1775.23,2017.79,7.0,7.0,7.0,9.0,1.0,1.0,D,0.0,0.0,D,6.0,20.0,3.0,7.0,16.0,13.0,2.0,4.0,1.0,2.0,1.0,0.0,6.0,4.33,1.53
SP1,2017-01-09,Osasuna,Valencia,1564.89,1690.84,0.0,0.0,1.0,2.0,3.0,3.0,D,1.0,2.0,A,22.0,7.0,4.0,3.0,19.0,13.0,7.0,3.0,2.0,5.0,0.0,0.0,4.0,3.5,1.95
SP1,2017-01-14,Ath Madrid,Betis,1935.48,1674.24,6.0,10.0,6.0,7.0,1.0,0.0,H,1.0,0.0,H,6.0,10.0,3.0,6.0,15.0,17.0,9.0,2.0,1.0,3.0,0.0,0.0,1.2,6.5,17.0
SP1,2017-01-14,Barcelona,Las Palmas,2017.79,1697.55,7.0,9.0,4.0,8.0,5.0,0.0,H,1.0,0.0,H,22.0,7.0,10.0,1.0,15.0,11.0,5.0,1.0,3.0,4.0,0.0,0.0,1.1,11.0,26.0
SP1,2017-01-14,La Coruna,Villarreal,1667.82,1775.23,4.0,7.0,7.0,8.0,0.0,0.0,D,0.0,0.0,D,13.0,4.0,3.0,1.0,14.0,8.0,10.0,0.0,0.0,1.0,0.0,0.0,2.7,3.1,2.8
SP1,2017-01-14,Leganes,Ath Bilbao,1620.41,1778.67,2.0,3.0,4.0,7.0,0.0,0.0,D,0.0,0.0,D,15.0,10.0,5.0,2.0,20.0,11.0,4.0,8.0,3.0,3.0,0.0,0.0,3.25,3.1,2.38
SP1,2017-01-15,Celta,Alaves,1735.0,1652.33,3.0,7.0,5.0,9.0,1.0,0.0,H,0.0,0.0,D,13.0,9.0,4.0,1.0,19.0,10.0,7.0,4.0,4.0,3.0,0.0,1.0,1.7,3.75,5.25
SP1,2017-01-15,Granada,Osasuna,1620.22,1565.8,1.0,4.0,1.0,1.0,1.0,1.0,D,0.0,1.0,A,8.0,13.0,4.0,3.0,13.0,23.0,3.0,5.0,2.0,4.0,2.0,0.0,2.05,3.4,3.8
SP1,2017-01-15,Sevilla,Real Madrid,1850.85,2051.6,9.0,12.0,7.0,13.0,2.0,1.0,H,0.0,0.0,D,9.0,10.0,4.0,3.0,13.0,10.0,6.0,1.0,3.0,1.0,0.0,0.0,3.6,3.8,1.95
SP1,2017-01-15,Sp Gijon,Eibar,1628.8,1666.71,0.0,3.0,2.0,5.0,2.0,3.0,A,1.0,3.0,A,10.0,18.0,4.0,7.0,13.0,16.0,2.0,4.0,4.0,0.0,0.0,0.0,2.9,3.1,2.6
SP1,2017-01-15,Valencia,Espanol,1689.94,1700.63,2.0,3.0,4.0,8.0,2.0,1.0,H,1.0,0.0,H,10.0,6.0,5.0,3.0,17.0,13.0,6.0,3.0,5.0,0.0,0.0,0.0,1.91,3.6,4.0
SP1,2017-01-16,Malaga,Sociedad,1716.28,1755.81,1.0,5.0,6.0,7.0,0.0,2.0,A,0.0,0.0,D,5.0,11.0,1.0,5.0,22.0,12.0,8.0,8.0,0.0,2.0,0.0,0.0,2.4,3.3,3.0
SP1,2017-01-20,Las Palmas,La Coruna,1699.3,1671.89,3.0,5.0,5.0,8.0,1.0,1.0,D,1.0,0.0,H,9.0,7.0,3.0,1.0,13.0,8.0,4.0,5.0,0.0,1.0,1.0,0.0,2.25,3.3,3.3
SP1,2017-01-21,Alaves,Leganes,1652.33,1615.81,4.0,6.0,2.0,4.0,2.0,2.0,D,1.0,1.0,D,8.0,13.0,3.0,4.0,9.0,20.0,4.0,3.0,3.0,2.0,0.0,0.0,2.2,3.1,3.6
SP1,2017-01-21,Espanol,Granada,1700.63,1620.22,1.0,5.0,1.0,5.0,3.0,1.0,H,2.0,1.0,H,17.0,7.0,8.0,4.0,19.0,17.0,10.0,5.0,0.0,3.0,0.0,0.0,1.57,4.0,6.0
SP1,2017-01-21,Real Madrid,Malaga,2051.6,1716.28,6.0,10.0,0.0,2.0,2.0,1.0,H,2.0,0.0,H,14.0,10.0,7.0,6.0,7.0,20.0,5.0,4.0,2.0,3.0,0.0,0.0,1.13,10.0,17.0
SP1,2017-01-21,Villarreal,Valencia,1778.82,1689.94,5.0,9.0,4.0,5.0,0.0,2.0,A,0.0,2.0,A,20.0,13.0,5.0,5.0,14.0,17.0,7.0,2.0,2.0,2.0,0.0,0.0,1.85,3.6,4.33
SP1,2017-01-22,Ath Bilbao,Ath Madrid,1771.05,1943.04,5.0,8.0,9.0,10.0,2.0,2.0,D,1.0,1.0,D,8.0,11.0,5.0,5.0,12.0,9.0,2.0,6.0,2.0,3.0,0.0,0.0,4.0,3.2,2.05
SP1,2017-01-22,Betis,Sp Gijon,1679.1,1628.8,3.0,7.0,0.0,3.0,0.0,0.0,D,0.0,0.0,D,16.0,7.0,4.0,1.0,14.0,20.0,9.0,5.0,2.0,2.0,0.0,0.0,1.73,3.6,5.25
SP1,2017-01-22,Eibar,Barcelona,1666.71,2016.26,4.0,5.0,7.0,11.0,0.0,4.0,A,0.0,1.0,A,14.0,14.0,6.0,7.0,12.0,4.0,8.0,5.0,3.0,1.0,0.0,0.0,9.5,6.0,1.29
SP1,2017-01-22,Osasuna,Sevilla,1565.8,1850.85,2.0,2.0,9.0,12.0,3.0,4.0,A,1.0,1.0,D,14.0,13.0,7.0,9.0,14.0,8.0,3.0,6.0,5.0,3.0,0.0,0.0,6.0,4.33,1.53
SP1,2017-01-22,Sociedad,Celta,1755.81,1735.0,6.0,9.0,6.0,7.0,1.0,0.0,H,0.0,0.0,D,17.0,11.0,6.0,5.0,13.0,12.0,4.0,3.0,2.0,2.0,0.0,0.0,1.95,3.6,3.8
SP1,2017-01-27,Osasuna,Malaga,1565.8,1716.28,2.0,2.0,0.0,1.0,1.0,1.0,D,0.0,0.0,D,14.0,14.0,2.0,5.0,9.0,16.0,4.0,6.0,1.0,0.0,0.0,0.0,2.88,3.3,2.5
SP1,2017-01-28,Alaves,Ath Madrid,1652.33,1943.04,2.0,6.0,7.0,10.0,0.0,0.0,D,0.0,0.0,D,19.0,8.0,4.0,2.0,19.0,18.0,7.0,2.0,3.0,2.0,0.0,0.0,6.0,3.6,1.62
SP1,2017-01-28,Eibar,La Coruna,1666.71,1671.89,3.0,5.0,3.0,6.0,3.0,1.0,H,2.0,1.0,H,12.0,20.0,6.0,7.0,14.0,7.0,9.0,10.0,0.0,2.0,0.0,0.0,2.1,3.25,3.75
SP1,2017-01-28,Leganes,Celta,1615.81,1735.0,2.0,4.0,6.0,6.0,0.0,2.0,A,0.0,1.0,A,6.0,3.0,0.0,3.0,20.0,14.0,8.0,0.0,1.0,1.0,0.0,0.0,2.3,3.1,3.4
SP1,2017-01-28,Villarreal,Granada,1778.82,1620.22,2.0,8.0,1.0,2.0,2.0,0.0,H,1.0,0.0,H,18.0,7.0,6.0,0.0,11.0,18.0,7.0,4.0,3.0,2.0,0.0,0.0,1.36,4.75,9.5
SP1,2017-01-29,Ath Bilbao,Sp Gijon,1771.05,1628.8,3.0,6.0,1.0,1.0,2.0,1.0,H,0.0,1.0,A,11.0,5.0,6.0,3.0,11.0,22.0,5.0,0.0,4.0,3.0,0.0,0.0,1.36,4.75,9.5
SP1,2017-01-29,Betis,Barcelona,1679.1,2016.26,4.0,7.0,7.0,13.0,1.0,1.0,D,0.0,0.0,D,17.0,10.0,7.0,4.0,17.0,12.0,8.0,2.0,2.0,3.0,0.0,0.0,12.0,6.0,1.25
SP1,2017-01-29,Espanol,Sevilla,1700.63,1850.85,4.0,7.0,9.0,15.0,3.0,1.0,H,2.0,1.0,H,16.0,12.0,8.0,5.0,18.0,14.0,7.0,4.0,2.0,2.0,0.0,1.0,3.3,3.4,2.2
SP1,2017-01-29,Real Madrid,Sociedad,2051.6,1755.81,6.0,10.0,6.0,12.0,3.0,0.0,H,1.0,0.0,H,7.0,9.0,4.0,3.0,16.0,11.0,0.0,3.0,2.0,1.0,0.0,1.0,1.25,6.5,10.0
SP1,2017-01-30,Las Palmas,Valencia,1699.3,1689.94,4.0,5.0,7.0,8.0,3.0,1.0,H,1.0,1.0,D,9.0,8.0,4.0,3.0,17.0,13.0,6.0,3.0,1.0,3.0,0.0,1.0,2.5,3.4,2.8
SP1,2017-02-04,Ath Madrid,Leganes,1935.47,1608.67,5.0,11.0,2.0,3.0,2.0,0.0,H,1.0,0.0,H,12.0,15.0,4.0,2.0,10.0,15.0,3.0,6.0,1.0,1.0,0.0,0.0,1.29,5.0,15.0
SP1,2017-02-04,Barcelona,Ath Bilbao,2015.28,1776.16,7.0,11.0,5.0,9.0,3.0,0.0,H,2.0,0.0,H,16.0,10.0,6.0,5.0,11.0,18.0,7.0,3.0,1.0,3.0,0.0,0.0,1.22,6.5,13.0
SP1,2017-02-04,Malaga,Espanol,1700.78,1714.45,1.0,1.0,6.0,7.0,0.0,1.0,A,0.0,1.0,A,19.0,4.0,5.0,3.0,9.0,18.0,17.0,2.0,1.0,4.0,0.0,0.0,2.1,3.4,3.6
SP1,2017-02-04,Valencia,Eibar,1705.16,1679.18,6.0,7.0,6.0,7.0,0.0,4.0,A,0.0,2.0,A,8.0,11.0,1.0,7.0,12.0,10.0,2.0,6.0,2.0,1.0,1.0,0.0,1.91,3.6,4.0
SP1,2017-02-05,Sevilla,Villarreal,1850.84,1765.12,6.0,12.0,4.0,8.0,0.0,0.0,D,0.0,0.0,D,14.0,11.0,4.0,4.0,14.0,16.0,9.0,0.0,2.0,2.0,0.0,0.0,1.6,3.8,6.0
SP1,2017-02-05,Sociedad,Osasuna,1771.65,1567.65,6.0,9.0,2.0,3.0,3.0,2.0,H,0.0,1.0,A,13.0,11.0,6.0,5.0,6.0,22.0,3.0,2.0,2.0,2.0,0.0,0.0,1.3,5.25,11.0
SP1,2017-02-05,Sp Gijon,Alaves,1620.66,1650.12,1.0,1.0,2.0,6.0,2.0,4.0,A,0.0,1.0,A,12.0,14.0,4.0,7.0,20.0,20.0,8.0,4.0,7.0,3.0,0.0,0.0,2.2,3.3,3.4
SP1,2017-02-06,Granada,Las Palmas,1606.44,1704.38,1.0,1.0,4.0,7.0,1.0,0.0,H,1.0,0.0,H,12.0,15.0,4.0,5.0,27.0,9.0,6.0,5.0,5.0,3.0,0.0,0.0,3.0,3.4,2.38
SP1,2017-02-10,Espanol,Sociedad,1714.45,1771.65,9.0,10.0,6.0,9.0,1.0,2.0,A,1.0,1.0,D,7.0,15.0,2.0,5.0,15.0,14.0,5.0,6.0,3.0,2.0,0.0,0.0,2.8,3.2,2.63
SP1,2017-02-11,Alaves,Barcelona,1650.12,2015.28,5.0,6.0,7.0,11.0,0.0,6.0,A,0.0,2.0,A,9.0,21.0,4.0,9.0,16.0,9.0,3.0,9.0,1.0,3.0,0.0,0.0,10.0,5.5,1.3
SP1,2017-02-11,Ath Bilbao,La Coruna,1776.16,1666.9,4.0,6.0,2.0,6.0,2.0,1.0,H,0.0,1.0,A,13.0,8.0,5.0,3.0,12.0,11.0,3.0,2.0,1.0,2.0,0.0,0.0,1.67,3.6,5.75
SP1,2017-02-11,Betis,Valencia,1681.24,1705.16,2.0,5.0,3.0,7.0,0.0,0.0,D,0.0,0.0,D,16.0,8.0,2.0,4.0,15.0,17.0,4.0,6.0,4.0,3.0,0.0,0.0,2.5,3.25,2.9
SP1,2017-02-11,Osasuna,Real Madrid,1567.65,2044.52,1.0,3.0,6.0,12.0,1.0,3.0,A,1.0,1.0,D,11.0,12.0,8.0,6.0,10.0,8.0,3.0,2.0,3.0,2.0,0.0,0.0,13.0,6.5,1.22
SP1,2017-02-12,Ath Madrid,Celta,1935.47,1744.55,5.0,11.0,6.0,9.0,3.0,2.0,H,1.0,1.0,D,16.0,14.0,5.0,6.0,11.0,13.0,3.0,3.0,1.0,2.0,0.0,0.0,1.4,4.5,8.5
SP1,2017-02-12,Las Palmas,Sevilla,1704.38,1850.84,4.0,7.0,4.0,10.0,0.0,1.0,A,0.0,0.0,D,15.0,12.0,7.0,3.0,15.0,16.0,1.0,4.0,2.0,4.0,0.0,0.0,3.3,3.6,2.1
SP1,2017-02-12,Leganes,Sp Gijon,1608.67,1620.66,1.0,2.0,1.0,1.0,0.0,2.0,A,0.0,0.0,D,9.0,4.0,3.0,2.0,16.0,16.0,4.0,3.0,3.0,6.0,0.0,1.0,1.83,3.4,4.75
SP1,2017-02-12,Villarreal,Malaga,1765.12,1700.78,4.0,6.0,1.0,1.0,1.0,1.0,D,0.0,1.0,A,12.0,11.0,5.0,5.0,14.0,12.0,9.0,9.0,0.0,5.0,1.0,0.0,1.8,3.5,4.75
SP1,2017-02-13,Eibar,Granada,1679.18,1606.44,6.0,9.0,3.0,4.0,4.0,0.0,H,2.0,0.0,H,25.0,13.0,9.0,3.0,11.0,14.0,7.0,8.0,2.0,2.0,0.0,0.0,1.55,4.2,6.0
SP1,2017-02-17,Granada,Betis,1598.74,1670.75,3.0,4.0,3.0,6.0,4.0,1.0,H,3.0,0.0,H,10.0,6.0,8.0,2.0,18.0,9.0,4.0,7.0,4.0,1.0,1.0,1.0,3.0,3.2,2.5
SP1,2017-02-18,La Coruna,Alaves,1655.5,1649.76,1.0,3.0,4.0,5.0,0.0,1.0,A,0.0,0.0,D,16.0,6.0,4.0,4.0,13.0,13.0,10.0,6.0,5.0,3.0,0.0,0.0,2.0,3.1,4.2
SP1,2017-02-18,Real Madrid,Espanol,2038.35,1707.67,9.0,12.0,6.0,9.0,2.0,0.0,H,1.0,0.0,H,12.0,3.0,3.0,1.0,12.0,13.0,13.0,2.0,3.0,4.0,0.0,0.0,1.14,8.0,21.0
SP1,2017-02-18,Sevilla,Eibar,1844.7,1701.41,4.0,10.0,9.0,12.0,2.0,0.0,H,1.0,0.0,H,11.0,11.0,5.0,3.0,13.0,11.0,5.0,2.0,2.0,3.0,0.0,0.0,1.45,4.5,7.0
SP1,2017-02-18,Sp Gijon,Ath Madrid,1614.03,1931.47,3.0,4.0,7.0,11.0,1.0,4.0,A,0.0,0.0,D,15.0,11.0,2.0,6.0,12.0,10.0,12.0,3.0,1.0,1.0,0.0,0.0,7.5,4.0,1.5
SP1,2017-02-19,Barcelona,Leganes,1990.42,1584.19,7.0,13.0,0.0,2.0,2.0,1.0,H,1.0,0.0,H,13.0,11.0,6.0,6.0,8.0,18.0,4.0,4.0,1.0,3.0,0.0,0.0,1.07,11.0,41.0
SP1,2017-02-19,Celta,Osasuna,1734.37,1555.99,3.0,9.0,1.0,2.0,3.0,0.0,H,1.0,0.0,H,11.0,8.0,4.0,3.0,14.0,18.0,3.0,5.0,1.0,0.0,0.0,0.0,1.57,4.2,5.5
SP1,2017-02-19,Sociedad,Villarreal,1775.04,1757.41,6.0,12.0,5.0,6.0,0.0,1.0,A,0.0,0.0,D,16.0,7.0,0.0,3.0,8.0,19.0,7.0,4.0,2.0,4.0,0.0,0.0,1.95,3.3,4.2
SP1,2017-02-19,Valencia,Ath Bilbao,1677.67,1768.95,1.0,7.0,6.0,8.0,2.0,0.0,H,2.0,0.0,H,15.0,15.0,5.0,5.0,17.0,11.0,3.0,1.0,0.0,1.0,0.0,0.0,2.3,3.25,3.25
SP1,2017-02-20,Malaga,Las Palmas,1687.27,1681.98,2.0,2.0,3.0,4.0,2.0,1.0,H,2.0,1.0,H,13.0,13.0,6.0,4.0,23.0,14.0,2.0,6.0,3.0,3.0,1.0,0.0,1.95,3.5,4.0
SP1,2017-02-22,Valencia,Real Madrid,1677.67,2038.35,4.0,7.0,9.0,12.0,2.0,1.0,H,2.0,1.0,H,8.0,22.0,5.0,5.0,12.0,18.0,3.0,11.0,5.0,2.0,0.0,0.0,6.0,4.33,1.53
SP1,2017-02-24,Las Palmas,Sociedad,1681.98,1775.04,0.0,4.0,6.0,9.0,0.0,1.0,A,0.0,0.0,D,18.0,9.0,7.0,2.0,14.0,19.0,6.0,1.0,2.0,2.0,0.0,0.0,2.6,3.4,2.7
SP1,2017-02-25,Alaves,Valencia,1649.76,1677.67,6.0,8.0,7.0,7.0,2.0,1.0,H,0.0,0.0,D,13.0,5.0,5.0,2.0,13.0,16.0,2.0,1.0,4.0,2.0,0.0,1.0,2.63,3.1,2.88
SP1,2017-02-25,Betis,Sevilla,1670.75,1844.7,2.0,3.0,7.0,10.0,1.0,2.0,A,1.0,0.0,H,15.0,13.0,4.0,4.0,19.0,17.0,4.0,4.0,3.0,3.0,0.0,0.0,3.8,3.4,2.05
SP1,2017-02-25,Eibar,Malaga,1701.41,1687.27,6.0,9.0,4.0,5.0,3.0,0.0,H,1.0,0.0,H,8.0,4.0,4.0,2.0,11.0,18.0,2.0,2.0,2.0,4.0,0.0,1.0,2.05,3.4,3.8
SP1,2017-02-25,Leganes,La Coruna,1584.19,1655.5,0.0,1.0,0.0,2.0,4.0,0.0,H,2.0,0.0,H,7.0,11.0,5.0,3.0,18.0,13.0,2.0,7.0,2.0,5.0,0.0,1.0,2.4,3.1,3.2
SP1,2017-02-26,Ath Bilbao,Granada,1768.95,1598.74,3.0,7.0,6.0,6.0,3.0,1.0,H,2.0,1.0,H,14.0,7.0,7.0,2.0,14.0,16.0,0.0,3.0,1.0,5.0,0.0,0.0,1.44,4.5,7.5
SP1,2017-02-26,Ath Madrid,Barcelona,1931.47,1990.42,9.0,11.0,9.0,13.0,1.0,2.0,A,0.0,0.0,D,12.0,15.0,4.0,6.0,28.0,14.0,6.0,5.0,4.0,2.0,0.0,0.0,3.0,3.4,2.38
SP1,2017-02-26,Espanol,Osasuna,1707.67,1555.99,3.0,9.0,0.0,1.0,3.0,0.0,H,1.0,0.0,H,18.0,4.0,6.0,1.0,11.0,10.0,10.0,2.0,1.0,4.0,0.0,1.0,1.67,3.8,5.5
SP1,2017-02-26,Sp Gijon,Celta,1614.03,1734.37,3.0,4.0,6.0,9.0,1.0,1.0,D,0.0,0.0,D,20.0,16.0,6.0,5.0,9.0,17.0,7.0,5.0,2.0,4.0,1.0,0.0,2.63,3.4,2.63
SP1,2017-02-26,Villarreal,Real Madrid,1757.41,2038.35,5.0,8.0,6.0,12.0,2.0,3.0,A,0.0,0.0,D,11.0,25.0,4.0,6.0,15.0,6.0,5.0,5.0,4.0,1.0,0.0,0.0,5.5,3.75,1.67
SP1,2017-02-28,Malaga,Betis,1687.27,1670.75,4.0,5.0,1.0,3.0,1.0,2.0,A,1.0,0.0,H,15.0,11.0,4.0,5.0,8.0,16.0,7.0,5.0,3.0,5.0,0.0,0.0,1.95,3.5,4.0
SP1,2017-02-28,Sociedad,Eibar,1775.04,1701.41,6.0,9.0,6.0,12.0,2.0,2.0,D,1.0,1.0,D,14.0,13.0,7.0,4.0,12.0,20.0,3.0,5.0,3.0,4.0,1.0,1.0,1.85,3.5,4.5
SP1,2017-02-28,Valencia,Leganes,1677.67,1584.19,6.0,7.0,3.0,3.0,1.0,0.0,H,1.0,0.0,H,16.0,3.0,6.0,0.0,12.0,26.0,7.0,3.0,3.0,2.0,0.0,1.0,1.75,3.6,5.0
SP1,2017-03-01,Barcelona,Sp Gijon,1997.33,1607.12,9.0,13.0,4.0,4.0,6.0,1.0,H,3.0,1.0,H,25.0,5.0,9.0,2.0,14.0,12.0,10.0,3.0,1.0,3.0,0.0,0.0,1.05,15.0,41.0
SP1,2017-03-01,Celta,Espanol,1748.98,1708.03,4.0,7.0,3.0,9.0,2.0,2.0,D,2.0,2.0,D,8.0,8.0,4.0,2.0,16.0,8.0,1.0,3.0,2.0,2.0,1.0,0.0,1.91,3.4,4.33
SP1,2017-03-01,Granada,Alaves,1604.36,1664.39,3.0,6.0,6.0,10.0,2.0,1.0,H,1.0,0.0,H,13.0,11.0,6.0,5.0,19.0,15.0,4.0,4.0,6.0,4.0,0.0,2.0,2.63,3.2,2.8
SP1,2017-03-01,Osasuna,Villarreal,1543.92,1747.43,0.0,1.0,4.0,8.0,1.0,4.0,A,0.0,2.0,A,17.0,12.0,3.0,6.0,10.0,13.0,8.0,2.0,3.0,3.0,0.0,0.0,3.8,3.4,2.05
SP1,2017-03-01,Real Madrid,Las Palmas,2028.89,1665.14,6.0,12.0,0.0,3.0,3.0,3.0,D,1.0,1.0,D,20.0,17.0,7.0,8.0,15.0,16.0,7.0,4.0,4.0,3.0,1.0,0.0,1.13,9.0,21.0
SP1,2017-03-02,La Coruna,Ath Madrid,1627.22,1932.81,0.0,1.0,6.0,10.0,1.0,1.0,D,1.0,0.0,H,13.0,10.0,2.0,4.0,14.0,10.0,7.0,2.0,2.0,1.0,0.0,0.0,5.5,3.75,1.65
SP1,2017-03-02,Sevilla,Ath Bilbao,1851.7,1738.19,9.0,10.0,6.0,9.0,1.0,0.0,H,1.0,0.0,H,14.0,14.0,4.0,4.0,16.0,10.0,6.0,9.0,6.0,2.0,0.0,0.0,1.67,3.8,5.25
SP1,2017-03-03,Betis,Sociedad,1660.43,1764.65,3.0,5.0,4.0,10.0,2.0,3.0,A,1.0,2.0,A,12.0,9.0,5.0,6.0,18.0,15.0,7.0,6.0,4.0,2.0,0.0,0.0,2.6,3.2,2.88
SP1,2017-03-04,Barcelona,Celta,1997.33,1748.98,9.0,15.0,5.0,8.0,5.0,0.0,H,2.0,0.0,H,19.0,7.0,9.0,2.0,10.0,16.0,10.0,1.0,1.0,3.0,0.0,0.0,1.13,8.5,23.0
SP1,2017-03-04,Eibar,Real Madrid,1708.4,2028.89,4.0,10.0,4.0,10.0,1.0,4.0,A,0.0,3.0,A,12.0,12.0,2.0,7.0,13.0,14.0,4.0,4.0,1.0,1.0,0.0,0.0,5.0,4.0,1.67
SP1,2017-03-04,Leganes,Granada,1591.26,1604.36,3.0,3.0,6.0,9.0,1.0,0.0,H,0.0,0.0,D,16.0,1.0,4.0,1.0,17.0,19.0,7.0,4.0,3.0,2.0,0.0,0.0,1.8,3.4,5.0
SP1,2017-03-04,Villarreal,Espanol,1747.43,1708.03,6.0,8.0,4.0,7.0,2.0,0.0,H,1.0,0.0,H,11.0,8.0,6.0,2.0,13.0,18.0,1.0,1.0,2.0,2.0,0.0,0.0,1.73,3.6,5.25
SP1,2017-03-05,Ath Bilbao,Malaga,1738.19,1668.83,3.0,6.0,3.0,4.0,1.0,0.0,H,0.0,0.0,D,15.0,8.0,3.0,2.0,13.0,18.0,8.0,2.0,3.0,5.0,0.0,0.0,1.75,3.6,5.0
SP1,2017-03-05,Ath Madrid,Valencia,1932.81,1696.9,4.0,10.0,6.0,10.0,3.0,0.0,H,1.0,0.0,H,18.0,6.0,8.0,2.0,17.0,9.0,6.0,2.0,1.0,2.0,0.0,0.0,1.44,4.5,7.5
SP1,2017-03-05,Las Palmas,Osasuna,1665.14,1543.92,1.0,1.0,0.0,0.0,5.0,2.0,H,1.0,2.0,A,16.0,10.0,8.0,4.0,7.0,21.0,5.0,1.0,4.0,4.0,0.0,0.0,1.57,4.0,6.0
SP1,2017-03-05,Sp Gijon,La Coruna,1607.12,1627.22,1.0,4.0,1.0,1.0,0.0,1.0,A,0.0,1.0,A,9.0,7.0,2.0,3.0,11.0,13.0,6.0,4.0,4.0,5.0,0.0,0.0,2.6,3.2,2.88
SP1,2017-03-06,Alaves,Sevilla,1664.39,1851.7,6.0,9.0,9.0,13.0,1.0,1.0,D,0.0,1.0,A,18.0,9.0,4.0,1.0,12.0,16.0,2.0,2.0,2.0,5.0,0.0,0.0,4.1,3.4,1.95
SP1,2017-03-08,La Coruna,Betis,1627.22,1660.43,4.0,4.0,3.0,4.0,1.0,1.0,D,0.0,0.0,D,15.0,5.0,5.0,3.0,22.0,17.0,6.0,4.0,4.0,7.0,0.0,0.0,2.15,3.2,3.7
SP1,2017-03-10,Espanol,Las Palmas,1708.03,1665.14,4.0,4.0,4.0,4.0,4.0,3.0,H,2.0,1.0,H,12.0,12.0,6.0,5.0,18.0,12.0,2.0,5.0,2.0,4.0,0.0,0.0,2.2,3.4,3.3
SP1,2017-03-11,Granada,Ath Madrid,1604.36,1932.81,3.0,6.0,4.0,10.0,0.0,1.0,A,0.0,0.0,D,12.0,15.0,2.0,6.0,14.0,15.0,4.0,9.0,3.0,3.0,1.0,0.0,7.5,4.0,1.5
SP1,2017-03-11,Malaga,Alaves,1668.83,1664.39,0.0,4.0,4.0,7.0,1.0,2.0,A,0.0,1.0,A,15.0,4.0,9.0,2.0,17.0,13.0,5.0,3.0,2.0,1.0,0.0,1.0,2.0,3.3,4.0
SP1,2017-03-11,Sevilla,Leganes,1851.7,1591.26,7.0,13.0,6.0,6.0,1.0,1.0,D,1.0,1.0,D,12.0,12.0,4.0,4.0,20.0,20.0,4.0,1.0,2.0,3.0,0.0,0.0,1.36,4.75,8.0
SP1,2017-03-11,Valencia,Sp Gijon,1696.9,1607.12,3.0,9.0,1.0,4.0,1.0,1.0,D,0.0,0.0,D,20.0,10.0,7.0,4.0,15.0,20.0,7.0,9.0,3.0,5.0,0.0,0.0,1.5,4.33,6.5
SP1,2017-03-12,Celta,Villarreal,1748.98,1747.43,2.0,5.0,6.0,10.0,0.0,1.0,A,0.0,1.0,A,12.0,8.0,1.0,4.0,8.0,11.0,4.0,3.0,4.0,5.0,0.0,0.0,2.75,3.2,2.75
SP1,2017-03-12,La Coruna,Barcelona,1627.22,1997.33,5.0,5.0,9.0,15.0,2.0,1.0,H,1.0,0.0,H,14.0,16.0,9.0,5.0,7.0,8.0,4.0,8.0,2.0,0.0,0.0,0.0,13.0,6.5,1.22
SP1,2017-03-12,Real Madrid,Betis,2028.89,1660.43,7.0,10.0,4.0,4.0,2.0,1.0,H,1.0,1.0,D,14.0,9.0,4.0,4.0,8.0,21.0,8.0,4.0,1.0,0.0,0.0,1.0,1.13,9.0,21.0
SP1,2017-03-12,Sociedad,Ath Bilbao,1764.65,1738.19,7.0,10.0,6.0,9.0,0.0,2.0,A,0.0,1.0,A,16.0,9.0,4.0,5.0,15.0,22.0,8.0,3.0,3.0,6.0,0.0,0.0,2.1,3.3,3.5
SP1,2017-03-13,Osasuna,Eibar,1543.92,1708.4,0.0,0.0,4.0,7.0,1.0,1.0,D,0.0,0.0,D,10.0,14.0,6.0,7.0,15.0,14.0,6.0,6.0,4.0,4.0,0.0,0.0,3.6,3.4,2.1
SP1,2017-03-17,Las Palmas,Villarreal,1679.04,1778.64,4.0,4.0,9.0,12.0,1.0,0.0,H,1.0,0.0,H,19.0,8.0,10.0,3.0,14.0,14.0,8.0,5.0,2.0,2.0,0.0,1.0,2.55,3.4,2.75
SP1,2017-03-18,Alaves,Sociedad,1676.13,1761.68,4.0,10.0,4.0,7.0,1.0,0.0,H,1.0,0.0,H,10.0,10.0,5.0,2.0,14.0,13.0,5.0,8.0,3.0,3.0,0.0,1.0,2.55,3.2,2.9
SP1,2017-03-18,Ath Bilbao,Real Madrid,1760.25,2034.33,6.0,9.0,7.0,10.0,1.0,2.0,A,0.0,1.0,A,12.0,9.0,5.0,4.0,1.0,4.0,5.0,5.0,1.0,4.0,0.0,0.0,5.0,4.0,1.67
SP1,2017-03-18,Betis,Osasuna,1659.51,1537.3,1.0,4.0,1.0,1.0,2.0,0.0,H,2.0,0.0,H,9.0,13.0,5.0,5.0,12.0,15.0,5.0,0.0,0.0,3.0,0.0,0.0,1.44,4.33,8.0
SP1,2017-03-18,Eibar,Espanol,1706.09,1715.02,2.0,5.0,4.0,7.0,1.0,1.0,D,1.0,0.0,H,16.0,4.0,4.0,1.0,12.0,13.0,6.0,2.0,2.0,4.0,0.0,0.0,1.91,3.5,4.2
SP1,2017-03-19,Ath Madrid,Sevilla,1938.75,1830.69,7.0,10.0,5.0,11.0,3.0,1.0,H,1.0,0.0,H,15.0,9.0,8.0,2.0,16.0,14.0,2.0,2.0,4.0,3.0,0.0,0.0,1.67,3.8,5.25
SP1,2017-03-19,Barcelona,Valencia,2024.4,1693.94,6.0,12.0,4.0,7.0,4.0,2.0,H,2.0,2.0,D,28.0,6.0,12.0,5.0,4.0,12.0,6.0,3.0,3.0,4.0,0.0,1.0,1.13,9.5,19.0
SP1,2017-03-19,La Coruna,Celta,1660.16,1739.78,7.0,8.0,1.0,5.0,0.0,1.0,A,0.0,0.0,D,9.0,9.0,2.0,2.0,21.0,12.0,3.0,1.0,4.0,4.0,0.0,0.0,2.2,3.3,3.4
SP1,2017-03-19,Leganes,Malaga,1610.5,1658.93,4.0,7.0,0.0,3.0,0.0,0.0,D,0.0,0.0,D,14.0,8.0,2.0,1.0,11.0,16.0,6.0,7.0,4.0,2.0,0.0,0.0,2.4,3.0,3.3
SP1,2017-03-19,Sp Gijon,Granada,1606.3,1607.58,1.0,2.0,3.0,6.0,3.0,1.0,H,0.0,0.0,D,15.0,12.0,11.0,5.0,12.0,14.0,6.0,3.0,2.0,4.0,0.0,0.0,2.0,3.5,3.8
SP1,2017-03-31,Espanol,Betis,1715.02,1659.51,4.0,8.0,4.0,7.0,2.0,1.0,H,0.0,0.0,D,8.0,10.0,5.0,3.0,16.0,14.0,4.0,4.0,3.0,2.0,0.0,0.0,2.3,3.2,3.3
SP1,2017-04-01,Malaga,Ath Madrid,1663.3,1946.02,1.0,1.0,9.0,10.0,0.0,2.0,A,0.0,1.0,A,21.0,7.0,5.0,6.0,9.0,11.0,6.0,0.0,2.0,2.0,0.0,0.0,5.25,3.5,1.75
SP1,2017-04-01,Osasuna,Ath Bilbao,1535.77,1759.92,1.0,1.0,6.0,9.0,1.0,2.0,A,0.0,2.0,A,8.0,9.0,6.0,4.0,19.0,9.0,6.0,3.0,4.0,2.0,0.0,0.0,6.0,4.0,1.57
SP1,2017-04-01,Sociedad,Leganes,1756.81,1612.67,3.0,7.0,5.0,8.0,1.0,1.0,D,0.0,1.0,A,14.0,6.0,5.0,3.0,10.0,16.0,7.0,0.0,2.0,3.0,0.0,0.0,1.75,3.4,5.5
SP1,2017-04-01,Villarreal,Eibar,1773.42,1707.19,6.0,9.0,2.0,6.0,2.0,3.0,A,1.0,0.0,H,15.0,14.0,7.0,4.0,9.0,10.0,11.0,5.0,4.0,3.0,0.0,0.0,1.85,3.6,4.33
SP1,2017-04-02,Granada,Barcelona,1602.56,2029.09,0.0,3.0,6.0,12.0,1.0,4.0,A,0.0,1.0,A,7.0,26.0,5.0,13.0,15.0,10.0,1.0,9.0,1.0,3.0,1.0,0.0,13.0,7.5,1.2
SP1,2017-04-02,Real Madrid,Alaves,2041.2,1687.54,9.0,13.0,7.0,10.0,3.0,0.0,H,1.0,0.0,H,18.0,12.0,6.0,3.0,12.0,16.0,3.0,3.0,0.0,2.0,0.0,0.0,1.11,10.0,19.0
SP1,2017-04-02,Sevilla,Sp Gijon,1828.66,1617.86,2.0,8.0,4.0,5.0,0.0,0.0,D,0.0,0.0,D,18.0,8.0,6.0,2.0,17.0,13.0,9.0,5.0,3.0,4.0,0.0,0.0,1.33,5.5,8.5
SP1,2017-04-02,Valencia,La Coruna,1695.78,1655.65,1.0,4.0,4.0,8.0,3.0,0.0,H,2.0,0.0,H,14.0,13.0,8.0,5.0,17.0,13.0,3.0,6.0,3.0,1.0,0.0,0.0,1.85,3.4,4.75
SP1,2017-04-03,Celta,Las Palmas,1763.2,1690.79,3.0,5.0,6.0,7.0,3.0,1.0,H,2.0,0.0,H,13.0,12.0,6.0,5.0,15.0,10.0,4.0,6.0,3.0,3.0,0.0,0.0,1.95,3.5,3.8
SP1,2017-04-04,Ath Bilbao,Espanol,1759.92,1725.24,6.0,9.0,7.0,8.0,2.0,0.0,H,2.0,0.0,H,13.0,5.0,5.0,2.0,19.0,16.0,5.0,1.0,1.0,3.0,0.0,0.0,1.5,4.2,7.0
SP1,2017-04-04,Ath Madrid,Sociedad,1946.02,1756.81,9.0,13.0,1.0,5.0,1.0,0.0,H,1.0,0.0,H,20.0,10.0,8.0,1.0,18.0,13.0,6.0,4.0,0.0,4.0,0.0,0.0,1.36,4.75,9.5
SP1,2017-04-04,Betis,Villarreal,1662.78,1773.42,3.0,4.0,3.0,9.0,0.0,1.0,A,0.0,0.0,D,15.0,6.0,3.0,2.0,12.0,15.0,5.0,2.0,2.0,2.0,0.0,0.0,2.75,3.2,2.7
SP1,2017-04-05,Alaves,Osasuna,1687.54,1535.77,6.0,7.0,1.0,1.0,0.0,1.0,A,0.0,0.0,D,15.0,7.0,3.0,6.0,20.0,12.0,5.0,1.0,5.0,1.0,0.0,0.0,1.44,4.5,7.0
SP1,2017-04-05,Barcelona,Sevilla,2029.09,1828.66,6.0,12.0,2.0,6.0,3.0,0.0,H,3.0,0.0,H,15.0,7.0,7.0,3.0,16.0,13.0,4.0,4.0,4.0,2.0,0.0,1.0,1.22,7.0,11.0
SP1,2017-04-05,La Coruna,Granada,1655.65,1602.56,3.0,7.0,0.0,3.0,0.0,0.0,D,0.0,0.0,D,12.0,10.0,3.0,2.0,14.0,10.0,6.0,3.0,1.0,4.0,0.0,0.0,1.55,4.0,6.5
SP1,2017-04-05,Leganes,Real Madrid,1612.67,2041.2,3.0,6.0,9.0,13.0,2.0,4.0,A,2.0,3.0,A,14.0,18.0,3.0,8.0,14.0,16.0,4.0,4.0,2.0,1.0,0.0,0.0,8.0,5.25,1.33
SP1,2017-04-05,Sp Gijon,Malaga,1617.86,1663.3,5.0,5.0,1.0,1.0,0.0,1.0,A,0.0,1.0,A,14.0,11.0,5.0,3.0,12.0,18.0,7.0,1.0,2.0,5.0,0.0,0.0,2.8,3.25,2.6
SP1,2017-04-06,Eibar,Las Palmas,1707.19,1690.79,5.0,6.0,3.0,7.0,3.0,1.0,H,2.0,0.0,H,11.0,8.0,6.0,6.0,14.0,12.0,9.0,2.0,2.0,5.0,0.0,0.0,1.85,3.75,4.2
SP1,2017-04-06,Valencia,Celta,1695.78,1763.2,4.0,7.0,6.0,7.0,3.0,2.0,H,1.0,1.0,D,15.0,12.0,10.0,3.0,16.0,9.0,6.0,2.0,1.0,1.0,0.0,0.0,2.0,3.5,3.75
SP1,2017-04-07,Villarreal,Ath Bilbao,1773.42,1759.92,3.0,9.0,6.0,12.0,3.0,1.0,H,1.0,1.0,D,10.0,11.0,5.0,5.0,16.0,16.0,4.0,5.0,6.0,3.0,1.0,0.0,2.15,3.2,3.6
SP1,2017-04-08,Espanol,Alaves,1725.24,1687.54,4.0,7.0,3.0,7.0,1.0,0.0,H,0.0,0.0,D,15.0,9.0,6.0,0.0,11.0,13.0,5.0,3.0,3.0,3.0,0.0,0.0,2.1,3.1,3.8
SP1,2017-04-08,Malaga,Barcelona,1663.3,2029.09,4.0,4.0,9.0,12.0,2.0,0.0,H,1.0,0.0,H,8.0,11.0,4.0,3.0,26.0,20.0,2.0,3.0,4.0,3.0,0.0,1.0,8.0,5.25,1.36
SP1,2017-04-08,Real Madrid,Ath Madrid,2041.2,1946.02,9.0,15.0,9.0,15.0,1.0,1.0,D,0.0,0.0,D,20.0,10.0,6.0,4.0,12.0,13.0,6.0,2.0,2.0,3.0,0.0,0.0,1.8,3.8,4.33
SP1,2017-04-08,Sevilla,La Coruna,1828.66,1655.65,1.0,3.0,1.0,5.0,4.0,2.0,H,3.0,2.0,H,19.0,9.0,13.0,4.0,19.0,15.0,4.0,2.0,3.0,3.0,0.0,0.0,1.5,4.33,6.5
SP1,2017-04-09,Celta,Eibar,1763.2,1707.19,6.0,6.0,7.0,8.0,0.0,2.0,A,0.0,1.0,A,12.0,11.0,3.0,6.0,10.0,16.0,0.0,3.0,1.0,3.0,0.0,0.0,2.25,3.4,3.25
SP1,2017-04-09,Granada,Valencia,1602.56,1695.78,1.0,1.0,6.0,7.0,1.0,3.0,A,0.0,2.0,A,21.0,17.0,5.0,8.0,9.0,13.0,5.0,2.0,2.0,2.0,0.0,0.0,3.5,3.4,2.1
SP1,2017-04-09,Las Palmas,Betis,1690.79,1662.78,3.0,6.0,3.0,4.0,4.0,1.0,H,1.0,0.0,H,9.0,13.0,6.0,5.0,16.0,18.0,2.0,6.0,3.0,4.0,0.0,0.0,2.1,3.5,3.5
SP1,2017-04-09,Osasuna,Leganes,1535.77,1612.67,3.0,4.0,2.0,6.0,2.0,1.0,H,1.0,1.0,D,11.0,17.0,6.0,2.0,14.0,14.0,4.0,8.0,3.0,4.0,0.0,0.0,3.8,3.3,2.05
SP1,2017-04-10,Sociedad,Sp Gijon,1756.81,1617.86,1.0,4.0,4.0,5.0,3.0,1.0,H,2.0,0.0,H,20.0,10.0,7.0,3.0,20.0,19.0,7.0,4.0,1.0,5.0,0.0,0.0,1.44,4.75,7.0
SP1,2017-04-14,Ath Bilbao,Las Palmas,1759.92,1690.79,6.0,9.0,3.0,6.0,5.0,1.0,H,3.0,1.0,H,18.0,8.0,7.0,2.0,22.0,10.0,14.0,5.0,1.0,2.0,0.0,0.0,1.44,4.5,7.5
SP1,2017-04-15,Ath Madrid,Osasuna,1957.43,1550.67,7.0,13.0,6.0,7.0,3.0,0.0,H,1.0,0.0,H,19.0,3.0,8.0,0.0,11.0,14.0,5.0,2.0,1.0,5.0,0.0,0.0,1.14,8.0,15.0
SP1,2017-04-15,Barcelona,Sociedad,1994.41,1751.16,6.0,9.0,4.0,4.0,3.0,2.0,H,3.0,2.0,H,16.0,14.0,9.0,7.0,15.0,17.0,5.0,4.0,3.0,2.0,0.0,0.0,1.17,6.5,17.0
SP1,2017-04-15,La Coruna,Malaga,1637.52,1686.06,1.0,4.0,6.0,7.0,2.0,0.0,H,0.0,0.0,D,11.0,11.0,4.0,3.0,15.0,17.0,1.0,4.0,3.0,4.0,0.0,0.0,2.25,3.2,3.25
SP1,2017-04-15,Sp Gijon,Real Madrid,1608.81,2048.1,1.0,5.0,7.0,13.0,2.0,3.0,A,1.0,1.0,D,4.0,18.0,2.0,6.0,17.0,12.0,4.0,8.0,5.0,1.0,0.0,0.0,6.5,5.0,1.4
SP1,2017-04-16,Betis,Eibar,1643.69,1740.16,0.0,3.0,9.0,11.0,2.0,0.0,H,1.0,0.0,H,6.0,10.0,4.0,3.0,15.0,19.0,4.0,6.0,4.0,4.0,0.0,0.0,2.7,3.2,2.63
SP1,2017-04-16,Granada,Celta,1591.14,1744.61,1.0,1.0,3.0,6.0,0.0,3.0,A,0.0,1.0,A,17.0,15.0,4.0,4.0,17.0,9.0,8.0,1.0,5.0,2.0,0.0,0.0,2.8,3.3,2.45
SP1,2017-04-16,Leganes,Espanol,1606.38,1720.99,1.0,3.0,6.0,10.0,0.0,1.0,A,0.0,0.0,D,15.0,7.0,5.0,2.0,20.0,14.0,5.0,1.0,1.0,1.0,0.0,0.0,2.0,3.2,4.0
SP1,2017-04-16,Valencia,Sevilla,1720.51,1819.84,9.0,10.0,4.0,5.0,0.0,0.0,D,0.0,0.0,D,14.0,10.0,3.0,2.0,19.0,20.0,4.0,2.0,3.0,2.0,0.0,0.0,2.55,3.2,2.75
SP1,2017-04-17,Alaves,Villarreal,1664.98,1775.85,0.0,6.0,6.0,9.0,2.0,1.0,H,2.0,0.0,H,11.0,11.0,5.0,5.0,8.0,13.0,5.0,11.0,2.0,4.0,0.0,0.0,3.0,3.0,2.55
SP1,2017-04-21,Sevilla,Granada,1819.84,1591.14,4.0,5.0,1.0,1.0,2.0,0.0,H,1.0,0.0,H,28.0,9.0,12.0,2.0,18.0,11.0,7.0,2.0,1.0,2.0,0.0,0.0,1.17,8.0,15.0
SP1,2017-04-22,Espanol,Ath Madrid,1720.99,1957.43,6.0,10.0,7.0,13.0,0.0,1.0,A,0.0,0.0,D,10.0,13.0,2.0,3.0,13.0,10.0,5.0,3.0,3.0,2.0,0.0,0.0,5.0,3.6,1.75
SP1,2017-04-22,Malaga,Valencia,1686.06,1720.51,6.0,7.0,7.0,10.0,2.0,0.0,H,2.0,0.0,H,10.0,13.0,4.0,2.0,16.0,13.0,7.0,6.0,3.0,3.0,0.0,0.0,2.2,3.4,3.3
SP1,2017-04-22,Osasuna,Sp Gijon,1550.67,1608.81,6.0,6.0,0.0,4.0,2.0,2.0,D,1.0,0.0,H,7.0,12.0,1.0,4.0,25.0,10.0,1.0,5.0,3.0,4.0,0.0,0.0,2.5,3.4,2.8
SP1,2017-04-22,Villarreal,Leganes,1775.85,1606.38,6.0,6.0,0.0,2.0,2.0,1.0,H,0.0,0.0,D,11.0,8.0,5.0,4.0,9.0,19.0,3.0,8.0,1.0,3.0,0.0,0.0,1.67,3.6,5.75
SP1,2017-04-23,Celta,Betis,1744.61,1643.69,3.0,9.0,3.0,6.0,0.0,1.0,A,0.0,0.0,D,8.0,17.0,4.0,6.0,16.0,15.0,5.0,6.0,3.0,5.0,0.0,0.0,2.05,3.4,3.75
SP1,2017-04-23,Las Palmas,Alaves,1676.21,1664.98,3.0,6.0,3.0,6.0,1.0,1.0,D,1.0,0.0,H,14.0,12.0,3.0,5.0,16.0,14.0,3.0,9.0,4.0,1.0,1.0,0.0,2.0,3.5,3.8
SP1,2017-04-23,Real Madrid,Barcelona,2048.1,1994.41,7.0,13.0,6.0,12.0,2.0,3.0,A,1.0,1.0,D,22.0,16.0,14.0,9.0,13.0,8.0,7.0,4.0,2.0,2.0,1.0,0.0,2.05,4.0,3.2
SP1,2017-04-23,Sociedad,La Coruna,1751.16,1637.52,3.0,4.0,4.0,4.0,1.0,0.0,H,1.0,0.0,H,17.0,5.0,3.0,1.0,16.0,16.0,11.0,1.0,1.0,3.0,0.0,0.0,1.57,4.0,6.0
SP1,2017-04-24,Eibar,Ath Bilbao,1740.16,1769.48,6.0,10.0,6.0,9.0,0.0,1.0,A,0.0,0.0,D,7.0,9.0,2.0,3.0,15.0,9.0,5.0,5.0,4.0,2.0,1.0,0.0,2.6,3.3,2.75
SP1,2017-04-25,Ath Madrid,Villarreal,1957.43,1775.85,7.0,13.0,6.0,9.0,0.0,1.0,A,0.0,0.0,D,23.0,6.0,9.0,2.0,15.0,16.0,5.0,1.0,2.0,6.0,0.0,0.0,1.4,4.1,9.0
SP1,2017-04-25,Granada,Malaga,1591.14,1686.06,0.0,1.0,6.0,9.0,0.0,2.0,A,0.0,0.0,D,3.0,17.0,1.0,6.0,22.0,13.0,2.0,4.0,5.0,0.0,0.0,0.0,3.9,3.5,1.95
SP1,2017-04-25,Sp Gijon,Espanol,1608.81,1720.99,1.0,2.0,6.0,9.0,1.0,1.0,D,1.0,0.0,H,16.0,14.0,6.0,5.0,9.0,11.0,7.0,2.0,1.0,2.0,0.0,0.0,2.05,3.4,3.6
SP1,2017-04-26,Barcelona,Osasuna,1994.41,1550.67,6.0,12.0,4.0,7.0,7.0,1.0,H,2.0,0.0,H,19.0,3.0,9.0,2.0,3.0,7.0,10.0,1.0,0.0,0.0,0.0,0.0,1.02,17.0,34.0
SP1,2017-04-26,La Coruna,Real Madrid,1637.52,2048.1,3.0,4.0,4.0,10.0,2.0,6.0,A,1.0,3.0,A,19.0,22.0,7.0,11.0,12.0,5.0,4.0,5.0,3.0,1.0,0.0,0.0,8.0,4.75,1.4
SP1,2017-04-26,Leganes,Las Palmas,1606.38,1676.21,0.0,1.0,4.0,4.0,3.0,0.0,H,0.0,0.0,D,16.0,7.0,5.0,0.0,14.0,17.0,6.0,3.0,1.0,0.0,0.0,0.0,1.73,3.6,4.75
SP1,2017-04-26,Valencia,Sociedad,1720.51,1751.16,4.0,10.0,6.0,7.0,2.0,3.0,A,0.0,2.0,A,14.0,8.0,3.0,2.0,15.0,21.0,2.0,3.0,4.0,3.0,0.0,0.0,2.6,3.4,2.7
SP1,2017-04-27,Alaves,Eibar,1664.98,1740.16,4.0,4.0,3.0,9.0,0.0,0.0,D,0.0,0.0,D,14.0,6.0,4.0,4.0,13.0,14.0,3.0,2.0,4.0,2.0,0.0,1.0,2.75,3.2,2.7
SP1,2017-04-27,Ath Bilbao,Betis,1769.48,1643.69,6.0,12.0,6.0,6.0,2.0,1.0,H,0.0,0.0,D,18.0,9.0,9.0,3.0,10.0,17.0,11.0,1.0,1.0,3.0,0.0,0.0,1.4,4.5,9.0
SP1,2017-04-27,Sevilla,Celta,1819.84,1744.61,7.0,8.0,3.0,6.0,2.0,1.0,H,0.0,0.0,D,16.0,10.0,5.0,1.0,20.0,18.0,5.0,1.0,1.0,2.0,0.0,1.0,1.33,5.5,8.0
SP1,2017-04-28,Villarreal,Sp Gijon,1775.85,1608.81,6.0,12.0,2.0,2.0,3.0,1.0,H,1.0,0.0,H,18.0,14.0,6.0,7.0,9.0,10.0,4.0,7.0,2.0,1.0,0.0,0.0,1.4,4.75,8.0
SP1,2017-04-29,Espanol,Barcelona,1720.99,1994.41,4.0,7.0,9.0,12.0,0.0,3.0,A,0.0,0.0,D,6.0,15.0,3.0,9.0,19.0,18.0,4.0,5.0,3.0,0.0,0.0,0.0,15.0,7.5,1.18
SP1,2017-04-29,Las Palmas,Ath Madrid,1676.21,1957.43,1.0,4.0,6.0,10.0,0.0,5.0,A,0.0,3.0,A,15.0,8.0,3.0,7.0,6.0,13.0,7.0,1.0,4.0,4.0,1.0,0.0,5.25,3.6,1.73
SP1,2017-04-29,Real Madrid,Valencia,2048.1,1720.51,6.0,10.0,1.0,7.0,2.0,1.0,H,1.0,0.0,H,20.0,9.0,5.0,2.0,13.0,10.0,2.0,3.0,3.0,4.0,0.0,0.0,1.17,9.0,13.0
SP1,2017-04-29,Sociedad,Granada,1751.16,1591.14,6.0,9.0,0.0,1.0,2.0,1.0,H,1.0,0.0,H,13.0,5.0,5.0,3.0,14.0,16.0,7.0,1.0,0.0,3.0,0.0,0.0,1.17,7.5,17.0
SP1,2017-04-30,Betis,Alaves,1643.69,1664.98,6.0,6.0,5.0,5.0,1.0,4.0,A,1.0,0.0,H,11.0,9.0,3.0,5.0,14.0,16.0,4.0,0.0,1.0,5.0,0.0,0.0,2.1,3.2,3.8
SP1,2017-04-30,Celta,Ath Bilbao,1744.61,1769.48,3.0,3.0,9.0,12.0,0.0,3.0,A,0.0,1.0,A,5.0,22.0,0.0,12.0,8.0,11.0,0.0,11.0,1.0,1.0,0.0,0.0,4.5,3.7,1.8
SP1,2017-04-30,Eibar,Leganes,1740.16,1606.38,1.0,7.0,3.0,3.0,2.0,0.0,H,0.0,0.0,D,9.0,12.0,5.0,1.0,12.0,9.0,2.0,11.0,1.0,1.0,0.0,0.0,2.1,3.3,3.75
SP1,2017-04-30,Osasuna,La Coruna,1550.67,1637.52,1.0,7.0,3.0,4.0,2.0,2.0,D,1.0,1.0,D,16.0,15.0,5.0,5.0,9.0,11.0,7.0,7.0,2.0,3.0,0.0,0.0,3.9,3.6,1.95
SP1,2017-05-01,Malaga,Sevilla,1699.12,1829.03,6.0,12.0,7.0,10.0,4.0,2.0,H,1.0,1.0,D,11.0,9.0,5.0,4.0,14.0,18.0,1.0,3.0,3.0,5.0,0.0,0.0,4.0,3.6,1.91
SP1,2017-05-05,Sevilla,Sociedad,1829.03,1767.32,6.0,10.0,9.0,12.0,1.0,1.0,D,1.0,0.0,H,11.0,9.0,3.0,3.0,20.0,10.0,10.0,3.0,4.0,3.0,0.0,1.0,1.62,4.0,5.5
SP1,2017-05-06,Ath Madrid,Eibar,1960.42,1728.47,6.0,10.0,4.0,7.0,1.0,0.0,H,0.0,0.0,D,14.0,7.0,5.0,3.0,6.0,10.0,6.0,5.0,3.0,3.0,1.0,0.0,1.3,5.25,11.0
SP1,2017-05-06,Barcelona,Villarreal,2012.16,1791.0,9.0,12.0,9.0,12.0,4.0,1.0,H,2.0,1.0,H,20.0,8.0,8.0,4.0,10.0,13.0,4.0,3.0,2.0,4.0,0.0,0.0,1.14,8.5,17.0
SP1,2017-05-06,Granada,Real Madrid,1567.78,2052.11,0.0,0.0,6.0,10.0,0.0,4.0,A,0.0,4.0,A,13.0,16.0,3.0,8.0,14.0,8.0,6.0,3.0,1.0,0.0,0.0,0.0,21.0,9.0,1.13
SP1,2017-05-06,Sp Gijon,Las Palmas,1608.1,1655.1,2.0,2.0,1.0,4.0,1.0,0.0,H,0.0,0.0,D,16.0,8.0,3.0,2.0,19.0,15.0,5.0,4.0,4.0,3.0,0.0,0.0,1.5,4.75,5.5
SP1,2017-05-07,Alaves,Ath Bilbao,1695.3,1800.83,5.0,8.0,9.0,12.0,1.0,0.0,H,0.0,0.0,D,9.0,20.0,3.0,6.0,14.0,11.0,3.0,10.0,1.0,4.0,0.0,0.0,4.75,3.5,1.8
SP1,2017-05-07,La Coruna,Espanol,1642.66,1719.74,1.0,4.0,1.0,7.0,1.0,2.0,A,0.0,2.0,A,21.0,9.0,5.0,3.0,10.0,14.0,12.0,4.0,1.0,2.0,0.0,0.0,2.0,3.4,4.0
SP1,2017-05-07,Malaga,Celta,1699.12,1731.35,9.0,12.0,0.0,3.0,3.0,0.0,H,1.0,0.0,H,14.0,5.0,8.0,2.0,13.0,18.0,2.0,1.0,2.0,4.0,0.0,0.0,1.4,4.5,7.5
SP1,2017-05-07,Valencia,Osasuna,1703.96,1550.51,0.0,4.0,2.0,5.0,4.0,1.0,H,2.0,0.0,H,19.0,9.0,8.0,4.0,15.0,11.0,9.0,2.0,3.0,2.0,0.0,0.0,1.22,6.5,13.0
SP1,2017-05-08,Leganes,Betis,1607.44,1649.91,3.0,3.0,3.0,6.0,4.0,0.0,H,2.0,0.0,H,6.0,13.0,4.0,3.0,18.0,13.0,2.0,2.0,3.0,0.0,0.0,0.0,1.65,3.8,5.75
SP1,2017-05-13,Espanol,Valencia,1719.74,1703.96,4.0,7.0,3.0,4.0,0.0,1.0,A,0.0,0.0,D,15.0,9.0,3.0,3.0,19.0,14.0,7.0,2.0,0.0,4.0,0.0,0.0,2.4,3.3,3.0
SP1,2017-05-13,Osasuna,Granada,1550.51,1567.78,1.0,2.0,0.0,0.0,2.0,1.0,H,1.0,1.0,D,19.0,9.0,7.0,3.0,11.0,9.0,8.0,3.0,1.0,3.0,0.0,0.0,1.8,3.8,4.33
SP1,2017-05-14,Alaves,Celta,1695.3,1731.35,7.0,11.0,0.0,3.0,3.0,1.0,H,3.0,0.0,H,11.0,15.0,4.0,4.0,11.0,13.0,4.0,4.0,1.0,3.0,0.0,0.0,1.8,3.4,5.0
SP1,2017-05-14,Ath Bilbao,Leganes,1800.83,1607.44,6.0,12.0,6.0,6.0,1.0,1.0,D,1.0,0.0,H,15.0,5.0,6.0,2.0,12.0,8.0,10.0,1.0,2.0,7.0,0.0,0.0,1.44,4.2,8.5
SP1,2017-05-14,Betis,Ath Madrid,1649.91,1960.42,0.0,6.0,6.0,12.0,1.0,1.0,D,0.0,0.0,D,13.0,5.0,5.0,2.0,7.0,16.0,3.0,5.0,4.0,4.0,0.0,0.0,7.0,3.75,1.57
SP1,2017-05-14,Eibar,Sp Gijon,1728.47,1608.1,4.0,4.0,4.0,5.0,0.0,1.0,A,0.0,1.0,A,10.0,11.0,2.0,4.0,9.0,10.0,5.0,6.0,2.0,2.0,0.0,0.0,2.0,3.75,3.5
SP1,2017-05-14,Las Palmas,Barcelona,1655.1,2012.16,0.0,1.0,9.0,15.0,1.0,4.0,A,0.0,2.0,A,11.0,11.0,5.0,5.0,13.0,15.0,3.0,6.0,0.0,1.0,0.0,0.0,26.0,11.0,1.08
SP1,2017-05-14,Real Madrid,Sevilla,2052.11,1829.03,9.0,12.0,4.0,8.0,4.0,1.0,H,2.0,0.0,H,14.0,11.0,7.0,6.0,14.0,19.0,4.0,5.0,4.0,2.0,0.0,0.0,1.17,8.0,15.0
SP1,2017-05-14,Sociedad,Malaga,1767.32,1699.12,7.0,10.0,9.0,12.0,2.0,2.0,D,1.0,1.0,D,15.0,9.0,5.0,4.0,10.0,16.0,9.0,3.0,1.0,2.0,0.0,0.0,1.53,4.1,6.5
SP1,2017-05-14,Villarreal,La Coruna,1791.0,1642.66,6.0,9.0,1.0,4.0,0.0,0.0,D,0.0,0.0,D,21.0,3.0,4.0,1.0,15.0,21.0,11.0,3.0,2.0,4.0,0.0,0.0,1.5,4.33,6.5
SP1,2017-05-17,Celta,Real Madrid,1703.89,2064.55,0.0,0.0,9.0,12.0,1.0,4.0,A,0.0,1.0,A,17.0,13.0,6.0,8.0,17.0,9.0,4.0,6.0,4.0,2.0,1.0,0.0,13.0,7.0,1.2
SP1,2017-05-19,Granada,Espanol,1557.77,1715.48,0.0,0.0,3.0,4.0,1.0,2.0,A,1.0,2.0,A,16.0,5.0,7.0,3.0,12.0,9.0,3.0,3.0,0.0,3.0,0.0,0.0,4.5,4.0,1.73
SP1,2017-05-20,La Coruna,Las Palmas,1638.75,1642.81,2.0,2.0,0.0,1.0,3.0,0.0,H,3.0,0.0,H,9.0,13.0,5.0,4.0,25.0,14.0,0.0,9.0,4.0,2.0,0.0,1.0,1.73,4.0,4.5
SP1,2017-05-20,Leganes,Alaves,1626.19,1711.45,4.0,7.0,9.0,11.0,1.0,1.0,D,0.0,0.0,D,15.0,17.0,4.0,5.0,9.0,14.0,8.0,4.0,0.0,1.0,0.0,0.0,2.1,3.25,3.75
SP1,2017-05-20,Sevilla,Osasuna,1807.6,1550.24,1.0,7.0,4.0,5.0,5.0,0.0,H,3.0,0.0,H,17.0,5.0,7.0,2.0,11.0,8.0,1.0,1.0,3.0,1.0,0.0,0.0,1.14,9.0,17.0
SP1,2017-05-20,Sp Gijon,Betis,1626.12,1639.89,6.0,8.0,1.0,4.0,2.0,2.0,D,1.0,1.0,D,11.0,21.0,5.0,9.0,15.0,14.0,2.0,3.0,0.0,2.0,0.0,0.0,2.5,3.4,2.8
SP1,2017-05-21,Ath Madrid,Ath Bilbao,1945.6,1784.0,7.0,10.0,4.0,10.0,3.0,1.0,H,2.0,0.0,H,12.0,16.0,4.0,1.0,13.0,11.0,2.0,5.0,2.0,0.0,0.0,0.0,2.0,3.5,3.8
SP1,2017-05-21,Barcelona,Eibar,2017.63,1711.94,9.0,15.0,3.0,4.0,4.0,2.0,H,0.0,1.0,A,18.0,6.0,11.0,4.0,3.0,16.0,10.0,4.0,1.0,2.0,0.0,1.0,1.05,15.0,34.0
SP1,2017-05-21,Celta,Sociedad,1703.89,1765.53,0.0,0.0,5.0,11.0,2.0,2.0,D,0.0,0.0,D,13.0,18.0,5.0,8.0,8.0,17.0,3.0,7.0,2.0,1.0,0.0,0.0,4.75,3.75,1.75
SP1,2017-05-21,Malaga,Real Madrid,1725.52,2064.55,7.0,13.0,9.0,15.0,0.0,2.0,A,0.0,1.0,A,22.0,16.0,6.0,8.0,6.0,9.0,9.0,7.0,2.0,0.0,0.0,0.0,11.0,7.0,1.22
SP1,2017-05-21,Valencia,Villarreal,1717.97,1779.8,6.0,6.0,4.0,10.0,1.0,3.0,A,0.0,1.0,A,16.0,14.0,5.0,6.0,15.0,10.0,9.0,0.0,2.0,2.0,0.0,0.0,3.1,3.4,2.3
SP1,2017-08-18,Leganes,Alaves,1629.94,1714.95,5.0,8.0,7.0,11.0,1.0,0.0,H,1.0,0.0,H,16.0,6.0,9.0,3.0,14.0,18.0,4.0,2.0,0.0,1.0,0.0,0.0,2.05,3.2,4.1
SP1,2017-08-18,Valencia,Las Palmas,1709.51,1636.07,6.0,6.0,0.0,0.0,1.0,0.0,H,1.0,0.0,H,22.0,5.0,6.0,4.0,25.0,13.0,5.0,2.0,3.0,3.0,0.0,1.0,1.75,3.8,4.5
SP1,2017-08-19,Celta,Sociedad,1703.28,1769.65,1.0,1.0,3.0,9.0,2.0,3.0,A,1.0,1.0,D,16.0,13.0,5.0,6.0,12.0,11.0,5.0,4.0,3.0,1.0,0.0,0.0,2.38,3.25,3.2
SP1,2017-08-19,Girona,Ath Madrid,1614.94,1953.33,1.0,2.0,7.0,10.0,2.0,2.0,D,2.0,0.0,H,13.0,9.0,6.0,3.0,15.0,15.0,6.0,0.0,2.0,4.0,0.0,1.0,8.0,4.33,1.45
SP1,2017-08-19,Sevilla,Espanol,1814.9,1725.09,4.0,7.0,6.0,7.0,1.0,1.0,D,1.0,1.0,D,9.0,9.0,4.0,6.0,14.0,12.0,7.0,3.0,2.0,4.0,1.0,0.0,1.62,4.0,5.5
SP1,2017-08-20,Ath Bilbao,Getafe,1786.7,1652.68,1.0,7.0,4.0,7.0,0.0,0.0,D,0.0,0.0,D,12.0,8.0,2.0,2.0,16.0,15.0,7.0,6.0,1.0,3.0,0.0,1.0,1.5,4.0,7.5
SP1,2017-08-20,Barcelona,Betis,2022.98,1645.42,9.0,15.0,2.0,2.0,2.0,0.0,H,2.0,0.0,H,15.0,3.0,2.0,0.0,16.0,15.0,8.0,0.0,2.0,1.0,0.0,0.0,1.17,8.0,15.0
SP1,2017-08-20,La Coruna,Real Madrid,1652.75,2084.35,4.0,5.0,9.0,15.0,0.0,3.0,A,0.0,2.0,A,12.0,16.0,6.0,8.0,16.0,12.0,4.0,4.0,5.0,1.0,0.0,1.0,9.5,5.75,1.3
SP1,2017-08-21,Levante,Villarreal,1656.87,1795.51,3.0,7.0,4.0,10.0,1.0,0.0,H,0.0,0.0,D,14.0,9.0,3.0,1.0,18.0,14.0,11.0,6.0,1.0,3.0,0.0,0.0,3.25,3.25,2.3
SP1,2017-08-21,Malaga,Eibar,1725.66,1713.85,4.0,10.0,0.0,4.0,0.0,1.0,A,0.0,0.0,D,10.0,13.0,4.0,6.0,16.0,15.0,3.0,7.0,2.0,3.0,0.0,0.0,2.1,3.3,3.7
SP1,2017-08-25,Betis,Celta,1645.42,1703.28,2.0,2.0,1.0,1.0,2.0,1.0,H,1.0,1.0,D,10.0,9.0,3.0,2.0,13.0,9.0,4.0,6.0,2.0,2.0,0.0,0.0,2.2,3.4,3.4
SP1,2017-08-25,Sociedad,Villarreal,1769.65,1795.51,5.0,9.0,4.0,7.0,3.0,0.0,H,3.0,0.0,H,15.0,6.0,9.0,1.0,12.0,22.0,10.0,4.0,2.0,2.0,0.0,0.0,2.05,3.4,3.75
SP1,2017-08-26,Alaves,Barcelona,1714.95,2022.98,4.0,10.0,9.0,15.0,0.0,2.0,A,0.0,0.0,D,11.0,23.0,2.0,11.0,12.0,10.0,1.0,14.0,2.0,3.0,0.0,0.0,10.0,5.75,1.29
SP1,2017-08-26,Girona,Malaga,1614.94,1725.66,2.0,3.0,1.0,7.0,1.0,0.0,H,1.0,0.0,H,15.0,7.0,4.0,2.0,11.0,15.0,2.0,3.0,3.0,4.0,0.0,0.0,2.15,3.25,3.6
SP1,2017-08-26,Las Palmas,Ath Madrid,1636.07,1953.33,0.0,0.0,5.0,11.0,1.0,5.0,A,0.0,2.0,A,10.0,8.0,4.0,6.0,10.0,9.0,4.0,2.0,4.0,1.0,0.0,0.0,4.75,3.75,1.75
SP1,2017-08-26,Levante,La Coruna,1656.87,1652.75,3.0,7.0,4.0,5.0,2.0,2.0,D,1.0,2.0,A,24.0,11.0,5.0,4.0,11.0,12.0,6.0,5.0,0.0,2.0,1.0,0.0,2.2,3.1,3.6
SP1,2017-08-27,Eibar,Ath Bilbao,1713.85,1786.7,3.0,6.0,2.0,5.0,0.0,1.0,A,0.0,1.0,A,14.0,10.0,5.0,4.0,14.0,11.0,4.0,3.0,1.0,1.0,1.0,0.0,2.5,3.1,3.1
SP1,2017-08-27,Espanol,Leganes,1725.09,1629.94,4.0,7.0,5.0,8.0,0.0,1.0,A,0.0,1.0,A,17.0,12.0,2.0,8.0,10.0,14.0,9.0,1.0,3.0,3.0,0.0,0.0,1.95,3.25,4.33
SP1,2017-08-27,Getafe,Sevilla,1652.68,1814.9,5.0,8.0,4.0,5.0,0.0,1.0,A,0.0,0.0,D,15.0,6.0,3.0,3.0,20.0,10.0,7.0,5.0,0.0,1.0,0.0,0.0,3.6,3.3,2.15
SP1,2017-08-27,Real Madrid,Valencia,2084.35,1709.51,9.0,15.0,6.0,9.0,2.0,2.0,D,1.0,1.0,D,22.0,7.0,6.0,3.0,12.0,12.0,13.0,4.0,3.0,5.0,0.0,0.0,1.17,8.0,15.0
SP1,2017-09-08,Leganes,Getafe,1653.19,1654.76,7.0,11.0,2.0,5.0,1.0,2.0,A,0.0,1.0,A,11.0,11.0,7.0,3.0,14.0,20.0,2.0,4.0,1.0,2.0,0.0,0.0,2.05,3.25,4.0
SP1,2017-09-09,Barcelona,Espanol,2030.63,1719.9,9.0,15.0,4.0,7.0,5.0,0.0,H,2.0,0.0,H,20.0,9.0,9.0,1.0,11.0,18.0,8.0,7.0,1.0,5.0,0.0,0.0,1.17,8.0,17.0
SP1,2017-09-09,Real Madrid,Levante,2080.78,1666.33,7.0,13.0,4.0,7.0,1.0,1.0,D,1.0,1.0,D,18.0,5.0,10.0,2.0,9.0,16.0,13.0,3.0,2.0,3.0,1.0,0.0,1.05,15.0,34.0
SP1,2017-09-09,Sevilla,Eibar,1822.55,1718.42,7.0,8.0,3.0,3.0,3.0,0.0,H,0.0,0.0,D,12.0,7.0,6.0,2.0,14.0,18.0,6.0,5.0,1.0,1.0,0.0,0.0,1.57,4.0,6.0
SP1,2017-09-09,Valencia,Ath Madrid,1724.84,1955.55,4.0,10.0,7.0,11.0,0.0,0.0,D,0.0,0.0,D,11.0,13.0,0.0,4.0,16.0,14.0,4.0,3.0,1.0,0.0,0.0,0.0,3.6,3.2,2.2
SP1,2017-09-10,Ath Bilbao,Girona,1796.45,1632.11,4.0,5.0,4.0,5.0,2.0,0.0,H,1.0,0.0,H,7.0,11.0,4.0,7.0,19.0,18.0,6.0,4.0,4.0,6.0,0.0,0.0,1.67,3.75,5.5
SP1,2017-09-10,Celta,Alaves,1690.34,1705.16,1.0,1.0,1.0,7.0,1.0,0.0,H,1.0,0.0,H,20.0,5.0,3.0,3.0,17.0,17.0,9.0,4.0,4.0,4.0,0.0,0.0,1.67,3.75,5.25
SP1,2017-09-10,La Coruna,Sociedad,1655.45,1791.31,4.0,5.0,7.0,9.0,2.0,4.0,A,1.0,2.0,A,11.0,15.0,4.0,4.0,18.0,14.0,5.0,7.0,1.0,3.0,0.0,0.0,2.75,3.3,2.6
SP1,2017-09-10,Villarreal,Betis,1777.56,1653.9,3.0,4.0,4.0,5.0,3.0,1.0,H,1.0,1.0,D,14.0,8.0,7.0,3.0,9.0,9.0,4.0,3.0,3.0,0.0,0.0,0.0,1.85,3.6,4.33
SP1,2017-09-11,Malaga,Las Palmas,1709.16,1628.49,0.0,4.0,0.0,0.0,1.0,3.0,A,0.0,1.0,A,14.0,10.0,6.0,8.0,22.0,11.0,3.0,2.0,4.0,2.0,0.0,0.0,2.0,3.5,3.8
SP1,2017-09-15,Eibar,Leganes,1715.61,1647.15,3.0,3.0,6.0,8.0,1.0,0.0,H,0.0,0.0,D,10.0,5.0,4.0,2.0,15.0,20.0,8.0,1.0,2.0,5.0,0.0,0.0,2.05,3.25,4.0
SP1,2017-09-16,Ath Madrid,Malaga,1954.92,1696.15,5.0,9.0,0.0,1.0,1.0,0.0,H,0.0,0.0,D,17.0,9.0,4.0,4.0,9.0,15.0,8.0,4.0,2.0,2.0,0.0,0.0,1.22,6.0,15.0
SP1,2017-09-16,Betis,La Coruna,1652.73,1650.14,3.0,5.0,1.0,5.0,2.0,1.0,H,1.0,1.0,D,17.0,11.0,7.0,3.0,13.0,19.0,6.0,4.0,2.0,3.0,0.0,0.0,1.83,3.6,4.5
SP1,2017-09-16,Getafe,Barcelona,1668.62,2043.82,4.0,8.0,9.0,15.0,1.0,2.0,A,1.0,0.0,H,13.0,7.0,4.0,5.0,15.0,14.0,3.0,4.0,2.0,4.0,0.0,0.0,11.0,6.5,1.25
SP1,2017-09-16,Levante,Valencia,1679.12,1732.93,5.0,5.0,5.0,8.0,1.0,1.0,D,1.0,1.0,D,9.0,13.0,2.0,5.0,21.0,11.0,1.0,3.0,2.0,1.0,0.0,0.0,3.25,3.25,2.3
SP1,2017-09-17,Alaves,Villarreal,1702.54,1787.79,0.0,4.0,3.0,7.0,0.0,3.0,A,0.0,1.0,A,16.0,16.0,2.0,6.0,12.0,25.0,2.0,3.0,2.0,2.0,0.0,0.0,3.1,3.1,2.4
SP1,2017-09-17,Girona,Sevilla,1631.97,1836.69,4.0,5.0,7.0,10.0,0.0,1.0,A,0.0,0.0,D,13.0,13.0,0.0,8.0,14.0,19.0,8.0,1.0,2.0,5.0,0.0,0.0,3.3,3.25,2.3
SP1,2017-09-17,Las Palmas,Ath Bilbao,1649.32,1802.78,3.0,3.0,7.0,8.0,1.0,0.0,H,0.0,0.0,D,12.0,11.0,3.0,5.0,12.0,19.0,7.0,6.0,2.0,3.0,0.0,0.0,2.75,3.4,2.55
SP1,2017-09-17,Sociedad,Real Madrid,1807.22,2076.58,9.0,11.0,5.0,11.0,1.0,3.0,A,1.0,2.0,A,10.0,18.0,5.0,6.0,12.0,15.0,4.0,6.0,3.0,2.0,0.0,0.0,5.0,4.0,1.67
SP1,2017-09-18,Espanol,Celta,1721.05,1700.79,1.0,4.0,3.0,4.0,2.0,1.0,H,2.0,0.0,H,9.0,11.0,3.0,1.0,12.0,14.0,3.0,5.0,1.0,4.0,0.0,0.0,2.3,3.3,3.2
SP1,2017-09-19,Barcelona,Eibar,2043.82,1715.61,9.0,15.0,3.0,6.0,6.0,1.0,H,2.0,0.0,H,11.0,13.0,10.0,4.0,4.0,9.0,7.0,7.0,0.0,2.0,0.0,0.0,1.11,10.0,15.0
SP1,2017-09-19,Valencia,Malaga,1732.93,1696.15,3.0,6.0,0.0,0.0,5.0,0.0,H,1.0,0.0,H,16.0,11.0,11.0,2.0,9.0,10.0,4.0,9.0,0.0,1.0,0.0,0.0,1.5,4.0,7.0
SP1,2017-09-20,Ath Bilbao,Ath Madrid,1802.78,1954.92,6.0,7.0,7.0,11.0,1.0,2.0,A,0.0,0.0,D,12.0,16.0,7.0,9.0,12.0,12.0,6.0,0.0,0.0,2.0,0.0,0.0,3.4,3.2,2.25
SP1,2017-09-20,La Coruna,Alaves,1650.14,1702.54,1.0,4.0,0.0,1.0,1.0,0.0,H,1.0,0.0,H,15.0,8.0,3.0,3.0,16.0,19.0,5.0,2.0,0.0,2.0,0.0,0.0,1.91,3.3,4.5
SP1,2017-09-20,Leganes,Girona,1647.15,1631.97,3.0,7.0,3.0,4.0,0.0,0.0,D,0.0,0.0,D,12.0,10.0,1.0,0.0,19.0,20.0,6.0,3.0,2.0,3.0,0.0,0.0,2.15,3.2,3.7
SP1,2017-09-20,Real Madrid,Betis,2076.58,1652.73,5.0,11.0,6.0,7.0,0.0,1.0,A,0.0,0.0,D,27.0,12.0,7.0,4.0,13.0,11.0,12.0,3.0,0.0,3.0,0.0,0.0,1.13,10.0,17.0
SP1,2017-09-20,Sevilla,Las Palmas,1836.69,1649.32,9.0,13.0,6.0,6.0,1.0,0.0,H,0.0,0.0,D,14.0,6.0,9.0,0.0,21.0,8.0,12.0,0.0,2.0,2.0,0.0,0.0,1.4,4.75,7.5
SP1,2017-09-21,Celta,Getafe,1700.79,1668.62,3.0,4.0,3.0,5.0,1.0,1.0,D,1.0,0.0,H,8.0,10.0,4.0,3.0,9.0,21.0,3.0,2.0,2.0,4.0,0.0,0.0,1.8,3.6,4.5
SP1,2017-09-21,Levante,Sociedad,1679.12,1807.22,3.0,6.0,6.0,10.0,3.0,0.0,H,1.0,0.0,H,13.0,13.0,9.0,3.0,13.0,11.0,3.0,6.0,2.0,0.0,0.0,1.0,3.25,3.25,2.3
SP1,2017-09-21,Villarreal,Espanol,1787.79,1721.05,6.0,9.0,3.0,7.0,0.0,0.0,D,0.0,0.0,D,14.0,10.0,5.0,3.0,17.0,10.0,5.0,5.0,5.0,2.0,0.0,0.0,1.73,3.5,5.5
SP1,2017-09-23,Alaves,Real Madrid,1702.54,2076.58,0.0,0.0,4.0,8.0,1.0,2.0,A,1.0,2.0,A,8.0,21.0,3.0,7.0,19.0,19.0,5.0,13.0,5.0,2.0,0.0,0.0,17.0,7.5,1.17
SP1,2017-09-23,Ath Madrid,Sevilla,1954.92,1836.69,7.0,11.0,9.0,13.0,2.0,0.0,H,0.0,0.0,D,13.0,11.0,4.0,0.0,11.0,17.0,7.0,6.0,4.0,3.0,0.0,0.0,1.57,4.0,6.5
SP1,2017-09-23,Girona,Barcelona,1631.97,2043.82,1.0,5.0,9.0,15.0,0.0,3.0,A,0.0,1.0,A,13.0,9.0,2.0,5.0,21.0,5.0,9.0,3.0,3.0,0.0,0.0,0.0,12.0,6.0,1.25
SP1,2017-09-23,Malaga,Ath Bilbao,1696.15,1802.78,0.0,0.0,3.0,7.0,3.0,3.0,D,1.0,1.0,D,15.0,8.0,7.0,7.0,16.0,8.0,5.0,1.0,7.0,2.0,1.0,0.0,2.9,3.3,2.4
SP1,2017-09-24,Eibar,Celta,1715.61,1700.79,3.0,6.0,4.0,4.0,0.0,4.0,A,0.0,3.0,A,9.0,10.0,0.0,6.0,14.0,5.0,4.0,4.0,2.0,1.0,0.0,0.0,2.2,3.3,3.4
SP1,2017-09-24,Espanol,La Coruna,1721.05,1650.14,4.0,5.0,3.0,4.0,4.0,1.0,H,2.0,0.0,H,17.0,21.0,5.0,6.0,16.0,7.0,4.0,6.0,1.0,2.0,0.0,0.0,1.95,3.5,4.0
SP1,2017-09-24,Getafe,Villarreal,1668.62,1787.79,4.0,5.0,7.0,7.0,4.0,0.0,H,0.0,0.0,D,17.0,6.0,8.0,1.0,11.0,16.0,7.0,4.0,1.0,4.0,0.0,0.0,2.88,3.1,2.63
SP1,2017-09-24,Las Palmas,Leganes,1649.32,1647.15,6.0,6.0,1.0,7.0,0.0,2.0,A,0.0,0.0,D,8.0,9.0,3.0,3.0,10.0,15.0,3.0,2.0,1.0,3.0,0.0,0.0,2.05,3.25,3.8
SP1,2017-09-24,Sociedad,Valencia,1807.22,1732.93,3.0,9.0,5.0,9.0,2.0,3.0,A,1.0,1.0,D,18.0,13.0,6.0,4.0,11.0,13.0,7.0,6.0,3.0,7.0,1.0,1.0,2.3,3.4,3.1
SP1,2017-09-25,Betis,Levante,1652.73,1679.12,6.0,9.0,5.0,9.0,4.0,0.0,H,0.0,0.0,D,14.0,8.0,6.0,1.0,9.0,5.0,6.0,3.0,1.0,0.0,0.0,0.0,1.85,3.5,4.5
SP1,2017-09-29,Celta,Girona,1700.79,1631.97,4.0,7.0,1.0,4.0,3.0,3.0,D,2.0,2.0,D,16.0,10.0,9.0,6.0,9.0,17.0,5.0,6.0,2.0,5.0,0.0,0.0,1.67,3.6,5.75
SP1,2017-09-30,La Coruna,Getafe,1650.14,1668.62,3.0,4.0,4.0,7.0,2.0,1.0,H,0.0,0.0,D,15.0,10.0,9.0,3.0,16.0,22.0,8.0,5.0,6.0,3.0,0.0,0.0,2.25,3.25,3.4
SP1,2017-09-30,Leganes,Ath Madrid,1647.15,1954.92,4.0,7.0,9.0,13.0,0.0,0.0,D,0.0,0.0,D,7.0,11.0,3.0,2.0,13.0,13.0,2.0,6.0,2.0,1.0,0.0,0.0,7.5,3.75,1.55
SP1,2017-09-30,Levante,Alaves,1679.12,1702.54,4.0,6.0,0.0,0.0,0.0,2.0,A,0.0,1.0,A,13.0,8.0,0.0,3.0,11.0,18.0,8.0,4.0,2.0,4.0,0.0,0.0,1.83,3.5,4.5
SP1,2017-09-30,Sevilla,Malaga,1836.69,1696.15,6.0,12.0,1.0,1.0,2.0,0.0,H,0.0,0.0,D,12.0,11.0,5.0,4.0,11.0,12.0,4.0,6.0,2.0,1.0,0.0,0.0,1.36,5.5,7.5
SP1,2017-10-01,Barcelona,Las Palmas,2045.4,1633.27,9.0,15.0,3.0,6.0,3.0,0.0,H,0.0,0.0,D,22.0,10.0,10.0,1.0,10.0,11.0,8.0,3.0,5.0,1.0,0.0,0.0,1.08,11.0,26.0
SP1,2017-10-01,Real Madrid,Espanol,2065.63,1729.68,6.0,8.0,7.0,7.0,2.0,0.0,H,1.0,0.0,H,22.0,8.0,8.0,3.0,8.0,10.0,10.0,3.0,2.0,2.0,0.0,0.0,1.1,10.0,23.0
SP1,2017-10-01,Sociedad,Betis,1759.15,1680.1,0.0,6.0,9.0,12.0,4.0,4.0,D,2.0,2.0,D,17.0,10.0,6.0,6.0,9.0,18.0,12.0,5.0,3.0,3.0,0.0,0.0,1.95,3.6,3.8
SP1,2017-10-01,Valencia,Ath Bilbao,1747.87,1761.19,7.0,9.0,1.0,7.0,3.0,2.0,H,2.0,0.0,H,10.0,16.0,6.0,6.0,18.0,16.0,2.0,8.0,3.0,4.0,0.0,0.0,1.91,3.5,4.2
SP1,2017-10-01,Villarreal,Eibar,1766.31,1687.41,4.0,7.0,3.0,3.0,3.0,0.0,H,1.0,0.0,H,12.0,8.0,6.0,1.0,15.0,9.0,6.0,3.0,2.0,1.0,0.0,0.0,1.83,3.6,4.33
SP1,2017-10-13,Espanol,Levante,1729.68,1658.38,4.0,7.0,3.0,5.0,0.0,0.0,D,0.0,0.0,D,20.0,13.0,6.0,3.0,9.0,13.0,9.0,4.0,2.0,3.0,0.0,0.0,1.75,3.6,5.0
SP1,2017-10-14,Alaves,Sociedad,1685.54,1759.15,3.0,3.0,1.0,4.0,0.0,2.0,A,0.0,0.0,D,8.0,13.0,0.0,6.0,11.0,7.0,4.0,9.0,1.0,1.0,0.0,0.0,3.5,3.4,2.15
SP1,2017-10-14,Ath Bilbao,Sevilla,1761.19,1835.72,1.0,4.0,6.0,12.0,1.0,0.0,H,1.0,0.0,H,15.0,14.0,2.0,6.0,18.0,9.0,6.0,6.0,5.0,5.0,0.0,0.0,2.5,3.25,2.9
SP1,2017-10-14,Ath Madrid,Barcelona,1942.04,2045.4,7.0,11.0,9.0,15.0,1.0,1.0,D,1.0,0.0,H,5.0,15.0,4.0,7.0,12.0,10.0,2.0,1.0,3.0,2.0,0.0,0.0,3.0,3.4,2.38
SP1,2017-10-14,Getafe,Real Madrid,1672.83,2065.63,4.0,7.0,6.0,10.0,1.0,2.0,A,0.0,1.0,A,8.0,16.0,3.0,6.0,23.0,8.0,4.0,7.0,2.0,3.0,0.0,0.0,10.0,5.75,1.29
SP1,2017-10-15,Betis,Valencia,1684.47,1754.09,7.0,10.0,9.0,11.0,3.0,6.0,A,0.0,2.0,A,13.0,13.0,6.0,9.0,11.0,11.0,7.0,5.0,1.0,4.0,0.0,0.0,2.55,3.5,2.7
SP1,2017-10-15,Eibar,La Coruna,1680.0,1642.41,0.0,3.0,6.0,6.0,0.0,0.0,D,0.0,0.0,D,15.0,11.0,6.0,3.0,9.0,10.0,10.0,1.0,2.0,2.0,0.0,0.0,2.0,3.5,3.75
SP1,2017-10-15,Girona,Villarreal,1623.06,1773.72,2.0,2.0,4.0,10.0,1.0,2.0,A,1.0,2.0,A,14.0,5.0,3.0,2.0,12.0,20.0,8.0,1.0,3.0,4.0,0.0,0.0,2.8,3.2,2.6
SP1,2017-10-15,Malaga,Leganes,1670.73,1652.01,1.0,1.0,5.0,5.0,0.0,2.0,A,0.0,0.0,D,13.0,19.0,5.0,9.0,21.0,21.0,4.0,2.0,4.0,3.0,1.0,0.0,2.38,3.0,3.4
SP1,2017-10-16,Las Palmas,Celta,1632.2,1701.22,0.0,6.0,5.0,8.0,2.0,5.0,A,0.0,2.0,A,24.0,14.0,11.0,7.0,13.0,12.0,14.0,3.0,2.0,1.0,0.0,1.0,2.38,3.3,3.1
SP1,2017-10-21,Barcelona,Malaga,2045.97,1670.73,7.0,13.0,1.0,1.0,2.0,0.0,H,1.0,0.0,H,12.0,13.0,4.0,5.0,10.0,11.0,4.0,3.0,1.0,4.0,0.0,0.0,1.07,13.0,26.0
SP1,2017-10-21,Betis,Alaves,1684.47,1673.54,4.0,10.0,3.0,3.0,2.0,0.0,H,1.0,0.0,H,12.0,7.0,5.0,3.0,18.0,9.0,6.0,5.0,2.0,2.0,0.0,0.0,1.57,4.0,6.0
SP1,2017-10-21,Levante,Getafe,1662.62,1670.96,1.0,5.0,3.0,4.0,1.0,1.0,D,0.0,0.0,D,5.0,9.0,1.0,5.0,18.0,16.0,3.0,2.0,1.0,3.0,0.0,0.0,2.37,3.2,3.2
SP1,2017-10-21,Valencia,Sevilla,1754.09,1827.85,9.0,13.0,3.0,9.0,4.0,0.0,H,1.0,0.0,H,18.0,18.0,8.0,5.0,15.0,21.0,7.0,10.0,2.0,4.0,0.0,0.0,1.85,3.89,4.0
SP1,2017-10-22,Celta,Ath Madrid,1701.22,1942.55,7.0,8.0,5.0,11.0,0.0,1.0,A,0.0,1.0,A,19.0,4.0,8.0,2.0,13.0,19.0,4.0,4.0,3.0,5.0,0.0,0.0,4.2,3.39,1.95
SP1,2017-10-22,Leganes,Ath Bilbao,1652.01,1762.84,7.0,8.0,4.0,4.0,1.0,0.0,H,0.0,0.0,D,15.0,7.0,4.0,1.0,16.0,15.0,4.0,3.0,3.0,4.0,0.0,0.0,2.37,3.1,3.29
SP1,2017-10-22,Real Madrid,Eibar,2068.93,1680.0,9.0,12.0,1.0,4.0,3.0,0.0,H,2.0,0.0,H,15.0,9.0,7.0,2.0,9.0,7.0,5.0,2.0,1.0,1.0,0.0,0.0,1.09,11.0,23.0
SP1,2017-10-22,Villarreal,Las Palmas,1773.72,1632.2,6.0,10.0,0.0,3.0,4.0,0.0,H,0.0,0.0,D,25.0,16.0,9.0,5.0,14.0,9.0,9.0,6.0,1.0,5.0,0.0,0.0,1.5,4.2,7.0
SP1,2017-10-23,La Coruna,Girona,1642.41,1623.06,4.0,7.0,1.0,2.0,1.0,2.0,A,0.0,1.0,A,15.0,13.0,6.0,6.0,9.0,16.0,9.0,7.0,3.0,8.0,0.0,0.0,2.04,3.29,3.79
SP1,2017-10-23,Sociedad,Espanol,1766.78,1724.0,4.0,4.0,4.0,8.0,1.0,1.0,D,0.0,1.0,A,19.0,4.0,5.0,1.0,12.0,15.0,10.0,1.0,4.0,4.0,1.0,0.0,1.85,3.79,4.0
SP1,2017-10-28,Alaves,Valencia,1673.54,1754.09,3.0,3.0,9.0,15.0,1.0,2.0,A,0.0,1.0,A,16.0,7.0,6.0,2.0,19.0,18.0,6.0,4.0,5.0,1.0,0.0,0.0,6.0,3.75,1.6
SP1,2017-10-28,Ath Bilbao,Barcelona,1762.84,2045.97,3.0,4.0,7.0,13.0,0.0,2.0,A,0.0,1.0,A,17.0,17.0,5.0,5.0,15.0,12.0,6.0,4.0,1.0,4.0,0.0,0.0,7.0,4.5,1.44
SP1,2017-10-28,Ath Madrid,Villarreal,1942.55,1773.72,5.0,11.0,9.0,10.0,1.0,1.0,D,0.0,0.0,D,18.0,12.0,6.0,4.0,13.0,20.0,11.0,6.0,0.0,4.0,0.0,0.0,1.5,4.0,7.5
SP1,2017-10-28,Sevilla,Leganes,1827.85,1652.01,3.0,6.0,7.0,11.0,2.0,1.0,H,1.0,0.0,H,9.0,10.0,5.0,1.0,16.0,19.0,5.0,6.0,0.0,3.0,0.0,0.0,1.61,3.75,6.0
SP1,2017-10-29,Eibar,Levante,1680.0,1662.62,1.0,1.0,2.0,5.0,2.0,2.0,D,0.0,2.0,A,16.0,3.0,6.0,2.0,8.0,16.0,6.0,2.0,1.0,3.0,0.0,0.0,1.95,3.39,4.2
SP1,2017-10-29,Getafe,Sociedad,1670.96,1766.78,1.0,5.0,5.0,5.0,2.0,1.0,H,0.0,1.0,A,10.0,15.0,5.0,4.0,19.0,16.0,8.0,7.0,3.0,2.0,0.0,0.0,2.45,3.39,2.87
SP1,2017-10-29,Girona,Real Madrid,1623.06,2068.93,4.0,5.0,9.0,12.0,2.0,1.0,H,0.0,1.0,A,15.0,15.0,4.0,6.0,21.0,11.0,2.0,7.0,2.0,1.0,0.0,0.0,10.0,6.5,1.25
SP1,2017-10-29,Malaga,Celta,1670.73,1701.22,0.0,1.0,4.0,8.0,2.0,1.0,H,1.0,0.0,H,15.0,10.0,4.0,2.0,20.0,12.0,4.0,1.0,2.0,3.0,0.0,0.0,3.1,3.39,2.29
SP1,2017-10-30,Espanol,Betis,1724.0,1684.47,2.0,6.0,4.0,10.0,1.0,0.0,H,0.0,0.0,D,10.0,9.0,4.0,4.0,10.0,17.0,5.0,3.0,2.0,5.0,0.0,0.0,2.14,3.39,3.39
SP1,2017-10-30,Las Palmas,La Coruna,1632.2,1642.41,0.0,0.0,4.0,7.0,1.0,3.0,A,1.0,1.0,D,13.0,15.0,5.0,5.0,11.0,15.0,8.0,5.0,1.0,1.0,0.0,0.0,2.04,3.5,3.6
SP1,2017-11-03,Betis,Getafe,1656.83,1664.45,3.0,7.0,4.0,7.0,2.0,2.0,D,0.0,2.0,A,15.0,9.0,4.0,2.0,10.0,14.0,4.0,6.0,2.0,6.0,0.0,0.0,2.0,3.5,3.79
SP1,2017-11-04,Alaves,Espanol,1640.78,1715.47,0.0,3.0,5.0,8.0,1.0,0.0,H,1.0,0.0,H,17.0,9.0,6.0,3.0,29.0,9.0,3.0,8.0,7.0,2.0,0.0,1.0,2.87,3.1,2.7
SP1,2017-11-04,Barcelona,Sevilla,2027.84,1781.86,7.0,13.0,3.0,6.0,2.0,1.0,H,1.0,0.0,H,18.0,8.0,6.0,3.0,10.0,12.0,3.0,3.0,1.0,0.0,0.0,0.0,1.19,7.5,12.0
SP1,2017-11-04,La Coruna,Ath Madrid,1630.83,1908.0,4.0,7.0,5.0,9.0,0.0,1.0,A,0.0,0.0,D,14.0,11.0,1.0,3.0,17.0,10.0,4.0,4.0,4.0,2.0,0.0,0.0,4.75,3.6,1.8
SP1,2017-11-04,Valencia,Leganes,1772.22,1655.58,9.0,15.0,6.0,10.0,3.0,0.0,H,1.0,0.0,H,13.0,13.0,7.0,6.0,11.0,13.0,4.0,7.0,1.0,2.0,0.0,0.0,1.5,4.33,6.5
SP1,2017-11-05,Celta,Ath Bilbao,1686.31,1727.73,3.0,7.0,3.0,4.0,3.0,1.0,H,3.0,1.0,H,11.0,14.0,5.0,5.0,13.0,17.0,3.0,6.0,2.0,3.0,0.0,0.0,2.1,3.5,3.5
SP1,2017-11-05,Levante,Girona,1646.22,1626.55,3.0,3.0,6.0,7.0,1.0,2.0,A,0.0,0.0,D,7.0,10.0,4.0,5.0,10.0,16.0,7.0,2.0,3.0,4.0,0.0,0.0,2.39,3.29,3.0
SP1,2017-11-05,Real Madrid,Las Palmas,2031.19,1582.21,6.0,12.0,0.0,0.0,3.0,0.0,H,1.0,0.0,H,27.0,2.0,9.0,1.0,9.0,9.0,9.0,2.0,2.0,1.0,0.0,0.0,1.08,13.0,19.0
SP1,2017-11-05,Sociedad,Eibar,1741.99,1655.66,4.0,5.0,2.0,2.0,3.0,1.0,H,2.0,0.0,H,10.0,9.0,6.0,5.0,10.0,17.0,3.0,6.0,0.0,3.0,0.0,0.0,1.61,4.0,5.5
SP1,2017-11-05,Villarreal,Malaga,1767.92,1644.29,7.0,10.0,3.0,4.0,2.0,0.0,H,0.0,0.0,D,14.0,10.0,3.0,2.0,18.0,12.0,6.0,4.0,2.0,4.0,0.0,0.0,1.53,4.33,6.0
SP1,2017-11-17,Girona,Sociedad,1638.13,1749.4,9.0,10.0,4.0,8.0,1.0,1.0,D,0.0,1.0,A,14.0,14.0,4.0,5.0,28.0,10.0,3.0,6.0,4.0,2.0,0.0,0.0,2.89,3.5,2.37
SP1,2017-11-18,Ath Madrid,Real Madrid,1912.36,2021.41,7.0,9.0,6.0,12.0,0.0,0.0,D,0.0,0.0,D,7.0,14.0,1.0,3.0,21.0,6.0,7.0,9.0,6.0,2.0,0.0,0.0,3.2,3.39,2.25
SP1,2017-11-18,Getafe,Alaves,1667.2,1649.54,5.0,5.0,3.0,6.0,4.0,1.0,H,2.0,0.0,H,13.0,11.0,8.0,5.0,18.0,14.0,4.0,5.0,3.0,3.0,0.0,0.0,1.8,3.5,4.75
SP1,2017-11-18,Leganes,Barcelona,1650.05,2030.32,3.0,7.0,9.0,13.0,0.0,3.0,A,0.0,1.0,A,18.0,11.0,7.0,7.0,25.0,10.0,6.0,3.0,1.0,2.0,0.0,0.0,9.5,5.25,1.33
SP1,2017-11-18,Sevilla,Celta,1784.36,1696.8,3.0,6.0,3.0,7.0,2.0,1.0,H,1.0,1.0,D,12.0,11.0,5.0,5.0,20.0,17.0,1.0,2.0,3.0,2.0,0.0,0.0,1.72,3.79,4.75
SP1,2017-11-19,Ath Bilbao,Villarreal,1720.23,1781.07,0.0,3.0,7.0,13.0,1.0,1.0,D,0.0,1.0,A,15.0,7.0,3.0,4.0,10.0,16.0,9.0,7.0,1.0,3.0,0.0,0.0,2.25,3.29,3.29
SP1,2017-11-19,Espanol,Valencia,1708.12,1779.16,4.0,5.0,9.0,15.0,0.0,2.0,A,0.0,0.0,D,12.0,7.0,4.0,3.0,11.0,17.0,3.0,4.0,0.0,4.0,0.0,0.0,3.2,3.29,2.29
SP1,2017-11-19,Las Palmas,Levante,1581.98,1636.05,0.0,0.0,2.0,3.0,0.0,2.0,A,0.0,0.0,D,10.0,11.0,5.0,6.0,9.0,22.0,3.0,5.0,1.0,4.0,0.0,0.0,1.95,3.5,4.0
SP1,2017-11-19,Malaga,La Coruna,1640.25,1627.88,3.0,3.0,3.0,7.0,3.0,2.0,H,1.0,1.0,D,14.0,12.0,5.0,4.0,16.0,15.0,5.0,4.0,4.0,5.0,0.0,0.0,2.37,3.29,3.1
SP1,2017-11-20,Eibar,Betis,1650.67,1655.49,1.0,2.0,4.0,5.0,5.0,0.0,H,2.0,0.0,H,17.0,4.0,7.0,0.0,10.0,9.0,5.0,2.0,2.0,2.0,0.0,1.0,2.39,3.29,3.0
SP1,2017-11-24,Celta,Leganes,1696.8,1650.05,3.0,6.0,0.0,6.0,1.0,0.0,H,1.0,0.0,H,14.0,9.0,7.0,2.0,13.0,16.0,3.0,4.0,2.0,3.0,0.0,0.0,1.95,3.25,4.33
SP1,2017-11-25,Alaves,Eibar,1649.54,1650.67,3.0,3.0,4.0,5.0,1.0,2.0,A,0.0,1.0,A,6.0,11.0,2.0,6.0,18.0,19.0,2.0,5.0,7.0,3.0,1.0,1.0,2.5,3.1,3.1
SP1,2017-11-25,Betis,Girona,1655.49,1638.13,1.0,4.0,7.0,10.0,2.0,2.0,D,0.0,1.0,A,12.0,13.0,6.0,7.0,9.0,16.0,3.0,5.0,2.0,1.0,0.0,0.0,2.0,3.6,3.75
SP1,2017-11-25,Levante,Ath Madrid,1636.05,1912.36,4.0,6.0,5.0,9.0,0.0,5.0,A,0.0,2.0,A,17.0,16.0,2.0,11.0,11.0,14.0,2.0,3.0,2.0,1.0,0.0,0.0,7.5,3.75,1.53
SP1,2017-11-25,Real Madrid,Malaga,2021.41,1640.25,4.0,10.0,6.0,6.0,3.0,2.0,H,2.0,1.0,H,16.0,9.0,9.0,3.0,15.0,13.0,6.0,0.0,1.0,2.0,0.0,0.0,1.08,13.0,21.0
SP1,2017-11-26,La Coruna,Ath Bilbao,1627.88,1720.23,3.0,4.0,1.0,4.0,2.0,2.0,D,1.0,1.0,D,14.0,10.0,4.0,3.0,11.0,14.0,5.0,2.0,4.0,1.0,0.0,0.0,2.75,3.29,2.6
SP1,2017-11-26,Sociedad,Las Palmas,1749.4,1581.98,4.0,8.0,0.0,0.0,2.0,2.0,D,1.0,1.0,D,16.0,8.0,3.0,7.0,22.0,14.0,11.0,3.0,4.0,3.0,1.0,0.0,1.44,4.75,7.0
SP1,2017-11-26,Valencia,Barcelona,1779.16,2030.32,9.0,15.0,9.0,13.0,1.0,1.0,D,0.0,0.0,D,8.0,12.0,1.0,8.0,12.0,11.0,3.0,9.0,4.0,0.0,0.0,0.0,4.0,3.89,1.85
SP1,2017-11-26,Villarreal,Sevilla,1781.07,1784.36,5.0,11.0,6.0,6.0,2.0,3.0,A,1.0,0.0,H,19.0,15.0,4.0,4.0,9.0,17.0,6.0,6.0,4.0,3.0,1.0,0.0,2.37,3.39,3.0
SP1,2017-11-27,Espanol,Getafe,1708.12,1667.2,3.0,5.0,7.0,8.0,1.0,0.0,H,0.0,0.0,D,10.0,7.0,5.0,4.0,12.0,18.0,6.0,4.0,3.0,6.0,0.0,0.0,2.0,3.39,3.79
SP1,2017-12-01,Malaga,Levante,1652.31,1646.9,3.0,6.0,3.0,5.0,0.0,0.0,D,0.0,0.0,D,18.0,3.0,2.0,3.0,12.0,15.0,7.0,2.0,1.0,3.0,0.0,0.0,1.72,3.79,4.75
SP1,2017-12-02,Ath Bilbao,Real Madrid,1729.42,2033.42,2.0,2.0,7.0,10.0,0.0,0.0,D,0.0,0.0,D,11.0,19.0,4.0,4.0,20.0,13.0,3.0,5.0,2.0,5.0,0.0,1.0,7.5,4.5,1.44
SP1,2017-12-02,Ath Madrid,Sociedad,1936.36,1754.19,7.0,11.0,5.0,6.0,2.0,1.0,H,0.0,1.0,A,16.0,10.0,10.0,2.0,12.0,10.0,5.0,6.0,1.0,2.0,0.0,0.0,1.5,3.89,7.5
SP1,2017-12-02,Barcelona,Celta,2036.53,1704.99,7.0,13.0,6.0,6.0,2.0,2.0,D,1.0,1.0,D,21.0,10.0,7.0,5.0,11.0,12.0,4.0,1.0,3.0,6.0,0.0,0.0,1.12,10.0,17.0
SP1,2017-12-02,Sevilla,La Coruna,1804.87,1629.92,6.0,9.0,1.0,4.0,2.0,0.0,H,1.0,0.0,H,10.0,11.0,6.0,3.0,12.0,16.0,6.0,7.0,1.0,3.0,0.0,0.0,1.44,4.5,7.5
SP1,2017-12-03,Eibar,Espanol,1680.99,1709.33,6.0,7.0,3.0,7.0,3.0,1.0,H,2.0,0.0,H,10.0,6.0,5.0,3.0,13.0,16.0,3.0,2.0,3.0,3.0,0.0,0.0,2.37,3.1,3.29
SP1,2017-12-03,Getafe,Valencia,1678.58,1802.38,4.0,8.0,7.0,13.0,1.0,0.0,H,0.0,0.0,D,11.0,13.0,3.0,6.0,18.0,11.0,5.0,12.0,8.0,4.0,1.0,0.0,3.0,3.39,2.29
SP1,2017-12-03,Las Palmas,Betis,1583.23,1646.53,1.0,1.0,2.0,5.0,1.0,0.0,H,1.0,0.0,H,21.0,8.0,7.0,2.0,12.0,21.0,6.0,4.0,1.0,7.0,0.0,1.0,2.2,3.5,3.1
SP1,2017-12-03,Leganes,Villarreal,1648.48,1782.27,0.0,3.0,4.0,8.0,3.0,1.0,H,0.0,0.0,D,12.0,12.0,5.0,4.0,11.0,17.0,5.0,6.0,2.0,4.0,0.0,0.0,2.79,3.25,2.62
SP1,2017-12-04,Girona,Alaves,1648.43,1637.16,5.0,11.0,3.0,3.0,2.0,3.0,A,0.0,0.0,D,11.0,9.0,3.0,4.0,8.0,13.0,6.0,5.0,1.0,2.0,0.0,0.0,1.6,3.79,6.0
SP1,2017-12-08,Alaves,Las Palmas,1637.16,1583.23,3.0,6.0,4.0,4.0,2.0,0.0,H,1.0,0.0,H,22.0,6.0,9.0,1.0,23.0,12.0,8.0,3.0,2.0,0.0,0.0,0.0,2.29,3.25,3.25
SP1,2017-12-09,Getafe,Eibar,1678.58,1680.99,6.0,10.0,9.0,10.0,0.0,0.0,D,0.0,0.0,D,6.0,7.0,3.0,2.0,14.0,13.0,9.0,7.0,1.0,4.0,0.0,0.0,2.04,3.39,3.75
SP1,2017-12-09,La Coruna,Leganes,1629.92,1648.48,1.0,4.0,3.0,3.0,1.0,0.0,H,1.0,0.0,H,15.0,3.0,4.0,0.0,16.0,21.0,6.0,1.0,4.0,4.0,0.0,0.0,2.37,3.2,3.2
SP1,2017-12-09,Real Madrid,Sevilla,2033.42,1804.87,5.0,8.0,9.0,12.0,5.0,0.0,H,5.0,0.0,H,20.0,11.0,8.0,3.0,12.0,11.0,9.0,3.0,0.0,2.0,0.0,0.0,1.33,5.5,8.5
SP1,2017-12-09,Valencia,Celta,1802.38,1704.99,4.0,10.0,4.0,7.0,2.0,1.0,H,1.0,0.0,H,13.0,13.0,7.0,5.0,16.0,12.0,10.0,2.0,2.0,5.0,0.0,0.0,1.66,4.0,5.0
SP1,2017-12-10,Betis,Ath Madrid,1646.53,1936.36,1.0,2.0,7.0,11.0,0.0,1.0,A,0.0,1.0,A,9.0,4.0,4.0,2.0,15.0,19.0,3.0,2.0,4.0,3.0,0.0,0.0,4.75,3.79,1.72
SP1,2017-12-10,Levante,Ath Bilbao,1646.9,1729.42,4.0,5.0,3.0,3.0,1.0,2.0,A,0.0,1.0,A,12.0,14.0,3.0,3.0,11.0,13.0,8.0,6.0,3.0,3.0,0.0,0.0,3.25,3.39,2.25
SP1,2017-12-10,Sociedad,Malaga,1754.19,1652.31,2.0,5.0,4.0,7.0,0.0,2.0,A,0.0,1.0,A,18.0,9.0,2.0,5.0,10.0,12.0,5.0,0.0,1.0,1.0,0.0,0.0,1.53,4.33,6.0
SP1,2017-12-10,Villarreal,Barcelona,1782.27,2036.53,1.0,5.0,5.0,11.0,0.0,2.0,A,0.0,0.0,D,9.0,16.0,5.0,6.0,18.0,13.0,2.0,4.0,2.0,1.0,1.0,0.0,6.0,4.33,1.53
SP1,2017-12-11,Espanol,Girona,1709.33,1648.43,3.0,6.0,2.0,8.0,0.0,1.0,A,0.0,1.0,A,8.0,12.0,3.0,5.0,9.0,17.0,8.0,6.0,1.0,3.0,0.0,0.0,2.04,3.5,3.6
SP1,2017-12-15,Sevilla,Levante,1790.43,1633.8,6.0,9.0,1.0,4.0,0.0,0.0,D,0.0,0.0,D,16.0,10.0,6.0,2.0,22.0,14.0,8.0,5.0,2.0,3.0,0.0,0.0,1.28,5.75,9.5
SP1,2017-12-16,Ath Bilbao,Sociedad,1742.21,1711.02,5.0,6.0,1.0,5.0,0.0,0.0,D,0.0,0.0,D,7.0,10.0,1.0,2.0,14.0,9.0,6.0,6.0,3.0,0.0,0.0,0.0,2.14,3.39,3.39
SP1,2017-12-16,Ath Madrid,Alaves,1936.94,1646.89,9.0,13.0,6.0,9.0,1.0,0.0,H,0.0,0.0,D,10.0,11.0,4.0,0.0,14.0,16.0,4.0,4.0,3.0,4.0,0.0,0.0,1.19,6.5,15.0
SP1,2017-12-16,Eibar,Valencia,1685.1,1789.75,7.0,10.0,4.0,10.0,2.0,1.0,H,0.0,0.0,D,15.0,7.0,3.0,3.0,13.0,13.0,5.0,6.0,1.0,4.0,0.0,0.0,2.75,3.29,2.6
SP1,2017-12-17,Barcelona,La Coruna,2027.26,1625.46,5.0,11.0,4.0,4.0,4.0,0.0,H,2.0,0.0,H,23.0,10.0,11.0,3.0,12.0,10.0,6.0,3.0,0.0,1.0,0.0,0.0,1.08,13.0,23.0
SP1,2017-12-17,Celta,Villarreal,1701.48,1739.43,4.0,7.0,0.0,4.0,0.0,1.0,A,0.0,1.0,A,10.0,8.0,3.0,5.0,11.0,19.0,2.0,2.0,1.0,3.0,0.0,0.0,2.29,3.39,3.1
SP1,2017-12-17,Girona,Getafe,1641.96,1677.91,4.0,8.0,4.0,8.0,1.0,0.0,H,1.0,0.0,H,9.0,7.0,2.0,0.0,20.0,25.0,1.0,7.0,2.0,6.0,0.0,0.0,2.2,3.25,3.5
SP1,2017-12-17,Las Palmas,Espanol,1576.16,1680.48,4.0,4.0,3.0,3.0,2.0,2.0,D,0.0,2.0,A,14.0,8.0,5.0,3.0,6.0,25.0,9.0,2.0,3.0,3.0,0.0,0.0,2.5,3.29,2.87
SP1,2017-12-18,Malaga,Betis,1659.59,1628.29,4.0,7.0,1.0,2.0,0.0,2.0,A,0.0,1.0,A,18.0,10.0,2.0,4.0,15.0,15.0,3.0,4.0,2.0,2.0,1.0,0.0,2.0,3.39,3.79
SP1,2017-12-19,Levante,Leganes,1633.8,1647.67,2.0,5.0,3.0,3.0,0.0,0.0,D,0.0,0.0,D,10.0,10.0,3.0,2.0,21.0,17.0,6.0,5.0,6.0,6.0,1.0,1.0,2.7,3.0,2.89
SP1,2017-12-20,Getafe,Las Palmas,1677.91,1576.16,4.0,7.0,4.0,5.0,2.0,0.0,H,2.0,0.0,H,13.0,17.0,7.0,6.0,23.0,11.0,3.0,1.0,3.0,1.0,0.0,0.0,1.75,3.6,5.0
SP1,2017-12-20,Sociedad,Sevilla,1711.02,1790.43,1.0,3.0,4.0,10.0,3.0,1.0,H,1.0,1.0,D,14.0,9.0,5.0,4.0,9.0,18.0,4.0,5.0,1.0,5.0,0.0,0.0,2.25,3.5,3.0
SP1,2017-12-21,Alaves,Malaga,1646.89,1659.59,6.0,6.0,4.0,7.0,1.0,0.0,H,0.0,0.0,D,10.0,10.0,5.0,3.0,14.0,18.0,4.0,4.0,3.0,4.0,0.0,0.0,2.14,3.2,3.5
SP1,2017-12-21,Eibar,Girona,1685.1,1641.96,7.0,13.0,6.0,8.0,4.0,1.0,H,2.0,1.0,H,16.0,6.0,6.0,1.0,14.0,18.0,3.0,2.0,1.0,2.0,0.0,0.0,2.0,3.39,3.75
SP1,2017-12-22,Betis,Ath Bilbao,1628.29,1742.21,3.0,4.0,5.0,7.0,0.0,2.0,A,0.0,1.0,A,16.0,19.0,6.0,7.0,7.0,6.0,6.0,9.0,1.0,2.0,1.0,0.0,2.7,3.25,2.62
SP1,2017-12-22,Espanol,Ath Madrid,1680.48,1936.94,1.0,4.0,9.0,13.0,1.0,0.0,H,0.0,0.0,D,7.0,9.0,4.0,1.0,18.0,22.0,2.0,3.0,2.0,5.0,0.0,0.0,5.0,3.5,1.72
SP1,2017-12-23,La Coruna,Celta,1625.46,1701.48,3.0,4.0,1.0,4.0,1.0,3.0,A,0.0,2.0,A,15.0,7.0,4.0,3.0,20.0,16.0,3.0,1.0,2.0,2.0,0.0,0.0,2.54,3.29,2.7
SP1,2017-12-23,Real Madrid,Barcelona,2025.81,2027.26,7.0,11.0,7.0,11.0,0.0,3.0,A,0.0,0.0,D,14.0,18.0,5.0,11.0,14.0,10.0,7.0,7.0,2.0,2.0,1.0,0.0,2.1,3.75,3.1
SP1,2017-12-23,Valencia,Villarreal,1789.75,1739.43,3.0,7.0,3.0,4.0,0.0,1.0,A,0.0,1.0,A,22.0,9.0,3.0,2.0,11.0,21.0,14.0,1.0,7.0,5.0,1.0,1.0,2.04,3.6,3.29
SP1,2018-01-06,Ath Madrid,Getafe,1925.76,1676.63,6.0,12.0,4.0,7.0,2.0,0.0,H,1.0,0.0,H,9.0,10.0,5.0,5.0,11.0,16.0,5.0,0.0,7.0,3.0,1.0,0.0,1.39,4.2,10.0
SP1,2018-01-06,Las Palmas,Eibar,1571.29,1702.44,1.0,5.0,7.0,13.0,1.0,2.0,A,1.0,0.0,H,4.0,14.0,2.0,5.0,13.0,17.0,4.0,3.0,3.0,3.0,0.0,0.0,2.54,3.39,2.75
SP1,2018-01-06,Sevilla,Betis,1773.78,1633.15,1.0,7.0,3.0,4.0,3.0,5.0,A,2.0,2.0,D,14.0,9.0,3.0,5.0,16.0,18.0,12.0,0.0,3.0,6.0,0.0,0.0,1.5,4.33,6.5
SP1,2018-01-06,Valencia,Girona,1769.91,1640.12,3.0,4.0,6.0,7.0,2.0,1.0,H,1.0,1.0,D,17.0,11.0,7.0,5.0,16.0,14.0,9.0,7.0,5.0,5.0,0.0,0.0,1.61,4.0,5.5
SP1,2018-01-07,Ath Bilbao,Alaves,1750.03,1651.41,7.0,9.0,6.0,9.0,2.0,0.0,H,1.0,0.0,H,14.0,8.0,8.0,1.0,23.0,20.0,4.0,1.0,2.0,4.0,0.0,0.0,1.66,3.5,6.0
SP1,2018-01-07,Barcelona,Levante,2045.8,1637.63,9.0,11.0,2.0,3.0,3.0,0.0,H,2.0,0.0,H,16.0,9.0,8.0,2.0,10.0,22.0,3.0,6.0,0.0,4.0,0.0,0.0,1.05,15.0,34.0
SP1,2018-01-07,Celta,Real Madrid,1704.14,2008.68,3.0,7.0,4.0,8.0,2.0,2.0,D,1.0,2.0,A,10.0,19.0,5.0,8.0,10.0,15.0,3.0,7.0,2.0,2.0,0.0,0.0,6.5,4.33,1.5
SP1,2018-01-07,Leganes,Sociedad,1649.75,1724.84,4.0,4.0,4.0,5.0,1.0,0.0,H,0.0,0.0,D,8.0,9.0,4.0,5.0,14.0,11.0,5.0,6.0,0.0,1.0,0.0,0.0,2.89,3.25,2.5
SP1,2018-01-07,Villarreal,La Coruna,1759.65,1612.33,6.0,6.0,3.0,4.0,1.0,1.0,D,1.0,0.0,H,11.0,13.0,5.0,3.0,19.0,12.0,7.0,5.0,4.0,3.0,0.0,0.0,1.57,4.0,6.0
SP1,2018-01-08,Malaga,Espanol,1637.79,1692.5,3.0,4.0,4.0,7.0,0.0,1.0,A,0.0,1.0,A,17.0,6.0,2.0,3.0,18.0,11.0,6.0,5.0,2.0,3.0,0.0,0.0,2.54,3.0,3.1
SP1,2018-01-12,Getafe,Malaga,1676.63,1637.79,3.0,7.0,0.0,4.0,1.0,0.0,H,0.0,0.0,D,7.0,9.0,3.0,2.0,19.0,16.0,5.0,2.0,3.0,1.0,0.0,0.0,1.8,3.39,5.0
SP1,2018-01-13,Eibar,Ath Madrid,1702.44,1925.76,9.0,13.0,6.0,12.0,0.0,1.0,A,0.0,1.0,A,11.0,7.0,4.0,3.0,12.0,9.0,9.0,1.0,2.0,1.0,0.0,0.0,4.0,3.2,2.04
SP1,2018-01-13,Girona,Las Palmas,1640.12,1571.29,3.0,6.0,1.0,4.0,6.0,0.0,H,1.0,0.0,H,15.0,3.0,8.0,1.0,25.0,20.0,5.0,2.0,2.0,5.0,0.0,0.0,1.72,3.79,4.75
SP1,2018-01-13,La Coruna,Valencia,1612.33,1769.91,1.0,4.0,3.0,6.0,1.0,2.0,A,0.0,1.0,A,12.0,12.0,2.0,5.0,13.0,8.0,8.0,10.0,2.0,1.0,0.0,0.0,3.0,3.39,2.37
SP1,2018-01-13,Real Madrid,Villarreal,2008.68,1759.65,4.0,8.0,7.0,7.0,0.0,1.0,A,0.0,0.0,D,28.0,10.0,7.0,4.0,11.0,12.0,11.0,0.0,2.0,1.0,0.0,0.0,1.25,6.5,10.0
SP1,2018-01-14,Alaves,Sevilla,1651.41,1773.78,3.0,9.0,1.0,4.0,1.0,0.0,H,0.0,0.0,D,12.0,14.0,3.0,1.0,18.0,12.0,5.0,4.0,5.0,2.0,1.0,0.0,3.25,3.25,2.29
SP1,2018-01-14,Espanol,Ath Bilbao,1692.5,1750.03,7.0,7.0,7.0,11.0,1.0,1.0,D,1.0,1.0,D,11.0,8.0,3.0,3.0,14.0,16.0,4.0,2.0,2.0,4.0,0.0,0.0,2.54,3.0,3.0
SP1,2018-01-14,Levante,Celta,1637.63,1704.14,2.0,3.0,4.0,5.0,0.0,1.0,A,0.0,1.0,A,15.0,3.0,5.0,2.0,19.0,7.0,6.0,2.0,4.0,3.0,0.0,0.0,3.0,3.25,2.45
SP1,2018-01-14,Sociedad,Barcelona,1724.84,2045.8,4.0,4.0,9.0,13.0,2.0,4.0,A,2.0,1.0,H,15.0,11.0,6.0,5.0,15.0,13.0,7.0,3.0,2.0,2.0,0.0,0.0,6.5,5.0,1.44
SP1,2018-01-15,Betis,Leganes,1651.75,1657.73,6.0,6.0,4.0,7.0,3.0,2.0,H,2.0,1.0,H,16.0,10.0,9.0,6.0,12.0,15.0,1.0,1.0,2.0,3.0,0.0,0.0,2.25,3.1,3.5
SP1,2018-01-19,Getafe,Ath Bilbao,1679.14,1756.46,6.0,7.0,7.0,11.0,2.0,2.0,D,1.0,1.0,D,17.0,7.0,6.0,6.0,17.0,12.0,6.0,2.0,5.0,1.0,0.0,0.0,2.7,3.1,2.79
SP1,2018-01-20,Ath Madrid,Girona,1933.2,1647.52,6.0,12.0,3.0,9.0,1.0,1.0,D,1.0,0.0,H,9.0,6.0,4.0,3.0,13.0,15.0,2.0,1.0,4.0,3.0,0.0,0.0,1.36,4.75,9.5
SP1,2018-01-20,Espanol,Sevilla,1700.58,1746.22,7.0,8.0,0.0,1.0,0.0,3.0,A,0.0,2.0,A,9.0,12.0,0.0,7.0,18.0,14.0,8.0,2.0,4.0,2.0,0.0,0.0,2.75,3.2,2.7
SP1,2018-01-20,Las Palmas,Valencia,1553.97,1779.18,0.0,1.0,6.0,9.0,2.0,1.0,H,1.0,1.0,D,20.0,14.0,6.0,8.0,18.0,16.0,3.0,6.0,2.0,9.0,0.0,2.0,4.5,4.0,1.72
SP1,2018-01-20,Villarreal,Levante,1769.18,1628.18,7.0,10.0,1.0,2.0,2.0,1.0,H,1.0,0.0,H,18.0,16.0,6.0,4.0,14.0,16.0,6.0,4.0,2.0,2.0,0.0,0.0,1.44,4.5,7.5
SP1,2018-01-21,Alaves,Leganes,1654.67,1657.73,6.0,9.0,4.0,7.0,2.0,2.0,D,0.0,0.0,D,14.0,8.0,6.0,4.0,13.0,14.0,4.0,6.0,3.0,3.0,1.0,0.0,2.14,3.1,3.75
SP1,2018-01-21,Betis,Barcelona,1651.75,2050.67,6.0,9.0,9.0,15.0,0.0,5.0,A,0.0,0.0,D,7.0,14.0,2.0,10.0,12.0,9.0,4.0,2.0,2.0,2.0,0.0,0.0,10.0,6.0,1.28
SP1,2018-01-21,Real Madrid,La Coruna,1987.71,1612.07,1.0,5.0,1.0,4.0,7.0,1.0,H,2.0,1.0,H,24.0,5.0,13.0,2.0,7.0,11.0,6.0,1.0,0.0,2.0,0.0,0.0,1.14,9.0,15.0
SP1,2018-01-21,Sociedad,Celta,1713.22,1718.05,3.0,4.0,7.0,7.0,1.0,2.0,A,1.0,1.0,D,16.0,10.0,2.0,3.0,10.0,7.0,8.0,3.0,1.0,2.0,0.0,0.0,1.85,3.89,4.0
SP1,2018-01-22,Eibar,Malaga,1704.27,1623.86,6.0,10.0,0.0,3.0,1.0,1.0,D,0.0,1.0,A,15.0,10.0,4.0,4.0,11.0,11.0,8.0,3.0,1.0,3.0,0.0,1.0,1.66,3.5,6.0
SP1,2018-01-26,Ath Bilbao,Eibar,1756.46,1704.27,5.0,9.0,4.0,10.0,1.0,1.0,D,0.0,0.0,D,7.0,14.0,1.0,2.0,15.0,14.0,3.0,7.0,0.0,0.0,0.0,0.0,1.9,3.39,4.33
SP1,2018-01-27,La Coruna,Levante,1612.07,1628.18,1.0,1.0,0.0,2.0,2.0,2.0,D,2.0,0.0,H,8.0,15.0,2.0,4.0,13.0,14.0,4.0,7.0,7.0,5.0,1.0,0.0,2.0,3.5,3.79
SP1,2018-01-27,Malaga,Girona,1623.86,1647.52,1.0,1.0,4.0,7.0,0.0,0.0,D,0.0,0.0,D,7.0,11.0,1.0,2.0,18.0,7.0,5.0,4.0,2.0,1.0,1.0,0.0,2.29,3.0,3.39
SP1,2018-01-27,Valencia,Real Madrid,1779.18,1987.71,6.0,6.0,4.0,7.0,1.0,4.0,A,0.0,2.0,A,11.0,13.0,4.0,7.0,20.0,22.0,4.0,4.0,2.0,3.0,0.0,0.0,5.0,4.33,1.61
SP1,2018-01-27,Villarreal,Sociedad,1769.18,1713.22,7.0,13.0,0.0,4.0,4.0,2.0,H,4.0,1.0,H,11.0,24.0,7.0,6.0,16.0,6.0,2.0,9.0,1.0,1.0,0.0,0.0,2.04,3.5,3.5
SP1,2018-01-28,Ath Madrid,Las Palmas,1933.2,1553.97,7.0,10.0,3.0,4.0,3.0,0.0,H,0.0,0.0,D,18.0,9.0,7.0,1.0,17.0,11.0,4.0,1.0,1.0,2.0,0.0,0.0,1.16,7.5,17.0
SP1,2018-01-28,Barcelona,Alaves,2050.67,1654.67,9.0,15.0,4.0,7.0,2.0,1.0,H,0.0,1.0,A,18.0,7.0,12.0,4.0,6.0,18.0,8.0,1.0,0.0,2.0,0.0,0.0,1.08,11.0,26.0
SP1,2018-01-28,Leganes,Espanol,1657.73,1700.58,4.0,5.0,4.0,8.0,3.0,2.0,H,1.0,0.0,H,11.0,12.0,6.0,4.0,20.0,19.0,1.0,7.0,2.0,4.0,0.0,0.0,2.37,2.79,3.5
SP1,2018-01-28,Sevilla,Getafe,1746.22,1679.14,3.0,4.0,4.0,7.0,1.0,1.0,D,0.0,0.0,D,15.0,7.0,1.0,2.0,12.0,15.0,3.0,4.0,3.0,3.0,0.0,0.0,1.5,4.33,6.5
SP1,2018-01-29,Celta,Betis,1718.05,1651.75,7.0,10.0,6.0,9.0,3.0,2.0,H,1.0,0.0,H,13.0,7.0,5.0,3.0,13.0,8.0,7.0,2.0,1.0,5.0,0.0,0.0,1.75,3.75,4.75
SP1,2018-02-02,Sociedad,La Coruna,1697.09,1608.27,0.0,3.0,1.0,2.0,5.0,0.0,H,1.0,0.0,H,19.0,4.0,8.0,1.0,11.0,11.0,9.0,5.0,0.0,1.0,0.0,0.0,1.44,4.75,6.5
SP1,2018-02-03,Alaves,Celta,1651.56,1732.0,4.0,7.0,9.0,13.0,2.0,1.0,H,2.0,0.0,H,9.0,16.0,3.0,4.0,13.0,11.0,2.0,1.0,3.0,2.0,0.0,0.0,2.62,3.2,2.79
SP1,2018-02-03,Betis,Villarreal,1649.68,1778.87,3.0,6.0,9.0,13.0,2.0,1.0,H,1.0,0.0,H,13.0,12.0,4.0,3.0,11.0,12.0,2.0,6.0,1.0,2.0,0.0,1.0,2.79,3.39,2.5
SP1,2018-02-03,Eibar,Sevilla,1703.69,1757.36,2.0,8.0,4.0,4.0,5.0,1.0,H,3.0,1.0,H,17.0,11.0,7.0,3.0,11.0,20.0,5.0,3.0,0.0,3.0,0.0,0.0,2.6,3.29,2.75
SP1,2018-02-03,Levante,Real Madrid,1626.73,1997.26,1.0,2.0,6.0,7.0,2.0,2.0,D,1.0,1.0,D,12.0,23.0,4.0,9.0,14.0,7.0,4.0,6.0,3.0,3.0,0.0,0.0,13.0,7.0,1.19
SP1,2018-02-04,Ath Madrid,Valencia,1927.04,1760.04,7.0,10.0,3.0,6.0,1.0,0.0,H,0.0,0.0,D,14.0,9.0,4.0,0.0,18.0,4.0,9.0,1.0,1.0,1.0,0.0,0.0,1.44,4.33,7.5
SP1,2018-02-04,Espanol,Barcelona,1678.17,2055.42,1.0,7.0,9.0,15.0,1.0,1.0,D,0.0,0.0,D,7.0,12.0,2.0,2.0,15.0,12.0,0.0,7.0,5.0,3.0,0.0,0.0,9.5,5.25,1.33
SP1,2018-02-04,Getafe,Leganes,1683.43,1660.81,5.0,8.0,4.0,8.0,0.0,0.0,D,0.0,0.0,D,11.0,2.0,1.0,1.0,17.0,20.0,5.0,2.0,2.0,6.0,0.0,0.0,1.9,3.2,4.5
SP1,2018-02-04,Girona,Ath Bilbao,1656.81,1752.83,5.0,5.0,3.0,9.0,2.0,0.0,H,1.0,0.0,H,8.0,9.0,3.0,0.0,13.0,14.0,2.0,4.0,1.0,1.0,0.0,0.0,2.39,3.29,3.0
SP1,2018-02-05,Las Palmas,Malaga,1563.87,1626.68,3.0,3.0,2.0,2.0,1.0,0.0,H,0.0,0.0,D,11.0,9.0,4.0,3.0,11.0,17.0,4.0,2.0,2.0,3.0,0.0,0.0,2.25,3.39,3.2
SP1,2018-02-09,Ath Bilbao,Las Palmas,1752.83,1563.87,2.0,6.0,6.0,6.0,0.0,0.0,D,0.0,0.0,D,11.0,8.0,5.0,2.0,20.0,29.0,5.0,2.0,4.0,4.0,0.0,0.0,1.44,4.5,7.5
SP1,2018-02-10,Leganes,Eibar,1660.81,1703.69,5.0,8.0,5.0,8.0,0.0,1.0,A,0.0,0.0,D,2.0,19.0,0.0,6.0,14.0,6.0,1.0,10.0,4.0,2.0,1.0,0.0,2.87,3.1,2.62
SP1,2018-02-10,Malaga,Ath Madrid,1626.68,1927.04,2.0,2.0,7.0,13.0,0.0,1.0,A,0.0,1.0,A,13.0,5.0,3.0,1.0,22.0,19.0,3.0,3.0,3.0,2.0,0.0,0.0,7.5,3.6,1.57
SP1,2018-02-10,Real Madrid,Sociedad,1997.26,1697.09,7.0,8.0,3.0,3.0,5.0,2.0,H,4.0,0.0,H,18.0,8.0,9.0,3.0,11.0,10.0,5.0,3.0,2.0,1.0,0.0,0.0,1.19,7.0,13.0
SP1,2018-02-10,Villarreal,Alaves,1778.87,1651.56,6.0,10.0,4.0,7.0,1.0,2.0,A,0.0,1.0,A,27.0,5.0,6.0,4.0,15.0,15.0,13.0,2.0,4.0,4.0,0.0,0.0,1.66,4.0,5.0
SP1,2018-02-11,Barcelona,Getafe,2055.42,1683.43,7.0,13.0,3.0,6.0,0.0,0.0,D,0.0,0.0,D,12.0,10.0,6.0,1.0,7.0,13.0,9.0,3.0,2.0,3.0,0.0,0.0,1.12,9.0,19.0
SP1,2018-02-11,Celta,Espanol,1732.0,1678.17,6.0,10.0,1.0,5.0,2.0,2.0,D,1.0,1.0,D,18.0,3.0,7.0,2.0,9.0,16.0,9.0,1.0,3.0,4.0,0.0,0.0,1.9,3.6,4.0
SP1,2018-02-11,Sevilla,Girona,1757.36,1656.81,4.0,4.0,5.0,8.0,1.0,0.0,H,0.0,0.0,D,13.0,14.0,4.0,6.0,13.0,19.0,7.0,2.0,2.0,2.0,0.0,0.0,1.72,3.79,4.75
SP1,2018-02-11,Valencia,Levante,1760.04,1626.73,0.0,6.0,2.0,2.0,3.0,1.0,H,1.0,1.0,D,18.0,5.0,8.0,1.0,10.0,19.0,7.0,9.0,3.0,4.0,0.0,0.0,1.5,4.33,6.5
SP1,2018-02-12,La Coruna,Betis,1608.27,1649.68,1.0,2.0,3.0,9.0,0.0,1.0,A,0.0,0.0,D,16.0,10.0,2.0,4.0,19.0,7.0,8.0,1.0,2.0,0.0,0.0,0.0,2.2,3.6,3.1
SP1,2018-02-16,Girona,Leganes,1666.18,1656.59,4.0,8.0,4.0,5.0,3.0,0.0,H,2.0,0.0,H,10.0,10.0,5.0,5.0,12.0,10.0,4.0,4.0,3.0,5.0,0.0,0.0,1.85,3.25,5.0
SP1,2018-02-17,Alaves,La Coruna,1674.17,1592.66,6.0,10.0,1.0,1.0,1.0,0.0,H,0.0,0.0,D,14.0,5.0,3.0,0.0,17.0,14.0,9.0,3.0,2.0,3.0,0.0,0.0,1.9,3.39,4.33
SP1,2018-02-17,Eibar,Barcelona,1728.61,2041.66,7.0,8.0,5.0,11.0,0.0,2.0,A,0.0,1.0,A,13.0,10.0,3.0,6.0,13.0,6.0,6.0,0.0,3.0,1.0,1.0,0.0,6.5,4.75,1.44
SP1,2018-02-17,Las Palmas,Sevilla,1579.18,1749.09,4.0,7.0,4.0,7.0,1.0,2.0,A,0.0,1.0,A,11.0,12.0,3.0,6.0,15.0,18.0,7.0,5.0,2.0,5.0,0.0,0.0,3.5,3.6,2.04
SP1,2018-02-17,Malaga,Valencia,1617.83,1763.78,1.0,2.0,3.0,6.0,1.0,2.0,A,1.0,0.0,H,9.0,10.0,3.0,3.0,19.0,18.0,7.0,2.0,2.0,4.0,1.0,0.0,3.6,3.5,2.04
SP1,2018-02-18,Ath Madrid,Ath Bilbao,1934.8,1736.38,9.0,13.0,2.0,4.0,2.0,0.0,H,0.0,0.0,D,14.0,4.0,4.0,0.0,6.0,12.0,5.0,2.0,3.0,2.0,0.0,0.0,1.44,4.2,8.5
SP1,2018-02-18,Betis,Real Madrid,1669.14,2000.17,6.0,9.0,7.0,10.0,3.0,5.0,A,2.0,1.0,H,20.0,12.0,5.0,9.0,7.0,15.0,7.0,5.0,3.0,5.0,0.0,0.0,9.0,6.0,1.3
SP1,2018-02-18,Espanol,Villarreal,1690.16,1758.49,2.0,3.0,3.0,9.0,1.0,1.0,D,0.0,1.0,A,15.0,8.0,3.0,3.0,7.0,19.0,2.0,5.0,1.0,7.0,0.0,0.0,2.5,3.25,2.89
SP1,2018-02-18,Sociedad,Levante,1705.36,1630.47,3.0,3.0,2.0,2.0,3.0,0.0,H,2.0,0.0,H,13.0,9.0,3.0,1.0,12.0,13.0,2.0,4.0,0.0,2.0,0.0,0.0,1.57,4.2,5.75
SP1,2018-02-19,Getafe,Celta,1690.77,1722.29,3.0,7.0,4.0,10.0,3.0,0.0,H,1.0,0.0,H,9.0,4.0,5.0,1.0,21.0,15.0,5.0,5.0,4.0,3.0,0.0,0.0,2.5,3.29,2.87
SP1,2018-02-21,Leganes,Real Madrid,1656.59,2000.17,1.0,5.0,7.0,13.0,1.0,3.0,A,1.0,2.0,A,7.0,13.0,3.0,7.0,18.0,7.0,6.0,5.0,3.0,1.0,0.0,0.0,11.0,6.0,1.25
SP1,2018-02-23,La Coruna,Espanol,1592.66,1690.16,0.0,1.0,3.0,3.0,0.0,0.0,D,0.0,0.0,D,17.0,9.0,4.0,1.0,9.0,10.0,4.0,2.0,5.0,1.0,0.0,0.0,2.54,3.2,2.87
SP1,2018-02-24,Barcelona,Girona,2041.66,1666.18,5.0,11.0,6.0,8.0,6.0,1.0,H,4.0,1.0,H,21.0,10.0,14.0,4.0,11.0,11.0,5.0,3.0,1.0,1.0,0.0,0.0,1.14,8.0,19.0
SP1,2018-02-24,Celta,Eibar,1722.29,1728.61,1.0,7.0,6.0,8.0,2.0,0.0,H,0.0,0.0,D,8.0,15.0,3.0,2.0,11.0,16.0,3.0,9.0,2.0,3.0,0.0,0.0,2.0,3.5,3.7
SP1,2018-02-24,Leganes,Las Palmas,1656.59,1579.18,0.0,4.0,4.0,7.0,0.0,0.0,D,0.0,0.0,D,11.0,4.0,2.0,1.0,22.0,17.0,6.0,5.0,4.0,5.0,0.0,0.0,1.8,3.5,4.75
SP1,2018-02-24,Real Madrid,Alaves,2000.17,1674.17,9.0,13.0,9.0,10.0,4.0,0.0,H,1.0,0.0,H,25.0,11.0,10.0,5.0,9.0,14.0,9.0,5.0,1.0,2.0,0.0,0.0,1.14,8.5,17.0
SP1,2018-02-25,Ath Bilbao,Malaga,1736.38,1617.83,1.0,3.0,0.0,2.0,2.0,1.0,H,2.0,1.0,H,8.0,8.0,6.0,4.0,12.0,18.0,6.0,4.0,3.0,3.0,0.0,1.0,1.75,3.5,5.25
SP1,2018-02-25,Sevilla,Ath Madrid,1749.09,1934.8,6.0,10.0,9.0,13.0,2.0,5.0,A,0.0,2.0,A,10.0,13.0,5.0,8.0,10.0,24.0,5.0,4.0,3.0,3.0,0.0,0.0,3.39,3.2,2.25
SP1,2018-02-25,Valencia,Sociedad,1763.78,1705.36,6.0,6.0,6.0,6.0,2.0,1.0,H,1.0,0.0,H,7.0,9.0,4.0,3.0,12.0,9.0,4.0,4.0,2.0,3.0,0.0,0.0,1.7,4.0,4.75
SP1,2018-02-25,Villarreal,Getafe,1758.49,1690.77,1.0,7.0,5.0,7.0,1.0,0.0,H,1.0,0.0,H,10.0,3.0,4.0,2.0,14.0,21.0,2.0,8.0,5.0,3.0,0.0,0.0,1.75,3.75,4.75
SP1,2018-02-26,Levante,Betis,1630.47,1669.14,1.0,2.0,6.0,6.0,0.0,2.0,A,0.0,0.0,D,12.0,15.0,2.0,6.0,17.0,8.0,5.0,5.0,5.0,2.0,0.0,0.0,2.5,3.29,2.87
SP1,2018-02-27,Espanol,Real Madrid,1690.16,2000.17,3.0,4.0,9.0,13.0,1.0,0.0,H,0.0,0.0,D,16.0,12.0,7.0,5.0,15.0,10.0,3.0,8.0,1.0,1.0,0.0,0.0,6.0,4.33,1.53
SP1,2018-02-27,Girona,Celta,1666.18,1722.29,3.0,7.0,4.0,7.0,1.0,0.0,H,1.0,0.0,H,11.0,10.0,2.0,2.0,9.0,10.0,6.0,4.0,3.0,2.0,0.0,0.0,2.29,3.5,3.0
SP1,2018-02-28,Ath Bilbao,Valencia,1736.38,1763.78,4.0,5.0,9.0,9.0,1.0,1.0,D,0.0,1.0,A,11.0,6.0,4.0,4.0,16.0,16.0,6.0,1.0,1.0,2.0,0.0,0.0,2.62,3.2,2.79
SP1,2018-02-28,Ath Madrid,Leganes,1934.8,1656.59,9.0,15.0,1.0,2.0,4.0,0.0,H,2.0,0.0,H,15.0,9.0,8.0,3.0,10.0,10.0,5.0,1.0,1.0,3.0,0.0,0.0,1.25,5.25,15.0
SP1,2018-02-28,Eibar,Villarreal,1728.61,1758.49,3.0,7.0,4.0,7.0,1.0,0.0,H,1.0,0.0,H,13.0,11.0,1.0,3.0,18.0,8.0,6.0,4.0,4.0,2.0,0.0,0.0,2.2,3.2,3.6
SP1,2018-02-28,Getafe,La Coruna,1690.77,1592.66,4.0,6.0,1.0,2.0,3.0,0.0,H,2.0,0.0,H,14.0,9.0,5.0,1.0,6.0,9.0,10.0,6.0,2.0,4.0,0.0,0.0,1.9,3.39,4.33
SP1,2018-02-28,Malaga,Sevilla,1617.83,1749.09,0.0,1.0,6.0,7.0,0.0,1.0,A,0.0,1.0,A,8.0,6.0,0.0,4.0,19.0,14.0,9.0,4.0,2.0,2.0,0.0,0.0,3.5,3.2,2.14
SP1,2018-03-01,Alaves,Levante,1670.65,1604.47,6.0,9.0,0.0,2.0,1.0,0.0,H,0.0,0.0,D,15.0,6.0,5.0,1.0,14.0,17.0,5.0,3.0,4.0,4.0,1.0,1.0,1.8,3.39,5.0
SP1,2018-03-01,Betis,Sociedad,1673.0,1692.69,6.0,9.0,3.0,6.0,0.0,0.0,D,0.0,0.0,D,8.0,13.0,4.0,5.0,11.0,7.0,4.0,10.0,2.0,0.0,0.0,0.0,2.79,3.39,2.39
SP1,2018-03-01,Las Palmas,Barcelona,1572.11,2042.92,2.0,5.0,7.0,11.0,1.0,1.0,D,0.0,1.0,A,12.0,10.0,1.0,4.0,18.0,13.0,6.0,6.0,6.0,3.0,0.0,0.0,15.0,7.5,1.18
SP1,2018-03-03,La Coruna,Eibar,1577.3,1716.76,1.0,1.0,3.0,9.0,1.0,1.0,D,1.0,1.0,D,7.0,16.0,2.0,3.0,6.0,8.0,2.0,9.0,1.0,2.0,1.0,0.0,2.79,3.1,2.7
SP1,2018-03-03,Leganes,Malaga,1630.9,1595.64,1.0,1.0,0.0,0.0,2.0,0.0,H,0.0,0.0,D,10.0,4.0,3.0,1.0,11.0,14.0,6.0,1.0,1.0,1.0,0.0,0.0,2.14,2.89,4.0
SP1,2018-03-03,Real Madrid,Getafe,1990.2,1697.86,6.0,12.0,6.0,8.0,3.0,1.0,H,2.0,0.0,H,14.0,4.0,6.0,4.0,13.0,18.0,8.0,0.0,1.0,3.0,0.0,1.0,1.19,7.5,13.0
SP1,2018-03-03,Sevilla,Ath Bilbao,1746.61,1738.33,6.0,9.0,4.0,5.0,2.0,0.0,H,2.0,0.0,H,18.0,10.0,8.0,3.0,14.0,13.0,8.0,4.0,2.0,3.0,0.0,0.0,1.7,3.75,5.25
SP1,2018-03-03,Villarreal,Girona,1732.23,1675.76,4.0,4.0,6.0,9.0,0.0,2.0,A,0.0,1.0,A,14.0,4.0,5.0,3.0,14.0,18.0,7.0,2.0,4.0,1.0,0.0,0.0,1.8,3.39,4.75
SP1,2018-03-04,Barcelona,Ath Madrid,2042.92,1947.14,7.0,9.0,9.0,15.0,1.0,0.0,H,1.0,0.0,H,16.0,6.0,5.0,1.0,16.0,20.0,12.0,1.0,2.0,2.0,0.0,0.0,1.72,3.79,4.75
SP1,2018-03-04,Levante,Espanol,1604.47,1697.05,0.0,1.0,5.0,7.0,1.0,1.0,D,0.0,0.0,D,13.0,15.0,4.0,3.0,14.0,13.0,2.0,1.0,0.0,3.0,0.0,0.0,3.1,3.1,2.45
SP1,2018-03-04,Sociedad,Alaves,1692.69,1670.65,4.0,7.0,6.0,12.0,2.0,1.0,H,2.0,1.0,H,14.0,3.0,5.0,1.0,10.0,13.0,8.0,4.0,0.0,1.0,0.0,0.0,1.64,4.0,5.25
SP1,2018-03-04,Valencia,Betis,1770.81,1673.0,7.0,10.0,4.0,10.0,2.0,0.0,H,1.0,0.0,H,12.0,9.0,6.0,4.0,14.0,11.0,7.0,0.0,1.0,4.0,0.0,0.0,1.44,4.75,6.5
SP1,2018-03-05,Celta,Las Palmas,1707.17,1572.11,3.0,4.0,2.0,6.0,2.0,1.0,H,0.0,0.0,D,14.0,10.0,6.0,3.0,13.0,15.0,10.0,7.0,1.0,2.0,0.0,0.0,1.44,4.33,7.0
SP1,2018-03-09,Girona,La Coruna,1675.76,1577.3,6.0,9.0,2.0,2.0,2.0,0.0,H,1.0,0.0,H,9.0,8.0,6.0,4.0,17.0,16.0,2.0,2.0,1.0,4.0,0.0,0.0,1.55,4.2,5.5
SP1,2018-03-10,Eibar,Real Madrid,1716.76,1990.2,4.0,7.0,6.0,12.0,1.0,2.0,A,0.0,1.0,A,12.0,12.0,3.0,6.0,12.0,7.0,8.0,6.0,1.0,1.0,0.0,0.0,5.75,4.75,1.5
SP1,2018-03-10,Getafe,Levante,1697.86,1604.47,3.0,7.0,1.0,1.0,0.0,1.0,A,0.0,0.0,D,11.0,12.0,4.0,4.0,14.0,16.0,4.0,7.0,5.0,7.0,0.0,1.0,1.75,3.5,5.25
SP1,2018-03-10,Malaga,Barcelona,1595.64,2042.92,0.0,0.0,7.0,11.0,0.0,2.0,A,0.0,2.0,A,6.0,20.0,2.0,9.0,15.0,9.0,2.0,5.0,1.0,1.0,1.0,0.0,13.0,6.0,1.25
SP1,2018-03-10,Sevilla,Valencia,1746.61,1770.81,6.0,12.0,7.0,13.0,0.0,2.0,A,0.0,1.0,A,21.0,10.0,5.0,5.0,15.0,15.0,7.0,3.0,4.0,2.0,0.0,0.0,2.0,3.5,3.79
SP1,2018-03-11,Ath Bilbao,Leganes,1738.33,1630.9,4.0,5.0,4.0,4.0,2.0,0.0,H,2.0,0.0,H,13.0,12.0,5.0,1.0,12.0,14.0,3.0,6.0,2.0,5.0,0.0,0.0,1.9,3.29,4.5
SP1,2018-03-11,Ath Madrid,Celta,1947.14,1707.17,6.0,12.0,6.0,7.0,3.0,0.0,H,1.0,0.0,H,7.0,8.0,3.0,2.0,14.0,10.0,6.0,4.0,1.0,2.0,0.0,0.0,1.39,4.75,8.0
SP1,2018-03-11,Espanol,Sociedad,1697.05,1692.69,5.0,7.0,4.0,7.0,2.0,1.0,H,0.0,1.0,A,18.0,11.0,7.0,5.0,18.0,14.0,6.0,4.0,0.0,2.0,0.0,0.0,2.87,3.1,2.62
SP1,2018-03-11,Las Palmas,Villarreal,1572.11,1732.23,2.0,3.0,3.0,4.0,0.0,2.0,A,0.0,0.0,D,9.0,11.0,3.0,4.0,15.0,17.0,7.0,3.0,1.0,1.0,1.0,0.0,3.5,3.5,2.1
SP1,2018-03-12,Alaves,Betis,1670.65,1673.0,3.0,9.0,4.0,7.0,1.0,3.0,A,0.0,2.0,A,9.0,10.0,1.0,4.0,18.0,17.0,6.0,2.0,2.0,3.0,0.0,0.0,2.14,3.29,3.6
SP1,2018-03-16,Levante,Eibar,1620.02,1719.03,4.0,4.0,4.0,4.0,2.0,1.0,H,1.0,0.0,H,6.0,13.0,3.0,4.0,11.0,11.0,4.0,5.0,4.0,3.0,0.0,0.0,3.2,3.2,2.37
SP1,2018-03-17,Betis,Espanol,1688.05,1710.0,4.0,7.0,7.0,9.0,3.0,0.0,H,1.0,0.0,H,9.0,4.0,4.0,1.0,15.0,11.0,3.0,5.0,1.0,3.0,0.0,0.0,2.2,3.39,3.29
SP1,2018-03-17,La Coruna,Las Palmas,1581.01,1574.63,1.0,2.0,1.0,2.0,1.0,1.0,D,1.0,1.0,D,13.0,8.0,3.0,1.0,24.0,12.0,9.0,2.0,3.0,3.0,0.0,0.0,1.72,3.75,5.0
SP1,2018-03-17,Sociedad,Getafe,1701.29,1690.56,4.0,7.0,3.0,6.0,1.0,2.0,A,1.0,1.0,D,8.0,9.0,2.0,5.0,13.0,21.0,7.0,1.0,3.0,7.0,0.0,0.0,1.72,3.6,5.25
SP1,2018-03-17,Valencia,Alaves,1796.53,1662.09,7.0,13.0,3.0,6.0,3.0,1.0,H,2.0,0.0,H,24.0,16.0,10.0,4.0,8.0,14.0,9.0,2.0,1.0,1.0,0.0,0.0,1.44,4.5,7.5
SP1,2018-03-18,Barcelona,Ath Bilbao,2054.44,1733.52,7.0,13.0,4.0,7.0,2.0,0.0,H,2.0,0.0,H,18.0,10.0,9.0,3.0,7.0,14.0,6.0,5.0,2.0,2.0,0.0,0.0,1.16,8.0,15.0
SP1,2018-03-18,Celta,Malaga,1714.28,1593.35,3.0,6.0,0.0,0.0,0.0,0.0,D,0.0,0.0,D,9.0,5.0,3.0,0.0,16.0,24.0,4.0,5.0,3.0,2.0,0.0,0.0,1.44,4.5,7.0
SP1,2018-03-18,Leganes,Sevilla,1639.55,1766.19,3.0,4.0,6.0,9.0,2.0,1.0,H,1.0,0.0,H,12.0,10.0,6.0,4.0,13.0,11.0,5.0,4.0,2.0,4.0,0.0,1.0,3.7,3.29,2.1
SP1,2018-03-18,Real Madrid,Girona,2008.53,1704.52,6.0,12.0,9.0,12.0,6.0,3.0,H,1.0,1.0,D,20.0,10.0,14.0,6.0,13.0,13.0,6.0,7.0,1.0,2.0,0.0,0.0,1.16,7.5,17.0
SP1,2018-03-18,Villarreal,Ath Madrid,1732.29,1957.82,3.0,7.0,6.0,12.0,2.0,1.0,H,0.0,1.0,A,17.0,8.0,5.0,2.0,13.0,16.0,5.0,4.0,5.0,3.0,0.0,1.0,4.2,3.1,2.04
SP1,2018-03-31,Ath Bilbao,Celta,1733.52,1714.28,3.0,7.0,4.0,7.0,1.0,1.0,D,0.0,0.0,D,11.0,13.0,2.0,3.0,10.0,10.0,4.0,5.0,3.0,1.0,0.0,0.0,2.04,3.29,3.6
SP1,2018-03-31,Girona,Levante,1704.52,1620.02,6.0,9.0,7.0,7.0,1.0,1.0,D,0.0,0.0,D,12.0,15.0,5.0,6.0,13.0,12.0,5.0,7.0,1.0,3.0,0.0,0.0,1.57,3.79,6.0
SP1,2018-03-31,Las Palmas,Real Madrid,1574.63,2008.53,1.0,3.0,9.0,12.0,0.0,3.0,A,0.0,2.0,A,17.0,17.0,3.0,7.0,11.0,17.0,3.0,3.0,3.0,0.0,0.0,0.0,10.0,6.0,1.25
SP1,2018-03-31,Sevilla,Barcelona,1766.19,2054.44,3.0,6.0,9.0,13.0,2.0,2.0,D,1.0,0.0,H,21.0,20.0,6.0,9.0,11.0,7.0,5.0,9.0,2.0,0.0,0.0,0.0,4.75,4.0,1.66
SP1,2018-04-01,Ath Madrid,La Coruna,1946.55,1576.46,3.0,9.0,2.0,3.0,1.0,0.0,H,1.0,0.0,H,15.0,10.0,3.0,2.0,14.0,15.0,9.0,7.0,2.0,3.0,0.0,0.0,1.22,5.75,13.0
SP1,2018-04-01,Eibar,Sociedad,1708.59,1688.73,1.0,4.0,3.0,4.0,0.0,0.0,D,0.0,0.0,D,15.0,7.0,3.0,0.0,14.0,10.0,8.0,1.0,4.0,2.0,0.0,0.0,2.37,3.39,2.87
SP1,2018-04-01,Espanol,Alaves,1697.02,1655.69,4.0,8.0,0.0,3.0,0.0,0.0,D,0.0,0.0,D,12.0,13.0,3.0,4.0,18.0,12.0,6.0,5.0,3.0,2.0,0.0,0.0,2.04,3.2,3.75
SP1,2018-04-01,Leganes,Valencia,1646.83,1799.08,6.0,7.0,9.0,13.0,0.0,1.0,A,0.0,0.0,D,8.0,3.0,1.0,1.0,14.0,17.0,5.0,2.0,3.0,4.0,0.0,0.0,3.75,3.39,2.0
SP1,2018-04-01,Malaga,Villarreal,1596.77,1742.43,1.0,1.0,6.0,9.0,1.0,0.0,H,1.0,0.0,H,13.0,11.0,3.0,1.0,17.0,13.0,3.0,6.0,2.0,3.0,0.0,0.0,3.5,3.2,2.14
SP1,2018-04-02,Getafe,Betis,1699.27,1697.17,3.0,6.0,6.0,10.0,0.0,1.0,A,0.0,0.0,D,8.0,7.0,4.0,4.0,21.0,9.0,4.0,0.0,4.0,2.0,0.0,0.0,1.95,3.5,3.75
SP1,2018-04-06,La Coruna,Malaga,1576.46,1596.77,1.0,2.0,4.0,4.0,3.0,2.0,H,1.0,1.0,D,14.0,11.0,6.0,4.0,16.0,14.0,7.0,6.0,4.0,3.0,0.0,0.0,2.04,3.29,3.79
SP1,2018-04-07,Alaves,Getafe,1655.69,1699.27,1.0,4.0,3.0,6.0,2.0,0.0,H,0.0,0.0,D,11.0,5.0,2.0,1.0,17.0,22.0,1.0,3.0,2.0,3.0,0.0,0.0,2.45,3.0,3.2
SP1,2018-04-07,Barcelona,Leganes,2048.58,1646.83,7.0,11.0,3.0,6.0,3.0,1.0,H,2.0,0.0,H,12.0,11.0,6.0,1.0,14.0,12.0,5.0,3.0,2.0,4.0,0.0,0.0,1.12,9.0,21.0
SP1,2018-04-07,Betis,Eibar,1697.17,1708.59,9.0,10.0,1.0,5.0,2.0,0.0,H,1.0,0.0,H,13.0,5.0,4.0,2.0,10.0,11.0,7.0,8.0,2.0,2.0,0.0,0.0,2.25,3.39,3.25
SP1,2018-04-07,Celta,Sevilla,1709.83,1760.51,2.0,5.0,1.0,7.0,4.0,0.0,H,1.0,0.0,H,12.0,16.0,6.0,6.0,8.0,12.0,3.0,10.0,1.0,2.0,0.0,0.0,2.2,3.39,3.29
SP1,2018-04-08,Levante,Las Palmas,1630.92,1572.8,7.0,8.0,1.0,2.0,2.0,1.0,H,1.0,0.0,H,11.0,17.0,4.0,5.0,19.0,10.0,4.0,5.0,6.0,3.0,2.0,0.0,1.9,3.6,4.0
SP1,2018-04-08,Real Madrid,Ath Madrid,2011.24,1946.55,9.0,12.0,6.0,9.0,1.0,1.0,D,0.0,0.0,D,30.0,9.0,8.0,5.0,12.0,17.0,11.0,2.0,2.0,3.0,0.0,0.0,1.75,3.75,4.75
SP1,2018-04-08,Sociedad,Girona,1688.73,1696.18,1.0,5.0,4.0,10.0,5.0,0.0,H,2.0,0.0,H,13.0,8.0,7.0,1.0,8.0,20.0,4.0,5.0,2.0,2.0,0.0,0.0,1.9,3.6,4.0
SP1,2018-04-08,Valencia,Espanol,1799.08,1697.02,9.0,13.0,4.0,8.0,1.0,0.0,H,1.0,0.0,H,14.0,21.0,6.0,6.0,17.0,10.0,4.0,3.0,3.0,2.0,0.0,0.0,1.5,4.33,6.5
SP1,2018-04-09,Villarreal,Ath Bilbao,1742.43,1718.01,6.0,6.0,4.0,5.0,1.0,3.0,A,0.0,1.0,A,7.0,17.0,2.0,13.0,17.0,11.0,3.0,6.0,5.0,5.0,1.0,0.0,1.85,3.5,4.5
SP1,2018-04-13,Girona,Betis,1696.18,1697.17,1.0,7.0,9.0,12.0,0.0,1.0,A,0.0,1.0,A,9.0,10.0,4.0,2.0,23.0,18.0,6.0,4.0,7.0,5.0,0.0,0.0,2.29,3.39,3.1
SP1,2018-04-14,Ath Bilbao,La Coruna,1718.01,1576.46,4.0,7.0,4.0,5.0,2.0,3.0,A,0.0,2.0,A,13.0,5.0,4.0,3.0,5.0,9.0,11.0,6.0,2.0,1.0,0.0,0.0,1.66,3.75,5.5
SP1,2018-04-14,Barcelona,Valencia,2048.58,1799.08,7.0,13.0,9.0,15.0,2.0,1.0,H,1.0,0.0,H,12.0,17.0,7.0,6.0,9.0,11.0,6.0,5.0,2.0,2.0,0.0,0.0,1.28,6.0,9.5
SP1,2018-04-14,Las Palmas,Sociedad,1572.8,1688.73,1.0,1.0,4.0,7.0,0.0,1.0,A,0.0,1.0,A,7.0,20.0,0.0,11.0,6.0,16.0,4.0,6.0,0.0,0.0,0.0,0.0,3.79,3.6,1.95
SP1,2018-04-14,Leganes,Celta,1646.83,1709.83,3.0,6.0,5.0,8.0,1.0,0.0,H,0.0,0.0,D,19.0,5.0,7.0,2.0,22.0,17.0,8.0,3.0,3.0,3.0,0.0,0.0,3.1,3.2,2.39
SP1,2018-04-14,Sevilla,Villarreal,1760.51,1742.43,1.0,4.0,3.0,6.0,2.0,2.0,D,0.0,1.0,A,18.0,7.0,4.0,4.0,11.0,23.0,10.0,2.0,5.0,3.0,1.0,1.0,1.8,3.75,4.5
SP1,2018-04-15,Ath Madrid,Levante,1952.97,1633.93,4.0,7.0,7.0,11.0,3.0,0.0,H,1.0,0.0,H,13.0,11.0,5.0,3.0,9.0,13.0,8.0,3.0,2.0,1.0,0.0,0.0,1.22,6.0,15.0
SP1,2018-04-15,Eibar,Alaves,1695.7,1667.09,1.0,2.0,4.0,4.0,0.0,1.0,A,0.0,1.0,A,21.0,2.0,4.0,1.0,11.0,18.0,12.0,1.0,2.0,1.0,0.0,0.0,1.83,3.39,4.75
SP1,2018-04-15,Getafe,Espanol,1677.69,1688.3,3.0,3.0,1.0,5.0,1.0,0.0,H,0.0,0.0,D,13.0,5.0,4.0,0.0,19.0,13.0,4.0,3.0,6.0,2.0,1.0,0.0,2.14,3.1,3.75
SP1,2018-04-15,Malaga,Real Madrid,1598.18,2014.47,4.0,4.0,7.0,13.0,1.0,2.0,A,0.0,1.0,A,13.0,16.0,3.0,6.0,12.0,9.0,4.0,7.0,4.0,0.0,0.0,0.0,10.0,5.5,1.28
SP1,2018-04-17,Celta,Barcelona,1713.72,2034.42,4.0,5.0,7.0,13.0,2.0,2.0,D,1.0,1.0,D,18.0,14.0,8.0,6.0,9.0,7.0,6.0,4.0,3.0,0.0,0.0,1.0,4.75,4.33,1.64
SP1,2018-04-17,La Coruna,Sevilla,1594.15,1739.57,6.0,7.0,2.0,2.0,0.0,0.0,D,0.0,0.0,D,22.0,24.0,6.0,7.0,8.0,8.0,7.0,9.0,0.0,2.0,0.0,0.0,2.5,3.5,2.75
SP1,2018-04-17,Villarreal,Leganes,1718.52,1645.89,1.0,7.0,3.0,6.0,2.0,1.0,H,1.0,0.0,H,17.0,6.0,6.0,1.0,14.0,14.0,10.0,4.0,1.0,1.0,0.0,0.0,1.6,3.79,6.5
SP1,2018-04-18,Espanol,Eibar,1688.3,1695.7,1.0,4.0,1.0,1.0,0.0,1.0,A,0.0,1.0,A,10.0,5.0,4.0,1.0,17.0,17.0,3.0,6.0,3.0,2.0,0.0,0.0,2.29,3.1,3.39
SP1,2018-04-18,Real Madrid,Ath Bilbao,2014.47,1718.41,7.0,13.0,4.0,7.0,1.0,1.0,D,0.0,1.0,A,29.0,6.0,10.0,2.0,6.0,19.0,16.0,2.0,2.0,4.0,0.0,0.0,1.19,7.0,12.0
SP1,2018-04-18,Valencia,Getafe,1805.47,1677.69,6.0,12.0,3.0,6.0,1.0,2.0,A,0.0,1.0,A,10.0,8.0,3.0,3.0,10.0,14.0,7.0,5.0,1.0,7.0,1.0,0.0,1.44,4.0,8.0
SP1,2018-04-19,Alaves,Girona,1667.09,1672.03,7.0,7.0,1.0,4.0,1.0,2.0,A,0.0,0.0,D,11.0,14.0,5.0,5.0,15.0,12.0,3.0,6.0,4.0,4.0,0.0,0.0,2.37,3.1,3.29
SP1,2018-04-19,Betis,Las Palmas,1723.38,1559.88,9.0,15.0,0.0,1.0,1.0,0.0,H,0.0,0.0,D,17.0,1.0,8.0,0.0,18.0,17.0,6.0,3.0,3.0,5.0,0.0,1.0,1.36,5.25,7.5
SP1,2018-04-19,Levante,Malaga,1633.93,1598.18,4.0,10.0,3.0,4.0,1.0,0.0,H,0.0,0.0,D,11.0,10.0,2.0,2.0,9.0,17.0,4.0,3.0,1.0,1.0,0.0,0.0,1.85,3.5,4.5
SP1,2018-04-19,Sociedad,Ath Madrid,1709.82,1952.97,7.0,7.0,7.0,10.0,3.0,0.0,H,1.0,0.0,H,12.0,9.0,4.0,2.0,13.0,13.0,6.0,6.0,1.0,0.0,0.0,0.0,3.29,3.29,2.25
SP1,2018-04-20,Leganes,La Coruna,1645.89,1594.15,3.0,6.0,7.0,8.0,0.0,0.0,D,0.0,0.0,D,13.0,12.0,0.0,3.0,12.0,13.0,9.0,4.0,0.0,2.0,0.0,0.0,2.29,3.25,3.2
SP1,2018-04-21,Celta,Valencia,1713.72,1805.47,4.0,6.0,3.0,9.0,1.0,1.0,D,0.0,0.0,D,10.0,17.0,3.0,7.0,14.0,19.0,4.0,3.0,1.0,2.0,0.0,0.0,2.7,3.39,2.6
SP1,2018-04-21,Eibar,Getafe,1695.7,1677.69,3.0,4.0,6.0,9.0,0.0,1.0,A,0.0,1.0,A,12.0,7.0,2.0,4.0,15.0,16.0,8.0,3.0,4.0,1.0,0.0,0.0,2.04,3.2,4.0
SP1,2018-04-22,Ath Madrid,Betis,1952.97,1723.38,4.0,7.0,9.0,15.0,0.0,0.0,D,0.0,0.0,D,10.0,10.0,2.0,4.0,17.0,14.0,8.0,3.0,2.0,5.0,0.0,0.0,1.61,3.75,6.0
SP1,2018-04-22,Girona,Espanol,1672.03,1688.3,3.0,4.0,0.0,1.0,0.0,2.0,A,0.0,1.0,A,20.0,5.0,6.0,4.0,18.0,18.0,10.0,0.0,1.0,2.0,0.0,0.0,2.14,3.25,3.6
SP1,2018-04-22,Las Palmas,Alaves,1559.88,1667.09,0.0,1.0,6.0,7.0,0.0,4.0,A,0.0,0.0,D,12.0,10.0,1.0,7.0,14.0,19.0,3.0,3.0,2.0,2.0,0.0,0.0,3.1,3.2,2.39
SP1,2018-04-22,Malaga,Sociedad,1598.18,1709.82,0.0,4.0,9.0,10.0,2.0,0.0,H,2.0,0.0,H,4.0,14.0,3.0,2.0,16.0,0.0,5.0,3.0,4.0,1.0,0.0,0.0,5.25,3.6,1.72
SP1,2018-04-23,Ath Bilbao,Levante,1718.41,1633.93,4.0,5.0,6.0,10.0,1.0,3.0,A,1.0,2.0,A,18.0,11.0,5.0,7.0,13.0,14.0,2.0,9.0,3.0,3.0,0.0,0.0,1.66,3.75,5.5
SP1,2018-04-27,Levante,Sevilla,1633.93,1739.57,6.0,10.0,2.0,3.0,2.0,1.0,H,1.0,1.0,D,15.0,22.0,5.0,4.0,4.0,15.0,4.0,8.0,1.0,1.0,0.0,0.0,4.5,3.6,1.75
SP1,2018-04-28,Espanol,Las Palmas,1688.3,1559.88,3.0,4.0,0.0,0.0,1.0,1.0,D,0.0,1.0,A,16.0,13.0,7.0,2.0,18.0,22.0,6.0,7.0,2.0,4.0,0.0,0.0,1.36,4.75,9.5
SP1,2018-04-28,Real Madrid,Leganes,2014.47,1645.89,5.0,11.0,4.0,4.0,2.0,1.0,H,2.0,0.0,H,12.0,16.0,5.0,6.0,16.0,15.0,3.0,2.0,0.0,1.0,0.0,1.0,1.3,5.5,10.0
SP1,2018-04-28,Sociedad,Ath Bilbao,1709.82,1718.41,6.0,10.0,1.0,5.0,3.0,1.0,H,2.0,0.0,H,17.0,9.0,4.0,3.0,16.0,16.0,3.0,7.0,3.0,6.0,1.0,0.0,1.85,3.6,4.33
SP1,2018-04-28,Villarreal,Celta,1718.52,1713.72,4.0,7.0,2.0,6.0,4.0,1.0,H,3.0,1.0,H,13.0,15.0,7.0,4.0,14.0,8.0,5.0,7.0,2.0,0.0,0.0,0.0,1.72,3.75,5.0
SP1,2018-04-29,Alaves,Ath Madrid,1667.09,1952.97,6.0,10.0,4.0,8.0,0.0,1.0,A,0.0,0.0,D,7.0,14.0,3.0,6.0,14.0,12.0,3.0,4.0,4.0,6.0,0.0,1.0,3.29,3.1,2.37
SP1,2018-04-29,Getafe,Girona,1677.69,1672.03,9.0,9.0,3.0,4.0,1.0,1.0,D,1.0,1.0,D,10.0,15.0,2.0,2.0,19.0,21.0,4.0,4.0,6.0,4.0,1.0,0.0,2.1,3.1,4.0
SP1,2018-04-29,La Coruna,Barcelona,1594.15,2034.42,5.0,8.0,7.0,11.0,2.0,4.0,A,1.0,2.0,A,17.0,21.0,5.0,9.0,9.0,9.0,6.0,7.0,1.0,1.0,0.0,0.0,12.0,6.0,1.25
SP1,2018-04-29,Valencia,Eibar,1805.47,1695.7,1.0,7.0,3.0,4.0,0.0,0.0,D,0.0,0.0,D,16.0,8.0,5.0,2.0,12.0,19.0,8.0,2.0,2.0,3.0,0.0,0.0,1.5,4.0,7.5
SP1,2018-04-30,Betis,Malaga,1723.38,1598.18,7.0,13.0,3.0,6.0,2.0,1.0,H,1.0,1.0,D,12.0,9.0,3.0,3.0,9.0,17.0,6.0,4.0,1.0,4.0,0.0,0.0,1.44,4.5,7.5
SP1,2018-05-04,Sevilla,Sociedad,1732.91,1728.96,2.0,3.0,6.0,12.0,1.0,0.0,H,0.0,0.0,D,16.0,11.0,6.0,1.0,17.0,13.0,6.0,4.0,4.0,2.0,0.0,0.0,2.1,3.79,3.1
SP1,2018-05-05,Ath Bilbao,Betis,1703.78,1739.52,1.0,4.0,7.0,13.0,2.0,0.0,H,0.0,0.0,D,14.0,6.0,5.0,3.0,13.0,12.0,4.0,5.0,0.0,2.0,0.0,0.0,2.25,3.29,3.29
SP1,2018-05-05,Celta,La Coruna,1712.11,1600.54,2.0,5.0,2.0,8.0,1.0,1.0,D,1.0,0.0,H,13.0,11.0,4.0,2.0,6.0,11.0,4.0,10.0,4.0,2.0,0.0,0.0,1.61,4.0,5.5
SP1,2018-05-05,Girona,Eibar,1674.12,1692.65,4.0,4.0,4.0,4.0,1.0,4.0,A,0.0,2.0,A,16.0,15.0,5.0,6.0,12.0,13.0,6.0,5.0,2.0,5.0,0.0,0.0,2.1,3.29,3.75
SP1,2018-05-05,Villarreal,Valencia,1736.52,1791.01,7.0,7.0,2.0,5.0,1.0,0.0,H,0.0,0.0,D,13.0,6.0,5.0,2.0,18.0,18.0,7.0,3.0,5.0,3.0,0.0,0.0,2.25,3.39,3.2
SP1,2018-05-06,Ath Madrid,Espanol,1936.76,1684.35,4.0,8.0,4.0,4.0,0.0,2.0,A,0.0,0.0,D,9.0,14.0,3.0,6.0,9.0,13.0,6.0,3.0,1.0,3.0,0.0,0.0,1.39,4.2,10.0
SP1,2018-05-06,Barcelona,Real Madrid,2033.95,2021.04,7.0,11.0,7.0,11.0,2.0,2.0,D,1.0,1.0,D,11.0,17.0,4.0,5.0,8.0,20.0,6.0,5.0,3.0,5.0,1.0,0.0,1.66,4.33,4.5
SP1,2018-05-06,Las Palmas,Getafe,1551.34,1707.21,1.0,1.0,7.0,10.0,0.0,1.0,A,0.0,0.0,D,21.0,8.0,4.0,1.0,8.0,28.0,9.0,4.0,0.0,2.0,0.0,0.0,4.0,3.29,2.0
SP1,2018-05-06,Malaga,Alaves,1604.53,1681.53,3.0,3.0,3.0,9.0,0.0,3.0,A,0.0,1.0,A,16.0,13.0,4.0,7.0,15.0,13.0,6.0,7.0,2.0,1.0,0.0,0.0,2.39,3.2,3.1
SP1,2018-05-07,Leganes,Levante,1640.27,1666.27,1.0,4.0,9.0,12.0,0.0,3.0,A,0.0,0.0,D,13.0,10.0,2.0,3.0,15.0,11.0,6.0,5.0,5.0,1.0,1.0,0.0,2.1,3.2,3.89
SP1,2018-05-09,Barcelona,Villarreal,2033.95,1736.52,5.0,11.0,9.0,10.0,5.0,1.0,H,3.0,0.0,H,12.0,20.0,6.0,7.0,6.0,15.0,4.0,4.0,0.0,3.0,0.0,0.0,1.28,5.75,10.0
SP1,2018-05-09,Sevilla,Real Madrid,1732.91,2021.04,4.0,5.0,5.0,9.0,3.0,2.0,H,2.0,0.0,H,14.0,14.0,6.0,4.0,21.0,9.0,2.0,3.0,3.0,1.0,0.0,0.0,2.45,3.7,2.62
SP1,2018-05-12,Alaves,Ath Bilbao,1681.53,1703.78,6.0,9.0,3.0,4.0,3.0,1.0,H,1.0,0.0,H,4.0,13.0,3.0,4.0,15.0,13.0,0.0,8.0,2.0,5.0,0.0,0.0,2.5,3.29,2.89
SP1,2018-05-12,Betis,Sevilla,1739.52,1732.91,4.0,10.0,6.0,8.0,2.0,2.0,D,1.0,0.0,H,9.0,13.0,5.0,5.0,10.0,19.0,4.0,5.0,1.0,4.0,0.0,0.0,2.62,3.39,2.7
SP1,2018-05-12,Eibar,Las Palmas,1692.65,1551.34,4.0,7.0,1.0,1.0,1.0,0.0,H,1.0,0.0,H,10.0,8.0,5.0,2.0,13.0,12.0,3.0,11.0,3.0,1.0,0.0,0.0,1.39,4.5,9.0
SP1,2018-05-12,Getafe,Ath Madrid,1707.21,1936.76,7.0,13.0,4.0,7.0,0.0,1.0,A,0.0,1.0,A,11.0,5.0,4.0,3.0,13.0,17.0,8.0,2.0,3.0,2.0,0.0,0.0,2.79,3.1,2.79
SP1,2018-05-12,Girona,Valencia,1674.12,1791.01,1.0,4.0,2.0,2.0,0.0,1.0,A,0.0,0.0,D,16.0,10.0,4.0,4.0,16.0,11.0,6.0,2.0,2.0,3.0,0.0,0.0,2.5,3.39,2.75
SP1,2018-05-12,La Coruna,Villarreal,1600.54,1736.52,2.0,6.0,6.0,10.0,2.0,4.0,A,0.0,3.0,A,16.0,11.0,7.0,7.0,14.0,5.0,11.0,0.0,3.0,0.0,0.0,0.0,3.5,3.6,2.04
SP1,2018-05-12,Real Madrid,Celta,2021.04,1712.11,4.0,8.0,2.0,3.0,6.0,0.0,H,3.0,0.0,H,15.0,5.0,10.0,1.0,5.0,10.0,4.0,2.0,0.0,1.0,0.0,0.0,1.36,5.0,9.0
SP1,2018-05-12,Sociedad,Leganes,1728.96,1640.27,3.0,9.0,1.0,4.0,3.0,2.0,H,2.0,1.0,H,11.0,9.0,6.0,3.0,8.0,12.0,5.0,1.0,1.0,2.0,0.0,0.0,1.44,4.2,8.5
SP1,2018-05-13,Espanol,Malaga,1684.35,1604.53,7.0,7.0,3.0,3.0,4.0,1.0,H,3.0,1.0,H,19.0,9.0,7.0,3.0,13.0,19.0,5.0,3.0,0.0,2.0,0.0,0.0,1.61,3.7,6.25
SP1,2018-05-13,Levante,Barcelona,1666.27,2033.95,9.0,12.0,7.0,11.0,5.0,4.0,H,2.0,1.0,H,12.0,18.0,7.0,7.0,18.0,12.0,3.0,8.0,6.0,6.0,0.0,0.0,10.0,5.25,1.3
SP1,2018-05-19,Celta,Levante,1705.42,1698.67,1.0,3.0,9.0,15.0,4.0,2.0,H,2.0,1.0,H,20.0,7.0,9.0,3.0,9.0,15.0,5.0,3.0,1.0,3.0,0.0,1.0,1.8,4.0,4.1
SP1,2018-05-19,Las Palmas,Girona,1543.78,1652.14,1.0,1.0,1.0,4.0,1.0,2.0,A,1.0,2.0,A,13.0,12.0,7.0,6.0,7.0,19.0,4.0,3.0,1.0,2.0,0.0,0.0,3.1,3.5,2.25
SP1,2018-05-19,Leganes,Betis,1621.21,1729.84,0.0,1.0,4.0,8.0,3.0,2.0,H,1.0,1.0,D,8.0,16.0,3.0,8.0,9.0,9.0,6.0,4.0,2.0,0.0,1.0,0.0,2.7,3.6,2.5
SP1,2018-05-19,Malaga,Getafe,1584.89,1709.7,0.0,3.0,4.0,10.0,0.0,1.0,A,0.0,0.0,D,6.0,11.0,2.0,3.0,19.0,12.0,2.0,9.0,4.0,1.0,0.0,0.0,3.3,3.3,2.25
SP1,2018-05-19,Sevilla,Alaves,1754.63,1706.89,7.0,8.0,6.0,9.0,1.0,0.0,H,1.0,0.0,H,20.0,10.0,8.0,4.0,15.0,12.0,8.0,3.0,2.0,2.0,0.0,0.0,1.4,4.75,8.0
SP1,2018-05-19,Villarreal,Real Madrid,1751.6,2015.27,6.0,12.0,4.0,8.0,2.0,2.0,D,0.0,2.0,A,14.0,15.0,5.0,7.0,13.0,10.0,4.0,5.0,4.0,3.0,0.0,0.0,3.1,4.1,2.1
SP1,2018-05-20,Ath Bilbao,Espanol,1705.38,1714.62,3.0,4.0,7.0,10.0,0.0,1.0,A,0.0,1.0,A,12.0,11.0,3.0,4.0,4.0,11.0,7.0,7.0,0.0,1.0,0.0,0.0,2.04,3.5,3.6
SP1,2018-05-20,Ath Madrid,Eibar,1925.86,1713.61,6.0,7.0,7.0,10.0,2.0,2.0,D,1.0,1.0,D,8.0,14.0,4.0,3.0,14.0,14.0,2.0,2.0,6.0,2.0,1.0,0.0,1.61,3.8,6.0
SP1,2018-05-20,Barcelona,Sociedad,2021.27,1728.6,4.0,8.0,6.0,9.0,1.0,0.0,H,0.0,0.0,D,12.0,13.0,4.0,2.0,13.0,13.0,3.0,8.0,3.0,2.0,0.0,0.0,1.22,7.0,11.0
SP1,2018-05-20,Valencia,La Coruna,1791.99,1597.71,4.0,5.0,1.0,3.0,2.0,1.0,H,1.0,0.0,H,22.0,12.0,5.0,7.0,8.0,11.0,8.0,4.0,0.0,0.0,0.0,0.0,1.4,4.75,8.0
SP1,2018-08-17,Betis,Levante,1725.69,1695.15,1.0,5.0,6.0,12.0,0.0,3.0,A,0.0,1.0,A,22.0,6.0,8.0,4.0,10.0,10.0,5.0,3.0,0.0,2.0,0.0,0.0,1.66,4.0,5.0
SP1,2018-08-17,Girona,Valladolid,1664.19,1621.22,3.0,4.0,6.0,12.0,0.0,0.0,D,0.0,0.0,D,13.0,2.0,1.0,1.0,21.0,20.0,3.0,2.0,1.0,1.0,0.0,0.0,1.75,3.6,5.0
SP1,2018-08-18,Barcelona,Alaves,2027.39,1706.65,6.0,10.0,6.0,9.0,3.0,0.0,H,0.0,0.0,D,25.0,3.0,9.0,0.0,6.0,13.0,7.0,1.0,0.0,2.0,0.0,0.0,1.11,10.0,21.0
SP1,2018-08-18,Celta,Espanol,1718.58,1729.33,4.0,5.0,9.0,13.0,1.0,1.0,D,0.0,1.0,A,12.0,14.0,2.0,5.0,13.0,14.0,8.0,7.0,3.0,2.0,0.0,0.0,1.85,3.5,4.5
SP1,2018-08-18,Villarreal,Sociedad,1761.27,1732.11,4.0,10.0,3.0,6.0,1.0,2.0,A,1.0,1.0,D,16.0,8.0,7.0,4.0,16.0,10.0,4.0,6.0,2.0,3.0,0.0,0.0,2.04,3.4,3.8
SP1,2018-08-19,Eibar,Huesca,1725.43,1604.33,7.0,8.0,3.0,7.0,1.0,2.0,A,0.0,2.0,A,18.0,8.0,6.0,6.0,12.0,13.0,7.0,0.0,1.0,1.0,0.0,0.0,1.66,3.75,5.5
SP1,2018-08-19,Real Madrid,Getafe,2023.07,1721.58,4.0,8.0,6.0,10.0,2.0,0.0,H,1.0,0.0,H,10.0,4.0,3.0,1.0,11.0,27.0,3.0,0.0,1.0,7.0,0.0,0.0,1.2,7.0,13.0
SP1,2018-08-19,Vallecano,Sevilla,1609.49,1765.11,3.0,6.0,7.0,10.0,1.0,4.0,A,0.0,3.0,A,13.0,17.0,2.0,8.0,6.0,15.0,2.0,6.0,1.0,0.0,0.0,0.0,3.25,3.6,2.14
SP1,2018-08-20,Ath Bilbao,Leganes,1700.32,1634.99,3.0,3.0,3.0,4.0,2.0,1.0,H,1.0,1.0,D,17.0,12.0,5.0,2.0,12.0,13.0,6.0,2.0,4.0,5.0,0.0,0.0,1.75,3.3,5.5
SP1,2018-08-20,Valencia,Ath Madrid,1799.16,1931.49,6.0,8.0,4.0,8.0,1.0,1.0,D,0.0,1.0,A,13.0,9.0,4.0,3.0,10.0,15.0,4.0,10.0,2.0,3.0,0.0,0.0,3.0,3.2,2.5
SP1,2018-08-24,Getafe,Eibar,1721.58,1725.43,3.0,7.0,4.0,8.0,2.0,0.0,H,1.0,0.0,H,7.0,9.0,4.0,0.0,14.0,11.0,5.0,5.0,2.0,1.0,0.0,0.0,1.95,3.2,4.33
SP1,2018-08-24,Leganes,Sociedad,1634.99,1732.11,3.0,3.0,6.0,9.0,2.0,2.0,D,0.0,2.0,A,18.0,7.0,5.0,6.0,12.0,9.0,5.0,0.0,1.0,2.0,0.0,0.0,3.5,3.3,2.1
SP1,2018-08-25,Alaves,Betis,1706.65,1725.69,3.0,6.0,1.0,4.0,0.0,0.0,D,0.0,0.0,D,16.0,13.0,4.0,5.0,17.0,15.0,5.0,6.0,3.0,1.0,0.0,0.0,2.8,3.25,2.6
SP1,2018-08-25,Ath Madrid,Vallecano,1931.49,1609.49,5.0,8.0,3.0,3.0,1.0,0.0,H,0.0,0.0,D,9.0,13.0,2.0,3.0,7.0,8.0,8.0,5.0,1.0,1.0,0.0,0.0,1.16,7.0,21.0
SP1,2018-08-25,Valladolid,Barcelona,1621.22,2027.39,4.0,10.0,6.0,10.0,0.0,1.0,A,0.0,0.0,D,7.0,10.0,4.0,5.0,13.0,11.0,6.0,10.0,1.0,1.0,0.0,0.0,17.0,7.5,1.16
SP1,2018-08-26,Espanol,Valencia,1729.33,1799.16,7.0,11.0,7.0,8.0,2.0,0.0,H,0.0,0.0,D,19.0,16.0,9.0,4.0,16.0,12.0,6.0,10.0,1.0,1.0,0.0,0.0,3.25,3.2,2.37
SP1,2018-08-26,Girona,Real Madrid,1664.19,2023.07,4.0,5.0,7.0,8.0,1.0,4.0,A,1.0,1.0,D,10.0,20.0,5.0,8.0,13.0,11.0,4.0,7.0,2.0,3.0,0.0,0.0,8.0,5.5,1.36
SP1,2018-08-26,Sevilla,Villarreal,1765.11,1761.27,7.0,13.0,4.0,7.0,0.0,0.0,D,0.0,0.0,D,19.0,14.0,2.0,6.0,13.0,14.0,4.0,5.0,3.0,2.0,0.0,0.0,1.72,4.2,4.33
SP1,2018-08-27,Ath Bilbao,Huesca,1700.32,1604.33,3.0,6.0,3.0,7.0,2.0,2.0,D,0.0,0.0,D,14.0,9.0,4.0,4.0,17.0,17.0,3.0,2.0,2.0,2.0,0.0,0.0,1.61,3.6,6.5
SP1,2018-08-27,Levante,Celta,1695.15,1718.58,6.0,12.0,4.0,5.0,1.0,2.0,A,0.0,2.0,A,15.0,21.0,6.0,9.0,14.0,8.0,7.0,7.0,2.0,3.0,0.0,0.0,2.4,3.25,3.0
SP1,2018-08-31,Eibar,Sociedad,1725.43,1732.11,1.0,7.0,4.0,7.0,2.0,1.0,H,1.0,1.0,D,8.0,7.0,2.0,2.0,18.0,15.0,4.0,2.0,3.0,2.0,0.0,0.0,2.75,3.25,2.62
SP1,2018-08-31,Getafe,Valladolid,1721.58,1621.22,6.0,9.0,4.0,7.0,0.0,0.0,D,0.0,0.0,D,12.0,7.0,3.0,4.0,22.0,14.0,6.0,7.0,3.0,1.0,0.0,0.0,1.9,3.2,4.75
SP1,2018-08-31,Villarreal,Girona,1761.27,1664.19,2.0,5.0,4.0,4.0,0.0,1.0,A,0.0,0.0,D,13.0,14.0,3.0,6.0,15.0,11.0,7.0,2.0,3.0,2.0,0.0,0.0,1.57,4.0,6.0
SP1,2018-09-01,Celta,Ath Madrid,1727.01,1931.73,7.0,8.0,5.0,8.0,2.0,0.0,H,0.0,0.0,D,10.0,9.0,4.0,0.0,12.0,14.0,2.0,8.0,4.0,5.0,0.0,1.0,5.5,3.4,1.75
SP1,2018-09-01,Real Madrid,Leganes,2029.18,1631.76,7.0,10.0,4.0,4.0,4.0,1.0,H,1.0,1.0,D,17.0,8.0,8.0,3.0,11.0,11.0,8.0,1.0,1.0,1.0,0.0,0.0,1.12,9.0,21.0
SP1,2018-09-02,Alaves,Espanol,1702.93,1743.05,1.0,7.0,7.0,13.0,2.0,1.0,H,0.0,1.0,A,8.0,11.0,5.0,7.0,19.0,13.0,0.0,12.0,4.0,3.0,0.0,0.0,2.9,3.1,2.54
SP1,2018-09-02,Barcelona,Huesca,2031.66,1622.32,9.0,12.0,4.0,7.0,8.0,2.0,H,3.0,2.0,H,31.0,7.0,15.0,3.0,6.0,12.0,9.0,4.0,1.0,2.0,0.0,0.0,1.08,11.0,29.0
SP1,2018-09-02,Betis,Sevilla,1709.26,1774.92,1.0,2.0,7.0,11.0,1.0,0.0,H,0.0,0.0,D,11.0,8.0,3.0,2.0,15.0,17.0,5.0,8.0,3.0,6.0,0.0,1.0,2.8,3.5,2.45
SP1,2018-09-02,Levante,Valencia,1705.04,1790.07,3.0,9.0,4.0,7.0,2.0,2.0,D,2.0,1.0,H,13.0,18.0,4.0,5.0,14.0,10.0,3.0,5.0,4.0,2.0,1.0,0.0,3.75,3.4,2.0
SP1,2018-09-14,Huesca,Vallecano,1622.32,1598.5,4.0,4.0,0.0,3.0,0.0,1.0,A,0.0,1.0,A,14.0,14.0,4.0,2.0,16.0,18.0,6.0,3.0,2.0,1.0,0.0,0.0,2.14,3.5,3.4
SP1,2018-09-15,Ath Bilbao,Real Madrid,1701.03,2030.45,4.0,7.0,9.0,13.0,1.0,1.0,D,1.0,0.0,H,11.0,16.0,3.0,6.0,18.0,6.0,1.0,2.0,6.0,2.0,0.0,0.0,6.0,4.33,1.53
SP1,2018-09-15,Ath Madrid,Eibar,1915.48,1711.42,4.0,8.0,3.0,7.0,1.0,1.0,D,0.0,0.0,D,18.0,12.0,9.0,3.0,5.0,21.0,14.0,3.0,2.0,2.0,0.0,0.0,1.36,4.33,12.0
SP1,2018-09-15,Sociedad,Barcelona,1735.98,2033.33,4.0,7.0,9.0,12.0,1.0,2.0,A,1.0,0.0,H,8.0,12.0,5.0,6.0,18.0,8.0,1.0,6.0,1.0,1.0,0.0,0.0,7.0,5.25,1.4
SP1,2018-09-15,Valencia,Betis,1789.91,1716.9,2.0,8.0,4.0,5.0,0.0,0.0,D,0.0,0.0,D,12.0,11.0,2.0,6.0,22.0,9.0,5.0,4.0,6.0,3.0,0.0,0.0,1.75,3.75,4.75
SP1,2018-09-16,Espanol,Levante,1735.9,1705.2,4.0,10.0,4.0,7.0,1.0,0.0,H,0.0,0.0,D,22.0,16.0,9.0,4.0,17.0,13.0,5.0,4.0,1.0,2.0,0.0,0.0,1.72,3.6,5.25
SP1,2018-09-16,Leganes,Villarreal,1630.49,1741.29,1.0,4.0,1.0,5.0,0.0,1.0,A,0.0,0.0,D,16.0,9.0,3.0,3.0,16.0,9.0,6.0,1.0,4.0,3.0,0.0,0.0,3.0,3.1,2.54
SP1,2018-09-16,Sevilla,Getafe,1767.28,1723.94,4.0,8.0,4.0,7.0,0.0,2.0,A,0.0,2.0,A,15.0,10.0,1.0,5.0,10.0,22.0,7.0,1.0,3.0,6.0,0.0,0.0,1.55,4.0,7.0
SP1,2018-09-16,Valladolid,Alaves,1628.45,1710.09,2.0,5.0,4.0,7.0,0.0,1.0,A,0.0,0.0,D,15.0,10.0,5.0,4.0,9.0,12.0,7.0,2.0,3.0,2.0,0.0,0.0,2.2,3.1,3.6
SP1,2018-09-17,Girona,Celta,1670.01,1743.27,4.0,7.0,7.0,10.0,3.0,2.0,H,2.0,1.0,H,11.0,20.0,6.0,7.0,15.0,11.0,3.0,1.0,1.0,3.0,0.0,1.0,2.4,3.3,3.0
SP1,2018-09-21,Huesca,Sociedad,1609.88,1735.98,1.0,4.0,1.0,4.0,0.0,1.0,A,0.0,0.0,D,13.0,7.0,3.0,1.0,16.0,12.0,7.0,5.0,5.0,3.0,0.0,2.0,3.6,3.4,2.1
SP1,2018-09-22,Celta,Valladolid,1743.27,1628.45,6.0,10.0,1.0,5.0,3.0,3.0,D,2.0,1.0,H,12.0,14.0,5.0,4.0,9.0,11.0,7.0,8.0,2.0,2.0,0.0,0.0,1.75,3.5,5.25
SP1,2018-09-22,Eibar,Leganes,1711.42,1630.49,4.0,5.0,1.0,4.0,1.0,0.0,H,0.0,0.0,D,14.0,4.0,3.0,2.0,16.0,17.0,5.0,2.0,1.0,1.0,0.0,0.0,2.04,3.2,4.0
SP1,2018-09-22,Getafe,Ath Madrid,1723.94,1915.48,7.0,10.0,4.0,6.0,0.0,2.0,A,0.0,1.0,A,11.0,7.0,2.0,4.0,12.0,15.0,1.0,5.0,1.0,2.0,1.0,0.0,5.0,3.3,1.8
SP1,2018-09-22,Real Madrid,Espanol,2030.45,1735.9,7.0,11.0,6.0,10.0,1.0,0.0,H,1.0,0.0,H,19.0,10.0,5.0,3.0,5.0,16.0,8.0,3.0,2.0,2.0,0.0,0.0,1.18,7.0,15.0
SP1,2018-09-22,Vallecano,Alaves,1609.26,1710.09,3.0,6.0,7.0,7.0,1.0,5.0,A,1.0,2.0,A,13.0,11.0,4.0,7.0,14.0,12.0,8.0,4.0,1.0,2.0,1.0,0.0,2.04,3.4,3.6
SP1,2018-09-23,Barcelona,Girona,2033.33,1670.01,9.0,15.0,6.0,10.0,2.0,2.0,D,1.0,1.0,D,22.0,7.0,11.0,6.0,9.0,16.0,8.0,2.0,3.0,5.0,1.0,0.0,1.08,11.0,21.0
SP1,2018-09-23,Betis,Ath Bilbao,1716.9,1701.03,5.0,5.0,5.0,5.0,2.0,2.0,D,0.0,2.0,A,15.0,7.0,3.0,4.0,13.0,20.0,6.0,1.0,2.0,7.0,0.0,1.0,2.14,3.3,3.6
SP1,2018-09-23,Levante,Sevilla,1705.2,1767.28,1.0,4.0,1.0,7.0,2.0,6.0,A,1.0,4.0,A,19.0,20.0,10.0,9.0,5.0,18.0,8.0,4.0,1.0,1.0,0.0,0.0,3.5,3.6,2.04
SP1,2018-09-23,Villarreal,Valencia,1741.29,1789.91,4.0,5.0,2.0,6.0,0.0,0.0,D,0.0,0.0,D,11.0,12.0,1.0,2.0,12.0,12.0,8.0,6.0,4.0,1.0,0.0,1.0,2.25,3.25,3.3
SP1,2018-09-25,Ath Madrid,Huesca,1915.48,1609.88,4.0,8.0,0.0,4.0,3.0,0.0,H,3.0,0.0,H,17.0,8.0,5.0,1.0,1.0,14.0,4.0,3.0,0.0,2.0,0.0,0.0,1.22,6.0,15.0
SP1,2018-09-25,Espanol,Eibar,1735.9,1711.42,3.0,7.0,7.0,7.0,1.0,0.0,H,0.0,0.0,D,9.0,8.0,5.0,1.0,8.0,8.0,4.0,3.0,2.0,2.0,0.0,0.0,1.9,3.3,4.5
SP1,2018-09-25,Sociedad,Vallecano,1735.98,1609.26,3.0,7.0,3.0,3.0,2.0,2.0,D,1.0,2.0,A,16.0,11.0,6.0,6.0,12.0,18.0,8.0,5.0,4.0,3.0,0.0,0.0,1.61,4.0,5.5
SP1,2018-09-26,Ath Bilbao,Villarreal,1701.03,1741.29,3.0,6.0,4.0,5.0,0.0,3.0,A,0.0,0.0,D,12.0,19.0,2.0,6.0,3.0,14.0,6.0,4.0,1.0,1.0,0.0,0.0,2.25,3.3,3.3
SP1,2018-09-26,Leganes,Barcelona,1630.49,2033.33,0.0,1.0,7.0,13.0,2.0,1.0,H,0.0,1.0,A,10.0,9.0,6.0,5.0,15.0,11.0,4.0,5.0,4.0,2.0,0.0,0.0,12.0,6.0,1.25
SP1,2018-09-26,Sevilla,Real Madrid,1767.28,2030.45,3.0,7.0,7.0,13.0,3.0,0.0,H,3.0,0.0,H,16.0,21.0,7.0,3.0,16.0,12.0,5.0,6.0,3.0,4.0,0.0,0.0,4.33,4.2,1.72
SP1,2018-09-26,Valencia,Celta,1789.91,1743.27,3.0,4.0,4.0,8.0,1.0,1.0,D,1.0,0.0,H,14.0,9.0,5.0,3.0,18.0,7.0,0.0,2.0,1.0,3.0,0.0,0.0,1.66,4.0,4.75
SP1,2018-09-27,Alaves,Getafe,1710.09,1723.94,9.0,10.0,4.0,7.0,1.0,1.0,D,0.0,0.0,D,15.0,13.0,2.0,5.0,8.0,22.0,5.0,7.0,4.0,2.0,0.0,0.0,2.8,3.0,2.75
SP1,2018-09-27,Girona,Betis,1670.01,1716.9,7.0,8.0,5.0,6.0,0.0,1.0,A,0.0,0.0,D,8.0,14.0,2.0,6.0,17.0,14.0,5.0,1.0,1.0,3.0,0.0,0.0,2.5,3.3,2.87
SP1,2018-09-27,Valladolid,Levante,1628.45,1705.2,2.0,3.0,1.0,4.0,2.0,1.0,H,0.0,0.0,D,20.0,9.0,6.0,4.0,17.0,10.0,8.0,6.0,1.0,4.0,0.0,1.0,2.04,3.5,3.6
SP1,2018-09-28,Vallecano,Espanol,1609.26,1735.9,4.0,4.0,6.0,9.0,2.0,2.0,D,1.0,2.0,A,11.0,12.0,5.0,5.0,13.0,16.0,5.0,3.0,3.0,3.0,0.0,0.0,2.8,3.3,2.6
SP1,2018-09-29,Barcelona,Ath Bilbao,2033.33,1701.03,4.0,10.0,2.0,6.0,1.0,1.0,D,0.0,1.0,A,20.0,8.0,8.0,2.0,9.0,18.0,4.0,3.0,3.0,3.0,0.0,0.0,1.16,7.5,17.0
SP1,2018-09-29,Eibar,Sevilla,1711.42,1767.28,4.0,7.0,6.0,7.0,1.0,3.0,A,0.0,0.0,D,15.0,7.0,2.0,5.0,16.0,9.0,6.0,3.0,2.0,3.0,0.0,0.0,3.3,3.4,2.2
SP1,2018-09-29,Real Madrid,Ath Madrid,2030.45,1915.48,4.0,10.0,7.0,10.0,0.0,0.0,D,0.0,0.0,D,15.0,8.0,6.0,3.0,7.0,17.0,8.0,6.0,3.0,4.0,0.0,0.0,2.0,3.5,3.75
SP1,2018-09-29,Sociedad,Valencia,1735.98,1789.91,4.0,5.0,3.0,4.0,0.0,1.0,A,0.0,1.0,A,10.0,9.0,5.0,2.0,13.0,18.0,3.0,0.0,3.0,5.0,0.0,0.0,2.2,3.4,3.2
SP1,2018-09-30,Betis,Leganes,1716.9,1630.49,5.0,9.0,3.0,4.0,1.0,0.0,H,0.0,0.0,D,17.0,11.0,4.0,5.0,7.0,10.0,7.0,1.0,0.0,4.0,0.0,0.0,1.64,3.8,5.5
SP1,2018-09-30,Huesca,Girona,1609.88,1670.01,0.0,1.0,4.0,7.0,1.0,1.0,D,0.0,1.0,A,13.0,14.0,6.0,4.0,14.0,14.0,5.0,5.0,4.0,2.0,0.0,0.0,2.5,3.3,2.9
SP1,2018-09-30,Levante,Alaves,1705.2,1710.09,0.0,1.0,7.0,11.0,2.0,1.0,H,2.0,1.0,H,14.0,14.0,4.0,2.0,22.0,19.0,9.0,4.0,7.0,1.0,0.0,0.0,2.14,3.5,3.3
SP1,2018-09-30,Villarreal,Valladolid,1741.29,1628.45,7.0,8.0,4.0,5.0,0.0,1.0,A,0.0,0.0,D,27.0,9.0,7.0,3.0,17.0,12.0,7.0,2.0,3.0,3.0,0.0,0.0,1.53,4.0,6.5
SP1,2018-10-01,Celta,Getafe,1733.57,1733.92,2.0,8.0,4.0,8.0,1.0,1.0,D,1.0,0.0,H,8.0,12.0,2.0,4.0,13.0,15.0,3.0,9.0,2.0,2.0,0.0,0.0,2.0,3.5,3.8
SP1,2018-10-05,Ath Bilbao,Sociedad,1702.03,1725.63,2.0,4.0,4.0,4.0,1.0,3.0,A,1.0,1.0,D,13.0,6.0,5.0,3.0,15.0,19.0,11.0,0.0,6.0,5.0,0.0,0.0,2.04,3.4,3.8
SP1,2018-10-06,Alaves,Real Madrid,1722.97,2003.45,4.0,10.0,4.0,8.0,1.0,0.0,H,0.0,0.0,D,8.0,13.0,4.0,6.0,20.0,10.0,4.0,3.0,1.0,0.0,0.0,0.0,9.0,4.75,1.36
SP1,2018-10-06,Getafe,Levante,1733.92,1682.91,2.0,6.0,3.0,4.0,0.0,1.0,A,0.0,0.0,D,15.0,12.0,4.0,3.0,17.0,18.0,10.0,2.0,4.0,5.0,1.0,0.0,1.72,3.6,5.25
SP1,2018-10-06,Girona,Eibar,1677.22,1705.16,2.0,8.0,3.0,7.0,2.0,3.0,A,2.0,2.0,D,10.0,12.0,3.0,4.0,9.0,17.0,4.0,9.0,3.0,6.0,0.0,0.0,2.1,3.2,3.8
SP1,2018-10-06,Leganes,Vallecano,1630.4,1602.23,3.0,3.0,2.0,5.0,1.0,0.0,H,1.0,0.0,H,13.0,6.0,4.0,2.0,12.0,12.0,6.0,4.0,1.0,4.0,0.0,1.0,2.0,3.3,4.0
SP1,2018-10-07,Ath Madrid,Betis,1930.13,1732.2,7.0,8.0,7.0,11.0,1.0,0.0,H,0.0,0.0,D,13.0,5.0,5.0,0.0,16.0,10.0,6.0,4.0,5.0,3.0,0.0,0.0,1.44,4.0,9.0
SP1,2018-10-07,Espanol,Villarreal,1743.78,1742.51,4.0,7.0,4.0,7.0,3.0,1.0,H,1.0,1.0,D,28.0,13.0,12.0,6.0,13.0,8.0,10.0,3.0,3.0,2.0,0.0,0.0,2.25,3.2,3.4
SP1,2018-10-07,Sevilla,Celta,1805.0,1733.57,9.0,9.0,3.0,6.0,2.0,1.0,H,1.0,0.0,H,12.0,13.0,3.0,5.0,14.0,9.0,8.0,8.0,3.0,4.0,0.0,1.0,1.53,4.33,6.0
SP1,2018-10-07,Valencia,Barcelona,1783.65,2005.78,5.0,7.0,2.0,8.0,1.0,1.0,D,1.0,1.0,D,10.0,10.0,3.0,5.0,11.0,6.0,5.0,2.0,2.0,2.0,0.0,0.0,4.75,4.2,1.64
SP1,2018-10-07,Valladolid,Huesca,1645.61,1600.97,7.0,8.0,1.0,1.0,1.0,0.0,H,1.0,0.0,H,9.0,11.0,3.0,1.0,9.0,13.0,6.0,2.0,1.0,2.0,0.0,0.0,1.9,3.5,4.2
SP1,2018-10-19,Celta,Alaves,1725.96,1734.99,2.0,3.0,4.0,10.0,0.0,1.0,A,0.0,0.0,D,19.0,9.0,9.0,2.0,9.0,12.0,6.0,2.0,2.0,3.0,0.0,0.0,1.66,4.0,5.0
SP1,2018-10-20,Barcelona,Sevilla,2011.66,1800.03,2.0,6.0,9.0,12.0,4.0,2.0,H,2.0,0.0,H,23.0,19.0,9.0,7.0,10.0,16.0,5.0,7.0,0.0,1.0,0.0,0.0,1.33,6.0,7.5
SP1,2018-10-20,Real Madrid,Levante,1977.03,1693.39,1.0,5.0,6.0,6.0,1.0,2.0,A,0.0,2.0,A,34.0,6.0,12.0,2.0,10.0,19.0,15.0,1.0,1.0,2.0,0.0,0.0,1.14,8.5,19.0
SP1,2018-10-20,Valencia,Leganes,1791.44,1635.19,5.0,7.0,6.0,6.0,1.0,1.0,D,0.0,0.0,D,18.0,7.0,4.0,5.0,9.0,13.0,10.0,1.0,1.0,2.0,0.0,0.0,1.5,4.0,7.5
SP1,2018-10-20,Villarreal,Ath Madrid,1732.75,1933.7,3.0,7.0,7.0,11.0,1.0,1.0,D,0.0,0.0,D,18.0,15.0,6.0,4.0,16.0,9.0,8.0,7.0,3.0,1.0,0.0,0.0,3.8,3.1,2.14
SP1,2018-10-21,Betis,Valladolid,1729.48,1649.92,6.0,8.0,9.0,10.0,0.0,1.0,A,0.0,1.0,A,20.0,6.0,4.0,2.0,7.0,10.0,9.0,6.0,0.0,4.0,0.0,0.0,1.61,3.8,6.0
SP1,2018-10-21,Eibar,Ath Bilbao,1713.37,1688.19,3.0,7.0,1.0,3.0,1.0,1.0,D,1.0,1.0,D,18.0,6.0,6.0,3.0,7.0,13.0,8.0,2.0,2.0,3.0,0.0,0.0,2.7,3.2,2.75
SP1,2018-10-21,Huesca,Espanol,1594.82,1751.88,1.0,1.0,7.0,10.0,0.0,2.0,A,0.0,1.0,A,10.0,6.0,2.0,2.0,21.0,14.0,6.0,4.0,3.0,3.0,0.0,0.0,3.5,3.3,2.14
SP1,2018-10-21,Vallecano,Getafe,1595.61,1723.6,2.0,5.0,2.0,5.0,1.0,2.0,A,0.0,0.0,D,10.0,5.0,3.0,2.0,14.0,25.0,6.0,2.0,5.0,5.0,1.0,0.0,2.9,3.3,2.5
SP1,2018-10-22,Sociedad,Girona,1737.65,1667.19,4.0,7.0,1.0,5.0,0.0,0.0,D,0.0,0.0,D,14.0,12.0,8.0,2.0,14.0,15.0,7.0,6.0,3.0,1.0,0.0,0.0,1.72,3.75,5.0
SP1,2018-10-24,Vallecano,Ath Bilbao,1595.61,1688.19,1.0,2.0,2.0,3.0,1.0,1.0,D,1.0,0.0,H,11.0,12.0,3.0,4.0,14.0,9.0,5.0,4.0,1.0,1.0,0.0,0.0,3.3,3.3,2.25
SP1,2018-10-26,Valladolid,Espanol,1649.92,1751.88,9.0,13.0,7.0,10.0,1.0,1.0,D,0.0,1.0,A,15.0,11.0,2.0,4.0,16.0,16.0,5.0,2.0,4.0,2.0,0.0,0.0,3.4,3.1,2.25
SP1,2018-10-27,Ath Bilbao,Valencia,1688.19,1791.44,2.0,3.0,5.0,7.0,0.0,0.0,D,0.0,0.0,D,13.0,11.0,2.0,3.0,25.0,22.0,5.0,2.0,2.0,5.0,0.0,0.0,2.5,3.3,2.87
SP1,2018-10-27,Ath Madrid,Sociedad,1933.7,1737.65,5.0,11.0,4.0,8.0,2.0,0.0,H,1.0,0.0,H,14.0,7.0,4.0,0.0,10.0,7.0,10.0,1.0,2.0,1.0,0.0,0.0,1.53,3.8,7.5
SP1,2018-10-27,Celta,Eibar,1725.96,1713.37,1.0,3.0,4.0,7.0,4.0,0.0,H,2.0,0.0,H,10.0,17.0,6.0,5.0,9.0,8.0,2.0,8.0,0.0,0.0,0.0,0.0,2.14,3.3,3.6
SP1,2018-10-27,Girona,Vallecano,1667.19,1595.61,2.0,3.0,1.0,3.0,2.0,1.0,H,2.0,0.0,H,14.0,14.0,6.0,5.0,11.0,16.0,4.0,7.0,1.0,3.0,1.0,0.0,1.85,3.5,4.5
SP1,2018-10-27,Levante,Leganes,1693.39,1635.19,9.0,9.0,4.0,7.0,2.0,0.0,H,1.0,0.0,H,9.0,21.0,4.0,6.0,12.0,14.0,3.0,2.0,2.0,2.0,0.0,0.0,2.1,3.25,3.75
SP1,2018-10-28,Alaves,Villarreal,1734.99,1732.75,6.0,10.0,1.0,5.0,2.0,1.0,H,0.0,1.0,A,19.0,9.0,6.0,2.0,9.0,11.0,8.0,4.0,1.0,1.0,0.0,0.0,3.0,3.2,2.5
SP1,2018-10-28,Barcelona,Real Madrid,2011.66,1977.03,5.0,6.0,1.0,4.0,5.0,1.0,H,2.0,0.0,H,13.0,15.0,8.0,4.0,17.0,14.0,4.0,2.0,2.0,2.0,0.0,0.0,1.95,3.8,3.6
SP1,2018-10-28,Getafe,Betis,1723.6,1729.48,4.0,5.0,3.0,7.0,2.0,0.0,H,0.0,0.0,D,16.0,7.0,7.0,3.0,9.0,14.0,5.0,4.0,1.0,2.0,0.0,0.0,2.4,3.1,3.25
SP1,2018-10-28,Sevilla,Huesca,1800.03,1594.82,6.0,12.0,1.0,1.0,2.0,1.0,H,0.0,0.0,D,15.0,11.0,4.0,2.0,9.0,14.0,4.0,2.0,2.0,3.0,0.0,0.0,1.22,6.5,13.0
SP1,2018-11-03,Leganes,Ath Madrid,1635.24,1918.31,4.0,7.0,7.0,11.0,1.0,1.0,D,0.0,0.0,D,8.0,9.0,3.0,4.0,18.0,12.0,4.0,7.0,4.0,2.0,0.0,0.0,5.75,3.4,1.72
SP1,2018-11-03,Real Madrid,Valladolid,1953.67,1663.66,0.0,1.0,7.0,13.0,2.0,0.0,H,0.0,0.0,D,16.0,12.0,7.0,2.0,14.0,7.0,8.0,6.0,1.0,0.0,0.0,0.0,1.16,8.0,15.0
SP1,2018-11-03,Valencia,Girona,1785.19,1676.46,3.0,7.0,4.0,5.0,0.0,1.0,A,0.0,0.0,D,27.0,5.0,9.0,3.0,14.0,13.0,11.0,2.0,4.0,4.0,0.0,0.0,1.5,4.0,7.5
SP1,2018-11-03,Vallecano,Barcelona,1586.19,2027.67,1.0,2.0,7.0,8.0,2.0,3.0,A,1.0,1.0,D,11.0,9.0,5.0,5.0,23.0,11.0,3.0,1.0,4.0,2.0,0.0,0.0,9.5,6.0,1.28
SP1,2018-11-04,Betis,Celta,1721.16,1729.32,0.0,6.0,3.0,5.0,3.0,3.0,D,1.0,0.0,H,14.0,14.0,6.0,7.0,12.0,11.0,4.0,4.0,4.0,2.0,0.0,0.0,1.8,3.8,4.5
SP1,2018-11-04,Eibar,Alaves,1699.49,1751.7,4.0,4.0,9.0,10.0,2.0,1.0,H,0.0,1.0,A,23.0,9.0,8.0,3.0,11.0,7.0,13.0,1.0,4.0,0.0,1.0,1.0,2.04,3.3,3.9
SP1,2018-11-04,Huesca,Getafe,1585.11,1740.21,0.0,1.0,6.0,8.0,1.0,1.0,D,0.0,0.0,D,18.0,8.0,7.0,2.0,18.0,13.0,10.0,2.0,5.0,3.0,0.0,0.0,3.6,3.3,2.1
SP1,2018-11-04,Sociedad,Sevilla,1730.83,1801.94,4.0,5.0,6.0,12.0,0.0,0.0,D,0.0,0.0,D,10.0,8.0,1.0,1.0,8.0,17.0,7.0,7.0,1.0,3.0,0.0,0.0,2.75,3.5,2.45
SP1,2018-11-04,Villarreal,Levante,1735.48,1716.61,1.0,4.0,9.0,12.0,1.0,1.0,D,0.0,0.0,D,23.0,13.0,4.0,2.0,14.0,10.0,5.0,4.0,3.0,3.0,0.0,0.0,1.55,4.0,6.0
SP1,2018-11-05,Espanol,Ath Bilbao,1760.7,1691.81,7.0,11.0,3.0,4.0,1.0,0.0,H,1.0,0.0,H,8.0,10.0,3.0,2.0,15.0,13.0,2.0,1.0,1.0,3.0,0.0,0.0,2.0,3.3,4.0
SP1,2018-11-09,Levante,Sociedad,1716.61,1730.83,7.0,13.0,2.0,5.0,1.0,3.0,A,1.0,0.0,H,17.0,15.0,2.0,4.0,17.0,12.0,6.0,4.0,6.0,1.0,0.0,0.0,2.62,3.4,2.62
SP1,2018-11-10,Ath Madrid,Ath Bilbao,1918.31,1691.81,5.0,9.0,2.0,3.0,3.0,2.0,H,0.0,1.0,A,9.0,6.0,3.0,5.0,8.0,15.0,12.0,2.0,5.0,4.0,0.0,1.0,1.44,4.0,9.0
SP1,2018-11-10,Getafe,Valencia,1740.21,1785.19,7.0,8.0,2.0,6.0,0.0,1.0,A,0.0,0.0,D,17.0,7.0,3.0,3.0,23.0,8.0,6.0,4.0,3.0,3.0,1.0,0.0,2.75,3.1,2.75
SP1,2018-11-10,Girona,Leganes,1676.46,1635.24,7.0,8.0,2.0,5.0,0.0,0.0,D,0.0,0.0,D,5.0,10.0,0.0,1.0,13.0,13.0,0.0,6.0,1.0,4.0,0.0,0.0,2.04,3.2,3.75
SP1,2018-11-10,Valladolid,Eibar,1663.66,1699.49,4.0,10.0,4.0,7.0,0.0,0.0,D,0.0,0.0,D,9.0,16.0,1.0,6.0,16.0,15.0,4.0,4.0,2.0,4.0,0.0,1.0,2.3,3.3,3.25
SP1,2018-11-11,Alaves,Huesca,1751.7,1585.11,6.0,9.0,1.0,2.0,2.0,1.0,H,1.0,1.0,D,13.0,9.0,5.0,2.0,20.0,13.0,5.0,4.0,3.0,4.0,0.0,0.0,1.8,3.6,4.33
SP1,2018-11-11,Barcelona,Betis,2027.67,1721.16,9.0,11.0,1.0,4.0,3.0,4.0,A,0.0,2.0,A,20.0,15.0,5.0,8.0,13.0,11.0,10.0,5.0,4.0,2.0,1.0,0.0,1.18,7.0,13.0
SP1,2018-11-11,Celta,Real Madrid,1729.32,1953.67,4.0,5.0,3.0,4.0,2.0,4.0,A,0.0,1.0,A,15.0,14.0,4.0,5.0,19.0,13.0,5.0,1.0,4.0,2.0,1.0,0.0,5.0,4.5,1.55
SP1,2018-11-11,Sevilla,Espanol,1801.94,1760.7,4.0,10.0,7.0,11.0,2.0,1.0,H,0.0,1.0,A,23.0,15.0,10.0,7.0,18.0,10.0,6.0,3.0,4.0,2.0,0.0,0.0,1.75,3.6,4.5
SP1,2018-11-11,Vallecano,Villarreal,1586.19,1735.48,1.0,1.0,2.0,2.0,2.0,2.0,D,1.0,1.0,D,15.0,11.0,7.0,5.0,7.0,12.0,8.0,4.0,1.0,3.0,0.0,1.0,3.1,3.4,2.25
SP1,2018-11-23,Leganes,Alaves,1646.76,1749.97,2.0,6.0,6.0,12.0,1.0,0.0,H,1.0,0.0,H,13.0,7.0,6.0,2.0,10.0,13.0,5.0,3.0,2.0,4.0,0.0,0.0,2.2,3.1,3.6
SP1,2018-11-24,Ath Madrid,Barcelona,1923.7,2012.53,7.0,11.0,6.0,10.0,1.0,1.0,D,0.0,0.0,D,3.0,8.0,1.0,2.0,19.0,12.0,2.0,8.0,5.0,3.0,0.0,0.0,3.0,3.3,2.37
SP1,2018-11-24,Eibar,Real Madrid,1710.61,1969.02,4.0,8.0,6.0,6.0,3.0,0.0,H,1.0,0.0,H,14.0,9.0,8.0,3.0,17.0,8.0,5.0,4.0,2.0,1.0,0.0,0.0,6.0,4.33,1.53
SP1,2018-11-24,Huesca,Levante,1586.94,1708.41,1.0,1.0,4.0,10.0,2.0,2.0,D,1.0,1.0,D,32.0,5.0,12.0,3.0,11.0,8.0,7.0,2.0,4.0,3.0,1.0,0.0,2.25,3.4,3.25
SP1,2018-11-24,Valencia,Vallecano,1789.5,1589.32,4.0,6.0,1.0,2.0,3.0,0.0,H,1.0,0.0,H,13.0,13.0,10.0,3.0,15.0,14.0,6.0,5.0,2.0,4.0,0.0,1.0,1.44,4.5,7.5
SP1,2018-11-25,Ath Bilbao,Getafe,1687.91,1731.5,1.0,3.0,4.0,7.0,1.0,1.0,D,0.0,0.0,D,8.0,15.0,4.0,2.0,10.0,12.0,2.0,2.0,5.0,4.0,0.0,0.0,2.04,3.3,3.9
SP1,2018-11-25,Espanol,Girona,1762.77,1688.17,4.0,10.0,7.0,8.0,1.0,3.0,A,0.0,2.0,A,18.0,16.0,10.0,11.0,16.0,14.0,8.0,3.0,3.0,4.0,0.0,0.0,1.66,3.6,5.75
SP1,2018-11-25,Sevilla,Valladolid,1812.12,1663.36,7.0,10.0,2.0,8.0,1.0,0.0,H,1.0,0.0,H,17.0,13.0,9.0,5.0,15.0,15.0,8.0,6.0,3.0,3.0,0.0,0.0,1.4,4.75,8.0
SP1,2018-11-25,Villarreal,Betis,1730.28,1735.65,2.0,3.0,4.0,4.0,2.0,1.0,H,0.0,0.0,D,13.0,13.0,8.0,6.0,15.0,13.0,5.0,4.0,2.0,1.0,0.0,0.0,2.14,3.4,3.4
SP1,2018-11-26,Sociedad,Celta,1746.93,1728.12,4.0,8.0,4.0,4.0,2.0,1.0,H,1.0,0.0,H,15.0,6.0,8.0,2.0,12.0,14.0,6.0,2.0,2.0,2.0,0.0,0.0,1.85,3.75,4.2
SP1,2018-11-30,Vallecano,Eibar,1589.32,1710.61,1.0,2.0,7.0,8.0,1.0,0.0,H,0.0,0.0,D,5.0,13.0,2.0,5.0,15.0,12.0,1.0,4.0,5.0,3.0,0.0,0.0,3.1,3.3,2.3
SP1,2018-12-01,Celta,Huesca,1722.71,1588.11,1.0,4.0,2.0,2.0,2.0,0.0,H,1.0,0.0,H,12.0,8.0,5.0,3.0,14.0,14.0,4.0,4.0,2.0,3.0,0.0,0.0,1.64,4.0,5.0
SP1,2018-12-01,Getafe,Espanol,1732.57,1745.41,2.0,8.0,3.0,7.0,3.0,0.0,H,0.0,0.0,D,14.0,8.0,5.0,2.0,17.0,16.0,7.0,4.0,3.0,2.0,0.0,0.0,2.4,2.87,3.4
SP1,2018-12-01,Real Madrid,Valencia,1957.69,1791.3,6.0,6.0,6.0,8.0,2.0,0.0,H,1.0,0.0,H,13.0,7.0,3.0,2.0,11.0,10.0,2.0,2.0,1.0,3.0,0.0,0.0,1.44,4.75,7.0
SP1,2018-12-01,Valladolid,Leganes,1660.37,1655.71,1.0,5.0,5.0,6.0,2.0,4.0,A,0.0,2.0,A,20.0,14.0,6.0,5.0,5.0,13.0,6.0,5.0,0.0,3.0,0.0,0.0,2.37,3.1,3.3
SP1,2018-12-02,Alaves,Sevilla,1740.93,1802.92,3.0,9.0,7.0,10.0,1.0,1.0,D,1.0,0.0,H,11.0,14.0,3.0,3.0,21.0,14.0,2.0,5.0,3.0,3.0,0.0,0.0,3.6,3.6,2.0
SP1,2018-12-02,Barcelona,Villarreal,2015.42,1732.09,4.0,10.0,5.0,6.0,2.0,0.0,H,1.0,0.0,H,16.0,12.0,7.0,2.0,9.0,17.0,11.0,1.0,2.0,4.0,0.0,0.0,1.25,6.5,11.0
SP1,2018-12-02,Betis,Sociedad,1732.66,1752.24,4.0,4.0,7.0,8.0,1.0,0.0,H,1.0,0.0,H,6.0,6.0,4.0,4.0,18.0,18.0,6.0,4.0,4.0,2.0,0.0,0.0,2.2,3.3,3.4
SP1,2018-12-02,Girona,Ath Madrid,1705.42,1925.61,7.0,11.0,5.0,9.0,1.0,1.0,D,1.0,0.0,H,13.0,17.0,3.0,3.0,8.0,16.0,2.0,9.0,0.0,5.0,0.0,0.0,5.5,3.4,1.75
SP1,2018-12-03,Levante,Ath Bilbao,1707.13,1686.74,2.0,8.0,1.0,3.0,3.0,0.0,H,1.0,0.0,H,17.0,12.0,7.0,3.0,11.0,15.0,2.0,6.0,3.0,5.0,0.0,1.0,2.75,3.4,2.54
SP1,2018-12-07,Leganes,Getafe,1655.71,1732.57,7.0,8.0,4.0,8.0,1.0,1.0,D,0.0,1.0,A,17.0,6.0,5.0,2.0,12.0,13.0,7.0,2.0,1.0,2.0,1.0,0.0,2.62,2.9,3.0
SP1,2018-12-08,Ath Madrid,Alaves,1925.61,1740.93,5.0,9.0,4.0,7.0,3.0,0.0,H,1.0,0.0,H,12.0,13.0,5.0,3.0,20.0,15.0,5.0,5.0,5.0,4.0,0.0,0.0,1.36,4.5,10.0
SP1,2018-12-08,Espanol,Barcelona,1745.41,2015.42,0.0,4.0,4.0,10.0,0.0,4.0,A,0.0,3.0,A,15.0,17.0,3.0,9.0,16.0,10.0,11.0,4.0,1.0,0.0,0.0,0.0,6.5,4.33,1.5
SP1,2018-12-08,Valencia,Sevilla,1791.3,1802.92,6.0,7.0,7.0,11.0,1.0,1.0,D,0.0,0.0,D,16.0,11.0,6.0,3.0,13.0,17.0,6.0,4.0,0.0,4.0,0.0,0.0,2.2,3.5,3.2
SP1,2018-12-08,Villarreal,Celta,1732.09,1722.71,4.0,5.0,3.0,7.0,2.0,3.0,A,0.0,1.0,A,13.0,14.0,3.0,7.0,12.0,10.0,6.0,1.0,3.0,3.0,0.0,0.0,1.72,3.8,4.75
SP1,2018-12-09,Betis,Vallecano,1732.66,1594.88,6.0,7.0,4.0,4.0,2.0,0.0,H,0.0,0.0,D,8.0,12.0,3.0,3.0,13.0,20.0,2.0,9.0,2.0,3.0,0.0,0.0,1.53,4.33,6.0
SP1,2018-12-09,Eibar,Levante,1722.33,1707.13,4.0,7.0,4.0,8.0,4.0,4.0,D,1.0,2.0,A,32.0,14.0,7.0,5.0,11.0,7.0,12.0,3.0,2.0,2.0,0.0,0.0,1.75,3.8,4.5
SP1,2018-12-09,Huesca,Real Madrid,1588.11,1957.69,1.0,2.0,6.0,9.0,0.0,1.0,A,0.0,1.0,A,11.0,5.0,4.0,4.0,12.0,10.0,11.0,6.0,2.0,2.0,0.0,0.0,10.0,5.5,1.3
SP1,2018-12-09,Sociedad,Valladolid,1752.24,1660.37,6.0,7.0,1.0,2.0,1.0,2.0,A,0.0,1.0,A,23.0,10.0,5.0,6.0,9.0,16.0,11.0,6.0,2.0,2.0,0.0,0.0,1.61,3.6,6.5
SP1,2018-12-10,Ath Bilbao,Girona,1686.74,1705.42,1.0,2.0,5.0,11.0,1.0,0.0,H,0.0,0.0,D,25.0,3.0,10.0,1.0,17.0,15.0,11.0,0.0,3.0,1.0,0.0,0.0,1.95,3.4,4.0
SP1,2018-12-14,Celta,Leganes,1722.71,1655.71,6.0,7.0,7.0,9.0,0.0,0.0,D,0.0,0.0,D,15.0,5.0,2.0,2.0,11.0,11.0,10.0,0.0,3.0,3.0,0.0,0.0,1.85,3.5,4.33
SP1,2018-12-15,Eibar,Valencia,1711.85,1785.32,4.0,8.0,4.0,7.0,1.0,1.0,D,0.0,1.0,A,18.0,11.0,6.0,4.0,11.0,15.0,4.0,2.0,0.0,1.0,0.0,0.0,2.7,3.2,2.7
SP1,2018-12-15,Getafe,Sociedad,1736.1,1725.36,5.0,6.0,3.0,7.0,1.0,0.0,H,1.0,0.0,H,9.0,9.0,2.0,4.0,24.0,14.0,2.0,3.0,3.0,4.0,0.0,0.0,2.25,3.1,3.5
SP1,2018-12-15,Real Madrid,Vallecano,1928.41,1582.59,6.0,12.0,3.0,4.0,1.0,0.0,H,1.0,0.0,H,9.0,11.0,4.0,3.0,15.0,18.0,4.0,4.0,0.0,3.0,0.0,0.0,1.14,9.0,15.0
SP1,2018-12-15,Valladolid,Ath Madrid,1649.86,1913.06,3.0,4.0,5.0,9.0,2.0,3.0,A,0.0,2.0,A,8.0,14.0,2.0,5.0,16.0,13.0,9.0,3.0,4.0,1.0,0.0,0.0,5.75,3.4,1.72
SP1,2018-12-16,Espanol,Betis,1719.22,1727.24,0.0,3.0,6.0,10.0,1.0,3.0,A,1.0,1.0,D,10.0,12.0,3.0,5.0,23.0,10.0,0.0,4.0,3.0,4.0,0.0,0.0,2.4,3.3,3.0
SP1,2018-12-16,Huesca,Villarreal,1573.67,1717.12,1.0,2.0,3.0,5.0,2.0,2.0,D,1.0,0.0,H,30.0,10.0,13.0,5.0,12.0,11.0,13.0,2.0,4.0,5.0,0.0,1.0,3.5,3.2,2.14
SP1,2018-12-16,Levante,Barcelona,1711.04,2010.99,5.0,6.0,7.0,10.0,0.0,5.0,A,0.0,2.0,A,20.0,16.0,6.0,9.0,12.0,9.0,15.0,3.0,2.0,3.0,1.0,0.0,9.0,6.5,1.25
SP1,2018-12-16,Sevilla,Girona,1803.29,1694.4,5.0,9.0,4.0,8.0,2.0,0.0,H,0.0,0.0,D,17.0,8.0,5.0,2.0,18.0,12.0,5.0,3.0,2.0,1.0,0.0,0.0,1.44,4.5,7.0
SP1,2018-12-17,Alaves,Ath Bilbao,1727.79,1676.07,1.0,4.0,4.0,4.0,0.0,0.0,D,0.0,0.0,D,11.0,6.0,2.0,3.0,16.0,13.0,5.0,3.0,2.0,2.0,0.0,0.0,3.0,3.2,2.5
SP1,2018-12-21,Girona,Getafe,1694.4,1736.1,1.0,5.0,7.0,8.0,1.0,1.0,D,0.0,0.0,D,12.0,5.0,4.0,2.0,9.0,13.0,4.0,1.0,1.0,2.0,0.0,0.0,2.62,3.0,2.9
SP1,2018-12-21,Sociedad,Alaves,1725.36,1727.79,0.0,6.0,2.0,5.0,0.0,1.0,A,0.0,1.0,A,18.0,9.0,4.0,3.0,14.0,11.0,10.0,1.0,2.0,4.0,0.0,0.0,1.75,3.5,5.0
SP1,2018-12-22,Ath Bilbao,Valladolid,1676.07,1649.86,4.0,5.0,3.0,4.0,1.0,1.0,D,1.0,0.0,H,8.0,5.0,3.0,2.0,25.0,12.0,3.0,1.0,3.0,2.0,0.0,0.0,1.75,3.4,5.0
SP1,2018-12-22,Ath Madrid,Espanol,1913.06,1719.22,7.0,11.0,0.0,0.0,1.0,0.0,H,0.0,0.0,D,8.0,18.0,5.0,4.0,16.0,13.0,5.0,9.0,1.0,1.0,0.0,0.0,1.4,4.0,10.0
SP1,2018-12-22,Barcelona,Celta,2010.99,1725.39,9.0,10.0,7.0,7.0,2.0,0.0,H,2.0,0.0,H,9.0,11.0,5.0,1.0,14.0,15.0,4.0,6.0,0.0,1.0,0.0,0.0,1.12,9.0,21.0
SP1,2018-12-22,Betis,Eibar,1727.24,1711.85,9.0,12.0,2.0,6.0,1.0,1.0,D,1.0,0.0,H,4.0,15.0,2.0,4.0,11.0,13.0,4.0,11.0,2.0,4.0,0.0,0.0,1.8,3.75,4.5
SP1,2018-12-23,Leganes,Sevilla,1666.32,1803.29,5.0,9.0,5.0,11.0,1.0,1.0,D,1.0,0.0,H,13.0,8.0,4.0,2.0,14.0,9.0,3.0,6.0,3.0,3.0,0.0,1.0,3.4,3.2,2.25
SP1,2018-12-23,Valencia,Huesca,1785.32,1573.67,2.0,8.0,1.0,2.0,2.0,1.0,H,1.0,0.0,H,19.0,11.0,8.0,4.0,14.0,15.0,12.0,5.0,7.0,4.0,0.0,0.0,1.4,4.75,8.0
SP1,2018-12-23,Vallecano,Levante,1582.59,1711.04,3.0,4.0,4.0,5.0,2.0,1.0,H,1.0,0.0,H,18.0,12.0,8.0,7.0,13.0,10.0,3.0,5.0,2.0,2.0,0.0,0.0,2.1,3.6,3.4
SP1,2019-01-03,Villarreal,Real Madrid,1715.36,1929.36,1.0,5.0,9.0,12.0,2.0,2.0,D,1.0,2.0,A,12.0,14.0,4.0,7.0,12.0,13.0,6.0,4.0,2.0,2.0,0.0,0.0,3.8,3.8,1.85
SP1,2019-01-04,Espanol,Leganes,1702.86,1668.07,0.0,0.0,3.0,9.0,1.0,0.0,H,1.0,0.0,H,12.0,10.0,1.0,2.0,10.0,17.0,3.0,6.0,2.0,5.0,0.0,1.0,2.0,3.3,4.2
SP1,2019-01-04,Levante,Girona,1695.16,1688.46,1.0,5.0,1.0,5.0,2.0,2.0,D,0.0,1.0,A,19.0,9.0,8.0,2.0,18.0,16.0,8.0,2.0,3.0,1.0,1.0,0.0,2.15,3.5,3.3
SP1,2019-01-05,Alaves,Valencia,1734.1,1787.78,4.0,5.0,5.0,8.0,2.0,1.0,H,2.0,1.0,H,14.0,14.0,5.0,2.0,10.0,13.0,2.0,6.0,3.0,3.0,0.0,0.0,3.1,3.1,2.4
SP1,2019-01-05,Huesca,Betis,1573.21,1738.29,1.0,2.0,7.0,10.0,2.0,1.0,H,0.0,0.0,D,11.0,7.0,6.0,1.0,21.0,7.0,4.0,6.0,3.0,2.0,0.0,0.0,3.2,3.5,2.2
SP1,2019-01-05,Valladolid,Vallecano,1649.06,1590.69,4.0,4.0,3.0,6.0,0.0,1.0,A,0.0,1.0,A,12.0,9.0,5.0,5.0,16.0,23.0,9.0,5.0,0.0,3.0,0.0,0.0,2.1,3.4,3.6
SP1,2019-01-06,Eibar,Villarreal,1714.64,1715.36,3.0,6.0,2.0,5.0,0.0,0.0,D,0.0,0.0,D,24.0,7.0,6.0,4.0,12.0,17.0,13.0,1.0,0.0,2.0,0.0,0.0,2.1,3.25,3.5
SP1,2019-01-06,Getafe,Barcelona,1742.7,2019.69,5.0,9.0,9.0,13.0,1.0,2.0,A,1.0,2.0,A,10.0,12.0,2.0,8.0,23.0,12.0,4.0,4.0,4.0,3.0,0.0,0.0,8.0,5.25,1.36
SP1,2019-01-06,Real Madrid,Sociedad,1929.36,1709.61,7.0,10.0,0.0,3.0,0.0,2.0,A,0.0,1.0,A,28.0,12.0,8.0,4.0,13.0,13.0,10.0,4.0,5.0,1.0,1.0,0.0,1.33,6.0,7.5
SP1,2019-01-06,Sevilla,Ath Madrid,1806.72,1919.29,5.0,9.0,9.0,11.0,1.0,1.0,D,1.0,1.0,D,15.0,12.0,5.0,7.0,15.0,11.0,4.0,5.0,5.0,7.0,0.0,0.0,2.8,3.1,2.7
SP1,2019-01-07,Celta,Ath Bilbao,1723.52,1676.54,4.0,7.0,5.0,6.0,1.0,2.0,A,1.0,1.0,D,17.0,8.0,3.0,4.0,16.0,21.0,3.0,2.0,2.0,5.0,0.0,0.0,2.4,3.3,3.0
SP1,2019-01-11,Vallecano,Celta,1590.69,1723.52,6.0,9.0,1.0,7.0,4.0,2.0,H,2.0,2.0,D,11.0,13.0,8.0,4.0,12.0,8.0,7.0,5.0,4.0,1.0,0.0,0.0,2.5,3.4,2.8
SP1,2019-01-12,Girona,Alaves,1688.46,1734.1,2.0,3.0,7.0,8.0,1.0,1.0,D,1.0,0.0,H,9.0,15.0,4.0,4.0,21.0,14.0,6.0,3.0,4.0,2.0,0.0,0.0,2.1,3.1,4.0
SP1,2019-01-12,Leganes,Huesca,1668.07,1573.21,2.0,6.0,4.0,4.0,1.0,0.0,H,0.0,0.0,D,14.0,9.0,7.0,3.0,11.0,9.0,4.0,4.0,3.0,3.0,0.0,0.0,1.95,3.25,4.33
SP1,2019-01-12,Valencia,Valladolid,1787.78,1649.06,4.0,5.0,1.0,4.0,1.0,1.0,D,0.0,0.0,D,17.0,6.0,5.0,1.0,15.0,18.0,7.0,0.0,2.0,5.0,0.0,0.0,1.53,4.0,7.0
SP1,2019-01-12,Villarreal,Getafe,1715.36,1742.7,3.0,3.0,4.0,8.0,1.0,2.0,A,0.0,0.0,D,17.0,9.0,6.0,4.0,14.0,13.0,6.0,1.0,5.0,3.0,0.0,0.0,2.15,3.1,3.8
SP1,2019-01-13,Ath Bilbao,Sevilla,1676.54,1806.72,5.0,8.0,5.0,7.0,2.0,0.0,H,1.0,0.0,H,10.0,10.0,3.0,4.0,14.0,14.0,7.0,6.0,4.0,3.0,0.0,0.0,2.75,3.2,2.7
SP1,2019-01-13,Ath Madrid,Levante,1919.29,1695.16,7.0,11.0,1.0,5.0,1.0,0.0,H,0.0,0.0,D,19.0,7.0,5.0,2.0,9.0,17.0,5.0,2.0,0.0,3.0,0.0,0.0,1.25,6.0,12.0
SP1,2019-01-13,Barcelona,Eibar,2019.69,1714.64,9.0,15.0,3.0,4.0,3.0,0.0,H,1.0,0.0,H,7.0,15.0,6.0,2.0,10.0,12.0,2.0,3.0,2.0,1.0,0.0,0.0,1.12,9.0,21.0
SP1,2019-01-13,Betis,Real Madrid,1738.29,1929.36,4.0,10.0,4.0,10.0,1.0,2.0,A,0.0,1.0,A,9.0,14.0,2.0,5.0,9.0,13.0,6.0,5.0,2.0,3.0,0.0,0.0,3.25,3.75,2.1
SP1,2019-01-14,Sociedad,Espanol,1709.61,1702.86,3.0,3.0,3.0,3.0,3.0,2.0,H,2.0,2.0,D,9.0,21.0,4.0,2.0,15.0,12.0,7.0,3.0,7.0,4.0,1.0,0.0,2.0,3.3,4.0
SP1,2019-01-18,Getafe,Alaves,1748.76,1742.4,4.0,8.0,7.0,8.0,4.0,0.0,H,1.0,0.0,H,12.0,6.0,5.0,0.0,17.0,18.0,4.0,2.0,0.0,4.0,0.0,0.0,2.0,3.1,4.5
SP1,2019-01-19,Celta,Valencia,1699.9,1774.65,0.0,4.0,4.0,6.0,1.0,2.0,A,1.0,0.0,H,12.0,13.0,4.0,8.0,18.0,12.0,4.0,6.0,4.0,3.0,0.0,0.0,3.1,3.2,2.4
SP1,2019-01-19,Huesca,Ath Madrid,1579.07,1920.48,3.0,4.0,7.0,13.0,0.0,3.0,A,0.0,1.0,A,14.0,15.0,3.0,8.0,15.0,13.0,6.0,5.0,2.0,2.0,0.0,0.0,5.75,3.6,1.66
SP1,2019-01-19,Real Madrid,Sevilla,1910.5,1794.73,4.0,10.0,2.0,6.0,2.0,0.0,H,0.0,0.0,D,23.0,4.0,6.0,1.0,9.0,14.0,7.0,4.0,2.0,3.0,0.0,0.0,1.7,4.2,4.5
SP1,2019-01-20,Barcelona,Leganes,2025.42,1667.09,9.0,15.0,4.0,6.0,3.0,1.0,H,1.0,0.0,H,15.0,5.0,7.0,2.0,12.0,18.0,5.0,1.0,3.0,3.0,0.0,0.0,1.12,9.0,21.0
SP1,2019-01-20,Betis,Girona,1722.51,1690.13,1.0,7.0,3.0,3.0,3.0,2.0,H,1.0,2.0,A,12.0,8.0,5.0,5.0,9.0,12.0,7.0,2.0,2.0,4.0,0.0,0.0,1.61,3.75,6.0
SP1,2019-01-20,Levante,Valladolid,1690.62,1643.19,1.0,2.0,2.0,5.0,2.0,0.0,H,1.0,0.0,H,13.0,13.0,4.0,3.0,12.0,18.0,3.0,2.0,6.0,5.0,0.0,0.0,2.1,3.5,3.5
SP1,2019-01-20,Vallecano,Sociedad,1614.59,1735.91,9.0,9.0,6.0,6.0,2.0,2.0,D,2.0,1.0,H,11.0,10.0,4.0,4.0,14.0,10.0,2.0,9.0,2.0,1.0,0.0,0.0,2.87,3.3,2.5
SP1,2019-01-20,Villarreal,Ath Bilbao,1711.56,1700.61,2.0,3.0,7.0,11.0,1.0,1.0,D,0.0,1.0,A,3.0,9.0,1.0,2.0,17.0,13.0,1.0,3.0,4.0,1.0,0.0,0.0,2.2,3.3,3.4
SP1,2019-01-21,Eibar,Espanol,1710.3,1702.66,2.0,4.0,3.0,3.0,3.0,0.0,H,1.0,0.0,H,16.0,6.0,9.0,0.0,16.0,10.0,6.0,2.0,2.0,5.0,0.0,0.0,2.1,3.1,4.0
SP1,2019-01-26,Ath Madrid,Getafe,1920.48,1748.76,7.0,13.0,6.0,10.0,2.0,0.0,H,2.0,0.0,H,10.0,6.0,6.0,2.0,11.0,26.0,3.0,6.0,2.0,7.0,0.0,2.0,1.53,3.6,8.0
SP1,2019-01-26,Leganes,Eibar,1667.09,1710.3,3.0,5.0,4.0,6.0,2.0,2.0,D,0.0,2.0,A,9.0,5.0,3.0,2.0,15.0,14.0,4.0,5.0,2.0,3.0,0.0,0.0,2.62,3.0,3.0
SP1,2019-01-26,Sevilla,Levante,1794.73,1690.62,1.0,5.0,4.0,4.0,5.0,0.0,H,0.0,0.0,D,23.0,7.0,9.0,0.0,15.0,13.0,5.0,8.0,2.0,1.0,0.0,0.0,1.53,4.33,6.0
SP1,2019-01-26,Valencia,Villarreal,1774.65,1711.56,4.0,8.0,2.0,4.0,3.0,0.0,H,1.0,0.0,H,18.0,14.0,9.0,5.0,13.0,8.0,7.0,4.0,1.0,3.0,0.0,0.0,1.83,3.6,4.5
SP1,2019-01-27,Ath Bilbao,Betis,1700.61,1722.51,7.0,9.0,3.0,7.0,1.0,0.0,H,1.0,0.0,H,11.0,8.0,2.0,2.0,20.0,6.0,6.0,4.0,4.0,2.0,1.0,0.0,2.1,3.3,3.5
SP1,2019-01-27,Espanol,Real Madrid,1702.66,1910.5,3.0,3.0,6.0,10.0,2.0,4.0,A,1.0,3.0,A,13.0,16.0,6.0,9.0,15.0,17.0,1.0,6.0,3.0,4.0,0.0,1.0,4.2,4.0,1.8
SP1,2019-01-27,Girona,Barcelona,1690.13,2025.42,2.0,3.0,9.0,15.0,0.0,2.0,A,0.0,1.0,A,13.0,15.0,5.0,7.0,18.0,12.0,3.0,8.0,5.0,3.0,1.0,0.0,10.0,5.25,1.33
SP1,2019-01-27,Sociedad,Huesca,1735.91,1579.07,7.0,7.0,3.0,4.0,0.0,0.0,D,0.0,0.0,D,8.0,8.0,1.0,1.0,9.0,22.0,5.0,2.0,0.0,3.0,0.0,0.0,1.61,3.75,6.0
SP1,2019-01-27,Valladolid,Celta,1643.19,1699.9,1.0,2.0,0.0,1.0,2.0,1.0,H,0.0,1.0,A,19.0,8.0,7.0,3.0,15.0,19.0,7.0,5.0,2.0,5.0,0.0,1.0,2.4,3.2,3.1
SP1,2019-01-28,Alaves,Vallecano,1742.4,1614.59,4.0,8.0,7.0,10.0,0.0,1.0,A,0.0,0.0,D,16.0,14.0,1.0,3.0,14.0,19.0,7.0,4.0,2.0,5.0,0.0,0.0,2.15,3.3,3.5
SP1,2019-02-01,Huesca,Valladolid,1580.54,1643.27,1.0,4.0,4.0,5.0,4.0,0.0,H,1.0,0.0,H,11.0,9.0,7.0,4.0,17.0,11.0,7.0,7.0,6.0,2.0,0.0,0.0,2.25,3.25,3.4
SP1,2019-02-02,Barcelona,Valencia,2030.35,1790.45,9.0,15.0,7.0,10.0,2.0,2.0,D,1.0,2.0,A,20.0,14.0,8.0,7.0,8.0,5.0,9.0,1.0,3.0,0.0,0.0,0.0,1.28,5.75,11.0
SP1,2019-02-02,Celta,Sevilla,1684.61,1798.44,0.0,0.0,3.0,5.0,1.0,0.0,H,0.0,0.0,D,10.0,13.0,4.0,2.0,13.0,12.0,4.0,9.0,4.0,4.0,0.0,0.0,3.75,3.6,2.0
SP1,2019-02-02,Levante,Getafe,1688.98,1756.87,3.0,4.0,6.0,7.0,0.0,0.0,D,0.0,0.0,D,8.0,9.0,4.0,2.0,7.0,15.0,5.0,5.0,4.0,3.0,0.0,0.0,2.37,3.25,3.1
SP1,2019-02-02,Sociedad,Ath Bilbao,1728.67,1709.79,5.0,8.0,7.0,11.0,2.0,1.0,H,2.0,0.0,H,6.0,8.0,2.0,5.0,17.0,13.0,3.0,3.0,1.0,1.0,0.0,0.0,2.35,3.3,3.2
SP1,2019-02-03,Betis,Ath Madrid,1721.27,1929.18,3.0,4.0,9.0,13.0,1.0,0.0,H,0.0,0.0,D,7.0,13.0,3.0,1.0,7.0,21.0,1.0,7.0,4.0,3.0,0.0,0.0,4.0,3.2,2.05
SP1,2019-02-03,Eibar,Girona,1721.37,1681.2,4.0,6.0,1.0,3.0,3.0,0.0,H,1.0,0.0,H,17.0,6.0,5.0,2.0,12.0,9.0,8.0,5.0,2.0,1.0,0.0,0.0,1.66,4.0,5.0
SP1,2019-02-03,Real Madrid,Alaves,1922.06,1717.33,9.0,10.0,1.0,7.0,3.0,0.0,H,1.0,0.0,H,22.0,8.0,8.0,1.0,10.0,12.0,7.0,2.0,0.0,3.0,0.0,0.0,1.2,6.5,15.0
SP1,2019-02-03,Villarreal,Espanol,1701.38,1685.83,1.0,3.0,0.0,3.0,2.0,2.0,D,1.0,0.0,H,14.0,17.0,5.0,2.0,22.0,16.0,3.0,2.0,4.0,5.0,0.0,0.0,1.8,3.75,4.5
SP1,2019-02-04,Vallecano,Leganes,1628.63,1664.88,7.0,13.0,4.0,5.0,1.0,2.0,A,0.0,1.0,A,15.0,13.0,6.0,4.0,19.0,10.0,5.0,6.0,6.0,4.0,0.0,1.0,2.37,3.25,3.1
SP1,2019-02-08,Valladolid,Villarreal,1643.27,1701.38,3.0,4.0,2.0,3.0,0.0,0.0,D,0.0,0.0,D,9.0,7.0,3.0,3.0,13.0,18.0,8.0,3.0,3.0,2.0,0.0,0.0,2.9,3.3,2.4
SP1,2019-02-09,Ath Madrid,Real Madrid,1929.18,1922.06,6.0,10.0,9.0,12.0,1.0,3.0,A,1.0,2.0,A,11.0,11.0,2.0,4.0,21.0,16.0,3.0,4.0,7.0,3.0,1.0,0.0,2.37,3.25,3.1
SP1,2019-02-09,Espanol,Vallecano,1685.83,1628.63,1.0,4.0,4.0,10.0,2.0,1.0,H,0.0,1.0,A,15.0,9.0,5.0,3.0,11.0,19.0,6.0,2.0,0.0,2.0,0.0,0.0,1.8,3.6,4.5
SP1,2019-02-09,Getafe,Celta,1756.87,1684.61,4.0,7.0,3.0,3.0,3.0,1.0,H,1.0,1.0,D,12.0,13.0,6.0,3.0,16.0,13.0,4.0,3.0,3.0,3.0,0.0,1.0,1.9,3.4,4.33
SP1,2019-02-09,Girona,Huesca,1681.2,1580.54,0.0,2.0,4.0,7.0,0.0,2.0,A,0.0,2.0,A,13.0,6.0,7.0,6.0,9.0,18.0,13.0,2.0,3.0,1.0,1.0,0.0,2.0,3.3,4.0
SP1,2019-02-10,Ath Bilbao,Barcelona,1709.79,2030.35,4.0,10.0,7.0,13.0,0.0,0.0,D,0.0,0.0,D,13.0,10.0,5.0,2.0,23.0,10.0,6.0,4.0,4.0,2.0,1.0,0.0,4.75,4.0,1.7
SP1,2019-02-10,Leganes,Betis,1664.88,1721.27,4.0,7.0,6.0,6.0,3.0,0.0,H,2.0,0.0,H,16.0,3.0,4.0,1.0,22.0,11.0,4.0,4.0,4.0,2.0,0.0,1.0,2.25,3.0,3.6
SP1,2019-02-10,Sevilla,Eibar,1798.44,1721.37,3.0,4.0,7.0,8.0,2.0,2.0,D,0.0,1.0,A,13.0,8.0,4.0,4.0,11.0,7.0,9.0,7.0,4.0,2.0,1.0,0.0,1.66,4.0,5.0
SP1,2019-02-10,Valencia,Sociedad,1790.45,1728.67,7.0,8.0,5.0,11.0,0.0,0.0,D,0.0,0.0,D,10.0,8.0,4.0,1.0,11.0,18.0,7.0,5.0,2.0,4.0,0.0,0.0,1.83,3.5,4.5
SP1,2019-02-11,Alaves,Levante,1717.33,1688.98,0.0,4.0,4.0,5.0,2.0,0.0,H,1.0,0.0,H,16.0,8.0,4.0,0.0,14.0,18.0,3.0,10.0,3.0,2.0,0.0,0.0,2.0,3.4,3.8
SP1,2019-02-15,Eibar,Getafe,1742.14,1771.9,5.0,8.0,4.0,10.0,2.0,2.0,D,0.0,1.0,A,11.0,7.0,6.0,4.0,12.0,12.0,3.0,3.0,2.0,2.0,0.0,0.0,2.05,3.3,4.0
SP1,2019-02-16,Barcelona,Valladolid,2025.19,1635.88,5.0,11.0,4.0,5.0,1.0,0.0,H,1.0,0.0,H,20.0,10.0,8.0,0.0,12.0,18.0,3.0,5.0,1.0,3.0,0.0,0.0,1.14,9.0,15.0
SP1,2019-02-16,Celta,Levante,1694.98,1688.84,3.0,3.0,1.0,4.0,1.0,4.0,A,0.0,2.0,A,14.0,14.0,7.0,8.0,12.0,17.0,5.0,7.0,1.0,1.0,1.0,0.0,1.8,3.8,4.5
SP1,2019-02-16,Sociedad,Leganes,1746.24,1695.6,5.0,9.0,7.0,10.0,3.0,0.0,H,0.0,0.0,D,15.0,8.0,6.0,3.0,10.0,16.0,4.0,1.0,4.0,2.0,0.0,0.0,2.05,3.1,4.2
SP1,2019-02-16,Vallecano,Ath Madrid,1622.89,1911.55,3.0,7.0,3.0,9.0,0.0,1.0,A,0.0,0.0,D,12.0,4.0,6.0,3.0,10.0,14.0,4.0,6.0,0.0,1.0,0.0,0.0,6.0,3.5,1.65
SP1,2019-02-17,Betis,Alaves,1730.91,1729.42,3.0,6.0,3.0,4.0,1.0,1.0,D,1.0,1.0,D,19.0,6.0,10.0,3.0,10.0,12.0,6.0,3.0,4.0,1.0,0.0,0.0,1.72,3.5,5.25
SP1,2019-02-17,Real Madrid,Girona,1951.6,1663.17,9.0,15.0,0.0,1.0,1.0,2.0,A,1.0,0.0,H,19.0,14.0,7.0,6.0,13.0,18.0,7.0,0.0,3.0,2.0,1.0,0.0,1.16,8.0,15.0
SP1,2019-02-17,Valencia,Espanol,1806.81,1701.15,5.0,9.0,4.0,4.0,0.0,0.0,D,0.0,0.0,D,21.0,6.0,1.0,1.0,12.0,10.0,10.0,2.0,2.0,4.0,0.0,1.0,1.72,3.7,4.8
SP1,2019-02-17,Villarreal,Sevilla,1716.27,1800.49,2.0,3.0,4.0,4.0,3.0,0.0,H,2.0,0.0,H,12.0,21.0,6.0,5.0,7.0,12.0,6.0,4.0,4.0,1.0,0.0,0.0,2.5,3.4,2.8
SP1,2019-02-18,Huesca,Ath Bilbao,1621.01,1718.32,7.0,7.0,4.0,8.0,0.0,1.0,A,0.0,1.0,A,12.0,9.0,2.0,4.0,16.0,11.0,3.0,5.0,5.0,1.0,0.0,0.0,3.1,3.1,2.5
SP1,2019-02-22,Espanol,Huesca,1701.15,1621.01,5.0,5.0,6.0,7.0,1.0,1.0,D,1.0,0.0,H,13.0,13.0,2.0,4.0,9.0,16.0,7.0,4.0,2.0,4.0,0.0,0.0,1.72,3.6,5.0
SP1,2019-02-23,Alaves,Celta,1729.42,1694.98,4.0,4.0,3.0,3.0,0.0,0.0,D,0.0,0.0,D,17.0,8.0,4.0,2.0,15.0,9.0,3.0,4.0,2.0,2.0,0.0,0.0,2.3,3.3,3.2
SP1,2019-02-23,Ath Bilbao,Eibar,1718.32,1742.14,4.0,8.0,5.0,9.0,1.0,0.0,H,1.0,0.0,H,9.0,7.0,4.0,2.0,10.0,17.0,10.0,2.0,3.0,4.0,0.0,0.0,2.1,3.25,3.8
SP1,2019-02-23,Getafe,Vallecano,1771.9,1622.89,5.0,8.0,0.0,4.0,2.0,1.0,H,1.0,0.0,H,11.0,7.0,2.0,2.0,12.0,13.0,2.0,2.0,2.0,1.0,0.0,0.0,1.7,3.6,5.5
SP1,2019-02-23,Sevilla,Barcelona,1800.49,2025.19,1.0,4.0,5.0,11.0,2.0,4.0,A,2.0,1.0,H,13.0,17.0,4.0,8.0,15.0,11.0,3.0,8.0,6.0,1.0,0.0,0.0,3.5,4.0,1.95
SP1,2019-02-24,Ath Madrid,Villarreal,1911.55,1716.27,3.0,9.0,5.0,6.0,2.0,0.0,H,1.0,0.0,H,15.0,14.0,7.0,3.0,9.0,10.0,6.0,7.0,0.0,3.0,0.0,0.0,1.57,3.75,7.0
SP1,2019-02-24,Leganes,Valencia,1695.6,1806.81,6.0,7.0,3.0,9.0,1.0,1.0,D,0.0,1.0,A,17.0,6.0,6.0,1.0,14.0,10.0,4.0,2.0,5.0,3.0,0.0,0.0,2.8,3.1,2.7
SP1,2019-02-24,Levante,Real Madrid,1688.84,1951.6,4.0,7.0,6.0,12.0,1.0,2.0,A,0.0,1.0,A,11.0,19.0,2.0,5.0,17.0,11.0,4.0,6.0,5.0,3.0,1.0,1.0,5.25,4.75,1.53
SP1,2019-02-24,Valladolid,Betis,1635.88,1730.91,1.0,4.0,4.0,7.0,0.0,2.0,A,0.0,1.0,A,10.0,6.0,2.0,3.0,10.0,9.0,13.0,4.0,1.0,2.0,0.0,0.0,2.7,3.2,2.75
SP1,2019-02-25,Girona,Sociedad,1663.17,1746.24,3.0,3.0,7.0,9.0,0.0,0.0,D,0.0,0.0,D,10.0,7.0,3.0,1.0,26.0,15.0,3.0,5.0,4.0,1.0,0.0,0.0,2.37,3.2,3.0
SP1,2019-03-01,Vallecano,Girona,1614.47,1676.64,0.0,3.0,4.0,4.0,0.0,2.0,A,0.0,1.0,A,9.0,12.0,3.0,4.0,17.0,23.0,7.0,1.0,3.0,4.0,1.0,0.0,2.25,3.4,3.2
SP1,2019-03-02,Espanol,Valladolid,1699.48,1621.31,5.0,6.0,1.0,4.0,3.0,1.0,H,1.0,1.0,D,15.0,14.0,6.0,3.0,17.0,8.0,5.0,3.0,2.0,2.0,0.0,0.0,1.8,3.6,4.75
SP1,2019-03-02,Huesca,Sevilla,1615.98,1783.73,4.0,8.0,1.0,4.0,2.0,1.0,H,1.0,0.0,H,7.0,12.0,3.0,5.0,15.0,16.0,3.0,12.0,5.0,4.0,0.0,0.0,3.8,3.6,1.95
SP1,2019-03-02,Real Madrid,Barcelona,1938.42,2028.77,6.0,12.0,7.0,11.0,0.0,1.0,A,0.0,1.0,A,17.0,10.0,3.0,4.0,16.0,13.0,8.0,6.0,3.0,2.0,0.0,0.0,2.75,3.7,2.45
SP1,2019-03-02,Villarreal,Alaves,1726.01,1726.09,4.0,5.0,5.0,5.0,1.0,2.0,A,0.0,0.0,D,9.0,10.0,2.0,2.0,15.0,12.0,8.0,2.0,2.0,3.0,0.0,0.0,1.66,3.75,5.5
SP1,2019-03-03,Betis,Getafe,1713.1,1774.4,4.0,7.0,7.0,8.0,1.0,2.0,A,0.0,2.0,A,6.0,11.0,2.0,5.0,14.0,14.0,4.0,4.0,2.0,2.0,0.0,0.0,2.3,3.0,3.4
SP1,2019-03-03,Eibar,Celta,1732.16,1679.02,2.0,6.0,1.0,4.0,1.0,0.0,H,0.0,0.0,D,15.0,3.0,4.0,1.0,14.0,16.0,7.0,0.0,1.0,1.0,0.0,0.0,1.72,3.8,4.75
SP1,2019-03-03,Sociedad,Ath Madrid,1752.97,1929.23,5.0,9.0,6.0,9.0,0.0,2.0,A,0.0,2.0,A,19.0,8.0,3.0,3.0,12.0,17.0,7.0,3.0,1.0,4.0,0.0,1.0,4.0,3.25,2.05
SP1,2019-03-03,Valencia,Ath Bilbao,1799.63,1730.53,3.0,7.0,7.0,10.0,2.0,0.0,H,0.0,0.0,D,11.0,4.0,3.0,1.0,12.0,13.0,6.0,2.0,0.0,3.0,0.0,0.0,2.0,3.3,4.0
SP1,2019-03-04,Leganes,Levante,1686.0,1700.28,4.0,8.0,3.0,4.0,1.0,0.0,H,1.0,0.0,H,14.0,15.0,3.0,4.0,15.0,10.0,2.0,2.0,6.0,4.0,0.0,0.0,1.95,3.4,4.2
SP1,2019-03-08,Ath Bilbao,Espanol,1730.53,1699.48,6.0,7.0,5.0,9.0,1.0,1.0,D,0.0,1.0,A,15.0,5.0,6.0,2.0,13.0,20.0,7.0,0.0,3.0,5.0,0.0,0.0,1.66,3.6,6.0
SP1,2019-03-09,Alaves,Eibar,1726.09,1732.16,5.0,8.0,4.0,8.0,1.0,1.0,D,0.0,0.0,D,16.0,20.0,3.0,3.0,10.0,18.0,3.0,5.0,1.0,1.0,0.0,0.0,2.9,3.2,2.55
SP1,2019-03-09,Ath Madrid,Leganes,1929.23,1686.0,9.0,9.0,4.0,10.0,1.0,0.0,H,0.0,0.0,D,13.0,3.0,4.0,2.0,9.0,7.0,4.0,4.0,2.0,2.0,0.0,0.0,1.45,4.2,10.0
SP1,2019-03-09,Barcelona,Vallecano,2028.77,1614.47,9.0,11.0,0.0,0.0,3.0,1.0,H,1.0,1.0,D,12.0,8.0,6.0,1.0,12.0,17.0,10.0,4.0,1.0,2.0,0.0,0.0,1.16,8.0,15.0
SP1,2019-03-09,Getafe,Huesca,1774.4,1615.98,7.0,11.0,4.0,10.0,2.0,1.0,H,0.0,1.0,A,14.0,8.0,6.0,1.0,14.0,17.0,13.0,1.0,0.0,4.0,0.0,0.0,1.61,3.6,6.5
SP1,2019-03-10,Celta,Betis,1679.02,1713.1,1.0,4.0,4.0,7.0,0.0,1.0,A,0.0,0.0,D,7.0,14.0,1.0,4.0,17.0,16.0,4.0,4.0,3.0,0.0,0.0,0.0,2.5,3.3,2.9
SP1,2019-03-10,Girona,Valencia,1676.64,1799.63,7.0,7.0,5.0,7.0,2.0,3.0,A,1.0,1.0,D,18.0,11.0,8.0,6.0,13.0,10.0,6.0,1.0,1.0,4.0,0.0,1.0,3.3,3.2,2.35
SP1,2019-03-10,Levante,Villarreal,1700.28,1726.01,3.0,4.0,3.0,5.0,0.0,2.0,A,0.0,0.0,D,11.0,13.0,3.0,5.0,8.0,21.0,8.0,2.0,3.0,5.0,0.0,0.0,2.9,3.3,2.5
SP1,2019-03-10,Sevilla,Sociedad,1783.73,1752.97,0.0,1.0,4.0,8.0,5.0,2.0,H,1.0,1.0,D,22.0,9.0,11.0,2.0,12.0,13.0,7.0,2.0,2.0,2.0,0.0,0.0,1.66,4.2,4.75
SP1,2019-03-10,Valladolid,Real Madrid,1621.31,1938.42,0.0,1.0,3.0,9.0,1.0,4.0,A,1.0,1.0,D,10.0,15.0,2.0,6.0,14.0,12.0,5.0,12.0,1.0,6.0,0.0,1.0,5.0,4.33,1.61
SP1,2019-03-15,Sociedad,Levante,1722.66,1668.21,1.0,5.0,0.0,3.0,1.0,1.0,D,1.0,0.0,H,22.0,8.0,7.0,3.0,10.0,12.0,5.0,3.0,2.0,2.0,0.0,0.0,1.8,3.75,4.5
SP1,2019-03-16,Ath Bilbao,Ath Madrid,1708.63,1904.22,4.0,8.0,9.0,12.0,2.0,0.0,H,0.0,0.0,D,9.0,9.0,5.0,2.0,12.0,4.0,1.0,7.0,3.0,1.0,0.0,0.0,3.9,3.0,2.2
SP1,2019-03-16,Huesca,Alaves,1610.64,1721.46,4.0,7.0,5.0,9.0,1.0,3.0,A,1.0,1.0,D,7.0,12.0,2.0,5.0,21.0,23.0,2.0,2.0,1.0,3.0,0.0,0.0,2.45,3.2,3.0
SP1,2019-03-16,Leganes,Girona,1677.99,1668.83,4.0,7.0,4.0,7.0,0.0,2.0,A,0.0,2.0,A,12.0,8.0,3.0,4.0,20.0,6.0,6.0,2.0,8.0,1.0,0.0,0.0,2.15,3.2,3.7
SP1,2019-03-16,Real Madrid,Celta,1892.63,1652.4,6.0,9.0,1.0,1.0,2.0,0.0,H,0.0,0.0,D,22.0,6.0,7.0,1.0,15.0,8.0,9.0,2.0,1.0,0.0,0.0,0.0,1.18,7.5,13.0
SP1,2019-03-17,Betis,Barcelona,1701.01,2028.51,6.0,7.0,9.0,13.0,1.0,4.0,A,0.0,2.0,A,13.0,16.0,3.0,9.0,10.0,11.0,3.0,7.0,1.0,2.0,0.0,0.0,7.0,5.0,1.4
SP1,2019-03-17,Eibar,Valladolid,1726.45,1596.67,4.0,6.0,0.0,1.0,1.0,2.0,A,0.0,0.0,D,15.0,8.0,3.0,3.0,16.0,14.0,5.0,0.0,4.0,2.0,0.0,0.0,1.66,3.8,5.5
SP1,2019-03-17,Espanol,Sevilla,1695.72,1754.86,5.0,9.0,3.0,4.0,0.0,1.0,A,0.0,0.0,D,13.0,12.0,3.0,3.0,11.0,14.0,6.0,5.0,3.0,4.0,1.0,1.0,2.4,3.5,2.9
SP1,2019-03-17,Valencia,Getafe,1806.82,1773.4,7.0,9.0,9.0,13.0,0.0,0.0,D,0.0,0.0,D,8.0,9.0,2.0,1.0,13.0,22.0,3.0,5.0,3.0,4.0,0.0,0.0,2.0,3.3,4.0
SP1,2019-03-17,Villarreal,Vallecano,1732.66,1589.04,3.0,7.0,0.0,0.0,3.0,1.0,H,0.0,1.0,A,12.0,7.0,4.0,3.0,16.0,7.0,5.0,5.0,3.0,3.0,0.0,0.0,1.6,4.2,5.5
SP1,2019-03-29,Girona,Ath Bilbao,1668.83,1708.63,6.0,10.0,4.0,10.0,1.0,2.0,A,1.0,0.0,H,6.0,8.0,2.0,5.0,18.0,18.0,3.0,3.0,2.0,4.0,0.0,0.0,2.87,2.9,2.7
SP1,2019-03-30,Alaves,Ath Madrid,1721.46,1904.22,7.0,9.0,6.0,12.0,0.0,4.0,A,0.0,2.0,A,14.0,11.0,4.0,7.0,10.0,8.0,9.0,2.0,2.0,2.0,0.0,0.0,5.5,3.4,1.75
SP1,2019-03-30,Barcelona,Espanol,2028.51,1695.72,9.0,15.0,4.0,6.0,2.0,0.0,H,0.0,0.0,D,13.0,4.0,3.0,2.0,15.0,14.0,5.0,2.0,0.0,4.0,0.0,0.0,1.14,9.0,15.0
SP1,2019-03-30,Celta,Villarreal,1652.4,1732.66,0.0,1.0,6.0,9.0,3.0,2.0,H,0.0,2.0,A,15.0,14.0,6.0,5.0,7.0,8.0,10.0,7.0,1.0,3.0,0.0,0.0,2.5,3.3,2.75
SP1,2019-03-30,Getafe,Leganes,1773.4,1677.99,7.0,11.0,3.0,4.0,0.0,2.0,A,0.0,0.0,D,9.0,7.0,2.0,3.0,15.0,25.0,3.0,4.0,5.0,2.0,0.0,0.0,1.95,3.2,4.5
SP1,2019-03-31,Levante,Eibar,1668.21,1726.45,1.0,4.0,4.0,5.0,2.0,2.0,D,2.0,1.0,H,7.0,17.0,2.0,3.0,9.0,12.0,6.0,7.0,2.0,1.0,0.0,0.0,2.8,3.5,2.45
SP1,2019-03-31,Real Madrid,Huesca,1892.63,1610.64,6.0,9.0,3.0,4.0,3.0,2.0,H,1.0,1.0,D,16.0,16.0,8.0,3.0,9.0,18.0,4.0,6.0,1.0,3.0,0.0,0.0,1.11,10.0,19.0
SP1,2019-03-31,Sevilla,Valencia,1754.86,1806.82,6.0,6.0,7.0,9.0,0.0,1.0,A,0.0,1.0,A,17.0,4.0,5.0,2.0,18.0,9.0,5.0,3.0,3.0,1.0,0.0,0.0,2.05,3.5,3.6
SP1,2019-03-31,Valladolid,Sociedad,1596.67,1722.66,3.0,3.0,1.0,5.0,1.0,1.0,D,1.0,0.0,H,10.0,10.0,4.0,1.0,18.0,8.0,7.0,5.0,4.0,1.0,0.0,0.0,2.6,3.0,3.0
SP1,2019-03-31,Vallecano,Betis,1589.04,1701.01,0.0,0.0,3.0,7.0,1.0,1.0,D,1.0,0.0,H,20.0,7.0,5.0,2.0,22.0,9.0,6.0,3.0,5.0,3.0,1.0,0.0,2.75,3.5,2.45
SP1,2019-04-02,Ath Madrid,Girona,1900.24,1674.6,6.0,12.0,3.0,7.0,2.0,0.0,H,0.0,0.0,D,17.0,12.0,7.0,4.0,10.0,9.0,4.0,3.0,1.0,0.0,0.0,0.0,1.36,4.5,10.0
SP1,2019-04-02,Espanol,Getafe,1685.84,1758.3,1.0,5.0,4.0,10.0,1.0,1.0,D,0.0,0.0,D,9.0,13.0,3.0,3.0,14.0,14.0,5.0,4.0,4.0,3.0,0.0,0.0,2.4,3.1,3.2
SP1,2019-04-02,Villarreal,Barcelona,1728.79,2034.51,6.0,6.0,9.0,15.0,4.0,4.0,D,1.0,2.0,A,16.0,15.0,9.0,9.0,10.0,10.0,5.0,3.0,4.0,7.0,1.0,0.0,5.25,4.2,1.61
SP1,2019-04-03,Ath Bilbao,Levante,1733.76,1670.93,7.0,10.0,2.0,2.0,3.0,2.0,H,2.0,0.0,H,14.0,11.0,7.0,6.0,13.0,14.0,2.0,9.0,3.0,7.0,0.0,1.0,1.61,4.0,5.5
SP1,2019-04-03,Eibar,Vallecano,1714.34,1585.68,2.0,5.0,1.0,1.0,2.0,1.0,H,0.0,1.0,A,12.0,13.0,6.0,2.0,14.0,9.0,2.0,6.0,2.0,2.0,0.0,0.0,1.61,4.0,5.5
SP1,2019-04-03,Huesca,Celta,1598.96,1658.22,0.0,4.0,3.0,4.0,3.0,3.0,D,0.0,1.0,A,23.0,11.0,7.0,5.0,9.0,12.0,5.0,0.0,2.0,3.0,0.0,0.0,2.62,3.5,2.62
SP1,2019-04-03,Valencia,Real Madrid,1812.61,1896.61,7.0,11.0,9.0,12.0,2.0,1.0,H,1.0,0.0,H,11.0,15.0,4.0,5.0,9.0,13.0,6.0,6.0,2.0,2.0,0.0,0.0,3.3,3.6,2.15
SP1,2019-04-04,Leganes,Valladolid,1681.4,1610.73,3.0,7.0,4.0,4.0,1.0,0.0,H,0.0,0.0,D,18.0,8.0,2.0,1.0,13.0,11.0,3.0,4.0,2.0,2.0,0.0,0.0,1.9,3.3,4.5
SP1,2019-04-04,Sevilla,Alaves,1754.44,1719.51,6.0,6.0,4.0,8.0,2.0,0.0,H,1.0,0.0,H,18.0,5.0,5.0,2.0,13.0,19.0,11.0,1.0,3.0,4.0,0.0,0.0,1.5,4.33,6.5
SP1,2019-04-04,Sociedad,Betis,1718.0,1695.34,2.0,3.0,4.0,7.0,2.0,1.0,H,1.0,0.0,H,15.0,11.0,7.0,6.0,12.0,13.0,3.0,6.0,2.0,3.0,0.0,0.0,2.25,3.3,3.3
SP1,2019-04-06,Barcelona,Ath Madrid,2034.51,1900.24,7.0,13.0,6.0,12.0,2.0,0.0,H,0.0,0.0,D,21.0,9.0,10.0,2.0,14.0,12.0,5.0,1.0,3.0,4.0,0.0,1.0,1.75,3.6,5.0
SP1,2019-04-06,Girona,Espanol,1674.6,1685.84,3.0,6.0,1.0,5.0,1.0,2.0,A,0.0,0.0,D,14.0,9.0,5.0,2.0,23.0,20.0,1.0,4.0,5.0,2.0,0.0,0.0,2.5,3.2,3.0
SP1,2019-04-06,Real Madrid,Eibar,1896.61,1714.34,6.0,9.0,4.0,8.0,2.0,1.0,H,0.0,1.0,A,13.0,3.0,7.0,1.0,9.0,15.0,5.0,4.0,0.0,1.0,0.0,0.0,1.3,5.5,9.5
SP1,2019-04-06,Vallecano,Valencia,1585.68,1812.61,1.0,1.0,7.0,13.0,2.0,0.0,H,1.0,0.0,H,15.0,12.0,5.0,3.0,17.0,10.0,4.0,7.0,2.0,3.0,0.0,0.0,4.2,3.5,1.9
SP1,2019-04-07,Alaves,Leganes,1719.51,1681.4,3.0,7.0,6.0,9.0,1.0,1.0,D,1.0,0.0,H,6.0,9.0,1.0,5.0,17.0,15.0,3.0,3.0,6.0,4.0,0.0,0.0,2.5,3.0,3.1
SP1,2019-04-07,Betis,Villarreal,1695.34,1728.79,1.0,4.0,4.0,7.0,2.0,1.0,H,1.0,1.0,D,17.0,10.0,7.0,4.0,15.0,14.0,4.0,3.0,4.0,4.0,0.0,0.0,2.2,3.4,3.3
SP1,2019-04-07,Celta,Sociedad,1658.22,1718.0,4.0,4.0,5.0,5.0,3.0,1.0,H,0.0,1.0,A,11.0,14.0,4.0,7.0,16.0,11.0,2.0,7.0,2.0,1.0,0.0,1.0,2.4,3.3,3.0
SP1,2019-04-07,Getafe,Ath Bilbao,1758.3,1733.76,2.0,8.0,9.0,10.0,1.0,0.0,H,0.0,0.0,D,6.0,9.0,2.0,1.0,16.0,18.0,1.0,2.0,2.0,1.0,0.0,0.0,2.3,3.0,3.5
SP1,2019-04-07,Levante,Huesca,1670.93,1598.96,2.0,2.0,1.0,4.0,2.0,2.0,D,1.0,0.0,H,14.0,17.0,8.0,4.0,22.0,12.0,9.0,1.0,2.0,4.0,0.0,0.0,1.95,3.6,3.8
SP1,2019-04-07,Valladolid,Sevilla,1610.73,1754.44,4.0,4.0,6.0,9.0,0.0,2.0,A,0.0,0.0,D,10.0,16.0,5.0,4.0,17.0,12.0,6.0,7.0,3.0,3.0,0.0,0.0,3.5,3.4,2.05
SP1,2019-04-13,Ath Madrid,Celta,1900.24,1658.22,6.0,9.0,7.0,7.0,2.0,0.0,H,1.0,0.0,H,11.0,10.0,5.0,3.0,9.0,15.0,1.0,2.0,2.0,2.0,0.0,0.0,1.36,4.75,9.0
SP1,2019-04-13,Espanol,Alaves,1685.84,1719.51,4.0,5.0,1.0,5.0,2.0,1.0,H,1.0,0.0,H,6.0,14.0,2.0,3.0,12.0,17.0,4.0,8.0,3.0,2.0,0.0,0.0,1.8,3.5,4.75
SP1,2019-04-13,Huesca,Barcelona,1598.96,2034.51,2.0,2.0,7.0,13.0,0.0,0.0,D,0.0,0.0,D,6.0,10.0,1.0,2.0,18.0,13.0,6.0,5.0,1.0,2.0,0.0,0.0,4.75,4.2,1.65
SP1,2019-04-13,Sevilla,Betis,1754.44,1695.34,6.0,12.0,4.0,7.0,3.0,2.0,H,1.0,0.0,H,11.0,12.0,5.0,7.0,18.0,8.0,5.0,4.0,6.0,3.0,0.0,0.0,1.66,4.0,5.0
SP1,2019-04-14,Ath Bilbao,Vallecano,1733.76,1585.68,6.0,10.0,4.0,4.0,3.0,2.0,H,1.0,1.0,D,15.0,8.0,9.0,4.0,10.0,16.0,3.0,6.0,1.0,3.0,0.0,1.0,1.6,4.0,5.5
SP1,2019-04-14,Girona,Villarreal,1674.6,1728.79,0.0,3.0,1.0,7.0,0.0,1.0,A,0.0,1.0,A,14.0,17.0,5.0,6.0,12.0,11.0,9.0,5.0,2.0,5.0,0.0,0.0,2.5,3.25,2.8
SP1,2019-04-14,Sociedad,Eibar,1718.0,1714.34,4.0,5.0,4.0,5.0,1.0,1.0,D,1.0,0.0,H,3.0,17.0,2.0,2.0,15.0,18.0,0.0,3.0,2.0,2.0,0.0,0.0,2.2,3.5,3.25
SP1,2019-04-14,Valencia,Levante,1812.61,1670.93,6.0,10.0,2.0,3.0,3.0,1.0,H,1.0,0.0,H,23.0,6.0,6.0,3.0,12.0,19.0,8.0,3.0,2.0,2.0,0.0,0.0,1.5,4.75,5.5
SP1,2019-04-14,Valladolid,Getafe,1610.73,1758.3,1.0,4.0,4.0,8.0,2.0,2.0,D,1.0,1.0,D,8.0,8.0,4.0,3.0,22.0,18.0,5.0,3.0,4.0,4.0,0.0,1.0,3.2,2.9,2.55
SP1,2019-04-15,Leganes,Real Madrid,1690.35,1892.35,7.0,7.0,6.0,12.0,1.0,1.0,D,1.0,0.0,H,5.0,13.0,2.0,6.0,11.0,12.0,1.0,5.0,0.0,3.0,0.0,0.0,5.25,4.2,1.6
SP1,2019-04-19,Alaves,Valladolid,1703.8,1601.65,1.0,4.0,1.0,5.0,2.0,2.0,D,2.0,1.0,H,10.0,12.0,4.0,7.0,17.0,16.0,5.0,7.0,3.0,5.0,0.0,0.0,2.1,3.2,3.75
SP1,2019-04-20,Barcelona,Sociedad,2032.04,1712.1,5.0,11.0,4.0,6.0,2.0,1.0,H,1.0,0.0,H,11.0,9.0,4.0,2.0,10.0,12.0,4.0,2.0,0.0,1.0,0.0,0.0,1.22,6.5,13.0
SP1,2019-04-20,Celta,Girona,1667.92,1654.75,4.0,7.0,0.0,3.0,2.0,1.0,H,1.0,0.0,H,13.0,9.0,8.0,1.0,7.0,10.0,5.0,1.0,2.0,1.0,0.0,0.0,2.0,3.75,3.5
SP1,2019-04-20,Eibar,Ath Madrid,1718.61,1902.54,4.0,5.0,6.0,9.0,0.0,1.0,A,0.0,0.0,D,10.0,8.0,2.0,4.0,11.0,12.0,5.0,8.0,3.0,1.0,0.0,0.0,3.2,3.1,2.4
SP1,2019-04-20,Vallecano,Huesca,1597.48,1611.62,3.0,4.0,3.0,3.0,0.0,0.0,D,0.0,0.0,D,16.0,10.0,3.0,3.0,12.0,10.0,8.0,3.0,4.0,2.0,0.0,0.0,2.05,3.75,3.4
SP1,2019-04-21,Betis,Valencia,1693.84,1820.47,3.0,4.0,6.0,10.0,1.0,2.0,A,0.0,1.0,A,23.0,4.0,7.0,3.0,19.0,13.0,8.0,2.0,4.0,2.0,0.0,1.0,3.0,3.3,2.4
SP1,2019-04-21,Getafe,Sevilla,1762.99,1776.2,5.0,6.0,9.0,12.0,3.0,0.0,H,2.0,0.0,H,10.0,12.0,3.0,2.0,19.0,15.0,2.0,7.0,3.0,6.0,1.0,1.0,3.1,3.4,2.3
SP1,2019-04-21,Levante,Espanol,1659.27,1703.48,1.0,3.0,7.0,7.0,2.0,2.0,D,0.0,1.0,A,19.0,14.0,5.0,7.0,13.0,15.0,12.0,7.0,4.0,1.0,1.0,0.0,2.3,3.5,3.0
SP1,2019-04-21,Real Madrid,Ath Bilbao,1892.35,1737.56,4.0,10.0,6.0,12.0,3.0,0.0,H,0.0,0.0,D,11.0,5.0,4.0,3.0,12.0,16.0,8.0,2.0,2.0,4.0,0.0,0.0,1.45,4.33,7.0
SP1,2019-04-21,Villarreal,Leganes,1726.4,1690.35,4.0,7.0,5.0,8.0,2.0,1.0,H,0.0,0.0,D,11.0,6.0,5.0,2.0,12.0,15.0,7.0,4.0,2.0,1.0,0.0,0.0,1.72,3.5,5.0
SP1,2019-04-23,Alaves,Barcelona,1703.8,2032.04,2.0,2.0,7.0,11.0,0.0,2.0,A,0.0,0.0,D,6.0,17.0,1.0,6.0,19.0,9.0,1.0,4.0,3.0,1.0,0.0,0.0,7.0,5.25,1.4
SP1,2019-04-23,Huesca,Eibar,1611.62,1718.61,3.0,4.0,1.0,5.0,2.0,0.0,H,0.0,0.0,D,12.0,7.0,3.0,4.0,16.0,16.0,5.0,3.0,4.0,1.0,0.0,0.0,2.25,3.5,3.0
SP1,2019-04-23,Valladolid,Girona,1601.65,1654.75,2.0,3.0,0.0,0.0,1.0,0.0,H,0.0,0.0,D,13.0,6.0,4.0,0.0,17.0,17.0,4.0,5.0,4.0,3.0,0.0,0.0,2.3,3.3,3.25
SP1,2019-04-24,Ath Madrid,Valencia,1902.54,1820.47,6.0,12.0,6.0,12.0,3.0,2.0,H,1.0,1.0,D,14.0,12.0,6.0,4.0,17.0,13.0,4.0,3.0,3.0,3.0,0.0,0.0,1.8,3.4,5.0
SP1,2019-04-24,Espanol,Celta,1703.48,1667.92,7.0,8.0,6.0,10.0,1.0,1.0,D,1.0,0.0,H,9.0,18.0,2.0,6.0,15.0,8.0,2.0,4.0,2.0,1.0,0.0,0.0,2.3,3.2,3.3
SP1,2019-04-24,Leganes,Ath Bilbao,1690.35,1737.56,2.0,8.0,3.0,9.0,0.0,1.0,A,0.0,1.0,A,14.0,3.0,1.0,2.0,11.0,14.0,2.0,2.0,1.0,2.0,0.0,0.0,2.6,3.0,3.0
SP1,2019-04-24,Levante,Betis,1659.27,1693.84,2.0,3.0,3.0,4.0,4.0,0.0,H,2.0,0.0,H,6.0,7.0,4.0,2.0,9.0,15.0,3.0,4.0,2.0,3.0,0.0,0.0,2.5,3.3,2.9
SP1,2019-04-25,Getafe,Real Madrid,1762.99,1892.35,7.0,8.0,7.0,10.0,0.0,0.0,D,0.0,0.0,D,9.0,12.0,5.0,4.0,17.0,15.0,9.0,4.0,1.0,3.0,0.0,0.0,4.0,3.6,1.9
SP1,2019-04-25,Sevilla,Vallecano,1776.2,1597.48,6.0,9.0,4.0,5.0,5.0,0.0,H,0.0,0.0,D,20.0,12.0,11.0,3.0,10.0,12.0,5.0,4.0,1.0,2.0,0.0,0.0,1.33,5.25,9.0
SP1,2019-04-25,Sociedad,Villarreal,1712.1,1726.4,1.0,5.0,6.0,7.0,0.0,1.0,A,0.0,0.0,D,13.0,8.0,2.0,3.0,11.0,14.0,6.0,3.0,2.0,3.0,0.0,0.0,2.5,3.3,2.9
SP1,2019-04-27,Ath Bilbao,Alaves,1737.56,1703.8,6.0,9.0,1.0,2.0,1.0,1.0,D,1.0,1.0,D,14.0,14.0,1.0,3.0,14.0,17.0,8.0,6.0,2.0,2.0,0.0,0.0,1.45,4.2,7.5
SP1,2019-04-27,Ath Madrid,Valladolid,1902.54,1601.65,9.0,12.0,5.0,5.0,1.0,0.0,H,0.0,0.0,D,13.0,13.0,1.0,4.0,19.0,12.0,7.0,3.0,4.0,2.0,0.0,0.0,1.33,4.5,11.0
SP1,2019-04-27,Barcelona,Levante,2032.04,1659.27,7.0,11.0,4.0,5.0,1.0,0.0,H,0.0,0.0,D,23.0,7.0,12.0,2.0,17.0,12.0,6.0,3.0,4.0,3.0,0.0,0.0,1.2,6.5,11.0
SP1,2019-04-27,Leganes,Celta,1690.35,1667.92,1.0,5.0,4.0,8.0,0.0,0.0,D,0.0,0.0,D,10.0,8.0,1.0,2.0,16.0,5.0,4.0,6.0,1.0,0.0,0.0,0.0,2.37,3.25,3.0
SP1,2019-04-28,Girona,Sevilla,1654.75,1776.2,0.0,0.0,6.0,12.0,1.0,0.0,H,0.0,0.0,D,15.0,7.0,4.0,3.0,12.0,18.0,3.0,6.0,1.0,2.0,0.0,1.0,4.75,3.4,1.75
SP1,2019-04-28,Sociedad,Getafe,1712.1,1762.99,1.0,4.0,5.0,9.0,2.0,1.0,H,1.0,0.0,H,11.0,12.0,7.0,3.0,17.0,14.0,5.0,7.0,2.0,3.0,0.0,0.0,2.6,3.2,2.75
SP1,2019-04-28,Valencia,Eibar,1820.47,1718.61,6.0,9.0,1.0,4.0,0.0,1.0,A,0.0,0.0,D,7.0,13.0,2.0,3.0,10.0,15.0,7.0,6.0,2.0,3.0,0.0,0.0,1.45,4.5,6.5
SP1,2019-04-28,Vallecano,Real Madrid,1597.48,1892.35,1.0,4.0,5.0,8.0,1.0,0.0,H,1.0,0.0,H,11.0,9.0,5.0,3.0,21.0,6.0,6.0,6.0,2.0,5.0,0.0,0.0,7.5,4.5,1.4
SP1,2019-04-28,Villarreal,Huesca,1726.4,1611.62,9.0,10.0,5.0,7.0,1.0,1.0,D,1.0,0.0,H,18.0,13.0,5.0,3.0,15.0,22.0,0.0,1.0,5.0,2.0,0.0,1.0,1.55,4.0,6.5
SP1,2019-04-29,Betis,Espanol,1693.84,1703.48,0.0,3.0,5.0,9.0,1.0,1.0,D,0.0,1.0,A,18.0,10.0,5.0,4.0,16.0,14.0,6.0,5.0,4.0,1.0,0.0,0.0,2.3,3.3,3.1
SP1,2019-05-03,Sevilla,Leganes,1763.07,1678.88,3.0,9.0,1.0,3.0,0.0,3.0,A,0.0,2.0,A,7.0,9.0,3.0,5.0,11.0,23.0,3.0,4.0,1.0,1.0,0.0,0.0,1.36,5.0,8.5
SP1,2019-05-04,Alaves,Sociedad,1700.63,1711.5,2.0,3.0,3.0,4.0,0.0,1.0,A,0.0,1.0,A,17.0,9.0,6.0,2.0,7.0,22.0,13.0,6.0,1.0,3.0,0.0,0.0,2.5,3.25,2.9
SP1,2019-05-04,Celta,Barcelona,1680.44,2044.93,5.0,8.0,9.0,13.0,2.0,0.0,H,0.0,0.0,D,14.0,8.0,6.0,1.0,11.0,13.0,11.0,1.0,1.0,5.0,0.0,0.0,2.15,3.6,3.25
SP1,2019-05-04,Espanol,Ath Madrid,1704.37,1915.8,3.0,9.0,9.0,12.0,3.0,0.0,H,1.0,0.0,H,11.0,11.0,5.0,3.0,11.0,14.0,5.0,6.0,1.0,2.0,0.0,0.0,3.8,3.3,2.05
SP1,2019-05-04,Levante,Vallecano,1672.9,1604.87,4.0,5.0,4.0,7.0,4.0,1.0,H,2.0,0.0,H,12.0,20.0,7.0,3.0,17.0,12.0,6.0,7.0,1.0,4.0,0.0,1.0,1.95,3.8,3.6
SP1,2019-05-05,Eibar,Betis,1715.32,1673.99,3.0,4.0,1.0,4.0,1.0,0.0,H,1.0,0.0,H,14.0,12.0,6.0,6.0,15.0,7.0,11.0,8.0,3.0,2.0,0.0,0.0,2.05,3.6,3.5
SP1,2019-05-05,Getafe,Girona,1769.28,1652.81,4.0,8.0,3.0,3.0,2.0,0.0,H,1.0,0.0,H,13.0,4.0,8.0,2.0,15.0,13.0,1.0,3.0,3.0,3.0,0.0,1.0,1.8,3.6,4.75
SP1,2019-05-05,Huesca,Valencia,1632.28,1814.9,5.0,7.0,3.0,6.0,2.0,6.0,A,0.0,5.0,A,24.0,10.0,4.0,7.0,10.0,9.0,7.0,5.0,2.0,1.0,0.0,0.0,3.5,3.4,2.1
SP1,2019-05-05,Real Madrid,Villarreal,1880.98,1734.57,4.0,8.0,7.0,10.0,3.0,2.0,H,2.0,1.0,H,24.0,15.0,11.0,7.0,9.0,14.0,8.0,3.0,0.0,3.0,0.0,0.0,1.7,4.0,4.75
SP1,2019-05-05,Valladolid,Ath Bilbao,1613.82,1739.57,4.0,5.0,4.0,7.0,1.0,0.0,H,1.0,0.0,H,10.0,9.0,3.0,1.0,14.0,22.0,1.0,3.0,5.0,5.0,0.0,0.0,2.9,3.1,2.6
SP1,2019-05-12,Ath Bilbao,Celta,1739.57,1680.44,4.0,7.0,5.0,8.0,3.0,1.0,H,3.0,0.0,H,8.0,3.0,4.0,2.0,16.0,18.0,3.0,3.0,4.0,3.0,0.0,0.0,2.0,3.5,3.8
SP1,2019-05-12,Ath Madrid,Sevilla,1915.8,1763.07,6.0,12.0,3.0,6.0,1.0,1.0,D,1.0,0.0,H,11.0,11.0,4.0,5.0,16.0,12.0,5.0,7.0,5.0,4.0,0.0,0.0,2.1,3.6,3.4
SP1,2019-05-12,Barcelona,Getafe,2044.93,1769.28,6.0,10.0,4.0,8.0,2.0,0.0,H,1.0,0.0,H,13.0,11.0,8.0,0.0,9.0,13.0,4.0,3.0,1.0,3.0,0.0,0.0,1.53,4.33,6.0
SP1,2019-05-12,Betis,Huesca,1673.99,1632.28,1.0,1.0,4.0,6.0,2.0,1.0,H,1.0,0.0,H,17.0,9.0,8.0,2.0,13.0,15.0,9.0,2.0,3.0,5.0,0.0,1.0,1.55,4.33,5.75
SP1,2019-05-12,Girona,Levante,1652.81,1672.9,3.0,3.0,6.0,7.0,1.0,2.0,A,0.0,0.0,D,14.0,6.0,6.0,2.0,15.0,16.0,9.0,2.0,2.0,3.0,0.0,0.0,2.15,3.6,3.2
SP1,2019-05-12,Leganes,Espanol,1678.88,1704.37,4.0,5.0,5.0,9.0,0.0,2.0,A,0.0,1.0,A,11.0,19.0,4.0,7.0,11.0,9.0,6.0,7.0,4.0,1.0,1.0,0.0,2.4,3.5,2.87
SP1,2019-05-12,Sociedad,Real Madrid,1711.5,1880.98,6.0,7.0,4.0,8.0,3.0,1.0,H,1.0,1.0,D,19.0,6.0,7.0,2.0,12.0,16.0,5.0,2.0,1.0,2.0,0.0,1.0,3.0,3.6,2.3
SP1,2019-05-12,Valencia,Alaves,1814.9,1700.63,3.0,9.0,1.0,2.0,3.0,1.0,H,2.0,1.0,H,10.0,10.0,4.0,3.0,9.0,14.0,7.0,4.0,2.0,5.0,0.0,0.0,1.4,5.0,7.5
SP1,2019-05-12,Vallecano,Valladolid,1604.87,1613.82,3.0,4.0,6.0,8.0,1.0,2.0,A,0.0,1.0,A,16.0,9.0,5.0,6.0,13.0,9.0,4.0,2.0,2.0,2.0,0.0,0.0,4.2,3.8,1.8
SP1,2019-05-12,Villarreal,Eibar,1734.57,1715.32,4.0,10.0,6.0,7.0,1.0,0.0,H,0.0,0.0,D,11.0,4.0,3.0,0.0,11.0,14.0,5.0,3.0,3.0,2.0,0.0,0.0,1.6,4.33,5.0
SP1,2019-05-18,Alaves,Girona,1676.92,1629.47,1.0,2.0,3.0,3.0,2.0,1.0,H,1.0,0.0,H,14.0,13.0,7.0,4.0,13.0,10.0,6.0,4.0,3.0,3.0,0.0,0.0,2.25,3.5,3.1
SP1,2019-05-18,Celta,Vallecano,1684.64,1578.58,4.0,8.0,3.0,4.0,2.0,2.0,D,0.0,1.0,A,14.0,11.0,5.0,4.0,16.0,20.0,3.0,5.0,0.0,4.0,0.0,0.0,1.45,4.75,7.0
SP1,2019-05-18,Espanol,Sociedad,1729.6,1726.57,7.0,9.0,9.0,9.0,2.0,0.0,H,0.0,0.0,D,9.0,11.0,4.0,2.0,13.0,13.0,4.0,5.0,3.0,2.0,0.0,0.0,2.3,3.6,3.0
SP1,2019-05-18,Getafe,Villarreal,1762.98,1728.4,3.0,7.0,4.0,10.0,2.0,2.0,D,1.0,1.0,D,17.0,8.0,5.0,4.0,16.0,20.0,6.0,4.0,2.0,3.0,0.0,0.0,1.61,4.2,5.25
SP1,2019-05-18,Huesca,Leganes,1607.21,1677.46,1.0,5.0,4.0,4.0,2.0,1.0,H,0.0,1.0,A,15.0,9.0,6.0,1.0,18.0,12.0,4.0,6.0,0.0,1.0,0.0,0.0,2.5,3.75,2.62
SP1,2019-05-18,Levante,Ath Madrid,1681.15,1880.46,6.0,10.0,4.0,10.0,2.0,2.0,D,2.0,0.0,H,17.0,17.0,7.0,8.0,9.0,7.0,6.0,4.0,0.0,1.0,0.0,1.0,3.75,3.75,1.95
SP1,2019-05-18,Sevilla,Ath Bilbao,1738.98,1728.92,1.0,4.0,4.0,7.0,2.0,0.0,H,1.0,0.0,H,9.0,9.0,3.0,1.0,14.0,19.0,2.0,3.0,4.0,2.0,0.0,0.0,1.85,3.4,4.33
SP1,2019-05-18,Valladolid,Valencia,1623.67,1804.64,6.0,10.0,6.0,9.0,0.0,2.0,A,0.0,1.0,A,19.0,9.0,4.0,6.0,12.0,10.0,8.0,2.0,1.0,3.0,0.0,0.0,8.0,5.25,1.36
SP1,2019-05-19,Eibar,Barcelona,1705.8,2005.51,6.0,6.0,6.0,12.0,2.0,2.0,D,2.0,2.0,D,15.0,6.0,8.0,3.0,11.0,3.0,5.0,2.0,4.0,2.0,0.0,0.0,3.6,4.0,1.9
SP1,2019-05-19,Real Madrid,Betis,1860.75,1664.89,3.0,7.0,4.0,4.0,0.0,2.0,A,0.0,0.0,D,9.0,9.0,2.0,7.0,17.0,11.0,1.0,5.0,4.0,1.0,0.0,0.0,1.57,4.75,4.75
SP1,2019-08-16,Ath Bilbao,Barcelona,1721.77,2000.98,3.0,7.0,4.0,10.0,1.0,0.0,H,0.0,0.0,D,11.0,11.0,5.0,2.0,14.0,9.0,3.0,8.0,1.0,1.0,0.0,0.0,5.07,3.81,1.71
SP1,2019-08-17,Celta,Real Madrid,1680.91,1841.6,4.0,6.0,3.0,4.0,1.0,3.0,A,0.0,1.0,A,7.0,17.0,4.0,11.0,17.0,12.0,6.0,4.0,5.0,2.0,0.0,1.0,4.67,4.12,1.69
SP1,2019-08-17,Valencia,Sociedad,1813.41,1719.18,9.0,9.0,6.0,9.0,1.0,1.0,D,0.0,0.0,D,14.0,12.0,6.0,3.0,13.0,14.0,3.0,3.0,4.0,4.0,1.0,0.0,1.68,3.8,5.29
SP1,2019-08-17,Mallorca,Eibar,1566.71,1712.53,2.0,5.0,4.0,7.0,2.0,1.0,H,1.0,0.0,H,16.0,11.0,4.0,5.0,13.0,14.0,9.0,3.0,2.0,3.0,0.0,0.0,2.91,3.09,2.62
SP1,2019-08-17,Leganes,Osasuna,1670.55,1641.4,3.0,4.0,9.0,13.0,0.0,1.0,A,0.0,0.0,D,13.0,4.0,2.0,2.0,17.0,11.0,8.0,0.0,1.0,4.0,1.0,0.0,2.06,3.18,4.02
SP1,2019-08-17,Villarreal,Granada,1732.61,1599.51,4.0,8.0,5.0,11.0,4.0,4.0,D,1.0,1.0,D,12.0,14.0,7.0,7.0,10.0,16.0,2.0,7.0,3.0,1.0,0.0,0.0,1.61,3.95,5.8
SP1,2019-08-18,Alaves,Levante,1683.16,1685.64,3.0,4.0,7.0,10.0,1.0,0.0,H,0.0,0.0,D,9.0,16.0,2.0,4.0,18.0,15.0,2.0,9.0,2.0,1.0,0.0,0.0,2.23,3.25,3.43
SP1,2019-08-18,Espanol,Sevilla,1742.78,1748.34,9.0,11.0,4.0,7.0,0.0,2.0,A,0.0,1.0,A,7.0,12.0,2.0,4.0,11.0,17.0,8.0,4.0,2.0,2.0,0.0,0.0,3.08,3.41,2.33
SP1,2019-08-18,Betis,Valladolid,1686.25,1617.1,6.0,7.0,6.0,9.0,1.0,2.0,A,0.0,0.0,D,13.0,14.0,4.0,3.0,11.0,19.0,6.0,1.0,2.0,6.0,1.0,0.0,1.64,3.76,5.78
SP1,2019-08-18,Ath Madrid,Getafe,1878.18,1760.97,2.0,8.0,4.0,5.0,1.0,0.0,H,1.0,0.0,H,5.0,6.0,5.0,0.0,19.0,22.0,3.0,4.0,3.0,4.0,1.0,1.0,1.47,4.23,7.63
SP1,2019-08-23,Granada,Sevilla,1599.51,1748.34,5.0,9.0,7.0,7.0,0.0,1.0,A,0.0,0.0,D,12.0,11.0,0.0,6.0,13.0,14.0,6.0,6.0,1.0,1.0,0.0,0.0,3.95,3.58,1.94
SP1,2019-08-23,Levante,Villarreal,1685.64,1732.61,4.0,7.0,5.0,6.0,2.0,1.0,H,0.0,1.0,A,16.0,23.0,4.0,6.0,5.0,9.0,7.0,3.0,1.0,2.0,0.0,0.0,2.59,3.54,2.63
SP1,2019-08-24,Osasuna,Eibar,1641.4,1712.53,9.0,13.0,1.0,7.0,0.0,0.0,D,0.0,0.0,D,6.0,12.0,2.0,0.0,15.0,12.0,6.0,6.0,4.0,4.0,0.0,0.0,2.53,3.12,2.99
SP1,2019-08-24,Real Madrid,Valladolid,1841.6,1617.1,3.0,6.0,6.0,9.0,1.0,1.0,D,0.0,0.0,D,22.0,9.0,4.0,2.0,12.0,11.0,4.0,3.0,2.0,2.0,0.0,0.0,1.21,6.97,13.16
SP1,2019-08-24,Celta,Valencia,1680.91,1813.41,1.0,5.0,7.0,10.0,1.0,0.0,H,1.0,0.0,H,11.0,9.0,6.0,1.0,8.0,12.0,6.0,4.0,1.0,2.0,0.0,0.0,3.17,3.45,2.26
SP1,2019-08-24,Getafe,Ath Bilbao,1760.97,1721.77,1.0,4.0,6.0,7.0,1.0,1.0,D,1.0,1.0,D,6.0,4.0,2.0,2.0,15.0,11.0,4.0,6.0,2.0,1.0,0.0,0.0,2.61,2.94,3.06
SP1,2019-08-25,Alaves,Espanol,1683.16,1742.78,6.0,7.0,6.0,10.0,0.0,0.0,D,0.0,0.0,D,10.0,5.0,2.0,1.0,13.0,10.0,3.0,5.0,3.0,1.0,0.0,0.0,2.52,3.18,2.97
SP1,2019-08-25,Mallorca,Sociedad,1566.71,1719.18,5.0,8.0,4.0,10.0,0.0,1.0,A,0.0,0.0,D,12.0,12.0,4.0,4.0,16.0,12.0,5.0,5.0,1.0,2.0,0.0,0.0,3.02,3.23,2.44
SP1,2019-08-25,Leganes,Ath Madrid,1670.55,1878.18,0.0,4.0,5.0,8.0,0.0,1.0,A,0.0,0.0,D,10.0,6.0,4.0,4.0,12.0,13.0,9.0,4.0,4.0,5.0,0.0,0.0,5.18,3.29,1.81
SP1,2019-08-25,Barcelona,Betis,2000.98,1686.25,4.0,7.0,6.0,7.0,5.0,2.0,H,1.0,1.0,D,20.0,4.0,7.0,3.0,14.0,12.0,11.0,0.0,1.0,1.0,0.0,0.0,1.27,6.07,10.56
SP1,2019-08-30,Sevilla,Celta,1748.34,1680.91,9.0,10.0,4.0,7.0,1.0,1.0,D,0.0,0.0,D,19.0,2.0,5.0,1.0,16.0,9.0,9.0,1.0,4.0,2.0,0.0,0.0,1.55,4.31,5.97
SP1,2019-08-30,Ath Bilbao,Sociedad,1721.77,1719.18,4.0,7.0,4.0,10.0,2.0,0.0,H,2.0,0.0,H,15.0,2.0,5.0,2.0,17.0,17.0,3.0,0.0,2.0,3.0,0.0,0.0,2.33,3.07,3.45
SP1,2019-08-31,Osasuna,Barcelona,1641.4,2000.98,7.0,13.0,4.0,7.0,2.0,2.0,D,1.0,0.0,H,15.0,8.0,5.0,4.0,16.0,9.0,3.0,2.0,3.0,4.0,0.0,0.0,9.52,4.86,1.36
SP1,2019-08-31,Getafe,Alaves,1760.97,1683.16,2.0,5.0,7.0,7.0,1.0,1.0,D,1.0,1.0,D,15.0,5.0,1.0,1.0,11.0,17.0,4.0,2.0,3.0,1.0,0.0,0.0,1.77,3.34,5.55
SP1,2019-08-31,Levante,Valladolid,1685.64,1617.1,4.0,10.0,4.0,10.0,2.0,0.0,H,0.0,0.0,D,16.0,15.0,3.0,4.0,9.0,10.0,6.0,6.0,2.0,2.0,0.0,0.0,2.01,3.56,3.74
SP1,2019-08-31,Betis,Leganes,1686.25,1670.55,3.0,6.0,0.0,3.0,2.0,1.0,H,0.0,0.0,D,17.0,19.0,5.0,7.0,14.0,15.0,11.0,8.0,4.0,2.0,0.0,0.0,1.95,3.24,4.49
SP1,2019-09-01,Valencia,Mallorca,1800.67,1571.64,4.0,10.0,4.0,5.0,2.0,0.0,H,1.0,0.0,H,9.0,12.0,4.0,1.0,6.0,19.0,7.0,4.0,0.0,1.0,0.0,0.0,1.41,4.63,8.14
SP1,2019-09-01,Ath Madrid,Eibar,1888.07,1704.98,7.0,8.0,2.0,5.0,3.0,2.0,H,1.0,2.0,A,7.0,6.0,3.0,2.0,9.0,15.0,1.0,1.0,0.0,3.0,0.0,0.0,1.42,4.16,9.92
SP1,2019-09-01,Espanol,Granada,1735.76,1600.48,4.0,10.0,4.0,6.0,0.0,3.0,A,0.0,1.0,A,15.0,14.0,3.0,6.0,6.0,13.0,8.0,6.0,2.0,3.0,0.0,0.0,2.1,3.2,3.92
SP1,2019-09-01,Villarreal,Real Madrid,1721.43,1844.28,2.0,5.0,4.0,7.0,2.0,2.0,D,1.0,1.0,D,10.0,17.0,5.0,5.0,8.0,14.0,1.0,8.0,1.0,4.0,0.0,1.0,3.71,4.14,1.88
SP1,2019-09-13,Mallorca,Ath Bilbao,1571.64,1747.46,3.0,5.0,7.0,10.0,0.0,0.0,D,0.0,0.0,D,10.0,11.0,1.0,5.0,15.0,18.0,4.0,6.0,4.0,3.0,0.0,0.0,3.65,3.02,2.28
SP1,2019-09-14,Real Madrid,Levante,1844.28,1695.06,5.0,5.0,6.0,10.0,3.0,2.0,H,3.0,0.0,H,25.0,8.0,11.0,3.0,13.0,10.0,9.0,6.0,2.0,2.0,0.0,0.0,1.25,6.59,10.54
SP1,2019-09-14,Leganes,Villarreal,1650.18,1721.43,0.0,0.0,2.0,6.0,0.0,3.0,A,0.0,2.0,A,10.0,8.0,4.0,4.0,14.0,11.0,8.0,6.0,2.0,0.0,0.0,0.0,2.51,3.15,3.04
SP1,2019-09-14,Sociedad,Ath Madrid,1723.15,1888.07,4.0,7.0,9.0,11.0,2.0,0.0,H,0.0,0.0,D,14.0,12.0,5.0,2.0,13.0,10.0,5.0,5.0,1.0,3.0,0.0,0.0,3.73,3.15,2.17
SP1,2019-09-14,Barcelona,Valencia,1985.17,1800.67,4.0,8.0,4.0,10.0,5.0,2.0,H,2.0,1.0,H,17.0,9.0,10.0,3.0,11.0,11.0,2.0,5.0,1.0,4.0,0.0,0.0,1.47,4.59,6.69
SP1,2019-09-15,Eibar,Espanol,1702.34,1712.67,1.0,2.0,1.0,7.0,1.0,2.0,A,0.0,0.0,D,11.0,7.0,1.0,2.0,14.0,16.0,7.0,2.0,2.0,4.0,0.0,1.0,1.97,3.34,4.21
SP1,2019-09-15,Alaves,Sevilla,1693.51,1765.34,5.0,8.0,7.0,11.0,0.0,1.0,A,0.0,1.0,A,7.0,19.0,0.0,7.0,13.0,7.0,2.0,6.0,5.0,5.0,0.0,0.0,4.23,3.37,1.95
SP1,2019-09-15,Celta,Granada,1687.9,1623.57,4.0,5.0,4.0,8.0,0.0,2.0,A,0.0,1.0,A,4.0,13.0,0.0,3.0,11.0,13.0,3.0,5.0,4.0,2.0,2.0,0.0,1.84,3.64,4.4
SP1,2019-09-15,Valladolid,Osasuna,1630.38,1659.58,4.0,7.0,5.0,11.0,1.0,1.0,D,0.0,0.0,D,11.0,17.0,1.0,5.0,9.0,10.0,10.0,6.0,0.0,1.0,0.0,0.0,2.23,3.05,3.73
SP1,2019-09-15,Betis,Getafe,1679.49,1751.9,3.0,9.0,2.0,3.0,1.0,1.0,D,0.0,1.0,A,7.0,12.0,2.0,4.0,11.0,28.0,5.0,6.0,3.0,6.0,2.0,0.0,2.22,3.22,3.51
SP1,2019-09-20,Osasuna,Betis,1659.58,1679.49,3.0,9.0,4.0,7.0,0.0,0.0,D,0.0,0.0,D,12.0,7.0,6.0,2.0,15.0,9.0,9.0,4.0,1.0,2.0,0.0,0.0,2.34,3.37,3.12
SP1,2019-09-21,Villarreal,Valladolid,1737.06,1630.38,4.0,6.0,2.0,5.0,2.0,0.0,H,0.0,0.0,D,18.0,7.0,6.0,3.0,12.0,8.0,4.0,8.0,2.0,1.0,0.0,0.0,1.59,4.19,5.61
SP1,2019-09-21,Levante,Eibar,1692.1,1702.34,6.0,7.0,1.0,2.0,0.0,0.0,D,0.0,0.0,D,13.0,18.0,4.0,4.0,9.0,11.0,6.0,7.0,0.0,2.0,0.0,0.0,2.26,3.51,3.12
SP1,2019-09-21,Ath Madrid,Celta,1875.91,1687.9,6.0,10.0,4.0,5.0,0.0,0.0,D,0.0,0.0,D,20.0,6.0,5.0,3.0,14.0,12.0,13.0,3.0,3.0,5.0,0.0,0.0,1.42,4.35,8.61
SP1,2019-09-21,Granada,Barcelona,1623.57,1989.59,6.0,10.0,7.0,8.0,2.0,0.0,H,1.0,0.0,H,9.0,8.0,4.0,1.0,22.0,12.0,4.0,5.0,3.0,2.0,0.0,0.0,9.24,5.44,1.32
SP1,2019-09-22,Getafe,Mallorca,1751.9,1571.62,3.0,4.0,1.0,5.0,4.0,2.0,H,2.0,0.0,H,14.0,7.0,5.0,3.0,15.0,17.0,7.0,2.0,4.0,5.0,0.0,0.0,1.85,3.23,5.06
SP1,2019-09-22,Espanol,Sociedad,1712.67,1737.95,4.0,7.0,6.0,7.0,1.0,3.0,A,0.0,2.0,A,17.0,10.0,3.0,5.0,7.0,12.0,5.0,7.0,1.0,0.0,0.0,0.0,2.94,3.25,2.5
SP1,2019-09-22,Valencia,Leganes,1799.09,1635.76,3.0,7.0,0.0,0.0,1.0,1.0,D,1.0,1.0,D,13.0,13.0,4.0,4.0,14.0,23.0,6.0,6.0,3.0,4.0,0.0,0.0,1.59,3.9,6.16
SP1,2019-09-22,Ath Bilbao,Alaves,1744.65,1693.51,5.0,8.0,2.0,8.0,2.0,0.0,H,1.0,0.0,H,13.0,5.0,4.0,1.0,11.0,19.0,3.0,2.0,1.0,4.0,0.0,0.0,1.65,3.61,6.16
SP1,2019-09-22,Sevilla,Real Madrid,1765.34,1846.02,7.0,13.0,5.0,8.0,0.0,1.0,A,0.0,0.0,D,9.0,7.0,0.0,4.0,16.0,15.0,9.0,6.0,3.0,2.0,0.0,0.0,2.61,3.77,2.5
SP1,2019-09-24,Valladolid,Granada,1630.38,1623.57,1.0,5.0,9.0,10.0,1.0,1.0,D,1.0,1.0,D,9.0,6.0,5.0,4.0,21.0,18.0,6.0,3.0,3.0,2.0,0.0,0.0,2.36,3.17,3.27
SP1,2019-09-24,Betis,Levante,1679.49,1692.1,5.0,5.0,4.0,7.0,3.0,1.0,H,1.0,1.0,D,17.0,17.0,5.0,3.0,11.0,11.0,5.0,2.0,2.0,2.0,0.0,0.0,1.97,3.67,3.77
SP1,2019-09-24,Barcelona,Villarreal,1989.59,1737.06,4.0,7.0,7.0,8.0,2.0,1.0,H,2.0,1.0,H,8.0,11.0,4.0,3.0,4.0,13.0,6.0,5.0,4.0,2.0,0.0,0.0,1.31,6.06,8.84
SP1,2019-09-25,Leganes,Ath Bilbao,1635.76,1744.65,1.0,1.0,7.0,11.0,1.0,1.0,D,0.0,0.0,D,7.0,9.0,3.0,2.0,11.0,12.0,4.0,5.0,0.0,1.0,0.0,0.0,2.86,2.94,2.79
SP1,2019-09-25,Mallorca,Ath Madrid,1571.62,1875.91,1.0,4.0,4.0,10.0,0.0,2.0,A,0.0,1.0,A,9.0,13.0,3.0,3.0,8.0,15.0,8.0,5.0,3.0,5.0,0.0,1.0,6.33,3.65,1.63
SP1,2019-09-25,Valencia,Getafe,1799.09,1751.9,4.0,5.0,5.0,6.0,3.0,3.0,D,3.0,1.0,H,8.0,18.0,4.0,5.0,14.0,26.0,4.0,5.0,1.0,4.0,0.0,0.0,1.93,3.31,4.46
SP1,2019-09-25,Real Madrid,Osasuna,1846.02,1659.58,7.0,11.0,3.0,7.0,2.0,0.0,H,1.0,0.0,H,15.0,4.0,4.0,0.0,13.0,13.0,7.0,5.0,2.0,2.0,0.0,0.0,1.24,6.45,11.19
SP1,2019-09-26,Eibar,Sevilla,1702.34,1765.34,1.0,2.0,4.0,10.0,3.0,2.0,H,0.0,2.0,A,11.0,7.0,4.0,4.0,11.0,19.0,3.0,1.0,3.0,4.0,0.0,0.0,3.25,3.34,2.27
SP1,2019-09-26,Celta,Espanol,1687.9,1712.67,2.0,5.0,3.0,4.0,1.0,1.0,D,0.0,0.0,D,14.0,10.0,3.0,4.0,5.0,17.0,6.0,4.0,2.0,5.0,0.0,0.0,1.85,3.64,4.33
SP1,2019-09-26,Sociedad,Alaves,1737.95,1693.51,6.0,10.0,1.0,5.0,3.0,0.0,H,3.0,0.0,H,21.0,5.0,7.0,0.0,7.0,20.0,5.0,3.0,1.0,4.0,0.0,1.0,1.65,3.83,5.55
SP1,2019-09-27,Villarreal,Betis,1737.06,1679.49,6.0,7.0,5.0,8.0,5.0,1.0,H,1.0,0.0,H,17.0,11.0,10.0,6.0,13.0,8.0,3.0,7.0,2.0,2.0,0.0,0.0,1.87,3.82,4.04
SP1,2019-09-28,Ath Bilbao,Valencia,1744.65,1799.09,5.0,9.0,2.0,5.0,0.0,1.0,A,0.0,1.0,A,14.0,10.0,3.0,6.0,14.0,12.0,7.0,7.0,2.0,5.0,0.0,0.0,2.16,3.21,3.69
SP1,2019-09-28,Getafe,Barcelona,1751.9,1989.59,5.0,7.0,6.0,10.0,0.0,2.0,A,0.0,1.0,A,8.0,10.0,1.0,6.0,23.0,17.0,4.0,1.0,4.0,4.0,0.0,1.0,4.38,3.44,1.89
SP1,2019-09-28,Granada,Leganes,1623.57,1635.76,7.0,10.0,2.0,2.0,1.0,0.0,H,1.0,0.0,H,11.0,15.0,4.0,6.0,19.0,12.0,8.0,3.0,3.0,4.0,0.0,0.0,2.36,3.07,3.35
SP1,2019-09-28,Ath Madrid,Real Madrid,1875.91,1846.02,4.0,10.0,9.0,11.0,0.0,0.0,D,0.0,0.0,D,7.0,14.0,1.0,3.0,14.0,14.0,5.0,7.0,1.0,2.0,0.0,0.0,2.41,3.33,3.0
SP1,2019-09-29,Espanol,Valladolid,1712.67,1630.38,4.0,5.0,2.0,3.0,0.0,2.0,A,0.0,1.0,A,16.0,9.0,2.0,6.0,16.0,13.0,4.0,3.0,2.0,0.0,1.0,0.0,2.03,3.26,4.08
SP1,2019-09-29,Eibar,Celta,1702.34,1687.9,4.0,5.0,2.0,6.0,2.0,0.0,H,0.0,0.0,D,7.0,3.0,3.0,2.0,17.0,15.0,6.0,5.0,3.0,1.0,0.0,0.0,2.36,3.3,3.13
SP1,2019-09-29,Alaves,Mallorca,1693.51,1571.62,0.0,2.0,1.0,1.0,2.0,0.0,H,0.0,0.0,D,11.0,5.0,6.0,1.0,16.0,14.0,4.0,1.0,2.0,3.0,0.0,0.0,2.25,3.13,3.52
SP1,2019-09-29,Levante,Osasuna,1692.1,1659.58,1.0,7.0,2.0,4.0,1.0,1.0,D,1.0,0.0,H,10.0,18.0,5.0,3.0,12.0,12.0,7.0,11.0,6.0,0.0,1.0,0.0,2.15,3.45,3.41
SP1,2019-09-29,Sevilla,Sociedad,1765.34,1737.95,3.0,7.0,9.0,12.0,3.0,2.0,H,1.0,1.0,D,21.0,5.0,8.0,2.0,9.0,8.0,7.0,0.0,1.0,1.0,0.0,0.0,1.87,3.56,4.33
SP1,2019-10-04,Betis,Eibar,1679.11,1709.6,4.0,8.0,7.0,7.0,1.0,1.0,D,0.0,1.0,A,12.0,8.0,3.0,2.0,7.0,20.0,4.0,9.0,3.0,6.0,0.0,1.0,2.02,3.62,3.68
SP1,2019-10-05,Leganes,Levante,1636.25,1677.28,2.0,2.0,2.0,5.0,1.0,2.0,A,0.0,1.0,A,25.0,9.0,10.0,2.0,10.0,7.0,9.0,4.0,3.0,5.0,0.0,0.0,1.98,3.44,4.0
SP1,2019-10-05,Real Madrid,Granada,1849.04,1666.34,7.0,11.0,7.0,13.0,4.0,2.0,H,2.0,0.0,H,17.0,8.0,10.0,5.0,12.0,18.0,6.0,2.0,4.0,5.0,0.0,0.0,1.3,5.78,9.42
SP1,2019-10-05,Valencia,Alaves,1809.37,1675.01,5.0,8.0,3.0,4.0,2.0,1.0,H,1.0,0.0,H,11.0,10.0,3.0,4.0,7.0,16.0,4.0,7.0,1.0,3.0,0.0,0.0,1.52,4.1,6.81
SP1,2019-10-05,Osasuna,Villarreal,1657.66,1749.35,2.0,4.0,6.0,10.0,2.0,1.0,H,0.0,1.0,A,16.0,16.0,4.0,5.0,9.0,15.0,8.0,9.0,2.0,2.0,0.0,0.0,2.99,3.28,2.45
SP1,2019-10-06,Mallorca,Espanol,1556.86,1685.27,0.0,1.0,1.0,4.0,2.0,0.0,H,1.0,0.0,H,9.0,11.0,3.0,3.0,11.0,11.0,2.0,4.0,1.0,3.0,0.0,0.0,2.49,3.13,3.06
SP1,2019-10-06,Celta,Ath Bilbao,1667.95,1740.93,2.0,3.0,4.0,8.0,1.0,0.0,H,0.0,0.0,D,13.0,6.0,2.0,2.0,8.0,20.0,6.0,4.0,0.0,5.0,0.0,0.0,2.7,3.04,2.87
SP1,2019-10-06,Valladolid,Ath Madrid,1638.7,1867.68,4.0,5.0,5.0,8.0,0.0,0.0,D,0.0,0.0,D,5.0,9.0,1.0,1.0,15.0,14.0,3.0,4.0,6.0,4.0,0.0,0.0,5.36,3.52,1.74
SP1,2019-10-06,Sociedad,Getafe,1752.52,1753.91,6.0,9.0,4.0,6.0,1.0,2.0,A,1.0,0.0,H,6.0,13.0,3.0,4.0,20.0,15.0,3.0,8.0,2.0,4.0,1.0,0.0,1.9,3.36,4.46
SP1,2019-10-06,Barcelona,Sevilla,1975.07,1767.76,6.0,10.0,3.0,7.0,4.0,0.0,H,3.0,0.0,H,15.0,16.0,8.0,4.0,10.0,12.0,7.0,10.0,5.0,3.0,2.0,0.0,1.51,4.46,6.19
SP1,2019-10-18,Granada,Osasuna,1665.83,1669.57,4.0,10.0,4.0,6.0,1.0,0.0,H,1.0,0.0,H,6.0,9.0,2.0,4.0,12.0,17.0,2.0,7.0,2.0,8.0,0.0,1.0,2.4,3.01,3.38
SP1,2019-10-19,Eibar,Barcelona,1714.19,1985.06,7.0,8.0,9.0,12.0,0.0,3.0,A,0.0,1.0,A,5.0,9.0,0.0,4.0,16.0,14.0,2.0,2.0,5.0,0.0,0.0,0.0,5.8,4.5,1.53
SP1,2019-10-19,Ath Madrid,Valencia,1873.4,1801.31,5.0,6.0,7.0,8.0,1.0,1.0,D,1.0,0.0,H,15.0,11.0,4.0,3.0,18.0,12.0,2.0,4.0,2.0,1.0,0.0,1.0,1.61,3.87,5.95
SP1,2019-10-19,Getafe,Leganes,1774.2,1630.7,4.0,8.0,1.0,2.0,2.0,0.0,H,0.0,0.0,D,5.0,7.0,2.0,3.0,17.0,19.0,2.0,3.0,1.0,4.0,0.0,0.0,1.84,3.21,5.17
SP1,2019-10-19,Mallorca,Real Madrid,1574.28,1850.26,3.0,4.0,7.0,13.0,1.0,0.0,H,1.0,0.0,H,5.0,13.0,1.0,4.0,20.0,14.0,4.0,4.0,2.0,2.0,0.0,1.0,6.26,4.34,1.52
SP1,2019-10-20,Alaves,Celta,1674.62,1679.39,3.0,3.0,4.0,5.0,2.0,0.0,H,0.0,0.0,D,12.0,14.0,5.0,2.0,20.0,5.0,4.0,6.0,5.0,1.0,0.0,0.0,2.96,3.0,2.65
SP1,2019-10-20,Sociedad,Betis,1746.21,1681.18,3.0,9.0,4.0,6.0,3.0,1.0,H,2.0,1.0,H,18.0,12.0,6.0,5.0,23.0,12.0,11.0,2.0,4.0,2.0,0.0,0.0,1.76,3.88,4.5
SP1,2019-10-20,Espanol,Villarreal,1687.68,1744.1,1.0,4.0,3.0,9.0,0.0,1.0,A,0.0,1.0,A,18.0,11.0,3.0,5.0,11.0,14.0,7.0,3.0,2.0,1.0,0.0,0.0,3.04,3.4,2.36
SP1,2019-10-20,Ath Bilbao,Valladolid,1736.14,1646.39,1.0,5.0,5.0,6.0,1.0,1.0,D,1.0,0.0,H,19.0,9.0,7.0,3.0,12.0,9.0,3.0,4.0,2.0,3.0,0.0,0.0,1.69,3.46,6.03
SP1,2019-10-20,Sevilla,Levante,1769.22,1689.49,3.0,6.0,4.0,5.0,1.0,0.0,H,0.0,0.0,D,19.0,12.0,5.0,5.0,10.0,11.0,9.0,1.0,2.0,2.0,0.0,0.0,1.33,5.53,8.64
SP1,2019-10-25,Villarreal,Alaves,1744.1,1674.62,6.0,9.0,6.0,6.0,4.0,1.0,H,1.0,0.0,H,19.0,12.0,8.0,3.0,12.0,13.0,5.0,4.0,2.0,2.0,0.0,0.0,1.52,4.25,6.58
SP1,2019-10-26,Leganes,Mallorca,1630.7,1574.28,0.0,2.0,6.0,6.0,1.0,0.0,H,1.0,0.0,H,9.0,9.0,3.0,1.0,19.0,13.0,4.0,5.0,4.0,1.0,0.0,0.0,1.85,3.39,4.79
SP1,2019-10-26,Valladolid,Eibar,1646.39,1714.19,5.0,6.0,4.0,8.0,2.0,0.0,H,2.0,0.0,H,8.0,13.0,4.0,3.0,13.0,13.0,4.0,3.0,1.0,2.0,0.0,0.0,2.42,3.12,3.17
SP1,2019-10-26,Ath Madrid,Ath Bilbao,1873.4,1736.14,3.0,7.0,1.0,5.0,2.0,0.0,H,1.0,0.0,H,9.0,9.0,2.0,2.0,14.0,9.0,7.0,7.0,2.0,2.0,0.0,0.0,1.74,3.37,5.73
SP1,2019-10-27,Celta,Sociedad,1679.39,1746.21,3.0,5.0,3.0,9.0,0.0,1.0,A,0.0,0.0,D,9.0,9.0,1.0,4.0,20.0,12.0,3.0,7.0,5.0,2.0,1.0,0.0,2.84,3.29,2.54
SP1,2019-10-27,Granada,Betis,1665.83,1681.18,6.0,10.0,1.0,5.0,1.0,0.0,H,0.0,0.0,D,13.0,12.0,3.0,0.0,13.0,8.0,4.0,2.0,3.0,4.0,0.0,0.0,2.5,3.33,2.87
SP1,2019-10-27,Levante,Espanol,1689.49,1687.68,4.0,5.0,0.0,1.0,0.0,1.0,A,0.0,1.0,A,7.0,14.0,3.0,3.0,10.0,26.0,4.0,7.0,2.0,3.0,0.0,0.0,2.19,3.4,3.38
SP1,2019-10-27,Sevilla,Getafe,1769.22,1774.2,6.0,6.0,6.0,10.0,2.0,0.0,H,0.0,0.0,D,15.0,9.0,8.0,4.0,13.0,18.0,5.0,0.0,2.0,3.0,0.0,0.0,1.73,3.62,5.22
SP1,2019-10-27,Osasuna,Valencia,1669.57,1801.31,4.0,5.0,7.0,9.0,3.0,1.0,H,1.0,1.0,D,21.0,2.0,13.0,1.0,8.0,6.0,6.0,1.0,1.0,1.0,0.0,1.0,2.78,3.17,2.68
SP1,2019-10-29,Alaves,Ath Madrid,1674.62,1873.4,3.0,6.0,5.0,9.0,1.0,1.0,D,0.0,0.0,D,11.0,9.0,3.0,3.0,23.0,16.0,4.0,1.0,3.0,3.0,0.0,0.0,6.12,3.45,1.69
SP1,2019-10-29,Barcelona,Valladolid,1985.06,1646.39,9.0,12.0,5.0,9.0,5.0,1.0,H,3.0,1.0,H,18.0,9.0,9.0,1.0,9.0,14.0,6.0,3.0,0.0,3.0,0.0,0.0,1.13,9.03,19.44
SP1,2019-10-30,Sociedad,Levante,1746.21,1689.49,6.0,9.0,3.0,4.0,1.0,2.0,A,0.0,2.0,A,17.0,13.0,5.0,4.0,15.0,12.0,9.0,5.0,3.0,4.0,0.0,0.0,1.5,4.55,6.21
SP1,2019-10-30,Valencia,Sevilla,1801.31,1769.22,4.0,8.0,6.0,9.0,1.0,1.0,D,0.0,1.0,A,10.0,10.0,3.0,1.0,12.0,17.0,6.0,1.0,6.0,3.0,0.0,0.0,2.84,3.38,2.5
SP1,2019-10-30,Ath Bilbao,Espanol,1736.14,1687.68,1.0,2.0,3.0,4.0,3.0,0.0,H,2.0,0.0,H,7.0,12.0,5.0,5.0,13.0,20.0,2.0,5.0,0.0,1.0,0.0,0.0,1.91,3.19,4.76
SP1,2019-10-30,Betis,Celta,1681.18,1679.39,1.0,4.0,3.0,4.0,2.0,1.0,H,1.0,0.0,H,11.0,18.0,7.0,5.0,16.0,17.0,5.0,10.0,6.0,1.0,0.0,0.0,2.07,3.47,3.63
SP1,2019-10-30,Real Madrid,Leganes,1850.26,1630.7,4.0,10.0,3.0,4.0,5.0,0.0,H,3.0,0.0,H,22.0,5.0,11.0,3.0,12.0,12.0,8.0,3.0,1.0,5.0,0.0,0.0,1.27,5.87,11.5
SP1,2019-10-31,Eibar,Villarreal,1714.19,1744.1,1.0,7.0,6.0,9.0,2.0,1.0,H,0.0,0.0,D,25.0,9.0,8.0,2.0,11.0,12.0,8.0,3.0,0.0,3.0,0.0,0.0,2.73,3.42,2.56
SP1,2019-10-31,Mallorca,Osasuna,1574.28,1669.57,6.0,6.0,6.0,7.0,2.0,2.0,D,1.0,0.0,H,11.0,12.0,3.0,4.0,9.0,10.0,5.0,3.0,1.0,5.0,0.0,0.0,2.53,3.01,3.1
SP1,2019-10-31,Getafe,Granada,1774.2,1665.83,6.0,7.0,6.0,10.0,3.0,1.0,H,2.0,0.0,H,8.0,10.0,3.0,2.0,22.0,11.0,2.0,3.0,5.0,5.0,0.0,0.0,1.92,3.25,4.57
SP1,2019-11-02,Espanol,Valencia,1687.89,1787.72,3.0,3.0,2.0,8.0,1.0,2.0,A,1.0,0.0,H,13.0,11.0,4.0,4.0,20.0,14.0,5.0,5.0,0.0,1.0,0.0,0.0,2.77,3.21,2.68
SP1,2019-11-02,Levante,Barcelona,1688.09,1996.91,3.0,7.0,9.0,15.0,3.0,1.0,H,0.0,1.0,A,9.0,9.0,3.0,6.0,9.0,13.0,2.0,3.0,1.0,6.0,0.0,0.0,8.36,5.92,1.32
SP1,2019-11-02,Sevilla,Ath Madrid,1785.94,1875.11,7.0,10.0,5.0,7.0,1.0,1.0,D,1.0,0.0,H,11.0,14.0,4.0,5.0,13.0,16.0,6.0,3.0,4.0,3.0,0.0,0.0,2.39,3.14,3.24
SP1,2019-11-02,Real Madrid,Betis,1846.94,1675.06,6.0,10.0,3.0,4.0,0.0,0.0,D,0.0,0.0,D,22.0,13.0,7.0,3.0,11.0,17.0,9.0,4.0,2.0,4.0,0.0,0.0,1.28,6.27,9.58
SP1,2019-11-03,Valladolid,Mallorca,1660.33,1583.28,4.0,8.0,4.0,7.0,3.0,0.0,H,1.0,0.0,H,12.0,14.0,6.0,1.0,15.0,20.0,2.0,6.0,5.0,4.0,0.0,0.0,2.07,3.29,3.86
SP1,2019-11-03,Villarreal,Ath Bilbao,1753.83,1737.52,6.0,9.0,4.0,4.0,0.0,0.0,D,0.0,0.0,D,11.0,12.0,7.0,2.0,10.0,8.0,8.0,10.0,2.0,0.0,0.0,0.0,1.88,3.5,4.36
SP1,2019-11-03,Osasuna,Alaves,1677.45,1679.9,4.0,8.0,4.0,7.0,4.0,2.0,H,3.0,1.0,H,19.0,11.0,6.0,3.0,13.0,17.0,5.0,1.0,4.0,2.0,0.0,0.0,2.08,3.04,4.25
SP1,2019-11-03,Celta,Getafe,1657.69,1764.79,0.0,3.0,6.0,9.0,0.0,1.0,A,0.0,1.0,A,6.0,9.0,2.0,5.0,6.0,19.0,4.0,4.0,3.0,3.0,0.0,0.0,2.57,3.05,3.02
SP1,2019-11-03,Leganes,Eibar,1627.13,1705.82,3.0,3.0,3.0,7.0,1.0,2.0,A,1.0,1.0,D,12.0,7.0,5.0,4.0,16.0,20.0,4.0,2.0,5.0,2.0,0.0,0.0,2.32,3.17,3.32
SP1,2019-11-03,Granada,Sociedad,1673.05,1749.47,6.0,9.0,6.0,6.0,1.0,2.0,A,1.0,1.0,D,5.0,9.0,3.0,5.0,15.0,19.0,4.0,5.0,0.0,2.0,0.0,0.0,3.05,3.17,2.47
SP1,2019-11-08,Sociedad,Leganes,1749.47,1627.13,6.0,9.0,3.0,3.0,1.0,1.0,D,0.0,0.0,D,11.0,6.0,5.0,2.0,14.0,23.0,5.0,1.0,2.0,6.0,0.0,1.0,1.84,3.34,4.95
SP1,2019-11-09,Alaves,Valladolid,1679.9,1660.33,1.0,4.0,6.0,8.0,3.0,0.0,H,2.0,0.0,H,14.0,7.0,5.0,1.0,21.0,16.0,6.0,7.0,3.0,3.0,0.0,0.0,2.4,3.02,3.34
SP1,2019-11-09,Valencia,Granada,1787.72,1673.05,4.0,8.0,3.0,6.0,2.0,0.0,H,0.0,0.0,D,12.0,13.0,4.0,1.0,11.0,15.0,7.0,4.0,0.0,5.0,0.0,0.0,1.67,3.63,5.87
SP1,2019-11-09,Eibar,Real Madrid,1705.82,1846.94,6.0,7.0,4.0,8.0,0.0,4.0,A,0.0,3.0,A,14.0,10.0,1.0,5.0,9.0,8.0,6.0,6.0,0.0,0.0,0.0,0.0,5.48,4.13,1.6
SP1,2019-11-09,Barcelona,Celta,1996.91,1657.69,6.0,12.0,0.0,3.0,4.0,1.0,H,2.0,1.0,H,10.0,6.0,7.0,5.0,18.0,14.0,2.0,2.0,4.0,1.0,0.0,0.0,1.21,6.93,13.22
SP1,2019-11-10,Mallorca,Villarreal,1583.28,1753.83,1.0,7.0,4.0,7.0,3.0,1.0,H,2.0,0.0,H,5.0,22.0,3.0,6.0,18.0,17.0,2.0,5.0,2.0,3.0,0.0,0.0,3.35,3.45,2.17
SP1,2019-11-10,Ath Bilbao,Levante,1737.52,1688.09,4.0,5.0,6.0,9.0,2.0,1.0,H,0.0,1.0,A,23.0,8.0,10.0,2.0,13.0,13.0,10.0,2.0,3.0,2.0,0.0,0.0,1.69,3.77,5.18
SP1,2019-11-10,Ath Madrid,Espanol,1875.11,1687.89,5.0,7.0,3.0,3.0,3.0,1.0,H,1.0,1.0,D,18.0,10.0,5.0,1.0,12.0,15.0,9.0,2.0,2.0,2.0,0.0,0.0,1.46,4.02,8.64
SP1,2019-11-10,Getafe,Osasuna,1764.79,1677.45,6.0,12.0,7.0,10.0,0.0,0.0,D,0.0,0.0,D,14.0,4.0,5.0,1.0,15.0,16.0,9.0,5.0,2.0,4.0,0.0,0.0,1.95,3.26,4.35
SP1,2019-11-10,Betis,Sevilla,1675.06,1785.94,4.0,5.0,5.0,8.0,1.0,2.0,A,1.0,1.0,D,18.0,10.0,5.0,6.0,12.0,21.0,4.0,4.0,2.0,3.0,0.0,0.0,3.4,3.44,2.15
SP1,2019-11-22,Levante,Mallorca,1699.88,1588.47,6.0,6.0,4.0,7.0,2.0,1.0,H,0.0,0.0,D,13.0,14.0,6.0,7.0,13.0,9.0,3.0,6.0,2.0,1.0,1.0,0.0,1.77,3.77,4.64
SP1,2019-11-23,Leganes,Barcelona,1622.61,1969.96,1.0,4.0,6.0,12.0,1.0,2.0,A,1.0,0.0,H,9.0,11.0,4.0,6.0,11.0,10.0,0.0,6.0,1.0,2.0,0.0,0.0,6.98,4.46,1.47
SP1,2019-11-23,Betis,Valencia,1672.05,1803.72,4.0,4.0,7.0,8.0,2.0,1.0,H,1.0,1.0,D,25.0,9.0,8.0,3.0,9.0,13.0,5.0,4.0,2.0,2.0,0.0,0.0,2.41,3.4,2.93
SP1,2019-11-23,Granada,Ath Madrid,1658.4,1866.54,0.0,6.0,5.0,9.0,1.0,1.0,D,0.0,0.0,D,9.0,17.0,3.0,6.0,15.0,17.0,2.0,8.0,4.0,3.0,0.0,0.0,4.89,3.1,1.92
SP1,2019-11-23,Real Madrid,Sociedad,1856.1,1750.09,7.0,10.0,4.0,10.0,3.0,1.0,H,1.0,1.0,D,18.0,11.0,10.0,6.0,13.0,16.0,4.0,3.0,1.0,1.0,0.0,0.0,1.37,5.4,7.42
SP1,2019-11-24,Espanol,Getafe,1684.74,1756.68,0.0,3.0,7.0,10.0,1.0,1.0,D,1.0,1.0,D,6.0,11.0,2.0,2.0,23.0,12.0,3.0,3.0,3.0,4.0,0.0,0.0,2.77,2.94,2.85
SP1,2019-11-24,Osasuna,Ath Bilbao,1688.51,1743.64,5.0,8.0,7.0,8.0,1.0,2.0,A,0.0,1.0,A,12.0,6.0,7.0,4.0,15.0,18.0,6.0,2.0,4.0,3.0,0.0,0.0,2.61,2.98,3.01
SP1,2019-11-24,Eibar,Alaves,1698.63,1679.61,6.0,6.0,4.0,7.0,0.0,2.0,A,0.0,0.0,D,18.0,7.0,7.0,5.0,10.0,11.0,10.0,4.0,1.0,2.0,0.0,0.0,1.85,3.4,4.65
SP1,2019-11-24,Villarreal,Celta,1734.42,1646.4,1.0,7.0,0.0,0.0,1.0,3.0,A,0.0,0.0,D,15.0,11.0,1.0,7.0,12.0,9.0,8.0,2.0,3.0,2.0,0.0,0.0,1.77,3.87,4.41
SP1,2019-11-24,Valladolid,Sevilla,1655.73,1793.12,3.0,7.0,5.0,11.0,0.0,1.0,A,0.0,1.0,A,7.0,4.0,1.0,2.0,13.0,25.0,8.0,4.0,3.0,4.0,0.0,1.0,4.14,3.59,1.89
SP1,2019-11-29,Celta,Valladolid,1646.4,1655.73,3.0,3.0,3.0,6.0,0.0,0.0,D,0.0,0.0,D,13.0,9.0,5.0,2.0,11.0,17.0,11.0,3.0,1.0,3.0,0.0,0.0,1.74,3.62,5.13
SP1,2019-11-30,Alaves,Real Madrid,1679.61,1856.1,6.0,7.0,7.0,10.0,1.0,2.0,A,0.0,0.0,D,8.0,12.0,2.0,6.0,18.0,11.0,9.0,4.0,4.0,3.0,0.0,0.0,6.03,4.44,1.52
SP1,2019-11-30,Sociedad,Eibar,1750.09,1698.63,4.0,7.0,3.0,6.0,4.0,1.0,H,1.0,1.0,D,15.0,10.0,4.0,4.0,8.0,12.0,6.0,4.0,1.0,4.0,0.0,0.0,1.71,3.84,4.93
SP1,2019-11-30,Mallorca,Betis,1588.47,1672.05,3.0,4.0,4.0,7.0,1.0,2.0,A,0.0,2.0,A,16.0,15.0,7.0,3.0,16.0,15.0,6.0,5.0,3.0,4.0,1.0,0.0,2.66,3.33,2.68
SP1,2019-11-30,Valencia,Villarreal,1803.72,1734.42,6.0,7.0,1.0,4.0,2.0,1.0,H,0.0,0.0,D,13.0,24.0,7.0,7.0,8.0,17.0,6.0,4.0,1.0,2.0,0.0,0.0,2.38,3.43,2.96
SP1,2019-12-01,Sevilla,Leganes,1801.63,1620.31,7.0,11.0,1.0,4.0,1.0,0.0,H,0.0,0.0,D,16.0,8.0,8.0,4.0,16.0,7.0,7.0,4.0,3.0,3.0,0.0,0.0,1.53,4.01,6.86
SP1,2019-12-01,Ath Bilbao,Granada,1752.63,1662.16,7.0,10.0,1.0,4.0,2.0,0.0,H,1.0,0.0,H,14.0,8.0,6.0,1.0,18.0,16.0,4.0,3.0,5.0,4.0,0.0,0.0,1.71,3.42,5.85
SP1,2019-12-01,Espanol,Osasuna,1681.85,1679.88,1.0,4.0,4.0,8.0,2.0,4.0,A,1.0,0.0,H,12.0,14.0,5.0,8.0,12.0,16.0,2.0,3.0,1.0,4.0,0.0,1.0,2.21,3.23,3.49
SP1,2019-12-01,Getafe,Levante,1761.53,1703.76,5.0,8.0,6.0,9.0,4.0,0.0,H,0.0,0.0,D,13.0,7.0,9.0,2.0,22.0,14.0,6.0,7.0,2.0,3.0,0.0,0.0,1.68,3.77,5.32
SP1,2019-12-01,Ath Madrid,Barcelona,1857.53,1976.74,5.0,9.0,6.0,12.0,0.0,1.0,A,0.0,0.0,D,17.0,13.0,2.0,5.0,12.0,11.0,9.0,5.0,4.0,4.0,0.0,0.0,2.79,3.24,2.61
SP1,2019-12-06,Villarreal,Ath Madrid,1713.22,1857.53,0.0,1.0,4.0,6.0,0.0,0.0,D,0.0,0.0,D,23.0,18.0,3.0,3.0,11.0,11.0,11.0,6.0,2.0,1.0,0.0,0.0,3.52,3.29,2.19
SP1,2019-12-07,Real Madrid,Espanol,1865.09,1681.85,9.0,13.0,1.0,1.0,2.0,0.0,H,1.0,0.0,H,18.0,6.0,8.0,2.0,15.0,13.0,5.0,3.0,4.0,3.0,1.0,0.0,1.2,7.06,14.13
SP1,2019-12-07,Granada,Alaves,1662.16,1689.28,1.0,1.0,6.0,7.0,3.0,0.0,H,0.0,0.0,D,13.0,5.0,3.0,1.0,16.0,17.0,6.0,2.0,1.0,4.0,0.0,2.0,2.24,3.06,3.65
SP1,2019-12-07,Levante,Valencia,1703.76,1799.79,3.0,9.0,6.0,10.0,2.0,4.0,A,2.0,1.0,H,17.0,10.0,6.0,6.0,14.0,14.0,5.0,1.0,5.0,2.0,1.0,0.0,3.05,3.76,2.2
SP1,2019-12-07,Barcelona,Mallorca,1976.74,1577.46,9.0,12.0,3.0,4.0,5.0,2.0,H,4.0,1.0,H,25.0,9.0,17.0,3.0,15.0,10.0,8.0,4.0,3.0,0.0,0.0,0.0,1.12,9.16,21.61
SP1,2019-12-08,Eibar,Getafe,1675.38,1761.53,0.0,6.0,5.0,11.0,0.0,1.0,A,0.0,0.0,D,6.0,6.0,3.0,3.0,16.0,15.0,3.0,8.0,5.0,1.0,1.0,0.0,2.77,2.98,2.83
SP1,2019-12-08,Betis,Ath Bilbao,1689.16,1752.63,6.0,10.0,9.0,13.0,3.0,2.0,H,3.0,1.0,H,10.0,8.0,6.0,2.0,12.0,15.0,3.0,3.0,2.0,4.0,0.0,0.0,2.33,3.24,3.21
SP1,2019-12-08,Valladolid,Sociedad,1651.87,1753.2,1.0,4.0,4.0,7.0,0.0,0.0,D,0.0,0.0,D,4.0,16.0,2.0,2.0,10.0,19.0,1.0,4.0,0.0,4.0,0.0,0.0,3.27,3.22,2.31
SP1,2019-12-08,Leganes,Celta,1620.31,1661.07,1.0,1.0,4.0,4.0,3.0,2.0,H,2.0,0.0,H,15.0,9.0,8.0,4.0,14.0,11.0,3.0,5.0,3.0,3.0,0.0,1.0,2.35,3.09,3.34
SP1,2019-12-08,Osasuna,Sevilla,1679.88,1801.63,4.0,8.0,9.0,11.0,1.0,1.0,D,1.0,1.0,D,10.0,13.0,1.0,4.0,22.0,10.0,2.0,6.0,4.0,4.0,1.0,0.0,3.44,3.38,2.16
SP1,2019-12-13,Alaves,Leganes,1689.28,1620.31,3.0,6.0,3.0,4.0,1.0,1.0,D,0.0,1.0,A,10.0,3.0,3.0,1.0,14.0,17.0,2.0,0.0,2.0,3.0,0.0,0.0,2.53,2.95,3.2
SP1,2019-12-14,Granada,Levante,1662.16,1703.76,4.0,4.0,3.0,6.0,1.0,2.0,A,0.0,0.0,D,18.0,13.0,4.0,6.0,14.0,12.0,8.0,6.0,4.0,3.0,0.0,0.0,2.01,3.55,3.73
SP1,2019-12-14,Sociedad,Barcelona,1753.2,1976.74,4.0,8.0,9.0,12.0,2.0,2.0,D,1.0,1.0,D,19.0,9.0,5.0,5.0,7.0,8.0,8.0,5.0,0.0,1.0,0.0,0.0,4.76,4.24,1.67
SP1,2019-12-14,Ath Bilbao,Eibar,1752.63,1675.38,6.0,10.0,0.0,3.0,0.0,0.0,D,0.0,0.0,D,8.0,8.0,3.0,2.0,7.0,12.0,6.0,7.0,3.0,3.0,0.0,0.0,1.7,3.58,5.52
SP1,2019-12-14,Ath Madrid,Osasuna,1857.53,1679.88,2.0,6.0,4.0,8.0,2.0,0.0,H,0.0,0.0,D,19.0,15.0,9.0,3.0,16.0,10.0,6.0,5.0,2.0,1.0,0.0,0.0,1.4,4.27,10.06
SP1,2019-12-15,Getafe,Valladolid,1786.5,1654.81,7.0,11.0,2.0,5.0,2.0,0.0,H,1.0,0.0,H,7.0,10.0,3.0,3.0,28.0,10.0,4.0,3.0,3.0,3.0,0.0,0.0,1.65,3.58,6.07
SP1,2019-12-15,Celta,Mallorca,1655.94,1578.36,4.0,4.0,0.0,3.0,2.0,2.0,D,1.0,1.0,D,18.0,8.0,7.0,2.0,14.0,16.0,3.0,3.0,3.0,5.0,0.0,1.0,1.69,3.76,5.22
SP1,2019-12-15,Espanol,Betis,1654.21,1699.38,1.0,1.0,9.0,10.0,2.0,2.0,D,2.0,1.0,H,16.0,10.0,4.0,5.0,26.0,13.0,7.0,5.0,4.0,1.0,0.0,0.0,2.57,3.36,2.76
SP1,2019-12-15,Sevilla,Villarreal,1793.48,1717.15,7.0,11.0,1.0,2.0,1.0,2.0,A,0.0,1.0,A,24.0,9.0,5.0,3.0,12.0,11.0,14.0,2.0,2.0,0.0,0.0,0.0,1.69,4.07,4.78
SP1,2019-12-15,Valencia,Real Madrid,1823.12,1878.02,6.0,12.0,9.0,13.0,1.0,1.0,D,0.0,0.0,D,9.0,19.0,6.0,6.0,11.0,15.0,1.0,2.0,1.0,2.0,0.0,0.0,3.75,3.91,1.9
SP1,2019-12-18,Barcelona,Real Madrid,1987.93,1878.02,7.0,13.0,7.0,13.0,0.0,0.0,D,0.0,0.0,D,9.0,17.0,2.0,4.0,5.0,17.0,2.0,6.0,3.0,5.0,0.0,0.0,1.74,4.16,4.3
SP1,2019-12-20,Eibar,Granada,1674.25,1660.93,1.0,1.0,3.0,4.0,3.0,0.0,H,2.0,0.0,H,21.0,12.0,7.0,1.0,17.0,13.0,5.0,5.0,3.0,3.0,0.0,0.0,2.09,3.21,3.94
SP1,2019-12-21,Mallorca,Sevilla,1578.36,1793.48,1.0,4.0,4.0,10.0,0.0,2.0,A,0.0,1.0,A,8.0,13.0,1.0,6.0,15.0,12.0,3.0,6.0,6.0,3.0,0.0,0.0,4.95,3.89,1.7
SP1,2019-12-21,Barcelona,Alaves,1987.93,1675.72,5.0,11.0,1.0,7.0,4.0,1.0,H,2.0,0.0,H,8.0,5.0,4.0,3.0,10.0,11.0,3.0,4.0,2.0,4.0,0.0,0.0,1.15,8.35,18.61
SP1,2019-12-21,Villarreal,Getafe,1717.15,1786.5,4.0,4.0,9.0,11.0,1.0,0.0,H,0.0,0.0,D,11.0,7.0,4.0,0.0,8.0,18.0,2.0,5.0,2.0,5.0,0.0,1.0,2.22,3.18,3.53
SP1,2019-12-21,Valladolid,Valencia,1654.81,1823.12,2.0,2.0,7.0,10.0,1.0,1.0,D,0.0,0.0,D,14.0,5.0,6.0,2.0,10.0,12.0,5.0,4.0,0.0,3.0,0.0,0.0,3.49,3.28,2.18
SP1,2019-12-22,Leganes,Espanol,1630.58,1654.21,4.0,5.0,1.0,2.0,2.0,0.0,H,1.0,0.0,H,11.0,9.0,5.0,3.0,11.0,15.0,1.0,5.0,1.0,6.0,0.0,0.0,2.12,3.09,3.93
SP1,2019-12-22,Osasuna,Sociedad,1692.9,1758.95,4.0,5.0,5.0,6.0,3.0,4.0,A,1.0,3.0,A,19.0,13.0,7.0,7.0,11.0,12.0,8.0,3.0,6.0,2.0,1.0,0.0,2.8,3.29,2.58
SP1,2019-12-22,Betis,Ath Madrid,1699.38,1857.57,7.0,10.0,4.0,8.0,1.0,2.0,A,0.0,0.0,D,15.0,8.0,2.0,5.0,11.0,14.0,5.0,3.0,4.0,3.0,0.0,0.0,3.82,3.33,2.06
SP1,2019-12-22,Levante,Celta,1695.54,1655.94,3.0,6.0,2.0,5.0,3.0,1.0,H,0.0,1.0,A,13.0,12.0,7.0,5.0,8.0,15.0,8.0,7.0,3.0,6.0,0.0,0.0,2.62,3.49,2.6
SP1,2019-12-22,Real Madrid,Ath Bilbao,1878.02,1748.55,5.0,11.0,4.0,10.0,0.0,0.0,D,0.0,0.0,D,20.0,8.0,8.0,2.0,8.0,14.0,6.0,4.0,1.0,0.0,0.0,0.0,1.35,5.12,8.61
SP1,2020-01-03,Valladolid,Leganes,1652.66,1640.35,2.0,3.0,7.0,7.0,2.0,2.0,D,1.0,2.0,A,14.0,12.0,5.0,5.0,16.0,13.0,4.0,3.0,3.0,2.0,0.0,0.0,2.72,2.83,3.06
SP1,2020-01-03,Sevilla,Ath Bilbao,1788.68,1753.88,4.0,10.0,2.0,8.0,1.0,1.0,D,0.0,1.0,A,9.0,6.0,2.0,1.0,16.0,20.0,9.0,1.0,2.0,4.0,0.0,0.0,1.65,3.67,5.93
SP1,2020-01-04,Valencia,Eibar,1819.74,1684.45,5.0,8.0,4.0,4.0,1.0,0.0,H,1.0,0.0,H,9.0,10.0,1.0,3.0,13.0,20.0,6.0,5.0,1.0,3.0,0.0,1.0,1.66,3.87,5.33
SP1,2020-01-04,Getafe,Real Madrid,1783.58,1878.16,6.0,10.0,3.0,9.0,0.0,3.0,A,0.0,1.0,A,15.0,10.0,4.0,8.0,20.0,14.0,7.0,4.0,3.0,2.0,0.0,0.0,4.31,3.63,1.85
SP1,2020-01-04,Ath Madrid,Levante,1863.52,1702.78,7.0,8.0,6.0,9.0,2.0,1.0,H,2.0,1.0,H,17.0,6.0,8.0,3.0,9.0,10.0,5.0,5.0,1.0,3.0,0.0,0.0,1.28,5.65,11.17
SP1,2020-01-04,Espanol,Barcelona,1643.52,1985.37,1.0,2.0,5.0,11.0,2.0,2.0,D,1.0,0.0,H,8.0,14.0,3.0,7.0,17.0,11.0,4.0,5.0,2.0,2.0,0.0,1.0,6.76,4.69,1.45
SP1,2020-01-05,Granada,Mallorca,1650.73,1575.55,3.0,4.0,1.0,1.0,1.0,0.0,H,1.0,0.0,H,7.0,17.0,4.0,5.0,23.0,11.0,3.0,4.0,5.0,1.0,0.0,0.0,1.94,3.35,4.24
SP1,2020-01-05,Sociedad,Villarreal,1767.14,1736.76,5.0,8.0,7.0,7.0,1.0,2.0,A,1.0,0.0,H,10.0,14.0,2.0,2.0,16.0,14.0,7.0,2.0,5.0,4.0,0.0,0.0,1.91,3.86,3.75
SP1,2020-01-05,Alaves,Betis,1673.46,1694.36,1.0,4.0,4.0,10.0,1.0,1.0,D,1.0,0.0,H,6.0,10.0,1.0,3.0,18.0,15.0,3.0,6.0,7.0,3.0,0.0,1.0,2.65,3.21,2.75
SP1,2020-01-05,Celta,Osasuna,1644.51,1684.71,1.0,5.0,1.0,4.0,1.0,1.0,D,0.0,0.0,D,20.0,8.0,7.0,1.0,14.0,19.0,6.0,1.0,4.0,3.0,0.0,0.0,2.1,3.35,3.63
SP1,2020-01-17,Leganes,Getafe,1642.65,1770.71,5.0,8.0,3.0,9.0,0.0,3.0,A,0.0,3.0,A,8.0,8.0,2.0,4.0,22.0,18.0,4.0,4.0,6.0,4.0,0.0,0.0,2.97,2.82,2.8
SP1,2020-01-18,Levante,Alaves,1699.69,1672.11,6.0,6.0,2.0,2.0,0.0,1.0,A,0.0,0.0,D,20.0,14.0,3.0,6.0,12.0,20.0,7.0,6.0,2.0,4.0,0.0,0.0,2.06,3.47,3.61
SP1,2020-01-18,Real Madrid,Sevilla,1891.02,1785.78,5.0,9.0,4.0,8.0,2.0,1.0,H,0.0,0.0,D,13.0,8.0,4.0,3.0,17.0,12.0,2.0,4.0,3.0,1.0,0.0,0.0,1.62,4.3,5.08
SP1,2020-01-18,Osasuna,Valladolid,1685.51,1650.35,1.0,5.0,2.0,4.0,0.0,0.0,D,0.0,0.0,D,21.0,5.0,5.0,3.0,16.0,10.0,9.0,1.0,2.0,2.0,0.0,0.0,1.85,3.43,4.61
SP1,2020-01-18,Eibar,Ath Madrid,1681.0,1866.61,4.0,4.0,9.0,10.0,2.0,0.0,H,1.0,0.0,H,9.0,12.0,4.0,4.0,16.0,14.0,6.0,7.0,1.0,2.0,0.0,0.0,4.95,3.34,1.82
SP1,2020-01-19,Mallorca,Valencia,1570.88,1823.19,1.0,1.0,5.0,11.0,4.0,1.0,H,3.0,0.0,H,13.0,8.0,6.0,1.0,18.0,11.0,1.0,6.0,4.0,4.0,0.0,1.0,3.68,3.49,2.04
SP1,2020-01-19,Betis,Sociedad,1695.7,1756.65,2.0,8.0,4.0,8.0,3.0,0.0,H,2.0,0.0,H,14.0,7.0,6.0,0.0,8.0,10.0,6.0,2.0,3.0,1.0,0.0,0.0,2.46,3.63,2.72
SP1,2020-01-19,Villarreal,Espanol,1747.25,1650.09,9.0,10.0,2.0,2.0,1.0,2.0,A,0.0,1.0,A,21.0,16.0,5.0,5.0,15.0,18.0,4.0,4.0,1.0,3.0,0.0,1.0,1.66,3.92,5.21
SP1,2020-01-19,Ath Bilbao,Celta,1756.78,1643.71,3.0,6.0,2.0,3.0,1.0,1.0,D,0.0,0.0,D,22.0,7.0,6.0,3.0,18.0,12.0,13.0,0.0,4.0,3.0,0.0,0.0,1.95,3.21,4.46
SP1,2020-01-19,Barcelona,Granada,1978.8,1655.41,5.0,9.0,3.0,6.0,1.0,0.0,H,0.0,0.0,D,18.0,5.0,6.0,1.0,11.0,17.0,7.0,0.0,0.0,4.0,0.0,1.0,1.15,8.1,17.04
SP1,2020-01-24,Osasuna,Levante,1685.51,1699.69,2.0,3.0,3.0,6.0,2.0,0.0,H,0.0,0.0,D,15.0,6.0,3.0,2.0,18.0,11.0,5.0,5.0,3.0,3.0,0.0,0.0,1.69,4.07,4.78
SP1,2020-01-25,Espanol,Ath Bilbao,1650.09,1756.78,4.0,5.0,3.0,4.0,1.0,1.0,D,0.0,1.0,A,9.0,11.0,3.0,3.0,14.0,14.0,2.0,3.0,3.0,1.0,0.0,0.0,2.48,2.96,3.25
SP1,2020-01-25,Valencia,Barcelona,1823.19,1978.8,4.0,8.0,7.0,9.0,2.0,0.0,H,0.0,0.0,D,8.0,14.0,6.0,5.0,13.0,16.0,2.0,0.0,1.0,3.0,0.0,0.0,4.77,4.29,1.65
SP1,2020-01-25,Alaves,Villarreal,1672.11,1747.25,4.0,5.0,6.0,10.0,1.0,2.0,A,0.0,1.0,A,12.0,11.0,6.0,6.0,10.0,12.0,7.0,4.0,2.0,1.0,0.0,0.0,2.8,3.24,2.6
SP1,2020-01-25,Sevilla,Granada,1785.78,1655.41,4.0,5.0,3.0,6.0,2.0,0.0,H,2.0,0.0,H,12.0,8.0,4.0,1.0,13.0,18.0,3.0,6.0,4.0,1.0,0.0,0.0,1.38,4.62,9.29
SP1,2020-01-26,Ath Madrid,Leganes,1866.61,1642.65,6.0,10.0,4.0,8.0,0.0,0.0,D,0.0,0.0,D,14.0,10.0,3.0,4.0,10.0,19.0,7.0,6.0,2.0,6.0,0.0,1.0,1.45,4.13,8.73
SP1,2020-01-26,Celta,Eibar,1643.71,1681.0,2.0,3.0,6.0,7.0,0.0,0.0,D,0.0,0.0,D,18.0,5.0,5.0,3.0,9.0,16.0,6.0,3.0,1.0,0.0,0.0,0.0,2.05,3.37,3.76
SP1,2020-01-26,Getafe,Betis,1770.71,1695.7,3.0,9.0,4.0,8.0,1.0,0.0,H,0.0,0.0,D,7.0,8.0,3.0,1.0,19.0,12.0,8.0,4.0,2.0,4.0,0.0,1.0,2.03,3.3,3.94
SP1,2020-01-26,Sociedad,Mallorca,1756.65,1570.88,3.0,5.0,3.0,4.0,3.0,0.0,H,0.0,0.0,D,14.0,8.0,5.0,4.0,15.0,7.0,7.0,3.0,0.0,2.0,0.0,0.0,1.45,4.54,7.05
SP1,2020-01-26,Valladolid,Real Madrid,1650.35,1891.02,3.0,4.0,7.0,9.0,0.0,1.0,A,0.0,0.0,D,4.0,12.0,0.0,3.0,7.0,11.0,3.0,5.0,1.0,3.0,0.0,0.0,7.15,4.81,1.42
SP1,2020-02-01,Granada,Espanol,1649.17,1662.66,3.0,3.0,5.0,6.0,2.0,1.0,H,1.0,1.0,D,8.0,22.0,2.0,4.0,15.0,17.0,3.0,9.0,3.0,3.0,0.0,0.0,2.69,3.07,2.85
SP1,2020-02-01,Real Madrid,Ath Madrid,1899.07,1843.62,9.0,11.0,4.0,10.0,1.0,0.0,H,0.0,0.0,D,16.0,4.0,5.0,1.0,18.0,11.0,5.0,6.0,2.0,3.0,0.0,0.0,1.8,3.57,4.63
SP1,2020-02-01,Mallorca,Valladolid,1587.4,1649.15,3.0,4.0,2.0,3.0,0.0,1.0,A,0.0,0.0,D,16.0,15.0,4.0,7.0,11.0,10.0,8.0,5.0,4.0,1.0,0.0,0.0,2.26,3.21,3.38
SP1,2020-02-01,Valencia,Celta,1816.4,1647.78,6.0,8.0,3.0,4.0,1.0,0.0,H,0.0,0.0,D,9.0,11.0,5.0,4.0,14.0,20.0,4.0,7.0,6.0,3.0,0.0,0.0,1.81,3.61,4.55
SP1,2020-02-02,Leganes,Sociedad,1637.78,1748.47,2.0,6.0,3.0,7.0,2.0,1.0,H,0.0,1.0,A,12.0,2.0,5.0,1.0,24.0,19.0,3.0,1.0,4.0,3.0,0.0,0.0,2.9,3.14,2.58
SP1,2020-02-02,Eibar,Betis,1697.85,1704.62,4.0,8.0,4.0,5.0,1.0,1.0,D,1.0,1.0,D,8.0,14.0,3.0,6.0,15.0,16.0,2.0,7.0,2.0,2.0,0.0,0.0,2.48,3.39,2.83
SP1,2020-02-02,Ath Bilbao,Getafe,1751.47,1787.05,3.0,5.0,6.0,9.0,0.0,2.0,A,0.0,1.0,A,8.0,9.0,2.0,3.0,11.0,19.0,5.0,4.0,2.0,5.0,0.0,0.0,2.55,2.85,3.24
SP1,2020-02-02,Sevilla,Alaves,1786.84,1674.0,4.0,7.0,4.0,5.0,1.0,1.0,D,0.0,0.0,D,14.0,4.0,3.0,3.0,13.0,12.0,6.0,1.0,2.0,1.0,0.0,0.0,1.35,4.95,9.11
SP1,2020-02-02,Villarreal,Osasuna,1743.75,1691.61,6.0,12.0,5.0,5.0,3.0,1.0,H,1.0,0.0,H,9.0,17.0,4.0,5.0,19.0,15.0,4.0,6.0,3.0,2.0,0.0,0.0,1.77,3.87,4.45
SP1,2020-02-02,Barcelona,Levante,1964.99,1680.21,4.0,8.0,0.0,6.0,2.0,1.0,H,2.0,0.0,H,23.0,10.0,9.0,5.0,6.0,10.0,8.0,3.0,2.0,0.0,0.0,0.0,1.14,9.14,16.42
SP1,2020-02-07,Alaves,Eibar,1674.0,1697.85,4.0,5.0,5.0,8.0,2.0,1.0,H,0.0,0.0,D,9.0,5.0,5.0,1.0,16.0,10.0,3.0,5.0,3.0,2.0,0.0,0.0,2.24,3.12,3.56
SP1,2020-02-08,Levante,Leganes,1680.21,1637.78,0.0,3.0,4.0,8.0,2.0,0.0,H,2.0,0.0,H,9.0,12.0,5.0,4.0,18.0,15.0,2.0,2.0,2.0,3.0,0.0,0.0,2.59,3.21,2.85
SP1,2020-02-08,Getafe,Valencia,1787.05,1816.4,9.0,9.0,6.0,10.0,3.0,0.0,H,0.0,0.0,D,22.0,5.0,10.0,0.0,12.0,6.0,10.0,0.0,4.0,4.0,0.0,1.0,2.03,3.29,3.98
SP1,2020-02-08,Valladolid,Villarreal,1649.15,1743.75,4.0,6.0,6.0,12.0,1.0,1.0,D,1.0,0.0,H,8.0,8.0,1.0,3.0,14.0,22.0,2.0,4.0,3.0,3.0,0.0,0.0,3.03,3.19,2.44
SP1,2020-02-08,Ath Madrid,Granada,1843.62,1649.17,1.0,7.0,3.0,6.0,1.0,0.0,H,1.0,0.0,H,6.0,10.0,3.0,2.0,16.0,19.0,2.0,3.0,4.0,6.0,0.0,0.0,1.4,4.19,10.44
SP1,2020-02-09,Espanol,Mallorca,1662.66,1587.4,4.0,5.0,3.0,3.0,1.0,0.0,H,0.0,0.0,D,12.0,7.0,7.0,3.0,26.0,15.0,1.0,7.0,6.0,2.0,0.0,0.0,1.65,3.87,5.43
SP1,2020-02-09,Sociedad,Ath Bilbao,1748.47,1751.47,3.0,6.0,2.0,4.0,2.0,1.0,H,0.0,0.0,D,14.0,6.0,4.0,3.0,7.0,15.0,4.0,4.0,2.0,2.0,0.0,1.0,2.1,3.2,3.81
SP1,2020-02-09,Osasuna,Real Madrid,1691.61,1899.07,4.0,5.0,9.0,13.0,1.0,4.0,A,1.0,2.0,A,14.0,17.0,4.0,7.0,11.0,15.0,4.0,3.0,2.0,2.0,0.0,0.0,5.83,4.38,1.54
SP1,2020-02-09,Celta,Sevilla,1647.78,1786.84,2.0,3.0,4.0,8.0,2.0,1.0,H,0.0,1.0,A,13.0,12.0,7.0,4.0,16.0,14.0,3.0,4.0,3.0,2.0,0.0,0.0,3.39,3.27,2.23
SP1,2020-02-09,Betis,Barcelona,1704.62,1964.99,4.0,5.0,6.0,10.0,2.0,3.0,A,2.0,2.0,D,7.0,10.0,3.0,6.0,21.0,17.0,0.0,8.0,5.0,5.0,1.0,1.0,4.0,3.85,1.85
SP1,2020-02-14,Valencia,Ath Madrid,1816.4,1843.62,6.0,9.0,4.0,7.0,2.0,2.0,D,1.0,2.0,A,9.0,8.0,3.0,3.0,12.0,16.0,11.0,4.0,3.0,3.0,0.0,0.0,3.52,3.06,2.29
SP1,2020-02-15,Mallorca,Alaves,1574.48,1685.63,0.0,3.0,4.0,8.0,1.0,0.0,H,0.0,0.0,D,14.0,10.0,6.0,0.0,16.0,15.0,8.0,5.0,0.0,2.0,0.0,0.0,2.44,3.13,3.11
SP1,2020-02-15,Barcelona,Getafe,1970.09,1811.91,6.0,10.0,9.0,12.0,2.0,1.0,H,2.0,0.0,H,12.0,7.0,5.0,2.0,12.0,30.0,2.0,3.0,3.0,2.0,0.0,0.0,1.43,4.53,7.67
SP1,2020-02-15,Villarreal,Levante,1750.26,1686.51,7.0,10.0,3.0,3.0,2.0,1.0,H,1.0,0.0,H,14.0,11.0,6.0,2.0,15.0,15.0,5.0,10.0,3.0,1.0,0.0,0.0,1.52,4.53,5.82
SP1,2020-02-15,Granada,Valladolid,1653.05,1658.12,3.0,6.0,4.0,6.0,2.0,1.0,H,0.0,0.0,D,11.0,6.0,5.0,4.0,19.0,13.0,10.0,5.0,3.0,2.0,0.0,0.0,2.46,2.97,3.27
SP1,2020-02-16,Sevilla,Espanol,1772.28,1660.51,4.0,5.0,4.0,8.0,2.0,2.0,D,1.0,1.0,D,18.0,5.0,6.0,3.0,17.0,9.0,9.0,2.0,3.0,4.0,0.0,1.0,1.6,3.91,6.0
SP1,2020-02-16,Leganes,Betis,1639.1,1702.91,4.0,5.0,1.0,5.0,0.0,0.0,D,0.0,0.0,D,11.0,3.0,1.0,2.0,15.0,20.0,4.0,2.0,5.0,3.0,0.0,1.0,2.45,3.17,3.05
SP1,2020-02-16,Ath Bilbao,Osasuna,1732.17,1676.67,1.0,3.0,3.0,5.0,0.0,1.0,A,0.0,1.0,A,12.0,6.0,2.0,2.0,14.0,20.0,4.0,0.0,4.0,4.0,0.0,0.0,2.03,3.19,4.09
SP1,2020-02-16,Real Madrid,Celta,1912.06,1654.59,9.0,15.0,4.0,6.0,2.0,2.0,D,0.0,1.0,A,15.0,5.0,4.0,3.0,10.0,10.0,9.0,3.0,2.0,2.0,0.0,0.0,1.28,5.94,10.2
SP1,2020-02-21,Betis,Mallorca,1702.91,1574.48,2.0,5.0,3.0,6.0,3.0,3.0,D,2.0,2.0,D,19.0,11.0,6.0,4.0,13.0,12.0,7.0,1.0,2.0,1.0,0.0,0.0,1.48,4.52,6.7
SP1,2020-02-22,Celta,Leganes,1654.59,1639.1,4.0,6.0,4.0,5.0,1.0,0.0,H,0.0,0.0,D,3.0,11.0,1.0,2.0,13.0,17.0,2.0,9.0,3.0,3.0,1.0,0.0,1.86,3.39,4.67
SP1,2020-02-22,Barcelona,Eibar,1970.09,1689.21,9.0,12.0,2.0,5.0,5.0,0.0,H,3.0,0.0,H,13.0,12.0,11.0,5.0,8.0,19.0,5.0,5.0,0.0,2.0,0.0,0.0,1.2,7.01,13.36
SP1,2020-02-22,Sociedad,Valencia,1745.51,1806.36,6.0,6.0,4.0,7.0,3.0,0.0,H,2.0,0.0,H,19.0,6.0,7.0,1.0,19.0,9.0,6.0,7.0,1.0,1.0,0.0,0.0,1.69,4.03,4.79
SP1,2020-02-22,Levante,Real Madrid,1686.51,1912.06,3.0,3.0,7.0,13.0,1.0,0.0,H,0.0,0.0,D,8.0,19.0,2.0,7.0,16.0,10.0,3.0,7.0,1.0,2.0,0.0,0.0,6.2,4.93,1.46
SP1,2020-02-23,Osasuna,Granada,1676.67,1653.05,3.0,7.0,6.0,6.0,0.0,3.0,A,0.0,3.0,A,14.0,10.0,1.0,4.0,19.0,11.0,6.0,3.0,3.0,1.0,0.0,0.0,1.93,3.37,4.25
SP1,2020-02-23,Alaves,Ath Bilbao,1685.63,1732.17,4.0,7.0,0.0,2.0,2.0,1.0,H,1.0,1.0,D,4.0,13.0,4.0,5.0,17.0,12.0,2.0,9.0,4.0,4.0,0.0,0.0,2.95,2.9,2.72
SP1,2020-02-23,Valladolid,Espanol,1658.12,1660.51,4.0,5.0,4.0,8.0,2.0,1.0,H,0.0,0.0,D,21.0,6.0,6.0,2.0,10.0,18.0,4.0,2.0,1.0,5.0,0.0,1.0,2.62,2.97,3.02
SP1,2020-02-23,Getafe,Sevilla,1811.91,1772.28,6.0,12.0,2.0,5.0,0.0,3.0,A,0.0,1.0,A,10.0,8.0,2.0,5.0,14.0,17.0,5.0,3.0,7.0,3.0,0.0,0.0,2.32,3.08,3.39
SP1,2020-02-23,Ath Madrid,Villarreal,1842.45,1750.26,4.0,5.0,7.0,10.0,3.0,1.0,H,1.0,1.0,D,16.0,10.0,9.0,4.0,14.0,6.0,6.0,1.0,1.0,2.0,0.0,0.0,1.66,3.72,5.63
SP1,2020-02-28,Sociedad,Valladolid,1745.51,1658.12,6.0,9.0,4.0,7.0,1.0,0.0,H,0.0,0.0,D,13.0,6.0,4.0,1.0,15.0,11.0,8.0,4.0,1.0,1.0,0.0,0.0,1.54,4.04,6.63
SP1,2020-02-29,Eibar,Levante,1689.21,1686.51,1.0,5.0,6.0,6.0,3.0,0.0,H,1.0,0.0,H,13.0,11.0,9.0,4.0,15.0,16.0,3.0,6.0,3.0,2.0,0.0,0.0,1.99,3.55,3.78
SP1,2020-02-29,Valencia,Betis,1806.36,1702.91,1.0,7.0,2.0,3.0,2.0,1.0,H,0.0,0.0,D,10.0,14.0,5.0,5.0,13.0,9.0,6.0,7.0,2.0,3.0,0.0,0.0,2.21,3.4,3.3
SP1,2020-02-29,Leganes,Alaves,1639.1,1685.63,1.0,5.0,6.0,7.0,1.0,1.0,D,0.0,0.0,D,19.0,8.0,6.0,4.0,18.0,18.0,6.0,4.0,3.0,3.0,0.0,0.0,2.04,3.06,4.27
SP1,2020-02-29,Granada,Celta,1653.05,1654.59,6.0,9.0,7.0,8.0,0.0,0.0,D,0.0,0.0,D,14.0,6.0,0.0,2.0,14.0,11.0,6.0,1.0,3.0,5.0,0.0,0.0,2.81,3.06,2.72
SP1,2020-03-01,Sevilla,Osasuna,1786.75,1666.13,4.0,8.0,3.0,6.0,3.0,2.0,H,2.0,0.0,H,12.0,14.0,5.0,4.0,9.0,14.0,7.0,1.0,2.0,2.0,0.0,1.0,1.47,4.28,7.29
SP1,2020-03-01,Ath Bilbao,Villarreal,1709.99,1745.72,0.0,1.0,4.0,10.0,1.0,0.0,H,0.0,0.0,D,18.0,10.0,6.0,3.0,11.0,13.0,5.0,6.0,6.0,6.0,0.0,0.0,2.31,3.29,3.18
SP1,2020-03-01,Espanol,Ath Madrid,1645.57,1852.55,4.0,5.0,7.0,8.0,1.0,1.0,D,1.0,0.0,H,9.0,5.0,3.0,2.0,20.0,18.0,3.0,4.0,3.0,4.0,0.0,0.0,4.28,3.06,2.05
SP1,2020-03-01,Mallorca,Getafe,1585.36,1796.85,4.0,4.0,3.0,9.0,0.0,1.0,A,0.0,0.0,D,4.0,9.0,1.0,5.0,13.0,24.0,4.0,3.0,4.0,5.0,1.0,0.0,3.61,2.99,2.28
SP1,2020-03-01,Real Madrid,Barcelona,1883.76,1973.1,4.0,10.0,9.0,12.0,2.0,0.0,H,0.0,0.0,D,13.0,9.0,5.0,4.0,13.0,10.0,8.0,2.0,2.0,2.0,0.0,0.0,2.19,3.66,3.13
SP1,2020-03-06,Alaves,Valencia,1681.37,1779.54,4.0,8.0,4.0,7.0,1.0,1.0,D,0.0,1.0,A,13.0,6.0,2.0,2.0,9.0,10.0,3.0,3.0,5.0,3.0,0.0,0.0,2.64,3.23,2.8
SP1,2020-03-07,Eibar,Mallorca,1693.46,1585.36,3.0,5.0,4.0,4.0,1.0,2.0,A,0.0,1.0,A,13.0,10.0,2.0,4.0,16.0,8.0,4.0,3.0,5.0,3.0,0.0,0.0,1.72,3.69,5.13
SP1,2020-03-07,Ath Madrid,Sevilla,1852.55,1786.75,5.0,8.0,7.0,8.0,2.0,2.0,D,2.0,2.0,D,21.0,12.0,3.0,4.0,14.0,16.0,8.0,4.0,2.0,4.0,0.0,0.0,1.94,3.25,4.45
SP1,2020-03-07,Barcelona,Sociedad,1973.1,1758.78,6.0,12.0,9.0,12.0,1.0,0.0,H,0.0,0.0,D,13.0,9.0,6.0,1.0,12.0,10.0,4.0,4.0,4.0,3.0,0.0,0.0,1.36,5.38,7.91
SP1,2020-03-07,Getafe,Celta,1796.85,1667.0,3.0,9.0,5.0,8.0,0.0,0.0,D,0.0,0.0,D,19.0,3.0,6.0,2.0,18.0,14.0,9.0,1.0,6.0,5.0,1.0,0.0,1.85,3.27,4.99
SP1,2020-03-08,Osasuna,Espanol,1666.13,1645.57,3.0,3.0,2.0,5.0,1.0,0.0,H,0.0,0.0,D,17.0,8.0,6.0,2.0,17.0,12.0,6.0,2.0,3.0,3.0,0.0,1.0,2.43,3.23,3.06
SP1,2020-03-08,Valladolid,Ath Bilbao,1650.79,1709.99,3.0,7.0,3.0,3.0,1.0,4.0,A,0.0,2.0,A,19.0,10.0,2.0,5.0,9.0,13.0,8.0,1.0,1.0,2.0,0.0,0.0,2.98,2.82,2.79
SP1,2020-03-08,Levante,Granada,1679.47,1672.66,3.0,6.0,7.0,10.0,1.0,1.0,D,1.0,0.0,H,11.0,10.0,3.0,7.0,21.0,13.0,6.0,4.0,3.0,3.0,0.0,0.0,2.06,3.44,3.66
SP1,2020-03-08,Villarreal,Leganes,1745.72,1629.04,3.0,7.0,2.0,5.0,1.0,2.0,A,1.0,0.0,H,15.0,12.0,5.0,7.0,10.0,11.0,2.0,5.0,4.0,3.0,0.0,0.0,1.74,3.7,4.97
SP1,2020-03-08,Betis,Real Madrid,1690.73,1883.76,2.0,3.0,4.0,10.0,2.0,1.0,H,1.0,1.0,D,14.0,13.0,3.0,4.0,8.0,11.0,6.0,2.0,1.0,1.0,0.0,0.0,4.24,4.02,1.77
SP1,2020-03-10,Eibar,Sociedad,1693.46,1758.78,3.0,4.0,6.0,9.0,1.0,2.0,A,0.0,1.0,A,13.0,6.0,4.0,2.0,12.0,10.0,3.0,1.0,3.0,2.0,0.0,0.0,3.34,3.33,2.24
SP1,2020-06-11,Sevilla,Betis,1799.31,1707.28,7.0,8.0,4.0,5.0,2.0,0.0,H,0.0,0.0,D,13.0,12.0,5.0,1.0,13.0,16.0,11.0,2.0,0.0,2.0,0.0,0.0,1.85,3.68,4.35
SP1,2020-06-12,Granada,Getafe,1680.24,1801.45,5.0,8.0,4.0,7.0,2.0,1.0,H,0.0,1.0,A,10.0,6.0,4.0,2.0,17.0,16.0,2.0,3.0,6.0,4.0,0.0,0.0,3.31,2.94,2.46
SP1,2020-06-12,Valencia,Levante,1778.97,1682.31,4.0,5.0,4.0,7.0,1.0,1.0,D,0.0,0.0,D,12.0,14.0,3.0,4.0,11.0,13.0,0.0,6.0,1.0,4.0,0.0,1.0,1.73,4.08,4.48
SP1,2020-06-13,Espanol,Alaves,1648.62,1687.12,1.0,5.0,5.0,8.0,2.0,0.0,H,1.0,0.0,H,19.0,1.0,9.0,0.0,16.0,19.0,2.0,1.0,4.0,3.0,0.0,1.0,2.1,3.2,3.83
SP1,2020-06-13,Celta,Villarreal,1677.7,1731.23,5.0,9.0,0.0,4.0,0.0,1.0,A,0.0,0.0,D,4.0,15.0,0.0,4.0,5.0,20.0,2.0,8.0,1.0,1.0,0.0,0.0,2.59,3.35,2.75
SP1,2020-06-13,Leganes,Valladolid,1646.97,1641.12,4.0,5.0,3.0,4.0,1.0,2.0,A,0.0,1.0,A,11.0,6.0,2.0,2.0,21.0,20.0,2.0,1.0,2.0,4.0,0.0,0.0,2.31,3.02,3.51
SP1,2020-06-13,Mallorca,Barcelona,1598.52,1968.86,4.0,7.0,6.0,12.0,0.0,4.0,A,0.0,2.0,A,13.0,12.0,3.0,7.0,16.0,5.0,9.0,3.0,1.0,2.0,0.0,0.0,9.91,6.0,1.28
SP1,2020-06-14,Ath Bilbao,Ath Madrid,1737.06,1873.02,6.0,6.0,5.0,9.0,1.0,1.0,D,1.0,1.0,D,10.0,9.0,3.0,2.0,10.0,9.0,5.0,7.0,3.0,0.0,0.0,0.0,3.74,2.96,2.27
SP1,2020-06-14,Real Madrid,Eibar,1889.3,1677.87,3.0,7.0,3.0,3.0,3.0,1.0,H,3.0,0.0,H,6.0,9.0,5.0,5.0,11.0,12.0,3.0,3.0,1.0,1.0,0.0,0.0,1.24,6.41,11.84
SP1,2020-06-14,Sociedad,Osasuna,1769.74,1673.49,6.0,12.0,3.0,6.0,1.0,1.0,D,0.0,1.0,A,9.0,8.0,4.0,1.0,5.0,12.0,1.0,6.0,1.0,3.0,0.0,0.0,1.69,3.89,5.01
SP1,2020-06-15,Levante,Sevilla,1686.89,1805.06,2.0,5.0,7.0,11.0,1.0,1.0,D,0.0,0.0,D,11.0,10.0,5.0,4.0,12.0,10.0,5.0,6.0,1.0,1.0,0.0,0.0,5.09,3.98,1.67
SP1,2020-06-15,Betis,Granada,1701.53,1689.7,3.0,5.0,5.0,11.0,2.0,2.0,D,0.0,1.0,A,18.0,8.0,6.0,5.0,13.0,18.0,11.0,2.0,2.0,4.0,0.0,0.0,1.94,3.48,4.11
SP1,2020-06-16,Getafe,Espanol,1791.99,1658.65,4.0,4.0,4.0,5.0,0.0,0.0,D,0.0,0.0,D,21.0,5.0,4.0,3.0,15.0,9.0,5.0,5.0,3.0,2.0,0.0,1.0,2.01,3.14,4.32
SP1,2020-06-16,Villarreal,Mallorca,1739.78,1594.36,3.0,6.0,3.0,7.0,1.0,0.0,H,1.0,0.0,H,10.0,15.0,4.0,5.0,16.0,10.0,2.0,6.0,3.0,4.0,0.0,0.0,1.52,4.45,6.0
SP1,2020-06-16,Barcelona,Leganes,1973.03,1636.61,6.0,12.0,4.0,5.0,2.0,0.0,H,1.0,0.0,H,10.0,6.0,5.0,2.0,16.0,16.0,3.0,2.0,5.0,3.0,0.0,0.0,1.16,8.06,17.42
SP1,2020-06-17,Eibar,Ath Bilbao,1674.66,1738.89,0.0,3.0,7.0,7.0,2.0,2.0,D,1.0,1.0,D,12.0,6.0,6.0,3.0,10.0,11.0,8.0,3.0,3.0,2.0,0.0,0.0,3.28,3.04,2.41
SP1,2020-06-17,Valladolid,Celta,1651.48,1669.14,3.0,6.0,2.0,6.0,0.0,0.0,D,0.0,0.0,D,6.0,11.0,1.0,4.0,18.0,15.0,5.0,8.0,3.0,3.0,0.0,0.0,2.95,2.96,2.68
SP1,2020-06-17,Osasuna,Ath Madrid,1677.98,1871.2,4.0,7.0,3.0,7.0,0.0,5.0,A,0.0,1.0,A,13.0,10.0,3.0,6.0,12.0,8.0,3.0,2.0,3.0,3.0,0.0,0.0,5.01,3.25,1.85
SP1,2020-06-18,Alaves,Sociedad,1677.09,1765.25,2.0,5.0,4.0,10.0,2.0,0.0,H,0.0,0.0,D,15.0,9.0,7.0,1.0,21.0,11.0,5.0,6.0,3.0,4.0,1.0,1.0,4.16,3.37,1.95
SP1,2020-06-18,Real Madrid,Valencia,1892.52,1774.39,6.0,7.0,5.0,6.0,3.0,0.0,H,0.0,0.0,D,19.0,4.0,14.0,2.0,12.0,11.0,8.0,2.0,0.0,2.0,0.0,1.0,1.38,5.09,7.71
SP1,2020-06-19,Granada,Villarreal,1689.7,1739.78,5.0,9.0,6.0,6.0,0.0,1.0,A,0.0,1.0,A,14.0,5.0,4.0,1.0,17.0,15.0,5.0,0.0,0.0,3.0,0.0,0.0,3.12,3.19,2.43
SP1,2020-06-19,Mallorca,Leganes,1594.36,1636.61,3.0,4.0,3.0,4.0,1.0,1.0,D,1.0,0.0,H,7.0,16.0,3.0,4.0,15.0,11.0,3.0,7.0,3.0,6.0,0.0,0.0,2.77,2.93,2.9
SP1,2020-06-19,Sevilla,Barcelona,1805.06,1973.03,5.0,11.0,9.0,12.0,0.0,0.0,D,0.0,0.0,D,8.0,10.0,4.0,4.0,17.0,8.0,2.0,9.0,3.0,2.0,0.0,0.0,3.4,3.57,2.13
SP1,2020-06-20,Espanol,Levante,1658.65,1686.89,4.0,5.0,3.0,6.0,1.0,3.0,A,1.0,1.0,D,10.0,14.0,3.0,8.0,11.0,10.0,8.0,5.0,2.0,0.0,0.0,0.0,1.99,3.51,3.85
SP1,2020-06-20,Ath Bilbao,Betis,1738.89,1701.53,5.0,8.0,4.0,5.0,1.0,0.0,H,1.0,0.0,H,12.0,9.0,3.0,5.0,16.0,11.0,11.0,5.0,4.0,0.0,0.0,0.0,2.14,3.29,3.61
SP1,2020-06-20,Getafe,Eibar,1791.99,1674.66,2.0,5.0,1.0,4.0,1.0,1.0,D,1.0,1.0,D,9.0,8.0,2.0,2.0,18.0,15.0,2.0,1.0,3.0,0.0,0.0,0.0,1.82,3.37,4.95
SP1,2020-06-20,Ath Madrid,Valladolid,1871.2,1651.48,5.0,9.0,4.0,7.0,1.0,0.0,H,0.0,0.0,D,15.0,6.0,4.0,2.0,14.0,12.0,10.0,1.0,4.0,2.0,0.0,0.0,1.38,4.48,9.86
SP1,2020-06-21,Celta,Alaves,1669.14,1677.09,2.0,6.0,4.0,8.0,6.0,0.0,H,4.0,0.0,H,15.0,4.0,10.0,2.0,14.0,10.0,7.0,4.0,1.0,1.0,0.0,1.0,1.94,3.25,4.48
SP1,2020-06-21,Valencia,Osasuna,1774.39,1677.98,2.0,5.0,4.0,4.0,2.0,0.0,H,2.0,0.0,H,7.0,13.0,3.0,3.0,7.0,19.0,1.0,7.0,1.0,2.0,0.0,0.0,1.94,3.57,3.94
SP1,2020-06-21,Sociedad,Real Madrid,1765.25,1892.52,4.0,7.0,6.0,9.0,1.0,2.0,A,0.0,0.0,D,10.0,10.0,2.0,6.0,16.0,15.0,4.0,1.0,4.0,2.0,0.0,0.0,4.16,4.14,1.77
SP1,2020-06-22,Villarreal,Sevilla,1739.78,1805.06,9.0,9.0,5.0,9.0,2.0,2.0,D,2.0,1.0,H,7.0,14.0,5.0,6.0,16.0,12.0,3.0,8.0,3.0,3.0,0.0,0.0,2.61,3.42,2.67
SP1,2020-06-22,Leganes,Granada,1636.61,1689.7,1.0,5.0,4.0,6.0,0.0,0.0,D,0.0,0.0,D,9.0,4.0,3.0,1.0,12.0,16.0,4.0,2.0,4.0,4.0,0.0,0.0,2.43,2.96,3.34
SP1,2020-06-23,Levante,Ath Madrid,1686.89,1871.2,5.0,6.0,7.0,9.0,0.0,1.0,A,0.0,1.0,A,12.0,12.0,0.0,7.0,12.0,14.0,10.0,4.0,4.0,2.0,0.0,0.0,5.84,3.65,1.67
SP1,2020-06-23,Valladolid,Getafe,1651.48,1791.99,4.0,4.0,2.0,6.0,1.0,1.0,D,1.0,1.0,D,6.0,15.0,2.0,1.0,12.0,19.0,7.0,8.0,5.0,2.0,0.0,0.0,3.39,2.81,2.53
SP1,2020-06-23,Barcelona,Ath Bilbao,1973.03,1738.89,7.0,10.0,5.0,11.0,1.0,0.0,H,0.0,0.0,D,18.0,6.0,4.0,0.0,10.0,16.0,6.0,2.0,2.0,1.0,0.0,0.0,1.33,5.35,9.42
SP1,2020-06-24,Alaves,Osasuna,1677.09,1677.98,3.0,5.0,1.0,4.0,0.0,1.0,A,0.0,0.0,D,5.0,7.0,0.0,1.0,12.0,14.0,7.0,3.0,2.0,3.0,0.0,0.0,2.63,3.07,2.91
SP1,2020-06-24,Sociedad,Celta,1765.25,1669.14,1.0,4.0,4.0,6.0,0.0,1.0,A,0.0,1.0,A,13.0,4.0,6.0,1.0,18.0,15.0,7.0,3.0,4.0,2.0,0.0,0.0,2.07,3.23,3.92
SP1,2020-06-24,Real Madrid,Mallorca,1892.52,1594.36,9.0,12.0,1.0,4.0,2.0,0.0,H,1.0,0.0,H,14.0,11.0,6.0,4.0,18.0,12.0,5.0,4.0,4.0,1.0,0.0,0.0,1.15,8.33,17.41
SP1,2020-06-25,Eibar,Valencia,1674.66,1774.39,2.0,2.0,4.0,8.0,1.0,0.0,H,1.0,0.0,H,14.0,7.0,5.0,0.0,12.0,7.0,10.0,8.0,4.0,2.0,0.0,1.0,2.82,3.36,2.51
SP1,2020-06-25,Betis,Espanol,1701.53,1658.65,1.0,4.0,4.0,5.0,1.0,0.0,H,0.0,0.0,D,13.0,9.0,6.0,2.0,18.0,18.0,6.0,5.0,4.0,4.0,0.0,0.0,2.2,3.36,3.34
SP1,2020-06-26,Sevilla,Valladolid,1805.06,1651.48,3.0,7.0,2.0,5.0,1.0,1.0,D,0.0,1.0,A,15.0,11.0,3.0,5.0,16.0,17.0,5.0,1.0,3.0,2.0,0.0,0.0,1.43,4.32,8.86
SP1,2020-06-27,Ath Bilbao,Mallorca,1738.89,1594.36,4.0,8.0,1.0,4.0,3.0,1.0,H,2.0,0.0,H,12.0,14.0,6.0,2.0,17.0,16.0,1.0,8.0,1.0,2.0,0.0,0.0,1.48,4.11,7.84
SP1,2020-06-27,Celta,Barcelona,1669.14,1973.03,7.0,8.0,7.0,13.0,2.0,2.0,D,0.0,1.0,A,10.0,18.0,6.0,2.0,19.0,10.0,3.0,8.0,3.0,4.0,0.0,0.0,5.17,4.05,1.64
SP1,2020-06-27,Osasuna,Leganes,1677.98,1636.61,3.0,7.0,2.0,5.0,2.0,1.0,H,1.0,0.0,H,6.0,21.0,5.0,7.0,12.0,15.0,2.0,4.0,1.0,1.0,0.0,0.0,2.35,2.98,3.48
SP1,2020-06-27,Ath Madrid,Alaves,1871.2,1677.09,9.0,11.0,3.0,4.0,2.0,1.0,H,0.0,0.0,D,14.0,6.0,4.0,2.0,13.0,14.0,3.0,1.0,3.0,2.0,0.0,0.0,1.33,4.76,11.77
SP1,2020-06-28,Levante,Betis,1686.89,1701.53,4.0,6.0,4.0,7.0,4.0,2.0,H,2.0,0.0,H,9.0,17.0,4.0,8.0,13.0,14.0,2.0,5.0,0.0,4.0,0.0,0.0,2.65,3.41,2.65
SP1,2020-06-28,Villarreal,Valencia,1739.78,1774.39,7.0,10.0,3.0,5.0,2.0,0.0,H,2.0,0.0,H,17.0,4.0,4.0,0.0,9.0,18.0,1.0,4.0,0.0,2.0,0.0,0.0,2.2,3.54,3.21
SP1,2020-06-28,Granada,Eibar,1689.7,1674.66,2.0,6.0,5.0,5.0,1.0,2.0,A,0.0,1.0,A,14.0,13.0,5.0,6.0,8.0,13.0,8.0,5.0,1.0,0.0,0.0,0.0,2.43,2.97,3.31
SP1,2020-06-28,Espanol,Real Madrid,1658.65,1892.52,1.0,4.0,9.0,12.0,0.0,1.0,A,0.0,1.0,A,8.0,14.0,5.0,6.0,18.0,12.0,0.0,5.0,1.0,1.0,0.0,0.0,7.04,4.79,1.43
SP1,2020-06-29,Getafe,Sociedad,1791.99,1765.25,3.0,4.0,0.0,4.0,2.0,1.0,H,1.0,0.0,H,11.0,5.0,4.0,1.0,22.0,11.0,5.0,4.0,6.0,3.0,0.0,0.0,2.51,3.04,3.1
SP1,2020-06-30,Mallorca,Celta,1594.36,1669.14,1.0,1.0,7.0,8.0,5.0,1.0,H,3.0,0.0,H,9.0,12.0,7.0,8.0,16.0,12.0,2.0,11.0,3.0,2.0,0.0,0.0,3.22,3.13,2.41
SP1,2020-06-30,Leganes,Sevilla,1636.61,1805.06,2.0,2.0,3.0,7.0,0.0,3.0,A,0.0,2.0,A,9.0,11.0,3.0,6.0,23.0,10.0,4.0,2.0,4.0,3.0,0.0,0.0,4.5,3.23,1.95
SP1,2020-06-30,Barcelona,Ath Madrid,1973.03,1871.2,5.0,11.0,9.0,13.0,2.0,2.0,D,1.0,1.0,D,12.0,10.0,5.0,3.0,11.0,15.0,3.0,1.0,3.0,5.0,0.0,0.0,1.84,3.62,4.45
SP1,2020-07-01,Alaves,Granada,1659.88,1674.38,0.0,3.0,1.0,5.0,0.0,2.0,A,0.0,1.0,A,11.0,7.0,4.0,4.0,18.0,17.0,6.0,2.0,3.0,2.0,0.0,0.0,2.34,3.01,3.46
SP1,2020-07-01,Valencia,Ath Bilbao,1755.37,1747.04,3.0,4.0,6.0,8.0,0.0,2.0,A,0.0,1.0,A,10.0,12.0,1.0,4.0,9.0,12.0,3.0,5.0,1.0,0.0,0.0,0.0,2.51,3.05,3.1
SP1,2020-07-01,Betis,Villarreal,1689.99,1760.67,3.0,4.0,7.0,13.0,0.0,2.0,A,0.0,2.0,A,9.0,15.0,1.0,6.0,10.0,16.0,1.0,5.0,4.0,1.0,1.0,0.0,2.81,3.49,2.46
SP1,2020-07-01,Valladolid,Levante,1655.35,1705.08,2.0,6.0,6.0,8.0,0.0,0.0,D,0.0,0.0,D,15.0,8.0,4.0,3.0,10.0,12.0,8.0,3.0,2.0,1.0,0.0,0.0,2.4,3.23,3.1
SP1,2020-07-02,Eibar,Osasuna,1697.79,1676.51,7.0,8.0,6.0,7.0,0.0,2.0,A,0.0,1.0,A,11.0,9.0,4.0,6.0,8.0,12.0,9.0,4.0,1.0,1.0,0.0,0.0,2.38,3.19,3.17
SP1,2020-07-02,Sociedad,Espanol,1730.72,1642.24,0.0,1.0,0.0,4.0,2.0,1.0,H,0.0,1.0,A,12.0,4.0,4.0,3.0,11.0,15.0,4.0,3.0,2.0,1.0,0.0,0.0,1.9,3.42,4.36
SP1,2020-07-02,Real Madrid,Getafe,1910.19,1785.47,9.0,15.0,5.0,6.0,1.0,0.0,H,0.0,0.0,D,8.0,10.0,4.0,3.0,15.0,22.0,6.0,5.0,5.0,5.0,0.0,0.0,1.38,4.83,8.76
SP1,2020-07-03,Ath Madrid,Mallorca,1896.1,1602.99,7.0,13.0,3.0,4.0,3.0,0.0,H,2.0,0.0,H,15.0,13.0,3.0,1.0,14.0,11.0,4.0,5.0,2.0,1.0,0.0,0.0,1.3,5.39,11.01
SP1,2020-07-04,Celta,Betis,1685.03,1689.99,4.0,8.0,3.0,4.0,1.0,1.0,D,1.0,0.0,H,5.0,10.0,1.0,3.0,20.0,18.0,2.0,8.0,5.0,4.0,0.0,0.0,2.18,3.4,3.38
SP1,2020-07-04,Valladolid,Alaves,1655.35,1659.88,3.0,4.0,0.0,3.0,1.0,0.0,H,0.0,0.0,D,5.0,7.0,3.0,0.0,13.0,17.0,1.0,3.0,0.0,0.0,0.0,0.0,2.6,2.78,3.28
SP1,2020-07-04,Granada,Valencia,1674.38,1755.37,4.0,5.0,0.0,3.0,2.0,2.0,D,0.0,0.0,D,17.0,4.0,4.0,3.0,18.0,14.0,7.0,3.0,2.0,2.0,0.0,0.0,2.89,3.22,2.55
SP1,2020-07-05,Ath Bilbao,Real Madrid,1747.04,1910.19,6.0,10.0,9.0,15.0,0.0,1.0,A,0.0,0.0,D,7.0,10.0,1.0,4.0,13.0,8.0,3.0,2.0,4.0,3.0,0.0,0.0,5.12,3.74,1.71
SP1,2020-07-05,Espanol,Leganes,1642.24,1619.95,0.0,1.0,1.0,2.0,0.0,1.0,A,0.0,0.0,D,7.0,4.0,2.0,2.0,14.0,22.0,0.0,3.0,4.0,3.0,1.0,0.0,2.66,2.98,2.97
SP1,2020-07-05,Osasuna,Getafe,1676.51,1785.47,9.0,9.0,4.0,6.0,0.0,0.0,D,0.0,0.0,D,6.0,6.0,2.0,1.0,17.0,18.0,2.0,2.0,5.0,4.0,0.0,0.0,3.06,2.98,2.58
SP1,2020-07-05,Villarreal,Barcelona,1760.67,1964.64,7.0,13.0,5.0,9.0,1.0,4.0,A,1.0,3.0,A,11.0,18.0,4.0,12.0,11.0,11.0,2.0,6.0,1.0,0.0,0.0,0.0,4.31,3.98,1.77
SP1,2020-07-06,Levante,Sociedad,1705.08,1730.72,4.0,8.0,3.0,3.0,1.0,1.0,D,1.0,1.0,D,9.0,8.0,4.0,3.0,17.0,12.0,4.0,2.0,3.0,2.0,0.0,0.0,2.94,3.42,2.4
SP1,2020-07-06,Sevilla,Eibar,1810.79,1697.79,5.0,7.0,6.0,8.0,1.0,0.0,H,0.0,0.0,D,8.0,19.0,3.0,3.0,11.0,16.0,11.0,8.0,2.0,1.0,0.0,0.0,1.46,4.36,7.41
SP1,2020-07-07,Valencia,Valladolid,1755.37,1655.35,1.0,4.0,5.0,6.0,2.0,1.0,H,1.0,0.0,H,10.0,11.0,4.0,5.0,9.0,5.0,5.0,2.0,3.0,0.0,0.0,0.0,2.03,3.18,4.18
SP1,2020-07-07,Celta,Ath Madrid,1685.03,1896.1,2.0,8.0,7.0,13.0,1.0,1.0,D,0.0,1.0,A,9.0,10.0,4.0,2.0,14.0,13.0,6.0,2.0,3.0,3.0,0.0,0.0,4.41,3.16,1.99
SP1,2020-07-08,Betis,Osasuna,1689.99,1676.51,1.0,4.0,7.0,10.0,3.0,0.0,H,2.0,0.0,H,14.0,8.0,8.0,2.0,9.0,17.0,5.0,8.0,1.0,5.0,0.0,0.0,2.1,3.43,3.53
SP1,2020-07-08,Getafe,Villarreal,1785.47,1760.67,4.0,6.0,6.0,10.0,1.0,3.0,A,0.0,0.0,D,5.0,6.0,2.0,3.0,19.0,10.0,1.0,3.0,4.0,1.0,0.0,1.0,2.61,3.08,2.91
SP1,2020-07-08,Barcelona,Espanol,1964.64,1642.24,5.0,9.0,0.0,0.0,1.0,0.0,H,0.0,0.0,D,9.0,11.0,2.0,2.0,8.0,12.0,6.0,5.0,0.0,2.0,1.0,1.0,1.14,8.41,20.7
SP1,2020-07-09,Eibar,Leganes,1697.79,1619.95,3.0,7.0,3.0,5.0,0.0,0.0,D,0.0,0.0,D,4.0,10.0,1.0,1.0,21.0,13.0,8.0,1.0,3.0,3.0,0.0,0.0,2.5,3.05,3.1
SP1,2020-07-09,Mallorca,Levante,1602.99,1705.08,3.0,4.0,5.0,8.0,2.0,0.0,H,1.0,0.0,H,15.0,14.0,5.0,2.0,11.0,20.0,1.0,5.0,3.0,1.0,0.0,0.0,2.09,3.66,3.37
SP1,2020-07-09,Ath Bilbao,Sevilla,1747.04,1810.79,6.0,9.0,7.0,9.0,1.0,2.0,A,1.0,0.0,H,13.0,20.0,4.0,7.0,18.0,9.0,4.0,7.0,3.0,2.0,0.0,0.0,3.05,3.02,2.55
SP1,2020-07-10,Sociedad,Granada,1730.72,1674.38,4.0,4.0,4.0,5.0,2.0,3.0,A,0.0,2.0,A,19.0,4.0,5.0,3.0,12.0,13.0,8.0,3.0,2.0,3.0,0.0,0.0,1.74,3.7,4.88
SP1,2020-07-10,Real Madrid,Alaves,1910.19,1659.88,9.0,15.0,0.0,0.0,2.0,0.0,H,1.0,0.0,H,18.0,10.0,8.0,4.0,5.0,17.0,3.0,2.0,0.0,1.0,0.0,0.0,1.22,6.33,13.66
SP1,2020-07-11,Osasuna,Celta,1676.51,1685.03,4.0,10.0,2.0,6.0,2.0,1.0,H,1.0,1.0,D,15.0,12.0,5.0,3.0,10.0,11.0,3.0,4.0,2.0,2.0,0.0,0.0,3.1,3.11,2.46
SP1,2020-07-11,Valladolid,Barcelona,1655.35,1964.64,4.0,6.0,7.0,11.0,0.0,1.0,A,0.0,1.0,A,13.0,9.0,4.0,6.0,15.0,13.0,4.0,5.0,2.0,2.0,0.0,0.0,9.63,4.99,1.34
SP1,2020-07-11,Ath Madrid,Betis,1896.1,1689.99,5.0,11.0,4.0,7.0,1.0,0.0,H,0.0,0.0,D,9.0,21.0,4.0,3.0,10.0,10.0,2.0,4.0,1.0,3.0,1.0,0.0,1.49,4.18,7.41
SP1,2020-07-12,Espanol,Eibar,1642.24,1697.79,0.0,0.0,1.0,7.0,0.0,2.0,A,0.0,2.0,A,14.0,11.0,3.0,6.0,13.0,14.0,7.0,2.0,2.0,2.0,0.0,0.0,3.39,3.24,2.25
SP1,2020-07-12,Levante,Ath Bilbao,1705.08,1747.04,2.0,5.0,3.0,6.0,1.0,2.0,A,0.0,2.0,A,5.0,12.0,1.0,5.0,10.0,15.0,2.0,6.0,0.0,1.0,0.0,0.0,3.55,3.28,2.16
SP1,2020-07-12,Leganes,Valencia,1619.95,1755.37,4.0,5.0,4.0,4.0,1.0,0.0,H,1.0,0.0,H,10.0,16.0,1.0,5.0,21.0,9.0,2.0,8.0,4.0,1.0,1.0,0.0,3.37,3.13,2.3
SP1,2020-07-12,Sevilla,Mallorca,1810.79,1602.99,9.0,11.0,6.0,6.0,2.0,0.0,H,1.0,0.0,H,14.0,14.0,5.0,5.0,14.0,7.0,5.0,5.0,3.0,2.0,0.0,0.0,1.4,4.81,7.83
SP1,2020-07-13,Alaves,Getafe,1659.88,1785.47,0.0,0.0,1.0,5.0,0.0,0.0,D,0.0,0.0,D,3.0,14.0,1.0,4.0,26.0,15.0,2.0,4.0,4.0,2.0,0.0,0.0,3.66,2.91,2.32
SP1,2020-07-13,Villarreal,Sociedad,1760.67,1730.72,6.0,10.0,4.0,4.0,1.0,2.0,A,0.0,0.0,D,9.0,11.0,3.0,6.0,12.0,11.0,2.0,10.0,2.0,2.0,0.0,0.0,2.28,3.5,3.07
SP1,2020-07-13,Granada,Real Madrid,1674.38,1910.19,7.0,8.0,9.0,15.0,1.0,2.0,A,0.0,2.0,A,13.0,11.0,4.0,5.0,18.0,18.0,4.0,3.0,2.0,2.0,0.0,0.0,7.12,4.51,1.45
SP1,2020-07-16,Eibar,Valladolid,1688.5,1653.82,4.0,7.0,3.0,5.0,3.0,1.0,H,2.0,0.0,H,13.0,17.0,7.0,8.0,19.0,13.0,3.0,12.0,4.0,0.0,0.0,0.0,2.19,3.12,3.67
SP1,2020-07-16,Ath Bilbao,Leganes,1755.55,1642.8,3.0,9.0,7.0,7.0,0.0,2.0,A,0.0,0.0,D,10.0,16.0,3.0,4.0,11.0,11.0,3.0,3.0,2.0,3.0,1.0,0.0,1.81,3.41,4.91
SP1,2020-07-16,Barcelona,Osasuna,1976.68,1686.86,9.0,11.0,4.0,10.0,1.0,2.0,A,0.0,1.0,A,19.0,9.0,3.0,5.0,7.0,14.0,10.0,2.0,4.0,1.0,0.0,1.0,1.15,8.0,17.44
SP1,2020-07-16,Betis,Alaves,1690.1,1639.66,4.0,4.0,1.0,1.0,1.0,2.0,A,0.0,0.0,D,14.0,9.0,7.0,5.0,14.0,18.0,6.0,5.0,6.0,4.0,1.0,1.0,2.35,3.25,3.16
SP1,2020-07-16,Celta,Levante,1680.6,1683.23,2.0,3.0,1.0,5.0,2.0,3.0,A,2.0,2.0,D,16.0,8.0,6.0,4.0,11.0,15.0,8.0,4.0,3.0,0.0,1.0,1.0,1.61,4.23,5.16
SP1,2020-07-16,Getafe,Ath Madrid,1764.5,1897.24,2.0,5.0,7.0,11.0,0.0,2.0,A,0.0,0.0,D,15.0,11.0,6.0,3.0,14.0,11.0,4.0,3.0,1.0,2.0,1.0,0.0,3.56,2.95,2.33
SP1,2020-07-16,Mallorca,Granada,1609.81,1694.39,3.0,6.0,4.0,7.0,1.0,2.0,A,1.0,1.0,D,18.0,14.0,5.0,6.0,14.0,18.0,5.0,6.0,7.0,5.0,2.0,0.0,2.06,3.47,3.63
SP1,2020-07-16,Real Madrid,Villarreal,1926.33,1766.98,9.0,15.0,3.0,9.0,2.0,1.0,H,1.0,0.0,H,12.0,8.0,7.0,4.0,13.0,13.0,4.0,2.0,3.0,2.0,0.0,0.0,1.45,4.79,6.61
SP1,2020-07-16,Sociedad,Sevilla,1735.89,1826.19,4.0,7.0,9.0,13.0,0.0,0.0,D,0.0,0.0,D,11.0,8.0,4.0,3.0,16.0,13.0,3.0,2.0,1.0,2.0,0.0,0.0,2.41,3.42,2.91
SP1,2020-07-16,Valencia,Espanol,1736.74,1614.33,4.0,4.0,0.0,0.0,1.0,0.0,H,1.0,0.0,H,9.0,18.0,3.0,6.0,9.0,18.0,4.0,4.0,2.0,4.0,1.0,0.0,1.54,4.21,6.22
SP1,2020-07-19,Alaves,Barcelona,1639.66,1976.68,4.0,4.0,6.0,10.0,0.0,5.0,A,0.0,3.0,A,8.0,16.0,0.0,8.0,17.0,15.0,2.0,1.0,0.0,0.0,0.0,0.0,5.44,4.3,1.57
SP1,2020-07-19,Valladolid,Betis,1653.82,1690.1,0.0,4.0,3.0,4.0,2.0,0.0,H,1.0,0.0,H,13.0,10.0,4.0,3.0,17.0,10.0,3.0,5.0,2.0,2.0,0.0,0.0,2.62,3.27,2.73
SP1,2020-07-19,Villarreal,Eibar,1766.98,1688.5,3.0,6.0,7.0,7.0,4.0,0.0,H,0.0,0.0,D,12.0,11.0,5.0,3.0,4.0,9.0,4.0,4.0,0.0,0.0,0.0,0.0,1.51,4.4,6.0
SP1,2020-07-19,Ath Madrid,Sociedad,1897.24,1735.89,7.0,11.0,4.0,8.0,1.0,1.0,D,1.0,0.0,H,6.0,10.0,3.0,4.0,16.0,9.0,2.0,3.0,1.0,2.0,0.0,0.0,1.99,3.27,4.1
SP1,2020-07-19,Espanol,Celta,1614.33,1680.6,0.0,0.0,1.0,2.0,0.0,0.0,D,0.0,0.0,D,8.0,9.0,1.0,3.0,10.0,11.0,1.0,4.0,2.0,3.0,0.0,0.0,5.6,3.74,1.65
SP1,2020-07-19,Granada,Ath Bilbao,1694.39,1755.55,6.0,10.0,3.0,6.0,4.0,0.0,H,1.0,0.0,H,11.0,11.0,6.0,3.0,10.0,11.0,2.0,3.0,1.0,2.0,0.0,0.0,2.03,3.47,3.7
SP1,2020-07-19,Leganes,Real Madrid,1642.8,1926.33,7.0,10.0,9.0,15.0,2.0,2.0,D,1.0,1.0,D,15.0,7.0,7.0,4.0,9.0,11.0,5.0,2.0,4.0,1.0,0.0,0.0,2.73,3.58,2.43
SP1,2020-07-19,Levante,Getafe,1683.23,1764.5,3.0,5.0,1.0,2.0,1.0,0.0,H,0.0,0.0,D,13.0,13.0,4.0,4.0,10.0,12.0,6.0,8.0,2.0,4.0,0.0,0.0,4.86,3.55,1.77
SP1,2020-07-19,Osasuna,Mallorca,1686.86,1609.81,6.0,10.0,3.0,6.0,2.0,2.0,D,1.0,1.0,D,12.0,12.0,5.0,4.0,17.0,10.0,3.0,5.0,2.0,0.0,0.0,0.0,1.81,3.72,4.33
SP1,2020-07-19,Sevilla,Valencia,1826.19,1736.74,7.0,13.0,6.0,7.0,1.0,0.0,H,0.0,0.0,D,16.0,8.0,4.0,2.0,11.0,6.0,4.0,7.0,0.0,1.0,0.0,0.0,1.93,3.63,3.88
SP1,2020-09-12,Eibar,Celta,1686.39,1670.69,6.0,7.0,1.0,3.0,0.0,0.0,D,0.0,0.0,D,8.0,6.0,1.0,3.0,17.0,13.0,3.0,3.0,4.0,4.0,1.0,0.0,2.53,3.16,2.97
SP1,2020-09-12,Granada,Ath Bilbao,1716.38,1722.37,6.0,10.0,3.0,3.0,2.0,0.0,H,0.0,0.0,D,4.0,9.0,2.0,2.0,8.0,10.0,1.0,2.0,3.0,4.0,0.0,0.0,2.82,3.0,2.75
SP1,2020-09-12,Cadiz,Osasuna,1555.23,1697.59,0.0,6.0,7.0,8.0,0.0,2.0,A,0.0,1.0,A,12.0,6.0,3.0,4.0,14.0,21.0,6.0,2.0,2.0,2.0,0.0,0.0,2.8,2.95,2.82
SP1,2020-09-13,Alaves,Betis,1644.01,1668.33,4.0,4.0,0.0,4.0,0.0,1.0,A,0.0,0.0,D,7.0,11.0,2.0,4.0,19.0,17.0,6.0,4.0,3.0,3.0,0.0,0.0,2.83,3.21,2.59
SP1,2020-09-13,Valladolid,Sociedad,1655.61,1742.09,3.0,6.0,5.0,6.0,1.0,1.0,D,1.0,0.0,H,8.0,8.0,3.0,2.0,15.0,17.0,5.0,3.0,4.0,1.0,0.0,0.0,2.88,3.2,2.55
SP1,2020-09-13,Villarreal,Huesca,1773.21,1595.13,3.0,6.0,6.0,9.0,1.0,1.0,D,0.0,1.0,A,15.0,10.0,4.0,3.0,10.0,22.0,6.0,6.0,1.0,1.0,0.0,0.0,1.57,4.1,5.92
SP1,2020-09-13,Valencia,Levante,1735.55,1700.5,3.0,7.0,6.0,7.0,4.0,2.0,H,2.0,2.0,D,14.0,19.0,8.0,8.0,9.0,14.0,3.0,4.0,1.0,3.0,0.0,0.0,2.1,3.46,3.53
SP1,2020-09-19,Villarreal,Eibar,1767.15,1684.09,4.0,7.0,4.0,8.0,2.0,1.0,H,0.0,0.0,D,14.0,12.0,8.0,4.0,5.0,12.0,4.0,3.0,1.0,1.0,0.0,0.0,1.6,4.05,5.72
SP1,2020-09-19,Getafe,Osasuna,1737.7,1706.33,1.0,2.0,7.0,10.0,1.0,0.0,H,0.0,0.0,D,7.0,10.0,1.0,3.0,19.0,13.0,4.0,1.0,4.0,2.0,0.0,0.0,1.99,3.18,4.36
SP1,2020-09-19,Celta,Valencia,1672.99,1743.29,2.0,3.0,6.0,9.0,2.0,1.0,H,1.0,0.0,H,23.0,9.0,6.0,3.0,12.0,13.0,6.0,6.0,3.0,1.0,0.0,0.0,2.24,3.5,3.17
SP1,2020-09-20,Huesca,Cadiz,1601.19,1546.49,7.0,10.0,0.0,3.0,0.0,2.0,A,0.0,1.0,A,4.0,6.0,0.0,4.0,18.0,23.0,2.0,1.0,3.0,3.0,0.0,0.0,2.17,3.01,3.92
SP1,2020-09-20,Betis,Valladolid,1677.45,1656.2,3.0,6.0,4.0,4.0,2.0,0.0,H,2.0,0.0,H,16.0,9.0,6.0,2.0,18.0,10.0,5.0,3.0,3.0,0.0,0.0,0.0,1.87,3.52,4.38
SP1,2020-09-20,Granada,Alaves,1725.78,1634.89,9.0,12.0,3.0,4.0,2.0,1.0,H,1.0,1.0,D,10.0,5.0,3.0,3.0,9.0,12.0,4.0,4.0,0.0,3.0,0.0,0.0,2.08,3.07,4.17
SP1,2020-09-20,Sociedad,Real Madrid,1741.5,1919.93,3.0,6.0,7.0,13.0,0.0,0.0,D,0.0,0.0,D,6.0,16.0,1.0,4.0,17.0,12.0,1.0,11.0,2.0,2.0,0.0,0.0,4.65,3.8,1.76
SP1,2020-09-26,Alaves,Getafe,1634.89,1737.7,0.0,4.0,3.0,4.0,0.0,0.0,D,0.0,0.0,D,9.0,11.0,0.0,4.0,13.0,13.0,1.0,5.0,2.0,2.0,0.0,0.0,3.49,2.82,2.45
SP1,2020-09-26,Valencia,Huesca,1743.29,1601.19,3.0,6.0,4.0,7.0,1.0,1.0,D,1.0,0.0,H,5.0,17.0,2.0,4.0,14.0,20.0,4.0,4.0,0.0,1.0,0.0,0.0,2.05,3.36,3.79
SP1,2020-09-26,Elche,Sociedad,1562.23,1741.5,6.0,9.0,3.0,7.0,0.0,3.0,A,0.0,0.0,D,5.0,27.0,2.0,7.0,11.0,12.0,2.0,11.0,3.0,1.0,0.0,0.0,4.2,3.31,1.96
SP1,2020-09-26,Betis,Real Madrid,1677.45,1919.93,6.0,6.0,5.0,11.0,2.0,3.0,A,2.0,1.0,H,15.0,11.0,5.0,4.0,9.0,10.0,8.0,3.0,5.0,2.0,1.0,0.0,4.16,3.8,1.84
SP1,2020-09-27,Osasuna,Levante,1706.33,1692.76,4.0,10.0,6.0,6.0,1.0,3.0,A,1.0,1.0,D,9.0,11.0,4.0,5.0,15.0,16.0,3.0,7.0,2.0,0.0,0.0,0.0,2.29,3.34,3.19
SP1,2020-09-27,Eibar,Ath Bilbao,1684.09,1712.97,1.0,7.0,0.0,3.0,1.0,2.0,A,0.0,1.0,A,7.0,9.0,1.0,5.0,15.0,12.0,5.0,4.0,1.0,0.0,0.0,0.0,3.04,2.94,2.63
SP1,2020-09-27,Ath Madrid,Granada,1890.39,1725.78,7.0,11.0,9.0,12.0,6.0,1.0,H,1.0,0.0,H,17.0,11.0,10.0,6.0,16.0,14.0,1.0,1.0,3.0,1.0,0.0,0.0,1.5,4.0,7.49
SP1,2020-09-27,Cadiz,Sevilla,1546.49,1862.49,3.0,3.0,7.0,13.0,1.0,3.0,A,0.0,0.0,D,12.0,14.0,5.0,5.0,9.0,14.0,6.0,5.0,4.0,2.0,0.0,0.0,5.24,3.36,1.78
SP1,2020-09-27,Valladolid,Celta,1656.2,1672.99,4.0,4.0,5.0,5.0,1.0,1.0,D,0.0,1.0,A,10.0,5.0,4.0,1.0,26.0,18.0,4.0,1.0,3.0,4.0,0.0,0.0,2.9,2.89,2.77
SP1,2020-09-27,Barcelona,Villarreal,1954.91,1767.15,6.0,12.0,7.0,7.0,4.0,0.0,H,4.0,0.0,H,17.0,5.0,9.0,1.0,9.0,10.0,8.0,4.0,0.0,1.0,0.0,0.0,1.54,4.49,5.73
SP1,2020-09-29,Sociedad,Valencia,1741.5,1743.29,5.0,7.0,4.0,7.0,0.0,1.0,A,0.0,0.0,D,11.0,9.0,3.0,5.0,16.0,15.0,9.0,3.0,1.0,5.0,0.0,0.0,1.56,4.29,5.86
SP1,2020-09-29,Getafe,Betis,1737.7,1677.45,4.0,5.0,6.0,6.0,3.0,0.0,H,3.0,0.0,H,8.0,10.0,4.0,2.0,15.0,17.0,1.0,4.0,4.0,4.0,0.0,1.0,2.51,3.07,3.11
SP1,2020-09-30,Huesca,Ath Madrid,1601.19,1890.39,2.0,8.0,7.0,11.0,0.0,0.0,D,0.0,0.0,D,9.0,16.0,3.0,2.0,13.0,10.0,5.0,7.0,1.0,0.0,0.0,0.0,8.01,4.05,1.48
SP1,2020-09-30,Villarreal,Alaves,1767.15,1634.89,4.0,7.0,1.0,4.0,3.0,1.0,H,2.0,1.0,H,10.0,8.0,6.0,3.0,11.0,13.0,2.0,0.0,0.0,2.0,0.0,0.0,1.61,3.9,5.84
SP1,2020-09-30,Eibar,Elche,1684.09,1562.23,1.0,4.0,3.0,6.0,0.0,1.0,A,0.0,1.0,A,12.0,5.0,4.0,2.0,9.0,14.0,3.0,2.0,2.0,2.0,0.0,0.0,1.83,3.5,4.63
SP1,2020-09-30,Real Madrid,Valladolid,1919.93,1656.2,5.0,11.0,2.0,5.0,1.0,0.0,H,0.0,0.0,D,15.0,11.0,5.0,5.0,11.0,7.0,4.0,7.0,2.0,1.0,0.0,0.0,1.26,6.04,11.55
SP1,2020-10-01,Ath Bilbao,Cadiz,1722.75,1559.02,3.0,6.0,3.0,3.0,0.0,1.0,A,0.0,0.0,D,13.0,3.0,4.0,1.0,15.0,16.0,5.0,2.0,3.0,5.0,0.0,2.0,1.57,3.73,6.82
SP1,2020-10-01,Sevilla,Levante,1867.56,1707.61,7.0,13.0,6.0,9.0,1.0,0.0,H,0.0,0.0,D,16.0,3.0,2.0,1.0,14.0,17.0,2.0,4.0,5.0,2.0,0.0,0.0,1.44,4.59,7.25
SP1,2020-10-01,Celta,Barcelona,1682.95,1960.98,5.0,6.0,6.0,12.0,0.0,3.0,A,0.0,1.0,A,10.0,6.0,3.0,3.0,22.0,10.0,3.0,7.0,5.0,5.0,0.0,1.0,5.76,4.4,1.55
SP1,2020-10-03,Valladolid,Eibar,1646.08,1658.84,1.0,5.0,0.0,1.0,1.0,2.0,A,1.0,1.0,D,9.0,11.0,3.0,5.0,11.0,21.0,3.0,4.0,2.0,3.0,0.0,1.0,2.37,3.07,3.33
SP1,2020-10-03,Ath Madrid,Villarreal,1892.38,1772.19,5.0,11.0,6.0,10.0,0.0,0.0,D,0.0,0.0,D,14.0,6.0,1.0,2.0,11.0,7.0,9.0,1.0,1.0,2.0,0.0,0.0,1.68,3.75,5.39
SP1,2020-10-03,Elche,Huesca,1566.73,1597.56,6.0,9.0,2.0,6.0,0.0,0.0,D,0.0,0.0,D,2.0,18.0,0.0,4.0,8.0,26.0,0.0,5.0,0.0,2.0,0.0,0.0,3.11,3.13,2.44
SP1,2020-10-03,Sociedad,Getafe,1744.0,1751.79,4.0,6.0,7.0,7.0,3.0,0.0,H,1.0,0.0,H,11.0,5.0,6.0,1.0,21.0,13.0,5.0,4.0,3.0,3.0,0.0,0.0,2.31,3.06,3.44
SP1,2020-10-03,Valencia,Betis,1740.64,1673.53,4.0,7.0,3.0,6.0,0.0,2.0,A,0.0,1.0,A,5.0,17.0,2.0,8.0,11.0,14.0,4.0,7.0,2.0,2.0,0.0,0.0,2.75,3.26,2.64
SP1,2020-10-04,Osasuna,Celta,1687.34,1682.95,3.0,7.0,4.0,6.0,2.0,0.0,H,1.0,0.0,H,14.0,9.0,5.0,3.0,19.0,10.0,6.0,5.0,3.0,3.0,0.0,0.0,2.66,3.08,2.88
SP1,2020-10-04,Alaves,Ath Bilbao,1627.67,1722.75,1.0,1.0,3.0,3.0,1.0,0.0,H,0.0,0.0,D,8.0,8.0,3.0,0.0,20.0,17.0,0.0,6.0,2.0,3.0,1.0,0.0,3.35,2.95,2.43
SP1,2020-10-04,Levante,Real Madrid,1707.61,1923.45,3.0,9.0,7.0,11.0,0.0,2.0,A,0.0,1.0,A,11.0,13.0,4.0,3.0,14.0,8.0,4.0,6.0,2.0,1.0,0.0,0.0,6.0,4.57,1.51
SP1,2020-10-04,Cadiz,Granada,1559.02,1726.21,6.0,6.0,6.0,12.0,1.0,1.0,D,0.0,1.0,A,14.0,13.0,4.0,5.0,16.0,16.0,2.0,5.0,2.0,2.0,0.0,0.0,3.0,2.96,2.64
SP1,2020-10-04,Barcelona,Sevilla,1960.98,1867.56,9.0,12.0,9.0,13.0,1.0,1.0,D,1.0,1.0,D,12.0,13.0,5.0,1.0,11.0,18.0,6.0,5.0,1.0,1.0,0.0,0.0,1.62,4.22,5.18
SP1,2020-10-17,Granada,Sevilla,1734.34,1877.55,4.0,10.0,7.0,11.0,1.0,0.0,H,0.0,0.0,D,13.0,8.0,3.0,3.0,16.0,11.0,5.0,1.0,4.0,4.0,0.0,1.0,4.23,3.4,1.94
SP1,2020-10-17,Celta,Ath Madrid,1671.33,1890.21,1.0,5.0,5.0,9.0,0.0,2.0,A,0.0,1.0,A,15.0,9.0,5.0,4.0,16.0,18.0,8.0,4.0,3.0,4.0,0.0,0.0,5.34,3.35,1.78
SP1,2020-10-17,Real Madrid,Cadiz,1932.07,1578.05,9.0,11.0,4.0,7.0,0.0,1.0,A,0.0,1.0,A,14.0,14.0,2.0,5.0,7.0,5.0,4.0,11.0,2.0,0.0,0.0,0.0,1.22,6.64,13.22
SP1,2020-10-17,Getafe,Barcelona,1742.73,1964.91,4.0,7.0,7.0,10.0,1.0,0.0,H,0.0,0.0,D,9.0,7.0,4.0,1.0,20.0,10.0,7.0,2.0,4.0,3.0,0.0,0.0,4.88,3.7,1.75
SP1,2020-10-18,Eibar,Osasuna,1671.06,1698.76,3.0,4.0,3.0,7.0,0.0,0.0,D,0.0,0.0,D,10.0,8.0,6.0,2.0,14.0,14.0,6.0,7.0,2.0,3.0,0.0,1.0,2.62,3.03,2.98
SP1,2020-10-18,Ath Bilbao,Levante,1703.21,1701.25,3.0,3.0,3.0,6.0,2.0,0.0,H,0.0,0.0,D,14.0,6.0,5.0,1.0,11.0,10.0,9.0,3.0,3.0,1.0,0.0,0.0,2.07,3.29,3.82
SP1,2020-10-18,Villarreal,Valencia,1779.69,1727.45,4.0,8.0,4.0,7.0,2.0,1.0,H,1.0,1.0,D,16.0,11.0,6.0,3.0,13.0,8.0,3.0,7.0,4.0,1.0,1.0,0.0,1.65,4.03,5.04
SP1,2020-10-18,Alaves,Elche,1638.95,1568.47,4.0,4.0,4.0,7.0,0.0,2.0,A,0.0,1.0,A,13.0,7.0,2.0,3.0,11.0,11.0,2.0,6.0,2.0,5.0,0.0,0.0,1.77,3.36,5.29
SP1,2020-10-18,Huesca,Valladolid,1601.14,1639.19,3.0,4.0,1.0,2.0,2.0,2.0,D,0.0,1.0,A,12.0,5.0,7.0,3.0,14.0,24.0,3.0,1.0,1.0,2.0,0.0,0.0,2.25,2.99,3.69
SP1,2020-10-18,Betis,Sociedad,1692.05,1758.38,3.0,9.0,6.0,8.0,0.0,3.0,A,0.0,1.0,A,7.0,8.0,1.0,5.0,11.0,18.0,6.0,2.0,2.0,1.0,0.0,0.0,2.47,3.44,2.83
SP1,2020-10-23,Elche,Valencia,1568.47,1727.45,7.0,10.0,3.0,4.0,2.0,1.0,H,2.0,0.0,H,3.0,14.0,2.0,4.0,15.0,8.0,0.0,7.0,3.0,2.0,0.0,0.0,3.17,3.18,2.4
SP1,2020-10-24,Barcelona,Real Madrid,1964.91,1932.07,4.0,10.0,6.0,10.0,1.0,3.0,A,1.0,1.0,D,10.0,15.0,4.0,9.0,11.0,13.0,7.0,7.0,3.0,2.0,0.0,0.0,2.03,3.66,3.55
SP1,2020-10-24,Osasuna,Ath Bilbao,1698.76,1703.21,4.0,7.0,3.0,6.0,1.0,0.0,H,0.0,0.0,D,7.0,13.0,2.0,5.0,18.0,10.0,2.0,5.0,3.0,2.0,0.0,0.0,3.28,2.95,2.47
SP1,2020-10-24,Sevilla,Eibar,1877.55,1671.06,4.0,10.0,4.0,4.0,0.0,1.0,A,0.0,1.0,A,21.0,3.0,3.0,1.0,11.0,12.0,13.0,3.0,0.0,3.0,0.0,0.0,1.48,4.26,7.31
SP1,2020-10-24,Ath Madrid,Betis,1890.21,1692.05,5.0,9.0,3.0,6.0,2.0,0.0,H,0.0,0.0,D,13.0,12.0,6.0,3.0,19.0,12.0,8.0,5.0,2.0,0.0,0.0,1.0,1.58,3.98,6.18
SP1,2020-10-25,Valladolid,Alaves,1639.19,1638.95,1.0,2.0,3.0,4.0,0.0,2.0,A,0.0,0.0,D,5.0,14.0,1.0,4.0,9.0,7.0,2.0,4.0,1.0,0.0,1.0,0.0,2.35,2.89,3.6
SP1,2020-10-25,Cadiz,Villarreal,1578.05,1779.69,7.0,10.0,7.0,10.0,0.0,0.0,D,0.0,0.0,D,5.0,7.0,0.0,2.0,15.0,7.0,0.0,5.0,2.0,2.0,0.0,0.0,3.6,3.24,2.16
SP1,2020-10-25,Getafe,Granada,1742.73,1734.34,6.0,10.0,4.0,10.0,0.0,1.0,A,0.0,1.0,A,10.0,5.0,1.0,2.0,19.0,23.0,6.0,1.0,4.0,2.0,0.0,0.0,1.92,3.04,4.95
SP1,2020-10-25,Sociedad,Huesca,1758.38,1601.14,6.0,10.0,3.0,4.0,4.0,1.0,H,1.0,0.0,H,13.0,6.0,6.0,4.0,12.0,11.0,4.0,5.0,2.0,1.0,0.0,0.0,1.63,3.76,5.96
SP1,2020-10-26,Levante,Celta,1701.25,1671.33,0.0,3.0,0.0,4.0,1.0,1.0,D,0.0,0.0,D,10.0,10.0,3.0,3.0,11.0,19.0,3.0,2.0,2.0,2.0,0.0,0.0,2.45,3.31,2.94
SP1,2020-10-30,Eibar,Cadiz,1671.06,1578.05,7.0,7.0,5.0,8.0,0.0,2.0,A,0.0,2.0,A,9.0,6.0,3.0,4.0,10.0,10.0,7.0,2.0,1.0,1.0,0.0,0.0,2.6,2.8,3.32
SP1,2020-10-31,Real Madrid,Huesca,1932.07,1601.14,6.0,12.0,2.0,4.0,4.0,1.0,H,2.0,0.0,H,13.0,9.0,6.0,2.0,16.0,9.0,6.0,3.0,0.0,2.0,0.0,0.0,1.38,5.09,8.01
SP1,2020-10-31,Ath Bilbao,Sevilla,1703.21,1877.55,3.0,6.0,1.0,7.0,2.0,1.0,H,0.0,1.0,A,16.0,7.0,5.0,3.0,17.0,19.0,6.0,1.0,5.0,5.0,0.0,0.0,3.05,2.95,2.64
SP1,2020-10-31,Osasuna,Ath Madrid,1698.76,1890.21,7.0,7.0,7.0,11.0,1.0,3.0,A,0.0,1.0,A,8.0,11.0,3.0,6.0,12.0,10.0,3.0,2.0,1.0,2.0,0.0,0.0,5.14,3.37,1.8
SP1,2020-10-31,Alaves,Barcelona,1638.95,1964.91,6.0,7.0,1.0,7.0,1.0,1.0,D,1.0,0.0,H,4.0,25.0,3.0,9.0,16.0,4.0,2.0,14.0,4.0,3.0,1.0,0.0,6.73,4.71,1.46
SP1,2020-11-01,Betis,Elche,1674.3,1594.13,3.0,3.0,7.0,10.0,3.0,1.0,H,2.0,0.0,H,17.0,4.0,10.0,2.0,13.0,12.0,1.0,1.0,2.0,1.0,0.0,0.0,1.47,4.32,7.24
SP1,2020-11-01,Celta,Sociedad,1666.89,1770.1,1.0,2.0,9.0,12.0,1.0,4.0,A,0.0,2.0,A,9.0,9.0,2.0,7.0,19.0,16.0,2.0,3.0,2.0,5.0,1.0,0.0,3.03,3.23,2.45
SP1,2020-11-01,Granada,Levante,1755.56,1688.81,7.0,10.0,1.0,4.0,1.0,1.0,D,1.0,1.0,D,5.0,19.0,2.0,4.0,7.0,14.0,2.0,8.0,2.0,3.0,1.0,0.0,2.25,3.25,3.37
SP1,2020-11-01,Valencia,Getafe,1711.42,1744.2,0.0,4.0,3.0,7.0,2.0,2.0,D,1.0,0.0,H,11.0,16.0,5.0,5.0,18.0,25.0,0.0,3.0,8.0,5.0,1.0,1.0,3.26,2.95,2.48
SP1,2020-11-02,Villarreal,Valladolid,1786.12,1624.53,5.0,8.0,1.0,2.0,2.0,0.0,H,2.0,0.0,H,11.0,11.0,5.0,1.0,13.0,13.0,6.0,4.0,1.0,3.0,0.0,0.0,1.61,3.95,5.81
SP1,2020-11-06,Elche,Celta,1594.13,1666.89,6.0,10.0,1.0,1.0,1.0,1.0,D,1.0,1.0,D,8.0,14.0,1.0,6.0,18.0,12.0,3.0,3.0,3.0,4.0,0.0,0.0,3.97,3.32,2.04
SP1,2020-11-07,Huesca,Eibar,1592.38,1666.43,1.0,3.0,4.0,7.0,1.0,1.0,D,0.0,1.0,A,14.0,8.0,6.0,3.0,16.0,30.0,4.0,3.0,2.0,0.0,0.0,0.0,2.15,3.16,3.76
SP1,2020-11-07,Barcelona,Betis,1942.18,1674.3,1.0,5.0,3.0,6.0,5.0,2.0,H,1.0,1.0,D,18.0,12.0,9.0,6.0,8.0,10.0,9.0,5.0,2.0,2.0,0.0,1.0,1.4,5.12,7.35
SP1,2020-11-07,Sevilla,Osasuna,1845.13,1698.73,0.0,4.0,4.0,7.0,1.0,0.0,H,0.0,0.0,D,9.0,10.0,1.0,2.0,11.0,19.0,3.0,0.0,2.0,3.0,0.0,0.0,1.55,4.02,6.6
SP1,2020-11-07,Ath Madrid,Cadiz,1902.77,1614.41,9.0,11.0,7.0,11.0,4.0,0.0,H,2.0,0.0,H,17.0,10.0,7.0,3.0,10.0,9.0,2.0,7.0,1.0,1.0,0.0,0.0,1.43,4.12,9.68
SP1,2020-11-08,Getafe,Villarreal,1744.2,1786.12,4.0,7.0,7.0,11.0,1.0,3.0,A,1.0,2.0,A,13.0,9.0,5.0,5.0,18.0,11.0,3.0,3.0,3.0,4.0,0.0,0.0,2.58,3.05,3.01
SP1,2020-11-08,Sociedad,Granada,1770.1,1755.56,9.0,12.0,7.0,8.0,2.0,0.0,H,2.0,0.0,H,22.0,2.0,9.0,1.0,8.0,11.0,15.0,0.0,2.0,1.0,1.0,0.0,1.68,3.87,5.12
SP1,2020-11-08,Levante,Alaves,1688.81,1642.54,2.0,2.0,4.0,7.0,1.0,1.0,D,0.0,1.0,A,18.0,6.0,5.0,2.0,12.0,16.0,12.0,1.0,1.0,6.0,0.0,1.0,2.2,3.35,3.39
SP1,2020-11-08,Valladolid,Ath Bilbao,1624.53,1715.23,1.0,1.0,6.0,6.0,2.0,1.0,H,1.0,0.0,H,7.0,17.0,4.0,2.0,23.0,11.0,2.0,11.0,4.0,2.0,0.0,0.0,3.43,2.93,2.4
SP1,2020-11-08,Valencia,Real Madrid,1711.42,1917.04,1.0,4.0,6.0,12.0,4.0,1.0,H,2.0,1.0,H,7.0,16.0,4.0,6.0,13.0,14.0,1.0,8.0,3.0,2.0,0.0,0.0,6.2,4.71,1.48
SP1,2020-11-20,Osasuna,Huesca,1699.46,1596.9,3.0,7.0,1.0,3.0,1.0,1.0,D,0.0,1.0,A,18.0,6.0,7.0,5.0,14.0,15.0,4.0,3.0,2.0,3.0,0.0,0.0,2.41,3.06,3.3
SP1,2020-11-21,Levante,Elche,1693.41,1591.89,3.0,3.0,4.0,8.0,1.0,1.0,D,1.0,0.0,H,13.0,11.0,5.0,5.0,15.0,11.0,5.0,4.0,1.0,4.0,0.0,0.0,1.6,4.19,5.47
SP1,2020-11-21,Villarreal,Real Madrid,1811.22,1905.3,7.0,11.0,6.0,9.0,1.0,1.0,D,0.0,1.0,A,13.0,6.0,1.0,1.0,16.0,14.0,4.0,2.0,1.0,2.0,0.0,0.0,2.92,3.76,2.29
SP1,2020-11-21,Sevilla,Celta,1854.38,1658.65,3.0,4.0,2.0,2.0,4.0,2.0,H,2.0,2.0,D,15.0,10.0,10.0,7.0,14.0,20.0,3.0,2.0,2.0,2.0,0.0,0.0,1.72,3.6,5.3
SP1,2020-11-21,Ath Madrid,Barcelona,1903.97,1950.77,9.0,13.0,4.0,5.0,1.0,0.0,H,1.0,0.0,H,9.0,13.0,2.0,4.0,12.0,6.0,8.0,8.0,4.0,0.0,0.0,0.0,2.84,3.48,2.46
SP1,2020-11-22,Eibar,Getafe,1670.17,1737.19,4.0,8.0,1.0,4.0,0.0,0.0,D,0.0,0.0,D,15.0,8.0,5.0,3.0,16.0,22.0,3.0,4.0,3.0,4.0,1.0,0.0,3.4,2.97,2.4
SP1,2020-11-22,Cadiz,Sociedad,1615.05,1797.61,4.0,8.0,9.0,15.0,0.0,1.0,A,0.0,0.0,D,2.0,14.0,0.0,4.0,14.0,14.0,1.0,6.0,2.0,1.0,0.0,0.0,4.39,3.64,1.84
SP1,2020-11-22,Granada,Valladolid,1752.5,1633.37,4.0,8.0,3.0,4.0,1.0,3.0,A,0.0,1.0,A,16.0,9.0,6.0,3.0,16.0,14.0,5.0,3.0,4.0,3.0,0.0,0.0,2.14,3.11,3.82
SP1,2020-11-22,Alaves,Valencia,1649.76,1735.12,5.0,8.0,4.0,4.0,2.0,2.0,D,2.0,0.0,H,13.0,13.0,3.0,5.0,21.0,16.0,4.0,5.0,1.0,1.0,0.0,0.0,2.67,3.14,2.8
SP1,2020-11-23,Ath Bilbao,Betis,1710.19,1681.9,3.0,6.0,3.0,6.0,4.0,0.0,H,2.0,0.0,H,14.0,7.0,9.0,1.0,16.0,8.0,6.0,3.0,0.0,0.0,0.0,0.0,2.2,3.32,3.42
SP1,2020-11-27,Valladolid,Levante,1633.37,1693.41,6.0,7.0,3.0,4.0,1.0,1.0,D,0.0,0.0,D,10.0,10.0,4.0,3.0,18.0,11.0,3.0,11.0,0.0,3.0,0.0,0.0,2.56,3.29,2.86
SP1,2020-11-28,Elche,Cadiz,1591.89,1615.05,2.0,8.0,3.0,7.0,1.0,1.0,D,1.0,0.0,H,4.0,7.0,3.0,2.0,16.0,15.0,1.0,9.0,6.0,2.0,1.0,0.0,3.21,2.98,2.49
SP1,2020-11-28,Valencia,Ath Madrid,1735.12,1903.97,5.0,5.0,9.0,15.0,0.0,1.0,A,0.0,0.0,D,5.0,14.0,2.0,6.0,12.0,15.0,2.0,7.0,2.0,5.0,0.0,0.0,4.86,3.74,1.74
SP1,2020-11-28,Huesca,Sevilla,1596.9,1854.38,2.0,3.0,6.0,6.0,0.0,1.0,A,0.0,0.0,D,5.0,16.0,1.0,4.0,14.0,9.0,1.0,10.0,4.0,3.0,0.0,0.0,4.09,3.31,1.99
SP1,2020-11-28,Real Madrid,Alaves,1905.3,1649.76,4.0,7.0,3.0,6.0,1.0,2.0,A,0.0,1.0,A,20.0,11.0,9.0,6.0,8.0,17.0,12.0,9.0,2.0,3.0,0.0,0.0,1.35,5.3,8.65
SP1,2020-11-29,Barcelona,Osasuna,1950.77,1699.46,4.0,4.0,1.0,5.0,4.0,0.0,H,2.0,0.0,H,20.0,10.0,11.0,5.0,8.0,12.0,5.0,3.0,1.0,0.0,0.0,0.0,1.26,6.25,10.74
SP1,2020-11-29,Getafe,Ath Bilbao,1737.19,1710.19,2.0,5.0,6.0,9.0,1.0,1.0,D,0.0,1.0,A,11.0,5.0,3.0,2.0,16.0,23.0,3.0,2.0,2.0,4.0,0.0,0.0,2.77,2.91,2.9
SP1,2020-11-29,Celta,Granada,1658.65,1752.5,1.0,2.0,1.0,7.0,3.0,1.0,H,1.0,1.0,D,17.0,9.0,8.0,2.0,14.0,13.0,8.0,0.0,4.0,3.0,1.0,0.0,2.0,3.44,3.87
SP1,2020-11-29,Sociedad,Villarreal,1797.61,1811.22,9.0,15.0,7.0,11.0,1.0,1.0,D,1.0,1.0,D,8.0,10.0,4.0,2.0,18.0,12.0,4.0,4.0,5.0,3.0,0.0,0.0,2.12,3.56,3.38
SP1,2020-11-30,Betis,Eibar,1681.9,1670.17,3.0,3.0,2.0,6.0,0.0,2.0,A,0.0,0.0,D,7.0,11.0,3.0,6.0,13.0,14.0,6.0,2.0,2.0,1.0,0.0,0.0,1.79,3.68,4.57
SP1,2020-12-04,Ath Bilbao,Celta,1724.77,1668.13,4.0,7.0,4.0,5.0,0.0,2.0,A,0.0,0.0,D,10.0,6.0,0.0,4.0,7.0,15.0,4.0,5.0,2.0,1.0,0.0,0.0,2.08,3.3,3.84
SP1,2020-12-05,Levante,Getafe,1690.66,1736.0,3.0,5.0,2.0,3.0,3.0,0.0,H,2.0,0.0,H,12.0,9.0,8.0,0.0,12.0,13.0,5.0,5.0,2.0,7.0,0.0,2.0,2.92,3.1,2.61
SP1,2020-12-05,Sevilla,Real Madrid,1865.42,1900.55,9.0,9.0,1.0,7.0,0.0,1.0,A,0.0,0.0,D,12.0,10.0,2.0,3.0,15.0,20.0,4.0,3.0,1.0,3.0,0.0,0.0,2.55,3.52,2.7
SP1,2020-12-05,Ath Madrid,Valladolid,1909.79,1651.54,9.0,15.0,7.0,7.0,2.0,0.0,H,0.0,0.0,D,15.0,13.0,4.0,3.0,10.0,10.0,4.0,4.0,4.0,2.0,0.0,0.0,1.39,4.51,9.42
SP1,2020-12-05,Cadiz,Barcelona,1612.27,1952.72,1.0,5.0,6.0,7.0,2.0,1.0,H,1.0,0.0,H,7.0,21.0,3.0,8.0,10.0,7.0,5.0,13.0,0.0,2.0,0.0,0.0,8.1,5.19,1.36
SP1,2020-12-06,Granada,Huesca,1725.26,1598.8,0.0,4.0,2.0,2.0,3.0,3.0,D,1.0,1.0,D,15.0,16.0,6.0,7.0,12.0,16.0,4.0,2.0,2.0,0.0,0.0,0.0,2.45,3.09,3.16
SP1,2020-12-06,Osasuna,Betis,1692.11,1657.79,1.0,4.0,0.0,3.0,0.0,2.0,A,0.0,0.0,D,10.0,12.0,0.0,5.0,16.0,12.0,2.0,5.0,3.0,2.0,0.0,0.0,2.71,3.27,2.67
SP1,2020-12-06,Villarreal,Elche,1809.38,1595.92,5.0,9.0,3.0,6.0,0.0,0.0,D,0.0,0.0,D,12.0,3.0,3.0,0.0,16.0,13.0,4.0,0.0,3.0,2.0,0.0,0.0,1.34,5.27,8.96
SP1,2020-12-06,Alaves,Sociedad,1666.73,1798.96,5.0,9.0,7.0,13.0,0.0,0.0,D,0.0,0.0,D,5.0,13.0,1.0,5.0,3.0,11.0,2.0,3.0,1.0,0.0,1.0,0.0,4.67,3.41,1.85
SP1,2020-12-07,Eibar,Valencia,1684.87,1730.08,5.0,8.0,4.0,5.0,0.0,0.0,D,0.0,0.0,D,19.0,6.0,3.0,4.0,15.0,10.0,8.0,0.0,3.0,2.0,0.0,0.0,2.49,3.16,3.0
SP1,2020-12-11,Valladolid,Osasuna,1651.54,1692.11,4.0,7.0,1.0,1.0,3.0,2.0,H,1.0,2.0,A,11.0,13.0,6.0,6.0,14.0,18.0,3.0,3.0,4.0,5.0,0.0,0.0,2.55,2.99,3.12
SP1,2020-12-12,Valencia,Ath Bilbao,1730.08,1724.77,2.0,6.0,4.0,7.0,2.0,2.0,D,1.0,0.0,H,11.0,13.0,2.0,5.0,19.0,16.0,0.0,10.0,2.0,6.0,0.0,0.0,3.21,3.13,2.39
SP1,2020-12-12,Getafe,Sevilla,1736.0,1865.42,2.0,3.0,6.0,9.0,0.0,1.0,A,0.0,0.0,D,8.0,8.0,2.0,0.0,14.0,13.0,5.0,3.0,2.0,3.0,0.0,0.0,3.8,3.19,2.12
SP1,2020-12-12,Huesca,Alaves,1598.8,1666.73,2.0,3.0,5.0,7.0,1.0,0.0,H,0.0,0.0,D,11.0,3.0,3.0,1.0,14.0,20.0,5.0,2.0,1.0,4.0,0.0,0.0,2.23,3.21,3.45
SP1,2020-12-12,Real Madrid,Ath Madrid,1900.55,1909.79,4.0,7.0,9.0,15.0,2.0,0.0,H,1.0,0.0,H,11.0,5.0,3.0,1.0,7.0,16.0,3.0,6.0,1.0,3.0,0.0,0.0,2.39,3.28,3.08
SP1,2020-12-13,Sociedad,Eibar,1798.96,1684.87,5.0,11.0,5.0,6.0,1.0,1.0,D,1.0,0.0,H,8.0,16.0,2.0,4.0,14.0,11.0,5.0,4.0,4.0,3.0,0.0,0.0,1.65,3.72,5.8
SP1,2020-12-13,Betis,Villarreal,1657.79,1809.38,3.0,6.0,3.0,9.0,1.0,1.0,D,0.0,1.0,A,11.0,7.0,5.0,2.0,13.0,14.0,4.0,8.0,2.0,3.0,0.0,0.0,3.04,3.54,2.29
SP1,2020-12-13,Elche,Granada,1595.92,1725.26,3.0,4.0,1.0,2.0,0.0,1.0,A,0.0,1.0,A,9.0,13.0,1.0,5.0,16.0,15.0,6.0,5.0,4.0,2.0,0.0,0.0,3.34,3.1,2.34
SP1,2020-12-13,Barcelona,Levante,1952.72,1690.66,3.0,7.0,5.0,7.0,1.0,0.0,H,0.0,0.0,D,24.0,7.0,13.0,3.0,4.0,15.0,12.0,4.0,2.0,1.0,0.0,0.0,1.25,6.6,10.45
SP1,2020-12-14,Celta,Cadiz,1668.13,1612.27,6.0,7.0,4.0,7.0,4.0,0.0,H,4.0,0.0,H,8.0,12.0,5.0,2.0,24.0,9.0,1.0,5.0,2.0,1.0,0.0,0.0,1.76,3.59,4.96
SP1,2020-12-15,Real Madrid,Ath Bilbao,1897.99,1698.24,6.0,7.0,2.0,5.0,3.0,1.0,H,1.0,0.0,H,18.0,10.0,5.0,4.0,8.0,9.0,6.0,6.0,1.0,3.0,0.0,1.0,1.56,4.18,6.06
SP1,2020-12-16,Barcelona,Sociedad,1910.79,1773.88,6.0,9.0,3.0,9.0,2.0,1.0,H,2.0,1.0,H,14.0,12.0,4.0,5.0,18.0,14.0,2.0,3.0,3.0,3.0,0.0,0.0,1.63,4.38,4.86
SP1,2020-12-18,Ath Bilbao,Huesca,1698.24,1598.66,1.0,5.0,4.0,6.0,2.0,0.0,H,0.0,0.0,D,10.0,6.0,3.0,1.0,9.0,16.0,5.0,5.0,0.0,3.0,0.0,1.0,1.95,3.3,4.37
SP1,2020-12-19,Ath Madrid,Elche,1899.56,1582.41,6.0,12.0,2.0,4.0,3.0,1.0,H,1.0,0.0,H,12.0,8.0,6.0,3.0,13.0,14.0,2.0,5.0,1.0,2.0,0.0,0.0,1.22,5.92,17.1
SP1,2020-12-19,Barcelona,Valencia,1910.79,1715.0,6.0,9.0,2.0,6.0,2.0,2.0,D,1.0,1.0,D,25.0,12.0,9.0,4.0,10.0,14.0,8.0,3.0,4.0,2.0,0.0,0.0,1.31,5.86,8.76
SP1,2020-12-19,Levante,Sociedad,1689.09,1773.88,4.0,6.0,2.0,6.0,2.0,1.0,H,1.0,1.0,D,13.0,15.0,5.0,5.0,19.0,14.0,3.0,4.0,2.0,1.0,0.0,0.0,3.52,3.37,2.13
SP1,2020-12-19,Osasuna,Villarreal,1656.79,1789.41,0.0,1.0,3.0,7.0,1.0,3.0,A,0.0,2.0,A,6.0,13.0,1.0,6.0,17.0,16.0,2.0,2.0,2.0,2.0,1.0,0.0,3.58,3.33,2.13
SP1,2020-12-19,Sevilla,Valladolid,1838.34,1643.07,6.0,12.0,4.0,10.0,1.0,1.0,D,1.0,0.0,H,14.0,12.0,3.0,5.0,14.0,10.0,7.0,7.0,3.0,4.0,0.0,0.0,1.54,3.94,7.02
SP1,2020-12-20,Celta,Alaves,1681.39,1647.15,9.0,10.0,4.0,6.0,2.0,0.0,H,1.0,0.0,H,11.0,8.0,3.0,2.0,18.0,12.0,3.0,5.0,2.0,2.0,0.0,0.0,1.72,3.87,4.77
SP1,2020-12-20,Granada,Betis,1701.92,1661.53,4.0,4.0,4.0,4.0,2.0,0.0,H,2.0,0.0,H,8.0,14.0,3.0,1.0,21.0,16.0,1.0,10.0,3.0,4.0,0.0,0.0,2.55,3.31,2.8
SP1,2020-12-20,Cadiz,Getafe,1602.98,1702.49,4.0,4.0,1.0,2.0,0.0,2.0,A,0.0,1.0,A,8.0,6.0,1.0,4.0,6.0,22.0,2.0,4.0,1.0,6.0,0.0,0.0,3.34,2.86,2.48
SP1,2020-12-20,Eibar,Real Madrid,1675.89,1897.99,5.0,7.0,9.0,10.0,1.0,3.0,A,1.0,2.0,A,10.0,11.0,3.0,5.0,11.0,7.0,4.0,4.0,1.0,0.0,0.0,0.0,6.36,4.12,1.54
SP1,2020-12-22,Elche,Osasuna,1582.41,1656.79,1.0,3.0,0.0,1.0,2.0,2.0,D,0.0,1.0,A,7.0,15.0,2.0,6.0,8.0,17.0,4.0,4.0,1.0,2.0,0.0,1.0,3.33,3.0,2.42
SP1,2020-12-22,Valencia,Sevilla,1715.0,1838.34,3.0,4.0,4.0,10.0,0.0,1.0,A,0.0,0.0,D,10.0,19.0,4.0,3.0,11.0,17.0,3.0,5.0,3.0,2.0,0.0,0.0,3.73,3.37,2.08
SP1,2020-12-22,Huesca,Levante,1598.66,1689.09,4.0,5.0,6.0,8.0,1.0,1.0,D,1.0,0.0,H,11.0,9.0,2.0,1.0,10.0,17.0,10.0,3.0,2.0,3.0,0.0,0.0,2.7,3.33,2.67
SP1,2020-12-22,Sociedad,Ath Madrid,1773.88,1899.56,1.0,3.0,6.0,12.0,0.0,2.0,A,0.0,0.0,D,6.0,8.0,1.0,3.0,20.0,17.0,5.0,5.0,3.0,3.0,0.0,0.0,3.28,3.14,2.37
SP1,2020-12-22,Valladolid,Barcelona,1643.07,1910.79,4.0,8.0,7.0,10.0,0.0,3.0,A,0.0,2.0,A,12.0,21.0,5.0,10.0,12.0,10.0,4.0,5.0,1.0,2.0,0.0,0.0,7.45,5.04,1.4
SP1,2020-12-22,Villarreal,Ath Bilbao,1789.41,1698.24,5.0,7.0,4.0,5.0,1.0,1.0,D,0.0,1.0,A,17.0,9.0,6.0,3.0,10.0,18.0,6.0,4.0,1.0,1.0,0.0,0.0,1.99,3.38,4.03
SP1,2020-12-23,Getafe,Celta,1702.49,1681.39,3.0,5.0,9.0,12.0,1.0,1.0,D,1.0,1.0,D,6.0,2.0,3.0,1.0,17.0,16.0,1.0,4.0,3.0,3.0,0.0,0.0,2.77,3.11,2.72
SP1,2020-12-23,Real Madrid,Granada,1897.99,1701.92,9.0,12.0,7.0,7.0,2.0,0.0,H,0.0,0.0,D,23.0,10.0,6.0,1.0,13.0,11.0,8.0,1.0,2.0,1.0,0.0,0.0,1.33,5.41,8.88
SP1,2020-12-23,Alaves,Eibar,1647.15,1675.89,1.0,5.0,2.0,6.0,2.0,1.0,H,2.0,1.0,H,13.0,8.0,3.0,4.0,10.0,14.0,2.0,7.0,4.0,2.0,0.0,0.0,2.76,2.93,2.9
SP1,2020-12-23,Betis,Cadiz,1661.53,1602.98,4.0,4.0,3.0,4.0,1.0,0.0,H,0.0,0.0,D,6.0,6.0,1.0,3.0,18.0,9.0,5.0,5.0,1.0,1.0,0.0,0.0,1.9,3.4,4.38
SP1,2020-12-29,Sevilla,Villarreal,1838.34,1789.41,7.0,10.0,5.0,7.0,2.0,0.0,H,1.0,0.0,H,10.0,6.0,3.0,2.0,13.0,14.0,4.0,7.0,1.0,4.0,0.0,0.0,2.25,3.26,3.41
SP1,2020-12-29,Barcelona,Eibar,1910.79,1675.89,7.0,10.0,1.0,5.0,1.0,1.0,D,0.0,0.0,D,16.0,9.0,5.0,3.0,6.0,15.0,5.0,7.0,0.0,2.0,0.0,0.0,1.29,5.88,10.11
SP1,2020-12-29,Cadiz,Valladolid,1602.98,1643.07,0.0,4.0,4.0,5.0,0.0,0.0,D,0.0,0.0,D,8.0,7.0,3.0,1.0,14.0,13.0,1.0,6.0,3.0,2.0,0.0,0.0,2.9,2.89,2.83
SP1,2020-12-29,Levante,Betis,1689.09,1661.53,4.0,8.0,4.0,7.0,4.0,3.0,H,3.0,1.0,H,10.0,19.0,5.0,7.0,9.0,14.0,3.0,6.0,3.0,2.0,1.0,0.0,2.43,3.42,2.93
SP1,2020-12-30,Granada,Valencia,1701.92,1715.0,6.0,7.0,2.0,3.0,2.0,1.0,H,1.0,1.0,D,24.0,16.0,5.0,6.0,16.0,15.0,6.0,6.0,4.0,4.0,1.0,2.0,2.23,3.33,3.32
SP1,2020-12-30,Ath Madrid,Getafe,1899.56,1702.49,6.0,12.0,4.0,5.0,1.0,0.0,H,1.0,0.0,H,10.0,10.0,3.0,2.0,7.0,12.0,5.0,2.0,2.0,3.0,0.0,0.0,1.46,4.12,8.28
SP1,2020-12-30,Celta,Huesca,1681.39,1598.66,7.0,13.0,4.0,5.0,2.0,1.0,H,1.0,0.0,H,15.0,17.0,6.0,6.0,19.0,8.0,0.0,5.0,2.0,0.0,0.0,0.0,1.77,3.7,4.67
SP1,2020-12-30,Elche,Real Madrid,1582.41,1897.99,1.0,3.0,9.0,15.0,1.0,1.0,D,0.0,1.0,A,6.0,14.0,3.0,6.0,8.0,18.0,2.0,3.0,1.0,4.0,0.0,0.0,10.49,5.83,1.28
SP1,2020-12-31,Ath Bilbao,Sociedad,1698.24,1773.88,4.0,5.0,0.0,2.0,0.0,1.0,A,0.0,1.0,A,4.0,13.0,0.0,3.0,23.0,18.0,2.0,4.0,5.0,4.0,0.0,0.0,2.97,3.13,2.55
SP1,2020-12-31,Osasuna,Alaves,1656.79,1647.15,1.0,1.0,3.0,7.0,1.0,1.0,D,0.0,0.0,D,8.0,15.0,3.0,1.0,12.0,9.0,5.0,4.0,3.0,4.0,1.0,0.0,2.37,3.23,3.14
SP1,2021-01-02,Villarreal,Levante,1786.01,1701.91,4.0,6.0,7.0,10.0,2.0,1.0,H,1.0,0.0,H,12.0,9.0,7.0,2.0,12.0,11.0,3.0,5.0,1.0,1.0,0.0,0.0,1.64,3.92,5.49
SP1,2021-01-02,Betis,Sevilla,1653.28,1846.65,3.0,7.0,7.0,10.0,1.0,1.0,D,0.0,0.0,D,16.0,6.0,3.0,2.0,15.0,18.0,2.0,1.0,5.0,2.0,0.0,0.0,3.83,3.46,2.01
SP1,2021-01-02,Getafe,Valladolid,1707.72,1643.35,4.0,4.0,2.0,5.0,0.0,1.0,A,0.0,1.0,A,11.0,8.0,4.0,2.0,13.0,13.0,5.0,9.0,3.0,2.0,0.0,0.0,2.01,3.12,4.32
SP1,2021-01-02,Real Madrid,Celta,1904.74,1696.2,7.0,13.0,7.0,13.0,2.0,0.0,H,1.0,0.0,H,9.0,6.0,2.0,1.0,14.0,14.0,1.0,5.0,4.0,2.0,0.0,0.0,1.49,4.75,6.12
SP1,2021-01-03,Ath Bilbao,Elche,1696.57,1587.24,4.0,5.0,2.0,3.0,1.0,0.0,H,1.0,0.0,H,13.0,5.0,2.0,2.0,15.0,13.0,5.0,4.0,2.0,1.0,0.0,0.0,1.53,3.89,7.28
SP1,2021-01-03,Alaves,Ath Madrid,1648.23,1912.88,4.0,5.0,9.0,12.0,1.0,2.0,A,0.0,1.0,A,4.0,8.0,1.0,4.0,14.0,12.0,1.0,5.0,0.0,2.0,1.0,0.0,6.7,3.76,1.58
SP1,2021-01-03,Eibar,Granada,1669.64,1712.81,1.0,3.0,6.0,10.0,2.0,0.0,H,0.0,0.0,D,15.0,6.0,7.0,3.0,10.0,9.0,4.0,2.0,2.0,1.0,0.0,0.0,2.43,3.1,3.18
SP1,2021-01-03,Sociedad,Osasuna,1761.61,1646.2,3.0,4.0,2.0,2.0,1.0,1.0,D,0.0,1.0,A,8.0,6.0,2.0,2.0,15.0,8.0,7.0,2.0,1.0,1.0,0.0,0.0,1.57,4.07,6.05
SP1,2021-01-03,Huesca,Barcelona,1589.26,1906.97,1.0,5.0,5.0,11.0,0.0,1.0,A,0.0,1.0,A,4.0,20.0,4.0,7.0,12.0,11.0,2.0,6.0,1.0,0.0,0.0,0.0,6.38,4.7,1.47
SP1,2021-01-04,Valencia,Cadiz,1707.83,1587.48,1.0,3.0,1.0,4.0,1.0,1.0,D,0.0,0.0,D,11.0,9.0,4.0,2.0,11.0,17.0,9.0,7.0,2.0,2.0,0.0,0.0,2.02,3.43,3.81
SP1,2021-01-06,Ath Bilbao,Barcelona,1696.57,1906.97,4.0,7.0,7.0,11.0,2.0,3.0,A,1.0,2.0,A,8.0,13.0,3.0,9.0,10.0,6.0,3.0,4.0,2.0,1.0,0.0,0.0,4.33,3.75,1.82
SP1,2021-01-08,Celta,Villarreal,1696.2,1786.01,4.0,10.0,4.0,8.0,0.0,4.0,A,0.0,4.0,A,8.0,15.0,3.0,6.0,15.0,18.0,3.0,4.0,1.0,0.0,0.0,0.0,3.42,3.25,2.25
SP1,2021-01-09,Sevilla,Sociedad,1846.65,1761.61,7.0,11.0,4.0,4.0,3.0,2.0,H,2.0,2.0,D,12.0,10.0,7.0,4.0,8.0,18.0,2.0,9.0,0.0,3.0,0.0,0.0,2.24,3.1,3.63
SP1,2021-01-09,Granada,Barcelona,1712.81,1906.97,3.0,9.0,7.0,11.0,0.0,4.0,A,0.0,3.0,A,8.0,13.0,4.0,4.0,16.0,3.0,4.0,1.0,2.0,3.0,1.0,0.0,6.75,5.06,1.42
SP1,2021-01-09,Osasuna,Real Madrid,1646.2,1904.74,3.0,3.0,7.0,13.0,0.0,0.0,D,0.0,0.0,D,8.0,9.0,2.0,1.0,9.0,3.0,2.0,4.0,0.0,0.0,0.0,0.0,6.8,4.44,1.49
SP1,2021-01-10,Levante,Eibar,1701.91,1669.64,4.0,7.0,4.0,5.0,2.0,1.0,H,0.0,0.0,D,4.0,17.0,2.0,4.0,12.0,8.0,4.0,9.0,2.0,0.0,0.0,0.0,2.29,3.42,3.14
SP1,2021-01-10,Cadiz,Alaves,1587.48,1648.23,2.0,2.0,4.0,4.0,3.0,1.0,H,1.0,1.0,D,10.0,5.0,7.0,2.0,17.0,10.0,4.0,1.0,1.0,4.0,0.0,1.0,2.7,2.89,3.02
SP1,2021-01-10,Valladolid,Valencia,1643.35,1707.83,4.0,8.0,1.0,3.0,0.0,1.0,A,0.0,0.0,D,11.0,17.0,4.0,6.0,14.0,14.0,0.0,4.0,2.0,3.0,0.0,0.0,2.44,3.21,3.08
SP1,2021-01-11,Elche,Getafe,1587.24,1707.72,2.0,2.0,1.0,4.0,1.0,3.0,A,1.0,1.0,D,7.0,14.0,4.0,7.0,14.0,16.0,1.0,7.0,4.0,2.0,1.0,0.0,4.4,2.85,2.13
SP1,2021-01-11,Huesca,Betis,1589.26,1653.28,1.0,4.0,4.0,5.0,0.0,2.0,A,0.0,0.0,D,10.0,15.0,3.0,5.0,12.0,13.0,3.0,6.0,2.0,2.0,0.0,1.0,2.84,3.31,2.55
SP1,2021-01-12,Granada,Osasuna,1712.81,1646.2,3.0,6.0,3.0,4.0,2.0,0.0,H,2.0,0.0,H,9.0,15.0,2.0,3.0,16.0,17.0,4.0,4.0,1.0,4.0,0.0,0.0,2.32,3.06,3.48
SP1,2021-01-12,Ath Madrid,Sevilla,1912.88,1846.65,9.0,12.0,7.0,11.0,2.0,0.0,H,1.0,0.0,H,5.0,13.0,4.0,2.0,14.0,11.0,3.0,12.0,2.0,0.0,0.0,0.0,1.95,3.18,4.61
SP1,2021-01-19,Cadiz,Levante,1603.89,1703.46,5.0,5.0,6.0,10.0,2.0,2.0,D,2.0,2.0,D,8.0,8.0,2.0,5.0,13.0,11.0,5.0,2.0,3.0,1.0,0.0,0.0,2.99,3.09,2.59
SP1,2021-01-19,Valladolid,Elche,1646.35,1573.26,4.0,5.0,1.0,2.0,2.0,2.0,D,0.0,2.0,A,13.0,9.0,2.0,3.0,14.0,19.0,4.0,5.0,1.0,3.0,1.0,0.0,1.86,3.41,4.66
SP1,2021-01-19,Alaves,Sevilla,1633.06,1840.36,1.0,4.0,4.0,10.0,1.0,2.0,A,1.0,2.0,A,12.0,7.0,3.0,3.0,15.0,14.0,3.0,2.0,3.0,3.0,0.0,0.0,5.55,3.63,1.7
SP1,2021-01-20,Getafe,Huesca,1706.08,1575.89,3.0,7.0,0.0,1.0,1.0,0.0,H,0.0,0.0,D,12.0,15.0,5.0,3.0,15.0,14.0,3.0,8.0,2.0,4.0,0.0,0.0,1.94,3.18,4.58
SP1,2021-01-20,Betis,Celta,1667.83,1678.72,4.0,7.0,3.0,7.0,2.0,1.0,H,2.0,1.0,H,12.0,10.0,4.0,3.0,13.0,15.0,5.0,6.0,2.0,3.0,0.0,0.0,2.16,3.45,3.39
SP1,2021-01-20,Villarreal,Granada,1804.59,1701.2,6.0,10.0,3.0,6.0,2.0,2.0,D,1.0,1.0,D,9.0,3.0,3.0,2.0,11.0,11.0,3.0,0.0,2.0,4.0,0.0,1.0,1.53,4.06,6.87
SP1,2021-01-21,Valencia,Osasuna,1711.47,1647.94,4.0,5.0,2.0,4.0,1.0,1.0,D,0.0,1.0,A,10.0,14.0,3.0,5.0,8.0,17.0,9.0,4.0,1.0,3.0,0.0,0.0,2.06,3.42,3.67
SP1,2021-01-21,Eibar,Ath Madrid,1674.56,1923.65,4.0,4.0,9.0,15.0,1.0,2.0,A,1.0,1.0,D,12.0,9.0,2.0,4.0,24.0,9.0,3.0,3.0,2.0,2.0,0.0,0.0,5.99,3.42,1.7
SP1,2021-01-22,Levante,Valladolid,1703.46,1646.35,4.0,8.0,4.0,5.0,2.0,2.0,D,0.0,0.0,D,11.0,7.0,3.0,3.0,16.0,12.0,8.0,2.0,0.0,1.0,0.0,0.0,1.97,3.39,4.1
SP1,2021-01-23,Huesca,Villarreal,1575.89,1804.59,0.0,1.0,7.0,8.0,0.0,0.0,D,0.0,0.0,D,5.0,8.0,1.0,2.0,9.0,15.0,1.0,2.0,3.0,1.0,0.0,0.0,4.46,3.59,1.83
SP1,2021-01-23,Sevilla,Cadiz,1840.36,1603.89,6.0,10.0,5.0,6.0,3.0,0.0,H,2.0,0.0,H,15.0,9.0,7.0,3.0,12.0,6.0,7.0,6.0,1.0,3.0,0.0,0.0,1.48,4.08,7.88
SP1,2021-01-23,Sociedad,Betis,1752.3,1667.83,4.0,4.0,7.0,10.0,2.0,2.0,D,0.0,0.0,D,12.0,7.0,6.0,4.0,14.0,13.0,8.0,3.0,2.0,2.0,0.0,0.0,1.85,3.75,4.17
SP1,2021-01-23,Alaves,Real Madrid,1633.06,1903.04,0.0,4.0,5.0,11.0,1.0,4.0,A,0.0,3.0,A,14.0,10.0,4.0,7.0,16.0,7.0,4.0,4.0,5.0,3.0,0.0,0.0,5.79,4.17,1.57
SP1,2021-01-24,Osasuna,Granada,1647.94,1701.2,2.0,4.0,4.0,7.0,3.0,1.0,H,2.0,0.0,H,7.0,12.0,4.0,1.0,15.0,15.0,1.0,5.0,5.0,4.0,1.0,0.0,2.53,3.01,3.12
SP1,2021-01-24,Elche,Barcelona,1573.26,1922.58,1.0,3.0,9.0,13.0,0.0,2.0,A,0.0,1.0,A,4.0,15.0,2.0,8.0,15.0,9.0,0.0,7.0,0.0,2.0,0.0,0.0,7.89,5.24,1.37
SP1,2021-01-24,Celta,Eibar,1678.72,1674.56,0.0,4.0,3.0,4.0,1.0,1.0,D,1.0,0.0,H,7.0,9.0,4.0,2.0,10.0,16.0,0.0,6.0,4.0,3.0,0.0,0.0,2.06,3.4,3.71
SP1,2021-01-24,Ath Madrid,Valencia,1923.65,1711.47,9.0,15.0,5.0,5.0,3.0,1.0,H,1.0,1.0,D,14.0,8.0,5.0,4.0,11.0,14.0,7.0,7.0,2.0,0.0,0.0,0.0,1.42,4.61,8.0
SP1,2021-01-25,Ath Bilbao,Getafe,1696.33,1706.08,3.0,7.0,6.0,7.0,5.0,1.0,H,1.0,1.0,D,11.0,6.0,8.0,2.0,13.0,18.0,4.0,4.0,4.0,4.0,0.0,0.0,2.31,3.0,3.56
SP1,2021-01-29,Valladolid,Huesca,1646.35,1575.89,2.0,6.0,1.0,1.0,1.0,3.0,A,0.0,1.0,A,14.0,11.0,4.0,5.0,12.0,12.0,6.0,7.0,2.0,2.0,0.0,0.0,2.24,3.14,3.56
SP1,2021-01-30,Eibar,Sevilla,1674.56,1840.36,1.0,5.0,6.0,10.0,0.0,2.0,A,0.0,1.0,A,17.0,7.0,6.0,4.0,10.0,12.0,6.0,2.0,4.0,3.0,0.0,0.0,4.05,3.26,2.03
SP1,2021-01-30,Real Madrid,Levante,1903.04,1703.46,7.0,11.0,5.0,8.0,1.0,2.0,A,1.0,1.0,D,8.0,14.0,2.0,8.0,9.0,20.0,3.0,7.0,1.0,2.0,1.0,0.0,1.35,5.53,8.0
SP1,2021-01-30,Valencia,Elche,1711.47,1573.26,4.0,5.0,1.0,2.0,1.0,0.0,H,1.0,0.0,H,14.0,10.0,4.0,1.0,18.0,15.0,4.0,10.0,1.0,7.0,0.0,0.0,1.66,3.73,5.73
SP1,2021-01-30,Villarreal,Sociedad,1804.59,1752.3,5.0,8.0,2.0,5.0,1.0,1.0,D,1.0,0.0,H,4.0,12.0,2.0,3.0,10.0,17.0,1.0,7.0,1.0,3.0,0.0,0.0,2.41,3.14,3.22
SP1,2021-01-31,Getafe,Alaves,1706.08,1633.06,6.0,6.0,0.0,1.0,0.0,0.0,D,0.0,0.0,D,5.0,5.0,1.0,1.0,20.0,17.0,5.0,2.0,3.0,3.0,0.0,0.0,1.95,3.2,4.5
SP1,2021-01-31,Cadiz,Ath Madrid,1603.89,1923.65,4.0,6.0,9.0,15.0,2.0,4.0,A,1.0,2.0,A,11.0,9.0,6.0,4.0,7.0,7.0,2.0,2.0,1.0,5.0,0.0,0.0,8.73,3.93,1.48
SP1,2021-01-31,Granada,Celta,1701.2,1678.72,4.0,4.0,1.0,4.0,0.0,0.0,D,0.0,0.0,D,10.0,7.0,5.0,1.0,16.0,19.0,6.0,5.0,2.0,4.0,0.0,0.0,2.74,3.24,2.67
SP1,2021-01-31,Barcelona,Ath Bilbao,1922.58,1696.33,9.0,13.0,6.0,7.0,2.0,1.0,H,1.0,0.0,H,12.0,7.0,6.0,2.0,12.0,20.0,7.0,3.0,2.0,3.0,0.0,0.0,1.42,4.93,7.12
SP1,2021-02-01,Betis,Osasuna,1678.26,1662.82,7.0,8.0,4.0,6.0,1.0,0.0,H,0.0,0.0,D,8.0,15.0,4.0,5.0,12.0,6.0,3.0,4.0,1.0,1.0,0.0,0.0,1.89,3.47,4.33
SP1,2021-02-05,Alaves,Valladolid,1626.46,1629.78,1.0,1.0,2.0,5.0,1.0,0.0,H,0.0,0.0,D,20.0,3.0,5.0,1.0,11.0,17.0,11.0,1.0,4.0,4.0,0.0,0.0,2.6,3.0,3.06
SP1,2021-02-06,Levante,Granada,1713.18,1691.78,5.0,8.0,2.0,5.0,2.0,2.0,D,1.0,1.0,D,11.0,11.0,7.0,5.0,12.0,13.0,6.0,2.0,1.0,3.0,0.0,0.0,2.21,3.29,3.44
SP1,2021-02-06,Huesca,Real Madrid,1592.77,1894.51,4.0,4.0,4.0,8.0,1.0,2.0,A,0.0,0.0,D,13.0,18.0,2.0,7.0,18.0,9.0,3.0,10.0,2.0,1.0,0.0,0.0,6.82,4.49,1.47
SP1,2021-02-06,Elche,Villarreal,1570.08,1792.77,1.0,1.0,3.0,9.0,2.0,2.0,D,0.0,2.0,A,8.0,9.0,2.0,4.0,17.0,5.0,4.0,2.0,1.0,2.0,0.0,0.0,6.46,3.87,1.57
SP1,2021-02-06,Sevilla,Getafe,1855.96,1692.35,9.0,12.0,4.0,7.0,3.0,0.0,H,0.0,0.0,D,17.0,5.0,5.0,1.0,10.0,11.0,3.0,1.0,1.0,4.0,0.0,1.0,1.69,3.57,5.67
SP1,2021-02-07,Sociedad,Cadiz,1751.53,1597.72,2.0,6.0,1.0,5.0,4.0,1.0,H,2.0,0.0,H,17.0,2.0,6.0,1.0,7.0,7.0,5.0,1.0,0.0,2.0,0.0,1.0,1.49,4.17,7.18
SP1,2021-02-07,Ath Bilbao,Valencia,1707.98,1708.44,3.0,6.0,4.0,8.0,1.0,1.0,D,1.0,0.0,H,11.0,15.0,2.0,2.0,10.0,8.0,6.0,6.0,2.0,1.0,0.0,0.0,2.23,3.27,3.42
SP1,2021-02-07,Osasuna,Eibar,1662.82,1665.17,4.0,5.0,1.0,4.0,2.0,1.0,H,1.0,1.0,D,12.0,12.0,4.0,3.0,10.0,11.0,2.0,1.0,0.0,0.0,0.0,0.0,2.61,2.98,3.04
SP1,2021-02-07,Betis,Barcelona,1678.26,1928.05,7.0,11.0,9.0,15.0,2.0,3.0,A,1.0,0.0,H,8.0,12.0,5.0,4.0,21.0,7.0,3.0,5.0,1.0,3.0,0.0,0.0,5.7,4.58,1.53
SP1,2021-02-08,Ath Madrid,Celta,1934.39,1672.59,9.0,15.0,2.0,2.0,2.0,2.0,D,1.0,1.0,D,9.0,7.0,2.0,2.0,12.0,17.0,1.0,4.0,2.0,2.0,0.0,0.0,1.62,3.67,6.33
SP1,2021-02-09,Real Madrid,Getafe,1894.51,1692.35,6.0,10.0,1.0,7.0,2.0,0.0,H,0.0,0.0,D,14.0,1.0,4.0,0.0,8.0,16.0,8.0,1.0,1.0,1.0,0.0,0.0,1.54,4.05,6.64
SP1,2021-02-12,Celta,Elche,1672.59,1570.08,3.0,3.0,1.0,2.0,3.0,1.0,H,2.0,0.0,H,9.0,7.0,6.0,2.0,11.0,15.0,3.0,6.0,3.0,2.0,0.0,0.0,1.49,4.09,7.73
SP1,2021-02-13,Granada,Ath Madrid,1691.78,1934.39,2.0,6.0,7.0,13.0,1.0,2.0,A,0.0,0.0,D,6.0,10.0,1.0,4.0,14.0,20.0,7.0,3.0,0.0,5.0,0.0,0.0,5.13,3.31,1.82
SP1,2021-02-13,Sevilla,Huesca,1855.96,1592.77,9.0,12.0,4.0,4.0,1.0,0.0,H,0.0,0.0,D,14.0,9.0,4.0,5.0,14.0,15.0,6.0,6.0,3.0,4.0,0.0,0.0,1.54,3.92,6.94
SP1,2021-02-13,Eibar,Valladolid,1665.17,1629.78,1.0,1.0,1.0,2.0,1.0,1.0,D,1.0,1.0,D,14.0,5.0,2.0,1.0,15.0,12.0,7.0,3.0,2.0,3.0,0.0,0.0,2.0,3.3,4.07
SP1,2021-02-13,Barcelona,Alaves,1928.05,1626.46,9.0,15.0,4.0,4.0,5.0,1.0,H,2.0,0.0,H,17.0,6.0,9.0,2.0,10.0,14.0,5.0,4.0,0.0,2.0,0.0,0.0,1.3,5.82,9.51
SP1,2021-02-14,Getafe,Sociedad,1692.35,1751.53,1.0,4.0,5.0,6.0,0.0,1.0,A,0.0,1.0,A,4.0,3.0,0.0,2.0,23.0,19.0,2.0,5.0,3.0,3.0,1.0,0.0,3.81,3.17,2.12
SP1,2021-02-14,Real Madrid,Valencia,1894.51,1708.44,6.0,10.0,4.0,8.0,2.0,0.0,H,2.0,0.0,H,16.0,4.0,7.0,1.0,13.0,12.0,6.0,1.0,0.0,3.0,0.0,0.0,1.43,4.69,7.28
SP1,2021-02-14,Levante,Osasuna,1713.18,1662.82,5.0,9.0,6.0,7.0,0.0,1.0,A,0.0,0.0,D,13.0,7.0,4.0,2.0,13.0,10.0,2.0,1.0,1.0,2.0,0.0,0.0,2.32,3.15,3.31
SP1,2021-02-14,Villarreal,Betis,1792.77,1678.26,3.0,7.0,4.0,10.0,1.0,2.0,A,0.0,1.0,A,9.0,15.0,5.0,4.0,19.0,13.0,7.0,3.0,3.0,2.0,0.0,0.0,1.95,3.4,4.14
SP1,2021-02-15,Cadiz,Ath Bilbao,1591.79,1706.41,0.0,4.0,4.0,7.0,0.0,4.0,A,0.0,3.0,A,11.0,13.0,2.0,8.0,15.0,13.0,5.0,8.0,3.0,2.0,0.0,0.0,3.86,3.15,2.11
SP1,2021-02-17,Levante,Ath Madrid,1700.37,1931.12,4.0,6.0,7.0,13.0,1.0,1.0,D,1.0,1.0,D,7.0,14.0,4.0,6.0,10.0,10.0,1.0,8.0,1.0,3.0,0.0,0.0,4.69,3.41,1.84
SP1,2021-02-19,Betis,Getafe,1692.82,1675.32,6.0,10.0,0.0,1.0,1.0,0.0,H,0.0,0.0,D,12.0,6.0,5.0,1.0,17.0,18.0,5.0,2.0,5.0,4.0,1.0,0.0,2.04,3.14,4.22
SP1,2021-02-20,Elche,Eibar,1568.39,1655.78,1.0,2.0,1.0,2.0,1.0,0.0,H,1.0,0.0,H,6.0,13.0,2.0,3.0,16.0,9.0,1.0,4.0,2.0,1.0,0.0,0.0,3.7,3.2,2.15
SP1,2021-02-20,Ath Madrid,Levante,1931.12,1700.37,5.0,11.0,2.0,6.0,0.0,2.0,A,0.0,1.0,A,28.0,6.0,11.0,1.0,10.0,15.0,12.0,2.0,2.0,3.0,0.0,0.0,1.55,3.96,6.71
SP1,2021-02-20,Valencia,Celta,1706.09,1685.94,4.0,5.0,5.0,6.0,2.0,0.0,H,0.0,0.0,D,10.0,5.0,3.0,2.0,9.0,19.0,6.0,1.0,2.0,3.0,0.0,1.0,2.48,3.21,2.99
SP1,2021-02-20,Valladolid,Real Madrid,1625.48,1904.89,1.0,3.0,9.0,12.0,0.0,1.0,A,0.0,0.0,D,9.0,10.0,5.0,2.0,13.0,11.0,4.0,5.0,4.0,2.0,0.0,0.0,5.89,4.04,1.58
SP1,2021-02-21,Barcelona,Cadiz,1934.77,1591.79,9.0,15.0,0.0,1.0,1.0,1.0,D,1.0,0.0,H,20.0,3.0,4.0,1.0,13.0,12.0,8.0,0.0,0.0,2.0,0.0,0.0,1.16,7.91,16.05
SP1,2021-02-21,Sociedad,Alaves,1765.07,1630.11,7.0,8.0,4.0,4.0,4.0,0.0,H,1.0,0.0,H,8.0,7.0,4.0,2.0,17.0,16.0,4.0,3.0,3.0,2.0,0.0,0.0,1.66,3.63,5.89
SP1,2021-02-21,Huesca,Granada,1588.14,1690.04,3.0,4.0,2.0,3.0,3.0,2.0,H,3.0,1.0,H,15.0,8.0,6.0,5.0,13.0,14.0,5.0,2.0,3.0,3.0,0.0,1.0,2.19,3.2,3.58
SP1,2021-02-21,Ath Bilbao,Villarreal,1706.41,1776.37,4.0,7.0,2.0,4.0,1.0,1.0,D,1.0,1.0,D,18.0,3.0,8.0,2.0,12.0,12.0,6.0,0.0,2.0,2.0,0.0,0.0,2.53,3.11,3.03
SP1,2021-02-22,Osasuna,Sevilla,1674.12,1863.55,6.0,10.0,9.0,15.0,0.0,2.0,A,0.0,1.0,A,6.0,10.0,0.0,5.0,14.0,15.0,3.0,5.0,2.0,2.0,0.0,0.0,4.3,3.26,1.96
SP1,2021-02-24,Barcelona,Elche,1934.77,1568.39,7.0,13.0,4.0,4.0,3.0,0.0,H,0.0,0.0,D,9.0,6.0,5.0,1.0,8.0,8.0,6.0,3.0,0.0,0.0,0.0,0.0,1.13,8.99,19.71
SP1,2021-02-26,Levante,Ath Bilbao,1700.37,1706.41,4.0,8.0,5.0,8.0,1.0,1.0,D,1.0,0.0,H,10.0,11.0,4.0,5.0,11.0,13.0,2.0,10.0,3.0,1.0,0.0,1.0,3.34,3.26,2.27
SP1,2021-02-27,Eibar,Huesca,1655.78,1588.14,1.0,2.0,3.0,7.0,1.0,1.0,D,0.0,0.0,D,17.0,4.0,3.0,1.0,19.0,11.0,6.0,2.0,2.0,2.0,0.0,0.0,2.17,3.26,3.55
SP1,2021-02-27,Sevilla,Barcelona,1863.55,1934.77,9.0,15.0,7.0,13.0,0.0,2.0,A,0.0,1.0,A,4.0,9.0,2.0,5.0,20.0,9.0,3.0,3.0,5.0,2.0,0.0,0.0,3.19,3.51,2.23
SP1,2021-02-27,Alaves,Osasuna,1630.11,1674.12,3.0,4.0,6.0,9.0,0.0,1.0,A,0.0,0.0,D,4.0,6.0,1.0,3.0,18.0,20.0,5.0,2.0,3.0,4.0,0.0,0.0,2.71,2.94,2.94
SP1,2021-02-27,Getafe,Valencia,1675.32,1706.09,0.0,1.0,4.0,7.0,3.0,0.0,H,1.0,0.0,H,15.0,5.0,4.0,0.0,21.0,12.0,3.0,6.0,5.0,2.0,0.0,1.0,2.55,2.94,3.18
SP1,2021-02-28,Celta,Valladolid,1685.94,1625.48,4.0,6.0,1.0,2.0,1.0,1.0,D,0.0,0.0,D,11.0,7.0,2.0,3.0,20.0,20.0,3.0,5.0,3.0,5.0,0.0,0.0,1.77,3.75,4.57
SP1,2021-02-28,Cadiz,Betis,1591.79,1692.82,1.0,1.0,6.0,10.0,0.0,1.0,A,0.0,0.0,D,5.0,9.0,3.0,4.0,9.0,13.0,3.0,7.0,1.0,2.0,0.0,0.0,3.84,3.31,2.06
SP1,2021-02-28,Granada,Elche,1690.04,1568.39,1.0,2.0,3.0,4.0,2.0,1.0,H,1.0,1.0,D,13.0,12.0,4.0,4.0,14.0,12.0,5.0,5.0,3.0,2.0,0.0,0.0,2.08,3.12,4.06
SP1,2021-02-28,Villarreal,Ath Madrid,1776.37,1931.12,2.0,4.0,4.0,8.0,0.0,2.0,A,0.0,1.0,A,19.0,6.0,6.0,5.0,15.0,19.0,10.0,2.0,2.0,3.0,0.0,0.0,3.2,3.02,2.48
SP1,2021-03-01,Real Madrid,Sociedad,1908.39,1757.16,9.0,12.0,9.0,11.0,1.0,1.0,D,0.0,0.0,D,21.0,6.0,2.0,2.0,5.0,10.0,13.0,4.0,0.0,1.0,0.0,0.0,1.88,3.73,4.01
SP1,2021-03-05,Valencia,Villarreal,1695.68,1776.23,3.0,7.0,1.0,3.0,2.0,1.0,H,0.0,1.0,A,25.0,10.0,4.0,5.0,12.0,10.0,5.0,3.0,4.0,3.0,0.0,0.0,4.0,3.42,1.99
SP1,2021-03-06,Valladolid,Getafe,1620.35,1677.78,2.0,2.0,3.0,3.0,2.0,1.0,H,2.0,1.0,H,4.0,9.0,3.0,2.0,16.0,19.0,1.0,6.0,2.0,2.0,0.0,1.0,3.06,2.85,2.72
SP1,2021-03-06,Elche,Sevilla,1566.11,1843.26,3.0,4.0,6.0,12.0,2.0,1.0,H,0.0,0.0,D,6.0,11.0,3.0,3.0,16.0,11.0,6.0,3.0,4.0,0.0,0.0,0.0,6.6,3.61,1.61
SP1,2021-03-06,Cadiz,Eibar,1574.84,1638.62,1.0,1.0,2.0,2.0,1.0,0.0,H,1.0,0.0,H,6.0,16.0,2.0,1.0,7.0,11.0,0.0,12.0,2.0,2.0,0.0,0.0,3.32,3.15,2.33
SP1,2021-03-06,Osasuna,Barcelona,1670.39,1914.69,6.0,9.0,7.0,13.0,0.0,2.0,A,0.0,1.0,A,10.0,13.0,3.0,6.0,4.0,12.0,3.0,4.0,0.0,2.0,0.0,0.0,6.09,4.45,1.52
SP1,2021-03-07,Huesca,Celta,1595.64,1669.05,4.0,7.0,4.0,6.0,3.0,4.0,A,2.0,2.0,D,19.0,10.0,7.0,7.0,12.0,21.0,6.0,3.0,0.0,2.0,0.0,0.0,2.98,3.23,2.48
SP1,2021-03-07,Ath Madrid,Real Madrid,1901.89,1908.39,4.0,8.0,7.0,13.0,1.0,1.0,D,1.0,0.0,H,11.0,18.0,5.0,8.0,19.0,9.0,1.0,6.0,5.0,1.0,0.0,0.0,2.61,3.21,2.82
SP1,2021-03-07,Sociedad,Levante,1757.16,1718.71,7.0,11.0,5.0,6.0,1.0,0.0,H,1.0,0.0,H,25.0,6.0,8.0,1.0,13.0,14.0,7.0,5.0,0.0,2.0,0.0,0.0,1.47,4.39,7.07
SP1,2021-03-07,Ath Bilbao,Granada,1716.65,1692.88,5.0,6.0,3.0,5.0,2.0,1.0,H,1.0,0.0,H,7.0,13.0,5.0,3.0,10.0,10.0,6.0,9.0,2.0,2.0,0.0,0.0,1.62,3.9,5.74
SP1,2021-03-08,Betis,Alaves,1700.68,1608.58,9.0,12.0,0.0,4.0,3.0,2.0,H,0.0,2.0,A,23.0,4.0,8.0,3.0,13.0,11.0,12.0,1.0,0.0,3.0,0.0,0.0,1.76,3.69,4.76
SP1,2021-03-10,Ath Madrid,Ath Bilbao,1901.89,1716.65,4.0,8.0,5.0,9.0,2.0,1.0,H,1.0,1.0,D,11.0,4.0,5.0,2.0,12.0,13.0,5.0,4.0,2.0,2.0,0.0,0.0,1.82,3.27,5.25
SP1,2021-03-12,Levante,Valencia,1718.71,1695.68,4.0,5.0,6.0,7.0,1.0,0.0,H,1.0,0.0,H,11.0,11.0,3.0,2.0,17.0,13.0,3.0,3.0,3.0,4.0,0.0,0.0,2.34,3.32,3.18
SP1,2021-03-13,Alaves,Cadiz,1608.58,1574.84,0.0,3.0,4.0,4.0,1.0,1.0,D,1.0,0.0,H,9.0,9.0,3.0,1.0,22.0,6.0,2.0,5.0,3.0,3.0,1.0,0.0,2.14,3.15,3.83
SP1,2021-03-13,Real Madrid,Elche,1908.39,1566.11,5.0,11.0,3.0,6.0,2.0,1.0,H,0.0,0.0,D,17.0,3.0,4.0,2.0,11.0,16.0,6.0,1.0,1.0,1.0,0.0,0.0,1.2,6.81,14.37
SP1,2021-03-13,Osasuna,Valladolid,1670.39,1620.35,3.0,9.0,4.0,5.0,0.0,0.0,D,0.0,0.0,D,14.0,12.0,2.0,2.0,12.0,9.0,7.0,3.0,2.0,3.0,0.0,0.0,2.23,3.09,3.62
SP1,2021-03-13,Getafe,Ath Madrid,1677.78,1901.89,3.0,3.0,7.0,8.0,0.0,0.0,D,0.0,0.0,D,11.0,15.0,2.0,7.0,9.0,17.0,3.0,11.0,1.0,4.0,1.0,0.0,4.75,3.12,1.93
SP1,2021-03-14,Celta,Ath Bilbao,1669.05,1716.65,4.0,8.0,4.0,8.0,0.0,0.0,D,0.0,0.0,D,13.0,6.0,3.0,1.0,20.0,13.0,1.0,3.0,3.0,1.0,0.0,0.0,2.67,3.25,2.72
SP1,2021-03-14,Granada,Sociedad,1692.88,1757.16,3.0,4.0,7.0,13.0,1.0,0.0,H,0.0,0.0,D,7.0,7.0,2.0,1.0,23.0,16.0,4.0,6.0,2.0,3.0,0.0,0.0,5.57,3.98,1.62
SP1,2021-03-14,Eibar,Villarreal,1638.62,1776.23,1.0,2.0,1.0,2.0,1.0,3.0,A,0.0,2.0,A,16.0,13.0,7.0,8.0,12.0,9.0,7.0,2.0,2.0,2.0,0.0,1.0,3.01,3.39,2.37
SP1,2021-03-14,Sevilla,Betis,1843.26,1700.68,3.0,9.0,9.0,12.0,1.0,0.0,H,1.0,0.0,H,9.0,13.0,3.0,3.0,12.0,14.0,3.0,6.0,3.0,5.0,0.0,0.0,2.01,3.45,3.83
SP1,2021-03-15,Barcelona,Huesca,1921.58,1591.75,9.0,13.0,4.0,4.0,4.0,1.0,H,2.0,1.0,H,12.0,8.0,5.0,4.0,8.0,13.0,7.0,3.0,0.0,2.0,0.0,0.0,1.2,7.05,13.24
SP1,2021-03-17,Sevilla,Elche,1835.54,1582.15,3.0,9.0,3.0,6.0,2.0,0.0,H,1.0,0.0,H,13.0,11.0,8.0,5.0,9.0,8.0,4.0,1.0,2.0,1.0,0.0,0.0,1.42,4.47,8.1
SP1,2021-03-19,Betis,Levante,1705.1,1723.23,6.0,12.0,4.0,8.0,2.0,0.0,H,0.0,0.0,D,15.0,7.0,6.0,1.0,14.0,10.0,4.0,1.0,2.0,0.0,0.0,0.0,1.77,3.75,4.64
SP1,2021-03-20,Ath Bilbao,Eibar,1723.88,1625.6,4.0,6.0,1.0,2.0,1.0,1.0,D,1.0,1.0,D,18.0,4.0,4.0,2.0,5.0,15.0,10.0,1.0,1.0,1.0,0.0,0.0,1.81,3.59,4.61
SP1,2021-03-20,Celta,Real Madrid,1679.88,1909.72,5.0,8.0,5.0,11.0,1.0,3.0,A,1.0,2.0,A,8.0,16.0,3.0,4.0,23.0,13.0,1.0,7.0,3.0,4.0,0.0,0.0,4.51,3.9,1.75
SP1,2021-03-20,Huesca,Osasuna,1591.75,1666.2,1.0,4.0,4.0,7.0,0.0,0.0,D,0.0,0.0,D,15.0,7.0,3.0,2.0,9.0,13.0,5.0,1.0,1.0,2.0,0.0,0.0,2.56,3.11,2.97
SP1,2021-03-20,Valladolid,Sevilla,1635.17,1835.54,5.0,6.0,6.0,9.0,1.0,1.0,D,1.0,0.0,H,3.0,12.0,2.0,4.0,17.0,10.0,2.0,8.0,3.0,1.0,0.0,0.0,4.59,3.39,1.86
SP1,2021-03-21,Getafe,Elche,1677.75,1582.15,4.0,4.0,3.0,3.0,1.0,1.0,D,0.0,1.0,A,12.0,6.0,5.0,2.0,17.0,21.0,4.0,8.0,3.0,7.0,0.0,0.0,1.88,3.11,5.07
SP1,2021-03-21,Valencia,Granada,1701.82,1706.58,3.0,6.0,6.0,6.0,2.0,1.0,H,1.0,0.0,H,18.0,15.0,9.0,3.0,11.0,11.0,3.0,4.0,0.0,3.0,0.0,0.0,2.05,3.41,3.72
SP1,2021-03-21,Villarreal,Cadiz,1788.0,1589.32,3.0,4.0,4.0,5.0,2.0,1.0,H,1.0,0.0,H,13.0,9.0,4.0,3.0,14.0,6.0,5.0,6.0,3.0,3.0,0.0,0.0,1.41,4.42,8.78
SP1,2021-03-21,Ath Madrid,Alaves,1902.38,1605.51,5.0,8.0,1.0,1.0,1.0,0.0,H,0.0,0.0,D,8.0,9.0,4.0,3.0,17.0,12.0,5.0,5.0,3.0,3.0,0.0,0.0,1.35,4.65,10.69
SP1,2021-03-21,Sociedad,Barcelona,1763.26,1921.58,4.0,10.0,9.0,13.0,1.0,6.0,A,0.0,2.0,A,10.0,14.0,5.0,10.0,11.0,12.0,1.0,1.0,3.0,2.0,0.0,0.0,3.53,3.78,1.99
SP1,2021-04-02,Levante,Huesca,1712.36,1588.84,3.0,7.0,1.0,5.0,0.0,2.0,A,0.0,1.0,A,13.0,6.0,3.0,2.0,15.0,7.0,8.0,2.0,2.0,2.0,0.0,0.0,2.42,3.32,3.02
SP1,2021-04-03,Granada,Villarreal,1697.09,1792.55,3.0,6.0,6.0,7.0,0.0,3.0,A,0.0,2.0,A,6.0,15.0,2.0,6.0,14.0,14.0,3.0,5.0,2.0,2.0,0.0,0.0,3.74,3.27,2.11
SP1,2021-04-03,Real Madrid,Eibar,1921.3,1628.68,7.0,11.0,1.0,2.0,2.0,0.0,H,1.0,0.0,H,21.0,10.0,8.0,4.0,6.0,8.0,6.0,9.0,0.0,2.0,0.0,0.0,1.35,5.1,8.93
SP1,2021-04-03,Osasuna,Getafe,1664.55,1672.27,2.0,5.0,2.0,5.0,0.0,0.0,D,0.0,0.0,D,4.0,6.0,1.0,2.0,23.0,18.0,2.0,4.0,2.0,3.0,0.0,0.0,2.67,2.79,3.16
SP1,2021-04-04,Alaves,Celta,1602.59,1673.13,1.0,1.0,4.0,5.0,1.0,3.0,A,0.0,3.0,A,17.0,8.0,7.0,6.0,9.0,21.0,6.0,2.0,4.0,5.0,0.0,1.0,2.97,3.18,2.52
SP1,2021-04-04,Elche,Betis,1582.42,1713.54,1.0,4.0,6.0,12.0,1.0,1.0,D,1.0,1.0,D,7.0,13.0,3.0,3.0,9.0,15.0,7.0,2.0,1.0,4.0,0.0,0.0,4.52,3.6,1.82
SP1,2021-04-04,Cadiz,Valencia,1585.52,1707.22,4.0,5.0,6.0,9.0,2.0,1.0,H,1.0,1.0,D,6.0,12.0,2.0,6.0,10.0,7.0,4.0,13.0,2.0,2.0,0.0,0.0,3.11,3.13,2.44
SP1,2021-04-04,Sevilla,Ath Madrid,1833.23,1890.05,7.0,7.0,7.0,11.0,1.0,0.0,H,0.0,0.0,D,18.0,9.0,5.0,4.0,13.0,11.0,3.0,2.0,2.0,4.0,0.0,0.0,2.9,3.06,2.67
SP1,2021-04-05,Barcelona,Valladolid,1934.59,1637.82,9.0,15.0,5.0,6.0,1.0,0.0,H,0.0,0.0,D,25.0,7.0,10.0,2.0,12.0,13.0,4.0,1.0,3.0,3.0,0.0,1.0,1.13,9.05,20.1
SP1,2021-04-07,Sociedad,Ath Bilbao,1749.94,1718.36,3.0,7.0,2.0,6.0,1.0,1.0,D,0.0,0.0,D,12.0,11.0,2.0,2.0,18.0,7.0,3.0,6.0,3.0,1.0,0.0,0.0,2.2,3.17,3.58
SP1,2021-04-09,Huesca,Elche,1588.84,1582.42,4.0,5.0,2.0,5.0,3.0,1.0,H,2.0,1.0,H,8.0,8.0,5.0,2.0,17.0,13.0,6.0,6.0,2.0,2.0,0.0,0.0,2.05,3.21,4.09
SP1,2021-04-10,Getafe,Cadiz,1672.27,1585.52,3.0,6.0,4.0,7.0,0.0,1.0,A,0.0,0.0,D,19.0,8.0,4.0,3.0,10.0,13.0,10.0,4.0,3.0,2.0,0.0,0.0,1.96,3.1,4.74
SP1,2021-04-10,Ath Bilbao,Alaves,1718.36,1602.59,3.0,6.0,1.0,1.0,0.0,0.0,D,0.0,0.0,D,11.0,9.0,4.0,0.0,13.0,15.0,6.0,6.0,2.0,2.0,0.0,0.0,1.92,3.31,4.45
SP1,2021-04-10,Eibar,Levante,1628.68,1712.36,1.0,2.0,3.0,4.0,0.0,1.0,A,0.0,1.0,A,10.0,6.0,4.0,1.0,9.0,7.0,6.0,3.0,3.0,2.0,0.0,0.0,2.22,3.42,3.28
SP1,2021-04-10,Real Madrid,Barcelona,1921.3,1934.59,9.0,11.0,9.0,15.0,2.0,1.0,H,2.0,0.0,H,14.0,18.0,3.0,4.0,16.0,10.0,5.0,6.0,3.0,4.0,1.0,0.0,2.92,3.78,2.28
SP1,2021-04-11,Villarreal,Osasuna,1792.55,1664.55,9.0,9.0,3.0,6.0,1.0,2.0,A,0.0,0.0,D,15.0,12.0,6.0,4.0,6.0,12.0,6.0,5.0,0.0,0.0,0.0,0.0,1.68,3.64,5.64
SP1,2021-04-11,Valencia,Sociedad,1707.22,1749.94,3.0,6.0,1.0,5.0,2.0,2.0,D,0.0,2.0,A,9.0,16.0,2.0,5.0,11.0,17.0,4.0,5.0,6.0,4.0,1.0,0.0,3.53,3.28,2.17
SP1,2021-04-11,Valladolid,Granada,1637.82,1697.09,2.0,6.0,3.0,6.0,1.0,2.0,A,1.0,0.0,H,7.0,12.0,3.0,6.0,14.0,15.0,2.0,4.0,4.0,2.0,0.0,0.0,2.13,3.33,3.59
SP1,2021-04-11,Betis,Ath Madrid,1713.54,1890.05,4.0,10.0,4.0,8.0,1.0,1.0,D,1.0,1.0,D,8.0,10.0,4.0,4.0,12.0,13.0,5.0,5.0,0.0,0.0,0.0,0.0,3.27,3.11,2.39
SP1,2021-04-12,Celta,Sevilla,1673.13,1833.23,4.0,8.0,7.0,10.0,3.0,4.0,A,3.0,2.0,H,12.0,13.0,5.0,6.0,18.0,15.0,5.0,2.0,3.0,2.0,0.0,0.0,3.44,3.29,2.21
SP1,2021-04-18,Osasuna,Elche,1681.04,1580.73,5.0,6.0,2.0,2.0,2.0,0.0,H,1.0,0.0,H,9.0,8.0,3.0,2.0,14.0,15.0,4.0,5.0,2.0,1.0,0.0,0.0,1.96,3.22,4.42
SP1,2021-04-18,Sociedad,Sevilla,1752.46,1851.75,2.0,5.0,7.0,13.0,1.0,2.0,A,1.0,2.0,A,5.0,15.0,2.0,7.0,20.0,15.0,7.0,3.0,3.0,2.0,0.0,0.0,2.88,3.29,2.53
SP1,2021-04-18,Alaves,Huesca,1601.49,1619.78,1.0,2.0,7.0,7.0,1.0,0.0,H,0.0,0.0,D,10.0,9.0,2.0,1.0,15.0,13.0,7.0,3.0,1.0,2.0,0.0,0.0,2.46,3.11,3.14
SP1,2021-04-18,Ath Madrid,Eibar,1883.45,1623.45,4.0,8.0,1.0,1.0,5.0,0.0,H,2.0,0.0,H,10.0,0.0,7.0,0.0,10.0,10.0,8.0,3.0,0.0,1.0,0.0,0.0,1.44,4.25,8.51
SP1,2021-04-18,Betis,Valencia,1719.43,1702.08,5.0,8.0,4.0,7.0,2.0,2.0,D,2.0,1.0,H,9.0,9.0,5.0,3.0,12.0,10.0,6.0,3.0,3.0,1.0,0.0,0.0,1.88,3.62,4.17
SP1,2021-04-18,Cadiz,Celta,1611.96,1683.32,6.0,10.0,3.0,7.0,0.0,0.0,D,0.0,0.0,D,5.0,11.0,2.0,4.0,6.0,13.0,4.0,7.0,0.0,1.0,0.0,0.0,3.63,3.39,2.1
SP1,2021-04-18,Getafe,Real Madrid,1666.62,1949.16,2.0,3.0,9.0,13.0,0.0,0.0,D,0.0,0.0,D,19.0,10.0,6.0,2.0,17.0,8.0,6.0,6.0,3.0,1.0,0.0,0.0,5.98,3.73,1.64
SP1,2021-04-18,Levante,Villarreal,1707.37,1801.75,3.0,6.0,6.0,9.0,1.0,5.0,A,1.0,2.0,A,12.0,14.0,3.0,7.0,9.0,7.0,4.0,5.0,2.0,1.0,0.0,0.0,3.81,3.35,2.06
SP1,2021-04-21,Levante,Sevilla,1707.37,1851.75,3.0,6.0,9.0,13.0,0.0,1.0,A,0.0,0.0,D,6.0,10.0,1.0,3.0,15.0,13.0,2.0,3.0,4.0,1.0,0.0,0.0,4.85,4.17,1.67
SP1,2021-04-21,Osasuna,Valencia,1681.04,1702.08,7.0,9.0,2.0,5.0,3.0,1.0,H,2.0,1.0,H,18.0,10.0,9.0,5.0,17.0,11.0,5.0,6.0,1.0,2.0,0.0,0.0,2.43,3.12,3.17
SP1,2021-04-21,Betis,Ath Bilbao,1719.43,1720.75,3.0,6.0,3.0,4.0,0.0,0.0,D,0.0,0.0,D,6.0,16.0,2.0,4.0,10.0,16.0,5.0,4.0,3.0,2.0,1.0,0.0,2.44,3.27,3.03
SP1,2021-04-21,Alaves,Villarreal,1601.49,1801.75,4.0,5.0,6.0,12.0,2.0,1.0,H,1.0,0.0,H,9.0,10.0,4.0,5.0,8.0,11.0,3.0,8.0,2.0,1.0,0.0,0.0,4.31,3.5,1.89
SP1,2021-04-21,Elche,Valladolid,1580.73,1632.55,1.0,2.0,1.0,5.0,1.0,1.0,D,1.0,0.0,H,9.0,12.0,3.0,4.0,23.0,11.0,4.0,6.0,5.0,3.0,0.0,0.0,2.85,3.02,2.74
SP1,2021-04-21,Cadiz,Real Madrid,1611.96,1949.16,7.0,8.0,7.0,13.0,0.0,3.0,A,0.0,3.0,A,14.0,14.0,3.0,4.0,13.0,21.0,7.0,3.0,4.0,3.0,0.0,0.0,9.04,4.65,1.38
SP1,2021-04-22,Ath Madrid,Huesca,1883.45,1619.78,4.0,8.0,6.0,7.0,2.0,0.0,H,1.0,0.0,H,18.0,5.0,12.0,2.0,9.0,11.0,8.0,1.0,2.0,0.0,0.0,0.0,1.39,4.57,8.86
SP1,2021-04-22,Granada,Eibar,1694.55,1623.45,3.0,6.0,0.0,1.0,4.0,1.0,H,2.0,0.0,H,8.0,16.0,4.0,3.0,13.0,10.0,4.0,7.0,1.0,1.0,0.0,0.0,2.43,3.08,3.22
SP1,2021-04-22,Sociedad,Celta,1752.46,1683.32,2.0,2.0,4.0,5.0,2.0,1.0,H,2.0,1.0,H,7.0,10.0,3.0,3.0,17.0,17.0,2.0,4.0,4.0,5.0,0.0,0.0,1.87,3.61,4.22
SP1,2021-04-22,Barcelona,Getafe,1934.38,1666.62,6.0,12.0,2.0,4.0,5.0,2.0,H,3.0,1.0,H,9.0,5.0,6.0,1.0,8.0,15.0,3.0,1.0,2.0,0.0,0.0,0.0,1.23,6.3,13.62
SP1,2021-04-24,Elche,Levante,1580.73,1707.37,1.0,3.0,3.0,3.0,1.0,0.0,H,1.0,0.0,H,8.0,6.0,3.0,1.0,10.0,14.0,4.0,2.0,3.0,4.0,0.0,0.0,2.73,3.29,2.65
SP1,2021-04-24,Valladolid,Cadiz,1632.55,1611.96,1.0,3.0,4.0,7.0,1.0,1.0,D,1.0,0.0,H,13.0,6.0,6.0,2.0,11.0,20.0,5.0,7.0,1.0,3.0,0.0,0.0,1.94,3.31,4.35
SP1,2021-04-24,Valencia,Alaves,1702.08,1601.49,2.0,5.0,7.0,7.0,1.0,1.0,D,0.0,0.0,D,9.0,6.0,2.0,2.0,17.0,16.0,7.0,2.0,4.0,0.0,0.0,1.0,2.16,3.25,3.62
SP1,2021-04-24,Real Madrid,Betis,1949.16,1719.43,7.0,13.0,3.0,7.0,0.0,0.0,D,0.0,0.0,D,17.0,6.0,5.0,2.0,17.0,13.0,8.0,2.0,1.0,2.0,0.0,0.0,1.5,4.53,6.35
SP1,2021-04-25,Huesca,Getafe,1619.78,1666.62,3.0,7.0,1.0,3.0,0.0,2.0,A,0.0,1.0,A,8.0,6.0,1.0,4.0,16.0,22.0,1.0,0.0,2.0,4.0,0.0,0.0,2.89,2.9,2.8
SP1,2021-04-25,Villarreal,Barcelona,1801.75,1934.38,3.0,9.0,6.0,12.0,1.0,2.0,A,1.0,2.0,A,10.0,15.0,4.0,5.0,16.0,10.0,6.0,1.0,2.0,3.0,1.0,0.0,4.61,4.32,1.67
SP1,2021-04-25,Celta,Osasuna,1683.32,1681.04,1.0,4.0,9.0,11.0,2.0,1.0,H,1.0,0.0,H,7.0,12.0,2.0,3.0,13.0,12.0,2.0,8.0,1.0,4.0,0.0,0.0,2.24,3.39,3.24
SP1,2021-04-25,Sevilla,Granada,1851.75,1694.55,9.0,13.0,6.0,9.0,2.0,1.0,H,1.0,0.0,H,10.0,4.0,4.0,2.0,11.0,14.0,5.0,5.0,2.0,3.0,0.0,0.0,1.42,4.71,7.65
SP1,2021-04-25,Ath Bilbao,Ath Madrid,1720.75,1883.45,3.0,5.0,7.0,10.0,2.0,1.0,H,1.0,0.0,H,11.0,14.0,3.0,3.0,20.0,7.0,4.0,11.0,4.0,2.0,0.0,0.0,4.32,3.34,1.93
SP1,2021-04-26,Eibar,Sociedad,1623.45,1752.46,0.0,1.0,4.0,5.0,0.0,1.0,A,0.0,1.0,A,14.0,5.0,5.0,2.0,8.0,20.0,2.0,3.0,5.0,1.0,0.0,0.0,4.14,3.47,1.92
SP1,2021-04-28,Ath Bilbao,Valladolid,1720.75,1632.55,5.0,7.0,2.0,3.0,2.0,2.0,D,1.0,0.0,H,13.0,14.0,7.0,4.0,8.0,13.0,5.0,7.0,1.0,1.0,0.0,0.0,1.86,3.22,5.04
SP1,2021-04-29,Barcelona,Granada,1934.38,1694.55,6.0,12.0,6.0,6.0,1.0,2.0,A,1.0,0.0,H,16.0,6.0,4.0,2.0,10.0,22.0,6.0,1.0,0.0,4.0,0.0,0.0,1.15,8.44,16.88
SP1,2021-04-30,Celta,Levante,1683.32,1707.37,4.0,7.0,0.0,3.0,2.0,0.0,H,0.0,0.0,D,8.0,10.0,5.0,2.0,12.0,13.0,1.0,5.0,2.0,2.0,0.0,0.0,1.86,3.65,4.35
SP1,2021-05-01,Eibar,Alaves,1606.43,1626.27,0.0,0.0,7.0,8.0,3.0,0.0,H,1.0,0.0,H,15.0,6.0,4.0,2.0,12.0,12.0,10.0,5.0,0.0,2.0,0.0,0.0,2.51,3.11,3.07
SP1,2021-05-01,Elche,Ath Madrid,1585.94,1881.32,4.0,5.0,6.0,7.0,0.0,1.0,A,0.0,1.0,A,6.0,11.0,1.0,4.0,20.0,16.0,3.0,2.0,3.0,3.0,0.0,0.0,8.79,4.5,1.41
SP1,2021-05-01,Huesca,Sociedad,1600.45,1758.4,0.0,6.0,6.0,8.0,1.0,0.0,H,0.0,0.0,D,10.0,7.0,3.0,3.0,14.0,11.0,2.0,7.0,2.0,2.0,0.0,0.0,3.74,3.47,2.04
SP1,2021-05-01,Real Madrid,Osasuna,1940.32,1692.26,5.0,11.0,6.0,10.0,2.0,0.0,H,0.0,0.0,D,22.0,3.0,6.0,2.0,9.0,12.0,7.0,0.0,0.0,2.0,0.0,0.0,1.38,4.93,8.48
SP1,2021-05-02,Valladolid,Betis,1636.38,1724.65,3.0,3.0,3.0,5.0,1.0,1.0,D,0.0,0.0,D,10.0,11.0,2.0,4.0,7.0,14.0,3.0,2.0,2.0,5.0,0.0,0.0,3.18,3.46,2.26
SP1,2021-05-02,Villarreal,Getafe,1809.46,1682.52,3.0,6.0,4.0,5.0,1.0,0.0,H,0.0,0.0,D,4.0,15.0,3.0,3.0,13.0,17.0,4.0,4.0,1.0,2.0,0.0,0.0,2.18,3.01,3.92
SP1,2021-05-02,Granada,Cadiz,1715.21,1612.46,6.0,9.0,2.0,8.0,0.0,1.0,A,0.0,1.0,A,9.0,8.0,2.0,4.0,12.0,10.0,6.0,5.0,7.0,2.0,1.0,0.0,1.83,3.4,4.84
SP1,2021-05-02,Valencia,Barcelona,1692.44,1930.96,2.0,3.0,6.0,9.0,2.0,3.0,A,0.0,0.0,D,9.0,14.0,4.0,7.0,12.0,14.0,2.0,1.0,2.0,1.0,0.0,0.0,7.4,5.37,1.38
SP1,2021-05-03,Sevilla,Ath Bilbao,1869.11,1731.04,9.0,15.0,5.0,7.0,0.0,1.0,A,0.0,0.0,D,18.0,8.0,3.0,2.0,13.0,15.0,6.0,2.0,1.0,0.0,0.0,0.0,1.6,3.96,5.92
SP1,2021-05-07,Sociedad,Elche,1758.4,1585.94,6.0,7.0,4.0,4.0,2.0,0.0,H,0.0,0.0,D,16.0,1.0,3.0,0.0,8.0,10.0,7.0,0.0,1.0,3.0,0.0,1.0,1.5,4.1,7.5
SP1,2021-05-08,Alaves,Levante,1626.27,1671.59,4.0,8.0,0.0,3.0,2.0,2.0,D,1.0,2.0,A,15.0,6.0,5.0,3.0,12.0,18.0,8.0,3.0,2.0,1.0,0.0,0.0,2.17,3.32,3.54
SP1,2021-05-08,Barcelona,Ath Madrid,1930.96,1881.32,6.0,9.0,6.0,10.0,0.0,0.0,D,0.0,0.0,D,12.0,11.0,7.0,6.0,13.0,26.0,5.0,7.0,3.0,3.0,0.0,0.0,1.81,3.69,4.52
SP1,2021-05-08,Cadiz,Huesca,1612.46,1600.45,4.0,8.0,3.0,6.0,2.0,1.0,H,2.0,1.0,H,11.0,13.0,1.0,5.0,14.0,13.0,3.0,3.0,4.0,0.0,0.0,0.0,3.64,3.23,2.17
SP1,2021-05-08,Ath Bilbao,Osasuna,1731.04,1692.26,7.0,9.0,3.0,9.0,2.0,2.0,D,1.0,1.0,D,13.0,13.0,3.0,4.0,4.0,10.0,10.0,4.0,1.0,2.0,0.0,0.0,1.81,3.55,4.72
SP1,2021-05-09,Getafe,Eibar,1682.52,1606.43,3.0,4.0,3.0,3.0,0.0,1.0,A,0.0,0.0,D,10.0,7.0,2.0,3.0,11.0,11.0,4.0,2.0,1.0,2.0,0.0,0.0,2.26,3.07,3.6
SP1,2021-05-09,Valencia,Valladolid,1692.44,1636.38,1.0,3.0,3.0,4.0,3.0,0.0,H,1.0,0.0,H,6.0,19.0,3.0,2.0,17.0,6.0,1.0,9.0,0.0,0.0,0.0,0.0,2.05,3.3,3.93
SP1,2021-05-09,Villarreal,Celta,1809.46,1695.95,3.0,6.0,6.0,7.0,2.0,4.0,A,1.0,3.0,A,16.0,11.0,7.0,6.0,11.0,16.0,5.0,3.0,3.0,3.0,2.0,1.0,1.99,3.64,3.72
SP1,2021-05-09,Real Madrid,Sevilla,1940.32,1869.11,7.0,11.0,6.0,12.0,2.0,2.0,D,0.0,1.0,A,16.0,7.0,6.0,3.0,8.0,8.0,7.0,3.0,1.0,2.0,0.0,0.0,1.98,3.64,3.74
SP1,2021-05-10,Betis,Granada,1724.65,1715.21,3.0,5.0,3.0,9.0,2.0,1.0,H,1.0,0.0,H,14.0,11.0,6.0,5.0,16.0,11.0,9.0,2.0,2.0,4.0,0.0,0.0,1.8,3.69,4.57
SP1,2021-05-11,Osasuna,Cadiz,1692.26,1612.46,1.0,7.0,7.0,8.0,3.0,2.0,H,1.0,0.0,H,14.0,10.0,4.0,4.0,15.0,12.0,3.0,5.0,2.0,2.0,0.0,0.0,2.0,3.37,4.07
SP1,2021-05-11,Elche,Alaves,1585.94,1626.27,3.0,4.0,2.0,8.0,0.0,2.0,A,0.0,1.0,A,11.0,9.0,4.0,2.0,21.0,15.0,7.0,5.0,2.0,4.0,0.0,0.0,2.93,3.03,2.69
SP1,2021-05-11,Levante,Barcelona,1671.59,1930.96,1.0,1.0,4.0,10.0,3.0,3.0,D,0.0,2.0,A,16.0,17.0,6.0,5.0,12.0,4.0,8.0,6.0,2.0,2.0,0.0,0.0,11.54,7.38,1.22
SP1,2021-05-12,Sevilla,Valencia,1869.11,1692.44,4.0,10.0,4.0,5.0,1.0,0.0,H,0.0,0.0,D,10.0,6.0,4.0,2.0,17.0,6.0,3.0,5.0,2.0,2.0,0.0,0.0,1.46,4.63,6.78
SP1,2021-05-12,Celta,Getafe,1695.95,1682.52,9.0,10.0,3.0,4.0,1.0,0.0,H,1.0,0.0,H,4.0,13.0,1.0,4.0,16.0,18.0,1.0,5.0,1.0,3.0,0.0,0.0,2.4,3.25,3.11
SP1,2021-05-12,Huesca,Ath Bilbao,1600.45,1731.04,3.0,3.0,5.0,9.0,1.0,0.0,H,0.0,0.0,D,18.0,4.0,6.0,3.0,9.0,14.0,5.0,0.0,0.0,1.0,0.0,0.0,2.55,3.22,2.92
SP1,2021-05-12,Ath Madrid,Sociedad,1881.32,1758.4,4.0,10.0,6.0,9.0,2.0,1.0,H,2.0,0.0,H,12.0,14.0,4.0,7.0,11.0,15.0,1.0,7.0,0.0,0.0,0.0,0.0,1.61,3.9,6.01
SP1,2021-05-13,Valladolid,Villarreal,1636.38,1809.46,2.0,4.0,3.0,6.0,0.0,2.0,A,0.0,0.0,D,11.0,9.0,2.0,3.0,15.0,14.0,3.0,6.0,3.0,1.0,0.0,0.0,3.86,3.55,1.98
SP1,2021-05-13,Eibar,Betis,1606.43,1724.65,6.0,6.0,5.0,7.0,1.0,1.0,D,0.0,1.0,A,14.0,9.0,4.0,4.0,12.0,8.0,5.0,4.0,3.0,1.0,0.0,0.0,2.8,3.39,2.55
SP1,2021-05-13,Granada,Real Madrid,1715.21,1940.32,3.0,6.0,5.0,9.0,1.0,4.0,A,0.0,2.0,A,10.0,16.0,5.0,7.0,15.0,9.0,2.0,3.0,3.0,3.0,0.0,0.0,8.01,4.9,1.4
SP1,2021-05-16,Alaves,Granada,1623.59,1687.36,4.0,8.0,0.0,3.0,4.0,2.0,H,2.0,1.0,H,14.0,5.0,9.0,2.0,7.0,11.0,6.0,1.0,2.0,4.0,0.0,0.0,1.87,3.64,4.26
SP1,2021-05-16,Ath Bilbao,Real Madrid,1727.97,1928.46,4.0,8.0,7.0,11.0,0.0,1.0,A,0.0,0.0,D,8.0,11.0,1.0,2.0,10.0,7.0,4.0,11.0,3.0,2.0,1.0,0.0,5.39,4.27,1.6
SP1,2021-05-16,Ath Madrid,Osasuna,1888.39,1695.03,7.0,10.0,4.0,7.0,2.0,1.0,H,0.0,0.0,D,26.0,5.0,9.0,2.0,2.0,13.0,8.0,0.0,1.0,2.0,0.0,0.0,1.24,5.97,13.72
SP1,2021-05-16,Barcelona,Celta,1923.74,1716.32,5.0,8.0,9.0,12.0,1.0,2.0,A,1.0,1.0,D,20.0,4.0,4.0,4.0,9.0,14.0,7.0,1.0,3.0,2.0,1.0,0.0,1.24,6.69,10.7
SP1,2021-05-16,Betis,Huesca,1725.97,1612.42,5.0,7.0,6.0,6.0,1.0,0.0,H,0.0,0.0,D,10.0,7.0,2.0,0.0,15.0,19.0,2.0,5.0,1.0,5.0,0.0,1.0,1.84,3.79,4.17
SP1,2021-05-16,Cadiz,Elche,1622.98,1563.36,6.0,7.0,0.0,4.0,1.0,3.0,A,1.0,0.0,H,7.0,20.0,3.0,5.0,13.0,15.0,1.0,8.0,3.0,4.0,0.0,0.0,3.21,3.13,2.4
SP1,2021-05-16,Getafe,Levante,1659.07,1674.19,0.0,3.0,2.0,2.0,2.0,1.0,H,1.0,1.0,D,9.0,5.0,3.0,1.0,15.0,11.0,3.0,4.0,5.0,0.0,1.0,0.0,1.64,3.88,5.6
SP1,2021-05-16,Sociedad,Valladolid,1745.76,1618.06,3.0,9.0,1.0,3.0,4.0,1.0,H,4.0,0.0,H,13.0,19.0,8.0,5.0,16.0,11.0,2.0,4.0,2.0,4.0,0.0,1.0,1.66,3.74,5.68
SP1,2021-05-16,Valencia,Eibar,1692.2,1628.82,3.0,4.0,7.0,7.0,4.0,1.0,H,3.0,1.0,H,9.0,20.0,5.0,8.0,5.0,7.0,2.0,10.0,0.0,0.0,0.0,0.0,2.84,3.43,2.48
SP1,2021-05-16,Villarreal,Sevilla,1807.46,1860.25,6.0,6.0,4.0,10.0,4.0,0.0,H,1.0,0.0,H,12.0,17.0,5.0,5.0,9.0,7.0,3.0,6.0,0.0,3.0,0.0,1.0,2.43,3.47,2.88
SP1,2021-05-21,Levante,Cadiz,1674.19,1622.98,2.0,2.0,3.0,7.0,2.0,2.0,D,1.0,2.0,A,17.0,6.0,4.0,2.0,17.0,8.0,7.0,0.0,0.0,2.0,0.0,0.0,1.8,4.07,4.17
SP1,2021-05-22,Celta,Betis,1716.32,1725.97,9.0,15.0,7.0,9.0,2.0,3.0,A,1.0,0.0,H,11.0,11.0,4.0,5.0,20.0,20.0,8.0,4.0,6.0,7.0,0.0,1.0,3.21,3.83,2.11
SP1,2021-05-22,Eibar,Barcelona,1628.82,1923.74,4.0,7.0,2.0,5.0,0.0,1.0,A,0.0,0.0,D,17.0,7.0,3.0,3.0,11.0,15.0,6.0,3.0,0.0,3.0,0.0,0.0,4.46,4.4,1.68
SP1,2021-05-22,Elche,Ath Bilbao,1563.36,1727.97,3.0,6.0,1.0,5.0,2.0,0.0,H,1.0,0.0,H,8.0,8.0,3.0,2.0,10.0,6.0,3.0,1.0,3.0,0.0,0.0,0.0,1.99,3.62,3.75
SP1,2021-05-22,Huesca,Valencia,1612.42,1692.2,3.0,6.0,6.0,7.0,0.0,0.0,D,0.0,0.0,D,23.0,11.0,8.0,4.0,17.0,15.0,9.0,3.0,2.0,1.0,0.0,0.0,1.68,4.18,4.73
SP1,2021-05-22,Osasuna,Sociedad,1695.03,1745.76,4.0,4.0,6.0,9.0,0.0,1.0,A,0.0,0.0,D,7.0,11.0,1.0,1.0,15.0,7.0,3.0,3.0,1.0,0.0,0.0,0.0,4.97,4.4,1.62
SP1,2021-05-22,Real Madrid,Villarreal,1928.46,1807.46,7.0,11.0,6.0,9.0,2.0,1.0,H,0.0,1.0,A,14.0,6.0,4.0,2.0,8.0,13.0,6.0,1.0,0.0,0.0,0.0,0.0,1.42,5.05,6.92
SP1,2021-05-22,Valladolid,Ath Madrid,1618.06,1888.39,0.0,2.0,7.0,10.0,1.0,2.0,A,1.0,0.0,H,10.0,14.0,4.0,3.0,11.0,11.0,4.0,6.0,4.0,6.0,0.0,0.0,9.2,5.27,1.34
SP1,2021-05-23,Granada,Getafe,1687.36,1659.07,0.0,3.0,3.0,6.0,0.0,0.0,D,0.0,0.0,D,9.0,11.0,3.0,2.0,16.0,13.0,6.0,3.0,4.0,2.0,0.0,0.0,2.72,3.37,2.62
SP1,2021-05-23,Sevilla,Alaves,1860.25,1623.59,4.0,7.0,7.0,8.0,1.0,0.0,H,0.0,0.0,D,11.0,11.0,2.0,2.0,11.0,8.0,6.0,4.0,1.0,0.0,0.0,0.0,1.55,4.31,6.01
SP1,2021-08-13,Valencia,Getafe,1701.12,1669.05,4.0,7.0,4.0,4.0,1.0,0.0,H,1.0,0.0,H,4.0,22.0,2.0,4.0,24.0,15.0,1.0,9.0,6.0,3.0,1.0,1.0,2.64,3.01,3.06
SP1,2021-08-14,Cadiz,Levante,1611.36,1664.71,1.0,7.0,2.0,3.0,1.0,1.0,D,0.0,1.0,A,7.0,12.0,2.0,3.0,10.0,16.0,2.0,4.0,1.0,5.0,0.0,0.0,2.78,3.23,2.66
SP1,2021-08-14,Mallorca,Betis,1629.66,1740.6,7.0,11.0,7.0,11.0,1.0,1.0,D,1.0,0.0,H,6.0,10.0,2.0,1.0,12.0,18.0,4.0,3.0,1.0,3.0,0.0,0.0,3.38,3.29,2.24
SP1,2021-08-14,Alaves,Real Madrid,1633.82,1938.08,6.0,7.0,9.0,13.0,1.0,4.0,A,0.0,0.0,D,11.0,19.0,4.0,7.0,14.0,10.0,0.0,4.0,1.0,2.0,0.0,0.0,7.08,4.57,1.46
SP1,2021-08-14,Osasuna,Espanol,1685.16,1648.6,3.0,4.0,4.0,5.0,0.0,0.0,D,0.0,0.0,D,14.0,10.0,1.0,3.0,18.0,12.0,4.0,6.0,3.0,3.0,0.0,0.0,2.29,3.26,3.31
SP1,2021-08-15,Celta,Ath Madrid,1721.61,1895.43,6.0,12.0,9.0,13.0,1.0,2.0,A,0.0,1.0,A,10.0,13.0,2.0,4.0,11.0,9.0,2.0,5.0,4.0,5.0,1.0,1.0,4.17,3.25,2.01
SP1,2021-08-15,Barcelona,Sociedad,1913.69,1761.45,4.0,8.0,6.0,9.0,4.0,2.0,H,2.0,0.0,H,13.0,11.0,8.0,3.0,11.0,18.0,5.0,3.0,2.0,4.0,0.0,0.0,1.74,4.06,4.44
SP1,2021-08-15,Sevilla,Vallecano,1847.53,1599.38,6.0,7.0,6.0,10.0,3.0,0.0,H,1.0,0.0,H,21.0,4.0,8.0,3.0,14.0,7.0,4.0,0.0,1.0,0.0,0.0,1.0,1.44,4.54,7.6
SP1,2021-08-16,Villarreal,Granada,1823.54,1674.6,6.0,9.0,1.0,1.0,0.0,0.0,D,0.0,0.0,D,14.0,6.0,4.0,1.0,19.0,21.0,6.0,2.0,5.0,1.0,1.0,0.0,1.54,4.24,6.25
SP1,2021-08-16,Elche,Ath Bilbao,1594.8,1709.68,6.0,6.0,0.0,4.0,0.0,0.0,D,0.0,0.0,D,8.0,9.0,2.0,3.0,13.0,19.0,6.0,8.0,2.0,2.0,0.0,0.0,3.78,3.3,2.09
SP1,2021-08-20,Betis,Cadiz,1739.02,1611.3,7.0,11.0,2.0,5.0,1.0,1.0,D,1.0,1.0,D,16.0,8.0,7.0,3.0,12.0,10.0,4.0,5.0,4.0,0.0,0.0,0.0,1.52,4.3,6.69
SP1,2021-08-21,Alaves,Mallorca,1629.02,1631.24,3.0,7.0,5.0,11.0,0.0,1.0,A,0.0,0.0,D,9.0,12.0,4.0,2.0,14.0,15.0,1.0,8.0,3.0,3.0,1.0,0.0,2.3,3.19,3.36
SP1,2021-08-21,Espanol,Villarreal,1651.18,1823.54,2.0,5.0,4.0,7.0,0.0,0.0,D,0.0,0.0,D,14.0,12.0,3.0,2.0,10.0,10.0,9.0,7.0,3.0,4.0,0.0,0.0,3.07,3.38,2.36
SP1,2021-08-21,Granada,Valencia,1674.6,1707.08,2.0,2.0,7.0,10.0,1.0,1.0,D,1.0,0.0,H,9.0,18.0,2.0,7.0,14.0,12.0,2.0,6.0,4.0,2.0,0.0,0.0,2.53,3.25,2.92
SP1,2021-08-21,Ath Bilbao,Barcelona,1709.68,1913.69,1.0,2.0,6.0,8.0,1.0,1.0,D,0.0,0.0,D,16.0,9.0,7.0,3.0,15.0,10.0,13.0,2.0,1.0,2.0,0.0,1.0,4.14,3.63,1.9
SP1,2021-08-22,Sociedad,Vallecano,1761.45,1599.38,6.0,9.0,3.0,9.0,1.0,0.0,H,0.0,0.0,D,13.0,9.0,8.0,1.0,19.0,15.0,5.0,4.0,3.0,4.0,0.0,0.0,1.47,4.38,7.33
SP1,2021-08-22,Ath Madrid,Elche,1895.43,1594.8,9.0,13.0,7.0,7.0,1.0,0.0,H,1.0,0.0,H,8.0,4.0,4.0,2.0,16.0,10.0,2.0,1.0,2.0,2.0,0.0,0.0,1.23,6.07,15.8
SP1,2021-08-22,Levante,Real Madrid,1664.77,1942.88,2.0,4.0,9.0,13.0,3.0,3.0,D,0.0,1.0,A,8.0,19.0,4.0,5.0,17.0,7.0,4.0,6.0,3.0,2.0,1.0,0.0,4.97,4.23,1.65
SP1,2021-08-23,Getafe,Sevilla,1663.09,1847.53,4.0,4.0,6.0,10.0,0.0,1.0,A,0.0,0.0,D,12.0,9.0,0.0,3.0,18.0,10.0,5.0,4.0,2.0,2.0,0.0,0.0,3.49,3.14,2.26
SP1,2021-08-23,Osasuna,Celta,1682.57,1721.61,1.0,5.0,3.0,9.0,0.0,0.0,D,0.0,0.0,D,15.0,4.0,7.0,0.0,19.0,8.0,1.0,2.0,4.0,3.0,0.0,0.0,2.66,3.19,2.8
SP1,2021-08-27,Mallorca,Espanol,1631.24,1651.18,5.0,11.0,2.0,6.0,1.0,0.0,H,1.0,0.0,H,12.0,8.0,6.0,3.0,16.0,17.0,3.0,2.0,4.0,3.0,0.0,1.0,2.64,2.95,3.08
SP1,2021-08-27,Valencia,Alaves,1707.08,1629.02,5.0,8.0,0.0,6.0,3.0,0.0,H,2.0,0.0,H,9.0,10.0,4.0,3.0,20.0,15.0,4.0,4.0,1.0,4.0,0.0,0.0,1.78,3.58,5.02
SP1,2021-08-28,Celta,Ath Bilbao,1721.61,1709.68,1.0,7.0,2.0,2.0,0.0,1.0,A,0.0,1.0,A,13.0,6.0,0.0,2.0,12.0,11.0,5.0,4.0,2.0,1.0,0.0,0.0,2.48,3.2,3.05
SP1,2021-08-28,Elche,Sevilla,1594.8,1847.53,4.0,7.0,9.0,12.0,1.0,1.0,D,1.0,1.0,D,7.0,18.0,4.0,5.0,6.0,9.0,5.0,3.0,2.0,0.0,0.0,0.0,5.24,3.46,1.77
SP1,2021-08-28,Sociedad,Levante,1761.45,1664.77,6.0,9.0,3.0,4.0,1.0,0.0,H,1.0,0.0,H,7.0,6.0,2.0,0.0,17.0,13.0,2.0,2.0,1.0,1.0,0.0,0.0,1.57,4.2,5.94
SP1,2021-08-28,Betis,Real Madrid,1739.02,1942.88,5.0,9.0,7.0,13.0,0.0,1.0,A,0.0,0.0,D,11.0,13.0,6.0,3.0,15.0,13.0,3.0,7.0,5.0,3.0,0.0,0.0,4.21,3.84,1.84
SP1,2021-08-29,Barcelona,Getafe,1913.69,1663.09,7.0,8.0,1.0,4.0,2.0,1.0,H,2.0,1.0,H,7.0,8.0,3.0,3.0,16.0,22.0,3.0,2.0,3.0,1.0,0.0,0.0,1.4,4.83,8.36
SP1,2021-08-29,Cadiz,Osasuna,1611.3,1682.57,3.0,3.0,2.0,5.0,2.0,3.0,A,1.0,0.0,H,7.0,14.0,3.0,4.0,9.0,6.0,4.0,11.0,4.0,0.0,0.0,0.0,3.15,3.07,2.5
SP1,2021-08-29,Vallecano,Granada,1599.38,1674.6,0.0,6.0,3.0,3.0,4.0,0.0,H,3.0,0.0,H,19.0,9.0,6.0,3.0,19.0,14.0,5.0,6.0,1.0,4.0,0.0,0.0,2.59,3.2,2.89
SP1,2021-08-29,Ath Madrid,Villarreal,1895.43,1823.54,9.0,15.0,2.0,8.0,2.0,2.0,D,0.0,0.0,D,24.0,2.0,5.0,2.0,11.0,6.0,16.0,0.0,4.0,2.0,0.0,0.0,1.78,3.41,5.28
SP1,2021-09-11,Levante,Vallecano,1665.96,1610.3,2.0,3.0,3.0,6.0,1.0,1.0,D,1.0,0.0,H,7.0,22.0,2.0,6.0,14.0,16.0,2.0,5.0,3.0,4.0,0.0,0.0,2.1,3.44,3.6
SP1,2021-09-11,Ath Bilbao,Mallorca,1721.94,1647.93,5.0,5.0,7.0,11.0,2.0,0.0,H,0.0,0.0,D,19.0,7.0,5.0,1.0,7.0,13.0,7.0,2.0,1.0,2.0,0.0,0.0,1.74,3.62,5.17
SP1,2021-09-12,Espanol,Ath Madrid,1647.21,1898.23,2.0,3.0,7.0,13.0,1.0,2.0,A,1.0,0.0,H,9.0,13.0,3.0,3.0,10.0,11.0,6.0,3.0,1.0,4.0,0.0,0.0,4.26,3.38,1.95
SP1,2021-09-12,Osasuna,Valencia,1689.89,1715.89,5.0,5.0,7.0,11.0,1.0,4.0,A,1.0,1.0,D,11.0,10.0,2.0,4.0,20.0,14.0,4.0,4.0,4.0,2.0,0.0,0.0,2.47,3.14,3.11
SP1,2021-09-12,Cadiz,Sociedad,1608.22,1764.53,2.0,3.0,6.0,12.0,0.0,2.0,A,0.0,0.0,D,6.0,16.0,1.0,4.0,10.0,9.0,2.0,8.0,4.0,0.0,1.0,0.0,5.25,3.52,1.75
SP1,2021-09-12,Real Madrid,Celta,1941.69,1707.32,7.0,13.0,1.0,4.0,5.0,2.0,H,1.0,2.0,A,15.0,11.0,11.0,4.0,8.0,16.0,7.0,3.0,2.0,3.0,0.0,0.0,1.37,5.25,7.97
SP1,2021-09-13,Getafe,Elche,1656.16,1600.18,0.0,4.0,2.0,8.0,0.0,1.0,A,0.0,0.0,D,10.0,8.0,1.0,3.0,6.0,14.0,8.0,2.0,2.0,3.0,0.0,0.0,1.84,3.36,4.87
SP1,2021-09-13,Granada,Betis,1661.41,1729.7,2.0,3.0,2.0,8.0,1.0,2.0,A,0.0,1.0,A,11.0,19.0,2.0,9.0,7.0,14.0,6.0,8.0,1.0,2.0,0.0,0.0,3.06,3.3,2.41
SP1,2021-09-17,Celta,Cadiz,1697.33,1594.19,1.0,1.0,1.0,3.0,1.0,2.0,A,0.0,2.0,A,14.0,7.0,4.0,3.0,8.0,8.0,7.0,1.0,3.0,3.0,0.0,0.0,1.51,4.28,6.99
SP1,2021-09-18,Vallecano,Getafe,1607.22,1638.71,4.0,4.0,0.0,1.0,3.0,0.0,H,1.0,0.0,H,11.0,13.0,5.0,3.0,20.0,16.0,5.0,3.0,6.0,7.0,0.0,0.0,2.48,2.98,3.28
SP1,2021-09-18,Ath Madrid,Ath Bilbao,1895.7,1722.79,7.0,13.0,7.0,8.0,0.0,0.0,D,0.0,0.0,D,14.0,6.0,2.0,0.0,10.0,13.0,5.0,5.0,6.0,2.0,1.0,0.0,1.68,3.57,5.94
SP1,2021-09-18,Elche,Levante,1605.2,1656.61,4.0,8.0,2.0,4.0,1.0,1.0,D,1.0,0.0,H,9.0,11.0,2.0,6.0,10.0,14.0,4.0,7.0,2.0,2.0,0.0,0.0,2.47,3.13,3.14
SP1,2021-09-18,Alaves,Osasuna,1605.19,1668.32,0.0,3.0,4.0,5.0,0.0,2.0,A,0.0,2.0,A,8.0,13.0,3.0,5.0,11.0,14.0,2.0,8.0,4.0,3.0,0.0,0.0,3.05,3.07,2.57
SP1,2021-09-19,Mallorca,Villarreal,1634.65,1810.68,6.0,8.0,3.0,6.0,0.0,0.0,D,0.0,0.0,D,10.0,11.0,1.0,3.0,11.0,16.0,3.0,1.0,2.0,3.0,0.0,0.0,3.47,3.13,2.29
SP1,2021-09-19,Sociedad,Sevilla,1766.13,1840.25,9.0,12.0,7.0,10.0,0.0,0.0,D,0.0,0.0,D,11.0,11.0,4.0,4.0,16.0,11.0,5.0,6.0,2.0,3.0,0.0,0.0,2.63,3.19,2.85
SP1,2021-09-19,Betis,Espanol,1731.15,1637.31,4.0,8.0,1.0,2.0,2.0,2.0,D,2.0,1.0,H,23.0,11.0,9.0,4.0,13.0,9.0,10.0,4.0,4.0,4.0,1.0,0.0,2.02,3.33,3.98
SP1,2021-09-19,Valencia,Real Madrid,1725.03,1939.24,7.0,11.0,7.0,13.0,1.0,2.0,A,0.0,0.0,D,12.0,18.0,4.0,10.0,14.0,14.0,2.0,5.0,1.0,5.0,0.0,0.0,3.76,3.82,1.95
SP1,2021-09-20,Barcelona,Granada,1896.95,1647.54,7.0,10.0,1.0,3.0,1.0,1.0,D,0.0,1.0,A,17.0,5.0,6.0,2.0,15.0,20.0,12.0,4.0,3.0,6.0,0.0,0.0,1.29,5.83,10.53
SP1,2021-09-21,Getafe,Ath Madrid,1638.71,1895.7,0.0,0.0,5.0,11.0,1.0,2.0,A,1.0,0.0,H,7.0,12.0,2.0,4.0,15.0,11.0,2.0,5.0,4.0,5.0,1.0,0.0,6.19,3.47,1.69
SP1,2021-09-21,Ath Bilbao,Vallecano,1722.79,1607.22,7.0,9.0,7.0,7.0,1.0,2.0,A,1.0,1.0,D,8.0,8.0,1.0,3.0,16.0,20.0,2.0,1.0,3.0,3.0,0.0,0.0,1.9,3.37,4.58
SP1,2021-09-21,Levante,Celta,1656.61,1697.33,2.0,4.0,0.0,1.0,0.0,2.0,A,0.0,0.0,D,6.0,4.0,2.0,2.0,16.0,12.0,2.0,4.0,3.0,2.0,0.0,0.0,2.62,3.39,2.74
SP1,2021-09-22,Espanol,Alaves,1637.31,1605.19,1.0,3.0,0.0,0.0,1.0,0.0,H,0.0,0.0,D,10.0,8.0,2.0,2.0,14.0,18.0,4.0,8.0,2.0,1.0,0.0,0.0,1.85,3.41,4.74
SP1,2021-09-22,Sevilla,Valencia,1840.25,1725.03,5.0,11.0,6.0,10.0,3.0,1.0,H,3.0,1.0,H,11.0,8.0,5.0,3.0,25.0,21.0,1.0,4.0,5.0,3.0,0.0,0.0,1.66,3.88,5.53
SP1,2021-09-22,Real Madrid,Mallorca,1939.24,1634.65,9.0,13.0,4.0,8.0,6.0,1.0,H,3.0,1.0,H,18.0,17.0,12.0,5.0,18.0,8.0,3.0,2.0,2.0,1.0,0.0,0.0,1.24,6.36,12.33
SP1,2021-09-22,Villarreal,Elche,1810.68,1605.2,3.0,4.0,5.0,6.0,4.0,1.0,H,2.0,1.0,H,14.0,9.0,9.0,3.0,16.0,11.0,8.0,7.0,1.0,2.0,0.0,0.0,1.51,4.14,7.04
SP1,2021-09-23,Granada,Sociedad,1647.54,1766.13,1.0,3.0,7.0,10.0,2.0,3.0,A,1.0,0.0,H,10.0,20.0,2.0,11.0,11.0,16.0,4.0,7.0,5.0,1.0,0.0,0.0,4.06,3.51,1.95
SP1,2021-09-23,Osasuna,Betis,1668.32,1731.15,6.0,8.0,4.0,6.0,1.0,3.0,A,1.0,1.0,D,11.0,16.0,3.0,9.0,18.0,10.0,4.0,7.0,2.0,0.0,0.0,0.0,2.36,3.31,3.13
SP1,2021-09-23,Cadiz,Barcelona,1594.19,1896.95,3.0,5.0,5.0,11.0,0.0,0.0,D,0.0,0.0,D,13.0,6.0,3.0,2.0,16.0,8.0,4.0,5.0,3.0,4.0,0.0,1.0,6.18,4.43,1.52
SP1,2021-09-25,Alaves,Ath Madrid,1605.19,1895.7,0.0,0.0,7.0,11.0,1.0,0.0,H,1.0,0.0,H,7.0,13.0,1.0,1.0,18.0,11.0,3.0,8.0,2.0,3.0,0.0,0.0,7.13,3.91,1.55
SP1,2021-09-25,Valencia,Ath Bilbao,1725.03,1722.79,3.0,7.0,4.0,8.0,1.0,1.0,D,0.0,0.0,D,13.0,12.0,6.0,4.0,14.0,17.0,4.0,5.0,5.0,2.0,1.0,0.0,2.62,3.2,2.85
SP1,2021-09-25,Sevilla,Espanol,1840.25,1637.31,5.0,11.0,4.0,5.0,2.0,0.0,H,1.0,0.0,H,12.0,13.0,5.0,2.0,10.0,8.0,4.0,8.0,4.0,0.0,1.0,0.0,1.63,3.82,5.99
SP1,2021-09-25,Real Madrid,Villarreal,1939.24,1810.68,9.0,13.0,5.0,7.0,0.0,0.0,D,0.0,0.0,D,15.0,6.0,2.0,2.0,10.0,12.0,6.0,3.0,1.0,2.0,0.0,0.0,1.5,4.69,6.06
SP1,2021-09-26,Mallorca,Osasuna,1634.65,1668.32,1.0,7.0,3.0,7.0,2.0,3.0,A,2.0,1.0,H,17.0,12.0,8.0,6.0,8.0,17.0,5.0,5.0,2.0,3.0,0.0,0.0,2.77,3.12,2.77
SP1,2021-09-26,Barcelona,Levante,1896.95,1656.61,5.0,9.0,2.0,3.0,3.0,0.0,H,2.0,0.0,H,20.0,6.0,12.0,2.0,11.0,16.0,11.0,1.0,1.0,3.0,0.0,0.0,1.43,4.99,6.87
SP1,2021-09-26,Sociedad,Elche,1766.13,1605.2,7.0,13.0,4.0,5.0,1.0,0.0,H,0.0,0.0,D,17.0,5.0,5.0,2.0,12.0,16.0,6.0,1.0,1.0,3.0,0.0,0.0,1.44,4.42,8.22
SP1,2021-09-26,Vallecano,Cadiz,1607.22,1594.19,7.0,10.0,4.0,5.0,3.0,1.0,H,2.0,1.0,H,13.0,6.0,6.0,1.0,11.0,11.0,4.0,3.0,2.0,4.0,0.0,0.0,1.64,3.82,5.78
SP1,2021-09-26,Betis,Getafe,1731.15,1638.71,7.0,8.0,0.0,0.0,2.0,0.0,H,1.0,0.0,H,20.0,8.0,5.0,3.0,12.0,19.0,3.0,3.0,1.0,3.0,0.0,0.0,1.78,3.7,4.77
SP1,2021-09-27,Celta,Granada,1697.33,1647.54,3.0,4.0,1.0,2.0,1.0,0.0,H,0.0,0.0,D,14.0,7.0,5.0,4.0,9.0,12.0,5.0,3.0,2.0,7.0,0.0,0.0,1.65,4.02,5.24
SP1,2021-10-01,Ath Bilbao,Alaves,1712.06,1597.0,2.0,8.0,3.0,3.0,1.0,0.0,H,1.0,0.0,H,16.0,17.0,5.0,5.0,16.0,12.0,13.0,9.0,3.0,2.0,0.0,0.0,1.58,3.82,6.78
SP1,2021-10-02,Osasuna,Vallecano,1670.87,1635.56,6.0,9.0,9.0,13.0,1.0,0.0,H,0.0,0.0,D,7.0,7.0,3.0,0.0,19.0,9.0,6.0,3.0,3.0,3.0,0.0,0.0,2.21,3.39,3.4
SP1,2021-10-02,Mallorca,Levante,1620.32,1635.25,1.0,4.0,1.0,2.0,1.0,0.0,H,0.0,0.0,D,9.0,6.0,7.0,2.0,18.0,25.0,8.0,3.0,4.0,4.0,0.0,0.0,2.17,3.37,3.47
SP1,2021-10-02,Cadiz,Valencia,1597.51,1708.14,4.0,4.0,1.0,7.0,0.0,0.0,D,0.0,0.0,D,2.0,16.0,1.0,4.0,16.0,11.0,1.0,3.0,3.0,4.0,0.0,0.0,3.31,3.08,2.4
SP1,2021-10-02,Ath Madrid,Barcelona,1877.94,1866.19,4.0,8.0,5.0,9.0,2.0,0.0,H,2.0,0.0,H,6.0,9.0,3.0,2.0,13.0,10.0,2.0,6.0,2.0,1.0,0.0,0.0,1.92,3.52,4.21
SP1,2021-10-03,Elche,Celta,1591.63,1697.18,1.0,5.0,6.0,6.0,1.0,0.0,H,0.0,0.0,D,12.0,10.0,5.0,1.0,14.0,19.0,7.0,4.0,4.0,3.0,0.0,0.0,3.36,3.16,2.33
SP1,2021-10-03,Espanol,Real Madrid,1637.38,1927.27,4.0,4.0,7.0,13.0,2.0,1.0,H,1.0,0.0,H,8.0,18.0,4.0,4.0,12.0,13.0,2.0,8.0,2.0,1.0,0.0,0.0,5.04,4.07,1.67
SP1,2021-10-03,Getafe,Sociedad,1610.36,1767.23,0.0,0.0,7.0,13.0,1.0,1.0,D,1.0,0.0,H,9.0,10.0,2.0,5.0,16.0,11.0,2.0,5.0,4.0,2.0,0.0,0.0,3.66,3.11,2.22
SP1,2021-10-03,Villarreal,Betis,1807.46,1748.39,5.0,7.0,7.0,10.0,2.0,0.0,H,1.0,0.0,H,11.0,10.0,5.0,3.0,14.0,9.0,4.0,6.0,2.0,4.0,0.0,0.0,1.99,3.69,3.69
SP1,2021-10-03,Granada,Sevilla,1636.96,1843.53,1.0,1.0,7.0,11.0,1.0,0.0,H,1.0,0.0,H,3.0,14.0,1.0,3.0,13.0,11.0,2.0,6.0,3.0,4.0,0.0,1.0,4.97,3.53,1.78
SP1,2021-10-16,Levante,Getafe,1628.26,1613.21,0.0,2.0,1.0,1.0,0.0,0.0,D,0.0,0.0,D,6.0,14.0,2.0,4.0,14.0,10.0,3.0,11.0,3.0,3.0,0.0,0.0,2.53,2.92,3.22
SP1,2021-10-16,Sociedad,Mallorca,1764.39,1627.3,7.0,11.0,3.0,4.0,1.0,0.0,H,0.0,0.0,D,10.0,7.0,2.0,1.0,11.0,21.0,2.0,6.0,3.0,3.0,1.0,0.0,1.43,4.44,8.13
SP1,2021-10-17,Vallecano,Elche,1629.86,1600.99,6.0,10.0,3.0,7.0,2.0,1.0,H,1.0,1.0,D,10.0,7.0,4.0,3.0,16.0,11.0,6.0,2.0,2.0,2.0,0.0,0.0,1.82,3.57,4.65
SP1,2021-10-17,Celta,Sevilla,1687.83,1831.46,6.0,6.0,6.0,8.0,0.0,1.0,A,0.0,0.0,D,14.0,8.0,3.0,2.0,13.0,9.0,5.0,4.0,2.0,3.0,0.0,0.0,3.42,3.18,2.26
SP1,2021-10-17,Villarreal,Osasuna,1814.8,1676.57,7.0,9.0,6.0,9.0,1.0,2.0,A,0.0,1.0,A,11.0,6.0,6.0,2.0,6.0,14.0,4.0,4.0,1.0,5.0,0.0,0.0,1.68,3.87,5.18
SP1,2021-10-17,Barcelona,Valencia,1857.16,1706.57,4.0,8.0,2.0,5.0,3.0,1.0,H,2.0,1.0,H,12.0,9.0,5.0,3.0,16.0,13.0,9.0,3.0,2.0,3.0,0.0,0.0,1.54,4.29,6.23
SP1,2021-10-18,Alaves,Betis,1592.84,1741.05,3.0,3.0,6.0,10.0,0.0,1.0,A,0.0,0.0,D,14.0,19.0,2.0,4.0,8.0,11.0,7.0,7.0,1.0,1.0,0.0,0.0,3.49,3.34,2.17
SP1,2021-10-18,Espanol,Cadiz,1651.3,1599.08,6.0,7.0,2.0,5.0,2.0,0.0,H,1.0,0.0,H,14.0,13.0,6.0,2.0,8.0,10.0,7.0,9.0,1.0,0.0,0.0,0.0,1.68,3.69,5.54
SP1,2021-10-22,Osasuna,Granada,1676.57,1649.02,9.0,12.0,3.0,4.0,1.0,1.0,D,1.0,0.0,H,17.0,9.0,6.0,4.0,15.0,11.0,4.0,1.0,1.0,3.0,1.0,0.0,1.78,3.52,5.01
SP1,2021-10-23,Valencia,Mallorca,1706.57,1627.3,2.0,2.0,3.0,4.0,2.0,2.0,D,0.0,2.0,A,20.0,9.0,6.0,4.0,15.0,19.0,5.0,0.0,4.0,5.0,0.0,2.0,1.69,3.84,5.17
SP1,2021-10-23,Cadiz,Alaves,1599.08,1592.84,1.0,5.0,3.0,3.0,0.0,2.0,A,0.0,1.0,A,23.0,8.0,4.0,4.0,11.0,14.0,14.0,3.0,0.0,2.0,0.0,0.0,2.59,2.96,3.13
SP1,2021-10-23,Elche,Espanol,1600.99,1651.3,3.0,4.0,6.0,10.0,2.0,2.0,D,1.0,0.0,H,12.0,20.0,7.0,7.0,15.0,9.0,3.0,7.0,3.0,1.0,0.0,0.0,2.73,3.0,2.87
SP1,2021-10-23,Ath Bilbao,Villarreal,1716.22,1814.8,4.0,8.0,4.0,8.0,2.0,1.0,H,1.0,1.0,D,14.0,11.0,7.0,3.0,7.0,12.0,9.0,2.0,0.0,3.0,0.0,0.0,2.48,3.17,3.04
SP1,2021-10-24,Sevilla,Levante,1831.46,1628.26,6.0,10.0,1.0,2.0,5.0,3.0,H,3.0,1.0,H,18.0,12.0,11.0,7.0,13.0,6.0,10.0,3.0,1.0,2.0,0.0,0.0,1.45,4.43,7.38
SP1,2021-10-24,Barcelona,Real Madrid,1857.16,1913.36,6.0,8.0,4.0,10.0,1.0,2.0,A,0.0,1.0,A,12.0,10.0,2.0,5.0,17.0,13.0,7.0,4.0,1.0,1.0,0.0,0.0,2.7,3.67,2.48
SP1,2021-10-24,Betis,Vallecano,1741.05,1629.86,6.0,10.0,6.0,12.0,3.0,2.0,H,2.0,1.0,H,11.0,14.0,5.0,3.0,12.0,12.0,4.0,4.0,1.0,2.0,0.0,0.0,1.8,3.77,4.35
SP1,2021-10-24,Ath Madrid,Sociedad,1886.97,1764.39,6.0,10.0,7.0,11.0,2.0,2.0,D,0.0,1.0,A,17.0,8.0,4.0,4.0,14.0,14.0,4.0,3.0,1.0,3.0,0.0,0.0,1.65,3.77,5.67
SP1,2021-10-25,Getafe,Celta,1613.21,1687.83,2.0,2.0,3.0,6.0,0.0,3.0,A,0.0,0.0,D,11.0,16.0,2.0,8.0,15.0,11.0,2.0,7.0,2.0,2.0,2.0,0.0,2.65,2.94,3.03
SP1,2021-10-26,Alaves,Elche,1592.84,1600.99,3.0,6.0,4.0,4.0,1.0,0.0,H,0.0,0.0,D,16.0,4.0,5.0,1.0,13.0,9.0,4.0,7.0,1.0,1.0,0.0,0.0,2.35,2.99,3.49
SP1,2021-10-26,Espanol,Ath Bilbao,1651.3,1716.22,7.0,10.0,7.0,8.0,1.0,1.0,D,1.0,0.0,H,14.0,23.0,3.0,7.0,7.0,12.0,8.0,12.0,1.0,2.0,1.0,0.0,2.93,3.01,2.69
SP1,2021-10-26,Villarreal,Cadiz,1814.8,1599.08,3.0,7.0,1.0,2.0,3.0,3.0,D,1.0,2.0,A,14.0,9.0,5.0,4.0,13.0,9.0,8.0,2.0,3.0,6.0,0.0,0.0,1.32,5.34,10.03
SP1,2021-10-27,Mallorca,Sevilla,1627.3,1831.46,4.0,4.0,6.0,12.0,1.0,1.0,D,1.0,0.0,H,11.0,10.0,4.0,3.0,16.0,14.0,4.0,2.0,3.0,6.0,1.0,0.0,5.09,3.33,1.81
SP1,2021-10-27,Vallecano,Barcelona,1629.86,1857.16,3.0,9.0,3.0,7.0,1.0,0.0,H,1.0,0.0,H,13.0,16.0,3.0,1.0,17.0,12.0,3.0,7.0,2.0,2.0,0.0,0.0,4.32,3.78,1.81
SP1,2021-10-27,Betis,Valencia,1741.05,1706.57,6.0,12.0,2.0,3.0,4.0,1.0,H,2.0,1.0,H,14.0,10.0,9.0,4.0,14.0,19.0,4.0,7.0,2.0,5.0,0.0,0.0,1.87,3.57,4.29
SP1,2021-10-27,Real Madrid,Osasuna,1913.36,1676.57,4.0,10.0,7.0,10.0,0.0,0.0,D,0.0,0.0,D,17.0,7.0,3.0,0.0,12.0,10.0,11.0,3.0,1.0,1.0,0.0,0.0,1.33,5.49,8.71
SP1,2021-10-28,Celta,Sociedad,1687.83,1764.39,3.0,9.0,5.0,11.0,0.0,2.0,A,0.0,0.0,D,14.0,11.0,6.0,4.0,12.0,11.0,7.0,6.0,1.0,0.0,0.0,0.0,2.8,3.35,2.54
SP1,2021-10-28,Granada,Getafe,1649.02,1613.21,4.0,5.0,2.0,2.0,1.0,1.0,D,0.0,1.0,A,18.0,6.0,3.0,4.0,10.0,15.0,5.0,0.0,1.0,4.0,0.0,0.0,2.61,2.85,3.16
SP1,2021-10-28,Levante,Ath Madrid,1628.26,1886.97,1.0,1.0,4.0,8.0,2.0,2.0,D,1.0,1.0,D,10.0,7.0,3.0,3.0,15.0,11.0,5.0,2.0,3.0,5.0,1.0,0.0,5.55,3.62,1.68
SP1,2021-10-30,Elche,Real Madrid,1600.99,1913.36,1.0,4.0,4.0,8.0,1.0,2.0,A,0.0,1.0,A,13.0,17.0,4.0,5.0,11.0,13.0,5.0,4.0,2.0,0.0,1.0,0.0,7.34,4.56,1.45
SP1,2021-10-30,Sevilla,Osasuna,1831.46,1676.57,7.0,10.0,5.0,11.0,2.0,0.0,H,1.0,0.0,H,16.0,10.0,4.0,3.0,17.0,10.0,4.0,5.0,2.0,2.0,0.0,0.0,1.53,4.14,6.64
SP1,2021-10-30,Valencia,Villarreal,1706.57,1814.8,1.0,3.0,1.0,5.0,2.0,0.0,H,1.0,0.0,H,9.0,11.0,3.0,1.0,19.0,17.0,7.0,6.0,2.0,4.0,0.0,0.0,2.95,3.44,2.39
SP1,2021-10-30,Barcelona,Alaves,1857.16,1592.84,3.0,6.0,6.0,9.0,1.0,1.0,D,0.0,0.0,D,16.0,3.0,5.0,2.0,11.0,11.0,9.0,0.0,0.0,2.0,0.0,0.0,1.3,5.69,9.98
SP1,2021-10-31,Cadiz,Mallorca,1599.08,1627.3,1.0,2.0,2.0,5.0,1.0,1.0,D,0.0,1.0,A,13.0,11.0,2.0,5.0,14.0,16.0,6.0,5.0,3.0,7.0,0.0,2.0,2.56,2.97,3.1
SP1,2021-10-31,Ath Madrid,Betis,1886.97,1741.05,5.0,8.0,9.0,12.0,3.0,0.0,H,1.0,0.0,H,18.0,8.0,9.0,1.0,11.0,12.0,13.0,0.0,0.0,0.0,0.0,0.0,1.58,3.98,6.02
SP1,2021-10-31,Getafe,Espanol,1613.21,1651.3,2.0,3.0,5.0,8.0,2.0,1.0,H,1.0,1.0,D,12.0,10.0,7.0,3.0,18.0,11.0,6.0,11.0,7.0,4.0,0.0,0.0,2.37,3.06,3.31
SP1,2021-10-31,Sociedad,Ath Bilbao,1764.39,1716.22,7.0,11.0,7.0,8.0,1.0,1.0,D,0.0,0.0,D,8.0,11.0,3.0,5.0,21.0,14.0,2.0,7.0,4.0,3.0,0.0,1.0,2.14,3.17,3.76
SP1,2021-11-01,Vallecano,Celta,1649.59,1691.08,6.0,9.0,3.0,6.0,0.0,0.0,D,0.0,0.0,D,11.0,10.0,5.0,4.0,13.0,14.0,4.0,7.0,2.0,5.0,0.0,0.0,2.38,3.33,3.03
SP1,2021-11-01,Levante,Granada,1633.51,1654.73,2.0,2.0,5.0,5.0,0.0,3.0,A,0.0,2.0,A,12.0,12.0,3.0,6.0,14.0,13.0,3.0,5.0,4.0,2.0,0.0,0.0,2.01,3.44,3.85
SP1,2021-11-05,Ath Bilbao,Cadiz,1734.26,1589.91,5.0,9.0,2.0,3.0,0.0,1.0,A,0.0,1.0,A,15.0,8.0,5.0,4.0,14.0,19.0,5.0,1.0,2.0,1.0,0.0,0.0,1.37,4.81,9.42
SP1,2021-11-06,Espanol,Granada,1656.69,1654.73,2.0,8.0,5.0,8.0,2.0,0.0,H,2.0,0.0,H,17.0,18.0,6.0,5.0,12.0,8.0,5.0,3.0,1.0,1.0,0.0,0.0,1.88,3.42,4.52
SP1,2021-11-06,Celta,Barcelona,1691.08,1843.09,4.0,4.0,1.0,4.0,3.0,3.0,D,0.0,3.0,A,18.0,10.0,4.0,6.0,18.0,18.0,3.0,1.0,3.0,6.0,0.0,0.0,3.33,3.6,2.15
SP1,2021-11-06,Alaves,Levante,1620.48,1633.51,7.0,7.0,1.0,2.0,2.0,1.0,H,0.0,1.0,A,10.0,12.0,3.0,7.0,21.0,17.0,1.0,3.0,3.0,3.0,0.0,0.0,2.49,3.07,3.15
SP1,2021-11-06,Real Madrid,Vallecano,1931.84,1649.59,7.0,8.0,4.0,7.0,2.0,1.0,H,2.0,0.0,H,15.0,19.0,7.0,7.0,8.0,14.0,4.0,5.0,1.0,2.0,0.0,0.0,1.38,5.29,7.68
SP1,2021-11-07,Villarreal,Getafe,1791.7,1618.84,1.0,4.0,4.0,6.0,1.0,0.0,H,1.0,0.0,H,10.0,5.0,4.0,2.0,12.0,13.0,6.0,4.0,1.0,1.0,0.0,0.0,1.53,4.09,6.88
SP1,2021-11-07,Valencia,Ath Madrid,1708.2,1882.78,4.0,5.0,5.0,8.0,3.0,3.0,D,0.0,1.0,A,11.0,13.0,5.0,7.0,12.0,17.0,9.0,0.0,2.0,2.0,0.0,0.0,4.38,3.27,1.96
SP1,2021-11-07,Mallorca,Elche,1637.86,1592.32,3.0,6.0,1.0,4.0,2.0,2.0,D,0.0,0.0,D,18.0,7.0,6.0,2.0,11.0,19.0,3.0,3.0,2.0,3.0,0.0,0.0,2.06,3.1,4.19
SP1,2021-11-07,Osasuna,Sociedad,1694.57,1790.14,2.0,8.0,5.0,9.0,0.0,2.0,A,0.0,0.0,D,6.0,9.0,2.0,4.0,11.0,12.0,5.0,2.0,0.0,2.0,0.0,0.0,3.1,3.3,2.36
SP1,2021-11-07,Betis,Sevilla,1757.38,1846.39,6.0,9.0,7.0,10.0,0.0,2.0,A,0.0,0.0,D,8.0,11.0,1.0,2.0,12.0,13.0,2.0,1.0,3.0,1.0,1.0,0.0,2.94,3.28,2.49
SP1,2021-11-19,Levante,Ath Bilbao,1603.53,1713.06,1.0,2.0,2.0,8.0,0.0,0.0,D,0.0,0.0,D,15.0,7.0,2.0,2.0,16.0,7.0,6.0,3.0,2.0,1.0,0.0,0.0,3.49,3.25,2.23
SP1,2021-11-20,Celta,Villarreal,1686.37,1792.03,2.0,5.0,4.0,4.0,1.0,1.0,D,0.0,1.0,A,12.0,18.0,3.0,6.0,14.0,17.0,3.0,5.0,1.0,1.0,0.0,0.0,2.81,3.31,2.59
SP1,2021-11-20,Sevilla,Alaves,1835.67,1619.08,7.0,13.0,7.0,10.0,2.0,2.0,D,1.0,2.0,A,16.0,8.0,6.0,3.0,14.0,17.0,5.0,2.0,4.0,4.0,0.0,0.0,1.42,4.46,8.44
SP1,2021-11-20,Ath Madrid,Osasuna,1866.09,1676.16,5.0,9.0,1.0,5.0,1.0,0.0,H,0.0,0.0,D,15.0,9.0,2.0,3.0,7.0,8.0,7.0,4.0,2.0,2.0,0.0,0.0,1.41,4.49,8.7
SP1,2021-11-20,Barcelona,Espanol,1837.52,1658.55,2.0,5.0,4.0,8.0,1.0,0.0,H,0.0,0.0,D,16.0,12.0,6.0,2.0,17.0,9.0,4.0,4.0,4.0,2.0,0.0,0.0,1.37,5.08,8.42
SP1,2021-11-21,Getafe,Cadiz,1607.79,1595.11,4.0,5.0,5.0,5.0,4.0,0.0,H,1.0,0.0,H,17.0,10.0,8.0,2.0,14.0,7.0,3.0,7.0,2.0,4.0,0.0,0.0,2.0,3.14,4.39
SP1,2021-11-21,Granada,Real Madrid,1652.26,1927.31,4.0,8.0,7.0,10.0,1.0,4.0,A,1.0,2.0,A,11.0,21.0,3.0,10.0,10.0,7.0,9.0,6.0,1.0,1.0,1.0,0.0,6.97,4.5,1.47
SP1,2021-11-21,Elche,Betis,1587.18,1726.83,1.0,2.0,3.0,9.0,0.0,3.0,A,0.0,3.0,A,14.0,9.0,4.0,4.0,12.0,14.0,10.0,1.0,1.0,2.0,0.0,1.0,3.53,3.34,2.16
SP1,2021-11-21,Sociedad,Valencia,1785.31,1703.32,7.0,11.0,4.0,5.0,0.0,0.0,D,0.0,0.0,D,9.0,8.0,2.0,3.0,11.0,16.0,2.0,4.0,4.0,7.0,1.0,0.0,1.73,3.86,4.76
SP1,2021-11-22,Vallecano,Mallorca,1639.48,1627.0,4.0,7.0,3.0,4.0,3.0,1.0,H,2.0,0.0,H,15.0,11.0,6.0,5.0,14.0,17.0,6.0,4.0,3.0,2.0,0.0,0.0,1.83,3.49,4.67
SP1,2021-11-26,Ath Bilbao,Granada,1713.06,1652.26,2.0,6.0,3.0,5.0,2.0,2.0,D,1.0,2.0,A,17.0,8.0,5.0,4.0,12.0,9.0,8.0,3.0,1.0,1.0,1.0,0.0,1.4,4.6,8.89
SP1,2021-11-27,Alaves,Celta,1619.08,1686.37,5.0,11.0,3.0,6.0,1.0,2.0,A,1.0,1.0,D,13.0,8.0,5.0,5.0,12.0,15.0,5.0,3.0,3.0,2.0,0.0,0.0,2.97,3.15,2.56
SP1,2021-11-27,Valencia,Vallecano,1703.32,1639.48,5.0,6.0,4.0,7.0,1.0,1.0,D,1.0,0.0,H,8.0,12.0,4.0,6.0,18.0,15.0,3.0,9.0,6.0,5.0,0.0,0.0,2.02,3.39,3.91
SP1,2021-11-27,Mallorca,Getafe,1627.0,1607.79,2.0,4.0,6.0,7.0,0.0,0.0,D,0.0,0.0,D,12.0,11.0,2.0,0.0,8.0,19.0,2.0,0.0,3.0,0.0,0.0,0.0,2.31,2.94,3.65
SP1,2021-11-27,Villarreal,Barcelona,1792.03,1837.52,4.0,5.0,5.0,5.0,1.0,3.0,A,0.0,0.0,D,14.0,12.0,2.0,6.0,19.0,14.0,4.0,4.0,2.0,2.0,0.0,0.0,2.71,3.45,2.59
SP1,2021-11-28,Betis,Levante,1726.83,1603.53,3.0,9.0,1.0,2.0,3.0,1.0,H,0.0,1.0,A,26.0,8.0,8.0,2.0,16.0,9.0,5.0,8.0,2.0,3.0,0.0,0.0,1.67,4.15,4.79
SP1,2021-11-28,Espanol,Sociedad,1658.55,1785.31,3.0,5.0,5.0,9.0,1.0,0.0,H,0.0,0.0,D,8.0,10.0,2.0,4.0,15.0,7.0,2.0,9.0,1.0,1.0,0.0,0.0,3.18,3.25,2.33
SP1,2021-11-28,Cadiz,Ath Madrid,1595.11,1866.09,4.0,5.0,7.0,9.0,1.0,4.0,A,0.0,0.0,D,8.0,17.0,0.0,7.0,13.0,11.0,4.0,8.0,2.0,0.0,0.0,0.0,7.58,3.98,1.5
SP1,2021-11-28,Real Madrid,Sevilla,1927.31,1835.67,9.0,13.0,7.0,11.0,2.0,1.0,H,1.0,1.0,D,14.0,11.0,4.0,6.0,10.0,9.0,0.0,4.0,3.0,3.0,0.0,0.0,1.68,4.0,4.89
SP1,2021-11-29,Osasuna,Elche,1676.16,1587.18,0.0,2.0,1.0,2.0,1.0,1.0,D,1.0,1.0,D,17.0,10.0,4.0,4.0,16.0,12.0,5.0,4.0,1.0,3.0,0.0,0.0,1.85,3.42,4.59
SP1,2021-12-01,Real Madrid,Ath Bilbao,1932.76,1701.37,9.0,13.0,2.0,4.0,1.0,0.0,H,1.0,0.0,H,17.0,18.0,7.0,2.0,12.0,13.0,7.0,6.0,2.0,3.0,0.0,0.0,1.44,4.58,7.11
SP1,2021-12-03,Granada,Alaves,1643.36,1610.92,1.0,5.0,4.0,8.0,2.0,1.0,H,1.0,0.0,H,9.0,14.0,2.0,2.0,17.0,15.0,3.0,5.0,2.0,2.0,0.0,0.0,2.48,3.06,3.2
SP1,2021-12-04,Sevilla,Villarreal,1824.47,1761.74,4.0,8.0,4.0,5.0,1.0,0.0,H,1.0,0.0,H,8.0,16.0,3.0,2.0,9.0,10.0,5.0,8.0,2.0,2.0,0.0,0.0,2.01,3.41,3.96
SP1,2021-12-04,Barcelona,Betis,1841.5,1738.35,7.0,8.0,6.0,9.0,0.0,1.0,A,0.0,0.0,D,12.0,8.0,3.0,2.0,17.0,12.0,6.0,1.0,1.0,2.0,0.0,0.0,1.5,4.71,6.11
SP1,2021-12-04,Ath Madrid,Mallorca,1856.48,1609.84,7.0,11.0,2.0,4.0,1.0,2.0,A,0.0,0.0,D,14.0,10.0,6.0,3.0,13.0,16.0,8.0,5.0,2.0,5.0,0.0,0.0,1.33,5.13,10.59
SP1,2021-12-04,Sociedad,Real Madrid,1756.95,1932.76,4.0,8.0,9.0,15.0,0.0,2.0,A,0.0,0.0,D,11.0,13.0,0.0,8.0,12.0,8.0,5.0,5.0,2.0,0.0,0.0,0.0,3.27,3.46,2.23
SP1,2021-12-05,Vallecano,Espanol,1644.76,1658.53,4.0,8.0,6.0,7.0,1.0,0.0,H,0.0,0.0,D,7.0,10.0,0.0,3.0,18.0,11.0,6.0,3.0,3.0,3.0,0.0,1.0,2.15,3.25,3.66
SP1,2021-12-05,Elche,Cadiz,1574.36,1569.82,2.0,2.0,3.0,5.0,3.0,1.0,H,1.0,0.0,H,8.0,15.0,3.0,6.0,16.0,15.0,3.0,3.0,7.0,3.0,0.0,0.0,2.03,3.2,4.15
SP1,2021-12-05,Levante,Osasuna,1593.25,1662.35,1.0,2.0,1.0,2.0,0.0,0.0,D,0.0,0.0,D,11.0,11.0,3.0,1.0,12.0,16.0,7.0,2.0,2.0,3.0,0.0,0.0,2.49,3.24,2.98
SP1,2021-12-05,Celta,Valencia,1688.96,1697.14,5.0,6.0,3.0,6.0,1.0,2.0,A,1.0,1.0,D,11.0,8.0,5.0,5.0,10.0,22.0,6.0,4.0,3.0,2.0,0.0,0.0,2.11,3.38,3.61
SP1,2021-12-06,Getafe,Ath Bilbao,1615.47,1701.37,4.0,8.0,2.0,3.0,0.0,0.0,D,0.0,0.0,D,17.0,9.0,5.0,3.0,14.0,14.0,5.0,3.0,2.0,1.0,0.0,0.0,3.45,3.03,2.34
SP1,2021-12-10,Mallorca,Celta,1609.84,1688.96,4.0,6.0,4.0,6.0,0.0,0.0,D,0.0,0.0,D,12.0,14.0,1.0,5.0,14.0,11.0,7.0,4.0,3.0,2.0,0.0,0.0,2.56,2.98,3.14
SP1,2021-12-11,Espanol,Levante,1658.53,1593.25,3.0,6.0,2.0,2.0,4.0,3.0,H,1.0,2.0,A,17.0,14.0,8.0,5.0,9.0,15.0,4.0,2.0,4.0,4.0,0.0,1.0,2.06,3.36,3.85
SP1,2021-12-11,Alaves,Getafe,1610.92,1615.47,1.0,5.0,5.0,8.0,1.0,1.0,D,0.0,1.0,A,9.0,11.0,1.0,2.0,18.0,15.0,1.0,1.0,4.0,4.0,1.0,0.0,2.53,2.91,3.28
SP1,2021-12-11,Valencia,Elche,1697.14,1574.36,5.0,9.0,4.0,5.0,2.0,1.0,H,1.0,0.0,H,21.0,8.0,8.0,4.0,15.0,12.0,8.0,1.0,3.0,2.0,0.0,0.0,1.78,3.55,4.99
SP1,2021-12-11,Ath Bilbao,Sevilla,1701.37,1824.47,2.0,3.0,4.0,10.0,0.0,1.0,A,0.0,1.0,A,13.0,6.0,2.0,1.0,17.0,10.0,9.0,2.0,4.0,3.0,0.0,0.0,2.54,3.06,3.1
SP1,2021-12-12,Villarreal,Vallecano,1761.74,1644.76,1.0,4.0,7.0,8.0,2.0,0.0,H,2.0,0.0,H,13.0,19.0,5.0,7.0,16.0,14.0,5.0,6.0,1.0,3.0,0.0,0.0,1.78,3.77,4.57
SP1,2021-12-12,Osasuna,Barcelona,1662.35,1841.5,2.0,2.0,6.0,8.0,2.0,2.0,D,1.0,1.0,D,8.0,10.0,3.0,2.0,16.0,16.0,6.0,5.0,5.0,4.0,0.0,0.0,3.91,3.52,1.98
SP1,2021-12-12,Betis,Sociedad,1738.35,1756.95,9.0,9.0,1.0,5.0,4.0,0.0,H,1.0,0.0,H,11.0,15.0,5.0,5.0,12.0,10.0,4.0,7.0,3.0,1.0,0.0,0.0,2.31,3.31,3.21
SP1,2021-12-12,Real Madrid,Ath Madrid,1932.76,1856.48,9.0,15.0,6.0,10.0,2.0,0.0,H,1.0,0.0,H,7.0,9.0,3.0,6.0,17.0,15.0,3.0,6.0,2.0,3.0,0.0,0.0,2.1,3.5,3.55
SP1,2021-12-13,Cadiz,Granada,1569.82,1643.36,0.0,4.0,4.0,7.0,1.0,1.0,D,1.0,0.0,H,13.0,16.0,3.0,5.0,14.0,10.0,8.0,1.0,5.0,0.0,1.0,0.0,2.58,3.11,2.96
SP1,2021-12-17,Celta,Espanol,1685.64,1662.68,4.0,6.0,6.0,9.0,3.0,1.0,H,1.0,0.0,H,12.0,6.0,5.0,3.0,13.0,5.0,3.0,3.0,2.0,1.0,0.0,0.0,1.99,3.4,4.04
SP1,2021-12-18,Vallecano,Alaves,1652.06,1609.68,4.0,7.0,1.0,5.0,2.0,0.0,H,2.0,0.0,H,20.0,6.0,5.0,4.0,12.0,19.0,5.0,5.0,1.0,2.0,0.0,0.0,1.8,3.55,4.84
SP1,2021-12-18,Sociedad,Villarreal,1751.61,1779.61,0.0,4.0,3.0,7.0,1.0,3.0,A,1.0,1.0,D,8.0,15.0,4.0,8.0,9.0,15.0,5.0,5.0,2.0,3.0,1.0,0.0,2.23,3.27,3.47
SP1,2021-12-18,Barcelona,Elche,1828.33,1585.72,4.0,8.0,4.0,5.0,3.0,2.0,H,2.0,0.0,H,19.0,5.0,8.0,3.0,13.0,17.0,5.0,0.0,1.0,3.0,0.0,0.0,1.35,5.21,9.13
SP1,2021-12-18,Sevilla,Ath Madrid,1833.7,1854.81,6.0,10.0,3.0,7.0,2.0,1.0,H,1.0,1.0,D,6.0,15.0,2.0,3.0,15.0,14.0,4.0,7.0,2.0,1.0,0.0,0.0,2.79,3.0,2.84
SP1,2021-12-19,Granada,Mallorca,1654.23,1630.69,5.0,5.0,5.0,6.0,4.0,1.0,H,1.0,1.0,D,15.0,8.0,6.0,5.0,12.0,15.0,4.0,2.0,3.0,2.0,0.0,0.0,2.51,3.09,3.1
SP1,2021-12-19,Ath Bilbao,Betis,1697.62,1759.23,1.0,3.0,9.0,12.0,3.0,2.0,H,1.0,1.0,D,9.0,16.0,6.0,8.0,7.0,12.0,5.0,6.0,1.0,3.0,0.0,0.0,2.25,3.27,3.39
SP1,2021-12-19,Getafe,Osasuna,1623.48,1670.79,3.0,6.0,3.0,3.0,1.0,0.0,H,0.0,0.0,D,18.0,11.0,4.0,2.0,14.0,8.0,4.0,3.0,3.0,1.0,0.0,0.0,2.47,2.93,3.35
SP1,2021-12-19,Real Madrid,Cadiz,1961.64,1567.15,9.0,15.0,1.0,4.0,0.0,0.0,D,0.0,0.0,D,36.0,4.0,9.0,0.0,9.0,10.0,13.0,2.0,1.0,1.0,0.0,0.0,1.24,6.51,11.43
SP1,2021-12-20,Levante,Valencia,1594.28,1716.17,1.0,2.0,7.0,9.0,3.0,4.0,A,2.0,1.0,H,15.0,15.0,9.0,8.0,21.0,11.0,6.0,4.0,3.0,4.0,0.0,0.0,2.69,3.27,2.71
SP1,2021-12-21,Villarreal,Alaves,1779.61,1609.68,6.0,7.0,1.0,2.0,5.0,2.0,H,2.0,1.0,H,24.0,4.0,10.0,2.0,16.0,14.0,6.0,2.0,0.0,2.0,0.0,0.0,1.37,5.05,8.68
SP1,2021-12-21,Sevilla,Barcelona,1833.7,1828.33,9.0,10.0,4.0,10.0,1.0,1.0,D,1.0,1.0,D,5.0,23.0,1.0,7.0,15.0,13.0,4.0,9.0,2.0,3.0,1.0,0.0,2.55,3.23,2.95
SP1,2021-12-22,Granada,Ath Madrid,1654.23,1854.81,7.0,8.0,0.0,6.0,2.0,1.0,H,1.0,1.0,D,6.0,15.0,4.0,3.0,17.0,7.0,2.0,7.0,4.0,1.0,0.0,0.0,6.28,3.77,1.61
SP1,2021-12-22,Ath Bilbao,Real Madrid,1697.62,1961.64,4.0,5.0,7.0,13.0,1.0,2.0,A,1.0,2.0,A,15.0,12.0,2.0,7.0,17.0,7.0,7.0,0.0,2.0,2.0,0.0,0.0,3.37,3.49,2.17
SP1,2021-12-31,Valencia,Espanol,1716.17,1662.68,9.0,11.0,3.0,6.0,1.0,2.0,A,0.0,0.0,D,12.0,15.0,2.0,4.0,19.0,14.0,7.0,5.0,7.0,3.0,1.0,0.0,1.81,3.76,4.46
SP1,2022-01-02,Getafe,Real Madrid,1631.4,1956.85,5.0,9.0,7.0,13.0,1.0,0.0,H,1.0,0.0,H,6.0,14.0,3.0,4.0,20.0,8.0,2.0,9.0,3.0,2.0,0.0,0.0,5.52,3.72,1.67
SP1,2022-01-02,Ath Madrid,Vallecano,1836.54,1659.69,0.0,3.0,6.0,10.0,2.0,0.0,H,1.0,0.0,H,15.0,5.0,5.0,0.0,14.0,12.0,8.0,2.0,3.0,0.0,0.0,0.0,1.36,4.8,9.85
SP1,2022-01-02,Elche,Granada,1583.71,1675.61,3.0,4.0,7.0,11.0,0.0,0.0,D,0.0,0.0,D,18.0,10.0,2.0,5.0,18.0,15.0,6.0,3.0,3.0,3.0,1.0,0.0,2.51,3.11,3.05
SP1,2022-01-02,Alaves,Sociedad,1597.36,1738.76,1.0,1.0,0.0,1.0,1.0,1.0,D,0.0,1.0,A,19.0,10.0,5.0,4.0,22.0,10.0,2.0,3.0,3.0,3.0,0.0,0.0,3.42,3.14,2.28
SP1,2022-01-02,Betis,Celta,1751.06,1693.84,6.0,12.0,4.0,8.0,0.0,2.0,A,0.0,2.0,A,18.0,7.0,7.0,5.0,15.0,11.0,3.0,3.0,1.0,2.0,0.0,0.0,1.77,3.79,4.58
SP1,2022-01-02,Mallorca,Barcelona,1620.57,1832.4,4.0,5.0,5.0,8.0,0.0,1.0,A,0.0,1.0,A,13.0,13.0,3.0,4.0,22.0,24.0,4.0,3.0,5.0,2.0,0.0,0.0,3.59,3.33,2.14
SP1,2022-01-03,Villarreal,Levante,1797.14,1587.87,9.0,9.0,1.0,2.0,5.0,0.0,H,3.0,0.0,H,17.0,7.0,7.0,3.0,12.0,9.0,6.0,5.0,3.0,2.0,0.0,0.0,1.43,4.83,7.09
SP1,2022-01-03,Osasuna,Ath Bilbao,1662.86,1701.93,2.0,3.0,3.0,4.0,1.0,3.0,A,1.0,2.0,A,15.0,17.0,4.0,5.0,12.0,7.0,4.0,5.0,5.0,2.0,1.0,0.0,3.1,3.0,2.55
SP1,2022-01-03,Cadiz,Sevilla,1575.8,1838.66,2.0,2.0,7.0,10.0,0.0,1.0,A,0.0,0.0,D,9.0,14.0,2.0,4.0,5.0,9.0,2.0,8.0,0.0,1.0,0.0,0.0,4.89,3.37,1.83
SP1,2022-01-08,Levante,Mallorca,1587.87,1620.57,0.0,1.0,1.0,5.0,2.0,0.0,H,0.0,0.0,D,16.0,15.0,8.0,8.0,20.0,11.0,5.0,5.0,3.0,1.0,1.0,0.0,2.19,3.34,3.44
SP1,2022-01-08,Sociedad,Celta,1738.76,1693.84,1.0,1.0,7.0,10.0,1.0,0.0,H,1.0,0.0,H,12.0,4.0,3.0,0.0,10.0,18.0,6.0,4.0,3.0,3.0,0.0,0.0,1.88,3.45,4.44
SP1,2022-01-08,Granada,Barcelona,1675.61,1832.4,7.0,11.0,7.0,8.0,1.0,1.0,D,0.0,0.0,D,14.0,13.0,4.0,1.0,9.0,21.0,3.0,2.0,2.0,5.0,0.0,1.0,4.55,3.79,1.77
SP1,2022-01-08,Real Madrid,Valencia,1956.85,1711.24,4.0,10.0,6.0,10.0,4.0,1.0,H,1.0,0.0,H,23.0,12.0,8.0,7.0,15.0,24.0,3.0,8.0,3.0,3.0,0.0,0.0,1.36,5.2,8.61
SP1,2022-01-09,Vallecano,Betis,1659.69,1751.06,3.0,7.0,3.0,9.0,1.0,1.0,D,0.0,1.0,A,17.0,9.0,7.0,5.0,18.0,13.0,6.0,4.0,1.0,3.0,0.0,1.0,2.52,3.46,2.76
SP1,2022-01-09,Sevilla,Getafe,1838.66,1631.4,7.0,13.0,7.0,9.0,1.0,0.0,H,1.0,0.0,H,10.0,4.0,1.0,2.0,8.0,20.0,5.0,2.0,1.0,3.0,0.0,0.0,1.59,3.66,7.02
SP1,2022-01-09,Alaves,Ath Bilbao,1597.36,1701.93,1.0,2.0,6.0,7.0,0.0,0.0,D,0.0,0.0,D,12.0,10.0,1.0,2.0,15.0,11.0,7.0,5.0,2.0,0.0,0.0,0.0,3.88,3.33,2.03
SP1,2022-01-09,Osasuna,Cadiz,1662.86,1575.8,1.0,3.0,2.0,2.0,2.0,0.0,H,1.0,0.0,H,15.0,6.0,5.0,1.0,13.0,13.0,5.0,7.0,2.0,2.0,0.0,0.0,1.77,3.36,5.5
SP1,2022-01-09,Villarreal,Ath Madrid,1797.14,1836.54,9.0,12.0,3.0,3.0,2.0,2.0,D,1.0,1.0,D,13.0,7.0,3.0,5.0,13.0,8.0,7.0,3.0,0.0,2.0,0.0,1.0,2.81,3.23,2.63
SP1,2022-01-10,Espanol,Elche,1665.81,1583.71,6.0,9.0,1.0,5.0,1.0,2.0,A,1.0,2.0,A,8.0,3.0,3.0,2.0,13.0,18.0,13.0,0.0,4.0,6.0,0.0,0.0,1.87,3.43,4.5
SP1,2022-01-16,Elche,Villarreal,1596.41,1801.84,4.0,7.0,7.0,13.0,1.0,0.0,H,0.0,0.0,D,5.0,9.0,2.0,4.0,12.0,15.0,3.0,8.0,4.0,3.0,0.0,0.0,4.66,3.72,1.78
SP1,2022-01-18,Betis,Alaves,1735.04,1601.15,1.0,7.0,2.0,3.0,4.0,0.0,H,3.0,0.0,H,18.0,9.0,5.0,2.0,14.0,14.0,8.0,3.0,2.0,0.0,0.0,0.0,1.49,4.38,6.82
SP1,2022-01-18,Cadiz,Espanol,1565.57,1653.96,1.0,2.0,3.0,6.0,2.0,2.0,D,0.0,1.0,A,10.0,14.0,4.0,7.0,14.0,9.0,3.0,2.0,5.0,1.0,0.0,0.0,3.24,3.09,2.42
SP1,2022-01-19,Celta,Osasuna,1703.5,1657.06,6.0,7.0,3.0,5.0,2.0,0.0,H,2.0,0.0,H,5.0,9.0,3.0,0.0,14.0,11.0,0.0,5.0,1.0,2.0,0.0,0.0,1.89,3.41,4.45
SP1,2022-01-19,Valencia,Sevilla,1707.48,1844.97,3.0,9.0,7.0,13.0,1.0,1.0,D,1.0,1.0,D,10.0,12.0,2.0,3.0,22.0,14.0,4.0,4.0,3.0,3.0,1.0,0.0,3.23,3.17,2.38
SP1,2022-01-20,Getafe,Granada,1642.96,1677.64,6.0,8.0,5.0,9.0,4.0,2.0,H,1.0,1.0,D,12.0,7.0,4.0,4.0,15.0,10.0,4.0,8.0,3.0,4.0,0.0,0.0,2.13,3.1,3.9
SP1,2022-01-21,Espanol,Betis,1653.96,1735.04,4.0,7.0,4.0,7.0,1.0,4.0,A,1.0,2.0,A,12.0,15.0,4.0,8.0,15.0,12.0,6.0,5.0,3.0,4.0,1.0,0.0,3.18,3.33,2.33
SP1,2022-01-22,Levante,Cadiz,1592.95,1565.57,3.0,4.0,1.0,3.0,0.0,2.0,A,0.0,1.0,A,15.0,8.0,8.0,2.0,15.0,16.0,8.0,2.0,4.0,6.0,0.0,0.0,1.77,3.68,4.74
SP1,2022-01-22,Villarreal,Mallorca,1801.84,1605.73,4.0,10.0,0.0,4.0,3.0,0.0,H,2.0,0.0,H,12.0,8.0,6.0,2.0,13.0,12.0,10.0,6.0,1.0,2.0,0.0,1.0,1.4,4.73,8.05
SP1,2022-01-22,Sevilla,Celta,1844.97,1703.5,7.0,11.0,6.0,10.0,2.0,2.0,D,0.0,2.0,A,16.0,6.0,5.0,4.0,11.0,16.0,7.0,0.0,1.0,4.0,0.0,0.0,1.77,3.59,4.95
SP1,2022-01-22,Ath Madrid,Valencia,1841.29,1707.48,4.0,4.0,1.0,7.0,3.0,2.0,H,0.0,2.0,A,16.0,7.0,6.0,3.0,13.0,22.0,5.0,4.0,5.0,6.0,0.0,0.0,1.47,4.27,7.5
SP1,2022-01-23,Granada,Osasuna,1677.64,1657.06,2.0,8.0,3.0,4.0,0.0,2.0,A,0.0,0.0,D,6.0,16.0,2.0,7.0,12.0,15.0,4.0,3.0,0.0,2.0,0.0,0.0,2.54,3.14,2.98
SP1,2022-01-23,Real Madrid,Elche,1946.27,1596.41,6.0,10.0,7.0,7.0,2.0,2.0,D,0.0,1.0,A,23.0,3.0,8.0,2.0,11.0,14.0,10.0,3.0,3.0,1.0,0.0,0.0,1.16,7.79,18.27
SP1,2022-01-23,Sociedad,Getafe,1742.33,1642.96,4.0,4.0,6.0,10.0,0.0,0.0,D,0.0,0.0,D,9.0,9.0,3.0,2.0,17.0,13.0,7.0,2.0,1.0,1.0,0.0,0.0,1.66,3.5,6.33
SP1,2022-01-23,Vallecano,Ath Bilbao,1656.14,1712.88,4.0,7.0,4.0,7.0,0.0,1.0,A,0.0,1.0,A,29.0,9.0,3.0,3.0,8.0,20.0,9.0,7.0,1.0,6.0,0.0,0.0,2.84,2.88,2.86
SP1,2022-01-23,Alaves,Barcelona,1601.15,1833.95,2.0,2.0,5.0,9.0,0.0,1.0,A,0.0,0.0,D,6.0,10.0,2.0,4.0,16.0,8.0,1.0,10.0,0.0,0.0,0.0,0.0,5.83,4.25,1.56
SP1,2022-02-04,Getafe,Levante,1657.62,1578.27,4.0,10.0,3.0,3.0,3.0,0.0,H,2.0,0.0,H,14.0,11.0,8.0,2.0,12.0,13.0,2.0,8.0,4.0,3.0,0.0,0.0,2.02,3.14,4.39
SP1,2022-02-05,Elche,Alaves,1616.28,1590.12,7.0,8.0,1.0,2.0,3.0,1.0,H,0.0,1.0,A,14.0,6.0,4.0,2.0,15.0,11.0,7.0,3.0,1.0,1.0,0.0,0.0,2.43,3.09,3.25
SP1,2022-02-05,Mallorca,Cadiz,1600.97,1581.02,0.0,1.0,4.0,5.0,2.0,1.0,H,1.0,1.0,D,17.0,12.0,5.0,5.0,14.0,15.0,6.0,4.0,2.0,4.0,0.0,0.0,1.83,3.39,4.93
SP1,2022-02-05,Celta,Vallecano,1716.18,1647.71,4.0,10.0,1.0,4.0,2.0,0.0,H,1.0,0.0,H,13.0,11.0,3.0,0.0,17.0,17.0,7.0,2.0,0.0,2.0,0.0,0.0,1.97,3.36,4.16
SP1,2022-02-05,Osasuna,Sevilla,1663.83,1837.72,6.0,6.0,5.0,9.0,0.0,0.0,D,0.0,0.0,D,9.0,9.0,3.0,4.0,13.0,7.0,1.0,1.0,1.0,1.0,0.0,0.0,3.51,3.15,2.26
SP1,2022-02-06,Valencia,Sociedad,1706.07,1738.23,1.0,4.0,5.0,5.0,0.0,0.0,D,0.0,0.0,D,14.0,8.0,3.0,2.0,17.0,14.0,9.0,9.0,4.0,2.0,0.0,0.0,2.86,3.27,2.57
SP1,2022-02-06,Barcelona,Ath Madrid,1837.85,1844.84,7.0,11.0,7.0,7.0,4.0,2.0,H,3.0,1.0,H,9.0,10.0,4.0,4.0,15.0,13.0,3.0,5.0,2.0,2.0,1.0,0.0,2.32,3.37,3.17
SP1,2022-02-06,Betis,Villarreal,1754.95,1794.91,7.0,7.0,4.0,10.0,0.0,2.0,A,0.0,1.0,A,9.0,9.0,3.0,3.0,19.0,14.0,6.0,6.0,2.0,3.0,0.0,0.0,2.39,3.57,2.87
SP1,2022-02-06,Real Madrid,Granada,1938.07,1652.74,4.0,8.0,1.0,5.0,1.0,0.0,H,0.0,0.0,D,24.0,7.0,11.0,3.0,9.0,11.0,9.0,2.0,2.0,1.0,0.0,0.0,1.25,6.26,11.55
SP1,2022-02-07,Ath Bilbao,Espanol,1721.31,1640.41,7.0,10.0,1.0,4.0,2.0,1.0,H,2.0,1.0,H,7.0,7.0,4.0,3.0,17.0,11.0,5.0,3.0,3.0,3.0,0.0,0.0,1.62,3.83,5.8
SP1,2022-02-11,Sevilla,Elche,1837.72,1616.28,3.0,9.0,7.0,11.0,2.0,0.0,H,0.0,0.0,D,14.0,7.0,6.0,1.0,13.0,14.0,5.0,4.0,1.0,5.0,0.0,0.0,1.45,4.25,8.47
SP1,2022-02-12,Cadiz,Celta,1581.02,1716.18,4.0,4.0,7.0,10.0,0.0,0.0,D,0.0,0.0,D,8.0,6.0,2.0,1.0,12.0,19.0,3.0,3.0,3.0,2.0,0.0,0.0,3.88,3.33,2.06
SP1,2022-02-12,Villarreal,Real Madrid,1794.91,1938.07,6.0,10.0,7.0,10.0,0.0,0.0,D,0.0,0.0,D,9.0,17.0,2.0,6.0,11.0,10.0,3.0,3.0,2.0,4.0,0.0,0.0,2.57,3.51,2.71
SP1,2022-02-12,Vallecano,Osasuna,1647.71,1663.83,1.0,4.0,4.0,7.0,0.0,3.0,A,0.0,2.0,A,10.0,12.0,3.0,5.0,11.0,16.0,4.0,5.0,2.0,1.0,0.0,0.0,2.2,3.17,3.64
SP1,2022-02-12,Ath Madrid,Getafe,1844.84,1657.62,4.0,7.0,7.0,10.0,4.0,3.0,H,3.0,3.0,D,11.0,10.0,7.0,4.0,18.0,17.0,5.0,4.0,3.0,4.0,1.0,0.0,1.44,4.22,8.85
SP1,2022-02-13,Alaves,Valencia,1590.12,1706.07,0.0,2.0,2.0,2.0,2.0,1.0,H,1.0,0.0,H,9.0,9.0,5.0,4.0,15.0,17.0,5.0,9.0,4.0,3.0,0.0,0.0,2.87,3.26,2.56
SP1,2022-02-13,Levante,Betis,1578.27,1754.95,3.0,3.0,6.0,7.0,2.0,4.0,A,1.0,3.0,A,12.0,19.0,4.0,11.0,13.0,8.0,5.0,7.0,1.0,2.0,1.0,0.0,3.38,3.74,2.08
SP1,2022-02-13,Sociedad,Granada,1738.23,1652.74,5.0,6.0,0.0,2.0,2.0,0.0,H,1.0,0.0,H,18.0,15.0,8.0,2.0,13.0,13.0,6.0,5.0,0.0,2.0,0.0,0.0,1.41,4.61,8.32
SP1,2022-02-13,Espanol,Barcelona,1640.41,1837.85,1.0,4.0,7.0,11.0,2.0,2.0,D,1.0,1.0,D,10.0,12.0,4.0,4.0,14.0,13.0,3.0,5.0,5.0,4.0,1.0,1.0,4.62,3.92,1.75
SP1,2022-02-14,Mallorca,Ath Bilbao,1600.97,1721.31,3.0,3.0,7.0,10.0,3.0,2.0,H,2.0,0.0,H,16.0,7.0,5.0,2.0,22.0,15.0,6.0,6.0,6.0,4.0,0.0,0.0,3.37,3.12,2.33
SP1,2022-02-16,Ath Madrid,Levante,1838.61,1562.83,6.0,10.0,0.0,3.0,0.0,1.0,A,0.0,0.0,D,10.0,8.0,1.0,5.0,9.0,19.0,5.0,3.0,3.0,4.0,0.0,0.0,1.33,5.15,10.11
SP1,2022-02-18,Elche,Vallecano,1621.05,1624.84,4.0,10.0,0.0,1.0,2.0,1.0,H,0.0,0.0,D,9.0,13.0,5.0,2.0,18.0,15.0,2.0,3.0,2.0,4.0,0.0,0.0,3.1,2.9,2.68
SP1,2022-02-19,Granada,Villarreal,1644.93,1809.0,0.0,1.0,7.0,8.0,1.0,4.0,A,0.0,2.0,A,20.0,15.0,5.0,7.0,15.0,10.0,9.0,2.0,3.0,6.0,0.0,0.0,4.08,3.49,1.96
SP1,2022-02-19,Osasuna,Ath Madrid,1682.97,1838.61,7.0,10.0,3.0,7.0,0.0,3.0,A,0.0,1.0,A,14.0,5.0,4.0,4.0,12.0,19.0,4.0,2.0,1.0,2.0,0.0,0.0,3.74,3.3,2.11
SP1,2022-02-19,Cadiz,Getafe,1577.38,1662.7,4.0,5.0,4.0,7.0,1.0,1.0,D,1.0,1.0,D,9.0,6.0,2.0,1.0,17.0,11.0,7.0,2.0,3.0,4.0,0.0,0.0,3.19,2.94,2.56
SP1,2022-02-19,Real Madrid,Alaves,1937.75,1591.37,5.0,8.0,3.0,4.0,3.0,0.0,H,0.0,0.0,D,22.0,7.0,9.0,2.0,6.0,11.0,7.0,1.0,1.0,1.0,0.0,0.0,1.22,6.55,14.19
SP1,2022-02-20,Espanol,Sevilla,1639.8,1838.11,1.0,2.0,5.0,9.0,1.0,1.0,D,0.0,1.0,A,11.0,7.0,4.0,2.0,14.0,14.0,3.0,7.0,4.0,5.0,0.0,1.0,3.52,3.25,2.22
SP1,2022-02-20,Valencia,Barcelona,1695.62,1843.15,1.0,2.0,7.0,11.0,1.0,4.0,A,0.0,3.0,A,11.0,6.0,5.0,6.0,22.0,16.0,8.0,3.0,3.0,4.0,0.0,0.0,3.66,3.69,2.0
SP1,2022-02-20,Betis,Mallorca,1750.04,1616.61,6.0,10.0,6.0,6.0,2.0,1.0,H,1.0,0.0,H,14.0,10.0,5.0,1.0,13.0,17.0,4.0,7.0,3.0,2.0,0.0,0.0,1.58,4.12,5.97
SP1,2022-02-20,Ath Bilbao,Sociedad,1716.24,1745.44,6.0,10.0,5.0,9.0,4.0,0.0,H,0.0,0.0,D,18.0,9.0,8.0,2.0,9.0,9.0,6.0,4.0,4.0,1.0,0.0,0.0,2.47,2.93,3.36
SP1,2022-02-21,Celta,Levante,1720.67,1562.83,5.0,8.0,3.0,6.0,1.0,1.0,D,0.0,0.0,D,8.0,13.0,4.0,3.0,15.0,16.0,2.0,5.0,3.0,5.0,0.0,0.0,1.63,4.11,5.33
SP1,2022-02-25,Levante,Elche,1562.83,1621.05,4.0,4.0,6.0,10.0,3.0,0.0,H,1.0,0.0,H,11.0,8.0,4.0,3.0,17.0,8.0,3.0,3.0,1.0,2.0,0.0,1.0,2.08,3.32,3.87
SP1,2022-02-26,Mallorca,Valencia,1616.61,1695.62,6.0,6.0,1.0,2.0,0.0,1.0,A,0.0,1.0,A,23.0,8.0,3.0,4.0,14.0,21.0,14.0,1.0,4.0,6.0,0.0,1.0,2.47,3.17,3.11
SP1,2022-02-26,Getafe,Alaves,1662.7,1591.37,4.0,8.0,3.0,3.0,2.0,2.0,D,0.0,1.0,A,12.0,7.0,3.0,3.0,7.0,24.0,6.0,1.0,2.0,4.0,1.0,0.0,1.95,3.11,4.76
SP1,2022-02-26,Vallecano,Real Madrid,1624.84,1937.75,0.0,1.0,7.0,11.0,0.0,1.0,A,0.0,0.0,D,19.0,13.0,5.0,6.0,20.0,5.0,5.0,9.0,5.0,3.0,0.0,0.0,5.07,4.05,1.67
SP1,2022-02-26,Ath Madrid,Celta,1838.61,1720.67,6.0,9.0,5.0,9.0,2.0,0.0,H,1.0,0.0,H,13.0,16.0,6.0,2.0,10.0,7.0,5.0,9.0,4.0,3.0,0.0,0.0,1.63,3.87,5.83
SP1,2022-02-27,Villarreal,Espanol,1809.0,1639.8,7.0,10.0,2.0,3.0,5.0,1.0,H,3.0,0.0,H,19.0,7.0,11.0,2.0,11.0,12.0,10.0,3.0,2.0,1.0,0.0,0.0,1.49,4.4,6.91
SP1,2022-02-27,Sevilla,Betis,1838.11,1750.04,5.0,7.0,6.0,12.0,2.0,1.0,H,2.0,0.0,H,12.0,10.0,3.0,2.0,13.0,16.0,4.0,4.0,6.0,3.0,0.0,0.0,2.22,3.2,3.58
SP1,2022-02-27,Sociedad,Osasuna,1745.44,1682.97,4.0,8.0,4.0,7.0,1.0,0.0,H,0.0,0.0,D,11.0,11.0,5.0,1.0,10.0,9.0,6.0,5.0,0.0,4.0,0.0,0.0,1.89,3.33,4.69
SP1,2022-02-27,Barcelona,Ath Bilbao,1843.15,1716.24,7.0,11.0,6.0,10.0,4.0,0.0,H,1.0,0.0,H,17.0,6.0,7.0,3.0,8.0,10.0,5.0,0.0,2.0,1.0,0.0,0.0,1.59,4.12,5.87
SP1,2022-02-28,Granada,Cadiz,1644.93,1577.38,0.0,0.0,2.0,6.0,0.0,0.0,D,0.0,0.0,D,6.0,12.0,1.0,4.0,12.0,17.0,0.0,4.0,3.0,3.0,1.0,0.0,2.01,3.33,4.04
SP1,2022-03-02,Mallorca,Sociedad,1606.19,1725.05,3.0,6.0,6.0,8.0,0.0,2.0,A,0.0,1.0,A,13.0,13.0,1.0,3.0,12.0,9.0,3.0,4.0,0.0,2.0,0.0,0.0,3.47,3.21,2.25
SP1,2022-03-04,Alaves,Sevilla,1593.78,1843.27,4.0,4.0,7.0,9.0,0.0,0.0,D,0.0,0.0,D,14.0,13.0,2.0,4.0,16.0,8.0,5.0,5.0,3.0,1.0,0.0,0.0,4.48,3.13,2.01
SP1,2022-03-05,Osasuna,Villarreal,1667.78,1823.07,3.0,7.0,7.0,13.0,1.0,0.0,H,0.0,0.0,D,12.0,10.0,3.0,1.0,12.0,6.0,6.0,8.0,1.0,0.0,0.0,0.0,3.65,3.41,2.11
SP1,2022-03-05,Espanol,Getafe,1638.49,1659.08,2.0,2.0,2.0,6.0,2.0,0.0,H,2.0,0.0,H,4.0,12.0,1.0,3.0,17.0,15.0,1.0,5.0,6.0,5.0,0.0,0.0,2.24,3.09,3.66
SP1,2022-03-05,Valencia,Granada,1694.15,1632.97,3.0,4.0,1.0,1.0,3.0,1.0,H,0.0,0.0,D,12.0,7.0,4.0,0.0,14.0,13.0,3.0,6.0,3.0,3.0,0.0,0.0,1.79,3.69,4.61
SP1,2022-03-05,Real Madrid,Sociedad,1939.3,1725.05,7.0,11.0,6.0,10.0,4.0,1.0,H,2.0,1.0,H,18.0,1.0,8.0,1.0,12.0,14.0,7.0,1.0,0.0,2.0,0.0,0.0,1.62,4.13,5.42
SP1,2022-03-06,Cadiz,Vallecano,1582.13,1616.29,3.0,6.0,0.0,0.0,2.0,0.0,H,0.0,0.0,D,13.0,14.0,7.0,3.0,23.0,15.0,5.0,6.0,5.0,3.0,0.0,0.0,2.81,3.03,2.79
SP1,2022-03-06,Elche,Barcelona,1615.3,1872.57,3.0,7.0,7.0,13.0,1.0,2.0,A,1.0,0.0,H,13.0,20.0,3.0,9.0,10.0,8.0,5.0,6.0,2.0,6.0,1.0,0.0,7.64,4.73,1.42
SP1,2022-03-06,Celta,Mallorca,1710.64,1606.19,2.0,6.0,0.0,6.0,4.0,3.0,H,2.0,1.0,H,16.0,12.0,8.0,3.0,17.0,9.0,4.0,5.0,5.0,4.0,1.0,0.0,1.77,3.49,5.15
SP1,2022-03-06,Betis,Ath Madrid,1755.88,1838.24,6.0,9.0,6.0,9.0,1.0,3.0,A,1.0,1.0,D,18.0,8.0,6.0,6.0,16.0,10.0,10.0,3.0,5.0,3.0,0.0,0.0,3.08,3.29,2.4
SP1,2022-03-07,Ath Bilbao,Levante,1724.55,1597.45,3.0,9.0,7.0,7.0,3.0,1.0,H,0.0,0.0,D,17.0,5.0,9.0,2.0,6.0,14.0,4.0,3.0,1.0,2.0,0.0,0.0,1.56,4.15,6.04
SP1,2022-03-11,Ath Madrid,Cadiz,1838.24,1582.13,9.0,12.0,5.0,6.0,2.0,1.0,H,1.0,1.0,D,6.0,14.0,5.0,3.0,23.0,14.0,0.0,4.0,4.0,1.0,1.0,0.0,1.39,4.6,10.05
SP1,2022-03-12,Levante,Espanol,1597.45,1638.49,4.0,7.0,4.0,5.0,1.0,1.0,D,0.0,0.0,D,14.0,6.0,3.0,1.0,17.0,10.0,8.0,2.0,4.0,4.0,0.0,0.0,2.31,3.45,3.13
SP1,2022-03-12,Granada,Elche,1632.97,1615.3,1.0,1.0,3.0,6.0,0.0,1.0,A,0.0,1.0,A,15.0,13.0,4.0,2.0,15.0,16.0,3.0,3.0,3.0,6.0,0.0,0.0,2.29,3.2,3.38
SP1,2022-03-12,Villarreal,Celta,1823.07,1710.64,6.0,10.0,4.0,8.0,1.0,0.0,H,0.0,0.0,D,10.0,12.0,3.0,2.0,12.0,14.0,5.0,6.0,1.0,1.0,0.0,0.0,1.67,4.1,5.02
SP1,2022-03-12,Getafe,Valencia,1659.08,1694.15,2.0,5.0,6.0,7.0,0.0,0.0,D,0.0,0.0,D,16.0,6.0,6.0,0.0,18.0,21.0,5.0,3.0,6.0,5.0,0.0,0.0,2.37,3.14,3.3
SP1,2022-03-13,Vallecano,Sevilla,1616.29,1843.27,0.0,0.0,5.0,9.0,1.0,1.0,D,0.0,0.0,D,10.0,3.0,2.0,2.0,16.0,15.0,5.0,6.0,0.0,1.0,0.0,0.0,3.34,3.17,2.33
SP1,2022-03-13,Betis,Ath Bilbao,1755.88,1724.55,3.0,6.0,6.0,9.0,1.0,0.0,H,1.0,0.0,H,8.0,11.0,5.0,2.0,17.0,12.0,5.0,6.0,4.0,5.0,1.0,0.0,2.37,3.28,3.17
SP1,2022-03-13,Sociedad,Alaves,1725.05,1593.78,6.0,9.0,2.0,5.0,1.0,0.0,H,0.0,0.0,D,15.0,13.0,6.0,4.0,15.0,12.0,6.0,4.0,1.0,1.0,0.0,0.0,1.51,4.18,6.98
SP1,2022-03-13,Barcelona,Osasuna,1872.57,1667.78,9.0,13.0,3.0,7.0,4.0,0.0,H,3.0,0.0,H,24.0,4.0,9.0,3.0,7.0,4.0,5.0,1.0,0.0,4.0,0.0,0.0,1.34,5.2,9.51
SP1,2022-03-14,Mallorca,Real Madrid,1606.19,1939.3,0.0,3.0,9.0,13.0,0.0,3.0,A,0.0,0.0,D,14.0,11.0,3.0,5.0,13.0,15.0,1.0,6.0,3.0,3.0,0.0,0.0,5.78,4.28,1.56
SP1,2022-03-18,Ath Bilbao,Getafe,1725.67,1650.81,3.0,6.0,2.0,3.0,1.0,1.0,D,1.0,1.0,D,22.0,7.0,11.0,2.0,15.0,13.0,8.0,2.0,4.0,5.0,0.0,2.0,1.76,3.28,6.0
SP1,2022-03-19,Alaves,Granada,1597.18,1617.91,2.0,5.0,1.0,1.0,2.0,3.0,A,0.0,0.0,D,11.0,12.0,6.0,3.0,12.0,10.0,6.0,2.0,4.0,6.0,0.0,1.0,2.06,3.31,3.92
SP1,2022-03-19,Elche,Valencia,1623.97,1703.67,3.0,6.0,7.0,7.0,0.0,1.0,A,0.0,0.0,D,8.0,8.0,2.0,3.0,19.0,14.0,4.0,2.0,3.0,3.0,1.0,0.0,2.72,3.18,2.77
SP1,2022-03-19,Osasuna,Levante,1675.18,1594.08,3.0,6.0,4.0,8.0,3.0,1.0,H,1.0,0.0,H,20.0,13.0,7.0,4.0,9.0,17.0,6.0,1.0,0.0,1.0,0.0,0.0,1.92,3.51,4.23
SP1,2022-03-19,Vallecano,Ath Madrid,1612.6,1852.8,1.0,1.0,9.0,12.0,0.0,1.0,A,0.0,0.0,D,15.0,11.0,3.0,3.0,15.0,12.0,3.0,6.0,0.0,0.0,0.0,1.0,3.94,3.31,2.05
SP1,2022-03-20,Espanol,Mallorca,1650.83,1591.07,4.0,6.0,0.0,0.0,1.0,0.0,H,1.0,0.0,H,12.0,9.0,3.0,3.0,14.0,12.0,6.0,6.0,3.0,3.0,0.0,0.0,2.1,3.43,3.63
SP1,2022-03-20,Cadiz,Villarreal,1592.66,1818.8,4.0,6.0,6.0,10.0,1.0,0.0,H,0.0,0.0,D,16.0,3.0,7.0,1.0,11.0,11.0,6.0,3.0,3.0,2.0,0.0,0.0,4.7,3.6,1.81
SP1,2022-03-20,Celta,Betis,1712.59,1745.61,3.0,5.0,3.0,9.0,0.0,0.0,D,0.0,0.0,D,9.0,7.0,3.0,1.0,12.0,12.0,2.0,2.0,1.0,2.0,0.0,0.0,2.23,3.41,3.3
SP1,2022-03-20,Sevilla,Sociedad,1839.45,1735.95,5.0,9.0,6.0,9.0,0.0,0.0,D,0.0,0.0,D,10.0,13.0,0.0,2.0,12.0,13.0,7.0,3.0,0.0,3.0,0.0,0.0,2.11,3.25,3.87
SP1,2022-03-20,Real Madrid,Barcelona,1962.37,1881.58,9.0,13.0,9.0,13.0,0.0,4.0,A,0.0,2.0,A,14.0,18.0,4.0,10.0,9.0,12.0,4.0,3.0,4.0,4.0,0.0,0.0,2.15,3.66,3.29
SP1,2022-04-02,Getafe,Mallorca,1660.22,1591.61,2.0,4.0,0.0,0.0,1.0,0.0,H,0.0,0.0,D,16.0,7.0,3.0,1.0,15.0,22.0,5.0,1.0,5.0,6.0,0.0,1.0,2.18,3.03,3.98
SP1,2022-04-02,Levante,Villarreal,1593.35,1831.94,1.0,5.0,3.0,9.0,2.0,0.0,H,0.0,0.0,D,13.0,13.0,4.0,2.0,16.0,13.0,1.0,8.0,4.0,2.0,0.0,0.0,3.7,3.73,1.98
SP1,2022-04-02,Celta,Real Madrid,1716.99,1944.33,4.0,5.0,6.0,12.0,1.0,2.0,A,0.0,1.0,A,10.0,12.0,4.0,6.0,16.0,12.0,9.0,3.0,3.0,0.0,0.0,0.0,4.05,3.67,1.92
SP1,2022-04-02,Ath Madrid,Alaves,1875.27,1593.22,9.0,15.0,1.0,2.0,4.0,1.0,H,1.0,0.0,H,14.0,7.0,8.0,1.0,10.0,13.0,8.0,2.0,1.0,0.0,0.0,0.0,1.37,4.76,9.77
SP1,2022-04-03,Ath Bilbao,Elche,1727.25,1621.73,4.0,7.0,3.0,6.0,2.0,1.0,H,1.0,0.0,H,16.0,6.0,6.0,2.0,14.0,16.0,7.0,4.0,2.0,4.0,0.0,0.0,1.48,4.35,7.38
SP1,2022-04-03,Betis,Osasuna,1749.24,1686.91,4.0,7.0,6.0,6.0,4.0,1.0,H,2.0,0.0,H,24.0,10.0,8.0,3.0,11.0,5.0,11.0,7.0,1.0,3.0,0.0,0.0,1.98,3.44,4.05
SP1,2022-04-03,Granada,Vallecano,1632.86,1614.3,3.0,4.0,1.0,1.0,2.0,2.0,D,0.0,2.0,A,17.0,10.0,9.0,4.0,14.0,14.0,5.0,4.0,4.0,5.0,0.0,1.0,2.63,3.16,2.89
SP1,2022-04-03,Valencia,Cadiz,1716.91,1610.68,7.0,10.0,6.0,8.0,0.0,0.0,D,0.0,0.0,D,5.0,4.0,1.0,3.0,11.0,18.0,4.0,3.0,3.0,6.0,0.0,1.0,1.9,3.36,4.59
SP1,2022-04-03,Barcelona,Sevilla,1912.94,1825.78,9.0,15.0,3.0,7.0,1.0,0.0,H,0.0,0.0,D,19.0,8.0,6.0,3.0,12.0,8.0,9.0,2.0,3.0,3.0,0.0,0.0,1.48,4.5,7.02
SP1,2022-04-04,Sociedad,Espanol,1745.67,1661.28,4.0,10.0,7.0,8.0,1.0,0.0,H,0.0,0.0,D,17.0,8.0,6.0,2.0,17.0,13.0,6.0,0.0,2.0,4.0,0.0,0.0,1.61,4.04,5.83
SP1,2022-04-08,Sevilla,Granada,1825.78,1632.86,2.0,6.0,4.0,5.0,4.0,2.0,H,1.0,1.0,D,16.0,15.0,8.0,5.0,7.0,7.0,14.0,3.0,2.0,2.0,0.0,0.0,1.48,4.26,7.74
SP1,2022-04-09,Cadiz,Betis,1610.68,1749.24,4.0,8.0,7.0,7.0,1.0,2.0,A,0.0,0.0,D,10.0,10.0,4.0,3.0,18.0,10.0,8.0,4.0,1.0,2.0,0.0,0.0,3.38,3.23,2.29
SP1,2022-04-09,Mallorca,Ath Madrid,1591.61,1875.27,0.0,0.0,9.0,15.0,1.0,0.0,H,0.0,0.0,D,10.0,9.0,3.0,1.0,14.0,11.0,1.0,6.0,1.0,4.0,0.0,0.0,4.33,3.35,1.95
SP1,2022-04-09,Villarreal,Ath Bilbao,1831.94,1727.25,3.0,6.0,4.0,7.0,1.0,1.0,D,0.0,1.0,A,11.0,12.0,5.0,6.0,17.0,15.0,7.0,2.0,2.0,3.0,0.0,0.0,2.33,3.35,3.2
SP1,2022-04-09,Real Madrid,Getafe,1944.33,1660.22,6.0,12.0,5.0,6.0,2.0,0.0,H,1.0,0.0,H,26.0,8.0,8.0,0.0,13.0,11.0,10.0,2.0,2.0,2.0,0.0,0.0,1.41,4.57,8.73
SP1,2022-04-10,Osasuna,Alaves,1686.91,1593.22,3.0,6.0,0.0,2.0,1.0,0.0,H,0.0,0.0,D,15.0,8.0,4.0,2.0,12.0,6.0,7.0,3.0,3.0,1.0,0.0,0.0,1.97,3.32,4.34
SP1,2022-04-10,Espanol,Celta,1661.28,1716.99,4.0,7.0,1.0,4.0,1.0,0.0,H,0.0,0.0,D,11.0,10.0,2.0,5.0,12.0,21.0,2.0,3.0,4.0,1.0,0.0,0.0,2.81,3.14,2.73
SP1,2022-04-10,Elche,Sociedad,1621.73,1745.67,3.0,3.0,7.0,10.0,1.0,2.0,A,1.0,2.0,A,10.0,17.0,1.0,6.0,15.0,12.0,8.0,9.0,3.0,3.0,0.0,0.0,3.86,3.44,2.03
SP1,2022-04-10,Levante,Barcelona,1593.35,1912.94,4.0,7.0,9.0,15.0,2.0,3.0,A,0.0,0.0,D,11.0,14.0,6.0,7.0,8.0,7.0,4.0,3.0,1.0,1.0,0.0,0.0,6.6,4.97,1.45
SP1,2022-04-11,Vallecano,Valencia,1614.3,1716.91,2.0,2.0,5.0,11.0,1.0,1.0,D,0.0,0.0,D,11.0,6.0,4.0,2.0,13.0,17.0,5.0,4.0,3.0,4.0,0.0,0.0,2.25,3.27,3.4
SP1,2022-04-15,Sociedad,Betis,1757.85,1764.96,7.0,10.0,7.0,10.0,0.0,0.0,D,0.0,0.0,D,9.0,9.0,2.0,2.0,17.0,7.0,8.0,1.0,4.0,4.0,1.0,0.0,2.14,3.48,3.48
SP1,2022-04-16,Elche,Mallorca,1612.25,1601.51,0.0,3.0,3.0,3.0,3.0,0.0,H,1.0,0.0,H,6.0,13.0,2.0,2.0,17.0,13.0,2.0,1.0,2.0,3.0,0.0,0.0,2.68,3.05,2.92
SP1,2022-04-16,Alaves,Vallecano,1587.29,1618.61,0.0,1.0,2.0,3.0,1.0,0.0,H,0.0,0.0,D,11.0,20.0,5.0,3.0,10.0,9.0,2.0,12.0,2.0,3.0,0.0,1.0,2.71,3.13,2.81
SP1,2022-04-16,Valencia,Osasuna,1712.76,1684.0,5.0,9.0,6.0,9.0,1.0,2.0,A,0.0,0.0,D,11.0,9.0,4.0,3.0,11.0,22.0,9.0,5.0,1.0,2.0,0.0,0.0,2.15,3.25,3.7
SP1,2022-04-16,Getafe,Villarreal,1664.11,1829.09,4.0,5.0,1.0,4.0,1.0,2.0,A,0.0,2.0,A,12.0,11.0,5.0,6.0,17.0,6.0,6.0,6.0,2.0,0.0,0.0,0.0,3.1,3.11,2.51
SP1,2022-04-17,Granada,Levante,1627.81,1608.91,4.0,4.0,3.0,4.0,1.0,4.0,A,0.0,1.0,A,16.0,17.0,4.0,8.0,10.0,9.0,13.0,2.0,5.0,2.0,1.0,0.0,2.36,3.55,2.96
SP1,2022-04-17,Ath Madrid,Espanol,1861.13,1665.74,6.0,12.0,6.0,10.0,2.0,1.0,H,0.0,0.0,D,10.0,11.0,3.0,5.0,18.0,12.0,6.0,3.0,5.0,5.0,1.0,0.0,1.43,4.5,8.03
SP1,2022-04-17,Ath Bilbao,Celta,1736.71,1706.23,5.0,8.0,1.0,4.0,0.0,2.0,A,0.0,2.0,A,10.0,6.0,2.0,4.0,13.0,15.0,5.0,4.0,2.0,2.0,0.0,0.0,1.83,3.57,4.59
SP1,2022-04-17,Sevilla,Real Madrid,1826.36,1961.07,4.0,6.0,6.0,12.0,2.0,3.0,A,2.0,0.0,H,7.0,15.0,2.0,6.0,11.0,9.0,0.0,3.0,3.0,4.0,0.0,0.0,2.97,3.35,2.44
SP1,2022-04-18,Barcelona,Cadiz,1902.89,1610.37,9.0,15.0,4.0,7.0,0.0,1.0,A,0.0,0.0,D,18.0,6.0,6.0,4.0,16.0,9.0,8.0,1.0,4.0,1.0,0.0,0.0,1.22,6.63,13.92
SP1,2022-04-19,Mallorca,Alaves,1601.51,1587.29,3.0,3.0,3.0,3.0,2.0,1.0,H,2.0,0.0,H,5.0,12.0,3.0,4.0,25.0,15.0,0.0,6.0,2.0,6.0,0.0,0.0,2.0,3.24,4.34
SP1,2022-04-19,Betis,Elche,1764.96,1612.25,7.0,11.0,3.0,6.0,0.0,1.0,A,0.0,0.0,D,18.0,9.0,3.0,1.0,9.0,14.0,2.0,3.0,2.0,3.0,1.0,0.0,1.55,4.24,6.36
SP1,2022-04-19,Villarreal,Valencia,1829.09,1712.76,4.0,7.0,2.0,6.0,2.0,0.0,H,2.0,0.0,H,12.0,5.0,5.0,1.0,14.0,12.0,3.0,2.0,2.0,3.0,0.0,0.0,1.46,4.69,7.11
SP1,2022-04-20,Ath Madrid,Granada,1861.13,1627.81,6.0,12.0,1.0,4.0,0.0,0.0,D,0.0,0.0,D,22.0,7.0,1.0,2.0,9.0,12.0,11.0,1.0,4.0,5.0,0.0,0.0,1.3,5.43,10.75
SP1,2022-04-20,Celta,Getafe,1706.23,1664.11,3.0,4.0,3.0,5.0,0.0,2.0,A,0.0,1.0,A,9.0,6.0,2.0,3.0,13.0,13.0,2.0,1.0,2.0,5.0,0.0,0.0,2.21,3.07,3.77
SP1,2022-04-20,Osasuna,Real Madrid,1684.0,1961.07,6.0,9.0,9.0,12.0,1.0,3.0,A,1.0,2.0,A,12.0,23.0,3.0,11.0,13.0,7.0,3.0,4.0,1.0,3.0,0.0,0.0,5.31,3.84,1.68
SP1,2022-04-21,Espanol,Vallecano,1665.74,1618.61,3.0,7.0,2.0,3.0,0.0,1.0,A,0.0,1.0,A,6.0,13.0,2.0,2.0,14.0,18.0,3.0,10.0,4.0,4.0,0.0,0.0,2.46,3.16,3.12
SP1,2022-04-21,Levante,Sevilla,1608.91,1826.36,6.0,7.0,3.0,5.0,2.0,3.0,A,1.0,2.0,A,15.0,13.0,6.0,6.0,9.0,12.0,10.0,4.0,1.0,5.0,0.0,0.0,3.5,3.48,2.13
SP1,2022-04-21,Cadiz,Ath Bilbao,1610.37,1736.71,4.0,7.0,4.0,5.0,2.0,3.0,A,0.0,3.0,A,27.0,9.0,8.0,7.0,9.0,15.0,4.0,1.0,3.0,5.0,0.0,1.0,3.44,3.13,2.3
SP1,2022-04-21,Sociedad,Barcelona,1757.85,1902.89,7.0,11.0,6.0,12.0,0.0,1.0,A,0.0,1.0,A,8.0,11.0,5.0,1.0,12.0,9.0,5.0,3.0,1.0,2.0,0.0,0.0,3.38,3.61,2.14
SP1,2022-04-24,Barcelona,Vallecano,1902.89,1618.61,6.0,12.0,4.0,5.0,0.0,1.0,A,0.0,1.0,A,18.0,3.0,5.0,1.0,10.0,1.0,9.0,1.0,4.0,6.0,0.0,0.0,1.3,5.66,10.03
SP1,2022-04-29,Sevilla,Cadiz,1826.36,1610.37,6.0,7.0,3.0,7.0,1.0,1.0,D,1.0,0.0,H,11.0,10.0,6.0,4.0,15.0,11.0,5.0,6.0,2.0,2.0,0.0,0.0,1.65,3.71,6.11
SP1,2022-04-30,Alaves,Villarreal,1587.29,1829.09,3.0,3.0,7.0,7.0,2.0,1.0,H,2.0,0.0,H,11.0,16.0,5.0,6.0,14.0,5.0,5.0,8.0,5.0,2.0,0.0,0.0,3.47,3.41,2.16
SP1,2022-04-30,Real Madrid,Espanol,1961.07,1665.74,9.0,12.0,3.0,6.0,4.0,0.0,H,2.0,0.0,H,11.0,20.0,5.0,6.0,11.0,6.0,6.0,8.0,2.0,0.0,0.0,0.0,1.51,4.45,6.53
SP1,2022-04-30,Valencia,Levante,1712.76,1608.91,1.0,5.0,3.0,6.0,1.0,1.0,D,1.0,0.0,H,6.0,24.0,1.0,6.0,11.0,21.0,1.0,7.0,4.0,3.0,1.0,0.0,2.28,3.51,3.11
SP1,2022-04-30,Ath Bilbao,Ath Madrid,1736.71,1861.13,4.0,8.0,4.0,10.0,2.0,0.0,H,1.0,0.0,H,11.0,9.0,4.0,3.0,18.0,15.0,5.0,3.0,3.0,3.0,0.0,0.0,3.03,3.08,2.57
SP1,2022-05-01,Elche,Osasuna,1634.12,1688.29,6.0,6.0,6.0,9.0,1.0,1.0,D,0.0,0.0,D,11.0,9.0,4.0,3.0,13.0,18.0,7.0,4.0,4.0,2.0,0.0,0.0,2.82,3.18,2.68
SP1,2022-05-01,Granada,Celta,1615.7,1703.47,1.0,5.0,3.0,4.0,1.0,1.0,D,0.0,0.0,D,15.0,13.0,6.0,6.0,11.0,13.0,5.0,4.0,1.0,3.0,0.0,0.0,2.82,3.25,2.63
SP1,2022-05-01,Vallecano,Sociedad,1636.6,1747.93,6.0,8.0,4.0,8.0,1.0,1.0,D,0.0,1.0,A,13.0,8.0,7.0,3.0,15.0,7.0,8.0,5.0,2.0,1.0,0.0,0.0,3.21,3.19,2.38
SP1,2022-05-01,Barcelona,Mallorca,1876.42,1596.07,3.0,9.0,6.0,6.0,2.0,1.0,H,1.0,0.0,H,17.0,6.0,5.0,2.0,13.0,12.0,5.0,2.0,2.0,3.0,0.0,0.0,1.32,5.6,9.33
SP1,2022-05-02,Getafe,Betis,1673.16,1752.07,3.0,7.0,4.0,8.0,0.0,0.0,D,0.0,0.0,D,13.0,9.0,2.0,4.0,13.0,13.0,2.0,4.0,1.0,1.0,0.0,0.0,2.78,3.13,2.73
SP1,2022-05-06,Levante,Sociedad,1623.98,1747.93,4.0,7.0,2.0,8.0,2.0,1.0,H,0.0,0.0,D,16.0,21.0,7.0,6.0,10.0,11.0,7.0,6.0,2.0,3.0,0.0,0.0,3.4,3.52,2.16
SP1,2022-05-07,Mallorca,Granada,1596.07,1615.7,3.0,6.0,2.0,3.0,2.0,6.0,A,1.0,1.0,D,18.0,14.0,8.0,7.0,11.0,13.0,5.0,5.0,3.0,2.0,0.0,0.0,2.02,3.39,3.99
SP1,2022-05-07,Ath Bilbao,Valencia,1741.23,1691.73,6.0,10.0,1.0,3.0,0.0,0.0,D,0.0,0.0,D,10.0,4.0,5.0,1.0,13.0,22.0,4.0,2.0,4.0,4.0,0.0,1.0,1.56,4.11,6.23
SP1,2022-05-07,Cadiz,Elche,1623.57,1634.12,4.0,5.0,7.0,7.0,3.0,0.0,H,0.0,0.0,D,17.0,4.0,7.0,2.0,18.0,13.0,8.0,1.0,1.0,0.0,0.0,1.0,1.75,3.66,5.03
SP1,2022-05-07,Celta,Alaves,1703.47,1598.93,4.0,4.0,6.0,6.0,4.0,0.0,H,2.0,0.0,H,15.0,3.0,7.0,1.0,7.0,7.0,7.0,1.0,1.0,3.0,0.0,1.0,1.91,3.43,4.38
SP1,2022-05-07,Betis,Barcelona,1752.07,1876.42,2.0,8.0,6.0,9.0,1.0,2.0,A,0.0,0.0,D,14.0,11.0,5.0,5.0,16.0,18.0,4.0,8.0,1.0,2.0,0.0,0.0,3.09,3.76,2.21
SP1,2022-05-08,Getafe,Vallecano,1673.16,1636.6,4.0,7.0,7.0,8.0,0.0,0.0,D,0.0,0.0,D,12.0,12.0,6.0,1.0,20.0,14.0,4.0,5.0,3.0,4.0,0.0,0.0,2.11,3.07,4.13
SP1,2022-05-08,Villarreal,Sevilla,1822.89,1816.58,6.0,7.0,4.0,7.0,1.0,1.0,D,0.0,0.0,D,14.0,7.0,6.0,2.0,14.0,15.0,4.0,2.0,3.0,0.0,0.0,0.0,2.35,3.31,3.16
SP1,2022-05-08,Espanol,Osasuna,1647.87,1688.29,0.0,3.0,4.0,7.0,1.0,1.0,D,0.0,1.0,A,12.0,12.0,3.0,5.0,6.0,15.0,6.0,6.0,1.0,3.0,0.0,0.0,2.36,3.29,3.17
SP1,2022-05-08,Ath Madrid,Real Madrid,1840.79,1970.73,4.0,7.0,9.0,15.0,1.0,0.0,H,1.0,0.0,H,16.0,15.0,2.0,6.0,17.0,7.0,4.0,6.0,2.0,4.0,0.0,0.0,2.09,3.54,3.56
SP1,2022-05-10,Valencia,Betis,1691.73,1752.07,2.0,3.0,1.0,5.0,0.0,3.0,A,0.0,0.0,D,19.0,9.0,5.0,5.0,17.0,11.0,7.0,3.0,1.0,3.0,0.0,0.0,3.23,3.39,2.3
SP1,2022-05-10,Granada,Ath Bilbao,1615.7,1741.23,5.0,5.0,7.0,8.0,1.0,0.0,H,1.0,0.0,H,12.0,8.0,2.0,1.0,20.0,11.0,2.0,7.0,4.0,2.0,0.0,1.0,3.29,3.39,2.28
SP1,2022-05-10,Barcelona,Celta,1876.42,1703.47,6.0,9.0,4.0,7.0,3.0,1.0,H,2.0,0.0,H,10.0,13.0,4.0,5.0,18.0,6.0,2.0,8.0,3.0,0.0,0.0,1.0,1.44,5.01,6.89
SP1,2022-05-11,Alaves,Espanol,1598.93,1647.87,3.0,6.0,1.0,4.0,2.0,1.0,H,1.0,1.0,D,27.0,5.0,9.0,3.0,11.0,15.0,12.0,3.0,3.0,3.0,0.0,1.0,2.15,3.49,3.45
SP1,2022-05-11,Osasuna,Getafe,1688.29,1673.16,2.0,8.0,5.0,5.0,1.0,1.0,D,1.0,1.0,D,12.0,6.0,1.0,0.0,10.0,17.0,7.0,2.0,2.0,4.0,0.0,1.0,2.66,2.96,3.05
SP1,2022-05-11,Sevilla,Mallorca,1816.58,1596.07,5.0,8.0,3.0,6.0,0.0,0.0,D,0.0,0.0,D,18.0,10.0,4.0,2.0,11.0,18.0,6.0,3.0,4.0,6.0,0.0,0.0,1.62,3.9,5.9
SP1,2022-05-11,Elche,Ath Madrid,1634.12,1840.79,4.0,7.0,4.0,7.0,0.0,2.0,A,0.0,1.0,A,9.0,11.0,0.0,6.0,16.0,7.0,6.0,3.0,2.0,2.0,0.0,0.0,5.69,3.74,1.67
SP1,2022-05-12,Sociedad,Cadiz,1747.93,1623.57,1.0,5.0,4.0,7.0,3.0,0.0,H,1.0,0.0,H,13.0,14.0,7.0,1.0,13.0,11.0,2.0,12.0,4.0,2.0,0.0,0.0,1.67,3.7,5.69
SP1,2022-05-12,Vallecano,Villarreal,1636.6,1822.89,5.0,8.0,4.0,8.0,1.0,5.0,A,1.0,4.0,A,17.0,11.0,3.0,8.0,13.0,10.0,9.0,3.0,5.0,2.0,0.0,0.0,4.44,3.75,1.81
SP1,2022-05-12,Real Madrid,Levante,1970.73,1623.98,6.0,12.0,4.0,7.0,6.0,0.0,H,4.0,0.0,H,27.0,16.0,16.0,1.0,8.0,6.0,6.0,6.0,2.0,1.0,0.0,0.0,1.5,4.94,5.67
SP1,2022-05-14,Espanol,Valencia,1647.87,1691.73,1.0,1.0,2.0,2.0,1.0,1.0,D,1.0,1.0,D,5.0,18.0,3.0,5.0,18.0,15.0,2.0,3.0,4.0,1.0,0.0,0.0,2.55,3.34,2.84
SP1,2022-05-15,Ath Bilbao,Osasuna,1733.1,1691.23,4.0,7.0,3.0,6.0,2.0,0.0,H,1.0,0.0,H,14.0,8.0,8.0,1.0,6.0,14.0,10.0,6.0,0.0,0.0,0.0,0.0,1.55,4.18,6.23
SP1,2022-05-15,Ath Madrid,Sevilla,1861.1,1815.71,6.0,10.0,3.0,6.0,1.0,1.0,D,1.0,0.0,H,12.0,8.0,3.0,4.0,14.0,18.0,4.0,5.0,2.0,5.0,0.0,0.0,2.32,2.99,3.57
SP1,2022-05-15,Betis,Granada,1763.95,1648.16,4.0,5.0,7.0,8.0,2.0,0.0,H,1.0,0.0,H,11.0,14.0,4.0,4.0,11.0,17.0,4.0,9.0,0.0,1.0,0.0,0.0,1.51,4.41,6.5
SP1,2022-05-15,Cadiz,Real Madrid,1632.04,1983.23,4.0,7.0,6.0,12.0,1.0,1.0,D,1.0,1.0,D,21.0,16.0,7.0,7.0,13.0,11.0,10.0,2.0,7.0,2.0,0.0,0.0,3.3,3.39,2.24
SP1,2022-05-15,Celta,Elche,1711.04,1620.45,4.0,7.0,1.0,7.0,1.0,0.0,H,1.0,0.0,H,14.0,10.0,5.0,1.0,11.0,12.0,7.0,5.0,2.0,2.0,0.0,0.0,1.65,3.9,5.56
SP1,2022-05-15,Getafe,Barcelona,1677.23,1892.81,3.0,6.0,9.0,12.0,0.0,0.0,D,0.0,0.0,D,9.0,5.0,3.0,1.0,9.0,8.0,5.0,5.0,1.0,2.0,0.0,0.0,3.6,3.29,2.17
SP1,2022-05-15,Levante,Alaves,1634.99,1603.0,4.0,7.0,6.0,9.0,3.0,1.0,H,0.0,1.0,A,15.0,6.0,5.0,2.0,19.0,10.0,3.0,4.0,8.0,6.0,0.0,0.0,2.99,3.67,2.28
SP1,2022-05-15,Mallorca,Vallecano,1587.23,1634.7,1.0,4.0,2.0,8.0,2.0,1.0,H,1.0,0.0,H,12.0,11.0,5.0,4.0,13.0,8.0,5.0,3.0,1.0,0.0,0.0,0.0,1.62,3.82,6.04
SP1,2022-05-15,Villarreal,Sociedad,1833.38,1748.7,4.0,10.0,4.0,5.0,1.0,2.0,A,1.0,0.0,H,10.0,11.0,4.0,6.0,12.0,16.0,4.0,3.0,4.0,2.0,0.0,0.0,2.16,3.63,3.29
SP1,2022-05-20,Real Madrid,Betis,1983.23,1763.95,4.0,10.0,6.0,7.0,0.0,0.0,D,0.0,0.0,D,17.0,11.0,3.0,2.0,7.0,12.0,8.0,5.0,0.0,0.0,0.0,0.0,1.69,4.43,4.47
SP1,2022-05-20,Vallecano,Levante,1634.7,1634.99,1.0,5.0,6.0,7.0,2.0,4.0,A,1.0,3.0,A,19.0,14.0,8.0,7.0,8.0,12.0,7.0,3.0,0.0,3.0,0.0,0.0,1.89,3.97,3.85
SP1,2022-05-21,Valencia,Celta,1685.14,1711.04,2.0,3.0,6.0,7.0,2.0,0.0,H,1.0,0.0,H,10.0,9.0,3.0,3.0,22.0,19.0,3.0,3.0,3.0,3.0,0.0,0.0,2.77,3.31,2.63
SP1,2022-05-22,Elche,Getafe,1620.45,1677.23,0.0,4.0,3.0,7.0,3.0,1.0,H,1.0,1.0,D,19.0,7.0,9.0,2.0,11.0,9.0,8.0,3.0,2.0,2.0,0.0,0.0,3.12,2.92,2.63
SP1,2022-05-22,Alaves,Cadiz,1603.0,1632.04,3.0,6.0,4.0,5.0,0.0,1.0,A,0.0,0.0,D,9.0,13.0,2.0,6.0,11.0,13.0,4.0,4.0,0.0,1.0,0.0,0.0,4.2,3.71,1.87
SP1,2022-05-22,Granada,Espanol,1648.16,1642.81,6.0,8.0,2.0,2.0,0.0,0.0,D,0.0,0.0,D,15.0,10.0,5.0,5.0,9.0,12.0,7.0,3.0,1.0,0.0,0.0,0.0,1.45,4.66,7.08
SP1,2022-05-22,Osasuna,Mallorca,1691.23,1587.23,2.0,3.0,4.0,7.0,0.0,2.0,A,0.0,0.0,D,11.0,14.0,1.0,6.0,8.0,14.0,5.0,7.0,2.0,2.0,0.0,0.0,3.39,3.38,2.2
SP1,2022-05-22,Barcelona,Villarreal,1892.81,1833.38,7.0,10.0,4.0,7.0,0.0,2.0,A,0.0,1.0,A,14.0,4.0,3.0,3.0,12.0,7.0,12.0,1.0,3.0,1.0,0.0,0.0,2.12,3.94,3.15
SP1,2022-05-22,Sevilla,Ath Bilbao,1815.71,1733.1,3.0,7.0,4.0,10.0,1.0,0.0,H,0.0,0.0,D,13.0,9.0,3.0,1.0,13.0,12.0,5.0,0.0,3.0,3.0,0.0,0.0,2.52,3.29,2.91
SP1,2022-05-22,Sociedad,Ath Madrid,1748.7,1861.1,6.0,7.0,7.0,8.0,1.0,2.0,A,0.0,0.0,D,12.0,6.0,3.0,5.0,16.0,11.0,3.0,2.0,4.0,2.0,0.0,0.0,2.69,3.27,2.75
SP1,2022-08-12,Osasuna,Sevilla,1669.47,1826.56,1.0,3.0,5.0,7.0,2.0,1.0,H,1.0,1.0,D,12.0,10.0,5.0,3.0,16.0,9.0,5.0,2.0,5.0,3.0,0.0,0.0,3.28,3.08,2.43
SP1,2022-08-13,Celta,Espanol,1708.34,1647.61,3.0,7.0,2.0,3.0,2.0,2.0,D,1.0,0.0,H,8.0,10.0,3.0,2.0,17.0,15.0,3.0,3.0,5.0,2.0,0.0,0.0,1.83,3.68,4.5
SP1,2022-08-13,Valladolid,Villarreal,1646.44,1840.42,9.0,12.0,6.0,7.0,0.0,3.0,A,0.0,0.0,D,12.0,10.0,6.0,4.0,6.0,10.0,4.0,5.0,1.0,0.0,0.0,0.0,3.93,3.66,1.94
SP1,2022-08-13,Barcelona,Vallecano,1875.88,1616.94,4.0,10.0,0.0,2.0,0.0,0.0,D,0.0,0.0,D,21.0,4.0,6.0,2.0,16.0,14.0,8.0,0.0,3.0,6.0,1.0,0.0,1.21,6.79,14.2
SP1,2022-08-14,Cadiz,Sociedad,1650.63,1756.36,4.0,8.0,6.0,7.0,0.0,1.0,A,0.0,1.0,A,7.0,15.0,2.0,7.0,9.0,20.0,3.0,6.0,4.0,2.0,0.0,0.0,3.55,3.24,2.2
SP1,2022-08-14,Valencia,Girona,1698.47,1609.86,4.0,6.0,4.0,7.0,1.0,0.0,H,1.0,0.0,H,17.0,5.0,2.0,1.0,18.0,14.0,4.0,4.0,2.0,3.0,1.0,0.0,1.89,3.5,4.35
SP1,2022-08-14,Almeria,Real Madrid,1630.25,1983.04,5.0,11.0,5.0,8.0,1.0,2.0,A,1.0,0.0,H,10.0,29.0,6.0,15.0,11.0,4.0,2.0,15.0,3.0,1.0,0.0,0.0,7.17,4.91,1.42
SP1,2022-08-15,Ath Bilbao,Mallorca,1739.26,1615.09,3.0,7.0,7.0,7.0,0.0,0.0,D,0.0,0.0,D,23.0,6.0,6.0,2.0,13.0,12.0,7.0,2.0,0.0,6.0,0.0,0.0,1.6,3.83,6.23
SP1,2022-08-15,Getafe,Ath Madrid,1672.6,1868.53,2.0,4.0,7.0,10.0,0.0,3.0,A,0.0,1.0,A,10.0,12.0,0.0,5.0,14.0,19.0,3.0,6.0,2.0,1.0,0.0,0.0,4.79,3.19,1.92
SP1,2022-08-15,Betis,Elche,1778.93,1631.02,7.0,8.0,3.0,4.0,3.0,0.0,H,2.0,0.0,H,17.0,4.0,8.0,2.0,10.0,18.0,8.0,4.0,3.0,6.0,0.0,1.0,1.45,4.57,7.27
SP1,2022-08-19,Espanol,Vallecano,1650.83,1624.13,3.0,4.0,1.0,2.0,0.0,2.0,A,0.0,1.0,A,13.0,8.0,1.0,3.0,12.0,17.0,9.0,2.0,2.0,5.0,1.0,1.0,2.51,3.05,3.18
SP1,2022-08-19,Sevilla,Valladolid,1815.68,1638.47,4.0,6.0,6.0,12.0,1.0,1.0,D,0.0,0.0,D,18.0,6.0,2.0,3.0,20.0,10.0,12.0,2.0,3.0,2.0,1.0,1.0,1.53,4.17,6.71
SP1,2022-08-20,Osasuna,Cadiz,1680.35,1643.76,3.0,5.0,4.0,7.0,2.0,0.0,H,1.0,0.0,H,16.0,9.0,3.0,2.0,11.0,13.0,2.0,2.0,2.0,5.0,0.0,1.0,1.95,3.26,4.44
SP1,2022-08-20,Mallorca,Betis,1615.09,1778.93,7.0,8.0,7.0,10.0,1.0,2.0,A,0.0,1.0,A,13.0,8.0,7.0,3.0,22.0,17.0,5.0,2.0,7.0,8.0,0.0,0.0,3.1,3.26,2.42
SP1,2022-08-20,Celta,Real Madrid,1705.13,1985.08,4.0,7.0,5.0,8.0,1.0,4.0,A,1.0,2.0,A,15.0,16.0,2.0,7.0,12.0,8.0,2.0,2.0,2.0,2.0,0.0,0.0,4.71,4.19,1.68
SP1,2022-08-21,Ath Bilbao,Valencia,1739.26,1703.1,4.0,5.0,7.0,8.0,1.0,0.0,H,1.0,0.0,H,12.0,10.0,2.0,0.0,11.0,15.0,6.0,3.0,5.0,2.0,0.0,0.0,1.77,3.61,4.95
SP1,2022-08-21,Ath Madrid,Villarreal,1868.53,1848.39,7.0,13.0,6.0,10.0,0.0,2.0,A,0.0,0.0,D,13.0,19.0,5.0,5.0,8.0,11.0,5.0,6.0,2.0,3.0,1.0,0.0,1.93,3.52,4.14
SP1,2022-08-21,Sociedad,Barcelona,1763.23,1868.7,6.0,9.0,2.0,8.0,1.0,4.0,A,1.0,1.0,D,10.0,15.0,5.0,7.0,16.0,9.0,3.0,6.0,2.0,1.0,0.0,0.0,3.38,3.62,2.12
SP1,2022-08-22,Elche,Almeria,1631.02,1628.21,3.0,3.0,2.0,8.0,1.0,1.0,D,1.0,1.0,D,13.0,12.0,3.0,7.0,12.0,16.0,6.0,5.0,1.0,4.0,0.0,1.0,2.5,3.2,3.01
SP1,2022-08-22,Girona,Getafe,1605.23,1672.6,4.0,4.0,1.0,3.0,3.0,1.0,H,1.0,0.0,H,12.0,7.0,6.0,3.0,16.0,18.0,5.0,2.0,3.0,6.0,0.0,1.0,2.81,2.84,2.97
SP1,2022-08-26,Girona,Celta,1605.23,1705.13,4.0,7.0,1.0,4.0,0.0,1.0,A,0.0,0.0,D,11.0,11.0,3.0,6.0,16.0,13.0,2.0,4.0,2.0,1.0,0.0,0.0,2.77,3.15,2.75
SP1,2022-08-26,Betis,Osasuna,1778.93,1680.35,7.0,13.0,6.0,7.0,1.0,0.0,H,1.0,0.0,H,7.0,12.0,1.0,2.0,9.0,21.0,2.0,4.0,0.0,3.0,1.0,0.0,1.8,3.68,4.66
SP1,2022-08-27,Elche,Sociedad,1631.02,1763.23,4.0,4.0,3.0,9.0,0.0,1.0,A,0.0,1.0,A,12.0,9.0,5.0,5.0,13.0,18.0,4.0,6.0,3.0,3.0,0.0,0.0,3.64,3.16,2.21
SP1,2022-08-27,Vallecano,Mallorca,1624.13,1615.09,4.0,4.0,4.0,8.0,0.0,2.0,A,0.0,1.0,A,15.0,9.0,0.0,4.0,11.0,18.0,7.0,3.0,1.0,3.0,0.0,0.0,2.07,3.23,4.02
SP1,2022-08-27,Almeria,Sevilla,1628.21,1815.68,2.0,6.0,4.0,6.0,2.0,1.0,H,1.0,1.0,D,11.0,13.0,5.0,5.0,18.0,11.0,5.0,2.0,5.0,8.0,0.0,0.0,3.56,3.23,2.21
SP1,2022-08-28,Getafe,Villarreal,1672.6,1848.39,0.0,2.0,9.0,12.0,0.0,0.0,D,0.0,0.0,D,8.0,11.0,2.0,6.0,11.0,19.0,1.0,4.0,1.0,5.0,0.0,0.0,4.49,3.36,1.91
SP1,2022-08-28,Barcelona,Valladolid,1868.7,1638.47,4.0,8.0,4.0,10.0,4.0,0.0,H,2.0,0.0,H,24.0,8.0,9.0,3.0,9.0,8.0,14.0,4.0,0.0,3.0,0.0,0.0,1.15,8.47,17.97
SP1,2022-08-28,Espanol,Real Madrid,1650.83,1985.08,2.0,3.0,7.0,11.0,1.0,3.0,A,1.0,1.0,D,15.0,19.0,4.0,6.0,15.0,12.0,7.0,7.0,0.0,0.0,1.0,0.0,6.63,4.83,1.46
SP1,2022-08-29,Cadiz,Ath Bilbao,1643.76,1739.26,3.0,4.0,4.0,7.0,0.0,4.0,A,0.0,1.0,A,9.0,20.0,3.0,8.0,18.0,4.0,0.0,6.0,2.0,1.0,0.0,0.0,3.78,3.11,2.18
SP1,2022-08-29,Valencia,Ath Madrid,1703.1,1868.53,6.0,7.0,6.0,10.0,0.0,1.0,A,0.0,0.0,D,12.0,13.0,2.0,7.0,15.0,17.0,6.0,2.0,4.0,3.0,0.0,0.0,4.02,3.33,2.03
SP1,2022-09-02,Celta,Cadiz,1708.02,1622.56,4.0,7.0,0.0,4.0,3.0,0.0,H,0.0,0.0,D,9.0,7.0,5.0,0.0,13.0,23.0,2.0,2.0,1.0,2.0,0.0,0.0,1.67,3.65,5.93
SP1,2022-09-03,Mallorca,Girona,1629.56,1610.96,4.0,10.0,3.0,7.0,1.0,1.0,D,0.0,0.0,D,10.0,10.0,4.0,4.0,23.0,9.0,6.0,3.0,4.0,2.0,0.0,0.0,2.17,3.16,3.79
SP1,2022-09-03,Real Madrid,Betis,1993.74,1795.38,9.0,11.0,9.0,13.0,2.0,1.0,H,1.0,1.0,D,22.0,8.0,4.0,4.0,8.0,12.0,9.0,2.0,0.0,1.0,0.0,0.0,1.43,5.13,6.82
SP1,2022-09-03,Sociedad,Ath Madrid,1758.5,1868.45,6.0,9.0,6.0,10.0,1.0,1.0,D,0.0,1.0,A,12.0,15.0,5.0,7.0,18.0,13.0,7.0,7.0,5.0,4.0,0.0,0.0,2.96,3.17,2.58
SP1,2022-09-03,Sevilla,Barcelona,1799.17,1885.56,1.0,5.0,7.0,8.0,0.0,3.0,A,0.0,2.0,A,9.0,18.0,4.0,7.0,15.0,14.0,4.0,4.0,2.0,4.0,0.0,0.0,4.48,3.74,1.82
SP1,2022-09-04,Osasuna,Vallecano,1685.09,1625.02,6.0,6.0,4.0,4.0,2.0,1.0,H,0.0,0.0,D,13.0,5.0,6.0,3.0,14.0,16.0,4.0,0.0,2.0,2.0,0.0,0.0,2.06,3.13,4.23
SP1,2022-09-04,Ath Bilbao,Espanol,1754.96,1634.6,7.0,10.0,1.0,3.0,0.0,1.0,A,0.0,0.0,D,17.0,9.0,2.0,2.0,12.0,12.0,4.0,2.0,3.0,2.0,0.0,0.0,1.57,3.98,6.46
SP1,2022-09-04,Villarreal,Elche,1861.33,1618.39,7.0,10.0,1.0,4.0,4.0,0.0,H,2.0,0.0,H,18.0,7.0,10.0,0.0,10.0,9.0,6.0,4.0,1.0,3.0,0.0,0.0,1.35,5.08,9.56
SP1,2022-09-04,Valencia,Getafe,1692.72,1657.46,3.0,7.0,1.0,2.0,5.0,1.0,H,3.0,0.0,H,24.0,7.0,9.0,4.0,11.0,21.0,9.0,1.0,3.0,6.0,1.0,1.0,1.96,3.2,4.52
SP1,2022-09-05,Valladolid,Almeria,1640.46,1641.81,1.0,7.0,4.0,6.0,1.0,0.0,H,0.0,0.0,D,14.0,12.0,6.0,1.0,11.0,20.0,2.0,8.0,1.0,6.0,0.0,0.0,2.34,3.3,3.19
SP1,2022-09-09,Girona,Valladolid,1610.96,1640.46,4.0,5.0,4.0,7.0,2.0,1.0,H,1.0,1.0,D,14.0,14.0,5.0,4.0,11.0,15.0,3.0,12.0,0.0,2.0,0.0,0.0,2.27,3.2,3.46
SP1,2022-09-10,Vallecano,Valencia,1625.02,1692.72,3.0,4.0,3.0,9.0,2.0,1.0,H,1.0,0.0,H,14.0,17.0,6.0,4.0,22.0,11.0,7.0,7.0,5.0,2.0,0.0,0.0,2.6,3.17,2.9
SP1,2022-09-10,Espanol,Sevilla,1634.6,1799.17,3.0,5.0,1.0,4.0,2.0,3.0,A,1.0,3.0,A,19.0,11.0,5.0,7.0,11.0,14.0,9.0,3.0,3.0,5.0,0.0,1.0,2.93,3.24,2.54
SP1,2022-09-10,Cadiz,Barcelona,1622.56,1885.56,0.0,3.0,9.0,10.0,0.0,4.0,A,0.0,0.0,D,6.0,16.0,0.0,8.0,12.0,13.0,5.0,6.0,1.0,2.0,0.0,0.0,13.05,6.27,1.24
SP1,2022-09-10,Ath Madrid,Celta,1868.45,1708.02,4.0,10.0,6.0,7.0,4.0,1.0,H,1.0,0.0,H,10.0,14.0,4.0,3.0,11.0,6.0,4.0,7.0,2.0,3.0,0.0,0.0,1.65,3.81,5.76
SP1,2022-09-11,Real Madrid,Mallorca,1993.74,1629.56,9.0,13.0,4.0,8.0,4.0,1.0,H,1.0,1.0,D,22.0,5.0,7.0,2.0,7.0,15.0,4.0,3.0,3.0,5.0,0.0,0.0,1.27,6.11,10.84
SP1,2022-09-11,Elche,Ath Bilbao,1618.39,1754.96,1.0,4.0,6.0,7.0,1.0,4.0,A,0.0,4.0,A,9.0,16.0,2.0,8.0,15.0,9.0,5.0,5.0,3.0,0.0,0.0,0.0,4.15,3.47,1.95
SP1,2022-09-11,Getafe,Sociedad,1657.46,1758.5,1.0,1.0,4.0,7.0,2.0,1.0,H,1.0,0.0,H,8.0,13.0,3.0,6.0,9.0,16.0,3.0,7.0,4.0,1.0,0.0,0.0,3.77,3.07,2.2
SP1,2022-09-11,Betis,Villarreal,1795.38,1861.33,6.0,10.0,7.0,13.0,1.0,0.0,H,0.0,0.0,D,16.0,14.0,5.0,3.0,11.0,14.0,9.0,8.0,1.0,1.0,0.0,0.0,2.88,3.48,2.45
SP1,2022-09-12,Almeria,Osasuna,1641.81,1685.09,4.0,5.0,6.0,9.0,0.0,1.0,A,0.0,1.0,A,7.0,15.0,2.0,4.0,4.0,9.0,5.0,10.0,0.0,2.0,0.0,0.0,2.68,3.19,2.79
SP1,2022-09-16,Valladolid,Cadiz,1637.82,1606.62,3.0,4.0,0.0,0.0,0.0,1.0,A,0.0,0.0,D,18.0,7.0,6.0,1.0,12.0,19.0,8.0,2.0,1.0,4.0,0.0,0.0,2.04,3.22,4.13
SP1,2022-09-17,Mallorca,Almeria,1624.19,1625.28,4.0,5.0,3.0,4.0,1.0,0.0,H,1.0,0.0,H,5.0,9.0,2.0,3.0,15.0,14.0,5.0,2.0,3.0,6.0,0.0,0.0,2.05,3.32,3.94
SP1,2022-09-17,Barcelona,Elche,1897.93,1601.6,9.0,13.0,0.0,1.0,3.0,0.0,H,2.0,0.0,H,25.0,1.0,9.0,1.0,11.0,9.0,6.0,0.0,2.0,2.0,0.0,1.0,1.1,10.86,25.46
SP1,2022-09-17,Valencia,Celta,1694.14,1708.85,3.0,6.0,6.0,7.0,3.0,0.0,H,1.0,0.0,H,14.0,6.0,7.0,2.0,18.0,23.0,5.0,4.0,3.0,2.0,0.0,1.0,2.37,3.27,3.16
SP1,2022-09-17,Ath Bilbao,Vallecano,1751.58,1626.89,6.0,10.0,3.0,7.0,3.0,2.0,H,3.0,1.0,H,14.0,11.0,7.0,2.0,13.0,13.0,2.0,7.0,1.0,2.0,0.0,0.0,1.55,4.1,6.55
SP1,2022-09-18,Osasuna,Getafe,1696.92,1653.99,6.0,12.0,4.0,4.0,0.0,2.0,A,0.0,1.0,A,12.0,10.0,4.0,4.0,15.0,15.0,8.0,1.0,7.0,3.0,1.0,1.0,1.83,3.33,5.07
SP1,2022-09-18,Villarreal,Sevilla,1856.31,1778.67,4.0,10.0,3.0,4.0,1.0,1.0,D,0.0,1.0,A,17.0,12.0,7.0,1.0,15.0,12.0,6.0,4.0,1.0,5.0,0.0,0.0,1.72,3.84,4.99
SP1,2022-09-18,Betis,Girona,1800.9,1618.9,6.0,12.0,4.0,7.0,2.0,1.0,H,1.0,1.0,D,9.0,8.0,3.0,3.0,9.0,8.0,2.0,4.0,0.0,3.0,0.0,0.0,1.75,3.69,4.98
SP1,2022-09-18,Sociedad,Espanol,1759.32,1639.24,4.0,7.0,3.0,4.0,2.0,1.0,H,2.0,1.0,H,14.0,14.0,6.0,4.0,18.0,8.0,4.0,2.0,3.0,0.0,0.0,0.0,1.73,3.77,4.93
SP1,2022-09-18,Ath Madrid,Real Madrid,1861.79,2003.65,7.0,10.0,9.0,15.0,1.0,2.0,A,0.0,2.0,A,12.0,6.0,5.0,3.0,15.0,16.0,8.0,1.0,4.0,2.0,1.0,0.0,3.1,3.48,2.31
SP1,2022-09-30,Ath Bilbao,Almeria,1751.58,1625.28,6.0,12.0,0.0,4.0,4.0,0.0,H,2.0,0.0,H,17.0,8.0,4.0,2.0,17.0,8.0,11.0,2.0,1.0,3.0,0.0,0.0,1.37,4.96,8.83
SP1,2022-10-01,Cadiz,Villarreal,1618.47,1856.27,3.0,3.0,4.0,8.0,0.0,0.0,D,0.0,0.0,D,10.0,14.0,2.0,6.0,13.0,8.0,6.0,5.0,2.0,3.0,1.0,0.0,5.68,3.97,1.62
SP1,2022-10-01,Getafe,Valladolid,1670.85,1629.23,6.0,7.0,3.0,4.0,2.0,3.0,A,2.0,2.0,D,14.0,14.0,6.0,7.0,23.0,13.0,4.0,2.0,2.0,4.0,0.0,0.0,2.31,3.1,3.45
SP1,2022-10-01,Sevilla,Ath Madrid,1783.95,1857.67,4.0,5.0,4.0,7.0,0.0,2.0,A,0.0,1.0,A,14.0,20.0,3.0,6.0,9.0,12.0,5.0,7.0,3.0,2.0,0.0,0.0,3.05,3.19,2.49
SP1,2022-10-01,Mallorca,Barcelona,1632.61,1902.34,4.0,7.0,9.0,15.0,0.0,1.0,A,0.0,1.0,A,13.0,11.0,3.0,3.0,9.0,13.0,5.0,5.0,2.0,4.0,0.0,0.0,8.63,5.3,1.35
SP1,2022-10-02,Espanol,Valencia,1636.86,1708.06,3.0,3.0,6.0,6.0,2.0,2.0,D,0.0,0.0,D,10.0,12.0,5.0,5.0,16.0,15.0,6.0,4.0,2.0,1.0,1.0,1.0,2.72,3.26,2.7
SP1,2022-10-02,Celta,Betis,1698.19,1807.34,3.0,6.0,6.0,12.0,1.0,0.0,H,1.0,0.0,H,11.0,9.0,4.0,4.0,26.0,3.0,5.0,3.0,4.0,3.0,0.0,1.0,2.48,3.37,2.9
SP1,2022-10-02,Girona,Sociedad,1617.59,1766.32,4.0,7.0,4.0,7.0,3.0,5.0,A,2.0,2.0,D,16.0,11.0,8.0,5.0,9.0,19.0,2.0,2.0,3.0,1.0,0.0,0.0,3.26,3.24,2.32
SP1,2022-10-02,Real Madrid,Osasuna,2011.03,1683.31,9.0,15.0,6.0,9.0,1.0,1.0,D,1.0,0.0,H,22.0,8.0,4.0,2.0,9.0,13.0,10.0,2.0,1.0,2.0,0.0,1.0,1.33,5.48,9.22
SP1,2022-10-03,Vallecano,Elche,1624.47,1600.45,3.0,6.0,0.0,1.0,2.0,1.0,H,1.0,1.0,D,15.0,5.0,6.0,2.0,5.0,19.0,13.0,3.0,1.0,8.0,0.0,0.0,1.73,3.68,5.13
SP1,2022-10-07,Osasuna,Valencia,1683.31,1708.06,4.0,7.0,4.0,7.0,1.0,2.0,A,0.0,1.0,A,11.0,15.0,2.0,7.0,11.0,19.0,7.0,5.0,3.0,6.0,2.0,1.0,2.42,3.25,3.11
SP1,2022-10-08,Almeria,Vallecano,1612.71,1624.47,0.0,3.0,6.0,6.0,3.0,1.0,H,3.0,0.0,H,10.0,12.0,4.0,4.0,22.0,12.0,7.0,6.0,4.0,2.0,1.0,0.0,3.01,3.24,2.5
SP1,2022-10-08,Ath Madrid,Girona,1857.67,1617.59,6.0,10.0,3.0,4.0,2.0,1.0,H,1.0,0.0,H,13.0,11.0,7.0,4.0,12.0,13.0,8.0,3.0,3.0,1.0,0.0,0.0,1.49,4.4,7.0
SP1,2022-10-08,Sevilla,Ath Bilbao,1783.95,1764.65,4.0,4.0,9.0,12.0,1.0,1.0,D,1.0,0.0,H,10.0,21.0,3.0,4.0,19.0,14.0,5.0,7.0,4.0,0.0,0.0,1.0,3.04,3.3,2.44
SP1,2022-10-08,Getafe,Real Madrid,1670.85,2011.03,6.0,7.0,7.0,13.0,0.0,1.0,A,0.0,1.0,A,9.0,19.0,2.0,4.0,10.0,5.0,4.0,4.0,0.0,0.0,0.0,0.0,6.64,4.46,1.5
SP1,2022-10-09,Valladolid,Betis,1629.23,1807.34,3.0,6.0,6.0,9.0,0.0,0.0,D,0.0,0.0,D,12.0,4.0,3.0,1.0,12.0,16.0,3.0,1.0,1.0,1.0,0.0,1.0,2.88,3.42,2.48
SP1,2022-10-09,Cadiz,Espanol,1618.47,1636.86,4.0,4.0,1.0,4.0,2.0,2.0,D,1.0,0.0,H,8.0,9.0,3.0,6.0,13.0,12.0,8.0,3.0,4.0,4.0,0.0,0.0,2.93,3.1,2.64
SP1,2022-10-09,Sociedad,Villarreal,1766.32,1856.27,6.0,10.0,2.0,6.0,1.0,0.0,H,1.0,0.0,H,17.0,5.0,5.0,1.0,21.0,18.0,9.0,3.0,5.0,3.0,0.0,0.0,2.57,3.31,2.86
SP1,2022-10-09,Barcelona,Celta,1902.34,1698.19,9.0,15.0,3.0,9.0,1.0,0.0,H,1.0,0.0,H,13.0,14.0,5.0,3.0,16.0,9.0,6.0,3.0,2.0,4.0,0.0,0.0,1.29,5.91,10.72
SP1,2022-10-10,Elche,Mallorca,1600.45,1632.61,0.0,0.0,3.0,7.0,1.0,1.0,D,1.0,0.0,H,7.0,11.0,2.0,4.0,12.0,17.0,5.0,7.0,4.0,5.0,1.0,1.0,3.08,3.04,2.56
SP1,2022-10-14,Vallecano,Getafe,1624.47,1670.85,3.0,6.0,3.0,6.0,0.0,0.0,D,0.0,0.0,D,16.0,6.0,3.0,3.0,13.0,17.0,4.0,1.0,2.0,3.0,0.0,0.0,2.07,3.18,4.12
SP1,2022-10-15,Girona,Cadiz,1596.33,1611.12,0.0,4.0,5.0,5.0,1.0,1.0,D,0.0,0.0,D,23.0,9.0,6.0,2.0,16.0,9.0,6.0,2.0,5.0,4.0,0.0,0.0,1.91,3.32,4.58
SP1,2022-10-15,Valencia,Elche,1705.76,1582.87,7.0,10.0,1.0,1.0,2.0,2.0,D,2.0,1.0,H,20.0,8.0,8.0,6.0,14.0,19.0,6.0,1.0,3.0,6.0,0.0,0.0,1.41,4.85,7.89
SP1,2022-10-15,Mallorca,Sevilla,1618.98,1748.01,4.0,5.0,2.0,5.0,0.0,1.0,A,0.0,0.0,D,9.0,4.0,5.0,1.0,17.0,15.0,1.0,3.0,2.0,3.0,0.0,0.0,2.93,3.11,2.63
SP1,2022-10-15,Ath Bilbao,Ath Madrid,1755.03,1838.03,7.0,10.0,6.0,10.0,0.0,1.0,A,0.0,0.0,D,13.0,3.0,3.0,1.0,14.0,17.0,6.0,1.0,0.0,6.0,0.0,0.0,2.47,3.28,3.02
SP1,2022-10-16,Celta,Sociedad,1693.87,1779.84,3.0,6.0,9.0,10.0,1.0,2.0,A,1.0,1.0,D,10.0,8.0,3.0,6.0,14.0,17.0,1.0,6.0,5.0,7.0,1.0,0.0,2.58,3.25,2.88
SP1,2022-10-16,Real Madrid,Barcelona,1988.95,1884.97,7.0,13.0,9.0,15.0,3.0,1.0,H,2.0,0.0,H,8.0,18.0,4.0,5.0,11.0,14.0,2.0,3.0,2.0,2.0,0.0,0.0,2.28,3.64,3.05
SP1,2022-10-16,Espanol,Valladolid,1627.54,1632.09,2.0,5.0,4.0,7.0,1.0,0.0,H,0.0,0.0,D,15.0,14.0,3.0,2.0,13.0,11.0,6.0,4.0,1.0,4.0,0.0,0.0,2.2,3.36,3.42
SP1,2022-10-16,Betis,Almeria,1789.21,1611.83,4.0,7.0,3.0,3.0,3.0,1.0,H,1.0,0.0,H,15.0,12.0,6.0,5.0,6.0,7.0,9.0,3.0,1.0,1.0,0.0,0.0,1.58,4.22,5.77
SP1,2022-10-17,Villarreal,Osasuna,1835.99,1671.25,2.0,5.0,1.0,7.0,2.0,0.0,H,1.0,0.0,H,12.0,14.0,9.0,3.0,14.0,23.0,8.0,4.0,2.0,6.0,0.0,0.0,1.58,4.16,5.92
SP1,2022-10-18,Sevilla,Valencia,1748.01,1705.76,4.0,8.0,5.0,8.0,1.0,1.0,D,0.0,1.0,A,18.0,13.0,5.0,5.0,11.0,26.0,11.0,6.0,4.0,7.0,1.0,0.0,2.3,3.39,3.22
SP1,2022-10-18,Getafe,Ath Bilbao,1647.37,1755.03,1.0,7.0,4.0,10.0,2.0,2.0,D,1.0,1.0,D,11.0,14.0,4.0,4.0,14.0,11.0,7.0,4.0,7.0,4.0,0.0,0.0,4.52,3.38,1.91
SP1,2022-10-18,Ath Madrid,Vallecano,1838.03,1609.04,9.0,12.0,4.0,7.0,1.0,1.0,D,1.0,0.0,H,12.0,14.0,4.0,4.0,11.0,11.0,3.0,4.0,3.0,0.0,0.0,0.0,1.53,4.02,7.19
SP1,2022-10-19,Cadiz,Betis,1611.12,1789.21,3.0,6.0,4.0,10.0,0.0,0.0,D,0.0,0.0,D,13.0,12.0,3.0,3.0,15.0,7.0,4.0,9.0,1.0,2.0,0.0,1.0,3.73,3.28,2.13
SP1,2022-10-19,Valladolid,Celta,1632.09,1693.87,4.0,4.0,3.0,3.0,4.0,1.0,H,1.0,1.0,D,9.0,22.0,7.0,5.0,12.0,11.0,3.0,7.0,1.0,1.0,0.0,0.0,2.89,3.28,2.55
SP1,2022-10-19,Sociedad,Mallorca,1779.84,1618.98,9.0,12.0,1.0,4.0,1.0,0.0,H,1.0,0.0,H,14.0,12.0,7.0,3.0,18.0,9.0,10.0,7.0,1.0,2.0,0.0,0.0,1.55,4.08,6.49
SP1,2022-10-19,Elche,Real Madrid,1582.87,1988.95,2.0,2.0,7.0,13.0,0.0,3.0,A,0.0,1.0,A,10.0,10.0,3.0,7.0,14.0,10.0,8.0,2.0,1.0,1.0,0.0,0.0,9.5,5.7,1.31
SP1,2022-10-20,Almeria,Girona,1611.83,1596.33,3.0,3.0,1.0,4.0,3.0,2.0,H,3.0,0.0,H,13.0,14.0,7.0,5.0,14.0,14.0,4.0,5.0,1.0,3.0,0.0,0.0,2.61,3.29,2.81
SP1,2022-10-20,Osasuna,Espanol,1671.25,1627.54,1.0,4.0,5.0,5.0,1.0,0.0,H,0.0,0.0,D,17.0,5.0,5.0,3.0,17.0,15.0,9.0,2.0,1.0,2.0,0.0,0.0,2.11,3.41,3.61
SP1,2022-10-20,Barcelona,Villarreal,1884.97,1835.99,6.0,12.0,4.0,5.0,3.0,0.0,H,3.0,0.0,H,16.0,5.0,5.0,1.0,18.0,11.0,8.0,0.0,0.0,1.0,0.0,0.0,1.5,4.76,6.13
SP1,2022-10-22,Vallecano,Cadiz,1609.04,1611.12,2.0,5.0,3.0,7.0,5.0,1.0,H,2.0,0.0,H,28.0,3.0,11.0,0.0,13.0,12.0,10.0,1.0,1.0,4.0,1.0,2.0,1.75,3.58,5.17
SP1,2022-10-22,Valladolid,Sociedad,1632.09,1779.84,4.0,7.0,9.0,15.0,1.0,0.0,H,1.0,0.0,H,9.0,20.0,2.0,2.0,19.0,14.0,4.0,10.0,2.0,3.0,0.0,0.0,3.62,3.42,2.11
SP1,2022-10-22,Valencia,Mallorca,1705.76,1618.98,5.0,9.0,1.0,4.0,1.0,2.0,A,0.0,0.0,D,13.0,10.0,3.0,5.0,14.0,19.0,5.0,3.0,3.0,5.0,0.0,0.0,1.76,3.58,5.05
SP1,2022-10-22,Real Madrid,Sevilla,1988.95,1748.01,9.0,13.0,5.0,6.0,3.0,1.0,H,1.0,0.0,H,18.0,9.0,6.0,2.0,9.0,12.0,4.0,3.0,1.0,4.0,0.0,0.0,1.37,5.03,8.62
SP1,2022-10-23,Espanol,Elche,1627.54,1582.87,4.0,5.0,2.0,2.0,2.0,2.0,D,1.0,1.0,D,13.0,9.0,5.0,4.0,13.0,10.0,5.0,3.0,2.0,3.0,0.0,0.0,1.7,3.87,5.04
SP1,2022-10-23,Betis,Ath Madrid,1789.21,1838.03,5.0,8.0,7.0,10.0,1.0,2.0,A,0.0,0.0,D,17.0,9.0,4.0,3.0,10.0,17.0,7.0,4.0,2.0,3.0,0.0,0.0,3.16,3.32,2.35
SP1,2022-10-23,Girona,Osasuna,1596.33,1671.25,1.0,1.0,3.0,4.0,1.0,1.0,D,1.0,1.0,D,7.0,9.0,1.0,2.0,11.0,11.0,3.0,5.0,2.0,3.0,0.0,0.0,2.59,3.19,2.9
SP1,2022-10-23,Villarreal,Almeria,1835.99,1611.83,3.0,5.0,6.0,6.0,2.0,1.0,H,0.0,1.0,A,11.0,15.0,5.0,4.0,7.0,8.0,10.0,4.0,4.0,1.0,1.0,0.0,1.38,5.04,8.53
SP1,2022-10-23,Barcelona,Ath Bilbao,1884.97,1755.03,6.0,12.0,2.0,8.0,4.0,0.0,H,3.0,0.0,H,10.0,5.0,7.0,3.0,7.0,13.0,1.0,2.0,2.0,2.0,0.0,0.0,1.56,4.47,5.68
SP1,2022-10-24,Celta,Getafe,1693.87,1647.37,0.0,3.0,2.0,5.0,1.0,1.0,D,0.0,1.0,A,17.0,4.0,5.0,1.0,10.0,13.0,10.0,0.0,1.0,1.0,0.0,0.0,1.79,3.5,4.99
SP1,2022-10-28,Mallorca,Espanol,1618.98,1627.54,3.0,4.0,4.0,6.0,1.0,1.0,D,0.0,0.0,D,12.0,7.0,5.0,2.0,15.0,9.0,4.0,4.0,4.0,1.0,0.0,0.0,2.3,3.08,3.49
SP1,2022-10-29,Almeria,Celta,1611.83,1693.87,3.0,6.0,1.0,4.0,3.0,1.0,H,0.0,1.0,A,19.0,8.0,5.0,3.0,10.0,7.0,6.0,4.0,4.0,0.0,0.0,1.0,3.26,3.37,2.26
SP1,2022-10-29,Cadiz,Ath Madrid,1611.12,1838.03,2.0,4.0,7.0,13.0,3.0,2.0,H,1.0,0.0,H,10.0,15.0,7.0,7.0,15.0,12.0,5.0,3.0,2.0,4.0,0.0,0.0,6.47,3.76,1.6
SP1,2022-10-29,Sevilla,Vallecano,1748.01,1609.04,4.0,5.0,5.0,8.0,0.0,1.0,A,0.0,0.0,D,10.0,15.0,4.0,5.0,9.0,20.0,6.0,6.0,6.0,1.0,0.0,0.0,1.99,3.41,3.99
SP1,2022-10-29,Valencia,Barcelona,1705.76,1884.97,2.0,6.0,6.0,12.0,0.0,1.0,A,0.0,0.0,D,3.0,13.0,2.0,2.0,13.0,7.0,3.0,10.0,4.0,5.0,0.0,0.0,5.29,4.38,1.59
SP1,2022-10-30,Osasuna,Valladolid,1671.25,1632.09,4.0,5.0,6.0,10.0,2.0,0.0,H,2.0,0.0,H,20.0,7.0,10.0,2.0,14.0,16.0,1.0,8.0,1.0,3.0,0.0,0.0,1.93,3.47,4.18
SP1,2022-10-30,Real Madrid,Girona,1988.95,1596.33,9.0,13.0,2.0,2.0,1.0,1.0,D,0.0,0.0,D,19.0,8.0,6.0,2.0,16.0,8.0,7.0,1.0,3.0,3.0,1.0,0.0,1.21,6.96,13.19
SP1,2022-10-30,Ath Bilbao,Villarreal,1755.03,1835.99,1.0,5.0,6.0,7.0,1.0,0.0,H,0.0,0.0,D,19.0,6.0,7.0,3.0,12.0,10.0,6.0,2.0,2.0,1.0,0.0,0.0,2.2,3.41,3.32
SP1,2022-10-30,Sociedad,Betis,1779.84,1789.21,6.0,12.0,4.0,5.0,0.0,2.0,A,0.0,0.0,D,14.0,10.0,7.0,4.0,22.0,16.0,5.0,3.0,4.0,4.0,0.0,0.0,2.05,3.47,3.72
SP1,2022-10-31,Elche,Getafe,1582.87,1647.37,2.0,3.0,3.0,3.0,0.0,1.0,A,0.0,0.0,D,12.0,8.0,5.0,3.0,12.0,11.0,6.0,2.0,0.0,3.0,0.0,1.0,2.71,3.02,2.86
SP1,2022-11-04,Girona,Ath Bilbao,1590.56,1740.37,2.0,3.0,4.0,5.0,2.0,1.0,H,0.0,0.0,D,19.0,11.0,10.0,7.0,11.0,11.0,7.0,1.0,1.0,1.0,0.0,0.0,3.84,3.55,1.99
SP1,2022-11-05,Getafe,Cadiz,1651.53,1607.39,5.0,6.0,4.0,6.0,0.0,0.0,D,0.0,0.0,D,13.0,15.0,2.0,4.0,15.0,16.0,5.0,5.0,5.0,2.0,2.0,1.0,2.2,3.09,3.77
SP1,2022-11-05,Valladolid,Elche,1633.84,1571.8,6.0,7.0,1.0,3.0,2.0,1.0,H,1.0,0.0,H,16.0,4.0,11.0,2.0,9.0,10.0,8.0,4.0,2.0,0.0,0.0,0.0,1.82,3.72,4.42
SP1,2022-11-05,Celta,Osasuna,1650.94,1672.48,1.0,1.0,7.0,7.0,1.0,2.0,A,1.0,2.0,A,13.0,8.0,5.0,4.0,12.0,20.0,2.0,3.0,1.0,5.0,0.0,0.0,2.14,3.34,3.61
SP1,2022-11-05,Barcelona,Almeria,1879.72,1615.08,9.0,12.0,6.0,9.0,2.0,0.0,H,0.0,0.0,D,27.0,4.0,13.0,1.0,14.0,13.0,9.0,1.0,2.0,1.0,0.0,0.0,1.1,10.92,25.93
SP1,2022-11-06,Ath Madrid,Espanol,1821.76,1619.52,4.0,10.0,2.0,6.0,1.0,1.0,D,0.0,0.0,D,27.0,6.0,7.0,2.0,13.0,10.0,12.0,2.0,3.0,5.0,0.0,1.0,1.45,4.36,7.91
SP1,2022-11-06,Sociedad,Valencia,1761.68,1679.71,3.0,9.0,1.0,5.0,1.0,1.0,D,1.0,1.0,D,9.0,14.0,4.0,3.0,11.0,12.0,1.0,11.0,2.0,0.0,1.0,0.0,1.95,3.44,4.18
SP1,2022-11-06,Villarreal,Mallorca,1808.73,1612.34,3.0,6.0,4.0,5.0,0.0,2.0,A,0.0,1.0,A,9.0,7.0,2.0,5.0,17.0,16.0,5.0,2.0,4.0,6.0,0.0,0.0,1.61,3.93,5.89
SP1,2022-11-06,Betis,Sevilla,1791.1,1733.2,4.0,8.0,1.0,5.0,1.0,1.0,D,1.0,0.0,H,9.0,22.0,4.0,6.0,6.0,20.0,1.0,4.0,4.0,5.0,2.0,1.0,2.18,3.31,3.54
SP1,2022-11-07,Vallecano,Real Madrid,1634.29,1972.03,7.0,8.0,7.0,13.0,3.0,2.0,H,2.0,2.0,D,15.0,16.0,7.0,2.0,22.0,11.0,4.0,5.0,4.0,5.0,0.0,0.0,5.2,4.11,1.64
SP1,2022-11-08,Elche,Girona,1571.8,1590.56,1.0,2.0,5.0,6.0,1.0,2.0,A,1.0,1.0,D,11.0,21.0,2.0,3.0,16.0,9.0,2.0,5.0,3.0,2.0,0.0,0.0,3.36,3.3,2.26
SP1,2022-11-08,Ath Bilbao,Valladolid,1740.37,1633.84,3.0,4.0,6.0,9.0,3.0,0.0,H,1.0,0.0,H,19.0,8.0,6.0,0.0,20.0,6.0,10.0,2.0,3.0,1.0,0.0,0.0,1.42,4.69,7.85
SP1,2022-11-08,Osasuna,Barcelona,1672.48,1879.72,7.0,10.0,9.0,12.0,1.0,2.0,A,1.0,0.0,H,15.0,9.0,3.0,3.0,15.0,6.0,2.0,5.0,4.0,4.0,0.0,2.0,6.13,4.38,1.54
SP1,2022-11-09,Almeria,Getafe,1615.08,1651.53,3.0,6.0,5.0,7.0,1.0,0.0,H,1.0,0.0,H,8.0,11.0,3.0,3.0,17.0,8.0,7.0,6.0,8.0,4.0,1.0,0.0,2.22,3.22,3.54
SP1,2022-11-09,Sevilla,Sociedad,1733.2,1761.68,1.0,5.0,1.0,7.0,1.0,2.0,A,1.0,2.0,A,6.0,17.0,3.0,9.0,9.0,12.0,2.0,1.0,2.0,2.0,2.0,0.0,2.6,3.19,2.91
SP1,2022-11-09,Espanol,Villarreal,1619.52,1808.73,3.0,6.0,3.0,6.0,0.0,1.0,A,0.0,0.0,D,14.0,10.0,6.0,3.0,11.0,6.0,4.0,7.0,1.0,3.0,0.0,0.0,3.09,3.3,2.4
SP1,2022-11-09,Mallorca,Ath Madrid,1612.34,1821.76,7.0,7.0,4.0,8.0,1.0,0.0,H,1.0,0.0,H,9.0,17.0,3.0,5.0,14.0,17.0,2.0,5.0,5.0,3.0,0.0,0.0,3.78,3.2,2.14
SP1,2022-11-10,Vallecano,Celta,1634.29,1650.94,9.0,11.0,1.0,1.0,0.0,0.0,D,0.0,0.0,D,10.0,11.0,3.0,3.0,19.0,16.0,5.0,3.0,7.0,1.0,0.0,0.0,2.17,3.3,3.57
SP1,2022-11-10,Valencia,Betis,1679.71,1791.1,1.0,3.0,4.0,8.0,3.0,0.0,H,0.0,0.0,D,15.0,5.0,7.0,1.0,12.0,9.0,5.0,5.0,1.0,3.0,0.0,1.0,2.17,3.37,3.5
SP1,2022-11-10,Real Madrid,Cadiz,1972.03,1607.39,4.0,10.0,4.0,6.0,2.0,1.0,H,1.0,0.0,H,18.0,10.0,5.0,5.0,12.0,16.0,7.0,1.0,3.0,3.0,0.0,0.0,1.15,8.36,19.48
SP1,2022-12-29,Girona,Vallecano,1599.96,1636.87,7.0,8.0,7.0,11.0,2.0,2.0,D,1.0,1.0,D,16.0,12.0,7.0,4.0,14.0,14.0,2.0,4.0,3.0,2.0,0.0,0.0,2.36,3.29,3.18
SP1,2022-12-29,Betis,Ath Bilbao,1762.73,1727.83,4.0,5.0,6.0,7.0,0.0,0.0,D,0.0,0.0,D,9.0,10.0,5.0,0.0,8.0,17.0,2.0,6.0,1.0,4.0,1.0,0.0,2.86,3.38,2.53
SP1,2022-12-29,Ath Madrid,Elche,1788.01,1548.13,1.0,5.0,0.0,1.0,2.0,0.0,H,0.0,0.0,D,18.0,5.0,4.0,1.0,14.0,20.0,3.0,5.0,3.0,4.0,1.0,2.0,1.29,5.67,11.24
SP1,2022-12-30,Getafe,Mallorca,1631.21,1632.96,4.0,6.0,7.0,10.0,2.0,0.0,H,0.0,0.0,D,14.0,3.0,6.0,0.0,10.0,19.0,4.0,2.0,0.0,1.0,0.0,0.0,2.81,2.75,3.09
SP1,2022-12-30,Cadiz,Almeria,1599.39,1610.36,4.0,5.0,6.0,9.0,1.0,1.0,D,0.0,1.0,A,12.0,18.0,6.0,9.0,7.0,14.0,3.0,2.0,2.0,0.0,0.0,0.0,2.37,3.18,3.27
SP1,2022-12-30,Celta,Sevilla,1633.81,1715.3,1.0,2.0,1.0,2.0,1.0,1.0,D,1.0,0.0,H,17.0,7.0,5.0,5.0,11.0,13.0,5.0,6.0,2.0,4.0,0.0,1.0,2.21,3.36,3.42
SP1,2022-12-30,Valladolid,Real Madrid,1621.37,1951.12,3.0,9.0,4.0,10.0,0.0,2.0,A,0.0,0.0,D,14.0,19.0,4.0,8.0,7.0,9.0,5.0,9.0,2.0,0.0,1.0,0.0,6.39,4.68,1.48
SP1,2022-12-31,Barcelona,Espanol,1881.63,1610.02,9.0,15.0,2.0,3.0,1.0,1.0,D,1.0,0.0,H,21.0,4.0,6.0,1.0,11.0,15.0,10.0,2.0,6.0,7.0,1.0,1.0,1.25,6.43,11.21
SP1,2022-12-31,Sociedad,Osasuna,1750.07,1667.33,4.0,7.0,6.0,10.0,2.0,0.0,H,1.0,0.0,H,9.0,11.0,2.0,3.0,10.0,15.0,3.0,2.0,1.0,1.0,0.0,0.0,1.9,3.42,4.46
SP1,2022-12-31,Villarreal,Valencia,1761.05,1689.67,3.0,6.0,4.0,5.0,2.0,1.0,H,1.0,1.0,D,14.0,13.0,8.0,4.0,12.0,16.0,5.0,2.0,1.0,3.0,0.0,0.0,1.97,3.45,4.09
SP1,2023-01-06,Elche,Celta,1545.17,1634.33,0.0,1.0,2.0,3.0,0.0,1.0,A,0.0,1.0,A,13.0,14.0,5.0,7.0,15.0,15.0,8.0,4.0,3.0,1.0,1.0,0.0,4.07,3.28,2.03
SP1,2023-01-06,Valencia,Cadiz,1684.92,1597.9,4.0,4.0,2.0,5.0,0.0,1.0,A,0.0,1.0,A,11.0,6.0,2.0,2.0,14.0,21.0,13.0,2.0,5.0,6.0,0.0,0.0,1.59,4.08,5.94
SP1,2023-01-07,Villarreal,Real Madrid,1765.81,1954.59,6.0,9.0,6.0,10.0,2.0,1.0,H,0.0,0.0,D,17.0,13.0,5.0,3.0,13.0,6.0,6.0,5.0,4.0,1.0,0.0,0.0,3.34,3.83,2.09
SP1,2023-01-07,Mallorca,Valladolid,1623.51,1617.91,6.0,10.0,3.0,6.0,1.0,0.0,H,0.0,0.0,D,13.0,9.0,4.0,1.0,14.0,17.0,6.0,2.0,2.0,3.0,0.0,0.0,1.96,3.34,4.26
SP1,2023-01-07,Espanol,Girona,1617.48,1599.2,2.0,4.0,7.0,9.0,2.0,2.0,D,0.0,1.0,A,12.0,12.0,6.0,5.0,13.0,16.0,5.0,2.0,3.0,2.0,0.0,0.0,2.3,3.41,3.17
SP1,2023-01-08,Almeria,Sociedad,1611.86,1756.59,4.0,7.0,7.0,7.0,0.0,2.0,A,0.0,0.0,D,6.0,9.0,1.0,6.0,13.0,14.0,4.0,2.0,1.0,0.0,0.0,0.0,4.06,3.4,1.99
SP1,2023-01-08,Vallecano,Betis,1637.63,1759.98,5.0,11.0,2.0,5.0,1.0,2.0,A,1.0,2.0,A,15.0,14.0,3.0,3.0,10.0,16.0,5.0,7.0,3.0,2.0,0.0,0.0,2.34,3.28,3.22
SP1,2023-01-08,Sevilla,Getafe,1714.77,1640.66,2.0,2.0,4.0,8.0,2.0,1.0,H,1.0,0.0,H,11.0,11.0,5.0,2.0,13.0,16.0,4.0,4.0,3.0,3.0,0.0,0.0,1.77,3.46,5.27
SP1,2023-01-08,Ath Madrid,Barcelona,1790.97,1874.16,4.0,7.0,7.0,13.0,0.0,1.0,A,0.0,1.0,A,20.0,10.0,5.0,2.0,8.0,16.0,7.0,4.0,2.0,3.0,1.0,1.0,3.1,3.46,2.33
SP1,2023-01-09,Ath Bilbao,Osasuna,1730.59,1660.81,4.0,7.0,3.0,7.0,0.0,0.0,D,0.0,0.0,D,17.0,3.0,3.0,1.0,8.0,13.0,14.0,1.0,0.0,1.0,0.0,0.0,1.68,3.69,5.6
SP1,2023-01-13,Celta,Villarreal,1634.33,1765.81,5.0,5.0,9.0,9.0,1.0,1.0,D,0.0,1.0,A,21.0,3.0,8.0,1.0,11.0,8.0,14.0,3.0,0.0,2.0,0.0,0.0,2.81,3.31,2.6
SP1,2023-01-14,Valladolid,Vallecano,1617.91,1637.63,0.0,3.0,2.0,8.0,0.0,1.0,A,0.0,0.0,D,9.0,13.0,2.0,6.0,17.0,18.0,4.0,8.0,2.0,2.0,0.0,0.0,2.78,3.25,2.66
SP1,2023-01-14,Girona,Sevilla,1599.2,1714.77,5.0,9.0,4.0,5.0,2.0,1.0,H,0.0,1.0,A,19.0,10.0,7.0,2.0,11.0,7.0,5.0,2.0,3.0,1.0,0.0,0.0,2.42,3.34,3.03
SP1,2023-01-14,Osasuna,Mallorca,1660.81,1623.51,1.0,7.0,6.0,10.0,1.0,0.0,H,0.0,0.0,D,15.0,6.0,4.0,2.0,15.0,19.0,3.0,1.0,2.0,3.0,0.0,0.0,2.06,3.12,4.21
SP1,2023-01-14,Sociedad,Ath Bilbao,1756.59,1730.59,9.0,10.0,5.0,8.0,3.0,1.0,H,2.0,1.0,H,11.0,6.0,5.0,2.0,20.0,15.0,4.0,2.0,5.0,1.0,0.0,1.0,2.45,3.19,3.12
SP1,2023-01-15,Getafe,Espanol,1635.83,1615.17,3.0,7.0,2.0,4.0,1.0,2.0,A,1.0,1.0,D,10.0,10.0,2.0,4.0,20.0,13.0,5.0,1.0,2.0,3.0,0.0,0.0,2.54,3.02,3.14
SP1,2023-01-15,Almeria,Ath Madrid,1603.31,1783.3,4.0,7.0,3.0,4.0,1.0,1.0,D,1.0,1.0,D,14.0,12.0,3.0,6.0,14.0,12.0,3.0,4.0,4.0,4.0,0.0,1.0,4.84,3.84,1.73
SP1,2023-01-16,Cadiz,Elche,1609.86,1537.73,4.0,8.0,0.0,0.0,1.0,1.0,D,1.0,0.0,H,16.0,12.0,3.0,5.0,11.0,21.0,3.0,6.0,3.0,2.0,0.0,0.0,1.94,3.38,4.29
SP1,2023-01-20,Mallorca,Celta,1624.15,1643.8,3.0,9.0,5.0,6.0,1.0,0.0,H,0.0,0.0,D,8.0,10.0,3.0,3.0,15.0,11.0,4.0,6.0,2.0,3.0,0.0,0.0,2.85,2.76,3.06
SP1,2023-01-21,Vallecano,Sociedad,1640.26,1773.04,4.0,8.0,9.0,13.0,0.0,2.0,A,0.0,2.0,A,14.0,12.0,2.0,7.0,11.0,11.0,3.0,4.0,0.0,0.0,0.0,0.0,3.14,3.16,2.45
SP1,2023-01-21,Espanol,Betis,1615.17,1766.61,5.0,6.0,4.0,8.0,1.0,0.0,H,1.0,0.0,H,8.0,13.0,2.0,4.0,18.0,8.0,7.0,4.0,3.0,2.0,0.0,0.0,2.79,3.16,2.72
SP1,2023-01-21,Ath Madrid,Valladolid,1783.3,1602.3,4.0,5.0,0.0,3.0,3.0,0.0,H,3.0,0.0,H,18.0,7.0,8.0,1.0,12.0,7.0,4.0,1.0,1.0,1.0,0.0,0.0,1.38,4.8,8.75
SP1,2023-01-21,Sevilla,Cadiz,1710.07,1609.86,4.0,5.0,5.0,6.0,1.0,0.0,H,0.0,0.0,D,17.0,4.0,9.0,1.0,15.0,14.0,8.0,1.0,1.0,4.0,0.0,1.0,1.7,3.73,5.3
SP1,2023-01-22,Villarreal,Girona,1774.97,1611.04,7.0,10.0,5.0,11.0,1.0,0.0,H,0.0,0.0,D,19.0,8.0,9.0,1.0,21.0,15.0,3.0,2.0,5.0,5.0,0.0,1.0,1.75,3.95,4.54
SP1,2023-01-22,Elche,Osasuna,1537.73,1670.19,1.0,1.0,4.0,7.0,1.0,1.0,D,0.0,1.0,A,13.0,8.0,4.0,4.0,19.0,9.0,7.0,2.0,2.0,1.0,0.0,0.0,3.62,3.29,2.16
SP1,2023-01-22,Barcelona,Getafe,1881.83,1635.83,7.0,13.0,3.0,4.0,1.0,0.0,H,1.0,0.0,H,8.0,7.0,4.0,3.0,11.0,6.0,4.0,2.0,1.0,2.0,0.0,0.0,1.18,7.33,17.65
SP1,2023-01-22,Ath Bilbao,Real Madrid,1719.0,1943.4,2.0,5.0,6.0,7.0,0.0,2.0,A,0.0,1.0,A,18.0,10.0,3.0,4.0,17.0,10.0,12.0,2.0,3.0,2.0,0.0,0.0,2.91,3.47,2.43
SP1,2023-01-23,Valencia,Almeria,1672.96,1603.31,3.0,4.0,2.0,5.0,2.0,2.0,D,0.0,0.0,D,16.0,14.0,6.0,3.0,8.0,8.0,6.0,2.0,2.0,1.0,0.0,0.0,1.61,4.13,5.46
SP1,2023-01-27,Almeria,Espanol,1603.31,1615.17,2.0,6.0,7.0,8.0,3.0,1.0,H,1.0,0.0,H,19.0,6.0,7.0,3.0,16.0,6.0,2.0,2.0,3.0,3.0,0.0,0.0,2.4,3.18,3.23
SP1,2023-01-28,Cadiz,Mallorca,1609.86,1624.15,4.0,5.0,6.0,9.0,2.0,0.0,H,2.0,0.0,H,11.0,9.0,4.0,2.0,13.0,12.0,6.0,2.0,2.0,2.0,0.0,0.0,2.89,2.8,2.94
SP1,2023-01-28,Girona,Barcelona,1611.04,1881.83,4.0,8.0,7.0,13.0,0.0,1.0,A,0.0,0.0,D,8.0,8.0,2.0,3.0,10.0,15.0,4.0,2.0,2.0,3.0,1.0,0.0,5.27,4.31,1.61
SP1,2023-01-28,Sevilla,Elche,1710.07,1537.73,6.0,7.0,2.0,2.0,3.0,0.0,H,3.0,0.0,H,22.0,6.0,8.0,1.0,7.0,8.0,5.0,2.0,1.0,3.0,0.0,1.0,1.52,4.13,6.93
SP1,2023-01-28,Getafe,Betis,1635.83,1766.61,0.0,3.0,4.0,5.0,0.0,1.0,A,0.0,0.0,D,6.0,13.0,1.0,2.0,25.0,12.0,6.0,1.0,4.0,2.0,0.0,0.0,3.15,2.89,2.63
SP1,2023-01-29,Valladolid,Valencia,1602.3,1672.96,0.0,0.0,1.0,5.0,1.0,0.0,H,0.0,0.0,D,13.0,15.0,6.0,2.0,14.0,15.0,4.0,7.0,3.0,1.0,0.0,0.0,3.16,3.26,2.38
SP1,2023-01-29,Osasuna,Ath Madrid,1670.19,1783.3,5.0,5.0,4.0,7.0,0.0,1.0,A,0.0,0.0,D,14.0,13.0,4.0,5.0,13.0,7.0,5.0,4.0,1.0,0.0,0.0,0.0,3.58,3.23,2.2
SP1,2023-01-29,Celta,Ath Bilbao,1643.8,1719.0,4.0,6.0,1.0,5.0,1.0,0.0,H,0.0,0.0,D,9.0,5.0,3.0,0.0,17.0,19.0,2.0,5.0,3.0,2.0,0.0,0.0,2.9,3.05,2.7
SP1,2023-01-29,Real Madrid,Sociedad,1943.4,1773.04,6.0,9.0,9.0,15.0,0.0,0.0,D,0.0,0.0,D,20.0,8.0,7.0,3.0,8.0,19.0,10.0,3.0,1.0,4.0,0.0,0.0,1.71,3.93,4.96
SP1,2023-01-30,Villarreal,Vallecano,1774.97,1640.26,7.0,13.0,3.0,5.0,0.0,1.0,A,0.0,0.0,D,12.0,11.0,3.0,3.0,11.0,18.0,5.0,4.0,2.0,3.0,0.0,0.0,1.7,3.84,5.13
SP1,2023-02-01,Betis,Barcelona,1763.14,1887.04,6.0,7.0,9.0,13.0,1.0,2.0,A,0.0,0.0,D,5.0,13.0,1.0,3.0,17.0,9.0,1.0,6.0,3.0,0.0,1.0,0.0,5.09,4.05,1.67
SP1,2023-02-02,Real Madrid,Valencia,1943.62,1661.12,4.0,10.0,1.0,4.0,2.0,0.0,H,0.0,0.0,D,19.0,4.0,7.0,0.0,12.0,17.0,6.0,6.0,3.0,1.0,0.0,1.0,1.43,4.92,7.06
SP1,2023-02-03,Ath Bilbao,Cadiz,1704.54,1612.15,0.0,2.0,4.0,8.0,4.0,1.0,H,3.0,1.0,H,17.0,15.0,9.0,3.0,14.0,12.0,0.0,3.0,2.0,1.0,1.0,0.0,1.37,4.69,9.68
SP1,2023-02-04,Espanol,Osasuna,1625.73,1661.52,6.0,8.0,4.0,5.0,1.0,1.0,D,0.0,1.0,A,9.0,9.0,4.0,3.0,9.0,17.0,4.0,3.0,3.0,5.0,1.0,1.0,2.58,3.05,3.03
SP1,2023-02-04,Elche,Villarreal,1538.1,1764.66,2.0,2.0,4.0,10.0,3.0,1.0,H,2.0,1.0,H,18.0,14.0,7.0,2.0,19.0,8.0,6.0,10.0,4.0,2.0,0.0,0.0,5.22,3.87,1.69
SP1,2023-02-04,Ath Madrid,Getafe,1792.01,1617.01,7.0,10.0,0.0,3.0,1.0,1.0,D,0.0,0.0,D,12.0,9.0,4.0,1.0,11.0,18.0,8.0,0.0,3.0,5.0,0.0,0.0,1.42,4.24,9.63
SP1,2023-02-04,Betis,Celta,1763.14,1645.24,3.0,7.0,4.0,8.0,3.0,4.0,A,2.0,2.0,D,15.0,9.0,7.0,7.0,11.0,13.0,5.0,5.0,2.0,3.0,1.0,0.0,2.22,3.16,3.65
SP1,2023-02-05,Mallorca,Real Madrid,1620.85,1943.62,3.0,6.0,7.0,10.0,1.0,0.0,H,1.0,0.0,H,4.0,20.0,1.0,1.0,29.0,14.0,1.0,12.0,5.0,5.0,0.0,0.0,5.05,3.63,1.75
SP1,2023-02-05,Girona,Valencia,1604.73,1661.12,3.0,5.0,1.0,1.0,1.0,0.0,H,0.0,0.0,D,20.0,8.0,8.0,4.0,11.0,10.0,8.0,4.0,1.0,4.0,0.0,0.0,2.22,3.34,3.4
SP1,2023-02-05,Sociedad,Valladolid,1788.0,1605.55,7.0,13.0,3.0,3.0,0.0,1.0,A,0.0,0.0,D,15.0,7.0,4.0,2.0,17.0,14.0,0.0,4.0,4.0,5.0,0.0,0.0,1.43,4.4,8.29
SP1,2023-02-05,Barcelona,Sevilla,1887.04,1719.33,9.0,13.0,6.0,10.0,3.0,0.0,H,0.0,0.0,D,16.0,3.0,7.0,1.0,8.0,10.0,8.0,3.0,0.0,2.0,0.0,0.0,1.33,5.39,9.7
SP1,2023-02-06,Vallecano,Almeria,1644.48,1620.04,6.0,7.0,5.0,6.0,2.0,0.0,H,0.0,0.0,D,15.0,14.0,11.0,5.0,16.0,9.0,3.0,7.0,3.0,3.0,0.0,0.0,1.75,3.73,4.88
SP1,2023-02-10,Cadiz,Girona,1612.15,1604.73,3.0,7.0,3.0,7.0,2.0,0.0,H,2.0,0.0,H,12.0,7.0,3.0,1.0,17.0,11.0,5.0,6.0,4.0,4.0,0.0,0.0,3.06,3.18,2.5
SP1,2023-02-11,Almeria,Betis,1620.04,1763.14,4.0,5.0,3.0,6.0,2.0,3.0,A,1.0,2.0,A,16.0,12.0,9.0,7.0,12.0,10.0,8.0,2.0,2.0,3.0,0.0,0.0,2.91,3.35,2.48
SP1,2023-02-11,Sevilla,Mallorca,1719.33,1620.85,6.0,9.0,6.0,9.0,2.0,0.0,H,2.0,0.0,H,15.0,6.0,6.0,0.0,9.0,14.0,8.0,2.0,5.0,2.0,0.0,0.0,1.97,3.15,4.57
SP1,2023-02-11,Valencia,Ath Bilbao,1661.12,1704.54,0.0,1.0,3.0,4.0,1.0,2.0,A,1.0,1.0,D,18.0,11.0,8.0,3.0,11.0,17.0,7.0,1.0,2.0,2.0,0.0,0.0,3.01,3.25,2.48
SP1,2023-02-12,Getafe,Vallecano,1617.01,1644.48,1.0,1.0,6.0,9.0,1.0,1.0,D,0.0,1.0,A,13.0,19.0,4.0,4.0,21.0,19.0,5.0,6.0,4.0,4.0,1.0,0.0,2.87,2.83,2.92
SP1,2023-02-12,Celta,Ath Madrid,1645.24,1792.01,6.0,10.0,7.0,8.0,0.0,1.0,A,0.0,0.0,D,14.0,10.0,3.0,2.0,10.0,13.0,7.0,5.0,2.0,2.0,0.0,1.0,3.58,3.21,2.2
SP1,2023-02-12,Valladolid,Osasuna,1605.55,1661.52,6.0,6.0,2.0,6.0,0.0,0.0,D,0.0,0.0,D,18.0,15.0,5.0,4.0,13.0,16.0,10.0,4.0,1.0,3.0,0.0,0.0,2.8,3.06,2.76
SP1,2023-02-12,Villarreal,Barcelona,1764.66,1887.04,3.0,7.0,9.0,15.0,0.0,1.0,A,0.0,1.0,A,11.0,7.0,2.0,4.0,22.0,18.0,6.0,2.0,4.0,4.0,0.0,0.0,4.2,3.85,1.83
SP1,2023-02-13,Espanol,Sociedad,1625.73,1788.0,4.0,8.0,4.0,10.0,2.0,3.0,A,0.0,1.0,A,10.0,11.0,6.0,5.0,9.0,17.0,4.0,3.0,4.0,1.0,1.0,0.0,3.45,3.1,2.31
SP1,2023-02-15,Real Madrid,Elche,1931.71,1555.41,4.0,7.0,4.0,5.0,4.0,0.0,H,3.0,0.0,H,26.0,7.0,13.0,0.0,5.0,13.0,6.0,4.0,1.0,3.0,0.0,0.0,1.2,7.12,14.67
SP1,2023-02-17,Girona,Almeria,1603.09,1605.5,3.0,6.0,3.0,5.0,6.0,2.0,H,4.0,0.0,H,14.0,16.0,8.0,4.0,10.0,8.0,1.0,7.0,1.0,1.0,0.0,0.0,1.84,3.65,4.41
SP1,2023-02-18,Sociedad,Celta,1779.92,1651.28,4.0,10.0,6.0,7.0,1.0,1.0,D,1.0,0.0,H,9.0,18.0,3.0,4.0,14.0,12.0,3.0,7.0,3.0,5.0,0.0,1.0,1.8,3.44,5.03
SP1,2023-02-18,Betis,Valladolid,1750.37,1618.82,3.0,6.0,7.0,7.0,2.0,1.0,H,2.0,1.0,H,16.0,17.0,10.0,3.0,18.0,15.0,4.0,6.0,3.0,5.0,0.0,0.0,1.63,3.9,5.77
SP1,2023-02-18,Mallorca,Villarreal,1628.46,1741.49,3.0,6.0,0.0,4.0,4.0,2.0,H,2.0,1.0,H,13.0,8.0,5.0,4.0,19.0,8.0,4.0,4.0,5.0,0.0,0.0,1.0,3.34,2.94,2.47
SP1,2023-02-18,Osasuna,Real Madrid,1663.1,1931.71,2.0,6.0,6.0,10.0,0.0,2.0,A,0.0,0.0,D,11.0,11.0,4.0,6.0,17.0,7.0,5.0,5.0,3.0,2.0,0.0,0.0,4.54,3.64,1.82
SP1,2023-02-19,Elche,Espanol,1555.41,1618.94,3.0,5.0,1.0,7.0,0.0,1.0,A,0.0,0.0,D,19.0,11.0,5.0,4.0,11.0,12.0,10.0,5.0,2.0,3.0,1.0,0.0,2.89,3.14,2.63
SP1,2023-02-19,Vallecano,Sevilla,1653.69,1720.88,7.0,10.0,6.0,9.0,1.0,1.0,D,0.0,1.0,A,18.0,7.0,5.0,2.0,15.0,6.0,7.0,3.0,4.0,1.0,0.0,0.0,2.5,3.15,3.07
SP1,2023-02-19,Ath Madrid,Ath Bilbao,1792.56,1720.56,7.0,11.0,6.0,6.0,1.0,0.0,H,0.0,0.0,D,17.0,8.0,5.0,2.0,7.0,13.0,6.0,5.0,2.0,3.0,0.0,0.0,2.05,3.27,4.0
SP1,2023-02-19,Barcelona,Cadiz,1904.48,1613.87,9.0,15.0,6.0,7.0,2.0,0.0,H,2.0,0.0,H,16.0,14.0,5.0,4.0,15.0,18.0,5.0,6.0,2.0,3.0,0.0,0.0,1.19,7.09,14.96
SP1,2023-02-20,Getafe,Valencia,1621.92,1642.78,2.0,2.0,0.0,1.0,1.0,0.0,H,0.0,0.0,D,15.0,8.0,6.0,3.0,11.0,8.0,4.0,5.0,6.0,1.0,0.0,0.0,2.83,2.91,2.87
SP1,2023-02-24,Elche,Betis,1555.41,1750.37,3.0,4.0,6.0,9.0,2.0,3.0,A,2.0,0.0,H,4.0,21.0,2.0,9.0,16.0,9.0,3.0,3.0,4.0,1.0,2.0,0.0,3.7,3.41,2.09
SP1,2023-02-25,Espanol,Mallorca,1618.94,1628.46,4.0,7.0,6.0,9.0,2.0,1.0,H,1.0,1.0,D,9.0,15.0,3.0,4.0,15.0,18.0,0.0,4.0,2.0,2.0,0.0,0.0,2.58,2.93,3.19
SP1,2023-02-25,Cadiz,Vallecano,1613.87,1653.69,3.0,6.0,5.0,8.0,1.0,0.0,H,0.0,0.0,D,5.0,11.0,3.0,2.0,19.0,19.0,4.0,6.0,3.0,4.0,0.0,1.0,2.99,2.96,2.7
SP1,2023-02-25,Real Madrid,Ath Madrid,1931.71,1792.56,6.0,10.0,7.0,13.0,1.0,1.0,D,0.0,0.0,D,18.0,7.0,7.0,2.0,10.0,8.0,7.0,4.0,3.0,3.0,0.0,1.0,1.82,3.65,4.6
SP1,2023-02-25,Valencia,Sociedad,1642.78,1779.92,0.0,0.0,4.0,8.0,1.0,0.0,H,1.0,0.0,H,8.0,11.0,3.0,3.0,13.0,12.0,7.0,8.0,6.0,3.0,0.0,0.0,3.09,3.2,2.46
SP1,2023-02-26,Ath Bilbao,Girona,1720.56,1603.09,6.0,6.0,6.0,6.0,2.0,3.0,A,1.0,3.0,A,17.0,8.0,3.0,4.0,17.0,8.0,11.0,3.0,5.0,5.0,0.0,0.0,1.69,3.78,5.29
SP1,2023-02-26,Celta,Valladolid,1651.28,1618.82,4.0,7.0,4.0,7.0,3.0,0.0,H,2.0,0.0,H,18.0,6.0,4.0,3.0,6.0,5.0,5.0,4.0,1.0,3.0,0.0,1.0,1.68,3.77,5.49
SP1,2023-02-26,Almeria,Barcelona,1605.5,1904.48,0.0,4.0,9.0,15.0,1.0,0.0,H,1.0,0.0,H,7.0,14.0,4.0,1.0,13.0,11.0,4.0,7.0,3.0,3.0,0.0,0.0,6.87,4.9,1.44
SP1,2023-02-26,Sevilla,Osasuna,1720.88,1663.1,4.0,10.0,2.0,3.0,2.0,3.0,A,0.0,1.0,A,22.0,11.0,8.0,4.0,10.0,15.0,10.0,2.0,4.0,2.0,1.0,0.0,1.88,3.46,4.51
SP1,2023-02-27,Villarreal,Getafe,1741.49,1621.92,0.0,3.0,5.0,5.0,2.0,1.0,H,1.0,1.0,D,11.0,8.0,5.0,3.0,9.0,13.0,6.0,6.0,0.0,1.0,0.0,0.0,1.68,3.68,5.67
SP1,2023-03-03,Sociedad,Cadiz,1768.86,1623.01,4.0,5.0,6.0,9.0,0.0,0.0,D,0.0,0.0,D,15.0,6.0,3.0,2.0,18.0,18.0,4.0,0.0,0.0,1.0,0.0,0.0,1.53,3.93,7.47
SP1,2023-03-04,Getafe,Girona,1628.66,1632.32,4.0,5.0,6.0,9.0,3.0,2.0,H,3.0,0.0,H,10.0,9.0,6.0,7.0,24.0,11.0,3.0,3.0,5.0,4.0,0.0,0.0,2.79,2.96,2.89
SP1,2023-03-04,Almeria,Villarreal,1610.28,1736.2,3.0,6.0,3.0,3.0,0.0,2.0,A,0.0,0.0,D,6.0,16.0,0.0,6.0,11.0,10.0,2.0,10.0,2.0,4.0,0.0,0.0,3.43,3.66,2.09
SP1,2023-03-04,Mallorca,Elche,1639.05,1544.6,3.0,6.0,0.0,3.0,0.0,1.0,A,0.0,0.0,D,14.0,15.0,3.0,6.0,17.0,14.0,6.0,7.0,3.0,3.0,0.0,0.0,1.71,3.39,6.09
SP1,2023-03-04,Ath Madrid,Sevilla,1806.97,1721.93,7.0,11.0,4.0,7.0,6.0,1.0,H,2.0,1.0,H,18.0,8.0,8.0,1.0,12.0,11.0,7.0,3.0,1.0,4.0,0.0,1.0,1.7,3.65,5.46
SP1,2023-03-05,Valladolid,Espanol,1610.0,1637.77,1.0,7.0,6.0,7.0,2.0,1.0,H,1.0,0.0,H,15.0,12.0,5.0,2.0,4.0,11.0,9.0,6.0,3.0,2.0,0.0,0.0,2.55,3.21,2.93
SP1,2023-03-05,Barcelona,Valencia,1885.42,1649.65,6.0,12.0,3.0,3.0,1.0,0.0,H,1.0,0.0,H,13.0,13.0,4.0,1.0,11.0,13.0,5.0,2.0,0.0,0.0,1.0,0.0,1.53,4.33,6.25
SP1,2023-03-05,Vallecano,Ath Bilbao,1650.59,1707.28,2.0,8.0,3.0,6.0,0.0,0.0,D,0.0,0.0,D,18.0,16.0,2.0,3.0,9.0,17.0,7.0,9.0,1.0,0.0,0.0,1.0,3.04,3.13,2.53
SP1,2023-03-05,Betis,Real Madrid,1762.55,1951.17,9.0,9.0,7.0,10.0,0.0,0.0,D,0.0,0.0,D,8.0,15.0,4.0,5.0,12.0,13.0,5.0,3.0,3.0,4.0,0.0,0.0,4.58,3.88,1.76
SP1,2023-03-06,Osasuna,Celta,1674.13,1669.49,4.0,5.0,4.0,10.0,0.0,0.0,D,0.0,0.0,D,10.0,6.0,5.0,0.0,12.0,12.0,6.0,4.0,0.0,2.0,0.0,0.0,2.81,3.06,2.77
SP1,2023-03-10,Cadiz,Getafe,1623.01,1628.66,4.0,7.0,6.0,8.0,2.0,2.0,D,1.0,0.0,H,11.0,16.0,4.0,10.0,13.0,16.0,2.0,6.0,4.0,5.0,1.0,1.0,2.52,2.85,3.38
SP1,2023-03-11,Real Madrid,Espanol,1951.17,1637.77,5.0,8.0,6.0,7.0,3.0,1.0,H,2.0,1.0,H,22.0,10.0,7.0,3.0,12.0,17.0,7.0,4.0,3.0,2.0,0.0,0.0,1.26,6.0,11.6
SP1,2023-03-11,Elche,Valladolid,1544.6,1610.0,3.0,6.0,3.0,7.0,1.0,1.0,D,0.0,1.0,A,24.0,5.0,10.0,1.0,19.0,11.0,10.0,3.0,4.0,6.0,0.0,2.0,2.67,3.29,2.73
SP1,2023-03-11,Celta,Vallecano,1669.49,1650.59,5.0,8.0,2.0,6.0,3.0,0.0,H,0.0,0.0,D,15.0,12.0,6.0,3.0,13.0,12.0,3.0,7.0,2.0,3.0,0.0,0.0,2.11,3.19,3.9
SP1,2023-03-11,Valencia,Osasuna,1649.65,1674.13,3.0,3.0,4.0,6.0,1.0,0.0,H,0.0,0.0,D,8.0,7.0,4.0,0.0,8.0,19.0,12.0,3.0,2.0,5.0,0.0,0.0,2.1,3.2,3.89
SP1,2023-03-12,Mallorca,Sociedad,1639.05,1768.86,3.0,6.0,2.0,5.0,1.0,1.0,D,0.0,1.0,A,8.0,8.0,2.0,2.0,19.0,20.0,3.0,2.0,2.0,2.0,0.0,1.0,3.47,2.91,2.42
SP1,2023-03-12,Sevilla,Almeria,1721.93,1610.28,1.0,4.0,3.0,3.0,2.0,1.0,H,1.0,1.0,D,27.0,13.0,5.0,5.0,8.0,11.0,6.0,4.0,4.0,4.0,0.0,0.0,1.74,3.76,4.89
SP1,2023-03-12,Villarreal,Betis,1736.2,1762.55,6.0,6.0,7.0,10.0,1.0,1.0,D,0.0,1.0,A,15.0,6.0,4.0,3.0,8.0,11.0,2.0,4.0,3.0,2.0,0.0,0.0,1.98,3.62,3.75
SP1,2023-03-12,Ath Bilbao,Barcelona,1707.28,1885.42,1.0,7.0,6.0,12.0,0.0,1.0,A,0.0,1.0,A,15.0,10.0,5.0,2.0,13.0,7.0,5.0,3.0,2.0,1.0,0.0,0.0,3.49,3.34,2.18
SP1,2023-03-13,Girona,Ath Madrid,1632.32,1806.97,6.0,9.0,7.0,11.0,0.0,1.0,A,0.0,0.0,D,6.0,14.0,4.0,4.0,6.0,12.0,1.0,3.0,2.0,3.0,0.0,0.0,3.65,3.37,2.1
SP1,2023-03-17,Valladolid,Ath Bilbao,1614.39,1699.42,4.0,5.0,1.0,4.0,1.0,3.0,A,0.0,1.0,A,15.0,15.0,3.0,6.0,9.0,14.0,2.0,9.0,2.0,2.0,0.0,0.0,4.27,3.69,1.86
SP1,2023-03-18,Almeria,Cadiz,1594.38,1623.88,3.0,3.0,5.0,8.0,1.0,1.0,D,0.0,0.0,D,17.0,10.0,5.0,4.0,12.0,12.0,5.0,2.0,1.0,4.0,0.0,0.0,2.08,3.4,3.71
SP1,2023-03-18,Vallecano,Girona,1637.31,1618.03,1.0,3.0,3.0,6.0,2.0,2.0,D,2.0,1.0,H,15.0,12.0,3.0,4.0,15.0,16.0,3.0,5.0,2.0,2.0,0.0,0.0,2.08,3.39,3.72
SP1,2023-03-18,Espanol,Celta,1626.21,1678.74,3.0,6.0,7.0,8.0,1.0,3.0,A,0.0,2.0,A,11.0,8.0,3.0,4.0,11.0,12.0,4.0,1.0,2.0,2.0,0.0,0.0,2.88,3.19,2.6
SP1,2023-03-18,Ath Madrid,Valencia,1818.93,1651.75,7.0,13.0,6.0,6.0,3.0,0.0,H,1.0,0.0,H,14.0,9.0,6.0,1.0,12.0,9.0,4.0,2.0,2.0,0.0,0.0,0.0,1.57,3.95,6.53
SP1,2023-03-19,Betis,Mallorca,1757.17,1625.39,5.0,11.0,1.0,4.0,1.0,0.0,H,0.0,0.0,D,10.0,5.0,3.0,1.0,8.0,15.0,4.0,4.0,1.0,2.0,0.0,0.0,1.86,3.31,4.9
SP1,2023-03-19,Osasuna,Villarreal,1662.17,1741.02,4.0,5.0,7.0,7.0,0.0,3.0,A,0.0,1.0,A,10.0,12.0,2.0,6.0,15.0,7.0,7.0,1.0,3.0,2.0,0.0,0.0,3.09,3.19,2.46
SP1,2023-03-19,Sociedad,Elche,1749.91,1553.81,2.0,6.0,4.0,4.0,2.0,0.0,H,0.0,0.0,D,17.0,4.0,4.0,3.0,16.0,16.0,5.0,3.0,2.0,1.0,0.0,0.0,1.4,4.66,8.9
SP1,2023-03-19,Getafe,Sevilla,1634.07,1720.08,4.0,8.0,3.0,7.0,2.0,0.0,H,0.0,0.0,D,15.0,11.0,4.0,4.0,22.0,10.0,4.0,1.0,4.0,2.0,0.0,0.0,2.99,3.03,2.63
SP1,2023-03-19,Barcelona,Real Madrid,1890.01,1946.86,6.0,12.0,5.0,11.0,2.0,1.0,H,1.0,1.0,D,17.0,11.0,7.0,3.0,12.0,13.0,8.0,1.0,4.0,3.0,0.0,0.0,2.19,3.54,3.3
SP1,2023-03-31,Mallorca,Osasuna,1625.39,1662.17,1.0,4.0,1.0,4.0,0.0,0.0,D,0.0,0.0,D,10.0,11.0,1.0,2.0,19.0,17.0,2.0,3.0,7.0,3.0,1.0,0.0,2.23,2.87,4.02
SP1,2023-04-01,Girona,Espanol,1613.81,1607.37,1.0,7.0,0.0,6.0,2.0,1.0,H,0.0,0.0,D,14.0,5.0,4.0,1.0,12.0,16.0,5.0,2.0,4.0,2.0,0.0,1.0,1.94,3.46,4.15
SP1,2023-04-01,Ath Bilbao,Getafe,1703.75,1639.67,4.0,4.0,7.0,10.0,0.0,0.0,D,0.0,0.0,D,17.0,9.0,3.0,1.0,8.0,9.0,13.0,3.0,0.0,0.0,0.0,0.0,1.62,3.68,6.48
SP1,2023-04-01,Cadiz,Sevilla,1618.3,1701.57,3.0,6.0,3.0,4.0,0.0,2.0,A,0.0,0.0,D,14.0,11.0,3.0,5.0,9.0,14.0,8.0,4.0,3.0,4.0,0.0,0.0,3.37,3.13,2.34
SP1,2023-04-01,Elche,Barcelona,1543.34,1891.3,4.0,4.0,9.0,12.0,0.0,4.0,A,0.0,1.0,A,15.0,12.0,2.0,6.0,11.0,11.0,11.0,3.0,0.0,3.0,0.0,0.0,9.44,5.16,1.34
SP1,2023-04-02,Celta,Almeria,1684.16,1586.55,7.0,11.0,1.0,4.0,2.0,2.0,D,2.0,2.0,D,21.0,8.0,5.0,3.0,13.0,12.0,4.0,1.0,3.0,5.0,0.0,0.0,1.57,4.17,6.01
SP1,2023-04-02,Real Madrid,Valladolid,1937.62,1596.64,4.0,8.0,4.0,4.0,6.0,0.0,H,4.0,0.0,H,30.0,12.0,17.0,2.0,17.0,11.0,9.0,1.0,0.0,1.0,0.0,0.0,1.21,7.2,13.22
SP1,2023-04-02,Villarreal,Sociedad,1730.26,1742.13,7.0,10.0,5.0,6.0,2.0,0.0,H,0.0,0.0,D,16.0,16.0,4.0,3.0,12.0,19.0,4.0,4.0,5.0,3.0,1.0,0.0,2.4,3.21,3.16
SP1,2023-04-02,Ath Madrid,Betis,1817.4,1749.99,9.0,13.0,5.0,11.0,1.0,0.0,H,0.0,0.0,D,13.0,6.0,7.0,2.0,20.0,11.0,5.0,1.0,1.0,2.0,0.0,0.0,1.54,4.17,6.47
SP1,2023-04-03,Valencia,Vallecano,1639.87,1628.12,3.0,6.0,2.0,3.0,1.0,1.0,D,0.0,1.0,A,18.0,7.0,4.0,2.0,15.0,16.0,13.0,3.0,2.0,3.0,0.0,0.0,2.12,3.21,3.81
SP1,2023-04-07,Sevilla,Celta,1701.57,1684.16,6.0,6.0,7.0,11.0,2.0,2.0,D,1.0,0.0,H,7.0,9.0,2.0,4.0,11.0,9.0,8.0,3.0,6.0,2.0,2.0,0.0,2.19,3.36,3.47
SP1,2023-04-08,Osasuna,Elche,1641.97,1543.34,1.0,5.0,1.0,4.0,2.0,1.0,H,0.0,1.0,A,22.0,7.0,6.0,1.0,15.0,7.0,9.0,2.0,1.0,3.0,0.0,0.0,1.77,3.54,5.13
SP1,2023-04-08,Espanol,Ath Bilbao,1607.37,1703.75,0.0,3.0,4.0,5.0,1.0,2.0,A,0.0,1.0,A,9.0,12.0,2.0,7.0,14.0,18.0,8.0,7.0,6.0,4.0,1.0,0.0,3.48,3.22,2.24
SP1,2023-04-08,Sociedad,Getafe,1742.13,1639.67,4.0,5.0,5.0,8.0,2.0,0.0,H,1.0,0.0,H,11.0,6.0,6.0,4.0,11.0,9.0,3.0,2.0,2.0,1.0,0.0,0.0,1.7,3.44,6.1
SP1,2023-04-08,Real Madrid,Villarreal,1937.62,1730.26,6.0,8.0,7.0,13.0,2.0,3.0,A,1.0,1.0,D,18.0,17.0,4.0,8.0,8.0,19.0,6.0,7.0,0.0,3.0,0.0,0.0,1.53,4.51,5.93
SP1,2023-04-09,Valladolid,Mallorca,1596.64,1613.76,1.0,4.0,2.0,2.0,3.0,3.0,D,1.0,0.0,H,10.0,14.0,6.0,6.0,13.0,20.0,1.0,2.0,3.0,5.0,0.0,0.0,2.57,2.91,3.2
SP1,2023-04-09,Betis,Cadiz,1749.99,1618.3,4.0,8.0,2.0,6.0,0.0,2.0,A,0.0,0.0,D,9.0,15.0,3.0,4.0,18.0,16.0,5.0,6.0,3.0,3.0,2.0,0.0,1.67,3.74,5.64
SP1,2023-04-09,Almeria,Valencia,1586.55,1639.87,2.0,5.0,4.0,7.0,2.0,1.0,H,0.0,0.0,D,10.0,11.0,4.0,4.0,11.0,11.0,3.0,7.0,3.0,2.0,0.0,0.0,3.03,3.34,2.41
SP1,2023-04-09,Vallecano,Ath Madrid,1628.12,1817.4,2.0,3.0,9.0,13.0,1.0,2.0,A,0.0,2.0,A,15.0,14.0,3.0,4.0,8.0,7.0,8.0,2.0,0.0,0.0,1.0,0.0,4.45,3.45,1.89
SP1,2023-04-10,Barcelona,Girona,1891.3,1613.81,9.0,12.0,4.0,7.0,0.0,0.0,D,0.0,0.0,D,18.0,5.0,3.0,0.0,14.0,14.0,12.0,2.0,0.0,2.0,0.0,0.0,1.3,5.62,10.2
SP1,2023-04-14,Vallecano,Osasuna,1628.12,1641.97,2.0,3.0,4.0,5.0,2.0,1.0,H,2.0,0.0,H,12.0,8.0,3.0,4.0,18.0,16.0,2.0,3.0,2.0,3.0,0.0,0.0,2.21,3.11,3.73
SP1,2023-04-15,Villarreal,Valladolid,1756.9,1595.32,9.0,13.0,1.0,5.0,1.0,2.0,A,0.0,2.0,A,22.0,14.0,7.0,7.0,9.0,18.0,8.0,5.0,1.0,6.0,0.0,0.0,1.43,4.87,7.17
SP1,2023-04-15,Ath Bilbao,Sociedad,1710.18,1741.7,7.0,8.0,6.0,8.0,2.0,0.0,H,1.0,0.0,H,13.0,13.0,5.0,4.0,16.0,14.0,5.0,2.0,5.0,2.0,0.0,0.0,2.28,3.16,3.5
SP1,2023-04-15,Betis,Espanol,1729.27,1596.81,3.0,5.0,0.0,0.0,3.0,1.0,H,2.0,0.0,H,15.0,13.0,8.0,4.0,9.0,13.0,4.0,13.0,2.0,2.0,0.0,0.0,1.85,3.54,4.56
SP1,2023-04-15,Cadiz,Real Madrid,1628.63,1934.81,4.0,6.0,3.0,7.0,0.0,2.0,A,0.0,0.0,D,12.0,35.0,3.0,11.0,12.0,7.0,2.0,9.0,1.0,0.0,0.0,0.0,5.78,4.26,1.57
SP1,2023-04-16,Girona,Elche,1630.16,1537.29,5.0,5.0,0.0,4.0,2.0,0.0,H,1.0,0.0,H,14.0,13.0,4.0,5.0,9.0,14.0,3.0,4.0,3.0,3.0,0.0,1.0,1.53,4.28,6.34
SP1,2023-04-16,Getafe,Barcelona,1639.84,1891.25,4.0,8.0,7.0,13.0,0.0,0.0,D,0.0,0.0,D,5.0,15.0,1.0,3.0,13.0,12.0,1.0,5.0,2.0,1.0,0.0,0.0,6.13,3.87,1.61
SP1,2023-04-16,Ath Madrid,Almeria,1830.03,1601.18,9.0,15.0,5.0,5.0,2.0,1.0,H,2.0,1.0,H,19.0,2.0,7.0,0.0,7.0,8.0,9.0,2.0,3.0,3.0,0.0,0.0,1.23,6.35,13.07
SP1,2023-04-16,Valencia,Sevilla,1632.96,1715.59,1.0,4.0,4.0,7.0,0.0,2.0,A,0.0,0.0,D,13.0,6.0,3.0,3.0,10.0,17.0,6.0,2.0,1.0,4.0,1.0,0.0,2.19,3.27,3.57
SP1,2023-04-17,Celta,Mallorca,1685.35,1617.92,5.0,9.0,2.0,3.0,0.0,1.0,A,0.0,1.0,A,12.0,8.0,3.0,2.0,10.0,19.0,7.0,5.0,2.0,1.0,1.0,0.0,1.81,3.33,5.21
SP1,2023-04-21,Espanol,Cadiz,1596.81,1628.63,0.0,0.0,3.0,5.0,0.0,0.0,D,0.0,0.0,D,14.0,11.0,5.0,2.0,8.0,22.0,6.0,3.0,4.0,2.0,0.0,0.0,2.08,3.32,3.84
SP1,2023-04-22,Osasuna,Betis,1641.82,1729.27,4.0,4.0,3.0,7.0,3.0,2.0,H,3.0,1.0,H,10.0,21.0,5.0,6.0,20.0,13.0,5.0,13.0,2.0,0.0,0.0,0.0,2.64,3.12,2.9
SP1,2023-04-22,Almeria,Ath Bilbao,1601.18,1710.18,4.0,5.0,7.0,10.0,1.0,2.0,A,0.0,1.0,A,12.0,14.0,4.0,3.0,8.0,20.0,3.0,4.0,2.0,4.0,0.0,0.0,4.11,3.68,1.88
SP1,2023-04-22,Sociedad,Vallecano,1741.7,1635.24,3.0,7.0,4.0,5.0,2.0,1.0,H,0.0,0.0,D,7.0,7.0,1.0,2.0,18.0,19.0,3.0,3.0,1.0,2.0,0.0,0.0,1.67,3.65,5.81
SP1,2023-04-22,Valladolid,Girona,1595.32,1630.16,4.0,5.0,7.0,8.0,1.0,0.0,H,1.0,0.0,H,15.0,12.0,6.0,6.0,14.0,9.0,5.0,7.0,1.0,1.0,0.0,0.0,2.47,3.42,2.87
SP1,2023-04-22,Real Madrid,Celta,1934.81,1685.35,6.0,9.0,2.0,8.0,2.0,0.0,H,1.0,0.0,H,17.0,12.0,5.0,2.0,10.0,10.0,8.0,3.0,1.0,2.0,0.0,0.0,1.37,5.25,8.16
SP1,2023-04-23,Elche,Valencia,1537.29,1632.96,0.0,1.0,1.0,4.0,0.0,2.0,A,0.0,2.0,A,7.0,5.0,1.0,3.0,12.0,6.0,11.0,6.0,3.0,1.0,0.0,0.0,4.35,3.5,1.89
SP1,2023-04-23,Barcelona,Ath Madrid,1891.25,1830.03,5.0,11.0,9.0,15.0,1.0,0.0,H,1.0,0.0,H,13.0,13.0,4.0,3.0,15.0,16.0,3.0,3.0,4.0,7.0,0.0,0.0,1.97,3.43,4.09
SP1,2023-04-23,Mallorca,Getafe,1617.92,1639.84,5.0,6.0,2.0,6.0,3.0,1.0,H,0.0,1.0,A,8.0,3.0,4.0,1.0,15.0,18.0,2.0,2.0,2.0,3.0,0.0,0.0,2.35,2.81,3.79
SP1,2023-04-23,Sevilla,Villarreal,1715.59,1756.9,7.0,10.0,6.0,10.0,2.0,1.0,H,1.0,0.0,H,17.0,17.0,4.0,5.0,12.0,10.0,5.0,3.0,1.0,2.0,0.0,0.0,2.82,3.38,2.53
SP1,2023-04-25,Cadiz,Osasuna,1628.63,1641.82,4.0,5.0,6.0,7.0,0.0,1.0,A,0.0,0.0,D,20.0,6.0,4.0,4.0,8.0,15.0,11.0,2.0,0.0,1.0,0.0,1.0,2.37,3.14,3.33
SP1,2023-04-25,Girona,Real Madrid,1630.16,1934.81,4.0,8.0,6.0,9.0,4.0,2.0,H,2.0,1.0,H,13.0,18.0,5.0,3.0,7.0,6.0,3.0,8.0,1.0,2.0,0.0,0.0,5.45,4.39,1.58
SP1,2023-04-25,Betis,Sociedad,1729.27,1741.7,3.0,6.0,6.0,9.0,0.0,0.0,D,0.0,0.0,D,10.0,10.0,1.0,3.0,13.0,23.0,2.0,4.0,1.0,3.0,0.0,0.0,2.84,3.22,2.65
SP1,2023-04-26,Ath Madrid,Mallorca,1830.03,1617.92,6.0,12.0,7.0,8.0,3.0,1.0,H,1.0,1.0,D,24.0,6.0,9.0,2.0,10.0,9.0,5.0,8.0,0.0,0.0,0.0,0.0,1.42,4.25,9.22
SP1,2023-04-26,Getafe,Almeria,1639.84,1601.18,1.0,5.0,3.0,5.0,1.0,2.0,A,0.0,1.0,A,21.0,23.0,9.0,11.0,15.0,9.0,4.0,6.0,2.0,2.0,1.0,0.0,1.89,3.44,4.44
SP1,2023-04-26,Celta,Elche,1685.35,1537.29,1.0,5.0,0.0,0.0,1.0,0.0,H,0.0,0.0,D,17.0,16.0,9.0,1.0,9.0,12.0,10.0,6.0,0.0,0.0,0.0,0.0,1.33,5.16,10.21
SP1,2023-04-26,Vallecano,Barcelona,1635.24,1891.25,3.0,5.0,5.0,11.0,2.0,1.0,H,1.0,0.0,H,9.0,10.0,6.0,5.0,10.0,14.0,3.0,9.0,1.0,4.0,0.0,0.0,4.9,3.72,1.75
SP1,2023-04-27,Valencia,Valladolid,1632.96,1595.32,3.0,4.0,7.0,7.0,2.0,1.0,H,0.0,1.0,A,18.0,8.0,5.0,2.0,16.0,17.0,6.0,2.0,0.0,4.0,0.0,0.0,1.75,3.77,4.77
SP1,2023-04-27,Villarreal,Espanol,1756.9,1596.81,3.0,9.0,1.0,1.0,4.0,2.0,H,0.0,1.0,A,31.0,13.0,13.0,4.0,14.0,10.0,9.0,2.0,2.0,4.0,0.0,1.0,1.6,4.05,5.75
SP1,2023-04-27,Ath Bilbao,Sevilla,1710.18,1715.59,9.0,13.0,7.0,10.0,0.0,1.0,A,0.0,0.0,D,7.0,4.0,2.0,1.0,7.0,11.0,8.0,2.0,3.0,3.0,0.0,0.0,1.79,3.65,4.69
SP1,2023-04-28,Osasuna,Sociedad,1641.82,1741.7,6.0,10.0,4.0,7.0,0.0,2.0,A,0.0,1.0,A,13.0,12.0,1.0,8.0,12.0,15.0,4.0,2.0,3.0,1.0,0.0,0.0,3.84,3.01,2.22
SP1,2023-04-29,Elche,Vallecano,1537.29,1635.24,0.0,0.0,6.0,7.0,4.0,0.0,H,1.0,0.0,H,18.0,14.0,9.0,3.0,13.0,16.0,3.0,8.0,1.0,2.0,0.0,1.0,4.66,3.54,1.83
SP1,2023-04-29,Real Madrid,Almeria,1934.81,1601.18,6.0,9.0,3.0,7.0,4.0,2.0,H,3.0,1.0,H,15.0,9.0,12.0,3.0,12.0,16.0,7.0,0.0,2.0,2.0,0.0,0.0,1.16,8.52,16.07
SP1,2023-04-29,Barcelona,Betis,1891.25,1729.27,4.0,8.0,4.0,4.0,4.0,0.0,H,3.0,0.0,H,15.0,4.0,8.0,1.0,10.0,9.0,10.0,0.0,0.0,2.0,0.0,1.0,1.34,5.22,9.1
SP1,2023-04-30,Cadiz,Valencia,1628.63,1632.96,1.0,4.0,6.0,7.0,2.0,1.0,H,1.0,0.0,H,8.0,16.0,4.0,4.0,14.0,10.0,5.0,6.0,6.0,2.0,0.0,0.0,3.02,3.19,2.49
SP1,2023-04-30,Villarreal,Celta,1756.9,1685.35,3.0,9.0,3.0,5.0,3.0,1.0,H,2.0,1.0,H,9.0,14.0,3.0,5.0,12.0,11.0,4.0,9.0,1.0,4.0,0.0,0.0,1.82,3.77,4.32
SP1,2023-04-30,Espanol,Getafe,1596.81,1639.84,1.0,1.0,1.0,2.0,1.0,0.0,H,1.0,0.0,H,17.0,7.0,8.0,2.0,12.0,23.0,6.0,3.0,3.0,5.0,0.0,0.0,2.42,3.0,3.35
SP1,2023-04-30,Valladolid,Ath Madrid,1595.32,1830.03,6.0,7.0,6.0,12.0,2.0,5.0,A,1.0,3.0,A,19.0,9.0,6.0,6.0,14.0,8.0,9.0,1.0,2.0,1.0,0.0,0.0,5.21,4.01,1.66
SP1,2023-05-01,Mallorca,Ath Bilbao,1645.74,1728.09,6.0,8.0,6.0,10.0,1.0,1.0,D,0.0,0.0,D,9.0,16.0,2.0,6.0,17.0,9.0,5.0,7.0,4.0,2.0,0.0,0.0,3.64,2.98,2.29
SP1,2023-05-01,Sevilla,Girona,1778.19,1658.96,9.0,13.0,6.0,10.0,0.0,2.0,A,0.0,1.0,A,23.0,9.0,5.0,3.0,14.0,11.0,6.0,1.0,1.0,1.0,0.0,0.0,1.99,3.5,3.87
SP1,2023-05-02,Almeria,Elche,1611.84,1546.88,3.0,6.0,3.0,3.0,2.0,1.0,H,1.0,0.0,H,10.0,14.0,4.0,1.0,8.0,9.0,7.0,13.0,2.0,2.0,0.0,0.0,1.62,4.33,5.21
SP1,2023-05-02,Barcelona,Osasuna,1895.02,1658.82,6.0,8.0,6.0,9.0,1.0,0.0,H,0.0,0.0,D,21.0,7.0,4.0,2.0,7.0,10.0,11.0,0.0,0.0,0.0,0.0,1.0,1.16,7.76,18.74
SP1,2023-05-02,Sociedad,Real Madrid,1758.76,1939.63,7.0,10.0,6.0,9.0,2.0,0.0,H,0.0,0.0,D,9.0,10.0,4.0,5.0,17.0,9.0,2.0,6.0,1.0,5.0,0.0,1.0,2.54,3.35,2.87
SP1,2023-05-03,Valencia,Villarreal,1641.69,1758.6,6.0,6.0,6.0,9.0,1.0,1.0,D,0.0,0.0,D,8.0,11.0,1.0,4.0,14.0,13.0,6.0,6.0,4.0,2.0,0.0,0.0,2.76,3.43,2.56
SP1,2023-05-03,Ath Madrid,Cadiz,1848.68,1633.1,6.0,12.0,4.0,7.0,5.0,1.0,H,2.0,0.0,H,18.0,2.0,8.0,1.0,12.0,9.0,5.0,2.0,3.0,2.0,0.0,0.0,1.28,5.69,12.11
SP1,2023-05-03,Getafe,Celta,1626.6,1677.97,0.0,1.0,3.0,4.0,1.0,0.0,H,1.0,0.0,H,14.0,7.0,4.0,1.0,21.0,14.0,1.0,5.0,7.0,5.0,0.0,1.0,2.56,2.99,3.14
SP1,2023-05-04,Girona,Mallorca,1658.96,1645.74,6.0,10.0,4.0,8.0,2.0,1.0,H,1.0,0.0,H,17.0,8.0,7.0,2.0,9.0,13.0,9.0,5.0,4.0,0.0,0.0,0.0,2.13,3.23,3.79
SP1,2023-05-04,Sevilla,Espanol,1778.19,1603.62,6.0,10.0,4.0,4.0,3.0,2.0,H,1.0,2.0,A,18.0,7.0,6.0,3.0,15.0,11.0,9.0,0.0,1.0,2.0,0.0,0.0,1.86,3.58,4.36
SP1,2023-05-04,Ath Bilbao,Betis,1728.09,1727.57,4.0,10.0,1.0,4.0,0.0,1.0,A,0.0,1.0,A,21.0,12.0,6.0,2.0,13.0,7.0,13.0,2.0,1.0,3.0,1.0,0.0,1.7,3.87,5.15
SP1,2023-05-04,Vallecano,Valladolid,1634.81,1612.17,3.0,6.0,3.0,7.0,2.0,1.0,H,0.0,0.0,D,16.0,7.0,6.0,4.0,18.0,15.0,3.0,4.0,0.0,0.0,0.0,0.0,1.79,3.73,4.59
SP1,2023-05-12,Mallorca,Cadiz,1645.74,1633.1,1.0,7.0,3.0,4.0,1.0,0.0,H,1.0,0.0,H,8.0,14.0,3.0,4.0,16.0,14.0,3.0,7.0,5.0,3.0,0.0,0.0,2.19,2.99,3.95
SP1,2023-05-13,Sociedad,Girona,1758.76,1658.96,7.0,10.0,9.0,12.0,2.0,2.0,D,2.0,2.0,D,18.0,13.0,6.0,6.0,22.0,13.0,7.0,4.0,5.0,3.0,0.0,1.0,1.65,3.91,5.47
SP1,2023-05-13,Osasuna,Almeria,1658.82,1611.84,3.0,6.0,6.0,6.0,3.0,1.0,H,0.0,0.0,D,18.0,8.0,7.0,3.0,7.0,7.0,4.0,1.0,0.0,0.0,0.0,0.0,2.09,3.55,3.53
SP1,2023-05-13,Villarreal,Ath Bilbao,1758.6,1728.09,7.0,7.0,1.0,7.0,5.0,1.0,H,2.0,1.0,H,17.0,11.0,11.0,5.0,11.0,13.0,7.0,5.0,4.0,3.0,0.0,0.0,2.17,3.5,3.39
SP1,2023-05-13,Real Madrid,Getafe,1939.63,1626.6,3.0,9.0,3.0,4.0,1.0,0.0,H,0.0,0.0,D,16.0,9.0,3.0,2.0,5.0,23.0,1.0,3.0,1.0,4.0,0.0,0.0,1.57,4.1,6.1
SP1,2023-05-14,Celta,Valencia,1677.97,1641.69,3.0,3.0,4.0,7.0,1.0,2.0,A,0.0,1.0,A,10.0,12.0,6.0,5.0,13.0,19.0,5.0,4.0,3.0,5.0,0.0,1.0,2.28,3.22,3.37
SP1,2023-05-14,Elche,Ath Madrid,1546.88,1848.68,3.0,3.0,9.0,12.0,1.0,0.0,H,1.0,0.0,H,15.0,13.0,4.0,4.0,16.0,3.0,3.0,5.0,2.0,0.0,0.0,0.0,8.74,5.11,1.36
SP1,2023-05-14,Valladolid,Sevilla,1612.17,1778.19,0.0,6.0,6.0,12.0,0.0,3.0,A,0.0,0.0,D,28.0,17.0,6.0,5.0,9.0,16.0,8.0,3.0,2.0,1.0,0.0,0.0,2.24,3.52,3.16
SP1,2023-05-14,Espanol,Barcelona,1603.62,1895.02,3.0,4.0,6.0,10.0,2.0,4.0,A,0.0,3.0,A,15.0,15.0,7.0,5.0,12.0,9.0,4.0,3.0,1.0,3.0,0.0,0.0,5.28,4.06,1.64
SP1,2023-05-15,Betis,Vallecano,1738.28,1641.04,4.0,7.0,6.0,9.0,3.0,1.0,H,2.0,0.0,H,11.0,16.0,5.0,4.0,11.0,9.0,6.0,5.0,3.0,2.0,0.0,1.0,1.92,3.52,4.15
SP1,2023-05-19,Cadiz,Valladolid,1623.29,1597.02,3.0,4.0,0.0,3.0,2.0,0.0,H,0.0,0.0,D,11.0,6.0,4.0,2.0,18.0,18.0,4.0,3.0,4.0,4.0,0.0,1.0,2.22,3.41,3.36
SP1,2023-05-20,Girona,Villarreal,1687.72,1768.63,7.0,10.0,7.0,10.0,1.0,2.0,A,1.0,1.0,D,9.0,10.0,3.0,5.0,16.0,11.0,3.0,1.0,2.0,1.0,0.0,0.0,2.86,3.73,2.36
SP1,2023-05-20,Ath Bilbao,Celta,1707.85,1660.18,1.0,4.0,0.0,3.0,2.0,1.0,H,1.0,0.0,H,10.0,8.0,3.0,3.0,17.0,12.0,8.0,5.0,4.0,1.0,0.0,0.0,1.67,3.87,5.44
SP1,2023-05-20,Almeria,Mallorca,1609.72,1647.17,3.0,6.0,4.0,7.0,3.0,0.0,H,2.0,0.0,H,12.0,7.0,3.0,3.0,11.0,15.0,4.0,6.0,1.0,2.0,0.0,0.0,2.29,3.32,3.29
SP1,2023-05-20,Getafe,Elche,1633.31,1556.78,3.0,3.0,6.0,6.0,1.0,1.0,D,1.0,1.0,D,9.0,13.0,5.0,4.0,19.0,11.0,5.0,6.0,3.0,1.0,0.0,0.0,1.51,4.09,7.46
SP1,2023-05-20,Barcelona,Sociedad,1902.24,1770.53,9.0,12.0,7.0,11.0,1.0,2.0,A,0.0,1.0,A,13.0,13.0,4.0,6.0,8.0,16.0,8.0,2.0,4.0,4.0,0.0,0.0,1.85,3.7,4.33
SP1,2023-05-21,Vallecano,Espanol,1641.04,1596.8,3.0,6.0,3.0,4.0,1.0,2.0,A,1.0,1.0,D,15.0,10.0,5.0,6.0,8.0,11.0,4.0,4.0,2.0,2.0,0.0,0.0,2.17,3.46,3.42
SP1,2023-05-21,Ath Madrid,Osasuna,1840.01,1664.89,6.0,9.0,3.0,9.0,3.0,0.0,H,1.0,0.0,H,15.0,12.0,5.0,2.0,6.0,11.0,8.0,10.0,0.0,2.0,0.0,0.0,1.38,4.98,8.57
SP1,2023-05-21,Valencia,Real Madrid,1654.5,1925.82,4.0,10.0,6.0,9.0,1.0,0.0,H,1.0,0.0,H,12.0,13.0,6.0,5.0,13.0,4.0,2.0,9.0,4.0,2.0,0.0,1.0,3.17,3.62,2.21
SP1,2023-05-21,Sevilla,Betis,1776.45,1738.28,6.0,12.0,6.0,7.0,0.0,0.0,D,0.0,0.0,D,10.0,5.0,4.0,0.0,14.0,11.0,4.0,3.0,2.0,2.0,0.0,1.0,2.35,3.38,3.12
SP1,2023-05-23,Celta,Girona,1660.18,1687.72,0.0,3.0,4.0,10.0,1.0,1.0,D,1.0,0.0,H,16.0,11.0,7.0,4.0,13.0,13.0,9.0,3.0,0.0,0.0,0.0,0.0,2.03,3.49,3.79
SP1,2023-05-23,Sociedad,Almeria,1770.53,1609.72,7.0,11.0,6.0,9.0,1.0,0.0,H,1.0,0.0,H,15.0,2.0,2.0,2.0,20.0,8.0,10.0,2.0,0.0,1.0,0.0,1.0,1.37,5.13,8.39
SP1,2023-05-23,Valladolid,Barcelona,1597.02,1902.24,0.0,0.0,6.0,9.0,3.0,1.0,H,2.0,0.0,H,8.0,16.0,4.0,6.0,13.0,9.0,2.0,6.0,1.0,0.0,0.0,0.0,3.59,3.83,1.99
SP1,2023-05-24,Elche,Sevilla,1556.78,1776.45,4.0,7.0,7.0,10.0,1.0,1.0,D,1.0,1.0,D,20.0,9.0,7.0,3.0,12.0,10.0,9.0,5.0,1.0,4.0,0.0,1.0,4.04,3.74,1.89
SP1,2023-05-24,Real Madrid,Vallecano,1925.82,1641.04,3.0,6.0,3.0,6.0,2.0,1.0,H,1.0,0.0,H,12.0,15.0,3.0,6.0,11.0,14.0,5.0,2.0,1.0,3.0,0.0,0.0,1.65,4.19,5.07
SP1,2023-05-24,Villarreal,Cadiz,1768.63,1623.29,7.0,13.0,3.0,6.0,2.0,0.0,H,2.0,0.0,H,13.0,16.0,7.0,8.0,14.0,8.0,7.0,6.0,1.0,2.0,0.0,0.0,1.49,4.5,6.6
SP1,2023-05-24,Betis,Getafe,1738.28,1633.31,7.0,8.0,4.0,4.0,0.0,1.0,A,0.0,0.0,D,11.0,9.0,4.0,2.0,8.0,12.0,2.0,5.0,2.0,5.0,1.0,0.0,2.06,3.22,4.05
SP1,2023-05-24,Espanol,Ath Madrid,1596.8,1840.01,3.0,6.0,6.0,12.0,3.0,3.0,D,0.0,2.0,A,26.0,16.0,13.0,7.0,6.0,9.0,16.0,1.0,2.0,3.0,0.0,0.0,2.94,3.57,2.36
SP1,2023-05-25,Mallorca,Valencia,1647.17,1654.5,3.0,4.0,7.0,10.0,1.0,0.0,H,0.0,0.0,D,4.0,15.0,3.0,5.0,15.0,12.0,2.0,4.0,4.0,2.0,0.0,0.0,3.4,2.97,2.41
SP1,2023-05-25,Osasuna,Ath Bilbao,1664.89,1707.85,3.0,6.0,3.0,4.0,2.0,0.0,H,0.0,0.0,D,9.0,10.0,3.0,5.0,17.0,13.0,3.0,6.0,3.0,3.0,0.0,0.0,3.02,3.32,2.43
SP1,2023-05-27,Sevilla,Real Madrid,1776.45,1925.82,5.0,8.0,6.0,9.0,1.0,2.0,A,1.0,1.0,D,11.0,6.0,1.0,3.0,23.0,10.0,1.0,1.0,2.0,4.0,1.0,0.0,2.87,3.46,2.44
SP1,2023-05-28,Almeria,Valladolid,1609.72,1597.02,3.0,6.0,3.0,3.0,0.0,0.0,D,0.0,0.0,D,23.0,8.0,7.0,2.0,11.0,16.0,2.0,4.0,0.0,4.0,0.0,0.0,2.28,3.56,3.06
SP1,2023-05-28,Ath Bilbao,Elche,1707.85,1556.78,3.0,4.0,5.0,8.0,0.0,1.0,A,0.0,0.0,D,27.0,6.0,8.0,2.0,7.0,10.0,19.0,3.0,1.0,1.0,0.0,0.0,1.32,5.37,9.45
SP1,2023-05-28,Ath Madrid,Sociedad,1840.01,1770.53,4.0,10.0,7.0,13.0,2.0,1.0,H,1.0,0.0,H,11.0,10.0,5.0,5.0,8.0,10.0,6.0,4.0,2.0,2.0,0.0,0.0,2.05,3.5,3.68
SP1,2023-05-28,Barcelona,Mallorca,1902.24,1647.17,3.0,9.0,6.0,7.0,3.0,0.0,H,2.0,0.0,H,28.0,3.0,9.0,1.0,4.0,9.0,14.0,3.0,0.0,0.0,0.0,1.0,1.32,5.42,9.38
SP1,2023-05-28,Cadiz,Celta,1623.29,1660.18,3.0,6.0,1.0,1.0,1.0,0.0,H,0.0,0.0,D,13.0,9.0,3.0,4.0,16.0,10.0,3.0,3.0,9.0,5.0,0.0,0.0,2.63,3.22,2.81
SP1,2023-05-28,Getafe,Osasuna,1633.31,1664.89,4.0,7.0,6.0,6.0,2.0,1.0,H,1.0,1.0,D,16.0,10.0,6.0,2.0,11.0,6.0,1.0,1.0,3.0,1.0,0.0,0.0,2.23,3.11,3.58
SP1,2023-05-28,Girona,Betis,1687.72,1738.28,2.0,8.0,4.0,7.0,1.0,2.0,A,1.0,0.0,H,9.0,18.0,3.0,7.0,14.0,12.0,8.0,5.0,0.0,1.0,0.0,0.0,2.0,3.59,3.69
SP1,2023-05-28,Valencia,Espanol,1654.5,1596.8,6.0,7.0,4.0,7.0,2.0,2.0,D,1.0,1.0,D,19.0,9.0,4.0,5.0,12.0,12.0,10.0,3.0,0.0,4.0,0.0,0.0,2.01,3.62,3.64
SP1,2023-05-28,Vallecano,Villarreal,1641.04,1768.63,0.0,3.0,9.0,13.0,2.0,1.0,H,0.0,0.0,D,15.0,7.0,4.0,2.0,9.0,9.0,4.0,6.0,3.0,5.0,0.0,0.0,3.01,3.7,2.25
SP1,2023-06-04,Mallorca,Vallecano,1639.14,1633.77,3.0,6.0,3.0,6.0,3.0,0.0,H,0.0,0.0,D,8.0,20.0,4.0,4.0,14.0,15.0,2.0,6.0,0.0,0.0,0.0,0.0,3.1,3.33,2.36
SP1,2023-06-04,Osasuna,Girona,1664.39,1673.22,3.0,6.0,1.0,5.0,2.0,1.0,H,0.0,0.0,D,14.0,11.0,7.0,6.0,12.0,9.0,5.0,2.0,1.0,5.0,0.0,0.0,2.13,3.54,3.41
SP1,2023-06-04,Real Madrid,Ath Bilbao,1913.45,1689.72,6.0,9.0,3.0,3.0,1.0,1.0,D,0.0,0.0,D,9.0,15.0,2.0,9.0,11.0,14.0,5.0,6.0,2.0,2.0,0.0,0.0,1.93,3.88,3.73
SP1,2023-06-04,Sociedad,Sevilla,1782.5,1774.2,6.0,10.0,2.0,8.0,2.0,1.0,H,1.0,0.0,H,17.0,9.0,6.0,4.0,10.0,13.0,5.0,2.0,0.0,1.0,0.0,0.0,1.71,4.03,4.68
SP1,2023-06-04,Villarreal,Ath Madrid,1771.65,1846.27,6.0,10.0,7.0,10.0,2.0,2.0,D,1.0,1.0,D,22.0,9.0,7.0,3.0,9.0,12.0,12.0,1.0,3.0,2.0,0.0,1.0,2.69,3.65,2.51
SP1,2023-06-04,Betis,Valencia,1743.65,1657.57,4.0,10.0,4.0,8.0,1.0,1.0,D,1.0,0.0,H,8.0,10.0,3.0,3.0,11.0,11.0,5.0,4.0,3.0,0.0,0.0,1.0,2.78,3.59,2.46
SP1,2023-06-04,Celta,Barcelona,1647.53,1874.02,1.0,1.0,3.0,9.0,2.0,1.0,H,1.0,0.0,H,12.0,9.0,9.0,2.0,13.0,9.0,2.0,4.0,2.0,2.0,0.0,0.0,2.63,3.68,2.54
SP1,2023-06-04,Elche,Cadiz,1578.96,1634.18,5.0,8.0,6.0,6.0,1.0,1.0,D,0.0,1.0,A,12.0,14.0,5.0,3.0,18.0,8.0,7.0,4.0,4.0,3.0,0.0,0.0,2.67,3.4,2.65
SP1,2023-06-04,Espanol,Almeria,1616.29,1617.23,5.0,5.0,4.0,7.0,3.0,3.0,D,1.0,1.0,D,12.0,11.0,8.0,4.0,11.0,12.0,7.0,6.0,2.0,3.0,0.0,0.0,2.78,3.74,2.4
SP1,2023-06-04,Valladolid,Getafe,1611.77,1649.97,4.0,4.0,7.0,10.0,0.0,0.0,D,0.0,0.0,D,15.0,4.0,0.0,1.0,9.0,25.0,6.0,1.0,1.0,3.0,0.0,0.0,2.22,3.31,3.4
SP1,2023-08-11,Almeria,Vallecano,1619.36,1623.35,2.0,5.0,3.0,3.0,0.0,2.0,A,0.0,2.0,A,19.0,10.0,5.0,4.0,16.0,25.0,8.0,3.0,1.0,3.0,0.0,0.0,2.54,3.26,2.92
SP1,2023-08-11,Sevilla,Valencia,1768.19,1661.93,1.0,5.0,2.0,8.0,1.0,2.0,A,0.0,0.0,D,9.0,10.0,3.0,3.0,15.0,17.0,8.0,1.0,3.0,2.0,1.0,0.0,1.93,3.4,4.33
SP1,2023-08-12,Sociedad,Girona,1788.51,1666.84,6.0,10.0,1.0,2.0,1.0,1.0,D,1.0,0.0,H,15.0,6.0,2.0,1.0,22.0,9.0,4.0,1.0,2.0,5.0,0.0,0.0,1.63,3.97,5.58
SP1,2023-08-12,Las Palmas,Mallorca,1576.27,1649.57,5.0,9.0,6.0,9.0,1.0,1.0,D,1.0,0.0,H,5.0,12.0,2.0,2.0,11.0,21.0,3.0,6.0,3.0,2.0,0.0,0.0,2.44,3.0,3.31
SP1,2023-08-12,Ath Bilbao,Real Madrid,1696.7,1906.47,1.0,4.0,7.0,10.0,0.0,2.0,A,0.0,2.0,A,7.0,14.0,1.0,8.0,18.0,6.0,7.0,5.0,3.0,1.0,0.0,0.0,3.4,3.52,2.15
SP1,2023-08-13,Celta,Osasuna,1659.41,1670.77,4.0,4.0,6.0,9.0,0.0,2.0,A,0.0,1.0,A,11.0,11.0,1.0,5.0,11.0,15.0,7.0,2.0,1.0,1.0,0.0,0.0,2.12,3.23,3.8
SP1,2023-08-13,Villarreal,Betis,1771.6,1739.29,4.0,10.0,4.0,8.0,1.0,2.0,A,0.0,1.0,A,18.0,12.0,5.0,5.0,13.0,17.0,9.0,4.0,1.0,3.0,0.0,0.0,1.77,3.93,4.4
SP1,2023-08-13,Getafe,Barcelona,1651.06,1862.14,7.0,8.0,3.0,6.0,0.0,0.0,D,0.0,0.0,D,5.0,14.0,2.0,4.0,20.0,11.0,3.0,4.0,8.0,2.0,1.0,1.0,6.35,3.99,1.57
SP1,2023-08-14,Cadiz,Alaves,1634.79,1598.6,4.0,7.0,5.0,6.0,1.0,0.0,H,1.0,0.0,H,12.0,10.0,3.0,2.0,19.0,15.0,2.0,4.0,3.0,2.0,1.0,0.0,2.19,3.06,3.79
SP1,2023-08-14,Ath Madrid,Granada,1846.32,1620.59,5.0,8.0,9.0,11.0,3.0,1.0,H,1.0,0.0,H,14.0,7.0,6.0,4.0,15.0,9.0,3.0,3.0,3.0,1.0,0.0,0.0,1.3,5.49,10.27
SP1,2023-08-18,Mallorca,Villarreal,1649.64,1760.69,4.0,7.0,1.0,7.0,0.0,1.0,A,0.0,0.0,D,8.0,15.0,1.0,3.0,12.0,11.0,6.0,5.0,2.0,4.0,0.0,0.0,2.95,3.11,2.63
SP1,2023-08-18,Valencia,Las Palmas,1674.64,1576.2,5.0,8.0,5.0,9.0,1.0,0.0,H,0.0,0.0,D,9.0,7.0,4.0,1.0,12.0,6.0,6.0,4.0,0.0,0.0,0.0,0.0,1.59,3.94,6.28
SP1,2023-08-19,Sociedad,Celta,1783.37,1645.57,4.0,10.0,3.0,4.0,1.0,1.0,D,1.0,0.0,H,11.0,17.0,2.0,6.0,12.0,12.0,9.0,7.0,2.0,1.0,0.0,0.0,1.76,3.5,5.24
SP1,2023-08-19,Almeria,Real Madrid,1605.46,1913.27,2.0,5.0,7.0,10.0,1.0,3.0,A,1.0,1.0,D,20.0,24.0,8.0,9.0,10.0,13.0,4.0,5.0,1.0,0.0,0.0,0.0,8.0,5.01,1.39
SP1,2023-08-19,Osasuna,Ath Bilbao,1684.61,1689.91,6.0,9.0,1.0,4.0,0.0,2.0,A,0.0,2.0,A,18.0,8.0,7.0,2.0,9.0,14.0,5.0,3.0,1.0,5.0,1.0,1.0,2.83,3.11,2.71
SP1,2023-08-20,Girona,Getafe,1671.98,1654.78,1.0,2.0,5.0,9.0,3.0,0.0,H,1.0,0.0,H,7.0,9.0,6.0,2.0,11.0,20.0,3.0,2.0,2.0,5.0,0.0,0.0,2.05,3.18,4.15
SP1,2023-08-20,Barcelona,Cadiz,1858.43,1640.3,4.0,4.0,7.0,10.0,2.0,0.0,H,0.0,0.0,D,23.0,10.0,10.0,1.0,9.0,22.0,10.0,2.0,4.0,3.0,0.0,0.0,1.21,6.7,14.64
SP1,2023-08-20,Betis,Ath Madrid,1750.2,1849.34,7.0,8.0,7.0,11.0,0.0,0.0,D,0.0,0.0,D,14.0,5.0,0.0,1.0,10.0,8.0,2.0,7.0,2.0,1.0,0.0,0.0,3.86,3.45,2.03
SP1,2023-08-21,Alaves,Sevilla,1593.09,1755.48,4.0,6.0,0.0,2.0,4.0,3.0,H,2.0,2.0,D,14.0,12.0,7.0,2.0,14.0,13.0,4.0,4.0,1.0,2.0,0.0,0.0,3.32,3.06,2.4
SP1,2023-08-21,Granada,Vallecano,1617.57,1637.25,6.0,10.0,6.0,6.0,0.0,2.0,A,0.0,0.0,D,14.0,17.0,7.0,9.0,14.0,11.0,5.0,6.0,2.0,1.0,1.0,0.0,2.65,3.08,2.92
SP1,2023-08-25,Las Palmas,Sociedad,1576.2,1783.37,2.0,6.0,5.0,8.0,0.0,0.0,D,0.0,0.0,D,11.0,8.0,5.0,1.0,7.0,29.0,5.0,7.0,1.0,4.0,0.0,0.0,4.1,3.28,2.04
SP1,2023-08-25,Celta,Real Madrid,1645.57,1913.27,4.0,5.0,7.0,13.0,0.0,1.0,A,0.0,0.0,D,13.0,10.0,4.0,3.0,19.0,14.0,3.0,5.0,2.0,3.0,0.0,0.0,4.74,3.94,1.74
SP1,2023-08-26,Cadiz,Almeria,1640.3,1605.46,4.0,7.0,1.0,2.0,1.0,1.0,D,0.0,0.0,D,11.0,5.0,3.0,2.0,16.0,22.0,7.0,3.0,0.0,5.0,1.0,1.0,2.25,3.36,3.34
SP1,2023-08-26,Granada,Mallorca,1617.57,1649.64,3.0,9.0,4.0,7.0,3.0,2.0,H,1.0,1.0,D,10.0,10.0,4.0,5.0,11.0,27.0,5.0,3.0,2.0,7.0,0.0,0.0,2.65,3.0,3.01
SP1,2023-08-26,Sevilla,Girona,1755.48,1671.98,0.0,1.0,4.0,5.0,1.0,2.0,A,1.0,1.0,D,21.0,8.0,4.0,3.0,11.0,18.0,6.0,6.0,2.0,1.0,0.0,0.0,2.08,3.48,3.65
SP1,2023-08-27,Villarreal,Barcelona,1760.69,1858.43,4.0,7.0,4.0,7.0,3.0,4.0,A,2.0,2.0,D,13.0,21.0,6.0,11.0,12.0,14.0,2.0,6.0,3.0,3.0,0.0,0.0,3.54,3.7,2.05
SP1,2023-08-27,Valencia,Osasuna,1674.64,1684.61,7.0,8.0,6.0,9.0,1.0,2.0,A,0.0,1.0,A,16.0,7.0,4.0,2.0,13.0,12.0,6.0,3.0,3.0,4.0,0.0,0.0,1.9,3.49,4.33
SP1,2023-08-27,Ath Bilbao,Betis,1689.91,1750.2,4.0,4.0,5.0,8.0,4.0,2.0,H,3.0,2.0,H,14.0,7.0,6.0,3.0,23.0,11.0,5.0,3.0,4.0,2.0,0.0,0.0,1.92,3.66,4.03
SP1,2023-08-28,Getafe,Alaves,1654.78,1593.09,2.0,8.0,4.0,8.0,1.0,0.0,H,0.0,0.0,D,15.0,16.0,4.0,2.0,13.0,15.0,4.0,5.0,1.0,2.0,0.0,0.0,2.28,2.93,3.8
SP1,2023-08-28,Vallecano,Ath Madrid,1637.25,1849.34,6.0,9.0,5.0,9.0,0.0,7.0,A,0.0,3.0,A,12.0,17.0,3.0,10.0,19.0,17.0,8.0,3.0,4.0,3.0,0.0,0.0,4.04,3.47,1.97
SP1,2023-09-01,Cadiz,Villarreal,1630.51,1756.75,4.0,8.0,3.0,4.0,3.0,1.0,H,2.0,1.0,H,18.0,7.0,4.0,3.0,21.0,15.0,7.0,3.0,5.0,4.0,0.0,1.0,3.36,3.53,2.18
SP1,2023-09-01,Almeria,Celta,1600.86,1643.84,1.0,3.0,1.0,4.0,2.0,3.0,A,0.0,2.0,A,16.0,14.0,5.0,8.0,9.0,9.0,6.0,5.0,1.0,1.0,0.0,0.0,2.97,3.31,2.5
SP1,2023-09-02,Sociedad,Granada,1770.73,1607.75,3.0,6.0,3.0,9.0,5.0,3.0,H,2.0,1.0,H,15.0,8.0,6.0,5.0,15.0,14.0,2.0,5.0,1.0,5.0,0.0,0.0,1.45,4.59,7.29
SP1,2023-09-02,Real Madrid,Getafe,1917.42,1646.51,9.0,13.0,4.0,8.0,2.0,1.0,H,0.0,1.0,A,26.0,6.0,12.0,2.0,12.0,16.0,11.0,1.0,2.0,6.0,0.0,0.0,1.33,5.14,10.55
SP1,2023-09-02,Alaves,Valencia,1594.59,1664.7,3.0,7.0,6.0,8.0,1.0,0.0,H,1.0,0.0,H,7.0,9.0,1.0,4.0,18.0,9.0,1.0,2.0,4.0,2.0,0.0,0.0,2.93,2.94,2.77
SP1,2023-09-02,Betis,Vallecano,1736.77,1634.18,4.0,8.0,6.0,9.0,1.0,0.0,H,0.0,0.0,D,14.0,15.0,5.0,6.0,22.0,20.0,2.0,3.0,3.0,5.0,0.0,0.0,1.98,3.5,3.99
SP1,2023-09-03,Girona,Las Palmas,1690.1,1572.16,7.0,7.0,2.0,6.0,1.0,0.0,H,0.0,0.0,D,11.0,10.0,6.0,5.0,15.0,10.0,3.0,5.0,3.0,3.0,0.0,0.0,1.68,3.79,5.46
SP1,2023-09-03,Mallorca,Ath Bilbao,1631.7,1711.07,1.0,4.0,6.0,7.0,0.0,0.0,D,0.0,0.0,D,8.0,11.0,2.0,3.0,12.0,17.0,3.0,5.0,0.0,1.0,0.0,0.0,3.26,3.09,2.42
SP1,2023-09-03,Osasuna,Barcelona,1666.46,1865.53,6.0,9.0,7.0,10.0,1.0,2.0,A,0.0,1.0,A,11.0,9.0,3.0,4.0,6.0,16.0,8.0,5.0,1.0,3.0,1.0,0.0,5.12,4.1,1.66
SP1,2023-09-15,Vallecano,Alaves,1630.26,1602.65,3.0,6.0,6.0,7.0,2.0,0.0,H,1.0,0.0,H,20.0,9.0,11.0,1.0,15.0,14.0,5.0,3.0,2.0,3.0,0.0,0.0,2.01,3.2,4.36
SP1,2023-09-16,Ath Bilbao,Cadiz,1710.94,1643.92,7.0,8.0,4.0,8.0,3.0,0.0,H,0.0,0.0,D,20.0,5.0,9.0,4.0,10.0,20.0,5.0,4.0,1.0,4.0,0.0,0.0,1.55,4.08,6.56
SP1,2023-09-16,Valencia,Ath Madrid,1656.63,1858.06,3.0,7.0,7.0,11.0,3.0,0.0,H,2.0,0.0,H,12.0,11.0,8.0,3.0,13.0,17.0,5.0,8.0,1.0,5.0,0.0,0.0,3.82,3.38,2.06
SP1,2023-09-16,Celta,Mallorca,1652.76,1631.83,4.0,7.0,1.0,5.0,0.0,1.0,A,0.0,0.0,D,16.0,7.0,4.0,4.0,9.0,15.0,10.0,1.0,1.0,3.0,0.0,0.0,2.05,3.13,4.25
SP1,2023-09-16,Barcelona,Betis,1870.51,1740.7,9.0,10.0,4.0,8.0,5.0,0.0,H,2.0,0.0,H,17.0,11.0,9.0,2.0,9.0,10.0,9.0,5.0,1.0,2.0,0.0,0.0,1.37,5.23,7.99
SP1,2023-09-17,Getafe,Osasuna,1644.82,1661.48,3.0,5.0,3.0,9.0,3.0,2.0,H,1.0,1.0,D,11.0,8.0,6.0,3.0,15.0,11.0,6.0,3.0,6.0,2.0,0.0,0.0,2.6,2.93,3.16
SP1,2023-09-17,Villarreal,Almeria,1743.33,1591.94,3.0,4.0,1.0,2.0,2.0,1.0,H,1.0,1.0,D,10.0,17.0,4.0,7.0,16.0,6.0,7.0,6.0,2.0,3.0,0.0,0.0,1.48,4.77,6.36
SP1,2023-09-17,Sevilla,Las Palmas,1729.87,1568.48,0.0,0.0,1.0,3.0,1.0,0.0,H,0.0,0.0,D,26.0,12.0,9.0,2.0,13.0,12.0,7.0,3.0,3.0,5.0,0.0,0.0,1.64,3.92,5.68
SP1,2023-09-17,Real Madrid,Sociedad,1919.12,1774.95,9.0,13.0,5.0,9.0,2.0,1.0,H,0.0,1.0,A,17.0,15.0,8.0,5.0,11.0,14.0,4.0,3.0,3.0,2.0,0.0,0.0,1.67,3.97,5.2
SP1,2023-09-18,Granada,Girona,1603.54,1693.78,3.0,6.0,9.0,10.0,2.0,4.0,A,0.0,3.0,A,12.0,13.0,5.0,7.0,13.0,21.0,4.0,5.0,3.0,3.0,0.0,0.0,2.71,3.37,2.64
SP1,2023-09-22,Alaves,Ath Bilbao,1602.65,1710.94,3.0,6.0,7.0,10.0,0.0,2.0,A,0.0,1.0,A,15.0,11.0,5.0,3.0,13.0,9.0,3.0,4.0,2.0,2.0,0.0,0.0,4.07,3.14,2.09
SP1,2023-09-23,Girona,Mallorca,1693.78,1631.83,9.0,13.0,4.0,5.0,5.0,3.0,H,4.0,1.0,H,23.0,15.0,10.0,5.0,10.0,12.0,6.0,5.0,1.0,5.0,0.0,0.0,1.92,3.38,4.42
SP1,2023-09-23,Osasuna,Sevilla,1661.48,1729.87,3.0,6.0,3.0,3.0,0.0,0.0,D,0.0,0.0,D,16.0,15.0,2.0,3.0,11.0,7.0,7.0,4.0,2.0,3.0,0.0,0.0,2.55,3.21,2.94
SP1,2023-09-23,Barcelona,Celta,1870.51,1652.76,9.0,13.0,3.0,4.0,3.0,2.0,H,0.0,1.0,A,15.0,13.0,6.0,7.0,10.0,11.0,2.0,3.0,2.0,1.0,0.0,0.0,1.29,5.95,10.23
SP1,2023-09-23,Almeria,Valencia,1591.94,1656.63,1.0,1.0,3.0,9.0,2.0,2.0,D,0.0,1.0,A,17.0,7.0,10.0,5.0,12.0,10.0,8.0,3.0,4.0,2.0,0.0,0.0,3.04,3.48,2.34
SP1,2023-09-24,Sociedad,Getafe,1774.95,1644.82,4.0,6.0,6.0,7.0,4.0,3.0,H,1.0,2.0,A,10.0,10.0,6.0,7.0,13.0,24.0,2.0,1.0,3.0,2.0,0.0,0.0,1.55,3.77,7.37
SP1,2023-09-24,Vallecano,Villarreal,1630.26,1743.33,3.0,9.0,3.0,6.0,1.0,1.0,D,1.0,1.0,D,11.0,13.0,6.0,6.0,20.0,18.0,2.0,8.0,2.0,3.0,0.0,1.0,2.52,3.54,2.74
SP1,2023-09-24,Betis,Cadiz,1740.7,1643.92,3.0,7.0,4.0,7.0,1.0,1.0,D,0.0,1.0,A,21.0,5.0,7.0,1.0,10.0,14.0,11.0,8.0,2.0,3.0,0.0,0.0,1.85,3.56,4.49
SP1,2023-09-24,Las Palmas,Granada,1568.48,1603.54,1.0,2.0,3.0,3.0,1.0,0.0,H,0.0,0.0,D,10.0,2.0,3.0,1.0,13.0,19.0,6.0,7.0,6.0,4.0,1.0,0.0,2.03,3.49,3.77
SP1,2023-09-24,Ath Madrid,Real Madrid,1858.06,1919.12,4.0,8.0,9.0,15.0,3.0,1.0,H,2.0,1.0,H,10.0,20.0,4.0,5.0,13.0,10.0,6.0,11.0,1.0,3.0,0.0,0.0,2.83,3.36,2.56
SP1,2023-09-26,Sevilla,Almeria,1729.87,1591.94,4.0,4.0,1.0,2.0,5.0,1.0,H,3.0,0.0,H,18.0,10.0,9.0,1.0,15.0,16.0,9.0,4.0,3.0,2.0,0.0,0.0,1.67,4.04,5.08
SP1,2023-09-26,Mallorca,Barcelona,1631.83,1870.51,4.0,4.0,9.0,15.0,2.0,2.0,D,2.0,1.0,H,10.0,10.0,5.0,4.0,19.0,7.0,7.0,2.0,4.0,1.0,1.0,0.0,6.89,4.38,1.5
SP1,2023-09-27,Ath Bilbao,Getafe,1710.94,1644.82,7.0,13.0,3.0,6.0,2.0,2.0,D,1.0,0.0,H,9.0,13.0,4.0,5.0,9.0,19.0,5.0,4.0,5.0,6.0,1.0,0.0,1.64,3.7,6.21
SP1,2023-09-27,Real Madrid,Las Palmas,1919.12,1568.48,6.0,12.0,3.0,4.0,2.0,0.0,H,1.0,0.0,H,21.0,16.0,9.0,2.0,7.0,9.0,7.0,2.0,0.0,1.0,0.0,0.0,1.22,6.92,13.1
SP1,2023-09-27,Villarreal,Girona,1743.33,1693.78,4.0,7.0,9.0,15.0,1.0,2.0,A,0.0,0.0,D,14.0,17.0,3.0,5.0,9.0,11.0,5.0,6.0,3.0,2.0,0.0,0.0,2.23,3.66,3.12
SP1,2023-09-27,Cadiz,Vallecano,1643.92,1630.26,4.0,5.0,4.0,7.0,0.0,0.0,D,0.0,0.0,D,9.0,9.0,2.0,4.0,16.0,13.0,1.0,2.0,5.0,6.0,0.0,1.0,2.58,3.17,2.95
SP1,2023-09-27,Valencia,Sociedad,1656.63,1774.95,4.0,7.0,6.0,8.0,0.0,1.0,A,0.0,1.0,A,9.0,2.0,2.0,1.0,14.0,17.0,0.0,2.0,4.0,7.0,1.0,0.0,2.65,3.14,2.89
SP1,2023-09-28,Celta,Alaves,1652.76,1602.65,3.0,4.0,3.0,6.0,1.0,1.0,D,1.0,0.0,H,8.0,21.0,0.0,11.0,9.0,11.0,2.0,8.0,5.0,3.0,1.0,0.0,1.71,3.57,5.6
SP1,2023-09-28,Granada,Betis,1603.54,1740.7,0.0,3.0,4.0,5.0,1.0,1.0,D,0.0,0.0,D,19.0,13.0,7.0,3.0,14.0,10.0,5.0,7.0,2.0,1.0,0.0,0.0,3.04,3.45,2.36
SP1,2023-09-28,Osasuna,Ath Madrid,1661.48,1858.06,1.0,4.0,6.0,10.0,0.0,2.0,A,0.0,1.0,A,13.0,4.0,2.0,3.0,14.0,4.0,7.0,2.0,3.0,3.0,1.0,1.0,3.53,3.43,2.14
SP1,2023-09-29,Barcelona,Sevilla,1870.51,1729.87,7.0,13.0,7.0,7.0,1.0,0.0,H,0.0,0.0,D,18.0,12.0,5.0,3.0,11.0,15.0,13.0,3.0,2.0,3.0,0.0,0.0,1.38,5.35,7.92
SP1,2023-09-30,Getafe,Villarreal,1644.82,1743.33,4.0,7.0,4.0,4.0,0.0,0.0,D,0.0,0.0,D,22.0,3.0,9.0,0.0,19.0,11.0,6.0,4.0,2.0,4.0,0.0,1.0,2.93,3.25,2.56
SP1,2023-09-30,Vallecano,Mallorca,1630.26,1631.83,5.0,5.0,4.0,5.0,2.0,2.0,D,1.0,1.0,D,19.0,9.0,5.0,4.0,12.0,20.0,5.0,0.0,2.0,5.0,0.0,0.0,2.18,3.15,3.79
SP1,2023-09-30,Girona,Real Madrid,1693.78,1919.12,9.0,15.0,6.0,12.0,0.0,3.0,A,0.0,2.0,A,13.0,14.0,3.0,7.0,13.0,14.0,1.0,4.0,2.0,2.0,0.0,1.0,3.57,3.92,1.98
SP1,2023-09-30,Sociedad,Ath Bilbao,1774.95,1710.94,6.0,10.0,7.0,11.0,3.0,0.0,H,1.0,0.0,H,8.0,18.0,5.0,3.0,20.0,9.0,5.0,7.0,2.0,2.0,0.0,0.0,2.24,3.25,3.49
SP1,2023-10-01,Almeria,Granada,1576.93,1581.25,1.0,2.0,1.0,4.0,3.0,3.0,D,3.0,0.0,H,17.0,19.0,5.0,4.0,18.0,14.0,1.0,5.0,2.0,1.0,0.0,0.0,1.96,3.7,3.79
SP1,2023-10-01,Alaves,Osasuna,1582.35,1641.23,1.0,4.0,1.0,4.0,0.0,2.0,A,0.0,1.0,A,17.0,10.0,3.0,3.0,13.0,13.0,4.0,2.0,2.0,3.0,1.0,0.0,2.71,3.06,2.87
SP1,2023-10-01,Ath Madrid,Cadiz,1851.12,1631.66,6.0,10.0,2.0,6.0,3.0,2.0,H,1.0,2.0,A,18.0,8.0,9.0,4.0,5.0,10.0,5.0,3.0,1.0,3.0,0.0,0.0,1.36,5.08,9.18
SP1,2023-10-01,Betis,Valencia,1711.74,1662.28,2.0,5.0,4.0,4.0,3.0,0.0,H,1.0,0.0,H,15.0,9.0,7.0,2.0,11.0,10.0,5.0,3.0,2.0,2.0,0.0,0.0,2.31,3.32,3.23
SP1,2023-10-02,Las Palmas,Celta,1564.68,1630.37,3.0,4.0,1.0,4.0,2.0,1.0,H,0.0,0.0,D,16.0,11.0,5.0,3.0,13.0,14.0,4.0,5.0,2.0,1.0,0.0,0.0,2.48,3.21,3.03
SP1,2023-10-06,Ath Bilbao,Almeria,1710.4,1576.93,4.0,8.0,2.0,2.0,3.0,0.0,H,1.0,0.0,H,23.0,4.0,9.0,1.0,11.0,7.0,6.0,2.0,2.0,0.0,0.0,0.0,1.38,5.24,8.16
SP1,2023-10-07,Cadiz,Girona,1631.66,1706.78,2.0,5.0,6.0,12.0,0.0,1.0,A,0.0,0.0,D,8.0,20.0,2.0,5.0,12.0,13.0,5.0,5.0,1.0,3.0,1.0,0.0,3.25,3.41,2.28
SP1,2023-10-07,Real Madrid,Osasuna,1917.37,1641.23,6.0,12.0,4.0,4.0,4.0,0.0,H,1.0,0.0,H,19.0,7.0,9.0,1.0,9.0,6.0,5.0,4.0,2.0,2.0,0.0,0.0,1.31,5.7,9.96
SP1,2023-10-07,Mallorca,Valencia,1636.47,1662.28,2.0,6.0,1.0,4.0,1.0,1.0,D,1.0,1.0,D,9.0,11.0,5.0,3.0,17.0,11.0,3.0,6.0,2.0,1.0,0.0,0.0,2.51,3.08,3.16
SP1,2023-10-07,Sevilla,Vallecano,1727.12,1632.48,4.0,7.0,3.0,6.0,2.0,2.0,D,0.0,2.0,A,22.0,7.0,6.0,4.0,16.0,19.0,12.0,2.0,5.0,2.0,0.0,0.0,1.89,3.58,4.27
SP1,2023-10-08,Villarreal,Las Palmas,1713.49,1564.68,2.0,5.0,6.0,6.0,1.0,2.0,A,0.0,1.0,A,9.0,8.0,4.0,5.0,17.0,7.0,7.0,2.0,4.0,4.0,0.0,0.0,1.62,4.17,5.48
SP1,2023-10-08,Ath Madrid,Sociedad,1851.12,1786.76,9.0,12.0,9.0,12.0,2.0,1.0,H,1.0,0.0,H,14.0,13.0,5.0,4.0,9.0,12.0,1.0,4.0,3.0,3.0,0.0,0.0,1.91,3.45,4.42
SP1,2023-10-08,Alaves,Betis,1582.35,1711.74,1.0,4.0,5.0,8.0,1.0,1.0,D,1.0,1.0,D,15.0,6.0,5.0,2.0,13.0,9.0,5.0,3.0,3.0,3.0,0.0,1.0,2.86,3.18,2.65
SP1,2023-10-08,Celta,Getafe,1630.37,1645.78,1.0,4.0,2.0,5.0,2.0,2.0,D,2.0,2.0,D,26.0,3.0,11.0,2.0,14.0,20.0,13.0,1.0,1.0,8.0,0.0,1.0,2.06,3.2,4.11
SP1,2023-10-08,Granada,Barcelona,1581.25,1877.37,2.0,2.0,7.0,13.0,2.0,2.0,D,2.0,1.0,H,7.0,22.0,2.0,10.0,12.0,7.0,1.0,11.0,4.0,1.0,0.0,0.0,6.92,5.18,1.42
SP1,2023-10-20,Osasuna,Granada,1666.01,1604.61,3.0,4.0,3.0,3.0,2.0,0.0,H,1.0,0.0,H,12.0,13.0,6.0,3.0,19.0,13.0,1.0,7.0,3.0,4.0,0.0,1.0,1.73,3.87,4.89
SP1,2023-10-21,Sociedad,Mallorca,1810.15,1650.24,6.0,9.0,3.0,6.0,1.0,0.0,H,0.0,0.0,D,14.0,18.0,6.0,7.0,14.0,16.0,2.0,5.0,3.0,3.0,0.0,0.0,1.57,3.84,7.03
SP1,2023-10-21,Getafe,Betis,1662.77,1737.45,3.0,6.0,5.0,6.0,1.0,1.0,D,1.0,1.0,D,14.0,13.0,4.0,3.0,17.0,11.0,4.0,8.0,5.0,2.0,0.0,0.0,2.49,3.11,3.15
SP1,2023-10-21,Sevilla,Real Madrid,1741.37,1945.74,4.0,8.0,9.0,12.0,1.0,1.0,D,0.0,0.0,D,17.0,14.0,7.0,5.0,13.0,6.0,4.0,6.0,5.0,2.0,0.0,0.0,4.08,3.87,1.86
SP1,2023-10-21,Celta,Ath Madrid,1636.46,1877.48,2.0,2.0,9.0,12.0,0.0,3.0,A,0.0,1.0,A,16.0,12.0,3.0,7.0,10.0,10.0,7.0,5.0,3.0,2.0,1.0,0.0,3.58,3.49,2.11
SP1,2023-10-22,Las Palmas,Vallecano,1601.55,1652.63,6.0,9.0,3.0,7.0,0.0,1.0,A,0.0,0.0,D,12.0,12.0,6.0,4.0,13.0,11.0,10.0,5.0,4.0,3.0,0.0,1.0,2.66,3.14,2.87
SP1,2023-10-22,Girona,Almeria,1730.35,1584.68,6.0,12.0,1.0,2.0,5.0,2.0,H,3.0,2.0,H,19.0,9.0,8.0,5.0,11.0,14.0,9.0,6.0,1.0,2.0,0.0,0.0,1.47,4.81,6.6
SP1,2023-10-22,Villarreal,Alaves,1721.35,1587.57,1.0,5.0,2.0,2.0,1.0,1.0,D,0.0,0.0,D,12.0,16.0,3.0,7.0,15.0,10.0,9.0,3.0,4.0,3.0,0.0,0.0,1.73,3.85,4.96
SP1,2023-10-22,Barcelona,Ath Bilbao,1895.62,1731.47,5.0,11.0,4.0,10.0,1.0,0.0,H,0.0,0.0,D,12.0,10.0,7.0,3.0,11.0,18.0,4.0,7.0,3.0,3.0,0.0,0.0,1.67,4.09,5.13
SP1,2023-10-23,Valencia,Cadiz,1670.9,1636.91,1.0,5.0,1.0,2.0,2.0,0.0,H,2.0,0.0,H,12.0,5.0,4.0,4.0,16.0,16.0,4.0,6.0,0.0,3.0,0.0,1.0,1.77,3.57,5.03
SP1,2023-10-27,Girona,Celta,1730.35,1636.46,6.0,12.0,1.0,2.0,1.0,0.0,H,0.0,0.0,D,12.0,4.0,2.0,2.0,15.0,12.0,10.0,1.0,3.0,2.0,0.0,0.0,1.69,4.2,4.74
SP1,2023-10-28,Almeria,Las Palmas,1584.68,1601.55,1.0,2.0,6.0,9.0,1.0,2.0,A,0.0,1.0,A,10.0,10.0,4.0,3.0,13.0,19.0,3.0,2.0,3.0,1.0,0.0,0.0,2.33,3.46,3.1
SP1,2023-10-28,Barcelona,Real Madrid,1895.62,1945.74,7.0,11.0,7.0,10.0,1.0,2.0,A,1.0,0.0,H,15.0,13.0,3.0,4.0,15.0,15.0,6.0,3.0,2.0,1.0,0.0,0.0,2.55,3.66,2.68
SP1,2023-10-28,Mallorca,Getafe,1650.24,1662.77,2.0,3.0,3.0,4.0,0.0,0.0,D,0.0,0.0,D,15.0,8.0,4.0,0.0,10.0,25.0,8.0,3.0,0.0,1.0,0.0,0.0,2.31,3.03,3.61
SP1,2023-10-28,Cadiz,Sevilla,1636.91,1741.37,0.0,2.0,2.0,6.0,2.0,2.0,D,2.0,1.0,H,10.0,20.0,5.0,10.0,17.0,12.0,2.0,4.0,6.0,4.0,0.0,0.0,3.29,3.34,2.29
SP1,2023-10-29,Betis,Osasuna,1737.45,1666.01,5.0,7.0,6.0,7.0,2.0,1.0,H,1.0,0.0,H,9.0,7.0,2.0,1.0,10.0,25.0,6.0,3.0,3.0,4.0,0.0,0.0,2.08,3.41,3.74
SP1,2023-10-29,Vallecano,Sociedad,1652.63,1810.15,5.0,7.0,6.0,12.0,2.0,2.0,D,1.0,1.0,D,16.0,15.0,7.0,3.0,17.0,16.0,4.0,5.0,3.0,2.0,0.0,0.0,3.21,3.14,2.43
SP1,2023-10-29,Ath Bilbao,Valencia,1731.47,1670.9,3.0,7.0,4.0,5.0,2.0,2.0,D,1.0,0.0,H,12.0,11.0,7.0,5.0,11.0,10.0,10.0,4.0,3.0,1.0,0.0,0.0,1.65,3.87,5.72
SP1,2023-10-29,Ath Madrid,Alaves,1877.48,1587.57,9.0,15.0,2.0,3.0,2.0,1.0,H,2.0,0.0,H,11.0,8.0,7.0,1.0,10.0,11.0,4.0,4.0,3.0,2.0,0.0,0.0,1.39,4.89,8.71
SP1,2023-10-30,Granada,Villarreal,1604.61,1721.35,2.0,3.0,2.0,3.0,2.0,3.0,A,2.0,3.0,A,18.0,6.0,8.0,5.0,14.0,15.0,4.0,1.0,0.0,4.0,0.0,0.0,3.02,3.6,2.31
SP1,2023-11-03,Las Palmas,Ath Madrid,1604.65,1883.49,6.0,9.0,9.0,15.0,2.0,1.0,H,0.0,0.0,D,9.0,13.0,3.0,5.0,12.0,9.0,3.0,4.0,0.0,3.0,0.0,0.0,5.7,3.79,1.66
SP1,2023-11-04,Osasuna,Girona,1670.36,1741.67,3.0,6.0,9.0,12.0,2.0,4.0,A,1.0,1.0,D,15.0,11.0,3.0,4.0,14.0,10.0,2.0,7.0,5.0,3.0,0.0,0.0,2.88,3.45,2.47
SP1,2023-11-04,Betis,Mallorca,1747.59,1647.87,5.0,9.0,2.0,4.0,2.0,0.0,H,1.0,0.0,H,22.0,8.0,3.0,1.0,13.0,16.0,6.0,1.0,1.0,4.0,0.0,1.0,1.92,3.4,4.42
SP1,2023-11-04,Celta,Sevilla,1627.9,1740.95,1.0,2.0,3.0,6.0,1.0,1.0,D,1.0,0.0,H,15.0,13.0,3.0,5.0,14.0,10.0,4.0,6.0,2.0,5.0,1.0,0.0,2.57,3.43,2.77
SP1,2023-11-04,Sociedad,Barcelona,1822.55,1893.22,4.0,10.0,4.0,8.0,0.0,1.0,A,0.0,0.0,D,13.0,12.0,6.0,4.0,16.0,8.0,8.0,3.0,3.0,3.0,0.0,0.0,3.26,3.5,2.23
SP1,2023-11-05,Alaves,Almeria,1593.79,1572.17,2.0,3.0,0.0,1.0,1.0,0.0,H,0.0,0.0,D,23.0,9.0,3.0,3.0,13.0,14.0,12.0,6.0,2.0,3.0,0.0,0.0,1.79,3.76,4.63
SP1,2023-11-05,Valencia,Granada,1684.46,1593.41,5.0,5.0,1.0,3.0,1.0,0.0,H,1.0,0.0,H,11.0,6.0,2.0,1.0,20.0,15.0,0.0,4.0,3.0,5.0,0.0,0.0,1.65,4.07,5.23
SP1,2023-11-05,Villarreal,Ath Bilbao,1725.21,1727.39,4.0,5.0,4.0,5.0,2.0,3.0,A,0.0,3.0,A,17.0,17.0,6.0,7.0,11.0,18.0,9.0,3.0,4.0,4.0,0.0,0.0,2.98,3.58,2.36
SP1,2023-11-05,Real Madrid,Vallecano,1956.96,1666.16,7.0,13.0,5.0,7.0,0.0,0.0,D,0.0,0.0,D,22.0,4.0,5.0,0.0,12.0,15.0,11.0,1.0,3.0,5.0,0.0,0.0,1.28,6.08,10.82
SP1,2023-11-06,Getafe,Cadiz,1666.74,1632.49,3.0,5.0,1.0,2.0,1.0,0.0,H,0.0,0.0,D,13.0,6.0,3.0,2.0,18.0,12.0,6.0,3.0,7.0,1.0,1.0,0.0,1.93,3.21,4.67
SP1,2023-11-10,Ath Bilbao,Celta,1727.39,1627.9,4.0,7.0,1.0,2.0,4.0,3.0,H,2.0,2.0,D,21.0,13.0,12.0,5.0,15.0,13.0,7.0,2.0,2.0,2.0,0.0,0.0,1.68,4.05,5.07
SP1,2023-11-11,Vallecano,Girona,1666.16,1741.67,5.0,7.0,9.0,12.0,1.0,2.0,A,1.0,1.0,D,22.0,19.0,9.0,7.0,15.0,13.0,8.0,3.0,1.0,2.0,0.0,0.0,2.88,3.51,2.45
SP1,2023-11-11,Almeria,Sociedad,1572.17,1822.55,0.0,1.0,4.0,7.0,1.0,3.0,A,0.0,0.0,D,7.0,18.0,2.0,6.0,18.0,19.0,5.0,5.0,2.0,2.0,0.0,0.0,4.71,3.95,1.73
SP1,2023-11-11,Granada,Getafe,1593.41,1666.74,0.0,2.0,5.0,7.0,1.0,1.0,D,1.0,1.0,D,12.0,10.0,6.0,6.0,14.0,9.0,3.0,5.0,4.0,2.0,0.0,0.0,2.55,3.18,2.98
SP1,2023-11-11,Osasuna,Las Palmas,1670.36,1604.65,3.0,6.0,6.0,12.0,1.0,1.0,D,0.0,0.0,D,11.0,6.0,3.0,1.0,25.0,10.0,8.0,3.0,1.0,1.0,0.0,0.0,1.99,3.32,4.21
SP1,2023-11-11,Real Madrid,Valencia,1956.96,1684.46,5.0,11.0,7.0,8.0,5.0,1.0,H,2.0,0.0,H,16.0,10.0,7.0,4.0,7.0,26.0,4.0,4.0,1.0,3.0,0.0,0.0,1.33,5.48,9.41
SP1,2023-11-12,Barcelona,Alaves,1893.22,1593.79,6.0,10.0,4.0,5.0,2.0,1.0,H,0.0,1.0,A,11.0,8.0,6.0,1.0,11.0,10.0,2.0,1.0,2.0,1.0,0.0,0.0,1.25,6.32,11.97
SP1,2023-11-12,Sevilla,Betis,1740.95,1747.59,3.0,4.0,7.0,11.0,1.0,1.0,D,0.0,0.0,D,13.0,14.0,4.0,6.0,18.0,14.0,9.0,5.0,1.0,1.0,0.0,0.0,2.13,3.53,3.47
SP1,2023-11-12,Ath Madrid,Villarreal,1883.49,1725.21,6.0,12.0,4.0,5.0,3.0,1.0,H,1.0,1.0,D,25.0,11.0,10.0,7.0,8.0,8.0,6.0,3.0,0.0,2.0,0.0,0.0,1.37,5.33,7.92
SP1,2023-11-24,Alaves,Granada,1599.54,1591.18,3.0,5.0,1.0,2.0,3.0,1.0,H,2.0,0.0,H,8.0,11.0,5.0,4.0,10.0,13.0,6.0,2.0,1.0,3.0,0.0,0.0,1.74,3.74,5.05
SP1,2023-11-25,Vallecano,Barcelona,1667.78,1891.05,2.0,6.0,6.0,10.0,1.0,1.0,D,1.0,0.0,H,10.0,15.0,4.0,4.0,23.0,13.0,1.0,4.0,3.0,4.0,0.0,0.0,5.13,4.13,1.65
SP1,2023-11-25,Valencia,Celta,1686.86,1626.78,4.0,8.0,1.0,2.0,0.0,0.0,D,0.0,0.0,D,8.0,13.0,0.0,1.0,13.0,7.0,5.0,7.0,3.0,2.0,0.0,0.0,2.18,3.39,3.47
SP1,2023-11-25,Getafe,Almeria,1673.75,1562.84,5.0,7.0,0.0,0.0,2.0,1.0,H,2.0,1.0,H,18.0,13.0,5.0,4.0,12.0,8.0,3.0,6.0,2.0,4.0,0.0,0.0,1.68,3.82,5.41
SP1,2023-11-25,Ath Madrid,Mallorca,1880.75,1643.92,6.0,12.0,1.0,3.0,1.0,0.0,H,0.0,0.0,D,20.0,8.0,3.0,1.0,8.0,19.0,7.0,3.0,0.0,0.0,0.0,0.0,1.38,4.83,9.17
SP1,2023-11-26,Villarreal,Osasuna,1718.73,1657.05,3.0,4.0,1.0,4.0,3.0,1.0,H,0.0,0.0,D,10.0,15.0,3.0,7.0,9.0,14.0,2.0,4.0,0.0,0.0,0.0,0.0,2.17,3.52,3.38
SP1,2023-11-26,Sociedad,Sevilla,1828.69,1736.58,4.0,7.0,3.0,5.0,2.0,1.0,H,2.0,0.0,H,11.0,8.0,8.0,2.0,22.0,8.0,4.0,4.0,2.0,1.0,0.0,2.0,1.76,3.71,4.89
SP1,2023-11-26,Cadiz,Real Madrid,1628.69,1956.72,1.0,1.0,7.0,11.0,0.0,3.0,A,0.0,1.0,A,13.0,14.0,4.0,5.0,16.0,16.0,4.0,4.0,3.0,3.0,0.0,0.0,6.48,4.54,1.5
SP1,2023-11-26,Betis,Las Palmas,1758.69,1622.8,7.0,9.0,7.0,10.0,1.0,0.0,H,1.0,0.0,H,12.0,15.0,6.0,4.0,7.0,12.0,7.0,6.0,1.0,2.0,0.0,0.0,1.68,3.8,5.52
SP1,2023-11-27,Girona,Ath Bilbao,1762.97,1742.78,9.0,15.0,7.0,10.0,1.0,1.0,D,0.0,0.0,D,12.0,13.0,2.0,6.0,8.0,16.0,2.0,6.0,1.0,1.0,0.0,0.0,2.28,3.66,3.01
SP1,2023-11-29,Mallorca,Cadiz,1643.92,1628.69,1.0,2.0,1.0,1.0,1.0,1.0,D,1.0,1.0,D,16.0,6.0,3.0,3.0,14.0,18.0,7.0,0.0,2.0,3.0,0.0,0.0,1.98,3.24,4.38
SP1,2023-12-01,Las Palmas,Getafe,1618.93,1677.13,4.0,7.0,7.0,9.0,2.0,0.0,H,1.0,0.0,H,11.0,12.0,6.0,4.0,11.0,9.0,4.0,4.0,0.0,5.0,0.0,1.0,2.45,2.95,3.41
SP1,2023-12-02,Girona,Valencia,1759.84,1682.78,7.0,13.0,4.0,8.0,2.0,1.0,H,0.0,0.0,D,9.0,9.0,5.0,3.0,6.0,7.0,3.0,2.0,2.0,3.0,0.0,0.0,1.7,3.99,4.99
SP1,2023-12-02,Ath Bilbao,Vallecano,1745.03,1671.43,7.0,8.0,2.0,6.0,4.0,0.0,H,1.0,0.0,H,9.0,11.0,4.0,3.0,15.0,11.0,7.0,2.0,1.0,2.0,0.0,0.0,1.59,4.22,5.72
SP1,2023-12-02,Real Madrid,Granada,1966.4,1582.15,7.0,11.0,1.0,1.0,2.0,0.0,H,1.0,0.0,H,11.0,1.0,4.0,0.0,10.0,12.0,6.0,0.0,2.0,1.0,0.0,0.0,1.16,8.44,15.7
SP1,2023-12-02,Osasuna,Sociedad,1649.95,1826.78,1.0,4.0,6.0,10.0,1.0,1.0,D,1.0,1.0,D,9.0,17.0,3.0,5.0,12.0,10.0,1.0,8.0,3.0,3.0,0.0,0.0,3.57,3.23,2.23
SP1,2023-12-03,Mallorca,Alaves,1638.85,1607.68,1.0,2.0,6.0,7.0,0.0,0.0,D,0.0,0.0,D,7.0,7.0,3.0,4.0,16.0,15.0,5.0,4.0,4.0,2.0,0.0,0.0,2.46,3.01,3.32
SP1,2023-12-03,Almeria,Betis,1558.57,1752.28,0.0,0.0,7.0,11.0,0.0,0.0,D,0.0,0.0,D,20.0,6.0,8.0,2.0,12.0,8.0,4.0,6.0,0.0,3.0,0.0,1.0,3.28,3.63,2.18
SP1,2023-12-03,Sevilla,Villarreal,1723.38,1727.62,2.0,4.0,3.0,7.0,1.0,1.0,D,0.0,0.0,D,18.0,5.0,4.0,4.0,6.0,16.0,8.0,4.0,3.0,2.0,0.0,0.0,2.11,3.69,3.41
SP1,2023-12-03,Barcelona,Ath Madrid,1890.73,1892.1,7.0,10.0,6.0,12.0,1.0,0.0,H,1.0,0.0,H,13.0,9.0,2.0,4.0,17.0,12.0,7.0,2.0,5.0,4.0,0.0,0.0,2.03,3.7,3.6
SP1,2023-12-04,Celta,Cadiz,1629.98,1626.17,2.0,2.0,1.0,2.0,1.0,1.0,D,0.0,1.0,A,26.0,2.0,7.0,1.0,14.0,18.0,12.0,1.0,1.0,6.0,0.0,1.0,1.6,4.02,5.85
SP1,2023-12-08,Getafe,Valencia,1677.13,1682.78,4.0,8.0,1.0,5.0,1.0,0.0,H,0.0,0.0,D,8.0,3.0,6.0,0.0,15.0,14.0,7.0,0.0,2.0,4.0,1.0,2.0,2.69,2.88,3.09
SP1,2023-12-09,Alaves,Las Palmas,1607.68,1618.93,4.0,7.0,4.0,10.0,0.0,1.0,A,0.0,1.0,A,19.0,9.0,5.0,2.0,13.0,13.0,12.0,3.0,3.0,4.0,0.0,0.0,2.06,3.17,4.1
SP1,2023-12-09,Betis,Real Madrid,1752.28,1966.4,5.0,11.0,9.0,13.0,1.0,1.0,D,0.0,0.0,D,14.0,12.0,6.0,2.0,14.0,7.0,8.0,6.0,2.0,1.0,0.0,0.0,4.26,3.85,1.82
SP1,2023-12-09,Villarreal,Sociedad,1727.62,1826.78,4.0,7.0,7.0,8.0,0.0,3.0,A,0.0,3.0,A,20.0,16.0,4.0,5.0,10.0,22.0,5.0,3.0,2.0,1.0,0.0,0.0,3.42,3.52,2.14
SP1,2023-12-09,Mallorca,Sevilla,1638.85,1723.38,2.0,3.0,2.0,4.0,1.0,0.0,H,1.0,0.0,H,6.0,19.0,3.0,5.0,15.0,6.0,4.0,12.0,2.0,2.0,0.0,0.0,2.68,3.16,2.83
SP1,2023-12-10,Ath Madrid,Almeria,1892.1,1558.57,6.0,9.0,1.0,1.0,2.0,1.0,H,2.0,0.0,H,13.0,19.0,4.0,5.0,13.0,11.0,3.0,15.0,1.0,0.0,0.0,0.0,1.22,7.07,12.5
SP1,2023-12-10,Cadiz,Osasuna,1626.17,1649.95,2.0,3.0,2.0,2.0,1.0,1.0,D,1.0,0.0,H,12.0,13.0,5.0,5.0,15.0,16.0,2.0,4.0,1.0,2.0,0.0,0.0,2.95,3.14,2.58
SP1,2023-12-10,Barcelona,Girona,1890.73,1759.84,7.0,10.0,7.0,13.0,2.0,4.0,A,1.0,2.0,A,31.0,15.0,11.0,7.0,7.0,10.0,8.0,3.0,1.0,2.0,0.0,0.0,1.53,4.79,5.6
SP1,2023-12-11,Granada,Ath Bilbao,1582.15,1745.03,1.0,1.0,7.0,11.0,1.0,1.0,D,0.0,1.0,A,7.0,19.0,4.0,4.0,9.0,11.0,1.0,8.0,0.0,2.0,0.0,0.0,4.8,4.12,1.69
SP1,2023-12-11,Vallecano,Celta,1671.43,1629.98,1.0,3.0,2.0,3.0,0.0,0.0,D,0.0,0.0,D,17.0,4.0,4.0,2.0,15.0,10.0,8.0,1.0,3.0,0.0,0.0,0.0,2.44,3.32,3.0
SP1,2023-12-15,Osasuna,Vallecano,1649.64,1654.82,2.0,3.0,2.0,3.0,1.0,0.0,H,0.0,0.0,D,10.0,9.0,4.0,3.0,20.0,13.0,9.0,1.0,2.0,3.0,0.0,0.0,2.25,3.19,3.55
SP1,2023-12-16,Celta,Granada,1626.07,1581.52,3.0,4.0,1.0,2.0,1.0,0.0,H,1.0,0.0,H,11.0,7.0,4.0,2.0,20.0,18.0,7.0,1.0,6.0,2.0,1.0,0.0,1.67,4.09,5.06
SP1,2023-12-16,Ath Bilbao,Ath Madrid,1744.0,1887.37,5.0,11.0,6.0,9.0,2.0,0.0,H,0.0,0.0,D,16.0,7.0,7.0,3.0,7.0,10.0,3.0,7.0,0.0,1.0,0.0,0.0,2.44,3.47,2.92
SP1,2023-12-16,Sevilla,Getafe,1703.2,1667.91,1.0,3.0,6.0,10.0,0.0,3.0,A,0.0,2.0,A,12.0,14.0,4.0,7.0,18.0,18.0,4.0,2.0,3.0,3.0,0.0,0.0,1.95,3.42,4.25
SP1,2023-12-16,Valencia,Barcelona,1667.34,1860.82,1.0,4.0,4.0,10.0,1.0,1.0,D,0.0,0.0,D,11.0,16.0,4.0,8.0,9.0,11.0,4.0,6.0,1.0,2.0,0.0,0.0,5.12,4.01,1.67
SP1,2023-12-17,Almeria,Mallorca,1555.96,1639.37,1.0,1.0,5.0,5.0,0.0,0.0,D,0.0,0.0,D,7.0,20.0,1.0,2.0,12.0,9.0,4.0,4.0,2.0,1.0,0.0,0.0,2.65,3.3,2.78
SP1,2023-12-17,Sociedad,Betis,1837.03,1734.96,7.0,10.0,5.0,9.0,0.0,0.0,D,0.0,0.0,D,12.0,12.0,4.0,3.0,12.0,12.0,3.0,7.0,3.0,4.0,0.0,0.0,1.71,3.87,5.08
SP1,2023-12-17,Las Palmas,Cadiz,1635.2,1622.26,6.0,10.0,3.0,3.0,1.0,1.0,D,1.0,0.0,H,7.0,13.0,2.0,5.0,9.0,12.0,4.0,6.0,1.0,3.0,0.0,0.0,1.95,3.35,4.35
SP1,2023-12-17,Real Madrid,Villarreal,1962.25,1715.32,7.0,11.0,4.0,4.0,4.0,1.0,H,2.0,0.0,H,22.0,3.0,9.0,1.0,14.0,12.0,11.0,0.0,2.0,3.0,0.0,0.0,1.29,6.29,9.4
SP1,2023-12-18,Girona,Alaves,1777.99,1596.18,7.0,13.0,4.0,7.0,3.0,0.0,H,2.0,0.0,H,9.0,12.0,4.0,2.0,9.0,7.0,3.0,2.0,0.0,1.0,0.0,0.0,1.55,4.3,5.95
SP1,2023-12-19,Vallecano,Valencia,1654.82,1667.34,1.0,2.0,1.0,2.0,0.0,1.0,A,0.0,0.0,D,7.0,8.0,1.0,3.0,16.0,18.0,8.0,1.0,1.0,5.0,0.0,1.0,2.22,3.2,3.58
SP1,2023-12-19,Ath Madrid,Getafe,1887.37,1667.91,3.0,9.0,6.0,10.0,3.0,3.0,D,1.0,0.0,H,8.0,29.0,4.0,9.0,7.0,14.0,1.0,12.0,3.0,3.0,1.0,0.0,1.46,4.45,7.72
SP1,2023-12-19,Granada,Sevilla,1581.52,1703.2,1.0,2.0,1.0,2.0,0.0,3.0,A,0.0,2.0,A,12.0,12.0,3.0,5.0,10.0,18.0,6.0,4.0,2.0,1.0,0.0,0.0,2.88,3.32,2.54
SP1,2023-12-20,Barcelona,Almeria,1860.82,1555.96,4.0,8.0,2.0,2.0,3.0,2.0,H,1.0,1.0,D,30.0,10.0,11.0,5.0,16.0,9.0,12.0,0.0,3.0,3.0,0.0,0.0,1.14,9.55,16.82
SP1,2023-12-20,Ath Bilbao,Las Palmas,1744.0,1635.2,7.0,11.0,7.0,8.0,1.0,0.0,H,0.0,0.0,D,19.0,5.0,10.0,1.0,12.0,11.0,5.0,2.0,1.0,3.0,0.0,0.0,1.39,4.88,8.3
SP1,2023-12-20,Villarreal,Celta,1715.32,1626.07,1.0,4.0,5.0,6.0,3.0,2.0,H,2.0,0.0,H,12.0,15.0,8.0,5.0,16.0,15.0,4.0,7.0,2.0,4.0,0.0,0.0,2.41,3.53,2.9
SP1,2023-12-21,Betis,Girona,1734.96,1777.99,3.0,7.0,9.0,13.0,1.0,1.0,D,0.0,1.0,A,21.0,12.0,4.0,4.0,6.0,9.0,7.0,6.0,2.0,2.0,0.0,0.0,2.8,3.61,2.43
SP1,2023-12-21,Cadiz,Sociedad,1622.26,1837.03,3.0,4.0,5.0,11.0,0.0,0.0,D,0.0,0.0,D,10.0,8.0,2.0,1.0,16.0,15.0,7.0,5.0,3.0,1.0,0.0,0.0,4.61,3.46,1.85
SP1,2023-12-21,Alaves,Real Madrid,1596.18,1962.25,1.0,4.0,7.0,13.0,0.0,1.0,A,0.0,0.0,D,8.0,9.0,2.0,4.0,18.0,13.0,3.0,3.0,3.0,1.0,0.0,1.0,5.78,4.27,1.57
SP1,2023-12-21,Mallorca,Osasuna,1639.37,1649.64,5.0,6.0,5.0,6.0,3.0,2.0,H,1.0,1.0,D,15.0,12.0,8.0,7.0,11.0,12.0,6.0,0.0,3.0,1.0,0.0,0.0,2.37,3.0,3.45
SP1,2023-12-23,Ath Madrid,Sevilla,1887.37,1703.2,4.0,7.0,3.0,4.0,1.0,0.0,H,0.0,0.0,D,12.0,8.0,4.0,2.0,12.0,19.0,6.0,5.0,7.0,3.0,1.0,0.0,1.53,4.46,6.04
SP1,2024-01-02,Getafe,Vallecano,1693.74,1638.9,7.0,10.0,1.0,2.0,0.0,2.0,A,0.0,1.0,A,5.0,12.0,0.0,8.0,16.0,16.0,2.0,3.0,6.0,3.0,2.0,0.0,2.42,3.0,3.39
SP1,2024-01-02,Sociedad,Alaves,1828.72,1589.52,5.0,9.0,0.0,4.0,1.0,1.0,D,0.0,0.0,D,16.0,7.0,6.0,2.0,9.0,17.0,6.0,4.0,4.0,4.0,1.0,0.0,1.59,3.84,6.63
SP1,2024-01-02,Valencia,Villarreal,1680.19,1716.43,4.0,5.0,3.0,7.0,3.0,1.0,H,2.0,0.0,H,11.0,8.0,8.0,4.0,12.0,15.0,4.0,3.0,2.0,5.0,0.0,0.0,2.05,3.5,3.72
SP1,2024-01-03,Granada,Cadiz,1563.74,1628.37,1.0,1.0,3.0,5.0,2.0,0.0,H,1.0,0.0,H,15.0,15.0,8.0,2.0,17.0,16.0,5.0,6.0,3.0,4.0,0.0,1.0,2.26,3.19,3.49
SP1,2024-01-03,Celta,Betis,1626.94,1738.7,4.0,6.0,3.0,7.0,2.0,1.0,H,1.0,1.0,D,19.0,14.0,6.0,3.0,10.0,12.0,8.0,7.0,0.0,2.0,0.0,0.0,2.43,3.37,2.98
SP1,2024-01-03,Real Madrid,Mallorca,1967.51,1645.85,7.0,13.0,7.0,9.0,1.0,0.0,H,0.0,0.0,D,17.0,7.0,5.0,0.0,5.0,15.0,5.0,4.0,2.0,3.0,0.0,0.0,1.24,6.4,12.86
SP1,2024-01-03,Girona,Ath Madrid,1783.49,1870.1,7.0,11.0,4.0,7.0,4.0,3.0,H,3.0,2.0,H,17.0,18.0,9.0,12.0,8.0,10.0,7.0,8.0,0.0,1.0,0.0,0.0,2.57,3.61,2.66
SP1,2024-01-04,Osasuna,Almeria,1649.26,1554.83,4.0,5.0,1.0,2.0,1.0,0.0,H,1.0,0.0,H,14.0,4.0,2.0,0.0,14.0,5.0,5.0,4.0,1.0,2.0,0.0,0.0,1.71,3.92,4.89
SP1,2024-01-04,Sevilla,Ath Bilbao,1693.83,1761.08,3.0,4.0,7.0,11.0,0.0,2.0,A,0.0,1.0,A,11.0,15.0,2.0,6.0,9.0,19.0,5.0,4.0,3.0,1.0,0.0,0.0,3.08,3.33,2.39
SP1,2024-01-04,Las Palmas,Barcelona,1629.1,1858.91,4.0,7.0,4.0,8.0,1.0,2.0,A,1.0,0.0,H,12.0,15.0,3.0,5.0,14.0,5.0,5.0,10.0,5.0,2.0,1.0,0.0,5.68,4.33,1.57
SP1,2024-01-12,Sevilla,Alaves,1693.83,1589.52,3.0,3.0,1.0,2.0,2.0,3.0,A,0.0,2.0,A,19.0,16.0,4.0,8.0,12.0,13.0,5.0,4.0,4.0,3.0,0.0,0.0,1.94,3.35,4.42
SP1,2024-01-13,Las Palmas,Villarreal,1629.1,1716.43,1.0,7.0,3.0,4.0,3.0,0.0,H,1.0,0.0,H,8.0,17.0,3.0,3.0,13.0,11.0,4.0,6.0,4.0,3.0,0.0,0.0,2.52,3.36,2.87
SP1,2024-01-13,Mallorca,Celta,1645.85,1626.94,4.0,8.0,6.0,8.0,1.0,1.0,D,1.0,1.0,D,17.0,6.0,6.0,2.0,18.0,18.0,10.0,1.0,4.0,1.0,0.0,0.0,2.57,3.02,3.1
SP1,2024-01-13,Ath Bilbao,Sociedad,1761.08,1828.72,9.0,13.0,3.0,7.0,2.0,1.0,H,2.0,0.0,H,10.0,9.0,3.0,1.0,16.0,21.0,5.0,5.0,1.0,4.0,0.0,0.0,2.04,3.42,3.88
SP1,2024-01-13,Betis,Granada,1738.7,1563.74,2.0,4.0,3.0,4.0,1.0,0.0,H,0.0,0.0,D,25.0,6.0,6.0,2.0,11.0,17.0,13.0,1.0,3.0,4.0,0.0,0.0,1.63,4.1,5.45
SP1,2024-01-14,Almeria,Girona,1554.83,1783.49,1.0,2.0,7.0,13.0,0.0,0.0,D,0.0,0.0,D,20.0,5.0,3.0,1.0,13.0,8.0,4.0,3.0,4.0,4.0,0.0,1.0,4.61,4.32,1.68
SP1,2024-01-14,Cadiz,Valencia,1628.37,1680.19,2.0,4.0,7.0,7.0,1.0,4.0,A,1.0,1.0,D,10.0,9.0,2.0,5.0,15.0,15.0,3.0,1.0,4.0,2.0,0.0,0.0,2.93,3.02,2.7
SP1,2024-01-19,Alaves,Cadiz,1609.1,1602.71,4.0,4.0,1.0,3.0,1.0,0.0,H,0.0,0.0,D,13.0,9.0,3.0,1.0,15.0,18.0,4.0,4.0,0.0,4.0,0.0,0.0,1.73,3.45,5.83
SP1,2024-01-20,Vallecano,Las Palmas,1655.37,1638.8,3.0,4.0,3.0,7.0,0.0,2.0,A,0.0,1.0,A,16.0,10.0,3.0,5.0,19.0,8.0,12.0,0.0,3.0,1.0,1.0,0.0,1.92,3.43,4.37
SP1,2024-01-20,Villarreal,Mallorca,1692.38,1642.21,3.0,3.0,4.0,8.0,1.0,1.0,D,1.0,0.0,H,18.0,8.0,5.0,2.0,13.0,11.0,4.0,6.0,2.0,2.0,1.0,0.0,2.09,3.48,3.59
SP1,2024-01-20,Valencia,Ath Bilbao,1704.64,1780.44,9.0,10.0,9.0,13.0,1.0,0.0,H,0.0,0.0,D,6.0,6.0,1.0,3.0,11.0,14.0,4.0,2.0,0.0,3.0,0.0,0.0,3.38,3.39,2.21
SP1,2024-01-20,Celta,Sociedad,1638.52,1814.09,4.0,8.0,2.0,6.0,0.0,1.0,A,0.0,1.0,A,6.0,6.0,2.0,2.0,12.0,18.0,6.0,3.0,1.0,2.0,0.0,0.0,3.23,3.07,2.46
SP1,2024-01-21,Osasuna,Getafe,1653.2,1677.27,6.0,8.0,4.0,7.0,3.0,2.0,H,2.0,0.0,H,13.0,10.0,7.0,7.0,14.0,16.0,1.0,4.0,4.0,4.0,0.0,0.0,2.18,3.09,3.81
SP1,2024-01-21,Real Madrid,Almeria,1968.72,1555.23,9.0,13.0,1.0,2.0,3.0,2.0,H,0.0,2.0,A,18.0,10.0,6.0,2.0,9.0,17.0,6.0,3.0,3.0,5.0,0.0,0.0,1.15,9.07,16.19
SP1,2024-01-21,Betis,Barcelona,1732.57,1863.41,4.0,6.0,7.0,10.0,2.0,4.0,A,0.0,1.0,A,14.0,11.0,5.0,4.0,12.0,9.0,3.0,4.0,1.0,2.0,0.0,0.0,4.24,3.92,1.81
SP1,2024-01-21,Girona,Sevilla,1787.27,1669.52,5.0,11.0,0.0,3.0,5.0,1.0,H,3.0,1.0,H,12.0,9.0,8.0,3.0,9.0,11.0,4.0,5.0,0.0,2.0,0.0,0.0,1.73,4.0,4.6
SP1,2024-01-22,Granada,Ath Madrid,1571.78,1861.99,3.0,4.0,4.0,7.0,0.0,1.0,A,0.0,0.0,D,17.0,10.0,2.0,5.0,11.0,16.0,6.0,2.0,2.0,2.0,1.0,0.0,4.79,3.97,1.71
SP1,2024-01-26,Almeria,Alaves,1555.23,1609.1,1.0,2.0,7.0,7.0,0.0,3.0,A,0.0,1.0,A,19.0,11.0,7.0,3.0,17.0,12.0,11.0,3.0,1.0,2.0,0.0,0.0,2.61,3.23,2.86
SP1,2024-01-27,Sociedad,Vallecano,1814.09,1655.37,4.0,6.0,3.0,4.0,0.0,0.0,D,0.0,0.0,D,6.0,5.0,3.0,0.0,16.0,14.0,2.0,2.0,2.0,4.0,0.0,0.0,1.67,3.72,5.69
SP1,2024-01-27,Las Palmas,Real Madrid,1638.8,1968.72,6.0,7.0,9.0,13.0,1.0,2.0,A,0.0,0.0,D,7.0,13.0,2.0,5.0,17.0,14.0,1.0,6.0,3.0,3.0,0.0,0.0,6.81,4.71,1.46
SP1,2024-01-27,Barcelona,Villarreal,1863.41,1692.38,9.0,10.0,1.0,4.0,3.0,5.0,A,0.0,1.0,A,22.0,9.0,10.0,6.0,8.0,13.0,10.0,0.0,3.0,4.0,0.0,0.0,1.34,5.91,7.85
SP1,2024-01-27,Mallorca,Betis,1642.21,1732.57,2.0,6.0,3.0,5.0,0.0,1.0,A,0.0,1.0,A,14.0,8.0,1.0,2.0,14.0,6.0,5.0,4.0,2.0,1.0,0.0,0.0,2.4,3.14,3.25
SP1,2024-01-28,Celta,Girona,1638.52,1787.27,4.0,7.0,7.0,11.0,0.0,1.0,A,0.0,1.0,A,10.0,15.0,5.0,6.0,13.0,11.0,5.0,7.0,1.0,1.0,0.0,0.0,2.77,3.52,2.49
SP1,2024-01-28,Cadiz,Ath Bilbao,1602.71,1780.44,0.0,2.0,6.0,12.0,0.0,0.0,D,0.0,0.0,D,9.0,8.0,2.0,0.0,13.0,14.0,6.0,8.0,4.0,2.0,0.0,0.0,5.14,3.62,1.74
SP1,2024-01-28,Sevilla,Osasuna,1669.52,1653.2,0.0,3.0,6.0,10.0,1.0,1.0,D,1.0,0.0,H,10.0,11.0,5.0,4.0,19.0,13.0,2.0,4.0,3.0,0.0,1.0,0.0,2.06,3.36,3.79
SP1,2024-01-28,Ath Madrid,Valencia,1861.99,1704.64,6.0,7.0,9.0,13.0,2.0,0.0,H,1.0,0.0,H,12.0,10.0,8.0,3.0,9.0,9.0,3.0,6.0,2.0,0.0,0.0,0.0,1.5,4.42,6.51
SP1,2024-01-29,Getafe,Granada,1677.27,1571.78,1.0,7.0,3.0,3.0,2.0,0.0,H,2.0,0.0,H,7.0,16.0,4.0,3.0,17.0,11.0,4.0,3.0,2.0,1.0,0.0,0.0,1.82,3.49,4.73
SP1,2024-01-31,Barcelona,Osasuna,1863.41,1653.2,6.0,10.0,7.0,10.0,1.0,0.0,H,0.0,0.0,D,16.0,9.0,4.0,1.0,9.0,12.0,6.0,6.0,1.0,2.0,0.0,1.0,1.32,5.57,9.5
SP1,2024-01-31,Ath Madrid,Vallecano,1861.99,1655.37,6.0,10.0,4.0,4.0,2.0,1.0,H,1.0,1.0,D,8.0,10.0,3.0,2.0,11.0,13.0,5.0,6.0,0.0,3.0,0.0,0.0,1.5,4.47,6.58
SP1,2024-02-01,Getafe,Real Madrid,1676.16,1972.29,3.0,7.0,9.0,15.0,0.0,2.0,A,0.0,1.0,A,10.0,16.0,2.0,9.0,16.0,5.0,2.0,6.0,1.0,2.0,0.0,0.0,6.23,4.19,1.55
SP1,2024-02-02,Ath Bilbao,Mallorca,1769.48,1637.66,4.0,10.0,2.0,5.0,4.0,0.0,H,2.0,0.0,H,13.0,6.0,6.0,2.0,17.0,15.0,6.0,2.0,0.0,1.0,0.0,0.0,1.55,3.96,6.95
SP1,2024-02-03,Valencia,Almeria,1708.26,1539.81,6.0,12.0,1.0,1.0,2.0,1.0,H,2.0,0.0,H,7.0,15.0,2.0,5.0,17.0,16.0,0.0,6.0,4.0,5.0,0.0,0.0,1.67,3.93,5.26
SP1,2024-02-03,Granada,Las Palmas,1562.84,1651.14,0.0,3.0,6.0,6.0,1.0,1.0,D,1.0,0.0,H,3.0,16.0,1.0,6.0,6.0,16.0,2.0,9.0,4.0,3.0,1.0,1.0,2.3,3.25,3.32
SP1,2024-02-03,Alaves,Barcelona,1629.91,1855.8,9.0,10.0,6.0,12.0,1.0,3.0,A,0.0,1.0,A,13.0,8.0,2.0,5.0,15.0,10.0,14.0,5.0,2.0,2.0,0.0,1.0,4.18,3.71,1.87
SP1,2024-02-03,Girona,Sociedad,1799.96,1813.56,7.0,11.0,4.0,6.0,0.0,0.0,D,0.0,0.0,D,11.0,11.0,3.0,2.0,8.0,19.0,3.0,4.0,2.0,3.0,0.0,0.0,2.15,3.46,3.48
SP1,2024-02-04,Villarreal,Cadiz,1708.39,1599.57,4.0,7.0,1.0,2.0,0.0,0.0,D,0.0,0.0,D,19.0,8.0,4.0,2.0,14.0,14.0,13.0,2.0,3.0,1.0,0.0,0.0,1.65,4.04,5.23
SP1,2024-02-04,Osasuna,Celta,1659.62,1627.25,4.0,7.0,1.0,4.0,0.0,3.0,A,0.0,2.0,A,18.0,6.0,1.0,5.0,10.0,10.0,9.0,1.0,2.0,0.0,0.0,0.0,2.35,3.17,3.31
SP1,2024-02-04,Betis,Getafe,1731.26,1676.16,6.0,7.0,3.0,4.0,1.0,1.0,D,1.0,1.0,D,9.0,11.0,3.0,2.0,9.0,19.0,3.0,5.0,7.0,4.0,0.0,0.0,1.91,3.43,4.39
SP1,2024-02-04,Real Madrid,Ath Madrid,1972.29,1871.7,9.0,15.0,9.0,12.0,1.0,1.0,D,1.0,0.0,H,17.0,10.0,4.0,5.0,6.0,15.0,2.0,8.0,0.0,5.0,0.0,0.0,1.76,4.04,4.39
SP1,2024-02-05,Vallecano,Sevilla,1644.2,1660.36,1.0,4.0,1.0,1.0,1.0,2.0,A,1.0,2.0,A,22.0,10.0,5.0,6.0,8.0,10.0,6.0,0.0,2.0,2.0,0.0,0.0,2.19,3.34,3.45
SP1,2024-02-09,Cadiz,Betis,1599.57,1731.26,2.0,2.0,4.0,7.0,0.0,2.0,A,0.0,1.0,A,14.0,13.0,5.0,5.0,12.0,10.0,5.0,3.0,1.0,1.0,0.0,0.0,3.03,2.99,2.65
SP1,2024-02-10,Alaves,Villarreal,1629.91,1708.39,6.0,10.0,5.0,5.0,1.0,1.0,D,1.0,1.0,D,17.0,12.0,4.0,4.0,7.0,11.0,10.0,9.0,0.0,2.0,0.0,0.0,2.21,3.41,3.35
SP1,2024-02-10,Sociedad,Osasuna,1813.56,1659.62,5.0,6.0,1.0,7.0,0.0,1.0,A,0.0,0.0,D,21.0,9.0,3.0,2.0,11.0,11.0,7.0,4.0,0.0,0.0,0.0,0.0,1.87,3.23,5.01
SP1,2024-02-10,Real Madrid,Girona,1972.29,1799.96,7.0,13.0,7.0,11.0,4.0,0.0,H,2.0,0.0,H,16.0,5.0,6.0,0.0,9.0,12.0,0.0,2.0,1.0,2.0,0.0,0.0,1.45,5.04,6.42
SP1,2024-02-10,Las Palmas,Valencia,1651.14,1708.26,4.0,7.0,6.0,12.0,2.0,0.0,H,0.0,0.0,D,8.0,7.0,3.0,1.0,9.0,9.0,5.0,0.0,2.0,0.0,0.0,0.0,2.72,2.99,2.93
SP1,2024-02-11,Getafe,Celta,1676.16,1627.25,4.0,4.0,3.0,7.0,3.0,2.0,H,2.0,0.0,H,11.0,9.0,4.0,4.0,16.0,13.0,0.0,4.0,1.0,2.0,0.0,0.0,2.24,3.14,3.59
SP1,2024-02-11,Mallorca,Vallecano,1637.66,1644.2,1.0,2.0,1.0,4.0,2.0,1.0,H,0.0,0.0,D,8.0,11.0,5.0,4.0,17.0,11.0,5.0,1.0,4.0,0.0,0.0,0.0,2.38,2.98,3.46
SP1,2024-02-11,Sevilla,Ath Madrid,1660.36,1871.7,4.0,4.0,7.0,10.0,1.0,0.0,H,1.0,0.0,H,10.0,16.0,6.0,5.0,8.0,5.0,2.0,7.0,2.0,1.0,0.0,0.0,3.5,3.55,2.09
SP1,2024-02-11,Barcelona,Granada,1855.8,1562.84,6.0,12.0,1.0,4.0,3.0,3.0,D,1.0,1.0,D,11.0,11.0,6.0,5.0,13.0,9.0,6.0,2.0,1.0,2.0,0.0,0.0,1.21,7.23,12.32
SP1,2024-02-12,Almeria,Ath Bilbao,1539.81,1769.48,0.0,1.0,4.0,10.0,0.0,0.0,D,0.0,0.0,D,10.0,12.0,4.0,4.0,17.0,15.0,4.0,10.0,4.0,1.0,1.0,0.0,4.65,3.92,1.73
SP1,2024-02-16,Villarreal,Getafe,1702.35,1680.07,5.0,6.0,4.0,7.0,1.0,1.0,D,0.0,1.0,A,20.0,11.0,7.0,2.0,13.0,13.0,8.0,3.0,0.0,1.0,0.0,0.0,2.0,3.56,3.81
SP1,2024-02-17,Ath Madrid,Las Palmas,1864.09,1661.07,4.0,10.0,4.0,10.0,5.0,0.0,H,2.0,0.0,H,13.0,11.0,7.0,2.0,19.0,9.0,3.0,5.0,2.0,2.0,0.0,0.0,1.47,4.59,7.09
SP1,2024-02-17,Osasuna,Cadiz,1653.77,1593.73,3.0,7.0,2.0,2.0,2.0,0.0,H,0.0,0.0,D,11.0,5.0,4.0,1.0,20.0,12.0,5.0,4.0,4.0,2.0,0.0,0.0,1.79,3.41,5.27
SP1,2024-02-17,Celta,Barcelona,1639.54,1853.21,3.0,4.0,7.0,10.0,1.0,2.0,A,0.0,1.0,A,13.0,14.0,4.0,4.0,11.0,13.0,2.0,5.0,2.0,4.0,0.0,0.0,3.96,3.85,1.88
SP1,2024-02-17,Valencia,Sevilla,1698.84,1680.35,3.0,9.0,7.0,7.0,0.0,0.0,D,0.0,0.0,D,14.0,1.0,4.0,1.0,5.0,8.0,7.0,2.0,0.0,1.0,0.0,0.0,2.26,3.31,3.34
SP1,2024-02-18,Vallecano,Real Madrid,1627.24,1979.73,0.0,1.0,7.0,13.0,1.0,1.0,D,1.0,1.0,D,8.0,11.0,3.0,4.0,17.0,7.0,4.0,10.0,4.0,3.0,0.0,1.0,5.49,4.07,1.63
SP1,2024-02-18,Granada,Almeria,1570.25,1540.46,2.0,2.0,1.0,2.0,1.0,1.0,D,0.0,1.0,A,19.0,13.0,7.0,3.0,13.0,22.0,10.0,4.0,2.0,3.0,0.0,0.0,2.14,3.51,3.41
SP1,2024-02-18,Mallorca,Sociedad,1636.12,1794.29,3.0,5.0,2.0,5.0,1.0,2.0,A,1.0,1.0,D,4.0,19.0,1.0,5.0,12.0,18.0,3.0,9.0,7.0,5.0,1.0,0.0,3.34,2.83,2.55
SP1,2024-02-18,Betis,Alaves,1736.4,1623.08,7.0,10.0,4.0,10.0,0.0,0.0,D,0.0,0.0,D,13.0,13.0,2.0,4.0,13.0,9.0,6.0,8.0,5.0,2.0,0.0,0.0,2.1,3.34,3.7
SP1,2024-02-19,Ath Bilbao,Girona,1771.25,1791.85,5.0,8.0,4.0,8.0,3.0,2.0,H,1.0,0.0,H,14.0,12.0,7.0,6.0,16.0,13.0,3.0,4.0,1.0,2.0,0.0,0.0,1.98,3.72,3.68
SP1,2024-02-23,Sociedad,Villarreal,1794.29,1702.35,4.0,8.0,3.0,7.0,1.0,3.0,A,0.0,1.0,A,21.0,6.0,8.0,4.0,15.0,14.0,13.0,2.0,3.0,4.0,0.0,0.0,1.73,3.78,5.06
SP1,2024-02-24,Barcelona,Getafe,1853.21,1680.07,7.0,10.0,5.0,8.0,4.0,0.0,H,1.0,0.0,H,17.0,10.0,9.0,4.0,12.0,18.0,5.0,8.0,1.0,4.0,0.0,0.0,1.42,4.97,7.2
SP1,2024-02-24,Alaves,Mallorca,1623.08,1636.12,2.0,8.0,3.0,4.0,1.0,1.0,D,0.0,0.0,D,9.0,15.0,1.0,8.0,7.0,15.0,3.0,3.0,0.0,2.0,0.0,0.0,1.94,3.11,4.8
SP1,2024-02-24,Almeria,Ath Madrid,1540.46,1864.09,2.0,2.0,4.0,10.0,2.0,2.0,D,1.0,1.0,D,9.0,18.0,4.0,9.0,13.0,12.0,2.0,7.0,1.0,1.0,0.0,0.0,4.54,3.95,1.75
SP1,2024-02-25,Cadiz,Celta,1593.73,1639.54,1.0,2.0,3.0,3.0,2.0,2.0,D,0.0,1.0,A,19.0,7.0,6.0,3.0,13.0,20.0,9.0,1.0,2.0,3.0,0.0,0.0,3.08,3.03,2.57
SP1,2024-02-25,Betis,Ath Bilbao,1736.4,1771.25,5.0,8.0,7.0,8.0,3.0,1.0,H,2.0,1.0,H,13.0,3.0,5.0,1.0,14.0,12.0,5.0,3.0,1.0,6.0,0.0,1.0,3.5,3.26,2.21
SP1,2024-02-25,Las Palmas,Osasuna,1661.07,1653.77,4.0,7.0,6.0,7.0,1.0,1.0,D,0.0,0.0,D,9.0,6.0,3.0,2.0,6.0,15.0,6.0,7.0,2.0,1.0,0.0,0.0,2.41,3.03,3.33
SP1,2024-02-25,Real Madrid,Sevilla,1979.73,1680.35,5.0,11.0,7.0,8.0,1.0,0.0,H,0.0,0.0,D,16.0,4.0,6.0,1.0,10.0,13.0,7.0,2.0,1.0,3.0,0.0,0.0,1.3,5.85,9.43
SP1,2024-02-26,Girona,Vallecano,1791.85,1627.24,1.0,7.0,1.0,2.0,3.0,0.0,H,0.0,0.0,D,14.0,7.0,8.0,1.0,13.0,16.0,2.0,2.0,3.0,5.0,0.0,1.0,1.66,4.11,4.96
SP1,2024-03-01,Celta,Almeria,1629.83,1543.59,1.0,4.0,3.0,3.0,1.0,0.0,H,0.0,0.0,D,15.0,3.0,6.0,0.0,8.0,14.0,7.0,0.0,1.0,2.0,0.0,1.0,1.86,3.68,4.3
SP1,2024-03-02,Sevilla,Sociedad,1675.58,1776.71,4.0,8.0,3.0,5.0,3.0,2.0,H,2.0,1.0,H,12.0,13.0,5.0,4.0,12.0,15.0,2.0,5.0,1.0,2.0,0.0,0.0,2.6,3.02,3.05
SP1,2024-03-02,Vallecano,Cadiz,1622.78,1580.03,1.0,1.0,1.0,3.0,1.0,1.0,D,0.0,0.0,D,9.0,16.0,5.0,5.0,14.0,17.0,4.0,9.0,1.0,1.0,0.0,0.0,1.83,3.34,5.09
SP1,2024-03-02,Getafe,Las Palmas,1671.48,1647.68,4.0,5.0,4.0,5.0,3.0,3.0,D,3.0,1.0,H,16.0,14.0,5.0,5.0,28.0,9.0,4.0,4.0,4.0,1.0,0.0,0.0,2.05,3.18,4.15
SP1,2024-03-02,Valencia,Real Madrid,1690.3,1968.6,4.0,7.0,7.0,11.0,2.0,2.0,D,2.0,1.0,H,12.0,10.0,5.0,5.0,18.0,11.0,2.0,2.0,2.0,3.0,0.0,1.0,5.32,3.91,1.67
SP1,2024-03-03,Villarreal,Granada,1711.45,1561.36,5.0,9.0,3.0,3.0,5.0,1.0,H,3.0,0.0,H,16.0,9.0,10.0,3.0,12.0,15.0,6.0,4.0,1.0,2.0,0.0,0.0,1.65,4.21,4.99
SP1,2024-03-03,Ath Madrid,Betis,1855.31,1718.2,4.0,8.0,7.0,11.0,2.0,1.0,H,2.0,0.0,H,17.0,12.0,12.0,6.0,9.0,12.0,4.0,6.0,1.0,2.0,0.0,0.0,1.56,4.34,5.73
SP1,2024-03-03,Mallorca,Girona,1626.15,1784.44,4.0,4.0,3.0,7.0,1.0,0.0,H,1.0,0.0,H,16.0,15.0,2.0,4.0,19.0,9.0,8.0,5.0,5.0,0.0,0.0,0.0,3.23,3.3,2.3
SP1,2024-03-03,Ath Bilbao,Barcelona,1760.81,1859.21,4.0,8.0,7.0,13.0,0.0,0.0,D,0.0,0.0,D,8.0,8.0,2.0,2.0,14.0,11.0,4.0,4.0,3.0,3.0,0.0,0.0,2.86,3.54,2.42
SP1,2024-03-04,Osasuna,Alaves,1656.8,1619.78,7.0,7.0,3.0,6.0,1.0,0.0,H,0.0,0.0,D,15.0,10.0,4.0,4.0,15.0,11.0,5.0,5.0,2.0,1.0,0.0,0.0,2.39,3.08,3.27
SP1,2024-03-08,Barcelona,Mallorca,1859.21,1626.15,7.0,11.0,4.0,7.0,1.0,0.0,H,0.0,0.0,D,20.0,9.0,6.0,3.0,9.0,14.0,4.0,1.0,1.0,1.0,0.0,0.0,1.46,4.58,7.23
SP1,2024-03-09,Valencia,Getafe,1690.3,1671.48,2.0,5.0,2.0,6.0,1.0,0.0,H,1.0,0.0,H,10.0,15.0,3.0,5.0,10.0,19.0,5.0,5.0,2.0,3.0,0.0,0.0,2.0,3.18,4.38
SP1,2024-03-09,Cadiz,Ath Madrid,1580.03,1855.31,2.0,3.0,7.0,8.0,2.0,0.0,H,1.0,0.0,H,7.0,8.0,3.0,4.0,20.0,15.0,3.0,1.0,4.0,5.0,0.0,0.0,4.93,3.71,1.75
SP1,2024-03-09,Granada,Sociedad,1561.36,1776.71,2.0,3.0,3.0,4.0,2.0,3.0,A,2.0,1.0,H,13.0,11.0,6.0,8.0,17.0,11.0,4.0,6.0,1.0,2.0,0.0,0.0,4.43,3.44,1.89
SP1,2024-03-09,Girona,Osasuna,1784.44,1656.8,3.0,4.0,7.0,10.0,2.0,0.0,H,1.0,0.0,H,11.0,7.0,6.0,1.0,10.0,16.0,5.0,7.0,3.0,3.0,0.0,0.0,1.62,4.2,5.41
SP1,2024-03-10,Alaves,Vallecano,1619.78,1622.78,2.0,3.0,2.0,2.0,1.0,0.0,H,1.0,0.0,H,12.0,9.0,4.0,3.0,13.0,10.0,7.0,5.0,2.0,2.0,0.0,0.0,2.17,3.15,3.77
SP1,2024-03-10,Las Palmas,Ath Bilbao,1647.68,1760.81,2.0,6.0,4.0,8.0,0.0,2.0,A,0.0,1.0,A,14.0,7.0,2.0,2.0,8.0,14.0,10.0,3.0,3.0,3.0,0.0,0.0,3.97,3.37,2.01
SP1,2024-03-10,Real Madrid,Celta,1968.6,1629.83,5.0,9.0,4.0,7.0,4.0,0.0,H,1.0,0.0,H,24.0,11.0,13.0,1.0,8.0,13.0,12.0,1.0,2.0,3.0,0.0,0.0,1.3,5.94,9.62
SP1,2024-03-10,Betis,Villarreal,1718.2,1711.45,4.0,8.0,7.0,9.0,2.0,3.0,A,2.0,1.0,H,13.0,6.0,4.0,4.0,12.0,17.0,11.0,4.0,3.0,4.0,1.0,1.0,2.08,3.62,3.48
SP1,2024-03-11,Almeria,Sevilla,1543.59,1675.58,2.0,3.0,4.0,10.0,2.0,2.0,D,1.0,0.0,H,14.0,19.0,4.0,6.0,6.0,11.0,1.0,8.0,2.0,2.0,0.0,0.0,3.06,3.34,2.38
SP1,2024-03-15,Sociedad,Cadiz,1768.06,1602.15,3.0,6.0,5.0,5.0,2.0,0.0,H,1.0,0.0,H,14.0,13.0,6.0,2.0,15.0,6.0,8.0,2.0,3.0,1.0,0.0,0.0,1.48,4.03,8.4
SP1,2024-03-16,Mallorca,Granada,1634.44,1550.84,4.0,7.0,1.0,3.0,1.0,0.0,H,0.0,0.0,D,18.0,8.0,8.0,3.0,17.0,9.0,10.0,2.0,2.0,0.0,0.0,0.0,1.84,3.4,4.85
SP1,2024-03-16,Osasuna,Real Madrid,1657.4,1966.91,4.0,10.0,7.0,11.0,2.0,4.0,A,1.0,2.0,A,9.0,17.0,4.0,9.0,18.0,9.0,5.0,7.0,3.0,2.0,0.0,0.0,5.97,4.25,1.56
SP1,2024-03-16,Getafe,Girona,1663.53,1779.74,1.0,5.0,6.0,6.0,1.0,0.0,H,1.0,0.0,H,11.0,13.0,3.0,3.0,16.0,13.0,2.0,5.0,4.0,4.0,0.0,0.0,3.13,3.49,2.29
SP1,2024-03-16,Ath Bilbao,Alaves,1772.28,1620.99,4.0,8.0,4.0,6.0,2.0,0.0,H,2.0,0.0,H,16.0,7.0,4.0,3.0,7.0,13.0,5.0,4.0,1.0,3.0,0.0,0.0,1.55,3.97,6.69
SP1,2024-03-17,Sevilla,Celta,1682.98,1632.1,4.0,8.0,4.0,4.0,1.0,2.0,A,1.0,0.0,H,11.0,18.0,4.0,5.0,13.0,6.0,3.0,8.0,4.0,0.0,0.0,0.0,2.01,3.42,3.92
SP1,2024-03-17,Las Palmas,Almeria,1640.23,1541.54,2.0,5.0,2.0,4.0,0.0,1.0,A,0.0,1.0,A,21.0,3.0,6.0,2.0,8.0,17.0,11.0,3.0,2.0,2.0,0.0,0.0,1.91,3.59,4.1
SP1,2024-03-17,Villarreal,Valencia,1715.84,1701.24,9.0,11.0,5.0,8.0,1.0,0.0,H,0.0,0.0,D,13.0,14.0,7.0,7.0,12.0,12.0,6.0,2.0,5.0,1.0,0.0,0.0,2.1,3.46,3.56
SP1,2024-03-17,Vallecano,Betis,1613.56,1704.71,1.0,2.0,3.0,7.0,2.0,0.0,H,1.0,0.0,H,8.0,11.0,4.0,1.0,22.0,16.0,4.0,8.0,4.0,4.0,0.0,0.0,2.49,3.23,2.98
SP1,2024-03-17,Ath Madrid,Barcelona,1847.82,1871.15,4.0,7.0,7.0,11.0,0.0,3.0,A,0.0,1.0,A,12.0,9.0,3.0,5.0,15.0,9.0,7.0,3.0,3.0,1.0,1.0,0.0,2.39,3.63,2.84
SP1,2024-03-29,Cadiz,Granada,1602.15,1550.84,4.0,5.0,0.0,2.0,1.0,0.0,H,0.0,0.0,D,13.0,10.0,5.0,2.0,17.0,14.0,5.0,2.0,2.0,4.0,0.0,0.0,2.02,3.34,4.1
SP1,2024-03-30,Getafe,Sevilla,1663.53,1682.98,4.0,5.0,4.0,5.0,0.0,1.0,A,0.0,1.0,A,18.0,10.0,5.0,3.0,11.0,15.0,7.0,3.0,4.0,5.0,0.0,0.0,2.53,3.15,3.02
SP1,2024-03-30,Almeria,Osasuna,1541.54,1657.4,4.0,6.0,3.0,7.0,0.0,3.0,A,0.0,2.0,A,12.0,6.0,5.0,4.0,12.0,14.0,6.0,1.0,3.0,2.0,0.0,0.0,2.62,3.25,2.83
SP1,2024-03-30,Valencia,Mallorca,1701.24,1634.44,4.0,5.0,6.0,7.0,0.0,0.0,D,0.0,0.0,D,14.0,11.0,5.0,3.0,8.0,11.0,3.0,3.0,0.0,2.0,0.0,0.0,2.1,2.96,4.35
SP1,2024-03-30,Barcelona,Las Palmas,1871.15,1640.23,7.0,13.0,1.0,2.0,1.0,0.0,H,0.0,0.0,D,14.0,8.0,2.0,0.0,11.0,9.0,6.0,1.0,5.0,1.0,0.0,1.0,1.27,6.34,10.15
SP1,2024-03-31,Celta,Vallecano,1632.1,1613.56,6.0,7.0,4.0,5.0,0.0,0.0,D,0.0,0.0,D,13.0,8.0,0.0,2.0,12.0,16.0,3.0,2.0,3.0,3.0,0.0,0.0,1.96,3.39,4.16
SP1,2024-03-31,Girona,Betis,1779.74,1704.71,3.0,6.0,0.0,4.0,3.0,2.0,H,1.0,1.0,D,9.0,7.0,5.0,4.0,13.0,14.0,5.0,4.0,3.0,4.0,0.0,0.0,1.78,3.96,4.37
SP1,2024-03-31,Alaves,Sociedad,1620.99,1768.06,3.0,5.0,6.0,9.0,0.0,1.0,A,0.0,0.0,D,3.0,12.0,0.0,3.0,10.0,15.0,3.0,8.0,2.0,2.0,0.0,0.0,3.41,2.96,2.42
SP1,2024-03-31,Real Madrid,Ath Bilbao,1966.91,1772.28,7.0,11.0,7.0,10.0,2.0,0.0,H,1.0,0.0,H,9.0,7.0,4.0,3.0,9.0,13.0,4.0,7.0,2.0,1.0,0.0,0.0,1.55,4.29,5.87
SP1,2024-04-01,Villarreal,Ath Madrid,1721.35,1831.26,9.0,13.0,3.0,7.0,1.0,2.0,A,0.0,1.0,A,11.0,14.0,2.0,8.0,14.0,22.0,3.0,3.0,3.0,3.0,0.0,0.0,3.0,3.71,2.27
SP1,2024-04-04,Granada,Valencia,1541.9,1691.82,0.0,1.0,4.0,6.0,0.0,1.0,A,0.0,0.0,D,13.0,6.0,3.0,2.0,20.0,15.0,5.0,4.0,3.0,1.0,0.0,0.0,3.32,3.19,2.3
SP1,2024-04-12,Betis,Celta,1688.74,1640.73,0.0,3.0,4.0,8.0,2.0,1.0,H,0.0,0.0,D,15.0,12.0,3.0,5.0,7.0,10.0,6.0,5.0,1.0,0.0,0.0,0.0,2.06,3.47,3.71
SP1,2024-04-13,Ath Madrid,Girona,1831.26,1774.97,3.0,7.0,6.0,9.0,3.0,1.0,H,2.0,1.0,H,17.0,12.0,4.0,5.0,18.0,12.0,2.0,0.0,3.0,2.0,0.0,0.0,1.97,3.78,3.67
SP1,2024-04-13,Vallecano,Getafe,1628.22,1662.04,4.0,5.0,3.0,4.0,0.0,0.0,D,0.0,0.0,D,11.0,7.0,2.0,0.0,17.0,19.0,3.0,0.0,4.0,6.0,0.0,0.0,2.23,3.05,3.73
SP1,2024-04-13,Mallorca,Real Madrid,1642.52,1974.57,4.0,8.0,9.0,13.0,0.0,1.0,A,0.0,0.0,D,6.0,16.0,2.0,9.0,18.0,7.0,4.0,2.0,2.0,1.0,0.0,0.0,4.92,3.66,1.77
SP1,2024-04-13,Cadiz,Barcelona,1602.87,1889.34,6.0,8.0,9.0,13.0,0.0,1.0,A,0.0,1.0,A,14.0,12.0,3.0,2.0,17.0,15.0,8.0,4.0,3.0,3.0,0.0,0.0,4.33,3.57,1.88
SP1,2024-04-14,Las Palmas,Sevilla,1625.89,1681.91,0.0,2.0,4.0,7.0,0.0,2.0,A,0.0,1.0,A,5.0,10.0,2.0,3.0,8.0,13.0,6.0,2.0,3.0,3.0,1.0,0.0,2.74,3.18,2.75
SP1,2024-04-14,Granada,Alaves,1541.9,1610.24,0.0,0.0,3.0,4.0,2.0,0.0,H,2.0,0.0,H,9.0,8.0,3.0,3.0,16.0,11.0,1.0,5.0,3.0,2.0,0.0,0.0,3.1,3.1,2.51
SP1,2024-04-14,Ath Bilbao,Villarreal,1773.27,1721.35,6.0,7.0,6.0,12.0,1.0,1.0,D,0.0,0.0,D,13.0,10.0,6.0,2.0,13.0,12.0,3.0,1.0,3.0,3.0,0.0,1.0,1.77,3.97,4.4
SP1,2024-04-14,Sociedad,Almeria,1778.53,1540.87,9.0,9.0,4.0,5.0,2.0,2.0,D,1.0,1.0,D,17.0,7.0,4.0,3.0,16.0,8.0,5.0,1.0,2.0,2.0,1.0,0.0,1.33,5.2,9.97
SP1,2024-04-15,Osasuna,Valencia,1669.39,1701.17,3.0,7.0,4.0,8.0,0.0,1.0,A,0.0,1.0,A,13.0,4.0,2.0,3.0,10.0,10.0,4.0,1.0,0.0,2.0,0.0,0.0,2.22,3.1,3.65
SP1,2024-04-19,Ath Bilbao,Granada,1772.38,1549.81,4.0,8.0,3.0,3.0,1.0,1.0,D,1.0,1.0,D,17.0,5.0,6.0,0.0,11.0,15.0,11.0,4.0,4.0,2.0,0.0,0.0,1.28,5.86,11.69
SP1,2024-04-20,Celta,Las Palmas,1638.75,1616.28,4.0,7.0,0.0,1.0,4.0,1.0,H,2.0,1.0,H,21.0,9.0,13.0,4.0,10.0,9.0,8.0,4.0,1.0,0.0,0.0,0.0,1.76,3.71,4.9
SP1,2024-04-20,Vallecano,Osasuna,1629.79,1669.39,5.0,6.0,3.0,6.0,2.0,1.0,H,0.0,1.0,A,17.0,6.0,6.0,2.0,9.0,15.0,5.0,1.0,4.0,1.0,0.0,0.0,2.22,3.13,3.63
SP1,2024-04-20,Valencia,Betis,1701.17,1696.62,7.0,10.0,3.0,3.0,1.0,2.0,A,0.0,1.0,A,8.0,12.0,5.0,6.0,18.0,10.0,7.0,6.0,2.0,3.0,0.0,0.0,2.21,3.28,3.51
SP1,2024-04-20,Girona,Cadiz,1771.79,1602.47,3.0,6.0,3.0,7.0,4.0,1.0,H,2.0,0.0,H,10.0,12.0,5.0,5.0,11.0,14.0,2.0,4.0,1.0,2.0,0.0,0.0,1.42,4.81,7.59
SP1,2024-04-21,Getafe,Sociedad,1666.37,1774.23,4.0,5.0,7.0,10.0,1.0,1.0,D,1.0,1.0,D,6.0,7.0,4.0,3.0,12.0,18.0,0.0,4.0,0.0,2.0,0.0,0.0,3.8,3.1,2.18
SP1,2024-04-21,Almeria,Villarreal,1551.07,1720.9,4.0,5.0,4.0,10.0,1.0,2.0,A,1.0,1.0,D,24.0,11.0,5.0,3.0,10.0,16.0,5.0,2.0,3.0,4.0,1.0,0.0,3.4,3.75,2.06
SP1,2024-04-21,Alaves,Ath Madrid,1601.83,1850.98,0.0,3.0,6.0,9.0,2.0,0.0,H,1.0,0.0,H,8.0,15.0,3.0,4.0,20.0,12.0,1.0,11.0,5.0,3.0,0.0,0.0,4.08,3.43,1.97
SP1,2024-04-21,Real Madrid,Barcelona,1978.81,1903.1,9.0,13.0,9.0,13.0,3.0,2.0,H,1.0,1.0,D,14.0,14.0,8.0,6.0,11.0,12.0,2.0,8.0,3.0,2.0,0.0,0.0,1.87,3.96,3.89
SP1,2024-04-22,Sevilla,Mallorca,1697.42,1642.68,6.0,10.0,4.0,7.0,2.0,1.0,H,0.0,0.0,D,11.0,8.0,4.0,6.0,10.0,8.0,4.0,4.0,0.0,2.0,0.0,0.0,1.98,3.14,4.52
SP1,2024-04-26,Sociedad,Real Madrid,1774.23,1978.81,5.0,11.0,9.0,15.0,0.0,1.0,A,0.0,1.0,A,9.0,5.0,3.0,3.0,13.0,11.0,11.0,3.0,3.0,4.0,0.0,0.0,2.5,3.2,3.03
SP1,2024-04-27,Las Palmas,Girona,1616.28,1771.79,0.0,0.0,6.0,9.0,0.0,2.0,A,0.0,1.0,A,10.0,6.0,5.0,3.0,12.0,10.0,4.0,2.0,1.0,3.0,0.0,0.0,4.36,3.94,1.78
SP1,2024-04-27,Almeria,Getafe,1551.07,1666.37,1.0,5.0,2.0,5.0,1.0,3.0,A,1.0,1.0,D,21.0,8.0,11.0,5.0,15.0,31.0,9.0,2.0,5.0,4.0,1.0,0.0,2.72,3.31,2.66
SP1,2024-04-27,Alaves,Celta,1601.83,1638.75,3.0,6.0,4.0,7.0,3.0,0.0,H,0.0,0.0,D,16.0,4.0,8.0,0.0,10.0,9.0,8.0,3.0,3.0,3.0,0.0,0.0,2.66,3.1,2.9
SP1,2024-04-27,Ath Madrid,Ath Bilbao,1850.98,1772.38,6.0,6.0,2.0,8.0,3.0,1.0,H,1.0,1.0,D,8.0,7.0,3.0,1.0,16.0,15.0,3.0,5.0,3.0,2.0,0.0,0.0,1.98,3.54,3.9
SP1,2024-04-28,Cadiz,Mallorca,1602.47,1642.68,3.0,6.0,1.0,4.0,1.0,1.0,D,0.0,1.0,A,10.0,9.0,2.0,2.0,14.0,21.0,3.0,1.0,3.0,2.0,0.0,0.0,2.6,2.86,3.22
SP1,2024-04-28,Granada,Osasuna,1549.81,1669.39,4.0,4.0,3.0,3.0,3.0,0.0,H,1.0,0.0,H,12.0,11.0,4.0,2.0,17.0,5.0,0.0,6.0,4.0,0.0,0.0,0.0,2.6,3.13,2.93
SP1,2024-04-28,Villarreal,Vallecano,1720.9,1629.79,4.0,10.0,5.0,8.0,3.0,0.0,H,1.0,0.0,H,15.0,20.0,7.0,4.0,15.0,8.0,3.0,6.0,2.0,1.0,0.0,0.0,1.73,3.91,4.74
SP1,2024-04-28,Betis,Sevilla,1696.62,1697.42,6.0,6.0,9.0,10.0,1.0,1.0,D,1.0,0.0,H,15.0,10.0,5.0,1.0,9.0,20.0,4.0,6.0,3.0,5.0,0.0,0.0,2.08,3.39,3.7
SP1,2024-04-29,Barcelona,Valencia,1903.1,1701.17,6.0,12.0,6.0,7.0,4.0,2.0,H,1.0,2.0,A,27.0,5.0,13.0,3.0,12.0,5.0,15.0,1.0,1.0,0.0,0.0,1.0,1.36,5.26,8.27
SP1,2024-05-03,Getafe,Ath Bilbao,1668.64,1750.22,5.0,8.0,2.0,5.0,0.0,2.0,A,0.0,1.0,A,34.0,7.0,9.0,2.0,6.0,9.0,10.0,6.0,0.0,2.0,0.0,2.0,3.93,3.24,2.07
SP1,2024-05-04,Sociedad,Las Palmas,1760.09,1589.94,2.0,8.0,0.0,0.0,2.0,0.0,H,2.0,0.0,H,9.0,7.0,4.0,1.0,12.0,11.0,7.0,2.0,2.0,1.0,0.0,0.0,1.35,4.99,9.5
SP1,2024-05-04,Real Madrid,Cadiz,1986.39,1588.0,9.0,15.0,1.0,4.0,3.0,0.0,H,0.0,0.0,D,19.0,7.0,9.0,2.0,6.0,12.0,7.0,4.0,0.0,1.0,0.0,0.0,1.34,5.33,8.92
SP1,2024-05-04,Girona,Barcelona,1776.2,1872.42,6.0,9.0,6.0,12.0,4.0,2.0,H,1.0,2.0,A,9.0,16.0,7.0,7.0,11.0,8.0,5.0,4.0,0.0,3.0,0.0,0.0,2.73,3.81,2.41
SP1,2024-05-04,Mallorca,Ath Madrid,1630.52,1819.44,1.0,5.0,6.0,9.0,0.0,1.0,A,0.0,1.0,A,7.0,9.0,4.0,4.0,12.0,7.0,6.0,2.0,2.0,0.0,0.0,0.0,3.75,3.2,2.15
SP1,2024-05-05,Osasuna,Betis,1629.83,1696.41,0.0,3.0,7.0,7.0,0.0,2.0,A,0.0,2.0,A,12.0,10.0,2.0,4.0,13.0,13.0,8.0,5.0,2.0,2.0,1.0,0.0,3.16,3.27,2.36
SP1,2024-05-05,Celta,Villarreal,1628.07,1724.85,3.0,7.0,7.0,10.0,3.0,2.0,H,2.0,1.0,H,23.0,11.0,7.0,3.0,11.0,5.0,2.0,1.0,4.0,0.0,0.0,1.0,2.37,3.64,2.87
SP1,2024-05-05,Valencia,Alaves,1687.71,1622.49,3.0,7.0,6.0,6.0,0.0,1.0,A,0.0,0.0,D,13.0,14.0,1.0,4.0,9.0,17.0,5.0,7.0,1.0,3.0,0.0,0.0,2.13,3.0,4.13
SP1,2024-05-05,Sevilla,Granada,1696.19,1563.02,7.0,10.0,7.0,7.0,3.0,0.0,H,1.0,0.0,H,11.0,8.0,5.0,3.0,15.0,13.0,5.0,4.0,2.0,2.0,0.0,0.0,1.65,4.07,5.18
SP1,2024-05-05,Vallecano,Almeria,1621.23,1527.05,4.0,8.0,1.0,4.0,0.0,1.0,A,0.0,1.0,A,27.0,7.0,10.0,2.0,17.0,15.0,9.0,2.0,3.0,2.0,0.0,0.0,1.58,4.15,5.8
SP1,2024-05-10,Alaves,Girona,1622.49,1776.2,9.0,9.0,9.0,12.0,2.0,2.0,D,1.0,2.0,A,14.0,15.0,8.0,5.0,13.0,6.0,5.0,3.0,3.0,2.0,0.0,0.0,3.48,3.57,2.11
SP1,2024-05-11,Mallorca,Las Palmas,1630.52,1589.94,1.0,2.0,0.0,0.0,1.0,0.0,H,1.0,0.0,H,7.0,7.0,2.0,1.0,18.0,10.0,2.0,2.0,6.0,2.0,0.0,0.0,1.66,3.46,6.65
SP1,2024-05-11,Villarreal,Sevilla,1724.85,1696.19,6.0,7.0,7.0,13.0,3.0,2.0,H,1.0,2.0,A,25.0,8.0,7.0,4.0,12.0,14.0,10.0,1.0,3.0,5.0,0.0,0.0,1.87,3.94,3.9
SP1,2024-05-11,Granada,Real Madrid,1563.02,1986.39,4.0,7.0,9.0,15.0,0.0,4.0,A,0.0,2.0,A,12.0,13.0,1.0,7.0,11.0,10.0,8.0,5.0,2.0,0.0,0.0,0.0,5.8,4.57,1.53
SP1,2024-05-11,Ath Bilbao,Osasuna,1750.22,1629.83,4.0,5.0,0.0,3.0,2.0,2.0,D,0.0,1.0,A,15.0,13.0,6.0,3.0,9.0,14.0,8.0,6.0,2.0,4.0,0.0,0.0,1.47,4.38,7.53
SP1,2024-05-12,Cadiz,Getafe,1588.0,1668.64,1.0,4.0,4.0,5.0,1.0,0.0,H,1.0,0.0,H,13.0,10.0,6.0,4.0,23.0,16.0,6.0,2.0,5.0,2.0,0.0,0.0,2.11,3.21,3.86
SP1,2024-05-12,Ath Madrid,Celta,1819.44,1628.07,6.0,12.0,6.0,7.0,1.0,0.0,H,0.0,0.0,D,21.0,6.0,8.0,2.0,7.0,9.0,4.0,7.0,1.0,1.0,0.0,0.0,1.44,4.64,7.42
SP1,2024-05-12,Valencia,Vallecano,1687.71,1621.23,0.0,6.0,3.0,5.0,0.0,0.0,D,0.0,0.0,D,13.0,12.0,5.0,1.0,14.0,21.0,6.0,3.0,1.0,2.0,0.0,0.0,2.28,3.08,3.55
SP1,2024-05-12,Betis,Almeria,1696.41,1527.05,7.0,10.0,3.0,4.0,3.0,2.0,H,2.0,1.0,H,14.0,14.0,7.0,7.0,9.0,10.0,3.0,5.0,0.0,2.0,0.0,0.0,1.35,5.39,8.26
SP1,2024-05-13,Barcelona,Sociedad,1872.42,1760.09,3.0,9.0,4.0,8.0,2.0,0.0,H,1.0,0.0,H,14.0,10.0,5.0,3.0,12.0,14.0,6.0,2.0,2.0,3.0,0.0,0.0,1.82,3.72,4.35
SP1,2024-05-14,Osasuna,Mallorca,1629.83,1630.52,1.0,1.0,4.0,4.0,1.0,1.0,D,1.0,0.0,H,10.0,10.0,4.0,4.0,12.0,11.0,2.0,4.0,0.0,1.0,0.0,0.0,2.81,2.92,2.91
SP1,2024-05-14,Real Madrid,Alaves,1986.39,1622.49,9.0,15.0,7.0,10.0,5.0,0.0,H,3.0,0.0,H,22.0,18.0,11.0,10.0,6.0,12.0,4.0,1.0,1.0,1.0,0.0,0.0,1.21,7.03,14.07
SP1,2024-05-14,Girona,Villarreal,1776.2,1724.85,7.0,10.0,6.0,10.0,0.0,1.0,A,0.0,0.0,D,22.0,11.0,5.0,3.0,3.0,14.0,5.0,1.0,1.0,5.0,0.0,1.0,1.7,4.53,4.31
SP1,2024-05-15,Sevilla,Cadiz,1698.05,1596.61,4.0,10.0,4.0,4.0,0.0,1.0,A,0.0,0.0,D,14.0,19.0,3.0,7.0,13.0,11.0,1.0,9.0,6.0,2.0,0.0,0.0,1.91,3.61,4.12
SP1,2024-05-15,Vallecano,Granada,1614.53,1556.27,1.0,5.0,3.0,7.0,2.0,1.0,H,1.0,0.0,H,18.0,10.0,9.0,1.0,12.0,17.0,6.0,6.0,4.0,3.0,1.0,0.0,1.67,3.77,5.54
SP1,2024-05-15,Celta,Ath Bilbao,1635.81,1757.98,3.0,6.0,4.0,6.0,2.0,1.0,H,0.0,1.0,A,10.0,7.0,4.0,2.0,15.0,14.0,2.0,3.0,2.0,0.0,0.0,0.0,2.61,3.37,2.74
SP1,2024-05-15,Getafe,Ath Madrid,1650.86,1829.1,3.0,5.0,9.0,12.0,0.0,3.0,A,0.0,2.0,A,8.0,7.0,3.0,3.0,17.0,7.0,6.0,3.0,4.0,3.0,0.0,0.0,4.7,3.54,1.82
SP1,2024-05-16,Las Palmas,Betis,1582.27,1713.04,0.0,0.0,7.0,13.0,2.0,2.0,D,1.0,1.0,D,16.0,6.0,9.0,4.0,9.0,12.0,4.0,8.0,2.0,1.0,0.0,0.0,4.04,3.57,1.94
SP1,2024-05-16,Almeria,Barcelona,1538.49,1868.13,3.0,4.0,6.0,9.0,0.0,2.0,A,0.0,1.0,A,12.0,16.0,3.0,7.0,9.0,11.0,4.0,7.0,0.0,1.0,0.0,0.0,6.62,5.32,1.42
SP1,2024-05-16,Sociedad,Valencia,1760.33,1673.65,3.0,5.0,1.0,4.0,1.0,0.0,H,1.0,0.0,H,10.0,7.0,5.0,3.0,11.0,13.0,3.0,3.0,0.0,2.0,0.0,0.0,1.65,3.76,5.85
SP1,2024-05-18,Alaves,Getafe,1636.37,1650.86,4.0,10.0,0.0,4.0,1.0,0.0,H,1.0,0.0,H,9.0,10.0,2.0,4.0,13.0,27.0,2.0,1.0,5.0,7.0,0.0,1.0,2.07,3.19,4.04
SP1,2024-05-19,Ath Bilbao,Sevilla,1757.98,1698.05,4.0,5.0,3.0,7.0,2.0,0.0,H,2.0,0.0,H,15.0,9.0,6.0,4.0,12.0,5.0,8.0,3.0,1.0,1.0,0.0,0.0,1.73,3.84,4.81
SP1,2024-05-19,Ath Madrid,Osasuna,1829.1,1623.23,9.0,12.0,2.0,2.0,1.0,4.0,A,0.0,1.0,A,15.0,15.0,2.0,6.0,12.0,9.0,7.0,5.0,2.0,2.0,0.0,0.0,1.4,4.91,7.75
SP1,2024-05-19,Barcelona,Vallecano,1868.13,1614.53,6.0,9.0,4.0,7.0,3.0,0.0,H,1.0,0.0,H,14.0,15.0,6.0,4.0,10.0,7.0,7.0,5.0,4.0,2.0,0.0,0.0,1.27,6.12,10.63
SP1,2024-05-19,Betis,Sociedad,1713.04,1760.33,7.0,11.0,6.0,7.0,0.0,2.0,A,0.0,2.0,A,18.0,5.0,9.0,2.0,12.0,18.0,6.0,2.0,3.0,4.0,0.0,0.0,2.61,3.14,2.92
SP1,2024-05-19,Cadiz,Las Palmas,1596.61,1582.27,6.0,7.0,1.0,1.0,0.0,0.0,D,0.0,0.0,D,10.0,9.0,3.0,1.0,13.0,12.0,5.0,3.0,3.0,1.0,1.0,0.0,1.84,3.47,4.64
SP1,2024-05-19,Granada,Celta,1556.27,1635.81,0.0,4.0,6.0,9.0,1.0,2.0,A,0.0,0.0,D,11.0,8.0,3.0,5.0,15.0,12.0,10.0,2.0,2.0,1.0,0.0,0.0,3.62,3.61,2.04
SP1,2024-05-19,Mallorca,Almeria,1634.44,1538.49,4.0,5.0,3.0,3.0,2.0,2.0,D,1.0,1.0,D,29.0,7.0,8.0,3.0,9.0,9.0,12.0,2.0,2.0,3.0,0.0,0.0,1.51,4.18,6.92
SP1,2024-05-19,Valencia,Girona,1673.65,1776.28,1.0,1.0,4.0,10.0,1.0,3.0,A,0.0,1.0,A,20.0,18.0,6.0,5.0,10.0,8.0,5.0,4.0,2.0,0.0,0.0,0.0,2.92,3.62,2.35
SP1,2024-05-19,Villarreal,Real Madrid,1735.29,2000.46,6.0,12.0,9.0,15.0,4.0,4.0,D,1.0,4.0,A,21.0,12.0,7.0,6.0,15.0,12.0,3.0,3.0,3.0,2.0,0.0,0.0,3.24,3.93,2.07
SP1,2024-05-24,Girona,Granada,1776.28,1556.27,4.0,10.0,0.0,3.0,7.0,0.0,H,3.0,0.0,H,16.0,10.0,9.0,2.0,6.0,13.0,4.0,2.0,3.0,5.0,0.0,1.0,1.22,7.13,11.24
SP1,2024-05-25,Osasuna,Villarreal,1623.23,1735.29,5.0,5.0,7.0,10.0,1.0,1.0,D,1.0,0.0,H,12.0,11.0,6.0,3.0,13.0,6.0,6.0,4.0,4.0,3.0,0.0,0.0,2.9,3.72,2.3
SP1,2024-05-25,Sociedad,Ath Madrid,1760.33,1829.1,6.0,9.0,6.0,12.0,0.0,2.0,A,0.0,1.0,A,14.0,10.0,4.0,4.0,19.0,15.0,8.0,4.0,3.0,5.0,0.0,1.0,2.4,3.45,2.93
SP1,2024-05-25,Almeria,Cadiz,1538.49,1596.61,1.0,4.0,7.0,8.0,6.0,1.0,H,0.0,1.0,A,27.0,12.0,12.0,4.0,4.0,9.0,1.0,4.0,2.0,2.0,0.0,0.0,2.1,3.59,3.43
SP1,2024-05-25,Vallecano,Ath Bilbao,1614.53,1757.98,4.0,4.0,4.0,7.0,0.0,1.0,A,0.0,0.0,D,17.0,7.0,4.0,1.0,6.0,13.0,8.0,2.0,1.0,1.0,0.0,0.0,2.88,3.51,2.41
SP1,2024-05-25,Real Madrid,Betis,2000.46,1713.04,7.0,13.0,4.0,8.0,0.0,0.0,D,0.0,0.0,D,13.0,11.0,5.0,3.0,8.0,11.0,4.0,5.0,2.0,1.0,0.0,0.0,1.37,5.56,7.31
SP1,2024-05-26,Getafe,Mallorca,1650.86,1634.44,0.0,3.0,5.0,6.0,1.0,2.0,A,0.0,0.0,D,16.0,9.0,6.0,4.0,12.0,10.0,3.0,4.0,0.0,2.0,0.0,0.0,2.33,3.22,3.25
SP1,2024-05-26,Celta,Valencia,1635.81,1673.65,6.0,9.0,1.0,1.0,2.0,2.0,D,0.0,1.0,A,9.0,12.0,4.0,1.0,17.0,18.0,2.0,2.0,0.0,0.0,0.0,0.0,1.96,3.55,3.89
SP1,2024-05-26,Las Palmas,Alaves,1582.27,1636.37,2.0,2.0,4.0,10.0,1.0,1.0,D,0.0,0.0,D,10.0,14.0,4.0,4.0,16.0,10.0,2.0,6.0,2.0,1.0,0.0,0.0,2.47,3.34,2.91
SP1,2024-05-26,Sevilla,Barcelona,1698.05,1868.13,0.0,4.0,9.0,12.0,1.0,2.0,A,1.0,1.0,D,15.0,11.0,6.0,6.0,11.0,9.0,6.0,5.0,2.0,1.0,0.0,0.0,3.89,4.11,1.83
SP1,2024-08-15,Ath Bilbao,Getafe,1764.15,1626.93,6.0,10.0,0.0,0.0,1.0,1.0,D,1.0,0.0,H,7.0,9.0,4.0,2.0,15.0,12.0,5.0,6.0,4.0,1.0,0.0,0.0,1.51,4.04,7.61
SP1,2024-08-15,Betis,Girona,1709.26,1793.73,2.0,8.0,6.0,10.0,1.0,1.0,D,1.0,0.0,H,19.0,13.0,4.0,2.0,11.0,7.0,4.0,4.0,2.0,0.0,0.0,0.0,2.4,3.38,3.02
SP1,2024-08-16,Celta,Alaves,1653.13,1645.67,7.0,10.0,4.0,8.0,2.0,1.0,H,0.0,1.0,A,6.0,10.0,4.0,2.0,8.0,23.0,3.0,3.0,3.0,2.0,0.0,0.0,2.03,3.32,4.02
SP1,2024-08-16,Las Palmas,Sevilla,1588.57,1676.25,3.0,3.0,0.0,3.0,2.0,2.0,D,1.0,1.0,D,13.0,16.0,5.0,5.0,12.0,13.0,6.0,3.0,0.0,0.0,0.0,0.0,2.83,3.21,2.65
SP1,2024-08-17,Osasuna,Leganes,1651.6,1566.74,5.0,6.0,7.0,10.0,1.0,1.0,D,0.0,1.0,A,16.0,10.0,5.0,4.0,14.0,12.0,6.0,4.0,3.0,2.0,0.0,0.0,1.88,3.44,4.48
SP1,2024-08-17,Valencia,Barcelona,1663.42,1882.09,1.0,2.0,9.0,12.0,1.0,2.0,A,1.0,1.0,D,6.0,18.0,1.0,8.0,11.0,13.0,3.0,8.0,2.0,3.0,0.0,0.0,4.76,3.87,1.74
SP1,2024-08-18,Sociedad,Vallecano,1766.56,1612.18,6.0,9.0,3.0,4.0,1.0,2.0,A,0.0,0.0,D,11.0,12.0,5.0,5.0,14.0,21.0,10.0,5.0,2.0,4.0,0.0,0.0,1.59,3.74,6.63
SP1,2024-08-18,Mallorca,Real Madrid,1642.41,1997.41,5.0,8.0,5.0,11.0,1.0,1.0,D,0.0,1.0,A,12.0,13.0,5.0,4.0,11.0,6.0,8.0,7.0,1.0,0.0,0.0,1.0,7.33,4.34,1.47
SP1,2024-08-19,Valladolid,Espanol,1593.78,1600.12,4.0,8.0,7.0,9.0,1.0,0.0,H,1.0,0.0,H,12.0,10.0,3.0,2.0,15.0,8.0,3.0,2.0,2.0,2.0,0.0,0.0,2.36,3.1,3.34
SP1,2024-08-19,Villarreal,Ath Madrid,1742.1,1828.52,5.0,8.0,6.0,12.0,2.0,2.0,D,2.0,2.0,D,8.0,10.0,3.0,5.0,6.0,10.0,2.0,3.0,1.0,3.0,0.0,0.0,3.33,3.67,2.12
SP1,2024-08-23,Celta,Valencia,1653.13,1663.42,7.0,10.0,1.0,2.0,3.0,1.0,H,2.0,1.0,H,7.0,13.0,5.0,5.0,9.0,11.0,4.0,7.0,3.0,0.0,0.0,0.0,2.12,3.35,3.65
SP1,2024-08-23,Sevilla,Villarreal,1676.25,1742.1,1.0,1.0,3.0,9.0,1.0,2.0,A,1.0,1.0,D,15.0,6.0,9.0,5.0,15.0,7.0,7.0,2.0,3.0,5.0,0.0,0.0,2.4,3.55,2.88
SP1,2024-08-24,Osasuna,Mallorca,1651.6,1642.41,5.0,7.0,5.0,9.0,1.0,0.0,H,0.0,0.0,D,15.0,11.0,5.0,2.0,10.0,8.0,5.0,4.0,2.0,1.0,0.0,0.0,2.47,3.01,3.22
SP1,2024-08-24,Barcelona,Ath Bilbao,1882.09,1764.15,9.0,15.0,7.0,8.0,2.0,1.0,H,1.0,1.0,D,13.0,9.0,5.0,2.0,11.0,16.0,5.0,6.0,4.0,5.0,0.0,0.0,1.64,4.18,5.05
SP1,2024-08-24,Espanol,Sociedad,1600.12,1766.56,4.0,8.0,3.0,6.0,0.0,1.0,A,0.0,0.0,D,13.0,8.0,3.0,4.0,14.0,18.0,7.0,4.0,2.0,2.0,0.0,0.0,4.0,3.13,2.1
SP1,2024-08-24,Getafe,Vallecano,1626.93,1612.18,1.0,1.0,3.0,7.0,0.0,0.0,D,0.0,0.0,D,12.0,3.0,0.0,1.0,16.0,18.0,3.0,2.0,1.0,2.0,0.0,0.0,2.5,2.93,3.27
SP1,2024-08-25,Real Madrid,Valladolid,1997.41,1593.78,3.0,9.0,6.0,8.0,3.0,0.0,H,0.0,0.0,D,17.0,8.0,9.0,2.0,10.0,15.0,5.0,5.0,1.0,1.0,0.0,0.0,1.17,7.96,15.17
SP1,2024-08-25,Leganes,Las Palmas,1566.74,1588.57,5.0,8.0,3.0,4.0,2.0,1.0,H,0.0,0.0,D,10.0,10.0,5.0,5.0,11.0,10.0,3.0,7.0,1.0,1.0,0.0,0.0,2.29,2.99,3.64
SP1,2024-08-25,Alaves,Betis,1645.67,1709.26,4.0,5.0,2.0,6.0,0.0,0.0,D,0.0,0.0,D,3.0,13.0,1.0,3.0,16.0,13.0,3.0,8.0,1.0,4.0,1.0,0.0,2.4,3.12,3.21
SP1,2024-08-25,Ath Madrid,Girona,1828.52,1793.73,4.0,10.0,7.0,8.0,3.0,0.0,H,1.0,0.0,H,11.0,13.0,6.0,5.0,11.0,10.0,1.0,9.0,1.0,3.0,0.0,0.0,1.6,4.27,5.31
SP1,2024-08-26,Villarreal,Celta,1742.1,1653.13,5.0,9.0,7.0,13.0,4.0,3.0,H,1.0,2.0,A,22.0,18.0,9.0,8.0,8.0,6.0,7.0,4.0,4.0,3.0,0.0,0.0,1.96,3.56,3.82
SP1,2024-08-27,Mallorca,Sevilla,1642.41,1676.25,4.0,6.0,1.0,1.0,0.0,0.0,D,0.0,0.0,D,12.0,16.0,4.0,7.0,15.0,10.0,5.0,9.0,0.0,1.0,0.0,1.0,2.41,3.11,3.26
SP1,2024-08-27,Vallecano,Barcelona,1612.18,1882.09,4.0,7.0,9.0,15.0,1.0,2.0,A,1.0,0.0,H,8.0,22.0,4.0,5.0,17.0,11.0,6.0,6.0,3.0,1.0,0.0,0.0,5.33,3.95,1.66
SP1,2024-08-28,Ath Bilbao,Valencia,1764.15,1663.42,4.0,7.0,1.0,1.0,1.0,0.0,H,1.0,0.0,H,13.0,2.0,4.0,0.0,14.0,9.0,5.0,3.0,1.0,3.0,0.0,0.0,1.62,3.89,5.91
SP1,2024-08-28,Valladolid,Leganes,1593.78,1566.74,3.0,7.0,7.0,11.0,0.0,0.0,D,0.0,0.0,D,12.0,8.0,2.0,1.0,13.0,19.0,4.0,4.0,1.0,5.0,0.0,0.0,2.32,3.01,3.58
SP1,2024-08-28,Ath Madrid,Espanol,1828.52,1600.12,7.0,10.0,3.0,7.0,0.0,0.0,D,0.0,0.0,D,24.0,8.0,7.0,1.0,6.0,9.0,9.0,3.0,0.0,2.0,0.0,0.0,1.3,5.42,11.24
SP1,2024-08-28,Sociedad,Alaves,1766.56,1645.67,3.0,9.0,2.0,5.0,1.0,2.0,A,1.0,1.0,D,8.0,12.0,1.0,5.0,16.0,12.0,8.0,6.0,4.0,4.0,1.0,0.0,1.71,3.57,5.64
SP1,2024-08-29,Girona,Osasuna,1793.73,1651.6,4.0,7.0,5.0,9.0,4.0,0.0,H,1.0,0.0,H,10.0,1.0,5.0,0.0,10.0,9.0,5.0,0.0,0.0,0.0,0.0,0.0,1.73,3.94,4.53
SP1,2024-08-29,Las Palmas,Real Madrid,1588.57,1997.41,2.0,4.0,5.0,9.0,1.0,1.0,D,1.0,0.0,H,7.0,25.0,3.0,8.0,16.0,13.0,2.0,6.0,0.0,2.0,0.0,0.0,8.01,5.09,1.38
SP1,2024-08-31,Barcelona,Valladolid,1882.09,1593.78,9.0,15.0,4.0,7.0,7.0,0.0,H,3.0,0.0,H,23.0,5.0,10.0,2.0,6.0,12.0,10.0,1.0,0.0,3.0,0.0,0.0,1.25,6.45,11.72
SP1,2024-08-31,Ath Bilbao,Ath Madrid,1764.15,1828.52,4.0,10.0,5.0,8.0,0.0,1.0,A,0.0,0.0,D,8.0,9.0,1.0,2.0,13.0,9.0,2.0,2.0,3.0,1.0,0.0,0.0,3.01,3.34,2.43
SP1,2024-08-31,Espanol,Vallecano,1600.12,1612.18,1.0,5.0,4.0,4.0,2.0,1.0,H,1.0,1.0,D,10.0,17.0,5.0,5.0,14.0,16.0,3.0,7.0,3.0,2.0,0.0,0.0,2.78,3.03,2.84
SP1,2024-08-31,Leganes,Mallorca,1566.74,1642.41,5.0,9.0,2.0,6.0,0.0,1.0,A,0.0,1.0,A,4.0,12.0,2.0,3.0,11.0,17.0,1.0,3.0,1.0,3.0,0.0,0.0,2.56,2.9,3.27
SP1,2024-08-31,Valencia,Villarreal,1663.42,1742.1,0.0,1.0,7.0,9.0,1.0,1.0,D,1.0,1.0,D,22.0,9.0,6.0,3.0,15.0,11.0,14.0,3.0,3.0,5.0,0.0,1.0,2.84,3.45,2.49
SP1,2024-09-01,Alaves,Las Palmas,1653.25,1590.29,4.0,8.0,2.0,4.0,2.0,0.0,H,1.0,0.0,H,15.0,12.0,5.0,7.0,13.0,9.0,6.0,5.0,3.0,0.0,0.0,0.0,1.96,3.35,4.25
SP1,2024-09-01,Osasuna,Celta,1647.64,1664.78,4.0,8.0,6.0,10.0,3.0,2.0,H,2.0,1.0,H,10.0,12.0,4.0,3.0,19.0,10.0,6.0,3.0,2.0,0.0,0.0,1.0,2.46,3.31,2.99
SP1,2024-09-01,Sevilla,Girona,1669.58,1791.71,2.0,2.0,4.0,10.0,0.0,2.0,A,0.0,1.0,A,16.0,11.0,5.0,4.0,6.0,14.0,7.0,5.0,3.0,2.0,0.0,0.0,2.37,3.73,2.82
SP1,2024-09-01,Getafe,Sociedad,1630.79,1746.36,2.0,2.0,3.0,6.0,0.0,0.0,D,0.0,0.0,D,16.0,1.0,1.0,0.0,14.0,16.0,4.0,1.0,1.0,1.0,0.0,0.0,3.52,2.87,2.43
SP1,2024-09-01,Real Madrid,Betis,1985.12,1711.92,5.0,7.0,3.0,4.0,2.0,0.0,H,0.0,0.0,D,20.0,12.0,8.0,2.0,8.0,16.0,7.0,3.0,2.0,0.0,0.0,0.0,1.29,5.91,10.17
SP1,2024-09-13,Betis,Leganes,1711.92,1572.48,2.0,3.0,4.0,8.0,2.0,0.0,H,0.0,0.0,D,14.0,3.0,5.0,0.0,11.0,18.0,11.0,1.0,1.0,2.0,0.0,0.0,1.65,3.72,6.06
SP1,2024-09-14,Mallorca,Villarreal,1650.5,1754.23,4.0,8.0,7.0,9.0,1.0,2.0,A,0.0,1.0,A,10.0,21.0,5.0,4.0,11.0,10.0,7.0,6.0,3.0,3.0,1.0,0.0,2.5,3.27,2.96
SP1,2024-09-14,Espanol,Alaves,1602.75,1653.25,4.0,7.0,7.0,8.0,3.0,2.0,H,1.0,1.0,D,9.0,19.0,4.0,6.0,17.0,14.0,0.0,5.0,2.0,3.0,0.0,0.0,2.72,3.07,2.87
SP1,2024-09-14,Sevilla,Getafe,1669.58,1630.79,1.0,2.0,3.0,3.0,1.0,0.0,H,1.0,0.0,H,10.0,15.0,4.0,4.0,19.0,15.0,3.0,4.0,3.0,4.0,1.0,0.0,2.24,3.09,3.66
SP1,2024-09-14,Sociedad,Real Madrid,1746.36,1985.12,4.0,4.0,7.0,9.0,0.0,2.0,A,0.0,0.0,D,11.0,16.0,2.0,7.0,12.0,9.0,6.0,6.0,4.0,1.0,0.0,0.0,5.07,3.87,1.7
SP1,2024-09-15,Celta,Valladolid,1658.02,1593.14,3.0,7.0,1.0,4.0,3.0,1.0,H,2.0,0.0,H,14.0,6.0,7.0,1.0,14.0,15.0,5.0,3.0,3.0,5.0,0.0,1.0,1.68,3.97,5.06
SP1,2024-09-15,Girona,Barcelona,1800.78,1898.2,6.0,10.0,9.0,15.0,1.0,4.0,A,0.0,2.0,A,9.0,20.0,4.0,9.0,13.0,4.0,1.0,6.0,3.0,2.0,0.0,1.0,4.05,3.97,1.84
SP1,2024-09-15,Las Palmas,Ath Bilbao,1583.02,1751.97,1.0,3.0,3.0,7.0,2.0,3.0,A,0.0,2.0,A,15.0,9.0,6.0,4.0,8.0,12.0,9.0,3.0,1.0,2.0,0.0,1.0,3.8,3.43,2.04
SP1,2024-09-15,Ath Madrid,Valencia,1838.46,1647.69,7.0,11.0,1.0,2.0,3.0,0.0,H,1.0,0.0,H,14.0,5.0,5.0,1.0,10.0,8.0,7.0,3.0,1.0,2.0,0.0,0.0,1.35,4.98,9.83
SP1,2024-09-16,Vallecano,Osasuna,1617.52,1654.4,1.0,4.0,6.0,8.0,3.0,1.0,H,0.0,1.0,A,17.0,5.0,6.0,2.0,12.0,15.0,7.0,4.0,3.0,2.0,0.0,0.0,2.1,3.17,3.95
SP1,2024-09-17,Mallorca,Sociedad,1643.5,1739.32,4.0,5.0,1.0,4.0,1.0,0.0,H,1.0,0.0,H,10.0,13.0,4.0,4.0,5.0,10.0,5.0,5.0,1.0,1.0,0.0,0.0,2.88,2.81,2.93
SP1,2024-09-18,Betis,Getafe,1714.65,1626.44,4.0,6.0,2.0,3.0,2.0,1.0,H,0.0,0.0,D,18.0,15.0,8.0,5.0,10.0,20.0,8.0,4.0,3.0,5.0,0.0,0.0,1.98,3.08,4.64
SP1,2024-09-19,Leganes,Ath Bilbao,1567.33,1751.97,1.0,5.0,6.0,7.0,0.0,2.0,A,0.0,0.0,D,14.0,10.0,3.0,4.0,12.0,11.0,4.0,7.0,3.0,0.0,0.0,0.0,4.03,3.17,2.07
SP1,2024-09-20,Alaves,Sevilla,1652.46,1666.33,6.0,7.0,4.0,5.0,2.0,1.0,H,1.0,0.0,H,10.0,8.0,4.0,2.0,11.0,16.0,3.0,5.0,1.0,4.0,0.0,0.0,2.18,3.26,3.63
SP1,2024-09-21,Valladolid,Sociedad,1593.14,1739.32,1.0,4.0,1.0,4.0,0.0,0.0,D,0.0,0.0,D,15.0,14.0,2.0,4.0,15.0,12.0,5.0,7.0,4.0,4.0,0.0,0.0,3.79,3.07,2.19
SP1,2024-09-21,Osasuna,Las Palmas,1654.4,1583.02,3.0,7.0,1.0,2.0,2.0,1.0,H,1.0,1.0,D,13.0,11.0,2.0,4.0,14.0,11.0,2.0,4.0,2.0,5.0,0.0,0.0,1.92,3.44,4.33
SP1,2024-09-21,Valencia,Girona,1647.69,1800.78,1.0,1.0,6.0,7.0,2.0,0.0,H,0.0,0.0,D,7.0,8.0,2.0,3.0,13.0,10.0,5.0,4.0,3.0,2.0,0.0,0.0,2.89,3.35,2.51
SP1,2024-09-21,Real Madrid,Espanol,1993.12,1610.8,7.0,11.0,7.0,7.0,4.0,1.0,H,0.0,0.0,D,31.0,10.0,14.0,2.0,7.0,5.0,9.0,4.0,4.0,3.0,0.0,0.0,1.16,8.07,16.79
SP1,2024-09-22,Getafe,Leganes,1626.44,1567.33,1.0,3.0,0.0,4.0,1.0,1.0,D,0.0,0.0,D,12.0,6.0,3.0,3.0,16.0,17.0,6.0,2.0,3.0,2.0,0.0,0.0,2.05,2.88,4.77
SP1,2024-09-22,Ath Bilbao,Celta,1751.97,1658.02,6.0,9.0,3.0,9.0,3.0,1.0,H,2.0,1.0,H,10.0,11.0,7.0,4.0,16.0,11.0,3.0,6.0,3.0,2.0,0.0,0.0,1.71,3.96,4.83
SP1,2024-09-22,Villarreal,Barcelona,1761.23,1898.2,7.0,11.0,9.0,15.0,1.0,5.0,A,1.0,2.0,A,13.0,17.0,4.0,10.0,12.0,12.0,7.0,3.0,6.0,1.0,0.0,0.0,3.74,4.09,1.87
SP1,2024-09-22,Vallecano,Ath Madrid,1617.52,1838.46,3.0,7.0,7.0,11.0,1.0,1.0,D,1.0,0.0,H,15.0,10.0,3.0,5.0,9.0,12.0,3.0,4.0,0.0,0.0,0.0,0.0,4.79,3.52,1.81
SP1,2024-09-23,Betis,Mallorca,1714.65,1643.5,6.0,8.0,6.0,7.0,1.0,2.0,A,1.0,1.0,D,14.0,6.0,6.0,6.0,12.0,12.0,6.0,3.0,3.0,2.0,0.0,0.0,1.89,3.29,4.73
SP1,2024-09-24,Sevilla,Valladolid,1666.33,1593.14,3.0,4.0,1.0,2.0,2.0,1.0,H,1.0,0.0,H,22.0,8.0,5.0,2.0,14.0,12.0,6.0,4.0,5.0,4.0,1.0,0.0,1.68,3.83,5.45
SP1,2024-09-24,Valencia,Osasuna,1647.69,1654.4,4.0,4.0,6.0,9.0,0.0,0.0,D,0.0,0.0,D,10.0,9.0,2.0,2.0,6.0,11.0,10.0,5.0,2.0,3.0,0.0,0.0,2.08,3.16,4.08
SP1,2024-09-24,Real Madrid,Alaves,1993.12,1652.46,9.0,13.0,6.0,10.0,3.0,2.0,H,2.0,0.0,H,10.0,12.0,4.0,3.0,7.0,10.0,4.0,4.0,4.0,0.0,0.0,0.0,1.19,7.37,16.0
SP1,2024-09-25,Girona,Vallecano,1800.78,1617.52,3.0,6.0,4.0,5.0,0.0,0.0,D,0.0,0.0,D,11.0,2.0,0.0,0.0,8.0,16.0,4.0,3.0,3.0,4.0,0.0,0.0,1.76,3.81,4.66
SP1,2024-09-25,Barcelona,Getafe,1898.2,1626.44,9.0,15.0,1.0,3.0,1.0,0.0,H,1.0,0.0,H,16.0,7.0,4.0,1.0,4.0,14.0,7.0,5.0,1.0,1.0,0.0,0.0,1.23,6.47,12.83
SP1,2024-09-26,Espanol,Villarreal,1610.8,1761.23,6.0,7.0,4.0,10.0,1.0,2.0,A,1.0,1.0,D,11.0,15.0,2.0,4.0,12.0,14.0,4.0,1.0,5.0,3.0,0.0,0.0,3.38,3.46,2.18
SP1,2024-09-26,Las Palmas,Betis,1583.02,1714.65,0.0,1.0,6.0,7.0,1.0,1.0,D,1.0,1.0,D,8.0,14.0,2.0,5.0,21.0,10.0,1.0,4.0,4.0,2.0,0.0,0.0,3.09,3.25,2.41
SP1,2024-09-26,Celta,Ath Madrid,1658.02,1838.46,3.0,6.0,7.0,11.0,0.0,1.0,A,0.0,0.0,D,9.0,7.0,4.0,2.0,10.0,7.0,2.0,3.0,2.0,2.0,0.0,0.0,3.82,3.74,1.94
SP1,2024-09-27,Valladolid,Mallorca,1593.14,1643.5,1.0,2.0,6.0,10.0,1.0,2.0,A,0.0,0.0,D,11.0,14.0,1.0,6.0,15.0,9.0,7.0,4.0,3.0,2.0,0.0,0.0,3.03,2.9,2.72
SP1,2024-09-28,Getafe,Alaves,1626.44,1652.46,1.0,2.0,3.0,9.0,2.0,0.0,H,1.0,0.0,H,14.0,9.0,8.0,1.0,17.0,24.0,2.0,2.0,3.0,6.0,0.0,0.0,2.63,2.8,3.27
SP1,2024-09-28,Vallecano,Leganes,1617.52,1567.33,5.0,5.0,1.0,2.0,1.0,1.0,D,1.0,0.0,H,15.0,13.0,6.0,3.0,12.0,7.0,5.0,5.0,2.0,1.0,0.0,0.0,1.94,3.14,4.79
SP1,2024-09-28,Sociedad,Valencia,1739.32,1647.69,1.0,2.0,4.0,5.0,3.0,0.0,H,1.0,0.0,H,11.0,9.0,6.0,4.0,7.0,12.0,6.0,4.0,0.0,0.0,0.0,0.0,1.91,3.29,4.62
SP1,2024-09-28,Osasuna,Barcelona,1654.4,1898.2,4.0,7.0,9.0,15.0,4.0,2.0,H,2.0,0.0,H,11.0,12.0,6.0,5.0,13.0,3.0,5.0,8.0,2.0,2.0,0.0,0.0,6.38,4.76,1.47
SP1,2024-09-29,Celta,Girona,1658.02,1800.78,3.0,3.0,1.0,7.0,1.0,1.0,D,0.0,1.0,A,12.0,9.0,2.0,4.0,9.0,14.0,4.0,4.0,1.0,0.0,0.0,0.0,2.16,3.65,3.26
SP1,2024-09-29,Ath Bilbao,Sevilla,1751.97,1666.33,9.0,12.0,6.0,7.0,1.0,1.0,D,1.0,0.0,H,13.0,13.0,3.0,4.0,6.0,7.0,4.0,7.0,0.0,3.0,1.0,0.0,1.72,3.83,4.9
SP1,2024-09-29,Betis,Espanol,1714.65,1610.8,4.0,7.0,3.0,7.0,1.0,0.0,H,0.0,0.0,D,20.0,8.0,12.0,1.0,14.0,20.0,8.0,4.0,2.0,4.0,0.0,0.0,1.67,3.77,5.58
SP1,2024-09-29,Ath Madrid,Real Madrid,1838.46,1993.12,7.0,11.0,9.0,13.0,1.0,1.0,D,0.0,0.0,D,12.0,12.0,4.0,4.0,11.0,11.0,5.0,5.0,3.0,1.0,1.0,0.0,2.79,3.44,2.52
SP1,2024-09-30,Villarreal,Las Palmas,1761.23,1583.02,6.0,10.0,1.0,2.0,3.0,1.0,H,1.0,0.0,H,17.0,7.0,7.0,3.0,14.0,10.0,3.0,2.0,0.0,3.0,0.0,0.0,1.48,4.71,6.37
SP1,2024-10-04,Leganes,Valencia,1568.01,1647.25,2.0,2.0,4.0,5.0,0.0,0.0,D,0.0,0.0,D,8.0,6.0,0.0,1.0,15.0,14.0,1.0,2.0,2.0,2.0,0.0,0.0,3.0,2.82,2.83
SP1,2024-10-05,Espanol,Mallorca,1599.78,1672.87,0.0,6.0,9.0,12.0,2.0,1.0,H,1.0,0.0,H,8.0,11.0,3.0,4.0,14.0,19.0,4.0,6.0,1.0,5.0,0.0,0.0,3.2,2.92,2.58
SP1,2024-10-05,Getafe,Osasuna,1628.44,1669.75,4.0,4.0,7.0,10.0,1.0,1.0,D,1.0,0.0,H,11.0,6.0,3.0,2.0,17.0,10.0,4.0,2.0,2.0,4.0,0.0,0.0,2.23,2.95,3.87
SP1,2024-10-05,Las Palmas,Celta,1571.31,1656.22,1.0,1.0,1.0,4.0,0.0,1.0,A,0.0,1.0,A,24.0,8.0,5.0,1.0,9.0,13.0,11.0,2.0,3.0,8.0,0.0,2.0,3.12,3.58,2.26
SP1,2024-10-05,Valladolid,Vallecano,1576.43,1634.32,1.0,1.0,3.0,6.0,1.0,2.0,A,0.0,0.0,D,13.0,17.0,5.0,3.0,13.0,18.0,5.0,13.0,4.0,2.0,0.0,0.0,3.13,3.01,2.56
SP1,2024-10-05,Real Madrid,Villarreal,1997.27,1759.89,7.0,13.0,6.0,10.0,2.0,0.0,H,1.0,0.0,H,11.0,10.0,2.0,1.0,7.0,11.0,2.0,5.0,0.0,1.0,0.0,0.0,1.27,6.6,9.69
SP1,2024-10-06,Girona,Ath Bilbao,1765.16,1769.74,2.0,5.0,7.0,10.0,2.0,1.0,H,1.0,1.0,D,14.0,13.0,6.0,4.0,12.0,13.0,6.0,1.0,4.0,3.0,0.0,1.0,2.42,3.27,3.1
SP1,2024-10-06,Alaves,Barcelona,1647.8,1896.72,3.0,6.0,6.0,12.0,0.0,3.0,A,0.0,3.0,A,11.0,14.0,2.0,8.0,13.0,8.0,11.0,3.0,2.0,2.0,0.0,0.0,5.5,4.4,1.57
SP1,2024-10-06,Sevilla,Betis,1669.51,1710.26,4.0,7.0,4.0,10.0,1.0,0.0,H,0.0,0.0,D,14.0,11.0,5.0,3.0,15.0,15.0,4.0,1.0,6.0,3.0,1.0,0.0,2.52,3.21,2.97
SP1,2024-10-06,Sociedad,Ath Madrid,1738.61,1853.03,4.0,5.0,5.0,11.0,1.0,1.0,D,0.0,1.0,A,16.0,4.0,8.0,1.0,10.0,9.0,5.0,1.0,0.0,2.0,0.0,0.0,3.31,3.16,2.35
SP1,2024-10-18,Alaves,Valladolid,1622.62,1549.21,0.0,3.0,0.0,1.0,2.0,3.0,A,1.0,1.0,D,10.0,12.0,4.0,4.0,15.0,14.0,5.0,6.0,6.0,2.0,1.0,0.0,1.65,3.82,5.82
SP1,2024-10-19,Ath Bilbao,Espanol,1748.34,1589.51,4.0,10.0,3.0,6.0,4.0,1.0,H,3.0,0.0,H,10.0,5.0,6.0,2.0,15.0,22.0,5.0,5.0,2.0,3.0,0.0,0.0,1.46,4.32,7.98
SP1,2024-10-19,Osasuna,Betis,1651.79,1672.89,5.0,8.0,4.0,7.0,1.0,2.0,A,0.0,1.0,A,19.0,11.0,6.0,7.0,12.0,8.0,10.0,2.0,2.0,1.0,0.0,1.0,2.58,3.3,2.83
SP1,2024-10-19,Girona,Sociedad,1742.21,1708.14,5.0,5.0,5.0,5.0,0.0,1.0,A,0.0,1.0,A,8.0,14.0,3.0,4.0,10.0,12.0,6.0,6.0,2.0,1.0,0.0,0.0,2.51,3.29,2.93
SP1,2024-10-19,Celta,Real Madrid,1645.13,1969.73,4.0,7.0,7.0,13.0,1.0,2.0,A,0.0,1.0,A,13.0,10.0,5.0,3.0,16.0,13.0,6.0,2.0,2.0,1.0,0.0,0.0,5.24,4.37,1.61
SP1,2024-10-20,Mallorca,Vallecano,1645.75,1624.15,6.0,9.0,5.0,9.0,1.0,0.0,H,0.0,0.0,D,19.0,10.0,5.0,2.0,9.0,13.0,9.0,2.0,1.0,1.0,0.0,0.0,2.1,3.07,4.08
SP1,2024-10-20,Ath Madrid,Leganes,1817.35,1549.71,5.0,9.0,3.0,3.0,3.0,1.0,H,0.0,1.0,A,24.0,5.0,9.0,2.0,14.0,8.0,8.0,2.0,5.0,1.0,0.0,0.0,1.33,4.96,10.5
SP1,2024-10-20,Villarreal,Getafe,1738.25,1609.01,6.0,9.0,4.0,5.0,1.0,1.0,D,1.0,0.0,H,10.0,21.0,4.0,4.0,18.0,21.0,5.0,5.0,4.0,3.0,0.0,0.0,1.73,3.77,4.9
SP1,2024-10-20,Barcelona,Sevilla,1886.44,1658.0,6.0,12.0,7.0,10.0,5.0,1.0,H,3.0,0.0,H,21.0,7.0,9.0,1.0,6.0,14.0,5.0,5.0,1.0,2.0,0.0,0.0,1.31,5.81,8.96
SP1,2024-10-21,Valencia,Las Palmas,1628.17,1545.02,2.0,5.0,1.0,1.0,2.0,3.0,A,1.0,1.0,D,14.0,11.0,7.0,6.0,12.0,12.0,11.0,2.0,4.0,9.0,1.0,0.0,1.65,3.71,5.85
SP1,2024-10-25,Espanol,Sevilla,1589.51,1658.0,3.0,3.0,4.0,7.0,0.0,2.0,A,0.0,2.0,A,16.0,6.0,1.0,3.0,14.0,9.0,13.0,2.0,2.0,0.0,0.0,0.0,3.17,3.21,2.42
SP1,2024-10-26,Valladolid,Villarreal,1549.21,1738.25,3.0,4.0,4.0,7.0,1.0,2.0,A,0.0,1.0,A,7.0,21.0,3.0,9.0,16.0,13.0,4.0,6.0,4.0,3.0,0.0,0.0,3.61,3.68,2.02
SP1,2024-10-26,Vallecano,Alaves,1624.15,1622.62,4.0,6.0,0.0,3.0,1.0,0.0,H,0.0,0.0,D,16.0,15.0,4.0,7.0,8.0,14.0,6.0,2.0,2.0,4.0,1.0,0.0,2.26,3.09,3.6
SP1,2024-10-26,Las Palmas,Girona,1545.02,1742.21,3.0,4.0,4.0,5.0,1.0,0.0,H,1.0,0.0,H,12.0,8.0,3.0,3.0,12.0,14.0,3.0,5.0,4.0,5.0,0.0,1.0,2.87,3.42,2.49
SP1,2024-10-26,Real Madrid,Barcelona,1969.73,1886.44,7.0,13.0,6.0,12.0,0.0,4.0,A,0.0,0.0,D,9.0,15.0,4.0,7.0,15.0,17.0,10.0,3.0,2.0,5.0,0.0,0.0,2.04,4.04,3.29
SP1,2024-10-27,Leganes,Celta,1549.71,1645.13,2.0,3.0,4.0,4.0,3.0,0.0,H,0.0,0.0,D,7.0,18.0,4.0,5.0,15.0,17.0,4.0,2.0,2.0,2.0,0.0,0.0,3.28,3.18,2.36
SP1,2024-10-27,Getafe,Valencia,1609.01,1628.17,5.0,6.0,1.0,5.0,1.0,1.0,D,0.0,1.0,A,15.0,2.0,4.0,1.0,20.0,20.0,8.0,2.0,3.0,7.0,0.0,0.0,2.19,2.93,4.02
SP1,2024-10-27,Betis,Ath Madrid,1672.89,1817.35,6.0,7.0,5.0,9.0,1.0,0.0,H,1.0,0.0,H,24.0,10.0,3.0,3.0,8.0,4.0,3.0,10.0,3.0,2.0,0.0,0.0,3.19,3.22,2.37
SP1,2024-10-27,Sociedad,Osasuna,1708.14,1651.79,7.0,8.0,4.0,8.0,0.0,2.0,A,0.0,2.0,A,19.0,10.0,9.0,4.0,7.0,14.0,14.0,4.0,3.0,4.0,0.0,0.0,1.79,3.63,4.69
SP1,2024-10-28,Mallorca,Ath Bilbao,1645.75,1748.34,6.0,12.0,4.0,10.0,0.0,0.0,D,0.0,0.0,D,4.0,20.0,1.0,1.0,9.0,12.0,1.0,14.0,5.0,1.0,1.0,0.0,3.0,2.98,2.64
SP1,2024-11-01,Alaves,Mallorca,1608.19,1656.79,0.0,0.0,4.0,10.0,1.0,0.0,H,0.0,0.0,D,13.0,7.0,3.0,2.0,19.0,12.0,7.0,2.0,3.0,2.0,0.0,0.0,2.38,2.97,3.5
SP1,2024-11-02,Osasuna,Valladolid,1663.24,1559.5,4.0,8.0,3.0,3.0,1.0,0.0,H,1.0,0.0,H,20.0,7.0,4.0,4.0,21.0,12.0,7.0,2.0,1.0,5.0,0.0,0.0,1.63,3.79,6.02
SP1,2024-11-02,Girona,Leganes,1726.14,1566.62,3.0,5.0,4.0,6.0,4.0,3.0,H,2.0,2.0,D,15.0,8.0,6.0,5.0,17.0,15.0,6.0,1.0,2.0,4.0,0.0,0.0,1.71,3.64,5.43
SP1,2024-11-03,Ath Madrid,Las Palmas,1798.29,1571.82,4.0,8.0,6.0,7.0,2.0,0.0,H,1.0,0.0,H,15.0,1.0,3.0,1.0,13.0,13.0,9.0,1.0,1.0,1.0,0.0,0.0,1.27,5.92,11.1
SP1,2024-11-03,Barcelona,Espanol,1928.33,1576.46,9.0,12.0,3.0,3.0,3.0,1.0,H,3.0,0.0,H,14.0,10.0,9.0,3.0,13.0,14.0,9.0,5.0,0.0,3.0,0.0,0.0,1.12,10.76,17.94
SP1,2024-11-03,Sevilla,Sociedad,1668.84,1711.9,6.0,10.0,4.0,8.0,0.0,2.0,A,0.0,1.0,A,8.0,9.0,0.0,3.0,6.0,17.0,5.0,9.0,2.0,1.0,0.0,0.0,2.94,3.05,2.64
SP1,2024-11-03,Ath Bilbao,Betis,1762.63,1691.17,4.0,8.0,6.0,10.0,1.0,1.0,D,0.0,0.0,D,17.0,7.0,8.0,4.0,9.0,8.0,6.0,2.0,0.0,0.0,0.0,0.0,1.93,3.5,4.09
SP1,2024-11-04,Celta,Getafe,1630.65,1616.04,3.0,4.0,3.0,6.0,1.0,0.0,H,1.0,0.0,H,10.0,10.0,3.0,2.0,12.0,11.0,0.0,2.0,1.0,4.0,0.0,1.0,1.96,3.27,4.36
SP1,2024-11-08,Vallecano,Las Palmas,1628.26,1571.82,6.0,8.0,6.0,6.0,1.0,3.0,A,0.0,1.0,A,35.0,11.0,7.0,3.0,9.0,13.0,12.0,4.0,1.0,3.0,0.0,0.0,1.88,3.43,4.56
SP1,2024-11-09,Real Madrid,Osasuna,1959.42,1663.24,6.0,10.0,6.0,10.0,4.0,0.0,H,2.0,0.0,H,18.0,2.0,8.0,0.0,9.0,16.0,11.0,3.0,0.0,2.0,0.0,0.0,1.19,7.32,13.91
SP1,2024-11-09,Villarreal,Alaves,1742.2,1608.19,4.0,10.0,3.0,3.0,3.0,0.0,H,1.0,0.0,H,13.0,9.0,3.0,3.0,17.0,21.0,7.0,2.0,1.0,3.0,0.0,0.0,1.63,4.14,5.27
SP1,2024-11-09,Leganes,Sevilla,1566.62,1668.84,3.0,5.0,3.0,7.0,1.0,0.0,H,0.0,0.0,D,8.0,13.0,4.0,2.0,7.0,10.0,0.0,6.0,2.0,1.0,0.0,1.0,2.92,3.06,2.66
SP1,2024-11-10,Betis,Celta,1691.17,1630.65,7.0,10.0,3.0,7.0,2.0,2.0,D,1.0,1.0,D,19.0,3.0,6.0,2.0,12.0,8.0,2.0,0.0,3.0,0.0,0.0,0.0,2.0,3.54,3.77
SP1,2024-11-10,Mallorca,Ath Madrid,1656.79,1798.29,4.0,7.0,6.0,8.0,0.0,1.0,A,0.0,0.0,D,12.0,9.0,6.0,2.0,10.0,16.0,7.0,2.0,1.0,3.0,0.0,0.0,3.74,3.02,2.24
SP1,2024-11-10,Getafe,Girona,1616.04,1726.14,2.0,6.0,3.0,7.0,0.0,1.0,A,0.0,1.0,A,8.0,3.0,0.0,2.0,25.0,16.0,5.0,2.0,3.0,3.0,0.0,0.0,2.46,3.1,3.15
SP1,2024-11-10,Valladolid,Ath Bilbao,1559.5,1762.63,3.0,3.0,5.0,6.0,1.0,1.0,D,0.0,0.0,D,6.0,17.0,3.0,1.0,12.0,12.0,5.0,5.0,4.0,4.0,0.0,0.0,4.53,3.42,1.87
SP1,2024-11-10,Sociedad,Barcelona,1711.9,1928.33,6.0,10.0,9.0,12.0,1.0,0.0,H,1.0,0.0,H,14.0,11.0,6.0,0.0,17.0,6.0,7.0,6.0,3.0,1.0,0.0,0.0,4.75,4.1,1.68
SP1,2024-11-22,Getafe,Valladolid,1598.56,1554.8,1.0,3.0,1.0,4.0,2.0,0.0,H,0.0,0.0,D,12.0,6.0,5.0,3.0,15.0,15.0,3.0,2.0,3.0,2.0,0.0,0.0,1.67,3.44,6.48
SP1,2024-11-23,Valencia,Betis,1617.15,1688.11,2.0,3.0,5.0,8.0,4.0,2.0,H,1.0,1.0,D,11.0,7.0,5.0,3.0,10.0,16.0,2.0,4.0,4.0,2.0,0.0,0.0,2.97,3.06,2.63
SP1,2024-11-23,Ath Madrid,Alaves,1815.53,1605.19,6.0,10.0,3.0,3.0,2.0,1.0,H,0.0,1.0,A,11.0,4.0,8.0,1.0,18.0,19.0,5.0,0.0,3.0,3.0,0.0,0.0,1.36,4.86,9.9
SP1,2024-11-23,Girona,Espanol,1723.7,1570.5,6.0,9.0,0.0,3.0,4.0,1.0,H,4.0,0.0,H,12.0,9.0,5.0,1.0,4.0,19.0,6.0,3.0,0.0,3.0,0.0,0.0,1.67,3.91,5.3
SP1,2024-11-23,Las Palmas,Mallorca,1580.35,1638.8,6.0,9.0,1.0,4.0,2.0,3.0,A,0.0,0.0,D,14.0,10.0,3.0,3.0,10.0,18.0,4.0,3.0,4.0,2.0,0.0,1.0,2.96,2.94,2.72
SP1,2024-11-23,Celta,Barcelona,1635.69,1917.28,4.0,7.0,6.0,12.0,2.0,2.0,D,0.0,1.0,A,15.0,9.0,8.0,4.0,13.0,9.0,5.0,1.0,5.0,5.0,0.0,1.0,4.58,4.44,1.67
SP1,2024-11-24,Osasuna,Villarreal,1659.44,1744.04,6.0,7.0,7.0,10.0,2.0,2.0,D,2.0,0.0,H,4.0,17.0,3.0,7.0,12.0,13.0,0.0,8.0,6.0,5.0,0.0,0.0,2.59,3.45,2.7
SP1,2024-11-24,Sevilla,Vallecano,1642.85,1607.61,3.0,6.0,3.0,7.0,1.0,0.0,H,1.0,0.0,H,11.0,9.0,3.0,1.0,14.0,14.0,8.0,3.0,2.0,5.0,0.0,1.0,2.32,3.23,3.28
SP1,2024-11-24,Leganes,Real Madrid,1568.09,1939.57,6.0,7.0,6.0,10.0,0.0,3.0,A,0.0,1.0,A,4.0,16.0,0.0,9.0,17.0,11.0,2.0,4.0,2.0,0.0,0.0,0.0,8.26,4.66,1.4
SP1,2024-11-24,Ath Bilbao,Sociedad,1754.71,1722.39,3.0,6.0,6.0,10.0,1.0,0.0,H,1.0,0.0,H,12.0,6.0,4.0,1.0,18.0,9.0,4.0,4.0,3.0,4.0,0.0,0.0,2.25,3.04,3.65
SP1,2024-11-29,Mallorca,Valencia,1638.8,1617.15,3.0,7.0,4.0,5.0,2.0,1.0,H,1.0,1.0,D,9.0,7.0,3.0,1.0,9.0,14.0,3.0,6.0,0.0,0.0,0.0,0.0,2.04,2.94,4.67
SP1,2024-11-30,Barcelona,Las Palmas,1917.28,1580.35,4.0,10.0,3.0,9.0,1.0,2.0,A,0.0,0.0,D,27.0,5.0,8.0,3.0,7.0,11.0,7.0,0.0,0.0,0.0,0.0,0.0,1.16,8.92,14.85
SP1,2024-11-30,Alaves,Leganes,1605.19,1568.09,3.0,3.0,3.0,6.0,1.0,1.0,D,0.0,0.0,D,18.0,6.0,7.0,3.0,15.0,15.0,13.0,8.0,1.0,4.0,0.0,0.0,1.83,3.27,5.19
SP1,2024-11-30,Espanol,Celta,1570.5,1635.69,0.0,3.0,5.0,5.0,3.0,1.0,H,1.0,0.0,H,9.0,16.0,5.0,2.0,13.0,7.0,2.0,5.0,2.0,2.0,0.0,0.0,3.31,3.33,2.26
SP1,2024-11-30,Valladolid,Ath Madrid,1554.8,1815.53,1.0,4.0,9.0,12.0,0.0,5.0,A,0.0,3.0,A,9.0,13.0,1.0,9.0,6.0,11.0,3.0,5.0,1.0,2.0,0.0,0.0,6.33,4.07,1.56
SP1,2024-12-01,Villarreal,Girona,1743.51,1719.58,7.0,8.0,9.0,9.0,2.0,2.0,D,1.0,0.0,H,13.0,13.0,4.0,6.0,8.0,13.0,1.0,5.0,2.0,6.0,0.0,0.0,1.86,3.84,4.0
SP1,2024-12-01,Real Madrid,Getafe,1935.72,1606.24,6.0,12.0,3.0,5.0,2.0,0.0,H,2.0,0.0,H,13.0,8.0,4.0,3.0,7.0,26.0,5.0,3.0,2.0,6.0,0.0,0.0,1.36,4.75,9.5
SP1,2024-12-01,Vallecano,Ath Bilbao,1601.98,1762.86,3.0,6.0,5.0,9.0,1.0,2.0,A,1.0,0.0,H,7.0,12.0,4.0,7.0,14.0,8.0,1.0,7.0,3.0,0.0,0.0,0.0,2.84,3.08,2.69
SP1,2024-12-01,Sociedad,Betis,1724.72,1663.83,6.0,9.0,2.0,8.0,2.0,0.0,H,2.0,0.0,H,2.0,7.0,1.0,2.0,28.0,10.0,0.0,4.0,3.0,2.0,0.0,0.0,1.79,3.58,4.78
SP1,2024-12-02,Sevilla,Osasuna,1648.34,1659.82,3.0,6.0,4.0,7.0,1.0,1.0,D,0.0,0.0,D,12.0,7.0,5.0,3.0,11.0,15.0,5.0,1.0,1.0,1.0,0.0,0.0,2.14,3.36,3.52
SP1,2024-12-03,Mallorca,Barcelona,1653.26,1898.79,6.0,7.0,1.0,7.0,1.0,5.0,A,1.0,1.0,D,6.0,20.0,1.0,9.0,13.0,13.0,2.0,5.0,4.0,3.0,0.0,0.0,6.11,4.38,1.53
SP1,2024-12-04,Ath Bilbao,Real Madrid,1762.86,1935.72,7.0,9.0,9.0,12.0,2.0,1.0,H,0.0,0.0,D,9.0,10.0,3.0,5.0,21.0,9.0,5.0,2.0,3.0,3.0,0.0,0.0,3.14,3.5,2.28
SP1,2024-12-06,Celta,Mallorca,1629.54,1653.26,2.0,5.0,6.0,6.0,2.0,0.0,H,1.0,0.0,H,12.0,9.0,5.0,4.0,9.0,12.0,3.0,3.0,1.0,0.0,0.0,1.0,1.89,3.36,4.62
SP1,2024-12-07,Las Palmas,Valladolid,1588.17,1539.69,6.0,9.0,1.0,1.0,2.0,1.0,H,1.0,1.0,D,11.0,9.0,5.0,2.0,17.0,13.0,3.0,3.0,4.0,3.0,0.0,0.0,1.8,3.65,4.64
SP1,2024-12-07,Betis,Barcelona,1663.83,1898.79,1.0,5.0,4.0,7.0,2.0,2.0,D,0.0,1.0,A,12.0,9.0,6.0,3.0,15.0,14.0,6.0,4.0,1.0,2.0,0.0,0.0,5.11,4.5,1.6
SP1,2024-12-07,Valencia,Vallecano,1622.93,1601.98,4.0,5.0,0.0,3.0,0.0,1.0,A,0.0,1.0,A,14.0,6.0,6.0,1.0,5.0,12.0,9.0,4.0,2.0,2.0,0.0,0.0,2.25,2.98,3.81
SP1,2024-12-07,Girona,Real Madrid,1719.58,1935.72,7.0,10.0,6.0,9.0,0.0,3.0,A,0.0,1.0,A,10.0,10.0,4.0,7.0,6.0,7.0,6.0,3.0,3.0,2.0,0.0,0.0,4.56,4.01,1.73
SP1,2024-12-08,Leganes,Sociedad,1567.47,1724.72,4.0,7.0,6.0,9.0,0.0,3.0,A,0.0,1.0,A,11.0,15.0,2.0,5.0,12.0,15.0,5.0,3.0,2.0,2.0,0.0,0.0,4.61,3.15,1.94
SP1,2024-12-08,Ath Bilbao,Villarreal,1762.86,1743.51,9.0,11.0,5.0,9.0,2.0,0.0,H,1.0,0.0,H,12.0,11.0,4.0,1.0,15.0,10.0,3.0,3.0,2.0,1.0,0.0,0.0,1.96,3.7,3.72
SP1,2024-12-08,Osasuna,Alaves,1659.82,1599.68,2.0,8.0,1.0,4.0,2.0,2.0,D,0.0,1.0,A,16.0,6.0,8.0,3.0,13.0,14.0,8.0,3.0,4.0,3.0,0.0,0.0,2.08,3.35,3.72
SP1,2024-12-08,Ath Madrid,Sevilla,1839.81,1648.34,9.0,12.0,4.0,7.0,4.0,3.0,H,1.0,2.0,A,14.0,4.0,9.0,3.0,11.0,8.0,5.0,3.0,4.0,3.0,0.0,0.0,1.38,4.84,8.57
SP1,2024-12-09,Getafe,Espanol,1606.24,1576.64,3.0,4.0,3.0,3.0,1.0,0.0,H,1.0,0.0,H,15.0,9.0,6.0,1.0,14.0,15.0,3.0,3.0,3.0,6.0,0.0,0.0,1.8,3.17,5.61
SP1,2024-12-13,Valladolid,Valencia,1539.69,1622.93,0.0,1.0,3.0,4.0,1.0,0.0,H,1.0,0.0,H,2.0,14.0,1.0,2.0,10.0,10.0,1.0,7.0,4.0,3.0,1.0,0.0,3.23,3.05,2.44
SP1,2024-12-14,Espanol,Osasuna,1576.64,1659.82,3.0,3.0,3.0,6.0,0.0,0.0,D,0.0,0.0,D,9.0,6.0,3.0,0.0,13.0,13.0,5.0,4.0,3.0,1.0,0.0,0.0,2.82,3.14,2.66
SP1,2024-12-14,Mallorca,Girona,1653.26,1719.58,3.0,6.0,4.0,10.0,2.0,1.0,H,1.0,1.0,D,8.0,13.0,2.0,1.0,10.0,14.0,2.0,4.0,5.0,2.0,1.0,0.0,2.36,3.05,3.37
SP1,2024-12-14,Sevilla,Celta,1648.34,1629.54,4.0,4.0,4.0,8.0,1.0,0.0,H,0.0,0.0,D,8.0,10.0,3.0,2.0,12.0,9.0,3.0,4.0,7.0,3.0,0.0,0.0,2.27,3.31,3.28
SP1,2024-12-14,Vallecano,Real Madrid,1601.98,1935.72,3.0,6.0,6.0,12.0,3.0,3.0,D,2.0,2.0,D,14.0,13.0,5.0,6.0,18.0,8.0,4.0,3.0,4.0,2.0,0.0,0.0,5.79,4.01,1.6
SP1,2024-12-15,Ath Madrid,Getafe,1852.69,1619.7,9.0,15.0,6.0,6.0,1.0,0.0,H,0.0,0.0,D,11.0,7.0,3.0,1.0,13.0,15.0,8.0,3.0,3.0,1.0,0.0,0.0,1.4,4.3,9.61
SP1,2024-12-15,Alaves,Ath Bilbao,1612.84,1806.92,2.0,5.0,9.0,13.0,1.0,1.0,D,0.0,1.0,A,6.0,9.0,3.0,2.0,14.0,17.0,2.0,4.0,2.0,2.0,0.0,0.0,3.66,3.15,2.17
SP1,2024-12-15,Sociedad,Las Palmas,1754.71,1602.91,6.0,12.0,6.0,9.0,0.0,0.0,D,0.0,0.0,D,15.0,9.0,4.0,3.0,17.0,12.0,8.0,6.0,2.0,3.0,0.0,0.0,1.42,4.31,8.55
SP1,2024-12-15,Villarreal,Betis,1743.04,1672.09,2.0,8.0,1.0,3.0,1.0,2.0,A,0.0,1.0,A,17.0,10.0,4.0,4.0,19.0,10.0,5.0,5.0,5.0,2.0,0.0,1.0,1.79,3.89,4.3
SP1,2024-12-15,Barcelona,Leganes,1919.52,1566.76,4.0,5.0,1.0,4.0,0.0,1.0,A,0.0,1.0,A,20.0,6.0,4.0,4.0,5.0,13.0,8.0,2.0,0.0,2.0,0.0,0.0,1.13,8.85,18.38
SP1,2024-12-18,Espanol,Valencia,1580.83,1613.3,4.0,4.0,0.0,4.0,1.0,1.0,D,1.0,0.0,H,10.0,14.0,3.0,4.0,13.0,11.0,4.0,7.0,1.0,0.0,0.0,0.0,2.65,2.95,3.02
SP1,2024-12-18,Villarreal,Vallecano,1743.04,1622.94,1.0,5.0,4.0,4.0,1.0,1.0,D,1.0,1.0,D,14.0,18.0,5.0,3.0,10.0,15.0,7.0,7.0,4.0,3.0,1.0,0.0,1.83,3.65,4.4
SP1,2024-12-20,Girona,Valladolid,1712.1,1552.28,1.0,7.0,3.0,4.0,3.0,0.0,H,2.0,0.0,H,23.0,1.0,7.0,1.0,13.0,7.0,9.0,1.0,3.0,1.0,0.0,0.0,1.39,4.83,8.26
SP1,2024-12-21,Getafe,Mallorca,1619.7,1653.62,3.0,6.0,3.0,9.0,0.0,1.0,A,0.0,0.0,D,18.0,9.0,5.0,2.0,19.0,13.0,3.0,0.0,4.0,3.0,0.0,0.0,2.31,2.76,3.93
SP1,2024-12-21,Celta,Sociedad,1642.53,1754.71,3.0,5.0,7.0,10.0,2.0,0.0,H,2.0,0.0,H,11.0,7.0,7.0,1.0,19.0,13.0,5.0,7.0,3.0,5.0,0.0,0.0,2.92,3.11,2.6
SP1,2024-12-21,Osasuna,Ath Bilbao,1666.92,1806.92,3.0,4.0,7.0,13.0,1.0,2.0,A,1.0,1.0,D,6.0,13.0,3.0,8.0,10.0,13.0,4.0,4.0,0.0,1.0,0.0,0.0,3.76,3.2,2.12
SP1,2024-12-21,Barcelona,Ath Madrid,1919.52,1852.69,4.0,5.0,9.0,15.0,1.0,2.0,A,1.0,0.0,H,19.0,5.0,7.0,4.0,11.0,8.0,11.0,3.0,0.0,3.0,0.0,0.0,1.89,3.88,3.85
SP1,2024-12-22,Valencia,Alaves,1613.3,1612.84,1.0,4.0,3.0,3.0,2.0,2.0,D,0.0,1.0,A,8.0,11.0,3.0,3.0,20.0,15.0,5.0,4.0,2.0,1.0,0.0,0.0,2.28,3.04,3.52
SP1,2024-12-22,Real Madrid,Sevilla,1947.47,1659.71,4.0,10.0,4.0,7.0,4.0,2.0,H,3.0,1.0,H,16.0,10.0,8.0,5.0,5.0,14.0,6.0,6.0,1.0,2.0,0.0,0.0,1.34,5.53,8.21
SP1,2024-12-22,Las Palmas,Espanol,1602.91,1580.83,7.0,10.0,2.0,5.0,1.0,0.0,H,0.0,0.0,D,10.0,9.0,4.0,2.0,9.0,16.0,2.0,2.0,4.0,2.0,0.0,0.0,1.84,3.54,4.45
SP1,2024-12-22,Leganes,Villarreal,1566.76,1743.04,4.0,7.0,1.0,3.0,2.0,5.0,A,2.0,2.0,D,5.0,18.0,3.0,9.0,17.0,15.0,1.0,5.0,1.0,2.0,2.0,0.0,4.1,3.47,1.94
SP1,2024-12-22,Betis,Vallecano,1672.09,1622.94,4.0,5.0,5.0,5.0,1.0,1.0,D,1.0,0.0,H,14.0,10.0,5.0,4.0,9.0,14.0,5.0,5.0,0.0,4.0,0.0,0.0,1.8,3.54,4.69
SP1,2025-01-03,Valencia,Real Madrid,1612.66,1949.76,2.0,2.0,7.0,10.0,1.0,2.0,A,1.0,0.0,H,8.0,17.0,5.0,5.0,16.0,9.0,2.0,5.0,2.0,3.0,0.0,1.0,7.11,4.67,1.44
SP1,2025-01-10,Vallecano,Celta,1631.43,1655.65,3.0,6.0,6.0,7.0,2.0,1.0,H,1.0,1.0,D,8.0,23.0,5.0,7.0,18.0,9.0,3.0,3.0,2.0,3.0,0.0,1.0,2.81,3.07,2.74
SP1,2025-01-11,Alaves,Girona,1618.26,1717.32,3.0,4.0,3.0,7.0,0.0,1.0,A,0.0,0.0,D,11.0,3.0,2.0,1.0,16.0,11.0,6.0,3.0,1.0,4.0,0.0,0.0,2.77,3.13,2.7
SP1,2025-01-11,Valladolid,Betis,1547.42,1681.0,3.0,3.0,5.0,5.0,1.0,0.0,H,0.0,0.0,D,12.0,14.0,1.0,3.0,21.0,10.0,1.0,8.0,2.0,4.0,0.0,0.0,4.48,3.47,1.85
SP1,2025-01-11,Espanol,Leganes,1574.24,1572.94,2.0,5.0,3.0,4.0,1.0,1.0,D,1.0,1.0,D,15.0,14.0,5.0,6.0,15.0,19.0,8.0,4.0,2.0,2.0,0.0,1.0,2.09,3.03,4.07
SP1,2025-01-11,Sevilla,Valencia,1657.78,1612.66,3.0,7.0,2.0,2.0,1.0,1.0,D,0.0,0.0,D,15.0,5.0,5.0,1.0,16.0,8.0,10.0,1.0,1.0,2.0,0.0,0.0,2.0,3.42,3.85
SP1,2025-01-12,Las Palmas,Getafe,1614.47,1608.53,7.0,10.0,3.0,6.0,1.0,2.0,A,0.0,0.0,D,15.0,12.0,7.0,3.0,14.0,17.0,4.0,5.0,2.0,3.0,0.0,0.0,2.49,2.93,3.24
SP1,2025-01-12,Ath Madrid,Osasuna,1865.87,1660.64,9.0,15.0,2.0,4.0,1.0,0.0,H,0.0,0.0,D,9.0,6.0,5.0,1.0,8.0,14.0,4.0,0.0,2.0,0.0,0.0,0.0,1.31,5.3,10.29
SP1,2025-01-13,Sociedad,Villarreal,1736.19,1737.39,4.0,7.0,4.0,5.0,1.0,0.0,H,0.0,0.0,D,6.0,15.0,3.0,5.0,17.0,6.0,3.0,7.0,4.0,2.0,0.0,0.0,1.94,3.48,4.0
SP1,2025-01-17,Espanol,Valladolid,1572.29,1557.23,2.0,3.0,6.0,6.0,2.0,1.0,H,1.0,0.0,H,12.0,11.0,4.0,4.0,13.0,16.0,1.0,7.0,2.0,2.0,0.0,0.0,1.81,3.36,5.12
SP1,2025-01-18,Girona,Sevilla,1724.5,1654.59,6.0,7.0,4.0,5.0,1.0,2.0,A,1.0,0.0,H,7.0,14.0,4.0,6.0,6.0,15.0,7.0,4.0,0.0,4.0,0.0,0.0,1.94,3.55,3.96
SP1,2025-01-18,Leganes,Ath Madrid,1574.89,1868.26,4.0,5.0,9.0,15.0,1.0,0.0,H,0.0,0.0,D,9.0,19.0,3.0,4.0,16.0,6.0,2.0,9.0,1.0,3.0,0.0,0.0,7.03,4.15,1.5
SP1,2025-01-18,Betis,Alaves,1671.19,1611.09,4.0,5.0,2.0,4.0,1.0,3.0,A,1.0,1.0,D,7.0,9.0,2.0,5.0,12.0,24.0,2.0,3.0,4.0,5.0,1.0,0.0,1.75,3.68,4.81
SP1,2025-01-18,Getafe,Barcelona,1618.7,1892.09,3.0,6.0,1.0,4.0,1.0,1.0,D,1.0,1.0,D,10.0,21.0,4.0,5.0,9.0,9.0,2.0,10.0,3.0,2.0,0.0,0.0,6.51,4.35,1.5
SP1,2025-01-19,Celta,Ath Bilbao,1648.69,1810.31,3.0,6.0,7.0,13.0,1.0,2.0,A,0.0,0.0,D,3.0,14.0,1.0,6.0,14.0,6.0,3.0,4.0,0.0,0.0,0.0,0.0,2.83,3.14,2.64
SP1,2025-01-19,Real Madrid,Las Palmas,1952.22,1604.31,7.0,10.0,4.0,10.0,4.0,1.0,H,3.0,1.0,H,26.0,6.0,13.0,2.0,11.0,13.0,8.0,2.0,0.0,1.0,0.0,1.0,1.15,8.44,16.41
SP1,2025-01-19,Osasuna,Vallecano,1658.25,1638.39,1.0,3.0,5.0,9.0,1.0,1.0,D,0.0,1.0,A,12.0,8.0,3.0,3.0,9.0,13.0,6.0,3.0,3.0,2.0,0.0,0.0,2.18,3.11,3.68
SP1,2025-01-19,Valencia,Sociedad,1613.39,1742.6,2.0,3.0,4.0,10.0,1.0,0.0,H,1.0,0.0,H,7.0,9.0,2.0,3.0,10.0,12.0,4.0,7.0,3.0,4.0,0.0,0.0,3.1,3.05,2.51
SP1,2025-01-20,Villarreal,Mallorca,1730.98,1663.13,4.0,4.0,6.0,9.0,4.0,0.0,H,4.0,0.0,H,14.0,9.0,7.0,2.0,9.0,12.0,6.0,5.0,1.0,3.0,0.0,0.0,1.73,3.68,5.04
SP1,2025-01-24,Las Palmas,Osasuna,1604.31,1658.25,3.0,7.0,1.0,3.0,1.0,1.0,D,0.0,0.0,D,16.0,16.0,7.0,4.0,14.0,17.0,4.0,2.0,7.0,8.0,1.0,0.0,2.52,3.13,3.04
SP1,2025-01-25,Mallorca,Betis,1663.13,1671.19,6.0,6.0,1.0,5.0,0.0,1.0,A,0.0,0.0,D,16.0,8.0,3.0,3.0,12.0,18.0,4.0,4.0,2.0,2.0,1.0,0.0,2.3,3.05,3.48
SP1,2025-01-25,Ath Madrid,Villarreal,1868.26,1730.98,6.0,12.0,6.0,7.0,1.0,1.0,D,0.0,1.0,A,20.0,11.0,8.0,1.0,10.0,14.0,5.0,6.0,4.0,2.0,0.0,0.0,1.7,4.09,4.61
SP1,2025-01-25,Sevilla,Espanol,1654.59,1572.29,4.0,7.0,4.0,6.0,1.0,1.0,D,0.0,1.0,A,25.0,6.0,4.0,1.0,13.0,14.0,5.0,1.0,1.0,4.0,0.0,0.0,1.71,3.75,5.06
SP1,2025-01-25,Valladolid,Real Madrid,1557.23,1952.22,3.0,6.0,9.0,13.0,0.0,3.0,A,0.0,1.0,A,6.0,20.0,2.0,4.0,11.0,12.0,1.0,7.0,3.0,3.0,1.0,0.0,10.64,6.31,1.25
SP1,2025-01-26,Vallecano,Girona,1638.39,1724.5,5.0,7.0,6.0,6.0,2.0,1.0,H,0.0,0.0,D,17.0,12.0,7.0,5.0,19.0,9.0,4.0,1.0,3.0,1.0,0.0,0.0,2.72,3.06,2.82
SP1,2025-01-26,Sociedad,Getafe,1742.6,1618.7,3.0,7.0,4.0,7.0,0.0,3.0,A,0.0,0.0,D,13.0,13.0,4.0,4.0,11.0,15.0,5.0,2.0,3.0,6.0,0.0,0.0,1.76,3.21,5.81
SP1,2025-01-26,Ath Bilbao,Leganes,1810.31,1574.89,7.0,13.0,4.0,7.0,0.0,0.0,D,0.0,0.0,D,29.0,5.0,3.0,2.0,10.0,8.0,16.0,1.0,0.0,0.0,0.0,0.0,1.38,4.67,9.14
SP1,2025-01-26,Barcelona,Valencia,1892.09,1613.39,1.0,5.0,4.0,6.0,7.0,1.0,H,5.0,0.0,H,22.0,7.0,11.0,2.0,10.0,12.0,14.0,4.0,0.0,1.0,0.0,0.0,1.2,7.06,12.73
SP1,2025-01-27,Alaves,Celta,1611.09,1648.69,4.0,6.0,3.0,6.0,1.0,1.0,D,1.0,0.0,H,3.0,5.0,1.0,2.0,15.0,14.0,3.0,4.0,2.0,3.0,0.0,0.0,2.66,3.1,2.85
SP1,2025-01-31,Leganes,Vallecano,1574.89,1638.39,5.0,8.0,7.0,9.0,0.0,1.0,A,0.0,0.0,D,5.0,19.0,1.0,3.0,7.0,19.0,2.0,9.0,2.0,4.0,1.0,0.0,3.23,2.99,2.48
SP1,2025-02-01,Getafe,Sevilla,1645.16,1661.23,7.0,7.0,5.0,8.0,0.0,0.0,D,0.0,0.0,D,7.0,13.0,1.0,1.0,15.0,12.0,6.0,5.0,4.0,6.0,0.0,0.0,2.49,2.92,3.3
SP1,2025-02-01,Villarreal,Valladolid,1744.88,1547.72,4.0,8.0,3.0,6.0,5.0,1.0,H,1.0,0.0,H,22.0,8.0,8.0,2.0,9.0,14.0,3.0,6.0,1.0,2.0,0.0,0.0,1.23,6.59,11.97
SP1,2025-02-01,Ath Madrid,Mallorca,1862.33,1643.06,4.0,10.0,3.0,6.0,2.0,0.0,H,1.0,0.0,H,17.0,10.0,5.0,1.0,9.0,14.0,10.0,4.0,2.0,3.0,0.0,0.0,1.41,4.34,8.9
SP1,2025-02-01,Espanol,Real Madrid,1581.92,1964.78,5.0,6.0,9.0,13.0,1.0,0.0,H,0.0,0.0,D,5.0,21.0,2.0,7.0,14.0,3.0,1.0,8.0,2.0,0.0,0.0,0.0,9.57,5.49,1.31
SP1,2025-02-02,Barcelona,Alaves,1895.48,1625.39,4.0,5.0,4.0,6.0,1.0,0.0,H,0.0,0.0,D,11.0,3.0,4.0,0.0,8.0,20.0,5.0,2.0,5.0,2.0,0.0,0.0,1.19,7.52,13.89
SP1,2025-02-02,Valencia,Celta,1618.52,1643.84,4.0,5.0,1.0,4.0,2.0,1.0,H,1.0,0.0,H,8.0,3.0,5.0,2.0,9.0,17.0,5.0,2.0,1.0,2.0,0.0,0.0,2.37,3.13,3.24
SP1,2025-02-02,Osasuna,Sociedad,1655.6,1709.68,2.0,3.0,3.0,4.0,2.0,1.0,H,1.0,0.0,H,11.0,13.0,4.0,3.0,10.0,8.0,3.0,5.0,3.0,3.0,0.0,0.0,3.02,2.97,2.6
SP1,2025-02-02,Betis,Ath Bilbao,1664.28,1788.0,3.0,7.0,7.0,11.0,2.0,2.0,D,2.0,1.0,H,10.0,12.0,6.0,4.0,10.0,20.0,3.0,7.0,3.0,1.0,0.0,0.0,2.98,3.26,2.46
SP1,2025-02-03,Girona,Las Palmas,1697.2,1601.49,3.0,6.0,1.0,5.0,2.0,1.0,H,1.0,0.0,H,12.0,10.0,4.0,2.0,12.0,12.0,11.0,3.0,2.0,2.0,0.0,0.0,1.62,4.1,5.29
SP1,2025-02-07,Vallecano,Valladolid,1657.09,1547.72,7.0,11.0,0.0,3.0,1.0,0.0,H,0.0,0.0,D,20.0,8.0,6.0,3.0,11.0,15.0,4.0,2.0,2.0,2.0,0.0,0.0,1.49,4.25,7.3
SP1,2025-02-08,Celta,Betis,1643.84,1664.28,1.0,4.0,4.0,5.0,3.0,2.0,H,0.0,2.0,A,14.0,12.0,6.0,5.0,11.0,11.0,4.0,7.0,0.0,0.0,0.0,0.0,2.31,3.35,3.16
SP1,2025-02-08,Ath Bilbao,Girona,1788.0,1697.2,5.0,9.0,3.0,9.0,3.0,0.0,H,2.0,0.0,H,23.0,3.0,8.0,1.0,7.0,12.0,11.0,2.0,0.0,4.0,0.0,0.0,1.67,3.84,5.29
SP1,2025-02-08,Las Palmas,Villarreal,1601.49,1744.88,1.0,4.0,7.0,10.0,1.0,2.0,A,0.0,0.0,D,20.0,9.0,4.0,4.0,12.0,12.0,6.0,5.0,6.0,3.0,0.0,0.0,4.51,4.04,1.73
SP1,2025-02-08,Real Madrid,Ath Madrid,1964.78,1862.33,6.0,12.0,4.0,10.0,1.0,1.0,D,0.0,1.0,A,23.0,10.0,9.0,1.0,14.0,13.0,6.0,1.0,0.0,0.0,0.0,0.0,1.88,3.68,4.13
SP1,2025-02-09,Alaves,Getafe,1625.39,1645.16,4.0,5.0,5.0,8.0,0.0,1.0,A,0.0,1.0,A,12.0,4.0,4.0,3.0,16.0,16.0,8.0,3.0,2.0,6.0,0.0,0.0,2.32,2.9,3.63
SP1,2025-02-09,Valencia,Leganes,1618.52,1585.85,6.0,7.0,4.0,5.0,2.0,0.0,H,2.0,0.0,H,18.0,12.0,4.0,4.0,14.0,9.0,9.0,3.0,0.0,0.0,0.0,0.0,1.74,3.43,5.39
SP1,2025-02-09,Sociedad,Espanol,1709.68,1581.92,0.0,3.0,7.0,8.0,2.0,1.0,H,1.0,0.0,H,13.0,4.0,3.0,1.0,11.0,17.0,6.0,0.0,1.0,2.0,0.0,0.0,1.59,3.81,6.29
SP1,2025-02-09,Sevilla,Barcelona,1661.23,1895.48,5.0,6.0,7.0,7.0,1.0,4.0,A,1.0,1.0,D,8.0,10.0,4.0,6.0,14.0,6.0,5.0,6.0,5.0,2.0,0.0,1.0,5.47,4.63,1.54
SP1,2025-02-10,Mallorca,Osasuna,1643.06,1655.6,0.0,6.0,5.0,5.0,1.0,1.0,D,0.0,0.0,D,10.0,19.0,2.0,4.0,7.0,11.0,7.0,11.0,1.0,4.0,0.0,0.0,2.02,3.15,4.22
SP1,2025-02-14,Girona,Getafe,1697.2,1645.16,3.0,6.0,7.0,11.0,1.0,2.0,A,0.0,1.0,A,14.0,10.0,4.0,6.0,11.0,23.0,3.0,3.0,2.0,3.0,1.0,0.0,1.98,3.22,4.44
SP1,2025-02-15,Leganes,Alaves,1584.78,1621.06,1.0,5.0,1.0,4.0,3.0,3.0,D,2.0,1.0,H,8.0,16.0,3.0,7.0,18.0,15.0,3.0,2.0,4.0,5.0,1.0,0.0,3.19,2.92,2.57
SP1,2025-02-15,Osasuna,Real Madrid,1671.61,1960.03,5.0,6.0,4.0,10.0,1.0,1.0,D,0.0,1.0,A,11.0,17.0,4.0,6.0,16.0,7.0,6.0,2.0,3.0,1.0,0.0,1.0,5.58,4.32,1.57
SP1,2025-02-15,Ath Madrid,Celta,1876.59,1650.84,5.0,8.0,4.0,4.0,1.0,1.0,D,0.0,0.0,D,9.0,11.0,3.0,4.0,8.0,18.0,2.0,7.0,3.0,5.0,1.0,0.0,1.42,4.64,7.71
SP1,2025-02-15,Villarreal,Valencia,1762.49,1640.32,7.0,10.0,6.0,10.0,1.0,1.0,D,1.0,0.0,H,13.0,12.0,4.0,3.0,6.0,17.0,4.0,5.0,0.0,5.0,0.0,0.0,1.53,4.43,5.96
SP1,2025-02-16,Espanol,Ath Bilbao,1599.68,1800.75,4.0,8.0,5.0,11.0,1.0,1.0,D,0.0,0.0,D,12.0,14.0,4.0,4.0,12.0,8.0,2.0,7.0,1.0,1.0,0.0,0.0,5.22,3.52,1.75
SP1,2025-02-16,Valladolid,Sevilla,1545.53,1662.65,0.0,3.0,2.0,6.0,0.0,4.0,A,0.0,2.0,A,7.0,11.0,2.0,6.0,11.0,10.0,3.0,2.0,4.0,2.0,0.0,0.0,4.01,3.38,1.99
SP1,2025-02-16,Mallorca,Las Palmas,1645.38,1598.54,1.0,4.0,1.0,1.0,3.0,1.0,H,3.0,0.0,H,14.0,9.0,5.0,4.0,7.0,13.0,3.0,5.0,1.0,4.0,0.0,0.0,1.73,3.53,5.29
SP1,2025-02-16,Betis,Sociedad,1675.76,1717.24,4.0,4.0,3.0,6.0,3.0,0.0,H,0.0,0.0,D,24.0,5.0,8.0,1.0,9.0,15.0,5.0,5.0,0.0,2.0,0.0,2.0,2.54,3.1,3.0
SP1,2025-02-17,Barcelona,Vallecano,1910.77,1667.93,9.0,10.0,9.0,13.0,1.0,0.0,H,1.0,0.0,H,14.0,9.0,5.0,4.0,11.0,9.0,4.0,5.0,2.0,3.0,0.0,0.0,1.2,7.43,12.37
SP1,2025-02-21,Celta,Osasuna,1650.84,1671.61,4.0,5.0,5.0,7.0,1.0,0.0,H,0.0,0.0,D,12.0,18.0,5.0,1.0,11.0,13.0,5.0,4.0,1.0,0.0,0.0,0.0,1.7,3.8,5.2
SP1,2025-02-22,Alaves,Espanol,1621.06,1599.68,1.0,5.0,4.0,8.0,0.0,1.0,A,0.0,0.0,D,15.0,9.0,5.0,2.0,13.0,17.0,7.0,0.0,2.0,2.0,0.0,0.0,1.8,3.38,5.22
SP1,2025-02-22,Vallecano,Villarreal,1667.93,1762.49,6.0,10.0,7.0,11.0,0.0,1.0,A,0.0,0.0,D,10.0,10.0,5.0,5.0,15.0,12.0,3.0,5.0,1.0,4.0,1.0,0.0,2.98,3.42,2.39
SP1,2025-02-22,Valencia,Ath Madrid,1640.32,1876.59,7.0,10.0,5.0,6.0,0.0,3.0,A,0.0,2.0,A,18.0,11.0,2.0,3.0,18.0,16.0,7.0,0.0,1.0,3.0,0.0,0.0,4.35,3.42,1.91
SP1,2025-02-22,Las Palmas,Barcelona,1598.54,1910.77,0.0,1.0,9.0,13.0,0.0,2.0,A,0.0,0.0,D,10.0,15.0,2.0,5.0,13.0,4.0,5.0,3.0,1.0,1.0,0.0,0.0,10.33,6.79,1.24
SP1,2025-02-23,Ath Bilbao,Valladolid,1800.75,1545.53,5.0,9.0,0.0,0.0,7.0,1.0,H,4.0,0.0,H,29.0,5.0,16.0,3.0,10.0,5.0,4.0,4.0,2.0,3.0,0.0,1.0,1.16,7.34,18.55
SP1,2025-02-23,Real Madrid,Girona,1960.03,1689.7,2.0,8.0,3.0,3.0,2.0,0.0,H,1.0,0.0,H,22.0,6.0,5.0,2.0,1.0,7.0,11.0,5.0,0.0,2.0,0.0,0.0,1.28,6.26,9.32
SP1,2025-02-23,Getafe,Betis,1671.22,1675.76,7.0,11.0,4.0,7.0,1.0,2.0,A,0.0,1.0,A,10.0,13.0,4.0,6.0,17.0,20.0,2.0,5.0,3.0,0.0,1.0,1.0,2.61,3.06,2.95
SP1,2025-02-23,Sociedad,Leganes,1717.24,1584.78,3.0,3.0,1.0,5.0,3.0,0.0,H,1.0,0.0,H,12.0,8.0,5.0,2.0,13.0,13.0,3.0,3.0,3.0,3.0,0.0,0.0,1.55,3.79,7.03
SP1,2025-02-24,Sevilla,Mallorca,1662.65,1645.38,4.0,8.0,4.0,4.0,1.0,1.0,D,1.0,0.0,H,19.0,13.0,4.0,2.0,11.0,12.0,4.0,4.0,1.0,3.0,0.0,0.0,2.09,3.17,3.93
